region_id,chrom,start,end,center,peak_scale,peak_window_id,peak_score,peak_window_bp,density_anomaly,shape_anomaly,dominant_branch,rep1_peak_score,rep2_peak_score,support_small_count,support_medium_count,support_large_count,support_union_start,support_union_end,member_window_count,tie_key,union_length_bp,cumulative_union_bp,region_rank
MSREG_large_330baf2302459de6,MG1655,1508800,1521600,1515200.0,large,WIN_large_330baf2302459de6,2.1702617153949575,12800,0.14915121419976646,2.1702617153949575,shape,2.1702617153949575,2.1702617153949575,0,0,7,1504000,1526400,7,01655171491b2e821d4f7ea1f307d668207ffa3f66dbef35fa2d5b6d0013079a,12800,12800,1
MSREG_large_bde3213ad05c1a07,MG1655,3881600,3894400,3888000.0,large,WIN_large_bde3213ad05c1a07,2.1702617153949575,12800,2.1702617153949575,0.056318363088120604,density,2.1702617153949575,2.1702617153949575,0,0,7,3876800,3899200,7,01a0b28941489737bea1d777dc1d776d94408549ca8dcf9a983d2c7ea75a259e,12800,25600,2
MSREG_large_f0f19ff6da6d3ace,MG1655,3436800,3449600,3443200.0,large,WIN_large_f0f19ff6da6d3ace,2.1702617153949575,12800,2.1702617153949575,0.024133679716719363,density,2.1702617153949575,2.1702617153949575,0,0,7,3432000,3454400,7,05a7816ef9e5914fe353bb0e939b98f30ac15f3a03aa5d9844da80d38cb8d59a,12800,38400,3
MSREG_large_249d78c6c00fec61,MG1655,4358400,4371200,4364800.0,large,WIN_large_249d78c6c00fec61,2.1702617153949575,12800,2.1702617153949575,0.03039403168970648,density,2.1702617153949575,2.1702617153949575,0,0,7,4353600,4376000,7,0681bf1ffaa347b358b9c9c6cc2743ac76133a7011772e84b77b664ac80a2292,12800,51200,4
MSREG_large_9bb3913524a24d1b,MG1655,1464000,1476800,1470400.0,large,WIN_large_9bb3913524a24d1b,2.1702617153949575,12800,0.02108629653537895,2.1702617153949575,shape,2.1702617153949575,2.1702617153949575,0,0,7,1459200,1481600,7,09486081fd4b0dbdaf6d0056a1c929d7c74c47e16cf257999306c259b85c304b,12800,64000,5
MSREG_large_bf487cbc08ee9668,MG1655,1128000,1140800,1134400.0,large,WIN_large_bf487cbc08ee9668,2.1702617153949575,12800,0.6200764428361759,2.1702617153949575,shape,2.1702617153949575,2.1702617153949575,0,0,7,1123200,1145600,7,0a6feb5cd13b433879691e5391371401b536f6b1f2340b21f7ea296b1a17aecc,12800,76800,6
MSREG_large_c58b89deacfa0fd9,MG1655,3264000,3276800,3270400.0,large,WIN_large_c58b89deacfa0fd9,2.1702617153949575,12800,2.1702617153949575,0.024133679716719363,density,2.1702617153949575,2.1702617153949575,0,0,7,3259200,3281600,7,0bf64bed0a7e9c68eb87115f589908a83bdbeec41fc098cd4d409e13b70e62cf,12800,89600,7
MSREG_large_21bd9f154491bee5,MG1655,4176000,4188800,4182400.0,large,WIN_large_21bd9f154491bee5,2.1702617153949575,12800,2.1702617153949575,0.04156644072630572,density,2.1702617153949575,2.1702617153949575,0,0,7,4171200,4193600,7,0cfaa226c8db61c53961cc2f6364329429f8896bfa0e6d83f099941e3e4ecfee,12800,102400,8
MSREG_large_ab01ca74ba566721,MG1655,3552000,3564800,3558400.0,large,WIN_large_ab01ca74ba566721,2.1702617153949575,12800,2.1702617153949575,0.02104260273957747,density,2.1702617153949575,2.1702617153949575,0,0,7,3547200,3569600,7,0dbe57842c9fe2d61cd76812ecc10f59b767d40574af10db63d91455b91b3a19,12800,115200,9
MSREG_large_2b366d9081476458,MG1655,2390400,2403200,2396800.0,large,WIN_large_2b366d9081476458,2.1702617153949575,12800,2.1702617153949575,0.22111857610039592,density,2.1702617153949575,2.1702617153949575,0,0,7,2385600,2408000,7,0ee70679ea32f553ed5326bf8e76304b07b69b28f1cd6586fb60c36de47c774b,12800,128000,10
MSREG_large_840c9773180d910c,MG1655,1619200,1632000,1625600.0,large,WIN_large_840c9773180d910c,2.1702617153949575,12800,0.13285349507237004,2.1702617153949575,shape,2.1702617153949575,2.1702617153949575,0,0,7,1614400,1636800,7,19e03f2b1c352601f495204b465c64ff3d9898af2fa0956afb24b7b02ab78c35,12800,140800,11
MSREG_large_842977f30b0266d9,MG1655,4366400,4379200,4372800.0,large,WIN_large_842977f30b0266d9,2.1702617153949575,12800,2.1702617153949575,0.051339101964150334,density,2.1702617153949575,2.1702617153949575,0,0,5,4364800,4384000,5,1b5f2694a4569082e56283ffaaf1eb42adb54e52c0137ea994c9fc367f4c1d2c,12800,148800,12
MSREG_large_5cd037b837f4596b,MG1655,2398400,2411200,2404800.0,large,WIN_large_5cd037b837f4596b,2.1702617153949575,12800,2.1702617153949575,0.025690297428790844,density,2.1702617153949575,2.1702617153949575,0,0,5,2396800,2416000,5,1c19c6da601d215497684c36d1c8c0bd3c12426be6f881d4bd83689bbd502c0d,12800,156800,13
MSREG_large_a656ef91c04deb84,MG1655,1427200,1440000,1433600.0,large,WIN_large_a656ef91c04deb84,2.1702617153949575,12800,0.014968157949779987,2.1702617153949575,shape,2.1702617153949575,2.1702617153949575,0,0,7,1422400,1444800,7,2195964f4f9eb1a68b6a0f1a3e662576da5aa0db2ff1f2541699bb00f174f27c,12800,169600,14
MSREG_large_3bdc678e9b14895d,MG1655,1296000,1308800,1302400.0,large,WIN_large_3bdc678e9b14895d,2.1702617153949575,12800,2.1702617153949575,0.03198486108280109,density,2.1702617153949575,2.1702617153949575,0,0,7,1291200,1313600,7,2565b42564e461e7a6a3b965088fee9ecd88b475339bf6f5d052eb0b2d77da32,12800,182400,15
MSREG_large_885e9d91c306478a,MG1655,97600,110400,104000.0,large,WIN_large_885e9d91c306478a,2.1702617153949575,12800,2.1702617153949575,0.14295518811651353,density,2.1702617153949575,2.1702617153949575,0,0,7,92800,115200,7,2b162d372efb0deae802f89b3d434dda3832faf75ce8ed6f96a8e2445882b504,12800,195200,16
MSREG_large_70e734eccd7094f2,MG1655,262400,275200,268800.0,large,WIN_large_70e734eccd7094f2,2.1702617153949575,12800,0.02724691514086233,2.1702617153949575,shape,2.1702617153949575,2.1702617153949575,0,0,7,257600,280000,7,30dee7fb4684bba480fdccfb96fa0112317cf2f1a48f090fee069c3e7aeabdb3,12800,208000,17
MSREG_large_70923faa5763d747,MG1655,4236800,4249600,4243200.0,large,WIN_large_70923faa5763d747,2.1702617153949575,12800,2.1702617153949575,0.02104260273957747,density,2.1702617153949575,2.1702617153949575,0,0,7,4232000,4254400,7,31ccc79000a911635917848364d48bfd344e9f365d67dc1120569c81ef7e7da6,12800,220800,18
MSREG_large_3fd559d63b7727aa,MG1655,4462400,4475200,4468800.0,large,WIN_large_3fd559d63b7727aa,2.1702617153949575,12800,2.1702617153949575,0.024133679716719363,density,2.1702617153949575,2.1702617153949575,0,0,7,4457600,4480000,7,3485b8b8a9cf7a5e5976f2359df966eeb3390bcc57c894a67588698cf9e0ddd1,12800,233600,19
MSREG_large_30adab270e4a6cbb,MG1655,409600,422400,416000.0,large,WIN_large_30adab270e4a6cbb,2.1702617153949575,12800,0.1348365886811707,2.1702617153949575,shape,2.1702617153949575,2.1702617153949575,0,0,7,404800,427200,7,39c5b607b4ab879bd3bad8dc7ae57032418cba82f0a74f9156510ad93151bf3d,12800,246400,20
MSREG_large_0e8b7725003fd1bd,MG1655,3270400,3283200,3276800.0,large,WIN_large_0e8b7725003fd1bd,2.1702617153949575,12800,2.1702617153949575,0.02104260273957747,density,2.1702617153949575,2.1702617153949575,0,0,4,3270400,3288000,4,3a5eda6e27983bc67bac4ac4b4543374fc551ec009beabf2a02720e21d757956,12800,252800,21
MSREG_large_275b6c987c11dfd1,MG1655,4136000,4148800,4142400.0,large,WIN_large_275b6c987c11dfd1,2.1702617153949575,12800,0.12888697703131685,2.1702617153949575,shape,2.1702617153949575,2.1702617153949575,0,0,7,4131200,4153600,7,3ff2c084f357e62cafcf788c9b0c75df0a89005c280da8bd1de4cda4fb0f2a00,12800,265600,22
MSREG_large_fb2374e25563edc4,MG1655,2238400,2251200,2244800.0,large,WIN_large_fb2374e25563edc4,2.1702617153949575,12800,0.1702617153949574,2.1702617153949575,shape,2.1702617153949575,2.1702617153949575,0,0,7,2233600,2256000,7,44446b0cd01343430fbb2ab0211326e826d1991a4d6bece98ca551ec60fc7466,12800,278400,23
MSREG_large_b12fe68bd5129184,MG1655,4558400,4571200,4564800.0,large,WIN_large_b12fe68bd5129184,2.1702617153949575,12800,0.12493873660829995,2.1702617153949575,shape,2.1702617153949575,2.1702617153949575,0,0,7,4553600,4576000,7,498b83f7c777a7b7ab7aeb703a35e7c4e5fbf65f911d20650704ee20fabc8d00,12800,291200,24
MSREG_large_8a051bad7e65da5d,MG1655,2001600,2014400,2008000.0,large,WIN_large_8a051bad7e65da5d,2.1702617153949575,12800,0.19715843847356596,2.1702617153949575,shape,2.1702617153949575,2.1702617153949575,0,0,7,1996800,2019200,7,4d3d991d0e7ea30e5d6ae7126d9543f9fbe44d97bd63fdd82229d1712bd6e700,12800,304000,25
MSREG_large_b4063b0279aec48f,MG1655,3048000,3060800,3054400.0,large,WIN_large_b4063b0279aec48f,2.1702617153949575,12800,2.1702617153949575,0.063051745747089,density,2.1702617153949575,2.1702617153949575,0,0,7,3043200,3065600,7,51f256b47496449237693b5d05e85f33dca22f79daea0474f79f7e7896c2a623,12800,316800,26
MSREG_large_19639d02a0421e81,MG1655,788800,801600,795200.0,large,WIN_large_19639d02a0421e81,2.1702617153949575,12800,0.1902642962307493,2.1702617153949575,shape,2.1702617153949575,2.1702617153949575,0,0,7,784000,806400,7,5e1bfd36963f149d2af2685c28071bc3ef7f4eb3ed3501e79486e734dde66ac0,12800,329600,27
MSREG_large_3bc1cf6ce996ba94,MG1655,1628800,1641600,1635200.0,large,WIN_large_3bc1cf6ce996ba94,2.1702617153949575,12800,0.03682849478436696,2.1702617153949575,shape,2.1702617153949575,2.1702617153949575,0,0,6,1625600,1646400,6,637d0eb2b60d5833156bb4beb83686cb9330bf2a7375785b40b7ad0fd1d522da,12800,339200,28
MSREG_large_f5299ead993b981c,MG1655,1832000,1844800,1838400.0,large,WIN_large_f5299ead993b981c,2.1702617153949575,12800,0.10580372616803892,2.1702617153949575,shape,2.1702617153949575,2.1702617153949575,0,0,7,1827200,1849600,7,689c12022a3f74c8428c862af409588aff29b5ecb39a1282f27635638b3fc03e,12800,352000,29
MSREG_large_e9ff7aaf7c143cbe,MG1655,4129600,4142400,4136000.0,large,WIN_large_e9ff7aaf7c143cbe,2.1702617153949575,12800,0.1388579488088777,2.1702617153949575,shape,2.1702617153949575,2.1702617153949575,0,0,4,4124800,4142400,4,6d36c088127ba864662fb3a5e6d011341ceffbbff4ff56bde21bb54fc2b58ec4,12800,358400,30
MSREG_large_d76ddd1dc0a9685a,MG1655,2075200,2088000,2081600.0,large,WIN_large_d76ddd1dc0a9685a,2.1702617153949575,12800,0.16596162951399862,2.1702617153949575,shape,2.1702617153949575,2.1702617153949575,0,0,7,2070400,2092800,7,74c3dc910191debb653a89d8c62a5e8a1b51a96a9e81ea55a442263119d9153f,12800,371200,31
MSREG_large_882912fac3775481,MG1655,1289600,1302400,1296000.0,large,WIN_large_882912fac3775481,2.1702617153949575,12800,2.1702617153949575,0.024133679716719363,density,2.1702617153949575,2.1702617153949575,0,0,4,1284800,1302400,4,75ff73acd5fa1d6275f9e35e47b8a084711f65eadc6c514b6a46c7171ddb5222,12800,377600,32
MSREG_large_99e8b324fa03bd7e,MG1655,3912000,3924800,3918400.0,large,WIN_large_99e8b324fa03bd7e,2.1702617153949575,12800,2.1702617153949575,0.19314046067529494,density,2.1702617153949575,2.1702617153949575,0,0,7,3907200,3929600,7,7ad5c55b48dd825561cd52af4b403de7f8d7101a62948904d247e0fddfaeef36,12800,390400,33
MSREG_large_1d055c4c3fe496b9,MG1655,4454400,4467200,4460800.0,large,WIN_large_1d055c4c3fe496b9,2.1702617153949575,12800,2.1702617153949575,0.024133679716719363,density,2.1702617153949575,2.1702617153949575,0,0,5,4449600,4468800,5,82e5a3ea23d22070080284bfbcfad01b2c48cab30c3850a41a31cab6230c9021,12800,398400,34
MSREG_large_4650d86b71dba15a,MG1655,3542400,3555200,3548800.0,large,WIN_large_4650d86b71dba15a,2.1702617153949575,12800,2.1702617153949575,0.02104260273957747,density,2.1702617153949575,2.1702617153949575,0,0,6,3537600,3558400,6,8351489a18e670a3f65020ab01484fac362175c9def091bae8ee005e739ab0a7,12800,408000,35
MSREG_large_6903841199ca5f52,MG1655,2336000,2348800,2342400.0,large,WIN_large_6903841199ca5f52,2.1702617153949575,12800,0.1595430171614125,2.1702617153949575,shape,2.1702617153949575,2.1702617153949575,0,0,7,2331200,2353600,7,8c1959cc9e28551220ecd00016abb031971dfc56ded6f736c02d665508a84298,12800,420800,36
MSREG_large_d5a50e2668b76589,MG1655,1502400,1515200,1508800.0,large,WIN_large_d5a50e2668b76589,2.1702617153949575,12800,0.16166154363303986,2.1702617153949575,shape,2.1702617153949575,2.1702617153949575,0,0,4,1497600,1515200,4,9049731e14cd1f5ce80ec75025dd57f6aa12b5308b39bbade4cb1c27103c4619,12800,427200,37
MSREG_large_970c16aa8f5f1d82,MG1655,2024000,2036800,2030400.0,large,WIN_large_970c16aa8f5f1d82,2.1702617153949575,12800,0.1388579488088777,2.1702617153949575,shape,2.1702617153949575,2.1702617153949575,0,0,7,2019200,2041600,7,90f0d185fc2f18683d0daa1ec7c4755456051002dbcd698ffeb899ad10dd13b6,12800,440000,38
MSREG_large_46678b7ab01f3ca4,MG1655,1140800,1153600,1147200.0,large,WIN_large_46678b7ab01f3ca4,2.1702617153949575,12800,2.1702617153949575,0.1348365886811707,density,2.1702617153949575,2.1702617153949575,0,0,7,1136000,1158400,7,98054787bd5b6cec61bf12a833509eec293de3310d23e80a9c9b2e49789e3bfd,12800,452800,39
MSREG_large_bf81d1a9d467edd1,MG1655,2524800,2537600,2531200.0,large,WIN_large_bf81d1a9d467edd1,2.1702617153949575,12800,2.1702617153949575,0.024133679716719363,density,2.1702617153949575,2.1702617153949575,0,0,7,2520000,2542400,7,9913486ea5ce65e3903c702efc5cecc846d40e5475263581d7d2a4b05609195a,12800,465600,40
MSREG_large_384aff36fc256ce4,MG1655,1147200,1160000,1153600.0,large,WIN_large_384aff36fc256ce4,2.1702617153949575,12800,2.1702617153949575,0.05799518409191452,density,2.1702617153949575,2.1702617153949575,0,0,4,1147200,1164800,4,9a1a7aa8271fa5493952426bd39a0cc3cd26c314e887f9dcbb8f3fa442bb6b70,12800,472000,41
MSREG_large_9c9dc11f6674bcdb,MG1655,3888000,3900800,3894400.0,large,WIN_large_9c9dc11f6674bcdb,2.1702617153949575,12800,2.1702617153949575,0.03832537696234556,density,2.1702617153949575,2.1702617153949575,0,0,4,3888000,3905600,4,9c1e60a34deb7a76a9f604c3a2f3bf38fa1bfb8814ff11f3688980bc52b3c61d,12800,478400,42
MSREG_large_0b87030738b99222,MG1655,731200,744000,737600.0,large,WIN_large_0b87030738b99222,2.1702617153949575,12800,0.02724691514086233,2.1702617153949575,shape,2.1702617153949575,2.1702617153949575,0,0,7,726400,748800,7,afe37b3c379104af78cb0e96f8ef6d2d5d1b0465fa7b6c9cc56729e75122fe91,12800,491200,43
MSREG_large_999d42a67c45880b,MG1655,3040000,3052800,3046400.0,large,WIN_large_999d42a67c45880b,2.1702617153949575,12800,2.1702617153949575,0.08957771427746994,density,2.1702617153949575,2.1702617153949575,0,0,5,3035200,3054400,5,bad0c345a9494483f098c3e05771ead217c40f1997cf4d5017e9e56a524f8bb7,12800,499200,44
MSREG_large_03b53c69edd19690,MG1655,4243200,4256000,4249600.0,large,WIN_large_03b53c69edd19690,2.1702617153949575,12800,2.1702617153949575,0.022588141228148416,density,2.1702617153949575,2.1702617153949575,0,0,4,4243200,4260800,4,bf5ecad6729907a19b75136e263db3d61785aa3b581cb685b6867378f2f1b708,12800,505600,45
MSREG_large_467f40b0697e02c5,MG1655,1401600,1414400,1408000.0,large,WIN_large_467f40b0697e02c5,2.1702617153949575,12800,0.07517993957960484,2.1702617153949575,shape,2.1702617153949575,2.1702617153949575,0,0,7,1396800,1419200,7,c498d124015a1c72feb3942459206f3e28c3439440d32d17537517ae82f6eace,12800,518400,46
MSREG_large_2eb7b9fd30f34e19,MG1655,969600,982400,976000.0,large,WIN_large_2eb7b9fd30f34e19,2.1702617153949575,12800,0.4107416960707851,2.1702617153949575,shape,2.1702617153949575,2.1702617153949575,0,0,7,964800,987200,7,e4f0125fdc2bb2ba4ed648e4a3b4b16a722a4a69fb22804cf25bcf3c0e044ec5,12800,531200,47
MSREG_large_ba6ad105005ad321,MG1655,1113600,1126400,1120000.0,large,WIN_large_ba6ad105005ad321,2.1702617153949575,12800,0.2160192059556325,2.1702617153949575,shape,2.1702617153949575,2.1702617153949575,0,0,7,1108800,1131200,7,f498174047d1edffaf15b9b83ac00c07257b52663fdbbc0c667348fae8ebaa99,12800,544000,48
MSREG_large_4fbcbbcd14482e07,MG1655,2974400,2987200,2980800.0,large,WIN_large_4fbcbbcd14482e07,2.1702617153949575,12800,0.09473008871808228,2.1702617153949575,shape,2.1702617153949575,2.1702617153949575,0,0,7,2969600,2992000,7,f50f164aed11b546c8d092fa91b2113b874d490ca67e2c9ce87e034980705725,12800,556800,49
MSREG_large_054b79e2e0e60523,MG1655,3838400,3851200,3844800.0,large,WIN_large_054b79e2e0e60523,2.1702617153949575,12800,0.17905825096306,2.1702617153949575,shape,2.1702617153949575,2.1702617153949575,0,0,7,3833600,3856000,7,f57ea5954ac9383530cb9a46cb978c54efe9688986f8c4dc6353781efa758c87,12800,569600,50
MSREG_large_8b40fa903f6ae70c,MG1655,768000,780800,774400.0,large,WIN_large_8b40fa903f6ae70c,2.019746717562967,12800,2.019746717562967,0.025690297428790844,density,2.1702617153949575,1.8692317197309762,0,0,7,763200,785600,7,01320d1e810717eda62286c7adb3a26053b70825e16c783d34ed206ce2167030,12800,582400,51
MSREG_large_e33d2a2816df80a1,MG1655,3092800,3105600,3099200.0,large,WIN_large_e33d2a2816df80a1,1.9317010880351262,12800,0.17244411809618243,1.9317010880351262,shape,2.1702617153949575,1.693140460675295,0,0,7,3088000,3110400,7,0f183e948e3ddf4270b9f937f32a876ab8ae0ebcb6cbde3a61ae2c0160dcceca,12800,595200,52
MSREG_large_91b747360b11f681,MG1655,832000,844800,838400.0,large,WIN_large_91b747360b11f681,1.9317010880351262,12800,0.09473008871808228,1.9317010880351262,shape,2.1702617153949575,1.693140460675295,0,0,7,827200,849600,7,215feeb95561593e271435c8f9eb9ab9b4fc86aeb68cfae8278c4e4a716bf86b,12800,608000,53
MSREG_large_e6966d4324c24b7c,MG1655,3761600,3774400,3768000.0,large,WIN_large_e6966d4324c24b7c,1.9317010880351262,12800,0.1270106159097727,1.9317010880351262,shape,1.693140460675295,2.1702617153949575,0,0,7,3756800,3779200,7,3013cac01a50e7259eca789b26f7ecfbef1471a87e702898fd6896714fe5273d,12800,620800,54
MSREG_large_b9077dcda2c0f4d9,MG1655,3744000,3756800,3750400.0,large,WIN_large_b9077dcda2c0f4d9,1.9317010880351262,12800,0.16596162951399862,1.9317010880351262,shape,1.693140460675295,2.1702617153949575,0,0,7,3739200,3761600,7,3ad9f1777f11a93c4897c1a4806967960e9056a11dbee0ed4191b060f0d9a873,12800,633600,55
MSREG_large_349f5a3dd7192e00,MG1655,1758400,1771200,1764800.0,large,WIN_large_349f5a3dd7192e00,1.9317010880351262,12800,0.1348365886811707,1.9317010880351262,shape,1.693140460675295,2.1702617153949575,0,0,7,1753600,1776000,7,5525e46f37cc551911e5a883c4a56399ab8fa1ebe9d655eca5ad93732213dd3a,12800,646400,56
MSREG_large_5df49e88674c6360,MG1655,2246400,2259200,2252800.0,large,WIN_large_5df49e88674c6360,1.9317010880351262,12800,0.1368379599080077,1.9317010880351262,shape,1.693140460675295,2.1702617153949575,0,0,5,2244800,2264000,5,7ff1410d8993110a2724724deae0eb2fd8288dd52e9d2b171a01b16212b61066,12800,654400,57
MSREG_large_4f37ad10f8e6adc7,MG1655,3086400,3099200,3092800.0,large,WIN_large_4f37ad10f8e6adc7,1.9317010880351262,12800,0.176831080249935,1.9317010880351262,shape,1.693140460675295,2.1702617153949575,0,0,4,3081600,3099200,4,8c28756f169d2c3ddefaec7bdc2498443153e7599e8ed496c4f65d0316338b43,12800,660800,58
MSREG_large_660f52497dcc31c3,MG1655,862400,875200,868800.0,large,WIN_large_660f52497dcc31c3,1.9317010880351262,12800,0.14909211311318207,1.9317010880351262,shape,1.693140460675295,2.1702617153949575,0,0,7,857600,880000,7,a0e1b89bd4c72810eab7dcc25f82e493feae3967fdfc8e67aa75d5264707ff34,12800,673600,59
MSREG_large_6bec4271a896e278,MG1655,1097600,1110400,1104000.0,large,WIN_large_6bec4271a896e278,1.9317010880351262,12800,0.19715843847356596,1.9317010880351262,shape,1.693140460675295,2.1702617153949575,0,0,7,1092800,1115200,7,a70181819ce41c375a13649c18e0b3cdea7a05ad534c46adacbddfca958287d1,12800,686400,60
MSREG_large_f7b82045d2d81ef7,MG1655,2217600,2230400,2224000.0,large,WIN_large_f7b82045d2d81ef7,1.9317010880351262,12800,0.1348365886811707,1.9317010880351262,shape,1.693140460675295,2.1702617153949575,0,0,7,2212800,2235200,7,c146b30e3553a01e7e7f1ef0073139cb17e1c8190bdf8a241e65bf8c69ee983f,12800,699200,61
MSREG_large_c841891ede68b4f3,MG1655,1236800,1249600,1243200.0,large,WIN_large_c841891ede68b4f3,1.9317010880351262,12800,0.22577904324478873,1.9317010880351262,shape,2.1702617153949575,1.693140460675295,0,0,7,1232000,1254400,7,cd923b7106687da9466c1936bac52bc242c25b91e075e6204b185919e768ee56,12800,712000,62
MSREG_large_8f32c8affeab8647,MG1655,209600,222400,216000.0,large,WIN_large_8f32c8affeab8647,1.9317010880351262,12800,0.176831080249935,1.9317010880351262,shape,2.1702617153949575,1.693140460675295,0,0,7,204800,227200,7,de145be0e5a91fef113e585c98a3cacc55ac6cce57f1bf8c3d389855b1e049ba,12800,724800,63
MSREG_large_fd12cfbcc3ddf652,MG1655,3430400,3443200,3436800.0,large,WIN_large_fd12cfbcc3ddf652,1.8692317197309762,12800,1.8692317197309762,0.056318363088120604,density,1.8692317197309762,1.8692317197309762,0,0,4,3425600,3443200,4,1b092f8c2212c8f062a3a682ba2fe2a0272a648e1ef8c10aed6ad801fd60de74,12800,731200,64
MSREG_large_a2ed62c0de764f3e,MG1655,4016000,4028800,4022400.0,large,WIN_large_a2ed62c0de764f3e,1.8692317197309762,12800,1.8692317197309762,0.20200484415551073,density,1.8692317197309762,1.8692317197309762,0,0,7,4011200,4033600,7,4839b5dc846d4e3f16ef1b9ba5269f7c19c79a81c2de55751edfb655fcd84b2e,12800,744000,65
MSREG_large_2ee3774b1494295b,MG1655,1684800,1697600,1691200.0,large,WIN_large_2ee3774b1494295b,1.8692317197309762,12800,0.1533086968816135,1.8692317197309762,shape,1.568201724066995,2.1702617153949575,0,0,7,1680000,1702400,7,48b6e2b95c6e8b205f308b4f09e4dd17d95f4710bb6dde7583f8e4149400e891,12800,756800,66
MSREG_large_0af56c50100a3c93,MG1655,3342400,3355200,3348800.0,large,WIN_large_0af56c50100a3c93,1.8692317197309762,12800,1.8692317197309762,0.2136727983997234,density,1.8692317197309762,1.8692317197309762,0,0,7,3337600,3360000,7,f66112c1eea100f4bca7f0dfc902f89ae96fe4bee8b9f90f0481653bda22ce28,12800,769600,67
MSREG_large_88e37d1fe8754a7c,MG1655,1881600,1894400,1888000.0,large,WIN_large_88e37d1fe8754a7c,1.8692317197309762,12800,0.12493873660829995,1.8692317197309762,shape,2.1702617153949575,1.568201724066995,0,0,7,1876800,1899200,7,fcc66814fc41e144a65f6949f4648996a011e25b219a2925d66070e36a92548c,12800,782400,68
MSREG_large_d912fa7cd6d1d8d7,MG1655,118400,131200,124800.0,large,WIN_large_d912fa7cd6d1d8d7,1.8207767132269481,12800,1.8207767132269481,0.07189735408331396,density,2.1702617153949575,1.4712917110589385,0,0,7,113600,136000,7,3656e886fb489ef112b8352989d6fa6f4157cdcc66ae1e6422987b3703b749b8,12800,795200,69
MSREG_large_e3e61cde604d2c99,MG1655,3409600,3422400,3416000.0,large,WIN_large_e3e61cde604d2c99,1.8207767132269481,12800,0.12500924468293573,1.8207767132269481,shape,1.4712917110589385,2.1702617153949575,0,0,7,3404800,3427200,7,ceee3f5919f089a3e7f97c4c30bcf69a23183707ffc88d1fa78e54e1b8a5a3c6,12800,808000,70
MSREG_large_1765a42f8dd1e028,MG1655,880000,892800,886400.0,large,WIN_large_1765a42f8dd1e028,1.7811860902031356,12800,0.18808475074886066,1.7811860902031356,shape,1.3921104650113136,2.1702617153949575,0,0,7,875200,897600,7,0611015874ab2d3fe4012db385bd29e892c549e316cf6295c994f379fdc40087,12800,820800,71
MSREG_large_6aff5827c4204a95,MG1655,4606400,4619200,4612800.0,large,WIN_large_6aff5827c4204a95,1.7811860902031356,12800,0.1368379599080077,1.7811860902031356,shape,1.3921104650113136,2.1702617153949575,0,0,7,4601600,4624000,7,69d9fd31180e0bbb41c4e24bacca609bf5e6a638711979da53417a0e80ae1644,12800,833600,72
MSREG_large_142419c0cd6560f5,MG1655,1611200,1624000,1617600.0,large,WIN_large_142419c0cd6560f5,1.7811860902031356,12800,0.05799518409191452,1.7811860902031356,shape,1.3921104650113136,2.1702617153949575,0,0,5,1606400,1625600,5,933464017d5ba5db06b10d3be354eb00c1c69c103513367f1f74d0addcd40adb,12800,841600,73
MSREG_large_ca0e74bbf8ad6483,MG1655,3443200,3456000,3449600.0,large,WIN_large_ca0e74bbf8ad6483,1.7811860902031356,12800,1.7811860902031356,0.05136421875799609,density,1.8692317197309762,1.693140460675295,0,0,4,3443200,3460800,4,bd92e07776354e6ee91b3c1ada9637e4aaae1fc4c754185d3ebf5e2b8b8018de,12800,848000,74
MSREG_large_4e0b3b0eef0578d6,MG1655,3393600,3406400,3400000.0,large,WIN_large_4e0b3b0eef0578d6,1.7187167218989856,12800,0.45863877842655343,1.7187167218989856,shape,1.8692317197309762,1.568201724066995,0,0,7,3388800,3411200,7,911396ba1b974635a834763b4959e00204f5999be1811a76050f89581f4f142d,12800,860800,75
MSREG_large_90ea040468604a09,MG1655,3499200,3512000,3505600.0,large,WIN_large_90ea040468604a09,1.693140460675295,12800,0.1348365886811707,1.693140460675295,shape,1.693140460675295,1.693140460675295,0,0,7,3494400,3516800,7,42d29e8ac38582676cdda95f3fb7b801e9c5016241f5b2ab7d817f18a00edef2,12800,873600,76
MSREG_large_4801f24b32ecfa12,MG1655,1315200,1328000,1321600.0,large,WIN_large_4801f24b32ecfa12,1.693140460675295,12800,0.13085212384553307,1.693140460675295,shape,1.2160192059556325,2.1702617153949575,0,0,7,1310400,1332800,7,abed3b756d70008e7af60fb8f9f64395300a4905977aa9e12d898022e9f1c885,12800,886400,77
MSREG_large_ca4a23657eb2f01e,MG1655,488000,500800,494400.0,large,WIN_large_ca4a23657eb2f01e,1.693140460675295,12800,0.20417709243456128,1.693140460675295,shape,2.1702617153949575,1.2160192059556325,0,0,7,483200,505600,7,ad6d52cfa4a1a5b0fe827370021d9645987c911e01bd6a9a180cf21df47b25e0,12800,899200,78
MSREG_large_f80bd2a5cab5ad62,MG1655,38400,51200,44800.0,large,WIN_large_f80bd2a5cab5ad62,1.6702617153949575,12800,0.06136187542139872,1.6702617153949575,shape,1.1702617153949573,2.1702617153949575,0,0,7,33600,56000,7,342b64464ccab8c94136e4909415e372eb656e697a8bd072d00db97ae4f9828f,12800,912000,79
MSREG_large_7316abf8259c674b,MG1655,761600,774400,768000.0,large,WIN_large_7316abf8259c674b,1.6702617153949575,12800,1.6702617153949575,0.03039403168970648,density,1.4712917110589385,1.8692317197309762,0,0,4,756800,774400,4,9c035fe6d59eb5a9fc7e634dac77338e47d4719348e96ad7cdb3ca6386add8bf,12800,918400,80
MSREG_large_9abef0aed6a73c31,MG1655,3216000,3228800,3222400.0,large,WIN_large_9abef0aed6a73c31,1.6702617153949575,12800,0.07162143633214774,1.6702617153949575,shape,1.1702617153949573,2.1702617153949575,0,0,7,3211200,3233600,7,e8a5ca2b5d77e3c9d7519d64411257f7aa5b12985151c75ed196a613cbced171,12800,931200,81
MSREG_large_31ff0a4fb8c8dbe4,MG1655,3321600,3334400,3328000.0,large,WIN_large_31ff0a4fb8c8dbe4,1.6702617153949575,12800,1.6702617153949575,0.06645799443900052,density,1.8692317197309762,1.4712917110589385,0,0,7,3316800,3339200,7,fa87de7158fb9a142947c911e639cb2186d94c810fb4227f4cf2645e14fba7b3,12800,944000,82
MSREG_large_39bff1ceb9edabc2,MG1655,2916800,2929600,2923200.0,large,WIN_large_39bff1ceb9edabc2,1.630671092371145,12800,1.630671092371145,0.11577635695521718,density,1.3921104650113136,1.8692317197309762,0,0,7,2912000,2934400,7,40958d9c10a50d67d138c1fbb64006539db9752198730cdeb56d8450fac8a76f,12800,956800,83
MSREG_large_288f242ef1f4ecc2,MG1655,3281600,3294400,3288000.0,large,WIN_large_288f242ef1f4ecc2,1.5971976975558384,12800,0.19253811010610963,1.5971976975558384,shape,2.1702617153949575,1.0241336797167193,0,0,7,3276800,3299200,7,726820c6fde9904832687a14712939c9b231de8f2f06ab814cbe2794c489d19c,12800,968000,84
MSREG_large_6dcb88d38a185c7d,MG1655,4520000,4532800,4526400.0,large,WIN_large_6dcb88d38a185c7d,1.5971976975558384,12800,0.15556982655235257,1.5971976975558384,shape,2.1702617153949575,1.0241336797167193,0,0,7,4515200,4537600,7,cb33bacd5f735334fe9eceb22e7cbcfb36e227b5b251841b4046e45cc8ebe30f,12800,980800,85
MSREG_large_5811fdbe28f125dc,MG1655,72000,84800,78400.0,large,WIN_large_5811fdbe28f125dc,1.5971976975558384,12800,0.08568911489935824,1.5971976975558384,shape,1.0241336797167193,2.1702617153949575,0,0,7,67200,89600,7,da84be04cb6970bf00de84f16bfb0b689c52a7cd970458be5e3a1b32d3e9dbab,12800,993600,86
MSREG_large_465cc09c96d6ff6a,MG1655,782400,795200,788800.0,large,WIN_large_465cc09c96d6ff6a,1.5822160858671168,12800,0.2838076179093215,1.5822160858671168,shape,1.693140460675295,1.4712917110589385,0,0,4,777600,795200,4,1be34986972a07a5411213e52afd664ea026ab5b3cdb13545f0df144bfbb1bc0,12800,1000000,87
MSREG_large_b532634bc73b6bdd,MG1655,825600,838400,832000.0,large,WIN_large_b532634bc73b6bdd,1.5822160858671168,12800,0.20889898639832738,1.5822160858671168,shape,1.693140460675295,1.4712917110589385,0,0,4,820800,838400,4,35fae9c65b87c8a6e1b1db5358b6d858e115cd764d839cc4a9a370f702afbcb7,12800,1006400,88
MSREG_large_a8f8e98196078a73,MG1655,3456000,3468800,3462400.0,large,WIN_large_a8f8e98196078a73,1.568201724066995,12800,0.08215818765561482,1.568201724066995,shape,1.2671717284030137,1.8692317197309762,0,0,7,3451200,3473600,7,3c47382b9aae1fde470fdae10a29ce4cffe795d6417aba473958e3b9376b4be3,12800,1019200,89
MSREG_large_3aac8bec5b9b34a7,MG1655,4281600,4294400,4288000.0,large,WIN_large_3aac8bec5b9b34a7,1.568201724066995,12800,0.09477609936365153,1.568201724066995,shape,0.9661417327390326,2.1702617153949575,0,0,7,4276800,4299200,7,cbee07a82704b01542eb5e1d64c627555f0df7f472aa9ee903bf3bbe47270e92,12800,1032000,90
MSREG_large_e8d0c3dc28e97fa3,MG1655,2616000,2628800,2622400.0,large,WIN_large_e8d0c3dc28e97fa3,1.5426254628433043,12800,0.1995059990777559,1.5426254628433043,shape,2.1702617153949575,0.9149892102916513,0,0,7,2611200,2633600,7,fce0822aa9c153e4e01db280ac881a956b65636302f8b6eff400e2f692687dd8,12800,1044800,91
MSREG_large_18be99f9aee56efa,MG1655,465600,478400,472000.0,large,WIN_large_18be99f9aee56efa,1.5091520680279977,12800,0.18578687490428608,1.5091520680279977,shape,1.3251636753807006,1.693140460675295,0,0,7,460800,483200,7,24a44a323778639737bf5978a37efa41d2adfda974a87757c60ba21956ffed6d,12800,1057600,92
MSREG_large_6ab0be11655b79aa,MG1655,3224000,3236800,3230400.0,large,WIN_large_6ab0be11655b79aa,1.4990503749838542,12800,0.063051745747089,1.4990503749838542,shape,0.8278390345727511,2.1702617153949575,0,0,5,3222400,3241600,5,90cb6c8a6de99e55160d34cf3343db69e91b68a55c3f6448e9adf004a8bbeb4a,12800,1065600,93
MSREG_large_3ad3a5be063f324b,MG1655,3585600,3598400,3592000.0,large,WIN_large_3ad3a5be063f324b,1.4801560945391543,12800,0.1408969050190974,1.4801560945391543,shape,1.2671717284030137,1.693140460675295,0,0,7,3580800,3603200,7,a15da40564294384c5f6af571be84778c3961e41a4dddb1d949c933230610bf6,12800,1078400,94
MSREG_large_72becf584f1c9f9b,MG1655,2384000,2396800,2390400.0,large,WIN_large_72becf584f1c9f9b,1.4801560945391543,12800,1.4801560945391543,0.025690297428790844,density,1.568201724066995,1.3921104650113136,0,0,4,2379200,2396800,4,f8ac31ad93a9afc0e6d0c9ad0d554b3cba147c1331f70cb36faf459ce7a2d313,12800,1084800,95
MSREG_large_59724aedb0158afb,MG1655,4395200,4408000,4401600.0,large,WIN_large_59724aedb0158afb,1.4712917110589385,12800,1.4712917110589385,0.16810102850363612,density,1.4712917110589385,1.4712917110589385,0,0,7,4390400,4412800,7,2017263569ee1b1fdc5e4b3766f570064d781305ace4246042b2fea6a9331cbe,12800,1097600,96
MSREG_large_7fdffc653cfffe11,MG1655,3985600,3998400,3992000.0,large,WIN_large_7fdffc653cfffe11,1.4712917110589385,12800,1.4712917110589385,0.2314608755303214,density,1.4712917110589385,1.4712917110589385,0,0,7,3980800,4003200,7,557e2bec1ebcbe2d3e15595600265908192ac82ef8482435fb2e64ae5b11e017,12800,1110400,97
MSREG_large_38733b78f60426f8,MG1655,88000,100800,94400.0,large,WIN_large_38733b78f60426f8,1.4712917110589385,12800,1.4712917110589385,0.176875848261835,density,1.4712917110589385,1.4712917110589385,0,0,6,83200,104000,6,e2eb00f0fc095399a10dd99c3426acbf1e98ede09debb79f8ff9d3b1a39be641,12800,1120000,98
MSREG_large_7a3d50c8c4e74980,MG1655,4590400,4603200,4596800.0,large,WIN_large_7a3d50c8c4e74980,1.4545798333154636,12800,0.20417709243456128,1.4545798333154636,shape,1.693140460675295,1.2160192059556325,0,0,7,4585600,4608000,7,fec700c532923ff34cd20e5f9840c4e4e12c990f16ceadcbcdaa10b068ec4b64,12800,1132800,99
MSREG_large_fe2d1b35b80d270b,MG1655,3307200,3320000,3313600.0,large,WIN_large_fe2d1b35b80d270b,1.4317010880351262,12800,1.4317010880351262,0.06475487009304476,density,1.3921104650113136,1.4712917110589385,0,0,7,3302400,3324800,7,5891e57ba991d9d3dc0bc3050262086d4b608ef0e0333aa755eb64a4634d0d17,12800,1145600,100
MSREG_large_c8942889e3ffa0fd,MG1655,192000,204800,198400.0,large,WIN_large_c8942889e3ffa0fd,1.4317010880351262,12800,1.4317010880351262,0.2953549227484885,density,1.4712917110589385,1.3921104650113136,0,0,7,187200,209600,7,fe1a72e210729d18da9bfb96416af0833b54573aff1a64b6523261597aa3d518,12800,1158400,101
MSREG_large_b3fdbaa469d7b4a5,MG1655,1961600,1974400,1968000.0,large,WIN_large_b3fdbaa469d7b4a5,1.4176867262350044,12800,0.1533086968816135,1.4176867262350044,shape,1.2671717284030137,1.568201724066995,0,0,7,1956800,1979200,7,1c48440aacd25adb185446f8e4a7ce9cb966d76dde0a93774c9a0f02099a2cc2,12800,1171200,102
MSREG_large_285da74e492abc2a,MG1655,4249600,4262400,4256000.0,large,WIN_large_285da74e492abc2a,1.3982276932198197,12800,1.3982276932198197,0.17464867754870997,density,1.4712917110589385,1.3251636753807006,0,0,4,4249600,4267200,4,62422393761fe5ad3e0337ef18aade3ad771d0d6e236b636dcb44a6a9496fac8,12800,1177600,103
MSREG_large_2d0238a38244d1e0,MG1655,1302400,1315200,1308800.0,large,WIN_large_2d0238a38244d1e0,1.3982276932198197,12800,1.3982276932198197,0.05799518409191452,density,1.4712917110589385,1.3251636753807006,0,0,4,1302400,1320000,4,9e8a3a8a9f718e84f1fd5f28b7897a1a2c07369d5b7c22beca5526837aa9812b,12800,1184000,104
MSREG_large_e99aff7260caea44,MG1655,3257600,3270400,3264000.0,large,WIN_large_e99aff7260caea44,1.3982276932198197,12800,1.3982276932198197,0.04178263911449147,density,1.3251636753807006,1.4712917110589385,0,0,4,3252800,3270400,4,c563d4e6c461a974ac4e648774b9bfe3fd0665ded51db6afad2070bc7fefc943,12800,1190400,105
MSREG_large_901b8929bc6ca23a,MG1655,2577600,2590400,2584000.0,large,WIN_large_901b8929bc6ca23a,1.3921104650113136,12800,0.06820172406699498,1.3921104650113136,shape,1.0910804693473326,1.693140460675295,0,0,7,2572800,2595200,7,8d943b3478f487fbf914ecd2e268b6750ba09c1331757a591614fca4d72ac624,12800,1203200,106
MSREG_large_c07203f86b2adf36,MG1655,1051200,1064000,1057600.0,large,WIN_large_c07203f86b2adf36,1.3692317197309762,12800,0.12500924468293573,1.3692317197309762,shape,1.1702617153949573,1.568201724066995,0,0,7,1046400,1068800,7,03cadc41c32f39ae3520f4e1059e00e8e9182c18c521d2cedd45d36d52d10220,12800,1216000,107
MSREG_large_5bbf88ec7c6a3c42,MG1655,3796800,3809600,3803200.0,large,WIN_large_5bbf88ec7c6a3c42,1.3692317197309762,12800,1.3692317197309762,0.05300307363861406,density,1.4712917110589385,1.2671717284030137,0,0,7,3792000,3814400,7,0970dd3587fca6e407b0d931e79f5e37a6511821d019372fc4bd694127164123,12800,1228800,108
MSREG_large_fee0534d188aee98,MG1655,4612800,4625600,4619200.0,large,WIN_large_fee0534d188aee98,1.3692317197309762,12800,0.1995059990777559,1.3692317197309762,shape,1.2671717284030137,1.4712917110589385,0,0,4,4612800,4630400,4,310f3df79d93986896bcc8eb78874927e07b366683ff2d1457696e756a51e5a7,12800,1235200,109
MSREG_large_0f24c029e9b7ac14,MG1655,1896000,1908800,1902400.0,large,WIN_large_0f24c029e9b7ac14,1.3692317197309762,12800,1.3692317197309762,0.04973764005913519,density,1.4712917110589385,1.2671717284030137,0,0,7,1891200,1913600,7,9947944de6edd3041be5d528d34f3ef0bfc73777b949c0253661a9bc07328ec6,12800,1248000,110
MSREG_large_a5ff12243f9e3166,MG1655,3315200,3328000,3321600.0,large,WIN_large_a5ff12243f9e3166,1.358637070196007,12800,1.358637070196007,0.06817458235819751,density,1.3921104650113136,1.3251636753807006,0,0,2,3313600,3328000,2,f2e70f4761184ac3cbfcfcd613d3126ccd655fea5b09df60a93b227605042124,12800,1249600,111
MSREG_large_f143f878107e696d,MG1655,504000,516800,510400.0,large,WIN_large_f143f878107e696d,1.3436554585072855,12800,0.18126281041558756,1.3436554585072855,shape,1.693140460675295,0.9941704563392761,0,0,7,499200,521600,7,96c6e8eb750a72d3a74423ff7ac2397d4d47e6ae0ce09ecb7d50e4294accff2d,12800,1262400,112
MSREG_large_79886602b17dd54b,MG1655,2910400,2923200,2916800.0,large,WIN_large_79886602b17dd54b,1.3296410967071637,12800,1.3296410967071637,0.16443421003256833,density,1.2671717284030137,1.3921104650113136,0,0,4,2905600,2923200,4,721168ecaf355d80b7be9164d1ef6b8abddce032061022a3c135e86de6117d43,12800,1268800,113
MSREG_large_64f0555a7d12ecfa,MG1655,1798400,1811200,1804800.0,large,WIN_large_64f0555a7d12ecfa,1.3296410967071637,12800,1.3296410967071637,0.063051745747089,density,1.3921104650113136,1.2671717284030137,0,0,7,1793600,1816000,7,9c66c92fdd1b0b03e3e13cc9f08ce82909ae71047adb658934d702193282b313,12800,1281600,114
MSREG_large_e7c79ff20874676c,MG1655,1790400,1803200,1796800.0,large,WIN_large_e7c79ff20874676c,1.3251636753807006,12800,1.3251636753807006,0.05300307363861406,density,1.3251636753807006,1.3251636753807006,0,0,5,1785600,1804800,5,6c56be22d79050da2ce8e641406010a7baa12a6ead2c1a23ef4ad230519c5221,12800,1289600,115
MSREG_large_7a03fdc640e71e88,MG1655,3172800,3185600,3179200.0,large,WIN_large_7a03fdc640e71e88,1.3251636753807006,12800,1.3251636753807006,0.18153710170378679,density,1.3251636753807006,1.3251636753807006,0,0,7,3168000,3190400,7,72604f9719c04d24b342a0d263ad6c276bd6b9b6f83204617e2360475da44418,12800,1302400,116
MSREG_large_4cd697fff4fd6bec,MG1655,3156800,3169600,3163200.0,large,WIN_large_4cd697fff4fd6bec,1.3164766273459891,12800,0.14295518811651353,1.3164766273459891,shape,1.693140460675295,0.9398127940166834,0,0,7,3152000,3174400,7,b9525d0ce55583ddc5a22df2f36940265167b3d2873f92e395f979ef2f05f026,12800,1315200,117
MSREG_large_f78d629ba92a9fa2,MG1655,272000,284800,278400.0,large,WIN_large_f78d629ba92a9fa2,1.308123780594563,12800,0.014968157949779987,1.308123780594563,shape,2.1702617153949575,0.44598584579416833,0,0,6,268800,289600,6,7f72aad50f3ea05aafedc5e2fd9ce65e17ec066899b75b0bf6df2b7eecde724a,12800,1324800,118
MSREG_large_78bcfa394ccb3a9e,MG1655,4600000,4612800,4606400.0,large,WIN_large_78bcfa394ccb3a9e,1.304064835483473,12800,0.13088834825815382,1.304064835483473,shape,1.3921104650113136,1.2160192059556325,0,0,3,4596800,4612800,3,84b3a6c55abfaa7cf3dc15e9c51cd4b65ed5a54a712cd9e4b0d712f3e41d1272,12800,1328000,119
MSREG_large_763e4695ee421c32,MG1655,4209600,4222400,4216000.0,large,WIN_large_763e4695ee421c32,1.3000803706478354,12800,0.07888324987475781,1.3000803706478354,shape,0.42989902590071355,2.1702617153949575,0,0,7,4204800,4227200,7,4db6f911cf3050b7c1c294f124fb688e534b56a87057b23c4236e0c8a366f88a,12800,1340800,120
MSREG_large_7923bb7dfe3abfb2,MG1655,1902400,1915200,1908800.0,large,WIN_large_7923bb7dfe3abfb2,1.2961677018918571,12800,1.2961677018918571,0.08957771427746994,density,1.3251636753807006,1.2671717284030137,0,0,4,1902400,1920000,4,1d6228919ed1c3caed848d9d67b9418b139d55bb94d99623fef88310c4be5fed,12800,1347200,121
MSREG_large_6dac5619b32ba9fb,MG1655,1256000,1268800,1262400.0,large,WIN_large_6dac5619b32ba9fb,1.2961677018918571,12800,1.2961677018918571,0.16380094262267733,density,1.3251636753807006,1.2671717284030137,0,0,7,1251200,1273600,7,b55a7d175c55c617df69b68087d8f1c5260dc5da7d864124bb8e33ce7f685048,12800,1360000,122
MSREG_large_d4525a1f2fff4aba,MG1655,720000,732800,726400.0,large,WIN_large_d4525a1f2fff4aba,1.2961677018918571,12800,0.008893713159982502,1.2961677018918571,shape,2.1702617153949575,0.422073688388757,0,0,7,715200,737600,7,e38a0c9b42b1f67e827733568d99ba7c1b7a926c752ed704d9421ed9a5d06819,12800,1371200,123
MSREG_large_a139415be0549d79,MG1655,657600,670400,664000.0,large,WIN_large_a139415be0549d79,1.2923242875587118,12800,0.22580708576319175,1.2923242875587118,shape,1.693140460675295,0.8915081144421284,0,0,7,652800,675200,7,2a257a488c6aa72a0cf7b621c690875e77f1c5852f81c7556b20ace8bf65464f,12800,1384000,124
MSREG_large_7631d48712588b76,MG1655,1600000,1612800,1606400.0,large,WIN_large_7631d48712588b76,1.2811860902031356,12800,0.06647145801224175,1.2811860902031356,shape,1.3921104650113136,1.1702617153949573,0,0,7,1595200,1617600,7,77682f47493b8a2d0d510beb9aed594f85588faa44498822283844af6ad2a169,12800,1395200,125
MSREG_large_dd927139aea9a16e,MG1655,4620800,4633600,4627200.0,large,WIN_large_dd927139aea9a16e,1.2811860902031356,12800,0.19715843847356596,1.2811860902031356,shape,1.3921104650113136,1.1702617153949573,0,0,5,4619200,4638400,5,c8fd88b4a957a89fa82b75f5408432063d83be21f26fdc9c857154ea9f74b0ce,12800,1403200,126
MSREG_large_7bad08992e0a5048,MG1655,3336000,3348800,3342400.0,large,WIN_large_7bad08992e0a5048,1.2671717284030137,12800,1.2671717284030137,0.34755058072041145,density,1.2671717284030137,1.2671717284030137,0,0,4,3331200,3348800,4,2d2a05ea821d91ff825b31259c55e3474a58c496e49c5731cc70d8983e4a7207,12800,1409600,127
MSREG_large_9f4e5d56bdc370d3,MG1655,928000,940800,934400.0,large,WIN_large_9f4e5d56bdc370d3,1.2671717284030137,12800,1.2671717284030137,0.18139991275053352,density,1.2671717284030137,1.2671717284030137,0,0,7,923200,945600,7,a09d224079faea2c6bb509da028a67f05108fa3f1278aa64ed950e9e92b9cfcc,12800,1422400,128
MSREG_large_39bb996a3b8beda1,MG1655,2744000,2756800,2750400.0,large,WIN_large_39bb996a3b8beda1,1.2671717284030137,12800,1.2671717284030137,0.20268449178687314,density,1.2671717284030137,1.2671717284030137,0,0,7,2739200,2761600,7,ab9b127b4724e0df92648a7c99562af7fa5f5f1ef0136b5303cf66b19febfdc0,12800,1435200,129
MSREG_large_75571457accd01f4,MG1655,104000,116800,110400.0,large,WIN_large_75571457accd01f4,1.2671717284030137,12800,1.2671717284030137,0.056318363088120604,density,1.2671717284030137,1.2671717284030137,0,0,4,104000,121600,4,b9998f0c10d6e9ef024664ff77201f150de86b8e1f33be65e9b6de39a0a12524,12800,1441600,130
MSREG_large_45e2946a232deabf,MG1655,2470400,2483200,2476800.0,large,WIN_large_45e2946a232deabf,1.247712695387829,12800,0.12500924468293573,1.247712695387829,shape,1.3251636753807006,1.1702617153949573,0,0,7,2465600,2488000,7,e9e717f02830c9c070dcea4b2d0fedd371d77252fed3248cc20d2e5c1f1d618c,12800,1454400,131
MSREG_large_c8fc181da86acd40,MG1655,3635200,3648000,3641600.0,large,WIN_large_c8fc181da86acd40,1.241595467179323,12800,1.241595467179323,0.0918206331752691,density,1.2671717284030137,1.2160192059556325,0,0,7,3630400,3652800,7,3fc97a888a18dd06a1038a83197e79e23f74d558c4068f47c45af99f8c67d996,12800,1467200,132
MSREG_large_31387a1d2ea0b07e,MG1655,2736000,2748800,2742400.0,large,WIN_large_31387a1d2ea0b07e,1.241595467179323,12800,1.241595467179323,0.11911348231815672,density,1.2671717284030137,1.2160192059556325,0,0,5,2731200,2750400,5,f2dc19da60d67031d13736a92b4a320da922ebcf414d893c5b55a4426d35e708,12800,1475200,133
MSREG_large_fbeef789aedf38e1,MG1655,3403200,3416000,3409600.0,large,WIN_large_fbeef789aedf38e1,1.2187167218989856,12800,0.19031192146198567,1.2187167218989856,shape,1.2671717284030137,1.1702617153949573,0,0,3,3400000,3416000,3,4245bfe547b436244e0fe97baf8bf7c671dd7a828b655787f6b4eef99ce9f4d2,12800,1478400,134
MSREG_large_d31cc0cb037f4e1c,MG1655,699200,712000,705600.0,large,WIN_large_d31cc0cb037f4e1c,1.2187167218989856,12800,1.2187167218989856,0.3525198419875013,density,1.1702617153949573,1.2671717284030137,0,0,7,694400,716800,7,8c77db575855d5418e4fb16d583890ed3c630ae7e7ed08e05445c276a3a576b0,12800,1491200,135
MSREG_large_4ac07ab6a85e9339,MG1655,2622400,2635200,2628800.0,large,WIN_large_4ac07ab6a85e9339,1.2160192059556325,12800,0.2090027852726517,1.2160192059556325,shape,1.693140460675295,0.7388979512359701,0,0,4,2622400,2640000,4,87d2cc27acd63bc00deaaa935b5d005078428c7c6ea403d2a00a520a76d25c3b,12800,1497600,136
MSREG_large_40b37cc451f8481a,MG1655,1494400,1507200,1500800.0,large,WIN_large_40b37cc451f8481a,1.193140460675295,12800,0.2233253759974167,1.193140460675295,shape,1.1702617153949573,1.2160192059556325,0,0,5,1489600,1508800,5,731a416814e92dd51c3b9358022716a11d56ecc9b3ae1db04753f8479fa6542c,12800,1505600,137
MSREG_large_8bf1110de3557536,MG1655,166400,179200,172800.0,large,WIN_large_8bf1110de3557536,1.193140460675295,12800,0.23331091646272667,1.193140460675295,shape,1.693140460675295,0.6931404606752949,0,0,7,161600,184000,7,bdbe914675cc0176e38080047b4402107294aed30f9370cdf3de8e78d2ac8b59,12800,1518400,138
MSREG_large_7a384270b96e35e4,MG1655,4076800,4089600,4083200.0,large,WIN_large_7a384270b96e35e4,1.179126098875173,12800,1.179126098875173,0.17248799065738868,density,1.2671717284030137,1.0910804693473326,0,0,7,4072000,4094400,7,1b0edb5c897b14421027da5998a82a4b5f04e41c6097224fbfe831b80580fcc2,12800,1531200,139
MSREG_large_ffd6a785c3325912,MG1655,2404800,2417600,2411200.0,large,WIN_large_ffd6a785c3325912,1.179126098875173,12800,1.179126098875173,0.17244411809618243,density,1.2671717284030137,1.0910804693473326,0,0,4,2404800,2422400,4,a649c9ea840c733806d8d574aa420aa05a13b920375b8498a4692bb76c118528,12800,1537600,140
MSREG_large_e06f9080ad038569,MG1655,4169600,4182400,4176000.0,large,WIN_large_e06f9080ad038569,1.179126098875173,12800,1.179126098875173,0.011899223299707707,density,1.2671717284030137,1.0910804693473326,0,0,4,4164800,4182400,4,cd48f2a3edff052a445daa9e877ceb73489455e61bdf29684be210202eed5ad6,12800,1544000,141
MSREG_large_2c97bd4b2c20fabe,MG1655,980800,993600,987200.0,large,WIN_large_2c97bd4b2c20fabe,1.179126098875173,12800,1.179126098875173,0.1995059990777559,density,1.2671717284030137,1.0910804693473326,0,0,7,976000,998400,7,e60ebb90751f111ad22b15451c60361fa089f8ff7e46860e71f38a7ab69b7e60,12800,1555200,142
MSREG_large_64238e5fc23b8bed,MG1655,2531200,2544000,2537600.0,large,WIN_large_64238e5fc23b8bed,1.1724441180961824,12800,1.1724441180961824,0.036734547569250944,density,1.2160192059556325,1.1288690302367324,0,0,4,2531200,2548800,4,018ecc9802c0dfd23acdd94fae63e7b92d00918f5e984520868f093c42ae13ea,12800,1561600,143
MSREG_large_0773006f5d16f9f9,MG1655,1864000,1876800,1870400.0,large,WIN_large_0773006f5d16f9f9,1.1702617153949573,12800,0.2233253759974167,1.1702617153949573,shape,1.1702617153949573,1.1702617153949573,0,0,7,1859200,1881600,7,e482f1f80370ae20c31449708da4eb5ea2fec2a0dde6185245e10b95b132d587,12800,1574400,144
MSREG_large_416b431511f551b2,MG1655,2102400,2115200,2108800.0,large,WIN_large_416b431511f551b2,1.1617450457455671,12800,1.1617450457455671,0.061388178763560564,density,1.2671717284030137,1.0563183630881205,0,0,7,2097600,2120000,7,883656e50f956120e9720929ce4b67deea06c65922b2fa993a3615034fddbb97,12800,1587200,145
MSREG_large_59f41f03b58e2865,MG1655,4227200,4240000,4233600.0,large,WIN_large_59f41f03b58e2865,1.1596670658599884,12800,0.23579262622850175,1.1596670658599884,shape,1.3251636753807006,0.9941704563392761,0,0,6,4222400,4243200,6,cd7755165f804bbba83bb261c9163424c788fd3f4e78274b02fd2fb6d9d11576,12800,1596800,146
MSREG_large_0a74844cf4be58c1,MG1655,425600,438400,432000.0,large,WIN_large_0a74844cf4be58c1,1.1495653728158448,12800,1.1495653728158448,0.24864532634595266,density,1.1702617153949573,1.1288690302367324,0,0,7,420800,443200,7,4adbc9c6aa69b9a4b2e038300c3336fa3ed49d7b76d16bd7fe14a55dd9160e3b,12800,1609600,147
MSREG_large_e6b76d1137dd2d2d,MG1655,3598400,3611200,3604800.0,large,WIN_large_e6b76d1137dd2d2d,1.1495653728158448,12800,1.1495653728158448,0.2307711536980892,density,1.1702617153949573,1.1288690302367324,0,0,7,3593600,3616000,7,4c281acf42586fbffee43eb324dc1b47fe9556e6507e43f3b51150259fe21708,12800,1622400,148
MSREG_large_40ed21a6a66a13e7,MG1655,3963200,3976000,3969600.0,large,WIN_large_40ed21a6a66a13e7,1.1495653728158448,12800,1.1495653728158448,0.1270106159097727,density,1.1702617153949573,1.1288690302367324,0,0,7,3958400,3980800,7,54d0e13f1374ebf9b6dc2e2a0460ffd898f1bf3ec56c3a22b4441a1a4b3757aa,12800,1635200,149
MSREG_large_e70566afa40a7895,MG1655,1560000,1572800,1566400.0,large,WIN_large_e70566afa40a7895,1.1200764428361758,12800,0.005908859610520279,1.1200764428361758,shape,1.693140460675295,0.5470124249970569,0,0,7,1555200,1577600,7,538072fa4ca6ab18ce3aaeb61d2b18275a6e25a7ac7bddac0a39bece37ee1271,12800,1648000,150
MSREG_large_a70639826875b365,MG1655,2944000,2956800,2950400.0,large,WIN_large_a70639826875b365,1.116656730571023,12800,0.14503316800209237,1.116656730571023,shape,1.2671717284030137,0.9661417327390326,0,0,7,2939200,2961600,7,65568feb01cf7e0e44e705df6549b05c23d31ebf949dea5e0db5e7e478868146,12800,1660800,151
MSREG_large_ff858072b0bc98a3,MG1655,1155200,1168000,1161600.0,large,WIN_large_ff858072b0bc98a3,1.113290039241539,12800,1.113290039241539,0.16810102850363612,density,1.1702617153949573,1.0563183630881205,0,0,5,1153600,1172800,5,dfe095dee22c5f38a5cd098921dda8bdea126df4e6494d0174d014a0190ca7e9,12800,1668800,152
MSREG_large_fe5e9f258fd88658,MG1655,1849600,1862400,1856000.0,large,WIN_large_fe5e9f258fd88658,1.113290039241539,12800,0.24864532634595266,1.113290039241539,shape,1.1702617153949573,1.0563183630881205,0,0,7,1844800,1867200,7,e2f6db36d3ea04ddbc8b16aec084185276c88930058a6d2d87e943e18e3a4b90,12800,1681600,153
MSREG_large_ab3ee396cd45ca52,MG1655,2443200,2456000,2449600.0,large,WIN_large_ab3ee396cd45ca52,1.0971976975558384,12800,0.15119017040998617,1.0971976975558384,shape,1.4712917110589385,0.7231036840527382,0,0,7,2438400,2460800,7,0eedf6a0651fbe2e6e500abaf6369f2cbd7b25eac7bbde1b9412902423b8de7c,12800,1694400,154
MSREG_large_392a98f1b6de384f,MG1655,3492800,3505600,3499200.0,large,WIN_large_392a98f1b6de384f,1.0910804693473326,12800,0.13085212384553307,1.0910804693473326,shape,1.2160192059556325,0.9661417327390326,0,0,4,3488000,3505600,4,33ef28d16fe2e99b46203b89932bbfd3978072a46dcee41c35fe4d33a1f42dff,12800,1700800,155
MSREG_large_3ba99b3ba45e6919,MG1655,3524800,3537600,3531200.0,large,WIN_large_3ba99b3ba45e6919,1.0910804693473326,12800,1.0910804693473326,0.075123887116477,density,1.0910804693473326,1.0910804693473326,0,0,7,3520000,3542400,7,571c973a4846614e33f2cd18c39216b55048b69538a3bcc220d3f7150e0982ce,12800,1713600,156
MSREG_large_c5bb274cb22489ad,MG1655,4372800,4385600,4379200.0,large,WIN_large_c5bb274cb22489ad,1.0910804693473326,12800,1.0910804693473326,0.249895098089054,density,1.0910804693473326,1.0910804693473326,0,0,4,4372800,4390400,4,9a21146f84ba780b715ae366f5587009de29f8b2243a459b09647a449ea37c1d,12800,1720000,157
MSREG_large_0aa5c5c9716c4dcd,MG1655,3116800,3129600,3123200.0,large,WIN_large_0aa5c5c9716c4dcd,1.0910804693473326,12800,0.06478158768655147,1.0910804693473326,shape,0.9661417327390326,1.2160192059556325,0,0,7,3112000,3134400,7,a9eaca8fe9d4afae07f175ff8216f454bf1bb99cfc1373009160dc980804a97c,12800,1732800,158
MSREG_large_3ca0dad1be1ee2aa,MG1655,3875200,3888000,3881600.0,large,WIN_large_3ca0dad1be1ee2aa,1.0910804693473326,12800,1.0910804693473326,0.32516367538070057,density,1.0910804693473326,1.0910804693473326,0,0,4,3870400,3888000,4,c257dcd09f2a361d2924b75877348e2358b8e6fb9acf4a89b4cdae57f0784216,12800,1739200,159
MSREG_large_48e3b66401d283c3,MG1655,4388800,4401600,4395200.0,large,WIN_large_48e3b66401d283c3,1.0910804693473326,12800,1.0910804693473326,0.2041263274452122,density,1.0910804693473326,1.0910804693473326,0,0,4,4384000,4401600,4,f384f70b4762ef833ab6dee20e5393974d82fdbc13fab0fe823efbbfcd54dee9,12800,1745600,160
MSREG_large_ad6a5de1c6d4c38f,MG1655,2259200,2272000,2265600.0,large,WIN_large_ad6a5de1c6d4c38f,1.0736994162177265,12800,1.0736994162177265,0.06817458235819751,density,1.0563183630881205,1.0910804693473326,0,0,7,2254400,2276800,7,6ee6fc8e129f883f0e8a3404301c7d88dab02ee6fdf21ba11e858031f9477bbe,12800,1758400,161
MSREG_large_cd3b5ee8695fa68b,MG1655,324800,337600,331200.0,large,WIN_large_cd3b5ee8695fa68b,1.068201724066995,12800,0.08598351196309512,1.068201724066995,shape,0.9661417327390326,1.1702617153949573,0,0,7,320000,342400,7,8aea36aae3aba7fa445a65c6a23513bde8221a8a89dfa08a71109054f54b4799,12800,1771200,162
MSREG_large_67afbe57d0a3e976,MG1655,1764800,1777600,1771200.0,large,WIN_large_67afbe57d0a3e976,1.068201724066995,12800,0.1813085015763982,1.068201724066995,shape,1.1702617153949573,0.9661417327390326,0,0,4,1764800,1782400,4,d6b4b56f76e9e0e690c5bd02a133685761140de25ab77427473d205f693bdbd8,12800,1777600,163
MSREG_large_5c35f7342d9ddea1,MG1655,4259200,4272000,4265600.0,large,WIN_large_5c35f7342d9ddea1,1.0576070745320258,12800,1.0576070745320258,0.2516885434404274,density,1.0910804693473326,1.0241336797167193,0,0,6,4256000,4276800,6,f36bad26250592b67c5ddba9b9542dfb1c98383539d9ae5f22a5eab599a2c2a4,12800,1787200,164
MSREG_large_40a10d660ffba189,MG1655,2174400,2187200,2180800.0,large,WIN_large_40a10d660ffba189,1.0563183630881205,12800,1.0563183630881205,0.056318363088120604,density,1.0563183630881205,1.0563183630881205,0,0,7,2169600,2192000,7,18be810020c0f49f204dabfcb5b69a274249e40742d6a4affcc7a9dae29bbacc,12800,1800000,165
MSREG_large_7519b0d7d16ea186,MG1655,4009600,4022400,4016000.0,large,WIN_large_7519b0d7d16ea186,1.0563183630881205,12800,1.0563183630881205,0.13121464019175205,density,1.0563183630881205,1.0563183630881205,0,0,4,4004800,4022400,4,2d8bb189d526fc31827527fb6fc4fbcefb836dd822b339adddd595d3afc6425a,12800,1806400,166
MSREG_large_950614a921a2ccc1,MG1655,3956800,3969600,3963200.0,large,WIN_large_950614a921a2ccc1,1.0563183630881205,12800,1.0563183630881205,0.10397179156508887,density,1.0563183630881205,1.0563183630881205,0,0,4,3952000,3969600,4,418ea586da8d34de11fe0fe745c3eae6be829d8e39651607d053f6498bd9f307,12800,1812800,167
MSREG_large_33db34dd8302d4e2,MG1655,451200,464000,457600.0,large,WIN_large_33db34dd8302d4e2,1.0563183630881205,12800,1.0563183630881205,0.3011886710389275,density,1.0563183630881205,1.0563183630881205,0,0,7,446400,468800,7,7f42b7eb13a442761c278ac5fb9fbfbfa66d1a014f9329e0e6101f5d295775c8,12800,1825600,168
MSREG_large_0c24fccb40d19cae,MG1655,1814400,1827200,1820800.0,large,WIN_large_0c24fccb40d19cae,1.0475053814878823,12800,0.15744495986460844,1.0475053814878823,shape,1.2671717284030137,0.8278390345727511,0,0,7,1809600,1832000,7,e6e930c7a6771224e578236823e75670bdfb1a19e17d3ab099b5dbae363c418a,12800,1838400,169
MSREG_large_d0440a401c2897c8,MG1655,2371200,2384000,2377600.0,large,WIN_large_d0440a401c2897c8,1.0426254628433043,12800,0.14295518811651353,1.0426254628433043,shape,0.9149892102916513,1.1702617153949573,0,0,7,2366400,2388800,7,e94e59a8fada907a02ccd06cc331dd7d7c74df83af1e78a126ce51ea7db2fb59,12800,1851200,170
MSREG_large_4ebb7a5f98c2c5e4,MG1655,2870400,2883200,2876800.0,large,WIN_large_4ebb7a5f98c2c5e4,1.0320308133083353,12800,0.056318363088120604,1.0320308133083353,shape,1.3251636753807006,0.7388979512359701,0,0,7,2865600,2888000,7,c7b07ce098896ed11a995b6838b99d9684d99962444e4ea95914d29972bbe4f5,12800,1864000,171
MSREG_large_01aac50db9d2fdf6,MG1655,3560000,3572800,3566400.0,large,WIN_large_01aac50db9d2fdf6,1.0320308133083353,12800,0.6083358949114145,1.0320308133083353,shape,1.3251636753807006,0.7388979512359701,0,0,5,3558400,3577600,5,df1b593416d27505c5ba92bfc16f743a837b38bf0269dc2687525e519d94f46b,12800,1872000,172
MSREG_large_1d70e7a9bcd231fc,MG1655,1588800,1601600,1595200.0,large,WIN_large_1d70e7a9bcd231fc,1.0286111010431824,12800,0.05300307363861406,1.0286111010431824,shape,1.3921104650113136,0.6651117370750513,0,0,7,1584000,1606400,7,7b8b83356691115bb2b1cea2c65fc16174828eced4f07f29a25f207de9619ac5,12800,1883200,173
MSREG_large_83385e1573076e51,MG1655,2761600,2774400,2768000.0,large,WIN_large_83385e1573076e51,1.0219291202641918,12800,0.07170417485132424,1.0219291202641918,shape,0.9149892102916513,1.1288690302367324,0,0,7,2756800,2779200,7,94d67cac2a49f064027bf017fb92ea5ca484a0e102a5ec121332e0c15e735627,12800,1896000,174
MSREG_large_77f603c467050b37,MG1655,3068800,3081600,3075200.0,large,WIN_large_77f603c467050b37,1.0112300479135765,12800,1.0112300479135765,0.06475487009304476,density,0.9661417327390326,1.0563183630881205,0,0,7,3064000,3086400,7,4c030ae19550996610dd976932dae9ba829358cb3afd7f45a3d2e10eaff7b46f,12800,1908800,175
MSREG_large_e3ae5711de7eb2ff,MG1655,3918400,3931200,3924800.0,large,WIN_large_e3ae5711de7eb2ff,1.0112300479135765,12800,1.0112300479135765,0.1408779377097477,density,1.0563183630881205,0.9661417327390326,0,0,4,3918400,3936000,4,7103189e627470ff99d4629ec4aa42cf11cab9341b9d3599ad2209d145f0480d,12800,1915200,176
MSREG_large_9749aad9dbda967f,MG1655,740800,753600,747200.0,large,WIN_large_9749aad9dbda967f,1.0091520680279977,12800,0.15354983765148256,1.0091520680279977,shape,1.3251636753807006,0.6931404606752949,0,0,6,737600,758400,6,3e570ff8795335d457b184feffa6337415c45acebfa400529439e6eedbd38d4d,12800,1924800,177
MSREG_large_6b0fda8ae3b0de21,MG1655,2499200,2512000,2505600.0,large,WIN_large_6b0fda8ae3b0de21,0.9990503749838542,12800,0.1512697406713938,0.9990503749838542,shape,0.8692317197309761,1.1288690302367324,0,0,7,2494400,2516800,7,d80b3bd8324dab8bfd56f5df4190f92b85bb47ac513112f56a50361f22e5bdee,12800,1937600,178
MSREG_large_16e47b78601922d2,MG1655,2417600,2430400,2424000.0,large,WIN_large_16e47b78601922d2,0.989397797386161,12800,0.17244411809618243,0.989397797386161,shape,1.1702617153949573,0.8085338793773645,0,0,7,2412800,2435200,7,6dbdbc722e57fe9fb4acbd73feb9903704216f4bc15f5819e85ee9037597256f,12800,1950400,179
MSREG_large_41f1ef3ee17735b0,MG1655,2342400,2355200,2348800.0,large,WIN_large_41f1ef3ee17735b0,0.9801560945391543,12800,0.18578687490428608,0.9801560945391543,shape,1.1702617153949573,0.7900504736833514,0,0,4,2342400,2360000,4,656b486d86ab3649be411ea702f8deeee9101bfbbd579dac19831a3302492a3a,12800,1956800,180
MSREG_large_a016ecfce5ebcacb,MG1655,313600,326400,320000.0,large,WIN_large_a016ecfce5ebcacb,0.9739132387651245,12800,0.9739132387651245,0.03039403168970648,density,1.0563183630881205,0.8915081144421284,0,0,7,308800,331200,7,0b6b9cada0cb4245954b4d8f12a61b7387ab12838b7001283160b5f59296a13e,12800,1968000,181
MSREG_large_65a7c56fe2e3b039,MG1655,3299200,3312000,3305600.0,large,WIN_large_65a7c56fe2e3b039,0.9739132387651245,12800,0.9739132387651245,0.063051745747089,density,0.8915081144421284,1.0563183630881205,0,0,5,3294400,3313600,5,509f5c68560d28e626101108dec271df943c30e1e6ac388330f949ea09558c16,12800,1976000,182
MSREG_large_d4291ca712bb392a,MG1655,4265600,4278400,4272000.0,large,WIN_large_d4291ca712bb392a,0.9739132387651245,12800,0.9739132387651245,0.2018792165899867,density,1.0563183630881205,0.8915081144421284,0,0,4,4265600,4283200,4,7b5017860e902eb2f571b55f2330f6a762dcbabd94364b036da5319f37dd40b0,12800,1982400,183
MSREG_large_8f0d104b89d906ba,MG1655,921600,934400,928000.0,large,WIN_large_8f0d104b89d906ba,0.9739132387651245,12800,0.9739132387651245,0.31904644717219477,density,1.0563183630881205,0.8915081144421284,0,0,4,916800,934400,4,82ef012cce0d3d66359d2b3e29c265979f289375eb4de68ffad7f9ff17206986,12800,1988800,184
MSREG_large_7bd9f2efccb86188,MG1655,3731200,3744000,3737600.0,large,WIN_large_7bd9f2efccb86188,0.9739132387651245,12800,0.9739132387651245,0.14713122529889644,density,1.0563183630881205,0.8915081144421284,0,0,7,3726400,3748800,7,a7d9ad50bd264c534d5483f914165756e17c34b9cd83fa153ad064e080d36e6e,12800,2001600,185
MSREG_large_6e4994e029bab813,MG1655,1476800,1489600,1483200.0,large,WIN_large_6e4994e029bab813,0.9695614450041853,12800,0.056318363088120604,0.9695614450041853,shape,0.9149892102916513,1.0241336797167193,0,0,7,1472000,1494400,7,395482043bccc75d38a069a8350d160a0016ebd9209c0fafd994b6e51567b810,12800,2014400,186
MSREG_large_880f0e372676d51c,MG1655,3531200,3544000,3537600.0,large,WIN_large_880f0e372676d51c,0.9661417327390326,12800,0.9661417327390326,0.06817458235819751,density,0.9661417327390326,0.9661417327390326,0,0,4,3531200,3548800,4,0a474c2906ba72424ce3c572fccd80707227b66c469d0a8a716052d6811d93b1,12800,2019200,187
MSREG_large_7b85248f0915893b,MG1655,1134400,1147200,1140800.0,large,WIN_large_7b85248f0915893b,0.9578208970794239,12800,0.9578208970794239,0.2674773066206795,density,1.0241336797167193,0.8915081144421284,0,0,1,1134400,1147200,1,cfcf39dfd3d7eba4096c2018b143b7f1a0562a0418f4ce602ba225a158961dca,12800,2019200,188
MSREG_large_c2234da716d4e6e9,MG1655,1888000,1900800,1894400.0,large,WIN_large_c2234da716d4e6e9,0.9545798333154637,12800,0.21604601591195421,0.9545798333154637,shape,1.1702617153949573,0.7388979512359701,0,0,2,1888000,1902400,2,6ee215be01098b87655c950a60f82df0582fe7edeb7c544df14e7e69b4a472e7,12800,2020800,189
MSREG_large_12bfbdec3c35b922,MG1655,2553600,2566400,2560000.0,large,WIN_large_12bfbdec3c35b922,0.9466826997238478,12800,0.9466826997238478,0.1553669799790296,density,0.8692317197309761,1.0241336797167193,0,0,7,2548800,2571200,7,611865b05de385b5c6545c8444384ed08c61666b950d56c35c67eb10f867b928,12800,2033600,190
MSREG_large_3d2c5b1f8523af91,MG1655,1275200,1288000,1281600.0,large,WIN_large_3d2c5b1f8523af91,0.9466826997238478,12800,0.12500924468293573,0.9466826997238478,shape,1.1702617153949573,0.7231036840527382,0,0,7,1270400,1292800,7,e79dfc6fc8ad69318e8d4fb2aeb836b8c270929c3c69c13b311687a8a92ac49d,12800,2046400,191
MSREG_large_b296a598c54b6aa7,MG1655,3476800,3489600,3483200.0,large,WIN_large_b296a598c54b6aa7,0.9428392853907023,12800,0.9428392853907023,0.09496023949845261,density,0.8915081144421284,0.9941704563392761,0,0,7,3472000,3494400,7,2d7232814e413fdf1a3d61d6883e6dcfac5a1fd6eb1b20d56708e3a9ca723ee2,12800,2059200,192
MSREG_large_446bcf5eff64e8b7,MG1655,1344000,1356800,1350400.0,large,WIN_large_446bcf5eff64e8b7,0.940565471515342,12800,0.2090027852726517,0.940565471515342,shape,1.2671717284030137,0.6139592146276701,0,0,7,1339200,1361600,7,283a31a68a1be72c3a1824ee3f0e81fb2116fa2676df8d3d729513e4d2726112,12800,2072000,193
MSREG_large_7fc2386ff862994c,MG1655,3020800,3033600,3027200.0,large,WIN_large_7fc2386ff862994c,0.940565471515342,12800,0.056318363088120604,0.940565471515342,shape,1.2160192059556325,0.6651117370750513,0,0,7,3016000,3038400,7,bbd4480f2f86cf3fca47fac2cc5a287fa5ecbda409d25d5d1ab978ad3b13edaf,12800,2084800,194
MSREG_large_df28d218eaa17b07,MG1655,4552000,4564800,4558400.0,large,WIN_large_df28d218eaa17b07,0.940565471515342,12800,0.1388579488088777,0.940565471515342,shape,1.2671717284030137,0.6139592146276701,0,0,4,4547200,4564800,4,c438e0287cdbfd2d1bfc66740d48d35da7496a9e43e09cf7c68cbd2d8e74c573,12800,2091200,195
MSREG_large_d73100abeea82e8f,MG1655,2488000,2500800,2494400.0,large,WIN_large_d73100abeea82e8f,0.940565471515342,12800,0.2334270690415602,0.940565471515342,shape,1.2160192059556325,0.6651117370750513,0,0,7,2483200,2505600,7,defd0e286b21f3ad36b21ace27efbf6585c4109ad1a2b9d1becc5af6e9a98a6a,12800,2102400,196
MSREG_large_1d61f6ee259d70e8,MG1655,4022400,4035200,4028800.0,large,WIN_large_1d61f6ee259d70e8,0.9398127940166834,12800,0.9398127940166834,0.17464867754870997,density,0.9398127940166834,0.9398127940166834,0,0,4,4022400,4040000,4,741a0e939c37b0b835cbf0d2c80a2e1d7a2b7fb1245a94a8d1e1bdb2d30ed7b6,12800,2108800,197
MSREG_large_50fcd071b0f0b9ac,MG1655,1950400,1963200,1956800.0,large,WIN_large_50fcd071b0f0b9ac,0.9390627164454792,12800,0.17462652079740743,0.9390627164454792,shape,1.1702617153949573,0.7078637174960013,0,0,7,1945600,1968000,7,f5837712f09c8784ccecb264e7b6c2d04ac689c365cab3e44e469ddfc4c867ce,12800,2120000,198
MSREG_large_4173b7a692d3e22d,MG1655,2016000,2028800,2022400.0,large,WIN_large_4173b7a692d3e22d,0.9390627164454792,12800,0.19975459354217254,0.9390627164454792,shape,1.1702617153949573,0.7078637174960013,0,0,5,2011200,2030400,5,fc0f5f174c35af1c42e18cbddc19dcb03c2e7c5ae8290b6e6ae81cbe2e0b6b99,12800,2128000,199
MSREG_large_85ba66aa8574b6bb,MG1655,811200,824000,817600.0,large,WIN_large_85ba66aa8574b6bb,0.9317010880351261,12800,0.1368379599080077,0.9317010880351261,shape,1.1702617153949573,0.6931404606752949,0,0,7,806400,828800,7,4de5b551607d5f220237f7a46012aceede192c8fefc63df017ddbf230d3b059c,12800,2140800,200
MSREG_large_1671f2a1b3b7e1fb,MG1655,4332800,4345600,4339200.0,large,WIN_large_1671f2a1b3b7e1fb,0.9317010880351261,12800,0.2411134531280147,0.9317010880351261,shape,1.1702617153949573,0.6931404606752949,0,0,7,4328000,4350400,7,d63d995cef1c34c380ed5305a7d9d26e3f6d2a87762bbe8faacae2058d2414a8,12800,2153600,201
MSREG_large_991887d12081c437,MG1655,528000,540800,534400.0,large,WIN_large_991887d12081c437,0.924580868477821,12800,0.07696716975875392,0.924580868477821,shape,1.1702617153949573,0.6789000215606847,0,0,7,523200,545600,7,725970284bbcb75f90b027de1fa155c3dddd8bc72a897ca76ce02a2e731766b4,12800,2166400,202
MSREG_large_103403ea52292f3f,MG1655,124800,137600,131200.0,large,WIN_large_103403ea52292f3f,0.923184418385736,12800,0.923184418385736,0.06990484841295075,density,1.0563183630881205,0.7900504736833514,0,0,4,124800,142400,4,7de9732a741edc7247fb30e28e9e7bdd2a25b6edf177936842cd914cedd940c0,12800,2172800,203
MSREG_large_6bfcd441fa0f79b8,MG1655,481600,494400,488000.0,large,WIN_large_6bfcd441fa0f79b8,0.9211064385001572,12800,0.2895985541842291,0.9211064385001572,shape,0.8480424206610382,0.9941704563392761,0,0,4,476800,494400,4,73d24d0a5755609fbe46eff4f52d7ff8f3c2ff0535f51efe19fa9eb8f1cedf70,12800,2179200,204
MSREG_large_221ef813d6e7b055,MG1655,897600,910400,904000.0,large,WIN_large_221ef813d6e7b055,0.9176867262350044,12800,0.19253811010610963,0.9176867262350044,shape,1.1702617153949573,0.6651117370750513,0,0,7,892800,915200,7,2e43a19543f227c9e1dcebb0890c7e804e36976f2718931888d58cebf2753cc0,12800,2192000,205
MSREG_large_faec6a3665f8604b,MG1655,2052800,2065600,2059200.0,large,WIN_large_faec6a3665f8604b,0.9176867262350044,12800,0.2513097430984862,0.9176867262350044,shape,1.1702617153949573,0.6651117370750513,0,0,7,2048000,2070400,7,689d608559392185d6b3c0af32dafac046f62f4664ddd62fb8be95b429c9653d,12800,2204800,206
MSREG_large_37745c011804a485,MG1655,1995200,2008000,2001600.0,large,WIN_large_37745c011804a485,0.9110047454560136,12800,0.23848133313183612,0.9110047454560136,shape,0.8278390345727511,0.9941704563392761,0,0,4,1990400,2008000,4,ae538d311f056c2c6b94cfb176d020bf90d5149f616d18b147bb30ce6b851bfa,12800,2211200,207
MSREG_large_140fef506f5083cd,MG1655,28800,41600,35200.0,large,WIN_large_140fef506f5083cd,0.9070920767000354,12800,0.11146036954991526,0.9070920767000354,shape,0.7231036840527382,1.0910804693473326,0,0,6,24000,44800,6,6d71b03f79695433b48094fc2214813f55fcecd394dca34569d134598365450b,12800,2220800,208
MSREG_large_58b105f3ce23805c,MG1655,59200,72000,65600.0,large,WIN_large_58b105f3ce23805c,0.9070920767000354,12800,0.09844209775768573,0.9070920767000354,shape,0.7231036840527382,1.0910804693473326,0,0,7,54400,76800,7,f9caf3b0e1fb2008afe491d44610325ee5449bfddae2b12d2fe986f36454fc07,12800,2233600,209
MSREG_large_548a5f216820d065,MG1655,4089600,4102400,4096000.0,large,WIN_large_548a5f216820d065,0.9032486623668898,12800,0.12106100425991881,0.9032486623668898,shape,0.9149892102916513,0.8915081144421284,0,0,7,4084800,4107200,7,0902a3084bac6161eede5d19bbc960b442abb3ef7d216ea77027baa806414f74,12800,2246400,210
MSREG_large_6047a29f095d1853,MG1655,3328000,3340800,3334400.0,large,WIN_large_6047a29f095d1853,0.9032486623668898,12800,0.9032486623668898,0.41904815540274104,density,0.9149892102916513,0.8915081144421284,0,0,2,3328000,3342400,2,2fb727a9ecfb02b4b1aac8f4ea9ce280c3926c5fa9aa0c5f4aa5576b1ded8386,12800,2248000,211
MSREG_large_2741f4cd16c9e404,MG1655,3979200,3992000,3985600.0,large,WIN_large_2741f4cd16c9e404,0.9032486623668898,12800,0.9032486623668898,0.13285349507237004,density,0.9149892102916513,0.8915081144421284,0,0,4,3974400,3992000,4,f6491b750ad702650e135113479e30b54c50078155a8b3ac224e0aa4b7e4ae7c,12800,2254400,212
MSREG_large_dda6669047467ce3,MG1655,3790400,3803200,3796800.0,large,WIN_large_dda6669047467ce3,0.8976081571620453,12800,0.8976081571620453,0.2597671271869326,density,1.0563183630881205,0.7388979512359701,0,0,4,3785600,3803200,4,3e1d88a313b6d8f658d8ee3bd2af4875a5cfceca55269b5abac68e2b5fa7c897,12800,2260800,213
MSREG_large_882dd58ff97c0aa6,MG1655,3971200,3984000,3977600.0,large,WIN_large_882dd58ff97c0aa6,0.8976081571620453,12800,0.4068982817376396,0.8976081571620453,shape,0.7388979512359701,1.0563183630881205,0,0,3,3969600,3985600,3,e1bba633c04c30600f46557fffec52d59c2ff7d0de76549254462a7900e24067,12800,2264000,214
MSREG_large_d08e49c6c43ca466,MG1655,4299200,4312000,4305600.0,large,WIN_large_d08e49c6c43ca466,0.8969903836558919,12800,0.15556982655235257,0.8969903836558919,shape,0.8278390345727511,0.9661417327390326,0,0,7,4294400,4316800,7,48fb485d611abc5c6f127daec1d127784f420fd32348ca153a67395c5c4961e1,12800,2276800,215
MSREG_large_e21d4f245ba2496a,MG1655,3196800,3209600,3203200.0,large,WIN_large_e21d4f245ba2496a,0.8969903836558919,12800,0.21604601591195421,0.8969903836558919,shape,1.1288690302367324,0.6651117370750513,0,0,7,3192000,3214400,7,8091af3a807c7eb871c3fe13ef68a9ebd69f41d2a678973cd180c813a6fabaf8,12800,2289600,216
MSREG_large_5cd7fe28b8beb097,MG1655,3832000,3844800,3838400.0,large,WIN_large_5cd7fe28b8beb097,0.8921104650113137,12800,0.24864532634595266,0.8921104650113137,shape,1.0910804693473326,0.6931404606752949,0,0,4,3827200,3844800,4,2eb33cde966ccc7c454344dfcc216aa6d2c8d78881b5bb4b26558f611d999825,12800,2296000,217
MSREG_large_433adda4183b0d22,MG1655,3609600,3622400,3616000.0,large,WIN_large_433adda4183b0d22,0.8921104650113137,12800,0.041542431965050516,0.8921104650113137,shape,1.4712917110589385,0.3129292189636889,0,0,7,3604800,3627200,7,fc69a4d1e3ce7131967875ff60eda77d1b305306b2debbb6ae17538ff901c947,12800,2307200,218
MSREG_large_8d896563a48222ea,MG1655,2272000,2284800,2278400.0,large,WIN_large_8d896563a48222ea,0.8921104650113136,12800,0.3345827136732116,0.8921104650113136,shape,1.1702617153949573,0.6139592146276701,0,0,7,2267200,2289600,7,35e0b764220f5bebe820d1d7a22a86721887ab2479865c79e09f0772b5cc7a6f,12800,2320000,219
MSREG_large_ee829fa09872553b,MG1655,3628800,3641600,3635200.0,large,WIN_large_ee829fa09872553b,0.8815158154763447,12800,0.8815158154763447,0.12951605113210796,density,1.0241336797167193,0.7388979512359701,0,0,4,3624000,3641600,4,74ad23450d048774ccd3562b25f5c03a14ba89eeb3076fe81b898151b96e9d1c,12800,2326400,220
MSREG_large_909ba0a4cef0ea31,MG1655,2601600,2614400,2608000.0,large,WIN_large_909ba0a4cef0ea31,0.8803699170865522,12800,0.04968778418910752,0.8803699170865522,shape,0.5904781187781473,1.1702617153949573,0,0,7,2596800,2619200,7,c1029d068eef28189cc123ca369ba18de34b01f8778a5d52e24148984331ed0e,12800,2339200,221
MSREG_large_b2705c3bb859fa8d,MG1655,2155200,2168000,2161600.0,large,WIN_large_b2705c3bb859fa8d,0.877531350640707,12800,0.10778149000018486,0.877531350640707,shape,0.6261936710446817,1.1288690302367324,0,0,7,2150400,2172800,7,972eeaf4b94c062746b5158bdd9500c097699536c2327243b5de3873136540e8,12800,2352000,222
MSREG_large_c13a680e9f958f97,MG1655,1001600,1014400,1008000.0,large,WIN_large_c13a680e9f958f97,0.8747294118817077,12800,0.12500924468293573,0.8747294118817077,shape,1.1702617153949573,0.5791971083684583,0,0,7,996800,1019200,7,5f2af9377b6981482a397ec301d9be9298be6e152ce74e38cb4d778b419c7b90,12800,2364800,223
MSREG_large_71ca244f1bee0fae,MG1655,747200,760000,753600.0,large,WIN_large_71ca244f1bee0fae,0.8596735745074398,12800,0.1948359859506842,0.8596735745074398,shape,1.1288690302367324,0.5904781187781473,0,0,4,747200,764800,4,c803756feae4305abb9697661de316698607c633216d0062cca90ebb21daffbc,12800,2371200,224
MSREG_large_afc8a33fe236ef75,MG1655,112000,124800,118400.0,large,WIN_large_afc8a33fe236ef75,0.8586370701960071,12800,0.8586370701960071,0.13248823469869203,density,1.0241336797167193,0.6931404606752949,0,0,2,110400,124800,2,c1115273032a3e498d4bb94a82c330b527c543455fdfa3e3fe310a55b79fa692,12800,2372800,225
MSREG_large_55a9e793812a8a27,MG1655,81600,94400,88000.0,large,WIN_large_55a9e793812a8a27,0.8500209969097465,12800,0.8500209969097465,0.08048581981236352,density,0.8915081144421284,0.8085338793773645,0,0,3,78400,94400,3,d9d64ec6c42b3336376d31910aea0f18ae0bdbca754bf488e0a17814e888465a,12800,2376000,226
MSREG_large_2b2284bc67a99632,MG1655,3864000,3876800,3870400.0,large,WIN_large_2b2284bc67a99632,0.8407792940627399,12800,0.8407792940627399,0.09701165107213,density,0.8915081144421284,0.7900504736833514,0,0,7,3859200,3881600,7,c338ac7937d5f8dd05c9c954f56584bdd074d5c2bb68ae23c5a8a0deb41da23c,12800,2387200,227
MSREG_large_192998bfb1a7dfab,MG1655,2008000,2020800,2014400.0,large,WIN_large_192998bfb1a7dfab,0.8388827995541703,12800,0.2260315563772642,0.8388827995541703,shape,1.1702617153949573,0.5075038837133833,0,0,2,2008000,2022400,2,9b86b78cfac13b633625b5f5c66dae585a2a10c5857714ad2c4856d0b0d4f914,12800,2388800,228
MSREG_large_472f4b303662cc96,MG1655,403200,416000,409600.0,large,WIN_large_472f4b303662cc96,0.8351387888578954,12800,0.17462652079740743,0.8351387888578954,shape,0.9149892102916513,0.7552883674241394,0,0,4,398400,416000,4,be39f7bdead574d5ff3921a955b38ee59e493c9051d48c9cdff1ea3c68ee19c3,12800,2395200,229
MSREG_large_ed0781b95640701d,MG1655,3348800,3361600,3355200.0,large,WIN_large_ed0781b95640701d,0.8296410967071637,12800,0.8296410967071637,0.063051745747089,density,0.8692317197309761,0.7900504736833514,0,0,4,3348800,3366400,4,388dec9054f9f8ccfbf5962942e887d2944e60b278d73b5102e66125c57068c8,12800,2401600,230
MSREG_large_f578b89093e5a6a1,MG1655,1699200,1712000,1705600.0,large,WIN_large_f578b89093e5a6a1,0.8296410967071637,12800,0.26997190461039233,0.8296410967071637,shape,0.9661417327390326,0.6931404606752949,0,0,7,1694400,1716800,7,abc8ed485deb57c68829a450bc2f798e75a99db210cc522e18251c6ca71f5063,12800,2414400,231
MSREG_large_ff062d2de37b08d6,MG1655,1872000,1884800,1878400.0,large,WIN_large_ff062d2de37b08d6,0.8269435807638107,12800,0.23848133313183612,0.8269435807638107,shape,0.9149892102916513,0.7388979512359701,0,0,4,1870400,1888000,4,69c211e56d5149c6ee4624df82b6b4d00fd5497f836a7889352c86d9baa7db88,12800,2419200,232
MSREG_large_ddb53635bf19887c,MG1655,1985600,1998400,1992000.0,large,WIN_large_ddb53635bf19887c,0.8207767132269479,12800,0.8207767132269479,0.18139991275053352,density,0.8692317197309761,0.7723217067229198,0,0,6,1980800,2001600,6,ddafc24b126164130ee1c9ca1753a4a7a2da175cce517404bb55048863191909,12800,2428800,233
MSREG_large_b730ef103e0f9401,MG1655,1705600,1718400,1712000.0,large,WIN_large_b730ef103e0f9401,0.815626734907042,12800,0.28668378235386716,0.815626734907042,shape,0.9661417327390326,0.6651117370750513,0,0,4,1705600,1723200,4,5992f8a8f08743141f1827ba9634eda825b4c953a0b6c0bd929c87aa03b1c68a,12800,2435200,234
MSREG_large_bd66bc3dcb5e640b,MG1655,2950400,2963200,2956800.0,large,WIN_large_bd66bc3dcb5e640b,0.8114264638938262,12800,0.12106100425991881,0.8114264638938262,shape,0.9149892102916513,0.7078637174960013,0,0,4,2950400,2968000,4,b20650c1749b1024b00ceb4c0f8b7be148fdff37ec9855c5cf7f162893d0748f,12800,2441600,235
MSREG_large_1c5b5ff7a28bfdea,MG1655,2638400,2651200,2644800.0,large,WIN_large_1c5b5ff7a28bfdea,0.799292176530358,12800,0.799292176530358,0.21612646564709542,density,0.7900504736833514,0.8085338793773645,0,0,7,2633600,2656000,7,05255a558c0544313b617e144e18a59d4f40572b831babfb1569c90e86f73d53,12800,2454400,236
MSREG_large_4306d01f5995cbd5,MG1655,3033600,3046400,3040000.0,large,WIN_large_4306d01f5995cbd5,0.799292176530358,12800,0.799292176530358,0.18820264381921484,density,0.7900504736833514,0.8085338793773645,0,0,4,3028800,3046400,4,eebf14ab9fa895b7de88cdee9da9797d3ea0db904121f31fcdaa61b4195d9ac6,12800,2460800,237
MSREG_large_5ad2cca2cbf257d9,MG1655,510400,523200,516800.0,large,WIN_large_5ad2cca2cbf257d9,0.7961677018918571,12800,0.14909211311318207,0.7961677018918571,shape,1.0241336797167193,0.568201724066995,0,0,4,510400,528000,4,8f11eb779b71d69d586bd450ec90d4c553b652475b529a3a2362c29843df0407,12800,2467200,238
MSREG_large_2b72aa5a502b16e7,MG1655,2452800,2465600,2459200.0,large,WIN_large_2b72aa5a502b16e7,0.7915637009984453,12800,0.16814403221522364,0.7915637009984453,shape,0.7552883674241394,0.8278390345727511,0,0,6,2449600,2470400,6,b27d59f63d3f48461fce7ee76aa34e966b05e387c3edc1536783ac91bcf8ca2c,12800,2476800,239
MSREG_large_65d4ff754469648f,MG1655,1380800,1393600,1387200.0,large,WIN_large_65d4ff754469648f,0.7900504736833514,12800,0.22577904324478873,0.7900504736833514,shape,0.9149892102916513,0.6651117370750513,0,0,7,1376000,1398400,7,33b4222573378151c234d4e15c6aacfd7fdcd9079a01bd1995bbb37adeb4ae39,12800,2489600,240
MSREG_large_364f26ded3bb3bd9,MG1655,4513600,4526400,4520000.0,large,WIN_large_364f26ded3bb3bd9,0.7900504736833514,12800,0.21124654700251733,0.7900504736833514,shape,0.9149892102916513,0.6651117370750513,0,0,4,4508800,4526400,4,49fbdf08551adc6cbec82154fc94e85d2ee7a3c780f751ea776098f69ea55279,12800,2496000,241
MSREG_large_38b5f14a65353f80,MG1655,2694400,2707200,2700800.0,large,WIN_large_38b5f14a65353f80,0.7900504736833514,12800,0.21844545735283857,0.7900504736833514,shape,0.9149892102916513,0.6651117370750513,0,0,7,2689600,2712000,7,98c3d0209778d8b5acd6841995c1b96b29c46107c70bbff5b4fa25d6c107351f,12800,2508800,242
MSREG_large_689c98a562c14932,MG1655,950400,963200,956800.0,large,WIN_large_689c98a562c14932,0.7885477186134887,12800,0.7885477186134887,0.08241885126391627,density,0.8692317197309761,0.7078637174960013,0,0,7,945600,968000,7,9de2388d70fd460f389ef8b14340cb09a7d77552cabd69249174ebfda9afeb7a,12800,2521600,243
MSREG_large_96ad3ce6ad0ba266,MG1655,1772800,1785600,1779200.0,large,WIN_large_96ad3ce6ad0ba266,0.7833684929043606,12800,0.06475487009304476,0.7833684929043606,shape,0.7388979512359701,0.8278390345727511,0,0,5,1771200,1790400,5,20e67ad0593987f8808e89f218d0f3f0be4c64ecfb4f840c2dbc38d52e024182,12800,2529600,244
MSREG_large_3b3945d02035de64,MG1655,3782400,3795200,3788800.0,large,WIN_large_3b3945d02035de64,0.7811860902031356,12800,0.7811860902031356,0.31904644717219477,density,0.7900504736833514,0.7723217067229198,0,0,5,3777600,3796800,5,2c123d60ce49d1665d7d683c9477331212ab504aa313e948730d98f95e163de4,12800,2537600,245
MSREG_large_17ed1b4e3253350b,MG1655,4305600,4318400,4312000.0,large,WIN_large_17ed1b4e3253350b,0.7754713593127447,12800,0.14503316800209237,0.7754713593127447,shape,0.7231036840527382,0.8278390345727511,0,0,4,4305600,4323200,4,afa8978852599ba9a5419144f7da7f633be0cb78c36ab1714f7c373b3bd9cb2f,12800,2544000,246
MSREG_large_d5a551fbe08935e2,MG1655,3206400,3219200,3212800.0,large,WIN_large_d5a551fbe08935e2,0.7740658706458304,12800,0.19253811010610963,0.7740658706458304,shape,0.8692317197309761,0.6789000215606847,0,0,5,3203200,3222400,5,bc44d4be557519b4acba0bb09e0eff4533705e2c8c632a2dd929a5a8a99cc716,12800,2550400,247
MSREG_large_37664a6eecbf07ec,MG1655,2891200,2904000,2897600.0,large,WIN_large_37664a6eecbf07ec,0.7716279449795991,12800,0.08586570523786649,0.7716279449795991,shape,0.6517477755170699,0.8915081144421284,0,0,7,2886400,2908800,7,3f2e50328f69912b98488870b29921c02ae03ffe83d1a847b092dfdcfd5e1644,12800,2563200,248
MSREG_large_6fb5d7c103a1284b,MG1655,497600,510400,504000.0,large,WIN_large_6fb5d7c103a1284b,0.7671717284030137,12800,0.2672056603104118,0.7671717284030137,shape,0.8692317197309761,0.6651117370750513,0,0,3,494400,510400,3,89c2de5768c3e7814acf49dcf96e518ec2ed091bd51c4f0a0b516455398dd454,12800,2566400,249
MSREG_large_a5a0716645d10f7c,MG1655,1672000,1684800,1678400.0,large,WIN_large_a5a0716645d10f7c,0.7671717284030137,12800,0.4182302740556115,0.7671717284030137,shape,0.8692317197309761,0.6651117370750513,0,0,7,1667200,1689600,7,ba7b75bd43475be0bedb76247e798dcd791c934816a4e07e6927c54643e28483,12800,2579200,250
MSREG_large_3fd47aafde9cfd86,MG1655,852800,865600,859200.0,large,WIN_large_3fd47aafde9cfd86,0.7658187817150514,12800,0.10768380060469232,0.7658187817150514,shape,0.7231036840527382,0.8085338793773645,0,0,6,848000,868800,6,c910fea20eebded6f6750838aca2d88e6c581369769d3fe4e18d881ab6b55e7d,12800,2588800,251
MSREG_large_4c73b6f8ead77824,MG1655,795200,808000,801600.0,large,WIN_large_4c73b6f8ead77824,0.7644742124596606,12800,0.10800960297781624,0.7644742124596606,shape,0.9149892102916513,0.6139592146276701,0,0,4,795200,812800,4,f135bd9915794a180127b10c649787542c3976c9d774e50d6966a59f8a6a57e2,12800,2595200,252
MSREG_large_7faf09a42e71b05f,MG1655,3483200,3496000,3489600.0,large,WIN_large_7faf09a42e71b05f,0.7638050370735296,12800,0.7638050370735296,0.08749117703377085,density,0.7552883674241394,0.7723217067229198,0,0,3,3483200,3499200,3,4da8995c23481f28166c3cb8770b494f3c279a989bc559cba819ec9101b946db,12800,2598400,253
MSREG_large_4293f8c7e34fa399,MG1655,4000000,4012800,4006400.0,large,WIN_large_4293f8c7e34fa399,0.7565770788680448,12800,0.35091727204989565,0.7565770788680448,shape,0.8480424206610382,0.6651117370750513,0,0,6,3995200,4016000,6,1cbb83deeafaf7685aa1568442e758b6346ef44017e5f32f115d96ed0981a526,12800,2608000,254
MSREG_large_99e7b2641cee16ee,MG1655,3100800,3113600,3107200.0,large,WIN_large_99e7b2641cee16ee,0.7565770788680448,12800,0.18351306102892573,0.7565770788680448,shape,0.8480424206610382,0.6651117370750513,0,0,5,3099200,3118400,5,226141cdb053e123824e3c240cc8dcf665a18f01528ff782e5779cb3ec5e43c9,12800,2616000,255
MSREG_large_258d70b5b303c10e,MG1655,3667200,3680000,3673600.0,large,WIN_large_258d70b5b303c10e,0.7565770788680448,12800,0.19715843847356596,0.7565770788680448,shape,0.8480424206610382,0.6651117370750513,0,0,7,3662400,3684800,7,902e9f6b17ca95c02f9cc6291e403176cc9659ff5fa05ef5ee1f0ceca9bdcfd6,12800,2628800,256
MSREG_large_8d745896e5e74c0f,MG1655,1939200,1952000,1945600.0,large,WIN_large_8d745896e5e74c0f,0.7565770788680448,12800,0.377926523162783,0.7565770788680448,shape,0.8480424206610382,0.6651117370750513,0,0,7,1934400,1956800,7,fbfcead7f788531d82f82189b0eefcaf0e5b33c75bbab7bae642d53ed2a910f1,12800,2640000,257
MSREG_large_4a8820d3c918a5e4,MG1655,4404800,4417600,4411200.0,large,WIN_large_4a8820d3c918a5e4,0.755609828979445,12800,0.755609828979445,0.1617450457455672,density,0.7388979512359701,0.7723217067229198,0,0,6,4401600,4422400,6,c39cb39ea40175c705ac69fd8be0aaf014c6d803f276fb25d743ebdc583210ec,12800,2649600,258
MSREG_large_7f1e5c878ef74d4a,MG1655,2430400,2443200,2436800.0,large,WIN_large_7f1e5c878ef74d4a,0.755609828979445,12800,0.755609828979445,0.1638431030423713,density,0.7388979512359701,0.7723217067229198,0,0,7,2425600,2448000,7,ef606ce7074ca42d9afb1f14895bc2e4b70f81a6dd0af8572de769c3434116d2,12800,2662400,259
MSREG_large_37c644ef8ccefc25,MG1655,3684800,3697600,3691200.0,large,WIN_large_37c644ef8ccefc25,0.747712695387829,12800,0.19253811010610963,0.747712695387829,shape,0.7723217067229198,0.7231036840527382,0,0,7,3680000,3702400,7,cf5f8b3b486a47a47a4d937defb082be723513baad2356a2691240bea31fe0bf,12800,2675200,260
MSREG_large_437e81886e50562c,MG1655,1678400,1691200,1684800.0,large,WIN_large_437e81886e50562c,0.7415954671793231,12800,0.2727738433693916,0.7415954671793231,shape,0.7900504736833514,0.6931404606752949,0,0,1,1678400,1691200,1,fabbca72dbdbf06b6ee67fa0040a9d6c2dc36772608ff8ba769578fb5428285a,12800,2675200,261
MSREG_large_9fe0a9a2c926c7f1,MG1655,3905600,3918400,3912000.0,large,WIN_large_9fe0a9a2c926c7f1,0.7400927121094605,12800,0.7400927121094605,0.14372249365324755,density,0.7078637174960013,0.7723217067229198,0,0,4,3900800,3918400,4,0e8537ad0f32b179267cda541152af60005f067d0dca25a012ce2378064731a2,12800,2681600,262
MSREG_large_027567d18016284a,MG1655,993600,1006400,1000000.0,large,WIN_large_027567d18016284a,0.7391960257384388,12800,0.0596850544176048,0.7391960257384388,shape,0.7231036840527382,0.7552883674241394,0,0,5,988800,1008000,5,27dbaf806760351e929da40e82459cbd3a0edf97441757e6cbb1c3f3ab1a03a4,12800,2689600,263
MSREG_large_079aa172358d9465,MG1655,3566400,3579200,3572800.0,large,WIN_large_079aa172358d9465,0.7388979512359701,12800,0.7388979512359701,0.45059536847982606,density,0.7388979512359701,0.7388979512359701,0,0,4,3566400,3584000,4,d59546bd496a1f4438f6572632940f4137c887bb17354c923006edffadd95aad,12800,2696000,264
MSREG_large_d59267e26964decd,MG1655,3236800,3249600,3243200.0,large,WIN_large_d59267e26964decd,0.7327310836991073,12800,0.7327310836991073,0.3645593965391607,density,0.6931404606752949,0.7723217067229198,0,0,7,3232000,3254400,7,12a25811d2bcf1c913cdd4ff1899b12d4fab0125ac99c58e9af728a41898dddf,12800,2708800,265
MSREG_large_a7954a40cb953804,MG1655,963200,976000,969600.0,large,WIN_large_a7954a40cb953804,0.7315760424600704,12800,0.3608194728972322,0.7315760424600704,shape,0.7552883674241394,0.7078637174960013,0,0,4,958400,976000,4,2988f40b31e41ca2132a157dd179988947e8d70439209cc36a775b755bdef0df,12800,2715200,266
MSREG_large_5bb42bf5524efc0c,MG1655,475200,488000,481600.0,large,WIN_large_5bb42bf5524efc0c,0.7310008176443541,12800,0.3743955959190396,0.7310008176443541,shape,0.8480424206610382,0.6139592146276701,0,0,3,472000,488000,3,ebb17d534f975c826f8dec6cfec4ab88cc964efcf4270b4dd336089c038b4509,12800,2718400,267
MSREG_large_cb4dde66613e9ab7,MG1655,4564800,4577600,4571200.0,large,WIN_large_cb4dde66613e9ab7,0.7275811053792014,12800,0.1926343739848674,0.7275811053792014,shape,0.7900504736833514,0.6651117370750513,0,0,4,4564800,4582400,4,8f4da943dd918186c67898092d8226680e1d29e76057b674311f127d926be96b,12800,2724800,268
MSREG_large_a67945808edb67b3,MG1655,3928000,3940800,3934400.0,large,WIN_large_a67945808edb67b3,0.7233808343659858,12800,0.7233808343659858,0.24159546717932315,density,0.7078637174960013,0.7388979512359701,0,0,6,3924800,3945600,6,e1ed85b3ab8c0e09f34f80ec2477ec38506350f1c8d624115bafb2b296550c97,12800,2734400,269
MSREG_large_de2040d8d3abed26,MG1655,1249600,1262400,1256000.0,large,WIN_large_de2040d8d3abed26,0.7160192059556325,12800,0.7160192059556325,0.16168241615105,density,0.7388979512359701,0.6931404606752949,0,0,4,1244800,1262400,4,b32c4408124cc793dcfc4d6b3ccaa78436813cf45ba6bb713814afa4157c53a8,12800,2740800,270
MSREG_large_e9d0f2dc2b76f8a1,MG1655,2352000,2364800,2358400.0,large,WIN_large_e9d0f2dc2b76f8a1,0.7154837007743697,12800,0.056318363088120604,0.7154837007743697,shape,0.7231036840527382,0.7078637174960013,0,0,6,2348800,2369600,6,4fb0d0b374cda136e766545a781e72fd0d73de46f6b7b2befca99bb7fb525e17,12800,2750400,271
MSREG_large_fdc58453f3c3d166,MG1655,4123200,4136000,4129600.0,large,WIN_large_fdc58453f3c3d166,0.7120347411199948,12800,0.21361976451474812,0.7120347411199948,shape,0.7723217067229198,0.6517477755170699,0,0,4,4118400,4136000,4,9695c68609e704e7db65dacfc39c302fd356b87cacc184ed294134568aa4e502,12800,2756800,272
MSREG_large_e4f8a85a6b53c4e9,MG1655,2291200,2304000,2297600.0,large,WIN_large_e4f8a85a6b53c4e9,0.7091585766754491,12800,0.056318363088120604,0.7091585766754491,shape,0.5904781187781473,0.8278390345727511,0,0,7,2286400,2308800,7,f03dcbdc7f9b64111221c98e6296f29937ad1f593d4875220dc7f2cd8b7fc2a9,12800,2769600,273
MSREG_large_638a1bfd24e2e1a0,MG1655,1734400,1747200,1740800.0,large,WIN_large_638a1bfd24e2e1a0,0.7088989863983275,12800,0.7088989863983275,0.304467332801588,density,0.7388979512359701,0.6789000215606847,0,0,7,1729600,1752000,7,acad7537bcf5fa2ddf1b16c7cce8fc95816e9b13eae4f62ee164ffa2b876632f,12800,2782400,274
MSREG_large_11d1a44ee4058bd5,MG1655,2923200,2936000,2929600.0,large,WIN_large_11d1a44ee4058bd5,0.7081220723640165,12800,0.7081220723640165,0.23074246277633886,density,0.6931404606752949,0.7231036840527382,0,0,4,2923200,2940800,4,33a3ac71bf9411afad176df959858d5ee1085f7922e588823469172ecb355670,12800,2788800,275
MSREG_large_2119a573c0e0bea5,MG1655,3857600,3870400,3864000.0,large,WIN_large_2119a573c0e0bea5,0.7081220723640165,12800,0.7081220723640165,0.1702617153949574,density,0.7231036840527382,0.6931404606752949,0,0,4,3852800,3870400,4,505a6b723efd907ab842cb0673272e2fa9cea89381cd35636f823dee24939605,12800,2795200,276
MSREG_large_1033e38b72f1ba71,MG1655,2632000,2644800,2638400.0,large,WIN_large_1033e38b72f1ba71,0.7081220723640165,12800,0.7081220723640165,0.20647388804940214,density,0.6931404606752949,0.7231036840527382,0,0,3,2628800,2644800,3,d5bd2e2e6f700b99a06070c5d73af8aa18bffc9558e08f1e3a433ae190e64168,12800,2798400,277
MSREG_large_affefdd1dfc10f12,MG1655,3062400,3075200,3068800.0,large,WIN_large_affefdd1dfc10f12,0.7081220723640165,12800,0.7081220723640165,0.06136187542139872,density,0.6931404606752949,0.7231036840527382,0,0,4,3057600,3075200,4,e2b940b898d5d0c1f2284218a1efc77412db21d9a082b5ae50bf31b8d26436b7,12800,2804800,278
MSREG_large_ced93ca6cb5e1195,MG1655,185600,198400,192000.0,large,WIN_large_ced93ca6cb5e1195,0.7078637174960013,12800,0.7078637174960013,0.2597671271869326,density,0.7078637174960013,0.7078637174960013,0,0,4,180800,198400,4,96bb5e8ce3c42afae3f49776b22763e9da6ca49250da02422140c38d005a35c3,12800,2811200,279
MSREG_large_a91eda88a240b1a5,MG1655,1913600,1926400,1920000.0,large,WIN_large_a91eda88a240b1a5,0.7078637174960013,12800,0.7078637174960013,0.2307711536980892,density,0.7078637174960013,0.7078637174960013,0,0,7,1908800,1931200,7,e18e0a012d013610a2cabc2e23e1713131e288993c287f38f204cbf8df0ba024,12800,2822400,280
MSREG_large_a7c16a1f8a4b0c37,MG1655,673600,686400,680000.0,large,WIN_large_a7c16a1f8a4b0c37,0.7035180714706046,12800,0.21132523779553344,0.7035180714706046,shape,0.8278390345727511,0.5791971083684583,0,0,7,668800,691200,7,916987cb98c6ff6e31a1066334a33c881b35e5674bb3edc643fd1b0cf60b1198,12800,2835200,281
MSREG_large_eb46e82005018555,MG1655,4379200,4392000,4385600.0,large,WIN_large_eb46e82005018555,0.7010018528067115,12800,0.7010018528067115,0.3578114142927123,density,0.6789000215606847,0.7231036840527382,0,0,3,4379200,4395200,3,b98a131f0bd33f916b741807f88a173ccaecbab3ffc2903bfad4913c12fe767f,12800,2838400,282
MSREG_large_cb72ee0fe4f79b26,MG1655,3992000,4004800,3998400.0,large,WIN_large_cb72ee0fe4f79b26,0.7005020890856481,12800,0.7005020890856481,0.3130968355223409,density,0.6931404606752949,0.7078637174960013,0,0,2,3992000,4006400,2,d3cdfd18d9ec9f61e91cccb66ab1315cb83f180d52e8c2a8505eca1975eb3e22,12800,2840000,283
MSREG_large_a7f14829f9dc66a3,MG1655,1825600,1838400,1832000.0,large,WIN_large_a7f14829f9dc66a3,0.6995059990777559,12800,0.04968778418910752,0.6995059990777559,shape,0.5075038837133833,0.8915081144421284,0,0,4,1820800,1838400,4,46a654697771481a6389b546dc67fe0bf906d931c8a8df40e0ad27f38f5c6fe8,12800,2844800,284
MSREG_large_6e8e6d165a6b646b,MG1655,4068800,4081600,4075200.0,large,WIN_large_6e8e6d165a6b646b,0.6931404606752949,12800,0.6931404606752949,0.2041263274452122,density,0.6931404606752949,0.6931404606752949,0,0,5,4064000,4083200,5,28557f7dcb8a701aee4570c61dc7228e1dfe461518cc13c4f0640ca66d4dd49a,12800,2852800,285
MSREG_large_fe578ad8f62479df,MG1655,2713600,2726400,2720000.0,large,WIN_large_fe578ad8f62479df,0.6931404606752949,12800,0.6931404606752949,0.08058637422071357,density,0.6931404606752949,0.6931404606752949,0,0,7,2708800,2731200,7,55648de8b25a6e53c1bf5f576b40780895b37716616ce8111b6c4dcbf68e3d7f,12800,2865600,286
MSREG_large_4ac009360265eeac,MG1655,753600,766400,760000.0,large,WIN_large_4ac009360265eeac,0.6931404606752949,12800,0.6050948311474543,0.6931404606752949,shape,1.1702617153949573,0.7723217067229198,0,0,2,753600,768000,2,b0160dfae6fb1e49f37fb24befeb720ff68af1996d8ee3291a814457159c1556,12800,2867200,287
MSREG_large_c9414a781f81ff4d,MG1655,643200,656000,649600.0,large,WIN_large_c9414a781f81ff4d,0.6926584466239865,12800,0.0596850544176048,0.6926584466239865,shape,0.5574778586752219,0.8278390345727511,0,0,7,638400,660800,7,0f65d82dc6506b18241c96a2c893d1e375de9f1aea1066b109ca2758f6242c9c,12800,2880000,288
MSREG_large_bcd8403147dca688,MG1655,3027200,3040000,3033600.0,large,WIN_large_bcd8403147dca688,0.6926584466239865,12800,0.1902642962307493,0.6926584466239865,shape,0.8278390345727511,0.5574778586752219,0,0,1,3027200,3040000,1,c78127cb5d7eba33a97d32a7939a775cfe07e0d56c47cd21dbe9400e868bf2c0,12800,2880000,289
MSREG_large_afd01835eabe2d02,MG1655,1198400,1211200,1204800.0,large,WIN_large_afd01835eabe2d02,0.6888403747943361,12800,0.18358231545175852,0.6888403747943361,shape,0.7388979512359701,0.6387827983527022,0,0,7,1193600,1216000,7,7fcc852b4158e60a9060bb55cef057519f6f3b75cba9f259ce82724007b528d9,12800,2892800,290
MSREG_large_ee71b320b1acb963,MG1655,3723200,3736000,3729600.0,large,WIN_large_ee71b320b1acb963,0.6864877272855263,12800,0.2782028071634957,0.6864877272855263,shape,0.7078637174960013,0.6651117370750513,0,0,5,3718400,3737600,5,5d767cfe50a0f9c580d81c806f8307674ea6dc57a7a5e668350396496051e697,12800,2900800,291
MSREG_large_26e95ecdc8e7c0a8,MG1655,692800,705600,699200.0,large,WIN_large_26e95ecdc8e7c0a8,0.6864877272855263,12800,0.6864877272855263,0.23682280822620796,density,0.6651117370750513,0.7078637174960013,0,0,4,688000,705600,4,aa22cac435873891aca6a84199039b8c96e086e92e9051c09f341140e17cbd84,12800,2907200,292
MSREG_large_cc099fe05a7526a7,MG1655,2904000,2916800,2910400.0,large,WIN_large_cc099fe05a7526a7,0.6864877272855263,12800,0.6864877272855263,0.3325558685375257,density,0.6651117370750513,0.7078637174960013,0,0,4,2899200,2916800,4,ca9871095db8b3cef71882fd691de47c5c6e411d05fab52b631d8dc4253d65bd,12800,2913600,293
MSREG_large_6cf31f176d91e0e1,MG1655,2851200,2864000,2857600.0,large,WIN_large_6cf31f176d91e0e1,0.6864877272855263,12800,0.056318363088120604,0.6864877272855263,shape,0.7078637174960013,0.6651117370750513,0,0,7,2846400,2868800,7,e90f080e11482a1918e68db489c9ccc1f1a56bdab7ef93ae1e3567fd51b98444,12800,2926400,294
MSREG_large_c03d7bdecc0e4610,MG1655,4115200,4128000,4121600.0,large,WIN_large_c03d7bdecc0e4610,0.6860202411179899,12800,0.6860202411179899,0.2282607530105638,density,0.6789000215606847,0.6931404606752949,0,0,5,4110400,4129600,5,cf679a5f8b3867d0d48a348d9d625572dce99d9ee3486aefd0cedcbe4e5a7761,12800,2934400,295
MSREG_large_66b03bdb3948d980,MG1655,3372800,3385600,3379200.0,large,WIN_large_66b03bdb3948d980,0.6860202411179899,12800,0.6860202411179899,0.2894857211128664,density,0.6931404606752949,0.6789000215606847,0,0,7,3368000,3390400,7,fa00a36ccef4a7e650e9a73c869a7d303c26716d2ae25e04ce5b57634f6fc35f,12800,2947200,296
MSREG_large_1fd92a9d41b07a7c,MG1655,905600,918400,912000.0,large,WIN_large_1fd92a9d41b07a7c,0.6846237910259048,12800,0.10209171712843547,0.6846237910259048,shape,0.7552883674241394,0.6139592146276701,0,0,5,904000,923200,5,d5e1bb65cb2f3dca999a2f8bfd8742c504b8ed0df1a7c2d2d201954e531449a6,12800,2955200,297
MSREG_large_f1f8ad672e056114,MG1655,198400,211200,204800.0,large,WIN_large_f1f8ad672e056114,0.6791260988751731,12800,0.6791260988751731,0.14497517701738352,density,0.6651117370750513,0.6931404606752949,0,0,4,198400,216000,4,00637fbe0c9716546b6f1029c6de551e4e18ab54fd8fcdf38eb71e1035e360d8,12800,2960000,298
MSREG_large_6ffa0f011b23f7e9,MG1655,3696000,3708800,3702400.0,large,WIN_large_6ffa0f011b23f7e9,0.6791260988751731,12800,0.6791260988751731,0.24625957964632328,density,0.6651117370750513,0.6931404606752949,0,0,7,3691200,3713600,7,0c353e90a174f0fcabf81c232b38fdd1e760a43883f6540f243fb2482055adc6,12800,2971200,299
MSREG_large_4034804b76c03883,MG1655,2166400,2179200,2172800.0,large,WIN_large_4034804b76c03883,0.6791260988751731,12800,0.6791260988751731,0.03039403168970648,density,0.6931404606752949,0.6651117370750513,0,0,5,2161600,2180800,5,3cdf46cad6ff287be9906bd01ae59cf1db6da5716ea8e05b043b47602114abdd,12800,2977600,300
MSREG_large_4b98990117f57c7f,MG1655,2817600,2830400,2824000.0,large,WIN_large_4b98990117f57c7f,0.6791260988751731,12800,0.6791260988751731,0.20711622195252571,density,0.6931404606752949,0.6651117370750513,0,0,7,2812800,2835200,7,45e0982ef14a126bf7cd8b23afbd7531f6632a22cf23ac6f6f454c1bb385f13b,12800,2990400,301
MSREG_large_c96aa8bde150f82f,MG1655,4182400,4195200,4188800.0,large,WIN_large_c96aa8bde150f82f,0.6791260988751731,12800,0.6791260988751731,0.1553669799790296,density,0.6651117370750513,0.6931404606752949,0,0,4,4182400,4200000,4,b217fcdde6931e635477f21f5fe4484ba9d6366380f13cbe6c65e5c676acf917,12800,2996800,302
MSREG_large_741c1e8bed87df82,MG1655,705600,718400,712000.0,large,WIN_large_741c1e8bed87df82,0.6789000215606847,12800,0.6789000215606847,0.2648767097777756,density,0.6789000215606847,0.6789000215606847,0,0,4,705600,723200,4,289a2215bf27c79d669e10c7615b3e8b3dd739bbc912a044b63f3edfa70204c1,12800,3003200,303
MSREG_large_830887097367d132,MG1655,1321600,1334400,1328000.0,large,WIN_large_830887097367d132,0.6786741793760509,12800,0.24601320634977406,0.6786741793760509,shape,0.7552883674241394,0.6020599913279624,0,0,4,1321600,1339200,4,53d4ba6ce5975bce89e5078c832e1919e604e7f074417a2657886a60ad21f699,12800,3009600,304
MSREG_large_66403952a8506b7f,MG1655,1435200,1448000,1441600.0,large,WIN_large_66403952a8506b7f,0.6786741793760509,12800,0.1948359859506842,0.6786741793760509,shape,0.7552883674241394,0.6020599913279624,0,0,5,1433600,1452800,5,e676f5dbc19b7fc84de2832f30526bbaf9934d3991a97cd18a0481556eabaf6f,12800,3017600,305
MSREG_large_7ef25fff1633ecc9,MG1655,131200,144000,137600.0,large,WIN_large_7ef25fff1633ecc9,0.6764285829318202,12800,0.2041263274452122,0.6764285829318202,shape,0.7388979512359701,0.6139592146276701,0,0,4,131200,148800,4,3fb5725e95e85470db4a10f24049d08b4aea2d75b188a29b543b6f85c3abc6d3,12800,3024000,306
MSREG_large_7e7109f19b6a02af,MG1655,873600,886400,880000.0,large,WIN_large_7e7109f19b6a02af,0.6764285829318202,12800,0.09844209775768573,0.6764285829318202,shape,0.7388979512359701,0.6139592146276701,0,0,4,868800,886400,4,77f113641c280b250cf5de572efd635c01b304748a4d62068d4dadeefdbad5e2,12800,3028800,307
MSREG_large_81d7de000850553d,MG1655,3704000,3716800,3710400.0,large,WIN_large_81d7de000850553d,0.672005879317868,12800,0.672005879317868,0.16596162951399862,density,0.6651117370750513,0.6789000215606847,0,0,5,3702400,3721600,5,101d68a3d9242e933ba854a463028324879fd6ffd058bb798c1c3a7e47b5e669,12800,3036800,308
MSREG_large_0ca0d5bbbdfaa964,MG1655,2265600,2278400,2272000.0,large,WIN_large_0ca0d5bbbdfaa964,0.672005879317868,12800,0.672005879317868,0.2556098289794449,density,0.6789000215606847,0.6651117370750513,0,0,1,2265600,2278400,1,4221906e3f8b6867264cd9d5a6244580b709b5ba04f1d1e6b41ef191c90dacaf,12800,3036800,309
MSREG_large_20d09496d8779c9d,MG1655,1332800,1345600,1339200.0,large,WIN_large_20d09496d8779c9d,0.672005879317868,12800,0.672005879317868,0.2619091235616997,density,0.6789000215606847,0.6651117370750513,0,0,7,1328000,1350400,7,f5f386996b6cdf8e2b6a3b7a1ba3c66a7a49ba8490906c21582df0d835e91b5d,12800,3046400,310
MSREG_large_96650f5a57d7ab6e,MG1655,886400,899200,892800.0,large,WIN_large_96650f5a57d7ab6e,0.6685314493402041,12800,0.15119017040998617,0.6685314493402041,shape,0.7231036840527382,0.6139592146276701,0,0,4,886400,904000,4,304742a3d4e179c04a1747e50441110b98e8d0d3899421512b9a4c33424deca8,12800,3051200,311
MSREG_large_f0933f29a147048c,MG1655,2684800,2697600,2691200.0,large,WIN_large_f0933f29a147048c,0.6685314493402041,12800,0.2136727983997234,0.6685314493402041,shape,0.7231036840527382,0.6139592146276701,0,0,6,2680000,2700800,6,83fe0ed721b6990c6aa56c172b34f45560af85ab5d41b5eb601ec88fff2e29e1,12800,3060800,312
MSREG_large_087c924201256747,MG1655,4107200,4120000,4113600.0,large,WIN_large_087c924201256747,0.6651117370750513,12800,0.6651117370750513,0.2981152238336192,density,0.6651117370750513,0.6651117370750513,0,0,5,4102400,4121600,5,b2dd60751000b379d4bda20c659fb47b0dd4558fa1f71986f540c9d38015ee00,12800,3068800,313
MSREG_large_aa56bf97c32e45f2,MG1655,3592000,3604800,3598400.0,large,WIN_large_aa56bf97c32e45f2,0.6651117370750513,12800,0.6651117370750513,0.10393978990841732,density,0.6651117370750513,0.6651117370750513,0,0,1,3592000,3604800,1,b3862e32bf77ac9642104e81064205dca1198b9b83076203cde120ec6468f7ec,12800,3068800,314
MSREG_large_4099e2b538a39b94,MG1655,3772800,3785600,3779200.0,large,WIN_large_4099e2b538a39b94,0.6584297562960606,12800,0.6584297562960606,0.2648767097777756,density,0.6517477755170699,0.6651117370750513,0,0,6,3768000,3788800,6,2dbe72564d269c7b395cb7e78f18727eb62935230ba781dc3fea1d60b6e9c4c0,12800,3076800,315
MSREG_large_f301ecb5c3386697,MG1655,4436800,4449600,4443200.0,large,WIN_large_f301ecb5c3386697,0.6584297562960606,12800,0.6584297562960606,0.4340297670914627,density,0.6651117370750513,0.6517477755170699,0,0,7,4432000,4454400,7,4613e06d4b0e019a1697465d90a73ffc0bb833b668341df14a83eb3900d2202b,12800,3089600,316
MSREG_large_924f5e0feed4f335,MG1655,457600,470400,464000.0,large,WIN_large_924f5e0feed4f335,0.6584297562960606,12800,0.6584297562960606,0.1926343739848674,density,0.6651117370750513,0.6517477755170699,0,0,2,457600,472000,2,4b5bb22d80b09698a86e56cb9abccdbc41f62762112bae8e8c33c80a660ce45c,12800,3091200,317
MSREG_large_f194f245dbbb769c,MG1655,432000,444800,438400.0,large,WIN_large_f194f245dbbb769c,0.6584297562960606,12800,0.6584297562960606,0.36102846929541726,density,0.6517477755170699,0.6651117370750513,0,0,4,432000,449600,4,54373d9bb0fd1e062edf668bb04da4d51810a36b99c13a8b2513ff439f8eca04,12800,3097600,318
MSREG_large_3e1365a76a94f830,MG1655,3110400,3123200,3116800.0,large,WIN_large_3e1365a76a94f830,0.6584297562960606,12800,0.056318363088120604,0.6584297562960606,shape,0.6517477755170699,0.6651117370750513,0,0,3,3107200,3123200,3,67c164e76ed3b61d69d0dd608cc1ea1530b06df4cc3b4b8c72ac5a07f7e1644c,12800,3100800,319
MSREG_large_9076f2ab4f227ba1,MG1655,2729600,2742400,2736000.0,large,WIN_large_9076f2ab4f227ba1,0.6584297562960606,12800,0.6584297562960606,0.03355271800923036,density,0.6651117370750513,0.6517477755170699,0,0,4,2724800,2742400,4,8c948118bca3285d0cc849c08548424bb5162430fac5ce4b185ad1a2c557da97,12800,3107200,320
MSREG_large_868364eceeff5e3b,MG1655,2968000,2980800,2974400.0,large,WIN_large_868364eceeff5e3b,0.6563831130496807,12800,0.2511836230188835,0.6563831130496807,shape,0.7552883674241394,0.5574778586752219,0,0,4,2963200,2980800,4,59a6eca1de8c5220b2bcfe555dd27db58f8bb5e3f451ee42aba812608eeb34e4,12800,3113600,321
MSREG_large_fd84b0664b19e91e,MG1655,803200,816000,809600.0,large,WIN_large_fd84b0664b19e91e,0.6535498376514826,12800,0.051339101964150334,0.6535498376514826,shape,0.6931404606752949,0.6139592146276701,0,0,3,801600,817600,3,13f05b83ad7b8756379d1fd3b8871e0f73faf4070f9345749e82d327a18895b9,12800,3116800,322
MSREG_large_f2c0b1a4ff5814bf,MG1655,4272000,4284800,4278400.0,large,WIN_large_f2c0b1a4ff5814bf,0.6519472677138768,12800,0.6519472677138768,0.281041373609341,density,0.6651117370750513,0.6387827983527022,0,0,3,4272000,4288000,3,11bfdc25467ca39753060e969cfb70b68b0cf2fadb7461af9bbb84745da2dba3,12800,3120000,323
MSREG_large_7953a95a6e99adb6,MG1655,2588800,2601600,2595200.0,large,WIN_large_7953a95a6e99adb6,0.6517477755170699,12800,0.6517477755170699,0.18801404561741109,density,0.6517477755170699,0.6517477755170699,0,0,7,2584000,2606400,7,59ae49f0631165bbe8f84f096d657f2b545c981a91aeda95854713d89fedee65,12800,3131200,324
MSREG_large_21ab843a8a24694c,MG1655,3054400,3067200,3060800.0,large,WIN_large_21ab843a8a24694c,0.6517477755170699,12800,0.6517477755170699,0.13285349507237004,density,0.6517477755170699,0.6517477755170699,0,0,2,3054400,3068800,2,8692497d250b400afe5229dccfcfcc424bfa62dc1bb78715da7abf398655f777,12800,3132800,325
MSREG_large_ea4bd4ef68224fa9,MG1655,2804800,2817600,2811200.0,large,WIN_large_ea4bd4ef68224fa9,0.6511503962105982,12800,0.2895985541842291,0.6511503962105982,shape,0.7231036840527382,0.5791971083684583,0,0,7,2800000,2822400,7,988456b2e4f2bf1f348ead0be0b08d0bf197603e86e3a9bc7f29f9d78089b67c,12800,3145600,326
MSREG_large_5e641c8ab90aceb1,MG1655,152000,164800,158400.0,large,WIN_large_5e641c8ab90aceb1,0.6511503962105982,12800,0.1926343739848674,0.6511503962105982,shape,0.7231036840527382,0.5791971083684583,0,0,7,147200,169600,7,ff2bb0a1767a535234a878d6329daaa8a51068a2d5651ce58a73b37f95b9e75c,12800,3158400,327
MSREG_large_e7dc243c156d91a9,MG1655,2096000,2108800,2102400.0,large,WIN_large_e7dc243c156d91a9,0.6476002260016287,12800,0.6476002260016287,0.039975611333211106,density,0.6931404606752949,0.6020599913279624,0,0,4,2091200,2108800,4,fa7012f30bddd1588fcea26d85a64f64bbec269e95b1535c8fb04f339b0fd29d,12800,3164800,328
MSREG_large_8b7022eadaa2a6cf,MG1655,2252800,2265600,2259200.0,large,WIN_large_8b7022eadaa2a6cf,0.6456527040598665,12800,0.6456527040598665,0.11827438070176333,density,0.6261936710446817,0.6651117370750513,0,0,1,2252800,2265600,1,ea1830086d08243cc270ca09bf1e1c660f02245bba1712171952758fb2f902f6,12800,3164800,329
MSREG_large_fa5e7daacc6bbd85,MG1655,3820800,3833600,3827200.0,large,WIN_large_fa5e7daacc6bbd85,0.645265286934886,12800,0.645265286934886,0.41445370511038854,density,0.6517477755170699,0.6387827983527022,0,0,7,3816000,3838400,7,3d6cafd218c8b6cc54ac7b5431cb319445667242a53b9b1891503545b99b50dd,12800,3176000,330
MSREG_large_1b00e7505337a4ea,MG1655,2518400,2531200,2524800.0,large,WIN_large_1b00e7505337a4ea,0.645265286934886,12800,0.645265286934886,0.1388579488088777,density,0.6517477755170699,0.6387827983527022,0,0,4,2513600,2531200,4,8a855e3f8e07900171be9ce72e167b91297a7f5a3b3ae5c9933b895b9257ad0f,12800,3182400,331
MSREG_large_c3aa795d81f04148,MG1655,4414400,4427200,4420800.0,large,WIN_large_c3aa795d81f04148,0.645265286934886,12800,0.645265286934886,0.17464867754870997,density,0.6517477755170699,0.6387827983527022,0,0,6,4411200,4432000,6,ab159b7c174c34c757df7a7b13f1b40e79d15d4bd82319b827cb8d8f7591e7b0,12800,3192000,332
MSREG_large_99e3fe136f902fc2,MG1655,2771200,2784000,2777600.0,large,WIN_large_99e3fe136f902fc2,0.6395354758513607,12800,0.09011750882931334,0.6395354758513607,shape,0.7900504736833514,0.48902047801937015,0,0,6,2768000,2788800,6,3db221e1b429eea97b92b732339ec60d6ae770656c1c47f88471ae296f65cf57,12800,3201600,333
MSREG_large_ad87cb1ec9404e9d,MG1655,2830400,2843200,2836800.0,large,WIN_large_ad87cb1ec9404e9d,0.634689070169416,12800,0.0698911702773945,0.634689070169416,shape,0.5904781187781473,0.6789000215606847,0,0,7,2825600,2848000,7,9b6bd164a747b7fb36f0cef79aab9739b3673b9d4433ffb1d9baaa6c1e495a0c,12800,3214400,334
MSREG_large_d0a902cd86658531,MG1655,534400,547200,540800.0,large,WIN_large_d0a902cd86658531,0.6335858642015069,12800,0.056318363088120604,0.6335858642015069,shape,0.6020599913279624,0.6651117370750513,0,0,4,534400,552000,4,52cb8b5b69c4adc52c9e172624ce7df74057a7c878f80d3c3c8d495aa63bb0ba,12800,3220800,335
MSREG_large_0d385642a3ba7711,MG1655,4046400,4059200,4052800.0,large,WIN_large_0d385642a3ba7711,0.63285349507237,12800,0.63285349507237,0.48639744235146914,density,0.6517477755170699,0.6139592146276701,0,0,7,4041600,4064000,7,1bafd71e1369ab284588cabb176e598c4ceb0ec77caa0d39f86f844d4c355109,12800,3233600,336
MSREG_large_9f1e63b22a0049ce,MG1655,419200,432000,425600.0,large,WIN_large_9f1e63b22a0049ce,0.63285349507237,12800,0.63285349507237,0.17464867754870997,density,0.6517477755170699,0.6139592146276701,0,0,3,416000,432000,3,b40f23e2828e8fdb079002b21dd7cd29f2d4321752f17ac62eb8fa4e82a81b84,12800,3236800,337
MSREG_large_9d89c7c4c13cad39,MG1655,838400,851200,844800.0,large,WIN_large_9d89c7c4c13cad39,0.6306710923711449,12800,0.1553669799790296,0.6306710923711449,shape,0.6931404606752949,0.568201724066995,0,0,4,838400,856000,4,65670fa2b84873a83c42c5ef6fc4254d8ef96331ab89d8000026ac5e096d40ea,12800,3243200,338
MSREG_large_fd4eb50e9c4b9324,MG1655,65600,78400,72000.0,large,WIN_large_fd4eb50e9c4b9324,0.6290485649645715,12800,0.06817458235819751,0.6290485649645715,shape,0.5791971083684583,0.6789000215606847,0,0,1,65600,78400,1,1cf01c68c594f35087225c98455ec9c8eb05023d8306933504321baa5befdbae,12800,3243200,339
MSREG_large_3c674069a9b5fbf7,MG1655,443200,456000,449600.0,large,WIN_large_3c674069a9b5fbf7,0.6290485649645715,12800,0.3130968355223409,0.6290485649645715,shape,0.6789000215606847,0.5791971083684583,0,0,5,438400,457600,5,27436649d7896929b2d080a9266f83ce4df8c8931b3ce886c4270ff3889212ff,12800,3249600,340
MSREG_large_ff406ceacc98de06,MG1655,915200,928000,921600.0,large,WIN_large_ff406ceacc98de06,0.6269038834225161,12800,0.6269038834225161,0.2233253759974167,density,0.6517477755170699,0.6020599913279624,0,0,3,912000,928000,3,ee8fab3d10db88f734267907e4cce4ee073d243835b6b0a7ebd7823d8ed7e2cc,12800,3252800,341
MSREG_large_2661b2c31a6eb796,MG1655,1172800,1185600,1179200.0,large,WIN_large_2661b2c31a6eb796,0.6267261124416896,12800,0.25917767571094863,0.6267261124416896,shape,0.7552883674241394,0.49816385745923997,0,0,7,1168000,1190400,7,7bcda9452176f7be091b922bebb6bee5cf59ff07c9016b3b9ecef79e3a84b349,12800,3265600,342
MSREG_large_ec9b5898a99bf3c0,MG1655,1721600,1734400,1728000.0,large,WIN_large_ec9b5898a99bf3c0,0.6249563614807541,12800,0.18801404561741109,0.6249563614807541,shape,0.7231036840527382,0.52680903890877,0,0,7,1716800,1739200,7,c9f24339ebca7c82ba04279c4249e40b831f653a5ed29e8a8fb67a57253a7655,12800,3278400,343
MSREG_large_f9c8bdc7b21db0cd,MG1655,633600,646400,640000.0,large,WIN_large_f9c8bdc7b21db0cd,0.6232009174746767,12800,0.1595843588542459,0.6232009174746767,shape,0.7388979512359701,0.5075038837133833,0,0,6,628800,649600,6,aabe5323beb2f4c9dbb2860c66a734ec84a1999eb5234bb01cbdfcb9cbe2c21b,12800,3288000,344
MSREG_large_6a1a8aad17fadc42,MG1655,4478400,4491200,4484800.0,large,WIN_large_6a1a8aad17fadc42,0.6200764428361759,12800,0.6200764428361759,0.3863957341209229,density,0.6261936710446817,0.6139592146276701,0,0,7,4473600,4496000,7,156e864412e64f794e6fc6e0afba2246bbaeb5c6404b19194f0624e02db77596,12800,3300800,345
MSREG_large_6638f2bd502e269d,MG1655,844800,857600,851200.0,large,WIN_large_6638f2bd502e269d,0.6173363782023856,12800,0.2307711536980892,0.6173363782023856,shape,0.7078637174960013,0.52680903890877,0,0,2,844800,859200,2,4c2a393d3a69b78f96ba5fdbdccbc9cfcf0948521f7b3abb071165227f99e144,12800,3302400,346
MSREG_large_97ec151c145ec9c1,MG1655,4542400,4555200,4548800.0,large,WIN_large_97ec151c145ec9c1,0.6173363782023856,12800,0.20177876684102225,0.6173363782023856,shape,0.7078637174960013,0.52680903890877,0,0,6,4537600,4558400,6,95b9a406608a2b603d35aeace5dad86ad71e63534324a35681d862629f576075,12800,3312000,347
MSREG_large_e497df807400b1cd,MG1655,1779200,1792000,1785600.0,large,WIN_large_e497df807400b1cd,0.6154724419427641,12800,0.13283521745433374,0.6154724419427641,shape,0.6517477755170699,0.5791971083684583,0,0,4,1779200,1796800,4,bb8aa5e94502619b9af97516fdd87ead8defc5391e26b021c3a7d8721cb82749,12800,3316800,348
MSREG_large_3ff1e4236408513d,MG1655,3811200,3824000,3817600.0,large,WIN_large_3ff1e4236408513d,0.614126831186322,12800,0.614126831186322,0.32516367538070057,density,0.6261936710446817,0.6020599913279624,0,0,6,3806400,3827200,6,3c530d7fa9ff36af5571ba59a45074f0fa298c8be6dd7152e59dda569e5b98f1,12800,3326400,349
MSREG_large_ec8c9e62206f7557,MG1655,2876800,2889600,2883200.0,large,WIN_large_ec8c9e62206f7557,0.614126831186322,12800,0.063051745747089,0.614126831186322,shape,0.6261936710446817,0.6020599913279624,0,0,4,2876800,2894400,4,b916f66bd3a2cae238154f7daf859b31533fa14f7283409749da5a14f43c0acd,12800,3332800,350
MSREG_large_8fcc883e944d87ef,MG1655,3510400,3523200,3516800.0,large,WIN_large_8fcc883e944d87ef,0.6139592146276701,12800,0.6139592146276701,0.2756124098152369,density,0.6139592146276701,0.6139592146276701,0,0,7,3505600,3528000,7,6e5870b31d51bc35a2d889715b600b6762cda39316727fbf968429b4a82797d1,12800,3344000,351
MSREG_large_8ce56c1fb44f20c1,MG1655,244800,257600,251200.0,large,WIN_large_8ce56c1fb44f20c1,0.610633770755989,12800,0.21132523779553344,0.610633770755989,shape,0.7231036840527382,0.49816385745923997,0,0,7,240000,262400,7,d80e12aa16ded51cd677c12a23c572245a38ca9cbe3178e88bbfef77ff6f2bb3,12800,3356800,352
MSREG_large_d0d58bc4aae43300,MG1655,4326400,4339200,4332800.0,large,WIN_large_d0d58bc4aae43300,0.6099747497920325,12800,0.2564801597675956,0.6099747497920325,shape,0.6931404606752949,0.52680903890877,0,0,4,4321600,4339200,4,afe8d25092ea1746a0140fabc1846e2db4df83cc748030e07a4b889676d8e5ea,12800,3363200,353
MSREG_large_0349ded0299b88c8,MG1655,2329600,2342400,2336000.0,large,WIN_large_0349ded0299b88c8,0.6076838006046923,12800,0.056318363088120604,0.6076838006046923,shape,0.5075038837133833,0.7078637174960013,0,0,4,2324800,2342400,4,bd760aa584b9886bafdca5377e5c246cd8244174acdeb893f698716580862258,12800,3369600,354
MSREG_large_aa83e7b35160ccfe,MG1655,4144000,4156800,4150400.0,large,WIN_large_aa83e7b35160ccfe,0.6060620810360542,12800,0.1902642962307493,0.6060620810360542,shape,0.7231036840527382,0.48902047801937015,0,0,5,4142400,4161600,5,a46cf76647369a256e93fb39d0813108da151a7fa0092fc91b60433a4f3078a4,12800,3377600,355
MSREG_large_749e5444acd6c79c,MG1655,4312000,4324800,4318400.0,large,WIN_large_749e5444acd6c79c,0.6050948311474542,12800,0.13285349507237004,0.6050948311474542,shape,0.5170492016196137,0.6931404606752949,0,0,4,4312000,4329600,4,7e70795d11f4b38436936010c88ae3a61c88289f73794cb4ce826d21b54cba8f,12800,3384000,356
MSREG_large_c7b3004faf9b9f59,MG1655,2193600,2206400,2200000.0,large,WIN_large_c7b3004faf9b9f59,0.6022186667029087,12800,0.059672005095708434,0.6022186667029087,shape,0.5904781187781473,0.6139592146276701,0,0,7,2188800,2211200,7,4637c9102740b691be58da3a3c0d813f39a558250ff0cbdf4f79f2ac55a2051d,12800,3396800,357
MSREG_large_ae74d061a102307c,MG1655,1014400,1027200,1020800.0,large,WIN_large_ae74d061a102307c,0.6020599913279624,12800,0.6020599913279624,0.3099340371190952,density,0.6020599913279624,0.6020599913279624,0,0,7,1009600,1032000,7,0f22845cc5273e14d03243137ec9758c7cb43e919b4955cbee9ae5faaaf97d9b,12800,3409600,358
MSREG_large_78d1664a5f1a2a04,MG1655,1192000,1204800,1198400.0,large,WIN_large_78d1664a5f1a2a04,0.600952498445211,12800,0.2646753678616802,0.600952498445211,shape,0.6651117370750513,0.5367932598153708,0,0,4,1187200,1204800,4,26856901bc34c721a53f44c4f1e09ab5cf774c0e1158106884ef5e394574b4ab,12800,3416000,359
MSREG_large_f117d92f33f9e140,MG1655,4427200,4440000,4433600.0,large,WIN_large_f117d92f33f9e140,0.5993801002570633,12800,0.5993801002570633,0.33775280268872104,density,0.6517477755170699,0.5470124249970569,0,0,6,4422400,4443200,6,05317fc4037a68395b93151dcdc4fab438c98c5012e3d083aa7ef8a3305fb6c6,12800,3425600,360
MSREG_large_d31b1dc80ad83c9a,MG1655,4342400,4355200,4348800.0,large,WIN_large_d31b1dc80ad83c9a,0.5993801002570633,12800,0.24377786988054823,0.5993801002570633,shape,0.6517477755170699,0.5470124249970569,0,0,6,4339200,4360000,6,805457a312a12f2323d43dd2072e90623a0223a45a76a6bde50cb8559e85e47f,12800,3435200,361
MSREG_large_37af9830bbf6064a,MG1655,2411200,2424000,2417600.0,large,WIN_large_37af9830bbf6064a,0.5993801002570633,12800,0.5993801002570633,0.23588073628893222,density,0.6517477755170699,0.5470124249970569,0,0,1,2411200,2424000,1,b37141bed44274ac5e432ef4ab8fc63d88059e3f0d5e82edc8daa903b96b1544,12800,3435200,362
MSREG_large_ff66b2e044c16a77,MG1655,1712000,1724800,1718400.0,large,WIN_large_ff66b2e044c16a77,0.5918357648599518,12800,0.42598635714473526,0.5918357648599518,shape,0.6261936710446817,0.5574778586752219,0,0,3,1712000,1728000,3,508bae15cdd961c7223a3e7ec7c9839096e7c9a206419ea630e3493114c49685,12800,3438400,363
MSREG_large_db2a7bf6d4b6ecbe,MG1655,774400,787200,780800.0,large,WIN_large_db2a7bf6d4b6ecbe,0.5910804693473326,12800,0.5910804693473326,0.3099340371190952,density,0.6139592146276701,0.568201724066995,0,0,2,774400,788800,2,4518edc4c5c22dffd2dcf2ad2361b33400e4ab4ff1ed5e982a8becb0f57e9e9b,12800,3440000,364
MSREG_large_aa891c2fe131f3a4,MG1655,1227200,1240000,1233600.0,large,WIN_large_aa891c2fe131f3a4,0.5863078103942173,12800,0.2838076179093215,0.5863078103942173,shape,0.6651117370750513,0.5075038837133833,0,0,6,1222400,1243200,6,7b506ac1427461ab736e67b5d4f0218d4ae2d49e6041c8e00c84acfb478ca2c1,12800,3449600,365
MSREG_large_2ce2de95ee3f2ba4,MG1655,2126400,2139200,2132800.0,large,WIN_large_2ce2de95ee3f2ba4,0.5863078103942173,12800,0.06136187542139872,0.5863078103942173,shape,0.5075038837133833,0.6651117370750513,0,0,7,2121600,2144000,7,adf63bec5262c5616e91dfb60c940c15593756cac3db42712072724eeb2e76e4,12800,3462400,366
MSREG_large_72c207e3af0cf237,MG1655,3248000,3260800,3254400.0,large,WIN_large_72c207e3af0cf237,0.5863078103942173,12800,0.27906123914669245,0.5863078103942173,shape,0.5075038837133833,0.6651117370750513,0,0,6,3243200,3264000,6,fd014a4cf08fa5a759edd36f7ad674d8e07976a1e8f3a9b41963d8839a8a147c,12800,3470400,367
MSREG_large_e5b2484e9deac8f5,MG1655,17600,30400,24000.0,large,WIN_large_e5b2484e9deac8f5,0.5848376135733028,12800,0.5848376135733028,0.3039844254692413,density,0.5904781187781473,0.5791971083684583,0,0,7,12800,35200,7,6a031b11d65c44acffa2b0f676dfb18d5f534da41d0daff00a26f7e5ded8ba52,12800,3481600,368
MSREG_large_2bafbdb7d1975dfa,MG1655,1654400,1667200,1660800.0,large,WIN_large_2bafbdb7d1975dfa,0.5848376135733028,12800,0.12888697703131685,0.5848376135733028,shape,0.5904781187781473,0.5791971083684583,0,0,7,1649600,1672000,7,7f32f0f7a3ffb4d77b56ac15a54c9941bb105d7077b57276d8820f933afa46d4,12800,3494400,369
MSREG_large_44e3f84777a45453,MG1655,2436800,2449600,2443200.0,large,WIN_large_44e3f84777a45453,0.5797689250015922,12800,0.5797689250015922,0.21124654700251733,density,0.5574778586752219,0.6020599913279624,0,0,1,2436800,2449600,1,11cf723ee561f5b3e6ca5cece7705d74d2e4b99a8540703b9547fc35655ddee3,12800,3494400,370
MSREG_large_e261bd8a8cfafb7f,MG1655,1932800,1945600,1939200.0,large,WIN_large_e261bd8a8cfafb7f,0.5793399214225712,12800,0.5793399214225712,0.4340297670914627,density,0.5904781187781473,0.568201724066995,0,0,4,1928000,1945600,4,008d7089646ee64be60174bd404f58e93c5091f8f38b49edf97a723b1455967d,12800,3500800,371
MSREG_large_a088254ebf0ff19a,MG1655,2547200,2560000,2553600.0,large,WIN_large_a088254ebf0ff19a,0.5753762372215205,12800,0.2383624460547073,0.5753762372215205,shape,0.6139592146276701,0.5367932598153708,0,0,4,2542400,2560000,4,00e6c4c25dfc4a81621f57e0f9fc6e68d1e4cf140f5d8e3702fc24628ee7e1e1,12800,3507200,372
MSREG_large_bd38b96fc4c5c84f,MG1655,1515200,1528000,1521600.0,large,WIN_large_bd38b96fc4c5c84f,0.5736994162177267,12800,0.12500924468293573,0.5736994162177267,shape,0.5791971083684583,0.568201724066995,0,0,4,1515200,1532800,4,81a1488a47206291856b7c39eaf05b962a3efe7b107314ffef6a66eb41acb0b6,12800,3513600,373
MSREG_large_18b10c3cb7d3d1ae,MG1655,3142400,3155200,3148800.0,large,WIN_large_18b10c3cb7d3d1ae,0.57038412676822,12800,0.57038412676822,0.40324866236688983,density,0.6517477755170699,0.48902047801937015,0,0,7,3137600,3160000,7,d9c689defa6102361580d84a49b2ea06b3da195ec6180c8711a5bc9ea18dbf88,12800,3526400,374
MSREG_large_fe958e3e0d5011d2,MG1655,2030400,2043200,2036800.0,large,WIN_large_fe958e3e0d5011d2,0.5683374835218401,12800,0.18820264381921484,0.5683374835218401,shape,0.5574778586752219,0.5791971083684583,0,0,4,2030400,2048000,4,a7ebfc8a42b2e747561db1c6b003f19705f5b0af34a9be00e195145bd39d3bd5,12800,3532800,375
MSREG_large_03e995875dd654bb,MG1655,3163200,3176000,3169600.0,large,WIN_large_03e995875dd654bb,0.5668487773790325,12800,0.22577904324478873,0.5668487773790325,shape,0.6261936710446817,0.5075038837133833,0,0,3,3163200,3179200,3,64e5802e926243d1df64f6320fbc3dd959227e19f6d73ef65cc9c781b9ec4bb5,12800,3536000,376
MSREG_large_e8fcd71652b3eaa5,MG1655,944000,956800,950400.0,large,WIN_large_e8fcd71652b3eaa5,0.5615197432880042,12800,0.5615197432880042,0.1321600248505734,density,0.6517477755170699,0.4712917110589386,0,0,4,939200,956800,4,9620b3aec5bac7519f4a6914ced73edb49d3fc51a094abdb1e7ba345e75c25e5,12800,3542400,377
MSREG_large_6389682a9321c7b3,MG1655,3078400,3091200,3084800.0,large,WIN_large_6389682a9321c7b3,0.557607074532026,12800,0.2672056603104118,0.557607074532026,shape,0.6261936710446817,0.48902047801937015,0,0,4,3075200,3092800,4,48532576d87e6d3fc1c38de815990932c2c44ae69c41dab5ffd6861f79e73275,12800,3547200,378
MSREG_large_ddc7a15679e7f8a6,MG1655,2571200,2584000,2577600.0,large,WIN_large_ddc7a15679e7f8a6,0.5572196574070455,12800,0.051339101964150334,0.5572196574070455,shape,0.46269153929702106,0.6517477755170699,0,0,4,2566400,2584000,4,6928a8a6565d83290ed8afa6bf1737b9e4529ca4cb68a27747176bd51be66ad5,12800,3553600,379
MSREG_large_f299fd2c1182a34f,MG1655,1408000,1420800,1414400.0,large,WIN_large_f299fd2c1182a34f,0.5547819375206728,12800,0.1595843588542459,0.5547819375206728,shape,0.5075038837133833,0.6020599913279624,0,0,4,1408000,1425600,4,d0802f5829ac6e2aa4c3e0a9501fceaac27be85f870ac0acf5796c64aac25c13,12800,3560000,380
MSREG_large_093c1979e63e123a,MG1655,2081600,2094400,2088000.0,large,WIN_large_093c1979e63e123a,0.5522451418361394,12800,0.21849968315932625,0.5522451418361394,shape,0.5574778586752219,0.5470124249970569,0,0,4,2081600,2099200,4,24f8005cee311eac629b151e2a9f1d6aa9154379a3dc834825942fb420dbc565,12800,3566400,381
MSREG_large_d62b81466a65d77f,MG1655,2984000,2996800,2990400.0,large,WIN_large_d62b81466a65d77f,0.55148984632352,12800,0.55148984632352,0.22583513190348925,density,0.6651117370750513,0.4378679555719889,0,0,6,2980800,3001600,6,29073753e6e7b6c611c6eb13b802ff390f04247b745117bfd3db3d95100977f6,12800,3576000,382
MSREG_large_c04541573877d3a4,MG1655,584000,596800,590400.0,large,WIN_large_c04541573877d3a4,0.5501119243936012,12800,0.051339101964150334,0.5501119243936012,shape,0.49816385745923997,0.6020599913279624,0,0,7,579200,601600,7,8cf6f62aeefb552c58eef3da24ab1cefa913c9a32b384b70f2e0fd7afa370b19,12800,3588800,383
MSREG_large_7bc9a0949861eb76,MG1655,2785600,2798400,2792000.0,large,WIN_large_7bc9a0949861eb76,0.5488668106556192,12800,0.10209171712843547,0.5488668106556192,shape,0.44598584579416833,0.6517477755170699,0,0,7,2780800,2803200,7,b2194d6979ca4d5a88e271ea503aa7607be0944244c6f5252130b610b96a9d95,12800,3601600,384
MSREG_large_5e36498e86f776a4,MG1655,3899200,3912000,3905600.0,large,WIN_large_5e36498e86f776a4,0.548123154994036,12800,0.2671717284030138,0.548123154994036,shape,0.5791971083684583,0.5170492016196137,0,0,4,3894400,3912000,4,ffcae6ed7ad6a94a0f4cc6912764df1f3378cc5500a090fad2a98319e3d88c7f,12800,3606400,385
MSREG_large_dc583b28ec470725,MG1655,553600,566400,560000.0,large,WIN_large_dc583b28ec470725,0.5470124249970569,12800,0.13088834825815382,0.5470124249970569,shape,0.5470124249970569,0.5470124249970569,0,0,7,548800,571200,7,13d607654148ea39a59a8aadaef6fc0b706acf757680bbca43172b3e2ef6fb6b,12800,3619200,386
MSREG_large_f81c78ec4361e778,MG1655,3003200,3016000,3009600.0,large,WIN_large_f81c78ec4361e778,0.5443209881186937,12800,0.5443209881186937,0.11362436916278221,density,0.5904781187781473,0.49816385745923997,0,0,7,2998400,3020800,7,fab9f4f599b46bef7c1a830a3e1ea352a55a1e1d6206481cb128f265e51846e2,12800,3632000,387
MSREG_large_e9034fa81f01046f,MG1655,1355200,1368000,1361600.0,large,WIN_large_e9034fa81f01046f,0.5433504960409208,12800,0.054654391413656876,0.5433504960409208,shape,0.5791971083684583,0.5075038837133833,0,0,7,1350400,1372800,7,6454cef623fdf3cf6e360327ff6d7d00615be2edde7d128983884ab20237c3de,12800,3643200,388
MSREG_large_ba76eaf7756d1657,MG1655,1387200,1400000,1393600.0,large,WIN_large_ba76eaf7756d1657,0.5386804829138492,12800,0.5386804829138492,0.06136187542139872,density,0.5791971083684583,0.49816385745923997,0,0,4,1387200,1404800,4,b0904135892f33da119a7b9ebec5a145173eb37c2e0219cbfdf96d2c725e7be2,12800,3649600,389
MSREG_large_12171c7b9df0ae13,MG1655,934400,947200,940800.0,large,WIN_large_12171c7b9df0ae13,0.5372635301474178,12800,0.5372635301474178,0.06990484841295075,density,0.5574778586752219,0.5170492016196137,0,0,3,934400,950400,3,3e4f50c087de2f60f1191bdd5f79461b9b0df35359f32e6d2be18e90e067b708,12800,3652800,390
MSREG_large_da364bab989d42a4,MG1655,4153600,4166400,4160000.0,large,WIN_large_da364bab989d42a4,0.5372635301474178,12800,0.5372635301474178,0.2727738433693916,density,0.5574778586752219,0.5170492016196137,0,0,6,4150400,4171200,6,54192d7f8375b17b6d404056dcc73a1f2f40922801a4294e22e751a2692ce7f3,12800,3662400,391
MSREG_large_87cceef071ecd690,MG1655,4100800,4113600,4107200.0,large,WIN_large_87cceef071ecd690,0.5369107319529134,12800,0.39576008438206345,0.5369107319529134,shape,0.5470124249970569,0.52680903890877,0,0,4,4096000,4113600,4,800cde56231a7d359adb7d9d7b12fbc7c1785f55cf2a9c96b7324baa4eb8d648,12800,3667200,392
MSREG_large_4ebb0fa7de0774b4,MG1655,1182400,1195200,1188800.0,large,WIN_large_4ebb0fa7de0774b4,0.5323757653124918,12800,0.3130968355223409,0.5323757653124918,shape,0.6020599913279624,0.46269153929702106,0,0,5,1179200,1198400,5,99236a311d965fc2500892efdbc8d8698b668aafef3ff02fc537e6e6c9393928,12800,3673600,393
MSREG_large_189951e7e88fde9d,MG1655,2310400,2323200,2316800.0,large,WIN_large_189951e7e88fde9d,0.5318011493620705,12800,0.42598635714473526,0.5318011493620705,shape,0.52680903890877,0.5367932598153708,0,0,7,2305600,2328000,7,4c0c9ae177993b0a87ed866aa1950e6854deaa12942e378bac65a9b199f82e91,12800,3686400,394
MSREG_large_8e5e21855c0c9a34,MG1655,2667200,2680000,2673600.0,large,WIN_large_8e5e21855c0c9a34,0.5304282433707296,12800,0.04804892930848955,0.5304282433707296,shape,0.422073688388757,0.6387827983527022,0,0,7,2662400,2684800,7,a44734b31a336f8c14002f3f71ee3176e4f72e45e81e7b25ef77bfe3c346ee7e,12800,3699200,395
MSREG_large_62a0d4f973434ee7,MG1655,595200,608000,601600.0,large,WIN_large_62a0d4f973434ee7,0.5299725302109193,12800,0.04641007442787158,0.5299725302109193,shape,0.44598584579416833,0.6139592146276701,0,0,7,590400,612800,7,13b724f5bd361dbc13c90d5e18d955870161803e080415a56f017da7c498216b,12800,3710400,396
MSREG_large_983007a25b5c11d6,MG1655,2363200,2376000,2369600.0,large,WIN_large_983007a25b5c11d6,0.5299725302109193,12800,0.06645799443900052,0.5299725302109193,shape,0.44598584579416833,0.6139592146276701,0,0,5,2358400,2377600,5,cf0f86e91ec86ace186a38801f562e16238a80959f1745c5fc30dd7b54103394,12800,3716800,397
MSREG_large_aeac48db2b523318,MG1655,2937600,2950400,2944000.0,large,WIN_large_aeac48db2b523318,0.5280463484726976,12800,0.31001668116993164,0.5280463484726976,shape,0.6261936710446817,0.42989902590071355,0,0,4,2932800,2950400,4,f1d9c8fb1d06c057ca7a4ad7fcf3d13410ed77ffdcf81c2cf3be29c4d8d87a04,12800,3723200,398
MSREG_large_c6fdb8a2fd6781b8,MG1655,4195200,4208000,4201600.0,large,WIN_large_c6fdb8a2fd6781b8,0.5272581543552202,12800,0.5272581543552202,0.40324866236688983,density,0.5075038837133833,0.5470124249970569,0,0,7,4190400,4212800,7,a4ae91703a9f0466de926dfbdc46b3b397e8203daa83185a0b9fb3f653381074,12800,3736000,399
MSREG_large_b8e77f456b9f1e30,MG1655,2609600,2622400,2616000.0,large,WIN_large_b8e77f456b9f1e30,0.52680903890877,12800,0.14503316800209237,0.52680903890877,shape,0.52680903890877,0.52680903890877,0,0,2,2608000,2622400,2,efb1d8e031a09a63bba5e3f8aed19d915b893ae876f6b1ba8b217b639b66e89a,12800,3737600,400
MSREG_large_55c430715ed5778b,MG1655,3150400,3163200,3156800.0,large,WIN_large_55c430715ed5778b,0.5209443238327397,12800,0.20180387492233046,0.5209443238327397,shape,0.5791971083684583,0.46269153929702106,0,0,2,3148800,3163200,2,be9d7b87d17f3a5bc5663a1e857c623ba00b13cf5bd67393f0252afe72b8526d,12800,3739200,401
MSREG_large_c1c3c8a110033933,MG1655,4062400,4075200,4068800.0,large,WIN_large_c1c3c8a110033933,0.5180164515082135,12800,0.24864532634595266,0.5180164515082135,shape,0.5470124249970569,0.48902047801937015,0,0,4,4057600,4075200,4,1c640f06b065cc21b3b802476121a598b69f4d9c7f38c31c50c7d008bb3239fe,12800,3745600,402
MSREG_large_ce50c3fa605d6c33,MG1655,2459200,2472000,2465600.0,large,WIN_large_ce50c3fa605d6c33,0.5040424854371547,12800,0.19055020442340478,0.5040424854371547,shape,0.5367932598153708,0.4712917110589386,0,0,4,2459200,2476800,4,c68fa29266feae1215ce3a3e242a5d25fc036e54f6e43a034c45cb648ca6f06f,12800,3750400,403
MSREG_large_05202975ba1fdfa8,MG1655,1744000,1756800,1750400.0,large,WIN_large_05202975ba1fdfa8,0.5028338705863116,12800,0.18358231545175852,0.5028338705863116,shape,0.49816385745923997,0.5075038837133833,0,0,6,1740800,1761600,6,0a542c680093122689a4cbfb351caa55e9285b4c0057dbc066709c886a5c85f4,12800,3760000,404
MSREG_large_bbd833de57d71a64,MG1655,4420800,4433600,4427200.0,large,WIN_large_bbd833de57d71a64,0.5028338705863116,12800,0.22580708576319175,0.5028338705863116,shape,0.49816385745923997,0.5075038837133833,0,0,1,4420800,4433600,1,e6d49511b70b5d21259916395b4816580adf954c901fa357ce1888ec5d25d697,12800,3760000,405
MSREG_large_17592f1cfa3d6552,MG1655,4468800,4481600,4475200.0,large,WIN_large_17592f1cfa3d6552,0.5028338705863116,12800,0.3617615448345079,0.5028338705863116,shape,0.5075038837133833,0.49816385745923997,0,0,3,4468800,4484800,3,f0626fe14b3eb9172bca84b010ef7606bc75e882a666e5fea00be7142f19b0a8,12800,3763200,406
MSREG_large_29872fdb5823c570,MG1655,2929600,2942400,2936000.0,large,WIN_large_29872fdb5823c570,0.5006353983786076,12800,0.2756124098152369,0.5006353983786076,shape,0.5791971083684583,0.422073688388757,0,0,2,2929600,2944000,2,e4b014acbcc962b329df0407bf4058931f08e6259176b0707a71b8084ecfcd88,12800,3764800,407
MSREG_large_6dd147d403aa3b16,MG1655,713600,726400,720000.0,large,WIN_large_6dd147d403aa3b16,0.4997423995561959,12800,0.12493873660829995,0.4997423995561959,shape,0.46269153929702106,0.5367932598153708,0,0,2,712000,726400,2,f57ebf99cf6e4bf125253013c7a78503b754bf1b8e6fbb96da33fe3736a5b35c,12800,3766400,408
MSREG_large_3102a173bac70137,MG1655,1121600,1134400,1128000.0,large,WIN_large_3102a173bac70137,0.4990503749838543,12800,0.4107416960707851,0.4990503749838543,shape,0.52680903890877,0.4712917110589386,0,0,2,1120000,1134400,2,9205670a67beb922753d47d5cbfdc28758c42f772df56a7d45811e762e424c52,12800,3768000,409
MSREG_large_b2bf0d5b53801714,MG1655,2838400,2851200,2844800.0,large,WIN_large_b2bf0d5b53801714,0.49708522816963807,12800,0.0596850544176048,0.49708522816963807,shape,0.39211046501131375,0.6020599913279624,0,0,5,2836800,2856000,5,3061f0ab9178c32df2cf2a8377b8929050268e37d390836d95f20d65529a9fb2,12800,3776000,410
MSREG_large_a134e00337182766,MG1655,4220800,4233600,4227200.0,large,WIN_large_a134e00337182766,0.49649913539561263,12800,0.3709211659413757,0.49649913539561263,shape,0.5470124249970569,0.44598584579416833,0,0,4,4216000,4233600,4,758085ebff319f8debcde0cda5843ba882562aafdbf739d3eda8e3e0ff309b2e,12800,3780800,411
MSREG_large_49fd48c3d76fb947,MG1655,172800,185600,179200.0,large,WIN_large_49fd48c3d76fb947,0.495137706227876,12800,0.495137706227876,0.4385391995097435,density,0.46269153929702106,0.568201724066995,0,0,4,172800,190400,4,2034641de2d65ca2be88984e23767e1f53c4d641a0d87d8aa32905cc189e934d,12800,3787200,412
MSREG_large_596d3939f7de91aa,MG1655,1262400,1275200,1268800.0,large,WIN_large_596d3939f7de91aa,0.4937847595399135,12800,0.4937847595399135,0.2782028071634957,density,0.5075038837133833,0.4800656353664437,0,0,4,1262400,1280000,4,96bfe703bec5e61453f699962a4ade4a19dd62a3d6d53989ac31168b16baee97,12800,3793600,413
MSREG_large_9fc3b012f004c8ec,MG1655,179200,192000,185600.0,large,WIN_large_9fc3b012f004c8ec,0.4936884422879677,12800,0.4936884422879677,0.3578114142927123,density,0.42989902590071355,0.5574778586752219,0,0,1,179200,192000,1,fbe5abeaa9a464f465715c92d9d452b1b38175cf10a8b691bd46986e74b01c9c,12800,3793600,414
MSREG_large_b9d83b3dd8371629,MG1655,545600,558400,552000.0,large,WIN_large_b9d83b3dd8371629,0.49301541510023916,12800,0.056318363088120604,0.49301541510023916,shape,0.4068337218320201,0.5791971083684583,0,0,5,540800,560000,5,81f4703f6080d17e218c7093bbc13240fd31132c98b378cf7bec1b9b6501b27e,12800,3800000,415
MSREG_large_add8c72d9c471081,MG1655,1243200,1256000,1249600.0,large,WIN_large_add8c72d9c471081,0.4924401902845229,12800,0.33779976867591655,0.4924401902845229,shape,0.5470124249970569,0.4378679555719889,0,0,1,1243200,1256000,1,26beafd1d59d11ff4fbf3d8d863c573c3a88a76461226fb8340aa385d80cdad5,12800,3800000,416
MSREG_large_f2fbc9d5820fc6a8,MG1655,1921600,1934400,1928000.0,large,WIN_large_f2fbc9d5820fc6a8,0.48902047801937015,12800,0.48902047801937015,0.2648767097777756,density,0.48902047801937015,0.48902047801937015,0,0,5,1920000,1939200,5,d1bae19f8209098eb82acdbc76b913e70e8d627eacaf3244558b5fb8c868c8f4,12800,3806400,417
MSREG_large_a17491159e0edb40,MG1655,664000,676800,670400.0,large,WIN_large_a17491159e0edb40,0.48845572544888527,12800,0.3575540393177533,0.48845572544888527,shape,0.5470124249970569,0.42989902590071355,0,0,3,664000,680000,3,33c7e9e9d856a30c3265e54e130889a8256fbef45105521338a044c5f39053bd,12800,3809600,418
MSREG_large_f8f60691fda29f97,MG1655,2678400,2691200,2684800.0,large,WIN_large_f8f60691fda29f97,0.4850977115052022,12800,0.20180387492233046,0.4850977115052022,shape,0.5075038837133833,0.46269153929702106,0,0,4,2673600,2691200,4,dfef56c10d887dbfcdf2dd77e1098610be582e95955c954510a95869e8fe1354,12800,3814400,419
MSREG_large_ade8b204a6b62275,MG1655,2644800,2657600,2651200.0,large,WIN_large_ade8b204a6b62275,0.4845430566929069,12800,0.4845430566929069,0.4647887860510701,density,0.5075038837133833,0.48902047801937015,0,0,4,2644800,2662400,4,c861fb92ad92274e6c94947a870b792f1d3f0945b4bf5f696505cdb2faafadc9,12800,3820800,420
MSREG_large_e9f9d4239fa72b06,MG1655,48000,60800,54400.0,large,WIN_large_e9f9d4239fa72b06,0.48015609453915437,12800,0.48015609453915437,0.2981152238336192,density,0.4712917110589386,0.48902047801937015,0,0,6,44800,65600,6,607b4dea1f26e5c07eef3dbdf77597364bbfdb8a9c783d3d9daa6c80891607c4,12800,3828800,421
MSREG_large_bbf77bfe4333efd3,MG1655,2884800,2897600,2891200.0,large,WIN_large_bbf77bfe4333efd3,0.4783540324047417,12800,0.056318363088120604,0.4783540324047417,shape,0.42989902590071355,0.52680903890877,0,0,2,2883200,2897600,2,06d51930a47919e360c4a1a9327b2b53efe903307e0db931a5b283e299eee1e4,12800,3830400,422
MSREG_large_00294d2283942ff3,MG1655,1104000,1116800,1110400.0,large,WIN_large_00294d2283942ff3,0.4758560086581956,12800,0.2513097430984862,0.4758560086581956,shape,0.48902047801937015,0.46269153929702106,0,0,3,1104000,1120000,3,aca3159939452dac20a3647aba77882d59253f815fbe4bb13cd486c400f46c99,12800,3833600,423
MSREG_large_eb041971dcc5788f,MG1655,160000,172800,166400.0,large,WIN_large_eb041971dcc5788f,0.47444136364876344,12800,0.2564478630112407,0.47444136364876344,shape,0.52680903890877,0.422073688388757,0,0,2,158400,172800,2,9cfeb2ebb9b323f58cb26002c0d82058924ca8435fef8869e693c63525b52830,12800,3835200,424
MSREG_large_81491f96467f906e,MG1655,4627200,4640000,4633600.0,large,WIN_large_81491f96467f906e,0.47059794931561794,12800,0.28668378235386716,0.47059794931561794,shape,0.52680903890877,0.41438685972246597,0,0,2,4627200,4641600,2,5982bfcfa8b9aac26326ff65362c2fbfa20deae21bbb7c7e3ac28c210a120272,12800,3841600,425
MSREG_large_7b620f04d45b74ec,MG1655,2230400,2243200,2236800.0,large,WIN_large_7b620f04d45b74ec,0.4687014548070484,12800,0.3817457225819417,0.4687014548070484,shape,0.5075038837133833,0.42989902590071355,0,0,5,2225600,2244800,5,384ccd4f1e9472bb7e04a05b1041e73c4deb38fd6581ccf4a48ca24eceb10817,12800,3849600,426
MSREG_large_5850068466a464ea,MG1655,3518400,3531200,3524800.0,large,WIN_large_5850068466a464ea,0.4657180306710398,12800,0.3159662928197855,0.4657180306710398,shape,0.41438685972246597,0.5170492016196137,0,0,2,3516800,3531200,2,09ae0820f5d6520fba9bf927fcefeb117c48e019d7c9da3684bc9f94455153ef,12800,3851200,427
MSREG_large_10e02fe06bc7d452,MG1655,3182400,3195200,3188800.0,large,WIN_large_10e02fe06bc7d452,0.4647887860510701,12800,0.4647887860510701,0.06136187542139872,density,0.5075038837133833,0.422073688388757,0,0,6,3179200,3200000,6,55c87549244b2a08dc69cb8c2b6dbf46af9d211901a61646551902e1f3a5954f,12800,3860800,428
MSREG_large_207eab8f33eeee87,MG1655,817600,830400,824000.0,large,WIN_large_207eab8f33eeee87,0.4647887860510701,12800,0.2233253759974167,0.4647887860510701,shape,0.5075038837133833,0.422073688388757,0,0,2,817600,832000,2,e223b8824d5d8b690387aa822fd0d6c58b4199e93454fa3505b57c7ae0ece921,12800,3862400,429
MSREG_large_5d66330f10ba843f,MG1655,4352000,4364800,4358400.0,large,WIN_large_5d66330f10ba843f,0.4647887860510701,12800,0.4647887860510701,0.30730589924743335,density,0.5075038837133833,0.422073688388757,0,0,3,4348800,4364800,3,eb91fae2d2fa35c972942bdec9e88f520c1e5ba03c37d04c7f860b5caa424ac5,12800,3865600,430
MSREG_large_0532977eaa24e68c,MG1655,1483200,1496000,1489600.0,large,WIN_large_0532977eaa24e68c,0.4640314416799768,12800,0.21604601591195421,0.4640314416799768,shape,0.49816385745923997,0.42989902590071355,0,0,4,1483200,1500800,4,7d613cf23409248f20a21cdfaf8ffeccb358bfa93b63d3b643393a01d6f9dc9e,12800,3870400,431
MSREG_large_647f6a947403ad7c,MG1655,331200,344000,337600.0,large,WIN_large_647f6a947403ad7c,0.4640314416799768,12800,0.05300307363861406,0.4640314416799768,shape,0.42989902590071355,0.49816385745923997,0,0,4,331200,348800,4,9222a236081b252b3157043561ae72024ec1d1e1b53a303113903a242f6bf975,12800,3876800,432
MSREG_large_840e635030bab874,MG1655,2750400,2763200,2756800.0,large,WIN_large_840e635030bab874,0.45945975196004185,12800,0.45945975196004185,0.19975459354217254,density,0.48902047801937015,0.42989902590071355,0,0,4,2750400,2768000,4,b894be4c4887bcc7fed9e95b0eb394c29adbfe951def3a60599484ea729bcca2,12800,3881600,433
MSREG_large_ab8d7ea25d9df1b0,MG1655,617600,630400,624000.0,large,WIN_large_ab8d7ea25d9df1b0,0.45716880277270167,12800,0.056318363088120604,0.45716880277270167,shape,0.4068337218320201,0.5075038837133833,0,0,7,612800,635200,7,e4d21b2844b8d9c01ffc4994e8f67512f084a64310afc36a703877f4e4a9d86b,12800,3894400,434
MSREG_large_a273d7af83bfee07,MG1655,2480000,2492800,2486400.0,large,WIN_large_a273d7af83bfee07,0.456275358590853,12800,0.456275358590853,0.2908057691959706,density,0.49816385745923997,0.41438685972246597,0,0,4,2476800,2494400,4,eecf4b2ac4eb552361da0766764dfdc49f6801ff93557b4ff7885c7fd0cf9c5f,12800,3899200,435
MSREG_large_e4a0fa371964c718,MG1655,1636800,1649600,1643200.0,large,WIN_large_e4a0fa371964c718,0.45554708320406356,12800,0.19512798138816315,0.45554708320406356,shape,0.48902047801937015,0.422073688388757,0,0,5,1635200,1654400,5,40cc1b10a938319bbb5f1157175e97cc508a2b00302db60b7f95eb397e937b2a,12800,3907200,436
MSREG_large_1b9adabb06de18c6,MG1655,4446400,4459200,4452800.0,large,WIN_large_1b9adabb06de18c6,0.45554708320406356,12800,0.3130968355223409,0.45554708320406356,shape,0.48902047801937015,0.422073688388757,0,0,4,4443200,4460800,4,7d8c0551d8a8e61a3bdf76098a345feaa8f9e6588aaccc909f4ab40faa5d5006,12800,3912000,437
MSREG_large_be04d7cc670b399e,MG1655,3716800,3729600,3723200.0,large,WIN_large_be04d7cc670b399e,0.4549823306335786,12800,0.4549823306335786,0.3130968355223409,density,0.4800656353664437,0.42989902590071355,0,0,4,3712000,3729600,4,628e41d5359070541aea5694fae718ae471f4edfff468ac3edcf0db565f1c509,12800,3918400,438
MSREG_large_eda0b3fce3a2b474,MG1655,1020800,1033600,1027200.0,large,WIN_large_eda0b3fce3a2b474,0.45170366887091806,12800,0.2617766965163077,0.45170366887091806,shape,0.48902047801937015,0.41438685972246597,0,0,4,1020800,1038400,4,209e45dc0c6b4a32237f2d16fb20ea867f1cd75448bcf3f18c24492eab8d4085,12800,3924800,439
MSREG_large_98368574e0a6a83a,MG1655,3803200,3816000,3809600.0,large,WIN_large_98368574e0a6a83a,0.45106966187760034,12800,0.45106966187760034,0.2894857211128664,density,0.4800656353664437,0.422073688388757,0,0,2,3803200,3817600,2,a13d85d8d8b7ecb90e15e9be33bc5bbcddf0f9a79f8061e602b2fc332fb843bf,12800,3926400,440
MSREG_large_69281a6351f0e1fa,MG1655,4052800,4065600,4059200.0,large,WIN_large_69281a6351f0e1fa,0.45106966187760034,12800,0.45106966187760034,0.3676091923244027,density,0.4800656353664437,0.422073688388757,0,0,3,4052800,4068800,3,c1739a38d7d6547676ac942a8b1a21d6310a64785ed7883390ad352c5d0e1bb1,12800,3929600,441
MSREG_large_5247b7f87c794815,MG1655,2961600,2974400,2968000.0,large,WIN_large_5247b7f87c794815,0.45059536847982606,12800,0.45059536847982606,0.2809690514634763,density,0.42989902590071355,0.4712917110589386,0,0,4,2956800,2974400,4,9a8c70e28177e3d17529a7553018c9125edb6321cad3c8b7963cf67471036d52,12800,3934400,442
MSREG_large_075470d89acaaaba,MG1655,2560000,2572800,2566400.0,large,WIN_large_075470d89acaaaba,0.45059536847982606,12800,0.45059536847982606,0.19275476387593232,density,0.42989902590071355,0.4712917110589386,0,0,4,2560000,2577600,4,a7c2f1b964a5c57efd8939cfdbd2fc416cae985bfd291d820893f3f1c51b4bb5,12800,3939200,443
MSREG_large_861b5383d35794b6,MG1655,3468800,3481600,3475200.0,large,WIN_large_861b5383d35794b6,0.45027974743450494,12800,0.45027974743450494,0.13088834825815382,density,0.46269153929702106,0.4378679555719889,0,0,5,3464000,3483200,5,a2d265197590c38833cc6364d2348af08eac8e0a20150a8dba1cfe8f1eb16aa5,12800,3947200,444
MSREG_large_8986b469d6c93349,MG1655,380800,393600,387200.0,large,WIN_large_8986b469d6c93349,0.4479270999256951,12800,0.02724691514086233,0.4479270999256951,shape,0.48902047801937015,0.4068337218320201,0,0,7,376000,398400,7,3c712816352dbaeeeb9763ab403bc7d2ffa1a9ac2cd0fbf0bc974ffe5ffa0956,12800,3960000,445
MSREG_large_c4a89b6cb5c36afc,MG1655,1214400,1227200,1220800.0,large,WIN_large_c4a89b6cb5c36afc,0.4428392853907023,12800,0.4428392853907023,0.2837709902224755,density,0.4712917110589386,0.41438685972246597,0,0,7,1209600,1232000,7,0e1ff0bda1339a8ed8f19e4ef07f87ed2d0677ddfa9928bdc2a3357a28c41344,12800,3972800,446
MSREG_large_0f9ceda001feefcf,MG1655,3950400,3963200,3956800.0,large,WIN_large_0f9ceda001feefcf,0.442382613842889,12800,0.32234582898161124,0.442382613842889,shape,0.422073688388757,0.46269153929702106,0,0,4,3945600,3963200,4,31bc03bb0306dbae57f02c18e07d367272ae4f286095fba8507f939188775727,12800,3979200,447
MSREG_large_1d2ef2f7aef89b2f,MG1655,2209600,2222400,2216000.0,large,WIN_large_1d2ef2f7aef89b2f,0.4420786988304359,12800,0.2090027852726517,0.4420786988304359,shape,0.4542583717601582,0.42989902590071355,0,0,5,2204800,2224000,5,0f89e9a107cd9d448c5890f62274a36265140bca5d8e70cd3c0db696f09a96a8,12800,3987200,448
MSREG_large_661157c53270a20a,MG1655,1692800,1705600,1699200.0,large,WIN_large_661157c53270a20a,0.4419269006830786,12800,0.31917573996610177,0.4419269006830786,shape,0.44598584579416833,0.4378679555719889,0,0,2,1691200,1705600,2,ad8a53c921b6161a8eda5bed099da72633c96ddee951656bc51da6e39d26c5af,12800,3988800,449
MSREG_large_e94d2951b92e014f,MG1655,278400,291200,284800.0,large,WIN_large_e94d2951b92e014f,0.4401135520162197,12800,0.018070314150422415,0.4401135520162197,shape,0.5791971083684583,0.3010299956639812,0,0,4,278400,296000,4,dcb3b87cb83ddaaf9e1a040c4fe3366ba23f3f279263319dcadc4788cffc8291,12800,3995200,450
MSREG_large_7b55290e887e94fb,MG1655,1577600,1590400,1584000.0,large,WIN_large_7b55290e887e94fb,0.4385391995097435,12800,0.23602766588446406,0.4385391995097435,shape,0.46269153929702106,0.41438685972246597,0,0,7,1572800,1595200,7,13babde02728f1c5f20f7c6a1b640847eeaad5e3a3a4f8b6111b922f3aaad248,12800,4006400,451
MSREG_large_61dee836ad88a678,MG1655,3387200,3400000,3393600.0,large,WIN_large_61dee836ad88a678,0.4385391995097435,12800,0.4385391995097435,0.407415453142452,density,0.42989902590071355,0.46269153929702106,0,0,4,3382400,3400000,4,4a1cbc59ece8b28a7a138b8399614d7e9e71f592ba8cec4d766bb6b4410cbb73,12800,4012800,452
MSREG_large_942fde312effe71f,MG1655,2811200,2824000,2817600.0,large,WIN_large_942fde312effe71f,0.43794243584744097,12800,0.43794243584744097,0.33214360701330164,density,0.44598584579416833,0.42989902590071355,0,0,1,2811200,2824000,1,ddcec82bac27a9036f03ff8b4b9eda79426aadcc6f0fb155264a60a422c4d383,12800,4012800,453
MSREG_large_4f04910b62a4ba5b,MG1655,4532800,4545600,4539200.0,large,WIN_large_4f04910b62a4ba5b,0.43608805018887875,12800,0.43608805018887875,0.32234582898161124,density,0.4800656353664437,0.39211046501131375,0,0,6,4528000,4548800,6,e4f2ce5deef7d2d0db3f8e3a774eb68747c787874b338c70cf523e58556700e1,12800,4022400,454
MSREG_large_813e72c532c3a6ee,MG1655,2651200,2664000,2657600.0,large,WIN_large_813e72c532c3a6ee,0.43388349073635124,12800,0.43388349073635124,0.36102846929541726,density,0.42989902590071355,0.4378679555719889,0,0,4,2651200,2668800,4,282e4d58174b4f436980c5348745a3b203e6d8736059ff825c32cadb2617f5fa,12800,4028800,455
MSREG_large_88692bd61bee3395,MG1655,393600,406400,400000.0,large,WIN_large_88692bd61bee3395,0.43388349073635124,12800,0.22577904324478873,0.43388349073635124,shape,0.42989902590071355,0.4378679555719889,0,0,6,388800,409600,6,2834668f572bd6df47423ff3c04230f7fe605f25a84340a0ed3870edc1abe6f1,12800,4038400,456
MSREG_large_8320211b642a30a7,MG1655,238400,251200,244800.0,large,WIN_large_8320211b642a30a7,0.43388349073635124,12800,0.1388579488088777,0.43388349073635124,shape,0.42989902590071355,0.4378679555719889,0,0,4,233600,251200,4,b72515baea3c60f567f2bb16a6f6798639d8575e6c753e81173e02054e01dad7,12800,4044800,457
MSREG_large_6ae9e1b0c104d451,MG1655,1308800,1321600,1315200.0,large,WIN_large_6ae9e1b0c104d451,0.43388349073635124,12800,0.23331091646272667,0.43388349073635124,shape,0.42989902590071355,0.4378679555719889,0,0,1,1308800,1321600,1,f345e2f44fab7335a89dcc1f8b218a450509293bb6a3721f251e344dc48b38b6,12800,4044800,458
MSREG_large_8270ecd9d9c0a0de,MG1655,2200000,2212800,2206400.0,large,WIN_large_8270ecd9d9c0a0de,0.43344525195803685,12800,0.04968778418910752,0.43344525195803685,shape,0.37787002589670354,0.48902047801937015,0,0,3,2200000,2216000,3,54611f38ffe3a90bfab17516276c16a51d878711ee516bd9dc8e09639857a4a1,12800,4048000,459
MSREG_large_b41480e45184b76e,MG1655,4292800,4305600,4299200.0,large,WIN_large_b41480e45184b76e,0.43105062152491713,12800,0.1368379599080077,0.43105062152491713,shape,0.3994097037528132,0.46269153929702106,0,0,4,4288000,4305600,4,a11d35bad2581e04e7c3699ef2027100312de85be6b6f79ec0392e409436f6f8,12800,4052800,460
MSREG_large_066841aa1af715cf,MG1655,4571200,4584000,4577600.0,large,WIN_large_066841aa1af715cf,0.42740100215416743,12800,0.304467332801588,0.42740100215416743,shape,0.39211046501131375,0.46269153929702106,0,0,4,4571200,4588800,4,2da36786e04e1b6d5a832b3e8eef6bf4fc9261b26aad3950f20e17d3d1f5a05e,12800,4059200,461
MSREG_large_57457a9ff87c80cf,MG1655,2142400,2155200,2148800.0,large,WIN_large_57457a9ff87c80cf,0.42640978381309425,12800,0.23331091646272667,0.42640978381309425,shape,0.44598584579416833,0.4068337218320201,0,0,7,2137600,2160000,7,653ea372fe174f61ad9b142e806717f6c95c875f4f5435283d018c60ad899e82,12800,4072000,462
MSREG_large_3e6ce4ff57cc62de,MG1655,1843200,1856000,1849600.0,large,WIN_large_3e6ce4ff57cc62de,0.42598635714473526,12800,0.42598635714473526,0.3617615448345079,density,0.42989902590071355,0.422073688388757,0,0,4,1838400,1856000,4,3053108eb320498e2443671894da52f9546022a58b02388ea340d61ab6b77477,12800,4076800,463
MSREG_large_5830642ec53f64e2,MG1655,1856000,1868800,1862400.0,large,WIN_large_5830642ec53f64e2,0.42598635714473526,12800,0.2837709902224755,0.42598635714473526,shape,0.42989902590071355,0.422073688388757,0,0,2,1856000,1870400,2,7144af7609020b1fc94b4843b63c9fa40c1fbb8f7cc6c54875655c9b3b0eb0c3,12800,4078400,464
MSREG_large_051a644fa2cae937,MG1655,1665600,1678400,1672000.0,large,WIN_large_051a644fa2cae937,0.42598635714473526,12800,0.42598635714473526,0.3410652022553954,density,0.42989902590071355,0.422073688388757,0,0,4,1660800,1678400,4,a4fae7d3d0acbf729fb739815dc4836ce3f1935a0897b0185b8a172679ea02a0,12800,4083200,465
MSREG_large_56cfc03a5eec3f7c,MG1655,2044800,2057600,2051200.0,large,WIN_large_56cfc03a5eec3f7c,0.42598635714473526,12800,0.14713122529889644,0.42598635714473526,shape,0.42989902590071355,0.422073688388757,0,0,5,2040000,2059200,5,c30b1e4b22af7bb25081ff9e8c82a0dcf7294e2759a35608c5964f43b1294538,12800,4091200,466
MSREG_large_485939fc15f63210,MG1655,1283200,1296000,1289600.0,large,WIN_large_485939fc15f63210,0.42214294281158976,12800,0.42214294281158976,0.1702617153949574,density,0.42989902590071355,0.41438685972246597,0,0,2,1281600,1296000,2,de6b7789e169a38123b81810872bf1413c3873c94fee729737205a757f1db8ba,12800,4092800,467
MSREG_large_42c75e1b324b8c27,MG1655,2136000,2148800,2142400.0,large,WIN_large_42c75e1b324b8c27,0.422073688388757,12800,0.422073688388757,0.18801404561741109,density,0.422073688388757,0.422073688388757,0,0,3,2132800,2148800,3,53c7cee1268ad8b1c5f2fcb9a593c62e606cd5f9f495d970031a1ca55fc9ca76,12800,4096000,468
MSREG_large_a30a183a007c7eb8,MG1655,300800,313600,307200.0,large,WIN_large_a30a183a007c7eb8,0.41904815540274104,12800,0.056318363088120604,0.41904815540274104,shape,0.39211046501131375,0.44598584579416833,0,0,7,296000,318400,7,a0e9a207cb2497077f06593f45c475d1926c7909dd55d3d534664aa5da78d1f8,12800,4108800,469
MSREG_large_a7cca352744332e6,MG1655,3131200,3144000,3137600.0,large,WIN_large_a7cca352744332e6,0.41904815540274104,12800,0.1348365886811707,0.41904815540274104,shape,0.39211046501131375,0.44598584579416833,0,0,7,3126400,3148800,7,ff383848a90d8af397665d213e7d922a0c3401fddc108b00b37c263939e73de3,12800,4120000,470
MSREG_large_e0d3da30f5460737,MG1655,4526400,4539200,4532800.0,large,WIN_large_e0d3da30f5460737,0.4183663738663668,12800,0.2513097430984862,0.4183663738663668,shape,0.4068337218320201,0.42989902590071355,0,0,1,4526400,4539200,1,267dfe65b42d6f21860f845441439c86ace144df3f59fe19ecf3607fca462877,12800,4120000,471
MSREG_large_3e56b682ebc7117e,MG1655,4188800,4201600,4195200.0,large,WIN_large_3e56b682ebc7117e,0.4182302740556115,12800,0.4182302740556115,0.304467332801588,density,0.41438685972246597,0.422073688388757,0,0,1,4188800,4201600,1,7883981132da978ec542b2ea48ecbe676762285ad3a20edc7ea84dd17ae0820d,12800,4120000,472
MSREG_large_b10f1ad1cc0e41d5,MG1655,3851200,3864000,3857600.0,large,WIN_large_b10f1ad1cc0e41d5,0.4182302740556115,12800,0.4182302740556115,0.36102846929541726,density,0.41438685972246597,0.422073688388757,0,0,4,3846400,3864000,4,8eee8fe47e1e999eadb802524d0ec7f2916d5f5f2a7e62c187b6ee89fd7477a7,12800,4126400,473
MSREG_large_fb9d8ad119fc0f25,MG1655,1528000,1540800,1534400.0,large,WIN_large_fb9d8ad119fc0f25,0.41795833007398053,12800,0.010396468229845104,0.41795833007398053,shape,0.49816385745923997,0.33775280268872104,0,0,7,1523200,1545600,7,58a4f338f83d6fe678d49b49f37554b9af21020dfeb994787ae32be1cf05dcbb,12800,4139200,474
MSREG_large_2b5d169808f57747,MG1655,2793600,2806400,2800000.0,large,WIN_large_2b5d169808f57747,0.4149892102916513,12800,0.21377890504290548,0.4149892102916513,shape,0.39211046501131375,0.4378679555719889,0,0,5,2792000,2811200,5,0d0692a1074c248c5d77f10ec97028b39c7374dc45b81040b279ef1db006dc8e,12800,4145600,475
MSREG_large_9b9ab160eff08929,MG1655,230400,243200,236800.0,large,WIN_large_9b9ab160eff08929,0.41445370511038854,12800,0.23602766588446406,0.41445370511038854,shape,0.4068337218320201,0.422073688388757,0,0,5,225600,244800,5,44137aa8e6d290657bae64bcdfd19f33db35fef689b2825061350fc1d960d231,12800,4153600,476
MSREG_large_e5f106ce1f3631bc,MG1655,3380800,3393600,3387200.0,large,WIN_large_e5f106ce1f3631bc,0.41445370511038854,12800,0.28668378235386716,0.41445370511038854,shape,0.422073688388757,0.4068337218320201,0,0,2,3379200,3393600,2,f602586a556e750c22d6e8c919fa84edc20288270d823791b66440eaf46c3710,12800,4155200,477
MSREG_large_6097b6cbe4fe753e,MG1655,4582400,4595200,4588800.0,large,WIN_large_6097b6cbe4fe753e,0.41438685972246597,12800,0.41438685972246597,0.34539962243019623,density,0.41438685972246597,0.41438685972246597,0,0,5,4577600,4596800,5,a72c604e2ba9f88bb59c868b1a90ba67426c24aa309f5164dd2182279c4a710f,12800,4161600,478
MSREG_large_3d38c48ab7e27389,MG1655,3366400,3379200,3372800.0,large,WIN_large_3d38c48ab7e27389,0.41438685972246597,12800,0.41438685972246597,0.1813085015763982,density,0.41438685972246597,0.41438685972246597,0,0,4,3361600,3379200,4,fd798b286b6333354845f28329087f2d5d6ab2552c356edcca1e9a73c3a83220,12800,4168000,479
MSREG_large_a6d755134f6a1e49,MG1655,3190400,3203200,3196800.0,large,WIN_large_a6d755134f6a1e49,0.4110047454560136,12800,0.29240049294322834,0.4110047454560136,shape,0.39211046501131375,0.42989902590071355,0,0,2,3188800,3203200,2,7d8b73125a36f274741d3ff9410e851e1f106160510530aaeafa16f626776a74,12800,4169600,480
MSREG_large_291ef80b4128347c,MG1655,3673600,3686400,3680000.0,large,WIN_large_291ef80b4128347c,0.4110047454560136,12800,0.4110047454560136,0.36102846929541726,density,0.42989902590071355,0.39211046501131375,0,0,4,3673600,3691200,4,98cf157b9858d9e77d0f576d8ad8bb7a7babdee040395d416f5f87a72c94e324,12800,4174400,481
MSREG_large_845baf7c80e0c562,MG1655,1374400,1387200,1380800.0,large,WIN_large_845baf7c80e0c562,0.40786899073434624,12800,0.056318363088120604,0.40786899073434624,shape,0.37787002589670354,0.4378679555719889,0,0,4,1369600,1387200,4,3de9824afe0b24340f7336aebe49e0ccb09686280917be1f9a03839eee8471d0,12800,4180800,482
MSREG_large_66d2a54407f67fb6,MG1655,956800,969600,963200.0,large,WIN_large_66d2a54407f67fb6,0.40709207670003533,12800,0.33551029834278584,0.40709207670003533,shape,0.39211046501131375,0.422073688388757,0,0,1,956800,969600,1,15f427e3affbacf959dfa8602fc74e1f9dbecc3af4e95c4a96fa6666708243c8,12800,4180800,483
MSREG_large_189b86141db4540f,MG1655,2508800,2521600,2515200.0,large,WIN_large_189b86141db4540f,0.4035027843864737,12800,0.4035027843864737,0.051339101964150334,density,0.422073688388757,0.38493188038419035,0,0,5,2505600,2524800,5,c19e08b811471c38f01264b76d524c518904ac00e522fe8093ebce258736a947,12800,4187200,484
MSREG_large_dc09f14566397e8c,MG1655,1220800,1233600,1227200.0,large,WIN_large_dc09f14566397e8c,0.40324866236688983,12800,0.31622131016084165,0.40324866236688983,shape,0.39211046501131375,0.41438685972246597,0,0,1,1220800,1233600,1,a4be1c3d67e118b297c79a555cfbf927bf773667f27138f094634df6eff53cdb,12800,4187200,485
MSREG_large_7dc6fa892b2ad838,MG1655,2377600,2390400,2384000.0,large,WIN_large_7dc6fa892b2ad838,0.39997185714273026,12800,0.2513097430984862,0.39997185714273026,shape,0.37787002589670354,0.422073688388757,0,0,1,2377600,2390400,1,897cb5f2462acbe4c3d89f3994180e6b84008bd7770b05f5af7f3dfa781b8933,12800,4187200,486
MSREG_large_fcfb6015114f3269,MG1655,1566400,1579200,1572800.0,large,WIN_large_fcfb6015114f3269,0.39997185714273026,12800,0.008893713159982502,0.39997185714273026,shape,0.37787002589670354,0.422073688388757,0,0,4,1566400,1584000,4,afcdf804f2ef037cc984786c25b465b7524ff0327240406b8001f6f10298c657,12800,4192000,487
MSREG_large_9660e064c1861222,MG1655,294400,307200,300800.0,large,WIN_large_9660e064c1861222,0.39612844280958476,12800,0.12500924468293573,0.39612844280958476,shape,0.37787002589670354,0.41438685972246597,0,0,4,289600,307200,4,176a75473a9cd1b2db886b0150e1d2c090bc80c36a5dc65c7d0782f787e898b8,12800,4198400,488
MSREG_large_c552d7b48f194325,MG1655,1166400,1179200,1172800.0,large,WIN_large_c552d7b48f194325,0.39612844280958476,12800,0.3282881500192013,0.39612844280958476,shape,0.37787002589670354,0.41438685972246597,0,0,4,1161600,1179200,4,8fb9b35863bba26b996e83abb8c0e2c85872f0551ae472a694d8ddca53e94d7b,12800,4203200,489
MSREG_large_8b0571e79f9e0bbd,MG1655,2180800,2193600,2187200.0,large,WIN_large_8b0571e79f9e0bbd,0.39612844280958476,12800,0.27266942055374543,0.39612844280958476,shape,0.37787002589670354,0.41438685972246597,0,0,4,2180800,2198400,4,bf2aed85e14aeb1fe3887272607d02312632a7b165b574e1fafea8c21df94759,12800,4209600,490
MSREG_large_bebcdd10829d76d3,MG1655,1470400,1483200,1476800.0,large,WIN_large_bebcdd10829d76d3,0.39588280110810525,12800,0.1553669799790296,0.39588280110810525,shape,0.38493188038419035,0.4068337218320201,0,0,1,1470400,1483200,1,c51b42f31f4fd415c3b76b310d230c2a443610f0ca25546a83dfed4ec786ff72,12800,4209600,491
MSREG_large_7459b12f80abfca2,MG1655,2777600,2790400,2784000.0,large,WIN_large_7459b12f80abfca2,0.39576008438206345,12800,0.18820264381921484,0.39576008438206345,shape,0.39211046501131375,0.3994097037528132,0,0,2,2777600,2792000,2,316cad5b17d496a98b9978d2de6648992249a77ccab6e32f1b005c3e70e2a13e,12800,4211200,492
MSREG_large_47fc13e9a659c060,MG1655,144000,156800,150400.0,large,WIN_large_47fc13e9a659c060,0.3930777148999136,12800,0.3930777148999136,0.3515168506387021,density,0.422073688388757,0.3640817414110702,0,0,5,139200,158400,5,35e6a5447c1719462a4df2ecc646e7d1c3f665c29dafefa1b5a9bd0f0bedd12f,12800,4219200,493
MSREG_large_5da9b3f024fd546e,MG1655,2540800,2553600,2547200.0,large,WIN_large_5da9b3f024fd546e,0.3926540128319208,12800,0.3926540128319208,0.3159662928197855,density,0.3709211659413757,0.41438685972246597,0,0,3,2537600,2553600,3,baa56a210340afa762c76d4363377b6f0fa18f3da0b3b765b3e8a37fed492606,12800,4222400,494
MSREG_large_d6fbe2822aebb5d3,MG1655,2088000,2100800,2094400.0,large,WIN_large_d6fbe2822aebb5d3,0.3897110235704294,12800,0.3039844254692413,0.3897110235704294,shape,0.3573483587521018,0.422073688388757,0,0,2,2088000,2102400,2,2e393e98146e5b7dd7afa60639a4ebd25f857265dcfcaf601f1681d7b1c03ce1,12800,4224000,495
MSREG_large_67aea6e73ebfd7af,MG1655,1752000,1764800,1758400.0,large,WIN_large_67aea6e73ebfd7af,0.3886398648247584,12800,0.20647388804940214,0.3886398648247584,shape,0.37787002589670354,0.3994097037528132,0,0,2,1750400,1764800,2,ddc384314cf515050424b388b7e89383a71e0e1cb245c207f2309d76652b7605,12800,4225600,496
MSREG_large_aac8d14a01b381eb,MG1655,358400,371200,364800.0,large,WIN_large_aac8d14a01b381eb,0.38852117269775205,12800,0.1408779377097477,0.38852117269775205,shape,0.38493188038419035,0.39211046501131375,0,0,7,353600,376000,7,5a720e3cc87fa2eca7a10a71b51530a1963bf78ec767caece7597466ac02254a,12800,4238400,497
MSREG_large_97997f26edc45b2b,MG1655,4484800,4497600,4491200.0,large,WIN_large_97997f26edc45b2b,0.3851654348470944,12800,0.3851654348470944,0.35403306930259526,density,0.3994097037528132,0.3709211659413757,0,0,4,4484800,4502400,4,7db68184df2582b47cac0d5f30226db46b8046ebec9cc0ccfaff5a3b279af82d,12800,4244800,498
MSREG_large_92a6c49121314fe2,MG1655,2700800,2713600,2707200.0,large,WIN_large_92a6c49121314fe2,0.3849902454540086,12800,0.3849902454540086,0.32516367538070057,density,0.37787002589670354,0.39211046501131375,0,0,4,2700800,2718400,4,3aebcf4fba7c8ae3d9e01c14dd6a189fa8fe9d38417a47f27b9f093fc23c9e68,12800,4251200,499
MSREG_large_496dd22510e269c1,MG1655,2707200,2720000,2713600.0,large,WIN_large_496dd22510e269c1,0.381400953140447,12800,0.381400953140447,0.2837709902224755,density,0.37787002589670354,0.38493188038419035,0,0,1,2707200,2720000,1,4d28f25b65c5aa0f31d149ccadf320be3a3ee21b328aa86fc5aa41cf7cd084d3,12800,4251200,500
MSREG_large_9793a6cbaef5d273,MG1655,1208000,1220800,1214400.0,large,WIN_large_9793a6cbaef5d273,0.3806558252792078,12800,0.3806558252792078,0.31904644717219477,density,0.42989902590071355,0.33141262465770205,0,0,3,1204800,1220800,3,6895d478761b5a8bb7ea0b07b6b5a9bec628f9408ee37dcf0febce6b779a405d,12800,4254400,501
MSREG_large_e365fb321b86a9f1,MG1655,3288000,3300800,3294400.0,large,WIN_large_e365fb321b86a9f1,0.3792868862082985,12800,0.2895985541842291,0.3792868862082985,shape,0.41438685972246597,0.344186912694131,0,0,4,3288000,3305600,4,aa33327e43c76541a00db838bfc6665ff59b1cfa52cf5cac9796a79fe2669819,12800,4259200,502
MSREG_large_bc376fe64b43bfbe,MG1655,0,12800,6400.0,large,WIN_large_bc376fe64b43bfbe,0.37877575084255444,12800,0.3474523462736099,0.37877575084255444,shape,0.4068337218320201,0.3507177798530887,0,0,4,0,17600,4,997b11b005f0f1f70fb026a91e5767d5b62e83e4f2e682c22ff3b83817f7526e,12800,4272000,503
MSREG_large_8e4c17fd087d39d4,MG1655,1268800,1281600,1275200.0,large,WIN_large_8e4c17fd087d39d4,0.37837903125245753,12800,0.206499544957443,0.37837903125245753,shape,0.3573483587521018,0.3994097037528132,0,0,1,1268800,1281600,1,e38ee1a97d33e4af4f24fe3b094472f9d3f7d04493ebe07b0ddc7d6157b3c5fe,12800,4272000,504
MSREG_large_1f4c9d422c1adc09,MG1655,3710400,3723200,3716800.0,large,WIN_large_1f4c9d422c1adc09,0.377926523162783,12800,0.377926523162783,0.3346752940374158,density,0.38493188038419035,0.3709211659413757,0,0,1,3710400,3723200,1,dd576273221391c57a72dd7e97cf8f25578e418521b8e7ef223e12ee597498ca,12800,4272000,505
MSREG_large_f3f259fe3c221e86,MG1655,1804800,1817600,1811200.0,large,WIN_large_f3f259fe3c221e86,0.3760698312055935,12800,0.3760698312055935,0.1702617153949574,density,0.41438685972246597,0.33775280268872104,0,0,3,1804800,1820800,3,29d73b526562e3088aca3b19a483b13ba0c9ed704ce9a22b417f2484e3797fc4,12800,4275200,506
MSREG_large_fdcde7237b8d05e8,MG1655,2321600,2334400,2328000.0,large,WIN_large_fdcde7237b8d05e8,0.3736186818847288,12800,0.041542431965050516,0.3736186818847288,shape,0.32516367538070057,0.422073688388757,0,0,5,2316800,2336000,5,c1d4bdc56be3e5ade1c5b3772c5f48c6a0bffc16c7459a2507d7944422ae9d54,12800,4281600,507
MSREG_large_b8cd8996597bbff6,MG1655,364800,377600,371200.0,large,WIN_large_b8cd8996597bbff6,0.3711401195681461,12800,0.06136187542139872,0.3711401195681461,shape,0.3573483587521018,0.38493188038419035,0,0,4,364800,382400,4,939beac5b7fdd17442b5da4fe6cdb9d637b8f92bdfb8abe30b75183d921a82d0,12800,4288000,508
MSREG_large_078d604a00ce9028,MG1655,3230400,3243200,3236800.0,large,WIN_large_078d604a00ce9028,0.36814868885272234,12800,0.23848133313183612,0.36814868885272234,shape,0.39211046501131375,0.344186912694131,0,0,1,3230400,3243200,1,43f1e97f6a7083fc262dac2f975f9f94f686acf4f7f3909080481c5cc8a1ed20,12800,4288000,509
MSREG_large_e1636dd6361b77f6,MG1655,3014400,3027200,3020800.0,large,WIN_large_e1636dd6361b77f6,0.3676091923244027,12800,0.1553669799790296,0.3676091923244027,shape,0.37787002589670354,0.3573483587521018,0,0,4,3009600,3027200,4,a14caae4840c08f8a1e5394db1f951f297660d98af176fb515bc35f83704a181,12800,4292800,510
MSREG_large_a22d37d6003be323,MG1655,1008000,1020800,1014400.0,large,WIN_large_a22d37d6003be323,0.36750145367622294,12800,0.36750145367622294,0.2837709902224755,density,0.3640817414110702,0.3709211659413757,0,0,1,1008000,1020800,1,72dc364d51567ca36b4602199d676962c5f0959bc91190e9cc4036f499bf3f04,12800,4292800,511
MSREG_large_14bfe9fbf9c46527,MG1655,1728000,1740800,1734400.0,large,WIN_large_14bfe9fbf9c46527,0.36429390287489616,12800,0.24601320634977406,0.36429390287489616,shape,0.37787002589670354,0.3507177798530887,0,0,1,1728000,1740800,1,045088042f08296ea3a0590e0368f674c1cc3162394950ff0182196af85d27a0,12800,4292800,512
MSREG_large_70c6c46851d2ff24,MG1655,2424000,2436800,2430400.0,large,WIN_large_70c6c46851d2ff24,0.36429390287489616,12800,0.26990317625376486,0.36429390287489616,shape,0.37787002589670354,0.3507177798530887,0,0,1,2424000,2436800,1,2b138711b4b00df4669999ea48dbda9fdecda65e06ef41069a4da707869c1d8c,12800,4292800,513
MSREG_large_4dde24039b179580,MG1655,3449600,3462400,3456000.0,large,WIN_large_4dde24039b179580,0.36102846929541726,12800,0.18358231545175852,0.36102846929541726,shape,0.37787002589670354,0.344186912694131,0,0,1,3449600,3462400,1,27dad97b6d8c748ce9aaffd5bc8cf65252f0ef62f7f4989ad140da3ad740ca0b,12800,4292800,514
MSREG_large_d8e4d37ce63fdfcd,MG1655,2657600,2670400,2664000.0,large,WIN_large_d8e4d37ce63fdfcd,0.36102846929541726,12800,0.2841008620334975,0.36102846929541726,shape,0.37787002589670354,0.344186912694131,0,0,3,2657600,2673600,3,cbd8f89baa27c20fe005685c684605961838f4a3c98202964b742345acd39348,12800,4296000,515
MSREG_large_78a29b638cd0dfd0,MG1655,1456000,1468800,1462400.0,large,WIN_large_78a29b638cd0dfd0,0.35863707019600716,12800,0.008893713159982502,0.35863707019600716,shape,0.39211046501131375,0.32516367538070057,0,0,5,1451200,1470400,5,b05e1aae10f0a96a9fcd20b75e5bbb13db59c0e8f245b41c6a3a10ff2d600910,12800,4304000,516
MSREG_large_eb3579e78f3d20ac,MG1655,606400,619200,612800.0,large,WIN_large_eb3579e78f3d20ac,0.3578114142927123,12800,0.008893713159982502,0.3578114142927123,shape,0.37787002589670354,0.33775280268872104,0,0,7,601600,624000,7,512417f8dc75e0fa54db7b52a022f71537a74b004772a7f0eb3784d24f5c0e56,12800,4313600,517
MSREG_large_79938d76bfe6e973,MG1655,3572800,3585600,3579200.0,large,WIN_large_79938d76bfe6e973,0.3575540393177533,12800,0.3575540393177533,0.20180387492233046,density,0.3709211659413757,0.344186912694131,0,0,4,3572800,3590400,4,ac0b0af467755df906f9b29c1f5dddd6f7b5d6e3c241f855172ddcb95962ecc9,12800,4320000,518
MSREG_large_1afe3b9404762037,MG1655,651200,664000,657600.0,large,WIN_large_1afe3b9404762037,0.35403306930259526,12800,0.3010696536388794,0.35403306930259526,shape,0.3573483587521018,0.3507177798530887,0,0,2,649600,664000,2,fa48b80861b3117c26e5ec863ec93268d61fb098ce46acdc36d75b20ae863974,12800,4321600,519
MSREG_large_479d19fcd8cc4fc5,MG1655,137600,150400,144000.0,large,WIN_large_479d19fcd8cc4fc5,0.3515168506387021,12800,0.29232428755871165,0.3515168506387021,shape,0.37787002589670354,0.32516367538070057,0,0,1,137600,150400,1,ad70ce4f659d603b85a8b20f7285ed9dad58f66923c782f75d36b00ca9316cee,12800,4321600,520
MSREG_large_f9e8be44a0adab11,MG1655,3844800,3857600,3851200.0,large,WIN_large_f9e8be44a0adab11,0.3477471830343861,12800,0.3477471830343861,0.32516367538070057,density,0.33141262465770205,0.3640817414110702,0,0,1,3844800,3857600,1,2ccd9b10f4a692a5b04f1a6ebab141553f6cd403286420054efcb0054d7771fd,12800,4321600,521
MSREG_large_931c74a3261e8f33,MG1655,1968000,1980800,1974400.0,large,WIN_large_931c74a3261e8f33,0.34755058072041145,12800,0.24132420263317617,0.34755058072041145,shape,0.3573483587521018,0.33775280268872104,0,0,4,1968000,1985600,4,36c9fc8855ad4676abbe48b1bf481c632d0b1df1103c548984c6016bc6148b38,12800,4328000,522
MSREG_large_c5184f7e9b4fef6c,MG1655,2148800,2161600,2155200.0,large,WIN_large_c5184f7e9b4fef6c,0.34539962243019623,12800,0.13088834825815382,0.34539962243019623,shape,0.3129292189636889,0.37787002589670354,0,0,1,2148800,2161600,1,55d5312c821a8a4a322615aabab3332b2f91169c937a5abc8e245579ea8619de,12800,4328000,523
MSREG_large_a9903ab3737b2c41,MG1655,1979200,1992000,1985600.0,large,WIN_large_a9903ab3737b2c41,0.3412560170664012,12800,0.33551029834278584,0.3412560170664012,shape,0.3640817414110702,0.3573483587521018,0,0,4,1974400,1992000,4,8896802998312ec3a7fd4a7739e886c8de2811c18648ee5be56c638585499f9d,12800,4332800,524
MSREG_large_baf3015e38c042b3,MG1655,627200,640000,633600.0,large,WIN_large_baf3015e38c042b3,0.3385054801873796,12800,0.26997190461039233,0.3385054801873796,shape,0.3640817414110702,0.3129292189636889,0,0,3,624000,640000,3,e7e6b3b6506ee3650ef5fa0c33702e965852b56dd224b42901d69be3a70c9048,12800,4336000,525
MSREG_large_8bbf558707d8d016,MG1655,1553600,1566400,1560000.0,large,WIN_large_8bbf558707d8d016,0.33794072761689464,12800,0.03355271800923036,0.33794072761689464,shape,0.32516367538070057,0.3507177798530887,0,0,4,1548800,1566400,4,8a83ebc13bf846f9885aeaf95bdc75d8d8514581ee115cbf85518e83d3a648a0,12800,4342400,526
MSREG_large_53110596af508ed4,MG1655,1414400,1427200,1420800.0,large,WIN_large_53110596af508ed4,0.3351387888578954,12800,0.18139991275053352,0.3351387888578954,shape,0.3129292189636889,0.3573483587521018,0,0,4,1414400,1432000,4,8cd28baaf346e5271f72c021deb4bab89a1c3e74e054b485b5195db2332a2f97,12800,4348800,527
MSREG_large_7dda9b028c8f59c4,MG1655,4318400,4331200,4324800.0,large,WIN_large_7dda9b028c8f59c4,0.3346752940374158,12800,0.10958029511326185,0.3346752940374158,shape,0.32516367538070057,0.344186912694131,0,0,2,4318400,4332800,2,5f03dc36f729857082ca0fdd43a62074c8b39f234aae4b9005f2ebff2d26ddf3,12800,4350400,528
MSREG_large_a56c9cf86bcb7afe,MG1655,2897600,2910400,2904000.0,large,WIN_large_a56c9cf86bcb7afe,0.3346752940374158,12800,0.2754008684044965,0.3346752940374158,shape,0.32516367538070057,0.344186912694131,0,0,1,2897600,2910400,1,cb1da84f4a1695b7a24f36c58031d4ec83e90dba856cb2eafe5d8923485dd3b9,12800,4350400,529
MSREG_large_6bf5d222319052dd,MG1655,2187200,2200000,2193600.0,large,WIN_large_6bf5d222319052dd,0.32855806582890995,12800,0.24377786988054823,0.32855806582890995,shape,0.3129292189636889,0.344186912694131,0,0,1,2187200,2200000,1,3f691fa66e9e62c6d4b59e81edf7938168d247b19756f3871d29b7a684642460,12800,4350400,530
MSREG_large_eda6330df232a664,MG1655,3737600,3750400,3744000.0,large,WIN_large_eda6330df232a664,0.3282881500192013,12800,0.3282881500192013,0.2983501045930822,density,0.32516367538070057,0.33141262465770205,0,0,1,3737600,3750400,1,ce7b3c9340a9e6ce22ed15775f532e51de2428502e92ac1b254cb78a687587e2,12800,4350400,531
MSREG_large_1effcd2d2a5ec396,MG1655,1057600,1070400,1064000.0,large,WIN_large_1effcd2d2a5ec396,0.32516367538070057,12800,0.10580372616803892,0.32516367538070057,shape,0.32516367538070057,0.32516367538070057,0,0,4,1057600,1075200,4,201cacbf29c6d62084bbda261934974fa8159b96a5bfe98c46dfabd131cca6fe,12800,4356800,532
MSREG_large_863919b73e972907,MG1655,2824000,2836800,2830400.0,large,WIN_large_863919b73e972907,0.32234582898161124,12800,0.32234582898161124,0.18578687490428608,density,0.33775280268872104,0.3069388552745015,0,0,1,2824000,2836800,1,08caf66e2412576edee783148bb98923a0ee832f3f045728f1a4759bf8f9a3b5,12800,4356800,533
MSREG_large_12b3d4565adb7755,MG1655,1441600,1454400,1448000.0,large,WIN_large_12b3d4565adb7755,0.31904644717219477,12800,0.056318363088120604,0.31904644717219477,shape,0.3129292189636889,0.32516367538070057,0,0,4,1441600,1459200,4,6ce87f81f9a915b367b96912f21eb22ec0fe1a2d7ccfae9180fd17721016455b,12800,4363200,534
MSREG_large_30b8389d745ea837,MG1655,1078400,1091200,1084800.0,large,WIN_large_30b8389d745ea837,0.31904644717219477,12800,0.05300307363861406,0.31904644717219477,shape,0.32516367538070057,0.3129292189636889,0,0,7,1073600,1096000,7,de57bc12d15fb81295e60d75a57143843ff4b6cae2ced602a5de915773f9eb80,12800,4376000,535
MSREG_large_a81d0bcc458bd6f3,MG1655,1027200,1040000,1033600.0,large,WIN_large_a81d0bcc458bd6f3,0.3172443850377821,12800,0.07685415317123022,0.3172443850377821,shape,0.2837709902224755,0.3507177798530887,0,0,4,1027200,1044800,4,9d5711261be90b3a0d53886dd28921bda705eeeb1f8d1c8b7d1f63285b4846b6,12800,4382400,536
MSREG_large_faa1496346fe0b64,MG1655,1366400,1379200,1372800.0,large,WIN_large_faa1496346fe0b64,0.3172443850377821,12800,0.08568911489935824,0.3172443850377821,shape,0.2837709902224755,0.3507177798530887,0,0,5,1361600,1380800,5,a9510af56767773cd5f07e11c76639cb0dc5d535ce7f8eda50dfc811c94c1774,12800,4388800,537
MSREG_large_e3b06af31b3a981f,MG1655,2224000,2236800,2230400.0,large,WIN_large_e3b06af31b3a981f,0.31076189645559826,12800,0.2952004520032573,0.31076189645559826,shape,0.2952004520032573,0.33775280268872104,0,0,1,2224000,2236800,1,16dd74c8a001aa51124da5debbb29dfe2c62ac7ca4a243801707e0c0448af549,12800,4388800,538
MSREG_large_fa96711800359db3,MG1655,3641600,3654400,3648000.0,large,WIN_large_fa96711800359db3,0.3101820636919789,12800,0.3101820636919789,0.0698911702773945,density,0.32516367538070057,0.2952004520032573,0,0,4,3641600,3659200,4,0adda9575737e8c1f75961bfa57fe93fb6096ebc88c3d7966c1c194a44c8f8cc,12800,4395200,539
MSREG_large_51852e685597611a,MG1655,2860800,2873600,2867200.0,large,WIN_large_51852e685597611a,0.3101820636919789,12800,0.3101820636919789,0.23325286346386429,density,0.2952004520032573,0.32516367538070057,0,0,5,2857600,2876800,5,37db9891d4026bcf45cdd98702324d6076ed59ff36bdb8f382d54e5f2ca2d64c,12800,4401600,540
MSREG_large_0482aebcf06d3aa3,MG1655,2844800,2857600,2851200.0,large,WIN_large_0482aebcf06d3aa3,0.3068166450240466,12800,0.04968778418910752,0.3068166450240466,shape,0.2357632641513897,0.37787002589670354,0,0,1,2844800,2857600,1,049a350abab12d5ecd82548d8085980487c4822158949b58bcb8c1627e6ed62a,12800,4401600,541
MSREG_large_8205a4e0c162fa33,MG1655,2299200,2312000,2305600.0,large,WIN_large_8205a4e0c162fa33,0.30298180460521934,12800,0.056318363088120604,0.30298180460521934,shape,0.2617766965163077,0.344186912694131,0,0,5,2297600,2316800,5,ee22b578f8e08975a2bacafb665dd0c25fd6ae5404da108b4fb97b573528ffc7,12800,4408000,542
MSREG_large_2b43d6f5df1b99ab,MG1655,4494400,4507200,4500800.0,large,WIN_large_2b43d6f5df1b99ab,0.30202362438110897,12800,0.30202362438110897,0.10483762384352803,density,0.33141262465770205,0.27263462410451594,0,0,6,4491200,4512000,6,161cf3c28f592e5932f45370b2cdeab0f937c7414d093c2575cf01f0cda8c9e9,12800,4417600,543
MSREG_large_c7401b05e3a28020,MG1655,1393600,1406400,1400000.0,large,WIN_large_c7401b05e3a28020,0.3010299956639812,12800,0.3010299956639812,0.04641007442787158,density,0.3010299956639812,0.3010299956639812,0,0,2,1393600,1408000,2,f1d209c8f34332e57ccf324b7bf6cc7daa4fea8a3cf962cda751140a1bbef3d7,12800,4419200,544
MSREG_large_fc96e6fcd26077fc,MG1655,2595200,2608000,2601600.0,large,WIN_large_fc96e6fcd26077fc,0.2895985541842291,12800,0.2895985541842291,0.176875848261835,density,0.278167112704477,0.3010299956639812,0,0,1,2595200,2608000,1,cf8fcc35711ac6ca03c84a33bb722b3592eab0f8382628c25b0b9291a50d66f3,12800,4419200,545
MSREG_large_073969d81c26cd3a,MG1655,2720000,2732800,2726400.0,large,WIN_large_073969d81c26cd3a,0.2894857211128664,12800,0.2894857211128664,0.02104260273957747,density,0.2952004520032573,0.2837709902224755,0,0,3,2720000,2736000,3,cb447b5b8678e3fc7a9201545e137a1bf05289e71c6510f1603b13d6a9795b30,12800,4422400,546
MSREG_large_68e1a6e3f5dcfca2,MG1655,4040000,4052800,4046400.0,large,WIN_large_68e1a6e3f5dcfca2,0.2837709902224755,12800,0.2837709902224755,0.25657707886804476,density,0.2837709902224755,0.2837709902224755,0,0,4,4035200,4052800,4,3dd2fc00168acf3e702a021d2e362f01b5b910d351fcba2cf8ac4aec27deb243,12800,4428800,547
MSREG_large_85fcc4031f059e2c,MG1655,1644800,1657600,1651200.0,large,WIN_large_85fcc4031f059e2c,0.2837709902224755,12800,0.15340913966103126,0.2837709902224755,shape,0.2837709902224755,0.2837709902224755,0,0,4,1643200,1660800,4,5491ade8d85f7d14d8f2d1dfe8c8693ed322946589e97eeb26673e419ce80798,12800,4433600,548
MSREG_large_80c926a417faac96,MG1655,251200,264000,257600.0,large,WIN_large_80c926a417faac96,0.2809690514634763,12800,0.2809690514634763,0.27547135931274463,density,0.278167112704477,0.2837709902224755,0,0,4,251200,268800,4,075907c87febbf99daee07f5c830f6671ff4a5654990be3dda842a58cf8a85c4,12800,4438400,549
MSREG_large_455486ad24443ec5,MG1655,1064000,1076800,1070400.0,large,WIN_large_455486ad24443ec5,0.28046346976604514,12800,0.06475487009304476,0.28046346976604514,shape,0.2357632641513897,0.32516367538070057,0,0,4,1064000,1081600,4,29e3a02334f2b14816e7624f5209a4f680869ee3c1b50b4650f6b677e5900aa6,12800,4444800,550
MSREG_large_2cdd6e45a1606bd8,MG1655,337600,350400,344000.0,large,WIN_large_2cdd6e45a1606bd8,0.28046346976604514,12800,0.06647145801224175,0.28046346976604514,shape,0.2357632641513897,0.32516367538070057,0,0,4,337600,355200,4,bc83b5fed6fadc615a59030c22445e10250c98cbda0a85c0de00a299a2608c2e,12800,4451200,551
MSREG_large_762e2f25e2f6efd9,MG1655,4083200,4096000,4089600.0,large,WIN_large_762e2f25e2f6efd9,0.278167112704477,12800,0.278167112704477,0.2383624460547073,density,0.278167112704477,0.278167112704477,0,0,1,4083200,4096000,1,e49cc76e0906e136dfa4bab41fe7beba48717be36d091f5ca0d1c35e91e0a19b,12800,4451200,552
MSREG_large_f28ea68400d31bd2,MG1655,352000,364800,358400.0,large,WIN_large_f28ea68400d31bd2,0.2743462415575393,12800,0.05799518409191452,0.2743462415575393,shape,0.2357632641513897,0.3129292189636889,0,0,4,347200,364800,4,f3af1817c654fa8f66d63e163fde241016fed50a8d7f9661c2c067cb540cccc0,12800,4457600,553
MSREG_large_4f6b564cfb7d84b7,MG1655,2116800,2129600,2123200.0,large,WIN_large_4f6b564cfb7d84b7,0.26659569574936215,12800,0.02724691514086233,0.26659569574936215,shape,0.20177876684102225,0.33141262465770205,0,0,6,2112000,2132800,6,25953afea506c5ee8a98cda3969ac97aae20694c9fadabb5dcce0e29a60017b1,12800,4467200,554
MSREG_large_31cd3ec3c1bb1300,MG1655,1420800,1433600,1427200.0,large,WIN_large_31cd3ec3c1bb1300,0.2648767097777756,12800,0.019529678823307466,0.2648767097777756,shape,0.2837709902224755,0.24598242933307574,0,0,1,1420800,1433600,1,c5f38bffd306cf6581dfa815ebd60ad62e6de0aa0995316bd23ecd2de2be6c3b,12800,4467200,555
MSREG_large_265d436952698eee,MG1655,3579200,3592000,3585600.0,large,WIN_large_265d436952698eee,0.26260569363277786,12800,0.17464867754870997,0.26260569363277786,shape,0.2357632641513897,0.28944812311416607,0,0,1,3579200,3592000,1,2ff8d2dd25550f25a8534f8ec60a598fc6f9813d4d7aaac85c8aec39bb11803e,12800,4467200,556
MSREG_large_af36cf93dcdf92ed,MG1655,683200,696000,689600.0,large,WIN_large_af36cf93dcdf92ed,0.26260569363277786,12800,0.17244411809618243,0.26260569363277786,shape,0.2357632641513897,0.28944812311416607,0,0,5,680000,699200,5,320ba0043052a9b4d2562e15a3aa1f6ca44443a05074998372be9d40a6ee5a5f,12800,4473600,557
MSREG_large_84c6ea6b41eb2683,MG1655,3622400,3635200,3628800.0,large,WIN_large_84c6ea6b41eb2683,0.26230688995157003,12800,0.26230688995157003,0.06645799443900052,density,0.2837709902224755,0.24084278968066464,0,0,4,3617600,3635200,4,5e48534b04934d11c44e82a2e87e2003ad27d24c75dc6f5ed00450a49b31b2d2,12800,4480000,558
MSREG_large_f9da0855d4b65882,MG1655,987200,1000000,993600.0,large,WIN_large_f9da0855d4b65882,0.25917767571094863,12800,0.24864532634595266,0.25917767571094863,shape,0.2671717284030138,0.2511836230188835,0,0,1,987200,1000000,1,a47d7dec43b6d0270351b9e5bc763ff1eccad1008356dd82028e454a025c1652,12800,4480000,559
MSREG_large_cef5c3cf109dd67b,MG1655,2036800,2049600,2043200.0,large,WIN_large_cef5c3cf109dd67b,0.2572567264994072,12800,0.2513097430984862,0.2572567264994072,shape,0.2617766965163077,0.2837709902224755,0,0,2,2036800,2051200,2,044a8f0bdd56be4ac31d568f01b73ef1fe97e7f83ffd56e1f1b1310168dc63f3,12800,4481600,560
MSREG_large_96fa639d2b9ce532,MG1655,3652800,3665600,3659200.0,large,WIN_large_96fa639d2b9ce532,0.2547750167336321,12800,0.24132420263317617,0.2547750167336321,shape,0.2617766965163077,0.2837709902224755,0,0,7,3648000,3670400,7,5cbfa6557f81fe1e4aeebb0b30602f45bd1076d757a1cb992cd7a0ae86f9d8ae,12800,4492800,561
MSREG_large_d2975b77f5df4598,MG1655,1036800,1049600,1043200.0,large,WIN_large_d2975b77f5df4598,0.25209965754158153,12800,0.025690297428790844,0.25209965754158153,shape,0.17903563970246253,0.32516367538070057,0,0,6,1033600,1054400,6,6ac4c7286919e35b2604a99e926cff770ac83c5b1e7078b0987f204584b1994d,12800,4502400,562
MSREG_large_9e2f8383b7f47e36,MG1655,6400,19200,12800.0,large,WIN_large_9e2f8383b7f47e36,0.24087284674223272,12800,0.24087284674223272,0.11337357347644171,density,0.24598242933307574,0.2357632641513897,0,0,4,6400,24000,4,f03cf2b00b7663909da0bbc021289fb71e24f303a67ee9238ffa91ec118e0561,12800,4507200,563
MSREG_large_a9fff384fe655086,MG1655,2993600,3006400,3000000.0,large,WIN_large_a9fff384fe655086,0.23602766588446406,12800,0.23602766588446406,0.03832537696234556,density,0.2511836230188835,0.22087170875004464,0,0,5,2990400,3009600,5,2ae34645637f9f8187f1efe362852921b94482e3e0f6adeeaa4152ecd9ed81c4,12800,4513600,564
MSREG_large_1bdb095aa3802fc0,MG1655,4502400,4515200,4508800.0,large,WIN_large_1bdb095aa3802fc0,0.23602766588446406,12800,0.23602766588446406,0.0878474482227167,density,0.2511836230188835,0.22087170875004464,0,0,5,4500800,4520000,5,9870adfd69c7818a1e6fefdd4c38d8ca550ee4b9ec3b2e127dafdd4e0ff6cc18,12800,4520000,565
MSREG_large_48c0a3eb4bba4b1d,MG1655,345600,358400,352000.0,large,WIN_large_48c0a3eb4bba4b1d,0.23363048567559402,12800,0.041542431965050516,0.23363048567559402,shape,0.18348998112871256,0.2837709902224755,0,0,2,344000,358400,2,f895574943966b619fde539d833cc70793a730f538154b5636343319b502cea4,12800,4521600,566
MSREG_large_1698bb1f8ed97296,MG1655,3462400,3475200,3468800.0,large,WIN_large_1698bb1f8ed97296,0.23325286346386429,12800,0.23325286346386429,0.1595843588542459,density,0.2357632641513897,0.23074246277633886,0,0,1,3462400,3475200,1,094dddf5f9fa0fe43f241789f1ed101b9f8d91632ea93790bcfa913f059afd26,12800,4521600,567
MSREG_large_9a22207dbf508c1f,MG1655,371200,384000,377600.0,large,WIN_large_9a22207dbf508c1f,0.23325286346386429,12800,0.010396468229845104,0.23325286346386429,shape,0.2357632641513897,0.23074246277633886,0,0,3,371200,387200,3,9d92e67eecc92ab4072715bdac92843d02e4acee2caf0bbc0571ae7ad28cc554,12800,4524800,568
MSREG_large_c652215b10604650,MG1655,2110400,2123200,2116800.0,large,WIN_large_c652215b10604650,0.22985491925456175,12800,0.06647145801224175,0.22985491925456175,shape,0.1702617153949574,0.28944812311416607,0,0,2,2108800,2123200,2,39a3159407f0543d9a398b6ce254d49ee3c60cb1d2e9dd7d7c8da04f07e0150d,12800,4526400,569
MSREG_large_8bcdebdc641d0b67,MG1655,2278400,2291200,2284800.0,large,WIN_large_8bcdebdc641d0b67,0.21612646564709542,12800,0.21612646564709542,0.1702834312048611,density,0.22577904324478873,0.20647388804940214,0,0,4,2278400,2296000,4,a35ed601cc88a9efd195a4c33a7c1c4e7c784384cef899b7d3ebc274631fc38a,12800,4532800,570
MSREG_large_3b4fb1ea8ac9a4b1,MG1655,1448000,1460800,1454400.0,large,WIN_large_3b4fb1ea8ac9a4b1,0.21604601591195421,12800,0.01341245061480164,0.21604601591195421,shape,0.22087170875004464,0.21122032307386376,0,0,2,1448000,1462400,2,ef1106eb53c0da30867ea59da054396a4b02f3bb815aa8d057bd411854e83f6c,12800,4534400,571
MSREG_large_b44d186c8febd304,MG1655,576000,588800,582400.0,large,WIN_large_b44d186c8febd304,0.2160192059556325,12800,0.1270106159097727,0.2160192059556325,shape,0.2160192059556325,0.2160192059556325,0,0,5,571200,590400,5,b0405bdb83d5a19c847d3983a33a942f9cd3c9f98f8aed2d3fc8922036492f23,12800,4542400,572
MSREG_large_79c66482034e95f5,MG1655,3934400,3947200,3940800.0,large,WIN_large_79c66482034e95f5,0.20670490942807712,12800,0.20670490942807712,0.011899223299707707,density,0.19253811010610963,0.22087170875004464,0,0,4,3934400,3952000,4,dc8d1115efb02861f5e8fea08b00b46a70c03bc4124a6247d8c5f7ae6b256068,12800,4548800,573
MSREG_large_741c373d631640b3,MG1655,3750400,3763200,3756800.0,large,WIN_large_741c373d631640b3,0.20240734147362563,12800,0.11720027839163027,0.20240734147362563,shape,0.17903563970246253,0.22577904324478873,0,0,4,3750400,3768000,4,b99ca9e99e51276892dbcefd50fbf2288fec13b0471bc30f9211481540a19bb3,12800,4553600,574
MSREG_large_85cea12389c3dce8,MG1655,1534400,1547200,1540800.0,large,WIN_large_85cea12389c3dce8,0.20050208908564815,12800,0.04642235060962865,0.20050208908564815,shape,0.1702617153949574,0.23074246277633886,0,0,4,1534400,1552000,4,c539184d73c83c278a9fe7d98dc28a25ba8d64b96dd370f55620e7340d95b727,12800,4560000,575
MSREG_large_8c019cad0569d01b,MG1655,1072000,1084800,1078400.0,large,WIN_large_8c019cad0569d01b,0.19975459354217254,12800,0.024144758940219897,0.19975459354217254,shape,0.18348998112871256,0.2160192059556325,0,0,2,1070400,1084800,2,c80209f6ece5409d220502c0cb94fe91c2992fbd6efbd509e567514d1abdd676,12800,4561600,576
MSREG_large_fd6d507b8074bf1e,MG1655,1545600,1558400,1552000.0,large,WIN_large_fd6d507b8074bf1e,0.1948846245982056,12800,0.03198486108280109,0.1948846245982056,shape,0.18799048235538895,0.20177876684102225,0,0,5,1540800,1560000,5,9267bfc0cf5e2bc662a1b267ecc9e4499774dce9356fbd46d0e7bef138f07a15,12800,4568000,577
MSREG_large_68a6c7002a9e809f,MG1655,3944000,3956800,3950400.0,large,WIN_large_68a6c7002a9e809f,0.19253811010610963,12800,0.19253811010610963,0.024133679716719363,density,0.19253811010610963,0.19253811010610963,0,0,3,3940800,3956800,3,11333b8bf9fbaf44de5c4c6a04f25a17cd388f06f0d4c4b797669757965bede7,12800,4571200,578
MSREG_large_6986ecff27a34562,MG1655,1521600,1534400,1528000.0,large,WIN_large_6986ecff27a34562,0.18432240688182447,12800,0.044807865544529396,0.18432240688182447,shape,0.15742449068978517,0.21122032307386376,0,0,1,1521600,1534400,1,3799f1a3193a115f9a5842aa27146bf2a6062dd0933f8159257f6146aa021998,12800,4571200,579
MSREG_large_c47eb2ce927fb487,MG1655,3360000,3372800,3366400.0,large,WIN_large_c47eb2ce927fb487,0.17464867754870997,12800,0.1270106159097727,0.17464867754870997,shape,0.17903563970246253,0.1702617153949574,0,0,4,3355200,3372800,4,4eddd01aca1c56cfd13fa3f994b96dd05fb70dcfb7d6414496498ceaaadf372e,12800,4576000,580
MSREG_large_0404c27e81b75410,MG1655,3424000,3436800,3430400.0,large,WIN_large_0404c27e81b75410,0.17462652079740743,12800,0.17462652079740743,0.002944380646781307,density,0.17462652079740743,0.17462652079740743,0,0,4,3419200,3436800,4,d591cbd10b087114cc5efffbf442b8e83c9082b1051c80a02acef3a3e878c0cb,12800,4582400,581
MSREG_large_4560743a285a2d22,MG1655,2068800,2081600,2075200.0,large,WIN_large_4560743a285a2d22,0.1702617153949574,12800,0.13889553379226044,0.1702617153949574,shape,0.1702617153949574,0.1702617153949574,0,0,4,2064000,2081600,4,99b178aa7a8e158d2297e84da8d94b15dc35917568a1439ed5192e8c593a2138,12800,4588800,582
MSREG_large_2b8f7d2925377ed9,MG1655,1044800,1057600,1051200.0,large,WIN_large_2b8f7d2925377ed9,0.16810102850363612,12800,0.061388178763560564,0.16810102850363612,shape,0.1659403416123148,0.1702617153949574,0,0,2,1043200,1057600,2,c8b7c1a02606e2f656b3467c57d0fdf605a5e18600869e23ae1d76df20847008,12800,4590400,583
MSREG_large_45dc02f6db8dc34f,MG1655,3660800,3673600,3667200.0,large,WIN_large_45dc02f6db8dc34f,0.16596162951399862,12800,0.14295518811651353,0.16596162951399862,shape,0.16166154363303986,0.1702617153949574,0,0,2,3659200,3673600,2,ac9f0552d5e5807ca9962670c63c10dd19e875ca477978b4bd75b4d1f57c50b3,12800,4592000,584
MSREG_large_cf9c140b85b404fb,MG1655,1086400,1099200,1092800.0,large,WIN_large_cf9c140b85b404fb,0.15138915076016124,12800,0.15138915076016124,0.039975611333211106,density,0.1659403416123148,0.1368379599080077,0,0,5,1084800,1104000,5,595ebfa8ab2db39b2c698da0b67136870f4e0792efff3498be0671170fae83ab,12800,4598400,585
MSREG_large_376de1c24f2e9d53,MG1655,2059200,2072000,2065600.0,large,WIN_large_376de1c24f2e9d53,0.1512697406713938,12800,0.1512697406713938,0.03993986202744482,density,0.16166154363303986,0.1408779377097477,0,0,3,2059200,2075200,3,4639ab6af066a2e343c2d9f1ec7d726d73b82d99f13302cb5ec3b6f3d0bc9536,12800,4601600,586
MSREG_large_fd9c9ce23f9b8235,MG1655,4163200,4176000,4169600.0,large,WIN_large_fd9c9ce23f9b8235,0.14543953911030738,12800,0.14543953911030738,0.02104260273957747,density,0.1659403416123148,0.12493873660829995,0,0,3,4160000,4176000,3,3941ef1c8bbb99def362887e7c5cf4de1e9e828f046a28448eb052a3afd4520b,12800,4604800,587
MSREG_large_7efb66ba4a8b780a,MG1655,568000,580800,574400.0,large,WIN_large_7efb66ba4a8b780a,0.14118161364904255,12800,0.14118161364904255,0.06136187542139872,density,0.15742449068978517,0.12493873660829995,0,0,5,563200,582400,5,c019d60946d58a50ccd7fa1de5429f985bffd621bb9a53e33c15a7c26af81911,12800,4612800,588
MSREG_large_8c80c27897c695be,MG1655,520000,532800,526400.0,large,WIN_large_8c80c27897c695be,0.14095381688967654,12800,0.051339101964150334,0.14095381688967654,shape,0.14907241632501933,0.13283521745433374,0,0,4,516800,534400,4,4d1e8c7dea15ff308195905476802fe68380e87c17c9bd6dd1560381baf04a83,12800,4617600,589
MSREG_large_afd74b63ccebe7d9,MG1655,2284800,2297600,2291200.0,large,WIN_large_afd74b63ccebe7d9,0.12425248001855885,12800,0.08930831936131789,0.12425248001855885,shape,0.09471475400242663,0.15742449068978517,0,0,1,2284800,2297600,1,408af708cfb3d87a59e96856599be044bd826bb90f1a08af882b2976314f55d4,12800,4617600,590
MSREG_large_53a77171e1896a0a,MG1655,307200,320000,313600.0,large,WIN_large_53a77171e1896a0a,0.12119954624783974,12800,0.12119954624783974,0.04478349572901068,density,0.13283521745433374,0.10956387504134574,0,0,1,307200,320000,1,21bca00ac29b4f151ab9640d6028018083d3736a24bb04fda8f5a5d74cc57ea3,12800,4617600,591
MSREG_large_d2d93d1e0a9f4ede,MG1655,560000,572800,566400.0,large,WIN_large_d2d93d1e0a9f4ede,0.11760883399841987,12800,0.11760883399841987,0.06645799443900052,density,0.1368379599080077,0.09837970808883202,0,0,2,560000,574400,2,8e21546624a5330fbefc763d2ffa529ef174ee5ff6b0b156d8b97d747876795d,12800,4619200,592
MSREG_large_913d38be367b220a,MG1655,288000,300800,294400.0,large,WIN_large_913d38be367b220a,0.1041318706294351,12800,0.1041318706294351,0.063051745747089,density,0.11718327191153768,0.09108046934733253,0,0,3,284800,300800,3,4498d96713652fc30a2d6994999052ffa4c544ad0eea00bf58fce89e8f78292b,12800,4622400,593
MSREG_large_70fa596680dcb1c3,MG1655,3124800,3137600,3131200.0,large,WIN_large_70fa596680dcb1c3,0.1023298084950225,12800,0.04804892930848955,0.1023298084950225,shape,0.11718327191153768,0.08747634507850732,0,0,2,3123200,3137600,2,90bd3883954850a93bdc99e8d7c2f51dafdb8f5794b541ef4a05907693373945,12800,4624000,594
MSREG_large_7c9774e371513717,MG1655,387200,400000,393600.0,large,WIN_large_7c9774e371513717,0.06647145801224175,12800,0.06647145801224175,0.06136187542139872,density,0.0698911702773945,0.063051745747089,0,0,1,387200,400000,1,e595cda9b820f689e5698bf02df7d8a9969da5ab953129c6490ab30275c4ebb3,12800,4624000,595
MSREG_large_0d87283812b554f0,MG1655,4030400,4043200,4036800.0,large,WIN_large_0d87283812b554f0,0.056318363088120604,12800,0.056318363088120604,0.02104260273957747,density,0.056318363088120604,0.056318363088120604,0,0,4,4028800,4046400,4,d8bb08b80103fcb94df5870b6eb59d89d910f26ff4b21e10675153e54fa722b1,12800,4628800,596
MSREG_large_404bd68224e2abc6,MG1655,4201600,4214400,4208000.0,large,WIN_large_404bd68224e2abc6,0.041542431965050516,12800,0.041542431965050516,0.011899223299707707,density,0.039927946899951265,0.043156917030149775,0,0,2,4201600,4216000,2,7ec45eed0e75fc73b9324f8447d5e6f35e5545cf40b84557699dd25444b3754f,12800,4630400,597
MSREG_large_533b8314c30b51de,MG1655,222400,235200,228800.0,large,WIN_large_533b8314c30b51de,0.03832537696234556,12800,0.03832537696234556,0.01797337101190092,density,0.03672280702473985,0.039927946899951265,0,0,5,217600,236800,5,05bd2c85e11a38eabec4279a42fb47184bbbba02ea490cffb1b1e39422096699,12800,4638400,598
MSREG_large_1aa76a957636b617,MG1655,216000,228800,222400.0,large,WIN_large_1aa76a957636b617,0.02724691514086233,12800,0.02724691514086233,0.007421801973244507,density,0.02724691514086233,0.02724691514086233,0,0,1,216000,228800,1,239c9b1fa80042e0f857d9fb5fb82b70ab7f5669a11cf8e5e8a87005d336ee2d,12800,4638400,599
MSREG_large_44f424cbc181e62e,MG1655,3616000,3628800,3622400.0,large,WIN_large_44f424cbc181e62e,0.01797337101190092,12800,0.008893713159982502,0.01797337101190092,shape,0.01797337101190092,0.01797337101190092,0,0,1,3616000,3628800,1,55a9eab9ced83b508f0c912a6e49b9913db9e6e623cd98359d93c631c363c92f,12800,4638400,600
MSREG_large_545c398d6071a992,MG1655,3417600,3430400,3424000.0,large,WIN_large_545c398d6071a992,0.005908859610520279,12800,0.002944380646781307,0.005908859610520279,shape,0.005908859610520279,0.005908859610520279,0,0,2,3416000,3430400,2,08a65d003a9ec20030bf5cfda71100d1ab3cf80810bfcfc0329d1d86f80d2468,12800,4640000,601
