window_id,chrom,start,end,center,window_bp,target_bin_size,array_index,replicate,zero_axis,zero_row_count,zero_col_count,cool_path,scale,step_bp,background_candidate,block_id,split
WIN_medium_d64849b22f6350fd,MG1655,0,6400,3200,6400,100,0,rep1,False,0,0,F:\Micro-C\micro-c数据\GSE272159_37C_rep1.mapq_30.10.cool,medium,800,True,MG1655:0,calibration
WIN_medium_e4b665257c97478a,MG1655,800,7200,4000,6400,100,1,rep1,False,0,0,F:\Micro-C\micro-c数据\GSE272159_37C_rep1.mapq_30.10.cool,medium,800,True,MG1655:0,calibration
WIN_medium_32a59de772e9d630,MG1655,1600,8000,4800,6400,100,2,rep1,False,0,0,F:\Micro-C\micro-c数据\GSE272159_37C_rep1.mapq_30.10.cool,medium,800,True,MG1655:0,calibration
WIN_medium_1c56d42c85f8b3cf,MG1655,2400,8800,5600,6400,100,3,rep1,False,0,0,F:\Micro-C\micro-c数据\GSE272159_37C_rep1.mapq_30.10.cool,medium,800,True,MG1655:0,calibration
WIN_medium_b2d03437cbc76586,MG1655,3200,9600,6400,6400,100,4,rep1,False,0,0,F:\Micro-C\micro-c数据\GSE272159_37C_rep1.mapq_30.10.cool,medium,800,True,MG1655:0,calibration
WIN_medium_f127b77a8c4ced84,MG1655,4000,10400,7200,6400,100,5,rep1,False,0,0,F:\Micro-C\micro-c数据\GSE272159_37C_rep1.mapq_30.10.cool,medium,800,True,MG1655:0,calibration
WIN_medium_3448883eb6bad5a1,MG1655,4800,11200,8000,6400,100,6,rep1,False,0,0,F:\Micro-C\micro-c数据\GSE272159_37C_rep1.mapq_30.10.cool,medium,800,True,MG1655:0,calibration
WIN_medium_745dfb19336c6495,MG1655,5600,12000,8800,6400,100,7,rep1,False,0,0,F:\Micro-C\micro-c数据\GSE272159_37C_rep1.mapq_30.10.cool,medium,800,True,MG1655:0,calibration
WIN_medium_3320398e8d70964c,MG1655,6400,12800,9600,6400,100,8,rep1,False,0,0,F:\Micro-C\micro-c数据\GSE272159_37C_rep1.mapq_30.10.cool,medium,800,True,MG1655:0,calibration
WIN_medium_2e4c70e2efc7c2fc,MG1655,7200,13600,10400,6400,100,9,rep1,False,0,0,F:\Micro-C\micro-c数据\GSE272159_37C_rep1.mapq_30.10.cool,medium,800,True,MG1655:0,calibration
WIN_medium_3e87b31f830a3e4d,MG1655,8000,14400,11200,6400,100,10,rep1,False,0,0,F:\Micro-C\micro-c数据\GSE272159_37C_rep1.mapq_30.10.cool,medium,800,True,MG1655:0,calibration
WIN_medium_d405049755c1f4a4,MG1655,8800,15200,12000,6400,100,11,rep1,False,0,0,F:\Micro-C\micro-c数据\GSE272159_37C_rep1.mapq_30.10.cool,medium,800,True,MG1655:0,calibration
WIN_medium_a370cadc58689db5,MG1655,9600,16000,12800,6400,100,12,rep1,True,5,5,F:\Micro-C\micro-c数据\GSE272159_37C_rep1.mapq_30.10.cool,medium,800,True,MG1655:0,calibration
WIN_medium_d64c122afd5afd7d,MG1655,10400,16800,13600,6400,100,13,rep1,True,11,11,F:\Micro-C\micro-c数据\GSE272159_37C_rep1.mapq_30.10.cool,medium,800,True,MG1655:0,calibration
WIN_medium_9d25275e73d7a7b4,MG1655,11200,17600,14400,6400,100,14,rep1,True,11,11,F:\Micro-C\micro-c数据\GSE272159_37C_rep1.mapq_30.10.cool,medium,800,True,MG1655:0,calibration
WIN_medium_7ee1cc74d2185d77,MG1655,12000,18400,15200,6400,100,15,rep1,True,11,11,F:\Micro-C\micro-c数据\GSE272159_37C_rep1.mapq_30.10.cool,medium,800,True,MG1655:0,calibration
WIN_medium_801c2b7c150a7d77,MG1655,12800,19200,16000,6400,100,16,rep1,True,11,11,F:\Micro-C\micro-c数据\GSE272159_37C_rep1.mapq_30.10.cool,medium,800,True,MG1655:0,calibration
WIN_medium_29a193d0589e6f0b,MG1655,13600,20000,16800,6400,100,17,rep1,True,12,12,F:\Micro-C\micro-c数据\GSE272159_37C_rep1.mapq_30.10.cool,medium,800,True,MG1655:0,calibration
WIN_medium_f313dc006f7fdb8c,MG1655,14400,20800,17600,6400,100,18,rep1,True,16,16,F:\Micro-C\micro-c数据\GSE272159_37C_rep1.mapq_30.10.cool,medium,800,True,MG1655:0,calibration
WIN_medium_7e6537ad44cc912c,MG1655,15200,21600,18400,6400,100,19,rep1,True,16,16,F:\Micro-C\micro-c数据\GSE272159_37C_rep1.mapq_30.10.cool,medium,800,True,MG1655:0,calibration
WIN_medium_9585bb88cdb44f68,MG1655,16000,22400,19200,6400,100,20,rep1,True,11,11,F:\Micro-C\micro-c数据\GSE272159_37C_rep1.mapq_30.10.cool,medium,800,True,MG1655:0,calibration
WIN_medium_8792f278edb20ac7,MG1655,16800,23200,20000,6400,100,21,rep1,True,5,5,F:\Micro-C\micro-c数据\GSE272159_37C_rep1.mapq_30.10.cool,medium,800,True,MG1655:0,calibration
WIN_medium_654ed7684eb14d0a,MG1655,17600,24000,20800,6400,100,22,rep1,True,5,5,F:\Micro-C\micro-c数据\GSE272159_37C_rep1.mapq_30.10.cool,medium,800,True,MG1655:0,calibration
WIN_medium_bbd96f199f15672e,MG1655,18400,24800,21600,6400,100,23,rep1,True,5,5,F:\Micro-C\micro-c数据\GSE272159_37C_rep1.mapq_30.10.cool,medium,800,True,MG1655:0,calibration
WIN_medium_0d5c9f718a78f688,MG1655,19200,25600,22400,6400,100,24,rep1,True,5,5,F:\Micro-C\micro-c数据\GSE272159_37C_rep1.mapq_30.10.cool,medium,800,True,MG1655:0,calibration
WIN_medium_f86d44af3c6232e3,MG1655,20000,26400,23200,6400,100,25,rep1,True,4,4,F:\Micro-C\micro-c数据\GSE272159_37C_rep1.mapq_30.10.cool,medium,800,True,MG1655:0,calibration
WIN_medium_9a6b602ab501e431,MG1655,20800,27200,24000,6400,100,26,rep1,False,0,0,F:\Micro-C\micro-c数据\GSE272159_37C_rep1.mapq_30.10.cool,medium,800,True,MG1655:0,calibration
WIN_medium_c78c7da8158804e0,MG1655,21600,28000,24800,6400,100,27,rep1,False,0,0,F:\Micro-C\micro-c数据\GSE272159_37C_rep1.mapq_30.10.cool,medium,800,True,MG1655:0,calibration
WIN_medium_6d1202287b37c2bb,MG1655,22400,28800,25600,6400,100,28,rep1,False,0,0,F:\Micro-C\micro-c数据\GSE272159_37C_rep1.mapq_30.10.cool,medium,800,True,MG1655:0,calibration
WIN_medium_a3b24d87bfc317d0,MG1655,23200,29600,26400,6400,100,29,rep1,False,0,0,F:\Micro-C\micro-c数据\GSE272159_37C_rep1.mapq_30.10.cool,medium,800,True,MG1655:0,calibration
WIN_medium_040be2a2f0a494e6,MG1655,24000,30400,27200,6400,100,30,rep1,False,0,0,F:\Micro-C\micro-c数据\GSE272159_37C_rep1.mapq_30.10.cool,medium,800,True,MG1655:0,calibration
WIN_medium_3468682bb59a9658,MG1655,24800,31200,28000,6400,100,31,rep1,False,0,0,F:\Micro-C\micro-c数据\GSE272159_37C_rep1.mapq_30.10.cool,medium,800,True,MG1655:0,calibration
WIN_medium_43f6d15da8cf837f,MG1655,25600,32000,28800,6400,100,32,rep1,False,0,0,F:\Micro-C\micro-c数据\GSE272159_37C_rep1.mapq_30.10.cool,medium,800,True,MG1655:0,calibration
WIN_medium_5a5a4830a9c27fa2,MG1655,26400,32800,29600,6400,100,33,rep1,False,0,0,F:\Micro-C\micro-c数据\GSE272159_37C_rep1.mapq_30.10.cool,medium,800,True,MG1655:0,calibration
WIN_medium_547f149d80d68dc3,MG1655,27200,33600,30400,6400,100,34,rep1,False,0,0,F:\Micro-C\micro-c数据\GSE272159_37C_rep1.mapq_30.10.cool,medium,800,True,MG1655:0,calibration
WIN_medium_c618a421d0325556,MG1655,28000,34400,31200,6400,100,35,rep1,False,0,0,F:\Micro-C\micro-c数据\GSE272159_37C_rep1.mapq_30.10.cool,medium,800,True,MG1655:0,calibration
WIN_medium_aeea66f052e5f780,MG1655,28800,35200,32000,6400,100,36,rep1,False,0,0,F:\Micro-C\micro-c数据\GSE272159_37C_rep1.mapq_30.10.cool,medium,800,True,MG1655:0,calibration
WIN_medium_b9febd26f402bed0,MG1655,29600,36000,32800,6400,100,37,rep1,False,0,0,F:\Micro-C\micro-c数据\GSE272159_37C_rep1.mapq_30.10.cool,medium,800,True,MG1655:0,calibration
WIN_medium_2c46ac0602c2ef93,MG1655,30400,36800,33600,6400,100,38,rep1,False,0,0,F:\Micro-C\micro-c数据\GSE272159_37C_rep1.mapq_30.10.cool,medium,800,True,MG1655:0,calibration
WIN_medium_dc6c5f07f873a936,MG1655,31200,37600,34400,6400,100,39,rep1,False,0,0,F:\Micro-C\micro-c数据\GSE272159_37C_rep1.mapq_30.10.cool,medium,800,True,MG1655:0,calibration
WIN_medium_a6ceb1082a9517fa,MG1655,32000,38400,35200,6400,100,40,rep1,False,0,0,F:\Micro-C\micro-c数据\GSE272159_37C_rep1.mapq_30.10.cool,medium,800,True,MG1655:0,calibration
WIN_medium_5251a769b551668b,MG1655,32800,39200,36000,6400,100,41,rep1,False,0,0,F:\Micro-C\micro-c数据\GSE272159_37C_rep1.mapq_30.10.cool,medium,800,True,MG1655:0,calibration
WIN_medium_81baec38215a41f2,MG1655,33600,40000,36800,6400,100,42,rep1,False,0,0,F:\Micro-C\micro-c数据\GSE272159_37C_rep1.mapq_30.10.cool,medium,800,True,MG1655:0,calibration
WIN_medium_312027504d274032,MG1655,34400,40800,37600,6400,100,43,rep1,False,0,0,F:\Micro-C\micro-c数据\GSE272159_37C_rep1.mapq_30.10.cool,medium,800,True,MG1655:0,calibration
WIN_medium_3d77a2ee1d51f7ca,MG1655,35200,41600,38400,6400,100,44,rep1,False,0,0,F:\Micro-C\micro-c数据\GSE272159_37C_rep1.mapq_30.10.cool,medium,800,True,MG1655:0,calibration
WIN_medium_a957a21cd71d7751,MG1655,36000,42400,39200,6400,100,45,rep1,False,0,0,F:\Micro-C\micro-c数据\GSE272159_37C_rep1.mapq_30.10.cool,medium,800,True,MG1655:0,calibration
WIN_medium_5b7551b94acf8fc1,MG1655,36800,43200,40000,6400,100,46,rep1,False,0,0,F:\Micro-C\micro-c数据\GSE272159_37C_rep1.mapq_30.10.cool,medium,800,True,MG1655:0,calibration
WIN_medium_061ec29d69d029f4,MG1655,37600,44000,40800,6400,100,47,rep1,False,0,0,F:\Micro-C\micro-c数据\GSE272159_37C_rep1.mapq_30.10.cool,medium,800,True,MG1655:0,calibration
WIN_medium_d763dec03a9100a9,MG1655,38400,44800,41600,6400,100,48,rep1,False,0,0,F:\Micro-C\micro-c数据\GSE272159_37C_rep1.mapq_30.10.cool,medium,800,True,MG1655:0,calibration
WIN_medium_d6367ca9dd93b29c,MG1655,39200,45600,42400,6400,100,49,rep1,False,0,0,F:\Micro-C\micro-c数据\GSE272159_37C_rep1.mapq_30.10.cool,medium,800,True,MG1655:0,calibration
WIN_medium_5a76c3f4f04718a1,MG1655,40000,46400,43200,6400,100,50,rep1,False,0,0,F:\Micro-C\micro-c数据\GSE272159_37C_rep1.mapq_30.10.cool,medium,800,True,MG1655:0,calibration
WIN_medium_0ff13ee8c0c0cbb2,MG1655,40800,47200,44000,6400,100,51,rep1,False,0,0,F:\Micro-C\micro-c数据\GSE272159_37C_rep1.mapq_30.10.cool,medium,800,True,MG1655:0,calibration
WIN_medium_9972715be543f10e,MG1655,41600,48000,44800,6400,100,52,rep1,False,0,0,F:\Micro-C\micro-c数据\GSE272159_37C_rep1.mapq_30.10.cool,medium,800,True,MG1655:0,calibration
WIN_medium_e9f5d577027d4010,MG1655,42400,48800,45600,6400,100,53,rep1,False,0,0,F:\Micro-C\micro-c数据\GSE272159_37C_rep1.mapq_30.10.cool,medium,800,True,MG1655:0,calibration
WIN_medium_da0a628dadaa4739,MG1655,43200,49600,46400,6400,100,54,rep1,False,0,0,F:\Micro-C\micro-c数据\GSE272159_37C_rep1.mapq_30.10.cool,medium,800,True,MG1655:0,calibration
WIN_medium_fafa112200fe247c,MG1655,60000,66400,63200,6400,100,75,rep1,False,0,0,F:\Micro-C\micro-c数据\GSE272159_37C_rep1.mapq_30.10.cool,medium,800,True,MG1655:0,calibration
WIN_medium_010768bdb8d3c715,MG1655,60800,67200,64000,6400,100,76,rep1,False,0,0,F:\Micro-C\micro-c数据\GSE272159_37C_rep1.mapq_30.10.cool,medium,800,True,MG1655:0,calibration
WIN_medium_1dd8378dc74510bd,MG1655,61600,68000,64800,6400,100,77,rep1,False,0,0,F:\Micro-C\micro-c数据\GSE272159_37C_rep1.mapq_30.10.cool,medium,800,True,MG1655:0,calibration
WIN_medium_34b1bf73c0151c40,MG1655,62400,68800,65600,6400,100,78,rep1,False,0,0,F:\Micro-C\micro-c数据\GSE272159_37C_rep1.mapq_30.10.cool,medium,800,True,MG1655:0,calibration
WIN_medium_dcc9d6da86354996,MG1655,63200,69600,66400,6400,100,79,rep1,False,0,0,F:\Micro-C\micro-c数据\GSE272159_37C_rep1.mapq_30.10.cool,medium,800,True,MG1655:0,calibration
WIN_medium_ad5d890bd63ba667,MG1655,64000,70400,67200,6400,100,80,rep1,False,0,0,F:\Micro-C\micro-c数据\GSE272159_37C_rep1.mapq_30.10.cool,medium,800,True,MG1655:0,calibration
WIN_medium_207fcefb344bcaed,MG1655,64800,71200,68000,6400,100,81,rep1,False,0,0,F:\Micro-C\micro-c数据\GSE272159_37C_rep1.mapq_30.10.cool,medium,800,True,MG1655:0,calibration
WIN_medium_58c3eab84407cbf3,MG1655,65600,72000,68800,6400,100,82,rep1,False,0,0,F:\Micro-C\micro-c数据\GSE272159_37C_rep1.mapq_30.10.cool,medium,800,True,MG1655:0,calibration
WIN_medium_e06a71837936dd0f,MG1655,66400,72800,69600,6400,100,83,rep1,False,0,0,F:\Micro-C\micro-c数据\GSE272159_37C_rep1.mapq_30.10.cool,medium,800,True,MG1655:0,calibration
WIN_medium_52da9695f82a739f,MG1655,67200,73600,70400,6400,100,84,rep1,False,0,0,F:\Micro-C\micro-c数据\GSE272159_37C_rep1.mapq_30.10.cool,medium,800,True,MG1655:0,calibration
WIN_medium_e06607123091741e,MG1655,68000,74400,71200,6400,100,85,rep1,False,0,0,F:\Micro-C\micro-c数据\GSE272159_37C_rep1.mapq_30.10.cool,medium,800,True,MG1655:0,calibration
WIN_medium_8062f290f6ea6f79,MG1655,68800,75200,72000,6400,100,86,rep1,False,0,0,F:\Micro-C\micro-c数据\GSE272159_37C_rep1.mapq_30.10.cool,medium,800,True,MG1655:0,calibration
WIN_medium_25ca129971d03cd6,MG1655,69600,76000,72800,6400,100,87,rep1,False,0,0,F:\Micro-C\micro-c数据\GSE272159_37C_rep1.mapq_30.10.cool,medium,800,True,MG1655:0,calibration
WIN_medium_d30423d93379a08a,MG1655,70400,76800,73600,6400,100,88,rep1,False,0,0,F:\Micro-C\micro-c数据\GSE272159_37C_rep1.mapq_30.10.cool,medium,800,True,MG1655:0,calibration
WIN_medium_8f32db37bf398f8c,MG1655,71200,77600,74400,6400,100,89,rep1,False,0,0,F:\Micro-C\micro-c数据\GSE272159_37C_rep1.mapq_30.10.cool,medium,800,True,MG1655:0,calibration
WIN_medium_46cbcfe62f827543,MG1655,72000,78400,75200,6400,100,90,rep1,False,0,0,F:\Micro-C\micro-c数据\GSE272159_37C_rep1.mapq_30.10.cool,medium,800,True,MG1655:0,calibration
WIN_medium_26c4f7aa13220f64,MG1655,72800,79200,76000,6400,100,91,rep1,False,0,0,F:\Micro-C\micro-c数据\GSE272159_37C_rep1.mapq_30.10.cool,medium,800,True,MG1655:0,calibration
WIN_medium_939897865b4c2667,MG1655,73600,80000,76800,6400,100,92,rep1,False,0,0,F:\Micro-C\micro-c数据\GSE272159_37C_rep1.mapq_30.10.cool,medium,800,True,MG1655:0,calibration
WIN_medium_50e5962edf4177b8,MG1655,74400,80800,77600,6400,100,93,rep1,False,0,0,F:\Micro-C\micro-c数据\GSE272159_37C_rep1.mapq_30.10.cool,medium,800,True,MG1655:0,calibration
WIN_medium_63ea50452b1a4989,MG1655,75200,81600,78400,6400,100,94,rep1,False,0,0,F:\Micro-C\micro-c数据\GSE272159_37C_rep1.mapq_30.10.cool,medium,800,True,MG1655:0,calibration
WIN_medium_69e5998049636a84,MG1655,76000,82400,79200,6400,100,95,rep1,False,0,0,F:\Micro-C\micro-c数据\GSE272159_37C_rep1.mapq_30.10.cool,medium,800,True,MG1655:0,calibration
WIN_medium_22d090d12b402cca,MG1655,76800,83200,80000,6400,100,96,rep1,False,0,0,F:\Micro-C\micro-c数据\GSE272159_37C_rep1.mapq_30.10.cool,medium,800,True,MG1655:0,calibration
WIN_medium_5c2b155a1efe0baa,MG1655,93600,100000,96800,6400,100,117,rep1,False,0,0,F:\Micro-C\micro-c数据\GSE272159_37C_rep1.mapq_30.10.cool,medium,800,True,MG1655:0,calibration
WIN_medium_aa53f226277b99ce,MG1655,94400,100800,97600,6400,100,118,rep1,False,0,0,F:\Micro-C\micro-c数据\GSE272159_37C_rep1.mapq_30.10.cool,medium,800,True,MG1655:0,calibration
WIN_medium_b53d9f0f1cb8f356,MG1655,95200,101600,98400,6400,100,119,rep1,False,0,0,F:\Micro-C\micro-c数据\GSE272159_37C_rep1.mapq_30.10.cool,medium,800,True,MG1655:0,calibration
WIN_medium_8948203d13dc4c45,MG1655,96000,102400,99200,6400,100,120,rep1,False,0,0,F:\Micro-C\micro-c数据\GSE272159_37C_rep1.mapq_30.10.cool,medium,800,True,MG1655:0,calibration
WIN_medium_5c66469e63e40e3c,MG1655,96800,103200,100000,6400,100,121,rep1,False,0,0,F:\Micro-C\micro-c数据\GSE272159_37C_rep1.mapq_30.10.cool,medium,800,True,MG1655:0,calibration
WIN_medium_859bba9684564090,MG1655,97600,104000,100800,6400,100,122,rep1,False,0,0,F:\Micro-C\micro-c数据\GSE272159_37C_rep1.mapq_30.10.cool,medium,800,True,MG1655:0,calibration
WIN_medium_6490bba792e89eb5,MG1655,98400,104800,101600,6400,100,123,rep1,False,0,0,F:\Micro-C\micro-c数据\GSE272159_37C_rep1.mapq_30.10.cool,medium,800,True,MG1655:0,calibration
WIN_medium_276337b95c502eb3,MG1655,99200,105600,102400,6400,100,124,rep1,False,0,0,F:\Micro-C\micro-c数据\GSE272159_37C_rep1.mapq_30.10.cool,medium,800,True,MG1655:0,calibration
WIN_medium_bad31c6a769d6528,MG1655,109600,116000,112800,6400,100,137,rep1,False,0,0,F:\Micro-C\micro-c数据\GSE272159_37C_rep1.mapq_30.10.cool,medium,800,True,MG1655:0,calibration
WIN_medium_71443dbbe6030f41,MG1655,110400,116800,113600,6400,100,138,rep1,False,0,0,F:\Micro-C\micro-c数据\GSE272159_37C_rep1.mapq_30.10.cool,medium,800,True,MG1655:0,calibration
WIN_medium_47ee8b696896b031,MG1655,111200,117600,114400,6400,100,139,rep1,False,0,0,F:\Micro-C\micro-c数据\GSE272159_37C_rep1.mapq_30.10.cool,medium,800,True,MG1655:0,calibration
WIN_medium_201b9e2313096e15,MG1655,112000,118400,115200,6400,100,140,rep1,False,0,0,F:\Micro-C\micro-c数据\GSE272159_37C_rep1.mapq_30.10.cool,medium,800,True,MG1655:0,calibration
WIN_medium_eb74f48435a52b11,MG1655,112800,119200,116000,6400,100,141,rep1,False,0,0,F:\Micro-C\micro-c数据\GSE272159_37C_rep1.mapq_30.10.cool,medium,800,True,MG1655:0,calibration
WIN_medium_26fc33cb97e1effe,MG1655,113600,120000,116800,6400,100,142,rep1,False,0,0,F:\Micro-C\micro-c数据\GSE272159_37C_rep1.mapq_30.10.cool,medium,800,True,MG1655:0,calibration
WIN_medium_257927e70e0e02dc,MG1655,114400,120800,117600,6400,100,143,rep1,False,0,0,F:\Micro-C\micro-c数据\GSE272159_37C_rep1.mapq_30.10.cool,medium,800,True,MG1655:0,calibration
WIN_medium_b4675ecef4082fe9,MG1655,115200,121600,118400,6400,100,144,rep1,False,0,0,F:\Micro-C\micro-c数据\GSE272159_37C_rep1.mapq_30.10.cool,medium,800,True,MG1655:0,calibration
WIN_medium_b765c72b3e051793,MG1655,129600,136000,132800,6400,100,162,rep1,False,0,0,F:\Micro-C\micro-c数据\GSE272159_37C_rep1.mapq_30.10.cool,medium,800,True,MG1655:1,train
WIN_medium_923a456c1d5712d7,MG1655,130400,136800,133600,6400,100,163,rep1,False,0,0,F:\Micro-C\micro-c数据\GSE272159_37C_rep1.mapq_30.10.cool,medium,800,True,MG1655:1,train
WIN_medium_b956ab9a5bbf07dd,MG1655,131200,137600,134400,6400,100,164,rep1,False,0,0,F:\Micro-C\micro-c数据\GSE272159_37C_rep1.mapq_30.10.cool,medium,800,True,MG1655:1,train
WIN_medium_20226b2f0c6b6486,MG1655,132000,138400,135200,6400,100,165,rep1,False,0,0,F:\Micro-C\micro-c数据\GSE272159_37C_rep1.mapq_30.10.cool,medium,800,True,MG1655:1,train
WIN_medium_47fde6f7ab0d6aa5,MG1655,132800,139200,136000,6400,100,166,rep1,False,0,0,F:\Micro-C\micro-c数据\GSE272159_37C_rep1.mapq_30.10.cool,medium,800,True,MG1655:1,train
WIN_medium_94eead5b5ea77c6d,MG1655,133600,140000,136800,6400,100,167,rep1,False,0,0,F:\Micro-C\micro-c数据\GSE272159_37C_rep1.mapq_30.10.cool,medium,800,True,MG1655:1,train
WIN_medium_4d399768c4046ae8,MG1655,134400,140800,137600,6400,100,168,rep1,False,0,0,F:\Micro-C\micro-c数据\GSE272159_37C_rep1.mapq_30.10.cool,medium,800,True,MG1655:1,train
WIN_medium_88fa501319bdb4a8,MG1655,135200,141600,138400,6400,100,169,rep1,False,0,0,F:\Micro-C\micro-c数据\GSE272159_37C_rep1.mapq_30.10.cool,medium,800,True,MG1655:1,train
WIN_medium_5e539455658179a3,MG1655,136000,142400,139200,6400,100,170,rep1,False,0,0,F:\Micro-C\micro-c数据\GSE272159_37C_rep1.mapq_30.10.cool,medium,800,True,MG1655:1,train
WIN_medium_95e30f71325a4b05,MG1655,136800,143200,140000,6400,100,171,rep1,False,0,0,F:\Micro-C\micro-c数据\GSE272159_37C_rep1.mapq_30.10.cool,medium,800,True,MG1655:1,train
WIN_medium_8c45121f8ddf1c09,MG1655,137600,144000,140800,6400,100,172,rep1,False,0,0,F:\Micro-C\micro-c数据\GSE272159_37C_rep1.mapq_30.10.cool,medium,800,True,MG1655:1,train
WIN_medium_6c2ed608a55d1d2c,MG1655,138400,144800,141600,6400,100,173,rep1,False,0,0,F:\Micro-C\micro-c数据\GSE272159_37C_rep1.mapq_30.10.cool,medium,800,True,MG1655:1,train
WIN_medium_1d4a14143b1ca40e,MG1655,139200,145600,142400,6400,100,174,rep1,False,0,0,F:\Micro-C\micro-c数据\GSE272159_37C_rep1.mapq_30.10.cool,medium,800,True,MG1655:1,train
WIN_medium_6de33af92ec62cf7,MG1655,140000,146400,143200,6400,100,175,rep1,False,0,0,F:\Micro-C\micro-c数据\GSE272159_37C_rep1.mapq_30.10.cool,medium,800,True,MG1655:1,train
WIN_medium_11a6da2012949d22,MG1655,140800,147200,144000,6400,100,176,rep1,False,0,0,F:\Micro-C\micro-c数据\GSE272159_37C_rep1.mapq_30.10.cool,medium,800,True,MG1655:1,train
WIN_medium_f8a26caa65c7ee63,MG1655,141600,148000,144800,6400,100,177,rep1,False,0,0,F:\Micro-C\micro-c数据\GSE272159_37C_rep1.mapq_30.10.cool,medium,800,True,MG1655:1,train
WIN_medium_96726f2b7bd509f1,MG1655,142400,148800,145600,6400,100,178,rep1,False,0,0,F:\Micro-C\micro-c数据\GSE272159_37C_rep1.mapq_30.10.cool,medium,800,True,MG1655:1,train
WIN_medium_f14b0efba512deef,MG1655,143200,149600,146400,6400,100,179,rep1,False,0,0,F:\Micro-C\micro-c数据\GSE272159_37C_rep1.mapq_30.10.cool,medium,800,True,MG1655:1,train
WIN_medium_a013a8b37367f7e9,MG1655,157600,164000,160800,6400,100,197,rep1,False,0,0,F:\Micro-C\micro-c数据\GSE272159_37C_rep1.mapq_30.10.cool,medium,800,True,MG1655:1,train
WIN_medium_b220ae93ee443ec7,MG1655,158400,164800,161600,6400,100,198,rep1,False,0,0,F:\Micro-C\micro-c数据\GSE272159_37C_rep1.mapq_30.10.cool,medium,800,True,MG1655:1,train
WIN_medium_849487e4b90412c8,MG1655,159200,165600,162400,6400,100,199,rep1,False,0,0,F:\Micro-C\micro-c数据\GSE272159_37C_rep1.mapq_30.10.cool,medium,800,True,MG1655:1,train
WIN_medium_3fc0f47d7a5e59b3,MG1655,160000,166400,163200,6400,100,200,rep1,False,0,0,F:\Micro-C\micro-c数据\GSE272159_37C_rep1.mapq_30.10.cool,medium,800,True,MG1655:1,train
WIN_medium_8790a7e3b02b4a8b,MG1655,160800,167200,164000,6400,100,201,rep1,False,0,0,F:\Micro-C\micro-c数据\GSE272159_37C_rep1.mapq_30.10.cool,medium,800,True,MG1655:1,train
WIN_medium_8ce0150ee117a2d0,MG1655,161600,168000,164800,6400,100,202,rep1,False,0,0,F:\Micro-C\micro-c数据\GSE272159_37C_rep1.mapq_30.10.cool,medium,800,True,MG1655:1,train
WIN_medium_2c1eb6e6ca2cc2b4,MG1655,162400,168800,165600,6400,100,203,rep1,False,0,0,F:\Micro-C\micro-c数据\GSE272159_37C_rep1.mapq_30.10.cool,medium,800,True,MG1655:1,train
WIN_medium_0bc949199324d731,MG1655,163200,169600,166400,6400,100,204,rep1,False,0,0,F:\Micro-C\micro-c数据\GSE272159_37C_rep1.mapq_30.10.cool,medium,800,True,MG1655:1,train
WIN_medium_589691db24dc2c58,MG1655,164000,170400,167200,6400,100,205,rep1,False,0,0,F:\Micro-C\micro-c数据\GSE272159_37C_rep1.mapq_30.10.cool,medium,800,True,MG1655:1,train
WIN_medium_890807cea58f3d43,MG1655,164800,171200,168000,6400,100,206,rep1,False,0,0,F:\Micro-C\micro-c数据\GSE272159_37C_rep1.mapq_30.10.cool,medium,800,True,MG1655:1,train
WIN_medium_3982ff59fbb700c5,MG1655,165600,172000,168800,6400,100,207,rep1,False,0,0,F:\Micro-C\micro-c数据\GSE272159_37C_rep1.mapq_30.10.cool,medium,800,True,MG1655:1,train
WIN_medium_b090fee9d2fae764,MG1655,166400,172800,169600,6400,100,208,rep1,False,0,0,F:\Micro-C\micro-c数据\GSE272159_37C_rep1.mapq_30.10.cool,medium,800,True,MG1655:1,train
WIN_medium_0e569da4001c4a3b,MG1655,167200,173600,170400,6400,100,209,rep1,False,0,0,F:\Micro-C\micro-c数据\GSE272159_37C_rep1.mapq_30.10.cool,medium,800,True,MG1655:1,train
WIN_medium_ba85fb75b8134689,MG1655,168000,174400,171200,6400,100,210,rep1,False,0,0,F:\Micro-C\micro-c数据\GSE272159_37C_rep1.mapq_30.10.cool,medium,800,True,MG1655:1,train
WIN_medium_105a1f2d80e1eb6a,MG1655,168800,175200,172000,6400,100,211,rep1,False,0,0,F:\Micro-C\micro-c数据\GSE272159_37C_rep1.mapq_30.10.cool,medium,800,True,MG1655:1,train
WIN_medium_9280bbe3ec09a1c8,MG1655,169600,176000,172800,6400,100,212,rep1,False,0,0,F:\Micro-C\micro-c数据\GSE272159_37C_rep1.mapq_30.10.cool,medium,800,True,MG1655:1,train
WIN_medium_9548045373502e13,MG1655,170400,176800,173600,6400,100,213,rep1,False,0,0,F:\Micro-C\micro-c数据\GSE272159_37C_rep1.mapq_30.10.cool,medium,800,True,MG1655:1,train
WIN_medium_8d0097fd8afa4df8,MG1655,171200,177600,174400,6400,100,214,rep1,False,0,0,F:\Micro-C\micro-c数据\GSE272159_37C_rep1.mapq_30.10.cool,medium,800,True,MG1655:1,train
WIN_medium_3fe5e382d6771e37,MG1655,172000,178400,175200,6400,100,215,rep1,False,0,0,F:\Micro-C\micro-c数据\GSE272159_37C_rep1.mapq_30.10.cool,medium,800,True,MG1655:1,train
WIN_medium_665d541ab6d69a75,MG1655,172800,179200,176000,6400,100,216,rep1,False,0,0,F:\Micro-C\micro-c数据\GSE272159_37C_rep1.mapq_30.10.cool,medium,800,True,MG1655:1,train
WIN_medium_d21e9c36c882106e,MG1655,184800,191200,188000,6400,100,231,rep1,False,0,0,F:\Micro-C\micro-c数据\GSE272159_37C_rep1.mapq_30.10.cool,medium,800,True,MG1655:1,train
WIN_medium_1073bf052611a746,MG1655,185600,192000,188800,6400,100,232,rep1,False,0,0,F:\Micro-C\micro-c数据\GSE272159_37C_rep1.mapq_30.10.cool,medium,800,True,MG1655:1,train
WIN_medium_0c1eacd97c5ce16d,MG1655,202400,208800,205600,6400,100,253,rep1,False,0,0,F:\Micro-C\micro-c数据\GSE272159_37C_rep1.mapq_30.10.cool,medium,800,True,MG1655:1,train
WIN_medium_91a4d37f4f0d311f,MG1655,203200,209600,206400,6400,100,254,rep1,False,0,0,F:\Micro-C\micro-c数据\GSE272159_37C_rep1.mapq_30.10.cool,medium,800,True,MG1655:1,train
WIN_medium_d5e3a44e0c0190ef,MG1655,204000,210400,207200,6400,100,255,rep1,False,0,0,F:\Micro-C\micro-c数据\GSE272159_37C_rep1.mapq_30.10.cool,medium,800,True,MG1655:1,train
WIN_medium_fcfefe8e4bd9d4ea,MG1655,204800,211200,208000,6400,100,256,rep1,False,0,0,F:\Micro-C\micro-c数据\GSE272159_37C_rep1.mapq_30.10.cool,medium,800,True,MG1655:1,train
WIN_medium_56a3b959a2c86bf8,MG1655,205600,212000,208800,6400,100,257,rep1,False,0,0,F:\Micro-C\micro-c数据\GSE272159_37C_rep1.mapq_30.10.cool,medium,800,True,MG1655:1,train
WIN_medium_95803db2f4a064ff,MG1655,206400,212800,209600,6400,100,258,rep1,False,0,0,F:\Micro-C\micro-c数据\GSE272159_37C_rep1.mapq_30.10.cool,medium,800,True,MG1655:1,train
WIN_medium_7a721d2a524642e3,MG1655,207200,213600,210400,6400,100,259,rep1,False,0,0,F:\Micro-C\micro-c数据\GSE272159_37C_rep1.mapq_30.10.cool,medium,800,True,MG1655:1,train
WIN_medium_37aa0468dee7c0d9,MG1655,208000,214400,211200,6400,100,260,rep1,False,0,0,F:\Micro-C\micro-c数据\GSE272159_37C_rep1.mapq_30.10.cool,medium,800,True,MG1655:1,train
WIN_medium_afcb987b8de0e0b6,MG1655,208800,215200,212000,6400,100,261,rep1,False,0,0,F:\Micro-C\micro-c数据\GSE272159_37C_rep1.mapq_30.10.cool,medium,800,True,MG1655:1,train
WIN_medium_9c475482d31cf53e,MG1655,209600,216000,212800,6400,100,262,rep1,False,0,0,F:\Micro-C\micro-c数据\GSE272159_37C_rep1.mapq_30.10.cool,medium,800,True,MG1655:1,train
WIN_medium_a0897c591a07963b,MG1655,210400,216800,213600,6400,100,263,rep1,False,0,0,F:\Micro-C\micro-c数据\GSE272159_37C_rep1.mapq_30.10.cool,medium,800,True,MG1655:1,train
WIN_medium_dbca589559aeaed5,MG1655,211200,217600,214400,6400,100,264,rep1,False,0,0,F:\Micro-C\micro-c数据\GSE272159_37C_rep1.mapq_30.10.cool,medium,800,True,MG1655:1,train
WIN_medium_d4a913efe03d6ac8,MG1655,212000,218400,215200,6400,100,265,rep1,False,0,0,F:\Micro-C\micro-c数据\GSE272159_37C_rep1.mapq_30.10.cool,medium,800,True,MG1655:1,train
WIN_medium_30af2713fbfd61cd,MG1655,212800,219200,216000,6400,100,266,rep1,False,0,0,F:\Micro-C\micro-c数据\GSE272159_37C_rep1.mapq_30.10.cool,medium,800,True,MG1655:1,train
WIN_medium_2b3f8a49864e6c1f,MG1655,213600,220000,216800,6400,100,267,rep1,False,0,0,F:\Micro-C\micro-c数据\GSE272159_37C_rep1.mapq_30.10.cool,medium,800,True,MG1655:1,train
WIN_medium_fb50f830c23797f3,MG1655,214400,220800,217600,6400,100,268,rep1,False,0,0,F:\Micro-C\micro-c数据\GSE272159_37C_rep1.mapq_30.10.cool,medium,800,True,MG1655:1,train
WIN_medium_6a79fcb516c8ea09,MG1655,215200,221600,218400,6400,100,269,rep1,False,0,0,F:\Micro-C\micro-c数据\GSE272159_37C_rep1.mapq_30.10.cool,medium,800,True,MG1655:1,train
WIN_medium_6021bbec77394e5c,MG1655,216000,222400,219200,6400,100,270,rep1,False,0,0,F:\Micro-C\micro-c数据\GSE272159_37C_rep1.mapq_30.10.cool,medium,800,True,MG1655:1,train
WIN_medium_7453975f31bcba91,MG1655,216800,223200,220000,6400,100,271,rep1,False,0,0,F:\Micro-C\micro-c数据\GSE272159_37C_rep1.mapq_30.10.cool,medium,800,True,MG1655:1,train
WIN_medium_9ae7e4b7b64257c3,MG1655,217600,224000,220800,6400,100,272,rep1,True,2,2,F:\Micro-C\micro-c数据\GSE272159_37C_rep1.mapq_30.10.cool,medium,800,True,MG1655:1,train
WIN_medium_797aff670888677e,MG1655,218400,224800,221600,6400,100,273,rep1,True,8,8,F:\Micro-C\micro-c数据\GSE272159_37C_rep1.mapq_30.10.cool,medium,800,True,MG1655:1,train
WIN_medium_d80f913cea9c699e,MG1655,219200,225600,222400,6400,100,274,rep1,True,14,14,F:\Micro-C\micro-c数据\GSE272159_37C_rep1.mapq_30.10.cool,medium,800,True,MG1655:1,train
WIN_medium_50add4cd031f0e1a,MG1655,220000,226400,223200,6400,100,275,rep1,True,18,18,F:\Micro-C\micro-c数据\GSE272159_37C_rep1.mapq_30.10.cool,medium,800,True,MG1655:1,train
WIN_medium_a7af9f22ba246ccd,MG1655,220800,227200,224000,6400,100,276,rep1,True,22,22,F:\Micro-C\micro-c数据\GSE272159_37C_rep1.mapq_30.10.cool,medium,800,True,MG1655:1,train
WIN_medium_ccbfc4cc9a09aa64,MG1655,221600,228000,224800,6400,100,277,rep1,True,30,30,F:\Micro-C\micro-c数据\GSE272159_37C_rep1.mapq_30.10.cool,medium,800,True,MG1655:1,train
WIN_medium_4d97b39c11e2701f,MG1655,222400,228800,225600,6400,100,278,rep1,True,38,38,F:\Micro-C\micro-c数据\GSE272159_37C_rep1.mapq_30.10.cool,medium,800,True,MG1655:1,train
WIN_medium_42c0a39af14f9433,MG1655,223200,229600,226400,6400,100,279,rep1,True,40,40,F:\Micro-C\micro-c数据\GSE272159_37C_rep1.mapq_30.10.cool,medium,800,True,MG1655:1,train
WIN_medium_c276016f37cd16c2,MG1655,224000,230400,227200,6400,100,280,rep1,True,37,37,F:\Micro-C\micro-c数据\GSE272159_37C_rep1.mapq_30.10.cool,medium,800,True,MG1655:1,train
WIN_medium_a3f0466a8d6c3192,MG1655,224800,231200,228000,6400,100,281,rep1,True,30,30,F:\Micro-C\micro-c数据\GSE272159_37C_rep1.mapq_30.10.cool,medium,800,True,MG1655:1,train
WIN_medium_2bd735b887c67560,MG1655,225600,232000,228800,6400,100,282,rep1,True,24,24,F:\Micro-C\micro-c数据\GSE272159_37C_rep1.mapq_30.10.cool,medium,800,True,MG1655:1,train
WIN_medium_4fb862cdc6bad98f,MG1655,226400,232800,229600,6400,100,283,rep1,True,20,20,F:\Micro-C\micro-c数据\GSE272159_37C_rep1.mapq_30.10.cool,medium,800,True,MG1655:1,train
WIN_medium_8b69b0f825c85285,MG1655,227200,233600,230400,6400,100,284,rep1,True,17,17,F:\Micro-C\micro-c数据\GSE272159_37C_rep1.mapq_30.10.cool,medium,800,True,MG1655:1,train
WIN_medium_20a68e1b056058ac,MG1655,228000,234400,231200,6400,100,285,rep1,True,9,9,F:\Micro-C\micro-c数据\GSE272159_37C_rep1.mapq_30.10.cool,medium,800,True,MG1655:1,train
WIN_medium_8a4603202f3bb4a5,MG1655,228800,235200,232000,6400,100,286,rep1,True,1,1,F:\Micro-C\micro-c数据\GSE272159_37C_rep1.mapq_30.10.cool,medium,800,True,MG1655:1,train
WIN_medium_c1518da872b78fe9,MG1655,229600,236000,232800,6400,100,287,rep1,False,0,0,F:\Micro-C\micro-c数据\GSE272159_37C_rep1.mapq_30.10.cool,medium,800,True,MG1655:1,train
WIN_medium_31311cb263784fe2,MG1655,230400,236800,233600,6400,100,288,rep1,False,0,0,F:\Micro-C\micro-c数据\GSE272159_37C_rep1.mapq_30.10.cool,medium,800,True,MG1655:1,train
WIN_medium_049c0581aecc4e0e,MG1655,264000,270400,267200,6400,100,330,rep1,False,0,0,F:\Micro-C\micro-c数据\GSE272159_37C_rep1.mapq_30.10.cool,medium,800,True,MG1655:2,train
WIN_medium_e3a81fd30606295f,MG1655,264800,271200,268000,6400,100,331,rep1,True,5,5,F:\Micro-C\micro-c数据\GSE272159_37C_rep1.mapq_30.10.cool,medium,800,True,MG1655:2,train
WIN_medium_e708893522da42f5,MG1655,265600,272000,268800,6400,100,332,rep1,True,7,7,F:\Micro-C\micro-c数据\GSE272159_37C_rep1.mapq_30.10.cool,medium,800,True,MG1655:2,train
WIN_medium_a12db905f3ad04d1,MG1655,266400,272800,269600,6400,100,333,rep1,True,7,7,F:\Micro-C\micro-c数据\GSE272159_37C_rep1.mapq_30.10.cool,medium,800,True,MG1655:2,train
WIN_medium_042a86cd543a22c7,MG1655,267200,273600,270400,6400,100,334,rep1,True,7,7,F:\Micro-C\micro-c数据\GSE272159_37C_rep1.mapq_30.10.cool,medium,800,True,MG1655:2,train
WIN_medium_09ee6a9634e6cc4a,MG1655,268000,274400,271200,6400,100,335,rep1,True,10,10,F:\Micro-C\micro-c数据\GSE272159_37C_rep1.mapq_30.10.cool,medium,800,True,MG1655:2,train
WIN_medium_75957fe51ea7ff24,MG1655,268800,275200,272000,6400,100,336,rep1,True,16,16,F:\Micro-C\micro-c数据\GSE272159_37C_rep1.mapq_30.10.cool,medium,800,True,MG1655:2,train
WIN_medium_b3c8349d9355f654,MG1655,269600,276000,272800,6400,100,337,rep1,True,16,16,F:\Micro-C\micro-c数据\GSE272159_37C_rep1.mapq_30.10.cool,medium,800,True,MG1655:2,train
WIN_medium_9e36e4d68ec64665,MG1655,270400,276800,273600,6400,100,338,rep1,True,16,16,F:\Micro-C\micro-c数据\GSE272159_37C_rep1.mapq_30.10.cool,medium,800,True,MG1655:2,train
WIN_medium_4f509927b23548c9,MG1655,271200,277600,274400,6400,100,339,rep1,True,11,11,F:\Micro-C\micro-c数据\GSE272159_37C_rep1.mapq_30.10.cool,medium,800,True,MG1655:2,train
WIN_medium_fb0f230c6d861ed2,MG1655,272000,278400,275200,6400,100,340,rep1,True,9,9,F:\Micro-C\micro-c数据\GSE272159_37C_rep1.mapq_30.10.cool,medium,800,True,MG1655:2,train
WIN_medium_1df2f38c1087d178,MG1655,272800,279200,276000,6400,100,341,rep1,True,9,9,F:\Micro-C\micro-c数据\GSE272159_37C_rep1.mapq_30.10.cool,medium,800,True,MG1655:2,train
WIN_medium_1701a4fe8e4d5387,MG1655,273600,280000,276800,6400,100,342,rep1,True,14,14,F:\Micro-C\micro-c数据\GSE272159_37C_rep1.mapq_30.10.cool,medium,800,True,MG1655:2,train
WIN_medium_54c9e8863a884fc8,MG1655,274400,280800,277600,6400,100,343,rep1,True,11,11,F:\Micro-C\micro-c数据\GSE272159_37C_rep1.mapq_30.10.cool,medium,800,True,MG1655:2,train
WIN_medium_e871a9b29e7453c6,MG1655,275200,281600,278400,6400,100,344,rep1,True,5,5,F:\Micro-C\micro-c数据\GSE272159_37C_rep1.mapq_30.10.cool,medium,800,True,MG1655:2,train
WIN_medium_3a4b6003416d022c,MG1655,276000,282400,279200,6400,100,345,rep1,True,5,5,F:\Micro-C\micro-c数据\GSE272159_37C_rep1.mapq_30.10.cool,medium,800,True,MG1655:2,train
WIN_medium_25ca6664961a1c3d,MG1655,276800,283200,280000,6400,100,346,rep1,True,5,5,F:\Micro-C\micro-c数据\GSE272159_37C_rep1.mapq_30.10.cool,medium,800,True,MG1655:2,train
WIN_medium_1dfbb9436461972a,MG1655,277600,284000,280800,6400,100,347,rep1,True,5,5,F:\Micro-C\micro-c数据\GSE272159_37C_rep1.mapq_30.10.cool,medium,800,True,MG1655:2,train
WIN_medium_3c375c9de331241b,MG1655,278400,284800,281600,6400,100,348,rep1,True,5,5,F:\Micro-C\micro-c数据\GSE272159_37C_rep1.mapq_30.10.cool,medium,800,True,MG1655:2,train
WIN_medium_45e82603371aad96,MG1655,279200,285600,282400,6400,100,349,rep1,True,5,5,F:\Micro-C\micro-c数据\GSE272159_37C_rep1.mapq_30.10.cool,medium,800,True,MG1655:2,train
WIN_medium_5b281402c4334ce8,MG1655,280000,286400,283200,6400,100,350,rep1,False,0,0,F:\Micro-C\micro-c数据\GSE272159_37C_rep1.mapq_30.10.cool,medium,800,True,MG1655:2,train
WIN_medium_c72abf2a48aac415,MG1655,280800,287200,284000,6400,100,351,rep1,False,0,0,F:\Micro-C\micro-c数据\GSE272159_37C_rep1.mapq_30.10.cool,medium,800,True,MG1655:2,train
WIN_medium_9ce45891b0217215,MG1655,281600,288000,284800,6400,100,352,rep1,False,0,0,F:\Micro-C\micro-c数据\GSE272159_37C_rep1.mapq_30.10.cool,medium,800,True,MG1655:2,train
WIN_medium_8e83dfece4c96057,MG1655,282400,288800,285600,6400,100,353,rep1,False,0,0,F:\Micro-C\micro-c数据\GSE272159_37C_rep1.mapq_30.10.cool,medium,800,True,MG1655:2,train
WIN_medium_87e06f7ab8220a94,MG1655,283200,289600,286400,6400,100,354,rep1,False,0,0,F:\Micro-C\micro-c数据\GSE272159_37C_rep1.mapq_30.10.cool,medium,800,True,MG1655:2,train
WIN_medium_81d16f3472a692d4,MG1655,284000,290400,287200,6400,100,355,rep1,False,0,0,F:\Micro-C\micro-c数据\GSE272159_37C_rep1.mapq_30.10.cool,medium,800,True,MG1655:2,train
WIN_medium_686a84d11ad822ed,MG1655,284800,291200,288000,6400,100,356,rep1,True,4,4,F:\Micro-C\micro-c数据\GSE272159_37C_rep1.mapq_30.10.cool,medium,800,True,MG1655:2,train
WIN_medium_b62d3eea994ec8bd,MG1655,285600,292000,288800,6400,100,357,rep1,True,5,5,F:\Micro-C\micro-c数据\GSE272159_37C_rep1.mapq_30.10.cool,medium,800,True,MG1655:2,train
WIN_medium_6eb60dcf6618dad3,MG1655,325600,332000,328800,6400,100,407,rep1,False,0,0,F:\Micro-C\micro-c数据\GSE272159_37C_rep1.mapq_30.10.cool,medium,800,True,MG1655:2,train
WIN_medium_0c90ab16054fbc5c,MG1655,326400,332800,329600,6400,100,408,rep1,False,0,0,F:\Micro-C\micro-c数据\GSE272159_37C_rep1.mapq_30.10.cool,medium,800,True,MG1655:2,train
WIN_medium_9fe6176568e49c0e,MG1655,327200,333600,330400,6400,100,409,rep1,False,0,0,F:\Micro-C\micro-c数据\GSE272159_37C_rep1.mapq_30.10.cool,medium,800,True,MG1655:2,train
WIN_medium_9697c241a6fe2234,MG1655,328000,334400,331200,6400,100,410,rep1,False,0,0,F:\Micro-C\micro-c数据\GSE272159_37C_rep1.mapq_30.10.cool,medium,800,True,MG1655:2,train
WIN_medium_9d81a51a2b70f0e0,MG1655,345600,352000,348800,6400,100,432,rep1,False,0,0,F:\Micro-C\micro-c数据\GSE272159_37C_rep1.mapq_30.10.cool,medium,800,True,MG1655:2,train
WIN_medium_21564be78663f683,MG1655,346400,352800,349600,6400,100,433,rep1,False,0,0,F:\Micro-C\micro-c数据\GSE272159_37C_rep1.mapq_30.10.cool,medium,800,True,MG1655:2,train
WIN_medium_5c4c1d545c936b7d,MG1655,347200,353600,350400,6400,100,434,rep1,False,0,0,F:\Micro-C\micro-c数据\GSE272159_37C_rep1.mapq_30.10.cool,medium,800,True,MG1655:2,train
WIN_medium_82a71e948845926d,MG1655,348000,354400,351200,6400,100,435,rep1,False,0,0,F:\Micro-C\micro-c数据\GSE272159_37C_rep1.mapq_30.10.cool,medium,800,True,MG1655:2,train
WIN_medium_cb39d683074baeb4,MG1655,348800,355200,352000,6400,100,436,rep1,False,0,0,F:\Micro-C\micro-c数据\GSE272159_37C_rep1.mapq_30.10.cool,medium,800,True,MG1655:2,train
WIN_medium_669f6aea26a9aefc,MG1655,349600,356000,352800,6400,100,437,rep1,False,0,0,F:\Micro-C\micro-c数据\GSE272159_37C_rep1.mapq_30.10.cool,medium,800,True,MG1655:2,train
WIN_medium_9da953213b7f6890,MG1655,350400,356800,353600,6400,100,438,rep1,False,0,0,F:\Micro-C\micro-c数据\GSE272159_37C_rep1.mapq_30.10.cool,medium,800,True,MG1655:2,train
WIN_medium_a2673f88f01e317a,MG1655,351200,357600,354400,6400,100,439,rep1,False,0,0,F:\Micro-C\micro-c数据\GSE272159_37C_rep1.mapq_30.10.cool,medium,800,True,MG1655:2,train
WIN_medium_d71d8877244f3aef,MG1655,352000,358400,355200,6400,100,440,rep1,False,0,0,F:\Micro-C\micro-c数据\GSE272159_37C_rep1.mapq_30.10.cool,medium,800,True,MG1655:2,train
WIN_medium_7dd630a6c3653c07,MG1655,352800,359200,356000,6400,100,441,rep1,False,0,0,F:\Micro-C\micro-c数据\GSE272159_37C_rep1.mapq_30.10.cool,medium,800,True,MG1655:2,train
WIN_medium_70f484e9a28e0aab,MG1655,353600,360000,356800,6400,100,442,rep1,False,0,0,F:\Micro-C\micro-c数据\GSE272159_37C_rep1.mapq_30.10.cool,medium,800,True,MG1655:2,train
WIN_medium_911bca094534fe11,MG1655,354400,360800,357600,6400,100,443,rep1,False,0,0,F:\Micro-C\micro-c数据\GSE272159_37C_rep1.mapq_30.10.cool,medium,800,True,MG1655:2,train
WIN_medium_d54d724c226bda79,MG1655,355200,361600,358400,6400,100,444,rep1,False,0,0,F:\Micro-C\micro-c数据\GSE272159_37C_rep1.mapq_30.10.cool,medium,800,True,MG1655:2,train
WIN_medium_6d0b1963d6938404,MG1655,356000,362400,359200,6400,100,445,rep1,False,0,0,F:\Micro-C\micro-c数据\GSE272159_37C_rep1.mapq_30.10.cool,medium,800,True,MG1655:2,train
WIN_medium_ae558f9187ef4aaf,MG1655,356800,363200,360000,6400,100,446,rep1,False,0,0,F:\Micro-C\micro-c数据\GSE272159_37C_rep1.mapq_30.10.cool,medium,800,True,MG1655:2,train
WIN_medium_b83a821c0d9fd44a,MG1655,357600,364000,360800,6400,100,447,rep1,False,0,0,F:\Micro-C\micro-c数据\GSE272159_37C_rep1.mapq_30.10.cool,medium,800,True,MG1655:2,train
WIN_medium_36f8b49aa942df00,MG1655,358400,364800,361600,6400,100,448,rep1,False,0,0,F:\Micro-C\micro-c数据\GSE272159_37C_rep1.mapq_30.10.cool,medium,800,True,MG1655:2,train
WIN_medium_59b9f8e36f9fd250,MG1655,359200,365600,362400,6400,100,449,rep1,False,0,0,F:\Micro-C\micro-c数据\GSE272159_37C_rep1.mapq_30.10.cool,medium,800,True,MG1655:2,train
WIN_medium_9198f9815cc4432c,MG1655,360000,366400,363200,6400,100,450,rep1,False,0,0,F:\Micro-C\micro-c数据\GSE272159_37C_rep1.mapq_30.10.cool,medium,800,True,MG1655:2,train
WIN_medium_2a5616adce4a8976,MG1655,360800,367200,364000,6400,100,451,rep1,False,0,0,F:\Micro-C\micro-c数据\GSE272159_37C_rep1.mapq_30.10.cool,medium,800,True,MG1655:2,train
WIN_medium_3bee526a0e92914f,MG1655,361600,368000,364800,6400,100,452,rep1,False,0,0,F:\Micro-C\micro-c数据\GSE272159_37C_rep1.mapq_30.10.cool,medium,800,True,MG1655:2,train
WIN_medium_8bb0f92043bc4e7e,MG1655,362400,368800,365600,6400,100,453,rep1,False,0,0,F:\Micro-C\micro-c数据\GSE272159_37C_rep1.mapq_30.10.cool,medium,800,True,MG1655:2,train
WIN_medium_7f906f4990f17ca0,MG1655,363200,369600,366400,6400,100,454,rep1,False,0,0,F:\Micro-C\micro-c数据\GSE272159_37C_rep1.mapq_30.10.cool,medium,800,True,MG1655:2,train
WIN_medium_4c7209334b5c6417,MG1655,364000,370400,367200,6400,100,455,rep1,False,0,0,F:\Micro-C\micro-c数据\GSE272159_37C_rep1.mapq_30.10.cool,medium,800,True,MG1655:2,train
WIN_medium_9409c87b89d74e06,MG1655,364800,371200,368000,6400,100,456,rep1,False,0,0,F:\Micro-C\micro-c数据\GSE272159_37C_rep1.mapq_30.10.cool,medium,800,True,MG1655:2,train
WIN_medium_0fde6144c492ed69,MG1655,365600,372000,368800,6400,100,457,rep1,False,0,0,F:\Micro-C\micro-c数据\GSE272159_37C_rep1.mapq_30.10.cool,medium,800,True,MG1655:2,train
WIN_medium_38df05539cfa601e,MG1655,366400,372800,369600,6400,100,458,rep1,False,0,0,F:\Micro-C\micro-c数据\GSE272159_37C_rep1.mapq_30.10.cool,medium,800,True,MG1655:2,train
WIN_medium_a20d08d0bc04be7b,MG1655,367200,373600,370400,6400,100,459,rep1,False,0,0,F:\Micro-C\micro-c数据\GSE272159_37C_rep1.mapq_30.10.cool,medium,800,True,MG1655:2,train
WIN_medium_948688672fc6f053,MG1655,368000,374400,371200,6400,100,460,rep1,False,0,0,F:\Micro-C\micro-c数据\GSE272159_37C_rep1.mapq_30.10.cool,medium,800,True,MG1655:2,train
WIN_medium_8f692ad9bc51ddce,MG1655,368800,375200,372000,6400,100,461,rep1,False,0,0,F:\Micro-C\micro-c数据\GSE272159_37C_rep1.mapq_30.10.cool,medium,800,True,MG1655:2,train
WIN_medium_8df9d4c15adf1684,MG1655,369600,376000,372800,6400,100,462,rep1,False,0,0,F:\Micro-C\micro-c数据\GSE272159_37C_rep1.mapq_30.10.cool,medium,800,True,MG1655:2,train
WIN_medium_73a370fa2087051b,MG1655,370400,376800,373600,6400,100,463,rep1,False,0,0,F:\Micro-C\micro-c数据\GSE272159_37C_rep1.mapq_30.10.cool,medium,800,True,MG1655:2,train
WIN_medium_8c2a48be5833401f,MG1655,371200,377600,374400,6400,100,464,rep1,False,0,0,F:\Micro-C\micro-c数据\GSE272159_37C_rep1.mapq_30.10.cool,medium,800,True,MG1655:2,train
WIN_medium_5b0f07531e739325,MG1655,372000,378400,375200,6400,100,465,rep1,False,0,0,F:\Micro-C\micro-c数据\GSE272159_37C_rep1.mapq_30.10.cool,medium,800,True,MG1655:2,train
WIN_medium_0c79c888e32310c7,MG1655,372800,379200,376000,6400,100,466,rep1,False,0,0,F:\Micro-C\micro-c数据\GSE272159_37C_rep1.mapq_30.10.cool,medium,800,True,MG1655:2,train
WIN_medium_42139bed20d9fb60,MG1655,373600,380000,376800,6400,100,467,rep1,False,0,0,F:\Micro-C\micro-c数据\GSE272159_37C_rep1.mapq_30.10.cool,medium,800,True,MG1655:2,train
WIN_medium_83e593656cd9b989,MG1655,374400,380800,377600,6400,100,468,rep1,False,0,0,F:\Micro-C\micro-c数据\GSE272159_37C_rep1.mapq_30.10.cool,medium,800,True,MG1655:2,train
WIN_medium_f128dc1a7bd8607c,MG1655,375200,381600,378400,6400,100,469,rep1,True,2,2,F:\Micro-C\micro-c数据\GSE272159_37C_rep1.mapq_30.10.cool,medium,800,True,MG1655:2,train
WIN_medium_255a6944f91398d0,MG1655,376000,382400,379200,6400,100,470,rep1,True,10,10,F:\Micro-C\micro-c数据\GSE272159_37C_rep1.mapq_30.10.cool,medium,800,True,MG1655:2,train
WIN_medium_844935cdb4f632c3,MG1655,376800,383200,380000,6400,100,471,rep1,True,11,11,F:\Micro-C\micro-c数据\GSE272159_37C_rep1.mapq_30.10.cool,medium,800,True,MG1655:2,train
WIN_medium_7ce95d7a0b7c327c,MG1655,377600,384000,380800,6400,100,472,rep1,True,11,11,F:\Micro-C\micro-c数据\GSE272159_37C_rep1.mapq_30.10.cool,medium,800,True,MG1655:2,train
WIN_medium_e85ec623e1dc02ca,MG1655,384000,390400,387200,6400,100,480,rep1,False,0,0,F:\Micro-C\micro-c数据\GSE272159_37C_rep1.mapq_30.10.cool,medium,800,True,MG1655:3,validation
WIN_medium_a9da47a270e3d578,MG1655,384800,391200,388000,6400,100,481,rep1,False,0,0,F:\Micro-C\micro-c数据\GSE272159_37C_rep1.mapq_30.10.cool,medium,800,True,MG1655:3,validation
WIN_medium_c1524cffe4c8e5b4,MG1655,385600,392000,388800,6400,100,482,rep1,True,2,2,F:\Micro-C\micro-c数据\GSE272159_37C_rep1.mapq_30.10.cool,medium,800,True,MG1655:3,validation
WIN_medium_35435423fc9e6cca,MG1655,386400,392800,389600,6400,100,483,rep1,True,10,10,F:\Micro-C\micro-c数据\GSE272159_37C_rep1.mapq_30.10.cool,medium,800,True,MG1655:3,validation
WIN_medium_08d9d3db39a199dd,MG1655,387200,393600,390400,6400,100,484,rep1,True,10,10,F:\Micro-C\micro-c数据\GSE272159_37C_rep1.mapq_30.10.cool,medium,800,True,MG1655:3,validation
WIN_medium_f8c0b4d4ad03dac4,MG1655,388000,394400,391200,6400,100,485,rep1,True,10,10,F:\Micro-C\micro-c数据\GSE272159_37C_rep1.mapq_30.10.cool,medium,800,True,MG1655:3,validation
WIN_medium_71aaf3f86e4bb5b6,MG1655,388800,395200,392000,6400,100,486,rep1,True,10,10,F:\Micro-C\micro-c数据\GSE272159_37C_rep1.mapq_30.10.cool,medium,800,True,MG1655:3,validation
WIN_medium_67e5a70c30587df9,MG1655,389600,396000,392800,6400,100,487,rep1,True,10,10,F:\Micro-C\micro-c数据\GSE272159_37C_rep1.mapq_30.10.cool,medium,800,True,MG1655:3,validation
WIN_medium_2efdbcc6df800bc9,MG1655,390400,396800,393600,6400,100,488,rep1,True,10,10,F:\Micro-C\micro-c数据\GSE272159_37C_rep1.mapq_30.10.cool,medium,800,True,MG1655:3,validation
WIN_medium_797bca054d895949,MG1655,391200,397600,394400,6400,100,489,rep1,True,10,10,F:\Micro-C\micro-c数据\GSE272159_37C_rep1.mapq_30.10.cool,medium,800,True,MG1655:3,validation
WIN_medium_53f314dca5873296,MG1655,392000,398400,395200,6400,100,490,rep1,True,8,8,F:\Micro-C\micro-c数据\GSE272159_37C_rep1.mapq_30.10.cool,medium,800,True,MG1655:3,validation
WIN_medium_820c7a97ff814e18,MG1655,392800,399200,396000,6400,100,491,rep1,False,0,0,F:\Micro-C\micro-c数据\GSE272159_37C_rep1.mapq_30.10.cool,medium,800,True,MG1655:3,validation
WIN_medium_52e7bc61ccca12bd,MG1655,393600,400000,396800,6400,100,492,rep1,False,0,0,F:\Micro-C\micro-c数据\GSE272159_37C_rep1.mapq_30.10.cool,medium,800,True,MG1655:3,validation
WIN_medium_1acf9d82e8c231f1,MG1655,394400,400800,397600,6400,100,493,rep1,False,0,0,F:\Micro-C\micro-c数据\GSE272159_37C_rep1.mapq_30.10.cool,medium,800,True,MG1655:3,validation
WIN_medium_963103f4d1b6877f,MG1655,395200,401600,398400,6400,100,494,rep1,False,0,0,F:\Micro-C\micro-c数据\GSE272159_37C_rep1.mapq_30.10.cool,medium,800,True,MG1655:3,validation
WIN_medium_7ce1e1a46f933133,MG1655,396000,402400,399200,6400,100,495,rep1,False,0,0,F:\Micro-C\micro-c数据\GSE272159_37C_rep1.mapq_30.10.cool,medium,800,True,MG1655:3,validation
WIN_medium_8270b9a72672f099,MG1655,396800,403200,400000,6400,100,496,rep1,False,0,0,F:\Micro-C\micro-c数据\GSE272159_37C_rep1.mapq_30.10.cool,medium,800,True,MG1655:3,validation
WIN_medium_8178ae8c21e8972e,MG1655,397600,404000,400800,6400,100,497,rep1,False,0,0,F:\Micro-C\micro-c数据\GSE272159_37C_rep1.mapq_30.10.cool,medium,800,True,MG1655:3,validation
WIN_medium_55985eb4c3853d0a,MG1655,398400,404800,401600,6400,100,498,rep1,False,0,0,F:\Micro-C\micro-c数据\GSE272159_37C_rep1.mapq_30.10.cool,medium,800,True,MG1655:3,validation
WIN_medium_114152263676043d,MG1655,399200,405600,402400,6400,100,499,rep1,False,0,0,F:\Micro-C\micro-c数据\GSE272159_37C_rep1.mapq_30.10.cool,medium,800,True,MG1655:3,validation
WIN_medium_d893d82f5641fb48,MG1655,400000,406400,403200,6400,100,500,rep1,False,0,0,F:\Micro-C\micro-c数据\GSE272159_37C_rep1.mapq_30.10.cool,medium,800,True,MG1655:3,validation
WIN_medium_9d56ea2a70a66712,MG1655,400800,407200,404000,6400,100,501,rep1,False,0,0,F:\Micro-C\micro-c数据\GSE272159_37C_rep1.mapq_30.10.cool,medium,800,True,MG1655:3,validation
WIN_medium_6075482e32b86193,MG1655,401600,408000,404800,6400,100,502,rep1,False,0,0,F:\Micro-C\micro-c数据\GSE272159_37C_rep1.mapq_30.10.cool,medium,800,True,MG1655:3,validation
WIN_medium_e88cd0e2216a645e,MG1655,402400,408800,405600,6400,100,503,rep1,False,0,0,F:\Micro-C\micro-c数据\GSE272159_37C_rep1.mapq_30.10.cool,medium,800,True,MG1655:3,validation
WIN_medium_9528768fc2440715,MG1655,403200,409600,406400,6400,100,504,rep1,False,0,0,F:\Micro-C\micro-c数据\GSE272159_37C_rep1.mapq_30.10.cool,medium,800,True,MG1655:3,validation
WIN_medium_c3c5e3cbeb0deb66,MG1655,404000,410400,407200,6400,100,505,rep1,False,0,0,F:\Micro-C\micro-c数据\GSE272159_37C_rep1.mapq_30.10.cool,medium,800,True,MG1655:3,validation
WIN_medium_d396fbd3b670741d,MG1655,404800,411200,408000,6400,100,506,rep1,False,0,0,F:\Micro-C\micro-c数据\GSE272159_37C_rep1.mapq_30.10.cool,medium,800,True,MG1655:3,validation
WIN_medium_e42912f0dc47550c,MG1655,405600,412000,408800,6400,100,507,rep1,False,0,0,F:\Micro-C\micro-c数据\GSE272159_37C_rep1.mapq_30.10.cool,medium,800,True,MG1655:3,validation
WIN_medium_0e59828ab35ab718,MG1655,406400,412800,409600,6400,100,508,rep1,False,0,0,F:\Micro-C\micro-c数据\GSE272159_37C_rep1.mapq_30.10.cool,medium,800,True,MG1655:3,validation
WIN_medium_fe1bd5be8fea8df2,MG1655,407200,413600,410400,6400,100,509,rep1,False,0,0,F:\Micro-C\micro-c数据\GSE272159_37C_rep1.mapq_30.10.cool,medium,800,True,MG1655:3,validation
WIN_medium_137514733c64b01d,MG1655,408000,414400,411200,6400,100,510,rep1,False,0,0,F:\Micro-C\micro-c数据\GSE272159_37C_rep1.mapq_30.10.cool,medium,800,True,MG1655:3,validation
WIN_medium_c383b792d9e9098d,MG1655,408800,415200,412000,6400,100,511,rep1,False,0,0,F:\Micro-C\micro-c数据\GSE272159_37C_rep1.mapq_30.10.cool,medium,800,True,MG1655:3,validation
WIN_medium_8842d898f1e96038,MG1655,409600,416000,412800,6400,100,512,rep1,False,0,0,F:\Micro-C\micro-c数据\GSE272159_37C_rep1.mapq_30.10.cool,medium,800,True,MG1655:3,validation
WIN_medium_b63c82a3089b6a22,MG1655,410400,416800,413600,6400,100,513,rep1,False,0,0,F:\Micro-C\micro-c数据\GSE272159_37C_rep1.mapq_30.10.cool,medium,800,True,MG1655:3,validation
WIN_medium_e63a96f90b2703e0,MG1655,411200,417600,414400,6400,100,514,rep1,False,0,0,F:\Micro-C\micro-c数据\GSE272159_37C_rep1.mapq_30.10.cool,medium,800,True,MG1655:3,validation
WIN_medium_d86fd4b2a3aebfd1,MG1655,412000,418400,415200,6400,100,515,rep1,False,0,0,F:\Micro-C\micro-c数据\GSE272159_37C_rep1.mapq_30.10.cool,medium,800,True,MG1655:3,validation
WIN_medium_8a6a772314008921,MG1655,412800,419200,416000,6400,100,516,rep1,False,0,0,F:\Micro-C\micro-c数据\GSE272159_37C_rep1.mapq_30.10.cool,medium,800,True,MG1655:3,validation
WIN_medium_96a9a90876ddc189,MG1655,413600,420000,416800,6400,100,517,rep1,False,0,0,F:\Micro-C\micro-c数据\GSE272159_37C_rep1.mapq_30.10.cool,medium,800,True,MG1655:3,validation
WIN_medium_dd4d14217cf6e319,MG1655,414400,420800,417600,6400,100,518,rep1,False,0,0,F:\Micro-C\micro-c数据\GSE272159_37C_rep1.mapq_30.10.cool,medium,800,True,MG1655:3,validation
WIN_medium_02da0ec405a8ed62,MG1655,415200,421600,418400,6400,100,519,rep1,False,0,0,F:\Micro-C\micro-c数据\GSE272159_37C_rep1.mapq_30.10.cool,medium,800,True,MG1655:3,validation
WIN_medium_0fa0e6afd0f18b31,MG1655,416000,422400,419200,6400,100,520,rep1,False,0,0,F:\Micro-C\micro-c数据\GSE272159_37C_rep1.mapq_30.10.cool,medium,800,True,MG1655:3,validation
WIN_medium_e1a28f0839b048e1,MG1655,416800,423200,420000,6400,100,521,rep1,False,0,0,F:\Micro-C\micro-c数据\GSE272159_37C_rep1.mapq_30.10.cool,medium,800,True,MG1655:3,validation
WIN_medium_6235e45755f665b0,MG1655,417600,424000,420800,6400,100,522,rep1,False,0,0,F:\Micro-C\micro-c数据\GSE272159_37C_rep1.mapq_30.10.cool,medium,800,True,MG1655:3,validation
WIN_medium_197441bb3437ee3f,MG1655,418400,424800,421600,6400,100,523,rep1,False,0,0,F:\Micro-C\micro-c数据\GSE272159_37C_rep1.mapq_30.10.cool,medium,800,True,MG1655:3,validation
WIN_medium_f3e600a343f43060,MG1655,419200,425600,422400,6400,100,524,rep1,False,0,0,F:\Micro-C\micro-c数据\GSE272159_37C_rep1.mapq_30.10.cool,medium,800,True,MG1655:3,validation
WIN_medium_26521586bf32b3c3,MG1655,420000,426400,423200,6400,100,525,rep1,False,0,0,F:\Micro-C\micro-c数据\GSE272159_37C_rep1.mapq_30.10.cool,medium,800,True,MG1655:3,validation
WIN_medium_3f5ee54c6a85976d,MG1655,442400,448800,445600,6400,100,553,rep1,False,0,0,F:\Micro-C\micro-c数据\GSE272159_37C_rep1.mapq_30.10.cool,medium,800,True,MG1655:3,validation
WIN_medium_c37a5335d5240cb5,MG1655,443200,449600,446400,6400,100,554,rep1,False,0,0,F:\Micro-C\micro-c数据\GSE272159_37C_rep1.mapq_30.10.cool,medium,800,True,MG1655:3,validation
WIN_medium_4be8403bcec5327e,MG1655,444000,450400,447200,6400,100,555,rep1,False,0,0,F:\Micro-C\micro-c数据\GSE272159_37C_rep1.mapq_30.10.cool,medium,800,True,MG1655:3,validation
WIN_medium_9da75354c0f3ffe2,MG1655,444800,451200,448000,6400,100,556,rep1,False,0,0,F:\Micro-C\micro-c数据\GSE272159_37C_rep1.mapq_30.10.cool,medium,800,True,MG1655:3,validation
WIN_medium_8588f91848d6805f,MG1655,445600,452000,448800,6400,100,557,rep1,False,0,0,F:\Micro-C\micro-c数据\GSE272159_37C_rep1.mapq_30.10.cool,medium,800,True,MG1655:3,validation
WIN_medium_a97b11821129f6a9,MG1655,446400,452800,449600,6400,100,558,rep1,False,0,0,F:\Micro-C\micro-c数据\GSE272159_37C_rep1.mapq_30.10.cool,medium,800,True,MG1655:3,validation
WIN_medium_393d45e5dd045776,MG1655,447200,453600,450400,6400,100,559,rep1,False,0,0,F:\Micro-C\micro-c数据\GSE272159_37C_rep1.mapq_30.10.cool,medium,800,True,MG1655:3,validation
WIN_medium_33fc17a1ff01a738,MG1655,448000,454400,451200,6400,100,560,rep1,False,0,0,F:\Micro-C\micro-c数据\GSE272159_37C_rep1.mapq_30.10.cool,medium,800,True,MG1655:3,validation
WIN_medium_09a0e4fd3bf39e4d,MG1655,448800,455200,452000,6400,100,561,rep1,False,0,0,F:\Micro-C\micro-c数据\GSE272159_37C_rep1.mapq_30.10.cool,medium,800,True,MG1655:3,validation
WIN_medium_e831838c3d6f6146,MG1655,449600,456000,452800,6400,100,562,rep1,False,0,0,F:\Micro-C\micro-c数据\GSE272159_37C_rep1.mapq_30.10.cool,medium,800,True,MG1655:3,validation
WIN_medium_83178c9233c61245,MG1655,450400,456800,453600,6400,100,563,rep1,False,0,0,F:\Micro-C\micro-c数据\GSE272159_37C_rep1.mapq_30.10.cool,medium,800,True,MG1655:3,validation
WIN_medium_1b7f9efa4393b25e,MG1655,451200,457600,454400,6400,100,564,rep1,False,0,0,F:\Micro-C\micro-c数据\GSE272159_37C_rep1.mapq_30.10.cool,medium,800,True,MG1655:3,validation
WIN_medium_b4f2d7f6c19b0846,MG1655,452000,458400,455200,6400,100,565,rep1,False,0,0,F:\Micro-C\micro-c数据\GSE272159_37C_rep1.mapq_30.10.cool,medium,800,True,MG1655:3,validation
WIN_medium_ae33e2b9139ed33e,MG1655,452800,459200,456000,6400,100,566,rep1,False,0,0,F:\Micro-C\micro-c数据\GSE272159_37C_rep1.mapq_30.10.cool,medium,800,True,MG1655:3,validation
WIN_medium_9d3ee5a24513c60b,MG1655,453600,460000,456800,6400,100,567,rep1,False,0,0,F:\Micro-C\micro-c数据\GSE272159_37C_rep1.mapq_30.10.cool,medium,800,True,MG1655:3,validation
WIN_medium_78c59e65457279f7,MG1655,454400,460800,457600,6400,100,568,rep1,False,0,0,F:\Micro-C\micro-c数据\GSE272159_37C_rep1.mapq_30.10.cool,medium,800,True,MG1655:3,validation
WIN_medium_6622eb0627baaddc,MG1655,455200,461600,458400,6400,100,569,rep1,False,0,0,F:\Micro-C\micro-c数据\GSE272159_37C_rep1.mapq_30.10.cool,medium,800,True,MG1655:3,validation
WIN_medium_9223b5702008cbc5,MG1655,456000,462400,459200,6400,100,570,rep1,False,0,0,F:\Micro-C\micro-c数据\GSE272159_37C_rep1.mapq_30.10.cool,medium,800,True,MG1655:3,validation
WIN_medium_6e34cd37dfb2d393,MG1655,456800,463200,460000,6400,100,571,rep1,False,0,0,F:\Micro-C\micro-c数据\GSE272159_37C_rep1.mapq_30.10.cool,medium,800,True,MG1655:3,validation
WIN_medium_e355a0514efc54c9,MG1655,457600,464000,460800,6400,100,572,rep1,False,0,0,F:\Micro-C\micro-c数据\GSE272159_37C_rep1.mapq_30.10.cool,medium,800,True,MG1655:3,validation
WIN_medium_78c3f2a0862ea9ed,MG1655,458400,464800,461600,6400,100,573,rep1,False,0,0,F:\Micro-C\micro-c数据\GSE272159_37C_rep1.mapq_30.10.cool,medium,800,True,MG1655:3,validation
WIN_medium_d7a72df8ff8c149c,MG1655,459200,465600,462400,6400,100,574,rep1,False,0,0,F:\Micro-C\micro-c数据\GSE272159_37C_rep1.mapq_30.10.cool,medium,800,True,MG1655:3,validation
WIN_medium_6a5a98039829f8a4,MG1655,460000,466400,463200,6400,100,575,rep1,False,0,0,F:\Micro-C\micro-c数据\GSE272159_37C_rep1.mapq_30.10.cool,medium,800,True,MG1655:3,validation
WIN_medium_a9197888fa587cb1,MG1655,460800,467200,464000,6400,100,576,rep1,False,0,0,F:\Micro-C\micro-c数据\GSE272159_37C_rep1.mapq_30.10.cool,medium,800,True,MG1655:3,validation
WIN_medium_eec8ef06735e2a89,MG1655,461600,468000,464800,6400,100,577,rep1,False,0,0,F:\Micro-C\micro-c数据\GSE272159_37C_rep1.mapq_30.10.cool,medium,800,True,MG1655:3,validation
WIN_medium_e4ed1f3ddb32b346,MG1655,462400,468800,465600,6400,100,578,rep1,False,0,0,F:\Micro-C\micro-c数据\GSE272159_37C_rep1.mapq_30.10.cool,medium,800,True,MG1655:3,validation
WIN_medium_ee22cdb5a80227af,MG1655,463200,469600,466400,6400,100,579,rep1,False,0,0,F:\Micro-C\micro-c数据\GSE272159_37C_rep1.mapq_30.10.cool,medium,800,True,MG1655:3,validation
WIN_medium_2eca853edabca66d,MG1655,464000,470400,467200,6400,100,580,rep1,False,0,0,F:\Micro-C\micro-c数据\GSE272159_37C_rep1.mapq_30.10.cool,medium,800,True,MG1655:3,validation
WIN_medium_86e505eac9c0d7f1,MG1655,464800,471200,468000,6400,100,581,rep1,False,0,0,F:\Micro-C\micro-c数据\GSE272159_37C_rep1.mapq_30.10.cool,medium,800,True,MG1655:3,validation
WIN_medium_2c466f104662cbee,MG1655,465600,472000,468800,6400,100,582,rep1,False,0,0,F:\Micro-C\micro-c数据\GSE272159_37C_rep1.mapq_30.10.cool,medium,800,True,MG1655:3,validation
WIN_medium_1d4a20a385894eed,MG1655,466400,472800,469600,6400,100,583,rep1,False,0,0,F:\Micro-C\micro-c数据\GSE272159_37C_rep1.mapq_30.10.cool,medium,800,True,MG1655:3,validation
WIN_medium_fee2443dbc54120f,MG1655,467200,473600,470400,6400,100,584,rep1,False,0,0,F:\Micro-C\micro-c数据\GSE272159_37C_rep1.mapq_30.10.cool,medium,800,True,MG1655:3,validation
WIN_medium_44d5d3d4b9d91eba,MG1655,468000,474400,471200,6400,100,585,rep1,False,0,0,F:\Micro-C\micro-c数据\GSE272159_37C_rep1.mapq_30.10.cool,medium,800,True,MG1655:3,validation
WIN_medium_e9829423f631a203,MG1655,468800,475200,472000,6400,100,586,rep1,False,0,0,F:\Micro-C\micro-c数据\GSE272159_37C_rep1.mapq_30.10.cool,medium,800,True,MG1655:3,validation
WIN_medium_6dd1b55b0c0963fd,MG1655,469600,476000,472800,6400,100,587,rep1,False,0,0,F:\Micro-C\micro-c数据\GSE272159_37C_rep1.mapq_30.10.cool,medium,800,True,MG1655:3,validation
WIN_medium_5e401e427e50ecde,MG1655,470400,476800,473600,6400,100,588,rep1,False,0,0,F:\Micro-C\micro-c数据\GSE272159_37C_rep1.mapq_30.10.cool,medium,800,True,MG1655:3,validation
WIN_medium_cb7c3eb5d74cad98,MG1655,471200,477600,474400,6400,100,589,rep1,False,0,0,F:\Micro-C\micro-c数据\GSE272159_37C_rep1.mapq_30.10.cool,medium,800,True,MG1655:3,validation
WIN_medium_3da3f7cd6aade514,MG1655,472000,478400,475200,6400,100,590,rep1,False,0,0,F:\Micro-C\micro-c数据\GSE272159_37C_rep1.mapq_30.10.cool,medium,800,True,MG1655:3,validation
WIN_medium_5c3d7c4cacd4bd3c,MG1655,472800,479200,476000,6400,100,591,rep1,False,0,0,F:\Micro-C\micro-c数据\GSE272159_37C_rep1.mapq_30.10.cool,medium,800,True,MG1655:3,validation
WIN_medium_78df11f98d7b53f7,MG1655,481600,488000,484800,6400,100,602,rep1,False,0,0,F:\Micro-C\micro-c数据\GSE272159_37C_rep1.mapq_30.10.cool,medium,800,True,MG1655:3,validation
WIN_medium_de843551e4a14662,MG1655,482400,488800,485600,6400,100,603,rep1,False,0,0,F:\Micro-C\micro-c数据\GSE272159_37C_rep1.mapq_30.10.cool,medium,800,True,MG1655:3,validation
WIN_medium_af4542a721badf46,MG1655,483200,489600,486400,6400,100,604,rep1,False,0,0,F:\Micro-C\micro-c数据\GSE272159_37C_rep1.mapq_30.10.cool,medium,800,True,MG1655:3,validation
WIN_medium_69cd6a2434631b11,MG1655,484000,490400,487200,6400,100,605,rep1,False,0,0,F:\Micro-C\micro-c数据\GSE272159_37C_rep1.mapq_30.10.cool,medium,800,True,MG1655:3,validation
WIN_medium_f3bba8377013330a,MG1655,484800,491200,488000,6400,100,606,rep1,False,0,0,F:\Micro-C\micro-c数据\GSE272159_37C_rep1.mapq_30.10.cool,medium,800,True,MG1655:3,validation
WIN_medium_294e4b4b19c9bb00,MG1655,485600,492000,488800,6400,100,607,rep1,False,0,0,F:\Micro-C\micro-c数据\GSE272159_37C_rep1.mapq_30.10.cool,medium,800,True,MG1655:3,validation
WIN_medium_f26143888414dbbc,MG1655,486400,492800,489600,6400,100,608,rep1,False,0,0,F:\Micro-C\micro-c数据\GSE272159_37C_rep1.mapq_30.10.cool,medium,800,True,MG1655:3,validation
WIN_medium_c58b6a4696f64d3c,MG1655,487200,493600,490400,6400,100,609,rep1,False,0,0,F:\Micro-C\micro-c数据\GSE272159_37C_rep1.mapq_30.10.cool,medium,800,True,MG1655:3,validation
WIN_medium_5782e8ed40fbc894,MG1655,488000,494400,491200,6400,100,610,rep1,False,0,0,F:\Micro-C\micro-c数据\GSE272159_37C_rep1.mapq_30.10.cool,medium,800,True,MG1655:3,validation
WIN_medium_747061365924d074,MG1655,488800,495200,492000,6400,100,611,rep1,False,0,0,F:\Micro-C\micro-c数据\GSE272159_37C_rep1.mapq_30.10.cool,medium,800,True,MG1655:3,validation
WIN_medium_e53150b420a3f060,MG1655,489600,496000,492800,6400,100,612,rep1,False,0,0,F:\Micro-C\micro-c数据\GSE272159_37C_rep1.mapq_30.10.cool,medium,800,True,MG1655:3,validation
WIN_medium_211f8866f9d2f7bb,MG1655,490400,496800,493600,6400,100,613,rep1,False,0,0,F:\Micro-C\micro-c数据\GSE272159_37C_rep1.mapq_30.10.cool,medium,800,True,MG1655:3,validation
WIN_medium_a69c594d3f414146,MG1655,491200,497600,494400,6400,100,614,rep1,False,0,0,F:\Micro-C\micro-c数据\GSE272159_37C_rep1.mapq_30.10.cool,medium,800,True,MG1655:3,validation
WIN_medium_b41a2abce4614d2f,MG1655,492000,498400,495200,6400,100,615,rep1,False,0,0,F:\Micro-C\micro-c数据\GSE272159_37C_rep1.mapq_30.10.cool,medium,800,True,MG1655:3,validation
WIN_medium_42860cb7edf99846,MG1655,492800,499200,496000,6400,100,616,rep1,False,0,0,F:\Micro-C\micro-c数据\GSE272159_37C_rep1.mapq_30.10.cool,medium,800,True,MG1655:3,validation
WIN_medium_169ea311c2911c77,MG1655,493600,500000,496800,6400,100,617,rep1,False,0,0,F:\Micro-C\micro-c数据\GSE272159_37C_rep1.mapq_30.10.cool,medium,800,True,MG1655:3,validation
WIN_medium_3695d7b0194bd6b6,MG1655,494400,500800,497600,6400,100,618,rep1,False,0,0,F:\Micro-C\micro-c数据\GSE272159_37C_rep1.mapq_30.10.cool,medium,800,True,MG1655:3,validation
WIN_medium_6fbfaa1dc4d03341,MG1655,495200,501600,498400,6400,100,619,rep1,False,0,0,F:\Micro-C\micro-c数据\GSE272159_37C_rep1.mapq_30.10.cool,medium,800,True,MG1655:3,validation
WIN_medium_d45955eb013442a9,MG1655,496000,502400,499200,6400,100,620,rep1,False,0,0,F:\Micro-C\micro-c数据\GSE272159_37C_rep1.mapq_30.10.cool,medium,800,True,MG1655:3,validation
WIN_medium_385f9f1d5fb11877,MG1655,496800,503200,500000,6400,100,621,rep1,False,0,0,F:\Micro-C\micro-c数据\GSE272159_37C_rep1.mapq_30.10.cool,medium,800,True,MG1655:3,validation
WIN_medium_4feb4540fd019c76,MG1655,497600,504000,500800,6400,100,622,rep1,False,0,0,F:\Micro-C\micro-c数据\GSE272159_37C_rep1.mapq_30.10.cool,medium,800,True,MG1655:3,validation
WIN_medium_719f72a4c3d84e7a,MG1655,498400,504800,501600,6400,100,623,rep1,False,0,0,F:\Micro-C\micro-c数据\GSE272159_37C_rep1.mapq_30.10.cool,medium,800,True,MG1655:3,validation
WIN_medium_22f97a0706eed7f7,MG1655,499200,505600,502400,6400,100,624,rep1,False,0,0,F:\Micro-C\micro-c数据\GSE272159_37C_rep1.mapq_30.10.cool,medium,800,True,MG1655:3,validation
WIN_medium_1781fc1cb1b6169b,MG1655,500000,506400,503200,6400,100,625,rep1,False,0,0,F:\Micro-C\micro-c数据\GSE272159_37C_rep1.mapq_30.10.cool,medium,800,True,MG1655:3,validation
WIN_medium_2ce515fddd864003,MG1655,500800,507200,504000,6400,100,626,rep1,False,0,0,F:\Micro-C\micro-c数据\GSE272159_37C_rep1.mapq_30.10.cool,medium,800,True,MG1655:3,validation
WIN_medium_5e59909578dd7399,MG1655,501600,508000,504800,6400,100,627,rep1,False,0,0,F:\Micro-C\micro-c数据\GSE272159_37C_rep1.mapq_30.10.cool,medium,800,True,MG1655:3,validation
WIN_medium_c06bf7fea46095cf,MG1655,502400,508800,505600,6400,100,628,rep1,False,0,0,F:\Micro-C\micro-c数据\GSE272159_37C_rep1.mapq_30.10.cool,medium,800,True,MG1655:3,validation
WIN_medium_6518576628f7c007,MG1655,503200,509600,506400,6400,100,629,rep1,False,0,0,F:\Micro-C\micro-c数据\GSE272159_37C_rep1.mapq_30.10.cool,medium,800,True,MG1655:3,validation
WIN_medium_82be02e864704141,MG1655,504000,510400,507200,6400,100,630,rep1,False,0,0,F:\Micro-C\micro-c数据\GSE272159_37C_rep1.mapq_30.10.cool,medium,800,True,MG1655:3,validation
WIN_medium_f4ed49c5dd8bc848,MG1655,504800,511200,508000,6400,100,631,rep1,False,0,0,F:\Micro-C\micro-c数据\GSE272159_37C_rep1.mapq_30.10.cool,medium,800,True,MG1655:3,validation
WIN_medium_4dbb5ac996ce9f8f,MG1655,505600,512000,508800,6400,100,632,rep1,False,0,0,F:\Micro-C\micro-c数据\GSE272159_37C_rep1.mapq_30.10.cool,medium,800,True,MG1655:3,validation
WIN_medium_63f3f544cad55b8b,MG1655,517600,524000,520800,6400,100,647,rep1,False,0,0,F:\Micro-C\micro-c数据\GSE272159_37C_rep1.mapq_30.10.cool,medium,800,True,MG1655:4,calibration
WIN_medium_a4e9310506507ce3,MG1655,518400,524800,521600,6400,100,648,rep1,False,0,0,F:\Micro-C\micro-c数据\GSE272159_37C_rep1.mapq_30.10.cool,medium,800,True,MG1655:4,calibration
WIN_medium_bed3ad1cf18b53fe,MG1655,519200,525600,522400,6400,100,649,rep1,False,0,0,F:\Micro-C\micro-c数据\GSE272159_37C_rep1.mapq_30.10.cool,medium,800,True,MG1655:4,calibration
WIN_medium_65a9263e5709fb3c,MG1655,520000,526400,523200,6400,100,650,rep1,True,4,4,F:\Micro-C\micro-c数据\GSE272159_37C_rep1.mapq_30.10.cool,medium,800,True,MG1655:4,calibration
WIN_medium_4d32167b8539dd93,MG1655,547200,553600,550400,6400,100,684,rep1,False,0,0,F:\Micro-C\micro-c数据\GSE272159_37C_rep1.mapq_30.10.cool,medium,800,True,MG1655:4,calibration
WIN_medium_c48bbef2fb053dfc,MG1655,548000,554400,551200,6400,100,685,rep1,False,0,0,F:\Micro-C\micro-c数据\GSE272159_37C_rep1.mapq_30.10.cool,medium,800,True,MG1655:4,calibration
WIN_medium_a27891397cefe49c,MG1655,548800,555200,552000,6400,100,686,rep1,False,0,0,F:\Micro-C\micro-c数据\GSE272159_37C_rep1.mapq_30.10.cool,medium,800,True,MG1655:4,calibration
WIN_medium_e2f6129c24113a2a,MG1655,549600,556000,552800,6400,100,687,rep1,False,0,0,F:\Micro-C\micro-c数据\GSE272159_37C_rep1.mapq_30.10.cool,medium,800,True,MG1655:4,calibration
WIN_medium_11579fbc2dde6719,MG1655,550400,556800,553600,6400,100,688,rep1,False,0,0,F:\Micro-C\micro-c数据\GSE272159_37C_rep1.mapq_30.10.cool,medium,800,True,MG1655:4,calibration
WIN_medium_f0af1616ef0afb79,MG1655,551200,557600,554400,6400,100,689,rep1,False,0,0,F:\Micro-C\micro-c数据\GSE272159_37C_rep1.mapq_30.10.cool,medium,800,True,MG1655:4,calibration
WIN_medium_bcae7f0aa2aeb99c,MG1655,586400,592800,589600,6400,100,733,rep1,False,0,0,F:\Micro-C\micro-c数据\GSE272159_37C_rep1.mapq_30.10.cool,medium,800,True,MG1655:4,calibration
WIN_medium_3c5b9c78ab239ae4,MG1655,587200,593600,590400,6400,100,734,rep1,False,0,0,F:\Micro-C\micro-c数据\GSE272159_37C_rep1.mapq_30.10.cool,medium,800,True,MG1655:4,calibration
WIN_medium_ab30098f0e6a69c0,MG1655,588000,594400,591200,6400,100,735,rep1,False,0,0,F:\Micro-C\micro-c数据\GSE272159_37C_rep1.mapq_30.10.cool,medium,800,True,MG1655:4,calibration
WIN_medium_aabf7deb0a0229f8,MG1655,588800,595200,592000,6400,100,736,rep1,False,0,0,F:\Micro-C\micro-c数据\GSE272159_37C_rep1.mapq_30.10.cool,medium,800,True,MG1655:4,calibration
WIN_medium_7ad880fefae9c9db,MG1655,589600,596000,592800,6400,100,737,rep1,False,0,0,F:\Micro-C\micro-c数据\GSE272159_37C_rep1.mapq_30.10.cool,medium,800,True,MG1655:4,calibration
WIN_medium_0ee9b49adbe446f8,MG1655,590400,596800,593600,6400,100,738,rep1,False,0,0,F:\Micro-C\micro-c数据\GSE272159_37C_rep1.mapq_30.10.cool,medium,800,True,MG1655:4,calibration
WIN_medium_5931d65983ad441f,MG1655,591200,597600,594400,6400,100,739,rep1,False,0,0,F:\Micro-C\micro-c数据\GSE272159_37C_rep1.mapq_30.10.cool,medium,800,True,MG1655:4,calibration
WIN_medium_fcff6e74cb2d74a3,MG1655,592000,598400,595200,6400,100,740,rep1,False,0,0,F:\Micro-C\micro-c数据\GSE272159_37C_rep1.mapq_30.10.cool,medium,800,True,MG1655:4,calibration
WIN_medium_0109ee74e64c7753,MG1655,592800,599200,596000,6400,100,741,rep1,False,0,0,F:\Micro-C\micro-c数据\GSE272159_37C_rep1.mapq_30.10.cool,medium,800,True,MG1655:4,calibration
WIN_medium_63ccc3328e89c8da,MG1655,593600,600000,596800,6400,100,742,rep1,False,0,0,F:\Micro-C\micro-c数据\GSE272159_37C_rep1.mapq_30.10.cool,medium,800,True,MG1655:4,calibration
WIN_medium_4c7abd10258bf679,MG1655,594400,600800,597600,6400,100,743,rep1,False,0,0,F:\Micro-C\micro-c数据\GSE272159_37C_rep1.mapq_30.10.cool,medium,800,True,MG1655:4,calibration
WIN_medium_9f0ded31d9623096,MG1655,595200,601600,598400,6400,100,744,rep1,False,0,0,F:\Micro-C\micro-c数据\GSE272159_37C_rep1.mapq_30.10.cool,medium,800,True,MG1655:4,calibration
WIN_medium_374112cb015ac9ef,MG1655,596000,602400,599200,6400,100,745,rep1,False,0,0,F:\Micro-C\micro-c数据\GSE272159_37C_rep1.mapq_30.10.cool,medium,800,True,MG1655:4,calibration
WIN_medium_9a664fadaa0e8b44,MG1655,596800,603200,600000,6400,100,746,rep1,False,0,0,F:\Micro-C\micro-c数据\GSE272159_37C_rep1.mapq_30.10.cool,medium,800,True,MG1655:4,calibration
WIN_medium_cb87b97b105d5858,MG1655,597600,604000,600800,6400,100,747,rep1,False,0,0,F:\Micro-C\micro-c数据\GSE272159_37C_rep1.mapq_30.10.cool,medium,800,True,MG1655:4,calibration
WIN_medium_232288785a3ca00f,MG1655,598400,604800,601600,6400,100,748,rep1,False,0,0,F:\Micro-C\micro-c数据\GSE272159_37C_rep1.mapq_30.10.cool,medium,800,True,MG1655:4,calibration
WIN_medium_3cae7c8c85b6d35a,MG1655,599200,605600,602400,6400,100,749,rep1,False,0,0,F:\Micro-C\micro-c数据\GSE272159_37C_rep1.mapq_30.10.cool,medium,800,True,MG1655:4,calibration
WIN_medium_2f3e53472cdf6dd5,MG1655,600000,606400,603200,6400,100,750,rep1,False,0,0,F:\Micro-C\micro-c数据\GSE272159_37C_rep1.mapq_30.10.cool,medium,800,True,MG1655:4,calibration
WIN_medium_3485eef961a80f85,MG1655,600800,607200,604000,6400,100,751,rep1,False,0,0,F:\Micro-C\micro-c数据\GSE272159_37C_rep1.mapq_30.10.cool,medium,800,True,MG1655:4,calibration
WIN_medium_5ce63891986a3084,MG1655,601600,608000,604800,6400,100,752,rep1,False,0,0,F:\Micro-C\micro-c数据\GSE272159_37C_rep1.mapq_30.10.cool,medium,800,True,MG1655:4,calibration
WIN_medium_c285eb49f790a649,MG1655,602400,608800,605600,6400,100,753,rep1,True,6,6,F:\Micro-C\micro-c数据\GSE272159_37C_rep1.mapq_30.10.cool,medium,800,True,MG1655:4,calibration
WIN_medium_2d176fac3511834c,MG1655,603200,609600,606400,6400,100,754,rep1,True,10,10,F:\Micro-C\micro-c数据\GSE272159_37C_rep1.mapq_30.10.cool,medium,800,True,MG1655:4,calibration
WIN_medium_13ffa9c9ff851052,MG1655,604000,610400,607200,6400,100,755,rep1,True,10,10,F:\Micro-C\micro-c数据\GSE272159_37C_rep1.mapq_30.10.cool,medium,800,True,MG1655:4,calibration
WIN_medium_e58539642fd49d0a,MG1655,604800,611200,608000,6400,100,756,rep1,True,10,10,F:\Micro-C\micro-c数据\GSE272159_37C_rep1.mapq_30.10.cool,medium,800,True,MG1655:4,calibration
WIN_medium_72b1056eed317f1f,MG1655,605600,612000,608800,6400,100,757,rep1,True,10,10,F:\Micro-C\micro-c数据\GSE272159_37C_rep1.mapq_30.10.cool,medium,800,True,MG1655:4,calibration
WIN_medium_2074db0063e642ec,MG1655,606400,612800,609600,6400,100,758,rep1,True,10,10,F:\Micro-C\micro-c数据\GSE272159_37C_rep1.mapq_30.10.cool,medium,800,True,MG1655:4,calibration
WIN_medium_806a7d0121555e08,MG1655,607200,613600,610400,6400,100,759,rep1,True,10,10,F:\Micro-C\micro-c数据\GSE272159_37C_rep1.mapq_30.10.cool,medium,800,True,MG1655:4,calibration
WIN_medium_47979f9a0a2c8899,MG1655,608000,614400,611200,6400,100,760,rep1,True,11,11,F:\Micro-C\micro-c数据\GSE272159_37C_rep1.mapq_30.10.cool,medium,800,True,MG1655:4,calibration
WIN_medium_94e963031a5a8421,MG1655,608800,615200,612000,6400,100,761,rep1,True,4,4,F:\Micro-C\micro-c数据\GSE272159_37C_rep1.mapq_30.10.cool,medium,800,True,MG1655:4,calibration
WIN_medium_02aaa091cad3a5cc,MG1655,609600,616000,612800,6400,100,762,rep1,False,0,0,F:\Micro-C\micro-c数据\GSE272159_37C_rep1.mapq_30.10.cool,medium,800,True,MG1655:4,calibration
WIN_medium_0d9f1decdaf0e223,MG1655,610400,616800,613600,6400,100,763,rep1,False,0,0,F:\Micro-C\micro-c数据\GSE272159_37C_rep1.mapq_30.10.cool,medium,800,True,MG1655:4,calibration
WIN_medium_5f582b781129fd1c,MG1655,611200,617600,614400,6400,100,764,rep1,False,0,0,F:\Micro-C\micro-c数据\GSE272159_37C_rep1.mapq_30.10.cool,medium,800,True,MG1655:4,calibration
WIN_medium_d9a828828447cdd4,MG1655,620000,626400,623200,6400,100,775,rep1,False,0,0,F:\Micro-C\micro-c数据\GSE272159_37C_rep1.mapq_30.10.cool,medium,800,True,MG1655:4,calibration
WIN_medium_f0f5c624a46c9fea,MG1655,620800,627200,624000,6400,100,776,rep1,False,0,0,F:\Micro-C\micro-c数据\GSE272159_37C_rep1.mapq_30.10.cool,medium,800,True,MG1655:4,calibration
WIN_medium_15784883036e92d1,MG1655,621600,628000,624800,6400,100,777,rep1,False,0,0,F:\Micro-C\micro-c数据\GSE272159_37C_rep1.mapq_30.10.cool,medium,800,True,MG1655:4,calibration
WIN_medium_59b5b0a90047b515,MG1655,622400,628800,625600,6400,100,778,rep1,False,0,0,F:\Micro-C\micro-c数据\GSE272159_37C_rep1.mapq_30.10.cool,medium,800,True,MG1655:4,calibration
WIN_medium_5e53eb6b03573940,MG1655,623200,629600,626400,6400,100,779,rep1,False,0,0,F:\Micro-C\micro-c数据\GSE272159_37C_rep1.mapq_30.10.cool,medium,800,True,MG1655:4,calibration
WIN_medium_a74ac0af3163d4fd,MG1655,640000,646400,643200,6400,100,800,rep1,False,0,0,F:\Micro-C\micro-c数据\GSE272159_37C_rep1.mapq_30.10.cool,medium,800,True,MG1655:5,train
WIN_medium_9314b10a6c315c9a,MG1655,640800,647200,644000,6400,100,801,rep1,False,0,0,F:\Micro-C\micro-c数据\GSE272159_37C_rep1.mapq_30.10.cool,medium,800,True,MG1655:5,train
WIN_medium_de662ffada5ad2fb,MG1655,641600,648000,644800,6400,100,802,rep1,False,0,0,F:\Micro-C\micro-c数据\GSE272159_37C_rep1.mapq_30.10.cool,medium,800,True,MG1655:5,train
WIN_medium_65ab455e25211158,MG1655,642400,648800,645600,6400,100,803,rep1,False,0,0,F:\Micro-C\micro-c数据\GSE272159_37C_rep1.mapq_30.10.cool,medium,800,True,MG1655:5,train
WIN_medium_56b9d43e56c145f7,MG1655,643200,649600,646400,6400,100,804,rep1,False,0,0,F:\Micro-C\micro-c数据\GSE272159_37C_rep1.mapq_30.10.cool,medium,800,True,MG1655:5,train
WIN_medium_79f6b6a96d8a7deb,MG1655,644000,650400,647200,6400,100,805,rep1,False,0,0,F:\Micro-C\micro-c数据\GSE272159_37C_rep1.mapq_30.10.cool,medium,800,True,MG1655:5,train
WIN_medium_45e3dfbadd7bc32e,MG1655,644800,651200,648000,6400,100,806,rep1,False,0,0,F:\Micro-C\micro-c数据\GSE272159_37C_rep1.mapq_30.10.cool,medium,800,True,MG1655:5,train
WIN_medium_9d938dfad26caa30,MG1655,645600,652000,648800,6400,100,807,rep1,False,0,0,F:\Micro-C\micro-c数据\GSE272159_37C_rep1.mapq_30.10.cool,medium,800,True,MG1655:5,train
WIN_medium_40fba4f8551a2640,MG1655,646400,652800,649600,6400,100,808,rep1,False,0,0,F:\Micro-C\micro-c数据\GSE272159_37C_rep1.mapq_30.10.cool,medium,800,True,MG1655:5,train
WIN_medium_477e6095389cd2da,MG1655,647200,653600,650400,6400,100,809,rep1,False,0,0,F:\Micro-C\micro-c数据\GSE272159_37C_rep1.mapq_30.10.cool,medium,800,True,MG1655:5,train
WIN_medium_315f69daa675f12e,MG1655,648000,654400,651200,6400,100,810,rep1,False,0,0,F:\Micro-C\micro-c数据\GSE272159_37C_rep1.mapq_30.10.cool,medium,800,True,MG1655:5,train
WIN_medium_df04b9f32a13d10d,MG1655,648800,655200,652000,6400,100,811,rep1,False,0,0,F:\Micro-C\micro-c数据\GSE272159_37C_rep1.mapq_30.10.cool,medium,800,True,MG1655:5,train
WIN_medium_70f92fec142a7816,MG1655,663200,669600,666400,6400,100,829,rep1,False,0,0,F:\Micro-C\micro-c数据\GSE272159_37C_rep1.mapq_30.10.cool,medium,800,True,MG1655:5,train
WIN_medium_f519952567e45964,MG1655,664000,670400,667200,6400,100,830,rep1,False,0,0,F:\Micro-C\micro-c数据\GSE272159_37C_rep1.mapq_30.10.cool,medium,800,True,MG1655:5,train
WIN_medium_1ff819a154c469e5,MG1655,664800,671200,668000,6400,100,831,rep1,False,0,0,F:\Micro-C\micro-c数据\GSE272159_37C_rep1.mapq_30.10.cool,medium,800,True,MG1655:5,train
WIN_medium_5e646e5a66e17ca9,MG1655,665600,672000,668800,6400,100,832,rep1,False,0,0,F:\Micro-C\micro-c数据\GSE272159_37C_rep1.mapq_30.10.cool,medium,800,True,MG1655:5,train
WIN_medium_b4e425d87ce7c75d,MG1655,666400,672800,669600,6400,100,833,rep1,False,0,0,F:\Micro-C\micro-c数据\GSE272159_37C_rep1.mapq_30.10.cool,medium,800,True,MG1655:5,train
WIN_medium_91300a064ddb72f9,MG1655,667200,673600,670400,6400,100,834,rep1,False,0,0,F:\Micro-C\micro-c数据\GSE272159_37C_rep1.mapq_30.10.cool,medium,800,True,MG1655:5,train
WIN_medium_1b871f3def710b5d,MG1655,668000,674400,671200,6400,100,835,rep1,False,0,0,F:\Micro-C\micro-c数据\GSE272159_37C_rep1.mapq_30.10.cool,medium,800,True,MG1655:5,train
WIN_medium_0efaf2d25455d8a1,MG1655,668800,675200,672000,6400,100,836,rep1,False,0,0,F:\Micro-C\micro-c数据\GSE272159_37C_rep1.mapq_30.10.cool,medium,800,True,MG1655:5,train
WIN_medium_e42047d8fe3d10ac,MG1655,669600,676000,672800,6400,100,837,rep1,False,0,0,F:\Micro-C\micro-c数据\GSE272159_37C_rep1.mapq_30.10.cool,medium,800,True,MG1655:5,train
WIN_medium_bb3523bd86bab289,MG1655,680800,687200,684000,6400,100,851,rep1,False,0,0,F:\Micro-C\micro-c数据\GSE272159_37C_rep1.mapq_30.10.cool,medium,800,True,MG1655:5,train
WIN_medium_9dd4b49052bd70f5,MG1655,681600,688000,684800,6400,100,852,rep1,False,0,0,F:\Micro-C\micro-c数据\GSE272159_37C_rep1.mapq_30.10.cool,medium,800,True,MG1655:5,train
WIN_medium_6aae9c47727fd356,MG1655,682400,688800,685600,6400,100,853,rep1,True,8,8,F:\Micro-C\micro-c数据\GSE272159_37C_rep1.mapq_30.10.cool,medium,800,True,MG1655:5,train
WIN_medium_354d459642cfe4b6,MG1655,683200,689600,686400,6400,100,854,rep1,True,9,9,F:\Micro-C\micro-c数据\GSE272159_37C_rep1.mapq_30.10.cool,medium,800,True,MG1655:5,train
WIN_medium_1894d3fecf2d776e,MG1655,684000,690400,687200,6400,100,855,rep1,True,9,9,F:\Micro-C\micro-c数据\GSE272159_37C_rep1.mapq_30.10.cool,medium,800,True,MG1655:5,train
WIN_medium_1e87965c20bd8ba2,MG1655,684800,691200,688000,6400,100,856,rep1,True,9,9,F:\Micro-C\micro-c数据\GSE272159_37C_rep1.mapq_30.10.cool,medium,800,True,MG1655:5,train
WIN_medium_3fc2602608f5ffcf,MG1655,685600,692000,688800,6400,100,857,rep1,True,9,9,F:\Micro-C\micro-c数据\GSE272159_37C_rep1.mapq_30.10.cool,medium,800,True,MG1655:5,train
WIN_medium_79115dcee8681261,MG1655,686400,692800,689600,6400,100,858,rep1,True,9,9,F:\Micro-C\micro-c数据\GSE272159_37C_rep1.mapq_30.10.cool,medium,800,True,MG1655:5,train
WIN_medium_49c279ecc3b6ee94,MG1655,687200,693600,690400,6400,100,859,rep1,True,9,9,F:\Micro-C\micro-c数据\GSE272159_37C_rep1.mapq_30.10.cool,medium,800,True,MG1655:5,train
WIN_medium_569545536ebb9f05,MG1655,688000,694400,691200,6400,100,860,rep1,True,9,9,F:\Micro-C\micro-c数据\GSE272159_37C_rep1.mapq_30.10.cool,medium,800,True,MG1655:5,train
WIN_medium_259f361639f2e28c,MG1655,688800,695200,692000,6400,100,861,rep1,True,1,1,F:\Micro-C\micro-c数据\GSE272159_37C_rep1.mapq_30.10.cool,medium,800,True,MG1655:5,train
WIN_medium_8f127cd4c92d9ae7,MG1655,689600,696000,692800,6400,100,862,rep1,False,0,0,F:\Micro-C\micro-c数据\GSE272159_37C_rep1.mapq_30.10.cool,medium,800,True,MG1655:5,train
WIN_medium_d657f61b4544e32b,MG1655,690400,696800,693600,6400,100,863,rep1,False,0,0,F:\Micro-C\micro-c数据\GSE272159_37C_rep1.mapq_30.10.cool,medium,800,True,MG1655:5,train
WIN_medium_23746893eb49de0c,MG1655,691200,697600,694400,6400,100,864,rep1,False,0,0,F:\Micro-C\micro-c数据\GSE272159_37C_rep1.mapq_30.10.cool,medium,800,True,MG1655:5,train
WIN_medium_658c8dbc96b6e946,MG1655,692000,698400,695200,6400,100,865,rep1,False,0,0,F:\Micro-C\micro-c数据\GSE272159_37C_rep1.mapq_30.10.cool,medium,800,True,MG1655:5,train
WIN_medium_6a7fed4772238fc4,MG1655,721600,728000,724800,6400,100,902,rep1,False,0,0,F:\Micro-C\micro-c数据\GSE272159_37C_rep1.mapq_30.10.cool,medium,800,True,MG1655:5,train
WIN_medium_f0cf4684c1b6da23,MG1655,722400,728800,725600,6400,100,903,rep1,False,0,0,F:\Micro-C\micro-c数据\GSE272159_37C_rep1.mapq_30.10.cool,medium,800,True,MG1655:5,train
WIN_medium_7f7e4cdb18705b2a,MG1655,723200,729600,726400,6400,100,904,rep1,False,0,0,F:\Micro-C\micro-c数据\GSE272159_37C_rep1.mapq_30.10.cool,medium,800,True,MG1655:5,train
WIN_medium_cee64a730701b4ee,MG1655,724000,730400,727200,6400,100,905,rep1,True,3,3,F:\Micro-C\micro-c数据\GSE272159_37C_rep1.mapq_30.10.cool,medium,800,True,MG1655:5,train
WIN_medium_de0710e04214ed24,MG1655,724800,731200,728000,6400,100,906,rep1,True,3,3,F:\Micro-C\micro-c数据\GSE272159_37C_rep1.mapq_30.10.cool,medium,800,True,MG1655:5,train
WIN_medium_e9baeef9d3ac6883,MG1655,725600,732000,728800,6400,100,907,rep1,True,3,3,F:\Micro-C\micro-c数据\GSE272159_37C_rep1.mapq_30.10.cool,medium,800,True,MG1655:5,train
WIN_medium_46195637ef3d1f8a,MG1655,726400,732800,729600,6400,100,908,rep1,True,8,8,F:\Micro-C\micro-c数据\GSE272159_37C_rep1.mapq_30.10.cool,medium,800,True,MG1655:5,train
WIN_medium_fd649f0dc9aee20e,MG1655,739200,745600,742400,6400,100,924,rep1,False,0,0,F:\Micro-C\micro-c数据\GSE272159_37C_rep1.mapq_30.10.cool,medium,800,True,MG1655:5,train
WIN_medium_c8aa1bd6cb7ff557,MG1655,740000,746400,743200,6400,100,925,rep1,False,0,0,F:\Micro-C\micro-c数据\GSE272159_37C_rep1.mapq_30.10.cool,medium,800,True,MG1655:5,train
WIN_medium_5f32a06a17888179,MG1655,740800,747200,744000,6400,100,926,rep1,False,0,0,F:\Micro-C\micro-c数据\GSE272159_37C_rep1.mapq_30.10.cool,medium,800,True,MG1655:5,train
WIN_medium_2a237e2a81f03490,MG1655,741600,748000,744800,6400,100,927,rep1,False,0,0,F:\Micro-C\micro-c数据\GSE272159_37C_rep1.mapq_30.10.cool,medium,800,True,MG1655:5,train
WIN_medium_1b92779f45f61455,MG1655,753600,760000,756800,6400,100,942,rep1,False,0,0,F:\Micro-C\micro-c数据\GSE272159_37C_rep1.mapq_30.10.cool,medium,800,True,MG1655:5,train
WIN_medium_e5565e78eff67a5f,MG1655,754400,760800,757600,6400,100,943,rep1,False,0,0,F:\Micro-C\micro-c数据\GSE272159_37C_rep1.mapq_30.10.cool,medium,800,True,MG1655:5,train
WIN_medium_12c14a3615cfd535,MG1655,755200,761600,758400,6400,100,944,rep1,False,0,0,F:\Micro-C\micro-c数据\GSE272159_37C_rep1.mapq_30.10.cool,medium,800,True,MG1655:5,train
WIN_medium_3a092a4eafd5d9ca,MG1655,756000,762400,759200,6400,100,945,rep1,False,0,0,F:\Micro-C\micro-c数据\GSE272159_37C_rep1.mapq_30.10.cool,medium,800,True,MG1655:5,train
WIN_medium_dbed359e953ff50e,MG1655,775200,781600,778400,6400,100,969,rep1,False,0,0,F:\Micro-C\micro-c数据\GSE272159_37C_rep1.mapq_30.10.cool,medium,800,True,MG1655:6,train
WIN_medium_d58e67cba8ba4466,MG1655,776000,782400,779200,6400,100,970,rep1,False,0,0,F:\Micro-C\micro-c数据\GSE272159_37C_rep1.mapq_30.10.cool,medium,800,True,MG1655:6,train
WIN_medium_20cf3b690a8fe971,MG1655,776800,783200,780000,6400,100,971,rep1,False,0,0,F:\Micro-C\micro-c数据\GSE272159_37C_rep1.mapq_30.10.cool,medium,800,True,MG1655:6,train
WIN_medium_09bbfe5e353792f1,MG1655,777600,784000,780800,6400,100,972,rep1,False,0,0,F:\Micro-C\micro-c数据\GSE272159_37C_rep1.mapq_30.10.cool,medium,800,True,MG1655:6,train
WIN_medium_9180a09031361153,MG1655,778400,784800,781600,6400,100,973,rep1,False,0,0,F:\Micro-C\micro-c数据\GSE272159_37C_rep1.mapq_30.10.cool,medium,800,True,MG1655:6,train
WIN_medium_161ac6d775a244f9,MG1655,779200,785600,782400,6400,100,974,rep1,False,0,0,F:\Micro-C\micro-c数据\GSE272159_37C_rep1.mapq_30.10.cool,medium,800,True,MG1655:6,train
WIN_medium_37f6a2da4515ffd8,MG1655,780000,786400,783200,6400,100,975,rep1,False,0,0,F:\Micro-C\micro-c数据\GSE272159_37C_rep1.mapq_30.10.cool,medium,800,True,MG1655:6,train
WIN_medium_44cb73eab7529ea4,MG1655,780800,787200,784000,6400,100,976,rep1,False,0,0,F:\Micro-C\micro-c数据\GSE272159_37C_rep1.mapq_30.10.cool,medium,800,True,MG1655:6,train
WIN_medium_11465b005e6e1806,MG1655,781600,788000,784800,6400,100,977,rep1,False,0,0,F:\Micro-C\micro-c数据\GSE272159_37C_rep1.mapq_30.10.cool,medium,800,True,MG1655:6,train
WIN_medium_6a4c51bb816da701,MG1655,782400,788800,785600,6400,100,978,rep1,False,0,0,F:\Micro-C\micro-c数据\GSE272159_37C_rep1.mapq_30.10.cool,medium,800,True,MG1655:6,train
WIN_medium_d7643cfe458ffae7,MG1655,783200,789600,786400,6400,100,979,rep1,False,0,0,F:\Micro-C\micro-c数据\GSE272159_37C_rep1.mapq_30.10.cool,medium,800,True,MG1655:6,train
WIN_medium_4e72eee1399b59cf,MG1655,784000,790400,787200,6400,100,980,rep1,False,0,0,F:\Micro-C\micro-c数据\GSE272159_37C_rep1.mapq_30.10.cool,medium,800,True,MG1655:6,train
WIN_medium_9166362148293c6e,MG1655,784800,791200,788000,6400,100,981,rep1,False,0,0,F:\Micro-C\micro-c数据\GSE272159_37C_rep1.mapq_30.10.cool,medium,800,True,MG1655:6,train
WIN_medium_fbcecc7f4005c997,MG1655,785600,792000,788800,6400,100,982,rep1,False,0,0,F:\Micro-C\micro-c数据\GSE272159_37C_rep1.mapq_30.10.cool,medium,800,True,MG1655:6,train
WIN_medium_e12dc3ab0e4c413e,MG1655,786400,792800,789600,6400,100,983,rep1,False,0,0,F:\Micro-C\micro-c数据\GSE272159_37C_rep1.mapq_30.10.cool,medium,800,True,MG1655:6,train
WIN_medium_e676a9cb93936567,MG1655,787200,793600,790400,6400,100,984,rep1,False,0,0,F:\Micro-C\micro-c数据\GSE272159_37C_rep1.mapq_30.10.cool,medium,800,True,MG1655:6,train
WIN_medium_6f60963f17248fa1,MG1655,788000,794400,791200,6400,100,985,rep1,False,0,0,F:\Micro-C\micro-c数据\GSE272159_37C_rep1.mapq_30.10.cool,medium,800,True,MG1655:6,train
WIN_medium_855fa09cf80102a2,MG1655,788800,795200,792000,6400,100,986,rep1,False,0,0,F:\Micro-C\micro-c数据\GSE272159_37C_rep1.mapq_30.10.cool,medium,800,True,MG1655:6,train
WIN_medium_ce5f308604434cef,MG1655,789600,796000,792800,6400,100,987,rep1,False,0,0,F:\Micro-C\micro-c数据\GSE272159_37C_rep1.mapq_30.10.cool,medium,800,True,MG1655:6,train
WIN_medium_2d3dfad4a7c0efe2,MG1655,790400,796800,793600,6400,100,988,rep1,False,0,0,F:\Micro-C\micro-c数据\GSE272159_37C_rep1.mapq_30.10.cool,medium,800,True,MG1655:6,train
WIN_medium_35a62f18976ccbd4,MG1655,791200,797600,794400,6400,100,989,rep1,False,0,0,F:\Micro-C\micro-c数据\GSE272159_37C_rep1.mapq_30.10.cool,medium,800,True,MG1655:6,train
WIN_medium_261831a365c90db4,MG1655,792000,798400,795200,6400,100,990,rep1,False,0,0,F:\Micro-C\micro-c数据\GSE272159_37C_rep1.mapq_30.10.cool,medium,800,True,MG1655:6,train
WIN_medium_c0c5154ae08d814e,MG1655,792800,799200,796000,6400,100,991,rep1,False,0,0,F:\Micro-C\micro-c数据\GSE272159_37C_rep1.mapq_30.10.cool,medium,800,True,MG1655:6,train
WIN_medium_8803e2151eb367ca,MG1655,802400,808800,805600,6400,100,1003,rep1,False,0,0,F:\Micro-C\micro-c数据\GSE272159_37C_rep1.mapq_30.10.cool,medium,800,True,MG1655:6,train
WIN_medium_246f7ff283d804f6,MG1655,803200,809600,806400,6400,100,1004,rep1,False,0,0,F:\Micro-C\micro-c数据\GSE272159_37C_rep1.mapq_30.10.cool,medium,800,True,MG1655:6,train
WIN_medium_187ae673da1fbd97,MG1655,804000,810400,807200,6400,100,1005,rep1,False,0,0,F:\Micro-C\micro-c数据\GSE272159_37C_rep1.mapq_30.10.cool,medium,800,True,MG1655:6,train
WIN_medium_2b1b887021295c6f,MG1655,804800,811200,808000,6400,100,1006,rep1,False,0,0,F:\Micro-C\micro-c数据\GSE272159_37C_rep1.mapq_30.10.cool,medium,800,True,MG1655:6,train
WIN_medium_d406cb231a0294f5,MG1655,805600,812000,808800,6400,100,1007,rep1,False,0,0,F:\Micro-C\micro-c数据\GSE272159_37C_rep1.mapq_30.10.cool,medium,800,True,MG1655:6,train
WIN_medium_164bb3b40ab08d41,MG1655,806400,812800,809600,6400,100,1008,rep1,False,0,0,F:\Micro-C\micro-c数据\GSE272159_37C_rep1.mapq_30.10.cool,medium,800,True,MG1655:6,train
WIN_medium_babf614d269791be,MG1655,807200,813600,810400,6400,100,1009,rep1,False,0,0,F:\Micro-C\micro-c数据\GSE272159_37C_rep1.mapq_30.10.cool,medium,800,True,MG1655:6,train
WIN_medium_100db0fdeb8e629d,MG1655,808000,814400,811200,6400,100,1010,rep1,False,0,0,F:\Micro-C\micro-c数据\GSE272159_37C_rep1.mapq_30.10.cool,medium,800,True,MG1655:6,train
WIN_medium_14ae854fd7c3cef4,MG1655,808800,815200,812000,6400,100,1011,rep1,False,0,0,F:\Micro-C\micro-c数据\GSE272159_37C_rep1.mapq_30.10.cool,medium,800,True,MG1655:6,train
WIN_medium_868f86c829f8ccd8,MG1655,809600,816000,812800,6400,100,1012,rep1,False,0,0,F:\Micro-C\micro-c数据\GSE272159_37C_rep1.mapq_30.10.cool,medium,800,True,MG1655:6,train
WIN_medium_2dbad72cdd8f04f9,MG1655,810400,816800,813600,6400,100,1013,rep1,False,0,0,F:\Micro-C\micro-c数据\GSE272159_37C_rep1.mapq_30.10.cool,medium,800,True,MG1655:6,train
WIN_medium_02de4adbce16e80b,MG1655,811200,817600,814400,6400,100,1014,rep1,False,0,0,F:\Micro-C\micro-c数据\GSE272159_37C_rep1.mapq_30.10.cool,medium,800,True,MG1655:6,train
WIN_medium_f99a087fd2c13e75,MG1655,812000,818400,815200,6400,100,1015,rep1,False,0,0,F:\Micro-C\micro-c数据\GSE272159_37C_rep1.mapq_30.10.cool,medium,800,True,MG1655:6,train
WIN_medium_59d610d9673d50cc,MG1655,812800,819200,816000,6400,100,1016,rep1,False,0,0,F:\Micro-C\micro-c数据\GSE272159_37C_rep1.mapq_30.10.cool,medium,800,True,MG1655:6,train
WIN_medium_e52dcc86ab3ad123,MG1655,813600,820000,816800,6400,100,1017,rep1,False,0,0,F:\Micro-C\micro-c数据\GSE272159_37C_rep1.mapq_30.10.cool,medium,800,True,MG1655:6,train
WIN_medium_b07cd1dcb8701aca,MG1655,822400,828800,825600,6400,100,1028,rep1,False,0,0,F:\Micro-C\micro-c数据\GSE272159_37C_rep1.mapq_30.10.cool,medium,800,True,MG1655:6,train
WIN_medium_be874c26288f21fd,MG1655,823200,829600,826400,6400,100,1029,rep1,False,0,0,F:\Micro-C\micro-c数据\GSE272159_37C_rep1.mapq_30.10.cool,medium,800,True,MG1655:6,train
WIN_medium_cc06e3c8cfdc6399,MG1655,824000,830400,827200,6400,100,1030,rep1,False,0,0,F:\Micro-C\micro-c数据\GSE272159_37C_rep1.mapq_30.10.cool,medium,800,True,MG1655:6,train
WIN_medium_2ff8f08d18abda15,MG1655,824800,831200,828000,6400,100,1031,rep1,False,0,0,F:\Micro-C\micro-c数据\GSE272159_37C_rep1.mapq_30.10.cool,medium,800,True,MG1655:6,train
WIN_medium_43bb54c50e2e6b46,MG1655,825600,832000,828800,6400,100,1032,rep1,False,0,0,F:\Micro-C\micro-c数据\GSE272159_37C_rep1.mapq_30.10.cool,medium,800,True,MG1655:6,train
WIN_medium_b106d254abc43b10,MG1655,826400,832800,829600,6400,100,1033,rep1,False,0,0,F:\Micro-C\micro-c数据\GSE272159_37C_rep1.mapq_30.10.cool,medium,800,True,MG1655:6,train
WIN_medium_f9fc01699eadc546,MG1655,827200,833600,830400,6400,100,1034,rep1,False,0,0,F:\Micro-C\micro-c数据\GSE272159_37C_rep1.mapq_30.10.cool,medium,800,True,MG1655:6,train
WIN_medium_c5ac699644cd5d47,MG1655,828000,834400,831200,6400,100,1035,rep1,False,0,0,F:\Micro-C\micro-c数据\GSE272159_37C_rep1.mapq_30.10.cool,medium,800,True,MG1655:6,train
WIN_medium_9a5d27cdbc69dc9a,MG1655,828800,835200,832000,6400,100,1036,rep1,False,0,0,F:\Micro-C\micro-c数据\GSE272159_37C_rep1.mapq_30.10.cool,medium,800,True,MG1655:6,train
WIN_medium_1a055b3da9caf623,MG1655,829600,836000,832800,6400,100,1037,rep1,False,0,0,F:\Micro-C\micro-c数据\GSE272159_37C_rep1.mapq_30.10.cool,medium,800,True,MG1655:6,train
WIN_medium_16756d4ca4034066,MG1655,830400,836800,833600,6400,100,1038,rep1,False,0,0,F:\Micro-C\micro-c数据\GSE272159_37C_rep1.mapq_30.10.cool,medium,800,True,MG1655:6,train
WIN_medium_d221c63d0f803d54,MG1655,831200,837600,834400,6400,100,1039,rep1,False,0,0,F:\Micro-C\micro-c数据\GSE272159_37C_rep1.mapq_30.10.cool,medium,800,True,MG1655:6,train
WIN_medium_c904f431e4db2911,MG1655,832000,838400,835200,6400,100,1040,rep1,False,0,0,F:\Micro-C\micro-c数据\GSE272159_37C_rep1.mapq_30.10.cool,medium,800,True,MG1655:6,train
WIN_medium_30441bafcc0b1e21,MG1655,832800,839200,836000,6400,100,1041,rep1,False,0,0,F:\Micro-C\micro-c数据\GSE272159_37C_rep1.mapq_30.10.cool,medium,800,True,MG1655:6,train
WIN_medium_3803750f7c9a7dcb,MG1655,833600,840000,836800,6400,100,1042,rep1,False,0,0,F:\Micro-C\micro-c数据\GSE272159_37C_rep1.mapq_30.10.cool,medium,800,True,MG1655:6,train
WIN_medium_48f2bf3661f891dd,MG1655,834400,840800,837600,6400,100,1043,rep1,False,0,0,F:\Micro-C\micro-c数据\GSE272159_37C_rep1.mapq_30.10.cool,medium,800,True,MG1655:6,train
WIN_medium_915038500233c5a5,MG1655,835200,841600,838400,6400,100,1044,rep1,False,0,0,F:\Micro-C\micro-c数据\GSE272159_37C_rep1.mapq_30.10.cool,medium,800,True,MG1655:6,train
WIN_medium_0d02bfac7b76ce0a,MG1655,836000,842400,839200,6400,100,1045,rep1,False,0,0,F:\Micro-C\micro-c数据\GSE272159_37C_rep1.mapq_30.10.cool,medium,800,True,MG1655:6,train
WIN_medium_0d8e0e90ca4cfc16,MG1655,836800,843200,840000,6400,100,1046,rep1,False,0,0,F:\Micro-C\micro-c数据\GSE272159_37C_rep1.mapq_30.10.cool,medium,800,True,MG1655:6,train
WIN_medium_0ff0b914a1d639fd,MG1655,837600,844000,840800,6400,100,1047,rep1,False,0,0,F:\Micro-C\micro-c数据\GSE272159_37C_rep1.mapq_30.10.cool,medium,800,True,MG1655:6,train
WIN_medium_d38590a666a0b102,MG1655,838400,844800,841600,6400,100,1048,rep1,False,0,0,F:\Micro-C\micro-c数据\GSE272159_37C_rep1.mapq_30.10.cool,medium,800,True,MG1655:6,train
WIN_medium_910396be5bd2a908,MG1655,839200,845600,842400,6400,100,1049,rep1,False,0,0,F:\Micro-C\micro-c数据\GSE272159_37C_rep1.mapq_30.10.cool,medium,800,True,MG1655:6,train
WIN_medium_c3edc07a73c92665,MG1655,840000,846400,843200,6400,100,1050,rep1,False,0,0,F:\Micro-C\micro-c数据\GSE272159_37C_rep1.mapq_30.10.cool,medium,800,True,MG1655:6,train
WIN_medium_29e49676c00fda35,MG1655,840800,847200,844000,6400,100,1051,rep1,False,0,0,F:\Micro-C\micro-c数据\GSE272159_37C_rep1.mapq_30.10.cool,medium,800,True,MG1655:6,train
WIN_medium_d63a33c5440300a1,MG1655,841600,848000,844800,6400,100,1052,rep1,False,0,0,F:\Micro-C\micro-c数据\GSE272159_37C_rep1.mapq_30.10.cool,medium,800,True,MG1655:6,train
WIN_medium_67c597ed541634ad,MG1655,842400,848800,845600,6400,100,1053,rep1,False,0,0,F:\Micro-C\micro-c数据\GSE272159_37C_rep1.mapq_30.10.cool,medium,800,True,MG1655:6,train
WIN_medium_bb39ca3ca398d6a0,MG1655,843200,849600,846400,6400,100,1054,rep1,False,0,0,F:\Micro-C\micro-c数据\GSE272159_37C_rep1.mapq_30.10.cool,medium,800,True,MG1655:6,train
WIN_medium_dd4d3e9c1bc923b4,MG1655,844000,850400,847200,6400,100,1055,rep1,False,0,0,F:\Micro-C\micro-c数据\GSE272159_37C_rep1.mapq_30.10.cool,medium,800,True,MG1655:6,train
WIN_medium_9ea4258fed43389f,MG1655,844800,851200,848000,6400,100,1056,rep1,False,0,0,F:\Micro-C\micro-c数据\GSE272159_37C_rep1.mapq_30.10.cool,medium,800,True,MG1655:6,train
WIN_medium_c5edbac911d23a73,MG1655,845600,852000,848800,6400,100,1057,rep1,False,0,0,F:\Micro-C\micro-c数据\GSE272159_37C_rep1.mapq_30.10.cool,medium,800,True,MG1655:6,train
WIN_medium_6128c8d7a2fc4e8d,MG1655,846400,852800,849600,6400,100,1058,rep1,False,0,0,F:\Micro-C\micro-c数据\GSE272159_37C_rep1.mapq_30.10.cool,medium,800,True,MG1655:6,train
WIN_medium_6dfa61b965096496,MG1655,847200,853600,850400,6400,100,1059,rep1,False,0,0,F:\Micro-C\micro-c数据\GSE272159_37C_rep1.mapq_30.10.cool,medium,800,True,MG1655:6,train
WIN_medium_2fbe5215a2096b65,MG1655,848000,854400,851200,6400,100,1060,rep1,False,0,0,F:\Micro-C\micro-c数据\GSE272159_37C_rep1.mapq_30.10.cool,medium,800,True,MG1655:6,train
WIN_medium_d965e49c4d796b34,MG1655,848800,855200,852000,6400,100,1061,rep1,False,0,0,F:\Micro-C\micro-c数据\GSE272159_37C_rep1.mapq_30.10.cool,medium,800,True,MG1655:6,train
WIN_medium_0f8402c029730c1a,MG1655,849600,856000,852800,6400,100,1062,rep1,False,0,0,F:\Micro-C\micro-c数据\GSE272159_37C_rep1.mapq_30.10.cool,medium,800,True,MG1655:6,train
WIN_medium_ade58edfdf87dbf2,MG1655,850400,856800,853600,6400,100,1063,rep1,False,0,0,F:\Micro-C\micro-c数据\GSE272159_37C_rep1.mapq_30.10.cool,medium,800,True,MG1655:6,train
WIN_medium_008711cf5a4e3147,MG1655,851200,857600,854400,6400,100,1064,rep1,False,0,0,F:\Micro-C\micro-c数据\GSE272159_37C_rep1.mapq_30.10.cool,medium,800,True,MG1655:6,train
WIN_medium_d9256444dd350a0d,MG1655,852000,858400,855200,6400,100,1065,rep1,False,0,0,F:\Micro-C\micro-c数据\GSE272159_37C_rep1.mapq_30.10.cool,medium,800,True,MG1655:6,train
WIN_medium_c98a1c93d09a65ed,MG1655,852800,859200,856000,6400,100,1066,rep1,False,0,0,F:\Micro-C\micro-c数据\GSE272159_37C_rep1.mapq_30.10.cool,medium,800,True,MG1655:6,train
WIN_medium_ac9d80c8e2c94cf7,MG1655,853600,860000,856800,6400,100,1067,rep1,False,0,0,F:\Micro-C\micro-c数据\GSE272159_37C_rep1.mapq_30.10.cool,medium,800,True,MG1655:6,train
WIN_medium_80adfb41a9cf1a7d,MG1655,854400,860800,857600,6400,100,1068,rep1,False,0,0,F:\Micro-C\micro-c数据\GSE272159_37C_rep1.mapq_30.10.cool,medium,800,True,MG1655:6,train
WIN_medium_0db2d5262201a077,MG1655,855200,861600,858400,6400,100,1069,rep1,False,0,0,F:\Micro-C\micro-c数据\GSE272159_37C_rep1.mapq_30.10.cool,medium,800,True,MG1655:6,train
WIN_medium_d8f90db5156bff92,MG1655,856000,862400,859200,6400,100,1070,rep1,False,0,0,F:\Micro-C\micro-c数据\GSE272159_37C_rep1.mapq_30.10.cool,medium,800,True,MG1655:6,train
WIN_medium_7ed7607c60f4ec59,MG1655,856800,863200,860000,6400,100,1071,rep1,False,0,0,F:\Micro-C\micro-c数据\GSE272159_37C_rep1.mapq_30.10.cool,medium,800,True,MG1655:6,train
WIN_medium_d524b790c0b1d46b,MG1655,857600,864000,860800,6400,100,1072,rep1,False,0,0,F:\Micro-C\micro-c数据\GSE272159_37C_rep1.mapq_30.10.cool,medium,800,True,MG1655:6,train
WIN_medium_10c09463d82a77d2,MG1655,858400,864800,861600,6400,100,1073,rep1,False,0,0,F:\Micro-C\micro-c数据\GSE272159_37C_rep1.mapq_30.10.cool,medium,800,True,MG1655:6,train
WIN_medium_7ed63993fa879cd3,MG1655,859200,865600,862400,6400,100,1074,rep1,False,0,0,F:\Micro-C\micro-c数据\GSE272159_37C_rep1.mapq_30.10.cool,medium,800,True,MG1655:6,train
WIN_medium_acabd9bd0420c86b,MG1655,860000,866400,863200,6400,100,1075,rep1,False,0,0,F:\Micro-C\micro-c数据\GSE272159_37C_rep1.mapq_30.10.cool,medium,800,True,MG1655:6,train
WIN_medium_378eb4e85fed6735,MG1655,860800,867200,864000,6400,100,1076,rep1,False,0,0,F:\Micro-C\micro-c数据\GSE272159_37C_rep1.mapq_30.10.cool,medium,800,True,MG1655:6,train
WIN_medium_0650d420d572c854,MG1655,861600,868000,864800,6400,100,1077,rep1,False,0,0,F:\Micro-C\micro-c数据\GSE272159_37C_rep1.mapq_30.10.cool,medium,800,True,MG1655:6,train
WIN_medium_72307381b32add53,MG1655,862400,868800,865600,6400,100,1078,rep1,False,0,0,F:\Micro-C\micro-c数据\GSE272159_37C_rep1.mapq_30.10.cool,medium,800,True,MG1655:6,train
WIN_medium_81e4ba78bfe4ee1d,MG1655,863200,869600,866400,6400,100,1079,rep1,False,0,0,F:\Micro-C\micro-c数据\GSE272159_37C_rep1.mapq_30.10.cool,medium,800,True,MG1655:6,train
WIN_medium_172e2129ce18fea0,MG1655,864000,870400,867200,6400,100,1080,rep1,False,0,0,F:\Micro-C\micro-c数据\GSE272159_37C_rep1.mapq_30.10.cool,medium,800,True,MG1655:6,train
WIN_medium_d06fa1400ea8ecae,MG1655,864800,871200,868000,6400,100,1081,rep1,False,0,0,F:\Micro-C\micro-c数据\GSE272159_37C_rep1.mapq_30.10.cool,medium,800,True,MG1655:6,train
WIN_medium_ef1ef994d18c4911,MG1655,865600,872000,868800,6400,100,1082,rep1,False,0,0,F:\Micro-C\micro-c数据\GSE272159_37C_rep1.mapq_30.10.cool,medium,800,True,MG1655:6,train
WIN_medium_001b2feb4b9d9a20,MG1655,877600,884000,880800,6400,100,1097,rep1,False,0,0,F:\Micro-C\micro-c数据\GSE272159_37C_rep1.mapq_30.10.cool,medium,800,True,MG1655:6,train
WIN_medium_60d39149357b52bc,MG1655,878400,884800,881600,6400,100,1098,rep1,False,0,0,F:\Micro-C\micro-c数据\GSE272159_37C_rep1.mapq_30.10.cool,medium,800,True,MG1655:6,train
WIN_medium_f856f9168f96ec8e,MG1655,879200,885600,882400,6400,100,1099,rep1,False,0,0,F:\Micro-C\micro-c数据\GSE272159_37C_rep1.mapq_30.10.cool,medium,800,True,MG1655:6,train
WIN_medium_f38652890e2beb59,MG1655,880000,886400,883200,6400,100,1100,rep1,False,0,0,F:\Micro-C\micro-c数据\GSE272159_37C_rep1.mapq_30.10.cool,medium,800,True,MG1655:6,train
WIN_medium_b54c766994d1cef8,MG1655,880800,887200,884000,6400,100,1101,rep1,False,0,0,F:\Micro-C\micro-c数据\GSE272159_37C_rep1.mapq_30.10.cool,medium,800,True,MG1655:6,train
WIN_medium_e39ba4c6e5bf461b,MG1655,881600,888000,884800,6400,100,1102,rep1,False,0,0,F:\Micro-C\micro-c数据\GSE272159_37C_rep1.mapq_30.10.cool,medium,800,True,MG1655:6,train
WIN_medium_a700bea6cff2ec43,MG1655,882400,888800,885600,6400,100,1103,rep1,False,0,0,F:\Micro-C\micro-c数据\GSE272159_37C_rep1.mapq_30.10.cool,medium,800,True,MG1655:6,train
WIN_medium_4d9f1942b8e7fb7e,MG1655,883200,889600,886400,6400,100,1104,rep1,False,0,0,F:\Micro-C\micro-c数据\GSE272159_37C_rep1.mapq_30.10.cool,medium,800,True,MG1655:6,train
WIN_medium_966787962077bbff,MG1655,884000,890400,887200,6400,100,1105,rep1,False,0,0,F:\Micro-C\micro-c数据\GSE272159_37C_rep1.mapq_30.10.cool,medium,800,True,MG1655:6,train
WIN_medium_cc237699d86b4e9a,MG1655,884800,891200,888000,6400,100,1106,rep1,False,0,0,F:\Micro-C\micro-c数据\GSE272159_37C_rep1.mapq_30.10.cool,medium,800,True,MG1655:6,train
WIN_medium_cf0b468fa9b49d91,MG1655,885600,892000,888800,6400,100,1107,rep1,False,0,0,F:\Micro-C\micro-c数据\GSE272159_37C_rep1.mapq_30.10.cool,medium,800,True,MG1655:6,train
WIN_medium_8aa9439284d34695,MG1655,886400,892800,889600,6400,100,1108,rep1,False,0,0,F:\Micro-C\micro-c数据\GSE272159_37C_rep1.mapq_30.10.cool,medium,800,True,MG1655:6,train
WIN_medium_46411efec422adec,MG1655,887200,893600,890400,6400,100,1109,rep1,False,0,0,F:\Micro-C\micro-c数据\GSE272159_37C_rep1.mapq_30.10.cool,medium,800,True,MG1655:6,train
WIN_medium_bca0c4c1d62df410,MG1655,888000,894400,891200,6400,100,1110,rep1,False,0,0,F:\Micro-C\micro-c数据\GSE272159_37C_rep1.mapq_30.10.cool,medium,800,True,MG1655:6,train
WIN_medium_bab089a09ab8a25a,MG1655,888800,895200,892000,6400,100,1111,rep1,False,0,0,F:\Micro-C\micro-c数据\GSE272159_37C_rep1.mapq_30.10.cool,medium,800,True,MG1655:6,train
WIN_medium_8dff27949216c6ed,MG1655,889600,896000,892800,6400,100,1112,rep1,False,0,0,F:\Micro-C\micro-c数据\GSE272159_37C_rep1.mapq_30.10.cool,medium,800,True,MG1655:6,train
WIN_medium_f428276b8c4d0ed1,MG1655,896000,902400,899200,6400,100,1120,rep1,False,0,0,F:\Micro-C\micro-c数据\GSE272159_37C_rep1.mapq_30.10.cool,medium,800,True,MG1655:7,train
WIN_medium_73c39115df35969a,MG1655,896800,903200,900000,6400,100,1121,rep1,False,0,0,F:\Micro-C\micro-c数据\GSE272159_37C_rep1.mapq_30.10.cool,medium,800,True,MG1655:7,train
WIN_medium_fc51dce358c337fc,MG1655,897600,904000,900800,6400,100,1122,rep1,False,0,0,F:\Micro-C\micro-c数据\GSE272159_37C_rep1.mapq_30.10.cool,medium,800,True,MG1655:7,train
WIN_medium_b3667eb751c7d84c,MG1655,898400,904800,901600,6400,100,1123,rep1,False,0,0,F:\Micro-C\micro-c数据\GSE272159_37C_rep1.mapq_30.10.cool,medium,800,True,MG1655:7,train
WIN_medium_c23526ac7dc1193e,MG1655,899200,905600,902400,6400,100,1124,rep1,False,0,0,F:\Micro-C\micro-c数据\GSE272159_37C_rep1.mapq_30.10.cool,medium,800,True,MG1655:7,train
WIN_medium_de5471b27d1d29ef,MG1655,900000,906400,903200,6400,100,1125,rep1,False,0,0,F:\Micro-C\micro-c数据\GSE272159_37C_rep1.mapq_30.10.cool,medium,800,True,MG1655:7,train
WIN_medium_111a19a89af15fa3,MG1655,900800,907200,904000,6400,100,1126,rep1,False,0,0,F:\Micro-C\micro-c数据\GSE272159_37C_rep1.mapq_30.10.cool,medium,800,True,MG1655:7,train
WIN_medium_fb8a7debccdd768d,MG1655,901600,908000,904800,6400,100,1127,rep1,False,0,0,F:\Micro-C\micro-c数据\GSE272159_37C_rep1.mapq_30.10.cool,medium,800,True,MG1655:7,train
WIN_medium_e3ee465e0eb5559d,MG1655,902400,908800,905600,6400,100,1128,rep1,False,0,0,F:\Micro-C\micro-c数据\GSE272159_37C_rep1.mapq_30.10.cool,medium,800,True,MG1655:7,train
WIN_medium_90b7f9cd21059fe7,MG1655,903200,909600,906400,6400,100,1129,rep1,False,0,0,F:\Micro-C\micro-c数据\GSE272159_37C_rep1.mapq_30.10.cool,medium,800,True,MG1655:7,train
WIN_medium_eda3f0f76712222e,MG1655,904000,910400,907200,6400,100,1130,rep1,False,0,0,F:\Micro-C\micro-c数据\GSE272159_37C_rep1.mapq_30.10.cool,medium,800,True,MG1655:7,train
WIN_medium_70544e581e929739,MG1655,904800,911200,908000,6400,100,1131,rep1,False,0,0,F:\Micro-C\micro-c数据\GSE272159_37C_rep1.mapq_30.10.cool,medium,800,True,MG1655:7,train
WIN_medium_b38361a8e2f82d3b,MG1655,905600,912000,908800,6400,100,1132,rep1,False,0,0,F:\Micro-C\micro-c数据\GSE272159_37C_rep1.mapq_30.10.cool,medium,800,True,MG1655:7,train
WIN_medium_797fa4b7e65b49d1,MG1655,906400,912800,909600,6400,100,1133,rep1,False,0,0,F:\Micro-C\micro-c数据\GSE272159_37C_rep1.mapq_30.10.cool,medium,800,True,MG1655:7,train
WIN_medium_3d1132c639f98d25,MG1655,907200,913600,910400,6400,100,1134,rep1,False,0,0,F:\Micro-C\micro-c数据\GSE272159_37C_rep1.mapq_30.10.cool,medium,800,True,MG1655:7,train
WIN_medium_04cd166ec885e00a,MG1655,908000,914400,911200,6400,100,1135,rep1,False,0,0,F:\Micro-C\micro-c数据\GSE272159_37C_rep1.mapq_30.10.cool,medium,800,True,MG1655:7,train
WIN_medium_ca008af5ab3c1206,MG1655,908800,915200,912000,6400,100,1136,rep1,False,0,0,F:\Micro-C\micro-c数据\GSE272159_37C_rep1.mapq_30.10.cool,medium,800,True,MG1655:7,train
WIN_medium_a9e5b69b7ef41401,MG1655,909600,916000,912800,6400,100,1137,rep1,False,0,0,F:\Micro-C\micro-c数据\GSE272159_37C_rep1.mapq_30.10.cool,medium,800,True,MG1655:7,train
WIN_medium_c3b6d2064e3f3f0c,MG1655,910400,916800,913600,6400,100,1138,rep1,False,0,0,F:\Micro-C\micro-c数据\GSE272159_37C_rep1.mapq_30.10.cool,medium,800,True,MG1655:7,train
WIN_medium_8729ea9e7b688960,MG1655,911200,917600,914400,6400,100,1139,rep1,False,0,0,F:\Micro-C\micro-c数据\GSE272159_37C_rep1.mapq_30.10.cool,medium,800,True,MG1655:7,train
WIN_medium_cc7df18a5cb711e7,MG1655,912000,918400,915200,6400,100,1140,rep1,False,0,0,F:\Micro-C\micro-c数据\GSE272159_37C_rep1.mapq_30.10.cool,medium,800,True,MG1655:7,train
WIN_medium_c12f92b95966a688,MG1655,912800,919200,916000,6400,100,1141,rep1,False,0,0,F:\Micro-C\micro-c数据\GSE272159_37C_rep1.mapq_30.10.cool,medium,800,True,MG1655:7,train
WIN_medium_0360ba8d3ea5e333,MG1655,913600,920000,916800,6400,100,1142,rep1,False,0,0,F:\Micro-C\micro-c数据\GSE272159_37C_rep1.mapq_30.10.cool,medium,800,True,MG1655:7,train
WIN_medium_d1ca10c195eabc14,MG1655,914400,920800,917600,6400,100,1143,rep1,False,0,0,F:\Micro-C\micro-c数据\GSE272159_37C_rep1.mapq_30.10.cool,medium,800,True,MG1655:7,train
WIN_medium_b9d6cbdd8d017380,MG1655,915200,921600,918400,6400,100,1144,rep1,False,0,0,F:\Micro-C\micro-c数据\GSE272159_37C_rep1.mapq_30.10.cool,medium,800,True,MG1655:7,train
WIN_medium_0fdfa8398b2ef93f,MG1655,916000,922400,919200,6400,100,1145,rep1,False,0,0,F:\Micro-C\micro-c数据\GSE272159_37C_rep1.mapq_30.10.cool,medium,800,True,MG1655:7,train
WIN_medium_af056a2081c0f45f,MG1655,916800,923200,920000,6400,100,1146,rep1,False,0,0,F:\Micro-C\micro-c数据\GSE272159_37C_rep1.mapq_30.10.cool,medium,800,True,MG1655:7,train
WIN_medium_82f96c2973f682f5,MG1655,917600,924000,920800,6400,100,1147,rep1,False,0,0,F:\Micro-C\micro-c数据\GSE272159_37C_rep1.mapq_30.10.cool,medium,800,True,MG1655:7,train
WIN_medium_902d6ebf6a782f3c,MG1655,918400,924800,921600,6400,100,1148,rep1,False,0,0,F:\Micro-C\micro-c数据\GSE272159_37C_rep1.mapq_30.10.cool,medium,800,True,MG1655:7,train
WIN_medium_f72434047d094d05,MG1655,919200,925600,922400,6400,100,1149,rep1,False,0,0,F:\Micro-C\micro-c数据\GSE272159_37C_rep1.mapq_30.10.cool,medium,800,True,MG1655:7,train
WIN_medium_63ba7477b7ec8775,MG1655,920000,926400,923200,6400,100,1150,rep1,False,0,0,F:\Micro-C\micro-c数据\GSE272159_37C_rep1.mapq_30.10.cool,medium,800,True,MG1655:7,train
WIN_medium_f0f6897b4a1912ce,MG1655,920800,927200,924000,6400,100,1151,rep1,False,0,0,F:\Micro-C\micro-c数据\GSE272159_37C_rep1.mapq_30.10.cool,medium,800,True,MG1655:7,train
WIN_medium_619ab123086a8f9e,MG1655,921600,928000,924800,6400,100,1152,rep1,False,0,0,F:\Micro-C\micro-c数据\GSE272159_37C_rep1.mapq_30.10.cool,medium,800,True,MG1655:7,train
WIN_medium_01272d81aa35e612,MG1655,922400,928800,925600,6400,100,1153,rep1,False,0,0,F:\Micro-C\micro-c数据\GSE272159_37C_rep1.mapq_30.10.cool,medium,800,True,MG1655:7,train
WIN_medium_b4d043ece841dab2,MG1655,923200,929600,926400,6400,100,1154,rep1,False,0,0,F:\Micro-C\micro-c数据\GSE272159_37C_rep1.mapq_30.10.cool,medium,800,True,MG1655:7,train
WIN_medium_5f5cb7490914fb61,MG1655,924000,930400,927200,6400,100,1155,rep1,False,0,0,F:\Micro-C\micro-c数据\GSE272159_37C_rep1.mapq_30.10.cool,medium,800,True,MG1655:7,train
WIN_medium_4536265b3f7e1cbd,MG1655,924800,931200,928000,6400,100,1156,rep1,False,0,0,F:\Micro-C\micro-c数据\GSE272159_37C_rep1.mapq_30.10.cool,medium,800,True,MG1655:7,train
WIN_medium_642e7266e68c11d2,MG1655,925600,932000,928800,6400,100,1157,rep1,False,0,0,F:\Micro-C\micro-c数据\GSE272159_37C_rep1.mapq_30.10.cool,medium,800,True,MG1655:7,train
WIN_medium_7807b89cb6aec4ac,MG1655,940800,947200,944000,6400,100,1176,rep1,False,0,0,F:\Micro-C\micro-c数据\GSE272159_37C_rep1.mapq_30.10.cool,medium,800,True,MG1655:7,train
WIN_medium_9c14f801bf4845e4,MG1655,941600,948000,944800,6400,100,1177,rep1,False,0,0,F:\Micro-C\micro-c数据\GSE272159_37C_rep1.mapq_30.10.cool,medium,800,True,MG1655:7,train
WIN_medium_4174e5c71e257176,MG1655,942400,948800,945600,6400,100,1178,rep1,False,0,0,F:\Micro-C\micro-c数据\GSE272159_37C_rep1.mapq_30.10.cool,medium,800,True,MG1655:7,train
WIN_medium_eccc78d525a30256,MG1655,943200,949600,946400,6400,100,1179,rep1,False,0,0,F:\Micro-C\micro-c数据\GSE272159_37C_rep1.mapq_30.10.cool,medium,800,True,MG1655:7,train
WIN_medium_7876029836b54612,MG1655,964800,971200,968000,6400,100,1206,rep1,False,0,0,F:\Micro-C\micro-c数据\GSE272159_37C_rep1.mapq_30.10.cool,medium,800,True,MG1655:7,train
WIN_medium_32a423fa389e88b5,MG1655,965600,972000,968800,6400,100,1207,rep1,False,0,0,F:\Micro-C\micro-c数据\GSE272159_37C_rep1.mapq_30.10.cool,medium,800,True,MG1655:7,train
WIN_medium_4cca875d6a99a633,MG1655,966400,972800,969600,6400,100,1208,rep1,False,0,0,F:\Micro-C\micro-c数据\GSE272159_37C_rep1.mapq_30.10.cool,medium,800,True,MG1655:7,train
WIN_medium_bf02a443a33e5f73,MG1655,967200,973600,970400,6400,100,1209,rep1,False,0,0,F:\Micro-C\micro-c数据\GSE272159_37C_rep1.mapq_30.10.cool,medium,800,True,MG1655:7,train
WIN_medium_6315a43dcdf20a31,MG1655,968000,974400,971200,6400,100,1210,rep1,False,0,0,F:\Micro-C\micro-c数据\GSE272159_37C_rep1.mapq_30.10.cool,medium,800,True,MG1655:7,train
WIN_medium_5eb40a2e6bca6d79,MG1655,968800,975200,972000,6400,100,1211,rep1,False,0,0,F:\Micro-C\micro-c数据\GSE272159_37C_rep1.mapq_30.10.cool,medium,800,True,MG1655:7,train
WIN_medium_d4dd522de2ed6b2f,MG1655,969600,976000,972800,6400,100,1212,rep1,False,0,0,F:\Micro-C\micro-c数据\GSE272159_37C_rep1.mapq_30.10.cool,medium,800,True,MG1655:7,train
WIN_medium_dccd945db0278097,MG1655,970400,976800,973600,6400,100,1213,rep1,False,0,0,F:\Micro-C\micro-c数据\GSE272159_37C_rep1.mapq_30.10.cool,medium,800,True,MG1655:7,train
WIN_medium_1869fa599d8c3c48,MG1655,971200,977600,974400,6400,100,1214,rep1,False,0,0,F:\Micro-C\micro-c数据\GSE272159_37C_rep1.mapq_30.10.cool,medium,800,True,MG1655:7,train
WIN_medium_087f3091540fc536,MG1655,972000,978400,975200,6400,100,1215,rep1,False,0,0,F:\Micro-C\micro-c数据\GSE272159_37C_rep1.mapq_30.10.cool,medium,800,True,MG1655:7,train
WIN_medium_ee0128eb86ca8fb3,MG1655,972800,979200,976000,6400,100,1216,rep1,False,0,0,F:\Micro-C\micro-c数据\GSE272159_37C_rep1.mapq_30.10.cool,medium,800,True,MG1655:7,train
WIN_medium_ac3df110941a06e2,MG1655,973600,980000,976800,6400,100,1217,rep1,False,0,0,F:\Micro-C\micro-c数据\GSE272159_37C_rep1.mapq_30.10.cool,medium,800,True,MG1655:7,train
WIN_medium_2eed4b6bc1995a80,MG1655,974400,980800,977600,6400,100,1218,rep1,False,0,0,F:\Micro-C\micro-c数据\GSE272159_37C_rep1.mapq_30.10.cool,medium,800,True,MG1655:7,train
WIN_medium_27f6e87e84abbfd2,MG1655,975200,981600,978400,6400,100,1219,rep1,False,0,0,F:\Micro-C\micro-c数据\GSE272159_37C_rep1.mapq_30.10.cool,medium,800,True,MG1655:7,train
WIN_medium_dbbd1b5902ab0e0b,MG1655,976000,982400,979200,6400,100,1220,rep1,False,0,0,F:\Micro-C\micro-c数据\GSE272159_37C_rep1.mapq_30.10.cool,medium,800,True,MG1655:7,train
WIN_medium_d68c5df104981f4a,MG1655,976800,983200,980000,6400,100,1221,rep1,False,0,0,F:\Micro-C\micro-c数据\GSE272159_37C_rep1.mapq_30.10.cool,medium,800,True,MG1655:7,train
WIN_medium_e731c9bb3f0f2c5b,MG1655,977600,984000,980800,6400,100,1222,rep1,False,0,0,F:\Micro-C\micro-c数据\GSE272159_37C_rep1.mapq_30.10.cool,medium,800,True,MG1655:7,train
WIN_medium_ef6961fb82b83dc4,MG1655,978400,984800,981600,6400,100,1223,rep1,False,0,0,F:\Micro-C\micro-c数据\GSE272159_37C_rep1.mapq_30.10.cool,medium,800,True,MG1655:7,train
WIN_medium_7ebe5a90274b2374,MG1655,979200,985600,982400,6400,100,1224,rep1,False,0,0,F:\Micro-C\micro-c数据\GSE272159_37C_rep1.mapq_30.10.cool,medium,800,True,MG1655:7,train
WIN_medium_6cb6c4ba1453c07d,MG1655,980000,986400,983200,6400,100,1225,rep1,False,0,0,F:\Micro-C\micro-c数据\GSE272159_37C_rep1.mapq_30.10.cool,medium,800,True,MG1655:7,train
WIN_medium_2e262411764fd4b7,MG1655,980800,987200,984000,6400,100,1226,rep1,False,0,0,F:\Micro-C\micro-c数据\GSE272159_37C_rep1.mapq_30.10.cool,medium,800,True,MG1655:7,train
WIN_medium_d350f630ad333142,MG1655,981600,988000,984800,6400,100,1227,rep1,False,0,0,F:\Micro-C\micro-c数据\GSE272159_37C_rep1.mapq_30.10.cool,medium,800,True,MG1655:7,train
WIN_medium_ead1ecc27fc0b6a9,MG1655,982400,988800,985600,6400,100,1228,rep1,False,0,0,F:\Micro-C\micro-c数据\GSE272159_37C_rep1.mapq_30.10.cool,medium,800,True,MG1655:7,train
WIN_medium_2d5dbc88f93e6261,MG1655,983200,989600,986400,6400,100,1229,rep1,False,0,0,F:\Micro-C\micro-c数据\GSE272159_37C_rep1.mapq_30.10.cool,medium,800,True,MG1655:7,train
WIN_medium_bbdf5431bfb54bf5,MG1655,984000,990400,987200,6400,100,1230,rep1,False,0,0,F:\Micro-C\micro-c数据\GSE272159_37C_rep1.mapq_30.10.cool,medium,800,True,MG1655:7,train
WIN_medium_3f28115a408a8409,MG1655,984800,991200,988000,6400,100,1231,rep1,False,0,0,F:\Micro-C\micro-c数据\GSE272159_37C_rep1.mapq_30.10.cool,medium,800,True,MG1655:7,train
WIN_medium_8828bbbc4c72038c,MG1655,985600,992000,988800,6400,100,1232,rep1,False,0,0,F:\Micro-C\micro-c数据\GSE272159_37C_rep1.mapq_30.10.cool,medium,800,True,MG1655:7,train
WIN_medium_d76c00e5f4c35a33,MG1655,986400,992800,989600,6400,100,1233,rep1,False,0,0,F:\Micro-C\micro-c数据\GSE272159_37C_rep1.mapq_30.10.cool,medium,800,True,MG1655:7,train
WIN_medium_824aadc30e6db649,MG1655,987200,993600,990400,6400,100,1234,rep1,False,0,0,F:\Micro-C\micro-c数据\GSE272159_37C_rep1.mapq_30.10.cool,medium,800,True,MG1655:7,train
WIN_medium_82e5a6e395caa04b,MG1655,988000,994400,991200,6400,100,1235,rep1,False,0,0,F:\Micro-C\micro-c数据\GSE272159_37C_rep1.mapq_30.10.cool,medium,800,True,MG1655:7,train
WIN_medium_02b6bd7d4f1fd864,MG1655,988800,995200,992000,6400,100,1236,rep1,False,0,0,F:\Micro-C\micro-c数据\GSE272159_37C_rep1.mapq_30.10.cool,medium,800,True,MG1655:7,train
WIN_medium_eaf2f9fdc19278e5,MG1655,989600,996000,992800,6400,100,1237,rep1,False,0,0,F:\Micro-C\micro-c数据\GSE272159_37C_rep1.mapq_30.10.cool,medium,800,True,MG1655:7,train
WIN_medium_20cd36faa9d487bc,MG1655,990400,996800,993600,6400,100,1238,rep1,False,0,0,F:\Micro-C\micro-c数据\GSE272159_37C_rep1.mapq_30.10.cool,medium,800,True,MG1655:7,train
WIN_medium_b2866ebe2296d4c2,MG1655,1000000,1006400,1003200,6400,100,1250,rep1,False,0,0,F:\Micro-C\micro-c数据\GSE272159_37C_rep1.mapq_30.10.cool,medium,800,True,MG1655:7,train
WIN_medium_e80a35633b004967,MG1655,1000800,1007200,1004000,6400,100,1251,rep1,False,0,0,F:\Micro-C\micro-c数据\GSE272159_37C_rep1.mapq_30.10.cool,medium,800,True,MG1655:7,train
WIN_medium_d287ae6ed9b50e8e,MG1655,1001600,1008000,1004800,6400,100,1252,rep1,False,0,0,F:\Micro-C\micro-c数据\GSE272159_37C_rep1.mapq_30.10.cool,medium,800,True,MG1655:7,train
WIN_medium_06e9b8685c7c44df,MG1655,1002400,1008800,1005600,6400,100,1253,rep1,False,0,0,F:\Micro-C\micro-c数据\GSE272159_37C_rep1.mapq_30.10.cool,medium,800,True,MG1655:7,train
WIN_medium_f4a186a802b90790,MG1655,1003200,1009600,1006400,6400,100,1254,rep1,False,0,0,F:\Micro-C\micro-c数据\GSE272159_37C_rep1.mapq_30.10.cool,medium,800,True,MG1655:7,train
WIN_medium_fccd9b35f8461a65,MG1655,1004000,1010400,1007200,6400,100,1255,rep1,False,0,0,F:\Micro-C\micro-c数据\GSE272159_37C_rep1.mapq_30.10.cool,medium,800,True,MG1655:7,train
WIN_medium_fca5dffecb347bc7,MG1655,1004800,1011200,1008000,6400,100,1256,rep1,False,0,0,F:\Micro-C\micro-c数据\GSE272159_37C_rep1.mapq_30.10.cool,medium,800,True,MG1655:7,train
WIN_medium_a16634c89334401d,MG1655,1005600,1012000,1008800,6400,100,1257,rep1,False,0,0,F:\Micro-C\micro-c数据\GSE272159_37C_rep1.mapq_30.10.cool,medium,800,True,MG1655:7,train
WIN_medium_bde33738a90b303d,MG1655,1006400,1012800,1009600,6400,100,1258,rep1,False,0,0,F:\Micro-C\micro-c数据\GSE272159_37C_rep1.mapq_30.10.cool,medium,800,True,MG1655:7,train
WIN_medium_e72d46680c565c72,MG1655,1007200,1013600,1010400,6400,100,1259,rep1,False,0,0,F:\Micro-C\micro-c数据\GSE272159_37C_rep1.mapq_30.10.cool,medium,800,True,MG1655:7,train
WIN_medium_e6b45bf3820f7355,MG1655,1008000,1014400,1011200,6400,100,1260,rep1,False,0,0,F:\Micro-C\micro-c数据\GSE272159_37C_rep1.mapq_30.10.cool,medium,800,True,MG1655:7,train
WIN_medium_6df806a058fa7442,MG1655,1008800,1015200,1012000,6400,100,1261,rep1,False,0,0,F:\Micro-C\micro-c数据\GSE272159_37C_rep1.mapq_30.10.cool,medium,800,True,MG1655:7,train
WIN_medium_0f0b43b1475ecf46,MG1655,1009600,1016000,1012800,6400,100,1262,rep1,False,0,0,F:\Micro-C\micro-c数据\GSE272159_37C_rep1.mapq_30.10.cool,medium,800,True,MG1655:7,train
WIN_medium_8734cc861d21a360,MG1655,1010400,1016800,1013600,6400,100,1263,rep1,False,0,0,F:\Micro-C\micro-c数据\GSE272159_37C_rep1.mapq_30.10.cool,medium,800,True,MG1655:7,train
WIN_medium_36b00d4421dd6040,MG1655,1011200,1017600,1014400,6400,100,1264,rep1,False,0,0,F:\Micro-C\micro-c数据\GSE272159_37C_rep1.mapq_30.10.cool,medium,800,True,MG1655:7,train
WIN_medium_d5631173f77ae6b0,MG1655,1012000,1018400,1015200,6400,100,1265,rep1,False,0,0,F:\Micro-C\micro-c数据\GSE272159_37C_rep1.mapq_30.10.cool,medium,800,True,MG1655:7,train
WIN_medium_4eef6a807d60d86a,MG1655,1012800,1019200,1016000,6400,100,1266,rep1,False,0,0,F:\Micro-C\micro-c数据\GSE272159_37C_rep1.mapq_30.10.cool,medium,800,True,MG1655:7,train
WIN_medium_e5bba9c00ee5a461,MG1655,1013600,1020000,1016800,6400,100,1267,rep1,False,0,0,F:\Micro-C\micro-c数据\GSE272159_37C_rep1.mapq_30.10.cool,medium,800,True,MG1655:7,train
WIN_medium_5f84558f24a2590d,MG1655,1014400,1020800,1017600,6400,100,1268,rep1,False,0,0,F:\Micro-C\micro-c数据\GSE272159_37C_rep1.mapq_30.10.cool,medium,800,True,MG1655:7,train
WIN_medium_fbcc2736259c2201,MG1655,1015200,1021600,1018400,6400,100,1269,rep1,False,0,0,F:\Micro-C\micro-c数据\GSE272159_37C_rep1.mapq_30.10.cool,medium,800,True,MG1655:7,train
WIN_medium_649482f8554a413d,MG1655,1016000,1022400,1019200,6400,100,1270,rep1,False,0,0,F:\Micro-C\micro-c数据\GSE272159_37C_rep1.mapq_30.10.cool,medium,800,True,MG1655:7,train
WIN_medium_9d45c0afc93ad913,MG1655,1016800,1023200,1020000,6400,100,1271,rep1,False,0,0,F:\Micro-C\micro-c数据\GSE272159_37C_rep1.mapq_30.10.cool,medium,800,True,MG1655:7,train
WIN_medium_4def2f6f806883a9,MG1655,1017600,1024000,1020800,6400,100,1272,rep1,False,0,0,F:\Micro-C\micro-c数据\GSE272159_37C_rep1.mapq_30.10.cool,medium,800,True,MG1655:7,train
WIN_medium_8ac245abdd52a8e5,MG1655,1024000,1030400,1027200,6400,100,1280,rep1,False,0,0,F:\Micro-C\micro-c数据\GSE272159_37C_rep1.mapq_30.10.cool,medium,800,True,MG1655:8,train
WIN_medium_9ed2edd5efc39ba0,MG1655,1024800,1031200,1028000,6400,100,1281,rep1,False,0,0,F:\Micro-C\micro-c数据\GSE272159_37C_rep1.mapq_30.10.cool,medium,800,True,MG1655:8,train
WIN_medium_1c87ff063e96cc4a,MG1655,1025600,1032000,1028800,6400,100,1282,rep1,False,0,0,F:\Micro-C\micro-c数据\GSE272159_37C_rep1.mapq_30.10.cool,medium,800,True,MG1655:8,train
WIN_medium_57d413922cb5d9e3,MG1655,1026400,1032800,1029600,6400,100,1283,rep1,False,0,0,F:\Micro-C\micro-c数据\GSE272159_37C_rep1.mapq_30.10.cool,medium,800,True,MG1655:8,train
WIN_medium_da935219710c7cfc,MG1655,1027200,1033600,1030400,6400,100,1284,rep1,False,0,0,F:\Micro-C\micro-c数据\GSE272159_37C_rep1.mapq_30.10.cool,medium,800,True,MG1655:8,train
WIN_medium_355cb71481bc3a1b,MG1655,1028000,1034400,1031200,6400,100,1285,rep1,False,0,0,F:\Micro-C\micro-c数据\GSE272159_37C_rep1.mapq_30.10.cool,medium,800,True,MG1655:8,train
WIN_medium_2a51398ec160e45f,MG1655,1028800,1035200,1032000,6400,100,1286,rep1,False,0,0,F:\Micro-C\micro-c数据\GSE272159_37C_rep1.mapq_30.10.cool,medium,800,True,MG1655:8,train
WIN_medium_bb89d3951cdfae59,MG1655,1029600,1036000,1032800,6400,100,1287,rep1,False,0,0,F:\Micro-C\micro-c数据\GSE272159_37C_rep1.mapq_30.10.cool,medium,800,True,MG1655:8,train
WIN_medium_eb69df2a3edc2be2,MG1655,1030400,1036800,1033600,6400,100,1288,rep1,False,0,0,F:\Micro-C\micro-c数据\GSE272159_37C_rep1.mapq_30.10.cool,medium,800,True,MG1655:8,train
WIN_medium_865349fba1df874f,MG1655,1031200,1037600,1034400,6400,100,1289,rep1,False,0,0,F:\Micro-C\micro-c数据\GSE272159_37C_rep1.mapq_30.10.cool,medium,800,True,MG1655:8,train
WIN_medium_9144453aea65613a,MG1655,1032000,1038400,1035200,6400,100,1290,rep1,False,0,0,F:\Micro-C\micro-c数据\GSE272159_37C_rep1.mapq_30.10.cool,medium,800,True,MG1655:8,train
WIN_medium_c94981c6cecc3b18,MG1655,1032800,1039200,1036000,6400,100,1291,rep1,False,0,0,F:\Micro-C\micro-c数据\GSE272159_37C_rep1.mapq_30.10.cool,medium,800,True,MG1655:8,train
WIN_medium_2e13c10a5cbbe2f0,MG1655,1033600,1040000,1036800,6400,100,1292,rep1,False,0,0,F:\Micro-C\micro-c数据\GSE272159_37C_rep1.mapq_30.10.cool,medium,800,True,MG1655:8,train
WIN_medium_b0b134b34c5b6115,MG1655,1034400,1040800,1037600,6400,100,1293,rep1,False,0,0,F:\Micro-C\micro-c数据\GSE272159_37C_rep1.mapq_30.10.cool,medium,800,True,MG1655:8,train
WIN_medium_8938edde81fa8e34,MG1655,1035200,1041600,1038400,6400,100,1294,rep1,False,0,0,F:\Micro-C\micro-c数据\GSE272159_37C_rep1.mapq_30.10.cool,medium,800,True,MG1655:8,train
WIN_medium_284a843a1547cdbb,MG1655,1036000,1042400,1039200,6400,100,1295,rep1,False,0,0,F:\Micro-C\micro-c数据\GSE272159_37C_rep1.mapq_30.10.cool,medium,800,True,MG1655:8,train
WIN_medium_a6aea255c6b06748,MG1655,1036800,1043200,1040000,6400,100,1296,rep1,False,0,0,F:\Micro-C\micro-c数据\GSE272159_37C_rep1.mapq_30.10.cool,medium,800,True,MG1655:8,train
WIN_medium_cbff5c22af565acf,MG1655,1037600,1044000,1040800,6400,100,1297,rep1,False,0,0,F:\Micro-C\micro-c数据\GSE272159_37C_rep1.mapq_30.10.cool,medium,800,True,MG1655:8,train
WIN_medium_3362df2dd8f650dc,MG1655,1038400,1044800,1041600,6400,100,1298,rep1,False,0,0,F:\Micro-C\micro-c数据\GSE272159_37C_rep1.mapq_30.10.cool,medium,800,True,MG1655:8,train
WIN_medium_4749c29c517f854b,MG1655,1039200,1045600,1042400,6400,100,1299,rep1,False,0,0,F:\Micro-C\micro-c数据\GSE272159_37C_rep1.mapq_30.10.cool,medium,800,True,MG1655:8,train
WIN_medium_db87bb5e7962945e,MG1655,1040000,1046400,1043200,6400,100,1300,rep1,False,0,0,F:\Micro-C\micro-c数据\GSE272159_37C_rep1.mapq_30.10.cool,medium,800,True,MG1655:8,train
WIN_medium_237449f63e54f869,MG1655,1040800,1047200,1044000,6400,100,1301,rep1,False,0,0,F:\Micro-C\micro-c数据\GSE272159_37C_rep1.mapq_30.10.cool,medium,800,True,MG1655:8,train
WIN_medium_ff6b4e1041667e41,MG1655,1041600,1048000,1044800,6400,100,1302,rep1,False,0,0,F:\Micro-C\micro-c数据\GSE272159_37C_rep1.mapq_30.10.cool,medium,800,True,MG1655:8,train
WIN_medium_b972dd8f8376a135,MG1655,1042400,1048800,1045600,6400,100,1303,rep1,False,0,0,F:\Micro-C\micro-c数据\GSE272159_37C_rep1.mapq_30.10.cool,medium,800,True,MG1655:8,train
WIN_medium_d1eebbfe4f187ffb,MG1655,1052800,1059200,1056000,6400,100,1316,rep1,False,0,0,F:\Micro-C\micro-c数据\GSE272159_37C_rep1.mapq_30.10.cool,medium,800,True,MG1655:8,train
WIN_medium_00b7648e7267eb4c,MG1655,1053600,1060000,1056800,6400,100,1317,rep1,False,0,0,F:\Micro-C\micro-c数据\GSE272159_37C_rep1.mapq_30.10.cool,medium,800,True,MG1655:8,train
WIN_medium_b0865f10bf71015e,MG1655,1054400,1060800,1057600,6400,100,1318,rep1,False,0,0,F:\Micro-C\micro-c数据\GSE272159_37C_rep1.mapq_30.10.cool,medium,800,True,MG1655:8,train
WIN_medium_cad0a564f20b411e,MG1655,1055200,1061600,1058400,6400,100,1319,rep1,False,0,0,F:\Micro-C\micro-c数据\GSE272159_37C_rep1.mapq_30.10.cool,medium,800,True,MG1655:8,train
WIN_medium_f01dbe5a8ce138b6,MG1655,1056000,1062400,1059200,6400,100,1320,rep1,False,0,0,F:\Micro-C\micro-c数据\GSE272159_37C_rep1.mapq_30.10.cool,medium,800,True,MG1655:8,train
WIN_medium_a7f928b741fa3980,MG1655,1056800,1063200,1060000,6400,100,1321,rep1,False,0,0,F:\Micro-C\micro-c数据\GSE272159_37C_rep1.mapq_30.10.cool,medium,800,True,MG1655:8,train
WIN_medium_02f4ed1ce7f423ca,MG1655,1057600,1064000,1060800,6400,100,1322,rep1,False,0,0,F:\Micro-C\micro-c数据\GSE272159_37C_rep1.mapq_30.10.cool,medium,800,True,MG1655:8,train
WIN_medium_835b7b19b529be2e,MG1655,1066400,1072800,1069600,6400,100,1333,rep1,False,0,0,F:\Micro-C\micro-c数据\GSE272159_37C_rep1.mapq_30.10.cool,medium,800,True,MG1655:8,train
WIN_medium_ccc0bebe24c47c14,MG1655,1067200,1073600,1070400,6400,100,1334,rep1,False,0,0,F:\Micro-C\micro-c数据\GSE272159_37C_rep1.mapq_30.10.cool,medium,800,True,MG1655:8,train
WIN_medium_c718dd7a03789739,MG1655,1068000,1074400,1071200,6400,100,1335,rep1,False,0,0,F:\Micro-C\micro-c数据\GSE272159_37C_rep1.mapq_30.10.cool,medium,800,True,MG1655:8,train
WIN_medium_db9a5bb42c582313,MG1655,1068800,1075200,1072000,6400,100,1336,rep1,False,0,0,F:\Micro-C\micro-c数据\GSE272159_37C_rep1.mapq_30.10.cool,medium,800,True,MG1655:8,train
WIN_medium_888ab24962e4a47b,MG1655,1069600,1076000,1072800,6400,100,1337,rep1,False,0,0,F:\Micro-C\micro-c数据\GSE272159_37C_rep1.mapq_30.10.cool,medium,800,True,MG1655:8,train
WIN_medium_e76114cf291a9f9c,MG1655,1070400,1076800,1073600,6400,100,1338,rep1,False,0,0,F:\Micro-C\micro-c数据\GSE272159_37C_rep1.mapq_30.10.cool,medium,800,True,MG1655:8,train
WIN_medium_52099fa63cfb957b,MG1655,1071200,1077600,1074400,6400,100,1339,rep1,False,0,0,F:\Micro-C\micro-c数据\GSE272159_37C_rep1.mapq_30.10.cool,medium,800,True,MG1655:8,train
WIN_medium_01eb72c189c7fb4a,MG1655,1072000,1078400,1075200,6400,100,1340,rep1,False,0,0,F:\Micro-C\micro-c数据\GSE272159_37C_rep1.mapq_30.10.cool,medium,800,True,MG1655:8,train
WIN_medium_3bdb2ecd464e1847,MG1655,1072800,1079200,1076000,6400,100,1341,rep1,False,0,0,F:\Micro-C\micro-c数据\GSE272159_37C_rep1.mapq_30.10.cool,medium,800,True,MG1655:8,train
WIN_medium_99fccf3f3db4bf23,MG1655,1073600,1080000,1076800,6400,100,1342,rep1,False,0,0,F:\Micro-C\micro-c数据\GSE272159_37C_rep1.mapq_30.10.cool,medium,800,True,MG1655:8,train
WIN_medium_afc25e9d57cb422b,MG1655,1074400,1080800,1077600,6400,100,1343,rep1,False,0,0,F:\Micro-C\micro-c数据\GSE272159_37C_rep1.mapq_30.10.cool,medium,800,True,MG1655:8,train
WIN_medium_40fb05e28e8f82aa,MG1655,1075200,1081600,1078400,6400,100,1344,rep1,False,0,0,F:\Micro-C\micro-c数据\GSE272159_37C_rep1.mapq_30.10.cool,medium,800,True,MG1655:8,train
WIN_medium_2cb6e302abad13db,MG1655,1076000,1082400,1079200,6400,100,1345,rep1,False,0,0,F:\Micro-C\micro-c数据\GSE272159_37C_rep1.mapq_30.10.cool,medium,800,True,MG1655:8,train
WIN_medium_d4796c3da06bcdbe,MG1655,1076800,1083200,1080000,6400,100,1346,rep1,False,0,0,F:\Micro-C\micro-c数据\GSE272159_37C_rep1.mapq_30.10.cool,medium,800,True,MG1655:8,train
WIN_medium_67ea33c605bc8107,MG1655,1077600,1084000,1080800,6400,100,1347,rep1,False,0,0,F:\Micro-C\micro-c数据\GSE272159_37C_rep1.mapq_30.10.cool,medium,800,True,MG1655:8,train
WIN_medium_cb0936c413d13608,MG1655,1078400,1084800,1081600,6400,100,1348,rep1,False,0,0,F:\Micro-C\micro-c数据\GSE272159_37C_rep1.mapq_30.10.cool,medium,800,True,MG1655:8,train
WIN_medium_c071f932d6b266bd,MG1655,1079200,1085600,1082400,6400,100,1349,rep1,False,0,0,F:\Micro-C\micro-c数据\GSE272159_37C_rep1.mapq_30.10.cool,medium,800,True,MG1655:8,train
WIN_medium_4e9754016a8331e8,MG1655,1105600,1112000,1108800,6400,100,1382,rep1,False,0,0,F:\Micro-C\micro-c数据\GSE272159_37C_rep1.mapq_30.10.cool,medium,800,True,MG1655:8,train
WIN_medium_48fb72a8d9612f51,MG1655,1106400,1112800,1109600,6400,100,1383,rep1,False,0,0,F:\Micro-C\micro-c数据\GSE272159_37C_rep1.mapq_30.10.cool,medium,800,True,MG1655:8,train
WIN_medium_08e94418883f69c4,MG1655,1107200,1113600,1110400,6400,100,1384,rep1,False,0,0,F:\Micro-C\micro-c数据\GSE272159_37C_rep1.mapq_30.10.cool,medium,800,True,MG1655:8,train
WIN_medium_bd797f816ecfd1c0,MG1655,1108000,1114400,1111200,6400,100,1385,rep1,False,0,0,F:\Micro-C\micro-c数据\GSE272159_37C_rep1.mapq_30.10.cool,medium,800,True,MG1655:8,train
WIN_medium_e65c69b93d06907a,MG1655,1108800,1115200,1112000,6400,100,1386,rep1,False,0,0,F:\Micro-C\micro-c数据\GSE272159_37C_rep1.mapq_30.10.cool,medium,800,True,MG1655:8,train
WIN_medium_e7ad18f7bcd8ef31,MG1655,1109600,1116000,1112800,6400,100,1387,rep1,False,0,0,F:\Micro-C\micro-c数据\GSE272159_37C_rep1.mapq_30.10.cool,medium,800,True,MG1655:8,train
WIN_medium_a39e2d00ee2d2390,MG1655,1110400,1116800,1113600,6400,100,1388,rep1,False,0,0,F:\Micro-C\micro-c数据\GSE272159_37C_rep1.mapq_30.10.cool,medium,800,True,MG1655:8,train
WIN_medium_fe0bed5cb98a6b94,MG1655,1111200,1117600,1114400,6400,100,1389,rep1,False,0,0,F:\Micro-C\micro-c数据\GSE272159_37C_rep1.mapq_30.10.cool,medium,800,True,MG1655:8,train
WIN_medium_a6789c08e82fd31e,MG1655,1121600,1128000,1124800,6400,100,1402,rep1,False,0,0,F:\Micro-C\micro-c数据\GSE272159_37C_rep1.mapq_30.10.cool,medium,800,True,MG1655:8,train
WIN_medium_779c9a5ca3dfc72d,MG1655,1122400,1128800,1125600,6400,100,1403,rep1,False,0,0,F:\Micro-C\micro-c数据\GSE272159_37C_rep1.mapq_30.10.cool,medium,800,True,MG1655:8,train
WIN_medium_8e1986149ee9819a,MG1655,1123200,1129600,1126400,6400,100,1404,rep1,False,0,0,F:\Micro-C\micro-c数据\GSE272159_37C_rep1.mapq_30.10.cool,medium,800,True,MG1655:8,train
WIN_medium_948e4844b4cb7927,MG1655,1124000,1130400,1127200,6400,100,1405,rep1,False,0,0,F:\Micro-C\micro-c数据\GSE272159_37C_rep1.mapq_30.10.cool,medium,800,True,MG1655:8,train
WIN_medium_6990dd836f5cba33,MG1655,1124800,1131200,1128000,6400,100,1406,rep1,False,0,0,F:\Micro-C\micro-c数据\GSE272159_37C_rep1.mapq_30.10.cool,medium,800,True,MG1655:8,train
WIN_medium_e0c4abc95d3ac640,MG1655,1125600,1132000,1128800,6400,100,1407,rep1,False,0,0,F:\Micro-C\micro-c数据\GSE272159_37C_rep1.mapq_30.10.cool,medium,800,True,MG1655:8,train
WIN_medium_64cd121745289af7,MG1655,1126400,1132800,1129600,6400,100,1408,rep1,False,0,0,F:\Micro-C\micro-c数据\GSE272159_37C_rep1.mapq_30.10.cool,medium,800,True,MG1655:8,train
WIN_medium_e28bb811ddf35e5d,MG1655,1127200,1133600,1130400,6400,100,1409,rep1,False,0,0,F:\Micro-C\micro-c数据\GSE272159_37C_rep1.mapq_30.10.cool,medium,800,True,MG1655:8,train
WIN_medium_1e9dc71d25a060f1,MG1655,1128000,1134400,1131200,6400,100,1410,rep1,False,0,0,F:\Micro-C\micro-c数据\GSE272159_37C_rep1.mapq_30.10.cool,medium,800,True,MG1655:8,train
WIN_medium_c7a47653579265f9,MG1655,1128800,1135200,1132000,6400,100,1411,rep1,False,0,0,F:\Micro-C\micro-c数据\GSE272159_37C_rep1.mapq_30.10.cool,medium,800,True,MG1655:8,train
WIN_medium_d33be9fbe79dd0cc,MG1655,1129600,1136000,1132800,6400,100,1412,rep1,False,0,0,F:\Micro-C\micro-c数据\GSE272159_37C_rep1.mapq_30.10.cool,medium,800,True,MG1655:8,train
WIN_medium_e73ac7bf3e3da37f,MG1655,1130400,1136800,1133600,6400,100,1413,rep1,False,0,0,F:\Micro-C\micro-c数据\GSE272159_37C_rep1.mapq_30.10.cool,medium,800,True,MG1655:8,train
WIN_medium_cf8170b576964955,MG1655,1131200,1137600,1134400,6400,100,1414,rep1,False,0,0,F:\Micro-C\micro-c数据\GSE272159_37C_rep1.mapq_30.10.cool,medium,800,True,MG1655:8,train
WIN_medium_72f33fe3fe57aaad,MG1655,1132000,1138400,1135200,6400,100,1415,rep1,False,0,0,F:\Micro-C\micro-c数据\GSE272159_37C_rep1.mapq_30.10.cool,medium,800,True,MG1655:8,train
WIN_medium_95a7f309d2b572ed,MG1655,1132800,1139200,1136000,6400,100,1416,rep1,False,0,0,F:\Micro-C\micro-c数据\GSE272159_37C_rep1.mapq_30.10.cool,medium,800,True,MG1655:8,train
WIN_medium_8cc3548cd35e6526,MG1655,1133600,1140000,1136800,6400,100,1417,rep1,False,0,0,F:\Micro-C\micro-c数据\GSE272159_37C_rep1.mapq_30.10.cool,medium,800,True,MG1655:8,train
WIN_medium_9558593e8c5cc64a,MG1655,1145600,1152000,1148800,6400,100,1432,rep1,False,0,0,F:\Micro-C\micro-c数据\GSE272159_37C_rep1.mapq_30.10.cool,medium,800,True,MG1655:8,train
WIN_medium_9fb66ac84e227935,MG1655,1152000,1158400,1155200,6400,100,1440,rep1,False,0,0,F:\Micro-C\micro-c数据\GSE272159_37C_rep1.mapq_30.10.cool,medium,800,True,MG1655:9,train
WIN_medium_16010d9b15849314,MG1655,1152800,1159200,1156000,6400,100,1441,rep1,False,0,0,F:\Micro-C\micro-c数据\GSE272159_37C_rep1.mapq_30.10.cool,medium,800,True,MG1655:9,train
WIN_medium_8fcfed202c9af385,MG1655,1153600,1160000,1156800,6400,100,1442,rep1,False,0,0,F:\Micro-C\micro-c数据\GSE272159_37C_rep1.mapq_30.10.cool,medium,800,True,MG1655:9,train
WIN_medium_9f90dd75fd349727,MG1655,1154400,1160800,1157600,6400,100,1443,rep1,False,0,0,F:\Micro-C\micro-c数据\GSE272159_37C_rep1.mapq_30.10.cool,medium,800,True,MG1655:9,train
WIN_medium_7a84a47cd009741c,MG1655,1155200,1161600,1158400,6400,100,1444,rep1,False,0,0,F:\Micro-C\micro-c数据\GSE272159_37C_rep1.mapq_30.10.cool,medium,800,True,MG1655:9,train
WIN_medium_d891b0a8c0872c04,MG1655,1156000,1162400,1159200,6400,100,1445,rep1,False,0,0,F:\Micro-C\micro-c数据\GSE272159_37C_rep1.mapq_30.10.cool,medium,800,True,MG1655:9,train
WIN_medium_e3017abdbd1e7af6,MG1655,1156800,1163200,1160000,6400,100,1446,rep1,False,0,0,F:\Micro-C\micro-c数据\GSE272159_37C_rep1.mapq_30.10.cool,medium,800,True,MG1655:9,train
WIN_medium_ff91b758e0382f85,MG1655,1157600,1164000,1160800,6400,100,1447,rep1,False,0,0,F:\Micro-C\micro-c数据\GSE272159_37C_rep1.mapq_30.10.cool,medium,800,True,MG1655:9,train
WIN_medium_5b82e517c28a5e17,MG1655,1158400,1164800,1161600,6400,100,1448,rep1,False,0,0,F:\Micro-C\micro-c数据\GSE272159_37C_rep1.mapq_30.10.cool,medium,800,True,MG1655:9,train
WIN_medium_627548b6c3697132,MG1655,1159200,1165600,1162400,6400,100,1449,rep1,False,0,0,F:\Micro-C\micro-c数据\GSE272159_37C_rep1.mapq_30.10.cool,medium,800,True,MG1655:9,train
WIN_medium_a9cd66daa18805eb,MG1655,1160000,1166400,1163200,6400,100,1450,rep1,False,0,0,F:\Micro-C\micro-c数据\GSE272159_37C_rep1.mapq_30.10.cool,medium,800,True,MG1655:9,train
WIN_medium_35fe422ae1a1323d,MG1655,1160800,1167200,1164000,6400,100,1451,rep1,False,0,0,F:\Micro-C\micro-c数据\GSE272159_37C_rep1.mapq_30.10.cool,medium,800,True,MG1655:9,train
WIN_medium_4e4f46a91e32b138,MG1655,1161600,1168000,1164800,6400,100,1452,rep1,False,0,0,F:\Micro-C\micro-c数据\GSE272159_37C_rep1.mapq_30.10.cool,medium,800,True,MG1655:9,train
WIN_medium_b4d52de1226ac6ab,MG1655,1162400,1168800,1165600,6400,100,1453,rep1,False,0,0,F:\Micro-C\micro-c数据\GSE272159_37C_rep1.mapq_30.10.cool,medium,800,True,MG1655:9,train
WIN_medium_0e19f5485f567089,MG1655,1163200,1169600,1166400,6400,100,1454,rep1,False,0,0,F:\Micro-C\micro-c数据\GSE272159_37C_rep1.mapq_30.10.cool,medium,800,True,MG1655:9,train
WIN_medium_5f7c444aca473861,MG1655,1164000,1170400,1167200,6400,100,1455,rep1,False,0,0,F:\Micro-C\micro-c数据\GSE272159_37C_rep1.mapq_30.10.cool,medium,800,True,MG1655:9,train
WIN_medium_4a32608a407c403f,MG1655,1164800,1171200,1168000,6400,100,1456,rep1,False,0,0,F:\Micro-C\micro-c数据\GSE272159_37C_rep1.mapq_30.10.cool,medium,800,True,MG1655:9,train
WIN_medium_fab8d773daab8ab6,MG1655,1165600,1172000,1168800,6400,100,1457,rep1,False,0,0,F:\Micro-C\micro-c数据\GSE272159_37C_rep1.mapq_30.10.cool,medium,800,True,MG1655:9,train
WIN_medium_298806c63de6ab00,MG1655,1166400,1172800,1169600,6400,100,1458,rep1,False,0,0,F:\Micro-C\micro-c数据\GSE272159_37C_rep1.mapq_30.10.cool,medium,800,True,MG1655:9,train
WIN_medium_c8d0fe55fdd8d976,MG1655,1167200,1173600,1170400,6400,100,1459,rep1,False,0,0,F:\Micro-C\micro-c数据\GSE272159_37C_rep1.mapq_30.10.cool,medium,800,True,MG1655:9,train
WIN_medium_78106103430c3216,MG1655,1168000,1174400,1171200,6400,100,1460,rep1,False,0,0,F:\Micro-C\micro-c数据\GSE272159_37C_rep1.mapq_30.10.cool,medium,800,True,MG1655:9,train
WIN_medium_2aa9b277c64cf425,MG1655,1168800,1175200,1172000,6400,100,1461,rep1,False,0,0,F:\Micro-C\micro-c数据\GSE272159_37C_rep1.mapq_30.10.cool,medium,800,True,MG1655:9,train
WIN_medium_36474b12f9db9a6e,MG1655,1169600,1176000,1172800,6400,100,1462,rep1,False,0,0,F:\Micro-C\micro-c数据\GSE272159_37C_rep1.mapq_30.10.cool,medium,800,True,MG1655:9,train
WIN_medium_ecea041df030d550,MG1655,1170400,1176800,1173600,6400,100,1463,rep1,False,0,0,F:\Micro-C\micro-c数据\GSE272159_37C_rep1.mapq_30.10.cool,medium,800,True,MG1655:9,train
WIN_medium_4e18bab5bc7bbaf6,MG1655,1171200,1177600,1174400,6400,100,1464,rep1,False,0,0,F:\Micro-C\micro-c数据\GSE272159_37C_rep1.mapq_30.10.cool,medium,800,True,MG1655:9,train
WIN_medium_4c9badf3c4ce2ccf,MG1655,1172000,1178400,1175200,6400,100,1465,rep1,False,0,0,F:\Micro-C\micro-c数据\GSE272159_37C_rep1.mapq_30.10.cool,medium,800,True,MG1655:9,train
WIN_medium_c6421c9428c67b9d,MG1655,1172800,1179200,1176000,6400,100,1466,rep1,False,0,0,F:\Micro-C\micro-c数据\GSE272159_37C_rep1.mapq_30.10.cool,medium,800,True,MG1655:9,train
WIN_medium_ee9dc4f082927d29,MG1655,1173600,1180000,1176800,6400,100,1467,rep1,False,0,0,F:\Micro-C\micro-c数据\GSE272159_37C_rep1.mapq_30.10.cool,medium,800,True,MG1655:9,train
WIN_medium_1ba75235defeab75,MG1655,1231200,1237600,1234400,6400,100,1539,rep1,False,0,0,F:\Micro-C\micro-c数据\GSE272159_37C_rep1.mapq_30.10.cool,medium,800,True,MG1655:9,train
WIN_medium_9462248ad7e3c64a,MG1655,1232000,1238400,1235200,6400,100,1540,rep1,False,0,0,F:\Micro-C\micro-c数据\GSE272159_37C_rep1.mapq_30.10.cool,medium,800,True,MG1655:9,train
WIN_medium_275c26004571949a,MG1655,1232800,1239200,1236000,6400,100,1541,rep1,False,0,0,F:\Micro-C\micro-c数据\GSE272159_37C_rep1.mapq_30.10.cool,medium,800,True,MG1655:9,train
WIN_medium_e7a47c15ce42b531,MG1655,1233600,1240000,1236800,6400,100,1542,rep1,False,0,0,F:\Micro-C\micro-c数据\GSE272159_37C_rep1.mapq_30.10.cool,medium,800,True,MG1655:9,train
WIN_medium_9c1a577b5caf0f62,MG1655,1234400,1240800,1237600,6400,100,1543,rep1,False,0,0,F:\Micro-C\micro-c数据\GSE272159_37C_rep1.mapq_30.10.cool,medium,800,True,MG1655:9,train
WIN_medium_798f01805932ef8c,MG1655,1235200,1241600,1238400,6400,100,1544,rep1,False,0,0,F:\Micro-C\micro-c数据\GSE272159_37C_rep1.mapq_30.10.cool,medium,800,True,MG1655:9,train
WIN_medium_c41b50f1651405de,MG1655,1236000,1242400,1239200,6400,100,1545,rep1,False,0,0,F:\Micro-C\micro-c数据\GSE272159_37C_rep1.mapq_30.10.cool,medium,800,True,MG1655:9,train
WIN_medium_5730c41fe4cea027,MG1655,1236800,1243200,1240000,6400,100,1546,rep1,False,0,0,F:\Micro-C\micro-c数据\GSE272159_37C_rep1.mapq_30.10.cool,medium,800,True,MG1655:9,train
WIN_medium_2b57cfd5c3e9b4e9,MG1655,1237600,1244000,1240800,6400,100,1547,rep1,False,0,0,F:\Micro-C\micro-c数据\GSE272159_37C_rep1.mapq_30.10.cool,medium,800,True,MG1655:9,train
WIN_medium_f011038fd208563d,MG1655,1238400,1244800,1241600,6400,100,1548,rep1,False,0,0,F:\Micro-C\micro-c数据\GSE272159_37C_rep1.mapq_30.10.cool,medium,800,True,MG1655:9,train
WIN_medium_bec60358e594d0c7,MG1655,1239200,1245600,1242400,6400,100,1549,rep1,False,0,0,F:\Micro-C\micro-c数据\GSE272159_37C_rep1.mapq_30.10.cool,medium,800,True,MG1655:9,train
WIN_medium_78c417f3af3595c3,MG1655,1240000,1246400,1243200,6400,100,1550,rep1,False,0,0,F:\Micro-C\micro-c数据\GSE272159_37C_rep1.mapq_30.10.cool,medium,800,True,MG1655:9,train
WIN_medium_9f7be7e7cc251a26,MG1655,1240800,1247200,1244000,6400,100,1551,rep1,False,0,0,F:\Micro-C\micro-c数据\GSE272159_37C_rep1.mapq_30.10.cool,medium,800,True,MG1655:9,train
WIN_medium_355eddc23e86ac06,MG1655,1252000,1258400,1255200,6400,100,1565,rep1,False,0,0,F:\Micro-C\micro-c数据\GSE272159_37C_rep1.mapq_30.10.cool,medium,800,True,MG1655:9,train
WIN_medium_a8f50b02b49b8b3b,MG1655,1252800,1259200,1256000,6400,100,1566,rep1,False,0,0,F:\Micro-C\micro-c数据\GSE272159_37C_rep1.mapq_30.10.cool,medium,800,True,MG1655:9,train
WIN_medium_05aac16d7f097ffc,MG1655,1253600,1260000,1256800,6400,100,1567,rep1,False,0,0,F:\Micro-C\micro-c数据\GSE272159_37C_rep1.mapq_30.10.cool,medium,800,True,MG1655:9,train
WIN_medium_dcacef27ef43f046,MG1655,1254400,1260800,1257600,6400,100,1568,rep1,False,0,0,F:\Micro-C\micro-c数据\GSE272159_37C_rep1.mapq_30.10.cool,medium,800,True,MG1655:9,train
WIN_medium_c4a8c3b12123055a,MG1655,1255200,1261600,1258400,6400,100,1569,rep1,False,0,0,F:\Micro-C\micro-c数据\GSE272159_37C_rep1.mapq_30.10.cool,medium,800,True,MG1655:9,train
WIN_medium_96e339d66f342910,MG1655,1256000,1262400,1259200,6400,100,1570,rep1,False,0,0,F:\Micro-C\micro-c数据\GSE272159_37C_rep1.mapq_30.10.cool,medium,800,True,MG1655:9,train
WIN_medium_b075ef81de4df30f,MG1655,1256800,1263200,1260000,6400,100,1571,rep1,False,0,0,F:\Micro-C\micro-c数据\GSE272159_37C_rep1.mapq_30.10.cool,medium,800,True,MG1655:9,train
WIN_medium_8bb0ffd9a2886c0c,MG1655,1257600,1264000,1260800,6400,100,1572,rep1,False,0,0,F:\Micro-C\micro-c数据\GSE272159_37C_rep1.mapq_30.10.cool,medium,800,True,MG1655:9,train
WIN_medium_382e19641d0e5691,MG1655,1258400,1264800,1261600,6400,100,1573,rep1,False,0,0,F:\Micro-C\micro-c数据\GSE272159_37C_rep1.mapq_30.10.cool,medium,800,True,MG1655:9,train
WIN_medium_ab9bd87f8fa99e75,MG1655,1259200,1265600,1262400,6400,100,1574,rep1,False,0,0,F:\Micro-C\micro-c数据\GSE272159_37C_rep1.mapq_30.10.cool,medium,800,True,MG1655:9,train
WIN_medium_f3eaa8c706bc0abc,MG1655,1260000,1266400,1263200,6400,100,1575,rep1,False,0,0,F:\Micro-C\micro-c数据\GSE272159_37C_rep1.mapq_30.10.cool,medium,800,True,MG1655:9,train
WIN_medium_11a59b33158b0a5c,MG1655,1260800,1267200,1264000,6400,100,1576,rep1,False,0,0,F:\Micro-C\micro-c数据\GSE272159_37C_rep1.mapq_30.10.cool,medium,800,True,MG1655:9,train
WIN_medium_5c9917f5cb71e117,MG1655,1261600,1268000,1264800,6400,100,1577,rep1,False,0,0,F:\Micro-C\micro-c数据\GSE272159_37C_rep1.mapq_30.10.cool,medium,800,True,MG1655:9,train
WIN_medium_51255c9d92b37933,MG1655,1262400,1268800,1265600,6400,100,1578,rep1,False,0,0,F:\Micro-C\micro-c数据\GSE272159_37C_rep1.mapq_30.10.cool,medium,800,True,MG1655:9,train
WIN_medium_a55050de679edb20,MG1655,1263200,1269600,1266400,6400,100,1579,rep1,False,0,0,F:\Micro-C\micro-c数据\GSE272159_37C_rep1.mapq_30.10.cool,medium,800,True,MG1655:9,train
WIN_medium_db7cd941fc71f18a,MG1655,1264000,1270400,1267200,6400,100,1580,rep1,True,1,1,F:\Micro-C\micro-c数据\GSE272159_37C_rep1.mapq_30.10.cool,medium,800,True,MG1655:9,train
WIN_medium_553a67f9d565e819,MG1655,1264800,1271200,1268000,6400,100,1581,rep1,True,1,1,F:\Micro-C\micro-c数据\GSE272159_37C_rep1.mapq_30.10.cool,medium,800,True,MG1655:9,train
WIN_medium_4b59300a438e6efc,MG1655,1265600,1272000,1268800,6400,100,1582,rep1,True,1,1,F:\Micro-C\micro-c数据\GSE272159_37C_rep1.mapq_30.10.cool,medium,800,True,MG1655:9,train
WIN_medium_73c2e4feff255d49,MG1655,1266400,1272800,1269600,6400,100,1583,rep1,True,1,1,F:\Micro-C\micro-c数据\GSE272159_37C_rep1.mapq_30.10.cool,medium,800,True,MG1655:9,train
WIN_medium_74094acee5a0555f,MG1655,1267200,1273600,1270400,6400,100,1584,rep1,True,1,1,F:\Micro-C\micro-c数据\GSE272159_37C_rep1.mapq_30.10.cool,medium,800,True,MG1655:9,train
WIN_medium_466e2861c0df85f9,MG1655,1268000,1274400,1271200,6400,100,1585,rep1,True,1,1,F:\Micro-C\micro-c数据\GSE272159_37C_rep1.mapq_30.10.cool,medium,800,True,MG1655:9,train
WIN_medium_06d5519930a283b1,MG1655,1268800,1275200,1272000,6400,100,1586,rep1,True,1,1,F:\Micro-C\micro-c数据\GSE272159_37C_rep1.mapq_30.10.cool,medium,800,True,MG1655:9,train
WIN_medium_16b5eb9c34342ca9,MG1655,1269600,1276000,1272800,6400,100,1587,rep1,True,1,1,F:\Micro-C\micro-c数据\GSE272159_37C_rep1.mapq_30.10.cool,medium,800,True,MG1655:9,train
WIN_medium_b133d23ade38688a,MG1655,1270400,1276800,1273600,6400,100,1588,rep1,False,0,0,F:\Micro-C\micro-c数据\GSE272159_37C_rep1.mapq_30.10.cool,medium,800,True,MG1655:9,train
WIN_medium_0f616aa339148976,MG1655,1271200,1277600,1274400,6400,100,1589,rep1,False,0,0,F:\Micro-C\micro-c数据\GSE272159_37C_rep1.mapq_30.10.cool,medium,800,True,MG1655:9,train
WIN_medium_dcf90b3c11d68c01,MG1655,1272000,1278400,1275200,6400,100,1590,rep1,False,0,0,F:\Micro-C\micro-c数据\GSE272159_37C_rep1.mapq_30.10.cool,medium,800,True,MG1655:9,train
WIN_medium_a00110bbb9fed998,MG1655,1272800,1279200,1276000,6400,100,1591,rep1,False,0,0,F:\Micro-C\micro-c数据\GSE272159_37C_rep1.mapq_30.10.cool,medium,800,True,MG1655:9,train
WIN_medium_714b33a3bd1b3a06,MG1655,1273600,1280000,1276800,6400,100,1592,rep1,False,0,0,F:\Micro-C\micro-c数据\GSE272159_37C_rep1.mapq_30.10.cool,medium,800,True,MG1655:9,train
WIN_medium_6519ebeb5c103c77,MG1655,1280000,1286400,1283200,6400,100,1600,rep1,False,0,0,F:\Micro-C\micro-c数据\GSE272159_37C_rep1.mapq_30.10.cool,medium,800,True,MG1655:10,train
WIN_medium_f423f7927412fead,MG1655,1280800,1287200,1284000,6400,100,1601,rep1,False,0,0,F:\Micro-C\micro-c数据\GSE272159_37C_rep1.mapq_30.10.cool,medium,800,True,MG1655:10,train
WIN_medium_b07b4b394a1602c4,MG1655,1281600,1288000,1284800,6400,100,1602,rep1,False,0,0,F:\Micro-C\micro-c数据\GSE272159_37C_rep1.mapq_30.10.cool,medium,800,True,MG1655:10,train
WIN_medium_d322ec5110655c52,MG1655,1282400,1288800,1285600,6400,100,1603,rep1,False,0,0,F:\Micro-C\micro-c数据\GSE272159_37C_rep1.mapq_30.10.cool,medium,800,True,MG1655:10,train
WIN_medium_3edffb1b4a72f1d4,MG1655,1283200,1289600,1286400,6400,100,1604,rep1,False,0,0,F:\Micro-C\micro-c数据\GSE272159_37C_rep1.mapq_30.10.cool,medium,800,True,MG1655:10,train
WIN_medium_741e1b06fa2ae391,MG1655,1284000,1290400,1287200,6400,100,1605,rep1,False,0,0,F:\Micro-C\micro-c数据\GSE272159_37C_rep1.mapq_30.10.cool,medium,800,True,MG1655:10,train
WIN_medium_e288f5be90d7d331,MG1655,1284800,1291200,1288000,6400,100,1606,rep1,False,0,0,F:\Micro-C\micro-c数据\GSE272159_37C_rep1.mapq_30.10.cool,medium,800,True,MG1655:10,train
WIN_medium_e3aec5327eed5ac7,MG1655,1285600,1292000,1288800,6400,100,1607,rep1,False,0,0,F:\Micro-C\micro-c数据\GSE272159_37C_rep1.mapq_30.10.cool,medium,800,True,MG1655:10,train
WIN_medium_9c3f8df0fa1816fa,MG1655,1286400,1292800,1289600,6400,100,1608,rep1,False,0,0,F:\Micro-C\micro-c数据\GSE272159_37C_rep1.mapq_30.10.cool,medium,800,True,MG1655:10,train
WIN_medium_b944eefab059a778,MG1655,1287200,1293600,1290400,6400,100,1609,rep1,False,0,0,F:\Micro-C\micro-c数据\GSE272159_37C_rep1.mapq_30.10.cool,medium,800,True,MG1655:10,train
WIN_medium_386c952dec639038,MG1655,1288000,1294400,1291200,6400,100,1610,rep1,False,0,0,F:\Micro-C\micro-c数据\GSE272159_37C_rep1.mapq_30.10.cool,medium,800,True,MG1655:10,train
WIN_medium_abc9a7db31ff5bf5,MG1655,1288800,1295200,1292000,6400,100,1611,rep1,False,0,0,F:\Micro-C\micro-c数据\GSE272159_37C_rep1.mapq_30.10.cool,medium,800,True,MG1655:10,train
WIN_medium_b9f31da574dc71b5,MG1655,1316800,1323200,1320000,6400,100,1646,rep1,False,0,0,F:\Micro-C\micro-c数据\GSE272159_37C_rep1.mapq_30.10.cool,medium,800,True,MG1655:10,train
WIN_medium_e2cef3d9e06ed23e,MG1655,1317600,1324000,1320800,6400,100,1647,rep1,False,0,0,F:\Micro-C\micro-c数据\GSE272159_37C_rep1.mapq_30.10.cool,medium,800,True,MG1655:10,train
WIN_medium_c2d13b792a7b10de,MG1655,1318400,1324800,1321600,6400,100,1648,rep1,False,0,0,F:\Micro-C\micro-c数据\GSE272159_37C_rep1.mapq_30.10.cool,medium,800,True,MG1655:10,train
WIN_medium_e232ad7f0138fc07,MG1655,1319200,1325600,1322400,6400,100,1649,rep1,False,0,0,F:\Micro-C\micro-c数据\GSE272159_37C_rep1.mapq_30.10.cool,medium,800,True,MG1655:10,train
WIN_medium_7a8df07e9a946b51,MG1655,1320000,1326400,1323200,6400,100,1650,rep1,False,0,0,F:\Micro-C\micro-c数据\GSE272159_37C_rep1.mapq_30.10.cool,medium,800,True,MG1655:10,train
WIN_medium_a622e287be9eaca9,MG1655,1320800,1327200,1324000,6400,100,1651,rep1,False,0,0,F:\Micro-C\micro-c数据\GSE272159_37C_rep1.mapq_30.10.cool,medium,800,True,MG1655:10,train
WIN_medium_b0d16d92e368f4fb,MG1655,1321600,1328000,1324800,6400,100,1652,rep1,False,0,0,F:\Micro-C\micro-c数据\GSE272159_37C_rep1.mapq_30.10.cool,medium,800,True,MG1655:10,train
WIN_medium_9ede39f5778e33bb,MG1655,1322400,1328800,1325600,6400,100,1653,rep1,False,0,0,F:\Micro-C\micro-c数据\GSE272159_37C_rep1.mapq_30.10.cool,medium,800,True,MG1655:10,train
WIN_medium_62441dd56c4d1b91,MG1655,1323200,1329600,1326400,6400,100,1654,rep1,False,0,0,F:\Micro-C\micro-c数据\GSE272159_37C_rep1.mapq_30.10.cool,medium,800,True,MG1655:10,train
WIN_medium_d891b7c440c9e8d3,MG1655,1324000,1330400,1327200,6400,100,1655,rep1,False,0,0,F:\Micro-C\micro-c数据\GSE272159_37C_rep1.mapq_30.10.cool,medium,800,True,MG1655:10,train
WIN_medium_a9bcb524d9b97271,MG1655,1324800,1331200,1328000,6400,100,1656,rep1,False,0,0,F:\Micro-C\micro-c数据\GSE272159_37C_rep1.mapq_30.10.cool,medium,800,True,MG1655:10,train
WIN_medium_bf998d9650beaaee,MG1655,1325600,1332000,1328800,6400,100,1657,rep1,False,0,0,F:\Micro-C\micro-c数据\GSE272159_37C_rep1.mapq_30.10.cool,medium,800,True,MG1655:10,train
WIN_medium_275de7d92d92cdbf,MG1655,1326400,1332800,1329600,6400,100,1658,rep1,False,0,0,F:\Micro-C\micro-c数据\GSE272159_37C_rep1.mapq_30.10.cool,medium,800,True,MG1655:10,train
WIN_medium_e0e36bdf4136aec0,MG1655,1327200,1333600,1330400,6400,100,1659,rep1,False,0,0,F:\Micro-C\micro-c数据\GSE272159_37C_rep1.mapq_30.10.cool,medium,800,True,MG1655:10,train
WIN_medium_ea37198d26f8da34,MG1655,1328000,1334400,1331200,6400,100,1660,rep1,False,0,0,F:\Micro-C\micro-c数据\GSE272159_37C_rep1.mapq_30.10.cool,medium,800,True,MG1655:10,train
WIN_medium_6db45ef855399cad,MG1655,1328800,1335200,1332000,6400,100,1661,rep1,False,0,0,F:\Micro-C\micro-c数据\GSE272159_37C_rep1.mapq_30.10.cool,medium,800,True,MG1655:10,train
WIN_medium_6a3bbbc15d73b3f1,MG1655,1329600,1336000,1332800,6400,100,1662,rep1,False,0,0,F:\Micro-C\micro-c数据\GSE272159_37C_rep1.mapq_30.10.cool,medium,800,True,MG1655:10,train
WIN_medium_606457eb2a87e6e3,MG1655,1330400,1336800,1333600,6400,100,1663,rep1,False,0,0,F:\Micro-C\micro-c数据\GSE272159_37C_rep1.mapq_30.10.cool,medium,800,True,MG1655:10,train
WIN_medium_e3ad9af66429dbe5,MG1655,1331200,1337600,1334400,6400,100,1664,rep1,False,0,0,F:\Micro-C\micro-c数据\GSE272159_37C_rep1.mapq_30.10.cool,medium,800,True,MG1655:10,train
WIN_medium_e2437f4eb90404a1,MG1655,1342400,1348800,1345600,6400,100,1678,rep1,False,0,0,F:\Micro-C\micro-c数据\GSE272159_37C_rep1.mapq_30.10.cool,medium,800,True,MG1655:10,train
WIN_medium_9babcd6b742a9a26,MG1655,1343200,1349600,1346400,6400,100,1679,rep1,False,0,0,F:\Micro-C\micro-c数据\GSE272159_37C_rep1.mapq_30.10.cool,medium,800,True,MG1655:10,train
WIN_medium_180a6704b562b2f6,MG1655,1358400,1364800,1361600,6400,100,1698,rep1,False,0,0,F:\Micro-C\micro-c数据\GSE272159_37C_rep1.mapq_30.10.cool,medium,800,True,MG1655:10,train
WIN_medium_2f3d0717b38b58a4,MG1655,1359200,1365600,1362400,6400,100,1699,rep1,False,0,0,F:\Micro-C\micro-c数据\GSE272159_37C_rep1.mapq_30.10.cool,medium,800,True,MG1655:10,train
WIN_medium_a294e6b7569cf562,MG1655,1360000,1366400,1363200,6400,100,1700,rep1,False,0,0,F:\Micro-C\micro-c数据\GSE272159_37C_rep1.mapq_30.10.cool,medium,800,True,MG1655:10,train
WIN_medium_959c49c100e2fa98,MG1655,1360800,1367200,1364000,6400,100,1701,rep1,False,0,0,F:\Micro-C\micro-c数据\GSE272159_37C_rep1.mapq_30.10.cool,medium,800,True,MG1655:10,train
WIN_medium_bdd3de6d1a679188,MG1655,1361600,1368000,1364800,6400,100,1702,rep1,False,0,0,F:\Micro-C\micro-c数据\GSE272159_37C_rep1.mapq_30.10.cool,medium,800,True,MG1655:10,train
WIN_medium_e24d1f08d5724990,MG1655,1362400,1368800,1365600,6400,100,1703,rep1,False,0,0,F:\Micro-C\micro-c数据\GSE272159_37C_rep1.mapq_30.10.cool,medium,800,True,MG1655:10,train
WIN_medium_110a1e711351c3db,MG1655,1363200,1369600,1366400,6400,100,1704,rep1,False,0,0,F:\Micro-C\micro-c数据\GSE272159_37C_rep1.mapq_30.10.cool,medium,800,True,MG1655:10,train
WIN_medium_936ce2f9d61e6228,MG1655,1372800,1379200,1376000,6400,100,1716,rep1,False,0,0,F:\Micro-C\micro-c数据\GSE272159_37C_rep1.mapq_30.10.cool,medium,800,True,MG1655:10,train
WIN_medium_c2bc46fc90689fb8,MG1655,1373600,1380000,1376800,6400,100,1717,rep1,False,0,0,F:\Micro-C\micro-c数据\GSE272159_37C_rep1.mapq_30.10.cool,medium,800,True,MG1655:10,train
WIN_medium_43e8f4a5605ef83a,MG1655,1374400,1380800,1377600,6400,100,1718,rep1,False,0,0,F:\Micro-C\micro-c数据\GSE272159_37C_rep1.mapq_30.10.cool,medium,800,True,MG1655:10,train
WIN_medium_47bf979c14f48d97,MG1655,1384000,1390400,1387200,6400,100,1730,rep1,False,0,0,F:\Micro-C\micro-c数据\GSE272159_37C_rep1.mapq_30.10.cool,medium,800,True,MG1655:10,train
WIN_medium_7288ac2c2531d1c3,MG1655,1384800,1391200,1388000,6400,100,1731,rep1,False,0,0,F:\Micro-C\micro-c数据\GSE272159_37C_rep1.mapq_30.10.cool,medium,800,True,MG1655:10,train
WIN_medium_fddb2cbb3f1c56cb,MG1655,1385600,1392000,1388800,6400,100,1732,rep1,False,0,0,F:\Micro-C\micro-c数据\GSE272159_37C_rep1.mapq_30.10.cool,medium,800,True,MG1655:10,train
WIN_medium_6ac4e801283d940c,MG1655,1386400,1392800,1389600,6400,100,1733,rep1,False,0,0,F:\Micro-C\micro-c数据\GSE272159_37C_rep1.mapq_30.10.cool,medium,800,True,MG1655:10,train
WIN_medium_75f6bc77158d4f9c,MG1655,1387200,1393600,1390400,6400,100,1734,rep1,False,0,0,F:\Micro-C\micro-c数据\GSE272159_37C_rep1.mapq_30.10.cool,medium,800,True,MG1655:10,train
WIN_medium_86ef03c01ce80c23,MG1655,1396800,1403200,1400000,6400,100,1746,rep1,True,3,3,F:\Micro-C\micro-c数据\GSE272159_37C_rep1.mapq_30.10.cool,medium,800,True,MG1655:10,train
WIN_medium_bd1567fb98b30fc9,MG1655,1397600,1404000,1400800,6400,100,1747,rep1,False,0,0,F:\Micro-C\micro-c数据\GSE272159_37C_rep1.mapq_30.10.cool,medium,800,True,MG1655:10,train
WIN_medium_7fcfd553d44e3e18,MG1655,1398400,1404800,1401600,6400,100,1748,rep1,False,0,0,F:\Micro-C\micro-c数据\GSE272159_37C_rep1.mapq_30.10.cool,medium,800,True,MG1655:10,train
WIN_medium_fc1d113561424412,MG1655,1399200,1405600,1402400,6400,100,1749,rep1,False,0,0,F:\Micro-C\micro-c数据\GSE272159_37C_rep1.mapq_30.10.cool,medium,800,True,MG1655:10,train
WIN_medium_785fc4ee0b25fcf3,MG1655,1400000,1406400,1403200,6400,100,1750,rep1,False,0,0,F:\Micro-C\micro-c数据\GSE272159_37C_rep1.mapq_30.10.cool,medium,800,True,MG1655:10,train
WIN_medium_b4d3b0536dfb86ac,MG1655,1400800,1407200,1404000,6400,100,1751,rep1,False,0,0,F:\Micro-C\micro-c数据\GSE272159_37C_rep1.mapq_30.10.cool,medium,800,True,MG1655:10,train
WIN_medium_7ae8f6e4c7c27b56,MG1655,1401600,1408000,1404800,6400,100,1752,rep1,False,0,0,F:\Micro-C\micro-c数据\GSE272159_37C_rep1.mapq_30.10.cool,medium,800,True,MG1655:10,train
WIN_medium_da00aa96e92f64a2,MG1655,1420800,1427200,1424000,6400,100,1776,rep1,False,0,0,F:\Micro-C\micro-c数据\GSE272159_37C_rep1.mapq_30.10.cool,medium,800,True,MG1655:11,train
WIN_medium_efb9b55257541fc9,MG1655,1421600,1428000,1424800,6400,100,1777,rep1,False,0,0,F:\Micro-C\micro-c数据\GSE272159_37C_rep1.mapq_30.10.cool,medium,800,True,MG1655:11,train
WIN_medium_5ed2ca0209fac59c,MG1655,1422400,1428800,1425600,6400,100,1778,rep1,False,0,0,F:\Micro-C\micro-c数据\GSE272159_37C_rep1.mapq_30.10.cool,medium,800,True,MG1655:11,train
WIN_medium_7be9671d64be605e,MG1655,1423200,1429600,1426400,6400,100,1779,rep1,False,0,0,F:\Micro-C\micro-c数据\GSE272159_37C_rep1.mapq_30.10.cool,medium,800,True,MG1655:11,train
WIN_medium_1437a715f95dbc35,MG1655,1424000,1430400,1427200,6400,100,1780,rep1,False,0,0,F:\Micro-C\micro-c数据\GSE272159_37C_rep1.mapq_30.10.cool,medium,800,True,MG1655:11,train
WIN_medium_1db3684f646a9a25,MG1655,1424800,1431200,1428000,6400,100,1781,rep1,False,0,0,F:\Micro-C\micro-c数据\GSE272159_37C_rep1.mapq_30.10.cool,medium,800,True,MG1655:11,train
WIN_medium_efcdff25cb8413c3,MG1655,1425600,1432000,1428800,6400,100,1782,rep1,False,0,0,F:\Micro-C\micro-c数据\GSE272159_37C_rep1.mapq_30.10.cool,medium,800,True,MG1655:11,train
WIN_medium_97169b506a3fe29e,MG1655,1426400,1432800,1429600,6400,100,1783,rep1,True,4,4,F:\Micro-C\micro-c数据\GSE272159_37C_rep1.mapq_30.10.cool,medium,800,True,MG1655:11,train
WIN_medium_6baf167ff479b6be,MG1655,1427200,1433600,1430400,6400,100,1784,rep1,True,10,10,F:\Micro-C\micro-c数据\GSE272159_37C_rep1.mapq_30.10.cool,medium,800,True,MG1655:11,train
WIN_medium_a4fd3880968d076d,MG1655,1428000,1434400,1431200,6400,100,1785,rep1,True,14,14,F:\Micro-C\micro-c数据\GSE272159_37C_rep1.mapq_30.10.cool,medium,800,True,MG1655:11,train
WIN_medium_c2b41a1584fad1d6,MG1655,1428800,1435200,1432000,6400,100,1786,rep1,True,14,14,F:\Micro-C\micro-c数据\GSE272159_37C_rep1.mapq_30.10.cool,medium,800,True,MG1655:11,train
WIN_medium_167d107217b99a03,MG1655,1429600,1436000,1432800,6400,100,1787,rep1,True,14,14,F:\Micro-C\micro-c数据\GSE272159_37C_rep1.mapq_30.10.cool,medium,800,True,MG1655:11,train
WIN_medium_d2477970fa66a9b3,MG1655,1430400,1436800,1433600,6400,100,1788,rep1,True,14,14,F:\Micro-C\micro-c数据\GSE272159_37C_rep1.mapq_30.10.cool,medium,800,True,MG1655:11,train
WIN_medium_e50772013e18e33b,MG1655,1431200,1437600,1434400,6400,100,1789,rep1,True,13,13,F:\Micro-C\micro-c数据\GSE272159_37C_rep1.mapq_30.10.cool,medium,800,True,MG1655:11,train
WIN_medium_4685a765e9ff2bb3,MG1655,1432000,1438400,1435200,6400,100,1790,rep1,True,13,13,F:\Micro-C\micro-c数据\GSE272159_37C_rep1.mapq_30.10.cool,medium,800,True,MG1655:11,train
WIN_medium_330786d42b9a32cd,MG1655,1432800,1439200,1436000,6400,100,1791,rep1,True,9,9,F:\Micro-C\micro-c数据\GSE272159_37C_rep1.mapq_30.10.cool,medium,800,True,MG1655:11,train
WIN_medium_3f4d269c5f4831b3,MG1655,1433600,1440000,1436800,6400,100,1792,rep1,True,4,4,F:\Micro-C\micro-c数据\GSE272159_37C_rep1.mapq_30.10.cool,medium,800,True,MG1655:11,train
WIN_medium_9fc59aa871e0b31e,MG1655,1434400,1440800,1437600,6400,100,1793,rep1,False,0,0,F:\Micro-C\micro-c数据\GSE272159_37C_rep1.mapq_30.10.cool,medium,800,True,MG1655:11,train
WIN_medium_c2348506483fbe99,MG1655,1435200,1441600,1438400,6400,100,1794,rep1,False,0,0,F:\Micro-C\micro-c数据\GSE272159_37C_rep1.mapq_30.10.cool,medium,800,True,MG1655:11,train
WIN_medium_3683683d7f042b9c,MG1655,1436000,1442400,1439200,6400,100,1795,rep1,False,0,0,F:\Micro-C\micro-c数据\GSE272159_37C_rep1.mapq_30.10.cool,medium,800,True,MG1655:11,train
WIN_medium_13d5973bd179150b,MG1655,1436800,1443200,1440000,6400,100,1796,rep1,False,0,0,F:\Micro-C\micro-c数据\GSE272159_37C_rep1.mapq_30.10.cool,medium,800,True,MG1655:11,train
WIN_medium_61ca71efcad3d473,MG1655,1437600,1444000,1440800,6400,100,1797,rep1,False,0,0,F:\Micro-C\micro-c数据\GSE272159_37C_rep1.mapq_30.10.cool,medium,800,True,MG1655:11,train
WIN_medium_4527baeb22af908d,MG1655,1438400,1444800,1441600,6400,100,1798,rep1,False,0,0,F:\Micro-C\micro-c数据\GSE272159_37C_rep1.mapq_30.10.cool,medium,800,True,MG1655:11,train
WIN_medium_c27ca69b19e7c24d,MG1655,1439200,1445600,1442400,6400,100,1799,rep1,False,0,0,F:\Micro-C\micro-c数据\GSE272159_37C_rep1.mapq_30.10.cool,medium,800,True,MG1655:11,train
WIN_medium_dccc79b7d68b013c,MG1655,1440000,1446400,1443200,6400,100,1800,rep1,False,0,0,F:\Micro-C\micro-c数据\GSE272159_37C_rep1.mapq_30.10.cool,medium,800,True,MG1655:11,train
WIN_medium_455dd0c6e3316859,MG1655,1440800,1447200,1444000,6400,100,1801,rep1,False,0,0,F:\Micro-C\micro-c数据\GSE272159_37C_rep1.mapq_30.10.cool,medium,800,True,MG1655:11,train
WIN_medium_8ef7f4700f19f9e5,MG1655,1441600,1448000,1444800,6400,100,1802,rep1,False,0,0,F:\Micro-C\micro-c数据\GSE272159_37C_rep1.mapq_30.10.cool,medium,800,True,MG1655:11,train
WIN_medium_330cc52208165ce0,MG1655,1442400,1448800,1445600,6400,100,1803,rep1,False,0,0,F:\Micro-C\micro-c数据\GSE272159_37C_rep1.mapq_30.10.cool,medium,800,True,MG1655:11,train
WIN_medium_6d87511af5328edb,MG1655,1443200,1449600,1446400,6400,100,1804,rep1,False,0,0,F:\Micro-C\micro-c数据\GSE272159_37C_rep1.mapq_30.10.cool,medium,800,True,MG1655:11,train
WIN_medium_3e192ea359d1a5f7,MG1655,1444000,1450400,1447200,6400,100,1805,rep1,False,0,0,F:\Micro-C\micro-c数据\GSE272159_37C_rep1.mapq_30.10.cool,medium,800,True,MG1655:11,train
WIN_medium_f5978f323e62c5bc,MG1655,1444800,1451200,1448000,6400,100,1806,rep1,False,0,0,F:\Micro-C\micro-c数据\GSE272159_37C_rep1.mapq_30.10.cool,medium,800,True,MG1655:11,train
WIN_medium_d2685ba9403b74b0,MG1655,1445600,1452000,1448800,6400,100,1807,rep1,False,0,0,F:\Micro-C\micro-c数据\GSE272159_37C_rep1.mapq_30.10.cool,medium,800,True,MG1655:11,train
WIN_medium_b14cd935e3d2f10a,MG1655,1446400,1452800,1449600,6400,100,1808,rep1,False,0,0,F:\Micro-C\micro-c数据\GSE272159_37C_rep1.mapq_30.10.cool,medium,800,True,MG1655:11,train
WIN_medium_c09fe0fb74d400c2,MG1655,1447200,1453600,1450400,6400,100,1809,rep1,False,0,0,F:\Micro-C\micro-c数据\GSE272159_37C_rep1.mapq_30.10.cool,medium,800,True,MG1655:11,train
WIN_medium_ab9a37b5da7295df,MG1655,1448000,1454400,1451200,6400,100,1810,rep1,False,0,0,F:\Micro-C\micro-c数据\GSE272159_37C_rep1.mapq_30.10.cool,medium,800,True,MG1655:11,train
WIN_medium_bf5936938c052699,MG1655,1448800,1455200,1452000,6400,100,1811,rep1,False,0,0,F:\Micro-C\micro-c数据\GSE272159_37C_rep1.mapq_30.10.cool,medium,800,True,MG1655:11,train
WIN_medium_d082d56a0ba9626d,MG1655,1449600,1456000,1452800,6400,100,1812,rep1,False,0,0,F:\Micro-C\micro-c数据\GSE272159_37C_rep1.mapq_30.10.cool,medium,800,True,MG1655:11,train
WIN_medium_4b12163096bad564,MG1655,1450400,1456800,1453600,6400,100,1813,rep1,False,0,0,F:\Micro-C\micro-c数据\GSE272159_37C_rep1.mapq_30.10.cool,medium,800,True,MG1655:11,train
WIN_medium_2e7586ada66347f5,MG1655,1451200,1457600,1454400,6400,100,1814,rep1,False,0,0,F:\Micro-C\micro-c数据\GSE272159_37C_rep1.mapq_30.10.cool,medium,800,True,MG1655:11,train
WIN_medium_065bef90098df0e3,MG1655,1452000,1458400,1455200,6400,100,1815,rep1,False,0,0,F:\Micro-C\micro-c数据\GSE272159_37C_rep1.mapq_30.10.cool,medium,800,True,MG1655:11,train
WIN_medium_44feac6913e822e5,MG1655,1452800,1459200,1456000,6400,100,1816,rep1,False,0,0,F:\Micro-C\micro-c数据\GSE272159_37C_rep1.mapq_30.10.cool,medium,800,True,MG1655:11,train
WIN_medium_0e44f930a31a57b7,MG1655,1453600,1460000,1456800,6400,100,1817,rep1,False,0,0,F:\Micro-C\micro-c数据\GSE272159_37C_rep1.mapq_30.10.cool,medium,800,True,MG1655:11,train
WIN_medium_18564423e996a176,MG1655,1454400,1460800,1457600,6400,100,1818,rep1,False,0,0,F:\Micro-C\micro-c数据\GSE272159_37C_rep1.mapq_30.10.cool,medium,800,True,MG1655:11,train
WIN_medium_2c1c99da60937794,MG1655,1455200,1461600,1458400,6400,100,1819,rep1,False,0,0,F:\Micro-C\micro-c数据\GSE272159_37C_rep1.mapq_30.10.cool,medium,800,True,MG1655:11,train
WIN_medium_a6a3bc8205280ff0,MG1655,1456000,1462400,1459200,6400,100,1820,rep1,False,0,0,F:\Micro-C\micro-c数据\GSE272159_37C_rep1.mapq_30.10.cool,medium,800,True,MG1655:11,train
WIN_medium_cc5a71b919cd62e9,MG1655,1456800,1463200,1460000,6400,100,1821,rep1,False,0,0,F:\Micro-C\micro-c数据\GSE272159_37C_rep1.mapq_30.10.cool,medium,800,True,MG1655:11,train
WIN_medium_d8e73252410a4cb0,MG1655,1457600,1464000,1460800,6400,100,1822,rep1,False,0,0,F:\Micro-C\micro-c数据\GSE272159_37C_rep1.mapq_30.10.cool,medium,800,True,MG1655:11,train
WIN_medium_b588164c3d6d6d21,MG1655,1458400,1464800,1461600,6400,100,1823,rep1,False,0,0,F:\Micro-C\micro-c数据\GSE272159_37C_rep1.mapq_30.10.cool,medium,800,True,MG1655:11,train
WIN_medium_75f9982cdcfded3d,MG1655,1459200,1465600,1462400,6400,100,1824,rep1,False,0,0,F:\Micro-C\micro-c数据\GSE272159_37C_rep1.mapq_30.10.cool,medium,800,True,MG1655:11,train
WIN_medium_4f47e238d259fa61,MG1655,1460000,1466400,1463200,6400,100,1825,rep1,False,0,0,F:\Micro-C\micro-c数据\GSE272159_37C_rep1.mapq_30.10.cool,medium,800,True,MG1655:11,train
WIN_medium_641dd381e7b93c5f,MG1655,1460800,1467200,1464000,6400,100,1826,rep1,False,0,0,F:\Micro-C\micro-c数据\GSE272159_37C_rep1.mapq_30.10.cool,medium,800,True,MG1655:11,train
WIN_medium_e99ecc29d56a198c,MG1655,1461600,1468000,1464800,6400,100,1827,rep1,False,0,0,F:\Micro-C\micro-c数据\GSE272159_37C_rep1.mapq_30.10.cool,medium,800,True,MG1655:11,train
WIN_medium_204c98e6230f7614,MG1655,1462400,1468800,1465600,6400,100,1828,rep1,True,8,8,F:\Micro-C\micro-c数据\GSE272159_37C_rep1.mapq_30.10.cool,medium,800,True,MG1655:11,train
WIN_medium_1e13c194275bee13,MG1655,1463200,1469600,1466400,6400,100,1829,rep1,True,13,13,F:\Micro-C\micro-c数据\GSE272159_37C_rep1.mapq_30.10.cool,medium,800,True,MG1655:11,train
WIN_medium_6e2f3028d26dc105,MG1655,1464000,1470400,1467200,6400,100,1830,rep1,True,21,21,F:\Micro-C\micro-c数据\GSE272159_37C_rep1.mapq_30.10.cool,medium,800,True,MG1655:11,train
WIN_medium_b52a93b9a6f82991,MG1655,1464800,1471200,1468000,6400,100,1831,rep1,True,21,21,F:\Micro-C\micro-c数据\GSE272159_37C_rep1.mapq_30.10.cool,medium,800,True,MG1655:11,train
WIN_medium_284f2013d4508caf,MG1655,1465600,1472000,1468800,6400,100,1832,rep1,True,21,21,F:\Micro-C\micro-c数据\GSE272159_37C_rep1.mapq_30.10.cool,medium,800,True,MG1655:11,train
WIN_medium_05e1b93b722f4321,MG1655,1466400,1472800,1469600,6400,100,1833,rep1,True,21,21,F:\Micro-C\micro-c数据\GSE272159_37C_rep1.mapq_30.10.cool,medium,800,True,MG1655:11,train
WIN_medium_300c3cb78f3118cf,MG1655,1467200,1473600,1470400,6400,100,1834,rep1,True,21,21,F:\Micro-C\micro-c数据\GSE272159_37C_rep1.mapq_30.10.cool,medium,800,True,MG1655:11,train
WIN_medium_1bb0cbf8cecfcffd,MG1655,1468000,1474400,1471200,6400,100,1835,rep1,True,21,21,F:\Micro-C\micro-c数据\GSE272159_37C_rep1.mapq_30.10.cool,medium,800,True,MG1655:11,train
WIN_medium_632cdf1c254510b5,MG1655,1468800,1475200,1472000,6400,100,1836,rep1,True,13,13,F:\Micro-C\micro-c数据\GSE272159_37C_rep1.mapq_30.10.cool,medium,800,True,MG1655:11,train
WIN_medium_b1a3b5f74a7465ca,MG1655,1480000,1486400,1483200,6400,100,1850,rep1,False,0,0,F:\Micro-C\micro-c数据\GSE272159_37C_rep1.mapq_30.10.cool,medium,800,True,MG1655:11,train
WIN_medium_0ff2f167c827d0e2,MG1655,1480800,1487200,1484000,6400,100,1851,rep1,False,0,0,F:\Micro-C\micro-c数据\GSE272159_37C_rep1.mapq_30.10.cool,medium,800,True,MG1655:11,train
WIN_medium_54f274a20e5476e7,MG1655,1481600,1488000,1484800,6400,100,1852,rep1,False,0,0,F:\Micro-C\micro-c数据\GSE272159_37C_rep1.mapq_30.10.cool,medium,800,True,MG1655:11,train
WIN_medium_58edcb3d765a1c3d,MG1655,1482400,1488800,1485600,6400,100,1853,rep1,False,0,0,F:\Micro-C\micro-c数据\GSE272159_37C_rep1.mapq_30.10.cool,medium,800,True,MG1655:11,train
WIN_medium_be0080cccb08c6aa,MG1655,1483200,1489600,1486400,6400,100,1854,rep1,False,0,0,F:\Micro-C\micro-c数据\GSE272159_37C_rep1.mapq_30.10.cool,medium,800,True,MG1655:11,train
WIN_medium_9310c8163c5863fc,MG1655,1484000,1490400,1487200,6400,100,1855,rep1,False,0,0,F:\Micro-C\micro-c数据\GSE272159_37C_rep1.mapq_30.10.cool,medium,800,True,MG1655:11,train
WIN_medium_e22fc0ca96f741ad,MG1655,1484800,1491200,1488000,6400,100,1856,rep1,False,0,0,F:\Micro-C\micro-c数据\GSE272159_37C_rep1.mapq_30.10.cool,medium,800,True,MG1655:11,train
WIN_medium_42b9ff8ed04562f5,MG1655,1485600,1492000,1488800,6400,100,1857,rep1,False,0,0,F:\Micro-C\micro-c数据\GSE272159_37C_rep1.mapq_30.10.cool,medium,800,True,MG1655:11,train
WIN_medium_75f55e8181811ab9,MG1655,1486400,1492800,1489600,6400,100,1858,rep1,False,0,0,F:\Micro-C\micro-c数据\GSE272159_37C_rep1.mapq_30.10.cool,medium,800,True,MG1655:11,train
WIN_medium_090f92ad616829b4,MG1655,1487200,1493600,1490400,6400,100,1859,rep1,False,0,0,F:\Micro-C\micro-c数据\GSE272159_37C_rep1.mapq_30.10.cool,medium,800,True,MG1655:11,train
WIN_medium_c94df3d018c21b53,MG1655,1488000,1494400,1491200,6400,100,1860,rep1,False,0,0,F:\Micro-C\micro-c数据\GSE272159_37C_rep1.mapq_30.10.cool,medium,800,True,MG1655:11,train
WIN_medium_eea3ca1af5a9c1fe,MG1655,1488800,1495200,1492000,6400,100,1861,rep1,False,0,0,F:\Micro-C\micro-c数据\GSE272159_37C_rep1.mapq_30.10.cool,medium,800,True,MG1655:11,train
WIN_medium_f06363f5fde824bf,MG1655,1489600,1496000,1492800,6400,100,1862,rep1,False,0,0,F:\Micro-C\micro-c数据\GSE272159_37C_rep1.mapq_30.10.cool,medium,800,True,MG1655:11,train
WIN_medium_ada77af19a34725d,MG1655,1490400,1496800,1493600,6400,100,1863,rep1,False,0,0,F:\Micro-C\micro-c数据\GSE272159_37C_rep1.mapq_30.10.cool,medium,800,True,MG1655:11,train
WIN_medium_b0b53b2f5babde36,MG1655,1491200,1497600,1494400,6400,100,1864,rep1,False,0,0,F:\Micro-C\micro-c数据\GSE272159_37C_rep1.mapq_30.10.cool,medium,800,True,MG1655:11,train
WIN_medium_8594e6b33493c421,MG1655,1492000,1498400,1495200,6400,100,1865,rep1,False,0,0,F:\Micro-C\micro-c数据\GSE272159_37C_rep1.mapq_30.10.cool,medium,800,True,MG1655:11,train
WIN_medium_5889941c7a2fdd4d,MG1655,1492800,1499200,1496000,6400,100,1866,rep1,False,0,0,F:\Micro-C\micro-c数据\GSE272159_37C_rep1.mapq_30.10.cool,medium,800,True,MG1655:11,train
WIN_medium_539b028a3f77d5de,MG1655,1493600,1500000,1496800,6400,100,1867,rep1,False,0,0,F:\Micro-C\micro-c数据\GSE272159_37C_rep1.mapq_30.10.cool,medium,800,True,MG1655:11,train
WIN_medium_ab43dfd9098f062b,MG1655,1494400,1500800,1497600,6400,100,1868,rep1,False,0,0,F:\Micro-C\micro-c数据\GSE272159_37C_rep1.mapq_30.10.cool,medium,800,True,MG1655:11,train
WIN_medium_a763f556edd3b923,MG1655,1495200,1501600,1498400,6400,100,1869,rep1,False,0,0,F:\Micro-C\micro-c数据\GSE272159_37C_rep1.mapq_30.10.cool,medium,800,True,MG1655:11,train
WIN_medium_124798d8b3df22f5,MG1655,1496000,1502400,1499200,6400,100,1870,rep1,False,0,0,F:\Micro-C\micro-c数据\GSE272159_37C_rep1.mapq_30.10.cool,medium,800,True,MG1655:11,train
WIN_medium_a6c03b640cbf9b55,MG1655,1496800,1503200,1500000,6400,100,1871,rep1,False,0,0,F:\Micro-C\micro-c数据\GSE272159_37C_rep1.mapq_30.10.cool,medium,800,True,MG1655:11,train
WIN_medium_153691e8999e133e,MG1655,1497600,1504000,1500800,6400,100,1872,rep1,False,0,0,F:\Micro-C\micro-c数据\GSE272159_37C_rep1.mapq_30.10.cool,medium,800,True,MG1655:11,train
WIN_medium_9b57ab20227e1d6f,MG1655,1498400,1504800,1501600,6400,100,1873,rep1,False,0,0,F:\Micro-C\micro-c数据\GSE272159_37C_rep1.mapq_30.10.cool,medium,800,True,MG1655:11,train
WIN_medium_bb17d00899f390cc,MG1655,1499200,1505600,1502400,6400,100,1874,rep1,False,0,0,F:\Micro-C\micro-c数据\GSE272159_37C_rep1.mapq_30.10.cool,medium,800,True,MG1655:11,train
WIN_medium_b9fae5b00d9c1f52,MG1655,1500000,1506400,1503200,6400,100,1875,rep1,False,0,0,F:\Micro-C\micro-c数据\GSE272159_37C_rep1.mapq_30.10.cool,medium,800,True,MG1655:11,train
WIN_medium_2ea7eb4290e3cc4d,MG1655,1500800,1507200,1504000,6400,100,1876,rep1,False,0,0,F:\Micro-C\micro-c数据\GSE272159_37C_rep1.mapq_30.10.cool,medium,800,True,MG1655:11,train
WIN_medium_27c6412577441acd,MG1655,1501600,1508000,1504800,6400,100,1877,rep1,False,0,0,F:\Micro-C\micro-c数据\GSE272159_37C_rep1.mapq_30.10.cool,medium,800,True,MG1655:11,train
WIN_medium_ca88c6eaa440fa97,MG1655,1502400,1508800,1505600,6400,100,1878,rep1,False,0,0,F:\Micro-C\micro-c数据\GSE272159_37C_rep1.mapq_30.10.cool,medium,800,True,MG1655:11,train
WIN_medium_40d211c913cbaed7,MG1655,1503200,1509600,1506400,6400,100,1879,rep1,False,0,0,F:\Micro-C\micro-c数据\GSE272159_37C_rep1.mapq_30.10.cool,medium,800,True,MG1655:11,train
WIN_medium_814bbfc9f8a2f01d,MG1655,1504000,1510400,1507200,6400,100,1880,rep1,False,0,0,F:\Micro-C\micro-c数据\GSE272159_37C_rep1.mapq_30.10.cool,medium,800,True,MG1655:11,train
WIN_medium_bb801cd1fe5a4f73,MG1655,1504800,1511200,1508000,6400,100,1881,rep1,False,0,0,F:\Micro-C\micro-c数据\GSE272159_37C_rep1.mapq_30.10.cool,medium,800,True,MG1655:11,train
WIN_medium_27353dc91728e5f4,MG1655,1505600,1512000,1508800,6400,100,1882,rep1,False,0,0,F:\Micro-C\micro-c数据\GSE272159_37C_rep1.mapq_30.10.cool,medium,800,True,MG1655:11,train
WIN_medium_677b470b795b63bf,MG1655,1506400,1512800,1509600,6400,100,1883,rep1,False,0,0,F:\Micro-C\micro-c数据\GSE272159_37C_rep1.mapq_30.10.cool,medium,800,True,MG1655:11,train
WIN_medium_820fa1c18b67a711,MG1655,1507200,1513600,1510400,6400,100,1884,rep1,False,0,0,F:\Micro-C\micro-c数据\GSE272159_37C_rep1.mapq_30.10.cool,medium,800,True,MG1655:11,train
WIN_medium_a3d8599496cb4124,MG1655,1508000,1514400,1511200,6400,100,1885,rep1,False,0,0,F:\Micro-C\micro-c数据\GSE272159_37C_rep1.mapq_30.10.cool,medium,800,True,MG1655:11,train
WIN_medium_d568ce132f669750,MG1655,1508800,1515200,1512000,6400,100,1886,rep1,False,0,0,F:\Micro-C\micro-c数据\GSE272159_37C_rep1.mapq_30.10.cool,medium,800,True,MG1655:11,train
WIN_medium_3b5e9ff1468bb499,MG1655,1509600,1516000,1512800,6400,100,1887,rep1,False,0,0,F:\Micro-C\micro-c数据\GSE272159_37C_rep1.mapq_30.10.cool,medium,800,True,MG1655:11,train
WIN_medium_3e65b8370a1381a8,MG1655,1510400,1516800,1513600,6400,100,1888,rep1,False,0,0,F:\Micro-C\micro-c数据\GSE272159_37C_rep1.mapq_30.10.cool,medium,800,True,MG1655:11,train
WIN_medium_2379ee37db361164,MG1655,1511200,1517600,1514400,6400,100,1889,rep1,False,0,0,F:\Micro-C\micro-c数据\GSE272159_37C_rep1.mapq_30.10.cool,medium,800,True,MG1655:11,train
WIN_medium_6925d49ac158ec22,MG1655,1512000,1518400,1515200,6400,100,1890,rep1,False,0,0,F:\Micro-C\micro-c数据\GSE272159_37C_rep1.mapq_30.10.cool,medium,800,True,MG1655:11,train
WIN_medium_b36a93a1b7f3eba5,MG1655,1512800,1519200,1516000,6400,100,1891,rep1,False,0,0,F:\Micro-C\micro-c数据\GSE272159_37C_rep1.mapq_30.10.cool,medium,800,True,MG1655:11,train
WIN_medium_7b5743de5e52ca94,MG1655,1536000,1542400,1539200,6400,100,1920,rep1,False,0,0,F:\Micro-C\micro-c数据\GSE272159_37C_rep1.mapq_30.10.cool,medium,800,True,MG1655:12,train
WIN_medium_657976e2801cafa6,MG1655,1536800,1543200,1540000,6400,100,1921,rep1,False,0,0,F:\Micro-C\micro-c数据\GSE272159_37C_rep1.mapq_30.10.cool,medium,800,True,MG1655:12,train
WIN_medium_6004b29b52857473,MG1655,1547200,1553600,1550400,6400,100,1934,rep1,False,0,0,F:\Micro-C\micro-c数据\GSE272159_37C_rep1.mapq_30.10.cool,medium,800,True,MG1655:12,train
WIN_medium_166a122a2912d389,MG1655,1548000,1554400,1551200,6400,100,1935,rep1,False,0,0,F:\Micro-C\micro-c数据\GSE272159_37C_rep1.mapq_30.10.cool,medium,800,True,MG1655:12,train
WIN_medium_0ae578d27aabd2e3,MG1655,1548800,1555200,1552000,6400,100,1936,rep1,False,0,0,F:\Micro-C\micro-c数据\GSE272159_37C_rep1.mapq_30.10.cool,medium,800,True,MG1655:12,train
WIN_medium_fb37c4304cd69a15,MG1655,1549600,1556000,1552800,6400,100,1937,rep1,False,0,0,F:\Micro-C\micro-c数据\GSE272159_37C_rep1.mapq_30.10.cool,medium,800,True,MG1655:12,train
WIN_medium_4209b8b04dd32611,MG1655,1550400,1556800,1553600,6400,100,1938,rep1,False,0,0,F:\Micro-C\micro-c数据\GSE272159_37C_rep1.mapq_30.10.cool,medium,800,True,MG1655:12,train
WIN_medium_93133f8c6df7b7fe,MG1655,1551200,1557600,1554400,6400,100,1939,rep1,False,0,0,F:\Micro-C\micro-c数据\GSE272159_37C_rep1.mapq_30.10.cool,medium,800,True,MG1655:12,train
WIN_medium_db6b47347e645baa,MG1655,1552000,1558400,1555200,6400,100,1940,rep1,False,0,0,F:\Micro-C\micro-c数据\GSE272159_37C_rep1.mapq_30.10.cool,medium,800,True,MG1655:12,train
WIN_medium_c2f8307768f1fbf7,MG1655,1552800,1559200,1556000,6400,100,1941,rep1,False,0,0,F:\Micro-C\micro-c数据\GSE272159_37C_rep1.mapq_30.10.cool,medium,800,True,MG1655:12,train
WIN_medium_ffabd4aa4ce139d7,MG1655,1553600,1560000,1556800,6400,100,1942,rep1,False,0,0,F:\Micro-C\micro-c数据\GSE272159_37C_rep1.mapq_30.10.cool,medium,800,True,MG1655:12,train
WIN_medium_38e4d5846ecb23c9,MG1655,1554400,1560800,1557600,6400,100,1943,rep1,False,0,0,F:\Micro-C\micro-c数据\GSE272159_37C_rep1.mapq_30.10.cool,medium,800,True,MG1655:12,train
WIN_medium_20bf335ebb7a9911,MG1655,1555200,1561600,1558400,6400,100,1944,rep1,False,0,0,F:\Micro-C\micro-c数据\GSE272159_37C_rep1.mapq_30.10.cool,medium,800,True,MG1655:12,train
WIN_medium_5a2af7c1448aa6c2,MG1655,1556000,1562400,1559200,6400,100,1945,rep1,False,0,0,F:\Micro-C\micro-c数据\GSE272159_37C_rep1.mapq_30.10.cool,medium,800,True,MG1655:12,train
WIN_medium_e6eb24dbab0498c3,MG1655,1556800,1563200,1560000,6400,100,1946,rep1,False,0,0,F:\Micro-C\micro-c数据\GSE272159_37C_rep1.mapq_30.10.cool,medium,800,True,MG1655:12,train
WIN_medium_2d016218cdaa2781,MG1655,1557600,1564000,1560800,6400,100,1947,rep1,False,0,0,F:\Micro-C\micro-c数据\GSE272159_37C_rep1.mapq_30.10.cool,medium,800,True,MG1655:12,train
WIN_medium_6d92e78c232b58f7,MG1655,1558400,1564800,1561600,6400,100,1948,rep1,False,0,0,F:\Micro-C\micro-c数据\GSE272159_37C_rep1.mapq_30.10.cool,medium,800,True,MG1655:12,train
WIN_medium_dfc91856a5a14b3a,MG1655,1559200,1565600,1562400,6400,100,1949,rep1,False,0,0,F:\Micro-C\micro-c数据\GSE272159_37C_rep1.mapq_30.10.cool,medium,800,True,MG1655:12,train
WIN_medium_abd4014b2990f3cb,MG1655,1568000,1574400,1571200,6400,100,1960,rep1,True,8,8,F:\Micro-C\micro-c数据\GSE272159_37C_rep1.mapq_30.10.cool,medium,800,True,MG1655:12,train
WIN_medium_03bc75bde08d99b4,MG1655,1599200,1605600,1602400,6400,100,1999,rep1,False,0,0,F:\Micro-C\micro-c数据\GSE272159_37C_rep1.mapq_30.10.cool,medium,800,True,MG1655:12,train
WIN_medium_ab2e46bfcfa47baf,MG1655,1600000,1606400,1603200,6400,100,2000,rep1,False,0,0,F:\Micro-C\micro-c数据\GSE272159_37C_rep1.mapq_30.10.cool,medium,800,True,MG1655:12,train
WIN_medium_c97c6330da14d690,MG1655,1600800,1607200,1604000,6400,100,2001,rep1,False,0,0,F:\Micro-C\micro-c数据\GSE272159_37C_rep1.mapq_30.10.cool,medium,800,True,MG1655:12,train
WIN_medium_3b842e3f80d38019,MG1655,1601600,1608000,1604800,6400,100,2002,rep1,False,0,0,F:\Micro-C\micro-c数据\GSE272159_37C_rep1.mapq_30.10.cool,medium,800,True,MG1655:12,train
WIN_medium_8f544dfbafcecfbe,MG1655,1602400,1608800,1605600,6400,100,2003,rep1,False,0,0,F:\Micro-C\micro-c数据\GSE272159_37C_rep1.mapq_30.10.cool,medium,800,True,MG1655:12,train
WIN_medium_6ba0a3593d578173,MG1655,1603200,1609600,1606400,6400,100,2004,rep1,False,0,0,F:\Micro-C\micro-c数据\GSE272159_37C_rep1.mapq_30.10.cool,medium,800,True,MG1655:12,train
WIN_medium_261e406055d7618b,MG1655,1604000,1610400,1607200,6400,100,2005,rep1,False,0,0,F:\Micro-C\micro-c数据\GSE272159_37C_rep1.mapq_30.10.cool,medium,800,True,MG1655:12,train
WIN_medium_bf3fa99db95721a8,MG1655,1604800,1611200,1608000,6400,100,2006,rep1,False,0,0,F:\Micro-C\micro-c数据\GSE272159_37C_rep1.mapq_30.10.cool,medium,800,True,MG1655:12,train
WIN_medium_3dda174a800d7493,MG1655,1605600,1612000,1608800,6400,100,2007,rep1,False,0,0,F:\Micro-C\micro-c数据\GSE272159_37C_rep1.mapq_30.10.cool,medium,800,True,MG1655:12,train
WIN_medium_3e6059f8b0293a02,MG1655,1606400,1612800,1609600,6400,100,2008,rep1,False,0,0,F:\Micro-C\micro-c数据\GSE272159_37C_rep1.mapq_30.10.cool,medium,800,True,MG1655:12,train
WIN_medium_6cac25dd03ee546d,MG1655,1607200,1613600,1610400,6400,100,2009,rep1,False,0,0,F:\Micro-C\micro-c数据\GSE272159_37C_rep1.mapq_30.10.cool,medium,800,True,MG1655:12,train
WIN_medium_396418d68fb85762,MG1655,1608000,1614400,1611200,6400,100,2010,rep1,False,0,0,F:\Micro-C\micro-c数据\GSE272159_37C_rep1.mapq_30.10.cool,medium,800,True,MG1655:12,train
WIN_medium_c800ab2cf8e4d4d9,MG1655,1608800,1615200,1612000,6400,100,2011,rep1,False,0,0,F:\Micro-C\micro-c数据\GSE272159_37C_rep1.mapq_30.10.cool,medium,800,True,MG1655:12,train
WIN_medium_8b8040feb61cd07a,MG1655,1617600,1624000,1620800,6400,100,2022,rep1,False,0,0,F:\Micro-C\micro-c数据\GSE272159_37C_rep1.mapq_30.10.cool,medium,800,True,MG1655:12,train
WIN_medium_c9e8322238363a25,MG1655,1618400,1624800,1621600,6400,100,2023,rep1,False,0,0,F:\Micro-C\micro-c数据\GSE272159_37C_rep1.mapq_30.10.cool,medium,800,True,MG1655:12,train
WIN_medium_0bf8cdac9c30e57b,MG1655,1619200,1625600,1622400,6400,100,2024,rep1,False,0,0,F:\Micro-C\micro-c数据\GSE272159_37C_rep1.mapq_30.10.cool,medium,800,True,MG1655:12,train
WIN_medium_fe9b19dea39f1aa3,MG1655,1620000,1626400,1623200,6400,100,2025,rep1,False,0,0,F:\Micro-C\micro-c数据\GSE272159_37C_rep1.mapq_30.10.cool,medium,800,True,MG1655:12,train
WIN_medium_9494296b698b4f12,MG1655,1620800,1627200,1624000,6400,100,2026,rep1,False,0,0,F:\Micro-C\micro-c数据\GSE272159_37C_rep1.mapq_30.10.cool,medium,800,True,MG1655:12,train
WIN_medium_4f8696a7c3c77441,MG1655,1621600,1628000,1624800,6400,100,2027,rep1,False,0,0,F:\Micro-C\micro-c数据\GSE272159_37C_rep1.mapq_30.10.cool,medium,800,True,MG1655:12,train
WIN_medium_22e4dc6e260f3c1c,MG1655,1622400,1628800,1625600,6400,100,2028,rep1,False,0,0,F:\Micro-C\micro-c数据\GSE272159_37C_rep1.mapq_30.10.cool,medium,800,True,MG1655:12,train
WIN_medium_7a340c34b3de51cf,MG1655,1623200,1629600,1626400,6400,100,2029,rep1,False,0,0,F:\Micro-C\micro-c数据\GSE272159_37C_rep1.mapq_30.10.cool,medium,800,True,MG1655:12,train
WIN_medium_152331c9b65abe49,MG1655,1624000,1630400,1627200,6400,100,2030,rep1,False,0,0,F:\Micro-C\micro-c数据\GSE272159_37C_rep1.mapq_30.10.cool,medium,800,True,MG1655:12,train
WIN_medium_b08d8f4f286ca8ef,MG1655,1639200,1645600,1642400,6400,100,2049,rep1,False,0,0,F:\Micro-C\micro-c数据\GSE272159_37C_rep1.mapq_30.10.cool,medium,800,True,MG1655:12,train
WIN_medium_5a566c6209544f41,MG1655,1650400,1656800,1653600,6400,100,2063,rep1,True,4,4,F:\Micro-C\micro-c数据\GSE272159_37C_rep1.mapq_30.10.cool,medium,800,True,MG1655:12,train
WIN_medium_6ad4debdf140940b,MG1655,1651200,1657600,1654400,6400,100,2064,rep1,True,2,2,F:\Micro-C\micro-c数据\GSE272159_37C_rep1.mapq_30.10.cool,medium,800,True,MG1655:12,train
WIN_medium_fc6be38050c4c1c5,MG1655,1652000,1658400,1655200,6400,100,2065,rep1,False,0,0,F:\Micro-C\micro-c数据\GSE272159_37C_rep1.mapq_30.10.cool,medium,800,True,MG1655:12,train
WIN_medium_c4a27c186b8beab0,MG1655,1652800,1659200,1656000,6400,100,2066,rep1,False,0,0,F:\Micro-C\micro-c数据\GSE272159_37C_rep1.mapq_30.10.cool,medium,800,True,MG1655:12,train
WIN_medium_a2bdc4fef1027dff,MG1655,1653600,1660000,1656800,6400,100,2067,rep1,False,0,0,F:\Micro-C\micro-c数据\GSE272159_37C_rep1.mapq_30.10.cool,medium,800,True,MG1655:12,train
WIN_medium_ee0d2e9330a4145b,MG1655,1654400,1660800,1657600,6400,100,2068,rep1,False,0,0,F:\Micro-C\micro-c数据\GSE272159_37C_rep1.mapq_30.10.cool,medium,800,True,MG1655:12,train
WIN_medium_744d634e8f859934,MG1655,1655200,1661600,1658400,6400,100,2069,rep1,False,0,0,F:\Micro-C\micro-c数据\GSE272159_37C_rep1.mapq_30.10.cool,medium,800,True,MG1655:12,train
WIN_medium_d05d29a4548f85c5,MG1655,1656000,1662400,1659200,6400,100,2070,rep1,False,0,0,F:\Micro-C\micro-c数据\GSE272159_37C_rep1.mapq_30.10.cool,medium,800,True,MG1655:12,train
WIN_medium_65005a7a37a1ef49,MG1655,1656800,1663200,1660000,6400,100,2071,rep1,False,0,0,F:\Micro-C\micro-c数据\GSE272159_37C_rep1.mapq_30.10.cool,medium,800,True,MG1655:12,train
WIN_medium_2c20e3c9c84df217,MG1655,1657600,1664000,1660800,6400,100,2072,rep1,False,0,0,F:\Micro-C\micro-c数据\GSE272159_37C_rep1.mapq_30.10.cool,medium,800,True,MG1655:12,train
WIN_medium_52d51c797a4669b1,MG1655,1668800,1675200,1672000,6400,100,2086,rep1,False,0,0,F:\Micro-C\micro-c数据\GSE272159_37C_rep1.mapq_30.10.cool,medium,800,True,MG1655:13,train
WIN_medium_675d4e9b2888cef7,MG1655,1669600,1676000,1672800,6400,100,2087,rep1,False,0,0,F:\Micro-C\micro-c数据\GSE272159_37C_rep1.mapq_30.10.cool,medium,800,True,MG1655:13,train
WIN_medium_80016bc8e3393c3d,MG1655,1670400,1676800,1673600,6400,100,2088,rep1,False,0,0,F:\Micro-C\micro-c数据\GSE272159_37C_rep1.mapq_30.10.cool,medium,800,True,MG1655:13,train
WIN_medium_e595ef91fd55aee7,MG1655,1671200,1677600,1674400,6400,100,2089,rep1,False,0,0,F:\Micro-C\micro-c数据\GSE272159_37C_rep1.mapq_30.10.cool,medium,800,True,MG1655:13,train
WIN_medium_995ed5f6a7ed55ed,MG1655,1672000,1678400,1675200,6400,100,2090,rep1,False,0,0,F:\Micro-C\micro-c数据\GSE272159_37C_rep1.mapq_30.10.cool,medium,800,True,MG1655:13,train
WIN_medium_c5fb4559bcf387ad,MG1655,1672800,1679200,1676000,6400,100,2091,rep1,False,0,0,F:\Micro-C\micro-c数据\GSE272159_37C_rep1.mapq_30.10.cool,medium,800,True,MG1655:13,train
WIN_medium_54b8026f95f84f33,MG1655,1673600,1680000,1676800,6400,100,2092,rep1,False,0,0,F:\Micro-C\micro-c数据\GSE272159_37C_rep1.mapq_30.10.cool,medium,800,True,MG1655:13,train
WIN_medium_bfeb6100829b8b52,MG1655,1674400,1680800,1677600,6400,100,2093,rep1,False,0,0,F:\Micro-C\micro-c数据\GSE272159_37C_rep1.mapq_30.10.cool,medium,800,True,MG1655:13,train
WIN_medium_23420efdd8522eeb,MG1655,1675200,1681600,1678400,6400,100,2094,rep1,False,0,0,F:\Micro-C\micro-c数据\GSE272159_37C_rep1.mapq_30.10.cool,medium,800,True,MG1655:13,train
WIN_medium_a858605fb9a829cd,MG1655,1676000,1682400,1679200,6400,100,2095,rep1,False,0,0,F:\Micro-C\micro-c数据\GSE272159_37C_rep1.mapq_30.10.cool,medium,800,True,MG1655:13,train
WIN_medium_59ce83bae6515e59,MG1655,1676800,1683200,1680000,6400,100,2096,rep1,False,0,0,F:\Micro-C\micro-c数据\GSE272159_37C_rep1.mapq_30.10.cool,medium,800,True,MG1655:13,train
WIN_medium_c8132b4d764e9676,MG1655,1677600,1684000,1680800,6400,100,2097,rep1,False,0,0,F:\Micro-C\micro-c数据\GSE272159_37C_rep1.mapq_30.10.cool,medium,800,True,MG1655:13,train
WIN_medium_c43dc6cfa0d47092,MG1655,1678400,1684800,1681600,6400,100,2098,rep1,False,0,0,F:\Micro-C\micro-c数据\GSE272159_37C_rep1.mapq_30.10.cool,medium,800,True,MG1655:13,train
WIN_medium_a85f61f033056317,MG1655,1679200,1685600,1682400,6400,100,2099,rep1,False,0,0,F:\Micro-C\micro-c数据\GSE272159_37C_rep1.mapq_30.10.cool,medium,800,True,MG1655:13,train
WIN_medium_2fae9007285efe20,MG1655,1680000,1686400,1683200,6400,100,2100,rep1,False,0,0,F:\Micro-C\micro-c数据\GSE272159_37C_rep1.mapq_30.10.cool,medium,800,True,MG1655:13,train
WIN_medium_dbd7fbba07f6e1e1,MG1655,1680800,1687200,1684000,6400,100,2101,rep1,False,0,0,F:\Micro-C\micro-c数据\GSE272159_37C_rep1.mapq_30.10.cool,medium,800,True,MG1655:13,train
WIN_medium_c7ee13c80e800187,MG1655,1681600,1688000,1684800,6400,100,2102,rep1,False,0,0,F:\Micro-C\micro-c数据\GSE272159_37C_rep1.mapq_30.10.cool,medium,800,True,MG1655:13,train
WIN_medium_c24d45f67a5b01c7,MG1655,1682400,1688800,1685600,6400,100,2103,rep1,False,0,0,F:\Micro-C\micro-c数据\GSE272159_37C_rep1.mapq_30.10.cool,medium,800,True,MG1655:13,train
WIN_medium_c6d6ff598703e587,MG1655,1683200,1689600,1686400,6400,100,2104,rep1,False,0,0,F:\Micro-C\micro-c数据\GSE272159_37C_rep1.mapq_30.10.cool,medium,800,True,MG1655:13,train
WIN_medium_63dd9bc637c685d3,MG1655,1684000,1690400,1687200,6400,100,2105,rep1,False,0,0,F:\Micro-C\micro-c数据\GSE272159_37C_rep1.mapq_30.10.cool,medium,800,True,MG1655:13,train
WIN_medium_55a1b23643da777a,MG1655,1684800,1691200,1688000,6400,100,2106,rep1,False,0,0,F:\Micro-C\micro-c数据\GSE272159_37C_rep1.mapq_30.10.cool,medium,800,True,MG1655:13,train
WIN_medium_5304ea4894e96c8e,MG1655,1685600,1692000,1688800,6400,100,2107,rep1,False,0,0,F:\Micro-C\micro-c数据\GSE272159_37C_rep1.mapq_30.10.cool,medium,800,True,MG1655:13,train
WIN_medium_f78e670571072073,MG1655,1686400,1692800,1689600,6400,100,2108,rep1,False,0,0,F:\Micro-C\micro-c数据\GSE272159_37C_rep1.mapq_30.10.cool,medium,800,True,MG1655:13,train
WIN_medium_4c9332444ae71e39,MG1655,1687200,1693600,1690400,6400,100,2109,rep1,False,0,0,F:\Micro-C\micro-c数据\GSE272159_37C_rep1.mapq_30.10.cool,medium,800,True,MG1655:13,train
WIN_medium_994593f547fa57f2,MG1655,1688000,1694400,1691200,6400,100,2110,rep1,False,0,0,F:\Micro-C\micro-c数据\GSE272159_37C_rep1.mapq_30.10.cool,medium,800,True,MG1655:13,train
WIN_medium_d543ca1bd4175601,MG1655,1688800,1695200,1692000,6400,100,2111,rep1,False,0,0,F:\Micro-C\micro-c数据\GSE272159_37C_rep1.mapq_30.10.cool,medium,800,True,MG1655:13,train
WIN_medium_1f4b63de12ce8fee,MG1655,1706400,1712800,1709600,6400,100,2133,rep1,False,0,0,F:\Micro-C\micro-c数据\GSE272159_37C_rep1.mapq_30.10.cool,medium,800,True,MG1655:13,train
WIN_medium_c76f51c93af61028,MG1655,1707200,1713600,1710400,6400,100,2134,rep1,False,0,0,F:\Micro-C\micro-c数据\GSE272159_37C_rep1.mapq_30.10.cool,medium,800,True,MG1655:13,train
WIN_medium_6533e8ac85a02427,MG1655,1708000,1714400,1711200,6400,100,2135,rep1,False,0,0,F:\Micro-C\micro-c数据\GSE272159_37C_rep1.mapq_30.10.cool,medium,800,True,MG1655:13,train
WIN_medium_dc1ceb621b1a412f,MG1655,1708800,1715200,1712000,6400,100,2136,rep1,False,0,0,F:\Micro-C\micro-c数据\GSE272159_37C_rep1.mapq_30.10.cool,medium,800,True,MG1655:13,train
WIN_medium_95f14a9b598693c5,MG1655,1709600,1716000,1712800,6400,100,2137,rep1,False,0,0,F:\Micro-C\micro-c数据\GSE272159_37C_rep1.mapq_30.10.cool,medium,800,True,MG1655:13,train
WIN_medium_6ed04825f3c63ba4,MG1655,1710400,1716800,1713600,6400,100,2138,rep1,False,0,0,F:\Micro-C\micro-c数据\GSE272159_37C_rep1.mapq_30.10.cool,medium,800,True,MG1655:13,train
WIN_medium_d4ce8903bd78c31a,MG1655,1711200,1717600,1714400,6400,100,2139,rep1,False,0,0,F:\Micro-C\micro-c数据\GSE272159_37C_rep1.mapq_30.10.cool,medium,800,True,MG1655:13,train
WIN_medium_3361d2b594bbe1bb,MG1655,1712000,1718400,1715200,6400,100,2140,rep1,False,0,0,F:\Micro-C\micro-c数据\GSE272159_37C_rep1.mapq_30.10.cool,medium,800,True,MG1655:13,train
WIN_medium_e7339bf857140386,MG1655,1712800,1719200,1716000,6400,100,2141,rep1,False,0,0,F:\Micro-C\micro-c数据\GSE272159_37C_rep1.mapq_30.10.cool,medium,800,True,MG1655:13,train
WIN_medium_22f31bfccca3077b,MG1655,1713600,1720000,1716800,6400,100,2142,rep1,False,0,0,F:\Micro-C\micro-c数据\GSE272159_37C_rep1.mapq_30.10.cool,medium,800,True,MG1655:13,train
WIN_medium_9cdd39f5ec7fa83f,MG1655,1714400,1720800,1717600,6400,100,2143,rep1,False,0,0,F:\Micro-C\micro-c数据\GSE272159_37C_rep1.mapq_30.10.cool,medium,800,True,MG1655:13,train
WIN_medium_7d09063676d5bfb7,MG1655,1715200,1721600,1718400,6400,100,2144,rep1,False,0,0,F:\Micro-C\micro-c数据\GSE272159_37C_rep1.mapq_30.10.cool,medium,800,True,MG1655:13,train
WIN_medium_02713e0b73d22b79,MG1655,1716000,1722400,1719200,6400,100,2145,rep1,False,0,0,F:\Micro-C\micro-c数据\GSE272159_37C_rep1.mapq_30.10.cool,medium,800,True,MG1655:13,train
WIN_medium_8715fa3c199d00e4,MG1655,1716800,1723200,1720000,6400,100,2146,rep1,False,0,0,F:\Micro-C\micro-c数据\GSE272159_37C_rep1.mapq_30.10.cool,medium,800,True,MG1655:13,train
WIN_medium_0fb8e5d8ec865f35,MG1655,1717600,1724000,1720800,6400,100,2147,rep1,False,0,0,F:\Micro-C\micro-c数据\GSE272159_37C_rep1.mapq_30.10.cool,medium,800,True,MG1655:13,train
WIN_medium_1d7f12f91b8b330a,MG1655,1718400,1724800,1721600,6400,100,2148,rep1,False,0,0,F:\Micro-C\micro-c数据\GSE272159_37C_rep1.mapq_30.10.cool,medium,800,True,MG1655:13,train
WIN_medium_c724591dd070835a,MG1655,1719200,1725600,1722400,6400,100,2149,rep1,False,0,0,F:\Micro-C\micro-c数据\GSE272159_37C_rep1.mapq_30.10.cool,medium,800,True,MG1655:13,train
WIN_medium_26b12fe3fa523a20,MG1655,1720000,1726400,1723200,6400,100,2150,rep1,False,0,0,F:\Micro-C\micro-c数据\GSE272159_37C_rep1.mapq_30.10.cool,medium,800,True,MG1655:13,train
WIN_medium_4684567f559ab35c,MG1655,1720800,1727200,1724000,6400,100,2151,rep1,False,0,0,F:\Micro-C\micro-c数据\GSE272159_37C_rep1.mapq_30.10.cool,medium,800,True,MG1655:13,train
WIN_medium_a6fd1b069bbae253,MG1655,1721600,1728000,1724800,6400,100,2152,rep1,False,0,0,F:\Micro-C\micro-c数据\GSE272159_37C_rep1.mapq_30.10.cool,medium,800,True,MG1655:13,train
WIN_medium_6a039c087c0e984a,MG1655,1722400,1728800,1725600,6400,100,2153,rep1,False,0,0,F:\Micro-C\micro-c数据\GSE272159_37C_rep1.mapq_30.10.cool,medium,800,True,MG1655:13,train
WIN_medium_f0bdcf8280ff3295,MG1655,1723200,1729600,1726400,6400,100,2154,rep1,False,0,0,F:\Micro-C\micro-c数据\GSE272159_37C_rep1.mapq_30.10.cool,medium,800,True,MG1655:13,train
WIN_medium_be43792b64dc894f,MG1655,1724000,1730400,1727200,6400,100,2155,rep1,False,0,0,F:\Micro-C\micro-c数据\GSE272159_37C_rep1.mapq_30.10.cool,medium,800,True,MG1655:13,train
WIN_medium_2593aec9076a48ff,MG1655,1724800,1731200,1728000,6400,100,2156,rep1,False,0,0,F:\Micro-C\micro-c数据\GSE272159_37C_rep1.mapq_30.10.cool,medium,800,True,MG1655:13,train
WIN_medium_b78963ddef44586d,MG1655,1725600,1732000,1728800,6400,100,2157,rep1,False,0,0,F:\Micro-C\micro-c数据\GSE272159_37C_rep1.mapq_30.10.cool,medium,800,True,MG1655:13,train
WIN_medium_168c6a8939fbfae9,MG1655,1726400,1732800,1729600,6400,100,2158,rep1,False,0,0,F:\Micro-C\micro-c数据\GSE272159_37C_rep1.mapq_30.10.cool,medium,800,True,MG1655:13,train
WIN_medium_0a85b69789a234c2,MG1655,1756000,1762400,1759200,6400,100,2195,rep1,False,0,0,F:\Micro-C\micro-c数据\GSE272159_37C_rep1.mapq_30.10.cool,medium,800,True,MG1655:13,train
WIN_medium_1bb8041f0d085d26,MG1655,1756800,1763200,1760000,6400,100,2196,rep1,False,0,0,F:\Micro-C\micro-c数据\GSE272159_37C_rep1.mapq_30.10.cool,medium,800,True,MG1655:13,train
WIN_medium_4599997bddd0ed79,MG1655,1757600,1764000,1760800,6400,100,2197,rep1,False,0,0,F:\Micro-C\micro-c数据\GSE272159_37C_rep1.mapq_30.10.cool,medium,800,True,MG1655:13,train
WIN_medium_d22e996a2d5f5db9,MG1655,1758400,1764800,1761600,6400,100,2198,rep1,False,0,0,F:\Micro-C\micro-c数据\GSE272159_37C_rep1.mapq_30.10.cool,medium,800,True,MG1655:13,train
WIN_medium_6fb099f9ab84e133,MG1655,1759200,1765600,1762400,6400,100,2199,rep1,False,0,0,F:\Micro-C\micro-c数据\GSE272159_37C_rep1.mapq_30.10.cool,medium,800,True,MG1655:13,train
WIN_medium_cd5c6d81fbf3a52c,MG1655,1760000,1766400,1763200,6400,100,2200,rep1,False,0,0,F:\Micro-C\micro-c数据\GSE272159_37C_rep1.mapq_30.10.cool,medium,800,True,MG1655:13,train
WIN_medium_4f7d7de23f687300,MG1655,1760800,1767200,1764000,6400,100,2201,rep1,False,0,0,F:\Micro-C\micro-c数据\GSE272159_37C_rep1.mapq_30.10.cool,medium,800,True,MG1655:13,train
WIN_medium_a47bd35efc715289,MG1655,1761600,1768000,1764800,6400,100,2202,rep1,False,0,0,F:\Micro-C\micro-c数据\GSE272159_37C_rep1.mapq_30.10.cool,medium,800,True,MG1655:13,train
WIN_medium_b064decdbf0177c4,MG1655,1762400,1768800,1765600,6400,100,2203,rep1,False,0,0,F:\Micro-C\micro-c数据\GSE272159_37C_rep1.mapq_30.10.cool,medium,800,True,MG1655:13,train
WIN_medium_8f6bcbe5c42f6123,MG1655,1763200,1769600,1766400,6400,100,2204,rep1,False,0,0,F:\Micro-C\micro-c数据\GSE272159_37C_rep1.mapq_30.10.cool,medium,800,True,MG1655:13,train
WIN_medium_5780cca291962e37,MG1655,1764000,1770400,1767200,6400,100,2205,rep1,False,0,0,F:\Micro-C\micro-c数据\GSE272159_37C_rep1.mapq_30.10.cool,medium,800,True,MG1655:13,train
WIN_medium_434c420afda701cb,MG1655,1780000,1786400,1783200,6400,100,2225,rep1,False,0,0,F:\Micro-C\micro-c数据\GSE272159_37C_rep1.mapq_30.10.cool,medium,800,True,MG1655:13,train
WIN_medium_a89e18afc5911dca,MG1655,1780800,1787200,1784000,6400,100,2226,rep1,False,0,0,F:\Micro-C\micro-c数据\GSE272159_37C_rep1.mapq_30.10.cool,medium,800,True,MG1655:13,train
WIN_medium_9a1dc23d0806d2a4,MG1655,1781600,1788000,1784800,6400,100,2227,rep1,False,0,0,F:\Micro-C\micro-c数据\GSE272159_37C_rep1.mapq_30.10.cool,medium,800,True,MG1655:13,train
WIN_medium_a26df09bb1ae5208,MG1655,1782400,1788800,1785600,6400,100,2228,rep1,False,0,0,F:\Micro-C\micro-c数据\GSE272159_37C_rep1.mapq_30.10.cool,medium,800,True,MG1655:13,train
WIN_medium_db2dc36ebee9e95c,MG1655,1783200,1789600,1786400,6400,100,2229,rep1,False,0,0,F:\Micro-C\micro-c数据\GSE272159_37C_rep1.mapq_30.10.cool,medium,800,True,MG1655:13,train
WIN_medium_b5582df09be19ada,MG1655,1784000,1790400,1787200,6400,100,2230,rep1,False,0,0,F:\Micro-C\micro-c数据\GSE272159_37C_rep1.mapq_30.10.cool,medium,800,True,MG1655:13,train
WIN_medium_385a034ba95413b5,MG1655,1784800,1791200,1788000,6400,100,2231,rep1,False,0,0,F:\Micro-C\micro-c数据\GSE272159_37C_rep1.mapq_30.10.cool,medium,800,True,MG1655:13,train
WIN_medium_2536375a52d8fba9,MG1655,1785600,1792000,1788800,6400,100,2232,rep1,False,0,0,F:\Micro-C\micro-c数据\GSE272159_37C_rep1.mapq_30.10.cool,medium,800,True,MG1655:13,train
WIN_medium_8d68c820a15ddac1,MG1655,1792000,1798400,1795200,6400,100,2240,rep1,False,0,0,F:\Micro-C\micro-c数据\GSE272159_37C_rep1.mapq_30.10.cool,medium,800,True,MG1655:14,validation
WIN_medium_227e816994b38f46,MG1655,1805600,1812000,1808800,6400,100,2257,rep1,False,0,0,F:\Micro-C\micro-c数据\GSE272159_37C_rep1.mapq_30.10.cool,medium,800,True,MG1655:14,validation
WIN_medium_2a58436593de1acc,MG1655,1806400,1812800,1809600,6400,100,2258,rep1,False,0,0,F:\Micro-C\micro-c数据\GSE272159_37C_rep1.mapq_30.10.cool,medium,800,True,MG1655:14,validation
WIN_medium_33582b4d1b58882c,MG1655,1807200,1813600,1810400,6400,100,2259,rep1,False,0,0,F:\Micro-C\micro-c数据\GSE272159_37C_rep1.mapq_30.10.cool,medium,800,True,MG1655:14,validation
WIN_medium_297581c0e82b7d86,MG1655,1808000,1814400,1811200,6400,100,2260,rep1,False,0,0,F:\Micro-C\micro-c数据\GSE272159_37C_rep1.mapq_30.10.cool,medium,800,True,MG1655:14,validation
WIN_medium_65009ff517da3b9c,MG1655,1808800,1815200,1812000,6400,100,2261,rep1,False,0,0,F:\Micro-C\micro-c数据\GSE272159_37C_rep1.mapq_30.10.cool,medium,800,True,MG1655:14,validation
WIN_medium_d42c6b47a4439696,MG1655,1809600,1816000,1812800,6400,100,2262,rep1,False,0,0,F:\Micro-C\micro-c数据\GSE272159_37C_rep1.mapq_30.10.cool,medium,800,True,MG1655:14,validation
WIN_medium_246e86acbb233cfa,MG1655,1810400,1816800,1813600,6400,100,2263,rep1,False,0,0,F:\Micro-C\micro-c数据\GSE272159_37C_rep1.mapq_30.10.cool,medium,800,True,MG1655:14,validation
WIN_medium_b86d2c6a0a7c918b,MG1655,1811200,1817600,1814400,6400,100,2264,rep1,False,0,0,F:\Micro-C\micro-c数据\GSE272159_37C_rep1.mapq_30.10.cool,medium,800,True,MG1655:14,validation
WIN_medium_af089a51c6b1f879,MG1655,1812000,1818400,1815200,6400,100,2265,rep1,False,0,0,F:\Micro-C\micro-c数据\GSE272159_37C_rep1.mapq_30.10.cool,medium,800,True,MG1655:14,validation
WIN_medium_3459d6a5b77efb88,MG1655,1812800,1819200,1816000,6400,100,2266,rep1,False,0,0,F:\Micro-C\micro-c数据\GSE272159_37C_rep1.mapq_30.10.cool,medium,800,True,MG1655:14,validation
WIN_medium_010226d5289c9f3a,MG1655,1813600,1820000,1816800,6400,100,2267,rep1,False,0,0,F:\Micro-C\micro-c数据\GSE272159_37C_rep1.mapq_30.10.cool,medium,800,True,MG1655:14,validation
WIN_medium_0467f47cfe9c12fe,MG1655,1814400,1820800,1817600,6400,100,2268,rep1,False,0,0,F:\Micro-C\micro-c数据\GSE272159_37C_rep1.mapq_30.10.cool,medium,800,True,MG1655:14,validation
WIN_medium_c955734c46c1ee06,MG1655,1815200,1821600,1818400,6400,100,2269,rep1,False,0,0,F:\Micro-C\micro-c数据\GSE272159_37C_rep1.mapq_30.10.cool,medium,800,True,MG1655:14,validation
WIN_medium_d882af1ccb52e5b5,MG1655,1816000,1822400,1819200,6400,100,2270,rep1,False,0,0,F:\Micro-C\micro-c数据\GSE272159_37C_rep1.mapq_30.10.cool,medium,800,True,MG1655:14,validation
WIN_medium_6e4995bab4a4d6c9,MG1655,1816800,1823200,1820000,6400,100,2271,rep1,False,0,0,F:\Micro-C\micro-c数据\GSE272159_37C_rep1.mapq_30.10.cool,medium,800,True,MG1655:14,validation
WIN_medium_a731e676c729e3f2,MG1655,1817600,1824000,1820800,6400,100,2272,rep1,False,0,0,F:\Micro-C\micro-c数据\GSE272159_37C_rep1.mapq_30.10.cool,medium,800,True,MG1655:14,validation
WIN_medium_818b35e8e49f2256,MG1655,1818400,1824800,1821600,6400,100,2273,rep1,False,0,0,F:\Micro-C\micro-c数据\GSE272159_37C_rep1.mapq_30.10.cool,medium,800,True,MG1655:14,validation
WIN_medium_aa9b80d31cd051f1,MG1655,1819200,1825600,1822400,6400,100,2274,rep1,False,0,0,F:\Micro-C\micro-c数据\GSE272159_37C_rep1.mapq_30.10.cool,medium,800,True,MG1655:14,validation
WIN_medium_36f97cd6492b1a1e,MG1655,1820000,1826400,1823200,6400,100,2275,rep1,False,0,0,F:\Micro-C\micro-c数据\GSE272159_37C_rep1.mapq_30.10.cool,medium,800,True,MG1655:14,validation
WIN_medium_4f277582e0a62ef9,MG1655,1820800,1827200,1824000,6400,100,2276,rep1,False,0,0,F:\Micro-C\micro-c数据\GSE272159_37C_rep1.mapq_30.10.cool,medium,800,True,MG1655:14,validation
WIN_medium_64d4d088797eda23,MG1655,1821600,1828000,1824800,6400,100,2277,rep1,False,0,0,F:\Micro-C\micro-c数据\GSE272159_37C_rep1.mapq_30.10.cool,medium,800,True,MG1655:14,validation
WIN_medium_5259e2c919865a9a,MG1655,1822400,1828800,1825600,6400,100,2278,rep1,False,0,0,F:\Micro-C\micro-c数据\GSE272159_37C_rep1.mapq_30.10.cool,medium,800,True,MG1655:14,validation
WIN_medium_1281c62e720a286a,MG1655,1823200,1829600,1826400,6400,100,2279,rep1,False,0,0,F:\Micro-C\micro-c数据\GSE272159_37C_rep1.mapq_30.10.cool,medium,800,True,MG1655:14,validation
WIN_medium_61e758e731a7c800,MG1655,1824000,1830400,1827200,6400,100,2280,rep1,False,0,0,F:\Micro-C\micro-c数据\GSE272159_37C_rep1.mapq_30.10.cool,medium,800,True,MG1655:14,validation
WIN_medium_28993c03b26a43b6,MG1655,1824800,1831200,1828000,6400,100,2281,rep1,False,0,0,F:\Micro-C\micro-c数据\GSE272159_37C_rep1.mapq_30.10.cool,medium,800,True,MG1655:14,validation
WIN_medium_3ddb512a39d88a5d,MG1655,1825600,1832000,1828800,6400,100,2282,rep1,False,0,0,F:\Micro-C\micro-c数据\GSE272159_37C_rep1.mapq_30.10.cool,medium,800,True,MG1655:14,validation
WIN_medium_99d39ff68a0c97ce,MG1655,1826400,1832800,1829600,6400,100,2283,rep1,False,0,0,F:\Micro-C\micro-c数据\GSE272159_37C_rep1.mapq_30.10.cool,medium,800,True,MG1655:14,validation
WIN_medium_70cf9ee69395cfa7,MG1655,1827200,1833600,1830400,6400,100,2284,rep1,False,0,0,F:\Micro-C\micro-c数据\GSE272159_37C_rep1.mapq_30.10.cool,medium,800,True,MG1655:14,validation
WIN_medium_d5fe865c6347f438,MG1655,1828000,1834400,1831200,6400,100,2285,rep1,False,0,0,F:\Micro-C\micro-c数据\GSE272159_37C_rep1.mapq_30.10.cool,medium,800,True,MG1655:14,validation
WIN_medium_5b482104674166f1,MG1655,1828800,1835200,1832000,6400,100,2286,rep1,False,0,0,F:\Micro-C\micro-c数据\GSE272159_37C_rep1.mapq_30.10.cool,medium,800,True,MG1655:14,validation
WIN_medium_df2ea216ba988682,MG1655,1829600,1836000,1832800,6400,100,2287,rep1,False,0,0,F:\Micro-C\micro-c数据\GSE272159_37C_rep1.mapq_30.10.cool,medium,800,True,MG1655:14,validation
WIN_medium_4ad89319d66ce446,MG1655,1830400,1836800,1833600,6400,100,2288,rep1,False,0,0,F:\Micro-C\micro-c数据\GSE272159_37C_rep1.mapq_30.10.cool,medium,800,True,MG1655:14,validation
WIN_medium_b54a238b8198d2d3,MG1655,1831200,1837600,1834400,6400,100,2289,rep1,False,0,0,F:\Micro-C\micro-c数据\GSE272159_37C_rep1.mapq_30.10.cool,medium,800,True,MG1655:14,validation
WIN_medium_0251f3cff9918bb6,MG1655,1832000,1838400,1835200,6400,100,2290,rep1,False,0,0,F:\Micro-C\micro-c数据\GSE272159_37C_rep1.mapq_30.10.cool,medium,800,True,MG1655:14,validation
WIN_medium_77cfeb98c64b208d,MG1655,1832800,1839200,1836000,6400,100,2291,rep1,False,0,0,F:\Micro-C\micro-c数据\GSE272159_37C_rep1.mapq_30.10.cool,medium,800,True,MG1655:14,validation
WIN_medium_77bc7505a67581df,MG1655,1833600,1840000,1836800,6400,100,2292,rep1,False,0,0,F:\Micro-C\micro-c数据\GSE272159_37C_rep1.mapq_30.10.cool,medium,800,True,MG1655:14,validation
WIN_medium_fb3de2dfa37c4aba,MG1655,1834400,1840800,1837600,6400,100,2293,rep1,False,0,0,F:\Micro-C\micro-c数据\GSE272159_37C_rep1.mapq_30.10.cool,medium,800,True,MG1655:14,validation
WIN_medium_93d0dea96d51e8e4,MG1655,1835200,1841600,1838400,6400,100,2294,rep1,False,0,0,F:\Micro-C\micro-c数据\GSE272159_37C_rep1.mapq_30.10.cool,medium,800,True,MG1655:14,validation
WIN_medium_d9d844e505aab7e8,MG1655,1836000,1842400,1839200,6400,100,2295,rep1,False,0,0,F:\Micro-C\micro-c数据\GSE272159_37C_rep1.mapq_30.10.cool,medium,800,True,MG1655:14,validation
WIN_medium_b36bf8e98d203167,MG1655,1836800,1843200,1840000,6400,100,2296,rep1,False,0,0,F:\Micro-C\micro-c数据\GSE272159_37C_rep1.mapq_30.10.cool,medium,800,True,MG1655:14,validation
WIN_medium_3731bf46e3135d7e,MG1655,1845600,1852000,1848800,6400,100,2307,rep1,False,0,0,F:\Micro-C\micro-c数据\GSE272159_37C_rep1.mapq_30.10.cool,medium,800,True,MG1655:14,validation
WIN_medium_86cc60e65da4c96c,MG1655,1858400,1864800,1861600,6400,100,2323,rep1,False,0,0,F:\Micro-C\micro-c数据\GSE272159_37C_rep1.mapq_30.10.cool,medium,800,True,MG1655:14,validation
WIN_medium_00920aff1f029511,MG1655,1859200,1865600,1862400,6400,100,2324,rep1,False,0,0,F:\Micro-C\micro-c数据\GSE272159_37C_rep1.mapq_30.10.cool,medium,800,True,MG1655:14,validation
WIN_medium_74f16baf010a6ff3,MG1655,1860000,1866400,1863200,6400,100,2325,rep1,False,0,0,F:\Micro-C\micro-c数据\GSE272159_37C_rep1.mapq_30.10.cool,medium,800,True,MG1655:14,validation
WIN_medium_b8fd179f81252078,MG1655,1860800,1867200,1864000,6400,100,2326,rep1,False,0,0,F:\Micro-C\micro-c数据\GSE272159_37C_rep1.mapq_30.10.cool,medium,800,True,MG1655:14,validation
WIN_medium_7c22d0e4d773df2c,MG1655,1861600,1868000,1864800,6400,100,2327,rep1,False,0,0,F:\Micro-C\micro-c数据\GSE272159_37C_rep1.mapq_30.10.cool,medium,800,True,MG1655:14,validation
WIN_medium_691b595bc6afee90,MG1655,1862400,1868800,1865600,6400,100,2328,rep1,False,0,0,F:\Micro-C\micro-c数据\GSE272159_37C_rep1.mapq_30.10.cool,medium,800,True,MG1655:14,validation
WIN_medium_10aa5aae10156015,MG1655,1863200,1869600,1866400,6400,100,2329,rep1,False,0,0,F:\Micro-C\micro-c数据\GSE272159_37C_rep1.mapq_30.10.cool,medium,800,True,MG1655:14,validation
WIN_medium_45827a8be31b9206,MG1655,1874400,1880800,1877600,6400,100,2343,rep1,False,0,0,F:\Micro-C\micro-c数据\GSE272159_37C_rep1.mapq_30.10.cool,medium,800,True,MG1655:14,validation
WIN_medium_ce69e6c6f59d1f20,MG1655,1875200,1881600,1878400,6400,100,2344,rep1,False,0,0,F:\Micro-C\micro-c数据\GSE272159_37C_rep1.mapq_30.10.cool,medium,800,True,MG1655:14,validation
WIN_medium_36a1d63887b80a31,MG1655,1876000,1882400,1879200,6400,100,2345,rep1,False,0,0,F:\Micro-C\micro-c数据\GSE272159_37C_rep1.mapq_30.10.cool,medium,800,True,MG1655:14,validation
WIN_medium_bb46935949b1693e,MG1655,1876800,1883200,1880000,6400,100,2346,rep1,False,0,0,F:\Micro-C\micro-c数据\GSE272159_37C_rep1.mapq_30.10.cool,medium,800,True,MG1655:14,validation
WIN_medium_764174e731fa7d80,MG1655,1877600,1884000,1880800,6400,100,2347,rep1,False,0,0,F:\Micro-C\micro-c数据\GSE272159_37C_rep1.mapq_30.10.cool,medium,800,True,MG1655:14,validation
WIN_medium_1a25c5c653058977,MG1655,1878400,1884800,1881600,6400,100,2348,rep1,False,0,0,F:\Micro-C\micro-c数据\GSE272159_37C_rep1.mapq_30.10.cool,medium,800,True,MG1655:14,validation
WIN_medium_5e915ad31c07eb63,MG1655,1879200,1885600,1882400,6400,100,2349,rep1,False,0,0,F:\Micro-C\micro-c数据\GSE272159_37C_rep1.mapq_30.10.cool,medium,800,True,MG1655:14,validation
WIN_medium_f80648f1786b6750,MG1655,1880000,1886400,1883200,6400,100,2350,rep1,False,0,0,F:\Micro-C\micro-c数据\GSE272159_37C_rep1.mapq_30.10.cool,medium,800,True,MG1655:14,validation
WIN_medium_d586a23786c7cc1d,MG1655,1880800,1887200,1884000,6400,100,2351,rep1,False,0,0,F:\Micro-C\micro-c数据\GSE272159_37C_rep1.mapq_30.10.cool,medium,800,True,MG1655:14,validation
WIN_medium_d0524c64ee332862,MG1655,1881600,1888000,1884800,6400,100,2352,rep1,False,0,0,F:\Micro-C\micro-c数据\GSE272159_37C_rep1.mapq_30.10.cool,medium,800,True,MG1655:14,validation
WIN_medium_7e1d4a9638b4a4b1,MG1655,1882400,1888800,1885600,6400,100,2353,rep1,False,0,0,F:\Micro-C\micro-c数据\GSE272159_37C_rep1.mapq_30.10.cool,medium,800,True,MG1655:14,validation
WIN_medium_8a5f87d78a293555,MG1655,1883200,1889600,1886400,6400,100,2354,rep1,False,0,0,F:\Micro-C\micro-c数据\GSE272159_37C_rep1.mapq_30.10.cool,medium,800,True,MG1655:14,validation
WIN_medium_87660c5035cde9e2,MG1655,1884000,1890400,1887200,6400,100,2355,rep1,False,0,0,F:\Micro-C\micro-c数据\GSE272159_37C_rep1.mapq_30.10.cool,medium,800,True,MG1655:14,validation
WIN_medium_b1c4acf669324ce1,MG1655,1884800,1891200,1888000,6400,100,2356,rep1,False,0,0,F:\Micro-C\micro-c数据\GSE272159_37C_rep1.mapq_30.10.cool,medium,800,True,MG1655:14,validation
WIN_medium_5a8e17a7e527169d,MG1655,1885600,1892000,1888800,6400,100,2357,rep1,False,0,0,F:\Micro-C\micro-c数据\GSE272159_37C_rep1.mapq_30.10.cool,medium,800,True,MG1655:14,validation
WIN_medium_0ef27a677e8574c6,MG1655,1886400,1892800,1889600,6400,100,2358,rep1,False,0,0,F:\Micro-C\micro-c数据\GSE272159_37C_rep1.mapq_30.10.cool,medium,800,True,MG1655:14,validation
WIN_medium_defb116edb7f18e4,MG1655,1887200,1893600,1890400,6400,100,2359,rep1,False,0,0,F:\Micro-C\micro-c数据\GSE272159_37C_rep1.mapq_30.10.cool,medium,800,True,MG1655:14,validation
WIN_medium_9e33a2bd4f057ecd,MG1655,1888000,1894400,1891200,6400,100,2360,rep1,False,0,0,F:\Micro-C\micro-c数据\GSE272159_37C_rep1.mapq_30.10.cool,medium,800,True,MG1655:14,validation
WIN_medium_4b85acf4f387a25e,MG1655,1888800,1895200,1892000,6400,100,2361,rep1,False,0,0,F:\Micro-C\micro-c数据\GSE272159_37C_rep1.mapq_30.10.cool,medium,800,True,MG1655:14,validation
WIN_medium_ff36b13d7565e035,MG1655,1889600,1896000,1892800,6400,100,2362,rep1,False,0,0,F:\Micro-C\micro-c数据\GSE272159_37C_rep1.mapq_30.10.cool,medium,800,True,MG1655:14,validation
WIN_medium_6443703738b437fc,MG1655,1890400,1896800,1893600,6400,100,2363,rep1,False,0,0,F:\Micro-C\micro-c数据\GSE272159_37C_rep1.mapq_30.10.cool,medium,800,True,MG1655:14,validation
WIN_medium_9a52877432ba79a7,MG1655,1891200,1897600,1894400,6400,100,2364,rep1,False,0,0,F:\Micro-C\micro-c数据\GSE272159_37C_rep1.mapq_30.10.cool,medium,800,True,MG1655:14,validation
WIN_medium_ea2d96d6f550a512,MG1655,1892000,1898400,1895200,6400,100,2365,rep1,False,0,0,F:\Micro-C\micro-c数据\GSE272159_37C_rep1.mapq_30.10.cool,medium,800,True,MG1655:14,validation
WIN_medium_8912968093fe881a,MG1655,1892800,1899200,1896000,6400,100,2366,rep1,False,0,0,F:\Micro-C\micro-c数据\GSE272159_37C_rep1.mapq_30.10.cool,medium,800,True,MG1655:14,validation
WIN_medium_d68012b082d29a68,MG1655,1893600,1900000,1896800,6400,100,2367,rep1,False,0,0,F:\Micro-C\micro-c数据\GSE272159_37C_rep1.mapq_30.10.cool,medium,800,True,MG1655:14,validation
WIN_medium_8c70338b102bd350,MG1655,1894400,1900800,1897600,6400,100,2368,rep1,False,0,0,F:\Micro-C\micro-c数据\GSE272159_37C_rep1.mapq_30.10.cool,medium,800,True,MG1655:14,validation
WIN_medium_33ac3072b00e5485,MG1655,1895200,1901600,1898400,6400,100,2369,rep1,False,0,0,F:\Micro-C\micro-c数据\GSE272159_37C_rep1.mapq_30.10.cool,medium,800,True,MG1655:14,validation
WIN_medium_c0bbb6cccfbbeb20,MG1655,1896000,1902400,1899200,6400,100,2370,rep1,False,0,0,F:\Micro-C\micro-c数据\GSE272159_37C_rep1.mapq_30.10.cool,medium,800,True,MG1655:14,validation
WIN_medium_d140f58b885ade05,MG1655,1896800,1903200,1900000,6400,100,2371,rep1,False,0,0,F:\Micro-C\micro-c数据\GSE272159_37C_rep1.mapq_30.10.cool,medium,800,True,MG1655:14,validation
WIN_medium_662e0bb997204565,MG1655,1897600,1904000,1900800,6400,100,2372,rep1,False,0,0,F:\Micro-C\micro-c数据\GSE272159_37C_rep1.mapq_30.10.cool,medium,800,True,MG1655:14,validation
WIN_medium_3238941bf92efcd9,MG1655,1898400,1904800,1901600,6400,100,2373,rep1,False,0,0,F:\Micro-C\micro-c数据\GSE272159_37C_rep1.mapq_30.10.cool,medium,800,True,MG1655:14,validation
WIN_medium_e7dd907b61d7adb4,MG1655,1899200,1905600,1902400,6400,100,2374,rep1,False,0,0,F:\Micro-C\micro-c数据\GSE272159_37C_rep1.mapq_30.10.cool,medium,800,True,MG1655:14,validation
WIN_medium_16a5ff105f28bbc9,MG1655,1900000,1906400,1903200,6400,100,2375,rep1,False,0,0,F:\Micro-C\micro-c数据\GSE272159_37C_rep1.mapq_30.10.cool,medium,800,True,MG1655:14,validation
WIN_medium_863c9a56120fb1c8,MG1655,1900800,1907200,1904000,6400,100,2376,rep1,False,0,0,F:\Micro-C\micro-c数据\GSE272159_37C_rep1.mapq_30.10.cool,medium,800,True,MG1655:14,validation
WIN_medium_5af60fc4cd826310,MG1655,1901600,1908000,1904800,6400,100,2377,rep1,False,0,0,F:\Micro-C\micro-c数据\GSE272159_37C_rep1.mapq_30.10.cool,medium,800,True,MG1655:14,validation
WIN_medium_3e9cb1eb586928f9,MG1655,1902400,1908800,1905600,6400,100,2378,rep1,False,0,0,F:\Micro-C\micro-c数据\GSE272159_37C_rep1.mapq_30.10.cool,medium,800,True,MG1655:14,validation
WIN_medium_f5d301113d97b7e9,MG1655,1903200,1909600,1906400,6400,100,2379,rep1,False,0,0,F:\Micro-C\micro-c数据\GSE272159_37C_rep1.mapq_30.10.cool,medium,800,True,MG1655:14,validation
WIN_medium_cd185f36a03d444e,MG1655,1904000,1910400,1907200,6400,100,2380,rep1,False,0,0,F:\Micro-C\micro-c数据\GSE272159_37C_rep1.mapq_30.10.cool,medium,800,True,MG1655:14,validation
WIN_medium_7953e30d0e3ebd58,MG1655,1904800,1911200,1908000,6400,100,2381,rep1,False,0,0,F:\Micro-C\micro-c数据\GSE272159_37C_rep1.mapq_30.10.cool,medium,800,True,MG1655:14,validation
WIN_medium_5a3c6e36dcdf02dc,MG1655,1905600,1912000,1908800,6400,100,2382,rep1,False,0,0,F:\Micro-C\micro-c数据\GSE272159_37C_rep1.mapq_30.10.cool,medium,800,True,MG1655:14,validation
WIN_medium_ea9e0a8727d37c98,MG1655,1906400,1912800,1909600,6400,100,2383,rep1,False,0,0,F:\Micro-C\micro-c数据\GSE272159_37C_rep1.mapq_30.10.cool,medium,800,True,MG1655:14,validation
WIN_medium_e775a9eacf0ec4db,MG1655,1907200,1913600,1910400,6400,100,2384,rep1,False,0,0,F:\Micro-C\micro-c数据\GSE272159_37C_rep1.mapq_30.10.cool,medium,800,True,MG1655:14,validation
WIN_medium_dc82f317fd4beac7,MG1655,1908000,1914400,1911200,6400,100,2385,rep1,False,0,0,F:\Micro-C\micro-c数据\GSE272159_37C_rep1.mapq_30.10.cool,medium,800,True,MG1655:14,validation
WIN_medium_63d01de6db83e053,MG1655,1908800,1915200,1912000,6400,100,2386,rep1,False,0,0,F:\Micro-C\micro-c数据\GSE272159_37C_rep1.mapq_30.10.cool,medium,800,True,MG1655:14,validation
WIN_medium_aec1b118b7bc5cf3,MG1655,1909600,1916000,1912800,6400,100,2387,rep1,False,0,0,F:\Micro-C\micro-c数据\GSE272159_37C_rep1.mapq_30.10.cool,medium,800,True,MG1655:14,validation
WIN_medium_6478dcbd16ce7f4e,MG1655,1910400,1916800,1913600,6400,100,2388,rep1,False,0,0,F:\Micro-C\micro-c数据\GSE272159_37C_rep1.mapq_30.10.cool,medium,800,True,MG1655:14,validation
WIN_medium_65e2b2ae8256c472,MG1655,1911200,1917600,1914400,6400,100,2389,rep1,False,0,0,F:\Micro-C\micro-c数据\GSE272159_37C_rep1.mapq_30.10.cool,medium,800,True,MG1655:14,validation
WIN_medium_ef1b13c8f269f062,MG1655,1912000,1918400,1915200,6400,100,2390,rep1,False,0,0,F:\Micro-C\micro-c数据\GSE272159_37C_rep1.mapq_30.10.cool,medium,800,True,MG1655:14,validation
WIN_medium_60e2f96f45aeac70,MG1655,1912800,1919200,1916000,6400,100,2391,rep1,False,0,0,F:\Micro-C\micro-c数据\GSE272159_37C_rep1.mapq_30.10.cool,medium,800,True,MG1655:14,validation
WIN_medium_b1f121b5e89b204e,MG1655,1913600,1920000,1916800,6400,100,2392,rep1,False,0,0,F:\Micro-C\micro-c数据\GSE272159_37C_rep1.mapq_30.10.cool,medium,800,True,MG1655:14,validation
WIN_medium_8ae72fd5cfa45a3d,MG1655,1920000,1926400,1923200,6400,100,2400,rep1,False,0,0,F:\Micro-C\micro-c数据\GSE272159_37C_rep1.mapq_30.10.cool,medium,800,True,MG1655:15,train
WIN_medium_dd7097153fb59553,MG1655,1920800,1927200,1924000,6400,100,2401,rep1,False,0,0,F:\Micro-C\micro-c数据\GSE272159_37C_rep1.mapq_30.10.cool,medium,800,True,MG1655:15,train
WIN_medium_e7d2314f12461341,MG1655,1921600,1928000,1924800,6400,100,2402,rep1,False,0,0,F:\Micro-C\micro-c数据\GSE272159_37C_rep1.mapq_30.10.cool,medium,800,True,MG1655:15,train
WIN_medium_9e99498065e70796,MG1655,1922400,1928800,1925600,6400,100,2403,rep1,False,0,0,F:\Micro-C\micro-c数据\GSE272159_37C_rep1.mapq_30.10.cool,medium,800,True,MG1655:15,train
WIN_medium_2dc51d050772cd94,MG1655,1923200,1929600,1926400,6400,100,2404,rep1,False,0,0,F:\Micro-C\micro-c数据\GSE272159_37C_rep1.mapq_30.10.cool,medium,800,True,MG1655:15,train
WIN_medium_6c7fbe90ebd61e8f,MG1655,1924000,1930400,1927200,6400,100,2405,rep1,False,0,0,F:\Micro-C\micro-c数据\GSE272159_37C_rep1.mapq_30.10.cool,medium,800,True,MG1655:15,train
WIN_medium_5c089bad37cc9d67,MG1655,1924800,1931200,1928000,6400,100,2406,rep1,False,0,0,F:\Micro-C\micro-c数据\GSE272159_37C_rep1.mapq_30.10.cool,medium,800,True,MG1655:15,train
WIN_medium_768e459271588a38,MG1655,1925600,1932000,1928800,6400,100,2407,rep1,False,0,0,F:\Micro-C\micro-c数据\GSE272159_37C_rep1.mapq_30.10.cool,medium,800,True,MG1655:15,train
WIN_medium_a461bb432c76c03e,MG1655,1926400,1932800,1929600,6400,100,2408,rep1,False,0,0,F:\Micro-C\micro-c数据\GSE272159_37C_rep1.mapq_30.10.cool,medium,800,True,MG1655:15,train
WIN_medium_e6e55d210b88972f,MG1655,1927200,1933600,1930400,6400,100,2409,rep1,False,0,0,F:\Micro-C\micro-c数据\GSE272159_37C_rep1.mapq_30.10.cool,medium,800,True,MG1655:15,train
WIN_medium_55f6582c2559c79e,MG1655,1928000,1934400,1931200,6400,100,2410,rep1,False,0,0,F:\Micro-C\micro-c数据\GSE272159_37C_rep1.mapq_30.10.cool,medium,800,True,MG1655:15,train
WIN_medium_4f617a3c04dd73e5,MG1655,1928800,1935200,1932000,6400,100,2411,rep1,False,0,0,F:\Micro-C\micro-c数据\GSE272159_37C_rep1.mapq_30.10.cool,medium,800,True,MG1655:15,train
WIN_medium_dd9ffd5a50babd20,MG1655,1929600,1936000,1932800,6400,100,2412,rep1,False,0,0,F:\Micro-C\micro-c数据\GSE272159_37C_rep1.mapq_30.10.cool,medium,800,True,MG1655:15,train
WIN_medium_1f068e89cb9d369c,MG1655,1930400,1936800,1933600,6400,100,2413,rep1,False,0,0,F:\Micro-C\micro-c数据\GSE272159_37C_rep1.mapq_30.10.cool,medium,800,True,MG1655:15,train
WIN_medium_8e922d9bd6ba13a2,MG1655,1931200,1937600,1934400,6400,100,2414,rep1,False,0,0,F:\Micro-C\micro-c数据\GSE272159_37C_rep1.mapq_30.10.cool,medium,800,True,MG1655:15,train
WIN_medium_64e9749bd3701681,MG1655,1932000,1938400,1935200,6400,100,2415,rep1,False,0,0,F:\Micro-C\micro-c数据\GSE272159_37C_rep1.mapq_30.10.cool,medium,800,True,MG1655:15,train
WIN_medium_02c040af351cebfe,MG1655,1932800,1939200,1936000,6400,100,2416,rep1,False,0,0,F:\Micro-C\micro-c数据\GSE272159_37C_rep1.mapq_30.10.cool,medium,800,True,MG1655:15,train
WIN_medium_8dd683643fc9060e,MG1655,1933600,1940000,1936800,6400,100,2417,rep1,False,0,0,F:\Micro-C\micro-c数据\GSE272159_37C_rep1.mapq_30.10.cool,medium,800,True,MG1655:15,train
WIN_medium_88ac118f20c8eff6,MG1655,1934400,1940800,1937600,6400,100,2418,rep1,False,0,0,F:\Micro-C\micro-c数据\GSE272159_37C_rep1.mapq_30.10.cool,medium,800,True,MG1655:15,train
WIN_medium_d86e21a2567b2b89,MG1655,1935200,1941600,1938400,6400,100,2419,rep1,False,0,0,F:\Micro-C\micro-c数据\GSE272159_37C_rep1.mapq_30.10.cool,medium,800,True,MG1655:15,train
WIN_medium_131967ebc00bceaa,MG1655,1936000,1942400,1939200,6400,100,2420,rep1,False,0,0,F:\Micro-C\micro-c数据\GSE272159_37C_rep1.mapq_30.10.cool,medium,800,True,MG1655:15,train
WIN_medium_91df468e5308a30e,MG1655,1936800,1943200,1940000,6400,100,2421,rep1,False,0,0,F:\Micro-C\micro-c数据\GSE272159_37C_rep1.mapq_30.10.cool,medium,800,True,MG1655:15,train
WIN_medium_66f8712ab3f0ca01,MG1655,1937600,1944000,1940800,6400,100,2422,rep1,False,0,0,F:\Micro-C\micro-c数据\GSE272159_37C_rep1.mapq_30.10.cool,medium,800,True,MG1655:15,train
WIN_medium_f0c1168021c1c5c4,MG1655,1938400,1944800,1941600,6400,100,2423,rep1,False,0,0,F:\Micro-C\micro-c数据\GSE272159_37C_rep1.mapq_30.10.cool,medium,800,True,MG1655:15,train
WIN_medium_844e0f6d294690c8,MG1655,1939200,1945600,1942400,6400,100,2424,rep1,False,0,0,F:\Micro-C\micro-c数据\GSE272159_37C_rep1.mapq_30.10.cool,medium,800,True,MG1655:15,train
WIN_medium_5e70e21de7a10662,MG1655,1940000,1946400,1943200,6400,100,2425,rep1,False,0,0,F:\Micro-C\micro-c数据\GSE272159_37C_rep1.mapq_30.10.cool,medium,800,True,MG1655:15,train
WIN_medium_ee27e2c2b719381a,MG1655,1940800,1947200,1944000,6400,100,2426,rep1,False,0,0,F:\Micro-C\micro-c数据\GSE272159_37C_rep1.mapq_30.10.cool,medium,800,True,MG1655:15,train
WIN_medium_1cb629ab379e2c3d,MG1655,1941600,1948000,1944800,6400,100,2427,rep1,False,0,0,F:\Micro-C\micro-c数据\GSE272159_37C_rep1.mapq_30.10.cool,medium,800,True,MG1655:15,train
WIN_medium_e39c661f345f2d44,MG1655,1942400,1948800,1945600,6400,100,2428,rep1,False,0,0,F:\Micro-C\micro-c数据\GSE272159_37C_rep1.mapq_30.10.cool,medium,800,True,MG1655:15,train
WIN_medium_f2f3daafbedcd6a0,MG1655,1943200,1949600,1946400,6400,100,2429,rep1,False,0,0,F:\Micro-C\micro-c数据\GSE272159_37C_rep1.mapq_30.10.cool,medium,800,True,MG1655:15,train
WIN_medium_ecc5c98ff3ec274d,MG1655,1944000,1950400,1947200,6400,100,2430,rep1,False,0,0,F:\Micro-C\micro-c数据\GSE272159_37C_rep1.mapq_30.10.cool,medium,800,True,MG1655:15,train
WIN_medium_dc7e8be288f15027,MG1655,1944800,1951200,1948000,6400,100,2431,rep1,False,0,0,F:\Micro-C\micro-c数据\GSE272159_37C_rep1.mapq_30.10.cool,medium,800,True,MG1655:15,train
WIN_medium_bff5351a8f086cb0,MG1655,1945600,1952000,1948800,6400,100,2432,rep1,False,0,0,F:\Micro-C\micro-c数据\GSE272159_37C_rep1.mapq_30.10.cool,medium,800,True,MG1655:15,train
WIN_medium_35790a143929bf8d,MG1655,1946400,1952800,1949600,6400,100,2433,rep1,False,0,0,F:\Micro-C\micro-c数据\GSE272159_37C_rep1.mapq_30.10.cool,medium,800,True,MG1655:15,train
WIN_medium_a4a7590f463db348,MG1655,1947200,1953600,1950400,6400,100,2434,rep1,False,0,0,F:\Micro-C\micro-c数据\GSE272159_37C_rep1.mapq_30.10.cool,medium,800,True,MG1655:15,train
WIN_medium_b47d288d94e4aed2,MG1655,1948000,1954400,1951200,6400,100,2435,rep1,False,0,0,F:\Micro-C\micro-c数据\GSE272159_37C_rep1.mapq_30.10.cool,medium,800,True,MG1655:15,train
WIN_medium_eb478b562e3f8f79,MG1655,1948800,1955200,1952000,6400,100,2436,rep1,False,0,0,F:\Micro-C\micro-c数据\GSE272159_37C_rep1.mapq_30.10.cool,medium,800,True,MG1655:15,train
WIN_medium_2c0c9f67e72434f3,MG1655,1949600,1956000,1952800,6400,100,2437,rep1,False,0,0,F:\Micro-C\micro-c数据\GSE272159_37C_rep1.mapq_30.10.cool,medium,800,True,MG1655:15,train
WIN_medium_6886d19d1e721db7,MG1655,1950400,1956800,1953600,6400,100,2438,rep1,False,0,0,F:\Micro-C\micro-c数据\GSE272159_37C_rep1.mapq_30.10.cool,medium,800,True,MG1655:15,train
WIN_medium_1d87b05240f13282,MG1655,1951200,1957600,1954400,6400,100,2439,rep1,False,0,0,F:\Micro-C\micro-c数据\GSE272159_37C_rep1.mapq_30.10.cool,medium,800,True,MG1655:15,train
WIN_medium_4625436b9681515f,MG1655,1952000,1958400,1955200,6400,100,2440,rep1,False,0,0,F:\Micro-C\micro-c数据\GSE272159_37C_rep1.mapq_30.10.cool,medium,800,True,MG1655:15,train
WIN_medium_1f9640527561ec79,MG1655,1952800,1959200,1956000,6400,100,2441,rep1,False,0,0,F:\Micro-C\micro-c数据\GSE272159_37C_rep1.mapq_30.10.cool,medium,800,True,MG1655:15,train
WIN_medium_753ed64ed85153b2,MG1655,1953600,1960000,1956800,6400,100,2442,rep1,False,0,0,F:\Micro-C\micro-c数据\GSE272159_37C_rep1.mapq_30.10.cool,medium,800,True,MG1655:15,train
WIN_medium_9056ba31b7d199d8,MG1655,1954400,1960800,1957600,6400,100,2443,rep1,False,0,0,F:\Micro-C\micro-c数据\GSE272159_37C_rep1.mapq_30.10.cool,medium,800,True,MG1655:15,train
WIN_medium_285c361865b3d650,MG1655,1955200,1961600,1958400,6400,100,2444,rep1,False,0,0,F:\Micro-C\micro-c数据\GSE272159_37C_rep1.mapq_30.10.cool,medium,800,True,MG1655:15,train
WIN_medium_341aefc9ba997509,MG1655,1956000,1962400,1959200,6400,100,2445,rep1,False,0,0,F:\Micro-C\micro-c数据\GSE272159_37C_rep1.mapq_30.10.cool,medium,800,True,MG1655:15,train
WIN_medium_bb23ca84aff2b33d,MG1655,1956800,1963200,1960000,6400,100,2446,rep1,False,0,0,F:\Micro-C\micro-c数据\GSE272159_37C_rep1.mapq_30.10.cool,medium,800,True,MG1655:15,train
WIN_medium_cdca94c0d98186e7,MG1655,1957600,1964000,1960800,6400,100,2447,rep1,False,0,0,F:\Micro-C\micro-c数据\GSE272159_37C_rep1.mapq_30.10.cool,medium,800,True,MG1655:15,train
WIN_medium_fa8e6c129e2f7298,MG1655,1958400,1964800,1961600,6400,100,2448,rep1,False,0,0,F:\Micro-C\micro-c数据\GSE272159_37C_rep1.mapq_30.10.cool,medium,800,True,MG1655:15,train
WIN_medium_c28622d778425fa7,MG1655,1959200,1965600,1962400,6400,100,2449,rep1,False,0,0,F:\Micro-C\micro-c数据\GSE272159_37C_rep1.mapq_30.10.cool,medium,800,True,MG1655:15,train
WIN_medium_14bff341c07796ca,MG1655,1960000,1966400,1963200,6400,100,2450,rep1,False,0,0,F:\Micro-C\micro-c数据\GSE272159_37C_rep1.mapq_30.10.cool,medium,800,True,MG1655:15,train
WIN_medium_459b931061224df8,MG1655,1960800,1967200,1964000,6400,100,2451,rep1,False,0,0,F:\Micro-C\micro-c数据\GSE272159_37C_rep1.mapq_30.10.cool,medium,800,True,MG1655:15,train
WIN_medium_4dd37551bc5021d7,MG1655,1961600,1968000,1964800,6400,100,2452,rep1,False,0,0,F:\Micro-C\micro-c数据\GSE272159_37C_rep1.mapq_30.10.cool,medium,800,True,MG1655:15,train
WIN_medium_3721aa205a20bd43,MG1655,1962400,1968800,1965600,6400,100,2453,rep1,False,0,0,F:\Micro-C\micro-c数据\GSE272159_37C_rep1.mapq_30.10.cool,medium,800,True,MG1655:15,train
WIN_medium_b54fc94c74977740,MG1655,1963200,1969600,1966400,6400,100,2454,rep1,False,0,0,F:\Micro-C\micro-c数据\GSE272159_37C_rep1.mapq_30.10.cool,medium,800,True,MG1655:15,train
WIN_medium_5eadda96ab9eef9b,MG1655,1964000,1970400,1967200,6400,100,2455,rep1,False,0,0,F:\Micro-C\micro-c数据\GSE272159_37C_rep1.mapq_30.10.cool,medium,800,True,MG1655:15,train
WIN_medium_be54257d95e56a5d,MG1655,1964800,1971200,1968000,6400,100,2456,rep1,False,0,0,F:\Micro-C\micro-c数据\GSE272159_37C_rep1.mapq_30.10.cool,medium,800,True,MG1655:15,train
WIN_medium_7407e180087f95f2,MG1655,1965600,1972000,1968800,6400,100,2457,rep1,False,0,0,F:\Micro-C\micro-c数据\GSE272159_37C_rep1.mapq_30.10.cool,medium,800,True,MG1655:15,train
WIN_medium_e77b0e772ae2db31,MG1655,1966400,1972800,1969600,6400,100,2458,rep1,False,0,0,F:\Micro-C\micro-c数据\GSE272159_37C_rep1.mapq_30.10.cool,medium,800,True,MG1655:15,train
WIN_medium_f8f94ff8a68be91a,MG1655,1967200,1973600,1970400,6400,100,2459,rep1,False,0,0,F:\Micro-C\micro-c数据\GSE272159_37C_rep1.mapq_30.10.cool,medium,800,True,MG1655:15,train
WIN_medium_6d14022ba954b6ec,MG1655,1968000,1974400,1971200,6400,100,2460,rep1,False,0,0,F:\Micro-C\micro-c数据\GSE272159_37C_rep1.mapq_30.10.cool,medium,800,True,MG1655:15,train
WIN_medium_8c717a1cbfea252d,MG1655,1968800,1975200,1972000,6400,100,2461,rep1,False,0,0,F:\Micro-C\micro-c数据\GSE272159_37C_rep1.mapq_30.10.cool,medium,800,True,MG1655:15,train
WIN_medium_f298cd9f38d7edca,MG1655,1969600,1976000,1972800,6400,100,2462,rep1,False,0,0,F:\Micro-C\micro-c数据\GSE272159_37C_rep1.mapq_30.10.cool,medium,800,True,MG1655:15,train
WIN_medium_e0e6858fb8696622,MG1655,1970400,1976800,1973600,6400,100,2463,rep1,False,0,0,F:\Micro-C\micro-c数据\GSE272159_37C_rep1.mapq_30.10.cool,medium,800,True,MG1655:15,train
WIN_medium_1ac06118c171083c,MG1655,1971200,1977600,1974400,6400,100,2464,rep1,False,0,0,F:\Micro-C\micro-c数据\GSE272159_37C_rep1.mapq_30.10.cool,medium,800,True,MG1655:15,train
WIN_medium_b5ac624b6126dc54,MG1655,1972000,1978400,1975200,6400,100,2465,rep1,False,0,0,F:\Micro-C\micro-c数据\GSE272159_37C_rep1.mapq_30.10.cool,medium,800,True,MG1655:15,train
WIN_medium_7f14733a0e5e1aff,MG1655,1972800,1979200,1976000,6400,100,2466,rep1,True,6,6,F:\Micro-C\micro-c数据\GSE272159_37C_rep1.mapq_30.10.cool,medium,800,True,MG1655:15,train
WIN_medium_9972d1d3a11eb114,MG1655,1973600,1980000,1976800,6400,100,2467,rep1,True,6,6,F:\Micro-C\micro-c数据\GSE272159_37C_rep1.mapq_30.10.cool,medium,800,True,MG1655:15,train
WIN_medium_76cd65fc0fc0f99e,MG1655,1974400,1980800,1977600,6400,100,2468,rep1,True,6,6,F:\Micro-C\micro-c数据\GSE272159_37C_rep1.mapq_30.10.cool,medium,800,True,MG1655:15,train
WIN_medium_48425d432e51adab,MG1655,1975200,1981600,1978400,6400,100,2469,rep1,True,6,6,F:\Micro-C\micro-c数据\GSE272159_37C_rep1.mapq_30.10.cool,medium,800,True,MG1655:15,train
WIN_medium_f42f1b586604ad5e,MG1655,1976000,1982400,1979200,6400,100,2470,rep1,True,6,6,F:\Micro-C\micro-c数据\GSE272159_37C_rep1.mapq_30.10.cool,medium,800,True,MG1655:15,train
WIN_medium_423d9ea8156ba31c,MG1655,1976800,1983200,1980000,6400,100,2471,rep1,True,6,6,F:\Micro-C\micro-c数据\GSE272159_37C_rep1.mapq_30.10.cool,medium,800,True,MG1655:15,train
WIN_medium_7f56f0acfa370d6f,MG1655,1977600,1984000,1980800,6400,100,2472,rep1,True,6,6,F:\Micro-C\micro-c数据\GSE272159_37C_rep1.mapq_30.10.cool,medium,800,True,MG1655:15,train
WIN_medium_7fb15fabad9d6f03,MG1655,1978400,1984800,1981600,6400,100,2473,rep1,True,6,6,F:\Micro-C\micro-c数据\GSE272159_37C_rep1.mapq_30.10.cool,medium,800,True,MG1655:15,train
WIN_medium_779e8ad9168adf21,MG1655,1979200,1985600,1982400,6400,100,2474,rep1,False,0,0,F:\Micro-C\micro-c数据\GSE272159_37C_rep1.mapq_30.10.cool,medium,800,True,MG1655:15,train
WIN_medium_1d52a132b67aa490,MG1655,1980000,1986400,1983200,6400,100,2475,rep1,False,0,0,F:\Micro-C\micro-c数据\GSE272159_37C_rep1.mapq_30.10.cool,medium,800,True,MG1655:15,train
WIN_medium_7adba6842c567178,MG1655,1980800,1987200,1984000,6400,100,2476,rep1,False,0,0,F:\Micro-C\micro-c数据\GSE272159_37C_rep1.mapq_30.10.cool,medium,800,True,MG1655:15,train
WIN_medium_0b35c730390a8926,MG1655,1981600,1988000,1984800,6400,100,2477,rep1,False,0,0,F:\Micro-C\micro-c数据\GSE272159_37C_rep1.mapq_30.10.cool,medium,800,True,MG1655:15,train
WIN_medium_47158b76aee16847,MG1655,1982400,1988800,1985600,6400,100,2478,rep1,False,0,0,F:\Micro-C\micro-c数据\GSE272159_37C_rep1.mapq_30.10.cool,medium,800,True,MG1655:15,train
WIN_medium_601535df32fb2466,MG1655,1983200,1989600,1986400,6400,100,2479,rep1,False,0,0,F:\Micro-C\micro-c数据\GSE272159_37C_rep1.mapq_30.10.cool,medium,800,True,MG1655:15,train
WIN_medium_9437734d63c2eab4,MG1655,1984000,1990400,1987200,6400,100,2480,rep1,False,0,0,F:\Micro-C\micro-c数据\GSE272159_37C_rep1.mapq_30.10.cool,medium,800,True,MG1655:15,train
WIN_medium_c8cd6e4856abcccc,MG1655,1984800,1991200,1988000,6400,100,2481,rep1,False,0,0,F:\Micro-C\micro-c数据\GSE272159_37C_rep1.mapq_30.10.cool,medium,800,True,MG1655:15,train
WIN_medium_441aab8b79481867,MG1655,1985600,1992000,1988800,6400,100,2482,rep1,False,0,0,F:\Micro-C\micro-c数据\GSE272159_37C_rep1.mapq_30.10.cool,medium,800,True,MG1655:15,train
WIN_medium_9d4a40a86982b351,MG1655,1986400,1992800,1989600,6400,100,2483,rep1,False,0,0,F:\Micro-C\micro-c数据\GSE272159_37C_rep1.mapq_30.10.cool,medium,800,True,MG1655:15,train
WIN_medium_a46a9f5e713d5806,MG1655,1987200,1993600,1990400,6400,100,2484,rep1,False,0,0,F:\Micro-C\micro-c数据\GSE272159_37C_rep1.mapq_30.10.cool,medium,800,True,MG1655:15,train
WIN_medium_1f12534682fbc852,MG1655,1988000,1994400,1991200,6400,100,2485,rep1,False,0,0,F:\Micro-C\micro-c数据\GSE272159_37C_rep1.mapq_30.10.cool,medium,800,True,MG1655:15,train
WIN_medium_0953f8fa3b1481fd,MG1655,1988800,1995200,1992000,6400,100,2486,rep1,False,0,0,F:\Micro-C\micro-c数据\GSE272159_37C_rep1.mapq_30.10.cool,medium,800,True,MG1655:15,train
WIN_medium_3c743e3f2c7dfc2a,MG1655,1989600,1996000,1992800,6400,100,2487,rep1,False,0,0,F:\Micro-C\micro-c数据\GSE272159_37C_rep1.mapq_30.10.cool,medium,800,True,MG1655:15,train
WIN_medium_9dc3362b0538ed9b,MG1655,1990400,1996800,1993600,6400,100,2488,rep1,False,0,0,F:\Micro-C\micro-c数据\GSE272159_37C_rep1.mapq_30.10.cool,medium,800,True,MG1655:15,train
WIN_medium_4daf35a931b8f94e,MG1655,1991200,1997600,1994400,6400,100,2489,rep1,False,0,0,F:\Micro-C\micro-c数据\GSE272159_37C_rep1.mapq_30.10.cool,medium,800,True,MG1655:15,train
WIN_medium_b286ff748ed0bdf3,MG1655,1992000,1998400,1995200,6400,100,2490,rep1,False,0,0,F:\Micro-C\micro-c数据\GSE272159_37C_rep1.mapq_30.10.cool,medium,800,True,MG1655:15,train
WIN_medium_dab622d1844de2bd,MG1655,1992800,1999200,1996000,6400,100,2491,rep1,False,0,0,F:\Micro-C\micro-c数据\GSE272159_37C_rep1.mapq_30.10.cool,medium,800,True,MG1655:15,train
WIN_medium_37d513fb43957ce1,MG1655,1993600,2000000,1996800,6400,100,2492,rep1,False,0,0,F:\Micro-C\micro-c数据\GSE272159_37C_rep1.mapq_30.10.cool,medium,800,True,MG1655:15,train
WIN_medium_59b20ac53ce94810,MG1655,1994400,2000800,1997600,6400,100,2493,rep1,False,0,0,F:\Micro-C\micro-c数据\GSE272159_37C_rep1.mapq_30.10.cool,medium,800,True,MG1655:15,train
WIN_medium_02762b9ab58b051e,MG1655,1995200,2001600,1998400,6400,100,2494,rep1,False,0,0,F:\Micro-C\micro-c数据\GSE272159_37C_rep1.mapq_30.10.cool,medium,800,True,MG1655:15,train
WIN_medium_4751ff58fb2bf0e8,MG1655,1996000,2002400,1999200,6400,100,2495,rep1,False,0,0,F:\Micro-C\micro-c数据\GSE272159_37C_rep1.mapq_30.10.cool,medium,800,True,MG1655:15,train
WIN_medium_2c6e4bad5cc193c7,MG1655,1996800,2003200,2000000,6400,100,2496,rep1,False,0,0,F:\Micro-C\micro-c数据\GSE272159_37C_rep1.mapq_30.10.cool,medium,800,True,MG1655:15,train
WIN_medium_10bef8be0892f501,MG1655,1997600,2004000,2000800,6400,100,2497,rep1,False,0,0,F:\Micro-C\micro-c数据\GSE272159_37C_rep1.mapq_30.10.cool,medium,800,True,MG1655:15,train
WIN_medium_7aa88bfbb20757af,MG1655,1998400,2004800,2001600,6400,100,2498,rep1,False,0,0,F:\Micro-C\micro-c数据\GSE272159_37C_rep1.mapq_30.10.cool,medium,800,True,MG1655:15,train
WIN_medium_9a0bf28b7e4e2d8f,MG1655,1999200,2005600,2002400,6400,100,2499,rep1,False,0,0,F:\Micro-C\micro-c数据\GSE272159_37C_rep1.mapq_30.10.cool,medium,800,True,MG1655:15,train
WIN_medium_beec29e8b29ea417,MG1655,2000000,2006400,2003200,6400,100,2500,rep1,False,0,0,F:\Micro-C\micro-c数据\GSE272159_37C_rep1.mapq_30.10.cool,medium,800,True,MG1655:15,train
WIN_medium_74ee4d3e9a313d59,MG1655,2000800,2007200,2004000,6400,100,2501,rep1,False,0,0,F:\Micro-C\micro-c数据\GSE272159_37C_rep1.mapq_30.10.cool,medium,800,True,MG1655:15,train
WIN_medium_8edc91b68bbafca1,MG1655,2001600,2008000,2004800,6400,100,2502,rep1,False,0,0,F:\Micro-C\micro-c数据\GSE272159_37C_rep1.mapq_30.10.cool,medium,800,True,MG1655:15,train
WIN_medium_9deb5ee156a8017f,MG1655,2002400,2008800,2005600,6400,100,2503,rep1,False,0,0,F:\Micro-C\micro-c数据\GSE272159_37C_rep1.mapq_30.10.cool,medium,800,True,MG1655:15,train
WIN_medium_37c33f34251e8b26,MG1655,2003200,2009600,2006400,6400,100,2504,rep1,False,0,0,F:\Micro-C\micro-c数据\GSE272159_37C_rep1.mapq_30.10.cool,medium,800,True,MG1655:15,train
WIN_medium_db7eb5c38d3562c2,MG1655,2004000,2010400,2007200,6400,100,2505,rep1,False,0,0,F:\Micro-C\micro-c数据\GSE272159_37C_rep1.mapq_30.10.cool,medium,800,True,MG1655:15,train
WIN_medium_a8a66c39a5dc162d,MG1655,2012800,2019200,2016000,6400,100,2516,rep1,False,0,0,F:\Micro-C\micro-c数据\GSE272159_37C_rep1.mapq_30.10.cool,medium,800,True,MG1655:15,train
WIN_medium_23ff53d0db850522,MG1655,2013600,2020000,2016800,6400,100,2517,rep1,False,0,0,F:\Micro-C\micro-c数据\GSE272159_37C_rep1.mapq_30.10.cool,medium,800,True,MG1655:15,train
WIN_medium_3331eccda716f02c,MG1655,2014400,2020800,2017600,6400,100,2518,rep1,False,0,0,F:\Micro-C\micro-c数据\GSE272159_37C_rep1.mapq_30.10.cool,medium,800,True,MG1655:15,train
WIN_medium_d110fc7683dc0403,MG1655,2015200,2021600,2018400,6400,100,2519,rep1,False,0,0,F:\Micro-C\micro-c数据\GSE272159_37C_rep1.mapq_30.10.cool,medium,800,True,MG1655:15,train
WIN_medium_e6bf20126b80040a,MG1655,2016000,2022400,2019200,6400,100,2520,rep1,False,0,0,F:\Micro-C\micro-c数据\GSE272159_37C_rep1.mapq_30.10.cool,medium,800,True,MG1655:15,train
WIN_medium_ec06fdaa2dbadd48,MG1655,2016800,2023200,2020000,6400,100,2521,rep1,False,0,0,F:\Micro-C\micro-c数据\GSE272159_37C_rep1.mapq_30.10.cool,medium,800,True,MG1655:15,train
WIN_medium_c935578e7c8fb7f2,MG1655,2025600,2032000,2028800,6400,100,2532,rep1,False,0,0,F:\Micro-C\micro-c数据\GSE272159_37C_rep1.mapq_30.10.cool,medium,800,True,MG1655:15,train
WIN_medium_a7bb52e23c151390,MG1655,2026400,2032800,2029600,6400,100,2533,rep1,False,0,0,F:\Micro-C\micro-c数据\GSE272159_37C_rep1.mapq_30.10.cool,medium,800,True,MG1655:15,train
WIN_medium_04f265b8c75a4069,MG1655,2027200,2033600,2030400,6400,100,2534,rep1,False,0,0,F:\Micro-C\micro-c数据\GSE272159_37C_rep1.mapq_30.10.cool,medium,800,True,MG1655:15,train
WIN_medium_06f87f5d97709855,MG1655,2028000,2034400,2031200,6400,100,2535,rep1,False,0,0,F:\Micro-C\micro-c数据\GSE272159_37C_rep1.mapq_30.10.cool,medium,800,True,MG1655:15,train
WIN_medium_108fdd19222317e7,MG1655,2028800,2035200,2032000,6400,100,2536,rep1,False,0,0,F:\Micro-C\micro-c数据\GSE272159_37C_rep1.mapq_30.10.cool,medium,800,True,MG1655:15,train
WIN_medium_c19ec81b24c4aa50,MG1655,2037600,2044000,2040800,6400,100,2547,rep1,False,0,0,F:\Micro-C\micro-c数据\GSE272159_37C_rep1.mapq_30.10.cool,medium,800,True,MG1655:15,train
WIN_medium_d105aae84715ecb5,MG1655,2038400,2044800,2041600,6400,100,2548,rep1,False,0,0,F:\Micro-C\micro-c数据\GSE272159_37C_rep1.mapq_30.10.cool,medium,800,True,MG1655:15,train
WIN_medium_13a6206a43d6a1dc,MG1655,2039200,2045600,2042400,6400,100,2549,rep1,False,0,0,F:\Micro-C\micro-c数据\GSE272159_37C_rep1.mapq_30.10.cool,medium,800,True,MG1655:15,train
WIN_medium_862b3d4185bc7187,MG1655,2040000,2046400,2043200,6400,100,2550,rep1,False,0,0,F:\Micro-C\micro-c数据\GSE272159_37C_rep1.mapq_30.10.cool,medium,800,True,MG1655:15,train
WIN_medium_d7e8e002b6d3eced,MG1655,2040800,2047200,2044000,6400,100,2551,rep1,False,0,0,F:\Micro-C\micro-c数据\GSE272159_37C_rep1.mapq_30.10.cool,medium,800,True,MG1655:15,train
WIN_medium_546b2840c2ba04b7,MG1655,2041600,2048000,2044800,6400,100,2552,rep1,False,0,0,F:\Micro-C\micro-c数据\GSE272159_37C_rep1.mapq_30.10.cool,medium,800,True,MG1655:15,train
WIN_medium_02ad2e64807ed6a5,MG1655,2058400,2064800,2061600,6400,100,2573,rep1,False,0,0,F:\Micro-C\micro-c数据\GSE272159_37C_rep1.mapq_30.10.cool,medium,800,True,MG1655:16,train
WIN_medium_4cc59c05a0fdf4e7,MG1655,2059200,2065600,2062400,6400,100,2574,rep1,False,0,0,F:\Micro-C\micro-c数据\GSE272159_37C_rep1.mapq_30.10.cool,medium,800,True,MG1655:16,train
WIN_medium_fea6ecf4c3443e3e,MG1655,2060000,2066400,2063200,6400,100,2575,rep1,True,1,1,F:\Micro-C\micro-c数据\GSE272159_37C_rep1.mapq_30.10.cool,medium,800,True,MG1655:16,train
WIN_medium_f413fa5cf4d71c54,MG1655,2060800,2067200,2064000,6400,100,2576,rep1,True,6,6,F:\Micro-C\micro-c数据\GSE272159_37C_rep1.mapq_30.10.cool,medium,800,True,MG1655:16,train
WIN_medium_dc63729122e6e345,MG1655,2061600,2068000,2064800,6400,100,2577,rep1,True,6,6,F:\Micro-C\micro-c数据\GSE272159_37C_rep1.mapq_30.10.cool,medium,800,True,MG1655:16,train
WIN_medium_e40f7dda9bb4c6b8,MG1655,2062400,2068800,2065600,6400,100,2578,rep1,True,6,6,F:\Micro-C\micro-c数据\GSE272159_37C_rep1.mapq_30.10.cool,medium,800,True,MG1655:16,train
WIN_medium_d05d6bbcc588950f,MG1655,2063200,2069600,2066400,6400,100,2579,rep1,True,11,11,F:\Micro-C\micro-c数据\GSE272159_37C_rep1.mapq_30.10.cool,medium,800,True,MG1655:16,train
WIN_medium_6c75b8743a37e690,MG1655,2064000,2070400,2067200,6400,100,2580,rep1,True,16,16,F:\Micro-C\micro-c数据\GSE272159_37C_rep1.mapq_30.10.cool,medium,800,True,MG1655:16,train
WIN_medium_1d2153726d5a69f9,MG1655,2064800,2071200,2068000,6400,100,2581,rep1,True,16,16,F:\Micro-C\micro-c数据\GSE272159_37C_rep1.mapq_30.10.cool,medium,800,True,MG1655:16,train
WIN_medium_10714abb143bd1fb,MG1655,2065600,2072000,2068800,6400,100,2582,rep1,True,16,16,F:\Micro-C\micro-c数据\GSE272159_37C_rep1.mapq_30.10.cool,medium,800,True,MG1655:16,train
WIN_medium_b442a36eae0c44ee,MG1655,2066400,2072800,2069600,6400,100,2583,rep1,True,15,15,F:\Micro-C\micro-c数据\GSE272159_37C_rep1.mapq_30.10.cool,medium,800,True,MG1655:16,train
WIN_medium_da1c99adcab2a689,MG1655,2067200,2073600,2070400,6400,100,2584,rep1,True,10,10,F:\Micro-C\micro-c数据\GSE272159_37C_rep1.mapq_30.10.cool,medium,800,True,MG1655:16,train
WIN_medium_ddcc5a34b03768bd,MG1655,2068000,2074400,2071200,6400,100,2585,rep1,True,10,10,F:\Micro-C\micro-c数据\GSE272159_37C_rep1.mapq_30.10.cool,medium,800,True,MG1655:16,train
WIN_medium_13aa56d0d9e2da43,MG1655,2068800,2075200,2072000,6400,100,2586,rep1,True,10,10,F:\Micro-C\micro-c数据\GSE272159_37C_rep1.mapq_30.10.cool,medium,800,True,MG1655:16,train
WIN_medium_44bca92a5176d543,MG1655,2069600,2076000,2072800,6400,100,2587,rep1,True,5,5,F:\Micro-C\micro-c数据\GSE272159_37C_rep1.mapq_30.10.cool,medium,800,True,MG1655:16,train
WIN_medium_e5561bef59964dd2,MG1655,2070400,2076800,2073600,6400,100,2588,rep1,False,0,0,F:\Micro-C\micro-c数据\GSE272159_37C_rep1.mapq_30.10.cool,medium,800,True,MG1655:16,train
WIN_medium_a1c4799fa861110c,MG1655,2071200,2077600,2074400,6400,100,2589,rep1,False,0,0,F:\Micro-C\micro-c数据\GSE272159_37C_rep1.mapq_30.10.cool,medium,800,True,MG1655:16,train
WIN_medium_c246a2816852edc9,MG1655,2072000,2078400,2075200,6400,100,2590,rep1,False,0,0,F:\Micro-C\micro-c数据\GSE272159_37C_rep1.mapq_30.10.cool,medium,800,True,MG1655:16,train
WIN_medium_54df648aef24f96f,MG1655,2072800,2079200,2076000,6400,100,2591,rep1,False,0,0,F:\Micro-C\micro-c数据\GSE272159_37C_rep1.mapq_30.10.cool,medium,800,True,MG1655:16,train
WIN_medium_e60194d333c4b22f,MG1655,2073600,2080000,2076800,6400,100,2592,rep1,False,0,0,F:\Micro-C\micro-c数据\GSE272159_37C_rep1.mapq_30.10.cool,medium,800,True,MG1655:16,train
WIN_medium_a30e1c36d308e82b,MG1655,2074400,2080800,2077600,6400,100,2593,rep1,False,0,0,F:\Micro-C\micro-c数据\GSE272159_37C_rep1.mapq_30.10.cool,medium,800,True,MG1655:16,train
WIN_medium_963ee24364749442,MG1655,2075200,2081600,2078400,6400,100,2594,rep1,False,0,0,F:\Micro-C\micro-c数据\GSE272159_37C_rep1.mapq_30.10.cool,medium,800,True,MG1655:16,train
WIN_medium_dafeb53dfd25bd19,MG1655,2076000,2082400,2079200,6400,100,2595,rep1,False,0,0,F:\Micro-C\micro-c数据\GSE272159_37C_rep1.mapq_30.10.cool,medium,800,True,MG1655:16,train
WIN_medium_1fcfc6e98acc0a4b,MG1655,2076800,2083200,2080000,6400,100,2596,rep1,False,0,0,F:\Micro-C\micro-c数据\GSE272159_37C_rep1.mapq_30.10.cool,medium,800,True,MG1655:16,train
WIN_medium_b3c8da3dbe2f2ff2,MG1655,2077600,2084000,2080800,6400,100,2597,rep1,False,0,0,F:\Micro-C\micro-c数据\GSE272159_37C_rep1.mapq_30.10.cool,medium,800,True,MG1655:16,train
WIN_medium_00f3be88f64a3844,MG1655,2078400,2084800,2081600,6400,100,2598,rep1,False,0,0,F:\Micro-C\micro-c数据\GSE272159_37C_rep1.mapq_30.10.cool,medium,800,True,MG1655:16,train
WIN_medium_3d3509e6a35d7cda,MG1655,2079200,2085600,2082400,6400,100,2599,rep1,False,0,0,F:\Micro-C\micro-c数据\GSE272159_37C_rep1.mapq_30.10.cool,medium,800,True,MG1655:16,train
WIN_medium_2afec14e923e0436,MG1655,2080000,2086400,2083200,6400,100,2600,rep1,False,0,0,F:\Micro-C\micro-c数据\GSE272159_37C_rep1.mapq_30.10.cool,medium,800,True,MG1655:16,train
WIN_medium_0401b5999bc3c7bc,MG1655,2080800,2087200,2084000,6400,100,2601,rep1,False,0,0,F:\Micro-C\micro-c数据\GSE272159_37C_rep1.mapq_30.10.cool,medium,800,True,MG1655:16,train
WIN_medium_12ff00cfb1b5e2c4,MG1655,2081600,2088000,2084800,6400,100,2602,rep1,False,0,0,F:\Micro-C\micro-c数据\GSE272159_37C_rep1.mapq_30.10.cool,medium,800,True,MG1655:16,train
WIN_medium_1c2c75e7176e26a8,MG1655,2082400,2088800,2085600,6400,100,2603,rep1,False,0,0,F:\Micro-C\micro-c数据\GSE272159_37C_rep1.mapq_30.10.cool,medium,800,True,MG1655:16,train
WIN_medium_62b97bc455fa620f,MG1655,2083200,2089600,2086400,6400,100,2604,rep1,False,0,0,F:\Micro-C\micro-c数据\GSE272159_37C_rep1.mapq_30.10.cool,medium,800,True,MG1655:16,train
WIN_medium_3e9ba659415245ff,MG1655,2084000,2090400,2087200,6400,100,2605,rep1,False,0,0,F:\Micro-C\micro-c数据\GSE272159_37C_rep1.mapq_30.10.cool,medium,800,True,MG1655:16,train
WIN_medium_306d651b98d0f7fa,MG1655,2084800,2091200,2088000,6400,100,2606,rep1,False,0,0,F:\Micro-C\micro-c数据\GSE272159_37C_rep1.mapq_30.10.cool,medium,800,True,MG1655:16,train
WIN_medium_8e4a936dbabce875,MG1655,2085600,2092000,2088800,6400,100,2607,rep1,False,0,0,F:\Micro-C\micro-c数据\GSE272159_37C_rep1.mapq_30.10.cool,medium,800,True,MG1655:16,train
WIN_medium_3965adc69e46b98c,MG1655,2086400,2092800,2089600,6400,100,2608,rep1,False,0,0,F:\Micro-C\micro-c数据\GSE272159_37C_rep1.mapq_30.10.cool,medium,800,True,MG1655:16,train
WIN_medium_579bf046d8a02403,MG1655,2087200,2093600,2090400,6400,100,2609,rep1,False,0,0,F:\Micro-C\micro-c数据\GSE272159_37C_rep1.mapq_30.10.cool,medium,800,True,MG1655:16,train
WIN_medium_62654d0c49025fc8,MG1655,2088000,2094400,2091200,6400,100,2610,rep1,False,0,0,F:\Micro-C\micro-c数据\GSE272159_37C_rep1.mapq_30.10.cool,medium,800,True,MG1655:16,train
WIN_medium_c80c2965246a7385,MG1655,2088800,2095200,2092000,6400,100,2611,rep1,False,0,0,F:\Micro-C\micro-c数据\GSE272159_37C_rep1.mapq_30.10.cool,medium,800,True,MG1655:16,train
WIN_medium_242e44ead596a4de,MG1655,2089600,2096000,2092800,6400,100,2612,rep1,False,0,0,F:\Micro-C\micro-c数据\GSE272159_37C_rep1.mapq_30.10.cool,medium,800,True,MG1655:16,train
WIN_medium_3e2ec965fe8a074a,MG1655,2090400,2096800,2093600,6400,100,2613,rep1,False,0,0,F:\Micro-C\micro-c数据\GSE272159_37C_rep1.mapq_30.10.cool,medium,800,True,MG1655:16,train
WIN_medium_1cb65dce292fa306,MG1655,2091200,2097600,2094400,6400,100,2614,rep1,False,0,0,F:\Micro-C\micro-c数据\GSE272159_37C_rep1.mapq_30.10.cool,medium,800,True,MG1655:16,train
WIN_medium_10e1d6c11b990622,MG1655,2092000,2098400,2095200,6400,100,2615,rep1,False,0,0,F:\Micro-C\micro-c数据\GSE272159_37C_rep1.mapq_30.10.cool,medium,800,True,MG1655:16,train
WIN_medium_ae899b6ce4d52017,MG1655,2092800,2099200,2096000,6400,100,2616,rep1,False,0,0,F:\Micro-C\micro-c数据\GSE272159_37C_rep1.mapq_30.10.cool,medium,800,True,MG1655:16,train
WIN_medium_7fd54eb4338a729c,MG1655,2093600,2100000,2096800,6400,100,2617,rep1,False,0,0,F:\Micro-C\micro-c数据\GSE272159_37C_rep1.mapq_30.10.cool,medium,800,True,MG1655:16,train
WIN_medium_67aadd52dcbe5c23,MG1655,2094400,2100800,2097600,6400,100,2618,rep1,False,0,0,F:\Micro-C\micro-c数据\GSE272159_37C_rep1.mapq_30.10.cool,medium,800,True,MG1655:16,train
WIN_medium_ea29e222dc6496c4,MG1655,2116000,2122400,2119200,6400,100,2645,rep1,False,0,0,F:\Micro-C\micro-c数据\GSE272159_37C_rep1.mapq_30.10.cool,medium,800,True,MG1655:16,train
WIN_medium_ba7bbbcc3d1fe7aa,MG1655,2116800,2123200,2120000,6400,100,2646,rep1,False,0,0,F:\Micro-C\micro-c数据\GSE272159_37C_rep1.mapq_30.10.cool,medium,800,True,MG1655:16,train
WIN_medium_e2ac8bdec16a9b8a,MG1655,2117600,2124000,2120800,6400,100,2647,rep1,False,0,0,F:\Micro-C\micro-c数据\GSE272159_37C_rep1.mapq_30.10.cool,medium,800,True,MG1655:16,train
WIN_medium_ae6791a044840f82,MG1655,2118400,2124800,2121600,6400,100,2648,rep1,False,0,0,F:\Micro-C\micro-c数据\GSE272159_37C_rep1.mapq_30.10.cool,medium,800,True,MG1655:16,train
WIN_medium_0a54e562b454ae26,MG1655,2119200,2125600,2122400,6400,100,2649,rep1,False,0,0,F:\Micro-C\micro-c数据\GSE272159_37C_rep1.mapq_30.10.cool,medium,800,True,MG1655:16,train
WIN_medium_57982bb6439fd148,MG1655,2120000,2126400,2123200,6400,100,2650,rep1,False,0,0,F:\Micro-C\micro-c数据\GSE272159_37C_rep1.mapq_30.10.cool,medium,800,True,MG1655:16,train
WIN_medium_f5516cf822fb89d9,MG1655,2120800,2127200,2124000,6400,100,2651,rep1,False,0,0,F:\Micro-C\micro-c数据\GSE272159_37C_rep1.mapq_30.10.cool,medium,800,True,MG1655:16,train
WIN_medium_cb9c29b29b78787a,MG1655,2121600,2128000,2124800,6400,100,2652,rep1,False,0,0,F:\Micro-C\micro-c数据\GSE272159_37C_rep1.mapq_30.10.cool,medium,800,True,MG1655:16,train
WIN_medium_1eef9e55d849281d,MG1655,2131200,2137600,2134400,6400,100,2664,rep1,False,0,0,F:\Micro-C\micro-c数据\GSE272159_37C_rep1.mapq_30.10.cool,medium,800,True,MG1655:16,train
WIN_medium_5cc714b0b5828bcb,MG1655,2132000,2138400,2135200,6400,100,2665,rep1,False,0,0,F:\Micro-C\micro-c数据\GSE272159_37C_rep1.mapq_30.10.cool,medium,800,True,MG1655:16,train
WIN_medium_61752b8f9ad107e3,MG1655,2148000,2154400,2151200,6400,100,2685,rep1,False,0,0,F:\Micro-C\micro-c数据\GSE272159_37C_rep1.mapq_30.10.cool,medium,800,True,MG1655:16,train
WIN_medium_770f0e292413ff5c,MG1655,2148800,2155200,2152000,6400,100,2686,rep1,False,0,0,F:\Micro-C\micro-c数据\GSE272159_37C_rep1.mapq_30.10.cool,medium,800,True,MG1655:16,train
WIN_medium_c6572e2d1167f21a,MG1655,2149600,2156000,2152800,6400,100,2687,rep1,False,0,0,F:\Micro-C\micro-c数据\GSE272159_37C_rep1.mapq_30.10.cool,medium,800,True,MG1655:16,train
WIN_medium_ef1097a89bb496d6,MG1655,2150400,2156800,2153600,6400,100,2688,rep1,False,0,0,F:\Micro-C\micro-c数据\GSE272159_37C_rep1.mapq_30.10.cool,medium,800,True,MG1655:16,train
WIN_medium_cc73bb6130e79038,MG1655,2151200,2157600,2154400,6400,100,2689,rep1,False,0,0,F:\Micro-C\micro-c数据\GSE272159_37C_rep1.mapq_30.10.cool,medium,800,True,MG1655:16,train
WIN_medium_a975a9a39ef8fc59,MG1655,2152000,2158400,2155200,6400,100,2690,rep1,False,0,0,F:\Micro-C\micro-c数据\GSE272159_37C_rep1.mapq_30.10.cool,medium,800,True,MG1655:16,train
WIN_medium_1f4352410b9eee14,MG1655,2152800,2159200,2156000,6400,100,2691,rep1,False,0,0,F:\Micro-C\micro-c数据\GSE272159_37C_rep1.mapq_30.10.cool,medium,800,True,MG1655:16,train
WIN_medium_8649ffadce3405ce,MG1655,2153600,2160000,2156800,6400,100,2692,rep1,False,0,0,F:\Micro-C\micro-c数据\GSE272159_37C_rep1.mapq_30.10.cool,medium,800,True,MG1655:16,train
WIN_medium_089c52e85e10eb0b,MG1655,2154400,2160800,2157600,6400,100,2693,rep1,False,0,0,F:\Micro-C\micro-c数据\GSE272159_37C_rep1.mapq_30.10.cool,medium,800,True,MG1655:16,train
WIN_medium_af3900567ec5079c,MG1655,2155200,2161600,2158400,6400,100,2694,rep1,False,0,0,F:\Micro-C\micro-c数据\GSE272159_37C_rep1.mapq_30.10.cool,medium,800,True,MG1655:16,train
WIN_medium_84093158da014f0d,MG1655,2156000,2162400,2159200,6400,100,2695,rep1,False,0,0,F:\Micro-C\micro-c数据\GSE272159_37C_rep1.mapq_30.10.cool,medium,800,True,MG1655:16,train
WIN_medium_43ad30bc5f8d5abc,MG1655,2156800,2163200,2160000,6400,100,2696,rep1,False,0,0,F:\Micro-C\micro-c数据\GSE272159_37C_rep1.mapq_30.10.cool,medium,800,True,MG1655:16,train
WIN_medium_26ddb42998803d6e,MG1655,2157600,2164000,2160800,6400,100,2697,rep1,False,0,0,F:\Micro-C\micro-c数据\GSE272159_37C_rep1.mapq_30.10.cool,medium,800,True,MG1655:16,train
WIN_medium_27a98412b388a1d4,MG1655,2158400,2164800,2161600,6400,100,2698,rep1,False,0,0,F:\Micro-C\micro-c数据\GSE272159_37C_rep1.mapq_30.10.cool,medium,800,True,MG1655:16,train
WIN_medium_2a8cafe59a18defa,MG1655,2159200,2165600,2162400,6400,100,2699,rep1,False,0,0,F:\Micro-C\micro-c数据\GSE272159_37C_rep1.mapq_30.10.cool,medium,800,True,MG1655:16,train
WIN_medium_a94ef2ffddfa961c,MG1655,2160000,2166400,2163200,6400,100,2700,rep1,False,0,0,F:\Micro-C\micro-c数据\GSE272159_37C_rep1.mapq_30.10.cool,medium,800,True,MG1655:16,train
WIN_medium_05bb3cdd48e3dd95,MG1655,2160800,2167200,2164000,6400,100,2701,rep1,False,0,0,F:\Micro-C\micro-c数据\GSE272159_37C_rep1.mapq_30.10.cool,medium,800,True,MG1655:16,train
WIN_medium_7c387ada091cd740,MG1655,2193600,2200000,2196800,6400,100,2742,rep1,False,0,0,F:\Micro-C\micro-c数据\GSE272159_37C_rep1.mapq_30.10.cool,medium,800,True,MG1655:17,validation
WIN_medium_1e3bf403fceb80c3,MG1655,2194400,2200800,2197600,6400,100,2743,rep1,False,0,0,F:\Micro-C\micro-c数据\GSE272159_37C_rep1.mapq_30.10.cool,medium,800,True,MG1655:17,validation
WIN_medium_27d07b979277a8cb,MG1655,2195200,2201600,2198400,6400,100,2744,rep1,False,0,0,F:\Micro-C\micro-c数据\GSE272159_37C_rep1.mapq_30.10.cool,medium,800,True,MG1655:17,validation
WIN_medium_204cb9a1710bb79e,MG1655,2196000,2202400,2199200,6400,100,2745,rep1,False,0,0,F:\Micro-C\micro-c数据\GSE272159_37C_rep1.mapq_30.10.cool,medium,800,True,MG1655:17,validation
WIN_medium_8652d793b3479d75,MG1655,2196800,2203200,2200000,6400,100,2746,rep1,False,0,0,F:\Micro-C\micro-c数据\GSE272159_37C_rep1.mapq_30.10.cool,medium,800,True,MG1655:17,validation
WIN_medium_b422760ccaf6f965,MG1655,2197600,2204000,2200800,6400,100,2747,rep1,False,0,0,F:\Micro-C\micro-c数据\GSE272159_37C_rep1.mapq_30.10.cool,medium,800,True,MG1655:17,validation
WIN_medium_c87405aa61bd51fb,MG1655,2198400,2204800,2201600,6400,100,2748,rep1,False,0,0,F:\Micro-C\micro-c数据\GSE272159_37C_rep1.mapq_30.10.cool,medium,800,True,MG1655:17,validation
WIN_medium_59db32f01a2f064c,MG1655,2199200,2205600,2202400,6400,100,2749,rep1,False,0,0,F:\Micro-C\micro-c数据\GSE272159_37C_rep1.mapq_30.10.cool,medium,800,True,MG1655:17,validation
WIN_medium_20433116e6c13c83,MG1655,2200000,2206400,2203200,6400,100,2750,rep1,False,0,0,F:\Micro-C\micro-c数据\GSE272159_37C_rep1.mapq_30.10.cool,medium,800,True,MG1655:17,validation
WIN_medium_8e953bf0dc8b45a7,MG1655,2200800,2207200,2204000,6400,100,2751,rep1,False,0,0,F:\Micro-C\micro-c数据\GSE272159_37C_rep1.mapq_30.10.cool,medium,800,True,MG1655:17,validation
WIN_medium_f199083034ae9da7,MG1655,2201600,2208000,2204800,6400,100,2752,rep1,False,0,0,F:\Micro-C\micro-c数据\GSE272159_37C_rep1.mapq_30.10.cool,medium,800,True,MG1655:17,validation
WIN_medium_dcb288af77c2e1b7,MG1655,2202400,2208800,2205600,6400,100,2753,rep1,False,0,0,F:\Micro-C\micro-c数据\GSE272159_37C_rep1.mapq_30.10.cool,medium,800,True,MG1655:17,validation
WIN_medium_2a82930058d226ff,MG1655,2203200,2209600,2206400,6400,100,2754,rep1,False,0,0,F:\Micro-C\micro-c数据\GSE272159_37C_rep1.mapq_30.10.cool,medium,800,True,MG1655:17,validation
WIN_medium_fd79485cdcea93d7,MG1655,2204000,2210400,2207200,6400,100,2755,rep1,False,0,0,F:\Micro-C\micro-c数据\GSE272159_37C_rep1.mapq_30.10.cool,medium,800,True,MG1655:17,validation
WIN_medium_39473352e7140e5a,MG1655,2204800,2211200,2208000,6400,100,2756,rep1,False,0,0,F:\Micro-C\micro-c数据\GSE272159_37C_rep1.mapq_30.10.cool,medium,800,True,MG1655:17,validation
WIN_medium_37bb3ee5ff092fd5,MG1655,2215200,2221600,2218400,6400,100,2769,rep1,False,0,0,F:\Micro-C\micro-c数据\GSE272159_37C_rep1.mapq_30.10.cool,medium,800,True,MG1655:17,validation
WIN_medium_84dd4746a77cb11d,MG1655,2216000,2222400,2219200,6400,100,2770,rep1,False,0,0,F:\Micro-C\micro-c数据\GSE272159_37C_rep1.mapq_30.10.cool,medium,800,True,MG1655:17,validation
WIN_medium_cae6315a75926bbe,MG1655,2216800,2223200,2220000,6400,100,2771,rep1,False,0,0,F:\Micro-C\micro-c数据\GSE272159_37C_rep1.mapq_30.10.cool,medium,800,True,MG1655:17,validation
WIN_medium_0350574dfb59a706,MG1655,2217600,2224000,2220800,6400,100,2772,rep1,False,0,0,F:\Micro-C\micro-c数据\GSE272159_37C_rep1.mapq_30.10.cool,medium,800,True,MG1655:17,validation
WIN_medium_f3cfa87004f2f515,MG1655,2218400,2224800,2221600,6400,100,2773,rep1,False,0,0,F:\Micro-C\micro-c数据\GSE272159_37C_rep1.mapq_30.10.cool,medium,800,True,MG1655:17,validation
WIN_medium_21eea3465a0fb76a,MG1655,2219200,2225600,2222400,6400,100,2774,rep1,False,0,0,F:\Micro-C\micro-c数据\GSE272159_37C_rep1.mapq_30.10.cool,medium,800,True,MG1655:17,validation
WIN_medium_1f02555881ad3b29,MG1655,2220000,2226400,2223200,6400,100,2775,rep1,False,0,0,F:\Micro-C\micro-c数据\GSE272159_37C_rep1.mapq_30.10.cool,medium,800,True,MG1655:17,validation
WIN_medium_137bfea6059ed19a,MG1655,2220800,2227200,2224000,6400,100,2776,rep1,False,0,0,F:\Micro-C\micro-c数据\GSE272159_37C_rep1.mapq_30.10.cool,medium,800,True,MG1655:17,validation
WIN_medium_3eb244478182dc33,MG1655,2221600,2228000,2224800,6400,100,2777,rep1,False,0,0,F:\Micro-C\micro-c数据\GSE272159_37C_rep1.mapq_30.10.cool,medium,800,True,MG1655:17,validation
WIN_medium_8c23b807257336a0,MG1655,2222400,2228800,2225600,6400,100,2778,rep1,False,0,0,F:\Micro-C\micro-c数据\GSE272159_37C_rep1.mapq_30.10.cool,medium,800,True,MG1655:17,validation
WIN_medium_9734cba495231c7e,MG1655,2223200,2229600,2226400,6400,100,2779,rep1,False,0,0,F:\Micro-C\micro-c数据\GSE272159_37C_rep1.mapq_30.10.cool,medium,800,True,MG1655:17,validation
WIN_medium_75eb20d7c79a0c88,MG1655,2224000,2230400,2227200,6400,100,2780,rep1,False,0,0,F:\Micro-C\micro-c数据\GSE272159_37C_rep1.mapq_30.10.cool,medium,800,True,MG1655:17,validation
WIN_medium_6433258a11f08e9a,MG1655,2224800,2231200,2228000,6400,100,2781,rep1,False,0,0,F:\Micro-C\micro-c数据\GSE272159_37C_rep1.mapq_30.10.cool,medium,800,True,MG1655:17,validation
WIN_medium_f68737dfd9a753fd,MG1655,2225600,2232000,2228800,6400,100,2782,rep1,False,0,0,F:\Micro-C\micro-c数据\GSE272159_37C_rep1.mapq_30.10.cool,medium,800,True,MG1655:17,validation
WIN_medium_5e413ef67875fcda,MG1655,2226400,2232800,2229600,6400,100,2783,rep1,False,0,0,F:\Micro-C\micro-c数据\GSE272159_37C_rep1.mapq_30.10.cool,medium,800,True,MG1655:17,validation
WIN_medium_230ab7d0ca3a1464,MG1655,2240000,2246400,2243200,6400,100,2800,rep1,False,0,0,F:\Micro-C\micro-c数据\GSE272159_37C_rep1.mapq_30.10.cool,medium,800,True,MG1655:17,validation
WIN_medium_4af559fd848b2e59,MG1655,2240800,2247200,2244000,6400,100,2801,rep1,False,0,0,F:\Micro-C\micro-c数据\GSE272159_37C_rep1.mapq_30.10.cool,medium,800,True,MG1655:17,validation
WIN_medium_f87315c5e7c8afb9,MG1655,2241600,2248000,2244800,6400,100,2802,rep1,False,0,0,F:\Micro-C\micro-c数据\GSE272159_37C_rep1.mapq_30.10.cool,medium,800,True,MG1655:17,validation
WIN_medium_b9b91bb750016d6a,MG1655,2242400,2248800,2245600,6400,100,2803,rep1,False,0,0,F:\Micro-C\micro-c数据\GSE272159_37C_rep1.mapq_30.10.cool,medium,800,True,MG1655:17,validation
WIN_medium_c2e2a3d7cc2e6012,MG1655,2243200,2249600,2246400,6400,100,2804,rep1,False,0,0,F:\Micro-C\micro-c数据\GSE272159_37C_rep1.mapq_30.10.cool,medium,800,True,MG1655:17,validation
WIN_medium_95647bd1a623c3c8,MG1655,2244000,2250400,2247200,6400,100,2805,rep1,False,0,0,F:\Micro-C\micro-c数据\GSE272159_37C_rep1.mapq_30.10.cool,medium,800,True,MG1655:17,validation
WIN_medium_7a092451198f5131,MG1655,2244800,2251200,2248000,6400,100,2806,rep1,False,0,0,F:\Micro-C\micro-c数据\GSE272159_37C_rep1.mapq_30.10.cool,medium,800,True,MG1655:17,validation
WIN_medium_17adf984c1e9beb0,MG1655,2245600,2252000,2248800,6400,100,2807,rep1,False,0,0,F:\Micro-C\micro-c数据\GSE272159_37C_rep1.mapq_30.10.cool,medium,800,True,MG1655:17,validation
WIN_medium_9d2e65f0a532ba40,MG1655,2246400,2252800,2249600,6400,100,2808,rep1,False,0,0,F:\Micro-C\micro-c数据\GSE272159_37C_rep1.mapq_30.10.cool,medium,800,True,MG1655:17,validation
WIN_medium_22710d13553b2314,MG1655,2247200,2253600,2250400,6400,100,2809,rep1,False,0,0,F:\Micro-C\micro-c数据\GSE272159_37C_rep1.mapq_30.10.cool,medium,800,True,MG1655:17,validation
WIN_medium_8773b98a6c945fac,MG1655,2248000,2254400,2251200,6400,100,2810,rep1,False,0,0,F:\Micro-C\micro-c数据\GSE272159_37C_rep1.mapq_30.10.cool,medium,800,True,MG1655:17,validation
WIN_medium_db5806eddcba15f6,MG1655,2264000,2270400,2267200,6400,100,2830,rep1,False,0,0,F:\Micro-C\micro-c数据\GSE272159_37C_rep1.mapq_30.10.cool,medium,800,True,MG1655:17,validation
WIN_medium_03939ee9e8ea7cf8,MG1655,2264800,2271200,2268000,6400,100,2831,rep1,False,0,0,F:\Micro-C\micro-c数据\GSE272159_37C_rep1.mapq_30.10.cool,medium,800,True,MG1655:17,validation
WIN_medium_b078a905b3803822,MG1655,2265600,2272000,2268800,6400,100,2832,rep1,False,0,0,F:\Micro-C\micro-c数据\GSE272159_37C_rep1.mapq_30.10.cool,medium,800,True,MG1655:17,validation
WIN_medium_af884afee7afd9f6,MG1655,2266400,2272800,2269600,6400,100,2833,rep1,False,0,0,F:\Micro-C\micro-c数据\GSE272159_37C_rep1.mapq_30.10.cool,medium,800,True,MG1655:17,validation
WIN_medium_edd2f6aa2b8290e3,MG1655,2267200,2273600,2270400,6400,100,2834,rep1,False,0,0,F:\Micro-C\micro-c数据\GSE272159_37C_rep1.mapq_30.10.cool,medium,800,True,MG1655:17,validation
WIN_medium_9e2c0a912c7f93e9,MG1655,2268000,2274400,2271200,6400,100,2835,rep1,False,0,0,F:\Micro-C\micro-c数据\GSE272159_37C_rep1.mapq_30.10.cool,medium,800,True,MG1655:17,validation
WIN_medium_1e83f534312bcd2e,MG1655,2268800,2275200,2272000,6400,100,2836,rep1,False,0,0,F:\Micro-C\micro-c数据\GSE272159_37C_rep1.mapq_30.10.cool,medium,800,True,MG1655:17,validation
WIN_medium_f03bfb4d249b00c9,MG1655,2269600,2276000,2272800,6400,100,2837,rep1,False,0,0,F:\Micro-C\micro-c数据\GSE272159_37C_rep1.mapq_30.10.cool,medium,800,True,MG1655:17,validation
WIN_medium_03d43a5a1a890644,MG1655,2270400,2276800,2273600,6400,100,2838,rep1,False,0,0,F:\Micro-C\micro-c数据\GSE272159_37C_rep1.mapq_30.10.cool,medium,800,True,MG1655:17,validation
WIN_medium_1a2b460d9115a593,MG1655,2271200,2277600,2274400,6400,100,2839,rep1,False,0,0,F:\Micro-C\micro-c数据\GSE272159_37C_rep1.mapq_30.10.cool,medium,800,True,MG1655:17,validation
WIN_medium_d70adb2e6e660802,MG1655,2272000,2278400,2275200,6400,100,2840,rep1,False,0,0,F:\Micro-C\micro-c数据\GSE272159_37C_rep1.mapq_30.10.cool,medium,800,True,MG1655:17,validation
WIN_medium_a6baeab96e16b0aa,MG1655,2272800,2279200,2276000,6400,100,2841,rep1,False,0,0,F:\Micro-C\micro-c数据\GSE272159_37C_rep1.mapq_30.10.cool,medium,800,True,MG1655:17,validation
WIN_medium_95df34a1e0084652,MG1655,2273600,2280000,2276800,6400,100,2842,rep1,False,0,0,F:\Micro-C\micro-c数据\GSE272159_37C_rep1.mapq_30.10.cool,medium,800,True,MG1655:17,validation
WIN_medium_3758cdfc87340325,MG1655,2274400,2280800,2277600,6400,100,2843,rep1,False,0,0,F:\Micro-C\micro-c数据\GSE272159_37C_rep1.mapq_30.10.cool,medium,800,True,MG1655:17,validation
WIN_medium_734b531fdb425bef,MG1655,2275200,2281600,2278400,6400,100,2844,rep1,False,0,0,F:\Micro-C\micro-c数据\GSE272159_37C_rep1.mapq_30.10.cool,medium,800,True,MG1655:17,validation
WIN_medium_57900b79898a3fe6,MG1655,2276000,2282400,2279200,6400,100,2845,rep1,False,0,0,F:\Micro-C\micro-c数据\GSE272159_37C_rep1.mapq_30.10.cool,medium,800,True,MG1655:17,validation
WIN_medium_250ed2e663e64a29,MG1655,2276800,2283200,2280000,6400,100,2846,rep1,False,0,0,F:\Micro-C\micro-c数据\GSE272159_37C_rep1.mapq_30.10.cool,medium,800,True,MG1655:17,validation
WIN_medium_e137bf6ab0c3903e,MG1655,2277600,2284000,2280800,6400,100,2847,rep1,False,0,0,F:\Micro-C\micro-c数据\GSE272159_37C_rep1.mapq_30.10.cool,medium,800,True,MG1655:17,validation
WIN_medium_71eb3b7ea38bf260,MG1655,2278400,2284800,2281600,6400,100,2848,rep1,False,0,0,F:\Micro-C\micro-c数据\GSE272159_37C_rep1.mapq_30.10.cool,medium,800,True,MG1655:17,validation
WIN_medium_2f21dd696ff9a184,MG1655,2279200,2285600,2282400,6400,100,2849,rep1,False,0,0,F:\Micro-C\micro-c数据\GSE272159_37C_rep1.mapq_30.10.cool,medium,800,True,MG1655:17,validation
WIN_medium_218f190a67b9b41b,MG1655,2280000,2286400,2283200,6400,100,2850,rep1,False,0,0,F:\Micro-C\micro-c数据\GSE272159_37C_rep1.mapq_30.10.cool,medium,800,True,MG1655:17,validation
WIN_medium_fc6e353763fc328a,MG1655,2280800,2287200,2284000,6400,100,2851,rep1,False,0,0,F:\Micro-C\micro-c数据\GSE272159_37C_rep1.mapq_30.10.cool,medium,800,True,MG1655:17,validation
WIN_medium_566760607f1e6d37,MG1655,2281600,2288000,2284800,6400,100,2852,rep1,False,0,0,F:\Micro-C\micro-c数据\GSE272159_37C_rep1.mapq_30.10.cool,medium,800,True,MG1655:17,validation
WIN_medium_030e412311482152,MG1655,2282400,2288800,2285600,6400,100,2853,rep1,False,0,0,F:\Micro-C\micro-c数据\GSE272159_37C_rep1.mapq_30.10.cool,medium,800,True,MG1655:17,validation
WIN_medium_ceee02a54ca5e00b,MG1655,2283200,2289600,2286400,6400,100,2854,rep1,True,5,5,F:\Micro-C\micro-c数据\GSE272159_37C_rep1.mapq_30.10.cool,medium,800,True,MG1655:17,validation
WIN_medium_c4d6e35e4e0b9670,MG1655,2284000,2290400,2287200,6400,100,2855,rep1,True,9,9,F:\Micro-C\micro-c数据\GSE272159_37C_rep1.mapq_30.10.cool,medium,800,True,MG1655:17,validation
WIN_medium_df417eef58e4077f,MG1655,2284800,2291200,2288000,6400,100,2856,rep1,True,9,9,F:\Micro-C\micro-c数据\GSE272159_37C_rep1.mapq_30.10.cool,medium,800,True,MG1655:17,validation
WIN_medium_acdc6a7d8245e143,MG1655,2285600,2292000,2288800,6400,100,2857,rep1,True,9,9,F:\Micro-C\micro-c数据\GSE272159_37C_rep1.mapq_30.10.cool,medium,800,True,MG1655:17,validation
WIN_medium_dd65fe1b054f8495,MG1655,2286400,2292800,2289600,6400,100,2858,rep1,True,9,9,F:\Micro-C\micro-c数据\GSE272159_37C_rep1.mapq_30.10.cool,medium,800,True,MG1655:17,validation
WIN_medium_9ff6a59272179e7a,MG1655,2287200,2293600,2290400,6400,100,2859,rep1,True,9,9,F:\Micro-C\micro-c数据\GSE272159_37C_rep1.mapq_30.10.cool,medium,800,True,MG1655:17,validation
WIN_medium_7f0eb09faa19fc4e,MG1655,2288000,2294400,2291200,6400,100,2860,rep1,True,9,9,F:\Micro-C\micro-c数据\GSE272159_37C_rep1.mapq_30.10.cool,medium,800,True,MG1655:17,validation
WIN_medium_f3f4f2623077239c,MG1655,2288800,2295200,2292000,6400,100,2861,rep1,True,9,9,F:\Micro-C\micro-c数据\GSE272159_37C_rep1.mapq_30.10.cool,medium,800,True,MG1655:17,validation
WIN_medium_bda5e59d7835b349,MG1655,2289600,2296000,2292800,6400,100,2862,rep1,True,4,4,F:\Micro-C\micro-c数据\GSE272159_37C_rep1.mapq_30.10.cool,medium,800,True,MG1655:17,validation
WIN_medium_c4f7603a2417277b,MG1655,2290400,2296800,2293600,6400,100,2863,rep1,False,0,0,F:\Micro-C\micro-c数据\GSE272159_37C_rep1.mapq_30.10.cool,medium,800,True,MG1655:17,validation
WIN_medium_b9800b3a39d0d184,MG1655,2291200,2297600,2294400,6400,100,2864,rep1,False,0,0,F:\Micro-C\micro-c数据\GSE272159_37C_rep1.mapq_30.10.cool,medium,800,True,MG1655:17,validation
WIN_medium_4146042e2d75a762,MG1655,2292000,2298400,2295200,6400,100,2865,rep1,False,0,0,F:\Micro-C\micro-c数据\GSE272159_37C_rep1.mapq_30.10.cool,medium,800,True,MG1655:17,validation
WIN_medium_e195d757fe940971,MG1655,2292800,2299200,2296000,6400,100,2866,rep1,False,0,0,F:\Micro-C\micro-c数据\GSE272159_37C_rep1.mapq_30.10.cool,medium,800,True,MG1655:17,validation
WIN_medium_b0ae9c47482d6f2b,MG1655,2293600,2300000,2296800,6400,100,2867,rep1,False,0,0,F:\Micro-C\micro-c数据\GSE272159_37C_rep1.mapq_30.10.cool,medium,800,True,MG1655:17,validation
WIN_medium_f0097f355cfbda33,MG1655,2294400,2300800,2297600,6400,100,2868,rep1,False,0,0,F:\Micro-C\micro-c数据\GSE272159_37C_rep1.mapq_30.10.cool,medium,800,True,MG1655:17,validation
WIN_medium_874002573a76a5cf,MG1655,2295200,2301600,2298400,6400,100,2869,rep1,False,0,0,F:\Micro-C\micro-c数据\GSE272159_37C_rep1.mapq_30.10.cool,medium,800,True,MG1655:17,validation
WIN_medium_92b9827d487536f4,MG1655,2296000,2302400,2299200,6400,100,2870,rep1,False,0,0,F:\Micro-C\micro-c数据\GSE272159_37C_rep1.mapq_30.10.cool,medium,800,True,MG1655:17,validation
WIN_medium_0bba620230d351a8,MG1655,2296800,2303200,2300000,6400,100,2871,rep1,False,0,0,F:\Micro-C\micro-c数据\GSE272159_37C_rep1.mapq_30.10.cool,medium,800,True,MG1655:17,validation
WIN_medium_3c368e89fc0c11b9,MG1655,2297600,2304000,2300800,6400,100,2872,rep1,False,0,0,F:\Micro-C\micro-c数据\GSE272159_37C_rep1.mapq_30.10.cool,medium,800,True,MG1655:17,validation
WIN_medium_3c75c084cb3f756b,MG1655,2304000,2310400,2307200,6400,100,2880,rep1,False,0,0,F:\Micro-C\micro-c数据\GSE272159_37C_rep1.mapq_30.10.cool,medium,800,True,MG1655:18,train
WIN_medium_9b625d97173863f3,MG1655,2304800,2311200,2308000,6400,100,2881,rep1,False,0,0,F:\Micro-C\micro-c数据\GSE272159_37C_rep1.mapq_30.10.cool,medium,800,True,MG1655:18,train
WIN_medium_094d94054141e10e,MG1655,2305600,2312000,2308800,6400,100,2882,rep1,False,0,0,F:\Micro-C\micro-c数据\GSE272159_37C_rep1.mapq_30.10.cool,medium,800,True,MG1655:18,train
WIN_medium_21a282b2ebc6fe92,MG1655,2306400,2312800,2309600,6400,100,2883,rep1,False,0,0,F:\Micro-C\micro-c数据\GSE272159_37C_rep1.mapq_30.10.cool,medium,800,True,MG1655:18,train
WIN_medium_68485b5aa2858b7d,MG1655,2307200,2313600,2310400,6400,100,2884,rep1,False,0,0,F:\Micro-C\micro-c数据\GSE272159_37C_rep1.mapq_30.10.cool,medium,800,True,MG1655:18,train
WIN_medium_83821ec44f3e947a,MG1655,2308000,2314400,2311200,6400,100,2885,rep1,False,0,0,F:\Micro-C\micro-c数据\GSE272159_37C_rep1.mapq_30.10.cool,medium,800,True,MG1655:18,train
WIN_medium_d8fbaef1c0f7d51b,MG1655,2308800,2315200,2312000,6400,100,2886,rep1,False,0,0,F:\Micro-C\micro-c数据\GSE272159_37C_rep1.mapq_30.10.cool,medium,800,True,MG1655:18,train
WIN_medium_5fa28b56dd308a3f,MG1655,2309600,2316000,2312800,6400,100,2887,rep1,False,0,0,F:\Micro-C\micro-c数据\GSE272159_37C_rep1.mapq_30.10.cool,medium,800,True,MG1655:18,train
WIN_medium_8072ee67a8a319b0,MG1655,2310400,2316800,2313600,6400,100,2888,rep1,False,0,0,F:\Micro-C\micro-c数据\GSE272159_37C_rep1.mapq_30.10.cool,medium,800,True,MG1655:18,train
WIN_medium_ccecf6ca1dabdb7d,MG1655,2311200,2317600,2314400,6400,100,2889,rep1,False,0,0,F:\Micro-C\micro-c数据\GSE272159_37C_rep1.mapq_30.10.cool,medium,800,True,MG1655:18,train
WIN_medium_ee5c6fe45a7e86e9,MG1655,2312000,2318400,2315200,6400,100,2890,rep1,False,0,0,F:\Micro-C\micro-c数据\GSE272159_37C_rep1.mapq_30.10.cool,medium,800,True,MG1655:18,train
WIN_medium_841b284244bb73cf,MG1655,2312800,2319200,2316000,6400,100,2891,rep1,False,0,0,F:\Micro-C\micro-c数据\GSE272159_37C_rep1.mapq_30.10.cool,medium,800,True,MG1655:18,train
WIN_medium_1b6c5298b9babb47,MG1655,2313600,2320000,2316800,6400,100,2892,rep1,False,0,0,F:\Micro-C\micro-c数据\GSE272159_37C_rep1.mapq_30.10.cool,medium,800,True,MG1655:18,train
WIN_medium_cbd97a79b91cf13c,MG1655,2314400,2320800,2317600,6400,100,2893,rep1,False,0,0,F:\Micro-C\micro-c数据\GSE272159_37C_rep1.mapq_30.10.cool,medium,800,True,MG1655:18,train
WIN_medium_26beb738509e037b,MG1655,2315200,2321600,2318400,6400,100,2894,rep1,False,0,0,F:\Micro-C\micro-c数据\GSE272159_37C_rep1.mapq_30.10.cool,medium,800,True,MG1655:18,train
WIN_medium_f51a109c37b3519f,MG1655,2316000,2322400,2319200,6400,100,2895,rep1,False,0,0,F:\Micro-C\micro-c数据\GSE272159_37C_rep1.mapq_30.10.cool,medium,800,True,MG1655:18,train
WIN_medium_7a3f9f13ffe38e50,MG1655,2316800,2323200,2320000,6400,100,2896,rep1,False,0,0,F:\Micro-C\micro-c数据\GSE272159_37C_rep1.mapq_30.10.cool,medium,800,True,MG1655:18,train
WIN_medium_0bacaf433160bfe7,MG1655,2317600,2324000,2320800,6400,100,2897,rep1,False,0,0,F:\Micro-C\micro-c数据\GSE272159_37C_rep1.mapq_30.10.cool,medium,800,True,MG1655:18,train
WIN_medium_e6f008b2f29a146d,MG1655,2318400,2324800,2321600,6400,100,2898,rep1,False,0,0,F:\Micro-C\micro-c数据\GSE272159_37C_rep1.mapq_30.10.cool,medium,800,True,MG1655:18,train
WIN_medium_be5c481dd317fccb,MG1655,2319200,2325600,2322400,6400,100,2899,rep1,False,0,0,F:\Micro-C\micro-c数据\GSE272159_37C_rep1.mapq_30.10.cool,medium,800,True,MG1655:18,train
WIN_medium_db3a75d2a5b9d002,MG1655,2320000,2326400,2323200,6400,100,2900,rep1,False,0,0,F:\Micro-C\micro-c数据\GSE272159_37C_rep1.mapq_30.10.cool,medium,800,True,MG1655:18,train
WIN_medium_9e78b82d7a75de57,MG1655,2320800,2327200,2324000,6400,100,2901,rep1,False,0,0,F:\Micro-C\micro-c数据\GSE272159_37C_rep1.mapq_30.10.cool,medium,800,True,MG1655:18,train
WIN_medium_2c222f6bd9bb8eb1,MG1655,2321600,2328000,2324800,6400,100,2902,rep1,False,0,0,F:\Micro-C\micro-c数据\GSE272159_37C_rep1.mapq_30.10.cool,medium,800,True,MG1655:18,train
WIN_medium_b5b077b957708e57,MG1655,2322400,2328800,2325600,6400,100,2903,rep1,False,0,0,F:\Micro-C\micro-c数据\GSE272159_37C_rep1.mapq_30.10.cool,medium,800,True,MG1655:18,train
WIN_medium_66969e4f5f7c0ee3,MG1655,2323200,2329600,2326400,6400,100,2904,rep1,False,0,0,F:\Micro-C\micro-c数据\GSE272159_37C_rep1.mapq_30.10.cool,medium,800,True,MG1655:18,train
WIN_medium_d92aa18d5b6dcd53,MG1655,2324000,2330400,2327200,6400,100,2905,rep1,False,0,0,F:\Micro-C\micro-c数据\GSE272159_37C_rep1.mapq_30.10.cool,medium,800,True,MG1655:18,train
WIN_medium_8f85198102161434,MG1655,2324800,2331200,2328000,6400,100,2906,rep1,False,0,0,F:\Micro-C\micro-c数据\GSE272159_37C_rep1.mapq_30.10.cool,medium,800,True,MG1655:18,train
WIN_medium_daea7e614999c4f5,MG1655,2325600,2332000,2328800,6400,100,2907,rep1,False,0,0,F:\Micro-C\micro-c数据\GSE272159_37C_rep1.mapq_30.10.cool,medium,800,True,MG1655:18,train
WIN_medium_0272ad6f14b66347,MG1655,2326400,2332800,2329600,6400,100,2908,rep1,False,0,0,F:\Micro-C\micro-c数据\GSE272159_37C_rep1.mapq_30.10.cool,medium,800,True,MG1655:18,train
WIN_medium_4948902e08fe32b8,MG1655,2327200,2333600,2330400,6400,100,2909,rep1,False,0,0,F:\Micro-C\micro-c数据\GSE272159_37C_rep1.mapq_30.10.cool,medium,800,True,MG1655:18,train
WIN_medium_9617196978656279,MG1655,2328000,2334400,2331200,6400,100,2910,rep1,False,0,0,F:\Micro-C\micro-c数据\GSE272159_37C_rep1.mapq_30.10.cool,medium,800,True,MG1655:18,train
WIN_medium_e8ae437346843f21,MG1655,2328800,2335200,2332000,6400,100,2911,rep1,False,0,0,F:\Micro-C\micro-c数据\GSE272159_37C_rep1.mapq_30.10.cool,medium,800,True,MG1655:18,train
WIN_medium_3d2b5b32fe2371ec,MG1655,2329600,2336000,2332800,6400,100,2912,rep1,False,0,0,F:\Micro-C\micro-c数据\GSE272159_37C_rep1.mapq_30.10.cool,medium,800,True,MG1655:18,train
WIN_medium_35e25df5678b8ac7,MG1655,2330400,2336800,2333600,6400,100,2913,rep1,False,0,0,F:\Micro-C\micro-c数据\GSE272159_37C_rep1.mapq_30.10.cool,medium,800,True,MG1655:18,train
WIN_medium_2e462ac92791dedb,MG1655,2331200,2337600,2334400,6400,100,2914,rep1,False,0,0,F:\Micro-C\micro-c数据\GSE272159_37C_rep1.mapq_30.10.cool,medium,800,True,MG1655:18,train
WIN_medium_da55b0d58408ea3c,MG1655,2332000,2338400,2335200,6400,100,2915,rep1,False,0,0,F:\Micro-C\micro-c数据\GSE272159_37C_rep1.mapq_30.10.cool,medium,800,True,MG1655:18,train
WIN_medium_444e3eed8e55522b,MG1655,2332800,2339200,2336000,6400,100,2916,rep1,False,0,0,F:\Micro-C\micro-c数据\GSE272159_37C_rep1.mapq_30.10.cool,medium,800,True,MG1655:18,train
WIN_medium_727eeba11438cc1c,MG1655,2333600,2340000,2336800,6400,100,2917,rep1,False,0,0,F:\Micro-C\micro-c数据\GSE272159_37C_rep1.mapq_30.10.cool,medium,800,True,MG1655:18,train
WIN_medium_2c1513cfc33225b2,MG1655,2334400,2340800,2337600,6400,100,2918,rep1,False,0,0,F:\Micro-C\micro-c数据\GSE272159_37C_rep1.mapq_30.10.cool,medium,800,True,MG1655:18,train
WIN_medium_eb2bc525650a1051,MG1655,2335200,2341600,2338400,6400,100,2919,rep1,False,0,0,F:\Micro-C\micro-c数据\GSE272159_37C_rep1.mapq_30.10.cool,medium,800,True,MG1655:18,train
WIN_medium_59a439d8463f8df2,MG1655,2336000,2342400,2339200,6400,100,2920,rep1,False,0,0,F:\Micro-C\micro-c数据\GSE272159_37C_rep1.mapq_30.10.cool,medium,800,True,MG1655:18,train
WIN_medium_4fe564b033aea26b,MG1655,2336800,2343200,2340000,6400,100,2921,rep1,False,0,0,F:\Micro-C\micro-c数据\GSE272159_37C_rep1.mapq_30.10.cool,medium,800,True,MG1655:18,train
WIN_medium_890ef95b024b7d50,MG1655,2344800,2351200,2348000,6400,100,2931,rep1,False,0,0,F:\Micro-C\micro-c数据\GSE272159_37C_rep1.mapq_30.10.cool,medium,800,True,MG1655:18,train
WIN_medium_560a996b407a54d0,MG1655,2345600,2352000,2348800,6400,100,2932,rep1,False,0,0,F:\Micro-C\micro-c数据\GSE272159_37C_rep1.mapq_30.10.cool,medium,800,True,MG1655:18,train
WIN_medium_c8dccffe485b365a,MG1655,2346400,2352800,2349600,6400,100,2933,rep1,False,0,0,F:\Micro-C\micro-c数据\GSE272159_37C_rep1.mapq_30.10.cool,medium,800,True,MG1655:18,train
WIN_medium_764bb220e0cd6229,MG1655,2347200,2353600,2350400,6400,100,2934,rep1,False,0,0,F:\Micro-C\micro-c数据\GSE272159_37C_rep1.mapq_30.10.cool,medium,800,True,MG1655:18,train
WIN_medium_fd38cd795486e1d7,MG1655,2348000,2354400,2351200,6400,100,2935,rep1,False,0,0,F:\Micro-C\micro-c数据\GSE272159_37C_rep1.mapq_30.10.cool,medium,800,True,MG1655:18,train
WIN_medium_e68322e09f89c206,MG1655,2348800,2355200,2352000,6400,100,2936,rep1,False,0,0,F:\Micro-C\micro-c数据\GSE272159_37C_rep1.mapq_30.10.cool,medium,800,True,MG1655:18,train
WIN_medium_a2d9e72baf1fb7f5,MG1655,2349600,2356000,2352800,6400,100,2937,rep1,False,0,0,F:\Micro-C\micro-c数据\GSE272159_37C_rep1.mapq_30.10.cool,medium,800,True,MG1655:18,train
WIN_medium_435bcf6cd66dc256,MG1655,2350400,2356800,2353600,6400,100,2938,rep1,False,0,0,F:\Micro-C\micro-c数据\GSE272159_37C_rep1.mapq_30.10.cool,medium,800,True,MG1655:18,train
WIN_medium_646bab51a5af574c,MG1655,2351200,2357600,2354400,6400,100,2939,rep1,False,0,0,F:\Micro-C\micro-c数据\GSE272159_37C_rep1.mapq_30.10.cool,medium,800,True,MG1655:18,train
WIN_medium_0a5736a1afd649c7,MG1655,2352000,2358400,2355200,6400,100,2940,rep1,False,0,0,F:\Micro-C\micro-c数据\GSE272159_37C_rep1.mapq_30.10.cool,medium,800,True,MG1655:18,train
WIN_medium_9408711da59e6243,MG1655,2352800,2359200,2356000,6400,100,2941,rep1,False,0,0,F:\Micro-C\micro-c数据\GSE272159_37C_rep1.mapq_30.10.cool,medium,800,True,MG1655:18,train
WIN_medium_17d5fefad2c6da51,MG1655,2353600,2360000,2356800,6400,100,2942,rep1,False,0,0,F:\Micro-C\micro-c数据\GSE272159_37C_rep1.mapq_30.10.cool,medium,800,True,MG1655:18,train
WIN_medium_cbbd365436891b44,MG1655,2354400,2360800,2357600,6400,100,2943,rep1,False,0,0,F:\Micro-C\micro-c数据\GSE272159_37C_rep1.mapq_30.10.cool,medium,800,True,MG1655:18,train
WIN_medium_f667664939becab9,MG1655,2355200,2361600,2358400,6400,100,2944,rep1,False,0,0,F:\Micro-C\micro-c数据\GSE272159_37C_rep1.mapq_30.10.cool,medium,800,True,MG1655:18,train
WIN_medium_fa39e66e8049d3be,MG1655,2356000,2362400,2359200,6400,100,2945,rep1,False,0,0,F:\Micro-C\micro-c数据\GSE272159_37C_rep1.mapq_30.10.cool,medium,800,True,MG1655:18,train
WIN_medium_827a378f5f998c62,MG1655,2356800,2363200,2360000,6400,100,2946,rep1,False,0,0,F:\Micro-C\micro-c数据\GSE272159_37C_rep1.mapq_30.10.cool,medium,800,True,MG1655:18,train
WIN_medium_9d02991823157cd2,MG1655,2357600,2364000,2360800,6400,100,2947,rep1,False,0,0,F:\Micro-C\micro-c数据\GSE272159_37C_rep1.mapq_30.10.cool,medium,800,True,MG1655:18,train
WIN_medium_64c1ccfc7271d3ce,MG1655,2358400,2364800,2361600,6400,100,2948,rep1,False,0,0,F:\Micro-C\micro-c数据\GSE272159_37C_rep1.mapq_30.10.cool,medium,800,True,MG1655:18,train
WIN_medium_51da75d572fa9a66,MG1655,2359200,2365600,2362400,6400,100,2949,rep1,False,0,0,F:\Micro-C\micro-c数据\GSE272159_37C_rep1.mapq_30.10.cool,medium,800,True,MG1655:18,train
WIN_medium_46f438aed05761ed,MG1655,2360000,2366400,2363200,6400,100,2950,rep1,False,0,0,F:\Micro-C\micro-c数据\GSE272159_37C_rep1.mapq_30.10.cool,medium,800,True,MG1655:18,train
WIN_medium_0101684da16f50ad,MG1655,2360800,2367200,2364000,6400,100,2951,rep1,False,0,0,F:\Micro-C\micro-c数据\GSE272159_37C_rep1.mapq_30.10.cool,medium,800,True,MG1655:18,train
WIN_medium_1fbf8ac49409a918,MG1655,2361600,2368000,2364800,6400,100,2952,rep1,False,0,0,F:\Micro-C\micro-c数据\GSE272159_37C_rep1.mapq_30.10.cool,medium,800,True,MG1655:18,train
WIN_medium_e5802df12686a963,MG1655,2362400,2368800,2365600,6400,100,2953,rep1,False,0,0,F:\Micro-C\micro-c数据\GSE272159_37C_rep1.mapq_30.10.cool,medium,800,True,MG1655:18,train
WIN_medium_dc40560e0b3a89ca,MG1655,2363200,2369600,2366400,6400,100,2954,rep1,False,0,0,F:\Micro-C\micro-c数据\GSE272159_37C_rep1.mapq_30.10.cool,medium,800,True,MG1655:18,train
WIN_medium_68d77bcca0599321,MG1655,2364000,2370400,2367200,6400,100,2955,rep1,False,0,0,F:\Micro-C\micro-c数据\GSE272159_37C_rep1.mapq_30.10.cool,medium,800,True,MG1655:18,train
WIN_medium_b835084b153d736b,MG1655,2364800,2371200,2368000,6400,100,2956,rep1,False,0,0,F:\Micro-C\micro-c数据\GSE272159_37C_rep1.mapq_30.10.cool,medium,800,True,MG1655:18,train
WIN_medium_1a6e64e8b70a8f67,MG1655,2365600,2372000,2368800,6400,100,2957,rep1,False,0,0,F:\Micro-C\micro-c数据\GSE272159_37C_rep1.mapq_30.10.cool,medium,800,True,MG1655:18,train
WIN_medium_6e4ae1e801b58ac7,MG1655,2366400,2372800,2369600,6400,100,2958,rep1,False,0,0,F:\Micro-C\micro-c数据\GSE272159_37C_rep1.mapq_30.10.cool,medium,800,True,MG1655:18,train
WIN_medium_89592f598719dedf,MG1655,2367200,2373600,2370400,6400,100,2959,rep1,False,0,0,F:\Micro-C\micro-c数据\GSE272159_37C_rep1.mapq_30.10.cool,medium,800,True,MG1655:18,train
WIN_medium_2f0cc9cb6aef80a2,MG1655,2368000,2374400,2371200,6400,100,2960,rep1,False,0,0,F:\Micro-C\micro-c数据\GSE272159_37C_rep1.mapq_30.10.cool,medium,800,True,MG1655:18,train
WIN_medium_8f39f91b5a6d8223,MG1655,2368800,2375200,2372000,6400,100,2961,rep1,False,0,0,F:\Micro-C\micro-c数据\GSE272159_37C_rep1.mapq_30.10.cool,medium,800,True,MG1655:18,train
WIN_medium_7ec8d62d1dbe99c6,MG1655,2369600,2376000,2372800,6400,100,2962,rep1,False,0,0,F:\Micro-C\micro-c数据\GSE272159_37C_rep1.mapq_30.10.cool,medium,800,True,MG1655:18,train
WIN_medium_0d2e7adb5ec43cd5,MG1655,2370400,2376800,2373600,6400,100,2963,rep1,False,0,0,F:\Micro-C\micro-c数据\GSE272159_37C_rep1.mapq_30.10.cool,medium,800,True,MG1655:18,train
WIN_medium_a1c53ee9fb155bc4,MG1655,2371200,2377600,2374400,6400,100,2964,rep1,False,0,0,F:\Micro-C\micro-c数据\GSE272159_37C_rep1.mapq_30.10.cool,medium,800,True,MG1655:18,train
WIN_medium_0a385c81170ded0a,MG1655,2372000,2378400,2375200,6400,100,2965,rep1,False,0,0,F:\Micro-C\micro-c数据\GSE272159_37C_rep1.mapq_30.10.cool,medium,800,True,MG1655:18,train
WIN_medium_ceee48eb62910d3b,MG1655,2372800,2379200,2376000,6400,100,2966,rep1,False,0,0,F:\Micro-C\micro-c数据\GSE272159_37C_rep1.mapq_30.10.cool,medium,800,True,MG1655:18,train
WIN_medium_7cd110ac840bb9f3,MG1655,2373600,2380000,2376800,6400,100,2967,rep1,False,0,0,F:\Micro-C\micro-c数据\GSE272159_37C_rep1.mapq_30.10.cool,medium,800,True,MG1655:18,train
WIN_medium_738a82afd87581d2,MG1655,2374400,2380800,2377600,6400,100,2968,rep1,False,0,0,F:\Micro-C\micro-c数据\GSE272159_37C_rep1.mapq_30.10.cool,medium,800,True,MG1655:18,train
WIN_medium_7566d54e177aa819,MG1655,2375200,2381600,2378400,6400,100,2969,rep1,False,0,0,F:\Micro-C\micro-c数据\GSE272159_37C_rep1.mapq_30.10.cool,medium,800,True,MG1655:18,train
WIN_medium_f8dbe2e0142056c2,MG1655,2376000,2382400,2379200,6400,100,2970,rep1,False,0,0,F:\Micro-C\micro-c数据\GSE272159_37C_rep1.mapq_30.10.cool,medium,800,True,MG1655:18,train
WIN_medium_cf749598d9f7d0f3,MG1655,2397600,2404000,2400800,6400,100,2997,rep1,False,0,0,F:\Micro-C\micro-c数据\GSE272159_37C_rep1.mapq_30.10.cool,medium,800,True,MG1655:18,train
WIN_medium_979456197727f706,MG1655,2398400,2404800,2401600,6400,100,2998,rep1,False,0,0,F:\Micro-C\micro-c数据\GSE272159_37C_rep1.mapq_30.10.cool,medium,800,True,MG1655:18,train
WIN_medium_3d6d1dc667e25490,MG1655,2399200,2405600,2402400,6400,100,2999,rep1,False,0,0,F:\Micro-C\micro-c数据\GSE272159_37C_rep1.mapq_30.10.cool,medium,800,True,MG1655:18,train
WIN_medium_c801c81c149b339f,MG1655,2400000,2406400,2403200,6400,100,3000,rep1,False,0,0,F:\Micro-C\micro-c数据\GSE272159_37C_rep1.mapq_30.10.cool,medium,800,True,MG1655:18,train
WIN_medium_40c9f9e051e42bec,MG1655,2400800,2407200,2404000,6400,100,3001,rep1,False,0,0,F:\Micro-C\micro-c数据\GSE272159_37C_rep1.mapq_30.10.cool,medium,800,True,MG1655:18,train
WIN_medium_65fc95c75edae5f6,MG1655,2401600,2408000,2404800,6400,100,3002,rep1,False,0,0,F:\Micro-C\micro-c数据\GSE272159_37C_rep1.mapq_30.10.cool,medium,800,True,MG1655:18,train
WIN_medium_21f57a74ebc6c2b3,MG1655,2402400,2408800,2405600,6400,100,3003,rep1,False,0,0,F:\Micro-C\micro-c数据\GSE272159_37C_rep1.mapq_30.10.cool,medium,800,True,MG1655:18,train
WIN_medium_45814ff6736bc39f,MG1655,2403200,2409600,2406400,6400,100,3004,rep1,False,0,0,F:\Micro-C\micro-c数据\GSE272159_37C_rep1.mapq_30.10.cool,medium,800,True,MG1655:18,train
WIN_medium_5e3af11ae5f65cbb,MG1655,2404000,2410400,2407200,6400,100,3005,rep1,False,0,0,F:\Micro-C\micro-c数据\GSE272159_37C_rep1.mapq_30.10.cool,medium,800,True,MG1655:18,train
WIN_medium_2a0cf6d8dd6908e6,MG1655,2404800,2411200,2408000,6400,100,3006,rep1,False,0,0,F:\Micro-C\micro-c数据\GSE272159_37C_rep1.mapq_30.10.cool,medium,800,True,MG1655:18,train
WIN_medium_720ed5ff3bdb58a6,MG1655,2405600,2412000,2408800,6400,100,3007,rep1,False,0,0,F:\Micro-C\micro-c数据\GSE272159_37C_rep1.mapq_30.10.cool,medium,800,True,MG1655:18,train
WIN_medium_826c6da9e2b7f020,MG1655,2406400,2412800,2409600,6400,100,3008,rep1,False,0,0,F:\Micro-C\micro-c数据\GSE272159_37C_rep1.mapq_30.10.cool,medium,800,True,MG1655:18,train
WIN_medium_02257a926f96d021,MG1655,2407200,2413600,2410400,6400,100,3009,rep1,False,0,0,F:\Micro-C\micro-c数据\GSE272159_37C_rep1.mapq_30.10.cool,medium,800,True,MG1655:18,train
WIN_medium_3cf45a63f51c670e,MG1655,2408000,2414400,2411200,6400,100,3010,rep1,False,0,0,F:\Micro-C\micro-c数据\GSE272159_37C_rep1.mapq_30.10.cool,medium,800,True,MG1655:18,train
WIN_medium_ea9b37ac5d9cf44f,MG1655,2408800,2415200,2412000,6400,100,3011,rep1,False,0,0,F:\Micro-C\micro-c数据\GSE272159_37C_rep1.mapq_30.10.cool,medium,800,True,MG1655:18,train
WIN_medium_64ba6a8d9b1264c5,MG1655,2409600,2416000,2412800,6400,100,3012,rep1,False,0,0,F:\Micro-C\micro-c数据\GSE272159_37C_rep1.mapq_30.10.cool,medium,800,True,MG1655:18,train
WIN_medium_524ea25b912a9852,MG1655,2410400,2416800,2413600,6400,100,3013,rep1,False,0,0,F:\Micro-C\micro-c数据\GSE272159_37C_rep1.mapq_30.10.cool,medium,800,True,MG1655:18,train
WIN_medium_5bc845023d5a7bde,MG1655,2411200,2417600,2414400,6400,100,3014,rep1,False,0,0,F:\Micro-C\micro-c数据\GSE272159_37C_rep1.mapq_30.10.cool,medium,800,True,MG1655:18,train
WIN_medium_847b84b620945363,MG1655,2412000,2418400,2415200,6400,100,3015,rep1,False,0,0,F:\Micro-C\micro-c数据\GSE272159_37C_rep1.mapq_30.10.cool,medium,800,True,MG1655:18,train
WIN_medium_fa5486f8fb061e31,MG1655,2412800,2419200,2416000,6400,100,3016,rep1,False,0,0,F:\Micro-C\micro-c数据\GSE272159_37C_rep1.mapq_30.10.cool,medium,800,True,MG1655:18,train
WIN_medium_f94542c2ea7a88db,MG1655,2413600,2420000,2416800,6400,100,3017,rep1,False,0,0,F:\Micro-C\micro-c数据\GSE272159_37C_rep1.mapq_30.10.cool,medium,800,True,MG1655:18,train
WIN_medium_eb5bc9e2598686a1,MG1655,2414400,2420800,2417600,6400,100,3018,rep1,False,0,0,F:\Micro-C\micro-c数据\GSE272159_37C_rep1.mapq_30.10.cool,medium,800,True,MG1655:18,train
WIN_medium_840c5cfba02cee29,MG1655,2415200,2421600,2418400,6400,100,3019,rep1,False,0,0,F:\Micro-C\micro-c数据\GSE272159_37C_rep1.mapq_30.10.cool,medium,800,True,MG1655:18,train
WIN_medium_774a3b46cad099d1,MG1655,2416000,2422400,2419200,6400,100,3020,rep1,False,0,0,F:\Micro-C\micro-c数据\GSE272159_37C_rep1.mapq_30.10.cool,medium,800,True,MG1655:18,train
WIN_medium_02ab459de46b0e03,MG1655,2416800,2423200,2420000,6400,100,3021,rep1,False,0,0,F:\Micro-C\micro-c数据\GSE272159_37C_rep1.mapq_30.10.cool,medium,800,True,MG1655:18,train
WIN_medium_217ca1f520f86f82,MG1655,2417600,2424000,2420800,6400,100,3022,rep1,False,0,0,F:\Micro-C\micro-c数据\GSE272159_37C_rep1.mapq_30.10.cool,medium,800,True,MG1655:18,train
WIN_medium_7c9a6a82b033abd3,MG1655,2418400,2424800,2421600,6400,100,3023,rep1,False,0,0,F:\Micro-C\micro-c数据\GSE272159_37C_rep1.mapq_30.10.cool,medium,800,True,MG1655:18,train
WIN_medium_d9737846f96be31f,MG1655,2419200,2425600,2422400,6400,100,3024,rep1,False,0,0,F:\Micro-C\micro-c数据\GSE272159_37C_rep1.mapq_30.10.cool,medium,800,True,MG1655:18,train
WIN_medium_61b2f49d2c125ee7,MG1655,2420000,2426400,2423200,6400,100,3025,rep1,False,0,0,F:\Micro-C\micro-c数据\GSE272159_37C_rep1.mapq_30.10.cool,medium,800,True,MG1655:18,train
WIN_medium_effd2a294cc9e7fd,MG1655,2420800,2427200,2424000,6400,100,3026,rep1,False,0,0,F:\Micro-C\micro-c数据\GSE272159_37C_rep1.mapq_30.10.cool,medium,800,True,MG1655:18,train
WIN_medium_bd67e839c775d94d,MG1655,2421600,2428000,2424800,6400,100,3027,rep1,False,0,0,F:\Micro-C\micro-c数据\GSE272159_37C_rep1.mapq_30.10.cool,medium,800,True,MG1655:18,train
WIN_medium_db8488162e3ccc5a,MG1655,2422400,2428800,2425600,6400,100,3028,rep1,False,0,0,F:\Micro-C\micro-c数据\GSE272159_37C_rep1.mapq_30.10.cool,medium,800,True,MG1655:18,train
WIN_medium_c89d69c77106bdfd,MG1655,2423200,2429600,2426400,6400,100,3029,rep1,False,0,0,F:\Micro-C\micro-c数据\GSE272159_37C_rep1.mapq_30.10.cool,medium,800,True,MG1655:18,train
WIN_medium_6a98e7e392e72bf0,MG1655,2424000,2430400,2427200,6400,100,3030,rep1,False,0,0,F:\Micro-C\micro-c数据\GSE272159_37C_rep1.mapq_30.10.cool,medium,800,True,MG1655:18,train
WIN_medium_4f3243d5cac10d50,MG1655,2424800,2431200,2428000,6400,100,3031,rep1,False,0,0,F:\Micro-C\micro-c数据\GSE272159_37C_rep1.mapq_30.10.cool,medium,800,True,MG1655:18,train
WIN_medium_0510202a6625f5af,MG1655,2425600,2432000,2428800,6400,100,3032,rep1,False,0,0,F:\Micro-C\micro-c数据\GSE272159_37C_rep1.mapq_30.10.cool,medium,800,True,MG1655:18,train
WIN_medium_66bdf307060105f7,MG1655,2432000,2438400,2435200,6400,100,3040,rep1,False,0,0,F:\Micro-C\micro-c数据\GSE272159_37C_rep1.mapq_30.10.cool,medium,800,True,MG1655:19,calibration
WIN_medium_a10c6e28e42b533b,MG1655,2432800,2439200,2436000,6400,100,3041,rep1,False,0,0,F:\Micro-C\micro-c数据\GSE272159_37C_rep1.mapq_30.10.cool,medium,800,True,MG1655:19,calibration
WIN_medium_3348c95509e53d99,MG1655,2433600,2440000,2436800,6400,100,3042,rep1,False,0,0,F:\Micro-C\micro-c数据\GSE272159_37C_rep1.mapq_30.10.cool,medium,800,True,MG1655:19,calibration
WIN_medium_1bdb68154a3a4f8c,MG1655,2442400,2448800,2445600,6400,100,3053,rep1,False,0,0,F:\Micro-C\micro-c数据\GSE272159_37C_rep1.mapq_30.10.cool,medium,800,True,MG1655:19,calibration
WIN_medium_72eb73f2f666879a,MG1655,2443200,2449600,2446400,6400,100,3054,rep1,False,0,0,F:\Micro-C\micro-c数据\GSE272159_37C_rep1.mapq_30.10.cool,medium,800,True,MG1655:19,calibration
WIN_medium_be5c1faaadc31d38,MG1655,2444000,2450400,2447200,6400,100,3055,rep1,False,0,0,F:\Micro-C\micro-c数据\GSE272159_37C_rep1.mapq_30.10.cool,medium,800,True,MG1655:19,calibration
WIN_medium_6d87aae0029e18d9,MG1655,2444800,2451200,2448000,6400,100,3056,rep1,False,0,0,F:\Micro-C\micro-c数据\GSE272159_37C_rep1.mapq_30.10.cool,medium,800,True,MG1655:19,calibration
WIN_medium_ee4ac5c6101a9082,MG1655,2445600,2452000,2448800,6400,100,3057,rep1,False,0,0,F:\Micro-C\micro-c数据\GSE272159_37C_rep1.mapq_30.10.cool,medium,800,True,MG1655:19,calibration
WIN_medium_c0ecfdb5cfce575d,MG1655,2446400,2452800,2449600,6400,100,3058,rep1,False,0,0,F:\Micro-C\micro-c数据\GSE272159_37C_rep1.mapq_30.10.cool,medium,800,True,MG1655:19,calibration
WIN_medium_4328a43cf72e3ad8,MG1655,2447200,2453600,2450400,6400,100,3059,rep1,False,0,0,F:\Micro-C\micro-c数据\GSE272159_37C_rep1.mapq_30.10.cool,medium,800,True,MG1655:19,calibration
WIN_medium_8b987bfb212b640b,MG1655,2448000,2454400,2451200,6400,100,3060,rep1,False,0,0,F:\Micro-C\micro-c数据\GSE272159_37C_rep1.mapq_30.10.cool,medium,800,True,MG1655:19,calibration
WIN_medium_7ccf25b7327fb212,MG1655,2464800,2471200,2468000,6400,100,3081,rep1,False,0,0,F:\Micro-C\micro-c数据\GSE272159_37C_rep1.mapq_30.10.cool,medium,800,True,MG1655:19,calibration
WIN_medium_cb8768f650296583,MG1655,2465600,2472000,2468800,6400,100,3082,rep1,False,0,0,F:\Micro-C\micro-c数据\GSE272159_37C_rep1.mapq_30.10.cool,medium,800,True,MG1655:19,calibration
WIN_medium_b2a89d83b0f3ca22,MG1655,2466400,2472800,2469600,6400,100,3083,rep1,False,0,0,F:\Micro-C\micro-c数据\GSE272159_37C_rep1.mapq_30.10.cool,medium,800,True,MG1655:19,calibration
WIN_medium_820ce79fdabd8453,MG1655,2467200,2473600,2470400,6400,100,3084,rep1,False,0,0,F:\Micro-C\micro-c数据\GSE272159_37C_rep1.mapq_30.10.cool,medium,800,True,MG1655:19,calibration
WIN_medium_580ff11fb8545a4d,MG1655,2468000,2474400,2471200,6400,100,3085,rep1,False,0,0,F:\Micro-C\micro-c数据\GSE272159_37C_rep1.mapq_30.10.cool,medium,800,True,MG1655:19,calibration
WIN_medium_f50056adb45272d9,MG1655,2468800,2475200,2472000,6400,100,3086,rep1,False,0,0,F:\Micro-C\micro-c数据\GSE272159_37C_rep1.mapq_30.10.cool,medium,800,True,MG1655:19,calibration
WIN_medium_df01e5eea4aabacf,MG1655,2469600,2476000,2472800,6400,100,3087,rep1,False,0,0,F:\Micro-C\micro-c数据\GSE272159_37C_rep1.mapq_30.10.cool,medium,800,True,MG1655:19,calibration
WIN_medium_202e9277b1f21fab,MG1655,2470400,2476800,2473600,6400,100,3088,rep1,False,0,0,F:\Micro-C\micro-c数据\GSE272159_37C_rep1.mapq_30.10.cool,medium,800,True,MG1655:19,calibration
WIN_medium_053740832f45f4ab,MG1655,2471200,2477600,2474400,6400,100,3089,rep1,False,0,0,F:\Micro-C\micro-c数据\GSE272159_37C_rep1.mapq_30.10.cool,medium,800,True,MG1655:19,calibration
WIN_medium_45452ca3756ca937,MG1655,2472000,2478400,2475200,6400,100,3090,rep1,False,0,0,F:\Micro-C\micro-c数据\GSE272159_37C_rep1.mapq_30.10.cool,medium,800,True,MG1655:19,calibration
WIN_medium_86c84c5df126835d,MG1655,2472800,2479200,2476000,6400,100,3091,rep1,False,0,0,F:\Micro-C\micro-c数据\GSE272159_37C_rep1.mapq_30.10.cool,medium,800,True,MG1655:19,calibration
WIN_medium_b80aa9912d1ab406,MG1655,2473600,2480000,2476800,6400,100,3092,rep1,False,0,0,F:\Micro-C\micro-c数据\GSE272159_37C_rep1.mapq_30.10.cool,medium,800,True,MG1655:19,calibration
WIN_medium_0f38155dd377aa01,MG1655,2494400,2500800,2497600,6400,100,3118,rep1,False,0,0,F:\Micro-C\micro-c数据\GSE272159_37C_rep1.mapq_30.10.cool,medium,800,True,MG1655:19,calibration
WIN_medium_2d8bce9ee3b4b23f,MG1655,2495200,2501600,2498400,6400,100,3119,rep1,False,0,0,F:\Micro-C\micro-c数据\GSE272159_37C_rep1.mapq_30.10.cool,medium,800,True,MG1655:19,calibration
WIN_medium_13334eb0926bc227,MG1655,2496000,2502400,2499200,6400,100,3120,rep1,False,0,0,F:\Micro-C\micro-c数据\GSE272159_37C_rep1.mapq_30.10.cool,medium,800,True,MG1655:19,calibration
WIN_medium_265eb088502c92c3,MG1655,2496800,2503200,2500000,6400,100,3121,rep1,False,0,0,F:\Micro-C\micro-c数据\GSE272159_37C_rep1.mapq_30.10.cool,medium,800,True,MG1655:19,calibration
WIN_medium_dd4f49cf10c37298,MG1655,2497600,2504000,2500800,6400,100,3122,rep1,False,0,0,F:\Micro-C\micro-c数据\GSE272159_37C_rep1.mapq_30.10.cool,medium,800,True,MG1655:19,calibration
WIN_medium_b994e01e56fb9c12,MG1655,2498400,2504800,2501600,6400,100,3123,rep1,False,0,0,F:\Micro-C\micro-c数据\GSE272159_37C_rep1.mapq_30.10.cool,medium,800,True,MG1655:19,calibration
WIN_medium_0a8816a108067120,MG1655,2499200,2505600,2502400,6400,100,3124,rep1,False,0,0,F:\Micro-C\micro-c数据\GSE272159_37C_rep1.mapq_30.10.cool,medium,800,True,MG1655:19,calibration
WIN_medium_ee9327999ecd916f,MG1655,2500000,2506400,2503200,6400,100,3125,rep1,False,0,0,F:\Micro-C\micro-c数据\GSE272159_37C_rep1.mapq_30.10.cool,medium,800,True,MG1655:19,calibration
WIN_medium_2d99c943a694c4ef,MG1655,2500800,2507200,2504000,6400,100,3126,rep1,False,0,0,F:\Micro-C\micro-c数据\GSE272159_37C_rep1.mapq_30.10.cool,medium,800,True,MG1655:19,calibration
WIN_medium_b7cb262481f3391a,MG1655,2501600,2508000,2504800,6400,100,3127,rep1,False,0,0,F:\Micro-C\micro-c数据\GSE272159_37C_rep1.mapq_30.10.cool,medium,800,True,MG1655:19,calibration
WIN_medium_181d78791eac401b,MG1655,2502400,2508800,2505600,6400,100,3128,rep1,False,0,0,F:\Micro-C\micro-c数据\GSE272159_37C_rep1.mapq_30.10.cool,medium,800,True,MG1655:19,calibration
WIN_medium_64a7ac4cba25d7ef,MG1655,2503200,2509600,2506400,6400,100,3129,rep1,False,0,0,F:\Micro-C\micro-c数据\GSE272159_37C_rep1.mapq_30.10.cool,medium,800,True,MG1655:19,calibration
WIN_medium_a1faec9e53fd9bd6,MG1655,2504000,2510400,2507200,6400,100,3130,rep1,False,0,0,F:\Micro-C\micro-c数据\GSE272159_37C_rep1.mapq_30.10.cool,medium,800,True,MG1655:19,calibration
WIN_medium_57a5fcc8b7d4d7f5,MG1655,2504800,2511200,2508000,6400,100,3131,rep1,False,0,0,F:\Micro-C\micro-c数据\GSE272159_37C_rep1.mapq_30.10.cool,medium,800,True,MG1655:19,calibration
WIN_medium_7b67ac4c5167b1aa,MG1655,2505600,2512000,2508800,6400,100,3132,rep1,False,0,0,F:\Micro-C\micro-c数据\GSE272159_37C_rep1.mapq_30.10.cool,medium,800,True,MG1655:19,calibration
WIN_medium_9762cd44208f9e66,MG1655,2506400,2512800,2509600,6400,100,3133,rep1,False,0,0,F:\Micro-C\micro-c数据\GSE272159_37C_rep1.mapq_30.10.cool,medium,800,True,MG1655:19,calibration
WIN_medium_015116967fc91382,MG1655,2507200,2513600,2510400,6400,100,3134,rep1,False,0,0,F:\Micro-C\micro-c数据\GSE272159_37C_rep1.mapq_30.10.cool,medium,800,True,MG1655:19,calibration
WIN_medium_b62608f744205038,MG1655,2508000,2514400,2511200,6400,100,3135,rep1,False,0,0,F:\Micro-C\micro-c数据\GSE272159_37C_rep1.mapq_30.10.cool,medium,800,True,MG1655:19,calibration
WIN_medium_b7dfe411ee906ad3,MG1655,2508800,2515200,2512000,6400,100,3136,rep1,True,8,8,F:\Micro-C\micro-c数据\GSE272159_37C_rep1.mapq_30.10.cool,medium,800,True,MG1655:19,calibration
WIN_medium_f80e0ea2aff9f0c1,MG1655,2509600,2516000,2512800,6400,100,3137,rep1,True,11,11,F:\Micro-C\micro-c数据\GSE272159_37C_rep1.mapq_30.10.cool,medium,800,True,MG1655:19,calibration
WIN_medium_67eec042033706a5,MG1655,2510400,2516800,2513600,6400,100,3138,rep1,True,11,11,F:\Micro-C\micro-c数据\GSE272159_37C_rep1.mapq_30.10.cool,medium,800,True,MG1655:19,calibration
WIN_medium_87d58860b6eb97e6,MG1655,2511200,2517600,2514400,6400,100,3139,rep1,True,11,11,F:\Micro-C\micro-c数据\GSE272159_37C_rep1.mapq_30.10.cool,medium,800,True,MG1655:19,calibration
WIN_medium_307dca6fdeb26256,MG1655,2512000,2518400,2515200,6400,100,3140,rep1,True,11,11,F:\Micro-C\micro-c数据\GSE272159_37C_rep1.mapq_30.10.cool,medium,800,True,MG1655:19,calibration
WIN_medium_f74f2d657b929b46,MG1655,2512800,2519200,2516000,6400,100,3141,rep1,True,11,11,F:\Micro-C\micro-c数据\GSE272159_37C_rep1.mapq_30.10.cool,medium,800,True,MG1655:19,calibration
WIN_medium_9a527037c4e1aa49,MG1655,2513600,2520000,2516800,6400,100,3142,rep1,True,11,11,F:\Micro-C\micro-c数据\GSE272159_37C_rep1.mapq_30.10.cool,medium,800,True,MG1655:19,calibration
WIN_medium_e375d4b6c3f277fd,MG1655,2514400,2520800,2517600,6400,100,3143,rep1,True,11,11,F:\Micro-C\micro-c数据\GSE272159_37C_rep1.mapq_30.10.cool,medium,800,True,MG1655:19,calibration
WIN_medium_78cb2cc486061b38,MG1655,2515200,2521600,2518400,6400,100,3144,rep1,True,3,3,F:\Micro-C\micro-c数据\GSE272159_37C_rep1.mapq_30.10.cool,medium,800,True,MG1655:19,calibration
WIN_medium_3acd9e55890fd368,MG1655,2516000,2522400,2519200,6400,100,3145,rep1,False,0,0,F:\Micro-C\micro-c数据\GSE272159_37C_rep1.mapq_30.10.cool,medium,800,True,MG1655:19,calibration
WIN_medium_9be1199abbd4f847,MG1655,2516800,2523200,2520000,6400,100,3146,rep1,False,0,0,F:\Micro-C\micro-c数据\GSE272159_37C_rep1.mapq_30.10.cool,medium,800,True,MG1655:19,calibration
WIN_medium_4fcdb4b5ed9bd25b,MG1655,2517600,2524000,2520800,6400,100,3147,rep1,False,0,0,F:\Micro-C\micro-c数据\GSE272159_37C_rep1.mapq_30.10.cool,medium,800,True,MG1655:19,calibration
WIN_medium_cabdf41dc7b0fbc5,MG1655,2518400,2524800,2521600,6400,100,3148,rep1,False,0,0,F:\Micro-C\micro-c数据\GSE272159_37C_rep1.mapq_30.10.cool,medium,800,True,MG1655:19,calibration
WIN_medium_451dda23f1b799b9,MG1655,2519200,2525600,2522400,6400,100,3149,rep1,False,0,0,F:\Micro-C\micro-c数据\GSE272159_37C_rep1.mapq_30.10.cool,medium,800,True,MG1655:19,calibration
WIN_medium_1deecde6e7dc801e,MG1655,2520000,2526400,2523200,6400,100,3150,rep1,False,0,0,F:\Micro-C\micro-c数据\GSE272159_37C_rep1.mapq_30.10.cool,medium,800,True,MG1655:19,calibration
WIN_medium_02c07cfce6bf1b1d,MG1655,2520800,2527200,2524000,6400,100,3151,rep1,False,0,0,F:\Micro-C\micro-c数据\GSE272159_37C_rep1.mapq_30.10.cool,medium,800,True,MG1655:19,calibration
WIN_medium_7334a4339cf0cda2,MG1655,2521600,2528000,2524800,6400,100,3152,rep1,False,0,0,F:\Micro-C\micro-c数据\GSE272159_37C_rep1.mapq_30.10.cool,medium,800,True,MG1655:19,calibration
WIN_medium_9f3e0ed713385ed6,MG1655,2522400,2528800,2525600,6400,100,3153,rep1,False,0,0,F:\Micro-C\micro-c数据\GSE272159_37C_rep1.mapq_30.10.cool,medium,800,True,MG1655:19,calibration
WIN_medium_3c4d7869d463f685,MG1655,2544800,2551200,2548000,6400,100,3181,rep1,False,0,0,F:\Micro-C\micro-c数据\GSE272159_37C_rep1.mapq_30.10.cool,medium,800,True,MG1655:19,calibration
WIN_medium_7aca2e6a5390ce93,MG1655,2545600,2552000,2548800,6400,100,3182,rep1,False,0,0,F:\Micro-C\micro-c数据\GSE272159_37C_rep1.mapq_30.10.cool,medium,800,True,MG1655:19,calibration
WIN_medium_813998ad641626e9,MG1655,2546400,2552800,2549600,6400,100,3183,rep1,False,0,0,F:\Micro-C\micro-c数据\GSE272159_37C_rep1.mapq_30.10.cool,medium,800,True,MG1655:19,calibration
WIN_medium_3445853a15c48916,MG1655,2547200,2553600,2550400,6400,100,3184,rep1,False,0,0,F:\Micro-C\micro-c数据\GSE272159_37C_rep1.mapq_30.10.cool,medium,800,True,MG1655:19,calibration
WIN_medium_7d76fd3c91950243,MG1655,2548000,2554400,2551200,6400,100,3185,rep1,False,0,0,F:\Micro-C\micro-c数据\GSE272159_37C_rep1.mapq_30.10.cool,medium,800,True,MG1655:19,calibration
WIN_medium_af24ca60c53c0613,MG1655,2548800,2555200,2552000,6400,100,3186,rep1,False,0,0,F:\Micro-C\micro-c数据\GSE272159_37C_rep1.mapq_30.10.cool,medium,800,True,MG1655:19,calibration
WIN_medium_fc0b181d0c077aa2,MG1655,2549600,2556000,2552800,6400,100,3187,rep1,False,0,0,F:\Micro-C\micro-c数据\GSE272159_37C_rep1.mapq_30.10.cool,medium,800,True,MG1655:19,calibration
WIN_medium_305df509a5f2ae7f,MG1655,2550400,2556800,2553600,6400,100,3188,rep1,False,0,0,F:\Micro-C\micro-c数据\GSE272159_37C_rep1.mapq_30.10.cool,medium,800,True,MG1655:19,calibration
WIN_medium_acd29f1408624281,MG1655,2551200,2557600,2554400,6400,100,3189,rep1,False,0,0,F:\Micro-C\micro-c数据\GSE272159_37C_rep1.mapq_30.10.cool,medium,800,True,MG1655:19,calibration
WIN_medium_0ee5da8b10f8587e,MG1655,2552000,2558400,2555200,6400,100,3190,rep1,False,0,0,F:\Micro-C\micro-c数据\GSE272159_37C_rep1.mapq_30.10.cool,medium,800,True,MG1655:19,calibration
WIN_medium_9c58b260f98b2dc5,MG1655,2552800,2559200,2556000,6400,100,3191,rep1,False,0,0,F:\Micro-C\micro-c数据\GSE272159_37C_rep1.mapq_30.10.cool,medium,800,True,MG1655:19,calibration
WIN_medium_4173b36023e01905,MG1655,2553600,2560000,2556800,6400,100,3192,rep1,False,0,0,F:\Micro-C\micro-c数据\GSE272159_37C_rep1.mapq_30.10.cool,medium,800,True,MG1655:19,calibration
WIN_medium_2e0cd783f37eadc2,MG1655,2566400,2572800,2569600,6400,100,3208,rep1,False,0,0,F:\Micro-C\micro-c数据\GSE272159_37C_rep1.mapq_30.10.cool,medium,800,True,MG1655:20,train
WIN_medium_51438993671d00c8,MG1655,2567200,2573600,2570400,6400,100,3209,rep1,False,0,0,F:\Micro-C\micro-c数据\GSE272159_37C_rep1.mapq_30.10.cool,medium,800,True,MG1655:20,train
WIN_medium_70bb0f29c61e1aa7,MG1655,2568000,2574400,2571200,6400,100,3210,rep1,False,0,0,F:\Micro-C\micro-c数据\GSE272159_37C_rep1.mapq_30.10.cool,medium,800,True,MG1655:20,train
WIN_medium_6440ff1876bef0e0,MG1655,2568800,2575200,2572000,6400,100,3211,rep1,False,0,0,F:\Micro-C\micro-c数据\GSE272159_37C_rep1.mapq_30.10.cool,medium,800,True,MG1655:20,train
WIN_medium_309b7bd07c8c10c9,MG1655,2569600,2576000,2572800,6400,100,3212,rep1,False,0,0,F:\Micro-C\micro-c数据\GSE272159_37C_rep1.mapq_30.10.cool,medium,800,True,MG1655:20,train
WIN_medium_0cfe6ef8e14374ad,MG1655,2570400,2576800,2573600,6400,100,3213,rep1,False,0,0,F:\Micro-C\micro-c数据\GSE272159_37C_rep1.mapq_30.10.cool,medium,800,True,MG1655:20,train
WIN_medium_6f8062d05d401a40,MG1655,2571200,2577600,2574400,6400,100,3214,rep1,False,0,0,F:\Micro-C\micro-c数据\GSE272159_37C_rep1.mapq_30.10.cool,medium,800,True,MG1655:20,train
WIN_medium_598ce01406755613,MG1655,2572000,2578400,2575200,6400,100,3215,rep1,False,0,0,F:\Micro-C\micro-c数据\GSE272159_37C_rep1.mapq_30.10.cool,medium,800,True,MG1655:20,train
WIN_medium_d6c23dd5a6da2fa1,MG1655,2572800,2579200,2576000,6400,100,3216,rep1,False,0,0,F:\Micro-C\micro-c数据\GSE272159_37C_rep1.mapq_30.10.cool,medium,800,True,MG1655:20,train
WIN_medium_2fc5d602d28e1359,MG1655,2573600,2580000,2576800,6400,100,3217,rep1,False,0,0,F:\Micro-C\micro-c数据\GSE272159_37C_rep1.mapq_30.10.cool,medium,800,True,MG1655:20,train
WIN_medium_2ae6ad29b71e86e8,MG1655,2574400,2580800,2577600,6400,100,3218,rep1,False,0,0,F:\Micro-C\micro-c数据\GSE272159_37C_rep1.mapq_30.10.cool,medium,800,True,MG1655:20,train
WIN_medium_dd122dd1b02e3667,MG1655,2575200,2581600,2578400,6400,100,3219,rep1,False,0,0,F:\Micro-C\micro-c数据\GSE272159_37C_rep1.mapq_30.10.cool,medium,800,True,MG1655:20,train
WIN_medium_f8beef9217a95632,MG1655,2576000,2582400,2579200,6400,100,3220,rep1,False,0,0,F:\Micro-C\micro-c数据\GSE272159_37C_rep1.mapq_30.10.cool,medium,800,True,MG1655:20,train
WIN_medium_db06b5f8d89fc97a,MG1655,2576800,2583200,2580000,6400,100,3221,rep1,False,0,0,F:\Micro-C\micro-c数据\GSE272159_37C_rep1.mapq_30.10.cool,medium,800,True,MG1655:20,train
WIN_medium_9b483d3b7d02b6c9,MG1655,2577600,2584000,2580800,6400,100,3222,rep1,False,0,0,F:\Micro-C\micro-c数据\GSE272159_37C_rep1.mapq_30.10.cool,medium,800,True,MG1655:20,train
WIN_medium_dd71e2a778f7af77,MG1655,2578400,2584800,2581600,6400,100,3223,rep1,False,0,0,F:\Micro-C\micro-c数据\GSE272159_37C_rep1.mapq_30.10.cool,medium,800,True,MG1655:20,train
WIN_medium_e39c0fd90dc12cbb,MG1655,2579200,2585600,2582400,6400,100,3224,rep1,False,0,0,F:\Micro-C\micro-c数据\GSE272159_37C_rep1.mapq_30.10.cool,medium,800,True,MG1655:20,train
WIN_medium_d2f7f99c724cf6d3,MG1655,2580000,2586400,2583200,6400,100,3225,rep1,False,0,0,F:\Micro-C\micro-c数据\GSE272159_37C_rep1.mapq_30.10.cool,medium,800,True,MG1655:20,train
WIN_medium_9f70052f541a2d42,MG1655,2580800,2587200,2584000,6400,100,3226,rep1,False,0,0,F:\Micro-C\micro-c数据\GSE272159_37C_rep1.mapq_30.10.cool,medium,800,True,MG1655:20,train
WIN_medium_6c71cea8a5319b71,MG1655,2581600,2588000,2584800,6400,100,3227,rep1,False,0,0,F:\Micro-C\micro-c数据\GSE272159_37C_rep1.mapq_30.10.cool,medium,800,True,MG1655:20,train
WIN_medium_ba8a1cd8c21e0258,MG1655,2582400,2588800,2585600,6400,100,3228,rep1,False,0,0,F:\Micro-C\micro-c数据\GSE272159_37C_rep1.mapq_30.10.cool,medium,800,True,MG1655:20,train
WIN_medium_27a2078851c22371,MG1655,2583200,2589600,2586400,6400,100,3229,rep1,False,0,0,F:\Micro-C\micro-c数据\GSE272159_37C_rep1.mapq_30.10.cool,medium,800,True,MG1655:20,train
WIN_medium_ce296a122e681b7d,MG1655,2584000,2590400,2587200,6400,100,3230,rep1,False,0,0,F:\Micro-C\micro-c数据\GSE272159_37C_rep1.mapq_30.10.cool,medium,800,True,MG1655:20,train
WIN_medium_36b77b746cbda2f8,MG1655,2584800,2591200,2588000,6400,100,3231,rep1,False,0,0,F:\Micro-C\micro-c数据\GSE272159_37C_rep1.mapq_30.10.cool,medium,800,True,MG1655:20,train
WIN_medium_70fd6f334b3a87e2,MG1655,2585600,2592000,2588800,6400,100,3232,rep1,False,0,0,F:\Micro-C\micro-c数据\GSE272159_37C_rep1.mapq_30.10.cool,medium,800,True,MG1655:20,train
WIN_medium_2627b9818cd167d5,MG1655,2586400,2592800,2589600,6400,100,3233,rep1,False,0,0,F:\Micro-C\micro-c数据\GSE272159_37C_rep1.mapq_30.10.cool,medium,800,True,MG1655:20,train
WIN_medium_21da56a32708c566,MG1655,2587200,2593600,2590400,6400,100,3234,rep1,False,0,0,F:\Micro-C\micro-c数据\GSE272159_37C_rep1.mapq_30.10.cool,medium,800,True,MG1655:20,train
WIN_medium_8c5959b9dba5e2c2,MG1655,2588000,2594400,2591200,6400,100,3235,rep1,False,0,0,F:\Micro-C\micro-c数据\GSE272159_37C_rep1.mapq_30.10.cool,medium,800,True,MG1655:20,train
WIN_medium_9c6b4da918a39450,MG1655,2588800,2595200,2592000,6400,100,3236,rep1,False,0,0,F:\Micro-C\micro-c数据\GSE272159_37C_rep1.mapq_30.10.cool,medium,800,True,MG1655:20,train
WIN_medium_75f91acc727f30b7,MG1655,2589600,2596000,2592800,6400,100,3237,rep1,False,0,0,F:\Micro-C\micro-c数据\GSE272159_37C_rep1.mapq_30.10.cool,medium,800,True,MG1655:20,train
WIN_medium_f3377770f3086186,MG1655,2590400,2596800,2593600,6400,100,3238,rep1,False,0,0,F:\Micro-C\micro-c数据\GSE272159_37C_rep1.mapq_30.10.cool,medium,800,True,MG1655:20,train
WIN_medium_259d0a5d2e80208c,MG1655,2591200,2597600,2594400,6400,100,3239,rep1,False,0,0,F:\Micro-C\micro-c数据\GSE272159_37C_rep1.mapq_30.10.cool,medium,800,True,MG1655:20,train
WIN_medium_e451b2ab9a15180d,MG1655,2592000,2598400,2595200,6400,100,3240,rep1,False,0,0,F:\Micro-C\micro-c数据\GSE272159_37C_rep1.mapq_30.10.cool,medium,800,True,MG1655:20,train
WIN_medium_b040522aca51189a,MG1655,2592800,2599200,2596000,6400,100,3241,rep1,False,0,0,F:\Micro-C\micro-c数据\GSE272159_37C_rep1.mapq_30.10.cool,medium,800,True,MG1655:20,train
WIN_medium_64521b7ad82181c6,MG1655,2593600,2600000,2596800,6400,100,3242,rep1,False,0,0,F:\Micro-C\micro-c数据\GSE272159_37C_rep1.mapq_30.10.cool,medium,800,True,MG1655:20,train
WIN_medium_c3af48c0d0ef08db,MG1655,2594400,2600800,2597600,6400,100,3243,rep1,False,0,0,F:\Micro-C\micro-c数据\GSE272159_37C_rep1.mapq_30.10.cool,medium,800,True,MG1655:20,train
WIN_medium_a67fd95e5d967134,MG1655,2595200,2601600,2598400,6400,100,3244,rep1,False,0,0,F:\Micro-C\micro-c数据\GSE272159_37C_rep1.mapq_30.10.cool,medium,800,True,MG1655:20,train
WIN_medium_28a57cfe1e7f0bb9,MG1655,2596000,2602400,2599200,6400,100,3245,rep1,False,0,0,F:\Micro-C\micro-c数据\GSE272159_37C_rep1.mapq_30.10.cool,medium,800,True,MG1655:20,train
WIN_medium_c707d96ea4fc0c00,MG1655,2596800,2603200,2600000,6400,100,3246,rep1,False,0,0,F:\Micro-C\micro-c数据\GSE272159_37C_rep1.mapq_30.10.cool,medium,800,True,MG1655:20,train
WIN_medium_532d7d3c63126e72,MG1655,2597600,2604000,2600800,6400,100,3247,rep1,False,0,0,F:\Micro-C\micro-c数据\GSE272159_37C_rep1.mapq_30.10.cool,medium,800,True,MG1655:20,train
WIN_medium_461d47fc234db94d,MG1655,2598400,2604800,2601600,6400,100,3248,rep1,False,0,0,F:\Micro-C\micro-c数据\GSE272159_37C_rep1.mapq_30.10.cool,medium,800,True,MG1655:20,train
WIN_medium_c7392a2573792baf,MG1655,2599200,2605600,2602400,6400,100,3249,rep1,False,0,0,F:\Micro-C\micro-c数据\GSE272159_37C_rep1.mapq_30.10.cool,medium,800,True,MG1655:20,train
WIN_medium_d1abf8886d5a47c9,MG1655,2600000,2606400,2603200,6400,100,3250,rep1,False,0,0,F:\Micro-C\micro-c数据\GSE272159_37C_rep1.mapq_30.10.cool,medium,800,True,MG1655:20,train
WIN_medium_88ab62432d678651,MG1655,2600800,2607200,2604000,6400,100,3251,rep1,False,0,0,F:\Micro-C\micro-c数据\GSE272159_37C_rep1.mapq_30.10.cool,medium,800,True,MG1655:20,train
WIN_medium_114657ff6e6522b1,MG1655,2601600,2608000,2604800,6400,100,3252,rep1,False,0,0,F:\Micro-C\micro-c数据\GSE272159_37C_rep1.mapq_30.10.cool,medium,800,True,MG1655:20,train
WIN_medium_83eb0be44d3f7ed1,MG1655,2602400,2608800,2605600,6400,100,3253,rep1,False,0,0,F:\Micro-C\micro-c数据\GSE272159_37C_rep1.mapq_30.10.cool,medium,800,True,MG1655:20,train
WIN_medium_f0401b0605fb1683,MG1655,2603200,2609600,2606400,6400,100,3254,rep1,False,0,0,F:\Micro-C\micro-c数据\GSE272159_37C_rep1.mapq_30.10.cool,medium,800,True,MG1655:20,train
WIN_medium_0d8c418e10f2114c,MG1655,2604000,2610400,2607200,6400,100,3255,rep1,False,0,0,F:\Micro-C\micro-c数据\GSE272159_37C_rep1.mapq_30.10.cool,medium,800,True,MG1655:20,train
WIN_medium_52a6f3b4e083e8ee,MG1655,2604800,2611200,2608000,6400,100,3256,rep1,False,0,0,F:\Micro-C\micro-c数据\GSE272159_37C_rep1.mapq_30.10.cool,medium,800,True,MG1655:20,train
WIN_medium_297af3a4a6f49584,MG1655,2605600,2612000,2608800,6400,100,3257,rep1,False,0,0,F:\Micro-C\micro-c数据\GSE272159_37C_rep1.mapq_30.10.cool,medium,800,True,MG1655:20,train
WIN_medium_824b8cd0f0647aa5,MG1655,2606400,2612800,2609600,6400,100,3258,rep1,False,0,0,F:\Micro-C\micro-c数据\GSE272159_37C_rep1.mapq_30.10.cool,medium,800,True,MG1655:20,train
WIN_medium_394df053f21c480f,MG1655,2607200,2613600,2610400,6400,100,3259,rep1,False,0,0,F:\Micro-C\micro-c数据\GSE272159_37C_rep1.mapq_30.10.cool,medium,800,True,MG1655:20,train
WIN_medium_a8a91b5fc8233ec2,MG1655,2608000,2614400,2611200,6400,100,3260,rep1,False,0,0,F:\Micro-C\micro-c数据\GSE272159_37C_rep1.mapq_30.10.cool,medium,800,True,MG1655:20,train
WIN_medium_80ae25b5aae7c939,MG1655,2608800,2615200,2612000,6400,100,3261,rep1,False,0,0,F:\Micro-C\micro-c数据\GSE272159_37C_rep1.mapq_30.10.cool,medium,800,True,MG1655:20,train
WIN_medium_6b67140547e1f6a3,MG1655,2609600,2616000,2612800,6400,100,3262,rep1,False,0,0,F:\Micro-C\micro-c数据\GSE272159_37C_rep1.mapq_30.10.cool,medium,800,True,MG1655:20,train
WIN_medium_0b00b2c07bb13389,MG1655,2610400,2616800,2613600,6400,100,3263,rep1,False,0,0,F:\Micro-C\micro-c数据\GSE272159_37C_rep1.mapq_30.10.cool,medium,800,True,MG1655:20,train
WIN_medium_bf5991f4f769699d,MG1655,2611200,2617600,2614400,6400,100,3264,rep1,False,0,0,F:\Micro-C\micro-c数据\GSE272159_37C_rep1.mapq_30.10.cool,medium,800,True,MG1655:20,train
WIN_medium_d28f5a4e0c64d1f3,MG1655,2612000,2618400,2615200,6400,100,3265,rep1,False,0,0,F:\Micro-C\micro-c数据\GSE272159_37C_rep1.mapq_30.10.cool,medium,800,True,MG1655:20,train
WIN_medium_7ee3807c2f0b2d93,MG1655,2612800,2619200,2616000,6400,100,3266,rep1,False,0,0,F:\Micro-C\micro-c数据\GSE272159_37C_rep1.mapq_30.10.cool,medium,800,True,MG1655:20,train
WIN_medium_4f1dbc16f7d2a983,MG1655,2613600,2620000,2616800,6400,100,3267,rep1,False,0,0,F:\Micro-C\micro-c数据\GSE272159_37C_rep1.mapq_30.10.cool,medium,800,True,MG1655:20,train
WIN_medium_8f0bd21d8a829794,MG1655,2614400,2620800,2617600,6400,100,3268,rep1,False,0,0,F:\Micro-C\micro-c数据\GSE272159_37C_rep1.mapq_30.10.cool,medium,800,True,MG1655:20,train
WIN_medium_a3024a745729b370,MG1655,2615200,2621600,2618400,6400,100,3269,rep1,False,0,0,F:\Micro-C\micro-c数据\GSE272159_37C_rep1.mapq_30.10.cool,medium,800,True,MG1655:20,train
WIN_medium_2e6c08de47110d5a,MG1655,2616000,2622400,2619200,6400,100,3270,rep1,False,0,0,F:\Micro-C\micro-c数据\GSE272159_37C_rep1.mapq_30.10.cool,medium,800,True,MG1655:20,train
WIN_medium_cc31c04bb9e98c14,MG1655,2616800,2623200,2620000,6400,100,3271,rep1,False,0,0,F:\Micro-C\micro-c数据\GSE272159_37C_rep1.mapq_30.10.cool,medium,800,True,MG1655:20,train
WIN_medium_a72acd5b4164544b,MG1655,2617600,2624000,2620800,6400,100,3272,rep1,False,0,0,F:\Micro-C\micro-c数据\GSE272159_37C_rep1.mapq_30.10.cool,medium,800,True,MG1655:20,train
WIN_medium_13b7b43aa5889006,MG1655,2618400,2624800,2621600,6400,100,3273,rep1,False,0,0,F:\Micro-C\micro-c数据\GSE272159_37C_rep1.mapq_30.10.cool,medium,800,True,MG1655:20,train
WIN_medium_d913a6d7b552899f,MG1655,2619200,2625600,2622400,6400,100,3274,rep1,False,0,0,F:\Micro-C\micro-c数据\GSE272159_37C_rep1.mapq_30.10.cool,medium,800,True,MG1655:20,train
WIN_medium_81b503d4d68b291f,MG1655,2620000,2626400,2623200,6400,100,3275,rep1,False,0,0,F:\Micro-C\micro-c数据\GSE272159_37C_rep1.mapq_30.10.cool,medium,800,True,MG1655:20,train
WIN_medium_992d61ba3b2d8f48,MG1655,2620800,2627200,2624000,6400,100,3276,rep1,False,0,0,F:\Micro-C\micro-c数据\GSE272159_37C_rep1.mapq_30.10.cool,medium,800,True,MG1655:20,train
WIN_medium_c9fc289c90f3127d,MG1655,2621600,2628000,2624800,6400,100,3277,rep1,False,0,0,F:\Micro-C\micro-c数据\GSE272159_37C_rep1.mapq_30.10.cool,medium,800,True,MG1655:20,train
WIN_medium_fb645e98fa40b599,MG1655,2654400,2660800,2657600,6400,100,3318,rep1,False,0,0,F:\Micro-C\micro-c数据\GSE272159_37C_rep1.mapq_30.10.cool,medium,800,True,MG1655:20,train
WIN_medium_db56596c21ab79e4,MG1655,2664000,2670400,2667200,6400,100,3330,rep1,False,0,0,F:\Micro-C\micro-c数据\GSE272159_37C_rep1.mapq_30.10.cool,medium,800,True,MG1655:20,train
WIN_medium_5a3b2fbbe14c43a5,MG1655,2664800,2671200,2668000,6400,100,3331,rep1,False,0,0,F:\Micro-C\micro-c数据\GSE272159_37C_rep1.mapq_30.10.cool,medium,800,True,MG1655:20,train
WIN_medium_688e4297c3a9de93,MG1655,2665600,2672000,2668800,6400,100,3332,rep1,False,0,0,F:\Micro-C\micro-c数据\GSE272159_37C_rep1.mapq_30.10.cool,medium,800,True,MG1655:20,train
WIN_medium_03244705c5bbf689,MG1655,2666400,2672800,2669600,6400,100,3333,rep1,False,0,0,F:\Micro-C\micro-c数据\GSE272159_37C_rep1.mapq_30.10.cool,medium,800,True,MG1655:20,train
WIN_medium_2309a4bebcababaa,MG1655,2667200,2673600,2670400,6400,100,3334,rep1,False,0,0,F:\Micro-C\micro-c数据\GSE272159_37C_rep1.mapq_30.10.cool,medium,800,True,MG1655:20,train
WIN_medium_ecb8d889be168988,MG1655,2668000,2674400,2671200,6400,100,3335,rep1,False,0,0,F:\Micro-C\micro-c数据\GSE272159_37C_rep1.mapq_30.10.cool,medium,800,True,MG1655:20,train
WIN_medium_5c3bd2e1d5d75a48,MG1655,2668800,2675200,2672000,6400,100,3336,rep1,False,0,0,F:\Micro-C\micro-c数据\GSE272159_37C_rep1.mapq_30.10.cool,medium,800,True,MG1655:20,train
WIN_medium_b7d97b9df4b87091,MG1655,2669600,2676000,2672800,6400,100,3337,rep1,False,0,0,F:\Micro-C\micro-c数据\GSE272159_37C_rep1.mapq_30.10.cool,medium,800,True,MG1655:20,train
WIN_medium_0db9c62cca6a955f,MG1655,2670400,2676800,2673600,6400,100,3338,rep1,False,0,0,F:\Micro-C\micro-c数据\GSE272159_37C_rep1.mapq_30.10.cool,medium,800,True,MG1655:20,train
WIN_medium_5d6af363cfb8ca1c,MG1655,2671200,2677600,2674400,6400,100,3339,rep1,False,0,0,F:\Micro-C\micro-c数据\GSE272159_37C_rep1.mapq_30.10.cool,medium,800,True,MG1655:20,train
WIN_medium_dc4116ccb6445fcc,MG1655,2672000,2678400,2675200,6400,100,3340,rep1,False,0,0,F:\Micro-C\micro-c数据\GSE272159_37C_rep1.mapq_30.10.cool,medium,800,True,MG1655:20,train
WIN_medium_8cbfb7ea339c19c3,MG1655,2672800,2679200,2676000,6400,100,3341,rep1,False,0,0,F:\Micro-C\micro-c数据\GSE272159_37C_rep1.mapq_30.10.cool,medium,800,True,MG1655:20,train
WIN_medium_ae01feeb9e0031ea,MG1655,2673600,2680000,2676800,6400,100,3342,rep1,False,0,0,F:\Micro-C\micro-c数据\GSE272159_37C_rep1.mapq_30.10.cool,medium,800,True,MG1655:20,train
WIN_medium_2d257ffdcce254ef,MG1655,2674400,2680800,2677600,6400,100,3343,rep1,False,0,0,F:\Micro-C\micro-c数据\GSE272159_37C_rep1.mapq_30.10.cool,medium,800,True,MG1655:20,train
WIN_medium_956dd9b0dc45ad45,MG1655,2675200,2681600,2678400,6400,100,3344,rep1,False,0,0,F:\Micro-C\micro-c数据\GSE272159_37C_rep1.mapq_30.10.cool,medium,800,True,MG1655:20,train
WIN_medium_86634cdaf828d06a,MG1655,2676000,2682400,2679200,6400,100,3345,rep1,False,0,0,F:\Micro-C\micro-c数据\GSE272159_37C_rep1.mapq_30.10.cool,medium,800,True,MG1655:20,train
WIN_medium_2eac9dd3d65aee51,MG1655,2676800,2683200,2680000,6400,100,3346,rep1,False,0,0,F:\Micro-C\micro-c数据\GSE272159_37C_rep1.mapq_30.10.cool,medium,800,True,MG1655:20,train
WIN_medium_ab58c3accbed6fac,MG1655,2692000,2698400,2695200,6400,100,3365,rep1,False,0,0,F:\Micro-C\micro-c数据\GSE272159_37C_rep1.mapq_30.10.cool,medium,800,True,MG1655:21,train
WIN_medium_deee813789b8cada,MG1655,2692800,2699200,2696000,6400,100,3366,rep1,False,0,0,F:\Micro-C\micro-c数据\GSE272159_37C_rep1.mapq_30.10.cool,medium,800,True,MG1655:21,train
WIN_medium_ee7a4d9b7da82c3e,MG1655,2701600,2708000,2704800,6400,100,3377,rep1,False,0,0,F:\Micro-C\micro-c数据\GSE272159_37C_rep1.mapq_30.10.cool,medium,800,True,MG1655:21,train
WIN_medium_5310516cba0b9228,MG1655,2711200,2717600,2714400,6400,100,3389,rep1,False,0,0,F:\Micro-C\micro-c数据\GSE272159_37C_rep1.mapq_30.10.cool,medium,800,True,MG1655:21,train
WIN_medium_fcdd6683f7f360b3,MG1655,2712000,2718400,2715200,6400,100,3390,rep1,False,0,0,F:\Micro-C\micro-c数据\GSE272159_37C_rep1.mapq_30.10.cool,medium,800,True,MG1655:21,train
WIN_medium_26e088eb31875e46,MG1655,2712800,2719200,2716000,6400,100,3391,rep1,False,0,0,F:\Micro-C\micro-c数据\GSE272159_37C_rep1.mapq_30.10.cool,medium,800,True,MG1655:21,train
WIN_medium_4a075354c0d63861,MG1655,2713600,2720000,2716800,6400,100,3392,rep1,False,0,0,F:\Micro-C\micro-c数据\GSE272159_37C_rep1.mapq_30.10.cool,medium,800,True,MG1655:21,train
WIN_medium_2ae1ced1ea0940e7,MG1655,2714400,2720800,2717600,6400,100,3393,rep1,False,0,0,F:\Micro-C\micro-c数据\GSE272159_37C_rep1.mapq_30.10.cool,medium,800,True,MG1655:21,train
WIN_medium_8c395c5fac985174,MG1655,2715200,2721600,2718400,6400,100,3394,rep1,False,0,0,F:\Micro-C\micro-c数据\GSE272159_37C_rep1.mapq_30.10.cool,medium,800,True,MG1655:21,train
WIN_medium_bcf0c3e95fbab3db,MG1655,2716000,2722400,2719200,6400,100,3395,rep1,False,0,0,F:\Micro-C\micro-c数据\GSE272159_37C_rep1.mapq_30.10.cool,medium,800,True,MG1655:21,train
WIN_medium_d688647b440a9c1e,MG1655,2716800,2723200,2720000,6400,100,3396,rep1,False,0,0,F:\Micro-C\micro-c数据\GSE272159_37C_rep1.mapq_30.10.cool,medium,800,True,MG1655:21,train
WIN_medium_9fa1c9a58f2ebcc0,MG1655,2717600,2724000,2720800,6400,100,3397,rep1,False,0,0,F:\Micro-C\micro-c数据\GSE272159_37C_rep1.mapq_30.10.cool,medium,800,True,MG1655:21,train
WIN_medium_1bb5058f9e3e9689,MG1655,2718400,2724800,2721600,6400,100,3398,rep1,False,0,0,F:\Micro-C\micro-c数据\GSE272159_37C_rep1.mapq_30.10.cool,medium,800,True,MG1655:21,train
WIN_medium_0e11a8d625cc99a7,MG1655,2719200,2725600,2722400,6400,100,3399,rep1,False,0,0,F:\Micro-C\micro-c数据\GSE272159_37C_rep1.mapq_30.10.cool,medium,800,True,MG1655:21,train
WIN_medium_076658ddfc8795e4,MG1655,2720000,2726400,2723200,6400,100,3400,rep1,True,2,2,F:\Micro-C\micro-c数据\GSE272159_37C_rep1.mapq_30.10.cool,medium,800,True,MG1655:21,train
WIN_medium_c7f14edf83edfdcd,MG1655,2720800,2727200,2724000,6400,100,3401,rep1,True,10,10,F:\Micro-C\micro-c数据\GSE272159_37C_rep1.mapq_30.10.cool,medium,800,True,MG1655:21,train
WIN_medium_d3afe56f0f931deb,MG1655,2721600,2728000,2724800,6400,100,3402,rep1,True,18,18,F:\Micro-C\micro-c数据\GSE272159_37C_rep1.mapq_30.10.cool,medium,800,True,MG1655:21,train
WIN_medium_d8a5d5667e371fd5,MG1655,2722400,2728800,2725600,6400,100,3403,rep1,True,26,26,F:\Micro-C\micro-c数据\GSE272159_37C_rep1.mapq_30.10.cool,medium,800,True,MG1655:21,train
WIN_medium_c98b141348c7eb77,MG1655,2723200,2729600,2726400,6400,100,3404,rep1,True,30,30,F:\Micro-C\micro-c数据\GSE272159_37C_rep1.mapq_30.10.cool,medium,800,True,MG1655:21,train
WIN_medium_269dabf33f024c11,MG1655,2724000,2730400,2727200,6400,100,3405,rep1,True,37,37,F:\Micro-C\micro-c数据\GSE272159_37C_rep1.mapq_30.10.cool,medium,800,True,MG1655:21,train
WIN_medium_767027b97d7a290e,MG1655,2724800,2731200,2728000,6400,100,3406,rep1,True,41,41,F:\Micro-C\micro-c数据\GSE272159_37C_rep1.mapq_30.10.cool,medium,800,True,MG1655:21,train
WIN_medium_edfc38018a8cfff0,MG1655,2725600,2732000,2728800,6400,100,3407,rep1,True,41,41,F:\Micro-C\micro-c数据\GSE272159_37C_rep1.mapq_30.10.cool,medium,800,True,MG1655:21,train
WIN_medium_a68e44f3621c68f8,MG1655,2726400,2732800,2729600,6400,100,3408,rep1,True,39,39,F:\Micro-C\micro-c数据\GSE272159_37C_rep1.mapq_30.10.cool,medium,800,True,MG1655:21,train
WIN_medium_b353dbc54dad3ebc,MG1655,2727200,2733600,2730400,6400,100,3409,rep1,True,31,31,F:\Micro-C\micro-c数据\GSE272159_37C_rep1.mapq_30.10.cool,medium,800,True,MG1655:21,train
WIN_medium_6d7711790f1e6949,MG1655,2728000,2734400,2731200,6400,100,3410,rep1,True,23,23,F:\Micro-C\micro-c数据\GSE272159_37C_rep1.mapq_30.10.cool,medium,800,True,MG1655:21,train
WIN_medium_ec3593282bd3ba3c,MG1655,2728800,2735200,2732000,6400,100,3411,rep1,True,15,15,F:\Micro-C\micro-c数据\GSE272159_37C_rep1.mapq_30.10.cool,medium,800,True,MG1655:21,train
WIN_medium_94d145d3a9a94700,MG1655,2729600,2736000,2732800,6400,100,3412,rep1,True,11,11,F:\Micro-C\micro-c数据\GSE272159_37C_rep1.mapq_30.10.cool,medium,800,True,MG1655:21,train
WIN_medium_eef5fb935cdf1134,MG1655,2730400,2736800,2733600,6400,100,3413,rep1,True,4,4,F:\Micro-C\micro-c数据\GSE272159_37C_rep1.mapq_30.10.cool,medium,800,True,MG1655:21,train
WIN_medium_874715dd3992a041,MG1655,2731200,2737600,2734400,6400,100,3414,rep1,False,0,0,F:\Micro-C\micro-c数据\GSE272159_37C_rep1.mapq_30.10.cool,medium,800,True,MG1655:21,train
WIN_medium_f1340f8c1f80cb68,MG1655,2732000,2738400,2735200,6400,100,3415,rep1,False,0,0,F:\Micro-C\micro-c数据\GSE272159_37C_rep1.mapq_30.10.cool,medium,800,True,MG1655:21,train
WIN_medium_8de4c31e7a4809b7,MG1655,2732800,2739200,2736000,6400,100,3416,rep1,False,0,0,F:\Micro-C\micro-c数据\GSE272159_37C_rep1.mapq_30.10.cool,medium,800,True,MG1655:21,train
WIN_medium_76b3b8e61cee01c2,MG1655,2733600,2740000,2736800,6400,100,3417,rep1,False,0,0,F:\Micro-C\micro-c数据\GSE272159_37C_rep1.mapq_30.10.cool,medium,800,True,MG1655:21,train
WIN_medium_9a96da0f2ac04356,MG1655,2734400,2740800,2737600,6400,100,3418,rep1,False,0,0,F:\Micro-C\micro-c数据\GSE272159_37C_rep1.mapq_30.10.cool,medium,800,True,MG1655:21,train
WIN_medium_af956152fed8b5a0,MG1655,2735200,2741600,2738400,6400,100,3419,rep1,False,0,0,F:\Micro-C\micro-c数据\GSE272159_37C_rep1.mapq_30.10.cool,medium,800,True,MG1655:21,train
WIN_medium_38aeb01bc1162e6c,MG1655,2736000,2742400,2739200,6400,100,3420,rep1,False,0,0,F:\Micro-C\micro-c数据\GSE272159_37C_rep1.mapq_30.10.cool,medium,800,True,MG1655:21,train
WIN_medium_e304555d79123d73,MG1655,2736800,2743200,2740000,6400,100,3421,rep1,False,0,0,F:\Micro-C\micro-c数据\GSE272159_37C_rep1.mapq_30.10.cool,medium,800,True,MG1655:21,train
WIN_medium_14309e267d0df7e0,MG1655,2737600,2744000,2740800,6400,100,3422,rep1,False,0,0,F:\Micro-C\micro-c数据\GSE272159_37C_rep1.mapq_30.10.cool,medium,800,True,MG1655:21,train
WIN_medium_2a259ab4a1bfb531,MG1655,2738400,2744800,2741600,6400,100,3423,rep1,False,0,0,F:\Micro-C\micro-c数据\GSE272159_37C_rep1.mapq_30.10.cool,medium,800,True,MG1655:21,train
WIN_medium_c22666148f9e4019,MG1655,2739200,2745600,2742400,6400,100,3424,rep1,False,0,0,F:\Micro-C\micro-c数据\GSE272159_37C_rep1.mapq_30.10.cool,medium,800,True,MG1655:21,train
WIN_medium_8251a384ffc7d345,MG1655,2740000,2746400,2743200,6400,100,3425,rep1,False,0,0,F:\Micro-C\micro-c数据\GSE272159_37C_rep1.mapq_30.10.cool,medium,800,True,MG1655:21,train
WIN_medium_7ef1720e7d0203ad,MG1655,2740800,2747200,2744000,6400,100,3426,rep1,False,0,0,F:\Micro-C\micro-c数据\GSE272159_37C_rep1.mapq_30.10.cool,medium,800,True,MG1655:21,train
WIN_medium_6de360aca899f249,MG1655,2741600,2748000,2744800,6400,100,3427,rep1,False,0,0,F:\Micro-C\micro-c数据\GSE272159_37C_rep1.mapq_30.10.cool,medium,800,True,MG1655:21,train
WIN_medium_3dd6fc4328c617a9,MG1655,2742400,2748800,2745600,6400,100,3428,rep1,False,0,0,F:\Micro-C\micro-c数据\GSE272159_37C_rep1.mapq_30.10.cool,medium,800,True,MG1655:21,train
WIN_medium_53e1b7b22b26528a,MG1655,2743200,2749600,2746400,6400,100,3429,rep1,False,0,0,F:\Micro-C\micro-c数据\GSE272159_37C_rep1.mapq_30.10.cool,medium,800,True,MG1655:21,train
WIN_medium_e7112995bda0a615,MG1655,2744000,2750400,2747200,6400,100,3430,rep1,False,0,0,F:\Micro-C\micro-c数据\GSE272159_37C_rep1.mapq_30.10.cool,medium,800,True,MG1655:21,train
WIN_medium_4a55fe00a5b4cc03,MG1655,2744800,2751200,2748000,6400,100,3431,rep1,False,0,0,F:\Micro-C\micro-c数据\GSE272159_37C_rep1.mapq_30.10.cool,medium,800,True,MG1655:21,train
WIN_medium_78e26a635bf12410,MG1655,2745600,2752000,2748800,6400,100,3432,rep1,False,0,0,F:\Micro-C\micro-c数据\GSE272159_37C_rep1.mapq_30.10.cool,medium,800,True,MG1655:21,train
WIN_medium_cb4d7f6dffefc07c,MG1655,2746400,2752800,2749600,6400,100,3433,rep1,False,0,0,F:\Micro-C\micro-c数据\GSE272159_37C_rep1.mapq_30.10.cool,medium,800,True,MG1655:21,train
WIN_medium_30bc1433fedaf625,MG1655,2747200,2753600,2750400,6400,100,3434,rep1,False,0,0,F:\Micro-C\micro-c数据\GSE272159_37C_rep1.mapq_30.10.cool,medium,800,True,MG1655:21,train
WIN_medium_391934b8fbfc8b4e,MG1655,2748000,2754400,2751200,6400,100,3435,rep1,False,0,0,F:\Micro-C\micro-c数据\GSE272159_37C_rep1.mapq_30.10.cool,medium,800,True,MG1655:21,train
WIN_medium_0a03491497f92f25,MG1655,2748800,2755200,2752000,6400,100,3436,rep1,False,0,0,F:\Micro-C\micro-c数据\GSE272159_37C_rep1.mapq_30.10.cool,medium,800,True,MG1655:21,train
WIN_medium_aa528213b12515c6,MG1655,2749600,2756000,2752800,6400,100,3437,rep1,False,0,0,F:\Micro-C\micro-c数据\GSE272159_37C_rep1.mapq_30.10.cool,medium,800,True,MG1655:21,train
WIN_medium_d9135e4bfc55df1d,MG1655,2750400,2756800,2753600,6400,100,3438,rep1,False,0,0,F:\Micro-C\micro-c数据\GSE272159_37C_rep1.mapq_30.10.cool,medium,800,True,MG1655:21,train
WIN_medium_59c069449d394a6c,MG1655,2761600,2768000,2764800,6400,100,3452,rep1,False,0,0,F:\Micro-C\micro-c数据\GSE272159_37C_rep1.mapq_30.10.cool,medium,800,True,MG1655:21,train
WIN_medium_6d711c0a5a13c9a7,MG1655,2762400,2768800,2765600,6400,100,3453,rep1,False,0,0,F:\Micro-C\micro-c数据\GSE272159_37C_rep1.mapq_30.10.cool,medium,800,True,MG1655:21,train
WIN_medium_6a2a55f4e2fc3a65,MG1655,2763200,2769600,2766400,6400,100,3454,rep1,False,0,0,F:\Micro-C\micro-c数据\GSE272159_37C_rep1.mapq_30.10.cool,medium,800,True,MG1655:21,train
WIN_medium_28a58cea2a18c0ab,MG1655,2764000,2770400,2767200,6400,100,3455,rep1,False,0,0,F:\Micro-C\micro-c数据\GSE272159_37C_rep1.mapq_30.10.cool,medium,800,True,MG1655:21,train
WIN_medium_5c12e4baa305c493,MG1655,2764800,2771200,2768000,6400,100,3456,rep1,False,0,0,F:\Micro-C\micro-c数据\GSE272159_37C_rep1.mapq_30.10.cool,medium,800,True,MG1655:21,train
WIN_medium_c387fdaaa9f8f74b,MG1655,2765600,2772000,2768800,6400,100,3457,rep1,False,0,0,F:\Micro-C\micro-c数据\GSE272159_37C_rep1.mapq_30.10.cool,medium,800,True,MG1655:21,train
WIN_medium_8b40726d6b1d336b,MG1655,2766400,2772800,2769600,6400,100,3458,rep1,False,0,0,F:\Micro-C\micro-c数据\GSE272159_37C_rep1.mapq_30.10.cool,medium,800,True,MG1655:21,train
WIN_medium_7ae8cc272bc0191d,MG1655,2789600,2796000,2792800,6400,100,3487,rep1,False,0,0,F:\Micro-C\micro-c数据\GSE272159_37C_rep1.mapq_30.10.cool,medium,800,True,MG1655:21,train
WIN_medium_55372e85a3fff4d2,MG1655,2790400,2796800,2793600,6400,100,3488,rep1,False,0,0,F:\Micro-C\micro-c数据\GSE272159_37C_rep1.mapq_30.10.cool,medium,800,True,MG1655:21,train
WIN_medium_d5edf1ba3e0e1a94,MG1655,2806400,2812800,2809600,6400,100,3508,rep1,False,0,0,F:\Micro-C\micro-c数据\GSE272159_37C_rep1.mapq_30.10.cool,medium,800,True,MG1655:21,train
WIN_medium_40aab334dfad54e9,MG1655,2807200,2813600,2810400,6400,100,3509,rep1,False,0,0,F:\Micro-C\micro-c数据\GSE272159_37C_rep1.mapq_30.10.cool,medium,800,True,MG1655:21,train
WIN_medium_255d9e1c1341ab0d,MG1655,2808000,2814400,2811200,6400,100,3510,rep1,False,0,0,F:\Micro-C\micro-c数据\GSE272159_37C_rep1.mapq_30.10.cool,medium,800,True,MG1655:21,train
WIN_medium_ceefdc3e59d99a9c,MG1655,2808800,2815200,2812000,6400,100,3511,rep1,False,0,0,F:\Micro-C\micro-c数据\GSE272159_37C_rep1.mapq_30.10.cool,medium,800,True,MG1655:21,train
WIN_medium_19625f20f7c98536,MG1655,2809600,2816000,2812800,6400,100,3512,rep1,False,0,0,F:\Micro-C\micro-c数据\GSE272159_37C_rep1.mapq_30.10.cool,medium,800,True,MG1655:21,train
WIN_medium_b938110d56f5a5e8,MG1655,2816000,2822400,2819200,6400,100,3520,rep1,False,0,0,F:\Micro-C\micro-c数据\GSE272159_37C_rep1.mapq_30.10.cool,medium,800,True,MG1655:22,train
WIN_medium_3763e6a19b365b14,MG1655,2816800,2823200,2820000,6400,100,3521,rep1,False,0,0,F:\Micro-C\micro-c数据\GSE272159_37C_rep1.mapq_30.10.cool,medium,800,True,MG1655:22,train
WIN_medium_e5c5a1bb22d9b2ee,MG1655,2817600,2824000,2820800,6400,100,3522,rep1,False,0,0,F:\Micro-C\micro-c数据\GSE272159_37C_rep1.mapq_30.10.cool,medium,800,True,MG1655:22,train
WIN_medium_81d76fba63bc8223,MG1655,2818400,2824800,2821600,6400,100,3523,rep1,False,0,0,F:\Micro-C\micro-c数据\GSE272159_37C_rep1.mapq_30.10.cool,medium,800,True,MG1655:22,train
WIN_medium_5dc08f25c5105de7,MG1655,2819200,2825600,2822400,6400,100,3524,rep1,False,0,0,F:\Micro-C\micro-c数据\GSE272159_37C_rep1.mapq_30.10.cool,medium,800,True,MG1655:22,train
WIN_medium_41d92410e6205313,MG1655,2820000,2826400,2823200,6400,100,3525,rep1,False,0,0,F:\Micro-C\micro-c数据\GSE272159_37C_rep1.mapq_30.10.cool,medium,800,True,MG1655:22,train
WIN_medium_a3b1a420cac226fc,MG1655,2820800,2827200,2824000,6400,100,3526,rep1,False,0,0,F:\Micro-C\micro-c数据\GSE272159_37C_rep1.mapq_30.10.cool,medium,800,True,MG1655:22,train
WIN_medium_f0876112f449e32a,MG1655,2821600,2828000,2824800,6400,100,3527,rep1,False,0,0,F:\Micro-C\micro-c数据\GSE272159_37C_rep1.mapq_30.10.cool,medium,800,True,MG1655:22,train
WIN_medium_a8c106d3efcee949,MG1655,2822400,2828800,2825600,6400,100,3528,rep1,False,0,0,F:\Micro-C\micro-c数据\GSE272159_37C_rep1.mapq_30.10.cool,medium,800,True,MG1655:22,train
WIN_medium_cf6767094dd032c1,MG1655,2823200,2829600,2826400,6400,100,3529,rep1,False,0,0,F:\Micro-C\micro-c数据\GSE272159_37C_rep1.mapq_30.10.cool,medium,800,True,MG1655:22,train
WIN_medium_3386186a052633df,MG1655,2824000,2830400,2827200,6400,100,3530,rep1,False,0,0,F:\Micro-C\micro-c数据\GSE272159_37C_rep1.mapq_30.10.cool,medium,800,True,MG1655:22,train
WIN_medium_59133d3ed05aec65,MG1655,2824800,2831200,2828000,6400,100,3531,rep1,False,0,0,F:\Micro-C\micro-c数据\GSE272159_37C_rep1.mapq_30.10.cool,medium,800,True,MG1655:22,train
WIN_medium_c87f6d9138c3b772,MG1655,2825600,2832000,2828800,6400,100,3532,rep1,False,0,0,F:\Micro-C\micro-c数据\GSE272159_37C_rep1.mapq_30.10.cool,medium,800,True,MG1655:22,train
WIN_medium_6d92a880566c8cfb,MG1655,2826400,2832800,2829600,6400,100,3533,rep1,False,0,0,F:\Micro-C\micro-c数据\GSE272159_37C_rep1.mapq_30.10.cool,medium,800,True,MG1655:22,train
WIN_medium_3eb1e6e7ac4cd48a,MG1655,2827200,2833600,2830400,6400,100,3534,rep1,False,0,0,F:\Micro-C\micro-c数据\GSE272159_37C_rep1.mapq_30.10.cool,medium,800,True,MG1655:22,train
WIN_medium_c0b06db247fb549d,MG1655,2828000,2834400,2831200,6400,100,3535,rep1,False,0,0,F:\Micro-C\micro-c数据\GSE272159_37C_rep1.mapq_30.10.cool,medium,800,True,MG1655:22,train
WIN_medium_29e824cdb6ca2e38,MG1655,2828800,2835200,2832000,6400,100,3536,rep1,False,0,0,F:\Micro-C\micro-c数据\GSE272159_37C_rep1.mapq_30.10.cool,medium,800,True,MG1655:22,train
WIN_medium_59235863911784f6,MG1655,2829600,2836000,2832800,6400,100,3537,rep1,False,0,0,F:\Micro-C\micro-c数据\GSE272159_37C_rep1.mapq_30.10.cool,medium,800,True,MG1655:22,train
WIN_medium_1c0543557816ec2a,MG1655,2830400,2836800,2833600,6400,100,3538,rep1,False,0,0,F:\Micro-C\micro-c数据\GSE272159_37C_rep1.mapq_30.10.cool,medium,800,True,MG1655:22,train
WIN_medium_f2f6e1c6bebc5269,MG1655,2831200,2837600,2834400,6400,100,3539,rep1,False,0,0,F:\Micro-C\micro-c数据\GSE272159_37C_rep1.mapq_30.10.cool,medium,800,True,MG1655:22,train
WIN_medium_d6e41fb59fc40ce7,MG1655,2832000,2838400,2835200,6400,100,3540,rep1,False,0,0,F:\Micro-C\micro-c数据\GSE272159_37C_rep1.mapq_30.10.cool,medium,800,True,MG1655:22,train
WIN_medium_500e948df854926c,MG1655,2832800,2839200,2836000,6400,100,3541,rep1,False,0,0,F:\Micro-C\micro-c数据\GSE272159_37C_rep1.mapq_30.10.cool,medium,800,True,MG1655:22,train
WIN_medium_ca19359a1ca9537e,MG1655,2833600,2840000,2836800,6400,100,3542,rep1,False,0,0,F:\Micro-C\micro-c数据\GSE272159_37C_rep1.mapq_30.10.cool,medium,800,True,MG1655:22,train
WIN_medium_de1ee04afdf578e6,MG1655,2834400,2840800,2837600,6400,100,3543,rep1,False,0,0,F:\Micro-C\micro-c数据\GSE272159_37C_rep1.mapq_30.10.cool,medium,800,True,MG1655:22,train
WIN_medium_f56619f3376476e6,MG1655,2835200,2841600,2838400,6400,100,3544,rep1,False,0,0,F:\Micro-C\micro-c数据\GSE272159_37C_rep1.mapq_30.10.cool,medium,800,True,MG1655:22,train
WIN_medium_5439819d7b1974c3,MG1655,2836000,2842400,2839200,6400,100,3545,rep1,False,0,0,F:\Micro-C\micro-c数据\GSE272159_37C_rep1.mapq_30.10.cool,medium,800,True,MG1655:22,train
WIN_medium_f2d8f4fd0d86bba1,MG1655,2836800,2843200,2840000,6400,100,3546,rep1,False,0,0,F:\Micro-C\micro-c数据\GSE272159_37C_rep1.mapq_30.10.cool,medium,800,True,MG1655:22,train
WIN_medium_91c55e9484e18dce,MG1655,2837600,2844000,2840800,6400,100,3547,rep1,False,0,0,F:\Micro-C\micro-c数据\GSE272159_37C_rep1.mapq_30.10.cool,medium,800,True,MG1655:22,train
WIN_medium_81b9ad57905f34ca,MG1655,2838400,2844800,2841600,6400,100,3548,rep1,False,0,0,F:\Micro-C\micro-c数据\GSE272159_37C_rep1.mapq_30.10.cool,medium,800,True,MG1655:22,train
WIN_medium_96c37a5456884988,MG1655,2839200,2845600,2842400,6400,100,3549,rep1,False,0,0,F:\Micro-C\micro-c数据\GSE272159_37C_rep1.mapq_30.10.cool,medium,800,True,MG1655:22,train
WIN_medium_0b8f073b7a9e6622,MG1655,2840000,2846400,2843200,6400,100,3550,rep1,False,0,0,F:\Micro-C\micro-c数据\GSE272159_37C_rep1.mapq_30.10.cool,medium,800,True,MG1655:22,train
WIN_medium_f94b28763411d26e,MG1655,2840800,2847200,2844000,6400,100,3551,rep1,False,0,0,F:\Micro-C\micro-c数据\GSE272159_37C_rep1.mapq_30.10.cool,medium,800,True,MG1655:22,train
WIN_medium_748306ff7182132f,MG1655,2841600,2848000,2844800,6400,100,3552,rep1,False,0,0,F:\Micro-C\micro-c数据\GSE272159_37C_rep1.mapq_30.10.cool,medium,800,True,MG1655:22,train
WIN_medium_e5c3e6fa9ce6b08c,MG1655,2842400,2848800,2845600,6400,100,3553,rep1,False,0,0,F:\Micro-C\micro-c数据\GSE272159_37C_rep1.mapq_30.10.cool,medium,800,True,MG1655:22,train
WIN_medium_8b94d615849380f9,MG1655,2843200,2849600,2846400,6400,100,3554,rep1,False,0,0,F:\Micro-C\micro-c数据\GSE272159_37C_rep1.mapq_30.10.cool,medium,800,True,MG1655:22,train
WIN_medium_0c977653ff2f9d92,MG1655,2844000,2850400,2847200,6400,100,3555,rep1,False,0,0,F:\Micro-C\micro-c数据\GSE272159_37C_rep1.mapq_30.10.cool,medium,800,True,MG1655:22,train
WIN_medium_e19c148893036d87,MG1655,2844800,2851200,2848000,6400,100,3556,rep1,False,0,0,F:\Micro-C\micro-c数据\GSE272159_37C_rep1.mapq_30.10.cool,medium,800,True,MG1655:22,train
WIN_medium_3081dc6fcd5d64a9,MG1655,2845600,2852000,2848800,6400,100,3557,rep1,False,0,0,F:\Micro-C\micro-c数据\GSE272159_37C_rep1.mapq_30.10.cool,medium,800,True,MG1655:22,train
WIN_medium_1f624706ffb7071a,MG1655,2846400,2852800,2849600,6400,100,3558,rep1,False,0,0,F:\Micro-C\micro-c数据\GSE272159_37C_rep1.mapq_30.10.cool,medium,800,True,MG1655:22,train
WIN_medium_fbbe5e2aa40f410e,MG1655,2847200,2853600,2850400,6400,100,3559,rep1,False,0,0,F:\Micro-C\micro-c数据\GSE272159_37C_rep1.mapq_30.10.cool,medium,800,True,MG1655:22,train
WIN_medium_02d444b344de429e,MG1655,2848000,2854400,2851200,6400,100,3560,rep1,False,0,0,F:\Micro-C\micro-c数据\GSE272159_37C_rep1.mapq_30.10.cool,medium,800,True,MG1655:22,train
WIN_medium_8104277c7e8952f7,MG1655,2848800,2855200,2852000,6400,100,3561,rep1,False,0,0,F:\Micro-C\micro-c数据\GSE272159_37C_rep1.mapq_30.10.cool,medium,800,True,MG1655:22,train
WIN_medium_fa2c02955d390643,MG1655,2849600,2856000,2852800,6400,100,3562,rep1,False,0,0,F:\Micro-C\micro-c数据\GSE272159_37C_rep1.mapq_30.10.cool,medium,800,True,MG1655:22,train
WIN_medium_f0bec34563cebb2f,MG1655,2850400,2856800,2853600,6400,100,3563,rep1,False,0,0,F:\Micro-C\micro-c数据\GSE272159_37C_rep1.mapq_30.10.cool,medium,800,True,MG1655:22,train
WIN_medium_2fc2677b2521db1c,MG1655,2851200,2857600,2854400,6400,100,3564,rep1,False,0,0,F:\Micro-C\micro-c数据\GSE272159_37C_rep1.mapq_30.10.cool,medium,800,True,MG1655:22,train
WIN_medium_7ff0aa7903c3a828,MG1655,2852000,2858400,2855200,6400,100,3565,rep1,False,0,0,F:\Micro-C\micro-c数据\GSE272159_37C_rep1.mapq_30.10.cool,medium,800,True,MG1655:22,train
WIN_medium_23ba5b04f4917924,MG1655,2852800,2859200,2856000,6400,100,3566,rep1,False,0,0,F:\Micro-C\micro-c数据\GSE272159_37C_rep1.mapq_30.10.cool,medium,800,True,MG1655:22,train
WIN_medium_8b277b7917cd54bb,MG1655,2853600,2860000,2856800,6400,100,3567,rep1,False,0,0,F:\Micro-C\micro-c数据\GSE272159_37C_rep1.mapq_30.10.cool,medium,800,True,MG1655:22,train
WIN_medium_01e2d7ccc09fd1c4,MG1655,2854400,2860800,2857600,6400,100,3568,rep1,False,0,0,F:\Micro-C\micro-c数据\GSE272159_37C_rep1.mapq_30.10.cool,medium,800,True,MG1655:22,train
WIN_medium_52c38eef305bd852,MG1655,2855200,2861600,2858400,6400,100,3569,rep1,False,0,0,F:\Micro-C\micro-c数据\GSE272159_37C_rep1.mapq_30.10.cool,medium,800,True,MG1655:22,train
WIN_medium_370fc5dd20d8065d,MG1655,2856000,2862400,2859200,6400,100,3570,rep1,False,0,0,F:\Micro-C\micro-c数据\GSE272159_37C_rep1.mapq_30.10.cool,medium,800,True,MG1655:22,train
WIN_medium_50dedce5b820a628,MG1655,2856800,2863200,2860000,6400,100,3571,rep1,False,0,0,F:\Micro-C\micro-c数据\GSE272159_37C_rep1.mapq_30.10.cool,medium,800,True,MG1655:22,train
WIN_medium_a62907f6c0a4b053,MG1655,2857600,2864000,2860800,6400,100,3572,rep1,False,0,0,F:\Micro-C\micro-c数据\GSE272159_37C_rep1.mapq_30.10.cool,medium,800,True,MG1655:22,train
WIN_medium_bf004e72ca43501e,MG1655,2858400,2864800,2861600,6400,100,3573,rep1,False,0,0,F:\Micro-C\micro-c数据\GSE272159_37C_rep1.mapq_30.10.cool,medium,800,True,MG1655:22,train
WIN_medium_a6b21122801d6608,MG1655,2859200,2865600,2862400,6400,100,3574,rep1,False,0,0,F:\Micro-C\micro-c数据\GSE272159_37C_rep1.mapq_30.10.cool,medium,800,True,MG1655:22,train
WIN_medium_bbb89f9d540585b2,MG1655,2871200,2877600,2874400,6400,100,3589,rep1,False,0,0,F:\Micro-C\micro-c数据\GSE272159_37C_rep1.mapq_30.10.cool,medium,800,True,MG1655:22,train
WIN_medium_d6214832c5b9729b,MG1655,2872000,2878400,2875200,6400,100,3590,rep1,False,0,0,F:\Micro-C\micro-c数据\GSE272159_37C_rep1.mapq_30.10.cool,medium,800,True,MG1655:22,train
WIN_medium_f19d601d057a7ba2,MG1655,2872800,2879200,2876000,6400,100,3591,rep1,False,0,0,F:\Micro-C\micro-c数据\GSE272159_37C_rep1.mapq_30.10.cool,medium,800,True,MG1655:22,train
WIN_medium_fafdf037e6c7c460,MG1655,2873600,2880000,2876800,6400,100,3592,rep1,False,0,0,F:\Micro-C\micro-c数据\GSE272159_37C_rep1.mapq_30.10.cool,medium,800,True,MG1655:22,train
WIN_medium_b9553562610670fc,MG1655,2874400,2880800,2877600,6400,100,3593,rep1,False,0,0,F:\Micro-C\micro-c数据\GSE272159_37C_rep1.mapq_30.10.cool,medium,800,True,MG1655:22,train
WIN_medium_5fd1bbdb6838ac8a,MG1655,2875200,2881600,2878400,6400,100,3594,rep1,False,0,0,F:\Micro-C\micro-c数据\GSE272159_37C_rep1.mapq_30.10.cool,medium,800,True,MG1655:22,train
WIN_medium_4e2a5ce667cda660,MG1655,2876000,2882400,2879200,6400,100,3595,rep1,False,0,0,F:\Micro-C\micro-c数据\GSE272159_37C_rep1.mapq_30.10.cool,medium,800,True,MG1655:22,train
WIN_medium_a4b0835db17f0653,MG1655,2884800,2891200,2888000,6400,100,3606,rep1,False,0,0,F:\Micro-C\micro-c数据\GSE272159_37C_rep1.mapq_30.10.cool,medium,800,True,MG1655:22,train
WIN_medium_041e876b25f2aa45,MG1655,2885600,2892000,2888800,6400,100,3607,rep1,False,0,0,F:\Micro-C\micro-c数据\GSE272159_37C_rep1.mapq_30.10.cool,medium,800,True,MG1655:22,train
WIN_medium_4a0c7fd0f8c29277,MG1655,2886400,2892800,2889600,6400,100,3608,rep1,False,0,0,F:\Micro-C\micro-c数据\GSE272159_37C_rep1.mapq_30.10.cool,medium,800,True,MG1655:22,train
WIN_medium_310d77c3df7c8ad0,MG1655,2887200,2893600,2890400,6400,100,3609,rep1,False,0,0,F:\Micro-C\micro-c数据\GSE272159_37C_rep1.mapq_30.10.cool,medium,800,True,MG1655:22,train
WIN_medium_703bf974635aec86,MG1655,2888000,2894400,2891200,6400,100,3610,rep1,False,0,0,F:\Micro-C\micro-c数据\GSE272159_37C_rep1.mapq_30.10.cool,medium,800,True,MG1655:22,train
WIN_medium_b29b6b67dbf58f90,MG1655,2888800,2895200,2892000,6400,100,3611,rep1,False,0,0,F:\Micro-C\micro-c数据\GSE272159_37C_rep1.mapq_30.10.cool,medium,800,True,MG1655:22,train
WIN_medium_64faa73b137eea0b,MG1655,2889600,2896000,2892800,6400,100,3612,rep1,False,0,0,F:\Micro-C\micro-c数据\GSE272159_37C_rep1.mapq_30.10.cool,medium,800,True,MG1655:22,train
WIN_medium_74d8122f1385407e,MG1655,2890400,2896800,2893600,6400,100,3613,rep1,False,0,0,F:\Micro-C\micro-c数据\GSE272159_37C_rep1.mapq_30.10.cool,medium,800,True,MG1655:22,train
WIN_medium_c27786059a5609f6,MG1655,2891200,2897600,2894400,6400,100,3614,rep1,False,0,0,F:\Micro-C\micro-c数据\GSE272159_37C_rep1.mapq_30.10.cool,medium,800,True,MG1655:22,train
WIN_medium_ffe9e90b6d04ca17,MG1655,2892000,2898400,2895200,6400,100,3615,rep1,False,0,0,F:\Micro-C\micro-c数据\GSE272159_37C_rep1.mapq_30.10.cool,medium,800,True,MG1655:22,train
WIN_medium_a4e4322343c9c232,MG1655,2892800,2899200,2896000,6400,100,3616,rep1,False,0,0,F:\Micro-C\micro-c数据\GSE272159_37C_rep1.mapq_30.10.cool,medium,800,True,MG1655:22,train
WIN_medium_0aed2751b59f0051,MG1655,2906400,2912800,2909600,6400,100,3633,rep1,False,0,0,F:\Micro-C\micro-c数据\GSE272159_37C_rep1.mapq_30.10.cool,medium,800,True,MG1655:22,train
WIN_medium_a03ba635dd6e4128,MG1655,2907200,2913600,2910400,6400,100,3634,rep1,False,0,0,F:\Micro-C\micro-c数据\GSE272159_37C_rep1.mapq_30.10.cool,medium,800,True,MG1655:22,train
WIN_medium_add886d19837dfcc,MG1655,2908000,2914400,2911200,6400,100,3635,rep1,False,0,0,F:\Micro-C\micro-c数据\GSE272159_37C_rep1.mapq_30.10.cool,medium,800,True,MG1655:22,train
WIN_medium_17568ffaae4c6532,MG1655,2908800,2915200,2912000,6400,100,3636,rep1,False,0,0,F:\Micro-C\micro-c数据\GSE272159_37C_rep1.mapq_30.10.cool,medium,800,True,MG1655:22,train
WIN_medium_deb209049ae51cda,MG1655,2909600,2916000,2912800,6400,100,3637,rep1,False,0,0,F:\Micro-C\micro-c数据\GSE272159_37C_rep1.mapq_30.10.cool,medium,800,True,MG1655:22,train
WIN_medium_b9c961423f77ed2e,MG1655,2910400,2916800,2913600,6400,100,3638,rep1,False,0,0,F:\Micro-C\micro-c数据\GSE272159_37C_rep1.mapq_30.10.cool,medium,800,True,MG1655:22,train
WIN_medium_95d7499025fc416d,MG1655,2923200,2929600,2926400,6400,100,3654,rep1,False,0,0,F:\Micro-C\micro-c数据\GSE272159_37C_rep1.mapq_30.10.cool,medium,800,True,MG1655:22,train
WIN_medium_fb8e9996a875d7c6,MG1655,2924000,2930400,2927200,6400,100,3655,rep1,False,0,0,F:\Micro-C\micro-c数据\GSE272159_37C_rep1.mapq_30.10.cool,medium,800,True,MG1655:22,train
WIN_medium_8b18684e87bb8efd,MG1655,2924800,2931200,2928000,6400,100,3656,rep1,False,0,0,F:\Micro-C\micro-c数据\GSE272159_37C_rep1.mapq_30.10.cool,medium,800,True,MG1655:22,train
WIN_medium_ec3cc875b1bf8b20,MG1655,2925600,2932000,2928800,6400,100,3657,rep1,False,0,0,F:\Micro-C\micro-c数据\GSE272159_37C_rep1.mapq_30.10.cool,medium,800,True,MG1655:22,train
WIN_medium_cfa8175a4d7b7bae,MG1655,2926400,2932800,2929600,6400,100,3658,rep1,False,0,0,F:\Micro-C\micro-c数据\GSE272159_37C_rep1.mapq_30.10.cool,medium,800,True,MG1655:22,train
WIN_medium_7cf4e9f63afcb2fd,MG1655,2944000,2950400,2947200,6400,100,3680,rep1,False,0,0,F:\Micro-C\micro-c数据\GSE272159_37C_rep1.mapq_30.10.cool,medium,800,True,MG1655:23,train
WIN_medium_0db7c5de9717723e,MG1655,2944800,2951200,2948000,6400,100,3681,rep1,False,0,0,F:\Micro-C\micro-c数据\GSE272159_37C_rep1.mapq_30.10.cool,medium,800,True,MG1655:23,train
WIN_medium_3a11742565a58f65,MG1655,2945600,2952000,2948800,6400,100,3682,rep1,False,0,0,F:\Micro-C\micro-c数据\GSE272159_37C_rep1.mapq_30.10.cool,medium,800,True,MG1655:23,train
WIN_medium_a957d12d70779c2e,MG1655,2946400,2952800,2949600,6400,100,3683,rep1,False,0,0,F:\Micro-C\micro-c数据\GSE272159_37C_rep1.mapq_30.10.cool,medium,800,True,MG1655:23,train
WIN_medium_f6d331cea4a95eba,MG1655,2947200,2953600,2950400,6400,100,3684,rep1,False,0,0,F:\Micro-C\micro-c数据\GSE272159_37C_rep1.mapq_30.10.cool,medium,800,True,MG1655:23,train
WIN_medium_b8eeda2760a180f5,MG1655,2948000,2954400,2951200,6400,100,3685,rep1,False,0,0,F:\Micro-C\micro-c数据\GSE272159_37C_rep1.mapq_30.10.cool,medium,800,True,MG1655:23,train
WIN_medium_e1242e05fea13a99,MG1655,2948800,2955200,2952000,6400,100,3686,rep1,False,0,0,F:\Micro-C\micro-c数据\GSE272159_37C_rep1.mapq_30.10.cool,medium,800,True,MG1655:23,train
WIN_medium_f2cf3f1f2aed3bab,MG1655,2949600,2956000,2952800,6400,100,3687,rep1,False,0,0,F:\Micro-C\micro-c数据\GSE272159_37C_rep1.mapq_30.10.cool,medium,800,True,MG1655:23,train
WIN_medium_19901f0e90f9ca8a,MG1655,2950400,2956800,2953600,6400,100,3688,rep1,False,0,0,F:\Micro-C\micro-c数据\GSE272159_37C_rep1.mapq_30.10.cool,medium,800,True,MG1655:23,train
WIN_medium_264f3b1ab3d7285d,MG1655,2951200,2957600,2954400,6400,100,3689,rep1,False,0,0,F:\Micro-C\micro-c数据\GSE272159_37C_rep1.mapq_30.10.cool,medium,800,True,MG1655:23,train
WIN_medium_f0e9e6e0e0d874fd,MG1655,2952000,2958400,2955200,6400,100,3690,rep1,False,0,0,F:\Micro-C\micro-c数据\GSE272159_37C_rep1.mapq_30.10.cool,medium,800,True,MG1655:23,train
WIN_medium_39719604edacdd4a,MG1655,2952800,2959200,2956000,6400,100,3691,rep1,False,0,0,F:\Micro-C\micro-c数据\GSE272159_37C_rep1.mapq_30.10.cool,medium,800,True,MG1655:23,train
WIN_medium_9a66bd519c86d3de,MG1655,2953600,2960000,2956800,6400,100,3692,rep1,False,0,0,F:\Micro-C\micro-c数据\GSE272159_37C_rep1.mapq_30.10.cool,medium,800,True,MG1655:23,train
WIN_medium_c80752b6d02b0eae,MG1655,2954400,2960800,2957600,6400,100,3693,rep1,False,0,0,F:\Micro-C\micro-c数据\GSE272159_37C_rep1.mapq_30.10.cool,medium,800,True,MG1655:23,train
WIN_medium_acec3d1289b443d9,MG1655,2955200,2961600,2958400,6400,100,3694,rep1,False,0,0,F:\Micro-C\micro-c数据\GSE272159_37C_rep1.mapq_30.10.cool,medium,800,True,MG1655:23,train
WIN_medium_bd9e360a3032f072,MG1655,2956000,2962400,2959200,6400,100,3695,rep1,False,0,0,F:\Micro-C\micro-c数据\GSE272159_37C_rep1.mapq_30.10.cool,medium,800,True,MG1655:23,train
WIN_medium_4aeb1a9d3406d416,MG1655,2956800,2963200,2960000,6400,100,3696,rep1,False,0,0,F:\Micro-C\micro-c数据\GSE272159_37C_rep1.mapq_30.10.cool,medium,800,True,MG1655:23,train
WIN_medium_628f1e5ed3018205,MG1655,2957600,2964000,2960800,6400,100,3697,rep1,False,0,0,F:\Micro-C\micro-c数据\GSE272159_37C_rep1.mapq_30.10.cool,medium,800,True,MG1655:23,train
WIN_medium_91ff65bc343f10e0,MG1655,2969600,2976000,2972800,6400,100,3712,rep1,False,0,0,F:\Micro-C\micro-c数据\GSE272159_37C_rep1.mapq_30.10.cool,medium,800,True,MG1655:23,train
WIN_medium_e7f843300c39ead8,MG1655,2970400,2976800,2973600,6400,100,3713,rep1,False,0,0,F:\Micro-C\micro-c数据\GSE272159_37C_rep1.mapq_30.10.cool,medium,800,True,MG1655:23,train
WIN_medium_a219246f94269957,MG1655,2971200,2977600,2974400,6400,100,3714,rep1,False,0,0,F:\Micro-C\micro-c数据\GSE272159_37C_rep1.mapq_30.10.cool,medium,800,True,MG1655:23,train
WIN_medium_15dd26b3157a26f2,MG1655,2972000,2978400,2975200,6400,100,3715,rep1,False,0,0,F:\Micro-C\micro-c数据\GSE272159_37C_rep1.mapq_30.10.cool,medium,800,True,MG1655:23,train
WIN_medium_3bf0142ef6c478c5,MG1655,2972800,2979200,2976000,6400,100,3716,rep1,False,0,0,F:\Micro-C\micro-c数据\GSE272159_37C_rep1.mapq_30.10.cool,medium,800,True,MG1655:23,train
WIN_medium_88fed4a36d7dcb6c,MG1655,2973600,2980000,2976800,6400,100,3717,rep1,False,0,0,F:\Micro-C\micro-c数据\GSE272159_37C_rep1.mapq_30.10.cool,medium,800,True,MG1655:23,train
WIN_medium_7359853f1d9f0c2b,MG1655,2974400,2980800,2977600,6400,100,3718,rep1,False,0,0,F:\Micro-C\micro-c数据\GSE272159_37C_rep1.mapq_30.10.cool,medium,800,True,MG1655:23,train
WIN_medium_24a13e10c648bf0b,MG1655,2975200,2981600,2978400,6400,100,3719,rep1,False,0,0,F:\Micro-C\micro-c数据\GSE272159_37C_rep1.mapq_30.10.cool,medium,800,True,MG1655:23,train
WIN_medium_9302d7dc6f30ecd1,MG1655,2976000,2982400,2979200,6400,100,3720,rep1,False,0,0,F:\Micro-C\micro-c数据\GSE272159_37C_rep1.mapq_30.10.cool,medium,800,True,MG1655:23,train
WIN_medium_510cd3d4127b19f2,MG1655,2976800,2983200,2980000,6400,100,3721,rep1,False,0,0,F:\Micro-C\micro-c数据\GSE272159_37C_rep1.mapq_30.10.cool,medium,800,True,MG1655:23,train
WIN_medium_4172109a2579e9ba,MG1655,2977600,2984000,2980800,6400,100,3722,rep1,False,0,0,F:\Micro-C\micro-c数据\GSE272159_37C_rep1.mapq_30.10.cool,medium,800,True,MG1655:23,train
WIN_medium_ea176ca7c263db8a,MG1655,2978400,2984800,2981600,6400,100,3723,rep1,False,0,0,F:\Micro-C\micro-c数据\GSE272159_37C_rep1.mapq_30.10.cool,medium,800,True,MG1655:23,train
WIN_medium_df526daee1ed4176,MG1655,2979200,2985600,2982400,6400,100,3724,rep1,False,0,0,F:\Micro-C\micro-c数据\GSE272159_37C_rep1.mapq_30.10.cool,medium,800,True,MG1655:23,train
WIN_medium_1afc624179323d9c,MG1655,2999200,3005600,3002400,6400,100,3749,rep1,False,0,0,F:\Micro-C\micro-c数据\GSE272159_37C_rep1.mapq_30.10.cool,medium,800,True,MG1655:23,train
WIN_medium_dffa30dbc02055a4,MG1655,3000000,3006400,3003200,6400,100,3750,rep1,False,0,0,F:\Micro-C\micro-c数据\GSE272159_37C_rep1.mapq_30.10.cool,medium,800,True,MG1655:23,train
WIN_medium_69fbd514c09341a9,MG1655,3000800,3007200,3004000,6400,100,3751,rep1,False,0,0,F:\Micro-C\micro-c数据\GSE272159_37C_rep1.mapq_30.10.cool,medium,800,True,MG1655:23,train
WIN_medium_4c2ae19822164e3f,MG1655,3001600,3008000,3004800,6400,100,3752,rep1,False,0,0,F:\Micro-C\micro-c数据\GSE272159_37C_rep1.mapq_30.10.cool,medium,800,True,MG1655:23,train
WIN_medium_cc71e9956f1ca6f6,MG1655,3002400,3008800,3005600,6400,100,3753,rep1,False,0,0,F:\Micro-C\micro-c数据\GSE272159_37C_rep1.mapq_30.10.cool,medium,800,True,MG1655:23,train
WIN_medium_d9c12a13d1fdf883,MG1655,3003200,3009600,3006400,6400,100,3754,rep1,False,0,0,F:\Micro-C\micro-c数据\GSE272159_37C_rep1.mapq_30.10.cool,medium,800,True,MG1655:23,train
WIN_medium_1f01a6992e3f855a,MG1655,3004000,3010400,3007200,6400,100,3755,rep1,False,0,0,F:\Micro-C\micro-c数据\GSE272159_37C_rep1.mapq_30.10.cool,medium,800,True,MG1655:23,train
WIN_medium_75e9907bb7fe6e3a,MG1655,3004800,3011200,3008000,6400,100,3756,rep1,False,0,0,F:\Micro-C\micro-c数据\GSE272159_37C_rep1.mapq_30.10.cool,medium,800,True,MG1655:23,train
WIN_medium_a2490534396dfaa4,MG1655,3005600,3012000,3008800,6400,100,3757,rep1,False,0,0,F:\Micro-C\micro-c数据\GSE272159_37C_rep1.mapq_30.10.cool,medium,800,True,MG1655:23,train
WIN_medium_7ebb78aa87ed9d26,MG1655,3016800,3023200,3020000,6400,100,3771,rep1,False,0,0,F:\Micro-C\micro-c数据\GSE272159_37C_rep1.mapq_30.10.cool,medium,800,True,MG1655:23,train
WIN_medium_2060d089a833bfa3,MG1655,3017600,3024000,3020800,6400,100,3772,rep1,False,0,0,F:\Micro-C\micro-c数据\GSE272159_37C_rep1.mapq_30.10.cool,medium,800,True,MG1655:23,train
WIN_medium_3f4c35c8571a5422,MG1655,3018400,3024800,3021600,6400,100,3773,rep1,False,0,0,F:\Micro-C\micro-c数据\GSE272159_37C_rep1.mapq_30.10.cool,medium,800,True,MG1655:23,train
WIN_medium_baf85b0b0c23b679,MG1655,3019200,3025600,3022400,6400,100,3774,rep1,False,0,0,F:\Micro-C\micro-c数据\GSE272159_37C_rep1.mapq_30.10.cool,medium,800,True,MG1655:23,train
WIN_medium_c3aa1bdf2b86b433,MG1655,3020000,3026400,3023200,6400,100,3775,rep1,False,0,0,F:\Micro-C\micro-c数据\GSE272159_37C_rep1.mapq_30.10.cool,medium,800,True,MG1655:23,train
WIN_medium_1e949ab957a76167,MG1655,3020800,3027200,3024000,6400,100,3776,rep1,False,0,0,F:\Micro-C\micro-c数据\GSE272159_37C_rep1.mapq_30.10.cool,medium,800,True,MG1655:23,train
WIN_medium_60c09c37c36d8164,MG1655,3021600,3028000,3024800,6400,100,3777,rep1,False,0,0,F:\Micro-C\micro-c数据\GSE272159_37C_rep1.mapq_30.10.cool,medium,800,True,MG1655:23,train
WIN_medium_7d4151aa243c9809,MG1655,3022400,3028800,3025600,6400,100,3778,rep1,False,0,0,F:\Micro-C\micro-c数据\GSE272159_37C_rep1.mapq_30.10.cool,medium,800,True,MG1655:23,train
WIN_medium_d46f8fe77b1c4d09,MG1655,3023200,3029600,3026400,6400,100,3779,rep1,False,0,0,F:\Micro-C\micro-c数据\GSE272159_37C_rep1.mapq_30.10.cool,medium,800,True,MG1655:23,train
WIN_medium_fc1dd189e93ed7be,MG1655,3024000,3030400,3027200,6400,100,3780,rep1,False,0,0,F:\Micro-C\micro-c数据\GSE272159_37C_rep1.mapq_30.10.cool,medium,800,True,MG1655:23,train
WIN_medium_86d7fce8fa88ce02,MG1655,3024800,3031200,3028000,6400,100,3781,rep1,False,0,0,F:\Micro-C\micro-c数据\GSE272159_37C_rep1.mapq_30.10.cool,medium,800,True,MG1655:23,train
WIN_medium_71f78262ec3feaca,MG1655,3025600,3032000,3028800,6400,100,3782,rep1,False,0,0,F:\Micro-C\micro-c数据\GSE272159_37C_rep1.mapq_30.10.cool,medium,800,True,MG1655:23,train
WIN_medium_440ff7b535fbceea,MG1655,3026400,3032800,3029600,6400,100,3783,rep1,False,0,0,F:\Micro-C\micro-c数据\GSE272159_37C_rep1.mapq_30.10.cool,medium,800,True,MG1655:23,train
WIN_medium_7e129817d3f92b7d,MG1655,3027200,3033600,3030400,6400,100,3784,rep1,False,0,0,F:\Micro-C\micro-c数据\GSE272159_37C_rep1.mapq_30.10.cool,medium,800,True,MG1655:23,train
WIN_medium_7e113bd31b876b62,MG1655,3028000,3034400,3031200,6400,100,3785,rep1,False,0,0,F:\Micro-C\micro-c数据\GSE272159_37C_rep1.mapq_30.10.cool,medium,800,True,MG1655:23,train
WIN_medium_a79635380694d172,MG1655,3028800,3035200,3032000,6400,100,3786,rep1,False,0,0,F:\Micro-C\micro-c数据\GSE272159_37C_rep1.mapq_30.10.cool,medium,800,True,MG1655:23,train
WIN_medium_544639c0393b5857,MG1655,3029600,3036000,3032800,6400,100,3787,rep1,False,0,0,F:\Micro-C\micro-c数据\GSE272159_37C_rep1.mapq_30.10.cool,medium,800,True,MG1655:23,train
WIN_medium_ce5a1b987d8c5a96,MG1655,3030400,3036800,3033600,6400,100,3788,rep1,False,0,0,F:\Micro-C\micro-c数据\GSE272159_37C_rep1.mapq_30.10.cool,medium,800,True,MG1655:23,train
WIN_medium_4554e165de799352,MG1655,3031200,3037600,3034400,6400,100,3789,rep1,False,0,0,F:\Micro-C\micro-c数据\GSE272159_37C_rep1.mapq_30.10.cool,medium,800,True,MG1655:23,train
WIN_medium_522ca2735c65f941,MG1655,3032000,3038400,3035200,6400,100,3790,rep1,False,0,0,F:\Micro-C\micro-c数据\GSE272159_37C_rep1.mapq_30.10.cool,medium,800,True,MG1655:23,train
WIN_medium_9e1d06b40476ca1c,MG1655,3032800,3039200,3036000,6400,100,3791,rep1,False,0,0,F:\Micro-C\micro-c数据\GSE272159_37C_rep1.mapq_30.10.cool,medium,800,True,MG1655:23,train
WIN_medium_a1b05fb56b39591d,MG1655,3033600,3040000,3036800,6400,100,3792,rep1,False,0,0,F:\Micro-C\micro-c数据\GSE272159_37C_rep1.mapq_30.10.cool,medium,800,True,MG1655:23,train
WIN_medium_10097cf445b928e0,MG1655,3056000,3062400,3059200,6400,100,3820,rep1,False,0,0,F:\Micro-C\micro-c数据\GSE272159_37C_rep1.mapq_30.10.cool,medium,800,True,MG1655:23,train
WIN_medium_bb52773e5f37e831,MG1655,3056800,3063200,3060000,6400,100,3821,rep1,False,0,0,F:\Micro-C\micro-c数据\GSE272159_37C_rep1.mapq_30.10.cool,medium,800,True,MG1655:23,train
WIN_medium_37e719dab11e634a,MG1655,3057600,3064000,3060800,6400,100,3822,rep1,False,0,0,F:\Micro-C\micro-c数据\GSE272159_37C_rep1.mapq_30.10.cool,medium,800,True,MG1655:23,train
WIN_medium_94858845eb20e613,MG1655,3058400,3064800,3061600,6400,100,3823,rep1,False,0,0,F:\Micro-C\micro-c数据\GSE272159_37C_rep1.mapq_30.10.cool,medium,800,True,MG1655:23,train
WIN_medium_c2105faecbfab531,MG1655,3059200,3065600,3062400,6400,100,3824,rep1,False,0,0,F:\Micro-C\micro-c数据\GSE272159_37C_rep1.mapq_30.10.cool,medium,800,True,MG1655:23,train
WIN_medium_34164a07f1204d9e,MG1655,3060000,3066400,3063200,6400,100,3825,rep1,False,0,0,F:\Micro-C\micro-c数据\GSE272159_37C_rep1.mapq_30.10.cool,medium,800,True,MG1655:23,train
WIN_medium_8a3f95e44455dea9,MG1655,3060800,3067200,3064000,6400,100,3826,rep1,False,0,0,F:\Micro-C\micro-c数据\GSE272159_37C_rep1.mapq_30.10.cool,medium,800,True,MG1655:23,train
WIN_medium_007964f237d6b986,MG1655,3061600,3068000,3064800,6400,100,3827,rep1,False,0,0,F:\Micro-C\micro-c数据\GSE272159_37C_rep1.mapq_30.10.cool,medium,800,True,MG1655:23,train
WIN_medium_4ccddd2f0a8d23e5,MG1655,3062400,3068800,3065600,6400,100,3828,rep1,False,0,0,F:\Micro-C\micro-c数据\GSE272159_37C_rep1.mapq_30.10.cool,medium,800,True,MG1655:23,train
WIN_medium_aac272c7ac7c54e0,MG1655,3063200,3069600,3066400,6400,100,3829,rep1,False,0,0,F:\Micro-C\micro-c数据\GSE272159_37C_rep1.mapq_30.10.cool,medium,800,True,MG1655:23,train
WIN_medium_7c09138199878cc3,MG1655,3064000,3070400,3067200,6400,100,3830,rep1,False,0,0,F:\Micro-C\micro-c数据\GSE272159_37C_rep1.mapq_30.10.cool,medium,800,True,MG1655:23,train
WIN_medium_01f59f076d716329,MG1655,3064800,3071200,3068000,6400,100,3831,rep1,False,0,0,F:\Micro-C\micro-c数据\GSE272159_37C_rep1.mapq_30.10.cool,medium,800,True,MG1655:23,train
WIN_medium_84e4a70428848a3e,MG1655,3065600,3072000,3068800,6400,100,3832,rep1,False,0,0,F:\Micro-C\micro-c数据\GSE272159_37C_rep1.mapq_30.10.cool,medium,800,True,MG1655:23,train
WIN_medium_958f9d0dd451c5c3,MG1655,3080000,3086400,3083200,6400,100,3850,rep1,False,0,0,F:\Micro-C\micro-c数据\GSE272159_37C_rep1.mapq_30.10.cool,medium,800,True,MG1655:24,validation
WIN_medium_518eb57fe02c9f4d,MG1655,3080800,3087200,3084000,6400,100,3851,rep1,False,0,0,F:\Micro-C\micro-c数据\GSE272159_37C_rep1.mapq_30.10.cool,medium,800,True,MG1655:24,validation
WIN_medium_627bb154aea7413b,MG1655,3081600,3088000,3084800,6400,100,3852,rep1,False,0,0,F:\Micro-C\micro-c数据\GSE272159_37C_rep1.mapq_30.10.cool,medium,800,True,MG1655:24,validation
WIN_medium_f897b5d1a99623a7,MG1655,3082400,3088800,3085600,6400,100,3853,rep1,False,0,0,F:\Micro-C\micro-c数据\GSE272159_37C_rep1.mapq_30.10.cool,medium,800,True,MG1655:24,validation
WIN_medium_3f354f7dcb80a5a9,MG1655,3083200,3089600,3086400,6400,100,3854,rep1,False,0,0,F:\Micro-C\micro-c数据\GSE272159_37C_rep1.mapq_30.10.cool,medium,800,True,MG1655:24,validation
WIN_medium_ac60e31e1a9ea7c9,MG1655,3084000,3090400,3087200,6400,100,3855,rep1,False,0,0,F:\Micro-C\micro-c数据\GSE272159_37C_rep1.mapq_30.10.cool,medium,800,True,MG1655:24,validation
WIN_medium_a430129e731c3c27,MG1655,3084800,3091200,3088000,6400,100,3856,rep1,False,0,0,F:\Micro-C\micro-c数据\GSE272159_37C_rep1.mapq_30.10.cool,medium,800,True,MG1655:24,validation
WIN_medium_9846deff374714d8,MG1655,3085600,3092000,3088800,6400,100,3857,rep1,False,0,0,F:\Micro-C\micro-c数据\GSE272159_37C_rep1.mapq_30.10.cool,medium,800,True,MG1655:24,validation
WIN_medium_3e1c66f8d95152b4,MG1655,3086400,3092800,3089600,6400,100,3858,rep1,False,0,0,F:\Micro-C\micro-c数据\GSE272159_37C_rep1.mapq_30.10.cool,medium,800,True,MG1655:24,validation
WIN_medium_e8234a15520c12ce,MG1655,3087200,3093600,3090400,6400,100,3859,rep1,False,0,0,F:\Micro-C\micro-c数据\GSE272159_37C_rep1.mapq_30.10.cool,medium,800,True,MG1655:24,validation
WIN_medium_df0a2513f3b36ce6,MG1655,3088000,3094400,3091200,6400,100,3860,rep1,False,0,0,F:\Micro-C\micro-c数据\GSE272159_37C_rep1.mapq_30.10.cool,medium,800,True,MG1655:24,validation
WIN_medium_9a69784ef4fd5514,MG1655,3088800,3095200,3092000,6400,100,3861,rep1,False,0,0,F:\Micro-C\micro-c数据\GSE272159_37C_rep1.mapq_30.10.cool,medium,800,True,MG1655:24,validation
WIN_medium_60d0267a9362b749,MG1655,3089600,3096000,3092800,6400,100,3862,rep1,False,0,0,F:\Micro-C\micro-c数据\GSE272159_37C_rep1.mapq_30.10.cool,medium,800,True,MG1655:24,validation
WIN_medium_78a46f993621686c,MG1655,3090400,3096800,3093600,6400,100,3863,rep1,False,0,0,F:\Micro-C\micro-c数据\GSE272159_37C_rep1.mapq_30.10.cool,medium,800,True,MG1655:24,validation
WIN_medium_8531119a2017db41,MG1655,3091200,3097600,3094400,6400,100,3864,rep1,False,0,0,F:\Micro-C\micro-c数据\GSE272159_37C_rep1.mapq_30.10.cool,medium,800,True,MG1655:24,validation
WIN_medium_dc99eb43ec868ac0,MG1655,3092000,3098400,3095200,6400,100,3865,rep1,False,0,0,F:\Micro-C\micro-c数据\GSE272159_37C_rep1.mapq_30.10.cool,medium,800,True,MG1655:24,validation
WIN_medium_492e70b90f9adb0d,MG1655,3092800,3099200,3096000,6400,100,3866,rep1,False,0,0,F:\Micro-C\micro-c数据\GSE272159_37C_rep1.mapq_30.10.cool,medium,800,True,MG1655:24,validation
WIN_medium_4c28a029023ed3d9,MG1655,3093600,3100000,3096800,6400,100,3867,rep1,False,0,0,F:\Micro-C\micro-c数据\GSE272159_37C_rep1.mapq_30.10.cool,medium,800,True,MG1655:24,validation
WIN_medium_2489a1a6fabbec36,MG1655,3094400,3100800,3097600,6400,100,3868,rep1,False,0,0,F:\Micro-C\micro-c数据\GSE272159_37C_rep1.mapq_30.10.cool,medium,800,True,MG1655:24,validation
WIN_medium_d685390ecf44b188,MG1655,3095200,3101600,3098400,6400,100,3869,rep1,False,0,0,F:\Micro-C\micro-c数据\GSE272159_37C_rep1.mapq_30.10.cool,medium,800,True,MG1655:24,validation
WIN_medium_8c5540a307db0ff0,MG1655,3096000,3102400,3099200,6400,100,3870,rep1,False,0,0,F:\Micro-C\micro-c数据\GSE272159_37C_rep1.mapq_30.10.cool,medium,800,True,MG1655:24,validation
WIN_medium_3d32ca7b6f877b26,MG1655,3096800,3103200,3100000,6400,100,3871,rep1,False,0,0,F:\Micro-C\micro-c数据\GSE272159_37C_rep1.mapq_30.10.cool,medium,800,True,MG1655:24,validation
WIN_medium_17147c4b954f3de3,MG1655,3097600,3104000,3100800,6400,100,3872,rep1,False,0,0,F:\Micro-C\micro-c数据\GSE272159_37C_rep1.mapq_30.10.cool,medium,800,True,MG1655:24,validation
WIN_medium_c223dd4501746488,MG1655,3098400,3104800,3101600,6400,100,3873,rep1,False,0,0,F:\Micro-C\micro-c数据\GSE272159_37C_rep1.mapq_30.10.cool,medium,800,True,MG1655:24,validation
WIN_medium_d3708353662e13da,MG1655,3099200,3105600,3102400,6400,100,3874,rep1,False,0,0,F:\Micro-C\micro-c数据\GSE272159_37C_rep1.mapq_30.10.cool,medium,800,True,MG1655:24,validation
WIN_medium_58c0ed910ef8ac99,MG1655,3100000,3106400,3103200,6400,100,3875,rep1,False,0,0,F:\Micro-C\micro-c数据\GSE272159_37C_rep1.mapq_30.10.cool,medium,800,True,MG1655:24,validation
WIN_medium_e82adcae24852511,MG1655,3100800,3107200,3104000,6400,100,3876,rep1,False,0,0,F:\Micro-C\micro-c数据\GSE272159_37C_rep1.mapq_30.10.cool,medium,800,True,MG1655:24,validation
WIN_medium_2399d9c5c089d3c4,MG1655,3101600,3108000,3104800,6400,100,3877,rep1,False,0,0,F:\Micro-C\micro-c数据\GSE272159_37C_rep1.mapq_30.10.cool,medium,800,True,MG1655:24,validation
WIN_medium_61c8298af807fa66,MG1655,3102400,3108800,3105600,6400,100,3878,rep1,False,0,0,F:\Micro-C\micro-c数据\GSE272159_37C_rep1.mapq_30.10.cool,medium,800,True,MG1655:24,validation
WIN_medium_efde7b6846f8de2b,MG1655,3103200,3109600,3106400,6400,100,3879,rep1,False,0,0,F:\Micro-C\micro-c数据\GSE272159_37C_rep1.mapq_30.10.cool,medium,800,True,MG1655:24,validation
WIN_medium_7d2b1a8f72ef95db,MG1655,3104000,3110400,3107200,6400,100,3880,rep1,False,0,0,F:\Micro-C\micro-c数据\GSE272159_37C_rep1.mapq_30.10.cool,medium,800,True,MG1655:24,validation
WIN_medium_d45e2ceb51539f9f,MG1655,3104800,3111200,3108000,6400,100,3881,rep1,False,0,0,F:\Micro-C\micro-c数据\GSE272159_37C_rep1.mapq_30.10.cool,medium,800,True,MG1655:24,validation
WIN_medium_e98d32da5d6721ec,MG1655,3105600,3112000,3108800,6400,100,3882,rep1,False,0,0,F:\Micro-C\micro-c数据\GSE272159_37C_rep1.mapq_30.10.cool,medium,800,True,MG1655:24,validation
WIN_medium_c8976a0927cc5b2d,MG1655,3106400,3112800,3109600,6400,100,3883,rep1,False,0,0,F:\Micro-C\micro-c数据\GSE272159_37C_rep1.mapq_30.10.cool,medium,800,True,MG1655:24,validation
WIN_medium_e77c5e6ac87a4908,MG1655,3107200,3113600,3110400,6400,100,3884,rep1,False,0,0,F:\Micro-C\micro-c数据\GSE272159_37C_rep1.mapq_30.10.cool,medium,800,True,MG1655:24,validation
WIN_medium_39f83d356189f907,MG1655,3108000,3114400,3111200,6400,100,3885,rep1,False,0,0,F:\Micro-C\micro-c数据\GSE272159_37C_rep1.mapq_30.10.cool,medium,800,True,MG1655:24,validation
WIN_medium_db34172c28a5211c,MG1655,3108800,3115200,3112000,6400,100,3886,rep1,False,0,0,F:\Micro-C\micro-c数据\GSE272159_37C_rep1.mapq_30.10.cool,medium,800,True,MG1655:24,validation
WIN_medium_ef342b63316ed34e,MG1655,3109600,3116000,3112800,6400,100,3887,rep1,False,0,0,F:\Micro-C\micro-c数据\GSE272159_37C_rep1.mapq_30.10.cool,medium,800,True,MG1655:24,validation
WIN_medium_913fa9cf7d37cbee,MG1655,3110400,3116800,3113600,6400,100,3888,rep1,False,0,0,F:\Micro-C\micro-c数据\GSE272159_37C_rep1.mapq_30.10.cool,medium,800,True,MG1655:24,validation
WIN_medium_52674b8fc87bbd9c,MG1655,3111200,3117600,3114400,6400,100,3889,rep1,False,0,0,F:\Micro-C\micro-c数据\GSE272159_37C_rep1.mapq_30.10.cool,medium,800,True,MG1655:24,validation
WIN_medium_b9d4f102b57d56e1,MG1655,3112000,3118400,3115200,6400,100,3890,rep1,False,0,0,F:\Micro-C\micro-c数据\GSE272159_37C_rep1.mapq_30.10.cool,medium,800,True,MG1655:24,validation
WIN_medium_12d2e4084c9b64f6,MG1655,3112800,3119200,3116000,6400,100,3891,rep1,False,0,0,F:\Micro-C\micro-c数据\GSE272159_37C_rep1.mapq_30.10.cool,medium,800,True,MG1655:24,validation
WIN_medium_0441e91775d6647b,MG1655,3113600,3120000,3116800,6400,100,3892,rep1,False,0,0,F:\Micro-C\micro-c数据\GSE272159_37C_rep1.mapq_30.10.cool,medium,800,True,MG1655:24,validation
WIN_medium_f5035f5300e845e0,MG1655,3114400,3120800,3117600,6400,100,3893,rep1,False,0,0,F:\Micro-C\micro-c数据\GSE272159_37C_rep1.mapq_30.10.cool,medium,800,True,MG1655:24,validation
WIN_medium_d54ea28c761dd4bf,MG1655,3115200,3121600,3118400,6400,100,3894,rep1,False,0,0,F:\Micro-C\micro-c数据\GSE272159_37C_rep1.mapq_30.10.cool,medium,800,True,MG1655:24,validation
WIN_medium_54c4273ef89a2222,MG1655,3116000,3122400,3119200,6400,100,3895,rep1,False,0,0,F:\Micro-C\micro-c数据\GSE272159_37C_rep1.mapq_30.10.cool,medium,800,True,MG1655:24,validation
WIN_medium_ff315b098c8d7fd2,MG1655,3116800,3123200,3120000,6400,100,3896,rep1,False,0,0,F:\Micro-C\micro-c数据\GSE272159_37C_rep1.mapq_30.10.cool,medium,800,True,MG1655:24,validation
WIN_medium_f79a9d5939fe26b5,MG1655,3117600,3124000,3120800,6400,100,3897,rep1,False,0,0,F:\Micro-C\micro-c数据\GSE272159_37C_rep1.mapq_30.10.cool,medium,800,True,MG1655:24,validation
WIN_medium_34901b82947adda5,MG1655,3118400,3124800,3121600,6400,100,3898,rep1,False,0,0,F:\Micro-C\micro-c数据\GSE272159_37C_rep1.mapq_30.10.cool,medium,800,True,MG1655:24,validation
WIN_medium_428cb06d33b087ae,MG1655,3119200,3125600,3122400,6400,100,3899,rep1,False,0,0,F:\Micro-C\micro-c数据\GSE272159_37C_rep1.mapq_30.10.cool,medium,800,True,MG1655:24,validation
WIN_medium_bce5521c61a0e8cb,MG1655,3120000,3126400,3123200,6400,100,3900,rep1,False,0,0,F:\Micro-C\micro-c数据\GSE272159_37C_rep1.mapq_30.10.cool,medium,800,True,MG1655:24,validation
WIN_medium_f332726b4c9af0ac,MG1655,3120800,3127200,3124000,6400,100,3901,rep1,False,0,0,F:\Micro-C\micro-c数据\GSE272159_37C_rep1.mapq_30.10.cool,medium,800,True,MG1655:24,validation
WIN_medium_6a7f95ff353a642e,MG1655,3121600,3128000,3124800,6400,100,3902,rep1,False,0,0,F:\Micro-C\micro-c数据\GSE272159_37C_rep1.mapq_30.10.cool,medium,800,True,MG1655:24,validation
WIN_medium_92fd99823e90a933,MG1655,3122400,3128800,3125600,6400,100,3903,rep1,False,0,0,F:\Micro-C\micro-c数据\GSE272159_37C_rep1.mapq_30.10.cool,medium,800,True,MG1655:24,validation
WIN_medium_ee4286f77d0cef70,MG1655,3123200,3129600,3126400,6400,100,3904,rep1,False,0,0,F:\Micro-C\micro-c数据\GSE272159_37C_rep1.mapq_30.10.cool,medium,800,True,MG1655:24,validation
WIN_medium_7847d88a0a214137,MG1655,3124000,3130400,3127200,6400,100,3905,rep1,True,1,1,F:\Micro-C\micro-c数据\GSE272159_37C_rep1.mapq_30.10.cool,medium,800,True,MG1655:24,validation
WIN_medium_4660b72fc8f4817c,MG1655,3124800,3131200,3128000,6400,100,3906,rep1,True,9,9,F:\Micro-C\micro-c数据\GSE272159_37C_rep1.mapq_30.10.cool,medium,800,True,MG1655:24,validation
WIN_medium_af4acda971b29af7,MG1655,3125600,3132000,3128800,6400,100,3907,rep1,True,9,9,F:\Micro-C\micro-c数据\GSE272159_37C_rep1.mapq_30.10.cool,medium,800,True,MG1655:24,validation
WIN_medium_6c9020b75345ddd2,MG1655,3126400,3132800,3129600,6400,100,3908,rep1,True,9,9,F:\Micro-C\micro-c数据\GSE272159_37C_rep1.mapq_30.10.cool,medium,800,True,MG1655:24,validation
WIN_medium_a481ff803263edea,MG1655,3127200,3133600,3130400,6400,100,3909,rep1,True,9,9,F:\Micro-C\micro-c数据\GSE272159_37C_rep1.mapq_30.10.cool,medium,800,True,MG1655:24,validation
WIN_medium_6b8813ab8013025e,MG1655,3128000,3134400,3131200,6400,100,3910,rep1,True,9,9,F:\Micro-C\micro-c数据\GSE272159_37C_rep1.mapq_30.10.cool,medium,800,True,MG1655:24,validation
WIN_medium_ae2a08f643bf9bbc,MG1655,3128800,3135200,3132000,6400,100,3911,rep1,True,9,9,F:\Micro-C\micro-c数据\GSE272159_37C_rep1.mapq_30.10.cool,medium,800,True,MG1655:24,validation
WIN_medium_3e036281d2222c13,MG1655,3129600,3136000,3132800,6400,100,3912,rep1,True,9,9,F:\Micro-C\micro-c数据\GSE272159_37C_rep1.mapq_30.10.cool,medium,800,True,MG1655:24,validation
WIN_medium_c778e51f6082c95b,MG1655,3130400,3136800,3133600,6400,100,3913,rep1,True,8,8,F:\Micro-C\micro-c数据\GSE272159_37C_rep1.mapq_30.10.cool,medium,800,True,MG1655:24,validation
WIN_medium_5a261691d30a9c05,MG1655,3131200,3137600,3134400,6400,100,3914,rep1,False,0,0,F:\Micro-C\micro-c数据\GSE272159_37C_rep1.mapq_30.10.cool,medium,800,True,MG1655:24,validation
WIN_medium_9a986e4660ec4dd4,MG1655,3132000,3138400,3135200,6400,100,3915,rep1,False,0,0,F:\Micro-C\micro-c数据\GSE272159_37C_rep1.mapq_30.10.cool,medium,800,True,MG1655:24,validation
WIN_medium_13ac69ec9afeeeb5,MG1655,3132800,3139200,3136000,6400,100,3916,rep1,False,0,0,F:\Micro-C\micro-c数据\GSE272159_37C_rep1.mapq_30.10.cool,medium,800,True,MG1655:24,validation
WIN_medium_4fa870601495fc66,MG1655,3133600,3140000,3136800,6400,100,3917,rep1,False,0,0,F:\Micro-C\micro-c数据\GSE272159_37C_rep1.mapq_30.10.cool,medium,800,True,MG1655:24,validation
WIN_medium_6891aaae42b09aa4,MG1655,3134400,3140800,3137600,6400,100,3918,rep1,False,0,0,F:\Micro-C\micro-c数据\GSE272159_37C_rep1.mapq_30.10.cool,medium,800,True,MG1655:24,validation
WIN_medium_2def998ef45d9dec,MG1655,3135200,3141600,3138400,6400,100,3919,rep1,False,0,0,F:\Micro-C\micro-c数据\GSE272159_37C_rep1.mapq_30.10.cool,medium,800,True,MG1655:24,validation
WIN_medium_28a15e0859c1ac3f,MG1655,3136000,3142400,3139200,6400,100,3920,rep1,False,0,0,F:\Micro-C\micro-c数据\GSE272159_37C_rep1.mapq_30.10.cool,medium,800,True,MG1655:24,validation
WIN_medium_d0b12fd7b1d7fb80,MG1655,3136800,3143200,3140000,6400,100,3921,rep1,False,0,0,F:\Micro-C\micro-c数据\GSE272159_37C_rep1.mapq_30.10.cool,medium,800,True,MG1655:24,validation
WIN_medium_931674c5830d999c,MG1655,3137600,3144000,3140800,6400,100,3922,rep1,False,0,0,F:\Micro-C\micro-c数据\GSE272159_37C_rep1.mapq_30.10.cool,medium,800,True,MG1655:24,validation
WIN_medium_6cdcf5c1ef666ee7,MG1655,3138400,3144800,3141600,6400,100,3923,rep1,False,0,0,F:\Micro-C\micro-c数据\GSE272159_37C_rep1.mapq_30.10.cool,medium,800,True,MG1655:24,validation
WIN_medium_14ee55dfede7640a,MG1655,3139200,3145600,3142400,6400,100,3924,rep1,False,0,0,F:\Micro-C\micro-c数据\GSE272159_37C_rep1.mapq_30.10.cool,medium,800,True,MG1655:24,validation
WIN_medium_0a196b6e8a3e04c7,MG1655,3140000,3146400,3143200,6400,100,3925,rep1,False,0,0,F:\Micro-C\micro-c数据\GSE272159_37C_rep1.mapq_30.10.cool,medium,800,True,MG1655:24,validation
WIN_medium_210896bf37f19aad,MG1655,3140800,3147200,3144000,6400,100,3926,rep1,False,0,0,F:\Micro-C\micro-c数据\GSE272159_37C_rep1.mapq_30.10.cool,medium,800,True,MG1655:24,validation
WIN_medium_c4cba9d7c4bfef18,MG1655,3141600,3148000,3144800,6400,100,3927,rep1,False,0,0,F:\Micro-C\micro-c数据\GSE272159_37C_rep1.mapq_30.10.cool,medium,800,True,MG1655:24,validation
WIN_medium_3127d1c79d8d02dd,MG1655,3142400,3148800,3145600,6400,100,3928,rep1,False,0,0,F:\Micro-C\micro-c数据\GSE272159_37C_rep1.mapq_30.10.cool,medium,800,True,MG1655:24,validation
WIN_medium_d8431838c3c62cd0,MG1655,3143200,3149600,3146400,6400,100,3929,rep1,False,0,0,F:\Micro-C\micro-c数据\GSE272159_37C_rep1.mapq_30.10.cool,medium,800,True,MG1655:24,validation
WIN_medium_407f101fdaf7b8a3,MG1655,3144000,3150400,3147200,6400,100,3930,rep1,False,0,0,F:\Micro-C\micro-c数据\GSE272159_37C_rep1.mapq_30.10.cool,medium,800,True,MG1655:24,validation
WIN_medium_ee0d0478640ea7f5,MG1655,3144800,3151200,3148000,6400,100,3931,rep1,False,0,0,F:\Micro-C\micro-c数据\GSE272159_37C_rep1.mapq_30.10.cool,medium,800,True,MG1655:24,validation
WIN_medium_ae8f49f76e24dd18,MG1655,3145600,3152000,3148800,6400,100,3932,rep1,False,0,0,F:\Micro-C\micro-c数据\GSE272159_37C_rep1.mapq_30.10.cool,medium,800,True,MG1655:24,validation
WIN_medium_4816ecb087ca207a,MG1655,3146400,3152800,3149600,6400,100,3933,rep1,False,0,0,F:\Micro-C\micro-c数据\GSE272159_37C_rep1.mapq_30.10.cool,medium,800,True,MG1655:24,validation
WIN_medium_f5ee174944949149,MG1655,3147200,3153600,3150400,6400,100,3934,rep1,False,0,0,F:\Micro-C\micro-c数据\GSE272159_37C_rep1.mapq_30.10.cool,medium,800,True,MG1655:24,validation
WIN_medium_f704d7e7dc5f4231,MG1655,3148000,3154400,3151200,6400,100,3935,rep1,False,0,0,F:\Micro-C\micro-c数据\GSE272159_37C_rep1.mapq_30.10.cool,medium,800,True,MG1655:24,validation
WIN_medium_580c1bc4d02555b5,MG1655,3148800,3155200,3152000,6400,100,3936,rep1,False,0,0,F:\Micro-C\micro-c数据\GSE272159_37C_rep1.mapq_30.10.cool,medium,800,True,MG1655:24,validation
WIN_medium_74fc29f088b63318,MG1655,3149600,3156000,3152800,6400,100,3937,rep1,False,0,0,F:\Micro-C\micro-c数据\GSE272159_37C_rep1.mapq_30.10.cool,medium,800,True,MG1655:24,validation
WIN_medium_d71fcc8378f665a9,MG1655,3150400,3156800,3153600,6400,100,3938,rep1,False,0,0,F:\Micro-C\micro-c数据\GSE272159_37C_rep1.mapq_30.10.cool,medium,800,True,MG1655:24,validation
WIN_medium_4db5c7f4f0212c66,MG1655,3151200,3157600,3154400,6400,100,3939,rep1,False,0,0,F:\Micro-C\micro-c数据\GSE272159_37C_rep1.mapq_30.10.cool,medium,800,True,MG1655:24,validation
WIN_medium_213216004cd9ac51,MG1655,3152000,3158400,3155200,6400,100,3940,rep1,False,0,0,F:\Micro-C\micro-c数据\GSE272159_37C_rep1.mapq_30.10.cool,medium,800,True,MG1655:24,validation
WIN_medium_1fae64edb3bc7b90,MG1655,3152800,3159200,3156000,6400,100,3941,rep1,False,0,0,F:\Micro-C\micro-c数据\GSE272159_37C_rep1.mapq_30.10.cool,medium,800,True,MG1655:24,validation
WIN_medium_fff2996efd717c52,MG1655,3153600,3160000,3156800,6400,100,3942,rep1,False,0,0,F:\Micro-C\micro-c数据\GSE272159_37C_rep1.mapq_30.10.cool,medium,800,True,MG1655:24,validation
WIN_medium_41e1bde8d1340af5,MG1655,3154400,3160800,3157600,6400,100,3943,rep1,False,0,0,F:\Micro-C\micro-c数据\GSE272159_37C_rep1.mapq_30.10.cool,medium,800,True,MG1655:24,validation
WIN_medium_22b15ec2e7085225,MG1655,3155200,3161600,3158400,6400,100,3944,rep1,False,0,0,F:\Micro-C\micro-c数据\GSE272159_37C_rep1.mapq_30.10.cool,medium,800,True,MG1655:24,validation
WIN_medium_5039dd97022919f2,MG1655,3156000,3162400,3159200,6400,100,3945,rep1,False,0,0,F:\Micro-C\micro-c数据\GSE272159_37C_rep1.mapq_30.10.cool,medium,800,True,MG1655:24,validation
WIN_medium_08b11d5995a622a2,MG1655,3156800,3163200,3160000,6400,100,3946,rep1,False,0,0,F:\Micro-C\micro-c数据\GSE272159_37C_rep1.mapq_30.10.cool,medium,800,True,MG1655:24,validation
WIN_medium_1b9b4ccc2a940a1b,MG1655,3157600,3164000,3160800,6400,100,3947,rep1,False,0,0,F:\Micro-C\micro-c数据\GSE272159_37C_rep1.mapq_30.10.cool,medium,800,True,MG1655:24,validation
WIN_medium_07d6fe9415d9ec75,MG1655,3158400,3164800,3161600,6400,100,3948,rep1,False,0,0,F:\Micro-C\micro-c数据\GSE272159_37C_rep1.mapq_30.10.cool,medium,800,True,MG1655:24,validation
WIN_medium_295cab6768795c38,MG1655,3159200,3165600,3162400,6400,100,3949,rep1,False,0,0,F:\Micro-C\micro-c数据\GSE272159_37C_rep1.mapq_30.10.cool,medium,800,True,MG1655:24,validation
WIN_medium_f52e45a1ad90f709,MG1655,3160000,3166400,3163200,6400,100,3950,rep1,False,0,0,F:\Micro-C\micro-c数据\GSE272159_37C_rep1.mapq_30.10.cool,medium,800,True,MG1655:24,validation
WIN_medium_d60c2b659958e77f,MG1655,3160800,3167200,3164000,6400,100,3951,rep1,False,0,0,F:\Micro-C\micro-c数据\GSE272159_37C_rep1.mapq_30.10.cool,medium,800,True,MG1655:24,validation
WIN_medium_982ce62de0826100,MG1655,3161600,3168000,3164800,6400,100,3952,rep1,False,0,0,F:\Micro-C\micro-c数据\GSE272159_37C_rep1.mapq_30.10.cool,medium,800,True,MG1655:24,validation
WIN_medium_60535a19d5719223,MG1655,3162400,3168800,3165600,6400,100,3953,rep1,False,0,0,F:\Micro-C\micro-c数据\GSE272159_37C_rep1.mapq_30.10.cool,medium,800,True,MG1655:24,validation
WIN_medium_2925a15bead4de45,MG1655,3163200,3169600,3166400,6400,100,3954,rep1,False,0,0,F:\Micro-C\micro-c数据\GSE272159_37C_rep1.mapq_30.10.cool,medium,800,True,MG1655:24,validation
WIN_medium_5d2c2870887625cb,MG1655,3164000,3170400,3167200,6400,100,3955,rep1,False,0,0,F:\Micro-C\micro-c数据\GSE272159_37C_rep1.mapq_30.10.cool,medium,800,True,MG1655:24,validation
WIN_medium_2555227752d123e6,MG1655,3164800,3171200,3168000,6400,100,3956,rep1,False,0,0,F:\Micro-C\micro-c数据\GSE272159_37C_rep1.mapq_30.10.cool,medium,800,True,MG1655:24,validation
WIN_medium_5d1ebbdb697d1716,MG1655,3165600,3172000,3168800,6400,100,3957,rep1,False,0,0,F:\Micro-C\micro-c数据\GSE272159_37C_rep1.mapq_30.10.cool,medium,800,True,MG1655:24,validation
WIN_medium_c795db8f452f4534,MG1655,3166400,3172800,3169600,6400,100,3958,rep1,False,0,0,F:\Micro-C\micro-c数据\GSE272159_37C_rep1.mapq_30.10.cool,medium,800,True,MG1655:24,validation
WIN_medium_73746f64012fb815,MG1655,3167200,3173600,3170400,6400,100,3959,rep1,False,0,0,F:\Micro-C\micro-c数据\GSE272159_37C_rep1.mapq_30.10.cool,medium,800,True,MG1655:24,validation
WIN_medium_0a359a8dbfe21fff,MG1655,3168000,3174400,3171200,6400,100,3960,rep1,False,0,0,F:\Micro-C\micro-c数据\GSE272159_37C_rep1.mapq_30.10.cool,medium,800,True,MG1655:24,validation
WIN_medium_a9c5a4b328d08225,MG1655,3168800,3175200,3172000,6400,100,3961,rep1,False,0,0,F:\Micro-C\micro-c数据\GSE272159_37C_rep1.mapq_30.10.cool,medium,800,True,MG1655:24,validation
WIN_medium_f110edf23ae1426b,MG1655,3169600,3176000,3172800,6400,100,3962,rep1,False,0,0,F:\Micro-C\micro-c数据\GSE272159_37C_rep1.mapq_30.10.cool,medium,800,True,MG1655:24,validation
WIN_medium_2939da301ba003d5,MG1655,3170400,3176800,3173600,6400,100,3963,rep1,False,0,0,F:\Micro-C\micro-c数据\GSE272159_37C_rep1.mapq_30.10.cool,medium,800,True,MG1655:24,validation
WIN_medium_55f6ccb10082d374,MG1655,3171200,3177600,3174400,6400,100,3964,rep1,False,0,0,F:\Micro-C\micro-c数据\GSE272159_37C_rep1.mapq_30.10.cool,medium,800,True,MG1655:24,validation
WIN_medium_1cbbbb8e84511be2,MG1655,3172000,3178400,3175200,6400,100,3965,rep1,False,0,0,F:\Micro-C\micro-c数据\GSE272159_37C_rep1.mapq_30.10.cool,medium,800,True,MG1655:24,validation
WIN_medium_eb9622ba63d6ec78,MG1655,3172800,3179200,3176000,6400,100,3966,rep1,False,0,0,F:\Micro-C\micro-c数据\GSE272159_37C_rep1.mapq_30.10.cool,medium,800,True,MG1655:24,validation
WIN_medium_69adb69b1aee9494,MG1655,3173600,3180000,3176800,6400,100,3967,rep1,False,0,0,F:\Micro-C\micro-c数据\GSE272159_37C_rep1.mapq_30.10.cool,medium,800,True,MG1655:24,validation
WIN_medium_4954ed050cce388d,MG1655,3174400,3180800,3177600,6400,100,3968,rep1,False,0,0,F:\Micro-C\micro-c数据\GSE272159_37C_rep1.mapq_30.10.cool,medium,800,True,MG1655:24,validation
WIN_medium_7c94235a76ce4d77,MG1655,3175200,3181600,3178400,6400,100,3969,rep1,False,0,0,F:\Micro-C\micro-c数据\GSE272159_37C_rep1.mapq_30.10.cool,medium,800,True,MG1655:24,validation
WIN_medium_248b8144c5cb1d9c,MG1655,3176000,3182400,3179200,6400,100,3970,rep1,False,0,0,F:\Micro-C\micro-c数据\GSE272159_37C_rep1.mapq_30.10.cool,medium,800,True,MG1655:24,validation
WIN_medium_af674cd046f7cf8d,MG1655,3176800,3183200,3180000,6400,100,3971,rep1,False,0,0,F:\Micro-C\micro-c数据\GSE272159_37C_rep1.mapq_30.10.cool,medium,800,True,MG1655:24,validation
WIN_medium_a84e021860230636,MG1655,3193600,3200000,3196800,6400,100,3992,rep1,False,0,0,F:\Micro-C\micro-c数据\GSE272159_37C_rep1.mapq_30.10.cool,medium,800,True,MG1655:24,validation
WIN_medium_6341e119a112a48e,MG1655,3207200,3213600,3210400,6400,100,4009,rep1,False,0,0,F:\Micro-C\micro-c数据\GSE272159_37C_rep1.mapq_30.10.cool,medium,800,True,MG1655:25,validation
WIN_medium_e24ece25dc67016c,MG1655,3208000,3214400,3211200,6400,100,4010,rep1,False,0,0,F:\Micro-C\micro-c数据\GSE272159_37C_rep1.mapq_30.10.cool,medium,800,True,MG1655:25,validation
WIN_medium_d164a549337f6f76,MG1655,3208800,3215200,3212000,6400,100,4011,rep1,False,0,0,F:\Micro-C\micro-c数据\GSE272159_37C_rep1.mapq_30.10.cool,medium,800,True,MG1655:25,validation
WIN_medium_9a05934d41f03863,MG1655,3209600,3216000,3212800,6400,100,4012,rep1,False,0,0,F:\Micro-C\micro-c数据\GSE272159_37C_rep1.mapq_30.10.cool,medium,800,True,MG1655:25,validation
WIN_medium_13cc4b0d2e9b1e45,MG1655,3210400,3216800,3213600,6400,100,4013,rep1,False,0,0,F:\Micro-C\micro-c数据\GSE272159_37C_rep1.mapq_30.10.cool,medium,800,True,MG1655:25,validation
WIN_medium_e0bf103b21a39ffa,MG1655,3211200,3217600,3214400,6400,100,4014,rep1,False,0,0,F:\Micro-C\micro-c数据\GSE272159_37C_rep1.mapq_30.10.cool,medium,800,True,MG1655:25,validation
WIN_medium_f5b95e7a829cdc4b,MG1655,3212000,3218400,3215200,6400,100,4015,rep1,False,0,0,F:\Micro-C\micro-c数据\GSE272159_37C_rep1.mapq_30.10.cool,medium,800,True,MG1655:25,validation
WIN_medium_b32a6d8fdb73c5d2,MG1655,3212800,3219200,3216000,6400,100,4016,rep1,False,0,0,F:\Micro-C\micro-c数据\GSE272159_37C_rep1.mapq_30.10.cool,medium,800,True,MG1655:25,validation
WIN_medium_6efa6e666a9ff8ba,MG1655,3213600,3220000,3216800,6400,100,4017,rep1,False,0,0,F:\Micro-C\micro-c数据\GSE272159_37C_rep1.mapq_30.10.cool,medium,800,True,MG1655:25,validation
WIN_medium_095109873cbe87c2,MG1655,3214400,3220800,3217600,6400,100,4018,rep1,False,0,0,F:\Micro-C\micro-c数据\GSE272159_37C_rep1.mapq_30.10.cool,medium,800,True,MG1655:25,validation
WIN_medium_23c770ae005cd82e,MG1655,3215200,3221600,3218400,6400,100,4019,rep1,False,0,0,F:\Micro-C\micro-c数据\GSE272159_37C_rep1.mapq_30.10.cool,medium,800,True,MG1655:25,validation
WIN_medium_d49d4986b6acd7fd,MG1655,3216000,3222400,3219200,6400,100,4020,rep1,False,0,0,F:\Micro-C\micro-c数据\GSE272159_37C_rep1.mapq_30.10.cool,medium,800,True,MG1655:25,validation
WIN_medium_fc26e9ecb2fe5663,MG1655,3216800,3223200,3220000,6400,100,4021,rep1,False,0,0,F:\Micro-C\micro-c数据\GSE272159_37C_rep1.mapq_30.10.cool,medium,800,True,MG1655:25,validation
WIN_medium_68b6ceea184567fc,MG1655,3217600,3224000,3220800,6400,100,4022,rep1,False,0,0,F:\Micro-C\micro-c数据\GSE272159_37C_rep1.mapq_30.10.cool,medium,800,True,MG1655:25,validation
WIN_medium_73954c9884332971,MG1655,3218400,3224800,3221600,6400,100,4023,rep1,False,0,0,F:\Micro-C\micro-c数据\GSE272159_37C_rep1.mapq_30.10.cool,medium,800,True,MG1655:25,validation
WIN_medium_0361cb230048350d,MG1655,3219200,3225600,3222400,6400,100,4024,rep1,False,0,0,F:\Micro-C\micro-c数据\GSE272159_37C_rep1.mapq_30.10.cool,medium,800,True,MG1655:25,validation
WIN_medium_60cbc2b85b1f1712,MG1655,3228800,3235200,3232000,6400,100,4036,rep1,False,0,0,F:\Micro-C\micro-c数据\GSE272159_37C_rep1.mapq_30.10.cool,medium,800,True,MG1655:25,validation
WIN_medium_1525b3c49e2f254a,MG1655,3229600,3236000,3232800,6400,100,4037,rep1,False,0,0,F:\Micro-C\micro-c数据\GSE272159_37C_rep1.mapq_30.10.cool,medium,800,True,MG1655:25,validation
WIN_medium_79db513e7094e571,MG1655,3230400,3236800,3233600,6400,100,4038,rep1,False,0,0,F:\Micro-C\micro-c数据\GSE272159_37C_rep1.mapq_30.10.cool,medium,800,True,MG1655:25,validation
WIN_medium_5ad90a9d6fc7e1ea,MG1655,3231200,3237600,3234400,6400,100,4039,rep1,False,0,0,F:\Micro-C\micro-c数据\GSE272159_37C_rep1.mapq_30.10.cool,medium,800,True,MG1655:25,validation
WIN_medium_9d1c91ae698e1ea0,MG1655,3232000,3238400,3235200,6400,100,4040,rep1,False,0,0,F:\Micro-C\micro-c数据\GSE272159_37C_rep1.mapq_30.10.cool,medium,800,True,MG1655:25,validation
WIN_medium_fbfc35593a1d2c4d,MG1655,3232800,3239200,3236000,6400,100,4041,rep1,False,0,0,F:\Micro-C\micro-c数据\GSE272159_37C_rep1.mapq_30.10.cool,medium,800,True,MG1655:25,validation
WIN_medium_38dedaafd1c565b4,MG1655,3233600,3240000,3236800,6400,100,4042,rep1,False,0,0,F:\Micro-C\micro-c数据\GSE272159_37C_rep1.mapq_30.10.cool,medium,800,True,MG1655:25,validation
WIN_medium_7b0f94f1956052bd,MG1655,3234400,3240800,3237600,6400,100,4043,rep1,False,0,0,F:\Micro-C\micro-c数据\GSE272159_37C_rep1.mapq_30.10.cool,medium,800,True,MG1655:25,validation
WIN_medium_f514643d378d6147,MG1655,3235200,3241600,3238400,6400,100,4044,rep1,False,0,0,F:\Micro-C\micro-c数据\GSE272159_37C_rep1.mapq_30.10.cool,medium,800,True,MG1655:25,validation
WIN_medium_f3f74e29c70c3d05,MG1655,3236000,3242400,3239200,6400,100,4045,rep1,False,0,0,F:\Micro-C\micro-c数据\GSE272159_37C_rep1.mapq_30.10.cool,medium,800,True,MG1655:25,validation
WIN_medium_a1af138b40f1c2fe,MG1655,3236800,3243200,3240000,6400,100,4046,rep1,False,0,0,F:\Micro-C\micro-c数据\GSE272159_37C_rep1.mapq_30.10.cool,medium,800,True,MG1655:25,validation
WIN_medium_f78b9455bd45bf95,MG1655,3237600,3244000,3240800,6400,100,4047,rep1,False,0,0,F:\Micro-C\micro-c数据\GSE272159_37C_rep1.mapq_30.10.cool,medium,800,True,MG1655:25,validation
WIN_medium_a10c59670fa24ead,MG1655,3238400,3244800,3241600,6400,100,4048,rep1,False,0,0,F:\Micro-C\micro-c数据\GSE272159_37C_rep1.mapq_30.10.cool,medium,800,True,MG1655:25,validation
WIN_medium_dbf74f58205a9408,MG1655,3239200,3245600,3242400,6400,100,4049,rep1,False,0,0,F:\Micro-C\micro-c数据\GSE272159_37C_rep1.mapq_30.10.cool,medium,800,True,MG1655:25,validation
WIN_medium_b590bead797c3604,MG1655,3240000,3246400,3243200,6400,100,4050,rep1,False,0,0,F:\Micro-C\micro-c数据\GSE272159_37C_rep1.mapq_30.10.cool,medium,800,True,MG1655:25,validation
WIN_medium_dcae664dc5e6f274,MG1655,3240800,3247200,3244000,6400,100,4051,rep1,False,0,0,F:\Micro-C\micro-c数据\GSE272159_37C_rep1.mapq_30.10.cool,medium,800,True,MG1655:25,validation
WIN_medium_e293cdee12b9e187,MG1655,3241600,3248000,3244800,6400,100,4052,rep1,False,0,0,F:\Micro-C\micro-c数据\GSE272159_37C_rep1.mapq_30.10.cool,medium,800,True,MG1655:25,validation
WIN_medium_49c7a259817ccbcc,MG1655,3242400,3248800,3245600,6400,100,4053,rep1,False,0,0,F:\Micro-C\micro-c数据\GSE272159_37C_rep1.mapq_30.10.cool,medium,800,True,MG1655:25,validation
WIN_medium_950a89d58641474a,MG1655,3243200,3249600,3246400,6400,100,4054,rep1,False,0,0,F:\Micro-C\micro-c数据\GSE272159_37C_rep1.mapq_30.10.cool,medium,800,True,MG1655:25,validation
WIN_medium_dd876e0053475303,MG1655,3244000,3250400,3247200,6400,100,4055,rep1,False,0,0,F:\Micro-C\micro-c数据\GSE272159_37C_rep1.mapq_30.10.cool,medium,800,True,MG1655:25,validation
WIN_medium_c8e0f9cc1f623321,MG1655,3244800,3251200,3248000,6400,100,4056,rep1,False,0,0,F:\Micro-C\micro-c数据\GSE272159_37C_rep1.mapq_30.10.cool,medium,800,True,MG1655:25,validation
WIN_medium_a6a8e85c361959cb,MG1655,3245600,3252000,3248800,6400,100,4057,rep1,False,0,0,F:\Micro-C\micro-c数据\GSE272159_37C_rep1.mapq_30.10.cool,medium,800,True,MG1655:25,validation
WIN_medium_4dbf7291d57784fe,MG1655,3246400,3252800,3249600,6400,100,4058,rep1,False,0,0,F:\Micro-C\micro-c数据\GSE272159_37C_rep1.mapq_30.10.cool,medium,800,True,MG1655:25,validation
WIN_medium_110534d50577192c,MG1655,3247200,3253600,3250400,6400,100,4059,rep1,False,0,0,F:\Micro-C\micro-c数据\GSE272159_37C_rep1.mapq_30.10.cool,medium,800,True,MG1655:25,validation
WIN_medium_338150aa42951d6c,MG1655,3248000,3254400,3251200,6400,100,4060,rep1,False,0,0,F:\Micro-C\micro-c数据\GSE272159_37C_rep1.mapq_30.10.cool,medium,800,True,MG1655:25,validation
WIN_medium_8017e9ccc73f2880,MG1655,3248800,3255200,3252000,6400,100,4061,rep1,False,0,0,F:\Micro-C\micro-c数据\GSE272159_37C_rep1.mapq_30.10.cool,medium,800,True,MG1655:25,validation
WIN_medium_1231891e1e36d9ae,MG1655,3249600,3256000,3252800,6400,100,4062,rep1,False,0,0,F:\Micro-C\micro-c数据\GSE272159_37C_rep1.mapq_30.10.cool,medium,800,True,MG1655:25,validation
WIN_medium_b15b78a314db63ab,MG1655,3250400,3256800,3253600,6400,100,4063,rep1,False,0,0,F:\Micro-C\micro-c数据\GSE272159_37C_rep1.mapq_30.10.cool,medium,800,True,MG1655:25,validation
WIN_medium_62de0846c22daa5c,MG1655,3251200,3257600,3254400,6400,100,4064,rep1,False,0,0,F:\Micro-C\micro-c数据\GSE272159_37C_rep1.mapq_30.10.cool,medium,800,True,MG1655:25,validation
WIN_medium_1ceb3b796275c0fa,MG1655,3252000,3258400,3255200,6400,100,4065,rep1,False,0,0,F:\Micro-C\micro-c数据\GSE272159_37C_rep1.mapq_30.10.cool,medium,800,True,MG1655:25,validation
WIN_medium_a834cd73aa73e6ba,MG1655,3252800,3259200,3256000,6400,100,4066,rep1,False,0,0,F:\Micro-C\micro-c数据\GSE272159_37C_rep1.mapq_30.10.cool,medium,800,True,MG1655:25,validation
WIN_medium_d06051e38b3a21fd,MG1655,3253600,3260000,3256800,6400,100,4067,rep1,False,0,0,F:\Micro-C\micro-c数据\GSE272159_37C_rep1.mapq_30.10.cool,medium,800,True,MG1655:25,validation
WIN_medium_e3051009790258da,MG1655,3254400,3260800,3257600,6400,100,4068,rep1,False,0,0,F:\Micro-C\micro-c数据\GSE272159_37C_rep1.mapq_30.10.cool,medium,800,True,MG1655:25,validation
WIN_medium_d1244909bc854adc,MG1655,3255200,3261600,3258400,6400,100,4069,rep1,False,0,0,F:\Micro-C\micro-c数据\GSE272159_37C_rep1.mapq_30.10.cool,medium,800,True,MG1655:25,validation
WIN_medium_fb294edb9cc04c48,MG1655,3279200,3285600,3282400,6400,100,4099,rep1,False,0,0,F:\Micro-C\micro-c数据\GSE272159_37C_rep1.mapq_30.10.cool,medium,800,True,MG1655:25,validation
WIN_medium_6d7c9b4e5aa1beb5,MG1655,3280000,3286400,3283200,6400,100,4100,rep1,False,0,0,F:\Micro-C\micro-c数据\GSE272159_37C_rep1.mapq_30.10.cool,medium,800,True,MG1655:25,validation
WIN_medium_9958c4fda96012d8,MG1655,3289600,3296000,3292800,6400,100,4112,rep1,False,0,0,F:\Micro-C\micro-c数据\GSE272159_37C_rep1.mapq_30.10.cool,medium,800,True,MG1655:25,validation
WIN_medium_b05adc6d317dcd4b,MG1655,3290400,3296800,3293600,6400,100,4113,rep1,False,0,0,F:\Micro-C\micro-c数据\GSE272159_37C_rep1.mapq_30.10.cool,medium,800,True,MG1655:25,validation
WIN_medium_c9c859b554c051b0,MG1655,3291200,3297600,3294400,6400,100,4114,rep1,False,0,0,F:\Micro-C\micro-c数据\GSE272159_37C_rep1.mapq_30.10.cool,medium,800,True,MG1655:25,validation
WIN_medium_6653b6ccf0bb405e,MG1655,3292000,3298400,3295200,6400,100,4115,rep1,False,0,0,F:\Micro-C\micro-c数据\GSE272159_37C_rep1.mapq_30.10.cool,medium,800,True,MG1655:25,validation
WIN_medium_75f0a3569bbbc03b,MG1655,3292800,3299200,3296000,6400,100,4116,rep1,False,0,0,F:\Micro-C\micro-c数据\GSE272159_37C_rep1.mapq_30.10.cool,medium,800,True,MG1655:25,validation
WIN_medium_224008747fca4d95,MG1655,3293600,3300000,3296800,6400,100,4117,rep1,False,0,0,F:\Micro-C\micro-c数据\GSE272159_37C_rep1.mapq_30.10.cool,medium,800,True,MG1655:25,validation
WIN_medium_6c230ecd4902f7f9,MG1655,3294400,3300800,3297600,6400,100,4118,rep1,False,0,0,F:\Micro-C\micro-c数据\GSE272159_37C_rep1.mapq_30.10.cool,medium,800,True,MG1655:25,validation
WIN_medium_ba4ccb123f896e7e,MG1655,3295200,3301600,3298400,6400,100,4119,rep1,False,0,0,F:\Micro-C\micro-c数据\GSE272159_37C_rep1.mapq_30.10.cool,medium,800,True,MG1655:25,validation
WIN_medium_f16515a9d5585e65,MG1655,3296000,3302400,3299200,6400,100,4120,rep1,False,0,0,F:\Micro-C\micro-c数据\GSE272159_37C_rep1.mapq_30.10.cool,medium,800,True,MG1655:25,validation
WIN_medium_4a64702995e8342c,MG1655,3296800,3303200,3300000,6400,100,4121,rep1,False,0,0,F:\Micro-C\micro-c数据\GSE272159_37C_rep1.mapq_30.10.cool,medium,800,True,MG1655:25,validation
WIN_medium_fd7d1459745dc388,MG1655,3297600,3304000,3300800,6400,100,4122,rep1,False,0,0,F:\Micro-C\micro-c数据\GSE272159_37C_rep1.mapq_30.10.cool,medium,800,True,MG1655:25,validation
WIN_medium_74b75f6557806189,MG1655,3298400,3304800,3301600,6400,100,4123,rep1,False,0,0,F:\Micro-C\micro-c数据\GSE272159_37C_rep1.mapq_30.10.cool,medium,800,True,MG1655:25,validation
WIN_medium_594c4b7e9927c67b,MG1655,3299200,3305600,3302400,6400,100,4124,rep1,False,0,0,F:\Micro-C\micro-c数据\GSE272159_37C_rep1.mapq_30.10.cool,medium,800,True,MG1655:25,validation
WIN_medium_6d2e471989d38fe2,MG1655,3300000,3306400,3303200,6400,100,4125,rep1,False,0,0,F:\Micro-C\micro-c数据\GSE272159_37C_rep1.mapq_30.10.cool,medium,800,True,MG1655:25,validation
WIN_medium_53c1ab284133c81f,MG1655,3300800,3307200,3304000,6400,100,4126,rep1,False,0,0,F:\Micro-C\micro-c数据\GSE272159_37C_rep1.mapq_30.10.cool,medium,800,True,MG1655:25,validation
WIN_medium_78cc3104f8ca25ff,MG1655,3301600,3308000,3304800,6400,100,4127,rep1,False,0,0,F:\Micro-C\micro-c数据\GSE272159_37C_rep1.mapq_30.10.cool,medium,800,True,MG1655:25,validation
WIN_medium_70a017f1bb35c60e,MG1655,3302400,3308800,3305600,6400,100,4128,rep1,False,0,0,F:\Micro-C\micro-c数据\GSE272159_37C_rep1.mapq_30.10.cool,medium,800,True,MG1655:25,validation
WIN_medium_03e53ddf67c851d3,MG1655,3303200,3309600,3306400,6400,100,4129,rep1,False,0,0,F:\Micro-C\micro-c数据\GSE272159_37C_rep1.mapq_30.10.cool,medium,800,True,MG1655:25,validation
WIN_medium_1ca09ee41d499af7,MG1655,3304000,3310400,3307200,6400,100,4130,rep1,False,0,0,F:\Micro-C\micro-c数据\GSE272159_37C_rep1.mapq_30.10.cool,medium,800,True,MG1655:25,validation
WIN_medium_bd8909a27b2b9ff4,MG1655,3304800,3311200,3308000,6400,100,4131,rep1,False,0,0,F:\Micro-C\micro-c数据\GSE272159_37C_rep1.mapq_30.10.cool,medium,800,True,MG1655:25,validation
WIN_medium_157852a63ce66547,MG1655,3305600,3312000,3308800,6400,100,4132,rep1,False,0,0,F:\Micro-C\micro-c数据\GSE272159_37C_rep1.mapq_30.10.cool,medium,800,True,MG1655:25,validation
WIN_medium_7bc763d97ec8553c,MG1655,3306400,3312800,3309600,6400,100,4133,rep1,False,0,0,F:\Micro-C\micro-c数据\GSE272159_37C_rep1.mapq_30.10.cool,medium,800,True,MG1655:25,validation
WIN_medium_c5adeba78ba6bb6d,MG1655,3307200,3313600,3310400,6400,100,4134,rep1,False,0,0,F:\Micro-C\micro-c数据\GSE272159_37C_rep1.mapq_30.10.cool,medium,800,True,MG1655:25,validation
WIN_medium_a4654038780b2c1e,MG1655,3308000,3314400,3311200,6400,100,4135,rep1,False,0,0,F:\Micro-C\micro-c数据\GSE272159_37C_rep1.mapq_30.10.cool,medium,800,True,MG1655:25,validation
WIN_medium_facecff8cd9b4da2,MG1655,3308800,3315200,3312000,6400,100,4136,rep1,False,0,0,F:\Micro-C\micro-c数据\GSE272159_37C_rep1.mapq_30.10.cool,medium,800,True,MG1655:25,validation
WIN_medium_6ae343cc9df0b395,MG1655,3309600,3316000,3312800,6400,100,4137,rep1,False,0,0,F:\Micro-C\micro-c数据\GSE272159_37C_rep1.mapq_30.10.cool,medium,800,True,MG1655:25,validation
WIN_medium_bd0c67f3d2cd6b8a,MG1655,3310400,3316800,3313600,6400,100,4138,rep1,False,0,0,F:\Micro-C\micro-c数据\GSE272159_37C_rep1.mapq_30.10.cool,medium,800,True,MG1655:25,validation
WIN_medium_a2e4dbbabc3b48b5,MG1655,3311200,3317600,3314400,6400,100,4139,rep1,False,0,0,F:\Micro-C\micro-c数据\GSE272159_37C_rep1.mapq_30.10.cool,medium,800,True,MG1655:25,validation
WIN_medium_f3e0b663a589af87,MG1655,3312000,3318400,3315200,6400,100,4140,rep1,False,0,0,F:\Micro-C\micro-c数据\GSE272159_37C_rep1.mapq_30.10.cool,medium,800,True,MG1655:25,validation
WIN_medium_b0c1d98586c25f59,MG1655,3312800,3319200,3316000,6400,100,4141,rep1,False,0,0,F:\Micro-C\micro-c数据\GSE272159_37C_rep1.mapq_30.10.cool,medium,800,True,MG1655:25,validation
WIN_medium_8143a0d35a2eb699,MG1655,3313600,3320000,3316800,6400,100,4142,rep1,False,0,0,F:\Micro-C\micro-c数据\GSE272159_37C_rep1.mapq_30.10.cool,medium,800,True,MG1655:25,validation
WIN_medium_e19ae8d7fd1cb913,MG1655,3331200,3337600,3334400,6400,100,4164,rep1,False,0,0,F:\Micro-C\micro-c数据\GSE272159_37C_rep1.mapq_30.10.cool,medium,800,True,MG1655:26,calibration
WIN_medium_2e35b7466ddc738c,MG1655,3332000,3338400,3335200,6400,100,4165,rep1,False,0,0,F:\Micro-C\micro-c数据\GSE272159_37C_rep1.mapq_30.10.cool,medium,800,True,MG1655:26,calibration
WIN_medium_766966a107766c93,MG1655,3332800,3339200,3336000,6400,100,4166,rep1,False,0,0,F:\Micro-C\micro-c数据\GSE272159_37C_rep1.mapq_30.10.cool,medium,800,True,MG1655:26,calibration
WIN_medium_545a49dea54a3803,MG1655,3333600,3340000,3336800,6400,100,4167,rep1,False,0,0,F:\Micro-C\micro-c数据\GSE272159_37C_rep1.mapq_30.10.cool,medium,800,True,MG1655:26,calibration
WIN_medium_e6a4c5092f22a409,MG1655,3334400,3340800,3337600,6400,100,4168,rep1,False,0,0,F:\Micro-C\micro-c数据\GSE272159_37C_rep1.mapq_30.10.cool,medium,800,True,MG1655:26,calibration
WIN_medium_c61adc8011be8407,MG1655,3335200,3341600,3338400,6400,100,4169,rep1,False,0,0,F:\Micro-C\micro-c数据\GSE272159_37C_rep1.mapq_30.10.cool,medium,800,True,MG1655:26,calibration
WIN_medium_4fb977ff4ab589bf,MG1655,3336000,3342400,3339200,6400,100,4170,rep1,False,0,0,F:\Micro-C\micro-c数据\GSE272159_37C_rep1.mapq_30.10.cool,medium,800,True,MG1655:26,calibration
WIN_medium_474430a02a84b86e,MG1655,3336800,3343200,3340000,6400,100,4171,rep1,False,0,0,F:\Micro-C\micro-c数据\GSE272159_37C_rep1.mapq_30.10.cool,medium,800,True,MG1655:26,calibration
WIN_medium_673a61499fe45290,MG1655,3337600,3344000,3340800,6400,100,4172,rep1,False,0,0,F:\Micro-C\micro-c数据\GSE272159_37C_rep1.mapq_30.10.cool,medium,800,True,MG1655:26,calibration
WIN_medium_ee522d1085862036,MG1655,3338400,3344800,3341600,6400,100,4173,rep1,False,0,0,F:\Micro-C\micro-c数据\GSE272159_37C_rep1.mapq_30.10.cool,medium,800,True,MG1655:26,calibration
WIN_medium_c89e2a497b56687f,MG1655,3339200,3345600,3342400,6400,100,4174,rep1,False,0,0,F:\Micro-C\micro-c数据\GSE272159_37C_rep1.mapq_30.10.cool,medium,800,True,MG1655:26,calibration
WIN_medium_57458c011738f834,MG1655,3340000,3346400,3343200,6400,100,4175,rep1,False,0,0,F:\Micro-C\micro-c数据\GSE272159_37C_rep1.mapq_30.10.cool,medium,800,True,MG1655:26,calibration
WIN_medium_fc9641e202886da0,MG1655,3340800,3347200,3344000,6400,100,4176,rep1,False,0,0,F:\Micro-C\micro-c数据\GSE272159_37C_rep1.mapq_30.10.cool,medium,800,True,MG1655:26,calibration
WIN_medium_028356dfbada0f02,MG1655,3341600,3348000,3344800,6400,100,4177,rep1,False,0,0,F:\Micro-C\micro-c数据\GSE272159_37C_rep1.mapq_30.10.cool,medium,800,True,MG1655:26,calibration
WIN_medium_e11467cc68324b98,MG1655,3342400,3348800,3345600,6400,100,4178,rep1,False,0,0,F:\Micro-C\micro-c数据\GSE272159_37C_rep1.mapq_30.10.cool,medium,800,True,MG1655:26,calibration
WIN_medium_4866bab1c973fbb5,MG1655,3343200,3349600,3346400,6400,100,4179,rep1,False,0,0,F:\Micro-C\micro-c数据\GSE272159_37C_rep1.mapq_30.10.cool,medium,800,True,MG1655:26,calibration
WIN_medium_4ba4bed9ebd65af1,MG1655,3344000,3350400,3347200,6400,100,4180,rep1,False,0,0,F:\Micro-C\micro-c数据\GSE272159_37C_rep1.mapq_30.10.cool,medium,800,True,MG1655:26,calibration
WIN_medium_ab2bd08675e49846,MG1655,3344800,3351200,3348000,6400,100,4181,rep1,False,0,0,F:\Micro-C\micro-c数据\GSE272159_37C_rep1.mapq_30.10.cool,medium,800,True,MG1655:26,calibration
WIN_medium_7a7e2500d2d731a8,MG1655,3345600,3352000,3348800,6400,100,4182,rep1,False,0,0,F:\Micro-C\micro-c数据\GSE272159_37C_rep1.mapq_30.10.cool,medium,800,True,MG1655:26,calibration
WIN_medium_586d3b8a28031949,MG1655,3346400,3352800,3349600,6400,100,4183,rep1,False,0,0,F:\Micro-C\micro-c数据\GSE272159_37C_rep1.mapq_30.10.cool,medium,800,True,MG1655:26,calibration
WIN_medium_44e30e9a5312ec46,MG1655,3347200,3353600,3350400,6400,100,4184,rep1,False,0,0,F:\Micro-C\micro-c数据\GSE272159_37C_rep1.mapq_30.10.cool,medium,800,True,MG1655:26,calibration
WIN_medium_9b40d3c21250eac0,MG1655,3348000,3354400,3351200,6400,100,4185,rep1,False,0,0,F:\Micro-C\micro-c数据\GSE272159_37C_rep1.mapq_30.10.cool,medium,800,True,MG1655:26,calibration
WIN_medium_f21a545d21ec35ac,MG1655,3348800,3355200,3352000,6400,100,4186,rep1,False,0,0,F:\Micro-C\micro-c数据\GSE272159_37C_rep1.mapq_30.10.cool,medium,800,True,MG1655:26,calibration
WIN_medium_c2f5ca3b05229d2a,MG1655,3349600,3356000,3352800,6400,100,4187,rep1,False,0,0,F:\Micro-C\micro-c数据\GSE272159_37C_rep1.mapq_30.10.cool,medium,800,True,MG1655:26,calibration
WIN_medium_e3649e829b179f16,MG1655,3350400,3356800,3353600,6400,100,4188,rep1,False,0,0,F:\Micro-C\micro-c数据\GSE272159_37C_rep1.mapq_30.10.cool,medium,800,True,MG1655:26,calibration
WIN_medium_b82d4f689903c2f4,MG1655,3351200,3357600,3354400,6400,100,4189,rep1,False,0,0,F:\Micro-C\micro-c数据\GSE272159_37C_rep1.mapq_30.10.cool,medium,800,True,MG1655:26,calibration
WIN_medium_cfec489a93184878,MG1655,3352000,3358400,3355200,6400,100,4190,rep1,False,0,0,F:\Micro-C\micro-c数据\GSE272159_37C_rep1.mapq_30.10.cool,medium,800,True,MG1655:26,calibration
WIN_medium_9dd9f03da21b69f1,MG1655,3352800,3359200,3356000,6400,100,4191,rep1,False,0,0,F:\Micro-C\micro-c数据\GSE272159_37C_rep1.mapq_30.10.cool,medium,800,True,MG1655:26,calibration
WIN_medium_240562b991a5d8e3,MG1655,3353600,3360000,3356800,6400,100,4192,rep1,False,0,0,F:\Micro-C\micro-c数据\GSE272159_37C_rep1.mapq_30.10.cool,medium,800,True,MG1655:26,calibration
WIN_medium_b84f15d56e4a3867,MG1655,3363200,3369600,3366400,6400,100,4204,rep1,True,9,9,F:\Micro-C\micro-c数据\GSE272159_37C_rep1.mapq_30.10.cool,medium,800,True,MG1655:26,calibration
WIN_medium_7dfbc3d851f78a42,MG1655,3364000,3370400,3367200,6400,100,4205,rep1,True,9,9,F:\Micro-C\micro-c数据\GSE272159_37C_rep1.mapq_30.10.cool,medium,800,True,MG1655:26,calibration
WIN_medium_bd505f1d3f1d170d,MG1655,3364800,3371200,3368000,6400,100,4206,rep1,True,9,9,F:\Micro-C\micro-c数据\GSE272159_37C_rep1.mapq_30.10.cool,medium,800,True,MG1655:26,calibration
WIN_medium_c216f066fc241be1,MG1655,3365600,3372000,3368800,6400,100,4207,rep1,True,9,9,F:\Micro-C\micro-c数据\GSE272159_37C_rep1.mapq_30.10.cool,medium,800,True,MG1655:26,calibration
WIN_medium_b0672078ef454152,MG1655,3366400,3372800,3369600,6400,100,4208,rep1,True,2,2,F:\Micro-C\micro-c数据\GSE272159_37C_rep1.mapq_30.10.cool,medium,800,True,MG1655:26,calibration
WIN_medium_70dc8c85b0ffd9c7,MG1655,3367200,3373600,3370400,6400,100,4209,rep1,False,0,0,F:\Micro-C\micro-c数据\GSE272159_37C_rep1.mapq_30.10.cool,medium,800,True,MG1655:26,calibration
WIN_medium_e1fc4f4039df1e69,MG1655,3368000,3374400,3371200,6400,100,4210,rep1,False,0,0,F:\Micro-C\micro-c数据\GSE272159_37C_rep1.mapq_30.10.cool,medium,800,True,MG1655:26,calibration
WIN_medium_0aa0652a1215eadb,MG1655,3368800,3375200,3372000,6400,100,4211,rep1,False,0,0,F:\Micro-C\micro-c数据\GSE272159_37C_rep1.mapq_30.10.cool,medium,800,True,MG1655:26,calibration
WIN_medium_d4667386a2609c25,MG1655,3385600,3392000,3388800,6400,100,4232,rep1,False,0,0,F:\Micro-C\micro-c数据\GSE272159_37C_rep1.mapq_30.10.cool,medium,800,True,MG1655:26,calibration
WIN_medium_a89f58061d6638ff,MG1655,3386400,3392800,3389600,6400,100,4233,rep1,False,0,0,F:\Micro-C\micro-c数据\GSE272159_37C_rep1.mapq_30.10.cool,medium,800,True,MG1655:26,calibration
WIN_medium_355f5432525dd92d,MG1655,3387200,3393600,3390400,6400,100,4234,rep1,False,0,0,F:\Micro-C\micro-c数据\GSE272159_37C_rep1.mapq_30.10.cool,medium,800,True,MG1655:26,calibration
WIN_medium_1b4d56ff10f23bb4,MG1655,3388000,3394400,3391200,6400,100,4235,rep1,False,0,0,F:\Micro-C\micro-c数据\GSE272159_37C_rep1.mapq_30.10.cool,medium,800,True,MG1655:26,calibration
WIN_medium_d804c68abd4c9bd7,MG1655,3388800,3395200,3392000,6400,100,4236,rep1,False,0,0,F:\Micro-C\micro-c数据\GSE272159_37C_rep1.mapq_30.10.cool,medium,800,True,MG1655:26,calibration
WIN_medium_59c8fa3554d23f27,MG1655,3389600,3396000,3392800,6400,100,4237,rep1,False,0,0,F:\Micro-C\micro-c数据\GSE272159_37C_rep1.mapq_30.10.cool,medium,800,True,MG1655:26,calibration
WIN_medium_3ddd7da3f7f5f395,MG1655,3390400,3396800,3393600,6400,100,4238,rep1,False,0,0,F:\Micro-C\micro-c数据\GSE272159_37C_rep1.mapq_30.10.cool,medium,800,True,MG1655:26,calibration
WIN_medium_6b688c21c5d3c192,MG1655,3391200,3397600,3394400,6400,100,4239,rep1,False,0,0,F:\Micro-C\micro-c数据\GSE272159_37C_rep1.mapq_30.10.cool,medium,800,True,MG1655:26,calibration
WIN_medium_4ec95a9a77f6b514,MG1655,3392000,3398400,3395200,6400,100,4240,rep1,False,0,0,F:\Micro-C\micro-c数据\GSE272159_37C_rep1.mapq_30.10.cool,medium,800,True,MG1655:26,calibration
WIN_medium_3604f709c8163405,MG1655,3392800,3399200,3396000,6400,100,4241,rep1,False,0,0,F:\Micro-C\micro-c数据\GSE272159_37C_rep1.mapq_30.10.cool,medium,800,True,MG1655:26,calibration
WIN_medium_b96e4aea61e9aa49,MG1655,3393600,3400000,3396800,6400,100,4242,rep1,False,0,0,F:\Micro-C\micro-c数据\GSE272159_37C_rep1.mapq_30.10.cool,medium,800,True,MG1655:26,calibration
WIN_medium_f066b6c2d3d79646,MG1655,3394400,3400800,3397600,6400,100,4243,rep1,False,0,0,F:\Micro-C\micro-c数据\GSE272159_37C_rep1.mapq_30.10.cool,medium,800,True,MG1655:26,calibration
WIN_medium_112651673cee18d8,MG1655,3395200,3401600,3398400,6400,100,4244,rep1,False,0,0,F:\Micro-C\micro-c数据\GSE272159_37C_rep1.mapq_30.10.cool,medium,800,True,MG1655:26,calibration
WIN_medium_a2002fab7ad0b632,MG1655,3396000,3402400,3399200,6400,100,4245,rep1,False,0,0,F:\Micro-C\micro-c数据\GSE272159_37C_rep1.mapq_30.10.cool,medium,800,True,MG1655:26,calibration
WIN_medium_32591b82bd49c2a6,MG1655,3396800,3403200,3400000,6400,100,4246,rep1,False,0,0,F:\Micro-C\micro-c数据\GSE272159_37C_rep1.mapq_30.10.cool,medium,800,True,MG1655:26,calibration
WIN_medium_9dc695e9ad54bb24,MG1655,3397600,3404000,3400800,6400,100,4247,rep1,False,0,0,F:\Micro-C\micro-c数据\GSE272159_37C_rep1.mapq_30.10.cool,medium,800,True,MG1655:26,calibration
WIN_medium_d21c480f0d14c1b8,MG1655,3398400,3404800,3401600,6400,100,4248,rep1,False,0,0,F:\Micro-C\micro-c数据\GSE272159_37C_rep1.mapq_30.10.cool,medium,800,True,MG1655:26,calibration
WIN_medium_07b2045d81972994,MG1655,3399200,3405600,3402400,6400,100,4249,rep1,False,0,0,F:\Micro-C\micro-c数据\GSE272159_37C_rep1.mapq_30.10.cool,medium,800,True,MG1655:26,calibration
WIN_medium_26dd1d666d3b6e45,MG1655,3400000,3406400,3403200,6400,100,4250,rep1,False,0,0,F:\Micro-C\micro-c数据\GSE272159_37C_rep1.mapq_30.10.cool,medium,800,True,MG1655:26,calibration
WIN_medium_c604d72da9752b93,MG1655,3400800,3407200,3404000,6400,100,4251,rep1,False,0,0,F:\Micro-C\micro-c数据\GSE272159_37C_rep1.mapq_30.10.cool,medium,800,True,MG1655:26,calibration
WIN_medium_2979538364679748,MG1655,3401600,3408000,3404800,6400,100,4252,rep1,False,0,0,F:\Micro-C\micro-c数据\GSE272159_37C_rep1.mapq_30.10.cool,medium,800,True,MG1655:26,calibration
WIN_medium_bf3a176ed7d20df6,MG1655,3402400,3408800,3405600,6400,100,4253,rep1,False,0,0,F:\Micro-C\micro-c数据\GSE272159_37C_rep1.mapq_30.10.cool,medium,800,True,MG1655:26,calibration
WIN_medium_09bc2b6fd0249431,MG1655,3403200,3409600,3406400,6400,100,4254,rep1,False,0,0,F:\Micro-C\micro-c数据\GSE272159_37C_rep1.mapq_30.10.cool,medium,800,True,MG1655:26,calibration
WIN_medium_804c1c846add0508,MG1655,3404000,3410400,3407200,6400,100,4255,rep1,False,0,0,F:\Micro-C\micro-c数据\GSE272159_37C_rep1.mapq_30.10.cool,medium,800,True,MG1655:26,calibration
WIN_medium_e4da26b7ce6272ed,MG1655,3404800,3411200,3408000,6400,100,4256,rep1,False,0,0,F:\Micro-C\micro-c数据\GSE272159_37C_rep1.mapq_30.10.cool,medium,800,True,MG1655:26,calibration
WIN_medium_05e1ce0612c84208,MG1655,3405600,3412000,3408800,6400,100,4257,rep1,False,0,0,F:\Micro-C\micro-c数据\GSE272159_37C_rep1.mapq_30.10.cool,medium,800,True,MG1655:26,calibration
WIN_medium_bc19bbf32489142c,MG1655,3414400,3420800,3417600,6400,100,4268,rep1,False,0,0,F:\Micro-C\micro-c数据\GSE272159_37C_rep1.mapq_30.10.cool,medium,800,True,MG1655:26,calibration
WIN_medium_1016d12beae71d06,MG1655,3415200,3421600,3418400,6400,100,4269,rep1,False,0,0,F:\Micro-C\micro-c数据\GSE272159_37C_rep1.mapq_30.10.cool,medium,800,True,MG1655:26,calibration
WIN_medium_fff85ce05ae69899,MG1655,3416000,3422400,3419200,6400,100,4270,rep1,False,0,0,F:\Micro-C\micro-c数据\GSE272159_37C_rep1.mapq_30.10.cool,medium,800,True,MG1655:26,calibration
WIN_medium_4e80305137591492,MG1655,3416800,3423200,3420000,6400,100,4271,rep1,False,0,0,F:\Micro-C\micro-c数据\GSE272159_37C_rep1.mapq_30.10.cool,medium,800,True,MG1655:26,calibration
WIN_medium_d8110dada64beb91,MG1655,3417600,3424000,3420800,6400,100,4272,rep1,True,2,2,F:\Micro-C\micro-c数据\GSE272159_37C_rep1.mapq_30.10.cool,medium,800,True,MG1655:26,calibration
WIN_medium_a3a11e2238fb6435,MG1655,3418400,3424800,3421600,6400,100,4273,rep1,True,9,9,F:\Micro-C\micro-c数据\GSE272159_37C_rep1.mapq_30.10.cool,medium,800,True,MG1655:26,calibration
WIN_medium_bee229765e3a0543,MG1655,3419200,3425600,3422400,6400,100,4274,rep1,True,17,17,F:\Micro-C\micro-c数据\GSE272159_37C_rep1.mapq_30.10.cool,medium,800,True,MG1655:26,calibration
WIN_medium_5b7eef0ec7ebab1b,MG1655,3420000,3426400,3423200,6400,100,4275,rep1,True,25,25,F:\Micro-C\micro-c数据\GSE272159_37C_rep1.mapq_30.10.cool,medium,800,True,MG1655:26,calibration
WIN_medium_02b3bc0e24205bc5,MG1655,3420800,3427200,3424000,6400,100,4276,rep1,True,33,33,F:\Micro-C\micro-c数据\GSE272159_37C_rep1.mapq_30.10.cool,medium,800,True,MG1655:26,calibration
WIN_medium_565ee9828b6d3cb6,MG1655,3421600,3428000,3424800,6400,100,4277,rep1,True,42,42,F:\Micro-C\micro-c数据\GSE272159_37C_rep1.mapq_30.10.cool,medium,800,True,MG1655:26,calibration
WIN_medium_3736f187ec3e1220,MG1655,3422400,3428800,3425600,6400,100,4278,rep1,True,48,48,F:\Micro-C\micro-c数据\GSE272159_37C_rep1.mapq_30.10.cool,medium,800,True,MG1655:26,calibration
WIN_medium_4ba21f4a5f57e9b0,MG1655,3423200,3429600,3426400,6400,100,4279,rep1,True,49,49,F:\Micro-C\micro-c数据\GSE272159_37C_rep1.mapq_30.10.cool,medium,800,True,MG1655:26,calibration
WIN_medium_affae70abf654a39,MG1655,3424000,3430400,3427200,6400,100,4280,rep1,True,47,47,F:\Micro-C\micro-c数据\GSE272159_37C_rep1.mapq_30.10.cool,medium,800,True,MG1655:26,calibration
WIN_medium_df10a02988f91671,MG1655,3424800,3431200,3428000,6400,100,4281,rep1,True,39,39,F:\Micro-C\micro-c数据\GSE272159_37C_rep1.mapq_30.10.cool,medium,800,True,MG1655:26,calibration
WIN_medium_c51359b14d7080b7,MG1655,3425600,3432000,3428800,6400,100,4282,rep1,True,31,31,F:\Micro-C\micro-c数据\GSE272159_37C_rep1.mapq_30.10.cool,medium,800,True,MG1655:26,calibration
WIN_medium_bcf201ce2b830801,MG1655,3426400,3432800,3429600,6400,100,4283,rep1,True,22,22,F:\Micro-C\micro-c数据\GSE272159_37C_rep1.mapq_30.10.cool,medium,800,True,MG1655:26,calibration
WIN_medium_dbf2ed0e104b0984,MG1655,3427200,3433600,3430400,6400,100,4284,rep1,True,15,15,F:\Micro-C\micro-c数据\GSE272159_37C_rep1.mapq_30.10.cool,medium,800,True,MG1655:26,calibration
WIN_medium_62383f5c8fa50e0f,MG1655,3428000,3434400,3431200,6400,100,4285,rep1,True,7,7,F:\Micro-C\micro-c数据\GSE272159_37C_rep1.mapq_30.10.cool,medium,800,True,MG1655:26,calibration
WIN_medium_ae71c04303361898,MG1655,3428800,3435200,3432000,6400,100,4286,rep1,True,1,1,F:\Micro-C\micro-c数据\GSE272159_37C_rep1.mapq_30.10.cool,medium,800,True,MG1655:26,calibration
WIN_medium_f7b92f8a3e6faf72,MG1655,3429600,3436000,3432800,6400,100,4287,rep1,False,0,0,F:\Micro-C\micro-c数据\GSE272159_37C_rep1.mapq_30.10.cool,medium,800,True,MG1655:26,calibration
WIN_medium_5040cfb1e5bf49e4,MG1655,3430400,3436800,3433600,6400,100,4288,rep1,False,0,0,F:\Micro-C\micro-c数据\GSE272159_37C_rep1.mapq_30.10.cool,medium,800,True,MG1655:26,calibration
WIN_medium_0d322e2d7f422588,MG1655,3431200,3437600,3434400,6400,100,4289,rep1,False,0,0,F:\Micro-C\micro-c数据\GSE272159_37C_rep1.mapq_30.10.cool,medium,800,True,MG1655:26,calibration
WIN_medium_c5b3d28463f235e7,MG1655,3432000,3438400,3435200,6400,100,4290,rep1,False,0,0,F:\Micro-C\micro-c数据\GSE272159_37C_rep1.mapq_30.10.cool,medium,800,True,MG1655:26,calibration
WIN_medium_2bc5233a2d51cfef,MG1655,3432800,3439200,3436000,6400,100,4291,rep1,False,0,0,F:\Micro-C\micro-c数据\GSE272159_37C_rep1.mapq_30.10.cool,medium,800,True,MG1655:26,calibration
WIN_medium_316821bc2cb8b2e6,MG1655,3448800,3455200,3452000,6400,100,4311,rep1,False,0,0,F:\Micro-C\micro-c数据\GSE272159_37C_rep1.mapq_30.10.cool,medium,800,True,MG1655:26,calibration
WIN_medium_8877e969a157c9e8,MG1655,3449600,3456000,3452800,6400,100,4312,rep1,False,0,0,F:\Micro-C\micro-c数据\GSE272159_37C_rep1.mapq_30.10.cool,medium,800,True,MG1655:26,calibration
WIN_medium_dfa83dfef40eef5c,MG1655,3456000,3462400,3459200,6400,100,4320,rep1,False,0,0,F:\Micro-C\micro-c数据\GSE272159_37C_rep1.mapq_30.10.cool,medium,800,True,MG1655:27,calibration
WIN_medium_20726401cbfbfce7,MG1655,3456800,3463200,3460000,6400,100,4321,rep1,False,0,0,F:\Micro-C\micro-c数据\GSE272159_37C_rep1.mapq_30.10.cool,medium,800,True,MG1655:27,calibration
WIN_medium_7d94d141d0144b73,MG1655,3457600,3464000,3460800,6400,100,4322,rep1,False,0,0,F:\Micro-C\micro-c数据\GSE272159_37C_rep1.mapq_30.10.cool,medium,800,True,MG1655:27,calibration
WIN_medium_6035de4d5777f83f,MG1655,3458400,3464800,3461600,6400,100,4323,rep1,False,0,0,F:\Micro-C\micro-c数据\GSE272159_37C_rep1.mapq_30.10.cool,medium,800,True,MG1655:27,calibration
WIN_medium_7104a93885c8ee0a,MG1655,3459200,3465600,3462400,6400,100,4324,rep1,False,0,0,F:\Micro-C\micro-c数据\GSE272159_37C_rep1.mapq_30.10.cool,medium,800,True,MG1655:27,calibration
WIN_medium_43178e1eed191cf4,MG1655,3460000,3466400,3463200,6400,100,4325,rep1,False,0,0,F:\Micro-C\micro-c数据\GSE272159_37C_rep1.mapq_30.10.cool,medium,800,True,MG1655:27,calibration
WIN_medium_0f38c9e0a8c6d351,MG1655,3460800,3467200,3464000,6400,100,4326,rep1,False,0,0,F:\Micro-C\micro-c数据\GSE272159_37C_rep1.mapq_30.10.cool,medium,800,True,MG1655:27,calibration
WIN_medium_276dd0e458cc1689,MG1655,3461600,3468000,3464800,6400,100,4327,rep1,False,0,0,F:\Micro-C\micro-c数据\GSE272159_37C_rep1.mapq_30.10.cool,medium,800,True,MG1655:27,calibration
WIN_medium_46db27a7dbda2e3a,MG1655,3462400,3468800,3465600,6400,100,4328,rep1,False,0,0,F:\Micro-C\micro-c数据\GSE272159_37C_rep1.mapq_30.10.cool,medium,800,True,MG1655:27,calibration
WIN_medium_83a72d6860aee205,MG1655,3463200,3469600,3466400,6400,100,4329,rep1,False,0,0,F:\Micro-C\micro-c数据\GSE272159_37C_rep1.mapq_30.10.cool,medium,800,True,MG1655:27,calibration
WIN_medium_4344add15a4ee04a,MG1655,3464000,3470400,3467200,6400,100,4330,rep1,True,1,1,F:\Micro-C\micro-c数据\GSE272159_37C_rep1.mapq_30.10.cool,medium,800,True,MG1655:27,calibration
WIN_medium_ec2e86f03c77c85b,MG1655,3464800,3471200,3468000,6400,100,4331,rep1,True,6,6,F:\Micro-C\micro-c数据\GSE272159_37C_rep1.mapq_30.10.cool,medium,800,True,MG1655:27,calibration
WIN_medium_f483478aca98db0c,MG1655,3465600,3472000,3468800,6400,100,4332,rep1,True,6,6,F:\Micro-C\micro-c数据\GSE272159_37C_rep1.mapq_30.10.cool,medium,800,True,MG1655:27,calibration
WIN_medium_c0ef8e625359430a,MG1655,3466400,3472800,3469600,6400,100,4333,rep1,True,6,6,F:\Micro-C\micro-c数据\GSE272159_37C_rep1.mapq_30.10.cool,medium,800,True,MG1655:27,calibration
WIN_medium_4c63829fa45d6746,MG1655,3467200,3473600,3470400,6400,100,4334,rep1,True,6,6,F:\Micro-C\micro-c数据\GSE272159_37C_rep1.mapq_30.10.cool,medium,800,True,MG1655:27,calibration
WIN_medium_60d401061e70bcd0,MG1655,3468000,3474400,3471200,6400,100,4335,rep1,True,6,6,F:\Micro-C\micro-c数据\GSE272159_37C_rep1.mapq_30.10.cool,medium,800,True,MG1655:27,calibration
WIN_medium_5474da717b85cc0c,MG1655,3468800,3475200,3472000,6400,100,4336,rep1,True,6,6,F:\Micro-C\micro-c数据\GSE272159_37C_rep1.mapq_30.10.cool,medium,800,True,MG1655:27,calibration
WIN_medium_928b7cea9fb99d32,MG1655,3469600,3476000,3472800,6400,100,4337,rep1,True,6,6,F:\Micro-C\micro-c数据\GSE272159_37C_rep1.mapq_30.10.cool,medium,800,True,MG1655:27,calibration
WIN_medium_18bbc3edda47e930,MG1655,3470400,3476800,3473600,6400,100,4338,rep1,True,5,5,F:\Micro-C\micro-c数据\GSE272159_37C_rep1.mapq_30.10.cool,medium,800,True,MG1655:27,calibration
WIN_medium_409f532042fcd7b4,MG1655,3471200,3477600,3474400,6400,100,4339,rep1,False,0,0,F:\Micro-C\micro-c数据\GSE272159_37C_rep1.mapq_30.10.cool,medium,800,True,MG1655:27,calibration
WIN_medium_59539150e6f74ffb,MG1655,3472000,3478400,3475200,6400,100,4340,rep1,False,0,0,F:\Micro-C\micro-c数据\GSE272159_37C_rep1.mapq_30.10.cool,medium,800,True,MG1655:27,calibration
WIN_medium_f4c3b5abc2a8ffef,MG1655,3472800,3479200,3476000,6400,100,4341,rep1,False,0,0,F:\Micro-C\micro-c数据\GSE272159_37C_rep1.mapq_30.10.cool,medium,800,True,MG1655:27,calibration
WIN_medium_4e4d56cf724c9fb6,MG1655,3473600,3480000,3476800,6400,100,4342,rep1,False,0,0,F:\Micro-C\micro-c数据\GSE272159_37C_rep1.mapq_30.10.cool,medium,800,True,MG1655:27,calibration
WIN_medium_52c5b1f8915a9bab,MG1655,3474400,3480800,3477600,6400,100,4343,rep1,False,0,0,F:\Micro-C\micro-c数据\GSE272159_37C_rep1.mapq_30.10.cool,medium,800,True,MG1655:27,calibration
WIN_medium_ecf9314512a83ee0,MG1655,3475200,3481600,3478400,6400,100,4344,rep1,False,0,0,F:\Micro-C\micro-c数据\GSE272159_37C_rep1.mapq_30.10.cool,medium,800,True,MG1655:27,calibration
WIN_medium_d9b0b4c4e31456de,MG1655,3476000,3482400,3479200,6400,100,4345,rep1,False,0,0,F:\Micro-C\micro-c数据\GSE272159_37C_rep1.mapq_30.10.cool,medium,800,True,MG1655:27,calibration
WIN_medium_6ec65b187d274b97,MG1655,3476800,3483200,3480000,6400,100,4346,rep1,False,0,0,F:\Micro-C\micro-c数据\GSE272159_37C_rep1.mapq_30.10.cool,medium,800,True,MG1655:27,calibration
WIN_medium_abc2afd5f22a2024,MG1655,3477600,3484000,3480800,6400,100,4347,rep1,False,0,0,F:\Micro-C\micro-c数据\GSE272159_37C_rep1.mapq_30.10.cool,medium,800,True,MG1655:27,calibration
WIN_medium_7092cc87b8f1ad82,MG1655,3478400,3484800,3481600,6400,100,4348,rep1,False,0,0,F:\Micro-C\micro-c数据\GSE272159_37C_rep1.mapq_30.10.cool,medium,800,True,MG1655:27,calibration
WIN_medium_f6e3c71b81f5b44b,MG1655,3479200,3485600,3482400,6400,100,4349,rep1,False,0,0,F:\Micro-C\micro-c数据\GSE272159_37C_rep1.mapq_30.10.cool,medium,800,True,MG1655:27,calibration
WIN_medium_10646887f24dad0d,MG1655,3480000,3486400,3483200,6400,100,4350,rep1,False,0,0,F:\Micro-C\micro-c数据\GSE272159_37C_rep1.mapq_30.10.cool,medium,800,True,MG1655:27,calibration
WIN_medium_b4217d9f9f628ab4,MG1655,3480800,3487200,3484000,6400,100,4351,rep1,False,0,0,F:\Micro-C\micro-c数据\GSE272159_37C_rep1.mapq_30.10.cool,medium,800,True,MG1655:27,calibration
WIN_medium_6ef1adaddcb7ae79,MG1655,3481600,3488000,3484800,6400,100,4352,rep1,False,0,0,F:\Micro-C\micro-c数据\GSE272159_37C_rep1.mapq_30.10.cool,medium,800,True,MG1655:27,calibration
WIN_medium_07daf6790292f830,MG1655,3482400,3488800,3485600,6400,100,4353,rep1,False,0,0,F:\Micro-C\micro-c数据\GSE272159_37C_rep1.mapq_30.10.cool,medium,800,True,MG1655:27,calibration
WIN_medium_f082e1d90b55bc1d,MG1655,3483200,3489600,3486400,6400,100,4354,rep1,False,0,0,F:\Micro-C\micro-c数据\GSE272159_37C_rep1.mapq_30.10.cool,medium,800,True,MG1655:27,calibration
WIN_medium_1f7cfa7562195060,MG1655,3484000,3490400,3487200,6400,100,4355,rep1,False,0,0,F:\Micro-C\micro-c数据\GSE272159_37C_rep1.mapq_30.10.cool,medium,800,True,MG1655:27,calibration
WIN_medium_bf1129b507ae2eae,MG1655,3484800,3491200,3488000,6400,100,4356,rep1,False,0,0,F:\Micro-C\micro-c数据\GSE272159_37C_rep1.mapq_30.10.cool,medium,800,True,MG1655:27,calibration
WIN_medium_9f418dac8e7b45b0,MG1655,3485600,3492000,3488800,6400,100,4357,rep1,False,0,0,F:\Micro-C\micro-c数据\GSE272159_37C_rep1.mapq_30.10.cool,medium,800,True,MG1655:27,calibration
WIN_medium_dcaeaaf8563c9462,MG1655,3486400,3492800,3489600,6400,100,4358,rep1,False,0,0,F:\Micro-C\micro-c数据\GSE272159_37C_rep1.mapq_30.10.cool,medium,800,True,MG1655:27,calibration
WIN_medium_330ad97ee468bb80,MG1655,3487200,3493600,3490400,6400,100,4359,rep1,False,0,0,F:\Micro-C\micro-c数据\GSE272159_37C_rep1.mapq_30.10.cool,medium,800,True,MG1655:27,calibration
WIN_medium_e1e0a2227d325945,MG1655,3488000,3494400,3491200,6400,100,4360,rep1,False,0,0,F:\Micro-C\micro-c数据\GSE272159_37C_rep1.mapq_30.10.cool,medium,800,True,MG1655:27,calibration
WIN_medium_cc721d0ea05bc79f,MG1655,3488800,3495200,3492000,6400,100,4361,rep1,False,0,0,F:\Micro-C\micro-c数据\GSE272159_37C_rep1.mapq_30.10.cool,medium,800,True,MG1655:27,calibration
WIN_medium_ced3b2973a8efc22,MG1655,3489600,3496000,3492800,6400,100,4362,rep1,False,0,0,F:\Micro-C\micro-c数据\GSE272159_37C_rep1.mapq_30.10.cool,medium,800,True,MG1655:27,calibration
WIN_medium_ac378a74e3c934c4,MG1655,3490400,3496800,3493600,6400,100,4363,rep1,False,0,0,F:\Micro-C\micro-c数据\GSE272159_37C_rep1.mapq_30.10.cool,medium,800,True,MG1655:27,calibration
WIN_medium_5120b4ecde257fac,MG1655,3491200,3497600,3494400,6400,100,4364,rep1,False,0,0,F:\Micro-C\micro-c数据\GSE272159_37C_rep1.mapq_30.10.cool,medium,800,True,MG1655:27,calibration
WIN_medium_28516c71ba39772d,MG1655,3492000,3498400,3495200,6400,100,4365,rep1,False,0,0,F:\Micro-C\micro-c数据\GSE272159_37C_rep1.mapq_30.10.cool,medium,800,True,MG1655:27,calibration
WIN_medium_be4de89c2ec4d5ac,MG1655,3492800,3499200,3496000,6400,100,4366,rep1,False,0,0,F:\Micro-C\micro-c数据\GSE272159_37C_rep1.mapq_30.10.cool,medium,800,True,MG1655:27,calibration
WIN_medium_70eb922a2362fe83,MG1655,3493600,3500000,3496800,6400,100,4367,rep1,False,0,0,F:\Micro-C\micro-c数据\GSE272159_37C_rep1.mapq_30.10.cool,medium,800,True,MG1655:27,calibration
WIN_medium_1480442b9c7c1ee1,MG1655,3494400,3500800,3497600,6400,100,4368,rep1,False,0,0,F:\Micro-C\micro-c数据\GSE272159_37C_rep1.mapq_30.10.cool,medium,800,True,MG1655:27,calibration
WIN_medium_ce9a61fafff489e6,MG1655,3495200,3501600,3498400,6400,100,4369,rep1,False,0,0,F:\Micro-C\micro-c数据\GSE272159_37C_rep1.mapq_30.10.cool,medium,800,True,MG1655:27,calibration
WIN_medium_d94331e63306ed03,MG1655,3496000,3502400,3499200,6400,100,4370,rep1,False,0,0,F:\Micro-C\micro-c数据\GSE272159_37C_rep1.mapq_30.10.cool,medium,800,True,MG1655:27,calibration
WIN_medium_04a26b8d8b6a0e40,MG1655,3496800,3503200,3500000,6400,100,4371,rep1,False,0,0,F:\Micro-C\micro-c数据\GSE272159_37C_rep1.mapq_30.10.cool,medium,800,True,MG1655:27,calibration
WIN_medium_1fdab02633ee7e07,MG1655,3497600,3504000,3500800,6400,100,4372,rep1,False,0,0,F:\Micro-C\micro-c数据\GSE272159_37C_rep1.mapq_30.10.cool,medium,800,True,MG1655:27,calibration
WIN_medium_a2b16a7f84e9e00e,MG1655,3498400,3504800,3501600,6400,100,4373,rep1,False,0,0,F:\Micro-C\micro-c数据\GSE272159_37C_rep1.mapq_30.10.cool,medium,800,True,MG1655:27,calibration
WIN_medium_a0fd943ba1e70a55,MG1655,3499200,3505600,3502400,6400,100,4374,rep1,False,0,0,F:\Micro-C\micro-c数据\GSE272159_37C_rep1.mapq_30.10.cool,medium,800,True,MG1655:27,calibration
WIN_medium_5cea8b7ec0537d57,MG1655,3500000,3506400,3503200,6400,100,4375,rep1,False,0,0,F:\Micro-C\micro-c数据\GSE272159_37C_rep1.mapq_30.10.cool,medium,800,True,MG1655:27,calibration
WIN_medium_e512b13417b1d92e,MG1655,3500800,3507200,3504000,6400,100,4376,rep1,False,0,0,F:\Micro-C\micro-c数据\GSE272159_37C_rep1.mapq_30.10.cool,medium,800,True,MG1655:27,calibration
WIN_medium_c07c50ccbbca477b,MG1655,3501600,3508000,3504800,6400,100,4377,rep1,False,0,0,F:\Micro-C\micro-c数据\GSE272159_37C_rep1.mapq_30.10.cool,medium,800,True,MG1655:27,calibration
WIN_medium_3495b63e6ec98e11,MG1655,3502400,3508800,3505600,6400,100,4378,rep1,False,0,0,F:\Micro-C\micro-c数据\GSE272159_37C_rep1.mapq_30.10.cool,medium,800,True,MG1655:27,calibration
WIN_medium_457594ab1cceafbb,MG1655,3503200,3509600,3506400,6400,100,4379,rep1,False,0,0,F:\Micro-C\micro-c数据\GSE272159_37C_rep1.mapq_30.10.cool,medium,800,True,MG1655:27,calibration
WIN_medium_012f92e7d39b3300,MG1655,3504000,3510400,3507200,6400,100,4380,rep1,False,0,0,F:\Micro-C\micro-c数据\GSE272159_37C_rep1.mapq_30.10.cool,medium,800,True,MG1655:27,calibration
WIN_medium_26d4604971ecbe5c,MG1655,3504800,3511200,3508000,6400,100,4381,rep1,False,0,0,F:\Micro-C\micro-c数据\GSE272159_37C_rep1.mapq_30.10.cool,medium,800,True,MG1655:27,calibration
WIN_medium_5d19c64a3921220c,MG1655,3505600,3512000,3508800,6400,100,4382,rep1,False,0,0,F:\Micro-C\micro-c数据\GSE272159_37C_rep1.mapq_30.10.cool,medium,800,True,MG1655:27,calibration
WIN_medium_b40ba7367196d648,MG1655,3506400,3512800,3509600,6400,100,4383,rep1,False,0,0,F:\Micro-C\micro-c数据\GSE272159_37C_rep1.mapq_30.10.cool,medium,800,True,MG1655:27,calibration
WIN_medium_a48b171f16db8ba5,MG1655,3507200,3513600,3510400,6400,100,4384,rep1,False,0,0,F:\Micro-C\micro-c数据\GSE272159_37C_rep1.mapq_30.10.cool,medium,800,True,MG1655:27,calibration
WIN_medium_b404f8cbf2a46882,MG1655,3508000,3514400,3511200,6400,100,4385,rep1,False,0,0,F:\Micro-C\micro-c数据\GSE272159_37C_rep1.mapq_30.10.cool,medium,800,True,MG1655:27,calibration
WIN_medium_974e2b46e2c7dd19,MG1655,3508800,3515200,3512000,6400,100,4386,rep1,False,0,0,F:\Micro-C\micro-c数据\GSE272159_37C_rep1.mapq_30.10.cool,medium,800,True,MG1655:27,calibration
WIN_medium_a525d03b95e2d702,MG1655,3509600,3516000,3512800,6400,100,4387,rep1,False,0,0,F:\Micro-C\micro-c数据\GSE272159_37C_rep1.mapq_30.10.cool,medium,800,True,MG1655:27,calibration
WIN_medium_3eac3c392b9669da,MG1655,3510400,3516800,3513600,6400,100,4388,rep1,False,0,0,F:\Micro-C\micro-c数据\GSE272159_37C_rep1.mapq_30.10.cool,medium,800,True,MG1655:27,calibration
WIN_medium_9ca649a986c5a5e1,MG1655,3511200,3517600,3514400,6400,100,4389,rep1,False,0,0,F:\Micro-C\micro-c数据\GSE272159_37C_rep1.mapq_30.10.cool,medium,800,True,MG1655:27,calibration
WIN_medium_f1a8c1dccf3bad15,MG1655,3512000,3518400,3515200,6400,100,4390,rep1,False,0,0,F:\Micro-C\micro-c数据\GSE272159_37C_rep1.mapq_30.10.cool,medium,800,True,MG1655:27,calibration
WIN_medium_6d5c55bf77a8f518,MG1655,3512800,3519200,3516000,6400,100,4391,rep1,False,0,0,F:\Micro-C\micro-c数据\GSE272159_37C_rep1.mapq_30.10.cool,medium,800,True,MG1655:27,calibration
WIN_medium_fa313f2d9a5ec28b,MG1655,3513600,3520000,3516800,6400,100,4392,rep1,False,0,0,F:\Micro-C\micro-c数据\GSE272159_37C_rep1.mapq_30.10.cool,medium,800,True,MG1655:27,calibration
WIN_medium_71743798b292f4ca,MG1655,3514400,3520800,3517600,6400,100,4393,rep1,False,0,0,F:\Micro-C\micro-c数据\GSE272159_37C_rep1.mapq_30.10.cool,medium,800,True,MG1655:27,calibration
WIN_medium_28002a2365b5c389,MG1655,3515200,3521600,3518400,6400,100,4394,rep1,False,0,0,F:\Micro-C\micro-c数据\GSE272159_37C_rep1.mapq_30.10.cool,medium,800,True,MG1655:27,calibration
WIN_medium_b7e1dde0a9224129,MG1655,3516000,3522400,3519200,6400,100,4395,rep1,False,0,0,F:\Micro-C\micro-c数据\GSE272159_37C_rep1.mapq_30.10.cool,medium,800,True,MG1655:27,calibration
WIN_medium_ef96c269af2c45dc,MG1655,3516800,3523200,3520000,6400,100,4396,rep1,False,0,0,F:\Micro-C\micro-c数据\GSE272159_37C_rep1.mapq_30.10.cool,medium,800,True,MG1655:27,calibration
WIN_medium_8755ebdc8a678a6a,MG1655,3517600,3524000,3520800,6400,100,4397,rep1,False,0,0,F:\Micro-C\micro-c数据\GSE272159_37C_rep1.mapq_30.10.cool,medium,800,True,MG1655:27,calibration
WIN_medium_d7b4743c229b33bd,MG1655,3518400,3524800,3521600,6400,100,4398,rep1,False,0,0,F:\Micro-C\micro-c数据\GSE272159_37C_rep1.mapq_30.10.cool,medium,800,True,MG1655:27,calibration
WIN_medium_9b99d597c2824984,MG1655,3519200,3525600,3522400,6400,100,4399,rep1,False,0,0,F:\Micro-C\micro-c数据\GSE272159_37C_rep1.mapq_30.10.cool,medium,800,True,MG1655:27,calibration
WIN_medium_d96e06ee2dd10021,MG1655,3520000,3526400,3523200,6400,100,4400,rep1,False,0,0,F:\Micro-C\micro-c数据\GSE272159_37C_rep1.mapq_30.10.cool,medium,800,True,MG1655:27,calibration
WIN_medium_ecc758241155b18e,MG1655,3520800,3527200,3524000,6400,100,4401,rep1,False,0,0,F:\Micro-C\micro-c数据\GSE272159_37C_rep1.mapq_30.10.cool,medium,800,True,MG1655:27,calibration
WIN_medium_63f4ae01df211d43,MG1655,3521600,3528000,3524800,6400,100,4402,rep1,False,0,0,F:\Micro-C\micro-c数据\GSE272159_37C_rep1.mapq_30.10.cool,medium,800,True,MG1655:27,calibration
WIN_medium_e6e0d833ecf0f209,MG1655,3522400,3528800,3525600,6400,100,4403,rep1,False,0,0,F:\Micro-C\micro-c数据\GSE272159_37C_rep1.mapq_30.10.cool,medium,800,True,MG1655:27,calibration
WIN_medium_13d8c1721c83c454,MG1655,3523200,3529600,3526400,6400,100,4404,rep1,False,0,0,F:\Micro-C\micro-c数据\GSE272159_37C_rep1.mapq_30.10.cool,medium,800,True,MG1655:27,calibration
WIN_medium_f5ea3bac466d12e0,MG1655,3524000,3530400,3527200,6400,100,4405,rep1,False,0,0,F:\Micro-C\micro-c数据\GSE272159_37C_rep1.mapq_30.10.cool,medium,800,True,MG1655:27,calibration
WIN_medium_95697469f4e3f6a7,MG1655,3524800,3531200,3528000,6400,100,4406,rep1,False,0,0,F:\Micro-C\micro-c数据\GSE272159_37C_rep1.mapq_30.10.cool,medium,800,True,MG1655:27,calibration
WIN_medium_15bcb4989a9a1593,MG1655,3525600,3532000,3528800,6400,100,4407,rep1,False,0,0,F:\Micro-C\micro-c数据\GSE272159_37C_rep1.mapq_30.10.cool,medium,800,True,MG1655:27,calibration
WIN_medium_5efd6fad8d7313f6,MG1655,3526400,3532800,3529600,6400,100,4408,rep1,False,0,0,F:\Micro-C\micro-c数据\GSE272159_37C_rep1.mapq_30.10.cool,medium,800,True,MG1655:27,calibration
WIN_medium_f84e01c796584f0b,MG1655,3527200,3533600,3530400,6400,100,4409,rep1,False,0,0,F:\Micro-C\micro-c数据\GSE272159_37C_rep1.mapq_30.10.cool,medium,800,True,MG1655:27,calibration
WIN_medium_8be6245c8b0dcdc2,MG1655,3528000,3534400,3531200,6400,100,4410,rep1,False,0,0,F:\Micro-C\micro-c数据\GSE272159_37C_rep1.mapq_30.10.cool,medium,800,True,MG1655:27,calibration
WIN_medium_f1c22786151b727f,MG1655,3528800,3535200,3532000,6400,100,4411,rep1,False,0,0,F:\Micro-C\micro-c数据\GSE272159_37C_rep1.mapq_30.10.cool,medium,800,True,MG1655:27,calibration
WIN_medium_32b4933dafca1641,MG1655,3529600,3536000,3532800,6400,100,4412,rep1,False,0,0,F:\Micro-C\micro-c数据\GSE272159_37C_rep1.mapq_30.10.cool,medium,800,True,MG1655:27,calibration
WIN_medium_e4a8b67a3bc2f098,MG1655,3530400,3536800,3533600,6400,100,4413,rep1,False,0,0,F:\Micro-C\micro-c数据\GSE272159_37C_rep1.mapq_30.10.cool,medium,800,True,MG1655:27,calibration
WIN_medium_4170065a80065ce8,MG1655,3531200,3537600,3534400,6400,100,4414,rep1,False,0,0,F:\Micro-C\micro-c数据\GSE272159_37C_rep1.mapq_30.10.cool,medium,800,True,MG1655:27,calibration
WIN_medium_2139a541f77e715c,MG1655,3532000,3538400,3535200,6400,100,4415,rep1,False,0,0,F:\Micro-C\micro-c数据\GSE272159_37C_rep1.mapq_30.10.cool,medium,800,True,MG1655:27,calibration
WIN_medium_de4ccac50610e9c4,MG1655,3532800,3539200,3536000,6400,100,4416,rep1,False,0,0,F:\Micro-C\micro-c数据\GSE272159_37C_rep1.mapq_30.10.cool,medium,800,True,MG1655:27,calibration
WIN_medium_ed16b2a10d2dc02b,MG1655,3533600,3540000,3536800,6400,100,4417,rep1,False,0,0,F:\Micro-C\micro-c数据\GSE272159_37C_rep1.mapq_30.10.cool,medium,800,True,MG1655:27,calibration
WIN_medium_1ecc8925622a02a2,MG1655,3534400,3540800,3537600,6400,100,4418,rep1,False,0,0,F:\Micro-C\micro-c数据\GSE272159_37C_rep1.mapq_30.10.cool,medium,800,True,MG1655:27,calibration
WIN_medium_33cee043587f41e3,MG1655,3535200,3541600,3538400,6400,100,4419,rep1,False,0,0,F:\Micro-C\micro-c数据\GSE272159_37C_rep1.mapq_30.10.cool,medium,800,True,MG1655:27,calibration
WIN_medium_52eb70d430c5fad6,MG1655,3536000,3542400,3539200,6400,100,4420,rep1,False,0,0,F:\Micro-C\micro-c数据\GSE272159_37C_rep1.mapq_30.10.cool,medium,800,True,MG1655:27,calibration
WIN_medium_7414229cd825ea87,MG1655,3536800,3543200,3540000,6400,100,4421,rep1,False,0,0,F:\Micro-C\micro-c数据\GSE272159_37C_rep1.mapq_30.10.cool,medium,800,True,MG1655:27,calibration
WIN_medium_249d7e487a2b1b43,MG1655,3537600,3544000,3540800,6400,100,4422,rep1,False,0,0,F:\Micro-C\micro-c数据\GSE272159_37C_rep1.mapq_30.10.cool,medium,800,True,MG1655:27,calibration
WIN_medium_d9f7c805a478fd6c,MG1655,3538400,3544800,3541600,6400,100,4423,rep1,False,0,0,F:\Micro-C\micro-c数据\GSE272159_37C_rep1.mapq_30.10.cool,medium,800,True,MG1655:27,calibration
WIN_medium_f622976568a0441c,MG1655,3539200,3545600,3542400,6400,100,4424,rep1,False,0,0,F:\Micro-C\micro-c数据\GSE272159_37C_rep1.mapq_30.10.cool,medium,800,True,MG1655:27,calibration
WIN_medium_994b96a7120c7c17,MG1655,3540000,3546400,3543200,6400,100,4425,rep1,False,0,0,F:\Micro-C\micro-c数据\GSE272159_37C_rep1.mapq_30.10.cool,medium,800,True,MG1655:27,calibration
WIN_medium_6d4b95b00a24eefe,MG1655,3540800,3547200,3544000,6400,100,4426,rep1,False,0,0,F:\Micro-C\micro-c数据\GSE272159_37C_rep1.mapq_30.10.cool,medium,800,True,MG1655:27,calibration
WIN_medium_7abd1201d7cc4fec,MG1655,3556800,3563200,3560000,6400,100,4446,rep1,False,0,0,F:\Micro-C\micro-c数据\GSE272159_37C_rep1.mapq_30.10.cool,medium,800,True,MG1655:27,calibration
WIN_medium_3aa019cf1774ffaf,MG1655,3557600,3564000,3560800,6400,100,4447,rep1,False,0,0,F:\Micro-C\micro-c数据\GSE272159_37C_rep1.mapq_30.10.cool,medium,800,True,MG1655:27,calibration
WIN_medium_5e182a604ca817d7,MG1655,3558400,3564800,3561600,6400,100,4448,rep1,False,0,0,F:\Micro-C\micro-c数据\GSE272159_37C_rep1.mapq_30.10.cool,medium,800,True,MG1655:27,calibration
WIN_medium_2d9595bf075eb964,MG1655,3559200,3565600,3562400,6400,100,4449,rep1,False,0,0,F:\Micro-C\micro-c数据\GSE272159_37C_rep1.mapq_30.10.cool,medium,800,True,MG1655:27,calibration
WIN_medium_efcfa220bd0033c6,MG1655,3560000,3566400,3563200,6400,100,4450,rep1,False,0,0,F:\Micro-C\micro-c数据\GSE272159_37C_rep1.mapq_30.10.cool,medium,800,True,MG1655:27,calibration
WIN_medium_0fb70a8dfcd1f951,MG1655,3560800,3567200,3564000,6400,100,4451,rep1,False,0,0,F:\Micro-C\micro-c数据\GSE272159_37C_rep1.mapq_30.10.cool,medium,800,True,MG1655:27,calibration
WIN_medium_07c341e4d165623d,MG1655,3561600,3568000,3564800,6400,100,4452,rep1,False,0,0,F:\Micro-C\micro-c数据\GSE272159_37C_rep1.mapq_30.10.cool,medium,800,True,MG1655:27,calibration
WIN_medium_9593a7982c370e5b,MG1655,3562400,3568800,3565600,6400,100,4453,rep1,False,0,0,F:\Micro-C\micro-c数据\GSE272159_37C_rep1.mapq_30.10.cool,medium,800,True,MG1655:27,calibration
WIN_medium_fe3e61ead5c3bccc,MG1655,3563200,3569600,3566400,6400,100,4454,rep1,False,0,0,F:\Micro-C\micro-c数据\GSE272159_37C_rep1.mapq_30.10.cool,medium,800,True,MG1655:27,calibration
WIN_medium_2c4bb36e68c0bd8b,MG1655,3564000,3570400,3567200,6400,100,4455,rep1,False,0,0,F:\Micro-C\micro-c数据\GSE272159_37C_rep1.mapq_30.10.cool,medium,800,True,MG1655:27,calibration
WIN_medium_8bcb673905647d7c,MG1655,3564800,3571200,3568000,6400,100,4456,rep1,False,0,0,F:\Micro-C\micro-c数据\GSE272159_37C_rep1.mapq_30.10.cool,medium,800,True,MG1655:27,calibration
WIN_medium_1fadde2661eb2d73,MG1655,3565600,3572000,3568800,6400,100,4457,rep1,False,0,0,F:\Micro-C\micro-c数据\GSE272159_37C_rep1.mapq_30.10.cool,medium,800,True,MG1655:27,calibration
WIN_medium_6347620ac85efb98,MG1655,3566400,3572800,3569600,6400,100,4458,rep1,False,0,0,F:\Micro-C\micro-c数据\GSE272159_37C_rep1.mapq_30.10.cool,medium,800,True,MG1655:27,calibration
WIN_medium_312ec3347474f626,MG1655,3567200,3573600,3570400,6400,100,4459,rep1,False,0,0,F:\Micro-C\micro-c数据\GSE272159_37C_rep1.mapq_30.10.cool,medium,800,True,MG1655:27,calibration
WIN_medium_0fe898eab6ce5ee4,MG1655,3568000,3574400,3571200,6400,100,4460,rep1,False,0,0,F:\Micro-C\micro-c数据\GSE272159_37C_rep1.mapq_30.10.cool,medium,800,True,MG1655:27,calibration
WIN_medium_c991d40109c3acb1,MG1655,3568800,3575200,3572000,6400,100,4461,rep1,False,0,0,F:\Micro-C\micro-c数据\GSE272159_37C_rep1.mapq_30.10.cool,medium,800,True,MG1655:27,calibration
WIN_medium_746502647183a38e,MG1655,3569600,3576000,3572800,6400,100,4462,rep1,False,0,0,F:\Micro-C\micro-c数据\GSE272159_37C_rep1.mapq_30.10.cool,medium,800,True,MG1655:27,calibration
WIN_medium_99e753f8e0665a43,MG1655,3570400,3576800,3573600,6400,100,4463,rep1,False,0,0,F:\Micro-C\micro-c数据\GSE272159_37C_rep1.mapq_30.10.cool,medium,800,True,MG1655:27,calibration
WIN_medium_7697626a945f69c6,MG1655,3571200,3577600,3574400,6400,100,4464,rep1,False,0,0,F:\Micro-C\micro-c数据\GSE272159_37C_rep1.mapq_30.10.cool,medium,800,True,MG1655:27,calibration
WIN_medium_57e3847e4aef9325,MG1655,3572000,3578400,3575200,6400,100,4465,rep1,False,0,0,F:\Micro-C\micro-c数据\GSE272159_37C_rep1.mapq_30.10.cool,medium,800,True,MG1655:27,calibration
WIN_medium_1cc4ca63969390a6,MG1655,3572800,3579200,3576000,6400,100,4466,rep1,False,0,0,F:\Micro-C\micro-c数据\GSE272159_37C_rep1.mapq_30.10.cool,medium,800,True,MG1655:27,calibration
WIN_medium_16463d554c95f7fa,MG1655,3573600,3580000,3576800,6400,100,4467,rep1,False,0,0,F:\Micro-C\micro-c数据\GSE272159_37C_rep1.mapq_30.10.cool,medium,800,True,MG1655:27,calibration
WIN_medium_c93837c9326d9cf9,MG1655,3574400,3580800,3577600,6400,100,4468,rep1,False,0,0,F:\Micro-C\micro-c数据\GSE272159_37C_rep1.mapq_30.10.cool,medium,800,True,MG1655:27,calibration
WIN_medium_58467dc5d4e5726f,MG1655,3575200,3581600,3578400,6400,100,4469,rep1,False,0,0,F:\Micro-C\micro-c数据\GSE272159_37C_rep1.mapq_30.10.cool,medium,800,True,MG1655:27,calibration
WIN_medium_7493709523d11406,MG1655,3585600,3592000,3588800,6400,100,4482,rep1,False,0,0,F:\Micro-C\micro-c数据\GSE272159_37C_rep1.mapq_30.10.cool,medium,800,True,MG1655:28,train
WIN_medium_a27599f50546e3a8,MG1655,3586400,3592800,3589600,6400,100,4483,rep1,False,0,0,F:\Micro-C\micro-c数据\GSE272159_37C_rep1.mapq_30.10.cool,medium,800,True,MG1655:28,train
WIN_medium_f8890ddebc745df5,MG1655,3587200,3593600,3590400,6400,100,4484,rep1,False,0,0,F:\Micro-C\micro-c数据\GSE272159_37C_rep1.mapq_30.10.cool,medium,800,True,MG1655:28,train
WIN_medium_e31fb7bc82aec190,MG1655,3588000,3594400,3591200,6400,100,4485,rep1,False,0,0,F:\Micro-C\micro-c数据\GSE272159_37C_rep1.mapq_30.10.cool,medium,800,True,MG1655:28,train
WIN_medium_65a83213887787f4,MG1655,3588800,3595200,3592000,6400,100,4486,rep1,False,0,0,F:\Micro-C\micro-c数据\GSE272159_37C_rep1.mapq_30.10.cool,medium,800,True,MG1655:28,train
WIN_medium_4ae41b8164717c23,MG1655,3589600,3596000,3592800,6400,100,4487,rep1,False,0,0,F:\Micro-C\micro-c数据\GSE272159_37C_rep1.mapq_30.10.cool,medium,800,True,MG1655:28,train
WIN_medium_f4f5005395291f64,MG1655,3590400,3596800,3593600,6400,100,4488,rep1,False,0,0,F:\Micro-C\micro-c数据\GSE272159_37C_rep1.mapq_30.10.cool,medium,800,True,MG1655:28,train
WIN_medium_294689b48d970bcf,MG1655,3591200,3597600,3594400,6400,100,4489,rep1,False,0,0,F:\Micro-C\micro-c数据\GSE272159_37C_rep1.mapq_30.10.cool,medium,800,True,MG1655:28,train
WIN_medium_30f67bac75521829,MG1655,3592000,3598400,3595200,6400,100,4490,rep1,False,0,0,F:\Micro-C\micro-c数据\GSE272159_37C_rep1.mapq_30.10.cool,medium,800,True,MG1655:28,train
WIN_medium_93096934c5385280,MG1655,3592800,3599200,3596000,6400,100,4491,rep1,False,0,0,F:\Micro-C\micro-c数据\GSE272159_37C_rep1.mapq_30.10.cool,medium,800,True,MG1655:28,train
WIN_medium_8227d7de5ab7add4,MG1655,3593600,3600000,3596800,6400,100,4492,rep1,False,0,0,F:\Micro-C\micro-c数据\GSE272159_37C_rep1.mapq_30.10.cool,medium,800,True,MG1655:28,train
WIN_medium_aa9ea8a8b3894fa3,MG1655,3594400,3600800,3597600,6400,100,4493,rep1,False,0,0,F:\Micro-C\micro-c数据\GSE272159_37C_rep1.mapq_30.10.cool,medium,800,True,MG1655:28,train
WIN_medium_f70f9df4e4084921,MG1655,3595200,3601600,3598400,6400,100,4494,rep1,False,0,0,F:\Micro-C\micro-c数据\GSE272159_37C_rep1.mapq_30.10.cool,medium,800,True,MG1655:28,train
WIN_medium_3c6330cde4b860aa,MG1655,3596000,3602400,3599200,6400,100,4495,rep1,False,0,0,F:\Micro-C\micro-c数据\GSE272159_37C_rep1.mapq_30.10.cool,medium,800,True,MG1655:28,train
WIN_medium_953fe09fe3e44eea,MG1655,3596800,3603200,3600000,6400,100,4496,rep1,False,0,0,F:\Micro-C\micro-c数据\GSE272159_37C_rep1.mapq_30.10.cool,medium,800,True,MG1655:28,train
WIN_medium_ec14a4cdf7c00e19,MG1655,3597600,3604000,3600800,6400,100,4497,rep1,False,0,0,F:\Micro-C\micro-c数据\GSE272159_37C_rep1.mapq_30.10.cool,medium,800,True,MG1655:28,train
WIN_medium_4e08f48029d2e4f4,MG1655,3598400,3604800,3601600,6400,100,4498,rep1,False,0,0,F:\Micro-C\micro-c数据\GSE272159_37C_rep1.mapq_30.10.cool,medium,800,True,MG1655:28,train
WIN_medium_d251c094d6fd39a1,MG1655,3599200,3605600,3602400,6400,100,4499,rep1,False,0,0,F:\Micro-C\micro-c数据\GSE272159_37C_rep1.mapq_30.10.cool,medium,800,True,MG1655:28,train
WIN_medium_bfdefe4be661841d,MG1655,3600000,3606400,3603200,6400,100,4500,rep1,False,0,0,F:\Micro-C\micro-c数据\GSE272159_37C_rep1.mapq_30.10.cool,medium,800,True,MG1655:28,train
WIN_medium_0a5ec568dabd38fa,MG1655,3600800,3607200,3604000,6400,100,4501,rep1,False,0,0,F:\Micro-C\micro-c数据\GSE272159_37C_rep1.mapq_30.10.cool,medium,800,True,MG1655:28,train
WIN_medium_87cdedca9502cbb4,MG1655,3601600,3608000,3604800,6400,100,4502,rep1,False,0,0,F:\Micro-C\micro-c数据\GSE272159_37C_rep1.mapq_30.10.cool,medium,800,True,MG1655:28,train
WIN_medium_6e922f03158050ed,MG1655,3602400,3608800,3605600,6400,100,4503,rep1,False,0,0,F:\Micro-C\micro-c数据\GSE272159_37C_rep1.mapq_30.10.cool,medium,800,True,MG1655:28,train
WIN_medium_e7b47af7e4726d84,MG1655,3603200,3609600,3606400,6400,100,4504,rep1,False,0,0,F:\Micro-C\micro-c数据\GSE272159_37C_rep1.mapq_30.10.cool,medium,800,True,MG1655:28,train
WIN_medium_7b273bdfac134f77,MG1655,3604000,3610400,3607200,6400,100,4505,rep1,False,0,0,F:\Micro-C\micro-c数据\GSE272159_37C_rep1.mapq_30.10.cool,medium,800,True,MG1655:28,train
WIN_medium_985400739d7787b4,MG1655,3604800,3611200,3608000,6400,100,4506,rep1,False,0,0,F:\Micro-C\micro-c数据\GSE272159_37C_rep1.mapq_30.10.cool,medium,800,True,MG1655:28,train
WIN_medium_642ce9ead747955f,MG1655,3605600,3612000,3608800,6400,100,4507,rep1,False,0,0,F:\Micro-C\micro-c数据\GSE272159_37C_rep1.mapq_30.10.cool,medium,800,True,MG1655:28,train
WIN_medium_e33830860bfbdc44,MG1655,3606400,3612800,3609600,6400,100,4508,rep1,False,0,0,F:\Micro-C\micro-c数据\GSE272159_37C_rep1.mapq_30.10.cool,medium,800,True,MG1655:28,train
WIN_medium_f3062336929657e4,MG1655,3607200,3613600,3610400,6400,100,4509,rep1,False,0,0,F:\Micro-C\micro-c数据\GSE272159_37C_rep1.mapq_30.10.cool,medium,800,True,MG1655:28,train
WIN_medium_3ec76a30b4360c9c,MG1655,3608000,3614400,3611200,6400,100,4510,rep1,False,0,0,F:\Micro-C\micro-c数据\GSE272159_37C_rep1.mapq_30.10.cool,medium,800,True,MG1655:28,train
WIN_medium_ac14c7e86e3d43b1,MG1655,3608800,3615200,3612000,6400,100,4511,rep1,False,0,0,F:\Micro-C\micro-c数据\GSE272159_37C_rep1.mapq_30.10.cool,medium,800,True,MG1655:28,train
WIN_medium_60aa0571ad3a596e,MG1655,3609600,3616000,3612800,6400,100,4512,rep1,False,0,0,F:\Micro-C\micro-c数据\GSE272159_37C_rep1.mapq_30.10.cool,medium,800,True,MG1655:28,train
WIN_medium_a0f1d287c5c8e1c7,MG1655,3610400,3616800,3613600,6400,100,4513,rep1,False,0,0,F:\Micro-C\micro-c数据\GSE272159_37C_rep1.mapq_30.10.cool,medium,800,True,MG1655:28,train
WIN_medium_51e898e818a28b85,MG1655,3611200,3617600,3614400,6400,100,4514,rep1,False,0,0,F:\Micro-C\micro-c数据\GSE272159_37C_rep1.mapq_30.10.cool,medium,800,True,MG1655:28,train
WIN_medium_cdb350f4622d74e4,MG1655,3612000,3618400,3615200,6400,100,4515,rep1,False,0,0,F:\Micro-C\micro-c数据\GSE272159_37C_rep1.mapq_30.10.cool,medium,800,True,MG1655:28,train
WIN_medium_e475881af8eb1c69,MG1655,3612800,3619200,3616000,6400,100,4516,rep1,False,0,0,F:\Micro-C\micro-c数据\GSE272159_37C_rep1.mapq_30.10.cool,medium,800,True,MG1655:28,train
WIN_medium_d7535fbd808b82e2,MG1655,3613600,3620000,3616800,6400,100,4517,rep1,True,6,6,F:\Micro-C\micro-c数据\GSE272159_37C_rep1.mapq_30.10.cool,medium,800,True,MG1655:28,train
WIN_medium_8f968f066ad59436,MG1655,3614400,3620800,3617600,6400,100,4518,rep1,True,14,14,F:\Micro-C\micro-c数据\GSE272159_37C_rep1.mapq_30.10.cool,medium,800,True,MG1655:28,train
WIN_medium_e343ade0f193deba,MG1655,3615200,3621600,3618400,6400,100,4519,rep1,True,22,22,F:\Micro-C\micro-c数据\GSE272159_37C_rep1.mapq_30.10.cool,medium,800,True,MG1655:28,train
WIN_medium_8bc7c13c381dc903,MG1655,3616000,3622400,3619200,6400,100,4520,rep1,True,28,28,F:\Micro-C\micro-c数据\GSE272159_37C_rep1.mapq_30.10.cool,medium,800,True,MG1655:28,train
WIN_medium_2942d1a3ba90a4af,MG1655,3616800,3623200,3620000,6400,100,4521,rep1,True,28,28,F:\Micro-C\micro-c数据\GSE272159_37C_rep1.mapq_30.10.cool,medium,800,True,MG1655:28,train
WIN_medium_276067819950c61f,MG1655,3617600,3624000,3620800,6400,100,4522,rep1,True,28,28,F:\Micro-C\micro-c数据\GSE272159_37C_rep1.mapq_30.10.cool,medium,800,True,MG1655:28,train
WIN_medium_de2c7db75de900b3,MG1655,3618400,3624800,3621600,6400,100,4523,rep1,True,28,28,F:\Micro-C\micro-c数据\GSE272159_37C_rep1.mapq_30.10.cool,medium,800,True,MG1655:28,train
WIN_medium_c94f007378a334b7,MG1655,3619200,3625600,3622400,6400,100,4524,rep1,True,29,29,F:\Micro-C\micro-c数据\GSE272159_37C_rep1.mapq_30.10.cool,medium,800,True,MG1655:28,train
WIN_medium_70055128de338b50,MG1655,3620000,3626400,3623200,6400,100,4525,rep1,True,23,23,F:\Micro-C\micro-c数据\GSE272159_37C_rep1.mapq_30.10.cool,medium,800,True,MG1655:28,train
WIN_medium_c67324f9234caf08,MG1655,3620800,3627200,3624000,6400,100,4526,rep1,True,15,15,F:\Micro-C\micro-c数据\GSE272159_37C_rep1.mapq_30.10.cool,medium,800,True,MG1655:28,train
WIN_medium_958f6d33917b75ea,MG1655,3621600,3628000,3624800,6400,100,4527,rep1,True,7,7,F:\Micro-C\micro-c数据\GSE272159_37C_rep1.mapq_30.10.cool,medium,800,True,MG1655:28,train
WIN_medium_e3a6413f201b8378,MG1655,3622400,3628800,3625600,6400,100,4528,rep1,True,2,2,F:\Micro-C\micro-c数据\GSE272159_37C_rep1.mapq_30.10.cool,medium,800,True,MG1655:28,train
WIN_medium_961cca4016f60566,MG1655,3623200,3629600,3626400,6400,100,4529,rep1,True,1,1,F:\Micro-C\micro-c数据\GSE272159_37C_rep1.mapq_30.10.cool,medium,800,True,MG1655:28,train
WIN_medium_e17bceb53e1f859b,MG1655,3624000,3630400,3627200,6400,100,4530,rep1,True,1,1,F:\Micro-C\micro-c数据\GSE272159_37C_rep1.mapq_30.10.cool,medium,800,True,MG1655:28,train
WIN_medium_3ca97aacbca4ea45,MG1655,3624800,3631200,3628000,6400,100,4531,rep1,True,1,1,F:\Micro-C\micro-c数据\GSE272159_37C_rep1.mapq_30.10.cool,medium,800,True,MG1655:28,train
WIN_medium_2c85a80160741f07,MG1655,3643200,3649600,3646400,6400,100,4554,rep1,False,0,0,F:\Micro-C\micro-c数据\GSE272159_37C_rep1.mapq_30.10.cool,medium,800,True,MG1655:28,train
WIN_medium_2555c23effa48b9b,MG1655,3644000,3650400,3647200,6400,100,4555,rep1,False,0,0,F:\Micro-C\micro-c数据\GSE272159_37C_rep1.mapq_30.10.cool,medium,800,True,MG1655:28,train
WIN_medium_0e407d42ced8dd0b,MG1655,3666400,3672800,3669600,6400,100,4583,rep1,True,6,6,F:\Micro-C\micro-c数据\GSE272159_37C_rep1.mapq_30.10.cool,medium,800,True,MG1655:28,train
WIN_medium_bbc9d580f957951e,MG1655,3667200,3673600,3670400,6400,100,4584,rep1,False,0,0,F:\Micro-C\micro-c数据\GSE272159_37C_rep1.mapq_30.10.cool,medium,800,True,MG1655:28,train
WIN_medium_a86c1932b1ae1d46,MG1655,3675200,3681600,3678400,6400,100,4594,rep1,False,0,0,F:\Micro-C\micro-c数据\GSE272159_37C_rep1.mapq_30.10.cool,medium,800,True,MG1655:28,train
WIN_medium_ce5da6c5addf619f,MG1655,3676000,3682400,3679200,6400,100,4595,rep1,False,0,0,F:\Micro-C\micro-c数据\GSE272159_37C_rep1.mapq_30.10.cool,medium,800,True,MG1655:28,train
WIN_medium_d5f06cd61bb04282,MG1655,3676800,3683200,3680000,6400,100,4596,rep1,False,0,0,F:\Micro-C\micro-c数据\GSE272159_37C_rep1.mapq_30.10.cool,medium,800,True,MG1655:28,train
WIN_medium_8044e411263d794e,MG1655,3677600,3684000,3680800,6400,100,4597,rep1,False,0,0,F:\Micro-C\micro-c数据\GSE272159_37C_rep1.mapq_30.10.cool,medium,800,True,MG1655:28,train
WIN_medium_1f16302d794e4d08,MG1655,3678400,3684800,3681600,6400,100,4598,rep1,False,0,0,F:\Micro-C\micro-c数据\GSE272159_37C_rep1.mapq_30.10.cool,medium,800,True,MG1655:28,train
WIN_medium_65843675049a3890,MG1655,3679200,3685600,3682400,6400,100,4599,rep1,False,0,0,F:\Micro-C\micro-c数据\GSE272159_37C_rep1.mapq_30.10.cool,medium,800,True,MG1655:28,train
WIN_medium_fb90fe39d137bcd6,MG1655,3680000,3686400,3683200,6400,100,4600,rep1,False,0,0,F:\Micro-C\micro-c数据\GSE272159_37C_rep1.mapq_30.10.cool,medium,800,True,MG1655:28,train
WIN_medium_e4a1b70da9bac410,MG1655,3680800,3687200,3684000,6400,100,4601,rep1,False,0,0,F:\Micro-C\micro-c数据\GSE272159_37C_rep1.mapq_30.10.cool,medium,800,True,MG1655:28,train
WIN_medium_4599493519acf852,MG1655,3681600,3688000,3684800,6400,100,4602,rep1,False,0,0,F:\Micro-C\micro-c数据\GSE272159_37C_rep1.mapq_30.10.cool,medium,800,True,MG1655:28,train
WIN_medium_828486855da7f334,MG1655,3682400,3688800,3685600,6400,100,4603,rep1,False,0,0,F:\Micro-C\micro-c数据\GSE272159_37C_rep1.mapq_30.10.cool,medium,800,True,MG1655:28,train
WIN_medium_2e5dc254d84e222f,MG1655,3683200,3689600,3686400,6400,100,4604,rep1,False,0,0,F:\Micro-C\micro-c数据\GSE272159_37C_rep1.mapq_30.10.cool,medium,800,True,MG1655:28,train
WIN_medium_d2c47e93e1339acb,MG1655,3684000,3690400,3687200,6400,100,4605,rep1,False,0,0,F:\Micro-C\micro-c数据\GSE272159_37C_rep1.mapq_30.10.cool,medium,800,True,MG1655:28,train
WIN_medium_c65c421d153ff4a9,MG1655,3684800,3691200,3688000,6400,100,4606,rep1,False,0,0,F:\Micro-C\micro-c数据\GSE272159_37C_rep1.mapq_30.10.cool,medium,800,True,MG1655:28,train
WIN_medium_f084de4add9a5b02,MG1655,3685600,3692000,3688800,6400,100,4607,rep1,False,0,0,F:\Micro-C\micro-c数据\GSE272159_37C_rep1.mapq_30.10.cool,medium,800,True,MG1655:28,train
WIN_medium_19305ef2ba37f155,MG1655,3686400,3692800,3689600,6400,100,4608,rep1,False,0,0,F:\Micro-C\micro-c数据\GSE272159_37C_rep1.mapq_30.10.cool,medium,800,True,MG1655:28,train
WIN_medium_bb9021cc59237678,MG1655,3687200,3693600,3690400,6400,100,4609,rep1,False,0,0,F:\Micro-C\micro-c数据\GSE272159_37C_rep1.mapq_30.10.cool,medium,800,True,MG1655:28,train
WIN_medium_e17d4711289200e8,MG1655,3688000,3694400,3691200,6400,100,4610,rep1,False,0,0,F:\Micro-C\micro-c数据\GSE272159_37C_rep1.mapq_30.10.cool,medium,800,True,MG1655:28,train
WIN_medium_d76201bd9932839e,MG1655,3688800,3695200,3692000,6400,100,4611,rep1,False,0,0,F:\Micro-C\micro-c数据\GSE272159_37C_rep1.mapq_30.10.cool,medium,800,True,MG1655:28,train
WIN_medium_d09b93745eb58456,MG1655,3689600,3696000,3692800,6400,100,4612,rep1,False,0,0,F:\Micro-C\micro-c数据\GSE272159_37C_rep1.mapq_30.10.cool,medium,800,True,MG1655:28,train
WIN_medium_40ecf9394818f3f2,MG1655,3690400,3696800,3693600,6400,100,4613,rep1,False,0,0,F:\Micro-C\micro-c数据\GSE272159_37C_rep1.mapq_30.10.cool,medium,800,True,MG1655:28,train
WIN_medium_09528d3d3b95b01c,MG1655,3691200,3697600,3694400,6400,100,4614,rep1,False,0,0,F:\Micro-C\micro-c数据\GSE272159_37C_rep1.mapq_30.10.cool,medium,800,True,MG1655:28,train
WIN_medium_adc911ea7d032f23,MG1655,3692000,3698400,3695200,6400,100,4615,rep1,False,0,0,F:\Micro-C\micro-c数据\GSE272159_37C_rep1.mapq_30.10.cool,medium,800,True,MG1655:28,train
WIN_medium_283930ec1d65cbcf,MG1655,3692800,3699200,3696000,6400,100,4616,rep1,False,0,0,F:\Micro-C\micro-c数据\GSE272159_37C_rep1.mapq_30.10.cool,medium,800,True,MG1655:28,train
WIN_medium_dfc14b7a21690c63,MG1655,3693600,3700000,3696800,6400,100,4617,rep1,False,0,0,F:\Micro-C\micro-c数据\GSE272159_37C_rep1.mapq_30.10.cool,medium,800,True,MG1655:28,train
WIN_medium_8526e8bdc556200a,MG1655,3694400,3700800,3697600,6400,100,4618,rep1,False,0,0,F:\Micro-C\micro-c数据\GSE272159_37C_rep1.mapq_30.10.cool,medium,800,True,MG1655:28,train
WIN_medium_7a2909da471cf721,MG1655,3695200,3701600,3698400,6400,100,4619,rep1,False,0,0,F:\Micro-C\micro-c数据\GSE272159_37C_rep1.mapq_30.10.cool,medium,800,True,MG1655:28,train
WIN_medium_138e06461ff5fb4f,MG1655,3696000,3702400,3699200,6400,100,4620,rep1,False,0,0,F:\Micro-C\micro-c数据\GSE272159_37C_rep1.mapq_30.10.cool,medium,800,True,MG1655:28,train
WIN_medium_de9c7a98993e33bc,MG1655,3696800,3703200,3700000,6400,100,4621,rep1,False,0,0,F:\Micro-C\micro-c数据\GSE272159_37C_rep1.mapq_30.10.cool,medium,800,True,MG1655:28,train
WIN_medium_4de754c201c6f904,MG1655,3697600,3704000,3700800,6400,100,4622,rep1,False,0,0,F:\Micro-C\micro-c数据\GSE272159_37C_rep1.mapq_30.10.cool,medium,800,True,MG1655:28,train
WIN_medium_68e68007ae644027,MG1655,3698400,3704800,3701600,6400,100,4623,rep1,False,0,0,F:\Micro-C\micro-c数据\GSE272159_37C_rep1.mapq_30.10.cool,medium,800,True,MG1655:28,train
WIN_medium_c782a60d2bf045c8,MG1655,3699200,3705600,3702400,6400,100,4624,rep1,False,0,0,F:\Micro-C\micro-c数据\GSE272159_37C_rep1.mapq_30.10.cool,medium,800,True,MG1655:28,train
WIN_medium_ef9bb2ba7d96a24d,MG1655,3700000,3706400,3703200,6400,100,4625,rep1,False,0,0,F:\Micro-C\micro-c数据\GSE272159_37C_rep1.mapq_30.10.cool,medium,800,True,MG1655:28,train
WIN_medium_b132b3974fd26092,MG1655,3700800,3707200,3704000,6400,100,4626,rep1,False,0,0,F:\Micro-C\micro-c数据\GSE272159_37C_rep1.mapq_30.10.cool,medium,800,True,MG1655:28,train
WIN_medium_72fe2c1d600c644d,MG1655,3701600,3708000,3704800,6400,100,4627,rep1,False,0,0,F:\Micro-C\micro-c数据\GSE272159_37C_rep1.mapq_30.10.cool,medium,800,True,MG1655:28,train
WIN_medium_cc9f90dae493b95b,MG1655,3702400,3708800,3705600,6400,100,4628,rep1,False,0,0,F:\Micro-C\micro-c数据\GSE272159_37C_rep1.mapq_30.10.cool,medium,800,True,MG1655:28,train
WIN_medium_1d0c99e27ee8ac12,MG1655,3703200,3709600,3706400,6400,100,4629,rep1,False,0,0,F:\Micro-C\micro-c数据\GSE272159_37C_rep1.mapq_30.10.cool,medium,800,True,MG1655:28,train
WIN_medium_d842c5b0020c8ba2,MG1655,3704000,3710400,3707200,6400,100,4630,rep1,False,0,0,F:\Micro-C\micro-c数据\GSE272159_37C_rep1.mapq_30.10.cool,medium,800,True,MG1655:28,train
WIN_medium_b967bd34ba0de4a2,MG1655,3704800,3711200,3708000,6400,100,4631,rep1,False,0,0,F:\Micro-C\micro-c数据\GSE272159_37C_rep1.mapq_30.10.cool,medium,800,True,MG1655:28,train
WIN_medium_d4abbc23b83a7315,MG1655,3705600,3712000,3708800,6400,100,4632,rep1,False,0,0,F:\Micro-C\micro-c数据\GSE272159_37C_rep1.mapq_30.10.cool,medium,800,True,MG1655:28,train
WIN_medium_446e59e9161be9c1,MG1655,3712000,3718400,3715200,6400,100,4640,rep1,False,0,0,F:\Micro-C\micro-c数据\GSE272159_37C_rep1.mapq_30.10.cool,medium,800,True,MG1655:29,train
WIN_medium_d09283dc6cf588df,MG1655,3712800,3719200,3716000,6400,100,4641,rep1,False,0,0,F:\Micro-C\micro-c数据\GSE272159_37C_rep1.mapq_30.10.cool,medium,800,True,MG1655:29,train
WIN_medium_55ac7c71706d5fc3,MG1655,3713600,3720000,3716800,6400,100,4642,rep1,False,0,0,F:\Micro-C\micro-c数据\GSE272159_37C_rep1.mapq_30.10.cool,medium,800,True,MG1655:29,train
WIN_medium_5f680b759ad63b17,MG1655,3722400,3728800,3725600,6400,100,4653,rep1,False,0,0,F:\Micro-C\micro-c数据\GSE272159_37C_rep1.mapq_30.10.cool,medium,800,True,MG1655:29,train
WIN_medium_2f658c274b254e11,MG1655,3723200,3729600,3726400,6400,100,4654,rep1,False,0,0,F:\Micro-C\micro-c数据\GSE272159_37C_rep1.mapq_30.10.cool,medium,800,True,MG1655:29,train
WIN_medium_b37dfb44ed047983,MG1655,3724000,3730400,3727200,6400,100,4655,rep1,False,0,0,F:\Micro-C\micro-c数据\GSE272159_37C_rep1.mapq_30.10.cool,medium,800,True,MG1655:29,train
WIN_medium_98f7b62a60ec2bfb,MG1655,3747200,3753600,3750400,6400,100,4684,rep1,False,0,0,F:\Micro-C\micro-c数据\GSE272159_37C_rep1.mapq_30.10.cool,medium,800,True,MG1655:29,train
WIN_medium_105e82e1e276745d,MG1655,3748000,3754400,3751200,6400,100,4685,rep1,False,0,0,F:\Micro-C\micro-c数据\GSE272159_37C_rep1.mapq_30.10.cool,medium,800,True,MG1655:29,train
WIN_medium_a73c5a0854a6d3bc,MG1655,3748800,3755200,3752000,6400,100,4686,rep1,False,0,0,F:\Micro-C\micro-c数据\GSE272159_37C_rep1.mapq_30.10.cool,medium,800,True,MG1655:29,train
WIN_medium_b376eaf63f9f4a58,MG1655,3749600,3756000,3752800,6400,100,4687,rep1,False,0,0,F:\Micro-C\micro-c数据\GSE272159_37C_rep1.mapq_30.10.cool,medium,800,True,MG1655:29,train
WIN_medium_cd390890aab94ce5,MG1655,3750400,3756800,3753600,6400,100,4688,rep1,False,0,0,F:\Micro-C\micro-c数据\GSE272159_37C_rep1.mapq_30.10.cool,medium,800,True,MG1655:29,train
WIN_medium_709ba59ebc7d1aeb,MG1655,3751200,3757600,3754400,6400,100,4689,rep1,False,0,0,F:\Micro-C\micro-c数据\GSE272159_37C_rep1.mapq_30.10.cool,medium,800,True,MG1655:29,train
WIN_medium_41858d151ef15dc6,MG1655,3752000,3758400,3755200,6400,100,4690,rep1,False,0,0,F:\Micro-C\micro-c数据\GSE272159_37C_rep1.mapq_30.10.cool,medium,800,True,MG1655:29,train
WIN_medium_8a982ca9480f4be2,MG1655,3752800,3759200,3756000,6400,100,4691,rep1,False,0,0,F:\Micro-C\micro-c数据\GSE272159_37C_rep1.mapq_30.10.cool,medium,800,True,MG1655:29,train
WIN_medium_014afe6ff49db0f6,MG1655,3753600,3760000,3756800,6400,100,4692,rep1,False,0,0,F:\Micro-C\micro-c数据\GSE272159_37C_rep1.mapq_30.10.cool,medium,800,True,MG1655:29,train
WIN_medium_8d450fe914c18d41,MG1655,3754400,3760800,3757600,6400,100,4693,rep1,False,0,0,F:\Micro-C\micro-c数据\GSE272159_37C_rep1.mapq_30.10.cool,medium,800,True,MG1655:29,train
WIN_medium_6d622445a2c62a4d,MG1655,3755200,3761600,3758400,6400,100,4694,rep1,False,0,0,F:\Micro-C\micro-c数据\GSE272159_37C_rep1.mapq_30.10.cool,medium,800,True,MG1655:29,train
WIN_medium_45383e6f825ec8b8,MG1655,3756000,3762400,3759200,6400,100,4695,rep1,False,0,0,F:\Micro-C\micro-c数据\GSE272159_37C_rep1.mapq_30.10.cool,medium,800,True,MG1655:29,train
WIN_medium_b9fbd4f80279a5af,MG1655,3756800,3763200,3760000,6400,100,4696,rep1,True,8,8,F:\Micro-C\micro-c数据\GSE272159_37C_rep1.mapq_30.10.cool,medium,800,True,MG1655:29,train
WIN_medium_82f74ef6f07f91c3,MG1655,3757600,3764000,3760800,6400,100,4697,rep1,True,16,16,F:\Micro-C\micro-c数据\GSE272159_37C_rep1.mapq_30.10.cool,medium,800,True,MG1655:29,train
WIN_medium_5d4d7f6365c5c35c,MG1655,3758400,3764800,3761600,6400,100,4698,rep1,True,23,23,F:\Micro-C\micro-c数据\GSE272159_37C_rep1.mapq_30.10.cool,medium,800,True,MG1655:29,train
WIN_medium_d54b071cbcc68e51,MG1655,3759200,3765600,3762400,6400,100,4699,rep1,True,27,27,F:\Micro-C\micro-c数据\GSE272159_37C_rep1.mapq_30.10.cool,medium,800,True,MG1655:29,train
WIN_medium_6471cdffb92d2916,MG1655,3770400,3776800,3773600,6400,100,4713,rep1,False,0,0,F:\Micro-C\micro-c数据\GSE272159_37C_rep1.mapq_30.10.cool,medium,800,True,MG1655:29,train
WIN_medium_c5d23accf5140d6a,MG1655,3771200,3777600,3774400,6400,100,4714,rep1,False,0,0,F:\Micro-C\micro-c数据\GSE272159_37C_rep1.mapq_30.10.cool,medium,800,True,MG1655:29,train
WIN_medium_2a6a63777146bb95,MG1655,3772000,3778400,3775200,6400,100,4715,rep1,False,0,0,F:\Micro-C\micro-c数据\GSE272159_37C_rep1.mapq_30.10.cool,medium,800,True,MG1655:29,train
WIN_medium_fb5fd327b14a9172,MG1655,3772800,3779200,3776000,6400,100,4716,rep1,False,0,0,F:\Micro-C\micro-c数据\GSE272159_37C_rep1.mapq_30.10.cool,medium,800,True,MG1655:29,train
WIN_medium_be795f75528a59d8,MG1655,3773600,3780000,3776800,6400,100,4717,rep1,False,0,0,F:\Micro-C\micro-c数据\GSE272159_37C_rep1.mapq_30.10.cool,medium,800,True,MG1655:29,train
WIN_medium_7c3882f37113249c,MG1655,3774400,3780800,3777600,6400,100,4718,rep1,False,0,0,F:\Micro-C\micro-c数据\GSE272159_37C_rep1.mapq_30.10.cool,medium,800,True,MG1655:29,train
WIN_medium_bec36ac4854a48ca,MG1655,3775200,3781600,3778400,6400,100,4719,rep1,False,0,0,F:\Micro-C\micro-c数据\GSE272159_37C_rep1.mapq_30.10.cool,medium,800,True,MG1655:29,train
WIN_medium_0fb640fd2bfdde6d,MG1655,3776000,3782400,3779200,6400,100,4720,rep1,False,0,0,F:\Micro-C\micro-c数据\GSE272159_37C_rep1.mapq_30.10.cool,medium,800,True,MG1655:29,train
WIN_medium_511cb7dc4404ecf7,MG1655,3776800,3783200,3780000,6400,100,4721,rep1,False,0,0,F:\Micro-C\micro-c数据\GSE272159_37C_rep1.mapq_30.10.cool,medium,800,True,MG1655:29,train
WIN_medium_0da387e7b495c4cb,MG1655,3777600,3784000,3780800,6400,100,4722,rep1,False,0,0,F:\Micro-C\micro-c数据\GSE272159_37C_rep1.mapq_30.10.cool,medium,800,True,MG1655:29,train
WIN_medium_39776b80de00f12e,MG1655,3778400,3784800,3781600,6400,100,4723,rep1,False,0,0,F:\Micro-C\micro-c数据\GSE272159_37C_rep1.mapq_30.10.cool,medium,800,True,MG1655:29,train
WIN_medium_dfdae9ac126d7652,MG1655,3779200,3785600,3782400,6400,100,4724,rep1,False,0,0,F:\Micro-C\micro-c数据\GSE272159_37C_rep1.mapq_30.10.cool,medium,800,True,MG1655:29,train
WIN_medium_9998812a78199a91,MG1655,3780000,3786400,3783200,6400,100,4725,rep1,False,0,0,F:\Micro-C\micro-c数据\GSE272159_37C_rep1.mapq_30.10.cool,medium,800,True,MG1655:29,train
WIN_medium_0bf17dfd8e01126a,MG1655,3780800,3787200,3784000,6400,100,4726,rep1,False,0,0,F:\Micro-C\micro-c数据\GSE272159_37C_rep1.mapq_30.10.cool,medium,800,True,MG1655:29,train
WIN_medium_af22c1214ca34f97,MG1655,3781600,3788000,3784800,6400,100,4727,rep1,False,0,0,F:\Micro-C\micro-c数据\GSE272159_37C_rep1.mapq_30.10.cool,medium,800,True,MG1655:29,train
WIN_medium_347580b366cfbd5c,MG1655,3782400,3788800,3785600,6400,100,4728,rep1,False,0,0,F:\Micro-C\micro-c数据\GSE272159_37C_rep1.mapq_30.10.cool,medium,800,True,MG1655:29,train
WIN_medium_200581e983b0dd21,MG1655,3808800,3815200,3812000,6400,100,4761,rep1,False,0,0,F:\Micro-C\micro-c数据\GSE272159_37C_rep1.mapq_30.10.cool,medium,800,True,MG1655:29,train
WIN_medium_9552db4fda536e45,MG1655,3809600,3816000,3812800,6400,100,4762,rep1,False,0,0,F:\Micro-C\micro-c数据\GSE272159_37C_rep1.mapq_30.10.cool,medium,800,True,MG1655:29,train
WIN_medium_db3bea865ab0110f,MG1655,3810400,3816800,3813600,6400,100,4763,rep1,False,0,0,F:\Micro-C\micro-c数据\GSE272159_37C_rep1.mapq_30.10.cool,medium,800,True,MG1655:29,train
WIN_medium_5495bf88775766a7,MG1655,3811200,3817600,3814400,6400,100,4764,rep1,False,0,0,F:\Micro-C\micro-c数据\GSE272159_37C_rep1.mapq_30.10.cool,medium,800,True,MG1655:29,train
WIN_medium_9ef6ce108d0ca188,MG1655,3812000,3818400,3815200,6400,100,4765,rep1,False,0,0,F:\Micro-C\micro-c数据\GSE272159_37C_rep1.mapq_30.10.cool,medium,800,True,MG1655:29,train
WIN_medium_b9fed435898cc67e,MG1655,3812800,3819200,3816000,6400,100,4766,rep1,False,0,0,F:\Micro-C\micro-c数据\GSE272159_37C_rep1.mapq_30.10.cool,medium,800,True,MG1655:29,train
WIN_medium_8bb0bdc8933811f4,MG1655,3813600,3820000,3816800,6400,100,4767,rep1,False,0,0,F:\Micro-C\micro-c数据\GSE272159_37C_rep1.mapq_30.10.cool,medium,800,True,MG1655:29,train
WIN_medium_653231197cf41e94,MG1655,3814400,3820800,3817600,6400,100,4768,rep1,False,0,0,F:\Micro-C\micro-c数据\GSE272159_37C_rep1.mapq_30.10.cool,medium,800,True,MG1655:29,train
WIN_medium_41159ef291804428,MG1655,3815200,3821600,3818400,6400,100,4769,rep1,False,0,0,F:\Micro-C\micro-c数据\GSE272159_37C_rep1.mapq_30.10.cool,medium,800,True,MG1655:29,train
WIN_medium_609ac599aa338758,MG1655,3816000,3822400,3819200,6400,100,4770,rep1,False,0,0,F:\Micro-C\micro-c数据\GSE272159_37C_rep1.mapq_30.10.cool,medium,800,True,MG1655:29,train
WIN_medium_5028d32ffcde8e81,MG1655,3816800,3823200,3820000,6400,100,4771,rep1,False,0,0,F:\Micro-C\micro-c数据\GSE272159_37C_rep1.mapq_30.10.cool,medium,800,True,MG1655:29,train
WIN_medium_9eb2317d2caf55e3,MG1655,3817600,3824000,3820800,6400,100,4772,rep1,False,0,0,F:\Micro-C\micro-c数据\GSE272159_37C_rep1.mapq_30.10.cool,medium,800,True,MG1655:29,train
WIN_medium_64946a9aa4a2d7bf,MG1655,3818400,3824800,3821600,6400,100,4773,rep1,False,0,0,F:\Micro-C\micro-c数据\GSE272159_37C_rep1.mapq_30.10.cool,medium,800,True,MG1655:29,train
WIN_medium_805c009fb2ec9419,MG1655,3819200,3825600,3822400,6400,100,4774,rep1,False,0,0,F:\Micro-C\micro-c数据\GSE272159_37C_rep1.mapq_30.10.cool,medium,800,True,MG1655:29,train
WIN_medium_3261e2ce87c8f3c5,MG1655,3820000,3826400,3823200,6400,100,4775,rep1,False,0,0,F:\Micro-C\micro-c数据\GSE272159_37C_rep1.mapq_30.10.cool,medium,800,True,MG1655:29,train
WIN_medium_ee137679e5dc11a7,MG1655,3820800,3827200,3824000,6400,100,4776,rep1,False,0,0,F:\Micro-C\micro-c数据\GSE272159_37C_rep1.mapq_30.10.cool,medium,800,True,MG1655:29,train
WIN_medium_82d06e30039d7a59,MG1655,3821600,3828000,3824800,6400,100,4777,rep1,False,0,0,F:\Micro-C\micro-c数据\GSE272159_37C_rep1.mapq_30.10.cool,medium,800,True,MG1655:29,train
WIN_medium_aa4ef57c41e88247,MG1655,3822400,3828800,3825600,6400,100,4778,rep1,False,0,0,F:\Micro-C\micro-c数据\GSE272159_37C_rep1.mapq_30.10.cool,medium,800,True,MG1655:29,train
WIN_medium_508db813d14b692d,MG1655,3823200,3829600,3826400,6400,100,4779,rep1,False,0,0,F:\Micro-C\micro-c数据\GSE272159_37C_rep1.mapq_30.10.cool,medium,800,True,MG1655:29,train
WIN_medium_fe3cc9df1151b7e4,MG1655,3824000,3830400,3827200,6400,100,4780,rep1,False,0,0,F:\Micro-C\micro-c数据\GSE272159_37C_rep1.mapq_30.10.cool,medium,800,True,MG1655:29,train
WIN_medium_2813d98c65b57575,MG1655,3824800,3831200,3828000,6400,100,4781,rep1,False,0,0,F:\Micro-C\micro-c数据\GSE272159_37C_rep1.mapq_30.10.cool,medium,800,True,MG1655:29,train
WIN_medium_c1dc29b5c81b142f,MG1655,3825600,3832000,3828800,6400,100,4782,rep1,False,0,0,F:\Micro-C\micro-c数据\GSE272159_37C_rep1.mapq_30.10.cool,medium,800,True,MG1655:29,train
WIN_medium_d20ff06a4315efba,MG1655,3826400,3832800,3829600,6400,100,4783,rep1,False,0,0,F:\Micro-C\micro-c数据\GSE272159_37C_rep1.mapq_30.10.cool,medium,800,True,MG1655:29,train
WIN_medium_af7c19367214a9eb,MG1655,3827200,3833600,3830400,6400,100,4784,rep1,False,0,0,F:\Micro-C\micro-c数据\GSE272159_37C_rep1.mapq_30.10.cool,medium,800,True,MG1655:29,train
WIN_medium_8135d4d1b1e506a2,MG1655,3828000,3834400,3831200,6400,100,4785,rep1,False,0,0,F:\Micro-C\micro-c数据\GSE272159_37C_rep1.mapq_30.10.cool,medium,800,True,MG1655:29,train
WIN_medium_08d0660b31650fed,MG1655,3828800,3835200,3832000,6400,100,4786,rep1,False,0,0,F:\Micro-C\micro-c数据\GSE272159_37C_rep1.mapq_30.10.cool,medium,800,True,MG1655:29,train
WIN_medium_d5d5abef2bfc9436,MG1655,3829600,3836000,3832800,6400,100,4787,rep1,False,0,0,F:\Micro-C\micro-c数据\GSE272159_37C_rep1.mapq_30.10.cool,medium,800,True,MG1655:29,train
WIN_medium_0861ce9a993eed86,MG1655,3844800,3851200,3848000,6400,100,4806,rep1,False,0,0,F:\Micro-C\micro-c数据\GSE272159_37C_rep1.mapq_30.10.cool,medium,800,True,MG1655:30,train
WIN_medium_b774d26ee83a5dbc,MG1655,3845600,3852000,3848800,6400,100,4807,rep1,False,0,0,F:\Micro-C\micro-c数据\GSE272159_37C_rep1.mapq_30.10.cool,medium,800,True,MG1655:30,train
WIN_medium_9a22c0c62a2e8616,MG1655,3846400,3852800,3849600,6400,100,4808,rep1,False,0,0,F:\Micro-C\micro-c数据\GSE272159_37C_rep1.mapq_30.10.cool,medium,800,True,MG1655:30,train
WIN_medium_16cba4dc7f9e86ce,MG1655,3847200,3853600,3850400,6400,100,4809,rep1,False,0,0,F:\Micro-C\micro-c数据\GSE272159_37C_rep1.mapq_30.10.cool,medium,800,True,MG1655:30,train
WIN_medium_e127ef3e8f3a2d3b,MG1655,3848000,3854400,3851200,6400,100,4810,rep1,False,0,0,F:\Micro-C\micro-c数据\GSE272159_37C_rep1.mapq_30.10.cool,medium,800,True,MG1655:30,train
WIN_medium_54a171212c1401c1,MG1655,3848800,3855200,3852000,6400,100,4811,rep1,False,0,0,F:\Micro-C\micro-c数据\GSE272159_37C_rep1.mapq_30.10.cool,medium,800,True,MG1655:30,train
WIN_medium_c76ca20c2b8e2e75,MG1655,3849600,3856000,3852800,6400,100,4812,rep1,False,0,0,F:\Micro-C\micro-c数据\GSE272159_37C_rep1.mapq_30.10.cool,medium,800,True,MG1655:30,train
WIN_medium_de72ceace8e229b4,MG1655,3850400,3856800,3853600,6400,100,4813,rep1,False,0,0,F:\Micro-C\micro-c数据\GSE272159_37C_rep1.mapq_30.10.cool,medium,800,True,MG1655:30,train
WIN_medium_c291eff359513dde,MG1655,3851200,3857600,3854400,6400,100,4814,rep1,False,0,0,F:\Micro-C\micro-c数据\GSE272159_37C_rep1.mapq_30.10.cool,medium,800,True,MG1655:30,train
WIN_medium_a000eff51147e274,MG1655,3852000,3858400,3855200,6400,100,4815,rep1,False,0,0,F:\Micro-C\micro-c数据\GSE272159_37C_rep1.mapq_30.10.cool,medium,800,True,MG1655:30,train
WIN_medium_a1c3b9e17e072883,MG1655,3852800,3859200,3856000,6400,100,4816,rep1,False,0,0,F:\Micro-C\micro-c数据\GSE272159_37C_rep1.mapq_30.10.cool,medium,800,True,MG1655:30,train
WIN_medium_4822df9faf96b734,MG1655,3853600,3860000,3856800,6400,100,4817,rep1,False,0,0,F:\Micro-C\micro-c数据\GSE272159_37C_rep1.mapq_30.10.cool,medium,800,True,MG1655:30,train
WIN_medium_eb88ece82f40b7ca,MG1655,3854400,3860800,3857600,6400,100,4818,rep1,False,0,0,F:\Micro-C\micro-c数据\GSE272159_37C_rep1.mapq_30.10.cool,medium,800,True,MG1655:30,train
WIN_medium_5890d73cd9f470e0,MG1655,3855200,3861600,3858400,6400,100,4819,rep1,False,0,0,F:\Micro-C\micro-c数据\GSE272159_37C_rep1.mapq_30.10.cool,medium,800,True,MG1655:30,train
WIN_medium_6cd991d805719e38,MG1655,3856000,3862400,3859200,6400,100,4820,rep1,False,0,0,F:\Micro-C\micro-c数据\GSE272159_37C_rep1.mapq_30.10.cool,medium,800,True,MG1655:30,train
WIN_medium_ad79f9b961765de8,MG1655,3856800,3863200,3860000,6400,100,4821,rep1,False,0,0,F:\Micro-C\micro-c数据\GSE272159_37C_rep1.mapq_30.10.cool,medium,800,True,MG1655:30,train
WIN_medium_c7904ad26d8779fd,MG1655,3857600,3864000,3860800,6400,100,4822,rep1,False,0,0,F:\Micro-C\micro-c数据\GSE272159_37C_rep1.mapq_30.10.cool,medium,800,True,MG1655:30,train
WIN_medium_7bee5caa70891609,MG1655,3876800,3883200,3880000,6400,100,4846,rep1,False,0,0,F:\Micro-C\micro-c数据\GSE272159_37C_rep1.mapq_30.10.cool,medium,800,True,MG1655:30,train
WIN_medium_ba8daaabbcbab5be,MG1655,3877600,3884000,3880800,6400,100,4847,rep1,False,0,0,F:\Micro-C\micro-c数据\GSE272159_37C_rep1.mapq_30.10.cool,medium,800,True,MG1655:30,train
WIN_medium_682969a176e81e37,MG1655,3878400,3884800,3881600,6400,100,4848,rep1,False,0,0,F:\Micro-C\micro-c数据\GSE272159_37C_rep1.mapq_30.10.cool,medium,800,True,MG1655:30,train
WIN_medium_cd0177346458b3d5,MG1655,3879200,3885600,3882400,6400,100,4849,rep1,False,0,0,F:\Micro-C\micro-c数据\GSE272159_37C_rep1.mapq_30.10.cool,medium,800,True,MG1655:30,train
WIN_medium_eb92b209a103f0f8,MG1655,3880000,3886400,3883200,6400,100,4850,rep1,False,0,0,F:\Micro-C\micro-c数据\GSE272159_37C_rep1.mapq_30.10.cool,medium,800,True,MG1655:30,train
WIN_medium_84175cd32bf847ff,MG1655,3880800,3887200,3884000,6400,100,4851,rep1,False,0,0,F:\Micro-C\micro-c数据\GSE272159_37C_rep1.mapq_30.10.cool,medium,800,True,MG1655:30,train
WIN_medium_f9557944f89b9719,MG1655,3881600,3888000,3884800,6400,100,4852,rep1,False,0,0,F:\Micro-C\micro-c数据\GSE272159_37C_rep1.mapq_30.10.cool,medium,800,True,MG1655:30,train
WIN_medium_af5ee48f4c68a484,MG1655,3882400,3888800,3885600,6400,100,4853,rep1,False,0,0,F:\Micro-C\micro-c数据\GSE272159_37C_rep1.mapq_30.10.cool,medium,800,True,MG1655:30,train
WIN_medium_8ec826ceb908087a,MG1655,3883200,3889600,3886400,6400,100,4854,rep1,False,0,0,F:\Micro-C\micro-c数据\GSE272159_37C_rep1.mapq_30.10.cool,medium,800,True,MG1655:30,train
WIN_medium_bdf806666aa484bd,MG1655,3884000,3890400,3887200,6400,100,4855,rep1,False,0,0,F:\Micro-C\micro-c数据\GSE272159_37C_rep1.mapq_30.10.cool,medium,800,True,MG1655:30,train
WIN_medium_c953e08b6161001b,MG1655,3884800,3891200,3888000,6400,100,4856,rep1,False,0,0,F:\Micro-C\micro-c数据\GSE272159_37C_rep1.mapq_30.10.cool,medium,800,True,MG1655:30,train
WIN_medium_08d8939cf8069d15,MG1655,3885600,3892000,3888800,6400,100,4857,rep1,False,0,0,F:\Micro-C\micro-c数据\GSE272159_37C_rep1.mapq_30.10.cool,medium,800,True,MG1655:30,train
WIN_medium_1379fb39069dc393,MG1655,3886400,3892800,3889600,6400,100,4858,rep1,False,0,0,F:\Micro-C\micro-c数据\GSE272159_37C_rep1.mapq_30.10.cool,medium,800,True,MG1655:30,train
WIN_medium_f936bac55d950ee9,MG1655,3887200,3893600,3890400,6400,100,4859,rep1,False,0,0,F:\Micro-C\micro-c数据\GSE272159_37C_rep1.mapq_30.10.cool,medium,800,True,MG1655:30,train
WIN_medium_5b188a304c5b7acf,MG1655,3888000,3894400,3891200,6400,100,4860,rep1,False,0,0,F:\Micro-C\micro-c数据\GSE272159_37C_rep1.mapq_30.10.cool,medium,800,True,MG1655:30,train
WIN_medium_b050a9ae0d0c3188,MG1655,3888800,3895200,3892000,6400,100,4861,rep1,False,0,0,F:\Micro-C\micro-c数据\GSE272159_37C_rep1.mapq_30.10.cool,medium,800,True,MG1655:30,train
WIN_medium_a69d6ae29e08d0a4,MG1655,3889600,3896000,3892800,6400,100,4862,rep1,False,0,0,F:\Micro-C\micro-c数据\GSE272159_37C_rep1.mapq_30.10.cool,medium,800,True,MG1655:30,train
WIN_medium_41fab146b840844a,MG1655,3890400,3896800,3893600,6400,100,4863,rep1,False,0,0,F:\Micro-C\micro-c数据\GSE272159_37C_rep1.mapq_30.10.cool,medium,800,True,MG1655:30,train
WIN_medium_743f4bad332ea06c,MG1655,3891200,3897600,3894400,6400,100,4864,rep1,False,0,0,F:\Micro-C\micro-c数据\GSE272159_37C_rep1.mapq_30.10.cool,medium,800,True,MG1655:30,train
WIN_medium_53c33ce960c16a87,MG1655,3892000,3898400,3895200,6400,100,4865,rep1,False,0,0,F:\Micro-C\micro-c数据\GSE272159_37C_rep1.mapq_30.10.cool,medium,800,True,MG1655:30,train
WIN_medium_a6f3f426d952fd75,MG1655,3892800,3899200,3896000,6400,100,4866,rep1,False,0,0,F:\Micro-C\micro-c数据\GSE272159_37C_rep1.mapq_30.10.cool,medium,800,True,MG1655:30,train
WIN_medium_2419cc705aee75f3,MG1655,3893600,3900000,3896800,6400,100,4867,rep1,False,0,0,F:\Micro-C\micro-c数据\GSE272159_37C_rep1.mapq_30.10.cool,medium,800,True,MG1655:30,train
WIN_medium_8e1ca23b2f9919fe,MG1655,3927200,3933600,3930400,6400,100,4909,rep1,False,0,0,F:\Micro-C\micro-c数据\GSE272159_37C_rep1.mapq_30.10.cool,medium,800,True,MG1655:30,train
WIN_medium_447c786e4df65581,MG1655,3928000,3934400,3931200,6400,100,4910,rep1,False,0,0,F:\Micro-C\micro-c数据\GSE272159_37C_rep1.mapq_30.10.cool,medium,800,True,MG1655:30,train
WIN_medium_8eda9caaa2fff7c8,MG1655,3928800,3935200,3932000,6400,100,4911,rep1,False,0,0,F:\Micro-C\micro-c数据\GSE272159_37C_rep1.mapq_30.10.cool,medium,800,True,MG1655:30,train
WIN_medium_23411f1f7e58c88e,MG1655,3929600,3936000,3932800,6400,100,4912,rep1,False,0,0,F:\Micro-C\micro-c数据\GSE272159_37C_rep1.mapq_30.10.cool,medium,800,True,MG1655:30,train
WIN_medium_8cfbc81420dbb790,MG1655,3930400,3936800,3933600,6400,100,4913,rep1,False,0,0,F:\Micro-C\micro-c数据\GSE272159_37C_rep1.mapq_30.10.cool,medium,800,True,MG1655:30,train
WIN_medium_2c6ac4e0839609f6,MG1655,3931200,3937600,3934400,6400,100,4914,rep1,False,0,0,F:\Micro-C\micro-c数据\GSE272159_37C_rep1.mapq_30.10.cool,medium,800,True,MG1655:30,train
WIN_medium_5fea8182385bd735,MG1655,3932000,3938400,3935200,6400,100,4915,rep1,False,0,0,F:\Micro-C\micro-c数据\GSE272159_37C_rep1.mapq_30.10.cool,medium,800,True,MG1655:30,train
WIN_medium_7adb46e51d104acc,MG1655,3932800,3939200,3936000,6400,100,4916,rep1,False,0,0,F:\Micro-C\micro-c数据\GSE272159_37C_rep1.mapq_30.10.cool,medium,800,True,MG1655:30,train
WIN_medium_acc191bff4bffebe,MG1655,3933600,3940000,3936800,6400,100,4917,rep1,False,0,0,F:\Micro-C\micro-c数据\GSE272159_37C_rep1.mapq_30.10.cool,medium,800,True,MG1655:30,train
WIN_medium_ab2783c32c37b509,MG1655,3934400,3940800,3937600,6400,100,4918,rep1,False,0,0,F:\Micro-C\micro-c数据\GSE272159_37C_rep1.mapq_30.10.cool,medium,800,True,MG1655:30,train
WIN_medium_499c6a771ff5fa0c,MG1655,3935200,3941600,3938400,6400,100,4919,rep1,False,0,0,F:\Micro-C\micro-c数据\GSE272159_37C_rep1.mapq_30.10.cool,medium,800,True,MG1655:30,train
WIN_medium_c7fc6969e63b9213,MG1655,3936000,3942400,3939200,6400,100,4920,rep1,True,4,4,F:\Micro-C\micro-c数据\GSE272159_37C_rep1.mapq_30.10.cool,medium,800,True,MG1655:30,train
WIN_medium_59fc7097b68cb2da,MG1655,3936800,3943200,3940000,6400,100,4921,rep1,True,12,12,F:\Micro-C\micro-c数据\GSE272159_37C_rep1.mapq_30.10.cool,medium,800,True,MG1655:30,train
WIN_medium_d6a2f98813a58849,MG1655,3937600,3944000,3940800,6400,100,4922,rep1,True,18,18,F:\Micro-C\micro-c数据\GSE272159_37C_rep1.mapq_30.10.cool,medium,800,True,MG1655:30,train
WIN_medium_d278912a42b25f2b,MG1655,3938400,3944800,3941600,6400,100,4923,rep1,True,24,24,F:\Micro-C\micro-c数据\GSE272159_37C_rep1.mapq_30.10.cool,medium,800,True,MG1655:30,train
WIN_medium_87be710bf594d074,MG1655,3939200,3945600,3942400,6400,100,4924,rep1,True,33,33,F:\Micro-C\micro-c数据\GSE272159_37C_rep1.mapq_30.10.cool,medium,800,True,MG1655:30,train
WIN_medium_7744ef897249a524,MG1655,3940000,3946400,3943200,6400,100,4925,rep1,True,39,39,F:\Micro-C\micro-c数据\GSE272159_37C_rep1.mapq_30.10.cool,medium,800,True,MG1655:30,train
WIN_medium_7bfdd7119a6ab4ed,MG1655,3940800,3947200,3944000,6400,100,4926,rep1,True,41,41,F:\Micro-C\micro-c数据\GSE272159_37C_rep1.mapq_30.10.cool,medium,800,True,MG1655:30,train
WIN_medium_c88a2bb2e2b71677,MG1655,3941600,3948000,3944800,6400,100,4927,rep1,True,41,41,F:\Micro-C\micro-c数据\GSE272159_37C_rep1.mapq_30.10.cool,medium,800,True,MG1655:30,train
WIN_medium_2fd3e5af8265dd03,MG1655,3942400,3948800,3945600,6400,100,4928,rep1,True,35,35,F:\Micro-C\micro-c数据\GSE272159_37C_rep1.mapq_30.10.cool,medium,800,True,MG1655:30,train
WIN_medium_16e27649385a36d0,MG1655,3943200,3949600,3946400,6400,100,4929,rep1,True,27,27,F:\Micro-C\micro-c数据\GSE272159_37C_rep1.mapq_30.10.cool,medium,800,True,MG1655:30,train
WIN_medium_99f179274a967809,MG1655,3944000,3950400,3947200,6400,100,4930,rep1,True,18,18,F:\Micro-C\micro-c数据\GSE272159_37C_rep1.mapq_30.10.cool,medium,800,True,MG1655:30,train
WIN_medium_6a636a78b9eaeb05,MG1655,3944800,3951200,3948000,6400,100,4931,rep1,True,12,12,F:\Micro-C\micro-c数据\GSE272159_37C_rep1.mapq_30.10.cool,medium,800,True,MG1655:30,train
WIN_medium_c2c75c97d4674370,MG1655,3945600,3952000,3948800,6400,100,4932,rep1,True,5,5,F:\Micro-C\micro-c数据\GSE272159_37C_rep1.mapq_30.10.cool,medium,800,True,MG1655:30,train
WIN_medium_89368b3b125f5b3b,MG1655,3946400,3952800,3949600,6400,100,4933,rep1,True,1,1,F:\Micro-C\micro-c数据\GSE272159_37C_rep1.mapq_30.10.cool,medium,800,True,MG1655:30,train
WIN_medium_292cae374e0f39fa,MG1655,3947200,3953600,3950400,6400,100,4934,rep1,False,0,0,F:\Micro-C\micro-c数据\GSE272159_37C_rep1.mapq_30.10.cool,medium,800,True,MG1655:30,train
WIN_medium_2c503d98f81cc782,MG1655,3948000,3954400,3951200,6400,100,4935,rep1,False,0,0,F:\Micro-C\micro-c数据\GSE272159_37C_rep1.mapq_30.10.cool,medium,800,True,MG1655:30,train
WIN_medium_b7a7b40878df81ba,MG1655,3948800,3955200,3952000,6400,100,4936,rep1,False,0,0,F:\Micro-C\micro-c数据\GSE272159_37C_rep1.mapq_30.10.cool,medium,800,True,MG1655:30,train
WIN_medium_32f2e60ddccec765,MG1655,3949600,3956000,3952800,6400,100,4937,rep1,False,0,0,F:\Micro-C\micro-c数据\GSE272159_37C_rep1.mapq_30.10.cool,medium,800,True,MG1655:30,train
WIN_medium_3a8d4c138b675dab,MG1655,3950400,3956800,3953600,6400,100,4938,rep1,False,0,0,F:\Micro-C\micro-c数据\GSE272159_37C_rep1.mapq_30.10.cool,medium,800,True,MG1655:30,train
WIN_medium_d7e16dc81c674a1b,MG1655,3951200,3957600,3954400,6400,100,4939,rep1,False,0,0,F:\Micro-C\micro-c数据\GSE272159_37C_rep1.mapq_30.10.cool,medium,800,True,MG1655:30,train
WIN_medium_1cfde89f1f85ddfc,MG1655,3952000,3958400,3955200,6400,100,4940,rep1,False,0,0,F:\Micro-C\micro-c数据\GSE272159_37C_rep1.mapq_30.10.cool,medium,800,True,MG1655:30,train
WIN_medium_2ce4e2f3b8b527f2,MG1655,3952800,3959200,3956000,6400,100,4941,rep1,False,0,0,F:\Micro-C\micro-c数据\GSE272159_37C_rep1.mapq_30.10.cool,medium,800,True,MG1655:30,train
WIN_medium_762d710453b012f0,MG1655,3953600,3960000,3956800,6400,100,4942,rep1,False,0,0,F:\Micro-C\micro-c数据\GSE272159_37C_rep1.mapq_30.10.cool,medium,800,True,MG1655:30,train
WIN_medium_79fc9dd01160b007,MG1655,3954400,3960800,3957600,6400,100,4943,rep1,False,0,0,F:\Micro-C\micro-c数据\GSE272159_37C_rep1.mapq_30.10.cool,medium,800,True,MG1655:30,train
WIN_medium_7df7f45f55310aa8,MG1655,3955200,3961600,3958400,6400,100,4944,rep1,False,0,0,F:\Micro-C\micro-c数据\GSE272159_37C_rep1.mapq_30.10.cool,medium,800,True,MG1655:30,train
WIN_medium_d6e4a3c360033a02,MG1655,3956000,3962400,3959200,6400,100,4945,rep1,False,0,0,F:\Micro-C\micro-c数据\GSE272159_37C_rep1.mapq_30.10.cool,medium,800,True,MG1655:30,train
WIN_medium_eb01709e4f589331,MG1655,3956800,3963200,3960000,6400,100,4946,rep1,False,0,0,F:\Micro-C\micro-c数据\GSE272159_37C_rep1.mapq_30.10.cool,medium,800,True,MG1655:30,train
WIN_medium_c82bff73320e9331,MG1655,3957600,3964000,3960800,6400,100,4947,rep1,False,0,0,F:\Micro-C\micro-c数据\GSE272159_37C_rep1.mapq_30.10.cool,medium,800,True,MG1655:30,train
WIN_medium_e53c24c96ec568ba,MG1655,3958400,3964800,3961600,6400,100,4948,rep1,False,0,0,F:\Micro-C\micro-c数据\GSE272159_37C_rep1.mapq_30.10.cool,medium,800,True,MG1655:30,train
WIN_medium_7cc31bb8ce6fad09,MG1655,3959200,3965600,3962400,6400,100,4949,rep1,False,0,0,F:\Micro-C\micro-c数据\GSE272159_37C_rep1.mapq_30.10.cool,medium,800,True,MG1655:30,train
WIN_medium_4174f16f3dad6e18,MG1655,3960000,3966400,3963200,6400,100,4950,rep1,False,0,0,F:\Micro-C\micro-c数据\GSE272159_37C_rep1.mapq_30.10.cool,medium,800,True,MG1655:30,train
WIN_medium_133cbb9040f48800,MG1655,3960800,3967200,3964000,6400,100,4951,rep1,False,0,0,F:\Micro-C\micro-c数据\GSE272159_37C_rep1.mapq_30.10.cool,medium,800,True,MG1655:30,train
WIN_medium_d25142560c230931,MG1655,3961600,3968000,3964800,6400,100,4952,rep1,False,0,0,F:\Micro-C\micro-c数据\GSE272159_37C_rep1.mapq_30.10.cool,medium,800,True,MG1655:30,train
WIN_medium_39ebded5dfbf1e05,MG1655,3968000,3974400,3971200,6400,100,4960,rep1,False,0,0,F:\Micro-C\micro-c数据\GSE272159_37C_rep1.mapq_30.10.cool,medium,800,True,MG1655:31,train
WIN_medium_0b2f288630d1b448,MG1655,3968800,3975200,3972000,6400,100,4961,rep1,False,0,0,F:\Micro-C\micro-c数据\GSE272159_37C_rep1.mapq_30.10.cool,medium,800,True,MG1655:31,train
WIN_medium_da25ce9ffb3b6758,MG1655,3969600,3976000,3972800,6400,100,4962,rep1,False,0,0,F:\Micro-C\micro-c数据\GSE272159_37C_rep1.mapq_30.10.cool,medium,800,True,MG1655:31,train
WIN_medium_1c57396b801428d6,MG1655,3970400,3976800,3973600,6400,100,4963,rep1,False,0,0,F:\Micro-C\micro-c数据\GSE272159_37C_rep1.mapq_30.10.cool,medium,800,True,MG1655:31,train
WIN_medium_63d5ff9e2c6b8269,MG1655,3971200,3977600,3974400,6400,100,4964,rep1,False,0,0,F:\Micro-C\micro-c数据\GSE272159_37C_rep1.mapq_30.10.cool,medium,800,True,MG1655:31,train
WIN_medium_8374f6db87da7e12,MG1655,3972000,3978400,3975200,6400,100,4965,rep1,False,0,0,F:\Micro-C\micro-c数据\GSE272159_37C_rep1.mapq_30.10.cool,medium,800,True,MG1655:31,train
WIN_medium_94725606bd575bd6,MG1655,3972800,3979200,3976000,6400,100,4966,rep1,False,0,0,F:\Micro-C\micro-c数据\GSE272159_37C_rep1.mapq_30.10.cool,medium,800,True,MG1655:31,train
WIN_medium_9cd9d6af73fbad21,MG1655,3973600,3980000,3976800,6400,100,4967,rep1,False,0,0,F:\Micro-C\micro-c数据\GSE272159_37C_rep1.mapq_30.10.cool,medium,800,True,MG1655:31,train
WIN_medium_935ecc5549da3f55,MG1655,3974400,3980800,3977600,6400,100,4968,rep1,False,0,0,F:\Micro-C\micro-c数据\GSE272159_37C_rep1.mapq_30.10.cool,medium,800,True,MG1655:31,train
WIN_medium_1f2f588742020099,MG1655,3975200,3981600,3978400,6400,100,4969,rep1,False,0,0,F:\Micro-C\micro-c数据\GSE272159_37C_rep1.mapq_30.10.cool,medium,800,True,MG1655:31,train
WIN_medium_8fc9b884579da439,MG1655,3976000,3982400,3979200,6400,100,4970,rep1,False,0,0,F:\Micro-C\micro-c数据\GSE272159_37C_rep1.mapq_30.10.cool,medium,800,True,MG1655:31,train
WIN_medium_1178dff67b246f8d,MG1655,3976800,3983200,3980000,6400,100,4971,rep1,False,0,0,F:\Micro-C\micro-c数据\GSE272159_37C_rep1.mapq_30.10.cool,medium,800,True,MG1655:31,train
WIN_medium_f803c6ca7d6eda6a,MG1655,3977600,3984000,3980800,6400,100,4972,rep1,False,0,0,F:\Micro-C\micro-c数据\GSE272159_37C_rep1.mapq_30.10.cool,medium,800,True,MG1655:31,train
WIN_medium_4c16c2326327c3b0,MG1655,3978400,3984800,3981600,6400,100,4973,rep1,False,0,0,F:\Micro-C\micro-c数据\GSE272159_37C_rep1.mapq_30.10.cool,medium,800,True,MG1655:31,train
WIN_medium_756855653491f977,MG1655,3979200,3985600,3982400,6400,100,4974,rep1,False,0,0,F:\Micro-C\micro-c数据\GSE272159_37C_rep1.mapq_30.10.cool,medium,800,True,MG1655:31,train
WIN_medium_3c7212d27ad6c364,MG1655,4003200,4009600,4006400,6400,100,5004,rep1,False,0,0,F:\Micro-C\micro-c数据\GSE272159_37C_rep1.mapq_30.10.cool,medium,800,True,MG1655:31,train
WIN_medium_7c6907e7fef1d7f9,MG1655,4004000,4010400,4007200,6400,100,5005,rep1,False,0,0,F:\Micro-C\micro-c数据\GSE272159_37C_rep1.mapq_30.10.cool,medium,800,True,MG1655:31,train
WIN_medium_f3fc4b7412fd5b64,MG1655,4004800,4011200,4008000,6400,100,5006,rep1,False,0,0,F:\Micro-C\micro-c数据\GSE272159_37C_rep1.mapq_30.10.cool,medium,800,True,MG1655:31,train
WIN_medium_1ce9d933667d4fe3,MG1655,4005600,4012000,4008800,6400,100,5007,rep1,False,0,0,F:\Micro-C\micro-c数据\GSE272159_37C_rep1.mapq_30.10.cool,medium,800,True,MG1655:31,train
WIN_medium_221e2f11548f1845,MG1655,4006400,4012800,4009600,6400,100,5008,rep1,False,0,0,F:\Micro-C\micro-c数据\GSE272159_37C_rep1.mapq_30.10.cool,medium,800,True,MG1655:31,train
WIN_medium_10116b7ffad46c33,MG1655,4007200,4013600,4010400,6400,100,5009,rep1,False,0,0,F:\Micro-C\micro-c数据\GSE272159_37C_rep1.mapq_30.10.cool,medium,800,True,MG1655:31,train
WIN_medium_1b1d2ac43c40fe73,MG1655,4008000,4014400,4011200,6400,100,5010,rep1,False,0,0,F:\Micro-C\micro-c数据\GSE272159_37C_rep1.mapq_30.10.cool,medium,800,True,MG1655:31,train
WIN_medium_54454cb02cbded55,MG1655,4008800,4015200,4012000,6400,100,5011,rep1,False,0,0,F:\Micro-C\micro-c数据\GSE272159_37C_rep1.mapq_30.10.cool,medium,800,True,MG1655:31,train
WIN_medium_4269367212d4fe67,MG1655,4028000,4034400,4031200,6400,100,5035,rep1,False,0,0,F:\Micro-C\micro-c数据\GSE272159_37C_rep1.mapq_30.10.cool,medium,800,True,MG1655:31,train
WIN_medium_5cebc0f2b20499b6,MG1655,4028800,4035200,4032000,6400,100,5036,rep1,False,0,0,F:\Micro-C\micro-c数据\GSE272159_37C_rep1.mapq_30.10.cool,medium,800,True,MG1655:31,train
WIN_medium_ce0eab056dc7026c,MG1655,4029600,4036000,4032800,6400,100,5037,rep1,True,6,6,F:\Micro-C\micro-c数据\GSE272159_37C_rep1.mapq_30.10.cool,medium,800,True,MG1655:31,train
WIN_medium_044bd554d7829eb2,MG1655,4030400,4036800,4033600,6400,100,5038,rep1,True,14,14,F:\Micro-C\micro-c数据\GSE272159_37C_rep1.mapq_30.10.cool,medium,800,True,MG1655:31,train
WIN_medium_c1b3c518b8048efc,MG1655,4031200,4037600,4034400,6400,100,5039,rep1,True,20,20,F:\Micro-C\micro-c数据\GSE272159_37C_rep1.mapq_30.10.cool,medium,800,True,MG1655:31,train
WIN_medium_a8c8156f19f25e60,MG1655,4032000,4038400,4035200,6400,100,5040,rep1,True,28,28,F:\Micro-C\micro-c数据\GSE272159_37C_rep1.mapq_30.10.cool,medium,800,True,MG1655:31,train
WIN_medium_afc3bff729b7ca33,MG1655,4032800,4039200,4036000,6400,100,5041,rep1,True,33,33,F:\Micro-C\micro-c数据\GSE272159_37C_rep1.mapq_30.10.cool,medium,800,True,MG1655:31,train
WIN_medium_b45abe89020a8c05,MG1655,4033600,4040000,4036800,6400,100,5042,rep1,True,38,38,F:\Micro-C\micro-c数据\GSE272159_37C_rep1.mapq_30.10.cool,medium,800,True,MG1655:31,train
WIN_medium_489e147065e0f682,MG1655,4034400,4040800,4037600,6400,100,5043,rep1,True,43,43,F:\Micro-C\micro-c数据\GSE272159_37C_rep1.mapq_30.10.cool,medium,800,True,MG1655:31,train
WIN_medium_64dd5c6d9f5ace1d,MG1655,4035200,4041600,4038400,6400,100,5044,rep1,True,42,42,F:\Micro-C\micro-c数据\GSE272159_37C_rep1.mapq_30.10.cool,medium,800,True,MG1655:31,train
WIN_medium_2a21ce87665651fd,MG1655,4036000,4042400,4039200,6400,100,5045,rep1,True,36,36,F:\Micro-C\micro-c数据\GSE272159_37C_rep1.mapq_30.10.cool,medium,800,True,MG1655:31,train
WIN_medium_58a4f3571dfbc3c9,MG1655,4036800,4043200,4040000,6400,100,5046,rep1,True,28,28,F:\Micro-C\micro-c数据\GSE272159_37C_rep1.mapq_30.10.cool,medium,800,True,MG1655:31,train
WIN_medium_86387a39d54be566,MG1655,4037600,4044000,4040800,6400,100,5047,rep1,True,22,22,F:\Micro-C\micro-c数据\GSE272159_37C_rep1.mapq_30.10.cool,medium,800,True,MG1655:31,train
WIN_medium_cc754413b8d501e9,MG1655,4038400,4044800,4041600,6400,100,5048,rep1,True,15,15,F:\Micro-C\micro-c数据\GSE272159_37C_rep1.mapq_30.10.cool,medium,800,True,MG1655:31,train
WIN_medium_7e4c649c4e2c385d,MG1655,4039200,4045600,4042400,6400,100,5049,rep1,True,10,10,F:\Micro-C\micro-c数据\GSE272159_37C_rep1.mapq_30.10.cool,medium,800,True,MG1655:31,train
WIN_medium_f79732d95f254c01,MG1655,4040000,4046400,4043200,6400,100,5050,rep1,True,5,5,F:\Micro-C\micro-c数据\GSE272159_37C_rep1.mapq_30.10.cool,medium,800,True,MG1655:31,train
WIN_medium_bb91f8839884def1,MG1655,4040800,4047200,4044000,6400,100,5051,rep1,False,0,0,F:\Micro-C\micro-c数据\GSE272159_37C_rep1.mapq_30.10.cool,medium,800,True,MG1655:31,train
WIN_medium_b493a128323f2ae4,MG1655,4041600,4048000,4044800,6400,100,5052,rep1,False,0,0,F:\Micro-C\micro-c数据\GSE272159_37C_rep1.mapq_30.10.cool,medium,800,True,MG1655:31,train
WIN_medium_2547ceed6a7419d1,MG1655,4042400,4048800,4045600,6400,100,5053,rep1,False,0,0,F:\Micro-C\micro-c数据\GSE272159_37C_rep1.mapq_30.10.cool,medium,800,True,MG1655:31,train
WIN_medium_fa42c280db13da37,MG1655,4043200,4049600,4046400,6400,100,5054,rep1,False,0,0,F:\Micro-C\micro-c数据\GSE272159_37C_rep1.mapq_30.10.cool,medium,800,True,MG1655:31,train
WIN_medium_fc4963179ad2ddd9,MG1655,4044000,4050400,4047200,6400,100,5055,rep1,False,0,0,F:\Micro-C\micro-c数据\GSE272159_37C_rep1.mapq_30.10.cool,medium,800,True,MG1655:31,train
WIN_medium_f25709f3d890aac0,MG1655,4044800,4051200,4048000,6400,100,5056,rep1,False,0,0,F:\Micro-C\micro-c数据\GSE272159_37C_rep1.mapq_30.10.cool,medium,800,True,MG1655:31,train
WIN_medium_ba3bd1dfae22aac6,MG1655,4045600,4052000,4048800,6400,100,5057,rep1,False,0,0,F:\Micro-C\micro-c数据\GSE272159_37C_rep1.mapq_30.10.cool,medium,800,True,MG1655:31,train
WIN_medium_ef86986a389a4c7a,MG1655,4046400,4052800,4049600,6400,100,5058,rep1,False,0,0,F:\Micro-C\micro-c数据\GSE272159_37C_rep1.mapq_30.10.cool,medium,800,True,MG1655:31,train
WIN_medium_feaf626f270431df,MG1655,4047200,4053600,4050400,6400,100,5059,rep1,False,0,0,F:\Micro-C\micro-c数据\GSE272159_37C_rep1.mapq_30.10.cool,medium,800,True,MG1655:31,train
WIN_medium_7e21799e97b487e0,MG1655,4048000,4054400,4051200,6400,100,5060,rep1,False,0,0,F:\Micro-C\micro-c数据\GSE272159_37C_rep1.mapq_30.10.cool,medium,800,True,MG1655:31,train
WIN_medium_6512b234b84bb2ff,MG1655,4048800,4055200,4052000,6400,100,5061,rep1,False,0,0,F:\Micro-C\micro-c数据\GSE272159_37C_rep1.mapq_30.10.cool,medium,800,True,MG1655:31,train
WIN_medium_88169411596c6b7a,MG1655,4049600,4056000,4052800,6400,100,5062,rep1,False,0,0,F:\Micro-C\micro-c数据\GSE272159_37C_rep1.mapq_30.10.cool,medium,800,True,MG1655:31,train
WIN_medium_a08c204a1e16bdd3,MG1655,4050400,4056800,4053600,6400,100,5063,rep1,False,0,0,F:\Micro-C\micro-c数据\GSE272159_37C_rep1.mapq_30.10.cool,medium,800,True,MG1655:31,train
WIN_medium_d30894f4cdb7f9fc,MG1655,4051200,4057600,4054400,6400,100,5064,rep1,False,0,0,F:\Micro-C\micro-c数据\GSE272159_37C_rep1.mapq_30.10.cool,medium,800,True,MG1655:31,train
WIN_medium_db34888c1f8fb6eb,MG1655,4052000,4058400,4055200,6400,100,5065,rep1,False,0,0,F:\Micro-C\micro-c数据\GSE272159_37C_rep1.mapq_30.10.cool,medium,800,True,MG1655:31,train
WIN_medium_e65434528eeaa080,MG1655,4052800,4059200,4056000,6400,100,5066,rep1,False,0,0,F:\Micro-C\micro-c数据\GSE272159_37C_rep1.mapq_30.10.cool,medium,800,True,MG1655:31,train
WIN_medium_ea58d8ec0dbef729,MG1655,4053600,4060000,4056800,6400,100,5067,rep1,False,0,0,F:\Micro-C\micro-c数据\GSE272159_37C_rep1.mapq_30.10.cool,medium,800,True,MG1655:31,train
WIN_medium_81798f54b5929f94,MG1655,4054400,4060800,4057600,6400,100,5068,rep1,False,0,0,F:\Micro-C\micro-c数据\GSE272159_37C_rep1.mapq_30.10.cool,medium,800,True,MG1655:31,train
WIN_medium_6adcd92bf00d108e,MG1655,4065600,4072000,4068800,6400,100,5082,rep1,False,0,0,F:\Micro-C\micro-c数据\GSE272159_37C_rep1.mapq_30.10.cool,medium,800,True,MG1655:31,train
WIN_medium_54c573df73541c89,MG1655,4066400,4072800,4069600,6400,100,5083,rep1,False,0,0,F:\Micro-C\micro-c数据\GSE272159_37C_rep1.mapq_30.10.cool,medium,800,True,MG1655:31,train
WIN_medium_705f449d2745a2cd,MG1655,4067200,4073600,4070400,6400,100,5084,rep1,False,0,0,F:\Micro-C\micro-c数据\GSE272159_37C_rep1.mapq_30.10.cool,medium,800,True,MG1655:31,train
WIN_medium_5d357b0809de23df,MG1655,4068000,4074400,4071200,6400,100,5085,rep1,False,0,0,F:\Micro-C\micro-c数据\GSE272159_37C_rep1.mapq_30.10.cool,medium,800,True,MG1655:31,train
WIN_medium_9d4a7263e46ff250,MG1655,4068800,4075200,4072000,6400,100,5086,rep1,False,0,0,F:\Micro-C\micro-c数据\GSE272159_37C_rep1.mapq_30.10.cool,medium,800,True,MG1655:31,train
WIN_medium_e9eb4a708edee303,MG1655,4069600,4076000,4072800,6400,100,5087,rep1,False,0,0,F:\Micro-C\micro-c数据\GSE272159_37C_rep1.mapq_30.10.cool,medium,800,True,MG1655:31,train
WIN_medium_b5ba2b7450acd6c7,MG1655,4070400,4076800,4073600,6400,100,5088,rep1,False,0,0,F:\Micro-C\micro-c数据\GSE272159_37C_rep1.mapq_30.10.cool,medium,800,True,MG1655:31,train
WIN_medium_13d2239dae12a99f,MG1655,4071200,4077600,4074400,6400,100,5089,rep1,False,0,0,F:\Micro-C\micro-c数据\GSE272159_37C_rep1.mapq_30.10.cool,medium,800,True,MG1655:31,train
WIN_medium_12fc81718c200af6,MG1655,4072000,4078400,4075200,6400,100,5090,rep1,False,0,0,F:\Micro-C\micro-c数据\GSE272159_37C_rep1.mapq_30.10.cool,medium,800,True,MG1655:31,train
WIN_medium_49682a3952748a88,MG1655,4072800,4079200,4076000,6400,100,5091,rep1,False,0,0,F:\Micro-C\micro-c数据\GSE272159_37C_rep1.mapq_30.10.cool,medium,800,True,MG1655:31,train
WIN_medium_437cf646377bd297,MG1655,4073600,4080000,4076800,6400,100,5092,rep1,False,0,0,F:\Micro-C\micro-c数据\GSE272159_37C_rep1.mapq_30.10.cool,medium,800,True,MG1655:31,train
WIN_medium_cef113ce6d34b168,MG1655,4074400,4080800,4077600,6400,100,5093,rep1,False,0,0,F:\Micro-C\micro-c数据\GSE272159_37C_rep1.mapq_30.10.cool,medium,800,True,MG1655:31,train
WIN_medium_363ae87eaf14f7d2,MG1655,4075200,4081600,4078400,6400,100,5094,rep1,False,0,0,F:\Micro-C\micro-c数据\GSE272159_37C_rep1.mapq_30.10.cool,medium,800,True,MG1655:31,train
WIN_medium_0b98539c8763425f,MG1655,4076000,4082400,4079200,6400,100,5095,rep1,False,0,0,F:\Micro-C\micro-c数据\GSE272159_37C_rep1.mapq_30.10.cool,medium,800,True,MG1655:31,train
WIN_medium_d159203f355b6778,MG1655,4076800,4083200,4080000,6400,100,5096,rep1,False,0,0,F:\Micro-C\micro-c数据\GSE272159_37C_rep1.mapq_30.10.cool,medium,800,True,MG1655:31,train
WIN_medium_b13193c14a0098e8,MG1655,4077600,4084000,4080800,6400,100,5097,rep1,False,0,0,F:\Micro-C\micro-c数据\GSE272159_37C_rep1.mapq_30.10.cool,medium,800,True,MG1655:31,train
WIN_medium_e7a6f2570be7b741,MG1655,4078400,4084800,4081600,6400,100,5098,rep1,False,0,0,F:\Micro-C\micro-c数据\GSE272159_37C_rep1.mapq_30.10.cool,medium,800,True,MG1655:31,train
WIN_medium_b98c862b0a084870,MG1655,4079200,4085600,4082400,6400,100,5099,rep1,False,0,0,F:\Micro-C\micro-c数据\GSE272159_37C_rep1.mapq_30.10.cool,medium,800,True,MG1655:31,train
WIN_medium_cd921bd5db6d9880,MG1655,4080000,4086400,4083200,6400,100,5100,rep1,False,0,0,F:\Micro-C\micro-c数据\GSE272159_37C_rep1.mapq_30.10.cool,medium,800,True,MG1655:31,train
WIN_medium_158c3dc07fa388b4,MG1655,4080800,4087200,4084000,6400,100,5101,rep1,False,0,0,F:\Micro-C\micro-c数据\GSE272159_37C_rep1.mapq_30.10.cool,medium,800,True,MG1655:31,train
WIN_medium_83f7936ac0469f4a,MG1655,4081600,4088000,4084800,6400,100,5102,rep1,False,0,0,F:\Micro-C\micro-c数据\GSE272159_37C_rep1.mapq_30.10.cool,medium,800,True,MG1655:31,train
WIN_medium_7f92688406785a97,MG1655,4082400,4088800,4085600,6400,100,5103,rep1,False,0,0,F:\Micro-C\micro-c数据\GSE272159_37C_rep1.mapq_30.10.cool,medium,800,True,MG1655:31,train
WIN_medium_6936aacdd59a86a9,MG1655,4083200,4089600,4086400,6400,100,5104,rep1,False,0,0,F:\Micro-C\micro-c数据\GSE272159_37C_rep1.mapq_30.10.cool,medium,800,True,MG1655:31,train
WIN_medium_02cae1d4df7819b1,MG1655,4084000,4090400,4087200,6400,100,5105,rep1,False,0,0,F:\Micro-C\micro-c数据\GSE272159_37C_rep1.mapq_30.10.cool,medium,800,True,MG1655:31,train
WIN_medium_6f8953b05d477e1e,MG1655,4084800,4091200,4088000,6400,100,5106,rep1,False,0,0,F:\Micro-C\micro-c数据\GSE272159_37C_rep1.mapq_30.10.cool,medium,800,True,MG1655:31,train
WIN_medium_613845c0e2b8cc00,MG1655,4085600,4092000,4088800,6400,100,5107,rep1,False,0,0,F:\Micro-C\micro-c数据\GSE272159_37C_rep1.mapq_30.10.cool,medium,800,True,MG1655:31,train
WIN_medium_8b1755b20e6e6555,MG1655,4086400,4092800,4089600,6400,100,5108,rep1,False,0,0,F:\Micro-C\micro-c数据\GSE272159_37C_rep1.mapq_30.10.cool,medium,800,True,MG1655:31,train
WIN_medium_03a38a5165ff6ed4,MG1655,4087200,4093600,4090400,6400,100,5109,rep1,False,0,0,F:\Micro-C\micro-c数据\GSE272159_37C_rep1.mapq_30.10.cool,medium,800,True,MG1655:31,train
WIN_medium_22a86208ddfa71c5,MG1655,4088000,4094400,4091200,6400,100,5110,rep1,False,0,0,F:\Micro-C\micro-c数据\GSE272159_37C_rep1.mapq_30.10.cool,medium,800,True,MG1655:31,train
WIN_medium_c2242705a0539342,MG1655,4088800,4095200,4092000,6400,100,5111,rep1,True,1,1,F:\Micro-C\micro-c数据\GSE272159_37C_rep1.mapq_30.10.cool,medium,800,True,MG1655:31,train
WIN_medium_31475c5a2b911a07,MG1655,4089600,4096000,4092800,6400,100,5112,rep1,True,1,1,F:\Micro-C\micro-c数据\GSE272159_37C_rep1.mapq_30.10.cool,medium,800,True,MG1655:31,train
WIN_medium_fc01614a51ca7eca,MG1655,4096000,4102400,4099200,6400,100,5120,rep1,False,0,0,F:\Micro-C\micro-c数据\GSE272159_37C_rep1.mapq_30.10.cool,medium,800,True,MG1655:32,train
WIN_medium_55f7497359e0dc23,MG1655,4096800,4103200,4100000,6400,100,5121,rep1,False,0,0,F:\Micro-C\micro-c数据\GSE272159_37C_rep1.mapq_30.10.cool,medium,800,True,MG1655:32,train
WIN_medium_c3dfc4c7a7b23fa2,MG1655,4097600,4104000,4100800,6400,100,5122,rep1,False,0,0,F:\Micro-C\micro-c数据\GSE272159_37C_rep1.mapq_30.10.cool,medium,800,True,MG1655:32,train
WIN_medium_82a354d4d61fb2eb,MG1655,4098400,4104800,4101600,6400,100,5123,rep1,False,0,0,F:\Micro-C\micro-c数据\GSE272159_37C_rep1.mapq_30.10.cool,medium,800,True,MG1655:32,train
WIN_medium_4ec63a8732dfe572,MG1655,4099200,4105600,4102400,6400,100,5124,rep1,False,0,0,F:\Micro-C\micro-c数据\GSE272159_37C_rep1.mapq_30.10.cool,medium,800,True,MG1655:32,train
WIN_medium_b7a786ec2b1602ab,MG1655,4100000,4106400,4103200,6400,100,5125,rep1,False,0,0,F:\Micro-C\micro-c数据\GSE272159_37C_rep1.mapq_30.10.cool,medium,800,True,MG1655:32,train
WIN_medium_addf08a4cf710143,MG1655,4100800,4107200,4104000,6400,100,5126,rep1,False,0,0,F:\Micro-C\micro-c数据\GSE272159_37C_rep1.mapq_30.10.cool,medium,800,True,MG1655:32,train
WIN_medium_7fd89b1cc924f320,MG1655,4101600,4108000,4104800,6400,100,5127,rep1,False,0,0,F:\Micro-C\micro-c数据\GSE272159_37C_rep1.mapq_30.10.cool,medium,800,True,MG1655:32,train
WIN_medium_23b39f5743fdb404,MG1655,4102400,4108800,4105600,6400,100,5128,rep1,False,0,0,F:\Micro-C\micro-c数据\GSE272159_37C_rep1.mapq_30.10.cool,medium,800,True,MG1655:32,train
WIN_medium_8d5e55ef82fc53d9,MG1655,4103200,4109600,4106400,6400,100,5129,rep1,False,0,0,F:\Micro-C\micro-c数据\GSE272159_37C_rep1.mapq_30.10.cool,medium,800,True,MG1655:32,train
WIN_medium_fee4cddeca8cb74a,MG1655,4104000,4110400,4107200,6400,100,5130,rep1,False,0,0,F:\Micro-C\micro-c数据\GSE272159_37C_rep1.mapq_30.10.cool,medium,800,True,MG1655:32,train
WIN_medium_fe8720c78510f6d3,MG1655,4104800,4111200,4108000,6400,100,5131,rep1,False,0,0,F:\Micro-C\micro-c数据\GSE272159_37C_rep1.mapq_30.10.cool,medium,800,True,MG1655:32,train
WIN_medium_6d324e381c318209,MG1655,4105600,4112000,4108800,6400,100,5132,rep1,False,0,0,F:\Micro-C\micro-c数据\GSE272159_37C_rep1.mapq_30.10.cool,medium,800,True,MG1655:32,train
WIN_medium_071c74f748f69aa5,MG1655,4106400,4112800,4109600,6400,100,5133,rep1,False,0,0,F:\Micro-C\micro-c数据\GSE272159_37C_rep1.mapq_30.10.cool,medium,800,True,MG1655:32,train
WIN_medium_a3b7d570e30e7b64,MG1655,4107200,4113600,4110400,6400,100,5134,rep1,False,0,0,F:\Micro-C\micro-c数据\GSE272159_37C_rep1.mapq_30.10.cool,medium,800,True,MG1655:32,train
WIN_medium_5fe1e7b05241ca83,MG1655,4108000,4114400,4111200,6400,100,5135,rep1,False,0,0,F:\Micro-C\micro-c数据\GSE272159_37C_rep1.mapq_30.10.cool,medium,800,True,MG1655:32,train
WIN_medium_8ca612ae687f7af7,MG1655,4108800,4115200,4112000,6400,100,5136,rep1,False,0,0,F:\Micro-C\micro-c数据\GSE272159_37C_rep1.mapq_30.10.cool,medium,800,True,MG1655:32,train
WIN_medium_b618a01ca77c5c5b,MG1655,4120800,4127200,4124000,6400,100,5151,rep1,False,0,0,F:\Micro-C\micro-c数据\GSE272159_37C_rep1.mapq_30.10.cool,medium,800,True,MG1655:32,train
WIN_medium_37735f45bc463a3f,MG1655,4121600,4128000,4124800,6400,100,5152,rep1,False,0,0,F:\Micro-C\micro-c数据\GSE272159_37C_rep1.mapq_30.10.cool,medium,800,True,MG1655:32,train
WIN_medium_53e543ff55380bb3,MG1655,4122400,4128800,4125600,6400,100,5153,rep1,False,0,0,F:\Micro-C\micro-c数据\GSE272159_37C_rep1.mapq_30.10.cool,medium,800,True,MG1655:32,train
WIN_medium_527162098b737e0f,MG1655,4123200,4129600,4126400,6400,100,5154,rep1,False,0,0,F:\Micro-C\micro-c数据\GSE272159_37C_rep1.mapq_30.10.cool,medium,800,True,MG1655:32,train
WIN_medium_93247d0737cdac30,MG1655,4124000,4130400,4127200,6400,100,5155,rep1,False,0,0,F:\Micro-C\micro-c数据\GSE272159_37C_rep1.mapq_30.10.cool,medium,800,True,MG1655:32,train
WIN_medium_a5edacdd0ed11671,MG1655,4124800,4131200,4128000,6400,100,5156,rep1,False,0,0,F:\Micro-C\micro-c数据\GSE272159_37C_rep1.mapq_30.10.cool,medium,800,True,MG1655:32,train
WIN_medium_55b90b4065cb35bd,MG1655,4125600,4132000,4128800,6400,100,5157,rep1,False,0,0,F:\Micro-C\micro-c数据\GSE272159_37C_rep1.mapq_30.10.cool,medium,800,True,MG1655:32,train
WIN_medium_ae7cfc81e1a847db,MG1655,4126400,4132800,4129600,6400,100,5158,rep1,False,0,0,F:\Micro-C\micro-c数据\GSE272159_37C_rep1.mapq_30.10.cool,medium,800,True,MG1655:32,train
WIN_medium_e9462f362ae4d4aa,MG1655,4127200,4133600,4130400,6400,100,5159,rep1,False,0,0,F:\Micro-C\micro-c数据\GSE272159_37C_rep1.mapq_30.10.cool,medium,800,True,MG1655:32,train
WIN_medium_70c83455463483f5,MG1655,4128000,4134400,4131200,6400,100,5160,rep1,False,0,0,F:\Micro-C\micro-c数据\GSE272159_37C_rep1.mapq_30.10.cool,medium,800,True,MG1655:32,train
WIN_medium_5df010caea63b117,MG1655,4128800,4135200,4132000,6400,100,5161,rep1,False,0,0,F:\Micro-C\micro-c数据\GSE272159_37C_rep1.mapq_30.10.cool,medium,800,True,MG1655:32,train
WIN_medium_3017e7be330aaa1a,MG1655,4129600,4136000,4132800,6400,100,5162,rep1,False,0,0,F:\Micro-C\micro-c数据\GSE272159_37C_rep1.mapq_30.10.cool,medium,800,True,MG1655:32,train
WIN_medium_eb4b7c96ee599ab8,MG1655,4130400,4136800,4133600,6400,100,5163,rep1,False,0,0,F:\Micro-C\micro-c数据\GSE272159_37C_rep1.mapq_30.10.cool,medium,800,True,MG1655:32,train
WIN_medium_1875873ed3b3f5ca,MG1655,4131200,4137600,4134400,6400,100,5164,rep1,False,0,0,F:\Micro-C\micro-c数据\GSE272159_37C_rep1.mapq_30.10.cool,medium,800,True,MG1655:32,train
WIN_medium_3be617de0b0f29ec,MG1655,4132000,4138400,4135200,6400,100,5165,rep1,False,0,0,F:\Micro-C\micro-c数据\GSE272159_37C_rep1.mapq_30.10.cool,medium,800,True,MG1655:32,train
WIN_medium_ab84028b5a03ae39,MG1655,4132800,4139200,4136000,6400,100,5166,rep1,False,0,0,F:\Micro-C\micro-c数据\GSE272159_37C_rep1.mapq_30.10.cool,medium,800,True,MG1655:32,train
WIN_medium_cf63c8573dda4b5d,MG1655,4133600,4140000,4136800,6400,100,5167,rep1,False,0,0,F:\Micro-C\micro-c数据\GSE272159_37C_rep1.mapq_30.10.cool,medium,800,True,MG1655:32,train
WIN_medium_830d6722492c0408,MG1655,4134400,4140800,4137600,6400,100,5168,rep1,False,0,0,F:\Micro-C\micro-c数据\GSE272159_37C_rep1.mapq_30.10.cool,medium,800,True,MG1655:32,train
WIN_medium_c9b2feaa2618bed9,MG1655,4135200,4141600,4138400,6400,100,5169,rep1,False,0,0,F:\Micro-C\micro-c数据\GSE272159_37C_rep1.mapq_30.10.cool,medium,800,True,MG1655:32,train
WIN_medium_18500da3dd17907e,MG1655,4136000,4142400,4139200,6400,100,5170,rep1,False,0,0,F:\Micro-C\micro-c数据\GSE272159_37C_rep1.mapq_30.10.cool,medium,800,True,MG1655:32,train
WIN_medium_3009d070bcaeb440,MG1655,4136800,4143200,4140000,6400,100,5171,rep1,False,0,0,F:\Micro-C\micro-c数据\GSE272159_37C_rep1.mapq_30.10.cool,medium,800,True,MG1655:32,train
WIN_medium_be0b313cd6235242,MG1655,4137600,4144000,4140800,6400,100,5172,rep1,False,0,0,F:\Micro-C\micro-c数据\GSE272159_37C_rep1.mapq_30.10.cool,medium,800,True,MG1655:32,train
WIN_medium_bba2521d0d4d4ebf,MG1655,4138400,4144800,4141600,6400,100,5173,rep1,False,0,0,F:\Micro-C\micro-c数据\GSE272159_37C_rep1.mapq_30.10.cool,medium,800,True,MG1655:32,train
WIN_medium_e46f55615d1215f3,MG1655,4139200,4145600,4142400,6400,100,5174,rep1,False,0,0,F:\Micro-C\micro-c数据\GSE272159_37C_rep1.mapq_30.10.cool,medium,800,True,MG1655:32,train
WIN_medium_b3a9678f681df2cd,MG1655,4140000,4146400,4143200,6400,100,5175,rep1,False,0,0,F:\Micro-C\micro-c数据\GSE272159_37C_rep1.mapq_30.10.cool,medium,800,True,MG1655:32,train
WIN_medium_23b86883a200bca1,MG1655,4140800,4147200,4144000,6400,100,5176,rep1,False,0,0,F:\Micro-C\micro-c数据\GSE272159_37C_rep1.mapq_30.10.cool,medium,800,True,MG1655:32,train
WIN_medium_8ba8eadf137a138f,MG1655,4141600,4148000,4144800,6400,100,5177,rep1,False,0,0,F:\Micro-C\micro-c数据\GSE272159_37C_rep1.mapq_30.10.cool,medium,800,True,MG1655:32,train
WIN_medium_8a43649faaa701a4,MG1655,4142400,4148800,4145600,6400,100,5178,rep1,False,0,0,F:\Micro-C\micro-c数据\GSE272159_37C_rep1.mapq_30.10.cool,medium,800,True,MG1655:32,train
WIN_medium_0f483cc41b700d4e,MG1655,4143200,4149600,4146400,6400,100,5179,rep1,False,0,0,F:\Micro-C\micro-c数据\GSE272159_37C_rep1.mapq_30.10.cool,medium,800,True,MG1655:32,train
WIN_medium_e142175979396700,MG1655,4144000,4150400,4147200,6400,100,5180,rep1,False,0,0,F:\Micro-C\micro-c数据\GSE272159_37C_rep1.mapq_30.10.cool,medium,800,True,MG1655:32,train
WIN_medium_8cce966c5ba53ce8,MG1655,4144800,4151200,4148000,6400,100,5181,rep1,False,0,0,F:\Micro-C\micro-c数据\GSE272159_37C_rep1.mapq_30.10.cool,medium,800,True,MG1655:32,train
WIN_medium_e7689f02129b1af7,MG1655,4145600,4152000,4148800,6400,100,5182,rep1,False,0,0,F:\Micro-C\micro-c数据\GSE272159_37C_rep1.mapq_30.10.cool,medium,800,True,MG1655:32,train
WIN_medium_f39b29300efb0d1c,MG1655,4146400,4152800,4149600,6400,100,5183,rep1,False,0,0,F:\Micro-C\micro-c数据\GSE272159_37C_rep1.mapq_30.10.cool,medium,800,True,MG1655:32,train
WIN_medium_f1e68ee12dba8cb0,MG1655,4147200,4153600,4150400,6400,100,5184,rep1,False,0,0,F:\Micro-C\micro-c数据\GSE272159_37C_rep1.mapq_30.10.cool,medium,800,True,MG1655:32,train
WIN_medium_9f0d785f83fdf9f0,MG1655,4148000,4154400,4151200,6400,100,5185,rep1,False,0,0,F:\Micro-C\micro-c数据\GSE272159_37C_rep1.mapq_30.10.cool,medium,800,True,MG1655:32,train
WIN_medium_46dbe7bd868822b9,MG1655,4148800,4155200,4152000,6400,100,5186,rep1,False,0,0,F:\Micro-C\micro-c数据\GSE272159_37C_rep1.mapq_30.10.cool,medium,800,True,MG1655:32,train
WIN_medium_dd254ae11eb192a3,MG1655,4149600,4156000,4152800,6400,100,5187,rep1,False,0,0,F:\Micro-C\micro-c数据\GSE272159_37C_rep1.mapq_30.10.cool,medium,800,True,MG1655:32,train
WIN_medium_785b5d6de41c6f60,MG1655,4150400,4156800,4153600,6400,100,5188,rep1,False,0,0,F:\Micro-C\micro-c数据\GSE272159_37C_rep1.mapq_30.10.cool,medium,800,True,MG1655:32,train
WIN_medium_c4a65ce10bdf635c,MG1655,4151200,4157600,4154400,6400,100,5189,rep1,False,0,0,F:\Micro-C\micro-c数据\GSE272159_37C_rep1.mapq_30.10.cool,medium,800,True,MG1655:32,train
WIN_medium_49beb4058155cc1e,MG1655,4152000,4158400,4155200,6400,100,5190,rep1,False,0,0,F:\Micro-C\micro-c数据\GSE272159_37C_rep1.mapq_30.10.cool,medium,800,True,MG1655:32,train
WIN_medium_e94182a988536198,MG1655,4152800,4159200,4156000,6400,100,5191,rep1,False,0,0,F:\Micro-C\micro-c数据\GSE272159_37C_rep1.mapq_30.10.cool,medium,800,True,MG1655:32,train
WIN_medium_7a95d4776f72121d,MG1655,4153600,4160000,4156800,6400,100,5192,rep1,False,0,0,F:\Micro-C\micro-c数据\GSE272159_37C_rep1.mapq_30.10.cool,medium,800,True,MG1655:32,train
WIN_medium_99788fd44be6ba7f,MG1655,4154400,4160800,4157600,6400,100,5193,rep1,False,0,0,F:\Micro-C\micro-c数据\GSE272159_37C_rep1.mapq_30.10.cool,medium,800,True,MG1655:32,train
WIN_medium_24434817b1729a7c,MG1655,4155200,4161600,4158400,6400,100,5194,rep1,False,0,0,F:\Micro-C\micro-c数据\GSE272159_37C_rep1.mapq_30.10.cool,medium,800,True,MG1655:32,train
WIN_medium_bd69236513428bac,MG1655,4156000,4162400,4159200,6400,100,5195,rep1,False,0,0,F:\Micro-C\micro-c数据\GSE272159_37C_rep1.mapq_30.10.cool,medium,800,True,MG1655:32,train
WIN_medium_fc5b1f46fa354153,MG1655,4156800,4163200,4160000,6400,100,5196,rep1,False,0,0,F:\Micro-C\micro-c数据\GSE272159_37C_rep1.mapq_30.10.cool,medium,800,True,MG1655:32,train
WIN_medium_33542a7dce903b2a,MG1655,4157600,4164000,4160800,6400,100,5197,rep1,False,0,0,F:\Micro-C\micro-c数据\GSE272159_37C_rep1.mapq_30.10.cool,medium,800,True,MG1655:32,train
WIN_medium_14a26817108be8ae,MG1655,4158400,4164800,4161600,6400,100,5198,rep1,False,0,0,F:\Micro-C\micro-c数据\GSE272159_37C_rep1.mapq_30.10.cool,medium,800,True,MG1655:32,train
WIN_medium_c0eddf067add8e30,MG1655,4159200,4165600,4162400,6400,100,5199,rep1,False,0,0,F:\Micro-C\micro-c数据\GSE272159_37C_rep1.mapq_30.10.cool,medium,800,True,MG1655:32,train
WIN_medium_c24b98548dff922f,MG1655,4160000,4166400,4163200,6400,100,5200,rep1,False,0,0,F:\Micro-C\micro-c数据\GSE272159_37C_rep1.mapq_30.10.cool,medium,800,True,MG1655:32,train
WIN_medium_9397bd76601cfdb9,MG1655,4160800,4167200,4164000,6400,100,5201,rep1,True,8,8,F:\Micro-C\micro-c数据\GSE272159_37C_rep1.mapq_30.10.cool,medium,800,True,MG1655:32,train
WIN_medium_42c7289583ce004f,MG1655,4161600,4168000,4164800,6400,100,5202,rep1,True,16,16,F:\Micro-C\micro-c数据\GSE272159_37C_rep1.mapq_30.10.cool,medium,800,True,MG1655:32,train
WIN_medium_5dc6f73a0d1d7d0d,MG1655,4162400,4168800,4165600,6400,100,5203,rep1,True,19,19,F:\Micro-C\micro-c数据\GSE272159_37C_rep1.mapq_30.10.cool,medium,800,True,MG1655:32,train
WIN_medium_c42524a3f36b4ddc,MG1655,4163200,4169600,4166400,6400,100,5204,rep1,True,27,27,F:\Micro-C\micro-c数据\GSE272159_37C_rep1.mapq_30.10.cool,medium,800,True,MG1655:32,train
WIN_medium_5dd3fb14d94b9717,MG1655,4164000,4170400,4167200,6400,100,5205,rep1,True,35,35,F:\Micro-C\micro-c数据\GSE272159_37C_rep1.mapq_30.10.cool,medium,800,True,MG1655:32,train
WIN_medium_09ab3c9afad0573b,MG1655,4164800,4171200,4168000,6400,100,5206,rep1,True,43,43,F:\Micro-C\micro-c数据\GSE272159_37C_rep1.mapq_30.10.cool,medium,800,True,MG1655:32,train
WIN_medium_e62f2766ecf8edc9,MG1655,4165600,4172000,4168800,6400,100,5207,rep1,True,48,48,F:\Micro-C\micro-c数据\GSE272159_37C_rep1.mapq_30.10.cool,medium,800,True,MG1655:32,train
WIN_medium_e9ac934bd7d78eeb,MG1655,4166400,4172800,4169600,6400,100,5208,rep1,True,48,48,F:\Micro-C\micro-c数据\GSE272159_37C_rep1.mapq_30.10.cool,medium,800,True,MG1655:32,train
WIN_medium_267a5b1daa0c6adf,MG1655,4167200,4173600,4170400,6400,100,5209,rep1,True,40,40,F:\Micro-C\micro-c数据\GSE272159_37C_rep1.mapq_30.10.cool,medium,800,True,MG1655:32,train
WIN_medium_9de935b8eb403ae6,MG1655,4168000,4174400,4171200,6400,100,5210,rep1,True,32,32,F:\Micro-C\micro-c数据\GSE272159_37C_rep1.mapq_30.10.cool,medium,800,True,MG1655:32,train
WIN_medium_1a850386576fc361,MG1655,4168800,4175200,4172000,6400,100,5211,rep1,True,29,29,F:\Micro-C\micro-c数据\GSE272159_37C_rep1.mapq_30.10.cool,medium,800,True,MG1655:32,train
WIN_medium_a8a3b16832282bfb,MG1655,4169600,4176000,4172800,6400,100,5212,rep1,True,21,21,F:\Micro-C\micro-c数据\GSE272159_37C_rep1.mapq_30.10.cool,medium,800,True,MG1655:32,train
WIN_medium_848e49ad28259c83,MG1655,4170400,4176800,4173600,6400,100,5213,rep1,True,17,17,F:\Micro-C\micro-c数据\GSE272159_37C_rep1.mapq_30.10.cool,medium,800,True,MG1655:32,train
WIN_medium_74188cc59834a1f7,MG1655,4171200,4177600,4174400,6400,100,5214,rep1,True,11,11,F:\Micro-C\micro-c数据\GSE272159_37C_rep1.mapq_30.10.cool,medium,800,True,MG1655:32,train
WIN_medium_0f5efd3160ee9bd6,MG1655,4172000,4178400,4175200,6400,100,5215,rep1,True,6,6,F:\Micro-C\micro-c数据\GSE272159_37C_rep1.mapq_30.10.cool,medium,800,True,MG1655:32,train
WIN_medium_2740715017ca0444,MG1655,4172800,4179200,4176000,6400,100,5216,rep1,True,6,6,F:\Micro-C\micro-c数据\GSE272159_37C_rep1.mapq_30.10.cool,medium,800,True,MG1655:32,train
WIN_medium_66c8536f9b2a8100,MG1655,4173600,4180000,4176800,6400,100,5217,rep1,True,6,6,F:\Micro-C\micro-c数据\GSE272159_37C_rep1.mapq_30.10.cool,medium,800,True,MG1655:32,train
WIN_medium_0b3a6b0677ffe3ad,MG1655,4174400,4180800,4177600,6400,100,5218,rep1,True,6,6,F:\Micro-C\micro-c数据\GSE272159_37C_rep1.mapq_30.10.cool,medium,800,True,MG1655:32,train
WIN_medium_ab3cd1054f6f119b,MG1655,4175200,4181600,4178400,6400,100,5219,rep1,True,6,6,F:\Micro-C\micro-c数据\GSE272159_37C_rep1.mapq_30.10.cool,medium,800,True,MG1655:32,train
WIN_medium_d78714c4cb9767ad,MG1655,4176000,4182400,4179200,6400,100,5220,rep1,True,6,6,F:\Micro-C\micro-c数据\GSE272159_37C_rep1.mapq_30.10.cool,medium,800,True,MG1655:32,train
WIN_medium_5b7e6592868e4910,MG1655,4176800,4183200,4180000,6400,100,5221,rep1,True,2,2,F:\Micro-C\micro-c数据\GSE272159_37C_rep1.mapq_30.10.cool,medium,800,True,MG1655:32,train
WIN_medium_8ab856ab12f2bf11,MG1655,4177600,4184000,4180800,6400,100,5222,rep1,False,0,0,F:\Micro-C\micro-c数据\GSE272159_37C_rep1.mapq_30.10.cool,medium,800,True,MG1655:32,train
WIN_medium_2a9d81d3bdd274bf,MG1655,4178400,4184800,4181600,6400,100,5223,rep1,False,0,0,F:\Micro-C\micro-c数据\GSE272159_37C_rep1.mapq_30.10.cool,medium,800,True,MG1655:32,train
WIN_medium_e9bc8f7b72ef2764,MG1655,4179200,4185600,4182400,6400,100,5224,rep1,False,0,0,F:\Micro-C\micro-c数据\GSE272159_37C_rep1.mapq_30.10.cool,medium,800,True,MG1655:32,train
WIN_medium_71b22c4826dea7ea,MG1655,4180000,4186400,4183200,6400,100,5225,rep1,False,0,0,F:\Micro-C\micro-c数据\GSE272159_37C_rep1.mapq_30.10.cool,medium,800,True,MG1655:32,train
WIN_medium_7eb6b4412fddfc6e,MG1655,4180800,4187200,4184000,6400,100,5226,rep1,False,0,0,F:\Micro-C\micro-c数据\GSE272159_37C_rep1.mapq_30.10.cool,medium,800,True,MG1655:32,train
WIN_medium_a65ed147fe100961,MG1655,4181600,4188000,4184800,6400,100,5227,rep1,False,0,0,F:\Micro-C\micro-c数据\GSE272159_37C_rep1.mapq_30.10.cool,medium,800,True,MG1655:32,train
WIN_medium_593af5e31612956d,MG1655,4182400,4188800,4185600,6400,100,5228,rep1,False,0,0,F:\Micro-C\micro-c数据\GSE272159_37C_rep1.mapq_30.10.cool,medium,800,True,MG1655:32,train
WIN_medium_f2cfef0e37798b01,MG1655,4183200,4189600,4186400,6400,100,5229,rep1,False,0,0,F:\Micro-C\micro-c数据\GSE272159_37C_rep1.mapq_30.10.cool,medium,800,True,MG1655:32,train
WIN_medium_4ceba43085f6fd4f,MG1655,4184000,4190400,4187200,6400,100,5230,rep1,False,0,0,F:\Micro-C\micro-c数据\GSE272159_37C_rep1.mapq_30.10.cool,medium,800,True,MG1655:32,train
WIN_medium_50ef41c1dd9e5e3f,MG1655,4184800,4191200,4188000,6400,100,5231,rep1,False,0,0,F:\Micro-C\micro-c数据\GSE272159_37C_rep1.mapq_30.10.cool,medium,800,True,MG1655:32,train
WIN_medium_25b4315b1992b4a1,MG1655,4185600,4192000,4188800,6400,100,5232,rep1,False,0,0,F:\Micro-C\micro-c数据\GSE272159_37C_rep1.mapq_30.10.cool,medium,800,True,MG1655:32,train
WIN_medium_fcdfa9129f086abb,MG1655,4186400,4192800,4189600,6400,100,5233,rep1,False,0,0,F:\Micro-C\micro-c数据\GSE272159_37C_rep1.mapq_30.10.cool,medium,800,True,MG1655:32,train
WIN_medium_b0ffaae795c46ac2,MG1655,4187200,4193600,4190400,6400,100,5234,rep1,False,0,0,F:\Micro-C\micro-c数据\GSE272159_37C_rep1.mapq_30.10.cool,medium,800,True,MG1655:32,train
WIN_medium_4fb1371b8c885f78,MG1655,4188000,4194400,4191200,6400,100,5235,rep1,False,0,0,F:\Micro-C\micro-c数据\GSE272159_37C_rep1.mapq_30.10.cool,medium,800,True,MG1655:32,train
WIN_medium_130e6b4badf30cb6,MG1655,4188800,4195200,4192000,6400,100,5236,rep1,False,0,0,F:\Micro-C\micro-c数据\GSE272159_37C_rep1.mapq_30.10.cool,medium,800,True,MG1655:32,train
WIN_medium_9f03d3a1f76c2ea0,MG1655,4189600,4196000,4192800,6400,100,5237,rep1,False,0,0,F:\Micro-C\micro-c数据\GSE272159_37C_rep1.mapq_30.10.cool,medium,800,True,MG1655:32,train
WIN_medium_a350c2789d6b4b82,MG1655,4190400,4196800,4193600,6400,100,5238,rep1,False,0,0,F:\Micro-C\micro-c数据\GSE272159_37C_rep1.mapq_30.10.cool,medium,800,True,MG1655:32,train
WIN_medium_8053ebe21c9e8241,MG1655,4191200,4197600,4194400,6400,100,5239,rep1,False,0,0,F:\Micro-C\micro-c数据\GSE272159_37C_rep1.mapq_30.10.cool,medium,800,True,MG1655:32,train
WIN_medium_599d4d8fb64b1d06,MG1655,4192000,4198400,4195200,6400,100,5240,rep1,False,0,0,F:\Micro-C\micro-c数据\GSE272159_37C_rep1.mapq_30.10.cool,medium,800,True,MG1655:32,train
WIN_medium_a379d232cefd9448,MG1655,4192800,4199200,4196000,6400,100,5241,rep1,False,0,0,F:\Micro-C\micro-c数据\GSE272159_37C_rep1.mapq_30.10.cool,medium,800,True,MG1655:32,train
WIN_medium_0eb35b26256c9ab3,MG1655,4193600,4200000,4196800,6400,100,5242,rep1,False,0,0,F:\Micro-C\micro-c数据\GSE272159_37C_rep1.mapq_30.10.cool,medium,800,True,MG1655:32,train
WIN_medium_469445c6c01c4854,MG1655,4194400,4200800,4197600,6400,100,5243,rep1,False,0,0,F:\Micro-C\micro-c数据\GSE272159_37C_rep1.mapq_30.10.cool,medium,800,True,MG1655:32,train
WIN_medium_0422ac2f3a53035a,MG1655,4195200,4201600,4198400,6400,100,5244,rep1,False,0,0,F:\Micro-C\micro-c数据\GSE272159_37C_rep1.mapq_30.10.cool,medium,800,True,MG1655:32,train
WIN_medium_5c5b0f32f0c99bdd,MG1655,4196000,4202400,4199200,6400,100,5245,rep1,False,0,0,F:\Micro-C\micro-c数据\GSE272159_37C_rep1.mapq_30.10.cool,medium,800,True,MG1655:32,train
WIN_medium_e78e5b83fc90ca19,MG1655,4196800,4203200,4200000,6400,100,5246,rep1,False,0,0,F:\Micro-C\micro-c数据\GSE272159_37C_rep1.mapq_30.10.cool,medium,800,True,MG1655:32,train
WIN_medium_4751f7a3d32570ae,MG1655,4197600,4204000,4200800,6400,100,5247,rep1,False,0,0,F:\Micro-C\micro-c数据\GSE272159_37C_rep1.mapq_30.10.cool,medium,800,True,MG1655:32,train
WIN_medium_2a4a73129574156c,MG1655,4198400,4204800,4201600,6400,100,5248,rep1,False,0,0,F:\Micro-C\micro-c数据\GSE272159_37C_rep1.mapq_30.10.cool,medium,800,True,MG1655:32,train
WIN_medium_2d6f7c3a96e72096,MG1655,4199200,4205600,4202400,6400,100,5249,rep1,False,0,0,F:\Micro-C\micro-c数据\GSE272159_37C_rep1.mapq_30.10.cool,medium,800,True,MG1655:32,train
WIN_medium_6a97abb16a6b8f1e,MG1655,4200000,4206400,4203200,6400,100,5250,rep1,False,0,0,F:\Micro-C\micro-c数据\GSE272159_37C_rep1.mapq_30.10.cool,medium,800,True,MG1655:32,train
WIN_medium_6d395a444f2a7a56,MG1655,4200800,4207200,4204000,6400,100,5251,rep1,False,0,0,F:\Micro-C\micro-c数据\GSE272159_37C_rep1.mapq_30.10.cool,medium,800,True,MG1655:32,train
WIN_medium_aa700db81007a6ac,MG1655,4201600,4208000,4204800,6400,100,5252,rep1,False,0,0,F:\Micro-C\micro-c数据\GSE272159_37C_rep1.mapq_30.10.cool,medium,800,True,MG1655:32,train
WIN_medium_b2f76c2f39a0b1e2,MG1655,4202400,4208800,4205600,6400,100,5253,rep1,True,7,7,F:\Micro-C\micro-c数据\GSE272159_37C_rep1.mapq_30.10.cool,medium,800,True,MG1655:32,train
WIN_medium_a53829ee9056d26c,MG1655,4203200,4209600,4206400,6400,100,5254,rep1,True,15,15,F:\Micro-C\micro-c数据\GSE272159_37C_rep1.mapq_30.10.cool,medium,800,True,MG1655:32,train
WIN_medium_3231c85398dbdbc5,MG1655,4204000,4210400,4207200,6400,100,5255,rep1,True,23,23,F:\Micro-C\micro-c数据\GSE272159_37C_rep1.mapq_30.10.cool,medium,800,True,MG1655:32,train
WIN_medium_317a3e541e0ba943,MG1655,4204800,4211200,4208000,6400,100,5256,rep1,True,31,31,F:\Micro-C\micro-c数据\GSE272159_37C_rep1.mapq_30.10.cool,medium,800,True,MG1655:32,train
WIN_medium_82e2a77d18d6c3b0,MG1655,4205600,4212000,4208800,6400,100,5257,rep1,True,39,39,F:\Micro-C\micro-c数据\GSE272159_37C_rep1.mapq_30.10.cool,medium,800,True,MG1655:32,train
WIN_medium_bd3bf6a040479776,MG1655,4206400,4212800,4209600,6400,100,5258,rep1,True,47,47,F:\Micro-C\micro-c数据\GSE272159_37C_rep1.mapq_30.10.cool,medium,800,True,MG1655:32,train
WIN_medium_a823ae1d1d8a63ef,MG1655,4207200,4213600,4210400,6400,100,5259,rep1,True,49,49,F:\Micro-C\micro-c数据\GSE272159_37C_rep1.mapq_30.10.cool,medium,800,True,MG1655:32,train
WIN_medium_c6c59ecae8b885e2,MG1655,4208000,4214400,4211200,6400,100,5260,rep1,True,49,49,F:\Micro-C\micro-c数据\GSE272159_37C_rep1.mapq_30.10.cool,medium,800,True,MG1655:32,train
WIN_medium_e849a52db1a2000a,MG1655,4224000,4230400,4227200,6400,100,5280,rep1,False,0,0,F:\Micro-C\micro-c数据\GSE272159_37C_rep1.mapq_30.10.cool,medium,800,True,MG1655:33,train
WIN_medium_13f406976cb9a661,MG1655,4224800,4231200,4228000,6400,100,5281,rep1,False,0,0,F:\Micro-C\micro-c数据\GSE272159_37C_rep1.mapq_30.10.cool,medium,800,True,MG1655:33,train
WIN_medium_97e2f99bacb09562,MG1655,4225600,4232000,4228800,6400,100,5282,rep1,False,0,0,F:\Micro-C\micro-c数据\GSE272159_37C_rep1.mapq_30.10.cool,medium,800,True,MG1655:33,train
WIN_medium_055a9707a1ee2134,MG1655,4226400,4232800,4229600,6400,100,5283,rep1,False,0,0,F:\Micro-C\micro-c数据\GSE272159_37C_rep1.mapq_30.10.cool,medium,800,True,MG1655:33,train
WIN_medium_1ff34a02399558d1,MG1655,4227200,4233600,4230400,6400,100,5284,rep1,False,0,0,F:\Micro-C\micro-c数据\GSE272159_37C_rep1.mapq_30.10.cool,medium,800,True,MG1655:33,train
WIN_medium_49e7e73480db0fb0,MG1655,4228000,4234400,4231200,6400,100,5285,rep1,False,0,0,F:\Micro-C\micro-c数据\GSE272159_37C_rep1.mapq_30.10.cool,medium,800,True,MG1655:33,train
WIN_medium_8ae9a4b7fc9d395a,MG1655,4228800,4235200,4232000,6400,100,5286,rep1,False,0,0,F:\Micro-C\micro-c数据\GSE272159_37C_rep1.mapq_30.10.cool,medium,800,True,MG1655:33,train
WIN_medium_458b7872803b10e7,MG1655,4229600,4236000,4232800,6400,100,5287,rep1,False,0,0,F:\Micro-C\micro-c数据\GSE272159_37C_rep1.mapq_30.10.cool,medium,800,True,MG1655:33,train
WIN_medium_7e8c3f19f98ddd8d,MG1655,4230400,4236800,4233600,6400,100,5288,rep1,False,0,0,F:\Micro-C\micro-c数据\GSE272159_37C_rep1.mapq_30.10.cool,medium,800,True,MG1655:33,train
WIN_medium_6f9ebb6df320210c,MG1655,4231200,4237600,4234400,6400,100,5289,rep1,False,0,0,F:\Micro-C\micro-c数据\GSE272159_37C_rep1.mapq_30.10.cool,medium,800,True,MG1655:33,train
WIN_medium_5fbc6f1fe804f1eb,MG1655,4232000,4238400,4235200,6400,100,5290,rep1,False,0,0,F:\Micro-C\micro-c数据\GSE272159_37C_rep1.mapq_30.10.cool,medium,800,True,MG1655:33,train
WIN_medium_9c8dcf6856b046f2,MG1655,4232800,4239200,4236000,6400,100,5291,rep1,False,0,0,F:\Micro-C\micro-c数据\GSE272159_37C_rep1.mapq_30.10.cool,medium,800,True,MG1655:33,train
WIN_medium_58fec36f0cc32977,MG1655,4233600,4240000,4236800,6400,100,5292,rep1,False,0,0,F:\Micro-C\micro-c数据\GSE272159_37C_rep1.mapq_30.10.cool,medium,800,True,MG1655:33,train
WIN_medium_ed1b10a81c06aa7b,MG1655,4234400,4240800,4237600,6400,100,5293,rep1,False,0,0,F:\Micro-C\micro-c数据\GSE272159_37C_rep1.mapq_30.10.cool,medium,800,True,MG1655:33,train
WIN_medium_79e369e1a5ecf470,MG1655,4235200,4241600,4238400,6400,100,5294,rep1,False,0,0,F:\Micro-C\micro-c数据\GSE272159_37C_rep1.mapq_30.10.cool,medium,800,True,MG1655:33,train
WIN_medium_1eaa04e78e95ff7e,MG1655,4236000,4242400,4239200,6400,100,5295,rep1,False,0,0,F:\Micro-C\micro-c数据\GSE272159_37C_rep1.mapq_30.10.cool,medium,800,True,MG1655:33,train
WIN_medium_c74168a0f8ce730c,MG1655,4236800,4243200,4240000,6400,100,5296,rep1,False,0,0,F:\Micro-C\micro-c数据\GSE272159_37C_rep1.mapq_30.10.cool,medium,800,True,MG1655:33,train
WIN_medium_8ad70a24420d417a,MG1655,4237600,4244000,4240800,6400,100,5297,rep1,False,0,0,F:\Micro-C\micro-c数据\GSE272159_37C_rep1.mapq_30.10.cool,medium,800,True,MG1655:33,train
WIN_medium_4286384985c97e56,MG1655,4238400,4244800,4241600,6400,100,5298,rep1,False,0,0,F:\Micro-C\micro-c数据\GSE272159_37C_rep1.mapq_30.10.cool,medium,800,True,MG1655:33,train
WIN_medium_d3b013c167289c94,MG1655,4239200,4245600,4242400,6400,100,5299,rep1,False,0,0,F:\Micro-C\micro-c数据\GSE272159_37C_rep1.mapq_30.10.cool,medium,800,True,MG1655:33,train
WIN_medium_b0cad2268ba7c4c9,MG1655,4240000,4246400,4243200,6400,100,5300,rep1,False,0,0,F:\Micro-C\micro-c数据\GSE272159_37C_rep1.mapq_30.10.cool,medium,800,True,MG1655:33,train
WIN_medium_605585807fae568d,MG1655,4240800,4247200,4244000,6400,100,5301,rep1,False,0,0,F:\Micro-C\micro-c数据\GSE272159_37C_rep1.mapq_30.10.cool,medium,800,True,MG1655:33,train
WIN_medium_a4702b0761543f40,MG1655,4241600,4248000,4244800,6400,100,5302,rep1,False,0,0,F:\Micro-C\micro-c数据\GSE272159_37C_rep1.mapq_30.10.cool,medium,800,True,MG1655:33,train
WIN_medium_c38e014896c5e281,MG1655,4242400,4248800,4245600,6400,100,5303,rep1,False,0,0,F:\Micro-C\micro-c数据\GSE272159_37C_rep1.mapq_30.10.cool,medium,800,True,MG1655:33,train
WIN_medium_0ab04908b02af182,MG1655,4243200,4249600,4246400,6400,100,5304,rep1,False,0,0,F:\Micro-C\micro-c数据\GSE272159_37C_rep1.mapq_30.10.cool,medium,800,True,MG1655:33,train
WIN_medium_b117ff1fc51a5297,MG1655,4269600,4276000,4272800,6400,100,5337,rep1,False,0,0,F:\Micro-C\micro-c数据\GSE272159_37C_rep1.mapq_30.10.cool,medium,800,True,MG1655:33,train
WIN_medium_a9205a49f2ee7758,MG1655,4284000,4290400,4287200,6400,100,5355,rep1,False,0,0,F:\Micro-C\micro-c数据\GSE272159_37C_rep1.mapq_30.10.cool,medium,800,True,MG1655:33,train
WIN_medium_ae9bee6d5e242a77,MG1655,4284800,4291200,4288000,6400,100,5356,rep1,False,0,0,F:\Micro-C\micro-c数据\GSE272159_37C_rep1.mapq_30.10.cool,medium,800,True,MG1655:33,train
WIN_medium_9201e650d1932d90,MG1655,4285600,4292000,4288800,6400,100,5357,rep1,False,0,0,F:\Micro-C\micro-c数据\GSE272159_37C_rep1.mapq_30.10.cool,medium,800,True,MG1655:33,train
WIN_medium_aecbf309c358465f,MG1655,4286400,4292800,4289600,6400,100,5358,rep1,False,0,0,F:\Micro-C\micro-c数据\GSE272159_37C_rep1.mapq_30.10.cool,medium,800,True,MG1655:33,train
WIN_medium_c4327133f707f848,MG1655,4287200,4293600,4290400,6400,100,5359,rep1,False,0,0,F:\Micro-C\micro-c数据\GSE272159_37C_rep1.mapq_30.10.cool,medium,800,True,MG1655:33,train
WIN_medium_283d429592160d32,MG1655,4288000,4294400,4291200,6400,100,5360,rep1,False,0,0,F:\Micro-C\micro-c数据\GSE272159_37C_rep1.mapq_30.10.cool,medium,800,True,MG1655:33,train
WIN_medium_253ef0e64a89b6df,MG1655,4288800,4295200,4292000,6400,100,5361,rep1,False,0,0,F:\Micro-C\micro-c数据\GSE272159_37C_rep1.mapq_30.10.cool,medium,800,True,MG1655:33,train
WIN_medium_fb3baa2c6e538ab2,MG1655,4289600,4296000,4292800,6400,100,5362,rep1,False,0,0,F:\Micro-C\micro-c数据\GSE272159_37C_rep1.mapq_30.10.cool,medium,800,True,MG1655:33,train
WIN_medium_5d72ff0bcecaf57d,MG1655,4290400,4296800,4293600,6400,100,5363,rep1,True,1,1,F:\Micro-C\micro-c数据\GSE272159_37C_rep1.mapq_30.10.cool,medium,800,True,MG1655:33,train
WIN_medium_797fed2792b052ed,MG1655,4291200,4297600,4294400,6400,100,5364,rep1,True,1,1,F:\Micro-C\micro-c数据\GSE272159_37C_rep1.mapq_30.10.cool,medium,800,True,MG1655:33,train
WIN_medium_724f7cf923ce7904,MG1655,4292000,4298400,4295200,6400,100,5365,rep1,True,1,1,F:\Micro-C\micro-c数据\GSE272159_37C_rep1.mapq_30.10.cool,medium,800,True,MG1655:33,train
WIN_medium_77c8834ffdd574cd,MG1655,4292800,4299200,4296000,6400,100,5366,rep1,True,1,1,F:\Micro-C\micro-c数据\GSE272159_37C_rep1.mapq_30.10.cool,medium,800,True,MG1655:33,train
WIN_medium_f062edecbc3c3052,MG1655,4293600,4300000,4296800,6400,100,5367,rep1,True,1,1,F:\Micro-C\micro-c数据\GSE272159_37C_rep1.mapq_30.10.cool,medium,800,True,MG1655:33,train
WIN_medium_89c75e67238ad3a2,MG1655,4294400,4300800,4297600,6400,100,5368,rep1,True,1,1,F:\Micro-C\micro-c数据\GSE272159_37C_rep1.mapq_30.10.cool,medium,800,True,MG1655:33,train
WIN_medium_5da24a8e5365decc,MG1655,4295200,4301600,4298400,6400,100,5369,rep1,True,1,1,F:\Micro-C\micro-c数据\GSE272159_37C_rep1.mapq_30.10.cool,medium,800,True,MG1655:33,train
WIN_medium_416a8258c9bf02af,MG1655,4296000,4302400,4299200,6400,100,5370,rep1,True,1,1,F:\Micro-C\micro-c数据\GSE272159_37C_rep1.mapq_30.10.cool,medium,800,True,MG1655:33,train
WIN_medium_0751978cff5a9a12,MG1655,4296800,4303200,4300000,6400,100,5371,rep1,False,0,0,F:\Micro-C\micro-c数据\GSE272159_37C_rep1.mapq_30.10.cool,medium,800,True,MG1655:33,train
WIN_medium_da4c54a711057692,MG1655,4297600,4304000,4300800,6400,100,5372,rep1,False,0,0,F:\Micro-C\micro-c数据\GSE272159_37C_rep1.mapq_30.10.cool,medium,800,True,MG1655:33,train
WIN_medium_2c6b2b12bdb5ede7,MG1655,4298400,4304800,4301600,6400,100,5373,rep1,False,0,0,F:\Micro-C\micro-c数据\GSE272159_37C_rep1.mapq_30.10.cool,medium,800,True,MG1655:33,train
WIN_medium_7ea7eefe9d5caa8d,MG1655,4299200,4305600,4302400,6400,100,5374,rep1,False,0,0,F:\Micro-C\micro-c数据\GSE272159_37C_rep1.mapq_30.10.cool,medium,800,True,MG1655:33,train
WIN_medium_f40e706a59b0618d,MG1655,4300000,4306400,4303200,6400,100,5375,rep1,False,0,0,F:\Micro-C\micro-c数据\GSE272159_37C_rep1.mapq_30.10.cool,medium,800,True,MG1655:33,train
WIN_medium_d41e928f823ba253,MG1655,4300800,4307200,4304000,6400,100,5376,rep1,False,0,0,F:\Micro-C\micro-c数据\GSE272159_37C_rep1.mapq_30.10.cool,medium,800,True,MG1655:33,train
WIN_medium_ea7cca54faf2e613,MG1655,4301600,4308000,4304800,6400,100,5377,rep1,False,0,0,F:\Micro-C\micro-c数据\GSE272159_37C_rep1.mapq_30.10.cool,medium,800,True,MG1655:33,train
WIN_medium_20e01c85d3e2345a,MG1655,4302400,4308800,4305600,6400,100,5378,rep1,False,0,0,F:\Micro-C\micro-c数据\GSE272159_37C_rep1.mapq_30.10.cool,medium,800,True,MG1655:33,train
WIN_medium_d5e062d8765c850d,MG1655,4303200,4309600,4306400,6400,100,5379,rep1,False,0,0,F:\Micro-C\micro-c数据\GSE272159_37C_rep1.mapq_30.10.cool,medium,800,True,MG1655:33,train
WIN_medium_c622fe2412cac76c,MG1655,4304000,4310400,4307200,6400,100,5380,rep1,False,0,0,F:\Micro-C\micro-c数据\GSE272159_37C_rep1.mapq_30.10.cool,medium,800,True,MG1655:33,train
WIN_medium_0d934119536ded77,MG1655,4312800,4319200,4316000,6400,100,5391,rep1,False,0,0,F:\Micro-C\micro-c数据\GSE272159_37C_rep1.mapq_30.10.cool,medium,800,True,MG1655:33,train
WIN_medium_5d1559035f7c242b,MG1655,4313600,4320000,4316800,6400,100,5392,rep1,False,0,0,F:\Micro-C\micro-c数据\GSE272159_37C_rep1.mapq_30.10.cool,medium,800,True,MG1655:33,train
WIN_medium_b860688e2216040d,MG1655,4314400,4320800,4317600,6400,100,5393,rep1,False,0,0,F:\Micro-C\micro-c数据\GSE272159_37C_rep1.mapq_30.10.cool,medium,800,True,MG1655:33,train
WIN_medium_091ae5beefbc207a,MG1655,4315200,4321600,4318400,6400,100,5394,rep1,False,0,0,F:\Micro-C\micro-c数据\GSE272159_37C_rep1.mapq_30.10.cool,medium,800,True,MG1655:33,train
WIN_medium_9d46fbb5fb79391c,MG1655,4316000,4322400,4319200,6400,100,5395,rep1,False,0,0,F:\Micro-C\micro-c数据\GSE272159_37C_rep1.mapq_30.10.cool,medium,800,True,MG1655:33,train
WIN_medium_b02272a9ba73d22c,MG1655,4316800,4323200,4320000,6400,100,5396,rep1,False,0,0,F:\Micro-C\micro-c数据\GSE272159_37C_rep1.mapq_30.10.cool,medium,800,True,MG1655:33,train
WIN_medium_4c6a8c75f0765b8e,MG1655,4317600,4324000,4320800,6400,100,5397,rep1,False,0,0,F:\Micro-C\micro-c数据\GSE272159_37C_rep1.mapq_30.10.cool,medium,800,True,MG1655:33,train
WIN_medium_521bf07f77d38bb3,MG1655,4318400,4324800,4321600,6400,100,5398,rep1,False,0,0,F:\Micro-C\micro-c数据\GSE272159_37C_rep1.mapq_30.10.cool,medium,800,True,MG1655:33,train
WIN_medium_c1854bc3acc6c187,MG1655,4319200,4325600,4322400,6400,100,5399,rep1,False,0,0,F:\Micro-C\micro-c数据\GSE272159_37C_rep1.mapq_30.10.cool,medium,800,True,MG1655:33,train
WIN_medium_1a4e83bdfd63944d,MG1655,4320000,4326400,4323200,6400,100,5400,rep1,False,0,0,F:\Micro-C\micro-c数据\GSE272159_37C_rep1.mapq_30.10.cool,medium,800,True,MG1655:33,train
WIN_medium_f698df6a7c7d2e5a,MG1655,4320800,4327200,4324000,6400,100,5401,rep1,False,0,0,F:\Micro-C\micro-c数据\GSE272159_37C_rep1.mapq_30.10.cool,medium,800,True,MG1655:33,train
WIN_medium_ff47877ed7273917,MG1655,4321600,4328000,4324800,6400,100,5402,rep1,False,0,0,F:\Micro-C\micro-c数据\GSE272159_37C_rep1.mapq_30.10.cool,medium,800,True,MG1655:33,train
WIN_medium_478c25b9324c345c,MG1655,4322400,4328800,4325600,6400,100,5403,rep1,False,0,0,F:\Micro-C\micro-c数据\GSE272159_37C_rep1.mapq_30.10.cool,medium,800,True,MG1655:33,train
WIN_medium_b0c47a446c4d16da,MG1655,4323200,4329600,4326400,6400,100,5404,rep1,False,0,0,F:\Micro-C\micro-c数据\GSE272159_37C_rep1.mapq_30.10.cool,medium,800,True,MG1655:33,train
WIN_medium_451972165840bae5,MG1655,4324000,4330400,4327200,6400,100,5405,rep1,False,0,0,F:\Micro-C\micro-c数据\GSE272159_37C_rep1.mapq_30.10.cool,medium,800,True,MG1655:33,train
WIN_medium_7420ae560b758a44,MG1655,4324800,4331200,4328000,6400,100,5406,rep1,False,0,0,F:\Micro-C\micro-c数据\GSE272159_37C_rep1.mapq_30.10.cool,medium,800,True,MG1655:33,train
WIN_medium_2a971c95be8fcb99,MG1655,4325600,4332000,4328800,6400,100,5407,rep1,False,0,0,F:\Micro-C\micro-c数据\GSE272159_37C_rep1.mapq_30.10.cool,medium,800,True,MG1655:33,train
WIN_medium_e823a61878a24c63,MG1655,4326400,4332800,4329600,6400,100,5408,rep1,False,0,0,F:\Micro-C\micro-c数据\GSE272159_37C_rep1.mapq_30.10.cool,medium,800,True,MG1655:33,train
WIN_medium_ab4aed31a2b3e9cc,MG1655,4327200,4333600,4330400,6400,100,5409,rep1,False,0,0,F:\Micro-C\micro-c数据\GSE272159_37C_rep1.mapq_30.10.cool,medium,800,True,MG1655:33,train
WIN_medium_ff6c1eb4ca7e916a,MG1655,4328000,4334400,4331200,6400,100,5410,rep1,False,0,0,F:\Micro-C\micro-c数据\GSE272159_37C_rep1.mapq_30.10.cool,medium,800,True,MG1655:33,train
WIN_medium_09278fffe54a0c47,MG1655,4328800,4335200,4332000,6400,100,5411,rep1,False,0,0,F:\Micro-C\micro-c数据\GSE272159_37C_rep1.mapq_30.10.cool,medium,800,True,MG1655:33,train
WIN_medium_5d1dcb40fc44a018,MG1655,4329600,4336000,4332800,6400,100,5412,rep1,False,0,0,F:\Micro-C\micro-c数据\GSE272159_37C_rep1.mapq_30.10.cool,medium,800,True,MG1655:33,train
WIN_medium_f9465e3f10fb0cc9,MG1655,4339200,4345600,4342400,6400,100,5424,rep1,False,0,0,F:\Micro-C\micro-c数据\GSE272159_37C_rep1.mapq_30.10.cool,medium,800,True,MG1655:33,train
WIN_medium_7a4b70bedbf1ecc9,MG1655,4340000,4346400,4343200,6400,100,5425,rep1,False,0,0,F:\Micro-C\micro-c数据\GSE272159_37C_rep1.mapq_30.10.cool,medium,800,True,MG1655:33,train
WIN_medium_3f2cc8f35e5f09bd,MG1655,4340800,4347200,4344000,6400,100,5426,rep1,False,0,0,F:\Micro-C\micro-c数据\GSE272159_37C_rep1.mapq_30.10.cool,medium,800,True,MG1655:33,train
WIN_medium_faace892c1aebaca,MG1655,4341600,4348000,4344800,6400,100,5427,rep1,False,0,0,F:\Micro-C\micro-c数据\GSE272159_37C_rep1.mapq_30.10.cool,medium,800,True,MG1655:33,train
WIN_medium_3c25e9f4c691490f,MG1655,4342400,4348800,4345600,6400,100,5428,rep1,False,0,0,F:\Micro-C\micro-c数据\GSE272159_37C_rep1.mapq_30.10.cool,medium,800,True,MG1655:33,train
WIN_medium_e5225ad645d90af8,MG1655,4343200,4349600,4346400,6400,100,5429,rep1,False,0,0,F:\Micro-C\micro-c数据\GSE272159_37C_rep1.mapq_30.10.cool,medium,800,True,MG1655:33,train
WIN_medium_dc7c788f672dcd07,MG1655,4344000,4350400,4347200,6400,100,5430,rep1,False,0,0,F:\Micro-C\micro-c数据\GSE272159_37C_rep1.mapq_30.10.cool,medium,800,True,MG1655:33,train
WIN_medium_51331499536b2668,MG1655,4344800,4351200,4348000,6400,100,5431,rep1,False,0,0,F:\Micro-C\micro-c数据\GSE272159_37C_rep1.mapq_30.10.cool,medium,800,True,MG1655:33,train
WIN_medium_e17d522a9ab38599,MG1655,4345600,4352000,4348800,6400,100,5432,rep1,False,0,0,F:\Micro-C\micro-c数据\GSE272159_37C_rep1.mapq_30.10.cool,medium,800,True,MG1655:33,train
WIN_medium_ad476d0310e11118,MG1655,4352000,4358400,4355200,6400,100,5440,rep1,False,0,0,F:\Micro-C\micro-c数据\GSE272159_37C_rep1.mapq_30.10.cool,medium,800,True,MG1655:34,train
WIN_medium_a4e1e0edb137f9d8,MG1655,4352800,4359200,4356000,6400,100,5441,rep1,False,0,0,F:\Micro-C\micro-c数据\GSE272159_37C_rep1.mapq_30.10.cool,medium,800,True,MG1655:34,train
WIN_medium_9c52a749e1b87721,MG1655,4361600,4368000,4364800,6400,100,5452,rep1,False,0,0,F:\Micro-C\micro-c数据\GSE272159_37C_rep1.mapq_30.10.cool,medium,800,True,MG1655:34,train
WIN_medium_acfbef1f26d2bd02,MG1655,4362400,4368800,4365600,6400,100,5453,rep1,False,0,0,F:\Micro-C\micro-c数据\GSE272159_37C_rep1.mapq_30.10.cool,medium,800,True,MG1655:34,train
WIN_medium_f26a84faf0243640,MG1655,4363200,4369600,4366400,6400,100,5454,rep1,False,0,0,F:\Micro-C\micro-c数据\GSE272159_37C_rep1.mapq_30.10.cool,medium,800,True,MG1655:34,train
WIN_medium_8a53c07c04b49d89,MG1655,4364000,4370400,4367200,6400,100,5455,rep1,False,0,0,F:\Micro-C\micro-c数据\GSE272159_37C_rep1.mapq_30.10.cool,medium,800,True,MG1655:34,train
WIN_medium_e46084b991b8d5be,MG1655,4364800,4371200,4368000,6400,100,5456,rep1,False,0,0,F:\Micro-C\micro-c数据\GSE272159_37C_rep1.mapq_30.10.cool,medium,800,True,MG1655:34,train
WIN_medium_909da90c6d98323f,MG1655,4365600,4372000,4368800,6400,100,5457,rep1,False,0,0,F:\Micro-C\micro-c数据\GSE272159_37C_rep1.mapq_30.10.cool,medium,800,True,MG1655:34,train
WIN_medium_b3c344ccf85c702c,MG1655,4366400,4372800,4369600,6400,100,5458,rep1,False,0,0,F:\Micro-C\micro-c数据\GSE272159_37C_rep1.mapq_30.10.cool,medium,800,True,MG1655:34,train
WIN_medium_192a2d17b7051209,MG1655,4367200,4373600,4370400,6400,100,5459,rep1,False,0,0,F:\Micro-C\micro-c数据\GSE272159_37C_rep1.mapq_30.10.cool,medium,800,True,MG1655:34,train
WIN_medium_ced3900fa12c3b37,MG1655,4368000,4374400,4371200,6400,100,5460,rep1,False,0,0,F:\Micro-C\micro-c数据\GSE272159_37C_rep1.mapq_30.10.cool,medium,800,True,MG1655:34,train
WIN_medium_d1c70d03f92042e5,MG1655,4368800,4375200,4372000,6400,100,5461,rep1,False,0,0,F:\Micro-C\micro-c数据\GSE272159_37C_rep1.mapq_30.10.cool,medium,800,True,MG1655:34,train
WIN_medium_c068fb8182e5888b,MG1655,4369600,4376000,4372800,6400,100,5462,rep1,False,0,0,F:\Micro-C\micro-c数据\GSE272159_37C_rep1.mapq_30.10.cool,medium,800,True,MG1655:34,train
WIN_medium_f126690b34ad322b,MG1655,4370400,4376800,4373600,6400,100,5463,rep1,False,0,0,F:\Micro-C\micro-c数据\GSE272159_37C_rep1.mapq_30.10.cool,medium,800,True,MG1655:34,train
WIN_medium_4ddbd3d8e410dea9,MG1655,4371200,4377600,4374400,6400,100,5464,rep1,False,0,0,F:\Micro-C\micro-c数据\GSE272159_37C_rep1.mapq_30.10.cool,medium,800,True,MG1655:34,train
WIN_medium_e66ff0c01dd776f1,MG1655,4372000,4378400,4375200,6400,100,5465,rep1,False,0,0,F:\Micro-C\micro-c数据\GSE272159_37C_rep1.mapq_30.10.cool,medium,800,True,MG1655:34,train
WIN_medium_a454fbad541f2edc,MG1655,4372800,4379200,4376000,6400,100,5466,rep1,False,0,0,F:\Micro-C\micro-c数据\GSE272159_37C_rep1.mapq_30.10.cool,medium,800,True,MG1655:34,train
WIN_medium_90e6f8f078914894,MG1655,4373600,4380000,4376800,6400,100,5467,rep1,False,0,0,F:\Micro-C\micro-c数据\GSE272159_37C_rep1.mapq_30.10.cool,medium,800,True,MG1655:34,train
WIN_medium_9ba7f43452226fe7,MG1655,4374400,4380800,4377600,6400,100,5468,rep1,False,0,0,F:\Micro-C\micro-c数据\GSE272159_37C_rep1.mapq_30.10.cool,medium,800,True,MG1655:34,train
WIN_medium_7c30ad232a2721c0,MG1655,4375200,4381600,4378400,6400,100,5469,rep1,False,0,0,F:\Micro-C\micro-c数据\GSE272159_37C_rep1.mapq_30.10.cool,medium,800,True,MG1655:34,train
WIN_medium_ed12c4015f4517d8,MG1655,4376000,4382400,4379200,6400,100,5470,rep1,False,0,0,F:\Micro-C\micro-c数据\GSE272159_37C_rep1.mapq_30.10.cool,medium,800,True,MG1655:34,train
WIN_medium_45bdc11cbdf37466,MG1655,4376800,4383200,4380000,6400,100,5471,rep1,False,0,0,F:\Micro-C\micro-c数据\GSE272159_37C_rep1.mapq_30.10.cool,medium,800,True,MG1655:34,train
WIN_medium_278528bf8a3fa446,MG1655,4384800,4391200,4388000,6400,100,5481,rep1,False,0,0,F:\Micro-C\micro-c数据\GSE272159_37C_rep1.mapq_30.10.cool,medium,800,True,MG1655:34,train
WIN_medium_22e0489c47ce269c,MG1655,4385600,4392000,4388800,6400,100,5482,rep1,False,0,0,F:\Micro-C\micro-c数据\GSE272159_37C_rep1.mapq_30.10.cool,medium,800,True,MG1655:34,train
WIN_medium_d401a451a1439728,MG1655,4386400,4392800,4389600,6400,100,5483,rep1,False,0,0,F:\Micro-C\micro-c数据\GSE272159_37C_rep1.mapq_30.10.cool,medium,800,True,MG1655:34,train
WIN_medium_e022a034fe6cf2b5,MG1655,4387200,4393600,4390400,6400,100,5484,rep1,False,0,0,F:\Micro-C\micro-c数据\GSE272159_37C_rep1.mapq_30.10.cool,medium,800,True,MG1655:34,train
WIN_medium_1d72e0173cfad5b1,MG1655,4388000,4394400,4391200,6400,100,5485,rep1,False,0,0,F:\Micro-C\micro-c数据\GSE272159_37C_rep1.mapq_30.10.cool,medium,800,True,MG1655:34,train
WIN_medium_6b33fed5fa80697c,MG1655,4388800,4395200,4392000,6400,100,5486,rep1,False,0,0,F:\Micro-C\micro-c数据\GSE272159_37C_rep1.mapq_30.10.cool,medium,800,True,MG1655:34,train
WIN_medium_d31b2a96abbf9bae,MG1655,4389600,4396000,4392800,6400,100,5487,rep1,False,0,0,F:\Micro-C\micro-c数据\GSE272159_37C_rep1.mapq_30.10.cool,medium,800,True,MG1655:34,train
WIN_medium_86276f79a7b33948,MG1655,4390400,4396800,4393600,6400,100,5488,rep1,False,0,0,F:\Micro-C\micro-c数据\GSE272159_37C_rep1.mapq_30.10.cool,medium,800,True,MG1655:34,train
WIN_medium_a9d95c46d6f5d8d9,MG1655,4391200,4397600,4394400,6400,100,5489,rep1,False,0,0,F:\Micro-C\micro-c数据\GSE272159_37C_rep1.mapq_30.10.cool,medium,800,True,MG1655:34,train
WIN_medium_0e24606d01ec9b90,MG1655,4392000,4398400,4395200,6400,100,5490,rep1,False,0,0,F:\Micro-C\micro-c数据\GSE272159_37C_rep1.mapq_30.10.cool,medium,800,True,MG1655:34,train
WIN_medium_b5bda747b64b5fea,MG1655,4392800,4399200,4396000,6400,100,5491,rep1,False,0,0,F:\Micro-C\micro-c数据\GSE272159_37C_rep1.mapq_30.10.cool,medium,800,True,MG1655:34,train
WIN_medium_13695e2169447151,MG1655,4393600,4400000,4396800,6400,100,5492,rep1,False,0,0,F:\Micro-C\micro-c数据\GSE272159_37C_rep1.mapq_30.10.cool,medium,800,True,MG1655:34,train
WIN_medium_e18902bc673a58f7,MG1655,4394400,4400800,4397600,6400,100,5493,rep1,False,0,0,F:\Micro-C\micro-c数据\GSE272159_37C_rep1.mapq_30.10.cool,medium,800,True,MG1655:34,train
WIN_medium_3112b1c7e4c52c63,MG1655,4395200,4401600,4398400,6400,100,5494,rep1,False,0,0,F:\Micro-C\micro-c数据\GSE272159_37C_rep1.mapq_30.10.cool,medium,800,True,MG1655:34,train
WIN_medium_13941e1a0b908f09,MG1655,4396000,4402400,4399200,6400,100,5495,rep1,False,0,0,F:\Micro-C\micro-c数据\GSE272159_37C_rep1.mapq_30.10.cool,medium,800,True,MG1655:34,train
WIN_medium_bb92070440e4a6ad,MG1655,4396800,4403200,4400000,6400,100,5496,rep1,False,0,0,F:\Micro-C\micro-c数据\GSE272159_37C_rep1.mapq_30.10.cool,medium,800,True,MG1655:34,train
WIN_medium_d2666a88df006cbd,MG1655,4397600,4404000,4400800,6400,100,5497,rep1,False,0,0,F:\Micro-C\micro-c数据\GSE272159_37C_rep1.mapq_30.10.cool,medium,800,True,MG1655:34,train
WIN_medium_8d27f9fe3e174332,MG1655,4398400,4404800,4401600,6400,100,5498,rep1,False,0,0,F:\Micro-C\micro-c数据\GSE272159_37C_rep1.mapq_30.10.cool,medium,800,True,MG1655:34,train
WIN_medium_4169aa3256641a7d,MG1655,4399200,4405600,4402400,6400,100,5499,rep1,False,0,0,F:\Micro-C\micro-c数据\GSE272159_37C_rep1.mapq_30.10.cool,medium,800,True,MG1655:34,train
WIN_medium_ee2a837fe1ac2ca6,MG1655,4400000,4406400,4403200,6400,100,5500,rep1,False,0,0,F:\Micro-C\micro-c数据\GSE272159_37C_rep1.mapq_30.10.cool,medium,800,True,MG1655:34,train
WIN_medium_8c8e794f7c8b053f,MG1655,4400800,4407200,4404000,6400,100,5501,rep1,False,0,0,F:\Micro-C\micro-c数据\GSE272159_37C_rep1.mapq_30.10.cool,medium,800,True,MG1655:34,train
WIN_medium_dc2ca8d0e43d976b,MG1655,4401600,4408000,4404800,6400,100,5502,rep1,False,0,0,F:\Micro-C\micro-c数据\GSE272159_37C_rep1.mapq_30.10.cool,medium,800,True,MG1655:34,train
WIN_medium_0ecc9258436a9c65,MG1655,4402400,4408800,4405600,6400,100,5503,rep1,False,0,0,F:\Micro-C\micro-c数据\GSE272159_37C_rep1.mapq_30.10.cool,medium,800,True,MG1655:34,train
WIN_medium_db0111045a89b81b,MG1655,4403200,4409600,4406400,6400,100,5504,rep1,False,0,0,F:\Micro-C\micro-c数据\GSE272159_37C_rep1.mapq_30.10.cool,medium,800,True,MG1655:34,train
WIN_medium_e9004276a6267e63,MG1655,4412800,4419200,4416000,6400,100,5516,rep1,False,0,0,F:\Micro-C\micro-c数据\GSE272159_37C_rep1.mapq_30.10.cool,medium,800,True,MG1655:34,train
WIN_medium_68c56b933f39bc76,MG1655,4413600,4420000,4416800,6400,100,5517,rep1,False,0,0,F:\Micro-C\micro-c数据\GSE272159_37C_rep1.mapq_30.10.cool,medium,800,True,MG1655:34,train
WIN_medium_fb0270942882b860,MG1655,4414400,4420800,4417600,6400,100,5518,rep1,False,0,0,F:\Micro-C\micro-c数据\GSE272159_37C_rep1.mapq_30.10.cool,medium,800,True,MG1655:34,train
WIN_medium_85a96cf0741e6251,MG1655,4415200,4421600,4418400,6400,100,5519,rep1,False,0,0,F:\Micro-C\micro-c数据\GSE272159_37C_rep1.mapq_30.10.cool,medium,800,True,MG1655:34,train
WIN_medium_12ab6996bfa7f457,MG1655,4416000,4422400,4419200,6400,100,5520,rep1,False,0,0,F:\Micro-C\micro-c数据\GSE272159_37C_rep1.mapq_30.10.cool,medium,800,True,MG1655:34,train
WIN_medium_94aa129004c5634d,MG1655,4416800,4423200,4420000,6400,100,5521,rep1,False,0,0,F:\Micro-C\micro-c数据\GSE272159_37C_rep1.mapq_30.10.cool,medium,800,True,MG1655:34,train
WIN_medium_6049b6b52ea12335,MG1655,4417600,4424000,4420800,6400,100,5522,rep1,False,0,0,F:\Micro-C\micro-c数据\GSE272159_37C_rep1.mapq_30.10.cool,medium,800,True,MG1655:34,train
WIN_medium_a6d19f3c6a77d90a,MG1655,4418400,4424800,4421600,6400,100,5523,rep1,False,0,0,F:\Micro-C\micro-c数据\GSE272159_37C_rep1.mapq_30.10.cool,medium,800,True,MG1655:34,train
WIN_medium_59ebcc6a91827aa8,MG1655,4419200,4425600,4422400,6400,100,5524,rep1,False,0,0,F:\Micro-C\micro-c数据\GSE272159_37C_rep1.mapq_30.10.cool,medium,800,True,MG1655:34,train
WIN_medium_4a255226146b9dcb,MG1655,4420000,4426400,4423200,6400,100,5525,rep1,False,0,0,F:\Micro-C\micro-c数据\GSE272159_37C_rep1.mapq_30.10.cool,medium,800,True,MG1655:34,train
WIN_medium_4be42df89775b0e6,MG1655,4428000,4434400,4431200,6400,100,5535,rep1,False,0,0,F:\Micro-C\micro-c数据\GSE272159_37C_rep1.mapq_30.10.cool,medium,800,True,MG1655:34,train
WIN_medium_0c799d7d4ba8feb3,MG1655,4428800,4435200,4432000,6400,100,5536,rep1,False,0,0,F:\Micro-C\micro-c数据\GSE272159_37C_rep1.mapq_30.10.cool,medium,800,True,MG1655:34,train
WIN_medium_9ec63848ee07e8b4,MG1655,4429600,4436000,4432800,6400,100,5537,rep1,False,0,0,F:\Micro-C\micro-c数据\GSE272159_37C_rep1.mapq_30.10.cool,medium,800,True,MG1655:34,train
WIN_medium_e12dfa05e32e69db,MG1655,4430400,4436800,4433600,6400,100,5538,rep1,False,0,0,F:\Micro-C\micro-c数据\GSE272159_37C_rep1.mapq_30.10.cool,medium,800,True,MG1655:34,train
WIN_medium_8c05ab84ef21f4bc,MG1655,4431200,4437600,4434400,6400,100,5539,rep1,False,0,0,F:\Micro-C\micro-c数据\GSE272159_37C_rep1.mapq_30.10.cool,medium,800,True,MG1655:34,train
WIN_medium_3b9aef144889046f,MG1655,4432000,4438400,4435200,6400,100,5540,rep1,False,0,0,F:\Micro-C\micro-c数据\GSE272159_37C_rep1.mapq_30.10.cool,medium,800,True,MG1655:34,train
WIN_medium_842a11c6d24da8be,MG1655,4432800,4439200,4436000,6400,100,5541,rep1,False,0,0,F:\Micro-C\micro-c数据\GSE272159_37C_rep1.mapq_30.10.cool,medium,800,True,MG1655:34,train
WIN_medium_3b7d498ed7f7a94d,MG1655,4433600,4440000,4436800,6400,100,5542,rep1,False,0,0,F:\Micro-C\micro-c数据\GSE272159_37C_rep1.mapq_30.10.cool,medium,800,True,MG1655:34,train
WIN_medium_2440701f05e67c11,MG1655,4434400,4440800,4437600,6400,100,5543,rep1,False,0,0,F:\Micro-C\micro-c数据\GSE272159_37C_rep1.mapq_30.10.cool,medium,800,True,MG1655:34,train
WIN_medium_97ff7028c375c85c,MG1655,4435200,4441600,4438400,6400,100,5544,rep1,False,0,0,F:\Micro-C\micro-c数据\GSE272159_37C_rep1.mapq_30.10.cool,medium,800,True,MG1655:34,train
WIN_medium_4f8e5de5073db99c,MG1655,4436000,4442400,4439200,6400,100,5545,rep1,False,0,0,F:\Micro-C\micro-c数据\GSE272159_37C_rep1.mapq_30.10.cool,medium,800,True,MG1655:34,train
WIN_medium_5f7f802203474bb0,MG1655,4436800,4443200,4440000,6400,100,5546,rep1,False,0,0,F:\Micro-C\micro-c数据\GSE272159_37C_rep1.mapq_30.10.cool,medium,800,True,MG1655:34,train
WIN_medium_cd91f1d9b42b8cf4,MG1655,4437600,4444000,4440800,6400,100,5547,rep1,False,0,0,F:\Micro-C\micro-c数据\GSE272159_37C_rep1.mapq_30.10.cool,medium,800,True,MG1655:34,train
WIN_medium_cddde7aba11a6f13,MG1655,4438400,4444800,4441600,6400,100,5548,rep1,False,0,0,F:\Micro-C\micro-c数据\GSE272159_37C_rep1.mapq_30.10.cool,medium,800,True,MG1655:34,train
WIN_medium_0dec9d71eaef12d7,MG1655,4439200,4445600,4442400,6400,100,5549,rep1,False,0,0,F:\Micro-C\micro-c数据\GSE272159_37C_rep1.mapq_30.10.cool,medium,800,True,MG1655:34,train
WIN_medium_518f51a811facb50,MG1655,4440000,4446400,4443200,6400,100,5550,rep1,False,0,0,F:\Micro-C\micro-c数据\GSE272159_37C_rep1.mapq_30.10.cool,medium,800,True,MG1655:34,train
WIN_medium_c7cc395984f13c12,MG1655,4440800,4447200,4444000,6400,100,5551,rep1,False,0,0,F:\Micro-C\micro-c数据\GSE272159_37C_rep1.mapq_30.10.cool,medium,800,True,MG1655:34,train
WIN_medium_3fd0fc772ba3bf30,MG1655,4441600,4448000,4444800,6400,100,5552,rep1,False,0,0,F:\Micro-C\micro-c数据\GSE272159_37C_rep1.mapq_30.10.cool,medium,800,True,MG1655:34,train
WIN_medium_63f9a2a2f5978f56,MG1655,4442400,4448800,4445600,6400,100,5553,rep1,False,0,0,F:\Micro-C\micro-c数据\GSE272159_37C_rep1.mapq_30.10.cool,medium,800,True,MG1655:34,train
WIN_medium_8f13e3b2e04b5e38,MG1655,4443200,4449600,4446400,6400,100,5554,rep1,False,0,0,F:\Micro-C\micro-c数据\GSE272159_37C_rep1.mapq_30.10.cool,medium,800,True,MG1655:34,train
WIN_medium_82a673c577a7b5d7,MG1655,4444000,4450400,4447200,6400,100,5555,rep1,False,0,0,F:\Micro-C\micro-c数据\GSE272159_37C_rep1.mapq_30.10.cool,medium,800,True,MG1655:34,train
WIN_medium_03a6ea01e4da2af2,MG1655,4444800,4451200,4448000,6400,100,5556,rep1,False,0,0,F:\Micro-C\micro-c数据\GSE272159_37C_rep1.mapq_30.10.cool,medium,800,True,MG1655:34,train
WIN_medium_4a1fc7adb6bf4fc6,MG1655,4445600,4452000,4448800,6400,100,5557,rep1,False,0,0,F:\Micro-C\micro-c数据\GSE272159_37C_rep1.mapq_30.10.cool,medium,800,True,MG1655:34,train
WIN_medium_74237360e8cc4913,MG1655,4446400,4452800,4449600,6400,100,5558,rep1,False,0,0,F:\Micro-C\micro-c数据\GSE272159_37C_rep1.mapq_30.10.cool,medium,800,True,MG1655:34,train
WIN_medium_82794cbcba581adb,MG1655,4447200,4453600,4450400,6400,100,5559,rep1,False,0,0,F:\Micro-C\micro-c数据\GSE272159_37C_rep1.mapq_30.10.cool,medium,800,True,MG1655:34,train
WIN_medium_b790f5a916e124e7,MG1655,4448000,4454400,4451200,6400,100,5560,rep1,False,0,0,F:\Micro-C\micro-c数据\GSE272159_37C_rep1.mapq_30.10.cool,medium,800,True,MG1655:34,train
WIN_medium_bea3d6d4fd05b509,MG1655,4448800,4455200,4452000,6400,100,5561,rep1,False,0,0,F:\Micro-C\micro-c数据\GSE272159_37C_rep1.mapq_30.10.cool,medium,800,True,MG1655:34,train
WIN_medium_026a4fa56994dc4a,MG1655,4449600,4456000,4452800,6400,100,5562,rep1,False,0,0,F:\Micro-C\micro-c数据\GSE272159_37C_rep1.mapq_30.10.cool,medium,800,True,MG1655:34,train
WIN_medium_c3d63136fe9249d6,MG1655,4450400,4456800,4453600,6400,100,5563,rep1,False,0,0,F:\Micro-C\micro-c数据\GSE272159_37C_rep1.mapq_30.10.cool,medium,800,True,MG1655:34,train
WIN_medium_c16ff41ed406df6d,MG1655,4451200,4457600,4454400,6400,100,5564,rep1,False,0,0,F:\Micro-C\micro-c数据\GSE272159_37C_rep1.mapq_30.10.cool,medium,800,True,MG1655:34,train
WIN_medium_f2ce06c49e896bd6,MG1655,4452000,4458400,4455200,6400,100,5565,rep1,False,0,0,F:\Micro-C\micro-c数据\GSE272159_37C_rep1.mapq_30.10.cool,medium,800,True,MG1655:34,train
WIN_medium_5688b0065c97aeab,MG1655,4452800,4459200,4456000,6400,100,5566,rep1,False,0,0,F:\Micro-C\micro-c数据\GSE272159_37C_rep1.mapq_30.10.cool,medium,800,True,MG1655:34,train
WIN_medium_394c6244da255dd7,MG1655,4453600,4460000,4456800,6400,100,5567,rep1,False,0,0,F:\Micro-C\micro-c数据\GSE272159_37C_rep1.mapq_30.10.cool,medium,800,True,MG1655:34,train
WIN_medium_186d26fe7a48d569,MG1655,4454400,4460800,4457600,6400,100,5568,rep1,False,0,0,F:\Micro-C\micro-c数据\GSE272159_37C_rep1.mapq_30.10.cool,medium,800,True,MG1655:34,train
WIN_medium_24712aeb3bab4f61,MG1655,4455200,4461600,4458400,6400,100,5569,rep1,False,0,0,F:\Micro-C\micro-c数据\GSE272159_37C_rep1.mapq_30.10.cool,medium,800,True,MG1655:34,train
WIN_medium_b661e09bdc8f9cb5,MG1655,4456000,4462400,4459200,6400,100,5570,rep1,False,0,0,F:\Micro-C\micro-c数据\GSE272159_37C_rep1.mapq_30.10.cool,medium,800,True,MG1655:34,train
WIN_medium_bee9a94180206dc4,MG1655,4456800,4463200,4460000,6400,100,5571,rep1,False,0,0,F:\Micro-C\micro-c数据\GSE272159_37C_rep1.mapq_30.10.cool,medium,800,True,MG1655:34,train
WIN_medium_4afeb69876b497bc,MG1655,4457600,4464000,4460800,6400,100,5572,rep1,False,0,0,F:\Micro-C\micro-c数据\GSE272159_37C_rep1.mapq_30.10.cool,medium,800,True,MG1655:34,train
WIN_medium_61d307103a6542a8,MG1655,4458400,4464800,4461600,6400,100,5573,rep1,False,0,0,F:\Micro-C\micro-c数据\GSE272159_37C_rep1.mapq_30.10.cool,medium,800,True,MG1655:34,train
WIN_medium_2ff2753397b3afdb,MG1655,4459200,4465600,4462400,6400,100,5574,rep1,False,0,0,F:\Micro-C\micro-c数据\GSE272159_37C_rep1.mapq_30.10.cool,medium,800,True,MG1655:34,train
WIN_medium_bce9d77fda4571e8,MG1655,4460000,4466400,4463200,6400,100,5575,rep1,False,0,0,F:\Micro-C\micro-c数据\GSE272159_37C_rep1.mapq_30.10.cool,medium,800,True,MG1655:34,train
WIN_medium_50423e515bb6eb4b,MG1655,4460800,4467200,4464000,6400,100,5576,rep1,False,0,0,F:\Micro-C\micro-c数据\GSE272159_37C_rep1.mapq_30.10.cool,medium,800,True,MG1655:34,train
WIN_medium_a66c7cf0a60a89f3,MG1655,4461600,4468000,4464800,6400,100,5577,rep1,False,0,0,F:\Micro-C\micro-c数据\GSE272159_37C_rep1.mapq_30.10.cool,medium,800,True,MG1655:34,train
WIN_medium_1183e485a42488d0,MG1655,4462400,4468800,4465600,6400,100,5578,rep1,False,0,0,F:\Micro-C\micro-c数据\GSE272159_37C_rep1.mapq_30.10.cool,medium,800,True,MG1655:34,train
WIN_medium_a381af18fb5bdce3,MG1655,4463200,4469600,4466400,6400,100,5579,rep1,False,0,0,F:\Micro-C\micro-c数据\GSE272159_37C_rep1.mapq_30.10.cool,medium,800,True,MG1655:34,train
WIN_medium_e42c0b07c62ff25d,MG1655,4464000,4470400,4467200,6400,100,5580,rep1,False,0,0,F:\Micro-C\micro-c数据\GSE272159_37C_rep1.mapq_30.10.cool,medium,800,True,MG1655:34,train
WIN_medium_676e6870e987e4f3,MG1655,4464800,4471200,4468000,6400,100,5581,rep1,False,0,0,F:\Micro-C\micro-c数据\GSE272159_37C_rep1.mapq_30.10.cool,medium,800,True,MG1655:34,train
WIN_medium_9a9222868a5ce033,MG1655,4465600,4472000,4468800,6400,100,5582,rep1,False,0,0,F:\Micro-C\micro-c数据\GSE272159_37C_rep1.mapq_30.10.cool,medium,800,True,MG1655:34,train
WIN_medium_0ba20e53b6e5fe2e,MG1655,4466400,4472800,4469600,6400,100,5583,rep1,False,0,0,F:\Micro-C\micro-c数据\GSE272159_37C_rep1.mapq_30.10.cool,medium,800,True,MG1655:34,train
WIN_medium_fc31e95eb80141c3,MG1655,4467200,4473600,4470400,6400,100,5584,rep1,False,0,0,F:\Micro-C\micro-c数据\GSE272159_37C_rep1.mapq_30.10.cool,medium,800,True,MG1655:34,train
WIN_medium_d35c881fe2e7d477,MG1655,4468000,4474400,4471200,6400,100,5585,rep1,False,0,0,F:\Micro-C\micro-c数据\GSE272159_37C_rep1.mapq_30.10.cool,medium,800,True,MG1655:34,train
WIN_medium_475e4a67cf24d121,MG1655,4468800,4475200,4472000,6400,100,5586,rep1,False,0,0,F:\Micro-C\micro-c数据\GSE272159_37C_rep1.mapq_30.10.cool,medium,800,True,MG1655:34,train
WIN_medium_6dc7b5fcabb153ac,MG1655,4488800,4495200,4492000,6400,100,5611,rep1,False,0,0,F:\Micro-C\micro-c数据\GSE272159_37C_rep1.mapq_30.10.cool,medium,800,True,MG1655:35,train
WIN_medium_c1abb404f8ba3707,MG1655,4508000,4514400,4511200,6400,100,5635,rep1,True,5,5,F:\Micro-C\micro-c数据\GSE272159_37C_rep1.mapq_30.10.cool,medium,800,True,MG1655:35,train
WIN_medium_745286aebc7a9463,MG1655,4508800,4515200,4512000,6400,100,5636,rep1,False,0,0,F:\Micro-C\micro-c数据\GSE272159_37C_rep1.mapq_30.10.cool,medium,800,True,MG1655:35,train
WIN_medium_9ce0e03080435790,MG1655,4509600,4516000,4512800,6400,100,5637,rep1,False,0,0,F:\Micro-C\micro-c数据\GSE272159_37C_rep1.mapq_30.10.cool,medium,800,True,MG1655:35,train
WIN_medium_d7d4e13a11cfb6ac,MG1655,4510400,4516800,4513600,6400,100,5638,rep1,False,0,0,F:\Micro-C\micro-c数据\GSE272159_37C_rep1.mapq_30.10.cool,medium,800,True,MG1655:35,train
WIN_medium_94be26526be51a94,MG1655,4511200,4517600,4514400,6400,100,5639,rep1,False,0,0,F:\Micro-C\micro-c数据\GSE272159_37C_rep1.mapq_30.10.cool,medium,800,True,MG1655:35,train
WIN_medium_46697691ba8627c0,MG1655,4512000,4518400,4515200,6400,100,5640,rep1,False,0,0,F:\Micro-C\micro-c数据\GSE272159_37C_rep1.mapq_30.10.cool,medium,800,True,MG1655:35,train
WIN_medium_a88ba7a88ec97a35,MG1655,4512800,4519200,4516000,6400,100,5641,rep1,False,0,0,F:\Micro-C\micro-c数据\GSE272159_37C_rep1.mapq_30.10.cool,medium,800,True,MG1655:35,train
WIN_medium_500c42331551090a,MG1655,4513600,4520000,4516800,6400,100,5642,rep1,False,0,0,F:\Micro-C\micro-c数据\GSE272159_37C_rep1.mapq_30.10.cool,medium,800,True,MG1655:35,train
WIN_medium_0eaeb079e5b5322e,MG1655,4514400,4520800,4517600,6400,100,5643,rep1,False,0,0,F:\Micro-C\micro-c数据\GSE272159_37C_rep1.mapq_30.10.cool,medium,800,True,MG1655:35,train
WIN_medium_7472246bca82dec3,MG1655,4515200,4521600,4518400,6400,100,5644,rep1,False,0,0,F:\Micro-C\micro-c数据\GSE272159_37C_rep1.mapq_30.10.cool,medium,800,True,MG1655:35,train
WIN_medium_853b6b2486a64186,MG1655,4516000,4522400,4519200,6400,100,5645,rep1,False,0,0,F:\Micro-C\micro-c数据\GSE272159_37C_rep1.mapq_30.10.cool,medium,800,True,MG1655:35,train
WIN_medium_0b3835fc9c59bd29,MG1655,4516800,4523200,4520000,6400,100,5646,rep1,False,0,0,F:\Micro-C\micro-c数据\GSE272159_37C_rep1.mapq_30.10.cool,medium,800,True,MG1655:35,train
WIN_medium_e17f37a5b620a98a,MG1655,4517600,4524000,4520800,6400,100,5647,rep1,False,0,0,F:\Micro-C\micro-c数据\GSE272159_37C_rep1.mapq_30.10.cool,medium,800,True,MG1655:35,train
WIN_medium_bb69e08fc9bd5ab9,MG1655,4518400,4524800,4521600,6400,100,5648,rep1,False,0,0,F:\Micro-C\micro-c数据\GSE272159_37C_rep1.mapq_30.10.cool,medium,800,True,MG1655:35,train
WIN_medium_7f48b4e71c227037,MG1655,4526400,4532800,4529600,6400,100,5658,rep1,False,0,0,F:\Micro-C\micro-c数据\GSE272159_37C_rep1.mapq_30.10.cool,medium,800,True,MG1655:35,train
WIN_medium_49eb6474f2ff2446,MG1655,4527200,4533600,4530400,6400,100,5659,rep1,False,0,0,F:\Micro-C\micro-c数据\GSE272159_37C_rep1.mapq_30.10.cool,medium,800,True,MG1655:35,train
WIN_medium_6e8320d6f45fdbd3,MG1655,4547200,4553600,4550400,6400,100,5684,rep1,False,0,0,F:\Micro-C\micro-c数据\GSE272159_37C_rep1.mapq_30.10.cool,medium,800,True,MG1655:35,train
WIN_medium_d182d258ef3397ff,MG1655,4548000,4554400,4551200,6400,100,5685,rep1,False,0,0,F:\Micro-C\micro-c数据\GSE272159_37C_rep1.mapq_30.10.cool,medium,800,True,MG1655:35,train
WIN_medium_5dde02f75f0b3552,MG1655,4548800,4555200,4552000,6400,100,5686,rep1,False,0,0,F:\Micro-C\micro-c数据\GSE272159_37C_rep1.mapq_30.10.cool,medium,800,True,MG1655:35,train
WIN_medium_ac69d43fda91d137,MG1655,4556800,4563200,4560000,6400,100,5696,rep1,False,0,0,F:\Micro-C\micro-c数据\GSE272159_37C_rep1.mapq_30.10.cool,medium,800,True,MG1655:35,train
WIN_medium_af47cb5fdffe6068,MG1655,4557600,4564000,4560800,6400,100,5697,rep1,False,0,0,F:\Micro-C\micro-c数据\GSE272159_37C_rep1.mapq_30.10.cool,medium,800,True,MG1655:35,train
WIN_medium_33ae5a257ea34083,MG1655,4558400,4564800,4561600,6400,100,5698,rep1,False,0,0,F:\Micro-C\micro-c数据\GSE272159_37C_rep1.mapq_30.10.cool,medium,800,True,MG1655:35,train
WIN_medium_c414032fa0e81ea0,MG1655,4559200,4565600,4562400,6400,100,5699,rep1,False,0,0,F:\Micro-C\micro-c数据\GSE272159_37C_rep1.mapq_30.10.cool,medium,800,True,MG1655:35,train
WIN_medium_e815f46cf2f894ba,MG1655,4560000,4566400,4563200,6400,100,5700,rep1,False,0,0,F:\Micro-C\micro-c数据\GSE272159_37C_rep1.mapq_30.10.cool,medium,800,True,MG1655:35,train
WIN_medium_7c7ec4e7562b9c95,MG1655,4560800,4567200,4564000,6400,100,5701,rep1,False,0,0,F:\Micro-C\micro-c数据\GSE272159_37C_rep1.mapq_30.10.cool,medium,800,True,MG1655:35,train
WIN_medium_bf4941bbb9035732,MG1655,4561600,4568000,4564800,6400,100,5702,rep1,False,0,0,F:\Micro-C\micro-c数据\GSE272159_37C_rep1.mapq_30.10.cool,medium,800,True,MG1655:35,train
WIN_medium_71b5d02538447542,MG1655,4562400,4568800,4565600,6400,100,5703,rep1,False,0,0,F:\Micro-C\micro-c数据\GSE272159_37C_rep1.mapq_30.10.cool,medium,800,True,MG1655:35,train
WIN_medium_31bbec634ebef242,MG1655,4563200,4569600,4566400,6400,100,5704,rep1,False,0,0,F:\Micro-C\micro-c数据\GSE272159_37C_rep1.mapq_30.10.cool,medium,800,True,MG1655:35,train
WIN_medium_c648f1df6b895a7c,MG1655,4564000,4570400,4567200,6400,100,5705,rep1,False,0,0,F:\Micro-C\micro-c数据\GSE272159_37C_rep1.mapq_30.10.cool,medium,800,True,MG1655:35,train
WIN_medium_2e2ba4e02ede0a95,MG1655,4564800,4571200,4568000,6400,100,5706,rep1,False,0,0,F:\Micro-C\micro-c数据\GSE272159_37C_rep1.mapq_30.10.cool,medium,800,True,MG1655:35,train
WIN_medium_51fada2e07bd9b20,MG1655,4565600,4572000,4568800,6400,100,5707,rep1,False,0,0,F:\Micro-C\micro-c数据\GSE272159_37C_rep1.mapq_30.10.cool,medium,800,True,MG1655:35,train
WIN_medium_26838feb8a0c679d,MG1655,4566400,4572800,4569600,6400,100,5708,rep1,False,0,0,F:\Micro-C\micro-c数据\GSE272159_37C_rep1.mapq_30.10.cool,medium,800,True,MG1655:35,train
WIN_medium_ecbbc0336eb3663c,MG1655,4567200,4573600,4570400,6400,100,5709,rep1,False,0,0,F:\Micro-C\micro-c数据\GSE272159_37C_rep1.mapq_30.10.cool,medium,800,True,MG1655:35,train
WIN_medium_cba9f6d043e0e72b,MG1655,4568000,4574400,4571200,6400,100,5710,rep1,False,0,0,F:\Micro-C\micro-c数据\GSE272159_37C_rep1.mapq_30.10.cool,medium,800,True,MG1655:35,train
WIN_medium_0efe61cf6608302a,MG1655,4568800,4575200,4572000,6400,100,5711,rep1,False,0,0,F:\Micro-C\micro-c数据\GSE272159_37C_rep1.mapq_30.10.cool,medium,800,True,MG1655:35,train
WIN_medium_fa4e7705515ffd66,MG1655,4569600,4576000,4572800,6400,100,5712,rep1,False,0,0,F:\Micro-C\micro-c数据\GSE272159_37C_rep1.mapq_30.10.cool,medium,800,True,MG1655:35,train
WIN_medium_83b3656f3c71e0b9,MG1655,4570400,4576800,4573600,6400,100,5713,rep1,False,0,0,F:\Micro-C\micro-c数据\GSE272159_37C_rep1.mapq_30.10.cool,medium,800,True,MG1655:35,train
WIN_medium_0b251e331e6f5133,MG1655,4587200,4593600,4590400,6400,100,5734,rep1,False,0,0,F:\Micro-C\micro-c数据\GSE272159_37C_rep1.mapq_30.10.cool,medium,800,True,MG1655:35,train
WIN_medium_e84427f9b5be1bc4,MG1655,4608000,4614400,4611200,6400,100,5760,rep1,False,0,0,F:\Micro-C\micro-c数据\GSE272159_37C_rep1.mapq_30.10.cool,medium,800,True,MG1655:36,validation
WIN_medium_463c93340c1cd482,MG1655,4608800,4615200,4612000,6400,100,5761,rep1,False,0,0,F:\Micro-C\micro-c数据\GSE272159_37C_rep1.mapq_30.10.cool,medium,800,True,MG1655:36,validation
WIN_medium_396d53026facdb1a,MG1655,4609600,4616000,4612800,6400,100,5762,rep1,False,0,0,F:\Micro-C\micro-c数据\GSE272159_37C_rep1.mapq_30.10.cool,medium,800,True,MG1655:36,validation
WIN_medium_7f57c9e8c1023586,MG1655,4617600,4624000,4620800,6400,100,5772,rep1,False,0,0,F:\Micro-C\micro-c数据\GSE272159_37C_rep1.mapq_30.10.cool,medium,800,True,MG1655:36,validation
WIN_medium_f72d10f2117a97ea,MG1655,4618400,4624800,4621600,6400,100,5773,rep1,False,0,0,F:\Micro-C\micro-c数据\GSE272159_37C_rep1.mapq_30.10.cool,medium,800,True,MG1655:36,validation
WIN_medium_dc85fed83283ba04,MG1655,4619200,4625600,4622400,6400,100,5774,rep1,False,0,0,F:\Micro-C\micro-c数据\GSE272159_37C_rep1.mapq_30.10.cool,medium,800,True,MG1655:36,validation
WIN_medium_fd382d70cda6080f,MG1655,4620000,4626400,4623200,6400,100,5775,rep1,False,0,0,F:\Micro-C\micro-c数据\GSE272159_37C_rep1.mapq_30.10.cool,medium,800,True,MG1655:36,validation
WIN_medium_5e8cdfd0f9e5ad05,MG1655,4620800,4627200,4624000,6400,100,5776,rep1,False,0,0,F:\Micro-C\micro-c数据\GSE272159_37C_rep1.mapq_30.10.cool,medium,800,True,MG1655:36,validation
WIN_medium_2bde2dd12d517cee,MG1655,4621600,4628000,4624800,6400,100,5777,rep1,False,0,0,F:\Micro-C\micro-c数据\GSE272159_37C_rep1.mapq_30.10.cool,medium,800,True,MG1655:36,validation
WIN_medium_49a908b57462840f,MG1655,4622400,4628800,4625600,6400,100,5778,rep1,False,0,0,F:\Micro-C\micro-c数据\GSE272159_37C_rep1.mapq_30.10.cool,medium,800,True,MG1655:36,validation
WIN_medium_2cf12c88fdad3adf,MG1655,4623200,4629600,4626400,6400,100,5779,rep1,False,0,0,F:\Micro-C\micro-c数据\GSE272159_37C_rep1.mapq_30.10.cool,medium,800,True,MG1655:36,validation
WIN_medium_a203c5bd6b9243ec,MG1655,4624000,4630400,4627200,6400,100,5780,rep1,False,0,0,F:\Micro-C\micro-c数据\GSE272159_37C_rep1.mapq_30.10.cool,medium,800,True,MG1655:36,validation
WIN_medium_e3b6b16e1b89c32f,MG1655,4624800,4631200,4628000,6400,100,5781,rep1,False,0,0,F:\Micro-C\micro-c数据\GSE272159_37C_rep1.mapq_30.10.cool,medium,800,True,MG1655:36,validation
WIN_medium_6be0484bb610a8a6,MG1655,4625600,4632000,4628800,6400,100,5782,rep1,False,0,0,F:\Micro-C\micro-c数据\GSE272159_37C_rep1.mapq_30.10.cool,medium,800,True,MG1655:36,validation
WIN_medium_bce39b13cab7654e,MG1655,4626400,4632800,4629600,6400,100,5783,rep1,False,0,0,F:\Micro-C\micro-c数据\GSE272159_37C_rep1.mapq_30.10.cool,medium,800,True,MG1655:36,validation
WIN_medium_8ffa432fba6021b5,MG1655,4627200,4633600,4630400,6400,100,5784,rep1,False,0,0,F:\Micro-C\micro-c数据\GSE272159_37C_rep1.mapq_30.10.cool,medium,800,True,MG1655:36,validation
WIN_medium_fe9983c4fda1d368,MG1655,4628000,4634400,4631200,6400,100,5785,rep1,False,0,0,F:\Micro-C\micro-c数据\GSE272159_37C_rep1.mapq_30.10.cool,medium,800,True,MG1655:36,validation
WIN_medium_67e4f9bb59e35c34,MG1655,4628800,4635200,4632000,6400,100,5786,rep1,False,0,0,F:\Micro-C\micro-c数据\GSE272159_37C_rep1.mapq_30.10.cool,medium,800,True,MG1655:36,validation
WIN_medium_c3920480bcff3397,MG1655,4629600,4636000,4632800,6400,100,5787,rep1,False,0,0,F:\Micro-C\micro-c数据\GSE272159_37C_rep1.mapq_30.10.cool,medium,800,True,MG1655:36,validation
WIN_medium_8d4abc9791b977a2,MG1655,4630400,4636800,4633600,6400,100,5788,rep1,False,0,0,F:\Micro-C\micro-c数据\GSE272159_37C_rep1.mapq_30.10.cool,medium,800,True,MG1655:36,validation
WIN_medium_bfe0c247c95bdae0,MG1655,4631200,4637600,4634400,6400,100,5789,rep1,False,0,0,F:\Micro-C\micro-c数据\GSE272159_37C_rep1.mapq_30.10.cool,medium,800,True,MG1655:36,validation
WIN_medium_144cfce60f079ea9,MG1655,4632000,4638400,4635200,6400,100,5790,rep1,False,0,0,F:\Micro-C\micro-c数据\GSE272159_37C_rep1.mapq_30.10.cool,medium,800,True,MG1655:36,validation
WIN_medium_bdc5ea20b37bb7ac,MG1655,4632800,4639200,4636000,6400,100,5791,rep1,False,0,0,F:\Micro-C\micro-c数据\GSE272159_37C_rep1.mapq_30.10.cool,medium,800,True,MG1655:36,validation
WIN_medium_096866c5d74243a6,MG1655,4633600,4640000,4636800,6400,100,5792,rep1,False,0,0,F:\Micro-C\micro-c数据\GSE272159_37C_rep1.mapq_30.10.cool,medium,800,True,MG1655:36,validation
WIN_medium_b381701ee5352943,MG1655,4634400,4640800,4637600,6400,100,5793,rep1,False,0,0,F:\Micro-C\micro-c数据\GSE272159_37C_rep1.mapq_30.10.cool,medium,800,True,MG1655:36,validation
WIN_medium_8f210e3494d9e9b9,MG1655,4635200,4641600,4638400,6400,100,5794,rep1,False,0,0,F:\Micro-C\micro-c数据\GSE272159_37C_rep1.mapq_30.10.cool,medium,800,True,MG1655:36,validation
