region_id,chrom,start,end,center,length_bp,representative_window_id,best_p,best_scale,best_branch,from_small_density,from_small_shape,from_medium_density,from_medium_shape,from_large_density,from_large_shape,n_support_channels,n_support_proposals,rep1_support,rep2_support,zero_axis_flag,known_center_overlap,known_interval_overlap,known_types,known_structure_ids,support_channels,known_overlap,cnn_replicate_cosine,small_replicate_cosine,medium_replicate_cosine,large_replicate_cosine,fused_replicate_cosine,padded_any_replicate,cluster_id,membership_probability,outlier_score,nearest_known_id,nearest_known_type,nearest_known_distance,nearest_CHIN_distance,nearest_OPCID_distance,nearest_CHID_distance,candidate_status,cluster_annotation,novel_like_cluster_candidate,representative_distance,candidate_id,primary_window_bp,primary_pearson,primary_spearman,primary_cosine,primary_nrmse,primary_full_upper_pearson,primary_full_upper_spearman,primary_n_valid_pixels,primary_finite_fraction,primary_correlation_valid,primary_invalid_reason,primary_rep1_zero_axis,primary_rep2_zero_axis,primary_artifact_warning,primary_matrix_bins,canonical_pearson,canonical_spearman,canonical_cosine,canonical_nrmse,canonical_full_upper_pearson,canonical_full_upper_spearman,canonical_n_valid_pixels,canonical_finite_fraction,canonical_correlation_valid,canonical_invalid_reason,canonical_rep1_zero_axis,canonical_rep2_zero_axis,canonical_artifact_warning,canonical_matrix_bins,n_valid_pixels,finite_fraction,correlation_valid,invalid_reason,rep1_zero_axis,rep2_zero_axis,artifact_warning,candidate_pool,pearson_floor,spearman_floor,reproducible_by_known_floor,strict_novel_candidate,final_status,evidence_note
FREG_8b3b63cc3da721ad,MG1655,38400,51200,44800,12800,WIN_large_f80bd2a5cab5ad62,0.0213667409470835,large,shape,False,False,False,False,False,True,1,1,0,1,False,False,True,OPCID,OPCID_a48ec8c6b5e6e38b,large_shape,True,0.7818232111185176,0.9128424420899612,0.9761112969876804,0.9828816659001248,0.9267272496553104,False,1,1.0,,CHIN_0a55e534fdc7545d,CHIN,4.371376009221046,4.371376009221046,8.917704502767673,10.83815011029222,clustered,CHIN-like,False,10.776239585328351,FREG_8b3b63cc3da721ad,12800,0.2153818747883557,0.16095563883916772,0.6382339182545571,1.0968981189938585,0.2710822523564349,0.21730690913923476,7875,1.0,True,,False,False,False,128,0.4258620871021445,0.2473921904992129,0.7555367677428655,0.9510107890319708,0.5355893179861707,0.3620846860950064,1891,1.0,True,,False,False,False,64,7875,1.0,True,,False,False,False,KNOWN_OVERLAP,0.31186150698910403,0.27573844201209236,False,False,KNOWN_OVERLAP,Genomic center or interval overlaps a Known annotation.
FREG_79903927251dcee0,MG1655,55600,58800,57200,3200,WIN_small_7aea722bde7eea2d,0.0349170435192299,small,shape,False,True,False,False,False,False,1,1,1,0,False,False,True,CHIN;OPCID,CHIN_d2deb5271c6a5cdd;OPCID_a48ec8c6b5e6e38b,small_shape,True,-0.1957595219507544,0.9085954129658717,0.9711468413768688,0.9382840991012968,0.7565790891616343,False,1,1.0,,OPCID_3b8eefccce2e36fc,OPCID,5.537411908133254,5.932834882354363,5.537411908133254,10.011507047794238,clustered,CHIN-like,False,8.495739095986359,FREG_79903927251dcee0,3200,0.37251080220317534,0.3539989098644045,0.9287580528521494,0.8860129132808514,0.3830433014412564,0.3743505479909905,435,1.0,True,,False,False,False,32,0.49613274922109857,0.47394077312585525,0.8932557309620539,0.7929069100521666,0.4992556201569512,0.47821572445836846,1891,1.0,True,,False,False,False,64,435,1.0,True,,False,False,False,KNOWN_OVERLAP,0.31186150698910403,0.27573844201209236,True,False,KNOWN_OVERLAP,Genomic center or interval overlaps a Known annotation.
FREG_8b001013a888b1a1,MG1655,72000,115200,106800,43200,WIN_small_20b587d476552d71,0.0013404867889791,small,density,True,True,True,False,True,True,5,20,17,17,False,True,True,CHIN;OPCID,CHIN_e75b43fe8984729d;OPCID_a3c7ad9c66cf12f1;OPCID_eaf35ae5cddf4c0d,small_density;small_shape;medium_density;large_density;large_shape,True,0.9971003860822958,0.9829853121441056,0.9958551058404232,0.9123645186961364,0.9900907827749252,False,1,1.0,,OPCID_f124da0b3913d5c3,OPCID,3.0564923720621846,8.962884850323809,3.0564923720621846,20.63530024571136,clustered,CHIN-like,False,19.69195553018662,FREG_8b001013a888b1a1,3200,0.9034122057125902,0.8906236588783515,0.9830394824107443,0.30651972203598166,0.9257246927320001,0.925373076350631,435,1.0,True,,False,False,False,32,0.8590239753300396,0.8445869397364374,0.9689692963223104,0.3805563899068354,0.8711192353478381,0.8644690725719077,1891,1.0,True,,False,False,False,64,435,1.0,True,,False,False,False,KNOWN_OVERLAP,0.31186150698910403,0.27573844201209236,True,False,KNOWN_OVERLAP,Genomic center or interval overlaps a Known annotation.
FREG_a30994c0bfee6cb5,MG1655,116800,131200,127200,14400,WIN_small_d1f97192bfb7e961,0.0018957345971562,small,density,True,False,True,False,True,False,3,9,9,8,False,True,True,OPCID,OPCID_07d051796dc7059b,small_density;medium_density;large_density,True,0.996697136632016,0.9825933994271874,0.9901153022182688,0.986362098424248,0.986740500740882,False,-1,0.0,,OPCID_149d0308ae463e46,OPCID,7.988035352179415,8.719379208841145,7.988035352179415,25.74559798791564,noise,noise,False,,FREG_a30994c0bfee6cb5,3200,0.7927924620325023,0.7526980561458594,0.9775631262819353,0.6141824495557318,0.8591140026462851,0.8318812589981787,435,1.0,True,,False,False,False,32,0.7648940558635395,0.7750520714046532,0.9595927675572584,0.5441098941812766,0.7884954037077325,0.8025216073678298,1891,1.0,True,,False,False,False,64,435,1.0,True,,False,False,False,KNOWN_OVERLAP,0.31186150698910403,0.27573844201209236,True,False,KNOWN_OVERLAP,Genomic center or interval overlaps a Known annotation.
FREG_b96ff6000f97801f,MG1655,152400,155600,154000,3200,WIN_small_6921f8a4f68672bf,0.0073421485236158,small,shape,False,True,False,False,False,False,1,1,1,1,False,True,True,CHID;CHIN,CHID_10c0edbfd02353c9;CHIN_72b6b435a0910cba;CHIN_813ba6e5d823057e;CHIN_8bc99ad127e36986;CHIN_ec0a221413a0122f,small_shape,True,0.6742206497236777,0.9616683464325534,0.9376036456950656,0.9485609932662046,0.8425201996295316,False,1,1.0,,CHID_10c0edbfd02353c9,CHID,4.37925569300338,4.470806078231537,7.269234524567823,4.37925569300338,clustered,CHIN-like,False,9.805801324211217,FREG_b96ff6000f97801f,3200,0.28360412689070646,0.32682388722470007,0.8882673073418053,1.0424782021497279,0.33744407095597084,0.4023849051492557,435,1.0,True,,False,False,False,32,0.7312109221409767,0.5363699978059314,0.8992597267320551,0.7987173841359173,0.7318419009138967,0.5443862364218173,1891,1.0,True,,False,False,False,64,435,1.0,True,,False,False,False,KNOWN_OVERLAP,0.31186150698910403,0.27573844201209236,False,False,KNOWN_OVERLAP,Genomic center or interval overlaps a Known annotation.
FREG_c9e5776010a19d77,MG1655,166800,170000,168400,3200,WIN_small_c1c627b64ddf19ef,0.0125032283964668,small,shape,False,True,False,False,False,False,1,1,1,0,False,False,False,,,small_shape,False,0.2101173427872598,0.9420555831370736,0.8987286620173336,0.9955095910757562,0.8831655274306727,False,1,1.0,,CHIN_d09cbcfd88a8bdfb,CHIN,4.521574811900064,4.521574811900064,5.849280011928748,7.794971983170774,clustered,CHIN-like,False,9.541487822706694,FREG_c9e5776010a19d77,3200,0.32363552971595066,0.3250656931647393,0.8501839408125239,0.9995574484987656,0.41857461697605014,0.44952414890892106,435,1.0,True,,False,False,False,32,0.3439654100825739,0.3168894733046086,0.8140561394784838,0.884196547196712,0.390904791980912,0.38211346564080595,1891,1.0,True,,False,False,False,64,435,1.0,True,,False,False,False,UNANNOTATED_CLUSTERED,0.31186150698910403,0.27573844201209236,True,False,KNOWN_LIKE_CLUSTER_REPRODUCIBLE,"Genomically unannotated, but in a Known-containing representation cluster; not a type assignment."
FREG_3c17a76c91ba3620,MG1655,172000,178400,176400,6400,WIN_small_1fc5c9afe3919ca7,0.0069653736761605,small,shape,False,True,False,True,False,False,2,3,3,3,False,False,False,,,small_shape;medium_shape,False,0.100122265647217,0.9694429093892496,0.9746120756863104,0.9848026407449108,0.943069554335628,False,1,1.0,,OPCID_129f719ef537ae3f,OPCID,4.580769588850587,6.444070448297774,4.580769588850587,10.228611954356078,clustered,CHIN-like,False,11.953742183995544,FREG_3c17a76c91ba3620,3200,0.42121034884250824,0.37027289555633974,0.9005439077050117,0.9633136429838294,0.4315609342213252,0.4077654475923785,435,1.0,True,,False,False,False,32,0.3055516533910309,0.2813994990978205,0.8498436612034173,0.9855922166151314,0.31894849114885354,0.31187427898893244,1891,1.0,True,,False,False,False,64,435,1.0,True,,False,False,False,UNANNOTATED_CLUSTERED,0.31186150698910403,0.27573844201209236,True,False,KNOWN_LIKE_CLUSTER_REPRODUCIBLE,"Genomically unannotated, but in a Known-containing representation cluster; not a type assignment."
FREG_753c04c042d56855,MG1655,182400,185600,184000,3200,WIN_small_dc73631a06c29418,0.0431982137065623,small,density,True,False,False,False,False,False,1,1,0,1,False,True,True,OPCID,OPCID_ef9d936de4b62940,small_density,True,0.963836341558168,-0.0022034679133584,0.8027553224476444,0.4199438823389004,0.6029353878588036,False,1,1.0,,OPCID_ef9d936de4b62940,OPCID,2.3114874587950216,4.657423549896577,2.3114874587950216,11.273958992387737,clustered,CHIN-like,False,9.531458179282351,FREG_753c04c042d56855,3200,0.7704360871579131,0.7014650700338121,0.9587319282814717,0.8456396810555219,0.7883818492120775,0.733738316842138,435,1.0,True,,False,False,False,32,0.7274148279107066,0.6162476111486292,0.9112505552484312,0.8228255518790849,0.7254403736665452,0.6160854630373136,1891,1.0,True,,False,False,False,64,435,1.0,True,,False,False,False,KNOWN_OVERLAP,0.31186150698910403,0.27573844201209236,True,False,KNOWN_OVERLAP,Genomic center or interval overlaps a Known annotation.
FREG_dec59bcf830d2ee6,MG1655,192000,204800,200400,12800,WIN_small_1275a2024481ef21,0.0241659692587335,small,density,True,False,True,False,True,False,3,6,6,6,False,True,True,OPCID,OPCID_1612f8f2ea7e9f06;OPCID_4c1cd6d81f6b0f95;OPCID_d003e176e8d23c63,small_density;medium_density;large_density,True,0.9797235984567012,0.9142411756549376,0.93058479254129,0.9436387847914144,0.9563032907283456,False,1,1.0,,OPCID_d003e176e8d23c63,OPCID,1.372137299639377,6.362586407027356,1.372137299639377,17.75902552722391,clustered,CHIN-like,False,14.150970896629008,FREG_dec59bcf830d2ee6,3200,0.796258624896049,0.78470830413065,0.9703955529728013,0.45201679411403106,0.8336498928780153,0.8466467087775663,435,1.0,True,,False,False,False,32,0.6516944880116337,0.6348834038587754,0.9454994489663245,0.6194702183897642,0.6812103795880867,0.6794772069478193,1891,1.0,True,,False,False,False,64,435,1.0,True,,False,False,False,KNOWN_OVERLAP,0.31186150698910403,0.27573844201209236,True,False,KNOWN_OVERLAP,Genomic center or interval overlaps a Known annotation.
FREG_ad860f3d4752bd1d,MG1655,209600,225600,216000,16000,WIN_large_8f32c8affeab8647,0.0117030459970869,large,shape,False,True,False,True,False,True,3,3,1,3,True,False,False,,,small_shape;medium_shape;large_shape,False,0.4068315831585287,0.6990849332576775,0.9497591274332792,0.993706427930386,0.8398623049657333,False,1,1.0,,CHIN_4c746ab4abe6056d,CHIN,2.4366111961803063,2.4366111961803063,5.036267088212632,7.583504478005476,clustered,CHIN-like,False,8.01195388475829,FREG_ad860f3d4752bd1d,12800,0.19716296539970096,0.18052928160245985,0.716311425705963,1.04958025684336,0.2199446743658673,0.21609394049082037,7875,1.0,True,,False,False,False,128,0.28026013702410607,0.22133823451400117,0.8006645547462657,0.9714136994518541,0.3363425173256442,0.303240554744859,1891,1.0,True,,False,False,False,64,7875,1.0,True,,False,False,False,UNANNOTATED_CLUSTERED,0.31186150698910403,0.27573844201209236,False,False,KNOWN_LIKE_CLUSTER_LOW_REPRODUCIBILITY,"Genomically unannotated, but in a Known-containing representation cluster; not a type assignment."
FREG_647ab946884b4026,MG1655,230800,234000,232400,3200,WIN_small_d274d07f5b7f007f,0.0331618117242386,small,shape,False,True,False,False,False,False,1,1,1,1,False,False,False,,,small_shape,False,0.1630992175541273,0.9605899086811436,0.9771829034484218,0.997808210630986,0.9326579215145993,False,-1,0.0,,CHIN_d45c7c6f4a11fa68,CHIN,8.046411657775446,8.046411657775446,13.213219611767943,13.347381737010762,noise,noise,False,,FREG_647ab946884b4026,3200,0.36635650344261556,0.40213939874761095,0.8977751996109223,0.9634258633076631,0.37885760686579956,0.4288445763388547,435,1.0,True,,False,False,False,32,0.36600618054518463,0.3531149097507873,0.8370784089843595,0.9191617984463202,0.37925625382617983,0.38403258119228934,1891,1.0,True,,False,False,False,64,435,1.0,True,,False,False,False,UNANNOTATED_NOISE,0.31186150698910403,0.27573844201209236,True,False,UNANNOTATED_NOISE_REPRODUCIBLE,"Reproducible unclustered candidate, not a new structure class."
FREG_8814232e60629894,MG1655,262400,284800,268800,22400,WIN_large_70e734eccd7094f2,0.0067567567567567,large,shape,False,False,False,False,False,True,1,2,2,1,True,True,True,CHIN,CHIN_5a72ba4e9470db3b,large_shape,True,0.8242061664174791,0.8083077162770311,0.9413286953255272,0.996808419018036,0.9781065716948366,False,-1,0.0,,CHIN_a11de8d01a5ecd10,CHIN,10.23633868912233,10.23633868912233,20.41237564660786,20.63439002935355,noise,noise,False,,FREG_8814232e60629894,12800,0.5830616881126276,0.5669360796012287,0.7121941810832408,0.9330511765757392,0.6111357043007289,0.5965971825614299,7875,1.0,True,,True,True,True,128,0.6612797446825712,0.6340636030170455,0.789058648606335,0.6598891641998345,0.7513730189375808,0.6904241548280908,1891,1.0,True,,True,True,True,64,7875,1.0,True,,True,True,True,KNOWN_OVERLAP,0.31186150698910403,0.27573844201209236,True,False,KNOWN_OVERLAP,Genomic center or interval overlaps a Known annotation.
FREG_4b056190f9431017,MG1655,316400,328000,322400,11600,WIN_small_f56f1927667c7556,0.0009478672985781,small,density,True,True,True,False,False,False,3,5,5,5,False,True,True,CHID;CHIN;OPCID,CHID_d5d6186c6918f2bb;CHIN_b10a121ad52a995a;OPCID_392028707b8a2532,small_density;small_shape;medium_density,True,0.9281645422988588,0.9957107508006796,0.9981794184410078,0.9836054430140572,0.9602595888849812,False,-1,0.0,,CHIN_ee3355b18d634b8e,CHIN,7.589377222107787,7.589377222107787,9.083739403599088,17.642527950031223,noise,noise,False,,FREG_4b056190f9431017,3200,0.9618846745126558,0.9517211759569648,0.986817278691453,0.16966792268562425,0.9663426359191438,0.9549705049332333,435,1.0,True,,False,False,False,32,0.9587860412049439,0.886476506609615,0.9795358917207623,0.28973525135336,0.9600523310207996,0.8864959731079827,1891,1.0,True,,False,False,False,64,435,1.0,True,,False,False,False,KNOWN_OVERLAP,0.31186150698910403,0.27573844201209236,True,False,KNOWN_OVERLAP,Genomic center or interval overlaps a Known annotation.
FREG_3c0c965bf49bf58f,MG1655,328000,337600,332800,9600,WIN_small_62e9940f6291a66a,0.0087901597113701,small,shape,False,True,False,True,False,False,2,4,4,3,False,True,True,CHIN,CHIN_312a74a025dbb29e,small_shape;medium_shape,True,0.9481632673862036,0.9585014934753222,0.9871678931332858,0.9779904191424268,0.9392907537242332,False,1,1.0,,CHIN_3b157ef6413ebd3b,CHIN,3.842060278985808,3.842060278985808,9.139984283579652,6.996784031316404,clustered,CHIN-like,False,12.250248161226343,FREG_3c0c965bf49bf58f,3200,0.1964563686256147,0.19237702164064432,0.8057451662317798,1.026132520948221,0.41116901525485916,0.38106454120448874,435,1.0,True,,False,False,False,32,0.24100778662228844,0.21321512041079377,0.7323581767670602,1.0196458978591498,0.3377643579038406,0.30751440300960836,1891,1.0,True,,False,False,False,64,435,1.0,True,,False,False,False,KNOWN_OVERLAP,0.31186150698910403,0.27573844201209236,False,False,KNOWN_OVERLAP,Genomic center or interval overlaps a Known annotation.
FREG_a7d017e8cfb1a69c,MG1655,394400,397600,396000,3200,WIN_small_07e93baf19c56589,0.044286810943028,small,shape,False,True,False,False,False,False,1,1,0,1,False,False,False,,,small_shape,False,0.7270941642590959,0.9473710061210712,0.9770778855418424,0.9969939096835472,0.9102845218924774,False,1,0.7333812593649264,,CHIN_d45c7c6f4a11fa68,CHIN,5.016291283774807,5.016291283774807,13.78605972115471,12.43935765899273,clustered,CHIN-like,False,13.913897014389072,FREG_a7d017e8cfb1a69c,3200,0.4320612727661918,0.36495241933342015,0.861072499599147,0.8874994115255536,0.5968792427995289,0.530721997807593,435,1.0,True,,False,False,False,32,0.3570816846580781,0.324675898354275,0.7639273952285096,0.9423934894354388,0.45910462681340464,0.4139338489368081,1891,1.0,True,,False,False,False,64,435,1.0,True,,False,False,False,UNANNOTATED_CLUSTERED,0.31186150698910403,0.27573844201209236,True,False,KNOWN_LIKE_CLUSTER_REPRODUCIBLE,"Genomically unannotated, but in a Known-containing representation cluster; not a type assignment."
FREG_0a91cd1113f47b87,MG1655,405600,408800,407200,3200,WIN_small_bb029553d76cd6f4,0.0169824387366527,small,shape,False,True,False,False,False,False,1,1,1,0,False,False,False,,,small_shape,False,0.7774086232444332,0.971843007650677,0.9692408902723436,0.983263263347158,0.9327660866833208,False,1,1.0,,CHIN_d09cbcfd88a8bdfb,CHIN,4.838006957211942,4.838006957211942,7.850264407729461,8.055441343713799,clustered,CHIN-like,False,12.33067886695289,FREG_0a91cd1113f47b87,3200,0.3454956098013576,0.360200687365086,0.8769339833114002,0.8992428955000131,0.40882138116441363,0.4422534354576537,435,1.0,True,,False,False,False,32,0.4848290030445659,0.34936713514651546,0.8218922514288234,0.9170289172850242,0.5062998475036796,0.4083478328324628,1891,1.0,True,,False,False,False,64,435,1.0,True,,False,False,False,UNANNOTATED_CLUSTERED,0.31186150698910403,0.27573844201209236,True,False,KNOWN_LIKE_CLUSTER_REPRODUCIBLE,"Genomically unannotated, but in a Known-containing representation cluster; not a type assignment."
FREG_284850edfc48c40c,MG1655,409600,422400,416000,12800,WIN_large_30adab270e4a6cbb,0.0067567567567567,large,shape,False,True,False,False,False,True,2,2,2,2,False,False,False,,,small_shape;large_shape,False,0.9087992198984538,0.8738090770435247,0.9756653132633046,0.9928235193333796,0.9396458258588322,False,1,1.0,,CHIN_623e8fe7b2afd1a8,CHIN,4.522273489800964,4.522273489800964,7.581345110601287,10.520603963584737,clustered,CHIN-like,False,10.00800412974474,FREG_284850edfc48c40c,12800,0.16427916770774342,0.15675943328259379,0.6744022935246637,1.096440824941365,0.19498017209752871,0.19765236661591956,7875,1.0,True,,False,False,False,128,0.4371734144045361,0.30086438978577995,0.7991688334791902,0.9217586802522935,0.5205962061819671,0.39932374984980745,1891,1.0,True,,False,False,False,64,7875,1.0,True,,False,False,False,UNANNOTATED_CLUSTERED,0.31186150698910403,0.27573844201209236,False,False,KNOWN_LIKE_CLUSTER_LOW_REPRODUCIBILITY,"Genomically unannotated, but in a Known-containing representation cluster; not a type assignment."
FREG_ea4389647e4ec2cd,MG1655,427200,433600,431200,6400,WIN_small_143fe6ef4fce6286,0.0279580686327063,small,density,True,False,True,False,False,False,2,3,3,3,False,True,True,CHIN;OPCID,CHIN_0dd4c64ce8f39b0c;OPCID_4421803242064dec,small_density;medium_density,True,0.9530469059554186,0.7933704569522089,0.972195111498644,0.9605376900711856,0.8974574225040143,False,1,1.0,,CHIN_0dd4c64ce8f39b0c,CHIN,3.3992337404626585,3.3992337404626585,4.109297928691035,16.1452884850968,clustered,CHIN-like,False,12.676891959133012,FREG_ea4389647e4ec2cd,3200,0.6952403120231682,0.7188514882779318,0.9609509193622189,0.5708831233797682,0.7520824721866519,0.8033164793562572,435,1.0,True,,False,False,False,32,0.5537258939158555,0.5545799572937173,0.9373304591369419,0.7324813431979468,0.5921445675032777,0.610296424850031,1891,1.0,True,,False,False,False,64,435,1.0,True,,False,False,False,KNOWN_OVERLAP,0.31186150698910403,0.27573844201209236,True,False,KNOWN_OVERLAP,Genomic center or interval overlaps a Known annotation.
FREG_4405dec493e25a84,MG1655,446800,455600,450000,8800,WIN_small_69f378fc65c51c2e,0.0037914691943126,small,shape,False,True,False,True,False,False,2,4,4,3,False,False,False,,,small_shape;medium_shape,False,0.7541231084154715,0.9206604684194768,0.9839229505446722,0.9873314701897128,0.9263563954693974,False,1,1.0,,OPCID_3808275a8edee593,OPCID,5.427891136361908,6.840414591881129,5.427891136361908,12.296651264409755,clustered,CHIN-like,False,12.52874353931597,FREG_4405dec493e25a84,3200,0.23489158957825845,0.2733918243220045,0.9046204161969459,0.9630755459829469,0.25723722021547885,0.31941311524974975,435,1.0,True,,False,False,False,32,0.21984425430538718,0.23884180574444588,0.8550637062772402,0.9854042150552436,0.22882270718233277,0.2607429651497896,1891,1.0,True,,False,False,False,64,435,1.0,True,,False,False,False,UNANNOTATED_CLUSTERED,0.31186150698910403,0.27573844201209236,False,False,KNOWN_LIKE_CLUSTER_LOW_REPRODUCIBILITY,"Genomically unannotated, but in a Known-containing representation cluster; not a type assignment."
FREG_10132b1169a31424,MG1655,456800,464000,462400,7200,WIN_small_3a7994991a80791c,0.0350582786898708,small,density,True,False,True,False,False,False,2,2,2,1,False,False,False,,,small_density;medium_density,False,0.980445438819104,0.8314488450615178,0.929284798306545,0.958621415190536,0.9447165373248227,False,1,1.0,,OPCID_69a72fb00fdc2938,OPCID,2.692586294954934,5.918117688186041,2.692586294954934,14.508873124928238,clustered,CHIN-like,False,10.6544764962619,FREG_10132b1169a31424,3200,0.5628958986585452,0.5875135030975989,0.9522052487207238,0.6742013965912513,0.6359831250905135,0.6842643907745204,435,1.0,True,,False,False,False,32,0.5978275143699293,0.5994657162643457,0.920496664232414,0.6653738902231326,0.6089881238650849,0.6111704627932563,1891,1.0,True,,False,False,False,64,435,1.0,True,,False,False,False,UNANNOTATED_CLUSTERED,0.31186150698910403,0.27573844201209236,True,False,KNOWN_LIKE_CLUSTER_REPRODUCIBLE,"Genomically unannotated, but in a Known-containing representation cluster; not a type assignment."
FREG_64eb9e44963b14eb,MG1655,464000,478400,465600,14400,WIN_small_ede0581a54913cb5,0.0121755759039478,small,shape,False,True,False,False,False,True,2,3,2,3,False,False,False,,,small_shape;large_shape,False,0.151681496258319,0.9144329953645064,0.909993498023268,0.8971175255974436,0.8469430606548186,False,1,1.0,,CHIN_17d8930e9adab5f0,CHIN,5.504070110756251,5.504070110756251,6.080810718322801,8.781513713049437,clustered,CHIN-like,False,9.198806187298471,FREG_64eb9e44963b14eb,3200,0.1658325903466245,0.19493137331354993,0.8803210003459055,0.9783087252669964,0.2147647066447281,0.2703462945696182,435,1.0,True,,False,False,False,32,0.5098961701046006,0.4418369237269571,0.8691916383014548,0.8272566349860446,0.5155734699117571,0.4596021881402267,1891,1.0,True,,False,False,False,64,435,1.0,True,,False,False,False,UNANNOTATED_CLUSTERED,0.31186150698910403,0.27573844201209236,False,False,KNOWN_LIKE_CLUSTER_LOW_REPRODUCIBILITY,"Genomically unannotated, but in a Known-containing representation cluster; not a type assignment."
FREG_474fdcbc9e65ac97,MG1655,481200,484400,482800,3200,WIN_small_e7c1479e3eb9facd,0.0284675970003434,small,shape,False,True,False,False,False,False,1,1,1,1,False,False,True,CHIN,CHIN_fba1a86abad8c7a7,small_shape,True,0.867603920388717,0.9121195179244588,0.9911311479672404,0.9964670034945968,0.966251422751574,False,1,1.0,,CHIN_05391e6f08c9897f,CHIN,5.805104661490722,5.805104661490722,5.824180763072258,11.164988016563449,clustered,CHIN-like,False,11.855026932420875,FREG_474fdcbc9e65ac97,3200,0.29638365024835267,0.32973067578025306,0.9174662857243696,0.8901847053171614,0.31186552218017105,0.37242199898136336,435,1.0,True,,False,False,False,32,0.34988219513033925,0.3301208581310803,0.86375794585248,0.9357941976964774,0.3555919703544205,0.3447967682151459,1891,1.0,True,,False,False,False,64,435,1.0,True,,False,False,False,KNOWN_OVERLAP,0.31186150698910403,0.27573844201209236,False,False,KNOWN_OVERLAP,Genomic center or interval overlaps a Known annotation.
FREG_70c0ff1525a8c939,MG1655,484800,500800,494400,16000,WIN_large_ca4a23657eb2f01e,0.0202702702702701,large,shape,False,False,False,True,False,True,2,2,1,1,False,False,False,,,medium_shape;large_shape,False,0.9938369033114712,0.6482020781115696,0.9231372627908973,0.9782885538434428,0.9218204280220664,False,1,1.0,,CHIN_623e8fe7b2afd1a8,CHIN,3.103299618823243,3.103299618823243,6.3452666196028495,11.07260989165627,clustered,CHIN-like,False,9.322496834264946,FREG_70c0ff1525a8c939,12800,0.19474287403368135,0.18210288780836678,0.7257009136318178,1.0560257577086907,0.21472945575939492,0.21612889197920865,7875,1.0,True,,False,False,False,128,0.442982542143677,0.38334413750009355,0.8390835799978448,0.8195385895169173,0.48237473883960036,0.45094637025967443,1891,1.0,True,,False,False,False,64,7875,1.0,True,,False,False,False,UNANNOTATED_CLUSTERED,0.31186150698910403,0.27573844201209236,False,False,KNOWN_LIKE_CLUSTER_LOW_REPRODUCIBILITY,"Genomically unannotated, but in a Known-containing representation cluster; not a type assignment."
FREG_6499c2593eae15c1,MG1655,503200,516800,506400,13600,WIN_medium_6518576628f7c007,0.0351059048335719,medium,shape,False,True,False,True,False,True,3,3,3,0,False,True,True,CHIN,CHIN_71efee1581148a83,small_shape;medium_shape;large_shape,True,-0.1361013928700692,0.7699006216834918,0.9832566331991692,0.9763143444585504,0.7965594076954543,False,1,1.0,,OPCID_129f719ef537ae3f,OPCID,1.9099383640677976,4.031866462633281,1.9099383640677976,8.056439056111804,clustered,CHIN-like,False,8.398725891362606,FREG_6499c2593eae15c1,6400,0.16096442307118453,0.1864631410527382,0.8103098565118784,1.0089077559059803,0.1903956703462451,0.23691404374230943,1891,1.0,True,,False,False,False,64,0.16096442307118453,0.1864631410527382,0.8103098565118784,1.0089077559059803,0.1903956703462451,0.23691404374230943,1891,1.0,True,,False,False,False,64,1891,1.0,True,,False,False,False,KNOWN_OVERLAP,0.31186150698910403,0.27573844201209236,False,False,KNOWN_OVERLAP,Genomic center or interval overlaps a Known annotation.
FREG_3d4a95743b89a9c1,MG1655,525600,528800,527200,3200,WIN_small_08e983931f487aac,0.0013404867889791,small,shape,False,True,False,False,False,False,1,1,1,1,True,True,True,CHIN,CHIN_80c12c16922655e6,small_shape,True,0.992896696990879,0.99334594135342,0.9828339835075744,0.9965413713138386,0.9874830984560646,False,-1,0.0,,CHIN_db627b41dbbead17,CHIN,21.10672659092316,21.10672659092316,32.810752080425566,25.855564965146414,noise,noise,False,,FREG_3d4a95743b89a9c1,3200,0.9158913470619543,0.8865911885191092,0.9346260223121946,0.7805555400090064,0.9165714648179006,0.912161392090034,435,1.0,True,,True,True,True,32,0.8030684674407461,0.6472495474701903,0.8601518976218094,0.7684871423213467,0.8101284972342778,0.688667457315124,1891,1.0,True,,True,True,True,64,435,1.0,True,,True,True,True,KNOWN_OVERLAP,0.31186150698910403,0.27573844201209236,True,False,KNOWN_OVERLAP,Genomic center or interval overlaps a Known annotation.
FREG_1624931bb4079346,MG1655,540800,547200,544000,6400,WIN_medium_92edf821dbe41d04,0.049755058472696,medium,shape,False,False,False,True,False,False,1,1,0,1,False,True,True,CHIN,CHIN_765ae5aaa92eba4c,medium_shape,True,0.9363843294695856,0.9180768229839688,0.9840691948849452,0.9063114230316578,0.928689461249384,False,1,0.8829624046770932,,CHIN_312a74a025dbb29e,CHIN,5.05738911696651,5.05738911696651,9.524140271373769,9.159085924998289,clustered,CHIN-like,False,10.85615884116775,FREG_1624931bb4079346,6400,0.21668542822019432,0.21433225637704761,0.7216279585947021,1.0095031115078665,0.31936006005676504,0.309780861737781,1891,1.0,True,,False,False,False,64,0.21668542822019432,0.21433225637704761,0.7216279585947021,1.0095031115078665,0.31936006005676504,0.309780861737781,1891,1.0,True,,False,False,False,64,1891,1.0,True,,False,False,False,KNOWN_OVERLAP,0.31186150698910403,0.27573844201209236,False,False,KNOWN_OVERLAP,Genomic center or interval overlaps a Known annotation.
FREG_b047c0b64d8f6b65,MG1655,559200,562400,560800,3200,WIN_small_93168e794789ea27,0.0395159499254517,small,shape,False,True,False,False,False,False,1,1,1,0,False,True,True,CHID;CHIN,CHID_21f48d066f082128;CHIN_0665f54cdc25bc86;CHIN_24c69819d9eb0ea3;CHIN_7f52b12dfe4fe133,small_shape,True,0.9191164511202377,0.895611092171359,0.9328840559525114,0.9739656044339168,0.8969014638797334,False,1,1.0,,CHIN_8bc99ad127e36986,CHIN,3.65380424547658,3.65380424547658,7.222699661835753,3.76712883757019,clustered,CHIN-like,False,10.025060053448817,FREG_b047c0b64d8f6b65,3200,0.4174393073801246,0.4014612209260885,0.8787601054186189,0.9629127627399581,0.452703483886954,0.4784706597049977,435,1.0,True,,False,False,False,32,0.4964453166852031,0.44461080504182765,0.8380792398609482,0.871861288813132,0.501238991058023,0.4653417022426749,1891,1.0,True,,False,False,False,64,435,1.0,True,,False,False,False,KNOWN_OVERLAP,0.31186150698910403,0.27573844201209236,True,False,KNOWN_OVERLAP,Genomic center or interval overlaps a Known annotation.
FREG_b281c30546d2f2dd,MG1655,606400,612800,609600,6400,WIN_medium_2074db0063e642ec,0.0080187537387447,medium,shape,False,False,False,True,False,False,1,1,1,1,True,False,False,,,medium_shape,False,0.9518126119882812,0.9999443593766516,0.9950747035341848,0.9816469951647327,0.9942424808019004,False,-1,0.0,,CHIN_a8c0513faced91e6,CHIN,10.05508387354066,10.05508387354066,24.30526130835603,13.496913646900774,noise,noise,False,,FREG_b281c30546d2f2dd,6400,0.5408941374671722,0.596469439723059,0.7068016671097667,0.7920363271985152,0.6356933872455957,0.6526663957259204,1891,1.0,True,,True,True,True,64,0.5408941374671722,0.596469439723059,0.7068016671097667,0.7920363271985152,0.6356933872455957,0.6526663957259204,1891,1.0,True,,True,True,True,64,1891,1.0,True,,True,True,True,UNANNOTATED_NOISE,0.31186150698910403,0.27573844201209236,True,False,UNANNOTATED_NOISE_REPRODUCIBLE,"Reproducible unclustered candidate, not a new structure class."
FREG_0eaff5f92d811c81,MG1655,630000,633200,631600,3200,WIN_small_cf3dedf49e94ebe0,0.0326979873187873,small,density,True,False,False,False,False,False,1,1,1,1,False,True,True,OPCID,OPCID_10f9269e6bda4947,small_density,True,0.9547541847695604,0.942951614897976,0.9911231348174668,0.9498427631359088,0.9413059311419832,False,1,1.0,,OPCID_10f9269e6bda4947,OPCID,2.0311262860726056,7.79104896371237,2.0311262860726056,11.50132861217376,clustered,CHIN-like,False,12.225011281040468,FREG_0eaff5f92d811c81,3200,0.7876819310399354,0.8113162786463267,0.9643363559524282,0.4550457140800113,0.8144661841096172,0.8512482438850953,435,1.0,True,,False,False,False,32,0.8199241686009906,0.6851268467867597,0.9260867944109427,0.5640711398400433,0.8202841307391624,0.6933063434052299,1891,1.0,True,,False,False,False,64,435,1.0,True,,False,False,False,KNOWN_OVERLAP,0.31186150698910403,0.27573844201209236,True,False,KNOWN_OVERLAP,Genomic center or interval overlaps a Known annotation.
FREG_f2730b027c33cc50,MG1655,662400,668800,665600,6400,WIN_medium_b1c6ba4fc68e30ab,0.0204438908942773,medium,shape,False,True,False,True,False,False,2,3,3,1,False,False,True,CHIN,CHIN_f93cc107dd51e45a,small_shape;medium_shape,True,0.2140938112582569,0.8340331631104775,0.974358283910113,0.9812941750177896,0.8737047835381763,False,1,1.0,,CHIN_81761ead4e5babcc,CHIN,3.036969977802072,3.036969977802072,4.131995331063233,6.923168430637424,clustered,CHIN-like,False,8.599509367939138,FREG_f2730b027c33cc50,6400,0.20424053810467305,0.23263714978753042,0.8045616914691308,1.016703150821244,0.25281558931636106,0.29742718231329746,1891,1.0,True,,False,False,False,64,0.20424053810467305,0.23263714978753042,0.8045616914691308,1.016703150821244,0.25281558931636106,0.29742718231329746,1891,1.0,True,,False,False,False,64,1891,1.0,True,,False,False,False,KNOWN_OVERLAP,0.31186150698910403,0.27573844201209236,False,False,KNOWN_OVERLAP,Genomic center or interval overlaps a Known annotation.
FREG_a4aad970926aefdc,MG1655,672400,680800,679200,8400,WIN_small_19dfffd7b087e7ef,0.0192862463975125,small,shape,False,True,False,False,False,False,1,3,3,1,False,True,True,CHIN,CHIN_12300449726e7c4d;CHIN_5112515e92b132f5,small_shape,True,0.912835443591251,0.8988880864307851,0.949266026016418,0.9755738871962708,0.9121689902955464,False,1,1.0,,CHIN_1f7c5c2fafc1afc3,CHIN,3.305577157754682,3.305577157754682,5.639119415409885,4.340491831327809,clustered,CHIN-like,False,9.449288816855445,FREG_a4aad970926aefdc,3200,0.31177350617099914,0.3656408394240591,0.8414606749217213,0.9151392042135744,0.4567648108057364,0.49993814009968496,435,1.0,True,,False,False,False,32,0.4026783534817822,0.3552901321729161,0.7924153470859658,0.9295787152481966,0.43314346073465904,0.4107256582537172,1891,1.0,True,,False,False,False,64,435,1.0,True,,False,False,False,KNOWN_OVERLAP,0.31186150698910403,0.27573844201209236,False,False,KNOWN_OVERLAP,Genomic center or interval overlaps a Known annotation.
FREG_f5ef0631b11a8bec,MG1655,685600,688800,687200,3200,WIN_small_e583ca740188b29e,0.0288282584374308,small,shape,False,True,False,False,False,False,1,1,0,1,True,False,False,,,small_shape,False,0.5363323301908752,0.7889699889003553,0.997405418873198,0.9372316393606897,0.693215247682368,False,-1,0.0,,CHIN_db627b41dbbead17,CHIN,31.63544395778928,31.63544395778928,42.489795212844975,38.69897915167669,noise,noise,False,,FREG_f5ef0631b11a8bec,3200,0.8926003135687807,0.9304668438081994,0.9372168731705909,0.28430787232522026,0.914001656995495,0.9399101134940521,435,1.0,True,,True,True,True,32,0.6101628953536294,0.7048498900454444,0.8109360845656832,0.5216533504234204,0.6409994624688325,0.7258034080123384,1891,1.0,True,,True,True,True,64,435,1.0,True,,True,True,True,UNANNOTATED_NOISE,0.31186150698910403,0.27573844201209236,True,False,UNANNOTATED_NOISE_REPRODUCIBLE,"Reproducible unclustered candidate, not a new structure class."
FREG_b80bb97bc30309d3,MG1655,696000,699200,697600,3200,WIN_small_2c491e3402a6b45c,0.0269767762478818,small,shape,False,True,False,False,False,False,1,1,1,0,False,False,True,OPCID,OPCID_9dc38e719d08f155,small_shape,True,0.5480630737205081,0.90437154389342,0.8732042372622102,0.9290587777940312,0.8230156124650821,False,1,1.0,,OPCID_3b8eefccce2e36fc,OPCID,3.3771225913369283,4.739798449078412,3.3771225913369283,9.070064605809849,clustered,CHIN-like,False,7.916707531962565,FREG_b80bb97bc30309d3,3200,0.44802083186745834,0.39067866678393537,0.9064349392792624,0.9453555696875593,0.45598852412722335,0.4395465432030751,435,1.0,True,,False,False,False,32,0.5429539349865268,0.4467562589737133,0.8780296317648963,0.854195927594932,0.5438308869526347,0.4540763935792802,1891,1.0,True,,False,False,False,64,435,1.0,True,,False,False,False,KNOWN_OVERLAP,0.31186150698910403,0.27573844201209236,True,False,KNOWN_OVERLAP,Genomic center or interval overlaps a Known annotation.
FREG_a4bcec0e05a4ae7e,MG1655,727600,730800,729200,3200,WIN_small_d81c0d27448fb05c,0.0323388096857477,small,shape,False,True,False,False,False,False,1,1,1,0,True,False,False,,,small_shape,False,0.9762053177863796,0.9919744189820406,0.9999516723889744,0.9999703128625282,0.9935190661159484,False,-1,0.0,,CHIN_101609e6a031b5b2,CHIN,7.133401101116869,7.133401101116869,33.223461994774745,29.44930487436363,noise,noise,False,,FREG_a4bcec0e05a4ae7e,3200,0.8633421293528574,0.7689026264729982,0.9066203456106161,0.5136431566846117,0.9167139014680064,0.8314829149919999,435,1.0,True,,True,True,True,32,0.672135957911305,0.5730303695516239,0.7717335628256378,0.799410607410548,0.7678857078440606,0.6363468249686469,1891,1.0,True,,True,True,True,64,435,1.0,True,,True,True,True,UNANNOTATED_NOISE,0.31186150698910403,0.27573844201209236,True,False,UNANNOTATED_NOISE_REPRODUCIBLE,"Reproducible unclustered candidate, not a new structure class."
FREG_927d40c86ef7b1d4,MG1655,731200,744000,734400,12800,WIN_small_7755745f1f34005f,0.0009478672985781,small,shape,False,True,False,True,False,True,3,5,4,5,True,True,True,CHIN,CHIN_101609e6a031b5b2;CHIN_31f753a6c5032426,small_shape;medium_shape;large_shape,True,0.9956947762629976,0.99494921873673,0.999937069284324,0.9999308103659204,0.9948448147803692,False,-1,0.0,,CHIN_101609e6a031b5b2,CHIN,20.76801542774618,20.76801542774618,46.99846094902512,40.21968863351037,noise,noise,False,,FREG_927d40c86ef7b1d4,3200,0.9141555151624715,0.8335259491937903,0.9323337274183241,0.9706051414636253,0.916061011326192,0.8618175528893687,435,1.0,True,,True,True,True,32,0.8873508580501768,0.6751942068883665,0.9022306285772214,1.2253206176117495,0.8920827354319315,0.7121951917144159,1891,1.0,True,,True,True,True,64,435,1.0,True,,True,True,True,KNOWN_OVERLAP,0.31186150698910403,0.27573844201209236,True,False,KNOWN_OVERLAP,Genomic center or interval overlaps a Known annotation.
FREG_23a197fcaf4df8d6,MG1655,746800,750000,748400,3200,WIN_small_c597296dbac5d18c,0.047241462727496,small,shape,False,True,False,False,False,False,1,1,1,0,False,True,True,CHIN,CHIN_d09cbcfd88a8bdfb,small_shape,True,0.5952114278915124,0.9171012538867532,0.9126409792895196,0.982491720252026,0.8971082221625282,False,1,1.0,,CHIN_d09cbcfd88a8bdfb,CHIN,2.2967744424161904,2.2967744424161904,4.448830490328912,3.623574359307175,clustered,CHIN-like,False,7.554003466813624,FREG_23a197fcaf4df8d6,3200,0.2264898781523188,0.19069070946262154,0.8188729719831093,0.9697694431231325,0.42631986367664665,0.384244880809023,435,1.0,True,,False,False,False,32,0.3379671380941861,0.2886618579506348,0.785322119084722,0.8944525102351216,0.3911447399893654,0.3645687793321315,1891,1.0,True,,False,False,False,64,435,1.0,True,,False,False,False,KNOWN_OVERLAP,0.31186150698910403,0.27573844201209236,False,False,KNOWN_OVERLAP,Genomic center or interval overlaps a Known annotation.
FREG_c9d7ff0094b7ea19,MG1655,756000,759200,757600,3200,WIN_small_58221bf5792c2bad,0.0336459513730781,small,shape,False,True,False,False,False,False,1,1,1,0,False,False,False,,,small_shape,False,0.8803300870827552,0.9304334676164624,0.9717476116439572,-0.2400342149671244,0.79040250092008,False,1,1.0,,OPCID_3b8eefccce2e36fc,OPCID,3.665060334447949,4.307419732746698,3.665060334447949,9.34923714329136,clustered,CHIN-like,False,8.012272899985213,FREG_c9d7ff0094b7ea19,3200,0.3806169964777988,0.3544104984302786,0.9160105747828977,0.8369084161416029,0.40654691241010205,0.40669805570250667,435,1.0,True,,False,False,False,32,0.27719483069103573,0.28389224884009717,0.848192947095304,0.9386712191502592,0.29424932082626143,0.3167781227320139,1891,1.0,True,,False,False,False,64,435,1.0,True,,False,False,False,UNANNOTATED_CLUSTERED,0.31186150698910403,0.27573844201209236,True,False,KNOWN_LIKE_CLUSTER_REPRODUCIBLE,"Genomically unannotated, but in a Known-containing representation cluster; not a type assignment."
FREG_bf274765f64dcf2e,MG1655,761600,780800,771600,19200,WIN_small_4e830f95e4bf64f5,0.0009478672985781,small,density,True,False,True,False,True,False,3,7,7,7,False,True,True,OPCID,OPCID_17d26e5c8bdd11fa;OPCID_69a72fb00fdc2938,small_density;medium_density;large_density,True,0.9657190413800366,0.9819452458660848,0.9995236709673656,0.9979188893275722,0.9769829120291724,False,-1,0.0,,CHIN_ee3355b18d634b8e,CHIN,9.527514448100996,9.527514448100996,9.805655046274504,16.94676581227657,noise,noise,False,,FREG_bf274765f64dcf2e,3200,0.9794894059376762,0.9475178865187952,0.9919142555720135,0.2898975275100902,0.9816040594956634,0.9630068489481459,435,1.0,True,,False,False,False,32,0.9750053851864897,0.9455463861581775,0.9873127521668108,0.2668375362081259,0.9757980494582859,0.9456055622308392,1891,1.0,True,,False,False,False,64,435,1.0,True,,False,False,False,KNOWN_OVERLAP,0.31186150698910403,0.27573844201209236,True,False,KNOWN_OVERLAP,Genomic center or interval overlaps a Known annotation.
FREG_a4e511e692667b31,MG1655,782400,801600,795200,19200,WIN_large_19639d02a0421e81,0.0067567567567567,large,shape,False,True,False,True,False,True,3,8,6,6,False,True,True,CHIN,CHIN_0f74c85e412d80b9,small_shape;medium_shape;large_shape,True,-0.1783220845550988,0.9426978757790596,0.988835942708702,0.9969997262277136,0.9015663079898244,False,1,1.0,,CHIN_81761ead4e5babcc,CHIN,3.307286060726533,3.307286060726533,4.401231659108605,7.2774639093464994,clustered,CHIN-like,False,8.998625270509308,FREG_a4e511e692667b31,12800,0.1506296766305066,0.1482058361294447,0.712669029455076,1.0841391845849213,0.16469607885082446,0.17442903389999062,7875,1.0,True,,False,False,False,128,0.2023870671023181,0.20394731338562894,0.8050137381169986,0.9678637677908095,0.24096534022948674,0.2589510675425962,1891,1.0,True,,False,False,False,64,7875,1.0,True,,False,False,False,KNOWN_OVERLAP,0.31186150698910403,0.27573844201209236,False,False,KNOWN_OVERLAP,Genomic center or interval overlaps a Known annotation.
FREG_0d155d5ff59aced5,MG1655,826800,848000,835200,21200,WIN_large_3123884949ba1bfc,0.0117030459970869,large,shape,False,True,False,True,False,True,3,4,2,4,False,False,False,,,small_shape;medium_shape;large_shape,False,0.3735070664753949,0.8567537937656262,0.9519203784481188,0.9865331866252632,0.8965725515435833,False,1,1.0,,CHIN_0134e150bffadd1b,CHIN,3.100525650679931,3.100525650679931,5.335269709136383,6.777658829163706,clustered,CHIN-like,False,8.352231347703665,FREG_0d155d5ff59aced5,12800,0.15598276471157063,0.16540406280382552,0.6753651365466822,1.1058083988465994,0.1782327751355895,0.2003025532611358,7875,1.0,True,,False,False,False,128,0.2031919644216567,0.20099494713360685,0.7731024341809671,1.0087127058570104,0.2633803399640311,0.28228062215101174,1891,1.0,True,,False,False,False,64,7875,1.0,True,,False,False,False,UNANNOTATED_CLUSTERED,0.31186150698910403,0.27573844201209236,False,False,KNOWN_LIKE_CLUSTER_LOW_REPRODUCIBILITY,"Genomically unannotated, but in a Known-containing representation cluster; not a type assignment."
FREG_1b9581ca537f3ca7,MG1655,853200,856400,854800,3200,WIN_small_990e16b5bf1ebd0c,0.0350582786898708,small,shape,False,True,False,False,False,False,1,1,1,1,False,False,False,,,small_shape,False,0.7568563523832496,0.929953343339964,0.9896846532325058,0.9720472171701984,0.9365000525055716,False,1,1.0,,CHIN_f93cc107dd51e45a,CHIN,3.726007770170091,3.726007770170091,6.150481281169652,7.113367266981852,clustered,CHIN-like,False,10.48075629438861,FREG_1b9581ca537f3ca7,3200,0.39649972272704753,0.3589896605180929,0.8643291351725985,0.9027532831518014,0.4910028526109681,0.491986546711685,435,1.0,True,,False,False,False,32,0.3692090096673363,0.30541520792250776,0.7958367142047734,0.9338622371252,0.4096821882027721,0.3723726052712465,1891,1.0,True,,False,False,False,64,435,1.0,True,,False,False,False,UNANNOTATED_CLUSTERED,0.31186150698910403,0.27573844201209236,True,False,KNOWN_LIKE_CLUSTER_REPRODUCIBLE,"Genomically unannotated, but in a Known-containing representation cluster; not a type assignment."
FREG_0b1a4fcdb4c6b0f0,MG1655,862400,875200,868800,12800,WIN_large_660f52497dcc31c3,0.0117030459970869,large,shape,False,True,False,False,False,True,2,2,2,1,False,True,True,CHID;CHIN,CHID_c16193a866007239;CHIN_8110991a73e48713,small_shape;large_shape,True,0.008045400165652,0.720273270738798,0.9540094472600072,0.995048440409382,0.8477840001123901,False,1,1.0,,CHIN_71efee1581148a83,CHIN,2.7102273111667468,2.7102273111667468,4.763678997095885,7.783037628903091,clustered,CHIN-like,False,8.21547698393468,FREG_0b1a4fcdb4c6b0f0,12800,0.1879821681869753,0.17360081045183368,0.6999670634206643,1.0508004209515056,0.2076810987286459,0.2058014598790216,7875,1.0,True,,False,False,False,128,0.2085650079556464,0.19875207228958733,0.7850967100128806,0.9612918797553895,0.27309168733826716,0.2771714247365296,1891,1.0,True,,False,False,False,64,7875,1.0,True,,False,False,False,KNOWN_OVERLAP,0.31186150698910403,0.27573844201209236,False,False,KNOWN_OVERLAP,Genomic center or interval overlaps a Known annotation.
FREG_c2261ccf4f321488,MG1655,880000,894400,882000,14400,WIN_small_41db40a42c371690,0.0051916830095275,small,shape,False,True,False,True,False,True,3,5,3,4,False,False,False,,,small_shape;medium_shape;large_shape,False,0.1191328360771832,0.920804389652408,0.953791869277927,0.9806283454691684,0.8337740453819626,False,1,1.0,,CHIN_d1bcd25223375bb6,CHIN,3.437525743205913,3.437525743205913,4.046594922302838,4.477269776109209,clustered,CHIN-like,False,7.3901021747499875,FREG_c2261ccf4f321488,3200,0.2601128270537483,0.29009491204398424,0.8779396926124353,0.9442166697945766,0.3434154419819401,0.39163523133699224,435,1.0,True,,False,False,False,32,0.19823979388049634,0.20986748683706122,0.7711814311270241,0.9199693029047011,0.27235941555600335,0.291638650727496,1891,1.0,True,,False,False,False,64,435,1.0,True,,False,False,False,UNANNOTATED_CLUSTERED,0.31186150698910403,0.27573844201209236,False,False,KNOWN_LIKE_CLUSTER_LOW_REPRODUCIBILITY,"Genomically unannotated, but in a Known-containing representation cluster; not a type assignment."
FREG_34dee77afce8adf5,MG1655,901600,908000,904000,6400,WIN_small_f4eb3abac767d226,0.0197010518396458,small,shape,False,True,False,True,False,False,2,3,2,2,False,False,False,,,small_shape;medium_shape,False,0.3904886846284275,0.852507402502896,0.9652869866045622,0.978927129970552,0.8748028191844406,False,1,1.0,,OPCID_129f719ef537ae3f,OPCID,1.8939817335527855,4.150951919773304,1.8939817335527855,8.449676339612713,clustered,CHIN-like,False,9.309040383248464,FREG_34dee77afce8adf5,3200,0.24175691832216048,0.24329146035708382,0.8953751411419386,0.9374518781056673,0.29533198065684546,0.3199685477379258,435,1.0,True,,False,False,False,32,0.24710574094707727,0.24270534869629531,0.8419431640455944,1.0160427883424834,0.255595946853611,0.2658443384758207,1891,1.0,True,,False,False,False,64,435,1.0,True,,False,False,False,UNANNOTATED_CLUSTERED,0.31186150698910403,0.27573844201209236,False,False,KNOWN_LIKE_CLUSTER_LOW_REPRODUCIBILITY,"Genomically unannotated, but in a Known-containing representation cluster; not a type assignment."
FREG_7e5e958cbc9d5099,MG1655,922000,925200,923600,3200,WIN_small_ee571ab9c09898da,0.0414360056765769,small,density,True,False,False,False,False,False,1,1,1,1,False,False,False,,,small_density,False,0.908327549361386,0.9478959953223688,0.9099223305860176,0.97988754703812,0.8862129872864156,False,1,1.0,,OPCID_029d6f79d3b495d7,OPCID,4.425610351963452,5.453450633646882,4.425610351963452,11.37343549727895,clustered,CHIN-like,False,7.879177593165208,FREG_7e5e958cbc9d5099,3200,0.7526761753257912,0.709721799793748,0.958993514938859,0.593056134213409,0.7793780172341322,0.7620003881079896,435,1.0,True,,False,False,False,32,0.716624862160757,0.6676204804539339,0.9210979067030144,0.651898030068542,0.7217573966407353,0.6712468028618277,1891,1.0,True,,False,False,False,64,435,1.0,True,,False,False,False,UNANNOTATED_CLUSTERED,0.31186150698910403,0.27573844201209236,True,False,KNOWN_LIKE_CLUSTER_REPRODUCIBLE,"Genomically unannotated, but in a Known-containing representation cluster; not a type assignment."
FREG_a200f3db7a36dfd1,MG1655,928800,932000,930400,3200,WIN_small_694b02ebc30fcd1b,0.0097127495411938,small,shape,False,True,False,False,False,False,1,1,1,1,False,False,False,,,small_shape,False,0.4973280785818053,0.81738252151659,0.7496442726611312,0.9808513520724548,0.7163882374227247,False,1,1.0,,CHIN_278875092b882687,CHIN,3.674085603381593,3.674085603381593,4.095869080264391,8.266957195879543,clustered,CHIN-like,False,6.031885384013661,FREG_a200f3db7a36dfd1,3200,0.3535532490207367,0.42227019232509067,0.9096764587887847,0.9737790565786412,0.3596066853065441,0.44679644165744825,435,1.0,True,,False,False,False,32,0.626183342596527,0.5379532701193724,0.9070258684305396,0.7822489832743692,0.631679496622672,0.5401395587416612,1891,1.0,True,,False,False,False,64,435,1.0,True,,False,False,False,UNANNOTATED_CLUSTERED,0.31186150698910403,0.27573844201209236,True,False,KNOWN_LIKE_CLUSTER_REPRODUCIBLE,"Genomically unannotated, but in a Known-containing representation cluster; not a type assignment."
FREG_42d3e2f15815267c,MG1655,932400,940400,938800,8000,WIN_small_3f079494be9b0ca7,0.0336192376321671,small,density,True,False,True,False,False,False,2,4,4,4,False,True,True,OPCID,OPCID_b1757a56703936d1,small_density;medium_density,True,0.9499731373507776,0.9840198210871824,0.9890245834354562,0.9976480188549404,0.9645752854707876,False,-1,0.0,,OPCID_c0709bc7c08ec44f,OPCID,6.713361683799379,7.494369868461537,6.713361683799379,15.679742632377524,noise,noise,False,,FREG_42d3e2f15815267c,3200,0.8236830726863767,0.8355347237214156,0.9665519971075557,0.44355269919581536,0.8443959437087483,0.8674738582323487,435,1.0,True,,False,False,False,32,0.7694645830922069,0.7791134712201886,0.9370106995280809,0.5292998647036401,0.7767910337316426,0.7851039063454036,1891,1.0,True,,False,False,False,64,435,1.0,True,,False,False,False,KNOWN_OVERLAP,0.31186150698910403,0.27573844201209236,True,False,KNOWN_OVERLAP,Genomic center or interval overlaps a Known annotation.
FREG_f777883f257cc56e,MG1655,949600,956000,952800,6400,WIN_small_8ddfdea63d23dbed,0.007093189358813,small,density,True,False,True,False,False,False,2,3,3,1,False,True,True,OPCID,OPCID_a6f2fecc54bc432d,small_density;medium_density,True,0.9698556760989464,0.9647125267649892,0.993139038579928,0.9598322011651136,0.955067108435156,False,1,1.0,,OPCID_a6f2fecc54bc432d,OPCID,1.828083232885077,9.57243194227603,1.828083232885077,17.657815728668933,clustered,CHIN-like,False,15.88445001629083,FREG_f777883f257cc56e,3200,0.829367777484129,0.8143966907021464,0.9760876686243471,0.5795365954123376,0.8707118734097267,0.8731412244117656,435,1.0,True,,False,False,False,32,0.8530321592758275,0.81533007423275,0.9529398661597975,0.45870104502423203,0.8573920783340178,0.8149849160321897,1891,1.0,True,,False,False,False,64,435,1.0,True,,False,False,False,KNOWN_OVERLAP,0.31186150698910403,0.27573844201209236,True,False,KNOWN_OVERLAP,Genomic center or interval overlaps a Known annotation.
FREG_2b068766c74074b7,MG1655,964000,982400,965600,18400,WIN_small_9921680e39d7e4d7,0.0023217912253867,small,shape,False,True,False,True,False,True,3,6,6,6,False,False,True,OPCID,OPCID_9ac65fd4bf038173,small_shape;medium_shape;large_shape,True,0.1305293709626966,0.9011985532762472,0.5248235454341312,0.9605302742932028,0.7765313279044445,False,1,1.0,,CHIN_ebff8dd814b0e30d,CHIN,3.4556073693349143,3.4556073693349143,4.994089362362587,7.509144733909943,clustered,CHIN-like,False,7.397436705596695,FREG_2b068766c74074b7,3200,0.339785868582117,0.3465508001881313,0.893412142462083,0.9870920798113828,0.40797018455433676,0.45919122464000367,435,1.0,True,,False,False,False,32,0.49835838860269216,0.4752541763204457,0.8672539501676646,0.8255112015664341,0.5023528324099644,0.49364665651840495,1891,1.0,True,,False,False,False,64,435,1.0,True,,False,False,False,KNOWN_OVERLAP,0.31186150698910403,0.27573844201209236,True,False,KNOWN_OVERLAP,Genomic center or interval overlaps a Known annotation.
FREG_3b8ffec8bac8d1a0,MG1655,982400,988800,985600,6400,WIN_small_10911837ea9ce07b,0.0184286465357568,small,density,True,False,True,False,False,False,2,3,3,3,False,False,False,,,small_density;medium_density,False,0.9542980376824998,0.9554533463047764,0.9716901375773664,0.7630007720059871,0.943331160895452,False,1,0.9155180103121312,,OPCID_ad7cb00f8c882c61,OPCID,5.383550542059086,7.309856943352854,5.383550542059086,14.005157148389864,clustered,CHIN-like,False,15.693180312669163,FREG_3b8ffec8bac8d1a0,3200,0.8512283011968506,0.8723740495212898,0.9723325481041735,0.34772491484649276,0.8761956204265875,0.9065637880662392,435,1.0,True,,False,False,False,32,0.751385905927475,0.7417813374997951,0.9476358269956326,0.5378997741670106,0.7693890124987508,0.771006625641511,1891,1.0,True,,False,False,False,64,435,1.0,True,,False,False,False,UNANNOTATED_CLUSTERED,0.31186150698910403,0.27573844201209236,True,False,KNOWN_LIKE_CLUSTER_REPRODUCIBLE,"Genomically unannotated, but in a Known-containing representation cluster; not a type assignment."
FREG_e7c23e613d40791d,MG1655,999200,1005600,1002400,6400,WIN_medium_aad1fc1e5f65ee1c,0.0179304784546638,medium,shape,False,True,False,True,False,False,2,2,2,1,False,False,True,CHIN,CHIN_3b157ef6413ebd3b,small_shape;medium_shape,True,0.8754616488801371,0.9183114805550682,0.9648373199677992,0.9864094222166302,0.9018704980770208,False,1,1.0,,CHIN_3b157ef6413ebd3b,CHIN,2.814941628212513,2.814941628212513,6.943450655499223,6.078509697094285,clustered,CHIN-like,False,10.075460921633482,FREG_e7c23e613d40791d,6400,0.22551285325063566,0.23019223225512828,0.7115349638789604,1.0583114582965367,0.3136191356440826,0.32059685433067137,1891,1.0,True,,False,False,False,64,0.22551285325063566,0.23019223225512828,0.7115349638789604,1.0583114582965367,0.3136191356440826,0.32059685433067137,1891,1.0,True,,False,False,False,64,1891,1.0,True,,False,False,False,KNOWN_OVERLAP,0.31186150698910403,0.27573844201209236,False,False,KNOWN_OVERLAP,Genomic center or interval overlaps a Known annotation.
FREG_917de285b2fc037c,MG1655,1014800,1018000,1016400,3200,WIN_small_d445c9f4fc217e45,0.0100312845917135,small,shape,False,True,False,False,False,False,1,1,0,1,False,False,False,,,small_shape,False,0.7769521470229066,0.9385429384971224,0.6835440431121632,0.8461550520477774,0.81194113192954,False,1,1.0,,OPCID_3b8eefccce2e36fc,OPCID,5.33157693172598,5.347611668791859,5.33157693172598,10.458892857722514,clustered,CHIN-like,False,8.722782668181933,FREG_917de285b2fc037c,3200,0.35959516770942096,0.37754672336948936,0.9082789271172128,0.9404849474821192,0.3661212019471649,0.40310784692511487,435,1.0,True,,False,False,False,32,0.5596304661548214,0.5130127816211666,0.8883503052335755,0.8110388772894899,0.5612297278823019,0.5194763359504123,1891,1.0,True,,False,False,False,64,435,1.0,True,,False,False,False,UNANNOTATED_CLUSTERED,0.31186150698910403,0.27573844201209236,True,False,KNOWN_LIKE_CLUSTER_REPRODUCIBLE,"Genomically unannotated, but in a Known-containing representation cluster; not a type assignment."
FREG_c707a50ab3cedf2a,MG1655,1051200,1064000,1057600,12800,WIN_large_c07203f86b2adf36,0.0427334818941672,large,shape,False,False,False,False,False,True,1,1,0,1,False,True,True,CHIN,CHIN_04e54383f38f765c;CHIN_a61eedfc4b0326fc,large_shape,True,0.2193372031996371,0.526221079451183,0.9469491105143236,0.9729351988866364,0.7906900961954939,False,1,1.0,,CHIN_ca2ad0322ec77659,CHIN,2.734621880475325,2.734621880475325,4.801120731477076,7.801859215366154,clustered,CHIN-like,False,7.331977745005344,FREG_c707a50ab3cedf2a,12800,0.3087156583266235,0.23939218635641918,0.6754456941889676,1.108806947817811,0.324531730829387,0.2765189803116322,7875,1.0,True,,False,False,False,128,0.3590056767053688,0.2428888327552893,0.7584755313119519,0.9144496140695926,0.4729295980470183,0.35747459268983905,1891,1.0,True,,False,False,False,64,7875,1.0,True,,False,False,False,KNOWN_OVERLAP,0.31186150698910403,0.27573844201209236,False,False,KNOWN_OVERLAP,Genomic center or interval overlaps a Known annotation.
FREG_a877dd5588b4011c,MG1655,1093600,1126400,1108400,32800,WIN_small_78a22d652b4b7295,0.0045458118704383,small,shape,False,True,False,True,False,True,3,12,10,11,True,True,True,CHID;CHIN,CHID_ddb48e888603fa31;CHIN_5d2c28e9756edcc4;CHIN_81761ead4e5babcc;CHIN_a305212f1c632ac0;CHIN_ed327955a26354f8;CHIN_eece7eddb47ce44c;CHIN_f03aad61ac30b982;CHIN_f2eb436a00c8388f,small_shape;medium_shape;large_shape,True,0.5449428743025992,0.960208579947373,0.952545620526158,0.9594067702096724,0.9024289086571026,False,1,1.0,,CHIN_d09cbcfd88a8bdfb,CHIN,3.1495073785976064,3.1495073785976064,6.46860397463035,5.716278233450432,clustered,CHIN-like,False,9.17057522332736,FREG_a877dd5588b4011c,3200,0.32270806477834724,0.31415822779227087,0.865848549776607,0.9522645589765908,0.45339062051924905,0.45293765820347054,435,1.0,True,,False,False,False,32,0.2690024777701643,0.2603837925257142,0.7924024988291554,0.9419769846049432,0.310782185446138,0.32461057618192346,1891,1.0,True,,False,False,False,64,435,1.0,True,,False,False,False,KNOWN_OVERLAP,0.31186150698910403,0.27573844201209236,True,False,KNOWN_OVERLAP,Genomic center or interval overlaps a Known annotation.
FREG_34492219a64a9959,MG1655,1126400,1166000,1158000,39600,WIN_small_8581e1d8542acaf5,0.0013404867889791,small,density,True,True,True,True,True,True,6,25,24,23,False,True,True,OPCID,OPCID_430b7c0bb5fc530a,small_density;small_shape;medium_density;medium_shape;large_density;large_shape,True,0.9548945771929646,0.9954544458610148,0.9962819617695652,0.997226181722259,0.9563661611973168,False,1,0.838549741876246,,CHIN_ee3355b18d634b8e,CHIN,5.608103431275403,5.608103431275403,6.122476473220749,15.833092131884651,clustered,CHIN-like,False,19.641646655557967,FREG_34492219a64a9959,3200,0.965573398015158,0.9600625977383516,0.9893586918124782,0.20333302687863952,0.9700964712308968,0.9701902736927314,435,1.0,True,,False,False,False,32,0.9444011457201476,0.8459958818326861,0.9733227792168277,0.3750339388905463,0.9455809073616828,0.8439917721828425,1891,1.0,True,,False,False,False,64,435,1.0,True,,False,False,False,KNOWN_OVERLAP,0.31186150698910403,0.27573844201209236,True,False,KNOWN_OVERLAP,Genomic center or interval overlaps a Known annotation.
FREG_fa4ddf1393df7982,MG1655,1175600,1180400,1178800,4800,WIN_small_3237cee8d080f178,0.0144995815552398,small,shape,False,True,False,False,False,False,1,2,2,1,False,False,True,CHIN,CHIN_c7e63e408c4c9165,small_shape,True,0.5483037413906362,0.9362108585883084,0.9761951402938585,0.9424437012416148,0.8918458179966708,False,1,1.0,,OPCID_1734fe040179910f,OPCID,2.42450883653178,4.467906190153927,2.42450883653178,9.587125011107505,clustered,CHIN-like,False,9.752003019151497,FREG_fa4ddf1393df7982,3200,0.3268885271797733,0.3538685116401065,0.9160486277953459,0.9834584751753467,0.3316353855896336,0.3632704876912386,435,1.0,True,,False,False,False,32,0.2927889884081384,0.31308817758473007,0.8624635744596433,0.9467218911588632,0.2961602778583474,0.320643538544203,1891,1.0,True,,False,False,False,64,435,1.0,True,,False,False,False,KNOWN_OVERLAP,0.31186150698910403,0.27573844201209236,True,False,KNOWN_OVERLAP,Genomic center or interval overlaps a Known annotation.
FREG_32d3b2839ade9f00,MG1655,1190400,1196800,1194400,6400,WIN_small_a314ba884488a7c3,0.0274718042581788,small,shape,False,True,False,True,False,False,2,2,2,1,False,False,True,CHIN;OPCID,CHIN_30fa1007486e99c0;OPCID_0f71385a399dc767,small_shape;medium_shape,True,0.2947341593107544,0.9003096631326446,0.971112371960865,0.9590306607128556,0.8996664054491386,False,1,1.0,,CHIN_f93cc107dd51e45a,CHIN,2.965345099767573,2.965345099767573,3.7397615379679134,6.874175454490138,clustered,CHIN-like,False,9.00485628724705,FREG_32d3b2839ade9f00,3200,0.2775249432844316,0.23972727685251927,0.870651748130192,0.8922496182730009,0.3934290534833387,0.38912370945192565,435,1.0,True,,False,False,False,32,0.2732410727930398,0.26445477897820213,0.8183538868576969,0.9961832543589862,0.29799553228685083,0.31252486241472166,1891,1.0,True,,False,False,False,64,435,1.0,True,,False,False,False,KNOWN_OVERLAP,0.31186150698910403,0.27573844201209236,False,False,KNOWN_OVERLAP,Genomic center or interval overlaps a Known annotation.
FREG_a322968e0e091669,MG1655,1196800,1200000,1198400,3200,WIN_small_058ccc12882da731,0.0437972134678593,small,density,True,False,False,False,False,False,1,1,1,0,False,True,True,CHIN,CHIN_0b96404ea31c5cc5;CHIN_30fa1007486e99c0,small_density,True,0.8757531997907954,0.8991178201824547,0.9362263582568576,0.9797020878307606,0.845729867840173,False,1,0.9775230338105196,,CHIN_30fa1007486e99c0,CHIN,1.158927092196662,1.158927092196662,10.59470194706361,5.1703674269907145,clustered,CHIN-like,False,12.866786805986813,FREG_a322968e0e091669,3200,0.9432594704767694,0.8869661202298218,0.9724784377455612,0.3831191205519056,0.9452492005354811,0.8776029531391356,435,1.0,True,,False,False,False,32,0.8794984846825749,0.6157052668413205,0.9325459735182322,0.7903224711391383,0.8797104579201657,0.6246849869234955,1891,1.0,True,,False,False,False,64,435,1.0,True,,False,False,False,KNOWN_OVERLAP,0.31186150698910403,0.27573844201209236,True,False,KNOWN_OVERLAP,Genomic center or interval overlaps a Known annotation.
FREG_c8486e55b019f350,MG1655,1204000,1211600,1208400,7600,WIN_small_687d342b0fe20f78,0.0013404867889791,small,shape,False,True,False,True,False,False,2,3,2,3,False,True,True,CHID;CHIN,CHID_9ee02f36e2c46f9c;CHIN_a67bc4a756886582,small_shape;medium_shape,True,0.9627330570705048,0.9896052918255792,0.9907608054201674,0.9893052916399244,0.9843639862461332,False,-1,0.0,,CHIN_58d99e489f853d61,CHIN,10.086269365575566,10.086269365575566,15.123561705276504,11.230863075237496,noise,noise,False,,FREG_c8486e55b019f350,3200,0.9933508005875461,0.6516596327858089,0.9937362324216795,2.3929418567539367,0.9933489791290436,0.7350286487853613,435,1.0,True,,False,False,False,32,0.9867024034961389,0.4099786485297179,0.987287322724842,1.5244472366838393,0.9866683839258503,0.486031985374858,1891,1.0,True,,False,False,False,64,435,1.0,True,,False,False,False,KNOWN_OVERLAP,0.31186150698910403,0.27573844201209236,True,False,KNOWN_OVERLAP,Genomic center or interval overlaps a Known annotation.
FREG_d3cda5ffb81c91a3,MG1655,1220000,1223200,1221600,3200,WIN_small_7e425661cca091c7,0.020614751820788,small,shape,False,True,False,False,False,False,1,1,1,1,False,True,True,CHID;CHIN,CHID_9ee02f36e2c46f9c;CHIN_1da809bfbf2865bd;CHIN_39d26f4e365a3b6a;CHIN_48fed281505db35a,small_shape,True,0.912987176667274,0.8764246764265498,0.9743660436364848,0.917497851208756,0.8990198848698163,False,1,1.0,,CHIN_8bc99ad127e36986,CHIN,2.913089239781828,2.913089239781828,6.178415743485005,4.562598884017425,clustered,CHIN-like,False,8.600251584396778,FREG_d3cda5ffb81c91a3,3200,0.2351511562167444,0.23656400035953834,0.8287582028143864,1.0335250879146574,0.355791081163318,0.3856482321800413,435,1.0,True,,False,False,False,32,0.41197761340779804,0.3573931345785249,0.8213652400409693,0.9112911588845991,0.42262246450168434,0.3877880724745967,1891,1.0,True,,False,False,False,64,435,1.0,True,,False,False,False,KNOWN_OVERLAP,0.31186150698910403,0.27573844201209236,False,False,KNOWN_OVERLAP,Genomic center or interval overlaps a Known annotation.
FREG_1c0d76b1f1c8404e,MG1655,1226000,1229200,1227600,3200,WIN_small_1f4cbef9ffede61c,0.0482389029383865,small,shape,False,True,False,False,False,False,1,1,0,1,False,False,True,CHIN;OPCID,CHIN_f6588d529a4d5c83;OPCID_304b6ccbb191eb65,small_shape,True,0.2532956962463835,0.8980347743537066,0.8313530697764744,0.9476703747137326,0.7217887810455736,False,1,1.0,,OPCID_36e0565260f2141f,OPCID,4.0657824393675135,4.093609498426,4.0657824393675135,4.989852043465141,clustered,CHIN-like,False,6.016782036218461,FREG_1c0d76b1f1c8404e,3200,0.341179627732258,0.3569882320389157,0.8750567701341713,0.9534951619597267,0.36098574192550426,0.4070084324429622,435,1.0,True,,False,False,False,32,0.5932473510118516,0.4649093935777777,0.8768830866651347,0.7928645502950047,0.595426005581142,0.4709894308955494,1891,1.0,True,,False,False,False,64,435,1.0,True,,False,False,False,KNOWN_OVERLAP,0.31186150698910403,0.27573844201209236,True,False,KNOWN_OVERLAP,Genomic center or interval overlaps a Known annotation.
FREG_58716b8657663f82,MG1655,1232400,1235600,1234000,3200,WIN_small_48bafae9902d4c27,0.0280222663489942,small,shape,False,True,False,False,False,False,1,1,1,1,False,False,False,,,small_shape,False,0.5214915798868328,0.9368403310345133,0.937145917262714,0.982077924418077,0.8370374280750436,False,1,1.0,,OPCID_0f71385a399dc767,OPCID,1.8829162360777816,4.570656581616188,1.8829162360777816,9.628529590793068,clustered,CHIN-like,False,8.511656751946646,FREG_58716b8657663f82,3200,0.3802732388938273,0.40117528189706386,0.9203806139459872,0.9321644343945069,0.39774858226766024,0.42165549585030826,435,1.0,True,,False,False,False,32,0.3894786059395075,0.3954796871981039,0.8627454020774131,0.8887836507508846,0.39238866445854276,0.40421382016728974,1891,1.0,True,,False,False,False,64,435,1.0,True,,False,False,False,UNANNOTATED_CLUSTERED,0.31186150698910403,0.27573844201209236,True,False,KNOWN_LIKE_CLUSTER_REPRODUCIBLE,"Genomically unannotated, but in a Known-containing representation cluster; not a type assignment."
FREG_419b90a75035f08a,MG1655,1236800,1250400,1242000,13600,WIN_small_c47195ada6c207c8,0.0081538628123624,small,shape,False,True,False,True,False,True,3,6,6,3,False,True,True,OPCID,OPCID_7a866c11603150e7,small_shape;medium_shape;large_shape,True,0.2937349638835341,0.8756017946217366,0.989912976118043,0.9922844104164118,0.8610381814171411,False,1,1.0,,OPCID_129f719ef537ae3f,OPCID,4.5347261981898805,6.296312220001528,4.5347261981898805,10.303075724092178,clustered,CHIN-like,False,11.835933255386855,FREG_419b90a75035f08a,3200,0.34365552914650394,0.32077290569870354,0.8993375960119669,0.9031244869676207,0.380972354924425,0.38786021343228577,435,1.0,True,,False,False,False,32,0.25459836696619675,0.23935283415157138,0.837772448178048,1.0048798464840725,0.2644115657968311,0.26655599286246195,1891,1.0,True,,False,False,False,64,435,1.0,True,,False,False,False,KNOWN_OVERLAP,0.31186150698910403,0.27573844201209236,True,False,KNOWN_OVERLAP,Genomic center or interval overlaps a Known annotation.
FREG_53a68bc12f4553ab,MG1655,1250800,1256000,1252400,5200,WIN_small_a65abe69bc0249dc,0.0311356733756526,small,shape,False,True,False,False,False,False,1,2,2,0,False,False,True,OPCID,OPCID_7a866c11603150e7,small_shape,True,0.0448935146408153,0.9255470936983896,0.8953127489349357,0.8315025279433633,0.7415433613225277,False,1,1.0,,CHIN_6f0fc226dcac97e0,CHIN,3.3955169859995946,3.3955169859995946,4.407301490371602,4.897583579365005,clustered,CHIN-like,False,6.2608163844975495,FREG_53a68bc12f4553ab,3200,0.4350706526431832,0.3924206748672372,0.8813129723997347,0.9119398591534539,0.4781267157099568,0.48441896967927184,435,1.0,True,,False,False,False,32,0.39894547899534966,0.39374511043016186,0.8408469267528822,0.8924257881390631,0.40418754381020505,0.41549058384782317,1891,1.0,True,,False,False,False,64,435,1.0,True,,False,False,False,KNOWN_OVERLAP,0.31186150698910403,0.27573844201209236,True,False,KNOWN_OVERLAP,Genomic center or interval overlaps a Known annotation.
FREG_ab8c4d5f9e40d1d7,MG1655,1256800,1264800,1260000,8000,WIN_small_d7838cf548101819,0.0139307473523213,small,density,True,False,True,False,False,False,2,3,3,3,False,False,False,,,small_density;medium_density,False,0.9756559058368326,0.9928100680665272,0.992346823340442,0.9564148736776588,0.9779865782145412,False,1,0.8286201409674051,,OPCID_6abc058ae2242c3c,OPCID,6.195843924658598,7.657380250246557,6.195843924658598,15.031206882424929,clustered,CHIN-like,False,18.63974832296421,FREG_ab8c4d5f9e40d1d7,3200,0.9222174371337658,0.9279518329875476,0.9760030747773011,0.30005665424750066,0.9299891480787483,0.9384358212630917,435,1.0,True,,False,False,False,32,0.8772172664943881,0.7843356099409609,0.9587785739488419,0.503715893490213,0.8819325592250424,0.7954999849119977,1891,1.0,True,,False,False,False,64,435,1.0,True,,False,False,False,UNANNOTATED_CLUSTERED,0.31186150698910403,0.27573844201209236,True,False,KNOWN_LIKE_CLUSTER_REPRODUCIBLE,"Genomically unannotated, but in a Known-containing representation cluster; not a type assignment."
FREG_18d6d6b9991c1e67,MG1655,1265200,1268400,1266800,3200,WIN_small_ba08e1cff1a34a90,0.0237345668730783,small,shape,False,True,False,False,False,False,1,1,0,1,False,False,False,,,small_shape,False,0.5641018095875358,0.9268748866172708,0.9743847993389873,0.974262880869141,0.897206846353108,False,1,1.0,,CHIN_278875092b882687,CHIN,2.946918049558504,2.946918049558504,4.048105142761125,8.011674040290695,clustered,CHIN-like,False,8.265629925396919,FREG_18d6d6b9991c1e67,3200,0.25251397536442,0.23789690773695762,0.899331600784696,0.9261159411116883,0.2938422703465542,0.3159198852527778,435,1.0,True,,False,False,False,32,0.6312167409150515,0.6557401050975474,0.881361893066035,0.7433140149239077,0.6365971526458596,0.6627977738145844,1891,1.0,True,,False,False,False,64,435,1.0,True,,False,False,False,UNANNOTATED_CLUSTERED,0.31186150698910403,0.27573844201209236,False,False,KNOWN_LIKE_CLUSTER_LOW_REPRODUCIBILITY,"Genomically unannotated, but in a Known-containing representation cluster; not a type assignment."
FREG_f58b946f4319d3b7,MG1655,1287600,1315200,1302000,27600,WIN_small_3ec20958545f0cac,0.0009478672985781,small,density,True,True,True,True,True,False,5,22,22,20,True,True,True,CHIN;OPCID,CHIN_6de429ae4e16dc37;OPCID_3045d21bebe98beb,small_density;small_shape;medium_density;medium_shape;large_density,True,0.9078431423938734,0.990920205026345,0.9799881009840335,0.9988934742741424,0.962350820831228,False,-1,0.0,,OPCID_33b4f3a14ebbc59e,OPCID,34.50808295470448,47.91346443322438,34.50808295470448,49.49243451773939,noise,noise,False,,FREG_f58b946f4319d3b7,3200,0.9685187883398739,0.950723056676056,0.9898015016421864,0.1814590556172634,0.9730114850540998,0.9656282400900923,435,1.0,True,,True,True,True,32,0.967258444581707,0.9606124561309588,0.9844438906052924,0.16741103234445204,0.9686796281832051,0.9674330563305166,1891,1.0,True,,True,True,True,64,435,1.0,True,,True,True,True,KNOWN_OVERLAP,0.31186150698910403,0.27573844201209236,True,False,KNOWN_OVERLAP,Genomic center or interval overlaps a Known annotation.
FREG_89050f1e4d87cbd9,MG1655,1315200,1329600,1321600,14400,WIN_large_4801f24b32ecfa12,0.0202702702702701,large,shape,False,False,False,True,False,True,2,2,1,1,False,True,True,CHIN,CHIN_6de429ae4e16dc37,medium_shape;large_shape,True,0.4932329868023289,0.9039255639803944,0.6862370971303196,0.9781978906600124,0.8319195530799982,False,1,1.0,,CHIN_08c97d9eff842e36,CHIN,3.775861884280862,3.775861884280862,5.908482773835563,8.831591416885999,clustered,CHIN-like,False,7.945474452231834,FREG_89050f1e4d87cbd9,12800,0.23165480824374668,0.19845307215547994,0.6721451069199208,1.0872875357368217,0.2490541586485046,0.233651018888293,7875,1.0,True,,False,False,False,128,0.3652224893676757,0.32636478783492995,0.77140715153434,0.8739207197951762,0.4451291868563143,0.4126997772169539,1891,1.0,True,,False,False,False,64,7875,1.0,True,,False,False,False,KNOWN_OVERLAP,0.31186150698910403,0.27573844201209236,False,False,KNOWN_OVERLAP,Genomic center or interval overlaps a Known annotation.
FREG_7bfe94b0db3815e0,MG1655,1338800,1342000,1340400,3200,WIN_small_81e9b584b7c6ed32,0.0302724538818412,small,density,True,False,False,False,False,False,1,1,1,1,False,True,True,OPCID,OPCID_414cf80847bd9929,small_density,True,0.9293181769716308,0.8482136425553545,0.9478328167591734,0.8487043330150271,0.9014193345959162,False,1,1.0,,OPCID_414cf80847bd9929,OPCID,2.7633409292089026,4.405938491997414,2.7633409292089026,12.027870533383693,clustered,CHIN-like,False,11.341252057994245,FREG_7bfe94b0db3815e0,3200,0.7996890108432186,0.8059616664113612,0.9665758403878765,0.4456535005641882,0.8292739772101274,0.8509562146252716,435,1.0,True,,False,False,False,32,0.7372803760694886,0.6560189623655308,0.9284966734889032,0.6046720825564695,0.7423478918392644,0.6561300205311013,1891,1.0,True,,False,False,False,64,435,1.0,True,,False,False,False,KNOWN_OVERLAP,0.31186150698910403,0.27573844201209236,True,False,KNOWN_OVERLAP,Genomic center or interval overlaps a Known annotation.
FREG_a35a88b667d2c36c,MG1655,1350400,1356800,1353600,6400,WIN_medium_edaf651bfe63d055,0.0103521665624989,medium,shape,False,True,False,True,False,False,2,2,2,2,False,True,True,OPCID,OPCID_129f719ef537ae3f,small_shape;medium_shape,True,0.3327148136636524,0.8968200059358774,0.9862574528914956,0.9589385417955604,0.8964718837033128,False,1,1.0,,OPCID_129f719ef537ae3f,OPCID,1.4834597287467417,4.693515703504896,1.4834597287467417,9.22836578054456,clustered,CHIN-like,False,9.785143800855408,FREG_a35a88b667d2c36c,6400,0.17574570564856545,0.19029755546032323,0.8179788367133664,1.0635557751472575,0.18385637863784843,0.21228646696354184,1891,1.0,True,,False,False,False,64,0.17574570564856545,0.19029755546032323,0.8179788367133664,1.0635557751472575,0.18385637863784843,0.21228646696354184,1891,1.0,True,,False,False,False,64,1891,1.0,True,,False,False,False,KNOWN_OVERLAP,0.31186150698910403,0.27573844201209236,False,False,KNOWN_OVERLAP,Genomic center or interval overlaps a Known annotation.
FREG_ddd616c6bc270d21,MG1655,1387200,1390400,1388800,3200,WIN_small_914b268c08e94ce7,0.0288594072941009,small,shape,False,True,False,False,False,False,1,1,1,0,False,False,False,,,small_shape,False,0.251346054956921,0.9189073630358748,0.9671859979328884,0.9864308841539028,0.8572639946435369,False,1,1.0,,OPCID_7a866c11603150e7,OPCID,2.718200987792039,4.0116034016540185,2.718200987792039,7.768761334674972,clustered,CHIN-like,False,7.779494099067695,FREG_ddd616c6bc270d21,3200,0.3742618435686156,0.38822109466668586,0.917722693959284,0.9265027403762304,0.383226328920677,0.4148866200012346,435,1.0,True,,False,False,False,32,0.29187415234591213,0.30311784498755984,0.8354531514361865,0.9017715513321685,0.3103754304969709,0.3344801877916826,1891,1.0,True,,False,False,False,64,435,1.0,True,,False,False,False,UNANNOTATED_CLUSTERED,0.31186150698910403,0.27573844201209236,True,False,KNOWN_LIKE_CLUSTER_REPRODUCIBLE,"Genomically unannotated, but in a Known-containing representation cluster; not a type assignment."
FREG_64e6e1a0f778ee71,MG1655,1390400,1393600,1392000,3200,WIN_small_b9489368a2996a22,0.0104265402843601,small,shape,False,True,False,False,False,False,1,1,1,1,False,False,False,,,small_shape,False,0.2734764328258063,0.9282278532272952,0.8407776892990871,0.9922312461251866,0.8570609438110244,False,1,0.8088142608739525,,CHIN_6f0fc226dcac97e0,CHIN,6.545801940509507,6.545801940509507,8.428049727504591,9.789554315831705,clustered,CHIN-like,False,9.941604542714677,FREG_64e6e1a0f778ee71,3200,0.23812794262555304,0.2553150753052173,0.843337723878001,1.018356950217494,0.3382785843843463,0.35930124716824835,435,1.0,True,,False,False,False,32,0.4044027267091364,0.40140641753297096,0.8411279736582924,0.8647987849398842,0.41083398600265003,0.41992964329075955,1891,1.0,True,,False,False,False,64,435,1.0,True,,False,False,False,UNANNOTATED_CLUSTERED,0.31186150698910403,0.27573844201209236,False,False,KNOWN_LIKE_CLUSTER_LOW_REPRODUCIBILITY,"Genomically unannotated, but in a Known-containing representation cluster; not a type assignment."
FREG_cad61145e2da40c1,MG1655,1397200,1412800,1406400,15600,WIN_large_fb1c24d3cc0f66fa,0.0067567567567567,large,shape,True,False,False,True,False,True,3,3,3,2,False,True,True,CHIN,CHIN_ca2ad0322ec77659;CHIN_fc815dfb8c7f111c,small_density;medium_shape;large_shape,True,0.4904106884331724,0.8843688143414449,0.9724846687316596,0.9914268862582104,0.9005396564274573,False,1,1.0,,CHIN_13ce252fbae0cbfe,CHIN,2.514514680551024,2.514514680551024,5.270479666037707,6.052674351750743,clustered,CHIN-like,False,8.181398561359147,FREG_cad61145e2da40c1,12800,0.23969322608646493,0.18881920183881443,0.6651622591458173,1.113576815289707,0.2554276438024252,0.2236517278218892,7875,1.0,True,,False,False,False,128,0.2344927171856434,0.22786503238954814,0.7390879178448168,0.9868513291247117,0.31943176600819745,0.317831970307462,1891,1.0,True,,False,False,False,64,7875,1.0,True,,False,False,False,KNOWN_OVERLAP,0.31186150698910403,0.27573844201209236,False,False,KNOWN_OVERLAP,Genomic center or interval overlaps a Known annotation.
FREG_82a811abb2714642,MG1655,1422400,1435200,1428800,12800,WIN_large_c0422c2cbe2c565e,0.0067567567567567,large,shape,False,False,False,False,False,True,1,1,1,1,True,False,False,,,large_shape,False,0.9104988621432476,0.7953095016683739,0.9419597299193296,0.9982389680576804,0.9662149692514866,False,-1,0.0,,CHID_829be93d3f3a9719,CHID,26.115262285685144,30.809521272512978,42.38876381409828,26.115262285685144,noise,noise,False,,FREG_82a811abb2714642,12800,0.5367459986527621,0.544709900990472,0.6869793632027313,0.9095802147432984,0.5710682053240443,0.573561702777278,7875,1.0,True,,True,True,True,128,0.6092669179939664,0.3831578538704214,0.7943493980210238,0.8195044773766413,0.683956596976818,0.47712537249050646,1891,1.0,True,,False,False,False,64,7875,1.0,True,,True,True,True,UNANNOTATED_NOISE,0.31186150698910403,0.27573844201209236,True,False,UNANNOTATED_NOISE_REPRODUCIBLE,"Reproducible unclustered candidate, not a new structure class."
FREG_0ec3deb6cb8e3a1f,MG1655,1442400,1445600,1444000,3200,WIN_small_60c27885e5f175a6,0.026489457085274,small,shape,False,True,False,False,False,False,1,1,0,1,False,False,False,,,small_shape,False,0.2569026795628434,0.7034819326111796,0.9764239751831468,0.9763037513439832,0.7784545828187618,False,1,1.0,,OPCID_129f719ef537ae3f,OPCID,2.1059780973291504,4.225135872091333,2.1059780973291504,7.087904041538907,clustered,CHIN-like,False,7.859289610214337,FREG_0ec3deb6cb8e3a1f,3200,0.3157713750750955,0.336243796142388,0.8974164474167974,0.878616616816477,0.3633755460390168,0.40638742662318517,435,1.0,True,,False,False,False,32,0.41294180096554706,0.37485168536246916,0.8415179615509755,0.9420823968418338,0.4179779067570188,0.3962034265053638,1891,1.0,True,,False,False,False,64,435,1.0,True,,False,False,False,UNANNOTATED_CLUSTERED,0.31186150698910403,0.27573844201209236,True,False,KNOWN_LIKE_CLUSTER_REPRODUCIBLE,"Genomically unannotated, but in a Known-containing representation cluster; not a type assignment."
FREG_7e16c0c4325e5d1d,MG1655,1464000,1476800,1470400,12800,WIN_large_9bb3913524a24d1b,0.0067567567567567,large,shape,False,False,False,False,False,True,1,1,1,1,True,True,True,CHIN,CHIN_20739850c2069452;CHIN_b62b5345635fb8d8,large_shape,True,0.9789929598592156,0.9999457249742568,0.999975090159274,0.9956945210077566,0.9431225400052312,False,-1,0.0,,CHID_829be93d3f3a9719,CHID,26.770287572026444,31.33961706547951,51.02520319742808,26.770287572026444,noise,noise,False,,FREG_7e16c0c4325e5d1d,12800,0.4671436493208614,0.5643489047613133,0.6477110620924681,0.9181759528246669,0.4915324073308984,0.5861777677962153,7875,1.0,True,,True,True,True,128,0.6898730393024869,0.7810046404175112,0.7658685063294974,0.8320206028635306,0.7580292505331803,0.811152812288861,1891,1.0,True,,True,True,True,64,7875,1.0,True,,True,True,True,KNOWN_OVERLAP,0.31186150698910403,0.27573844201209236,True,False,KNOWN_OVERLAP,Genomic center or interval overlaps a Known annotation.
FREG_72207fa128f1023c,MG1655,1478400,1484800,1481600,6400,WIN_medium_5aee5f2b276f152d,0.0335448535791422,medium,shape,False,False,False,True,False,False,1,1,1,1,False,False,True,CHIN,CHIN_20739850c2069452,medium_shape,True,0.6156907376670476,0.8654088170407854,0.9855975348238744,0.9895789660604684,0.8984787815849992,False,1,1.0,,CHIN_f18d969785c78f39,CHIN,3.36264220896589,3.36264220896589,6.768398919022006,7.1710103884888605,clustered,CHIN-like,False,9.10344582216553,FREG_72207fa128f1023c,6400,0.27068238371201203,0.20819085580308827,0.7164296700597363,1.0106705784811596,0.40194960488554177,0.3202836129201157,1891,1.0,True,,False,False,False,64,0.27068238371201203,0.20819085580308827,0.7164296700597363,1.0106705784811596,0.40194960488554177,0.3202836129201157,1891,1.0,True,,False,False,False,64,1891,1.0,True,,False,False,False,KNOWN_OVERLAP,0.31186150698910403,0.27573844201209236,False,False,KNOWN_OVERLAP,Genomic center or interval overlaps a Known annotation.
FREG_d48616db2be0a1f1,MG1655,1491600,1494800,1493200,3200,WIN_small_bdf8083fa51f1e8b,0.0249525053669916,small,shape,False,True,False,False,False,False,1,1,1,0,False,False,False,,,small_shape,False,0.3599046595459877,0.8975206280392445,0.8601897454099143,0.9183554554333758,0.7907941447492204,False,1,1.0,,OPCID_3b8eefccce2e36fc,OPCID,4.301087985077333,4.324953195204463,4.301087985077333,6.737039231789166,clustered,CHIN-like,False,6.700127837720003,FREG_d48616db2be0a1f1,3200,0.20693200118558835,0.25977947247155997,0.8806021758992766,0.9495347527265692,0.25574014485175534,0.33050425247243875,435,1.0,True,,False,False,False,32,0.5605377630472205,0.5027191317122538,0.859706039651702,0.8191897782020489,0.5633702361657675,0.5178642060593202,1891,1.0,True,,False,False,False,64,435,1.0,True,,False,False,False,UNANNOTATED_CLUSTERED,0.31186150698910403,0.27573844201209236,False,False,KNOWN_LIKE_CLUSTER_LOW_REPRODUCIBILITY,"Genomically unannotated, but in a Known-containing representation cluster; not a type assignment."
FREG_6586b29a6604dd96,MG1655,1494800,1498000,1496400,3200,WIN_small_6bce2670d6863d2f,0.0492617496120806,small,shape,False,True,False,False,False,False,1,1,1,0,False,False,False,,,small_shape,False,0.0307917806752822,0.8855928840356161,-0.0283879078338668,0.9642232599978332,0.6722292023446786,False,1,1.0,,CHIN_0f07f9fdd2a69572,CHIN,4.113719464354585,4.113719464354585,4.943984226814769,5.141876512355793,clustered,CHIN-like,False,5.999484552288264,FREG_6586b29a6604dd96,3200,0.3796711599593171,0.28118666321403674,0.8453932992126925,0.882331966656646,0.5342533059443177,0.4644850476310332,435,1.0,True,,False,False,False,32,0.3396069196083571,0.3302542792865614,0.7971762455712701,0.8746360624833884,0.36986681162684454,0.3825258914560044,1891,1.0,True,,False,False,False,64,435,1.0,True,,False,False,False,UNANNOTATED_CLUSTERED,0.31186150698910403,0.27573844201209236,True,False,KNOWN_LIKE_CLUSTER_REPRODUCIBLE,"Genomically unannotated, but in a Known-containing representation cluster; not a type assignment."
FREG_9949ed981f76b32e,MG1655,1499600,1521600,1502800,22000,WIN_small_3078d21d6980657b,0.0044458917154723,small,shape,False,True,False,True,False,True,3,9,8,8,False,True,True,CHIN,CHIN_9c9130eaf8d782b3,small_shape;medium_shape;large_shape,True,0.1790703513172375,0.9090138992870028,0.9323525502000444,0.9887976064674916,0.8684732121184677,False,1,1.0,,OPCID_129f719ef537ae3f,OPCID,2.8205826830654983,4.109655594320468,2.8205826830654983,7.519824375582681,clustered,CHIN-like,False,8.86384674744062,FREG_9949ed981f76b32e,3200,0.29202499066800214,0.1943582864158762,0.8686162009515394,1.0567424082516579,0.37524485648268613,0.32211360674506184,435,1.0,True,,False,False,False,32,0.23591863741501967,0.24129603468043845,0.8166147192281418,1.0103816198864586,0.2544542168695002,0.2777631827092979,1891,1.0,True,,False,False,False,64,435,1.0,True,,False,False,False,KNOWN_OVERLAP,0.31186150698910403,0.27573844201209236,False,False,KNOWN_OVERLAP,Genomic center or interval overlaps a Known annotation.
FREG_f76cb7ab00f0aa90,MG1655,1572000,1578400,1575200,6400,WIN_medium_4c05b52b2a077f7d,0.0098209275164797,medium,shape,False,True,False,True,False,False,2,2,2,2,False,True,True,CHIN,CHIN_a836f1c637e50e10;CHIN_d45c7c6f4a11fa68,small_shape;medium_shape,True,0.873040797321592,0.8416992262372597,0.9776695545149428,0.9487110421882234,0.8909567718023222,False,1,0.9066493818555812,,CHIN_d45c7c6f4a11fa68,CHIN,2.8181450638699164,2.8181450638699164,10.67317544608042,10.61186504368744,clustered,CHIN-like,False,11.290370431422984,FREG_f76cb7ab00f0aa90,6400,0.12492307388194247,0.1397392587690685,0.6453299340965408,1.0850661463509075,0.2616857386604242,0.24708630083473876,1891,1.0,True,,False,False,False,64,0.12492307388194247,0.1397392587690685,0.6453299340965408,1.0850661463509075,0.2616857386604242,0.24708630083473876,1891,1.0,True,,False,False,False,64,1891,1.0,True,,False,False,False,KNOWN_OVERLAP,0.31186150698910403,0.27573844201209236,False,False,KNOWN_OVERLAP,Genomic center or interval overlaps a Known annotation.
FREG_80d3aa7e4fed4c3d,MG1655,1579600,1582800,1581200,3200,WIN_small_5d5814dd01885a4c,0.0110539372414126,small,shape,False,True,False,False,False,False,1,1,1,0,False,True,True,CHIN,CHIN_76e05e2f594dedf6;CHIN_a836f1c637e50e10,small_shape,True,0.6801940624478966,0.8607309579023793,0.9652908605419128,0.954266333635265,0.7459849384698455,False,1,0.9436829574978072,,CHIN_dd92f5d829bb4be0,CHIN,4.883524554359745,4.883524554359745,7.374617778648996,6.732326226606408,clustered,CHIN-like,False,11.052684534611704,FREG_80d3aa7e4fed4c3d,3200,0.4075338490860044,0.3951542930167834,0.9107495467286102,0.9042131642098207,0.4188700363240566,0.42335533414204646,435,1.0,True,,False,False,False,32,0.7610066281711226,0.5124287948196452,0.9020609178056482,0.8245790056528173,0.7620056743476102,0.511922591764886,1891,1.0,True,,False,False,False,64,435,1.0,True,,False,False,False,KNOWN_OVERLAP,0.31186150698910403,0.27573844201209236,True,False,KNOWN_OVERLAP,Genomic center or interval overlaps a Known annotation.
FREG_acd4b0f85d9048dc,MG1655,1589600,1596000,1592800,6400,WIN_medium_1aee286a3752ddc3,0.0340993515339264,medium,shape,False,False,False,True,False,False,1,1,0,1,False,False,True,CHID;CHIN,CHID_5977802645c5a666;CHIN_65f6e92014e70d27,medium_shape,True,0.8262188508470205,0.6629667998843484,0.9655942429809145,0.8124468604094197,0.8444622798840828,False,1,1.0,,CHIN_532567826674af80,CHIN,3.804685065132392,3.804685065132392,7.0204008290022895,6.850776850602853,clustered,CHIN-like,False,8.646383319940467,FREG_acd4b0f85d9048dc,6400,0.20762051826876338,0.1709467564734908,0.6798875886301955,1.0240750568579715,0.35910381054972884,0.28798779765645016,1891,1.0,True,,False,False,False,64,0.20762051826876338,0.1709467564734908,0.6798875886301955,1.0240750568579715,0.35910381054972884,0.28798779765645016,1891,1.0,True,,False,False,False,64,1891,1.0,True,,False,False,False,KNOWN_OVERLAP,0.31186150698910403,0.27573844201209236,False,False,KNOWN_OVERLAP,Genomic center or interval overlaps a Known annotation.
FREG_87dd9aab1b6e66cd,MG1655,1600000,1606400,1603200,6400,WIN_medium_ab2e46bfcfa47baf,0.0358609569093278,medium,shape,False,False,False,True,False,False,1,1,1,0,False,False,False,,,medium_shape,False,0.5363709887499106,0.8392069721712171,0.954506544645814,0.9823072988488142,0.8453109827222105,False,1,1.0,,CHIN_fc815dfb8c7f111c,CHIN,2.4852103972449417,2.4852103972449417,5.271373541448654,6.246177014277143,clustered,CHIN-like,False,8.48625462402095,FREG_87dd9aab1b6e66cd,6400,0.1758675170414697,0.1678571224853927,0.7311902316100368,1.021391749901238,0.2631559951497893,0.26002231468331155,1891,1.0,True,,False,False,False,64,0.1758675170414697,0.1678571224853927,0.7311902316100368,1.021391749901238,0.2631559951497893,0.26002231468331155,1891,1.0,True,,False,False,False,64,1891,1.0,True,,False,False,False,UNANNOTATED_CLUSTERED,0.31186150698910403,0.27573844201209236,False,False,KNOWN_LIKE_CLUSTER_LOW_REPRODUCIBILITY,"Genomically unannotated, but in a Known-containing representation cluster; not a type assignment."
FREG_5cce5084191e0890,MG1655,1611200,1638400,1625600,27200,WIN_large_840c9773180d910c,0.0067567567567567,large,shape,False,True,False,True,False,True,3,6,6,6,True,True,True,CHIN,CHIN_43f7d66b2dcd0645;CHIN_a11de8d01a5ecd10;CHIN_db385658b1636eac,small_shape;medium_shape;large_shape,True,0.6369853702258839,0.6436551522431133,0.8903375731143985,0.9863746585871076,0.811965649543132,False,1,1.0,,CHIN_eece7eddb47ce44c,CHIN,2.934269112670735,2.934269112670735,3.292204817005936,3.3823466910306497,clustered,CHIN-like,False,7.000501510008854,FREG_5cce5084191e0890,12800,0.1947054727866502,0.19549892855783568,0.685780756087208,1.0822530799309324,0.20838932437065133,0.22123196391509423,7875,1.0,True,,False,False,False,128,0.308115206853564,0.2980986362648459,0.7906374645933577,0.9444941494596673,0.32889800906970895,0.3396655536221708,1891,1.0,True,,False,False,False,64,7875,1.0,True,,False,False,False,KNOWN_OVERLAP,0.31186150698910403,0.27573844201209236,False,False,KNOWN_OVERLAP,Genomic center or interval overlaps a Known annotation.
FREG_843e663633f07293,MG1655,1672000,1675200,1673600,3200,WIN_small_40584ec5528a2225,0.0474691337461569,small,shape,False,True,False,False,False,False,1,1,0,1,False,False,False,,,small_shape,False,0.3059769157557681,0.940166125175488,0.9637375148118728,0.934937207825282,0.8339004515329723,False,1,1.0,,OPCID_7a866c11603150e7,OPCID,3.6174313881387183,4.2777365803710525,3.6174313881387183,6.217333811406442,clustered,CHIN-like,False,6.883320002816507,FREG_843e663633f07293,3200,0.35176138337479634,0.37969628108487485,0.8896282455096237,0.8754672813830116,0.38166334781163247,0.4277909193217031,435,1.0,True,,False,False,False,32,0.4582624243675155,0.41970180526968565,0.8585347033992822,0.8345517941971047,0.4619041900961248,0.43079125829335946,1891,1.0,True,,False,False,False,64,435,1.0,True,,False,False,False,UNANNOTATED_CLUSTERED,0.31186150698910403,0.27573844201209236,True,False,KNOWN_LIKE_CLUSTER_REPRODUCIBLE,"Genomically unannotated, but in a Known-containing representation cluster; not a type assignment."
FREG_e78028911b2a79a6,MG1655,1678000,1682800,1681200,4800,WIN_small_db5281228f188a36,0.0143124823417452,small,shape,False,True,False,False,False,False,1,2,2,1,False,False,False,,,small_shape,False,0.5112118848852901,0.920174301913089,0.945586885986596,0.958766809536732,0.862889991484069,False,1,1.0,,OPCID_7a866c11603150e7,OPCID,3.064097866899139,4.381061424400997,3.064097866899139,7.296750018722154,clustered,CHIN-like,False,7.431629371321748,FREG_e78028911b2a79a6,3200,0.29491500284346944,0.34100272665239556,0.8895591134010804,0.9694846833557506,0.35599535336959753,0.42428553017279014,435,1.0,True,,False,False,False,32,0.3123928105072744,0.3499649817497428,0.8395295221326166,0.9736529175161713,0.3160855399221234,0.36367046473753917,1891,1.0,True,,False,False,False,64,435,1.0,True,,False,False,False,UNANNOTATED_CLUSTERED,0.31186150698910403,0.27573844201209236,False,False,KNOWN_LIKE_CLUSTER_LOW_REPRODUCIBILITY,"Genomically unannotated, but in a Known-containing representation cluster; not a type assignment."
FREG_532acb0538fa2912,MG1655,1684800,1697600,1691200,12800,WIN_large_2ee3774b1494295b,0.0135135135135134,large,shape,False,True,False,False,False,True,2,2,2,2,False,False,True,OPCID,OPCID_1734fe040179910f,small_shape;large_shape,True,0.1911732047742611,0.5189007151787366,0.9227971424788108,0.987547418172613,0.8044491445148093,False,1,1.0,,CHIN_d1bcd25223375bb6,CHIN,2.835739789428125,2.835739789428125,4.271609869771864,5.298024359269256,clustered,CHIN-like,False,6.313691706086853,FREG_532acb0538fa2912,12800,0.24502221449655393,0.21330209546276235,0.7062638526241518,1.0670041492498594,0.2597180401672724,0.24423950517850793,7875,1.0,True,,False,False,False,128,0.25480384008427404,0.2523335646809623,0.7838829767797729,0.9092810539334003,0.31931564685862335,0.32959476234482865,1891,1.0,True,,False,False,False,64,7875,1.0,True,,False,False,False,KNOWN_OVERLAP,0.31186150698910403,0.27573844201209236,False,False,KNOWN_OVERLAP,Genomic center or interval overlaps a Known annotation.
FREG_f489a38832c12330,MG1655,1697600,1700800,1699200,3200,WIN_small_62fc44f87092f7ab,0.020062569183428,small,shape,False,True,False,False,False,False,1,1,0,1,False,False,True,OPCID,OPCID_1734fe040179910f,small_shape,True,0.3792634658914131,0.9304845356144266,0.9769987464166144,0.9874131421111412,0.8673143708681772,False,1,1.0,,OPCID_129f719ef537ae3f,OPCID,4.198577472095481,7.040906839734875,4.198577472095481,10.754447535767696,clustered,CHIN-like,False,11.744517553107274,FREG_f489a38832c12330,3200,0.2879722405607268,0.3285893955504949,0.8974364791739574,0.9194029346625934,0.3214100467221588,0.38978580185001277,435,1.0,True,,False,False,False,32,0.31152300662698124,0.29716155417488593,0.8513558423192473,0.9977674372878979,0.3142258097700563,0.306006599954564,1891,1.0,True,,False,False,False,64,435,1.0,True,,False,False,False,KNOWN_OVERLAP,0.31186150698910403,0.27573844201209236,False,False,KNOWN_OVERLAP,Genomic center or interval overlaps a Known annotation.
FREG_2d76c2ca695e2900,MG1655,1704000,1712000,1706400,8000,WIN_small_5bebc985f37d34f6,0.0078163139822131,small,shape,False,True,False,True,False,False,2,3,1,3,False,False,True,OPCID,OPCID_1734fe040179910f,small_shape;medium_shape,True,0.2741873543988972,0.7636034071327078,0.9941514393800348,0.9812798405469264,0.8342493976875661,False,1,1.0,,OPCID_129f719ef537ae3f,OPCID,3.241661655035264,4.194280087080874,3.241661655035264,8.019656810520424,clustered,CHIN-like,False,9.90285212772866,FREG_2d76c2ca695e2900,3200,0.2024590693286432,0.2515311156650915,0.8817916307189353,0.9893217729498188,0.23308025922550782,0.30596941479866396,435,1.0,True,,False,False,False,32,0.23162258179428855,0.27313494622252793,0.8221448294578285,0.9997801408684763,0.24627225860970944,0.2995356458015811,1891,1.0,True,,False,False,False,64,435,1.0,True,,False,False,False,KNOWN_OVERLAP,0.31186150698910403,0.27573844201209236,False,False,KNOWN_OVERLAP,Genomic center or interval overlaps a Known annotation.
FREG_ab86a89c0c0253b1,MG1655,1712400,1715600,1714000,3200,WIN_small_512b81ff14e5143c,0.0249525053669913,small,shape,False,True,False,False,False,False,1,1,1,0,False,False,False,,,small_shape,False,0.4910899023904409,0.8917308065680739,0.9833768404730856,0.995121967047605,0.8098598315653751,False,1,1.0,,OPCID_1734fe040179910f,OPCID,2.740236084576638,4.9684392983803765,2.740236084576638,9.613076664163495,clustered,CHIN-like,False,10.209938614219972,FREG_ab86a89c0c0253b1,3200,0.28509983759075264,0.29357370728379056,0.9036706964179159,0.946114488464007,0.30867536570880477,0.33728184020713825,435,1.0,True,,False,False,False,32,0.4323843572632355,0.3106705097745969,0.8606041220958351,0.9564937050138645,0.4361266660008793,0.32985586458398725,1891,1.0,True,,False,False,False,64,435,1.0,True,,False,False,False,UNANNOTATED_CLUSTERED,0.31186150698910403,0.27573844201209236,False,False,KNOWN_LIKE_CLUSTER_LOW_REPRODUCIBILITY,"Genomically unannotated, but in a Known-containing representation cluster; not a type assignment."
FREG_f73b30ea5e8a03ef,MG1655,1720800,1724000,1722400,3200,WIN_small_c491605cffc495b3,0.0028436018957344,small,shape,False,True,False,False,False,False,1,1,1,1,False,False,False,,,small_shape,False,0.4286723806418633,0.8958169129229993,0.8407183247674322,0.93347348586616,0.7904011201079022,False,1,1.0,,OPCID_7a866c11603150e7,OPCID,3.021716089644717,4.7100313109102885,3.021716089644717,7.206134118025013,clustered,CHIN-like,False,7.31029941433568,FREG_f73b30ea5e8a03ef,3200,0.2502248497372852,0.22268083952318604,0.8668446956745497,1.0541270275860959,0.31220976083994756,0.33390476107595957,435,1.0,True,,False,False,False,32,0.5807831567423828,0.5283948105826959,0.8784344699927575,0.8130872878340164,0.5833365059509397,0.5318080585363681,1891,1.0,True,,False,False,False,64,435,1.0,True,,False,False,False,UNANNOTATED_CLUSTERED,0.31186150698910403,0.27573844201209236,False,False,KNOWN_LIKE_CLUSTER_LOW_REPRODUCIBILITY,"Genomically unannotated, but in a Known-containing representation cluster; not a type assignment."
FREG_1ef71e5980620b76,MG1655,1748000,1754400,1751200,6400,WIN_medium_44d38e87e24ca9a2,0.0323246297309465,medium,shape,False,False,False,True,False,False,1,1,1,1,False,True,True,CHIN,CHIN_ea1e5b49df376026,medium_shape,True,0.0994980805565618,0.7824061390121102,0.985499691063758,0.9511698689416886,0.8168509153400749,False,1,1.0,,CHIN_ca2ad0322ec77659,CHIN,2.384650257367679,2.384650257367679,6.160551206408032,7.565888642757213,clustered,CHIN-like,False,8.50083630652828,FREG_1ef71e5980620b76,6400,0.2616026582173633,0.22114569307711857,0.719687012234407,1.000404345048605,0.38129578022562616,0.3307296663295903,1891,1.0,True,,False,False,False,64,0.2616026582173633,0.22114569307711857,0.719687012234407,1.000404345048605,0.38129578022562616,0.3307296663295903,1891,1.0,True,,False,False,False,64,1891,1.0,True,,False,False,False,KNOWN_OVERLAP,0.31186150698910403,0.27573844201209236,False,False,KNOWN_OVERLAP,Genomic center or interval overlaps a Known annotation.
FREG_b62702b2fe0600ff,MG1655,1758400,1771600,1764800,13200,WIN_large_349f5a3dd7192e00,0.0117030459970869,large,shape,False,True,False,False,False,True,2,2,2,1,False,False,True,CHID,CHID_2ca33fd28f8ff17d,small_shape;large_shape,True,0.234949393831089,0.5467600419234683,0.8918181789234295,0.987245747125104,0.7809212827178829,False,1,1.0,,CHIN_08c97d9eff842e36,CHIN,3.1029206729021475,3.1029206729021475,4.3103418956373005,6.145491028676501,clustered,CHIN-like,False,6.595105547447741,FREG_b62702b2fe0600ff,12800,0.20983999059294214,0.19086675579142448,0.6722699077888838,1.1050410255822594,0.22457240496404715,0.2225247949321275,7875,1.0,True,,False,False,False,128,0.2510245064150145,0.24533613687300307,0.75005724535983,0.9270931125933571,0.33892673461693057,0.3345841752257288,1891,1.0,True,,False,False,False,64,7875,1.0,True,,False,False,False,KNOWN_OVERLAP,0.31186150698910403,0.27573844201209236,False,False,KNOWN_OVERLAP,Genomic center or interval overlaps a Known annotation.
FREG_03e105604d014ba6,MG1655,1786800,1790000,1788400,3200,WIN_small_65b2983ab4e78dfd,0.0099413160963994,small,shape,False,True,False,False,False,False,1,1,1,1,False,False,False,,,small_shape,False,0.6051600342518693,0.9616538391425048,0.9264537768338152,0.988004769014099,0.9077518731606806,False,1,1.0,,OPCID_3b8eefccce2e36fc,OPCID,4.971497223941002,5.117227163601432,4.971497223941002,8.349892700326043,clustered,CHIN-like,False,9.50023160790748,FREG_03e105604d014ba6,3200,0.32058662268608634,0.3290521552494212,0.8782671625841216,0.9458154701369409,0.41697308609725886,0.4459117408128953,435,1.0,True,,False,False,False,32,0.334081778218286,0.2815370814020711,0.8152271039649417,0.9549976118902569,0.37301361365242275,0.34877685850726164,1891,1.0,True,,False,False,False,64,435,1.0,True,,False,False,False,UNANNOTATED_CLUSTERED,0.31186150698910403,0.27573844201209236,True,False,KNOWN_LIKE_CLUSTER_REPRODUCIBLE,"Genomically unannotated, but in a Known-containing representation cluster; not a type assignment."
FREG_b7fb4af7ec2dbec0,MG1655,1790400,1812000,1800800,21600,WIN_small_217f2591736e3a16,0.0009478672985781,small,density,True,True,True,False,True,False,4,9,8,7,False,True,True,CHIN;OPCID,CHIN_0aff14c0f8d8b7e0;OPCID_ae970230ebbec9d2,small_density;small_shape;medium_density;large_density,True,0.9873819558417624,0.995848968379186,0.9990471721560727,0.9929687753794644,0.9822945481759492,False,1,0.7663737096375548,,OPCID_ae970230ebbec9d2,OPCID,1.920625312395987,12.55145463718883,1.920625312395987,20.91852997370699,clustered,CHIN-like,False,22.42416879987445,FREG_b7fb4af7ec2dbec0,3200,0.8960893467601764,0.8542249933958739,0.9827945687213495,0.3540243718274717,0.9236638276946437,0.9004996855023053,435,1.0,True,,False,False,False,32,0.9198609910026941,0.8621888659849585,0.9683589801344648,0.32519935028099506,0.922454045592188,0.8586810326916714,1891,1.0,True,,False,False,False,64,435,1.0,True,,False,False,False,KNOWN_OVERLAP,0.31186150698910403,0.27573844201209236,True,False,KNOWN_OVERLAP,Genomic center or interval overlaps a Known annotation.
FREG_53c92e209ab0d7b9,MG1655,1820000,1826400,1822000,6400,WIN_small_e7f485f43a77d04f,0.0108073500009396,small,shape,False,True,False,True,False,False,2,3,2,2,False,False,False,,,small_shape;medium_shape,False,0.4284404678062806,0.971837568958466,0.9874464431626324,0.9801025509050624,0.919347878852938,False,1,1.0,,CHIN_f93cc107dd51e45a,CHIN,3.683803691136138,3.683803691136138,4.5835948623181055,6.896918260667612,clustered,CHIN-like,False,10.491465570823053,FREG_53c92e209ab0d7b9,3200,0.4265636438473644,0.39288388894751675,0.8976283174603809,0.9067277161910114,0.46471157539673613,0.45341287882717046,435,1.0,True,,False,False,False,32,0.5410415414787125,0.3703838098726687,0.8457345740883906,0.9438491010042352,0.545914819252965,0.3976061892552065,1891,1.0,True,,False,False,False,64,435,1.0,True,,False,False,False,UNANNOTATED_CLUSTERED,0.31186150698910403,0.27573844201209236,True,False,KNOWN_LIKE_CLUSTER_REPRODUCIBLE,"Genomically unannotated, but in a Known-containing representation cluster; not a type assignment."
FREG_7dc651ecec25e41d,MG1655,1830400,1843200,1836800,12800,WIN_large_295cec602611b69d,0.0067567567567567,large,shape,False,False,False,True,False,True,2,2,1,2,False,False,False,,,medium_shape;large_shape,False,0.7437070956700358,0.7571564468413791,0.9683517128265128,0.9858415518167604,0.9136899085519726,False,1,1.0,,CHIN_0a55e534fdc7545d,CHIN,3.607009420820938,3.607009420820938,6.026032057101796,8.891948315298238,clustered,CHIN-like,False,8.84724434409852,FREG_7dc651ecec25e41d,12800,0.14003607225054077,0.12282691845235054,0.622182331521898,1.1129247965932503,0.18297296905192786,0.17298968803414166,7875,1.0,True,,False,False,False,128,0.3022118885260274,0.20185047252376553,0.7441111926956158,0.9904387419318718,0.42077545183131704,0.3162506000703054,1891,1.0,True,,False,False,False,64,7875,1.0,True,,False,False,False,UNANNOTATED_CLUSTERED,0.31186150698910403,0.27573844201209236,False,False,KNOWN_LIKE_CLUSTER_LOW_REPRODUCIBILITY,"Genomically unannotated, but in a Known-containing representation cluster; not a type assignment."
FREG_3df70068feca0a70,MG1655,1845600,1850800,1849200,5200,WIN_small_5648f44128c40998,0.0036710742618077,small,shape,False,True,False,False,False,False,1,2,2,1,False,False,False,,,small_shape,False,0.964735945112754,0.9462904165954082,0.8733045541843271,0.9827018074553012,0.94519194714289,False,1,0.9247588572725828,,OPCID_54d272e23bb92a3b,OPCID,5.500573056308337,7.767528186281572,5.500573056308337,13.165632429415997,clustered,CHIN-like,False,12.198869673993334,FREG_3df70068feca0a70,3200,0.2592801717671689,0.3106169826181454,0.922818087159815,1.0564073953395918,0.2727674282448721,0.33124639511216813,435,1.0,True,,False,False,False,32,0.46050424047028987,0.4651004487793229,0.8875130267357324,0.8580043240627395,0.46593209929185686,0.4707254868170462,1891,1.0,True,,False,False,False,64,435,1.0,True,,False,False,False,UNANNOTATED_CLUSTERED,0.31186150698910403,0.27573844201209236,False,False,KNOWN_LIKE_CLUSTER_LOW_REPRODUCIBILITY,"Genomically unannotated, but in a Known-containing representation cluster; not a type assignment."
FREG_f080d87158b570e1,MG1655,1854000,1860800,1858800,6800,WIN_small_a86b1dee4bfc9e9d,0.0151658767772507,small,shape,False,True,False,True,False,False,2,3,1,3,False,True,True,CHIN,CHIN_2a056e8d00f0d57e;CHIN_2f14634f1542e0cf,small_shape;medium_shape,True,0.5130513187785111,0.9274459992564604,0.9645071820015252,0.951486056864194,0.8531698368751264,False,1,1.0,,CHIN_2a056e8d00f0d57e,CHIN,3.7732628352288815,3.7732628352288815,4.955700789126193,5.4652204156477415,clustered,CHIN-like,False,8.004743313946037,FREG_f080d87158b570e1,3200,0.22760367116297256,0.21928706191702668,0.8631931066859806,0.9343157247073762,0.34183568610476656,0.36024801870788487,435,1.0,True,,False,False,False,32,0.294547068292891,0.25887427951076847,0.8001270395070859,1.0277874595507188,0.30729724658844104,0.30009707743276803,1891,1.0,True,,False,False,False,64,435,1.0,True,,False,False,False,KNOWN_OVERLAP,0.31186150698910403,0.27573844201209236,False,False,KNOWN_OVERLAP,Genomic center or interval overlaps a Known annotation.
FREG_060e46470534df49,MG1655,1864000,1867200,1865600,3200,WIN_small_ddad769541101a46,0.0274718042581788,small,shape,False,True,False,False,False,False,1,1,1,0,False,False,False,,,small_shape,False,0.7904167379913433,0.9125174594602088,0.9884011439555777,0.7713585465819206,0.8919484797631705,False,1,0.7967196369245189,,OPCID_8d5d9994a513fc11,OPCID,5.726405000191268,6.821544890116386,5.726405000191268,10.432024012214471,clustered,CHIN-like,False,8.9154168084516,FREG_060e46470534df49,3200,0.3598595992811616,0.35954383822301256,0.8882494690879263,0.9194354978213725,0.44623152897845353,0.4684733661739957,435,1.0,True,,False,False,False,32,0.6267100711760408,0.631234331672342,0.8763947436095666,0.6910230634241957,0.6282304177312377,0.6434884602450911,1891,1.0,True,,False,False,False,64,435,1.0,True,,False,False,False,UNANNOTATED_CLUSTERED,0.31186150698910403,0.27573844201209236,True,False,KNOWN_LIKE_CLUSTER_REPRODUCIBLE,"Genomically unannotated, but in a Known-containing representation cluster; not a type assignment."
FREG_c04ad4fa99531c81,MG1655,1871200,1874400,1872800,3200,WIN_small_183d368c4e70f7d0,0.0239230890315145,small,shape,False,True,False,False,False,False,1,1,1,1,False,True,True,CHIN,CHIN_1b43b15c8ca43bcc;CHIN_413c7aed4a1f2e45,small_shape,True,0.4979501630391266,0.9545907917482186,0.6996041609257373,0.9824487754865284,0.846050911849693,False,1,1.0,,CHID_2ca33fd28f8ff17d,CHID,4.302381713852848,4.95218660524197,4.442373460941135,4.302381713852848,clustered,CHIN-like,False,7.999099423184909,FREG_c04ad4fa99531c81,3200,0.36134855226271695,0.3285502656955266,0.8974677304376977,0.9671438439390478,0.370507095226082,0.3588698496835602,435,1.0,True,,False,False,False,32,0.5450225536112425,0.4648738941175032,0.8586173034616005,0.8734600772792599,0.5461257551272554,0.47437375022440675,1891,1.0,True,,False,False,False,64,435,1.0,True,,False,False,False,KNOWN_OVERLAP,0.31186150698910403,0.27573844201209236,True,False,KNOWN_OVERLAP,Genomic center or interval overlaps a Known annotation.
FREG_a6342a0a229388f1,MG1655,1876800,1894400,1878800,17600,WIN_small_50b4106b82f49d4b,0.0054450830772871,small,shape,False,True,False,True,False,True,3,4,4,3,False,False,False,,,small_shape;medium_shape;large_shape,False,0.1366089664851811,0.9308415966729514,0.9693525288432564,0.9900524274783502,0.8591715189427862,False,1,1.0,,OPCID_129f719ef537ae3f,OPCID,3.0996756571625075,4.60974076340863,3.0996756571625075,6.872321543353142,clustered,CHIN-like,False,8.46569031390247,FREG_a6342a0a229388f1,3200,0.15736838233077466,0.15159620502345963,0.8745596576794699,1.063221772058798,0.18551701110996074,0.21830559679848333,435,1.0,True,,False,False,False,32,0.313902937919949,0.302956350940085,0.8310403529388716,0.965814756226512,0.31872393309933494,0.31845154944032233,1891,1.0,True,,False,False,False,64,435,1.0,True,,False,False,False,UNANNOTATED_CLUSTERED,0.31186150698910403,0.27573844201209236,False,False,KNOWN_LIKE_CLUSTER_LOW_REPRODUCIBILITY,"Genomically unannotated, but in a Known-containing representation cluster; not a type assignment."
FREG_d2d392e1e3af249a,MG1655,1896000,1910000,1903200,14000,WIN_small_59ceaf23fa91788a,0.0009478672985781,small,density,True,True,True,False,True,False,4,9,9,7,False,False,False,,,small_density;small_shape;medium_density;large_density,False,0.9769218377128448,0.9866063054552556,0.9989015446819416,0.966013514527501,0.9713608011461892,False,-1,0.0,,CHIN_ee3355b18d634b8e,CHIN,6.02957430810253,6.02957430810253,9.445256810746976,18.875439252461465,noise,noise,False,,FREG_d2d392e1e3af249a,3200,0.9477205415459803,0.9471430298474319,0.9872358703815721,0.2746944384038872,0.9556219763176474,0.953310970229287,435,1.0,True,,False,False,False,32,0.9503613496955856,0.9220685625125944,0.9781886076647851,0.2769233714632764,0.9517325853397329,0.9187834364142595,1891,1.0,True,,False,False,False,64,435,1.0,True,,False,False,False,UNANNOTATED_NOISE,0.31186150698910403,0.27573844201209236,True,False,UNANNOTATED_NOISE_REPRODUCIBLE,"Reproducible unclustered candidate, not a new structure class."
FREG_95eff5b76065dafb,MG1655,1911200,1914400,1912800,3200,WIN_small_82c3326405a1c651,0.0134048678897922,small,shape,False,True,False,False,False,False,1,1,1,1,False,False,False,,,small_shape,False,0.8583742409577348,0.8486371427014685,0.8753894586836123,0.9613171642837736,0.8326567896617173,False,1,1.0,,OPCID_1612f8f2ea7e9f06,OPCID,4.423211226748533,5.288882713477082,4.423211226748533,10.725049660257822,clustered,CHIN-like,False,8.509018308595316,FREG_95eff5b76065dafb,3200,0.2908366232409666,0.31707288804471534,0.9284428943506414,0.885169444011795,0.30412353649367496,0.3385374057848148,435,1.0,True,,False,False,False,32,0.5024738212225942,0.49529641315200224,0.8915328239158762,0.8284812547112389,0.5080515629559879,0.4993766248888936,1891,1.0,True,,False,False,False,64,435,1.0,True,,False,False,False,UNANNOTATED_CLUSTERED,0.31186150698910403,0.27573844201209236,False,False,KNOWN_LIKE_CLUSTER_LOW_REPRODUCIBILITY,"Genomically unannotated, but in a Known-containing representation cluster; not a type assignment."
FREG_1c5ace96ef187329,MG1655,1916000,1922400,1917600,6400,WIN_small_96063a9b433ba6a5,0.0334853492562191,small,shape,False,True,False,True,False,False,2,2,1,1,False,False,False,,,small_shape;medium_shape,False,0.5906851040361687,0.8676451115979323,0.7051035848972261,0.8718108945210739,0.6677425762863676,False,1,1.0,,OPCID_3b8eefccce2e36fc,OPCID,3.01243435928851,4.009125199796564,3.01243435928851,7.879224780383229,clustered,CHIN-like,False,6.689464868784222,FREG_1c5ace96ef187329,3200,0.306341366234699,0.3441548988900981,0.8915159949651548,0.9361231533117219,0.3470864767397015,0.4151056078337298,435,1.0,True,,False,False,False,32,0.464358401173163,0.4384995056868463,0.8684547948654694,0.8362707417508924,0.46685941919311436,0.45025097693673993,1891,1.0,True,,False,False,False,64,435,1.0,True,,False,False,False,UNANNOTATED_CLUSTERED,0.31186150698910403,0.27573844201209236,False,False,KNOWN_LIKE_CLUSTER_LOW_REPRODUCIBILITY,"Genomically unannotated, but in a Known-containing representation cluster; not a type assignment."
FREG_0d709798f3eacad9,MG1655,1922400,1925600,1924000,3200,WIN_small_cfd73dc48447ec94,0.028906067643558,small,density,True,False,False,False,False,False,1,1,1,1,False,False,False,,,small_density,False,0.8350874407115877,0.9372857200947678,0.8876870644104712,0.8956214337126597,0.8229813100809436,False,1,0.9886007144126968,,OPCID_33579465745b0522,OPCID,3.872741956081729,5.875957659727153,3.872741956081729,11.808452882287588,clustered,CHIN-like,False,9.162480194534478,FREG_0d709798f3eacad9,3200,0.8767327536625537,0.8168363162265463,0.9687675150273224,0.4802467473861624,0.8885371617979436,0.8509441223344363,435,1.0,True,,False,False,False,32,0.7938535335082489,0.6555147892170049,0.9339481892804798,0.6131183193871436,0.7972322044880809,0.6541415569517446,1891,1.0,True,,False,False,False,64,435,1.0,True,,False,False,False,UNANNOTATED_CLUSTERED,0.31186150698910403,0.27573844201209236,True,False,KNOWN_LIKE_CLUSTER_REPRODUCIBLE,"Genomically unannotated, but in a Known-containing representation cluster; not a type assignment."
FREG_1305eb571c3bb8a0,MG1655,1926400,1931200,1929600,4800,WIN_small_435f49e6c6e31204,0.0146842970472318,small,shape,False,True,False,False,False,False,1,2,2,2,False,False,False,,,small_shape,False,-0.2197760726870959,0.942383392828132,0.9714645617527804,0.9596473324100944,0.8172153055629742,False,1,1.0,,CHIN_17d8930e9adab5f0,CHIN,3.0259153380333594,3.0259153380333594,4.616524255827806,5.829685796550627,clustered,CHIN-like,False,7.387125671066634,FREG_1305eb571c3bb8a0,3200,0.30376335071797583,0.3455345986587598,0.8777448723435616,0.9203961969838225,0.40687989670914537,0.4620114644119686,435,1.0,True,,False,False,False,32,0.28158571255187975,0.26735880661499106,0.8029547786814119,0.977885512494044,0.3187436285402869,0.32748773320374747,1891,1.0,True,,False,False,False,64,435,1.0,True,,False,False,False,UNANNOTATED_CLUSTERED,0.31186150698910403,0.27573844201209236,False,False,KNOWN_LIKE_CLUSTER_LOW_REPRODUCIBILITY,"Genomically unannotated, but in a Known-containing representation cluster; not a type assignment."
FREG_ca7f6a3e36c26bb0,MG1655,1939200,1946000,1944400,6800,WIN_small_465d10fe1c310eb7,0.0036710742618078,small,shape,False,True,False,True,False,False,2,4,4,3,False,False,False,,,small_shape;medium_shape,False,0.2094306091218391,0.9087587595959266,0.9855974472051502,0.9968917281724664,0.9099087622562294,False,1,1.0,,OPCID_1734fe040179910f,OPCID,4.490039325301599,5.592848330823096,4.490039325301599,10.087475286228123,clustered,CHIN-like,False,11.370278225817,FREG_ca7f6a3e36c26bb0,3200,0.15986635190553766,0.15939908696292238,0.896009782235804,1.0536234984055333,0.18849213067179169,0.22153446538956517,435,1.0,True,,False,False,False,32,0.2766749000936689,0.2778982409492634,0.8386822862361577,0.9823634458792009,0.2849433835204472,0.2973326662871408,1891,1.0,True,,False,False,False,64,435,1.0,True,,False,False,False,UNANNOTATED_CLUSTERED,0.31186150698910403,0.27573844201209236,False,False,KNOWN_LIKE_CLUSTER_LOW_REPRODUCIBILITY,"Genomically unannotated, but in a Known-containing representation cluster; not a type assignment."
FREG_f5914e2608a3139c,MG1655,1961600,1975200,1971600,13600,WIN_small_612929a706b9d23b,0.0146229844744465,small,shape,False,True,False,True,False,True,3,3,2,1,False,False,False,,,small_shape;medium_shape;large_shape,False,0.8598101144152124,0.7792633790843,0.9579924313896228,0.9783478830717814,0.8671396875905927,False,1,1.0,,OPCID_1734fe040179910f,OPCID,3.424125625177369,4.7269727829819,3.424125625177369,10.414741931097527,clustered,CHIN-like,False,8.658481905245672,FREG_f5914e2608a3139c,3200,0.13012539930774178,0.171866662104365,0.8761254155272652,0.9978086453389133,0.1595830907380662,0.2338392916768721,435,1.0,True,,False,False,False,32,0.1521154751018685,0.1745164924727195,0.8253549970555208,0.9846427686476876,0.17654831350645017,0.2177655005052792,1891,1.0,True,,False,False,False,64,435,1.0,True,,False,False,False,UNANNOTATED_CLUSTERED,0.31186150698910403,0.27573844201209236,False,False,KNOWN_LIKE_CLUSTER_LOW_REPRODUCIBILITY,"Genomically unannotated, but in a Known-containing representation cluster; not a type assignment."
FREG_fee885b91f90be59,MG1655,1988800,1995200,1993200,6400,WIN_small_da2472400aadad4b,0.0213217476382975,small,density,True,False,True,False,False,False,2,3,3,3,False,False,False,,,small_density;medium_density,False,0.9557044416345598,0.978988457479398,0.9729104310704416,0.7794892361716348,0.9490699053857212,False,1,1.0,,OPCID_414cf80847bd9929,OPCID,4.70514370941553,5.582753469871374,4.70514370941553,11.719198616102004,clustered,CHIN-like,False,14.89938548169367,FREG_fee885b91f90be59,3200,0.9339893373681613,0.9159286553888589,0.9771069935044441,0.30945004989729413,0.9391008035485573,0.9207404123876484,435,1.0,True,,False,False,False,32,0.8550772791973482,0.7377748985379313,0.949211015447335,0.5305597723046763,0.8593919803516227,0.7438018534449208,1891,1.0,True,,False,False,False,64,435,1.0,True,,False,False,False,UNANNOTATED_CLUSTERED,0.31186150698910403,0.27573844201209236,True,False,KNOWN_LIKE_CLUSTER_REPRODUCIBLE,"Genomically unannotated, but in a Known-containing representation cluster; not a type assignment."
FREG_d9e613a6da1bbfde,MG1655,2001600,2014400,2008000,12800,WIN_large_8a051bad7e65da5d,0.0067567567567567,large,shape,False,True,False,False,False,True,2,2,1,2,False,True,True,CHIN,CHIN_e79e0f2a30775d13,small_shape;large_shape,True,0.3585228089966898,0.7186042999574228,0.9741243111327976,0.992339348907483,0.8725855354044528,False,1,1.0,,CHIN_75bef55d7e6d8415,CHIN,1.958805644525509,1.958805644525509,4.619101006627314,5.684666910898184,clustered,CHIN-like,False,6.789818807826805,FREG_d9e613a6da1bbfde,12800,0.2312480560831026,0.20675243026047746,0.7244566706168352,1.0685543280901537,0.23791977872797898,0.22643291662298937,7875,1.0,True,,False,False,False,128,0.2456205971582273,0.23558278636998875,0.7851135380983619,0.9272414715774,0.3050749487203714,0.31227567627882813,1891,1.0,True,,False,False,False,64,7875,1.0,True,,False,False,False,KNOWN_OVERLAP,0.31186150698910403,0.27573844201209236,False,False,KNOWN_OVERLAP,Genomic center or interval overlaps a Known annotation.
FREG_9514e59659180f9c,MG1655,2018000,2021200,2019600,3200,WIN_small_0b56c77019356ae5,0.0419852788442654,small,shape,False,True,False,False,False,False,1,1,0,1,False,False,False,,,small_shape,False,0.8674317699841035,0.8114310701175594,0.9170460184975576,0.9541885930834686,0.827007909382627,False,1,1.0,,CHIN_278875092b882687,CHIN,3.860892176647901,3.860892176647901,4.02888711899541,9.766765722777375,clustered,CHIN-like,False,7.43438477260053,FREG_9514e59659180f9c,3200,0.22425163896982325,0.2758803240091353,0.8982274250013883,0.9720370093219907,0.2408307406410772,0.30837208012456574,435,1.0,True,,False,False,False,32,0.2497221343428363,0.2789427469281976,0.8407259386443917,0.9052512126691121,0.2664549079562421,0.31033181297046847,1891,1.0,True,,False,False,False,64,435,1.0,True,,False,False,False,UNANNOTATED_CLUSTERED,0.31186150698910403,0.27573844201209236,False,False,KNOWN_LIKE_CLUSTER_LOW_REPRODUCIBILITY,"Genomically unannotated, but in a Known-containing representation cluster; not a type assignment."
FREG_b63f841473fa35dc,MG1655,2024000,2036800,2030400,12800,WIN_large_970c16aa8f5f1d82,0.0067567567567567,large,shape,False,True,False,True,False,True,3,4,3,4,False,True,True,CHIN,CHIN_3316498dc3a118cd;CHIN_75bef55d7e6d8415,small_shape;medium_shape;large_shape,True,0.285005135985332,0.7747859232496286,0.9715389191955578,0.995350697641334,0.8958154563285622,False,1,1.0,,CHIN_ca2ad0322ec77659,CHIN,3.299187401888793,3.299187401888793,5.748529109616677,7.535235075308547,clustered,CHIN-like,False,9.015826028881024,FREG_b63f841473fa35dc,12800,0.21887078477852573,0.19453956388376237,0.676077498540527,1.1231558181444004,0.23168839255382753,0.2232234422680782,7875,1.0,True,,False,False,False,128,0.2869041304830196,0.27211297022390457,0.7656193201143002,0.9864842231401137,0.3532548119370604,0.3531321080323577,1891,1.0,True,,False,False,False,64,7875,1.0,True,,False,False,False,KNOWN_OVERLAP,0.31186150698910403,0.27573844201209236,False,False,KNOWN_OVERLAP,Genomic center or interval overlaps a Known annotation.
FREG_df9791c4a4cf8e2c,MG1655,2042400,2045600,2044000,3200,WIN_small_b8df259c5c145edd,0.0405815632769812,small,density,True,False,False,False,False,False,1,1,1,1,False,False,False,,,small_density,False,-0.1511720497980843,0.9848710432182723,0.9799718570560958,0.7765088763570718,0.8585068279647018,False,1,0.8849080081786771,,CHIN_8d5285e73ae7443e,CHIN,5.411899564173945,5.411899564173945,5.570040992540243,5.683743856624151,clustered,CHIN-like,False,12.315569863101787,FREG_df9791c4a4cf8e2c,3200,0.8969560523308899,0.8760022169825419,0.9670323898488752,0.3782413249097937,0.9031187614697636,0.8839810470959213,435,1.0,True,,False,False,False,32,0.8609728985917582,0.708978627645107,0.9288869173633837,0.588552618432475,0.8615206325131337,0.7171695739398076,1891,1.0,True,,False,False,False,64,435,1.0,True,,False,False,False,UNANNOTATED_CLUSTERED,0.31186150698910403,0.27573844201209236,True,False,KNOWN_LIKE_CLUSTER_REPRODUCIBLE,"Genomically unannotated, but in a Known-containing representation cluster; not a type assignment."
FREG_bf3e1676e954ae7d,MG1655,2053200,2056400,2054800,3200,WIN_small_38130989fc36fe9c,0.0336459513730782,small,shape,False,True,False,False,False,False,1,1,1,0,False,False,True,CHIN,CHIN_ac3eded02b4ccf68;CHIN_ae3487f724c72e24,small_shape,True,0.9084761699766184,0.8126000317807731,0.9620760573258974,0.964859198001462,0.8838144110836369,False,1,1.0,,CHIN_3316498dc3a118cd,CHIN,3.012928391958097,3.012928391958097,4.204608934221066,4.264554218234995,clustered,CHIN-like,False,7.865355081120392,FREG_bf3e1676e954ae7d,3200,0.3631866287648128,0.3720233007769958,0.9060958425645734,0.9631210732364821,0.3723755960896029,0.3994824613600561,435,1.0,True,,False,False,False,32,0.5797166233107299,0.4684594534738571,0.8685949150077871,0.916434846905608,0.5814205747295,0.47472246470462165,1891,1.0,True,,False,False,False,64,435,1.0,True,,False,False,False,KNOWN_OVERLAP,0.31186150698910403,0.27573844201209236,True,False,KNOWN_OVERLAP,Genomic center or interval overlaps a Known annotation.
FREG_7ea68c9c73985ae9,MG1655,2060000,2064800,2063200,4800,WIN_small_e38100101a92cbc1,0.0018957345971563,small,shape,False,True,False,False,False,False,1,2,2,2,False,False,False,,,small_shape,False,0.6031920516327843,0.9408824480357336,0.9841339015037236,0.990179050309091,0.905968065683663,False,-1,0.0,,CHIN_d45c7c6f4a11fa68,CHIN,6.999668725937691,6.999668725937691,10.007321595987856,10.72038055039078,noise,noise,False,,FREG_7ea68c9c73985ae9,3200,0.19893393645105428,0.2202843024749445,0.8668242107594917,1.0331911656065993,0.2753262396703437,0.3241852657088263,435,1.0,True,,False,False,False,32,0.36005188804100585,0.32296219399771664,0.8102772027981138,1.007364943359686,0.3750371831317493,0.3511527374255699,1891,1.0,True,,True,True,True,64,435,1.0,True,,False,False,False,UNANNOTATED_NOISE,0.31186150698910403,0.27573844201209236,False,False,UNANNOTATED_NOISE_LOW_REPRODUCIBILITY,HDBSCAN noise; no novel-class inference.
FREG_80b11d76af0e3f6f,MG1655,2072000,2084800,2079600,12800,WIN_small_ea7f3d8a2dee81ea,0.0064287487991706,small,shape,False,True,False,False,False,True,2,3,3,3,False,False,False,,,small_shape;large_shape,False,-0.0663194029879269,0.8969492872946653,0.8811527574820707,0.992474467289968,0.8451925223348651,False,1,1.0,,CHIN_d1bcd25223375bb6,CHIN,3.9011139118412537,3.9011139118412537,5.4938477379751145,5.74612028879092,clustered,CHIN-like,False,8.171862125894242,FREG_80b11d76af0e3f6f,3200,0.33073848008976475,0.3466466841814851,0.8894402242331615,0.9399395110014962,0.36838823793351094,0.41284257710579075,435,1.0,True,,False,False,False,32,0.2694686946118538,0.2846519092367088,0.7915897789400849,0.8802900441665683,0.3216470149669188,0.34906446465732677,1891,1.0,True,,False,False,False,64,435,1.0,True,,False,False,False,UNANNOTATED_CLUSTERED,0.31186150698910403,0.27573844201209236,True,False,KNOWN_LIKE_CLUSTER_REPRODUCIBLE,"Genomically unannotated, but in a Known-containing representation cluster; not a type assignment."
FREG_cf3d3827bf6dd780,MG1655,2103200,2110000,2104800,6800,WIN_small_27ed462432bad4b2,0.0293991704630725,small,density,True,False,True,False,False,False,2,4,4,4,False,True,True,CHID;CHIN,CHID_e99742d9fb1834b2;CHIN_27fcb8c59cdd19ed;CHIN_4bd6df699a4a442d;CHIN_4c5b118b76314438;CHIN_6a1a24c637d17f3b;CHIN_9336b6dd24567a55;CHIN_aafbbc0179d18cd3;CHIN_ca9b1395fa31ca60;CHIN_cb62ec523cd9aabf,small_density;medium_density,True,0.9695244046700608,0.9377437275837638,0.997698513570277,0.996019307942022,0.9765865210991136,False,-1,0.0,,CHIN_27fcb8c59cdd19ed,CHIN,3.818571960330483,3.818571960330483,18.748788207697025,10.237410974893828,noise,noise,False,,FREG_cf3d3827bf6dd780,3200,0.8102862753485602,0.8118930098402214,0.9608144397621627,0.5287488350379782,0.8363341603317151,0.8617183164494675,435,1.0,True,,False,False,False,32,0.880692920336545,0.9101824835502054,0.9463714927442405,0.3055735546074643,0.8833413657528661,0.9211938039475048,1891,1.0,True,,True,True,True,64,435,1.0,True,,False,False,False,KNOWN_OVERLAP,0.31186150698910403,0.27573844201209236,True,False,KNOWN_OVERLAP,Genomic center or interval overlaps a Known annotation.
FREG_c7f534c19d17f43c,MG1655,2139200,2142400,2140800,3200,WIN_small_4092ee8a8c7f6563,0.0251140119421644,small,density,True,False,False,False,False,False,1,1,1,1,False,False,True,OPCID,OPCID_9d9e69ad0ce51f11,small_density,True,0.9664214207185708,0.8812903458529489,0.9740585519723326,0.9850851542567836,0.9179770562016464,False,1,0.9949388237749665,,OPCID_dee7d45a8897305b,OPCID,4.851790736156406,7.8525021805523325,4.851790736156406,14.99840255357278,clustered,CHIN-like,False,12.741816624677094,FREG_c7f534c19d17f43c,3200,0.7526858847575597,0.7544237819579309,0.9695395325652484,0.5164125522641276,0.8066984397599618,0.8295410665800428,435,1.0,True,,False,False,False,32,0.7400348059821226,0.6807499572522743,0.9303107173299276,0.5714293240575034,0.7461113580297054,0.6835720042351264,1891,1.0,True,,False,False,False,64,435,1.0,True,,False,False,False,KNOWN_OVERLAP,0.31186150698910403,0.27573844201209236,True,False,KNOWN_OVERLAP,Genomic center or interval overlaps a Known annotation.
FREG_1903a600e364f832,MG1655,2144000,2147200,2145600,3200,WIN_small_bdaf40521cdc6b5a,0.0155750490285828,small,shape,False,True,False,False,False,False,1,1,1,1,False,False,True,OPCID,OPCID_9d9e69ad0ce51f11,small_shape,True,0.2060458383036546,0.9119586577801128,0.4239813734566494,0.9872953645713528,0.765459284911342,False,1,1.0,,CHIN_17d8930e9adab5f0,CHIN,4.976023248128772,4.976023248128772,6.898127551757495,9.623357357330937,clustered,CHIN-like,False,8.35170887663828,FREG_1903a600e364f832,3200,0.21814999712792835,0.2282257416987375,0.8824005696400236,0.9568212784799266,0.2841106969195568,0.332919077273553,435,1.0,True,,False,False,False,32,0.3290342420234833,0.33854402247733223,0.8126516208072292,0.8829975292950922,0.35634597281349306,0.38377357432721826,1891,1.0,True,,False,False,False,64,435,1.0,True,,False,False,False,KNOWN_OVERLAP,0.31186150698910403,0.27573844201209236,False,False,KNOWN_OVERLAP,Genomic center or interval overlaps a Known annotation.
FREG_9f6595c9a76c4a7b,MG1655,2171200,2180800,2176000,9600,WIN_small_63b14958654491ce,0.0009478672985781,small,density,True,False,True,False,False,False,2,4,4,4,True,True,True,CHIN,CHIN_1c70d1a650016e04;CHIN_2d7af64b36b410f4;CHIN_ce6a7185cf5fa235,small_density;medium_density,True,-0.3124350719392894,0.9982493273350366,0.991358772965935,0.9993181883523468,0.9335004716333136,False,-1,0.0,,CHIN_072974e2927b123b,CHIN,12.176116824129702,12.176116824129702,15.374033286854068,13.10617241690806,noise,noise,False,,FREG_9f6595c9a76c4a7b,3200,0.9763595788281187,0.9647525309494486,0.9896391986943408,0.20009029348955196,0.9779956164312347,0.9646838575320348,435,1.0,True,,False,False,False,32,0.971049968945406,0.8463998364964399,0.9810205333968375,0.418557282932898,0.9712472064996227,0.8468466664615991,1891,1.0,True,,False,False,False,64,435,1.0,True,,False,False,False,KNOWN_OVERLAP,0.31186150698910403,0.27573844201209236,True,False,KNOWN_OVERLAP,Genomic center or interval overlaps a Known annotation.
FREG_70948b13141d0f2d,MG1655,2216000,2228800,2223600,12800,WIN_small_9111912a5bddd2da,0.0099864016614716,small,shape,False,True,False,True,False,True,3,4,3,3,False,False,False,,,small_shape;medium_shape;large_shape,False,0.1586789767889601,0.82437862473772,0.9787125964678296,0.9896880494611782,0.8772277388540043,False,1,1.0,,CHIN_81761ead4e5babcc,CHIN,3.534736401384196,3.534736401384196,4.274148819051174,6.731666363186798,clustered,CHIN-like,False,8.944825025430914,FREG_70948b13141d0f2d,3200,0.2698822134478201,0.2904486550557598,0.8817112412188333,0.9811188678080384,0.32495281336185644,0.37066229994770794,435,1.0,True,,False,False,False,32,0.16506695966529478,0.18846406997999143,0.7843268900198842,1.0022169099222493,0.20864933801448388,0.25196041420502957,1891,1.0,True,,False,False,False,64,435,1.0,True,,False,False,False,UNANNOTATED_CLUSTERED,0.31186150698910403,0.27573844201209236,False,False,KNOWN_LIKE_CLUSTER_LOW_REPRODUCIBILITY,"Genomically unannotated, but in a Known-containing representation cluster; not a type assignment."
FREG_dca36ed12b2dee2f,MG1655,2237600,2264000,2244800,26400,WIN_large_fb2374e25563edc4,0.0067567567567567,large,shape,True,True,True,True,False,True,5,10,9,10,False,True,True,CHIN;OPCID,CHIN_072974e2927b123b;CHIN_57f596abaeaccae4;CHIN_a50686a688e4cb02;OPCID_c4aea9eca44028ce,small_density;small_shape;medium_density;medium_shape;large_shape,True,0.3419893294156976,0.3958775909247591,0.9393384706121948,0.9956987523736132,0.8355134931055793,False,1,1.0,,CHIN_2f0656ffb562f4fc,CHIN,3.362936507618976,3.362936507618976,5.489789725541595,7.107349846751752,clustered,CHIN-like,False,8.016128512794232,FREG_dca36ed12b2dee2f,12800,0.1912154384597471,0.1899234315276421,0.6886387704798889,1.1002680022202067,0.2053013187254104,0.2198041290416683,7875,1.0,True,,False,False,False,128,0.37387046655998396,0.326098927357677,0.7935436304518352,0.874719242862552,0.4231463902288165,0.3995513546634594,1891,1.0,True,,False,False,False,64,7875,1.0,True,,False,False,False,KNOWN_OVERLAP,0.31186150698910403,0.27573844201209236,False,False,KNOWN_OVERLAP,Genomic center or interval overlaps a Known annotation.
FREG_a635ba46a50b3a49,MG1655,2269600,2272800,2271200,3200,WIN_small_1447d1c18a950bdd,0.0287189713887072,small,density,True,False,False,False,False,False,1,1,1,1,False,False,False,,,small_density,False,0.7273198615399613,0.98907387304948,0.9650003183145508,0.7275485323590956,0.8931762578046345,False,1,0.7956688837467841,,OPCID_210f8ff672fa4c9a,OPCID,5.22741059366174,6.020283284062005,5.22741059366174,8.145471360126617,clustered,CHIN-like,False,14.150137675753044,FREG_a635ba46a50b3a49,3200,0.8617602362782124,0.8783791802051437,0.9649404404895041,0.36715484595026465,0.8760765878987037,0.8906242632027579,435,1.0,True,,False,False,False,32,0.807010107722135,0.70823664384838,0.9357040030952795,0.5959828408979145,0.8115741115376103,0.706305511678866,1891,1.0,True,,False,False,False,64,435,1.0,True,,False,False,False,UNANNOTATED_CLUSTERED,0.31186150698910403,0.27573844201209236,True,False,KNOWN_LIKE_CLUSTER_REPRODUCIBLE,"Genomically unannotated, but in a Known-containing representation cluster; not a type assignment."
FREG_75bd2653e4f8ca25,MG1655,2272800,2280800,2279200,8000,WIN_small_313c034a83cbd433,0.0133376751464171,small,shape,False,True,False,True,False,False,2,2,2,1,False,False,False,,,small_shape;medium_shape,False,0.0130369282112925,0.9396163090629154,0.9712946854595684,0.9939762605079444,0.8921210514993794,False,1,1.0,,OPCID_129f719ef537ae3f,OPCID,3.719052305344552,5.13009393901613,3.719052305344552,8.235812298190773,clustered,CHIN-like,False,9.966290268862922,FREG_75bd2653e4f8ca25,3200,0.27003399140402884,0.2846258464228914,0.8858502867641765,1.06594254134998,0.2847338517411816,0.32532712779638334,435,1.0,True,,False,False,False,32,0.21465243605206785,0.2242124813164188,0.8236961849419626,0.9600599355679696,0.23421746051682324,0.2610862555978703,1891,1.0,True,,False,False,False,64,435,1.0,True,,False,False,False,UNANNOTATED_CLUSTERED,0.31186150698910403,0.27573844201209236,False,False,KNOWN_LIKE_CLUSTER_LOW_REPRODUCIBILITY,"Genomically unannotated, but in a Known-containing representation cluster; not a type assignment."
FREG_1a15ca20e427f05a,MG1655,2316800,2323200,2321200,6400,WIN_small_6ea83beb31f28fa5,0.0051916830095273,small,shape,False,True,False,True,False,False,2,3,2,2,False,False,False,,,small_shape;medium_shape,False,-0.3422864899780865,0.8336298053387695,0.9031787354607076,0.9737175938801362,0.6320485822580753,False,1,1.0,,CHIN_6f0fc226dcac97e0,CHIN,3.135741517614924,3.135741517614924,5.110538456391357,6.732632452332103,clustered,CHIN-like,False,6.719708108580146,FREG_1a15ca20e427f05a,3200,0.2783181011163277,0.32204394357042226,0.9065810746267706,0.9736884695905912,0.3042864048183229,0.3693409811370824,435,1.0,True,,False,False,False,32,0.28292763279758165,0.2933225956161657,0.8284582799101349,0.8668892569154951,0.3142041827465221,0.3378841296223431,1891,1.0,True,,False,False,False,64,435,1.0,True,,False,False,False,UNANNOTATED_CLUSTERED,0.31186150698910403,0.27573844201209236,False,False,KNOWN_LIKE_CLUSTER_LOW_REPRODUCIBILITY,"Genomically unannotated, but in a Known-containing representation cluster; not a type assignment."
FREG_f14ea993e8b25b82,MG1655,2334400,2347200,2340800,12800,WIN_large_397f9abbf2d0a089,0.0067567567567567,large,shape,False,False,False,False,False,True,1,1,1,1,False,True,True,CHIN,CHIN_13ce252fbae0cbfe,large_shape,True,0.424259082991811,0.9304688362673824,0.970654433851838,0.9969134649293198,0.9144089349164736,False,1,1.0,,CHIN_0134e150bffadd1b,CHIN,2.5123256914414167,2.5123256914414167,5.56558152902868,6.167387957665355,clustered,CHIN-like,False,9.108178267044456,FREG_f14ea993e8b25b82,12800,0.2001714844918007,0.17774130028352933,0.6716978417389821,1.0866070284008569,0.2272147657295106,0.2166119462338554,7875,1.0,True,,False,False,False,128,0.3014653494992642,0.23964520332114864,0.7660825579451181,0.9747169615448175,0.3691265388920981,0.3256044735350201,1891,1.0,True,,False,False,False,64,7875,1.0,True,,False,False,False,KNOWN_OVERLAP,0.31186150698910403,0.27573844201209236,False,False,KNOWN_OVERLAP,Genomic center or interval overlaps a Known annotation.
FREG_017c9e4604cf65bb,MG1655,2385600,2411200,2391600,25600,WIN_small_1e0010964edcdb3f,0.0009478672985781,small,density,True,True,True,False,True,False,4,19,19,18,False,True,True,CHID;CHIN;OPCID,CHID_22cd1a298e3f8de6;CHIN_0d7c2ca69d1c63c8;CHIN_91904b7e5910e56c;OPCID_33b4f3a14ebbc59e;OPCID_3a4aa0d0d21262a8,small_density;small_shape;medium_density;large_density,True,0.998085855137802,0.995516592415026,0.9980206793750632,0.999345577971174,0.9958180347481,False,-1,0.0,,OPCID_c8522caa8fd83322,OPCID,9.182629944592632,18.082166621424435,9.182629944592632,29.2610344801562,noise,noise,False,,FREG_017c9e4604cf65bb,3200,0.8375459643934579,0.7714318474626293,0.979964707619027,0.48292622870417934,0.890512567919278,0.8447974630104128,435,1.0,True,,False,False,False,32,0.9093900932188559,0.8995840378250489,0.9716805898214192,0.23663403088478382,0.9145700329915619,0.9094720875277199,1891,1.0,True,,False,False,False,64,435,1.0,True,,False,False,False,KNOWN_OVERLAP,0.31186150698910403,0.27573844201209236,True,False,KNOWN_OVERLAP,Genomic center or interval overlaps a Known annotation.
FREG_c80baf09873c8e2e,MG1655,2439200,2442400,2440800,3200,WIN_small_ebab66b6453f275d,0.0255924170616113,small,density,True,False,False,False,False,False,1,1,1,1,False,True,True,OPCID,OPCID_6abc058ae2242c3c,small_density,True,0.969513160482988,0.992441087395364,0.996028079232646,0.971221277876696,0.9676202990100052,False,1,0.8813440032136804,,OPCID_6abc058ae2242c3c,OPCID,1.0656413266283158,6.048921322829415,1.0656413266283158,11.633302125648854,clustered,CHIN-like,False,15.404568061376304,FREG_c80baf09873c8e2e,3200,0.9362156775657889,0.8981918257762799,0.9793762800966621,0.3232766443176225,0.9402210716561771,0.9004926520878896,435,1.0,True,,False,False,False,32,0.8750451301142722,0.7484447868031061,0.9436562120456999,0.5272511350484764,0.8757717425010537,0.7527107845898171,1891,1.0,True,,False,False,False,64,435,1.0,True,,False,False,False,KNOWN_OVERLAP,0.31186150698910403,0.27573844201209236,True,False,KNOWN_OVERLAP,Genomic center or interval overlaps a Known annotation.
FREG_7e2826c8606a787c,MG1655,2475200,2481600,2478400,6400,WIN_medium_2096edc374721e03,0.041408666249996,medium,shape,False,True,False,True,False,False,2,2,1,2,False,False,True,CHID;CHIN,CHID_a3539b4c5da95bec;CHIN_22e07f81f47f41b7;CHIN_d39507f936616600,small_shape;medium_shape,True,0.8431243378503297,0.8923393217993869,0.9750766901229376,0.9940867239884754,0.8900361595264175,False,1,1.0,,CHIN_3b157ef6413ebd3b,CHIN,3.085806122488229,3.085806122488229,6.035512496525021,5.247400894434178,clustered,CHIN-like,False,9.196219683855045,FREG_7e2826c8606a787c,6400,0.24173986510667667,0.23119493548008163,0.7423358187872858,1.04466452536013,0.3048999332316621,0.31551182216580226,1891,1.0,True,,False,False,False,64,0.24173986510667667,0.23119493548008163,0.7423358187872858,1.04466452536013,0.3048999332316621,0.31551182216580226,1891,1.0,True,,False,False,False,64,1891,1.0,True,,False,False,False,KNOWN_OVERLAP,0.31186150698910403,0.27573844201209236,False,False,KNOWN_OVERLAP,Genomic center or interval overlaps a Known annotation.
FREG_8eb4220af86c952b,MG1655,2488000,2496000,2489600,8000,WIN_small_f11a54ba730e01a1,0.0340045329187715,small,shape,False,True,False,True,False,False,2,2,2,0,False,True,True,CHID;CHIN,CHID_a3539b4c5da95bec;CHIN_327765acd5ab2895;CHIN_7166ae9780b2f33d;CHIN_dc7847370035ae4b,small_shape;medium_shape,True,0.7585726974598642,0.9547419558705174,0.9776889692032183,0.954769822597933,0.865109439654554,False,1,1.0,,CHIN_dc7847370035ae4b,CHIN,2.7762484420071987,2.7762484420071987,7.164542666546965,5.691192190445505,clustered,CHIN-like,False,10.66403693102088,FREG_8eb4220af86c952b,3200,0.38400417180371416,0.3634918065667351,0.8726003510785515,0.9292670247724866,0.420037749676642,0.43740210371855126,435,1.0,True,,False,False,False,32,0.28327856864870293,0.282546853917884,0.8307674709086219,0.9430033503971673,0.2972319887486964,0.31294071314092137,1891,1.0,True,,False,False,False,64,435,1.0,True,,False,False,False,KNOWN_OVERLAP,0.31186150698910403,0.27573844201209236,True,False,KNOWN_OVERLAP,Genomic center or interval overlaps a Known annotation.
FREG_0af1ebaaab86f1c8,MG1655,2512000,2515200,2513600,3200,WIN_small_a7dfd4d1eb0e9940,0.0253632003038091,small,shape,False,True,False,False,False,False,1,1,1,0,True,False,False,,,small_shape,False,0.859524703553332,0.975292063101148,0.9934192313183448,0.9956369118549068,0.9586101910333744,False,-1,0.0,,CHIN_db627b41dbbead17,CHIN,24.03447290130728,24.03447290130728,35.51238731036837,30.565073534376328,noise,noise,False,,FREG_0af1ebaaab86f1c8,3200,0.8661395954971282,0.9149706790633343,0.9204406942907102,0.334734784589329,0.8949344295588446,0.9290587527612596,435,1.0,True,,True,True,True,32,0.614147609100795,0.7479946326806096,0.7966653277946976,0.5530534264207615,0.651595839343825,0.7654615104048842,1891,1.0,True,,True,True,True,64,435,1.0,True,,True,True,True,UNANNOTATED_NOISE,0.31186150698910403,0.27573844201209236,True,False,UNANNOTATED_NOISE_REPRODUCIBLE,"Reproducible unclustered candidate, not a new structure class."
FREG_7089a736aaf0a1d4,MG1655,2518000,2521200,2519600,3200,WIN_small_636726740420b9ed,0.0479774435444312,small,density,True,False,False,False,False,False,1,1,1,0,False,False,False,,,small_density,False,0.0333684894521283,0.7434917695399004,0.8254218129485542,0.998001350628567,0.7762862782710321,False,-1,0.0,,CHIN_5fb265845cdfb063,CHIN,6.606301767696697,6.606301767696697,9.372792938633838,9.369897033821486,noise,noise,False,,FREG_7089a736aaf0a1d4,3200,0.8598511653813778,0.8330835150089101,0.962864712704399,0.47682931943639834,0.8682213896541898,0.8455557662541608,435,1.0,True,,False,False,False,32,0.7790384738766116,0.7224087542559039,0.9216510443555851,0.5750647606105791,0.7819163576633101,0.7215014301295157,1891,1.0,True,,False,False,False,64,435,1.0,True,,False,False,False,UNANNOTATED_NOISE,0.31186150698910403,0.27573844201209236,True,False,UNANNOTATED_NOISE_REPRODUCIBLE,"Reproducible unclustered candidate, not a new structure class."
FREG_2f3af1b9c3bbb05e,MG1655,2524800,2537600,2534400,12800,WIN_small_ca5a33a75d4afa7e,0.0009478672985781,small,density,True,False,True,False,True,False,3,8,8,8,False,True,True,OPCID,OPCID_c0709bc7c08ec44f;OPCID_c8522caa8fd83322,small_density;medium_density;large_density,True,0.9909051957097462,0.9884880724613296,0.9974435507663626,0.9987958891028008,0.989159785736826,False,-1,0.0,,OPCID_c8522caa8fd83322,OPCID,6.84025516287441,10.54383867905423,6.84025516287441,22.55886302615148,noise,noise,False,,FREG_2f3af1b9c3bbb05e,3200,0.9144297201753074,0.9068946130157363,0.9853581151451214,0.2947032471826644,0.9360113151874542,0.9363189973760375,435,1.0,True,,False,False,False,32,0.8997911751000889,0.8921268117042604,0.9725250253765826,0.32638335765640875,0.9071517431237779,0.902814690824789,1891,1.0,True,,False,False,False,64,435,1.0,True,,False,False,False,KNOWN_OVERLAP,0.31186150698910403,0.27573844201209236,True,False,KNOWN_OVERLAP,Genomic center or interval overlaps a Known annotation.
FREG_198036ee9f5a70c4,MG1655,2545200,2552000,2548400,6800,WIN_small_ba5b6e6d790ca92a,0.0056076585621796,small,shape,False,True,False,True,False,False,2,3,3,3,False,False,False,,,small_shape;medium_shape,False,0.4920577550496255,0.9097277950055142,0.9786711356953908,0.9205361083467708,0.9033486192051476,False,1,1.0,,OPCID_129f719ef537ae3f,OPCID,4.248039642420128,5.588585098129002,4.248039642420128,9.423748747504977,clustered,CHIN-like,False,9.98464308106565,FREG_198036ee9f5a70c4,3200,0.2995529034959269,0.29348906591432333,0.8999911979939549,0.9793769555144414,0.3362712633229038,0.362452306283508,435,1.0,True,,False,False,False,32,0.23259772241891533,0.23505148732440528,0.8254468040737598,1.0722422906637052,0.24991193819396584,0.2731147382185652,1891,1.0,True,,False,False,False,64,435,1.0,True,,False,False,False,UNANNOTATED_CLUSTERED,0.31186150698910403,0.27573844201209236,False,False,KNOWN_LIKE_CLUSTER_LOW_REPRODUCIBILITY,"Genomically unannotated, but in a Known-containing representation cluster; not a type assignment."
FREG_3371092db014576f,MG1655,2559200,2566000,2564400,6800,WIN_small_da683e7e2eb31316,0.0069653736761606,small,density,True,False,True,False,False,False,2,2,2,2,False,True,True,OPCID,OPCID_adee45e8dfb40894,small_density;medium_density,True,0.990551028203186,0.9562695179753062,0.5081131628939922,0.9876220974054758,0.9112607929238632,False,1,0.7672064349790848,,OPCID_adee45e8dfb40894,OPCID,2.9911305675038107,7.845010398402339,2.9911305675038107,10.427647399641076,clustered,CHIN-like,False,10.044851788988758,FREG_3371092db014576f,3200,0.9839947294762206,0.9209225141756551,0.9886903483017713,0.4670810982622478,0.9844096509604765,0.9215166792290437,435,1.0,True,,False,False,False,32,0.9683853151187667,0.7812036768690477,0.9765688704672516,0.6405151438825355,0.9685061979459137,0.7831944191647697,1891,1.0,True,,False,False,False,64,435,1.0,True,,False,False,False,KNOWN_OVERLAP,0.31186150698910403,0.27573844201209236,True,False,KNOWN_OVERLAP,Genomic center or interval overlaps a Known annotation.
FREG_76f4c379538e5a04,MG1655,2577600,2590400,2584000,12800,WIN_large_901b8929bc6ca23a,0.0405405405405404,large,shape,False,False,False,False,False,True,1,1,0,1,False,False,False,,,large_shape,False,0.5821679179779468,0.7799588877067866,0.9651130102492472,0.9534973373434484,0.8550591949985501,False,1,1.0,,CHIN_0a55e534fdc7545d,CHIN,2.4752490201513804,2.4752490201513804,6.841261764954597,8.915869190909685,clustered,CHIN-like,False,8.799441074664566,FREG_76f4c379538e5a04,12800,0.18743907051229167,0.16992668755555526,0.6342825751587363,1.0971600437879019,0.22458309934755866,0.21797972014951147,7875,1.0,True,,False,False,False,128,0.32959187084619984,0.22641364853018486,0.7311878250919698,0.9294378612258887,0.45066560193818245,0.3400657444137123,1891,1.0,True,,False,False,False,64,7875,1.0,True,,False,False,False,UNANNOTATED_CLUSTERED,0.31186150698910403,0.27573844201209236,False,False,KNOWN_LIKE_CLUSTER_LOW_REPRODUCIBILITY,"Genomically unannotated, but in a Known-containing representation cluster; not a type assignment."
FREG_6a4ab7070f8d4444,MG1655,2601600,2608000,2604800,6400,WIN_medium_114657ff6e6522b1,0.0489953946493442,medium,shape,False,False,False,True,False,False,1,1,1,0,False,False,False,,,medium_shape,False,0.458840849012477,0.923483971876908,0.9901638130761338,0.766486869819628,0.8954993005311644,False,1,0.8453641936128957,,CHIN_037eac2ae9ec84b3,CHIN,5.94348703860041,5.94348703860041,9.340053542884563,10.746495571181269,clustered,CHIN-like,False,11.498434412369845,FREG_6a4ab7070f8d4444,6400,0.38009624424241206,0.2373752669868916,0.7424910275470106,0.9836161542035035,0.5043557526960101,0.35569536082689673,1891,1.0,True,,False,False,False,64,0.38009624424241206,0.2373752669868916,0.7424910275470106,0.9836161542035035,0.5043557526960101,0.35569536082689673,1891,1.0,True,,False,False,False,64,1891,1.0,True,,False,False,False,UNANNOTATED_CLUSTERED,0.31186150698910403,0.27573844201209236,False,False,KNOWN_LIKE_CLUSTER_LOW_REPRODUCIBILITY,"Genomically unannotated, but in a Known-containing representation cluster; not a type assignment."
FREG_62da24bb51f1d2c2,MG1655,2614800,2628800,2625200,14000,WIN_small_a2b31baecdae3c98,0.0108901661545743,small,shape,False,True,False,False,False,True,2,3,2,2,False,False,True,CHIN,CHIN_bfb5f6f7a0a0aa2e,small_shape;large_shape,True,-0.0218814890810242,0.9370317043323064,0.946449451061467,0.9858406450959756,0.8747798618433635,False,1,1.0,,CHIN_81761ead4e5babcc,CHIN,4.511375759810655,4.511375759810655,4.736434290516539,7.790928079042403,clustered,CHIN-like,False,10.24561165946695,FREG_62da24bb51f1d2c2,3200,0.2940276237593431,0.3172310792914942,0.8915739795613561,0.9574927469800657,0.333248430252006,0.3819903420953997,435,1.0,True,,False,False,False,32,0.2568089565228089,0.2785777407978219,0.8127269985744844,0.9345292541006524,0.29077538848446716,0.33009412530591425,1891,1.0,True,,False,False,False,64,435,1.0,True,,False,False,False,KNOWN_OVERLAP,0.31186150698910403,0.27573844201209236,False,False,KNOWN_OVERLAP,Genomic center or interval overlaps a Known annotation.
FREG_2a1ab61af8043dae,MG1655,2638400,2643200,2641600,4800,WIN_small_347a59ebbcf4b94e,0.0274718042581789,small,density,True,False,False,False,False,False,1,2,1,2,False,True,True,OPCID,OPCID_079060fd1545272e,small_density,True,0.9862977090674894,0.911409380783777,0.9349255805441132,0.9707038818628684,0.9583333041618984,False,1,1.0,,OPCID_69a72fb00fdc2938,OPCID,3.5419196137490045,6.955937349069808,3.5419196137490045,16.099943478200633,clustered,CHIN-like,False,12.584836905548933,FREG_2a1ab61af8043dae,3200,0.694763930296736,0.7223520920107895,0.9596925293692364,0.5961195463534442,0.7464125407791269,0.7960364803301014,435,1.0,True,,False,False,False,32,0.6958502274164179,0.7002489164713027,0.932161482137875,0.6009412168337108,0.7052791054487418,0.7085958264750141,1891,1.0,True,,False,False,False,64,435,1.0,True,,False,False,False,KNOWN_OVERLAP,0.31186150698910403,0.27573844201209236,True,False,KNOWN_OVERLAP,Genomic center or interval overlaps a Known annotation.
FREG_cac735c8cf6e1d2e,MG1655,2648000,2651200,2649600,3200,WIN_small_f19a8c0cbcf93e4f,0.0104695365091819,small,shape,False,True,False,False,False,False,1,1,1,0,False,True,True,OPCID,OPCID_3808275a8edee593,small_shape,True,0.9396258547036948,0.9548255096816444,0.9739758752731558,0.9707195535232538,0.9443276319338564,False,1,1.0,,OPCID_3808275a8edee593,OPCID,1.3477317706997347,7.419895296818163,1.3477317706997347,14.143015948152588,clustered,CHIN-like,False,12.852312252307843,FREG_cac735c8cf6e1d2e,3200,0.35877512792908905,0.3410751353661539,0.934025571899878,0.9620764859713072,0.38506601540330526,0.3787577695092286,435,1.0,True,,False,False,False,32,0.3077091422323625,0.3341319753175226,0.8873770822183679,0.9621344560020498,0.316262180550509,0.34685598895304803,1891,1.0,True,,False,False,False,64,435,1.0,True,,False,False,False,KNOWN_OVERLAP,0.31186150698910403,0.27573844201209236,True,False,KNOWN_OVERLAP,Genomic center or interval overlaps a Known annotation.
FREG_9ebcb47776f94b87,MG1655,2707200,2710400,2708800,3200,WIN_small_876651001f4517d3,0.0456750096802151,small,density,True,False,False,False,False,False,1,1,1,0,False,True,True,OPCID,OPCID_210f8ff672fa4c9a,small_density,True,0.6903415678361721,0.8586714676351273,0.9161578711852546,0.7295219318942255,0.7962333700328725,False,1,1.0,,OPCID_210f8ff672fa4c9a,OPCID,2.310236856787299,5.06368364066397,2.310236856787299,8.349944114045119,clustered,CHIN-like,False,9.209052183757588,FREG_9ebcb47776f94b87,3200,0.755249872033582,0.7587398731269006,0.9597289323178904,0.4949195806077073,0.7815947516563648,0.7966169959462971,435,1.0,True,,False,False,False,32,0.7248497407294358,0.6228924495485312,0.9142803630437207,0.6454588222701051,0.7259120630765532,0.6235190846267076,1891,1.0,True,,False,False,False,64,435,1.0,True,,False,False,False,KNOWN_OVERLAP,0.31186150698910403,0.27573844201209236,True,False,KNOWN_OVERLAP,Genomic center or interval overlaps a Known annotation.
FREG_6e09d3bd094c8b1d,MG1655,2719200,2725600,2721600,6400,WIN_small_d800c25b4ba41ebd,0.0227290593521929,small,density,True,False,True,False,False,False,2,3,3,3,False,False,False,,,small_density;medium_density,False,0.9720079622579606,0.902493320750826,0.96121374122148,0.9995597592236242,0.9708200522745484,False,-1,0.0,,OPCID_c0709bc7c08ec44f,OPCID,9.664494502891957,12.592069643177036,9.664494502891957,20.272380066844228,noise,noise,False,,FREG_6e09d3bd094c8b1d,3200,0.7297339140322275,0.72783213918529,0.9632606529014093,0.5839314883536973,0.7849299571866515,0.8131387702612067,435,1.0,True,,False,False,False,32,0.6716365021172055,0.6794067460999044,0.9364512270024162,0.5794715895979666,0.6898402884885979,0.7036349263580766,1891,1.0,True,,False,False,False,64,435,1.0,True,,False,False,False,UNANNOTATED_NOISE,0.31186150698910403,0.27573844201209236,True,False,UNANNOTATED_NOISE_REPRODUCIBLE,"Reproducible unclustered candidate, not a new structure class."
FREG_11a5f6c7b97c1f4a,MG1655,2735200,2744000,2736800,8800,WIN_small_5e707a6e5550a5a1,0.0170616113744075,small,density,True,True,False,False,False,False,2,4,4,2,False,False,False,,,small_density;small_shape,False,0.7290362449124005,0.9961012576944248,0.9930587692682716,0.9901076254629828,0.9304613283556956,False,1,0.7974683388958533,,CHIN_9461e74755c3f236,CHIN,5.573793756771876,5.573793756771876,5.820549407435957,10.420970812209218,clustered,CHIN-like,False,15.319469111103398,FREG_11a5f6c7b97c1f4a,3200,0.9461587331309614,0.9150883723454436,0.9795091807627474,0.2825473206962047,0.9501249589714128,0.9190167233801801,435,1.0,True,,False,False,False,32,0.9061588254171944,0.7756650558335267,0.9579317175762209,0.48048842795573193,0.9077415606235947,0.7713630435302465,1891,1.0,True,,False,False,False,64,435,1.0,True,,False,False,False,UNANNOTATED_CLUSTERED,0.31186150698910403,0.27573844201209236,True,False,KNOWN_LIKE_CLUSTER_REPRODUCIBLE,"Genomically unannotated, but in a Known-containing representation cluster; not a type assignment."
FREG_73e6e7465ad4e4c4,MG1655,2745600,2751600,2747200,6000,WIN_small_5b77cad4c536ee4b,0.0443881307069879,small,density,True,True,False,False,False,False,2,2,2,2,False,False,False,,,small_density;small_shape,False,0.9924492212508732,0.9577810621531252,0.993911872518989,0.984364708126346,0.98099348901948,False,1,1.0,,OPCID_092946eccc52a81c,OPCID,4.71233802523589,8.303112038450845,4.71233802523589,16.082057582153492,clustered,CHIN-like,False,13.686985157468497,FREG_73e6e7465ad4e4c4,3200,0.7585522421695947,0.6413239665065414,0.9559048858537001,0.6918530009447956,0.7768065073605559,0.6910456611645255,435,1.0,True,,False,False,False,32,0.5777938647560122,0.49088574948543445,0.9261339406143569,0.8032391602084226,0.5923943978361521,0.5159002364290091,1891,1.0,True,,False,False,False,64,435,1.0,True,,False,False,False,UNANNOTATED_CLUSTERED,0.31186150698910403,0.27573844201209236,True,False,KNOWN_LIKE_CLUSTER_REPRODUCIBLE,"Genomically unannotated, but in a Known-containing representation cluster; not a type assignment."
FREG_ff532581b24af75c,MG1655,2753200,2756400,2754800,3200,WIN_small_1e224b860da21373,0.0369668246445497,small,density,True,False,False,False,False,False,1,1,1,1,False,False,False,,,small_density,False,0.6450704986400826,0.966356876444093,0.8495735533053348,0.9678010060574134,0.7912911332169885,False,1,0.844623867384102,,OPCID_fa9e2c77b6424ea9,OPCID,4.293104148194604,6.340544565203327,4.293104148194604,8.097118954821298,clustered,CHIN-like,False,8.341711920620302,FREG_ff532581b24af75c,3200,0.8727511561336172,0.847818233479901,0.9596570336413777,0.45079682585252207,0.8794641320416376,0.8452871167682338,435,1.0,True,,False,False,False,32,0.8157154345932062,0.6384562429966261,0.9278609527013529,0.7079391769767777,0.8167587831897493,0.6367426426002321,1891,1.0,True,,False,False,False,64,435,1.0,True,,False,False,False,UNANNOTATED_CLUSTERED,0.31186150698910403,0.27573844201209236,True,False,KNOWN_LIKE_CLUSTER_REPRODUCIBLE,"Genomically unannotated, but in a Known-containing representation cluster; not a type assignment."
FREG_8e33a6d1e6f10e59,MG1655,2784000,2789200,2785600,5200,WIN_small_b8075a58487df1bd,0.0086873472890155,small,shape,False,True,False,False,False,False,1,2,1,2,False,True,True,CHID;CHIN,CHID_bb5176753cf7c269;CHIN_58d99e489f853d61;CHIN_776dbab456673217;CHIN_78a1a7d17ac8e4e2;CHIN_fa05997ad11be666,small_shape,True,0.9892350617610888,0.9842617529990286,0.9576034102483356,0.9708841054013578,0.9758058582890812,False,-1,0.0,,CHID_bb5176753cf7c269,CHID,5.99573438122927,6.227293433195655,16.45830614393543,5.99573438122927,noise,noise,False,,FREG_8e33a6d1e6f10e59,3200,0.8368000489606003,0.4434036754489466,0.9188416258350135,1.0671536603991605,0.8371861890318623,0.5167031521063831,435,1.0,True,,False,False,False,32,0.9111302412450222,0.5699105455127187,0.9412455692975992,0.9371602817428986,0.9111200011867939,0.5838699241923087,1891,1.0,True,,False,False,False,64,435,1.0,True,,False,False,False,KNOWN_OVERLAP,0.31186150698910403,0.27573844201209236,True,False,KNOWN_OVERLAP,Genomic center or interval overlaps a Known annotation.
FREG_f3868eb02e0f55d5,MG1655,2808000,2811200,2809600,3200,WIN_small_f6145e35984951f8,0.044114033282351,small,shape,False,True,False,False,False,False,1,1,1,0,False,False,False,,,small_shape,False,0.3111082936339348,0.9423492944646495,0.969905670477759,0.9330827963872034,0.8887027264494575,False,1,1.0,,OPCID_1734fe040179910f,OPCID,3.3047106719187744,4.8835793480053775,3.3047106719187744,8.518514839564645,clustered,CHIN-like,False,9.062003404155885,FREG_f3868eb02e0f55d5,3200,0.36208656378809934,0.3738170499920707,0.8906152610554797,0.987668149632218,0.37836731259536066,0.4154683636497403,435,1.0,True,,False,False,False,32,0.38042859514883837,0.37287570705733164,0.8426629904389387,0.8881888770785807,0.39132130286165917,0.40119566799320444,1891,1.0,True,,False,False,False,64,435,1.0,True,,False,False,False,UNANNOTATED_CLUSTERED,0.31186150698910403,0.27573844201209236,True,False,KNOWN_LIKE_CLUSTER_REPRODUCIBLE,"Genomically unannotated, but in a Known-containing representation cluster; not a type assignment."
FREG_f3510ef7f2432010,MG1655,2814000,2817200,2815600,3200,WIN_small_d86e0f82e0364dd8,0.0224506526679183,small,shape,False,True,False,False,False,False,1,1,1,1,False,False,False,,,small_shape,False,0.2030714673519267,0.9724276961416216,0.9205595099056784,0.97680635658085,0.892148586531171,False,1,1.0,,OPCID_3b8eefccce2e36fc,OPCID,3.633914912605004,4.75085956684462,3.633914912605004,7.098178376348558,clustered,CHIN-like,False,7.872099053115269,FREG_f3510ef7f2432010,3200,0.3138436265830441,0.3395799898184667,0.8988796027523807,0.9629522137720202,0.3396225999794428,0.39916279277725103,435,1.0,True,,False,False,False,32,0.6948945739066795,0.5469057883256914,0.8917402954149832,0.8531911892875454,0.6957442467563553,0.5578029298511707,1891,1.0,True,,False,False,False,64,435,1.0,True,,False,False,False,UNANNOTATED_CLUSTERED,0.31186150698910403,0.27573844201209236,True,False,KNOWN_LIKE_CLUSTER_REPRODUCIBLE,"Genomically unannotated, but in a Known-containing representation cluster; not a type assignment."
FREG_43ba383d41c336e2,MG1655,2825600,2828800,2827200,3200,WIN_small_eecfcf10f1bfd6e0,0.0255748579397763,small,density,True,False,False,False,False,False,1,1,1,1,False,False,False,,,small_density,False,0.9264978366596184,0.857530683528198,0.9889811672664588,0.9386973831302928,0.8834711086284276,False,1,1.0,,OPCID_10f9269e6bda4947,OPCID,4.106789960689629,7.904817561962501,4.106789960689629,11.742064117382544,clustered,CHIN-like,False,12.207078026031647,FREG_43ba383d41c336e2,3200,0.8377314999616857,0.852536811491612,0.9685305948863786,0.4324911891875935,0.8531738578351623,0.8687051486401155,435,1.0,True,,False,False,False,32,0.8518598639731452,0.7887825628163716,0.9441210375921424,0.4737688569533639,0.8528253612044719,0.7899781954810601,1891,1.0,True,,False,False,False,64,435,1.0,True,,False,False,False,UNANNOTATED_CLUSTERED,0.31186150698910403,0.27573844201209236,True,False,KNOWN_LIKE_CLUSTER_REPRODUCIBLE,"Genomically unannotated, but in a Known-containing representation cluster; not a type assignment."
FREG_3cabe6a4fbfe2392,MG1655,2866400,2869600,2868000,3200,WIN_small_6dfdb087885f8686,0.0397991408060985,small,density,True,False,False,False,False,False,1,1,1,1,False,True,True,OPCID,OPCID_e04790b97d37c16e,small_density,True,0.701556539923398,0.8059547032789779,0.9918384069570958,0.8699098811349842,0.8226940203835343,False,1,1.0,,OPCID_dee7d45a8897305b,OPCID,2.6308350078717853,6.176669883713293,2.6308350078717853,11.32147862657296,clustered,CHIN-like,False,9.944191997427462,FREG_3cabe6a4fbfe2392,3200,0.704865358472422,0.6978211331225713,0.9595296343229025,0.5966047826135702,0.7440075904661982,0.7633268507701365,435,1.0,True,,False,False,False,32,0.7245846190435932,0.7124527447398802,0.9167843756342205,0.5861895819612088,0.727009841576704,0.7136052873327532,1891,1.0,True,,False,False,False,64,435,1.0,True,,False,False,False,KNOWN_OVERLAP,0.31186150698910403,0.27573844201209236,True,False,KNOWN_OVERLAP,Genomic center or interval overlaps a Known annotation.
FREG_d60cf0e71170ce7a,MG1655,2876800,2883200,2880000,6400,WIN_medium_4203e6e1784331a9,0.0170103454359942,medium,shape,False,False,False,True,False,False,1,1,1,1,False,False,True,CHIN,CHIN_1f7c5c2fafc1afc3,medium_shape,True,0.9248521732440912,0.922741065778029,0.9801508339480414,0.9618397819683894,0.936156723561987,False,1,1.0,,CHIN_532567826674af80,CHIN,3.991301755151906,3.991301755151906,9.049343209503478,8.164428955782132,clustered,CHIN-like,False,10.916705001301214,FREG_d60cf0e71170ce7a,6400,0.29693655224216736,0.2477958519715234,0.71890717301286,1.0087048860678496,0.4363673376000196,0.35854063667531616,1891,1.0,True,,False,False,False,64,0.29693655224216736,0.2477958519715234,0.71890717301286,1.0087048860678496,0.4363673376000196,0.35854063667531616,1891,1.0,True,,False,False,False,64,1891,1.0,True,,False,False,False,KNOWN_OVERLAP,0.31186150698910403,0.27573844201209236,False,False,KNOWN_OVERLAP,Genomic center or interval overlaps a Known annotation.
FREG_e072be4f0cf1ad67,MG1655,2884800,2888000,2886400,3200,WIN_small_6bc0575dce7ca070,0.035705797539028,small,shape,False,True,False,False,False,False,1,1,1,0,False,False,False,,,small_shape,False,0.8752775046466852,0.964854798875504,0.9672731759710048,0.9735792896829404,0.8800681975060489,False,1,1.0,,CHIN_d09cbcfd88a8bdfb,CHIN,4.150302165374374,4.150302165374374,6.833064930285065,5.675712826235429,clustered,CHIN-like,False,9.79139990911157,FREG_e072be4f0cf1ad67,3200,0.33701612934394964,0.3340399837778203,0.8676754411812878,0.9590359947452194,0.434857230118861,0.46157929140670184,435,1.0,True,,False,False,False,32,0.4924117900229625,0.4012971556310399,0.803817069743971,0.8962818142333633,0.5267361648510965,0.46406368290467515,1891,1.0,True,,False,False,False,64,435,1.0,True,,False,False,False,UNANNOTATED_CLUSTERED,0.31186150698910403,0.27573844201209236,True,False,KNOWN_LIKE_CLUSTER_REPRODUCIBLE,"Genomically unannotated, but in a Known-containing representation cluster; not a type assignment."
FREG_4b7d0b5470bbacb2,MG1655,2910400,2929600,2920000,19200,WIN_small_a5b3e8d1f9c5dad3,0.0040214603669375,small,density,True,True,True,False,True,False,4,8,7,7,False,True,True,OPCID,OPCID_149d0308ae463e46,small_density;small_shape;medium_density;large_density,True,0.992883971858037,0.9892069310834544,0.98692144059488,0.8794431634548169,0.9744029849138276,False,1,0.7566346950511654,,OPCID_149d0308ae463e46,OPCID,2.599221325231221,10.021529958491715,2.599221325231221,25.084448627017657,clustered,CHIN-like,False,22.692948479158478,FREG_4b7d0b5470bbacb2,3200,0.8276725309572477,0.7548277267654877,0.9793856133622607,0.7879601137101995,0.8798833818349963,0.8321799402813232,435,1.0,True,,False,False,False,32,0.7994672449069252,0.8052907717970277,0.9601976816611335,0.6040184811626265,0.8174772714283156,0.8261368764621388,1891,1.0,True,,False,False,False,64,435,1.0,True,,False,False,False,KNOWN_OVERLAP,0.31186150698910403,0.27573844201209236,True,False,KNOWN_OVERLAP,Genomic center or interval overlaps a Known annotation.
FREG_d049a84b69583bb4,MG1655,2968800,2987200,2980800,18400,WIN_large_4fbcbbcd14482e07,0.0067567567567567,large,shape,False,False,False,True,False,True,2,3,3,1,False,True,True,CHID;CHIN;OPCID,CHID_f834d1ac36e1b8fa;CHIN_093ecf60a3c47f13;CHIN_4f3e820755d8686d;CHIN_7547f8c089f6bd2d;OPCID_bb60f5d218faa929,medium_shape;large_shape,True,0.5323852478275162,0.8382768486532373,0.9761996749385502,0.9953409284885618,0.8847285503425839,False,1,1.0,,CHIN_71544cab6749d657,CHIN,3.240145325442708,3.240145325442708,7.259506805842887,8.196411563559474,clustered,CHIN-like,False,9.234993813802305,FREG_d049a84b69583bb4,12800,0.12063675978459233,0.13562115034476743,0.6401329812179133,1.1221073410029871,0.1602300310472194,0.18181542276821117,7875,1.0,True,,False,False,False,128,0.2232908497202878,0.1856782029453988,0.723846652638935,0.9962587519401361,0.3542390522866746,0.2977214158015067,1891,1.0,True,,False,False,False,64,7875,1.0,True,,False,False,False,KNOWN_OVERLAP,0.31186150698910403,0.27573844201209236,False,False,KNOWN_OVERLAP,Genomic center or interval overlaps a Known annotation.
FREG_182d4c2fa8a9af54,MG1655,2988400,2993600,2990000,5200,WIN_small_5eb32857ebbb13e1,0.0191225033192719,small,shape,True,True,False,False,False,False,2,2,2,2,False,True,True,CHID;CHIN,CHID_f834d1ac36e1b8fa;CHIN_093ecf60a3c47f13;CHIN_7547f8c089f6bd2d,small_density;small_shape,True,0.9868833150407744,0.9835275673831634,0.901262699174712,0.8555984720299075,0.9373617918084152,False,-1,0.0,,CHID_bb5176753cf7c269,CHID,5.104961695470571,5.989984384944433,14.336711961476963,5.104961695470571,noise,noise,False,,FREG_182d4c2fa8a9af54,3200,0.35371176265388343,0.3652176385122352,0.8876157633982447,1.0158901026774654,0.38870032882208005,0.42583308358276156,435,1.0,True,,False,False,False,32,0.9146946105786535,0.5559294239921744,0.9487445328134072,0.9277725412035867,0.9146422182874228,0.5537121170721587,1891,1.0,True,,False,False,False,64,435,1.0,True,,False,False,False,KNOWN_OVERLAP,0.31186150698910403,0.27573844201209236,True,False,KNOWN_OVERLAP,Genomic center or interval overlaps a Known annotation.
FREG_b7c8fd0caa521c80,MG1655,3012800,3016000,3014400,3200,WIN_small_ddd721fb6b387e95,0.0383154178794458,small,density,True,False,False,False,False,False,1,1,1,1,False,True,True,OPCID,OPCID_dee7d45a8897305b,small_density,True,0.9135987115800284,0.8249727402476204,0.9792208644887114,0.9167559973137702,0.886628218701784,False,1,1.0,,OPCID_dee7d45a8897305b,OPCID,1.7090633323511728,6.164202373756936,1.7090633323511728,11.294459135190388,clustered,CHIN-like,False,9.01655125219068,FREG_b7c8fd0caa521c80,3200,0.7468287838011608,0.7048554459166534,0.9603936910157072,0.5944551831624277,0.7792217060196384,0.7730807484025765,435,1.0,True,,False,False,False,32,0.7354995951558012,0.692245513676155,0.9235180054860267,0.5778004568875911,0.7377245388166067,0.6926637362048982,1891,1.0,True,,False,False,False,64,435,1.0,True,,False,False,False,KNOWN_OVERLAP,0.31186150698910403,0.27573844201209236,True,False,KNOWN_OVERLAP,Genomic center or interval overlaps a Known annotation.
FREG_002f146b6f614245,MG1655,3030800,3034000,3032400,3200,WIN_small_45f9945b71ae213b,0.0372934892377364,small,shape,False,True,False,False,False,False,1,1,1,1,False,False,False,,,small_shape,False,0.4284946392919945,0.943027623403014,0.9613932755217444,0.9920156859669776,0.90983470180564,False,1,1.0,,CHIN_d09cbcfd88a8bdfb,CHIN,2.3466451849965937,2.3466451849965937,6.542493614660516,5.96233764321868,clustered,CHIN-like,False,8.987310942378985,FREG_002f146b6f614245,3200,0.37721993980058144,0.38739187079756116,0.8693323933700832,0.94056546916309,0.44814227097858733,0.4813211550539098,435,1.0,True,,False,False,False,32,0.36178876334728804,0.33899673964439003,0.8165920079242575,0.8816158181802796,0.41361813377725015,0.40415013006331546,1891,1.0,True,,False,False,False,64,435,1.0,True,,False,False,False,UNANNOTATED_CLUSTERED,0.31186150698910403,0.27573844201209236,True,False,KNOWN_LIKE_CLUSTER_REPRODUCIBLE,"Genomically unannotated, but in a Known-containing representation cluster; not a type assignment."
FREG_be825ad8b6a2fe4e,MG1655,3036800,3060000,3048000,23200,WIN_medium_1d9e698aa28eac17,0.0023148148148148,medium,density,True,True,True,False,True,False,4,17,17,17,False,True,True,CHIN;OPCID,CHIN_faf91596d8b88128;OPCID_ad7cb00f8c882c61;OPCID_b7f0a78b5bc75834,small_density;small_shape;medium_density;large_density,True,0.9982625436886088,0.9765347017490114,0.984175800631763,0.9976038031420652,0.9893834070056,False,-1,0.0,,OPCID_149d0308ae463e46,OPCID,5.211544455228372,8.616016477187646,5.211544455228372,25.13961329995365,noise,noise,False,,FREG_be825ad8b6a2fe4e,6400,0.7985755774394768,0.8075780068087592,0.9641832440594098,0.475537196702028,0.8206305522116124,0.8351381463270765,1891,1.0,True,,False,False,False,64,0.7985755774394768,0.8075780068087592,0.9641832440594098,0.475537196702028,0.8206305522116124,0.8351381463270765,1891,1.0,True,,False,False,False,64,1891,1.0,True,,False,False,False,KNOWN_OVERLAP,0.31186150698910403,0.27573844201209236,True,False,KNOWN_OVERLAP,Genomic center or interval overlaps a Known annotation.
FREG_71c429938c2bb421,MG1655,3066800,3075200,3072000,8400,WIN_small_864fa9a7f9dfc532,0.0037914691943127,small,density,True,True,True,False,False,False,3,5,5,4,False,False,False,,,small_density;small_shape;medium_density,False,0.9951947889357668,0.9617087083248768,0.9965424525970652,0.9932284672002702,0.9865256467498908,False,1,1.0,,OPCID_a2fcb5ddde5dbcf6,OPCID,2.5526977112702345,10.19139408135396,2.5526977112702345,20.167019883754296,clustered,CHIN-like,False,19.34150329067314,FREG_71c429938c2bb421,3200,0.8243804658544029,0.836957633759289,0.977530730706746,0.49229199065416657,0.8737749028366741,0.889121932359523,435,1.0,True,,False,False,False,32,0.8613093601639981,0.8493444428503425,0.9619476502038622,0.40708551737015125,0.8684502244798982,0.8551597284861797,1891,1.0,True,,False,False,False,64,435,1.0,True,,False,False,False,UNANNOTATED_CLUSTERED,0.31186150698910403,0.27573844201209236,True,False,KNOWN_LIKE_CLUSTER_REPRODUCIBLE,"Genomically unannotated, but in a Known-containing representation cluster; not a type assignment."
FREG_d9565da6584d3377,MG1655,3086400,3105600,3092800,19200,WIN_large_4f37ad10f8e6adc7,0.0117030459970869,large,shape,False,False,False,False,False,True,1,2,2,2,False,False,False,,,large_shape,False,0.6969553290891576,0.5465176050279217,0.8795205066376516,0.986996771104076,0.8377828393413772,False,1,1.0,,CHIN_623e8fe7b2afd1a8,CHIN,2.2931500344878923,2.2931500344878923,4.82029944212423,8.883668408560965,clustered,CHIN-like,False,7.405309999732461,FREG_d9565da6584d3377,12800,0.18576410211715622,0.19297242833609338,0.704248445586012,1.0700586232204914,0.20725105021872464,0.22831769840036498,7875,1.0,True,,False,False,False,128,0.33104358507620346,0.3161063514584017,0.8131172656011677,0.8519040620284708,0.38417231677679686,0.38708546917182907,1891,1.0,True,,False,False,False,64,7875,1.0,True,,False,False,False,UNANNOTATED_CLUSTERED,0.31186150698910403,0.27573844201209236,False,False,KNOWN_LIKE_CLUSTER_LOW_REPRODUCIBILITY,"Genomically unannotated, but in a Known-containing representation cluster; not a type assignment."
FREG_5f42baef9d08ba56,MG1655,3143200,3146400,3144800,3200,WIN_small_c660e6f2280d68fc,0.0287189713887072,small,shape,False,True,False,False,False,False,1,1,1,1,False,False,False,,,small_shape,False,0.932124804643348,0.9460629169942888,0.9002219531773327,0.954680089285258,0.8896631140456692,False,1,1.0,,OPCID_7a866c11603150e7,OPCID,4.662935945926561,6.483904874877894,4.662935945926561,11.920758945927505,clustered,CHIN-like,False,11.192151480311033,FREG_5f42baef9d08ba56,3200,0.388269754681844,0.3628447283881098,0.9416195640332661,0.9586890403403268,0.4018577904597541,0.382599601948474,435,1.0,True,,False,False,False,32,0.38169601046957397,0.3899251668612676,0.8865108743602718,0.8631313878553029,0.38496255831050036,0.3967174539457839,1891,1.0,True,,False,False,False,64,435,1.0,True,,False,False,False,UNANNOTATED_CLUSTERED,0.31186150698910403,0.27573844201209236,True,False,KNOWN_LIKE_CLUSTER_REPRODUCIBLE,"Genomically unannotated, but in a Known-containing representation cluster; not a type assignment."
FREG_89f933686190b586,MG1655,3156800,3169600,3163200,12800,WIN_large_4cd697fff4fd6bec,0.0482528947874515,large,shape,False,False,False,False,False,True,1,1,1,0,False,False,False,,,large_shape,False,0.9098228039022676,0.3369497216248152,0.7667361968228766,0.9769546650722578,0.8236053544451573,False,1,1.0,,CHIN_6230ca4ce9b8e644,CHIN,4.102991609761841,4.102991609761841,4.274387549944214,8.625389785607192,clustered,CHIN-like,False,6.388599938391449,FREG_89f933686190b586,12800,0.19844158148234325,0.19251681950222244,0.6933338577725814,1.036474604433983,0.2247302620247667,0.2293255497381679,7875,1.0,True,,False,False,False,128,0.3774262998794939,0.3449119705484156,0.8348631425115577,0.8058124555895795,0.4194153858086057,0.4055444671217793,1891,1.0,True,,False,False,False,64,7875,1.0,True,,False,False,False,UNANNOTATED_CLUSTERED,0.31186150698910403,0.27573844201209236,False,False,KNOWN_LIKE_CLUSTER_LOW_REPRODUCIBILITY,"Genomically unannotated, but in a Known-containing representation cluster; not a type assignment."
FREG_19a4a9627a72c5ab,MG1655,3172800,3185600,3176800,12800,WIN_small_8b7729c76d110bbf,0.0232179122538689,small,density,True,False,True,False,True,False,3,4,4,4,False,False,True,CHID,CHID_0fd794b4635bec68,small_density;medium_density;large_density,True,0.992484781844704,0.928631037351086,0.971981336233072,0.9905528745274552,0.969188241554735,False,1,0.8971911745659736,,OPCID_ad7cb00f8c882c61,OPCID,4.34005503512825,7.032542884637054,4.34005503512825,15.328451702410874,clustered,CHIN-like,False,15.0296424457176,FREG_19a4a9627a72c5ab,3200,0.845207306766917,0.8264851602608213,0.9691690569998808,0.4373924989949437,0.8652937843698033,0.8681818283512983,435,1.0,True,,False,False,False,32,0.7539441638330011,0.6790576159356787,0.9425035820654935,0.6021094406300035,0.7639411721013073,0.6935824924522813,1891,1.0,True,,False,False,False,64,435,1.0,True,,False,False,False,KNOWN_OVERLAP,0.31186150698910403,0.27573844201209236,True,False,KNOWN_OVERLAP,Genomic center or interval overlaps a Known annotation.
FREG_e6d786036463fc14,MG1655,3216000,3236800,3222400,20800,WIN_large_9abef0aed6a73c31,0.0213667409470835,large,shape,False,False,False,False,False,True,1,2,0,2,False,True,True,CHIN,CHIN_0a55e534fdc7545d,large_shape,True,0.7050547992439925,0.7828146231121346,0.9877128191380676,0.9864008202672412,0.9021944646744644,False,1,1.0,,CHIN_0a55e534fdc7545d,CHIN,3.855988090766859,3.855988090766859,7.584971593030135,10.13604125025323,clustered,CHIN-like,False,10.201165165580456,FREG_e6d786036463fc14,12800,0.2665200810567255,0.17858860350069017,0.6634787411543096,1.0756914253076564,0.3034850710553889,0.2283065828116122,7875,1.0,True,,False,False,False,128,0.42090678309644447,0.2650745144717952,0.7686113002986213,0.9505180934819686,0.5321471808769129,0.3780280054980683,1891,1.0,True,,False,False,False,64,7875,1.0,True,,False,False,False,KNOWN_OVERLAP,0.31186150698910403,0.27573844201209236,False,False,KNOWN_OVERLAP,Genomic center or interval overlaps a Known annotation.
FREG_6df32034ec393913,MG1655,3260800,3294400,3271600,33600,WIN_small_f7d75b9a6bbef07d,0.0009478672985781,small,density,True,True,True,True,True,True,6,22,19,20,False,True,True,CHIN;OPCID,CHIN_9549903c064709e2;CHIN_e60512525b58312d;CHIN_ee3355b18d634b8e;CHIN_f1c1419569298f23;OPCID_725a69a69963ad59,small_density;small_shape;medium_density;medium_shape;large_density;large_shape,True,0.7723421698196593,0.8920949919520456,0.9986951701597876,0.940671061270368,0.890442043580457,False,-1,0.0,,OPCID_ae970230ebbec9d2,OPCID,12.619949935524234,18.7662836576261,12.619949935524234,20.10325305584014,noise,noise,False,,FREG_6df32034ec393913,3200,0.9430944704271996,0.9297599927924478,0.9856999877147992,0.30603235148121516,0.9526529811754685,0.9520388033532371,435,1.0,True,,False,False,False,32,0.9553895196921265,0.9257137119240405,0.9799609330639273,0.22736323489856883,0.9568632306894664,0.9205249569444016,1891,1.0,True,,False,False,False,64,435,1.0,True,,False,False,False,KNOWN_OVERLAP,0.31186150698910403,0.27573844201209236,True,False,KNOWN_OVERLAP,Genomic center or interval overlaps a Known annotation.
FREG_50016c5459cdde46,MG1655,3306000,3334400,3309200,28400,WIN_small_4c4435ea1ed625d1,0.0032835086399409,small,density,True,False,True,False,True,False,3,14,14,13,False,True,True,CHIN,CHIN_23a574b35aa4cad2;CHIN_9461e74755c3f236,small_density;medium_density;large_density,True,0.9923406959806904,0.9932306901446274,0.9890685075412552,0.9929504632083038,0.9903126414830328,False,1,0.7803292289854625,,OPCID_6abc058ae2242c3c,OPCID,6.579275612855833,6.8546076393854944,6.579275612855833,16.574305568182993,clustered,CHIN-like,False,19.774002678448408,FREG_50016c5459cdde46,3200,0.9256092509530264,0.9153102093770119,0.983188277733791,0.2743435961664397,0.9376035634165814,0.9374110005310747,435,1.0,True,,False,False,False,32,0.908851654902014,0.8341657345513495,0.9661829973565852,0.43541249951664807,0.9116115026738268,0.832175339860633,1891,1.0,True,,False,False,False,64,435,1.0,True,,False,False,False,KNOWN_OVERLAP,0.31186150698910403,0.27573844201209236,True,False,KNOWN_OVERLAP,Genomic center or interval overlaps a Known annotation.
FREG_5f65ee0fcb5cc0d3,MG1655,3342400,3355200,3348800,12800,WIN_medium_7a7e2500d2d731a8,0.0056701151453313,medium,density,True,False,True,False,True,False,3,8,8,8,False,False,False,,,small_density;medium_density;large_density,False,0.9977559339954676,0.8933340857697032,0.9044095748723474,0.9825264660353764,0.9741294230138589,False,-1,0.0,,OPCID_22365f72e65106b5,OPCID,6.259006732013902,9.389741721674431,6.259006732013902,22.21398341365052,noise,noise,False,,FREG_5f65ee0fcb5cc0d3,6400,0.7074081728020785,0.6632855682074802,0.9600844521973917,0.6062246705823475,0.7460460603739126,0.7172416023164137,1891,1.0,True,,False,False,False,64,0.7074081728020785,0.6632855682074802,0.9600844521973917,0.6062246705823475,0.7460460603739126,0.7172416023164137,1891,1.0,True,,False,False,False,64,1891,1.0,True,,False,False,False,UNANNOTATED_NOISE,0.31186150698910403,0.27573844201209236,True,False,UNANNOTATED_NOISE_REPRODUCIBLE,"Reproducible unclustered candidate, not a new structure class."
FREG_197d91c30a21aa6d,MG1655,3376000,3379200,3377600,3200,WIN_small_2586aa7b83d0196a,0.0407582938388625,small,density,True,False,False,False,False,False,1,1,1,1,False,False,True,OPCID,OPCID_3b8eefccce2e36fc,small_density,True,0.9258245801795726,0.6881733409592109,0.9065714712941156,0.969042489088195,0.8165869939537279,False,1,1.0,,OPCID_ef9d936de4b62940,OPCID,3.408898675537334,4.435365382549122,3.408898675537334,11.647185503928776,clustered,CHIN-like,False,7.845309052725797,FREG_197d91c30a21aa6d,3200,0.7643646011695526,0.7563783018997514,0.9666310361033943,0.5071133713214462,0.789842948217078,0.7985805607838931,435,1.0,True,,False,False,False,32,0.6930178321799357,0.6540324522957829,0.9183363254507021,0.6223743789049494,0.6965904623276286,0.6552698232630186,1891,1.0,True,,False,False,False,64,435,1.0,True,,False,False,False,KNOWN_OVERLAP,0.31186150698910403,0.27573844201209236,True,False,KNOWN_OVERLAP,Genomic center or interval overlaps a Known annotation.
FREG_673fd16dbc85d929,MG1655,3392400,3406400,3394000,14000,WIN_small_047ca442a0238e95,0.007093189358813,small,shape,False,True,False,True,False,True,3,5,4,4,False,False,False,,,small_shape;medium_shape;large_shape,False,0.946443645228033,0.948434569552828,0.9909539013689146,0.9853235752075076,0.9665384076453222,False,1,1.0,,OPCID_3808275a8edee593,OPCID,4.398949625296125,6.524784042622892,4.398949625296125,13.161799232247304,clustered,CHIN-like,False,12.557195297306608,FREG_673fd16dbc85d929,3200,0.33616781973289883,0.34868745335693085,0.933937446061383,0.9810409223675224,0.3507120422774498,0.3739948931546957,435,1.0,True,,False,False,False,32,0.43185183443964514,0.3959080747463461,0.8913605757992591,0.887442132604512,0.43860743897426,0.39937879235643226,1891,1.0,True,,False,False,False,64,435,1.0,True,,False,False,False,UNANNOTATED_CLUSTERED,0.31186150698910403,0.27573844201209236,True,False,KNOWN_LIKE_CLUSTER_REPRODUCIBLE,"Genomically unannotated, but in a Known-containing representation cluster; not a type assignment."
FREG_d8009ca77bbfd55b,MG1655,3409600,3422400,3416000,12800,WIN_large_e3e61cde604d2c99,0.015108567415539,large,shape,False,False,False,False,False,True,1,1,1,1,False,True,True,CHIN,CHIN_0134e150bffadd1b,large_shape,True,0.5999686781567524,0.867539452850804,0.9605552269778664,0.9827115436679792,0.879451857847324,False,1,1.0,,CHIN_2f0656ffb562f4fc,CHIN,4.021153810577204,4.021153810577204,7.977286013175068,8.600192177538517,clustered,CHIN-like,False,9.735411032594376,FREG_d8009ca77bbfd55b,12800,0.22912588570872514,0.1862004661812256,0.6750661911512421,1.0970963165527698,0.2561274880247976,0.22786249587017096,7875,1.0,True,,False,False,False,128,0.3430726499825832,0.2832328597018469,0.7649016589691208,0.9503487905383293,0.4218183709480459,0.3720947186409261,1891,1.0,True,,False,False,False,64,7875,1.0,True,,False,False,False,KNOWN_OVERLAP,0.31186150698910403,0.27573844201209236,False,False,KNOWN_OVERLAP,Genomic center or interval overlaps a Known annotation.
FREG_e015e1cbb82f3fda,MG1655,3429600,3452800,3440400,23200,WIN_small_f563efa3c06c7b27,0.0009478672985781,small,density,True,True,True,True,True,False,5,21,21,18,False,True,True,OPCID,OPCID_5c038f6d802a0373,small_density;small_shape;medium_density;medium_shape;large_density,True,0.999181099557897,0.9934630234183182,0.9994678994393484,0.9977015005238026,0.9971848082592762,False,-1,0.0,,OPCID_17d26e5c8bdd11fa,OPCID,9.861370444794549,11.53793584816366,9.861370444794549,23.093437641358484,noise,noise,False,,FREG_e015e1cbb82f3fda,3200,0.9438230350722001,0.9429976641039816,0.9864839911189669,0.24996041781603381,0.9537294112702392,0.9600101380636344,435,1.0,True,,False,False,False,32,0.9582992487309886,0.931151472492826,0.9833129366693611,0.19582139531909204,0.9603330355517313,0.9333284596859105,1891,1.0,True,,False,False,False,64,435,1.0,True,,False,False,False,KNOWN_OVERLAP,0.31186150698910403,0.27573844201209236,True,False,KNOWN_OVERLAP,Genomic center or interval overlaps a Known annotation.
FREG_3c7065d27965c923,MG1655,3456000,3468800,3462400,12800,WIN_large_a8f8e98196078a73,0.027027027027027,large,shape,False,False,False,False,False,True,1,1,0,1,False,False,False,,,large_shape,False,0.585095617465518,0.9320909585801476,0.9732000460655734,0.9792643202000846,0.8993094167679456,False,1,1.0,,CHIN_0a55e534fdc7545d,CHIN,4.5377541648470165,4.5377541648470165,8.31320627784582,10.04318694798823,clustered,CHIN-like,False,10.47171406863176,FREG_3c7065d27965c923,12800,0.18847272841401186,0.1562867136899063,0.6538421815537917,1.0720433459769394,0.2367275048822752,0.20942016748301756,7875,1.0,True,,False,False,False,128,0.4117383684325054,0.263971447343679,0.7746685172035382,0.9363373258367127,0.5269210042134316,0.37802777884133837,1891,1.0,True,,False,False,False,64,7875,1.0,True,,False,False,False,UNANNOTATED_CLUSTERED,0.31186150698910403,0.27573844201209236,False,False,KNOWN_LIKE_CLUSTER_LOW_REPRODUCIBILITY,"Genomically unannotated, but in a Known-containing representation cluster; not a type assignment."
FREG_3fb3b4c0cc922b63,MG1655,3471200,3474400,3472800,3200,WIN_small_e3fb416d7211bd54,0.0454581187043859,small,density,True,False,False,False,False,False,1,1,1,1,False,False,False,,,small_density,False,0.9287205367483636,0.9192126953553876,0.9935465073591216,0.986577990598271,0.9503934386398112,False,-1,0.0,,OPCID_9d9e69ad0ce51f11,OPCID,8.530649440613905,8.661153842132952,8.530649440613905,12.369117495451295,noise,noise,False,,FREG_3fb3b4c0cc922b63,3200,0.5630204406643029,0.5411886999981402,0.9576952962899411,0.7338299787307245,0.6262784060094035,0.6341246935499165,435,1.0,True,,False,False,False,32,0.8026370700526823,0.8082680798925646,0.9246412993087838,0.35961250990441357,0.8061847080179367,0.8118279595357928,1891,1.0,True,,True,True,True,64,435,1.0,True,,False,False,False,UNANNOTATED_NOISE,0.31186150698910403,0.27573844201209236,True,False,UNANNOTATED_NOISE_REPRODUCIBLE,"Reproducible unclustered candidate, not a new structure class."
FREG_9160ea6e04d0fce4,MG1655,3483600,3491200,3486800,7600,WIN_small_ab7998c9375b0a2f,0.0104265402843601,small,density,True,False,True,False,False,False,2,3,3,3,False,False,False,,,small_density;medium_density,False,0.9935064441723592,0.8341773723211772,0.9973661783931108,0.9871516232921932,0.9738281220309336,False,1,0.9104190570866396,,OPCID_f124da0b3913d5c3,OPCID,4.613592366269669,6.727792022679113,4.613592366269669,17.890158011451458,clustered,CHIN-like,False,17.38424663799635,FREG_9160ea6e04d0fce4,3200,0.8414606879249479,0.8369654361138785,0.9731241324706668,0.41608547764528864,0.8722342012220716,0.8850174059264307,435,1.0,True,,False,False,False,32,0.8360468789550849,0.7938618084228635,0.9523680789164992,0.4569122820832066,0.84182177243434,0.7953446992599884,1891,1.0,True,,False,False,False,64,435,1.0,True,,False,False,False,UNANNOTATED_CLUSTERED,0.31186150698910403,0.27573844201209236,True,False,KNOWN_LIKE_CLUSTER_REPRODUCIBLE,"Genomically unannotated, but in a Known-containing representation cluster; not a type assignment."
FREG_592b8ee6e80c0332,MG1655,3499200,3512000,3505600,12800,WIN_large_90ea040468604a09,0.0202702702702702,large,shape,False,False,False,False,False,True,1,1,1,1,False,False,False,,,large_shape,False,0.8063196909371748,0.7769773027740168,0.94596094392102,0.994112360409394,0.8922786701033439,False,1,1.0,,CHIN_2f0656ffb562f4fc,CHIN,4.186744262299416,4.186744262299416,7.898296163215752,10.401714697945051,clustered,CHIN-like,False,10.058175523618408,FREG_592b8ee6e80c0332,12800,0.2603338093124298,0.2130072548376701,0.6818601177386461,1.1014215304315738,0.2896520391424636,0.25827687438949737,7875,1.0,True,,False,False,False,128,0.4190776521195632,0.2551718817246959,0.7822557201599651,0.9273004413747739,0.5148260826892704,0.3677503584510147,1891,1.0,True,,False,False,False,64,7875,1.0,True,,False,False,False,UNANNOTATED_CLUSTERED,0.31186150698910403,0.27573844201209236,False,False,KNOWN_LIKE_CLUSTER_LOW_REPRODUCIBILITY,"Genomically unannotated, but in a Known-containing representation cluster; not a type assignment."
FREG_a1f94ce6c9ac1856,MG1655,3512000,3515200,3513600,3200,WIN_small_f3e6ccc66a12abef,0.0309765585561479,small,shape,False,True,False,False,False,False,1,1,1,0,False,False,False,,,small_shape,False,0.9750639019732128,0.9380199773734048,0.9353534705495352,0.992449192967154,0.950386068079357,False,1,0.8091846407316651,,CHIN_23a574b35aa4cad2,CHIN,3.348682951662524,3.348682951662524,6.560585734304222,13.94384526830657,clustered,CHIN-like,False,11.041411126893324,FREG_a1f94ce6c9ac1856,3200,0.36543071992281073,0.35056009628557705,0.9253171857996649,0.9052900294304365,0.3680464478057574,0.3613279184705847,435,1.0,True,,False,False,False,32,0.5227340149626514,0.49363658270968713,0.8908378861808166,0.8293904708973293,0.5235498892757219,0.4947884669901404,1891,1.0,True,,False,False,False,64,435,1.0,True,,False,False,False,UNANNOTATED_CLUSTERED,0.31186150698910403,0.27573844201209236,True,False,KNOWN_LIKE_CLUSTER_REPRODUCIBLE,"Genomically unannotated, but in a Known-containing representation cluster; not a type assignment."
FREG_3ac62dfe3e5c70a8,MG1655,3515200,3518400,3516800,3200,WIN_small_a1bce5d5e3f20700,0.043591591611628,small,density,True,False,False,False,False,False,1,1,1,1,False,False,False,,,small_density,False,0.980370004002017,0.8728840016940378,0.8808459584292315,0.9714428760595286,0.9401888406414736,False,1,1.0,,OPCID_69a72fb00fdc2938,OPCID,2.550860773999155,5.515357762965066,2.550860773999155,14.12150842698962,clustered,CHIN-like,False,9.67103887159844,FREG_3ac62dfe3e5c70a8,3200,0.6547877233579597,0.6181820196336312,0.9581659032174208,0.6737276163025102,0.6954353638945445,0.6800427149910279,435,1.0,True,,False,False,False,32,0.5768807260998826,0.5466411333515715,0.9176752495854071,0.7206426448781472,0.585002479144787,0.5534640835240306,1891,1.0,True,,False,False,False,64,435,1.0,True,,False,False,False,UNANNOTATED_CLUSTERED,0.31186150698910403,0.27573844201209236,True,False,KNOWN_LIKE_CLUSTER_REPRODUCIBLE,"Genomically unannotated, but in a Known-containing representation cluster; not a type assignment."
FREG_18308d8d16cb77ab,MG1655,3531200,3537600,3534400,6400,WIN_small_34080cbc56c1aa59,0.0018957345971563,small,density,True,False,True,False,False,False,2,4,4,4,False,False,False,,,small_density;medium_density,False,0.999389429691388,0.994248613809856,0.9949334376912304,0.9971197725501338,0.9951179226832512,False,1,0.9813937925299312,,OPCID_a2fcb5ddde5dbcf6,OPCID,4.279649813483509,9.712614136898589,4.279649813483509,23.489174155021637,clustered,CHIN-like,False,22.2209747115219,FREG_18308d8d16cb77ab,3200,0.8591035523422345,0.8153225243586447,0.9819272929128658,0.4180127937720405,0.9020373164971469,0.8746706526643413,435,1.0,True,,False,False,False,32,0.8664244119562637,0.8387159900408864,0.9640938543258096,0.3944844004105217,0.8740861229683909,0.8492572072441551,1891,1.0,True,,False,False,False,64,435,1.0,True,,False,False,False,UNANNOTATED_CLUSTERED,0.31186150698910403,0.27573844201209236,True,False,KNOWN_LIKE_CLUSTER_REPRODUCIBLE,"Genomically unannotated, but in a Known-containing representation cluster; not a type assignment."
FREG_03698d335d449109,MG1655,3540800,3574000,3549200,33200,WIN_small_089dad41168928ce,0.0009478672985781,small,density,True,True,True,True,True,False,5,19,17,18,False,True,True,OPCID,OPCID_3ca243441c0a5a91;OPCID_6e5625e30f0c3e40,small_density;small_shape;medium_density;medium_shape;large_density,True,0.9996456171428432,0.9925833050748232,0.9976162278057376,0.9994970093985708,0.984254482859798,False,-1,0.0,,OPCID_3ca243441c0a5a91,OPCID,12.010409234470137,19.46859909492897,12.010409234470137,32.66028786895923,noise,noise,False,,FREG_03698d335d449109,3200,0.8306075950464245,0.7133583245457159,0.9823031891632076,0.496915257939991,0.8927724690146468,0.8058111239539654,435,1.0,True,,False,False,False,32,0.8509802177187249,0.855363568319527,0.9716183702712896,0.33188699907668007,0.8682460717506664,0.8763711423300428,1891,1.0,True,,False,False,False,64,435,1.0,True,,False,False,False,KNOWN_OVERLAP,0.31186150698910403,0.27573844201209236,True,False,KNOWN_OVERLAP,Genomic center or interval overlaps a Known annotation.
FREG_76c0f54100c00508,MG1655,3585600,3598400,3592000,12800,WIN_large_3ad3a5be063f324b,0.0331012127403131,large,shape,False,False,False,False,False,True,1,1,0,1,False,False,False,,,large_shape,False,0.9903853185266176,0.7500519329581565,0.9714399221772368,0.992687189057698,0.9091901438649364,False,1,1.0,,CHIN_2f0656ffb562f4fc,CHIN,5.741161067651612,5.741161067651612,8.589331809982781,11.224984499007384,clustered,CHIN-like,False,10.906183349622667,FREG_76c0f54100c00508,12800,0.27461384686740403,0.2159865718578292,0.7008079190782451,1.0628668541159518,0.3037935020263773,0.26054503707405974,7875,1.0,True,,False,False,False,128,0.4793127177788426,0.29370006164667256,0.803458995394828,0.8969893744746146,0.5627838094277157,0.4008738482913816,1891,1.0,True,,False,False,False,64,7875,1.0,True,,False,False,False,UNANNOTATED_CLUSTERED,0.31186150698910403,0.27573844201209236,False,False,KNOWN_LIKE_CLUSTER_LOW_REPRODUCIBILITY,"Genomically unannotated, but in a Known-containing representation cluster; not a type assignment."
FREG_5e71eb22a239e0f3,MG1655,3598400,3605600,3601600,7200,WIN_small_e654b4abcd25c228,0.0189573459715639,small,density,True,False,True,False,False,False,2,3,3,3,False,False,False,,,small_density;medium_density,False,0.993374633624892,0.9207632674922074,0.9105535055906606,0.97547312219277,0.9736566333940504,False,1,0.9655795634405356,,OPCID_f235f321095064d1,OPCID,4.770075059422659,5.486371215635005,4.770075059422659,15.98920555318294,clustered,CHIN-like,False,14.146639998746776,FREG_5e71eb22a239e0f3,3200,0.8532678009870751,0.8312372694201833,0.9741071268757965,0.41290569572821845,0.8767042872331023,0.8755210129228721,435,1.0,True,,False,False,False,32,0.7757289814463081,0.6916249814533189,0.9499069036997655,0.5785477714890139,0.7855714397446136,0.7083773275490106,1891,1.0,True,,False,False,False,64,435,1.0,True,,False,False,False,UNANNOTATED_CLUSTERED,0.31186150698910403,0.27573844201209236,True,False,KNOWN_LIKE_CLUSTER_REPRODUCIBLE,"Genomically unannotated, but in a Known-containing representation cluster; not a type assignment."
FREG_b78622a8d089b9a6,MG1655,3623200,3626400,3624800,3200,WIN_small_e9c1111aeff044a7,0.0435193944388586,small,shape,False,True,False,False,False,False,1,1,1,0,True,False,False,,,small_shape,False,0.986630520229721,0.9745827245972812,0.9998250301929466,0.9998934066654074,0.988728264002874,False,-1,0.0,,CHIN_101609e6a031b5b2,CHIN,12.16615119502818,12.16615119502818,30.79355636027697,26.962458391772717,noise,noise,False,,FREG_b78622a8d089b9a6,3200,0.7955556063081173,0.8155891478216332,0.8655557597680227,0.5713091960942965,0.8296997527397539,0.8437936801925034,435,1.0,True,,True,True,True,32,0.7588765067374689,0.8050327104004608,0.8383252108997438,0.5865087370584716,0.786238426417549,0.8233932475895631,1891,1.0,True,,True,True,True,64,435,1.0,True,,True,True,True,UNANNOTATED_NOISE,0.31186150698910403,0.27573844201209236,True,False,UNANNOTATED_NOISE_REPRODUCIBLE,"Reproducible unclustered candidate, not a new structure class."
FREG_71a1810f771bdea6,MG1655,3631600,3634800,3633200,3200,WIN_small_22a87eae65b517c5,0.0357309513269587,small,density,True,False,False,False,False,False,1,1,1,1,False,True,True,CHID;CHIN,CHID_73f567423cf41748;CHIN_276dc2f80d3fd17b;CHIN_597d783bf467e297;CHIN_5d54f5e6e2eeaaf5;CHIN_c4faaae576113acc,small_density,True,0.9497326335225226,0.991391548851846,0.973132394906366,0.9230561606047591,0.9223338407882096,False,1,1.0,,CHID_73f567423cf41748,CHID,1.5563114623201029,2.8182261814833303,11.204870789445277,1.5563114623201029,clustered,CHIN-like,False,15.07058419482838,FREG_71a1810f771bdea6,3200,0.8689313173833363,0.9070036935858397,0.9581663315471992,0.47592588197320806,0.8788788424319267,0.9161648037658454,435,1.0,True,,False,False,False,32,0.8229600744031901,0.7898310312878848,0.9301582871436227,0.5615895330928415,0.8255790963434302,0.786522439173492,1891,1.0,True,,False,False,False,64,435,1.0,True,,False,False,False,KNOWN_OVERLAP,0.31186150698910403,0.27573844201209236,True,False,KNOWN_OVERLAP,Genomic center or interval overlaps a Known annotation.
FREG_e5cc7b1efae1a138,MG1655,3637600,3644400,3641200,6800,WIN_small_a902e92491842d85,0.0009478672985781,small,density,True,False,True,False,False,False,2,4,4,4,False,True,True,OPCID,OPCID_f124da0b3913d5c3,small_density;medium_density,True,0.9950309043617775,0.987783921649902,0.992185835995814,0.9814808987321216,0.990920909146046,False,1,0.945970262061244,,OPCID_f124da0b3913d5c3,OPCID,4.04483065063364,10.094062673215758,4.04483065063364,21.271217782406964,clustered,CHIN-like,False,19.986445942109263,FREG_e5cc7b1efae1a138,3200,0.9004459075889056,0.9065450021173795,0.9824851665550007,0.30943370333587367,0.9249691629865219,0.936328576787161,435,1.0,True,,False,False,False,32,0.8895739727874664,0.8270099614473077,0.9658049900104779,0.41225270329036384,0.8948684295291005,0.8363866181975756,1891,1.0,True,,False,False,False,64,435,1.0,True,,False,False,False,KNOWN_OVERLAP,0.31186150698910403,0.27573844201209236,True,False,KNOWN_OVERLAP,Genomic center or interval overlaps a Known annotation.
FREG_7a99d7dca32569ea,MG1655,3647200,3650400,3648800,3200,WIN_small_7c2eb188608f9ee4,0.0445396781970452,small,shape,False,True,False,False,False,False,1,1,1,0,False,False,False,,,small_shape,False,0.2163256116564137,0.8597581655196448,0.9642294873498198,0.9428341154265204,0.7850524038084604,False,1,0.8341845264871309,,CHIN_e75b43fe8984729d,CHIN,5.51643028008711,5.51643028008711,8.937626072455444,9.877270797618058,clustered,CHIN-like,False,9.73730562050195,FREG_7a99d7dca32569ea,3200,0.40556931029412757,0.4016003565460537,0.9007950821576657,0.865618457376756,0.4544052351554621,0.4868669243854253,435,1.0,True,,False,False,False,32,0.3059160633295371,0.30105244913724927,0.8245006705653107,0.9269560353373181,0.33891185866728335,0.3574968222455362,1891,1.0,True,,False,False,False,64,435,1.0,True,,False,False,False,UNANNOTATED_CLUSTERED,0.31186150698910403,0.27573844201209236,True,False,KNOWN_LIKE_CLUSTER_REPRODUCIBLE,"Genomically unannotated, but in a Known-containing representation cluster; not a type assignment."
FREG_ec68581bc4f6ef27,MG1655,3697600,3700800,3699200,3200,WIN_small_8ee13e0cc071706f,0.0137685678164295,small,shape,False,True,False,False,False,False,1,1,0,1,False,False,False,,,small_shape,False,0.9336457174445566,0.4769245400588339,0.957092708790998,0.9323622887713534,0.6215880528515502,False,1,1.0,,OPCID_3b8eefccce2e36fc,OPCID,3.1247299923903022,3.69194592505994,3.1247299923903022,9.500971949192396,clustered,CHIN-like,False,7.85634700556555,FREG_ec68581bc4f6ef27,3200,0.3190930865850898,0.3421875687996354,0.924145335040112,0.9600260793994017,0.32665545717721434,0.3658193145736994,435,1.0,True,,False,False,False,32,0.39092332288964193,0.40264352642420514,0.8687066328759822,0.9017702806947039,0.3940768789909593,0.4124122414673426,1891,1.0,True,,False,False,False,64,435,1.0,True,,False,False,False,UNANNOTATED_CLUSTERED,0.31186150698910403,0.27573844201209236,True,False,KNOWN_LIKE_CLUSTER_REPRODUCIBLE,"Genomically unannotated, but in a Known-containing representation cluster; not a type assignment."
FREG_bc663b2769015222,MG1655,3704800,3711200,3707200,6400,WIN_small_bf98a6b237d026cc,0.0222698390985226,small,density,True,False,True,False,False,False,2,3,3,2,False,False,False,,,small_density;medium_density,False,0.98996620109665,0.9270292623671706,0.9870412937556818,0.4736649864302237,0.964868003949224,False,1,1.0,,OPCID_430b7c0bb5fc530a,OPCID,4.207142147065052,5.890555639430364,4.207142147065052,17.015705976734925,clustered,CHIN-like,False,13.39227216053054,FREG_bc663b2769015222,3200,0.8719405162676271,0.8230567652803654,0.9741745442137235,0.4512920588881665,0.889272793586409,0.8663054481612747,435,1.0,True,,False,False,False,32,0.8107763259871109,0.7091633840433733,0.9441520347836824,0.5524271954228726,0.8154788325099955,0.7111307193651177,1891,1.0,True,,False,False,False,64,435,1.0,True,,False,False,False,UNANNOTATED_CLUSTERED,0.31186150698910403,0.27573844201209236,True,False,KNOWN_LIKE_CLUSTER_REPRODUCIBLE,"Genomically unannotated, but in a Known-containing representation cluster; not a type assignment."
FREG_1f5d6ce85d1ab652,MG1655,3724800,3728000,3726400,3200,WIN_small_fbb8c6290e63761a,0.0110132227854237,small,shape,False,True,False,False,False,False,1,1,1,1,False,False,False,,,small_shape,False,0.774572669976643,0.9211716543984984,0.905640563150923,0.9419523714011304,0.9068777207932364,False,1,1.0,,CHIN_17d8930e9adab5f0,CHIN,4.791452291235157,4.791452291235157,6.086427452081748,6.67677425853872,clustered,CHIN-like,False,8.436936905442023,FREG_1f5d6ce85d1ab652,3200,0.283543796588335,0.27249445287678264,0.901268674387869,0.927112495813833,0.33337545632966314,0.3414232712729253,435,1.0,True,,False,False,False,32,0.3779390326334012,0.34208639236724836,0.8448165547644202,0.8396193872428969,0.3995841129336859,0.381821150906446,1891,1.0,True,,False,False,False,64,435,1.0,True,,False,False,False,UNANNOTATED_CLUSTERED,0.31186150698910403,0.27573844201209236,False,False,KNOWN_LIKE_CLUSTER_LOW_REPRODUCIBILITY,"Genomically unannotated, but in a Known-containing representation cluster; not a type assignment."
FREG_0b60f99aaa90f305,MG1655,3735200,3741600,3738400,6400,WIN_small_e581aade2eef8006,0.0046435824507737,small,density,True,False,True,False,False,False,2,4,4,4,False,True,True,OPCID,OPCID_a2fcb5ddde5dbcf6,small_density;medium_density,True,0.99423363802047,0.97927120340706,0.9907539634541872,0.984131501865588,0.9846491756104736,False,1,1.0,,OPCID_a2fcb5ddde5dbcf6,OPCID,3.156230310665745,8.93871770943244,3.156230310665745,23.085216021283586,clustered,CHIN-like,False,21.394897307548327,FREG_0b60f99aaa90f305,3200,0.8374953062999732,0.7946053264746852,0.9787588475638775,0.4666843603038753,0.8818241674208549,0.8603531628890114,435,1.0,True,,False,False,False,32,0.8094282726093789,0.80779561632643,0.9578032892517955,0.41301092288155344,0.8219317259195955,0.8201412469300898,1891,1.0,True,,False,False,False,64,435,1.0,True,,False,False,False,KNOWN_OVERLAP,0.31186150698910403,0.27573844201209236,True,False,KNOWN_OVERLAP,Genomic center or interval overlaps a Known annotation.
FREG_e9ba2a9c562587f0,MG1655,3744000,3756800,3750400,12800,WIN_large_b9077dcda2c0f4d9,0.0117030459970869,large,shape,False,False,False,False,False,True,1,1,1,1,False,True,True,CHIN,CHIN_71cfdc3af27cb741,large_shape,True,0.9340200384202066,0.7320177554724923,0.9534724924664446,0.994232120623344,0.910415780022656,False,1,1.0,,CHIN_2f0656ffb562f4fc,CHIN,4.4455148346846975,4.4455148346846975,8.38060112307853,10.4741156223326,clustered,CHIN-like,False,10.731564670510638,FREG_e9ba2a9c562587f0,12800,0.2699752261502347,0.2007841975545896,0.7070205765118893,1.0689912100160082,0.29433963473131997,0.24257880315349595,7875,1.0,True,,False,False,False,128,0.4879579471354004,0.2925281030894293,0.8110401752237898,0.8773301780632998,0.5581795538187653,0.39598455573550956,1891,1.0,True,,False,False,False,64,7875,1.0,True,,False,False,False,KNOWN_OVERLAP,0.31186150698910403,0.27573844201209236,False,False,KNOWN_OVERLAP,Genomic center or interval overlaps a Known annotation.
FREG_b75c71fb585afd01,MG1655,3761600,3776000,3766400,14400,WIN_small_9d0ce6b7983936ba,0.0009478672985781,small,shape,False,True,False,False,False,True,2,3,2,3,True,True,True,CHID;CHIN,CHID_829be93d3f3a9719;CHIN_cfc9f22558808905;CHIN_f860adadaee690b7,small_shape;large_shape,True,0.9934489974649752,0.9830323277075604,0.999282863221226,0.9996288709200896,0.96920327603198,False,-1,0.0,,CHIN_101609e6a031b5b2,CHIN,24.611896412675563,24.611896412675563,45.71722825790175,39.357537863216905,noise,noise,False,,FREG_b75c71fb585afd01,3200,0.9291505574326834,0.891813856701155,0.9455140053865262,0.5844071610178969,0.9315259381344348,0.9064134569683202,435,1.0,True,,True,True,True,32,0.9303741061465007,0.9482322925525296,0.9451431012182925,0.65442013839996,0.9311370203525151,0.9519689782709649,1891,1.0,True,,True,True,True,64,435,1.0,True,,True,True,True,KNOWN_OVERLAP,0.31186150698910403,0.27573844201209236,True,False,KNOWN_OVERLAP,Genomic center or interval overlaps a Known annotation.
FREG_5808f814db7aac35,MG1655,3782000,3785200,3783600,3200,WIN_small_cdd006b73b7bfb4b,0.0388625592417061,small,density,True,False,False,False,False,False,1,1,1,1,False,False,False,,,small_density,False,0.9881085228042896,0.5689591729233577,0.872639747480381,0.8540926418162724,0.8919821067495528,False,1,1.0,,OPCID_69a72fb00fdc2938,OPCID,3.810842729330599,4.465987842122899,3.810842729330599,13.873027948575391,clustered,CHIN-like,False,9.754173499324931,FREG_5808f814db7aac35,3200,0.6728343334951691,0.6488722417803775,0.957877432619356,0.6073960291064129,0.7099938022472931,0.7071090732293822,435,1.0,True,,False,False,False,32,0.6301266130896341,0.5909773287503753,0.9198744254653756,0.6744667565778611,0.6324043892343207,0.5903447095300616,1891,1.0,True,,False,False,False,64,435,1.0,True,,False,False,False,UNANNOTATED_CLUSTERED,0.31186150698910403,0.27573844201209236,True,False,KNOWN_LIKE_CLUSTER_REPRODUCIBLE,"Genomically unannotated, but in a Known-containing representation cluster; not a type assignment."
FREG_5bfbb87dac6470f6,MG1655,3793600,3808000,3802800,14400,WIN_small_5debe0087248064d,0.0276348431035321,small,density,True,False,True,False,True,False,3,7,7,4,False,True,True,CHID;CHIN,CHID_2dad41c5a944685a;CHIN_20cbe6301103e773;CHIN_2162125d7d40a72a;CHIN_3ed028798e697d9f;CHIN_4290884d21f50f71;CHIN_4be9a90f7551ea66;CHIN_7480d77a14ad4716;CHIN_8cf1c5b9776a09cc;CHIN_98acb48ba1e7481b;CHIN_9d23c5f02dd7374e;CHIN_b70b5bec64024ebb;CHIN_de804d8b4eb4fa33,small_density;medium_density;large_density,True,0.876915229126514,0.978600509026949,0.9859764184015036,0.9501433574754312,0.8865776568343113,False,1,1.0,,CHIN_3ed028798e697d9f,CHIN,1.9677393806277383,1.9677393806277383,10.66690050971713,2.085397619055621,clustered,CHIN-like,False,13.555806136532004,FREG_5bfbb87dac6470f6,3200,0.8782511505065068,0.8730694467416185,0.9654688979392635,0.4223894171317441,0.8875478507754834,0.8848265979196435,435,1.0,True,,False,False,False,32,0.8229467896084998,0.8236698873098925,0.9493501940230948,0.5426990595897403,0.8319165658342089,0.8409345498027805,1891,1.0,True,,False,False,False,64,435,1.0,True,,False,False,False,KNOWN_OVERLAP,0.31186150698910403,0.27573844201209236,True,False,KNOWN_OVERLAP,Genomic center or interval overlaps a Known annotation.
FREG_170bc6971c42582b,MG1655,3838400,3851200,3844800,12800,WIN_large_054b79e2e0e60523,0.0067567567567567,large,shape,False,False,False,False,False,True,1,1,1,1,False,True,True,CHIN,CHIN_4c746ab4abe6056d,large_shape,True,0.8563303125329941,0.7828224916028227,0.7805773303315928,0.9903175490474404,0.8922053348601618,False,1,1.0,,CHIN_2f0656ffb562f4fc,CHIN,2.396192501677389,2.396192501677389,5.740581942760579,8.103736969534022,clustered,CHIN-like,False,8.09499650597037,FREG_170bc6971c42582b,12800,0.17217810390504407,0.1598753603338578,0.7051849115901283,1.0795028966156568,0.20034338705199364,0.20130632869109624,7875,1.0,True,,False,False,False,128,0.3763886700897273,0.2911492691765298,0.8139234018958132,0.8844125439868062,0.4407284210177816,0.3807775716609531,1891,1.0,True,,False,False,False,64,7875,1.0,True,,False,False,False,KNOWN_OVERLAP,0.31186150698910403,0.27573844201209236,False,False,KNOWN_OVERLAP,Genomic center or interval overlaps a Known annotation.
FREG_f22a9ca580a2c527,MG1655,3862800,3869600,3866000,6800,WIN_small_d3ca2b54291d97ca,0.0168229756865391,small,density,True,False,True,False,False,False,2,4,4,4,False,True,True,OPCID,OPCID_7a387ab67a4e089c,small_density;medium_density,True,0.9906478537675169,0.9798861923089968,0.9933110578940516,0.9727991912721928,0.9836142530955954,False,1,1.0,,OPCID_f124da0b3913d5c3,OPCID,3.558812027944924,6.792141023962069,3.558812027944924,17.243857734653268,clustered,CHIN-like,False,17.57423082432944,FREG_f22a9ca580a2c527,3200,0.8854648241103671,0.8456822736499789,0.9760628369404228,0.4129702467465052,0.9012516259388166,0.8862166193659563,435,1.0,True,,False,False,False,32,0.8352424896193359,0.801712131870348,0.95464865072591,0.4740762941030272,0.8419583179893666,0.807278909907744,1891,1.0,True,,False,False,False,64,435,1.0,True,,False,False,False,KNOWN_OVERLAP,0.31186150698910403,0.27573844201209236,True,False,KNOWN_OVERLAP,Genomic center or interval overlaps a Known annotation.
FREG_05a0cf3fde05e2f7,MG1655,3875200,3897600,3888000,22400,WIN_small_1c9a485521a9a74a,0.0009478672985781,small,density,True,True,True,True,True,False,5,13,12,13,False,True,True,CHIN,CHIN_12faf31bfcc0dac1,small_density;small_shape;medium_density;medium_shape;large_density,True,0.998390260173745,0.9959347502563112,0.998722451102916,0.994055047903528,0.9965316708973022,False,-1,0.0,,CHIN_ee3355b18d634b8e,CHIN,6.487523886983933,6.487523886983933,8.292681286857063,20.74080898241367,noise,noise,False,,FREG_05a0cf3fde05e2f7,3200,0.9566784308487799,0.9466341524076234,0.9854857590501129,0.20474965623838576,0.9616039921341976,0.952904423183409,435,1.0,True,,False,False,False,32,0.9463098235381104,0.8788835941096188,0.9789765790758794,0.29380726864428375,0.948696077192489,0.8834427113179063,1891,1.0,True,,False,False,False,64,435,1.0,True,,False,False,False,KNOWN_OVERLAP,0.31186150698910403,0.27573844201209236,True,False,KNOWN_OVERLAP,Genomic center or interval overlaps a Known annotation.
FREG_7bb0def6a7b76a96,MG1655,3911600,3924800,3918400,13200,WIN_medium_198b237734ee8ac6,0.0023148148148148,medium,density,True,True,True,False,True,False,4,10,10,10,False,True,True,OPCID,OPCID_22365f72e65106b5,small_density;small_shape;medium_density;large_density,True,0.9906813904510604,0.9673945873505484,0.8869255308534453,0.9879456184932546,0.965996164777165,False,1,0.7449289127790264,,OPCID_22365f72e65106b5,OPCID,5.545647876795688,8.221725022706153,5.545647876795688,21.056022166189525,clustered,CHIN-like,False,17.25622327549962,FREG_7bb0def6a7b76a96,6400,0.6582675644260115,0.6610046646814784,0.9575186361218657,0.6413068036186963,0.708885704520164,0.7174885512499226,1891,1.0,True,,False,False,False,64,0.6582675644260115,0.6610046646814784,0.9575186361218657,0.6413068036186963,0.708885704520164,0.7174885512499226,1891,1.0,True,,False,False,False,64,1891,1.0,True,,False,False,False,KNOWN_OVERLAP,0.31186150698910403,0.27573844201209236,True,False,KNOWN_OVERLAP,Genomic center or interval overlaps a Known annotation.
FREG_8a7aa8e9ef61cfa1,MG1655,3930000,3941200,3939600,11200,WIN_small_e7d4e924b22990d1,0.0214058574230069,small,shape,True,True,True,False,False,False,3,5,5,5,False,False,False,,,small_density;small_shape;medium_density,False,0.828605134880367,0.9628394216564414,0.9994006339700854,0.9991513604670272,0.991507699175411,False,-1,0.0,,CHIN_e5de6e56d385e2ef,CHIN,13.274486401515588,13.274486401515588,19.304980553020236,22.40573620224223,noise,noise,False,,FREG_8a7aa8e9ef61cfa1,3200,0.4435339935678481,0.4420730722818713,0.9330557262950702,0.9065643453886721,0.45853469301015914,0.45940748920410246,435,1.0,True,,False,False,False,32,0.8323891258835479,0.8694816353103924,0.9217017838427801,0.34405480941316774,0.8350419149479124,0.868694055801703,1891,1.0,True,,True,True,True,64,435,1.0,True,,False,False,False,UNANNOTATED_NOISE,0.31186150698910403,0.27573844201209236,True,False,UNANNOTATED_NOISE_REPRODUCIBLE,"Reproducible unclustered candidate, not a new structure class."
FREG_c423410ef5466d80,MG1655,3964000,3970400,3965600,6400,WIN_small_216d1e8f200b53cd,0.0146229844744468,small,density,True,False,True,False,False,False,2,4,4,4,False,False,False,,,small_density;medium_density,False,0.99499329058135,0.8340144907308888,0.812291000842026,0.9435223569625876,0.961802402513214,False,1,1.0,,CHIN_faf91596d8b88128,CHIN,3.9654079365024777,3.9654079365024777,4.638446849010127,18.473199541942897,clustered,CHIN-like,False,14.17865542378492,FREG_c423410ef5466d80,3200,0.8890053442696393,0.8032235166614424,0.9758407114519342,0.46851275913706375,0.9042457937588447,0.8631557011914035,435,1.0,True,,False,False,False,32,0.8178714910471956,0.6814488001281915,0.9536795752186024,0.6096096781819327,0.8259601764431121,0.7082682466620862,1891,1.0,True,,False,False,False,64,435,1.0,True,,False,False,False,UNANNOTATED_CLUSTERED,0.31186150698910403,0.27573844201209236,True,False,KNOWN_LIKE_CLUSTER_REPRODUCIBLE,"Genomically unannotated, but in a Known-containing representation cluster; not a type assignment."
FREG_19fafb389f6821c0,MG1655,3974400,3980800,3977600,6400,WIN_medium_935ecc5549da3f55,0.020704333124998,medium,shape,False,True,False,True,False,False,2,2,1,2,False,False,False,,,small_shape;medium_shape,False,0.9359628834883952,0.8980926247356722,0.9844942657008752,0.9869605960085286,0.921814996638254,False,1,0.9903910166655436,,CHIN_27ec42e89ade22e5,CHIN,5.183812231605092,5.183812231605092,5.47194453274348,10.92287974593928,clustered,CHIN-like,False,9.839070673519457,FREG_19fafb389f6821c0,6400,0.20792372690412433,0.21430743320329704,0.8531024792622317,0.972173799919504,0.2252607169203602,0.2537320465335388,1891,1.0,True,,False,False,False,64,0.20792372690412433,0.21430743320329704,0.8531024792622317,0.972173799919504,0.2252607169203602,0.2537320465335388,1891,1.0,True,,False,False,False,64,1891,1.0,True,,False,False,False,UNANNOTATED_CLUSTERED,0.31186150698910403,0.27573844201209236,False,False,KNOWN_LIKE_CLUSTER_LOW_REPRODUCIBILITY,"Genomically unannotated, but in a Known-containing representation cluster; not a type assignment."
FREG_faad4173b025f5d3,MG1655,3985600,3998400,3988000,12800,WIN_small_b94cdc2653dfa5a9,0.0213217476382975,small,density,True,False,True,False,True,False,3,6,6,6,False,True,True,OPCID,OPCID_092946eccc52a81c,small_density;medium_density;large_density,True,0.9919874511425836,0.9244505239438492,0.9665740645002958,0.9732160477682068,0.971250200408768,False,1,0.9991438572128356,,OPCID_ad7cb00f8c882c61,OPCID,4.5127109818211695,6.67700967782786,4.5127109818211695,17.45920958637975,clustered,CHIN-like,False,15.349851790943656,FREG_faad4173b025f5d3,3200,0.7430157267425436,0.7637316712445622,0.9715691175847018,0.5261766585803607,0.7994523917180816,0.8375584687698738,435,1.0,True,,False,False,False,32,0.784075883481762,0.8012819682072901,0.9500553415755449,0.49901849241676227,0.7934745481458267,0.811561202636045,1891,1.0,True,,False,False,False,64,435,1.0,True,,False,False,False,KNOWN_OVERLAP,0.31186150698910403,0.27573844201209236,True,False,KNOWN_OVERLAP,Genomic center or interval overlaps a Known annotation.
FREG_5c4f510acea39341,MG1655,4002800,4006000,4004400,3200,WIN_small_e2021a048a0e55ab,0.0492617496120806,small,shape,False,True,False,False,False,False,1,1,1,0,False,False,True,OPCID,OPCID_092946eccc52a81c,small_shape,True,-0.0471329674046418,0.9124807373544124,0.9521309494739914,0.9764737994373084,0.8611938329860398,False,1,1.0,,CHIN_d1bcd25223375bb6,CHIN,4.892767812228857,4.892767812228857,5.598230444576874,7.471519582304524,clustered,CHIN-like,False,8.777651010589784,FREG_5c4f510acea39341,3200,0.2819426822586448,0.290438281703576,0.8718395058809691,0.9332776444057677,0.37236326875380976,0.40206036023773395,435,1.0,True,,False,False,False,32,0.3428042958835131,0.3169748160772449,0.8372421813936335,0.9133999078351467,0.3671760898100681,0.363849477593806,1891,1.0,True,,False,False,False,64,435,1.0,True,,False,False,False,KNOWN_OVERLAP,0.31186150698910403,0.27573844201209236,False,False,KNOWN_OVERLAP,Genomic center or interval overlaps a Known annotation.
FREG_a340ee223eb14a8b,MG1655,4016000,4028800,4021600,12800,WIN_small_8f40f2a503ea0fe7,0.0127874289698881,small,density,True,False,True,False,True,False,3,7,7,7,False,True,True,OPCID,OPCID_f235f321095064d1,small_density;medium_density;large_density,True,0.99568689110043,0.993864013730562,0.960483843158358,0.962905525595258,0.9843184306551552,False,1,0.8872764280734469,,OPCID_f235f321095064d1,OPCID,1.860866186625601,9.183749960619997,1.860866186625601,17.881150834599012,clustered,CHIN-like,False,17.999192638709843,FREG_a340ee223eb14a8b,3200,0.8477104547111842,0.864549728379504,0.9743965635376503,0.35468862831326,0.8757869108041441,0.900624164783935,435,1.0,True,,False,False,False,32,0.7335424347233185,0.6892168489255555,0.9526197039983267,0.5732032147655853,0.7549013950336234,0.7253613855516217,1891,1.0,True,,False,False,False,64,435,1.0,True,,False,False,False,KNOWN_OVERLAP,0.31186150698910403,0.27573844201209236,True,False,KNOWN_OVERLAP,Genomic center or interval overlaps a Known annotation.
FREG_be1e3265dcb6bee1,MG1655,4031200,4034400,4032800,3200,WIN_small_579f841240675e74,0.0061428821785853,small,shape,False,True,False,False,False,False,1,1,1,1,False,False,False,,,small_shape,False,0.9618875852237422,0.943866406527768,0.9919368878639534,0.9998424356678958,0.971399042268967,False,-1,0.0,,CHIN_e5de6e56d385e2ef,CHIN,13.066240872773074,13.066240872773074,22.393826158358635,21.568221725719223,noise,noise,False,,FREG_be1e3265dcb6bee1,3200,0.3732241459416176,0.3752004225542145,0.9354698010420128,0.9338201111921419,0.37770987729003813,0.38913016631789543,435,1.0,True,,False,False,False,32,0.7402935381137465,0.7640820387922342,0.8998582416007673,0.44780486952422344,0.7468909259619747,0.7624553088798474,1891,1.0,True,,True,True,True,64,435,1.0,True,,False,False,False,UNANNOTATED_NOISE,0.31186150698910403,0.27573844201209236,True,False,UNANNOTATED_NOISE_REPRODUCIBLE,"Reproducible unclustered candidate, not a new structure class."
FREG_917948506f98694d,MG1655,4075200,4078400,4076800,3200,WIN_small_11bbba4fdefd6731,0.030772858920849,small,density,True,False,False,False,False,False,1,1,1,1,False,False,False,,,small_density,False,0.92916403597106,0.6292750839555354,0.958721599029444,0.946800311546412,0.8567069307881789,False,1,1.0,,OPCID_e04790b97d37c16e,OPCID,3.1821430687935406,5.888636474301371,3.1821430687935406,12.044073596709458,clustered,CHIN-like,False,9.70865367702144,FREG_917948506f98694d,3200,0.6563894022351965,0.6644646159281767,0.9611216177924268,0.6080148225665215,0.7171041679855069,0.7507228705145171,435,1.0,True,,False,False,False,32,0.6811468721121084,0.6475757141206717,0.9204757219006041,0.6221241061475455,0.6859355250919823,0.6479040912880017,1891,1.0,True,,False,False,False,64,435,1.0,True,,False,False,False,UNANNOTATED_CLUSTERED,0.31186150698910403,0.27573844201209236,True,False,KNOWN_LIKE_CLUSTER_REPRODUCIBLE,"Genomically unannotated, but in a Known-containing representation cluster; not a type assignment."
FREG_cad9757d375b2f54,MG1655,4080000,4086800,4083200,6800,WIN_medium_cd921bd5db6d9880,0.0287260964027565,medium,density,True,True,True,False,False,False,3,4,4,3,False,False,False,,,small_density;small_shape;medium_density,False,0.9950658682842696,0.872927412356483,0.9113218658738246,0.9760970700327812,0.9615959676116024,False,1,0.9123953085296932,,OPCID_4a51b9db831f2860,OPCID,4.856993733586924,6.372655838367822,4.856993733586924,17.69967459171798,clustered,CHIN-like,False,13.513092549038571,FREG_cad9757d375b2f54,6400,0.6144821672447527,0.5967950959203246,0.9391946310189092,0.7391430028237049,0.6457696501857775,0.653246240099504,1891,1.0,True,,False,False,False,64,0.6144821672447527,0.5967950959203246,0.9391946310189092,0.7391430028237049,0.6457696501857775,0.653246240099504,1891,1.0,True,,False,False,False,64,1891,1.0,True,,False,False,False,UNANNOTATED_CLUSTERED,0.31186150698910403,0.27573844201209236,True,False,KNOWN_LIKE_CLUSTER_REPRODUCIBLE,"Genomically unannotated, but in a Known-containing representation cluster; not a type assignment."
FREG_8f9c3c98be313afa,MG1655,4116000,4119200,4117600,3200,WIN_small_1186bd4d8fc24dbb,0.0322274881516587,small,density,True,False,False,False,False,False,1,1,1,1,False,True,True,OPCID,OPCID_52757c7e517094bd,small_density,True,0.9797891048858304,0.9246481706872136,0.98590373598973,0.967941165879987,0.961899749707872,False,1,1.0,,OPCID_52757c7e517094bd,OPCID,1.7755892547063004,5.892327334387697,1.7755892547063004,14.413007627878589,clustered,CHIN-like,False,10.870766909184605,FREG_8f9c3c98be313afa,3200,0.7390683200216751,0.7220888694651761,0.967783969747616,0.5354965117423125,0.7792542382588876,0.7883897603916545,435,1.0,True,,False,False,False,32,0.689187755694937,0.6329645248993034,0.9278537690267952,0.6110110667395124,0.694399578380156,0.6335632739243772,1891,1.0,True,,False,False,False,64,435,1.0,True,,False,False,False,KNOWN_OVERLAP,0.31186150698910403,0.27573844201209236,True,False,KNOWN_OVERLAP,Genomic center or interval overlaps a Known annotation.
FREG_07a2251bfd6d98e1,MG1655,4128000,4147200,4134400,19200,WIN_large_0932170805ce6a63,0.0067567567567567,large,shape,False,False,False,False,False,True,1,2,2,2,False,False,False,,,large_shape,False,0.9735989119286016,0.942140228814621,0.972117930305886,0.9912616599471904,0.9649128472435692,False,1,1.0,,CHIN_2f0656ffb562f4fc,CHIN,6.103911878381429,6.103911878381429,10.066557025604936,11.278352433694366,clustered,CHIN-like,False,12.098587882092682,FREG_07a2251bfd6d98e1,12800,0.2564345472973688,0.16983193318327885,0.7012714177276784,1.08109500533481,0.29216871255549515,0.22027968578917803,7875,1.0,True,,False,False,False,128,0.5202809455936476,0.2830674257765201,0.8189442222195845,0.9027740937506203,0.575581305309864,0.3869068058835869,1891,1.0,True,,False,False,False,64,7875,1.0,True,,False,False,False,UNANNOTATED_CLUSTERED,0.31186150698910403,0.27573844201209236,False,False,KNOWN_LIKE_CLUSTER_LOW_REPRODUCIBILITY,"Genomically unannotated, but in a Known-containing representation cluster; not a type assignment."
FREG_4bb24303d6e4e3ac,MG1655,4172800,4190400,4179600,17600,WIN_small_c7d9ff7433cc1203,0.0013404867889791,small,density,True,True,True,False,True,False,4,12,9,10,True,False,False,,,small_density;small_shape;medium_density;large_density,False,0.9990156239876724,0.9775113527434252,0.963101697820642,0.9943600894092516,0.9871307472808084,False,-1,0.0,,CHIN_9549903c064709e2,CHIN,10.20312933839337,10.20312933839337,10.577502929648364,21.4451403493622,noise,noise,False,,FREG_4bb24303d6e4e3ac,3200,0.8950881101925318,0.8819898108428988,0.9829402285793829,0.37416922047801127,0.9214175835045588,0.9192653610133253,435,1.0,True,,False,False,False,32,0.9098870236104702,0.9019876831981551,0.9695514280705846,0.3357033166519509,0.9142921920965494,0.917001775212813,1891,1.0,True,,True,True,True,64,435,1.0,True,,False,False,False,UNANNOTATED_NOISE,0.31186150698910403,0.27573844201209236,True,False,UNANNOTATED_NOISE_REPRODUCIBLE,"Reproducible unclustered candidate, not a new structure class."
FREG_dd8ef6e92a048838,MG1655,4200800,4204000,4202400,3200,WIN_small_b4e5bb1b539d1a3a,0.0220264455708477,small,shape,False,True,False,False,False,False,1,1,1,1,False,False,False,,,small_shape,False,0.9636088653947232,0.9603274657462992,0.9554316473066048,0.9427674351589794,0.9577932451823232,False,1,0.930098508507821,,OPCID_1d111d2805e7745b,OPCID,4.964205749222996,4.97270602155886,4.964205749222996,13.921014887773456,clustered,CHIN-like,False,11.527408802348264,FREG_dd8ef6e92a048838,3200,0.3461062445492591,0.30131708718104705,0.9280960575101073,0.9423085584658799,0.35148094054309237,0.30899592649425484,435,1.0,True,,False,False,False,32,0.4840311749142037,0.45984322678033174,0.8957618204591058,0.8151871422217001,0.484969106779648,0.4595259537671809,1891,1.0,True,,False,False,False,64,435,1.0,True,,False,False,False,UNANNOTATED_CLUSTERED,0.31186150698910403,0.27573844201209236,True,False,KNOWN_LIKE_CLUSTER_REPRODUCIBLE,"Genomically unannotated, but in a Known-containing representation cluster; not a type assignment."
FREG_79aca59cc181d3d3,MG1655,4220000,4223200,4221600,3200,WIN_small_8fb727f1bd4093c7,0.0421774321540985,small,density,True,False,False,False,False,False,1,1,1,0,False,True,True,CHIN,CHIN_7be712b5421ea380,small_density,True,-0.4598699901438294,0.8831455374248843,0.8523663147565321,0.9680072924019962,0.7341303859297234,False,1,0.8610935585850832,,CHIN_7be712b5421ea380,CHIN,2.4306021193541683,2.4306021193541683,7.62360201611182,4.912723525368875,clustered,CHIN-like,False,8.729664038777448,FREG_79aca59cc181d3d3,3200,0.9533966925104962,0.8825840777854606,0.9747662035361526,0.4360349270667336,0.9544121328647928,0.8787769307674366,435,1.0,True,,False,False,False,32,0.8811004212108942,0.5871935261509006,0.9344432526209001,0.8094820873699293,0.8811545460712181,0.6006177746637937,1891,1.0,True,,False,False,False,64,435,1.0,True,,False,False,False,KNOWN_OVERLAP,0.31186150698910403,0.27573844201209236,True,False,KNOWN_OVERLAP,Genomic center or interval overlaps a Known annotation.
FREG_21b7d5ac1419bc39,MG1655,4235200,4260800,4243200,25600,WIN_small_d865eee2ee9aee39,0.0009478672985781,small,density,True,True,True,True,True,False,5,19,18,19,False,True,True,CHIN;OPCID,CHIN_992805e6506de16e;CHIN_c1610920a984ce60;OPCID_4a51b9db831f2860,small_density;small_shape;medium_density;medium_shape;large_density,True,0.9986925189086224,0.9746782037064206,0.9933392107939076,0.9993652018346934,0.9892355542331496,False,-1,0.0,,OPCID_17d26e5c8bdd11fa,OPCID,14.138957028314111,15.828049489382494,14.138957028314111,26.203747282373804,noise,noise,False,,FREG_21b7d5ac1419bc39,3200,0.9555549821761639,0.9320026502475438,0.98740488950881,0.2700933291798991,0.9615827929541065,0.9498120871254884,435,1.0,True,,False,False,False,32,0.9653549559121104,0.9559631926017216,0.9839633019019665,0.19531318133534759,0.9667329343685183,0.954394677644777,1891,1.0,True,,False,False,False,64,435,1.0,True,,False,False,False,KNOWN_OVERLAP,0.31186150698910403,0.27573844201209236,True,False,KNOWN_OVERLAP,Genomic center or interval overlaps a Known annotation.
FREG_a6c37a2014d77af9,MG1655,4268800,4279600,4278000,10800,WIN_small_3091c78db270b5e4,0.0174778093977115,small,shape,True,True,True,False,False,False,3,4,4,4,False,True,True,CHIN;OPCID,CHIN_40431770bb3161b3;OPCID_b9f55508e75e487b,small_density;small_shape;medium_density,True,0.7602567017343247,0.9540589431973848,0.7125397706341622,0.9404999440371192,0.8920477732745747,False,1,1.0,,CHIN_ebff8dd814b0e30d,CHIN,5.245562286472008,5.245562286472008,5.310675549068022,9.335458889707658,clustered,CHIN-like,False,8.99850403626625,FREG_a6c37a2014d77af9,3200,0.35892224405026907,0.3882406496907495,0.9243649673256015,0.9414732325340146,0.3634625568956459,0.3965379993841482,435,1.0,True,,False,False,False,32,0.6455620965560319,0.5541819096919655,0.9002448344535227,0.7961927905212487,0.6460551611523584,0.5577957402172706,1891,1.0,True,,False,False,False,64,435,1.0,True,,False,False,False,KNOWN_OVERLAP,0.31186150698910403,0.27573844201209236,True,False,KNOWN_OVERLAP,Genomic center or interval overlaps a Known annotation.
FREG_e4f42f80b5c519e7,MG1655,4281600,4294400,4288000,12800,WIN_large_3aac8bec5b9b34a7,0.0270270270270269,large,shape,False,False,False,False,False,True,1,1,0,1,False,True,True,CHIN;OPCID,CHIN_155c0872526c85bb;OPCID_b9f55508e75e487b,large_shape,True,0.974686281261881,0.8802938627471876,0.987226726445018,0.994642232431176,0.9525212783410074,False,1,1.0,,CHIN_0a55e534fdc7545d,CHIN,7.3322461739478015,7.3322461739478015,10.658734173269028,12.85465783331258,clustered,CHIN-like,False,13.14037379868102,FREG_e4f42f80b5c519e7,12800,0.2678900011542013,0.18839845118267087,0.6728537314901171,1.068965603444459,0.31345172812372346,0.2415030168000043,7875,1.0,True,,False,False,False,128,0.5658027278184545,0.2684084152730768,0.8082629559243837,0.9374896912986883,0.6415056254011334,0.38615423397798926,1891,1.0,True,,False,False,False,64,7875,1.0,True,,False,False,False,KNOWN_OVERLAP,0.31186150698910403,0.27573844201209236,False,False,KNOWN_OVERLAP,Genomic center or interval overlaps a Known annotation.
FREG_2fb66ea62d876021,MG1655,4342000,4345200,4343600,3200,WIN_small_d9f48ebec2d5b6c6,0.0036710742618078,small,shape,False,True,False,False,False,False,1,1,1,1,False,False,False,,,small_shape,False,-0.1057073640738783,0.9444349255610957,0.9491966640567056,0.9803101956310074,0.8815255939294854,False,1,1.0,,OPCID_7a866c11603150e7,OPCID,4.566285999642593,5.892627126330811,4.566285999642593,8.741345694840524,clustered,CHIN-like,False,9.970403094366594,FREG_2fb66ea62d876021,3200,0.19200597097143224,0.23671894456719797,0.8918490392137128,0.994557074354706,0.2181117777411315,0.2744294331847571,435,1.0,True,,False,False,False,32,0.289318031604678,0.32487896392596327,0.8372991559653179,0.861750664187923,0.3130593018504957,0.35712384148224846,1891,1.0,True,,False,False,False,64,435,1.0,True,,False,False,False,UNANNOTATED_CLUSTERED,0.31186150698910403,0.27573844201209236,False,False,KNOWN_LIKE_CLUSTER_LOW_REPRODUCIBILITY,"Genomically unannotated, but in a Known-containing representation cluster; not a type assignment."
FREG_e2b6e60709b341ec,MG1655,4356800,4376000,4365600,19200,WIN_small_a96f5ff21c5cb928,0.0009478672985781,small,density,True,True,True,False,True,False,4,10,10,10,False,True,True,CHIN,CHIN_016dd7404328fa8e,small_density;small_shape;medium_density;large_density,True,0.999772084006265,0.9989784169734224,0.9998407172452596,0.9993136395770708,0.9991445805572408,False,-1,0.0,,OPCID_17d26e5c8bdd11fa,OPCID,6.9689660343427935,11.3905039854246,6.9689660343427935,23.265501409632368,noise,noise,False,,FREG_e2b6e60709b341ec,3200,0.9768118105182735,0.9551115871355661,0.9906510647384499,0.17513965702224304,0.9789852520760924,0.9627600745893896,435,1.0,True,,False,False,False,32,0.9669262515337986,0.9545406142517614,0.9861765820948254,0.22179346676231393,0.968590207699406,0.9579741178062275,1891,1.0,True,,False,False,False,64,435,1.0,True,,False,False,False,KNOWN_OVERLAP,0.31186150698910403,0.27573844201209236,True,False,KNOWN_OVERLAP,Genomic center or interval overlaps a Known annotation.
FREG_1edcba645d0dd4a1,MG1655,4379200,4382400,4380800,3200,WIN_small_b3a6f35a8c1ad39a,0.0333778518704435,small,density,True,False,False,False,False,False,1,1,1,1,False,False,False,,,small_density,False,0.9735001610055534,0.8737688208892155,0.9611889797097104,0.9865203556381136,0.9337568109558764,False,1,1.0,,OPCID_a48ec8c6b5e6e38b,OPCID,2.7535070562378543,7.1574447668513566,2.7535070562378543,13.942973589270457,clustered,CHIN-like,False,10.931349525458774,FREG_1edcba645d0dd4a1,3200,0.5021144745220223,0.49504634850056806,0.9583890131832253,0.8282444414404572,0.5960217908896528,0.6215947116260492,435,1.0,True,,False,False,False,32,0.5477134059418806,0.5396571025283387,0.9215852522779263,0.7600132042945221,0.5601046143002175,0.5546981984937281,1891,1.0,True,,False,False,False,64,435,1.0,True,,False,False,False,UNANNOTATED_CLUSTERED,0.31186150698910403,0.27573844201209236,True,False,KNOWN_LIKE_CLUSTER_REPRODUCIBLE,"Genomically unannotated, but in a Known-containing representation cluster; not a type assignment."
FREG_c33836512cd5bdc3,MG1655,4388000,4391200,4389600,3200,WIN_small_3c784ce0371b2c15,0.0389895048364039,small,shape,False,True,False,False,False,False,1,1,1,1,False,False,False,,,small_shape,False,0.9603891498927484,0.9459597384029632,0.9728146780794188,0.985480458681122,0.9536979640001874,False,1,0.8873358034628569,,OPCID_1d111d2805e7745b,OPCID,4.722173846294002,5.785860376902456,4.722173846294002,14.02269567561672,clustered,CHIN-like,False,12.656907725975854,FREG_c33836512cd5bdc3,3200,0.4020257951090589,0.40596092541449036,0.9382110948288671,0.885013611925968,0.4059683206465732,0.41174569677939304,435,1.0,True,,False,False,False,32,0.45984332324292854,0.4337364858427274,0.8974930824408961,0.8691037268411049,0.4634276251854654,0.4369098676435465,1891,1.0,True,,False,False,False,64,435,1.0,True,,False,False,False,UNANNOTATED_CLUSTERED,0.31186150698910403,0.27573844201209236,True,False,KNOWN_LIKE_CLUSTER_REPRODUCIBLE,"Genomically unannotated, but in a Known-containing representation cluster; not a type assignment."
FREG_e35227c57fd34e9d,MG1655,4395200,4409600,4403200,14400,WIN_medium_ee2a837fe1ac2ca6,0.0023148148148148,medium,density,True,True,True,False,True,False,4,9,8,8,False,False,False,,,small_density;small_shape;medium_density;large_density,False,0.9973111153060318,0.9056909214730132,0.9679004565244588,0.9820364995817,0.9842250652852004,False,1,1.0,,CHIN_faf91596d8b88128,CHIN,3.8615887484912825,3.8615887484912825,4.725363604175857,19.66787161108814,clustered,CHIN-like,False,17.4086491845382,FREG_e35227c57fd34e9d,6400,0.7314388484462686,0.7101548376066904,0.9534797579570412,0.6233239472949169,0.7598151790915568,0.7587254848476376,1891,1.0,True,,False,False,False,64,0.7314388484462686,0.7101548376066904,0.9534797579570412,0.6233239472949169,0.7598151790915568,0.7587254848476376,1891,1.0,True,,False,False,False,64,1891,1.0,True,,False,False,False,UNANNOTATED_CLUSTERED,0.31186150698910403,0.27573844201209236,True,False,KNOWN_LIKE_CLUSTER_REPRODUCIBLE,"Genomically unannotated, but in a Known-containing representation cluster; not a type assignment."
FREG_a356c920b79fd72a,MG1655,4414800,4418000,4416400,3200,WIN_small_7abe51109e40d40d,0.0274718042581789,small,density,True,False,False,False,False,False,1,1,1,1,False,False,False,,,small_density,False,0.9341358332819516,0.943052495264045,0.9897064346537722,0.732219216719551,0.9260411922613472,False,1,1.0,,OPCID_6abc058ae2242c3c,OPCID,3.7600650977654175,5.992770278841364,3.7600650977654175,9.696787967156268,clustered,CHIN-like,False,11.99314418533554,FREG_a356c920b79fd72a,3200,0.9273904434358046,0.8784621787469419,0.9754729099806475,0.38992568767921393,0.9314177874834864,0.8783920000997942,435,1.0,True,,False,False,False,32,0.8583783730223895,0.6959704851761811,0.9397008319091966,0.530611386676291,0.8589583309381448,0.6980454967868925,1891,1.0,True,,False,False,False,64,435,1.0,True,,False,False,False,UNANNOTATED_CLUSTERED,0.31186150698910403,0.27573844201209236,True,False,KNOWN_LIKE_CLUSTER_REPRODUCIBLE,"Genomically unannotated, but in a Known-containing representation cluster; not a type assignment."
FREG_9919e1fb6784c2a8,MG1655,4433600,4436800,4435200,3200,WIN_small_1307c6d9a2fc39b7,0.0210887160770491,small,shape,False,True,False,False,False,False,1,1,1,1,False,False,False,,,small_shape,False,0.2449801138648104,0.931219600701682,0.980197107202321,0.984053252979284,0.9021799595266596,False,1,1.0,,CHIN_f93cc107dd51e45a,CHIN,4.497085139035207,4.497085139035207,4.738159914085055,7.986196898625344,clustered,CHIN-like,False,10.256848243265011,FREG_9919e1fb6784c2a8,3200,0.346028450431446,0.31746996042735787,0.886709273894129,0.9219131431747042,0.42021075220846704,0.4412114859722049,435,1.0,True,,False,False,False,32,0.24246749448571753,0.2443616240048239,0.8133992895556266,0.9856889379742537,0.27092123075091007,0.29509560624485404,1891,1.0,True,,False,False,False,64,435,1.0,True,,False,False,False,UNANNOTATED_CLUSTERED,0.31186150698910403,0.27573844201209236,True,False,KNOWN_LIKE_CLUSTER_REPRODUCIBLE,"Genomically unannotated, but in a Known-containing representation cluster; not a type assignment."
FREG_e5bab547e32c0095,MG1655,4440400,4443600,4442000,3200,WIN_small_6921119c2e5009c1,0.0214058574230068,small,shape,False,True,False,False,False,False,1,1,1,0,False,False,False,,,small_shape,False,0.8233747892983351,0.95655921064829,0.8846345371516126,0.9763323225861542,0.907579539161258,False,1,1.0,,OPCID_3b8eefccce2e36fc,OPCID,3.98000202125357,5.630204448004951,3.98000202125357,9.07542363710184,clustered,CHIN-like,False,9.432444937417202,FREG_e5bab547e32c0095,3200,0.3474119594658917,0.33178363094572627,0.9162916675653302,0.951751877477365,0.36684928616168333,0.38911808185888014,435,1.0,True,,False,False,False,32,0.5300410735952964,0.5030968823867122,0.8887692383989463,0.863444363162776,0.5323478972956504,0.5051033228224253,1891,1.0,True,,False,False,False,64,435,1.0,True,,False,False,False,UNANNOTATED_CLUSTERED,0.31186150698910403,0.27573844201209236,True,False,KNOWN_LIKE_CLUSTER_REPRODUCIBLE,"Genomically unannotated, but in a Known-containing representation cluster; not a type assignment."
FREG_2a458a4eb550141c,MG1655,4454400,4476000,4462800,21600,WIN_small_dd2d499bc245a876,0.0009478672985781,small,density,True,True,True,True,True,False,5,13,13,11,False,False,True,CHIN,CHIN_c36249e67a41eb04,small_density;small_shape;medium_density;medium_shape;large_density,True,0.9983618056300376,0.9994802762538928,0.9997560721789084,0.9984739197228234,0.9982803785198676,False,-1,0.0,,OPCID_17d26e5c8bdd11fa,OPCID,9.509638805484808,13.559295952262849,9.509638805484808,24.134446529894976,noise,noise,False,,FREG_2a458a4eb550141c,3200,0.9813061451963864,0.9628894975058768,0.9921741223862541,0.16351105066132335,0.9830707122473833,0.9707132480669967,435,1.0,True,,False,False,False,32,0.9783285194577014,0.9451342917880313,0.989456264384881,0.22204982458792422,0.9792022075837055,0.9502528122250711,1891,1.0,True,,False,False,False,64,435,1.0,True,,False,False,False,KNOWN_OVERLAP,0.31186150698910403,0.27573844201209236,True,False,KNOWN_OVERLAP,Genomic center or interval overlaps a Known annotation.
FREG_fe17dc505c3e4dc0,MG1655,4490000,4493200,4491600,3200,WIN_small_3cd1a13bfd2b3da9,0.0376173172189277,small,shape,False,True,False,False,False,False,1,1,0,1,False,False,False,,,small_shape,False,0.5428370012014208,0.9115551446896684,0.980922105343696,0.9650406840120704,0.8954945271842568,False,1,1.0,,CHIN_7f578107de94ae33,CHIN,3.795633863806812,3.795633863806812,6.278748333532036,6.8007006428785335,clustered,CHIN-like,False,9.177425121003138,FREG_fe17dc505c3e4dc0,3200,0.3514891273686762,0.3647147126462048,0.8778781142519712,0.8560792861276579,0.4902790428331545,0.5101686735567055,435,1.0,True,,False,False,False,32,0.2697985435269793,0.26758734730800887,0.8064283290119575,0.9524948958275149,0.32082766257071654,0.3329045307174012,1891,1.0,True,,False,False,False,64,435,1.0,True,,False,False,False,UNANNOTATED_CLUSTERED,0.31186150698910403,0.27573844201209236,True,False,KNOWN_LIKE_CLUSTER_REPRODUCIBLE,"Genomically unannotated, but in a Known-containing representation cluster; not a type assignment."
FREG_d0437ba01c05d49f,MG1655,4505200,4508400,4506800,3200,WIN_small_c5a9dcfa0c5b97a0,0.0302427604427355,small,shape,False,True,False,False,False,False,1,1,1,0,True,True,True,CHID;CHIN,CHID_0def30026dacfa28;CHIN_e2127c2e68c0c686,small_shape,True,0.9358364149270896,-0.3495305733220676,0.9972681175152472,0.97386846113354,-0.0614842952750068,False,-1,0.0,,CHIN_db627b41dbbead17,CHIN,17.66390516688857,17.66390516688857,31.696224741850305,25.505109429234867,noise,noise,False,,FREG_d0437ba01c05d49f,3200,0.9276261820584449,0.9721418202093304,0.9536682882284144,0.3323534212007302,0.9307395433753372,0.9723508275196369,435,1.0,True,,True,True,True,32,0.8831409285486613,0.891589561313339,0.9261960085045254,0.44137637818684283,0.8841316096332389,0.8958477558321549,1891,1.0,True,,True,True,True,64,435,1.0,True,,True,True,True,KNOWN_OVERLAP,0.31186150698910403,0.27573844201209236,True,False,KNOWN_OVERLAP,Genomic center or interval overlaps a Known annotation.
FREG_948b53bdbfa601a8,MG1655,4520000,4532800,4526400,12800,WIN_large_6dcb88d38a185c7d,0.0252814688295535,large,shape,False,False,False,False,False,True,1,1,1,0,False,True,True,CHIN,CHIN_2f0656ffb562f4fc,large_shape,True,0.5827804179306629,0.758571267269393,0.8598952001252298,0.9894778871089188,0.8741787401166707,False,1,1.0,,CHIN_2f0656ffb562f4fc,CHIN,1.5961086073336128,1.5961086073336128,5.947452252541783,7.436958039800522,clustered,CHIN-like,False,7.663610698168552,FREG_948b53bdbfa601a8,12800,0.3041423622538067,0.225467636120992,0.7193265923173812,1.0496480523400857,0.32339303059945085,0.262679651128118,7875,1.0,True,,False,False,False,128,0.385027492571142,0.3242365472689892,0.8166598418262084,0.8353451261296385,0.4550277749136381,0.40940698172269957,1891,1.0,True,,False,False,False,64,7875,1.0,True,,False,False,False,KNOWN_OVERLAP,0.31186150698910403,0.27573844201209236,False,False,KNOWN_OVERLAP,Genomic center or interval overlaps a Known annotation.
FREG_e79dd71d2c9d9f84,MG1655,4558400,4571200,4564800,12800,WIN_large_b12fe68bd5129184,0.0067567567567567,large,shape,False,False,False,False,False,True,1,1,1,1,False,False,False,,,large_shape,False,0.7008017126557131,0.8593168463555192,0.9840197565415622,0.9928326479080825,0.9262042452163078,False,1,1.0,,CHIN_27ec42e89ade22e5,CHIN,2.540263339485906,2.540263339485906,5.162371531538814,7.766804173688655,clustered,CHIN-like,False,7.935407660988973,FREG_e79dd71d2c9d9f84,12800,0.15197407200672858,0.1423550504584839,0.666855717642573,1.116893899277622,0.18740470589595565,0.1876772735191388,7875,1.0,True,,False,False,False,128,0.30610228828219793,0.23778705541936002,0.7897594315767069,0.9253526204783314,0.38459426018159903,0.32986920947820747,1891,1.0,True,,False,False,False,64,7875,1.0,True,,False,False,False,UNANNOTATED_CLUSTERED,0.31186150698910403,0.27573844201209236,False,False,KNOWN_LIKE_CLUSTER_LOW_REPRODUCIBILITY,"Genomically unannotated, but in a Known-containing representation cluster; not a type assignment."
FREG_ca773dc177e53fd6,MG1655,4583600,4586800,4585200,3200,WIN_small_6cbccdc4b027ea9f,0.0082633155327783,small,shape,False,True,False,False,False,False,1,1,1,1,False,True,True,OPCID,OPCID_54d272e23bb92a3b,small_shape,True,0.9773183178721592,0.8851098054887365,0.969724906032599,0.892762653921867,0.9356514435385408,False,1,1.0,,OPCID_54d272e23bb92a3b,OPCID,2.672356376089205,8.190073156760146,2.672356376089205,14.72404072159153,clustered,CHIN-like,False,12.702764522182823,FREG_ca773dc177e53fd6,3200,0.35445152779146605,0.36487750410228037,0.9368414432418513,0.9457577479620499,0.3902255483567759,0.41203401026600206,435,1.0,True,,False,False,False,32,0.5182960363911301,0.4322925684613154,0.9000494992445444,0.8895983431156246,0.5208537308187321,0.4348920138596343,1891,1.0,True,,False,False,False,64,435,1.0,True,,False,False,False,KNOWN_OVERLAP,0.31186150698910403,0.27573844201209236,True,False,KNOWN_OVERLAP,Genomic center or interval overlaps a Known annotation.
FREG_3f8b0de465607760,MG1655,4590400,4625600,4612800,35200,WIN_large_6aff5827c4204a95,0.0165506063701565,large,shape,False,False,False,False,False,True,1,4,3,2,False,True,True,CHIN,CHIN_6230ca4ce9b8e644;CHIN_623e8fe7b2afd1a8;CHIN_67d1ad42ef37c115,large_shape,True,0.8199266030206911,0.9345299252862608,0.9815063577385494,0.985988258416958,0.9448299285329056,False,1,1.0,,CHIN_2f0656ffb562f4fc,CHIN,3.965908217688238,3.965908217688238,6.605632656935675,9.433179526487498,clustered,CHIN-like,False,9.636744999260204,FREG_3f8b0de465607760,12800,0.2082188883396393,0.18313294482054643,0.6858458552740074,1.0717156533614356,0.24145330471063153,0.22778586831788863,7875,1.0,True,,False,False,False,128,0.4305431894520651,0.2840989111171308,0.7924281944795212,0.9092478743399671,0.5195189835713923,0.38703374467067414,1891,1.0,True,,False,False,False,64,7875,1.0,True,,False,False,False,KNOWN_OVERLAP,0.31186150698910403,0.27573844201209236,False,False,KNOWN_OVERLAP,Genomic center or interval overlaps a Known annotation.
