region_id,chrom,start,end,center,peak_scale,peak_window_id,peak_score,peak_window_bp,density_anomaly,shape_anomaly,dominant_branch,rep1_peak_score,rep2_peak_score,replicate_min_score,original_uncapped_tail_score,support_small_count,support_medium_count,support_large_count,support_union_start,support_union_end,member_window_count,union_length_bp,cumulative_union_bp,region_rank
EQREG_small_f56f1927667c7556,MG1655,320800,324000,322400.0,small,WIN_small_f56f1927667c7556,2.1702617153949575,3200,2.1702617153949575,0.01828662558632075,density,2.1702617153949575,2.1702617153949575,2.1702617153949575,3.023252459633712,7,7,8,310400,334400,22,3200,3200,1
EQREG_small_7755745f1f34005f,MG1655,732800,736000,734400.0,small,WIN_small_7755745f1f34005f,2.1702617153949575,3200,0.09701398773103756,2.1702617153949575,shape,2.1702617153949575,2.1702617153949575,2.1702617153949575,3.023252459633712,7,7,7,723200,745600,21,3200,6400,2
EQREG_small_4e830f95e4bf64f5,MG1655,770000,773200,771600.0,small,WIN_small_4e830f95e4bf64f5,2.1702617153949575,3200,2.1702617153949575,0.02238560322921119,density,2.1702617153949575,2.1702617153949575,2.1702617153949575,3.023252459633712,7,8,8,760000,784000,23,3200,9600,3
EQREG_small_965540a76727bc48,MG1655,771600,774800,773200.0,small,WIN_small_965540a76727bc48,2.1702617153949575,3200,2.1702617153949575,0.014655627339855249,density,2.1702617153949575,2.1702617153949575,2.1702617153949575,3.023252459633712,4,2,1,771600,785600,7,3200,11200,4
EQREG_small_3ec20958545f0cac,MG1655,1300400,1303600,1302000.0,small,WIN_small_3ec20958545f0cac,2.1702617153949575,3200,2.1702617153949575,1.2313659496811398,density,2.1702617153949575,2.1702617153949575,2.1702617153949575,3.023252459633712,7,8,8,1289600,1313600,23,3200,14400,5
EQREG_small_dbe19a0701bfdf59,MG1655,1302000,1305200,1303600.0,small,WIN_small_dbe19a0701bfdf59,2.1702617153949575,3200,2.1702617153949575,1.7305602076028506,mixed,2.1702617153949575,2.1702617153949575,2.1702617153949575,3.023252459633712,4,2,1,1302000,1315200,7,3200,16000,6
EQREG_small_328fb9c4df683256,MG1655,1303600,1306800,1305200.0,small,WIN_small_328fb9c4df683256,2.1702617153949575,3200,2.1702617153949575,0.04302182770378825,density,2.1702617153949575,2.1702617153949575,2.1702617153949575,3.023252459633712,4,2,1,1303600,1316800,7,3200,17600,7
EQREG_small_217f2591736e3a16,MG1655,1799200,1802400,1800800.0,small,WIN_small_217f2591736e3a16,2.1702617153949575,3200,2.1702617153949575,0.031371679490629,density,2.1702617153949575,2.1702617153949575,2.1702617153949575,3.023252459633712,7,7,8,1788800,1812800,22,3200,20800,8
EQREG_small_59ceaf23fa91788a,MG1655,1901600,1904800,1903200.0,small,WIN_small_59ceaf23fa91788a,2.1702617153949575,3200,2.1702617153949575,0.02173643053409788,density,2.1702617153949575,2.1702617153949575,2.1702617153949575,3.023252459633712,7,7,8,1891200,1915200,22,3200,24000,9
EQREG_small_63b14958654491ce,MG1655,2174400,2177600,2176000.0,small,WIN_small_63b14958654491ce,2.1702617153949575,3200,2.1702617153949575,0.018931298719755678,density,2.1702617153949575,2.1702617153949575,2.1702617153949575,3.023252459633712,7,7,7,2164800,2187200,21,3200,27200,10
EQREG_small_1e0010964edcdb3f,MG1655,2390000,2393200,2391600.0,small,WIN_small_1e0010964edcdb3f,2.1702617153949575,3200,2.1702617153949575,0.05290657908766819,density,2.1702617153949575,2.1702617153949575,2.1702617153949575,3.023252459633712,7,8,8,2379200,2403200,23,3200,30400,11
EQREG_small_3161fe02bfafc972,MG1655,2391600,2394800,2393200.0,small,WIN_small_3161fe02bfafc972,2.1702617153949575,3200,2.1702617153949575,0.07282538995221974,density,2.1702617153949575,2.1702617153949575,2.1702617153949575,3.023252459633712,4,2,1,2391600,2404800,7,3200,32000,12
EQREG_small_b293b008e469f997,MG1655,2393200,2396400,2394800.0,small,WIN_small_b293b008e469f997,2.1702617153949575,3200,2.1702617153949575,0.03693076396282749,density,2.1702617153949575,2.1702617153949575,2.1702617153949575,3.023252459633712,4,2,1,2393200,2406400,7,3200,33600,13
EQREG_small_7cbfff2e2db14ed3,MG1655,2394800,2398000,2396400.0,small,WIN_small_7cbfff2e2db14ed3,2.1702617153949575,3200,2.1702617153949575,0.04350805005730058,density,2.1702617153949575,2.1702617153949575,2.1702617153949575,3.023252459633712,4,2,1,2394800,2408000,7,3200,35200,14
EQREG_small_ad8cd786dccb0ded,MG1655,2399200,2402400,2400800.0,small,WIN_small_ad8cd786dccb0ded,2.1702617153949575,3200,2.1702617153949575,0.03291564809446885,density,2.1702617153949575,2.1702617153949575,2.1702617153949575,3.023252459633712,7,5,3,2396800,2412800,15,3200,38400,15
EQREG_small_c14c16dfca74b9c8,MG1655,2400800,2404000,2402400.0,small,WIN_small_c14c16dfca74b9c8,2.1702617153949575,3200,2.1702617153949575,0.033358123406564785,density,2.1702617153949575,2.1702617153949575,2.1702617153949575,3.023252459633712,4,2,1,2400800,2414400,7,3200,40000,16
EQREG_small_afe20ef3ca213727,MG1655,2402400,2405600,2404000.0,small,WIN_small_afe20ef3ca213727,2.1702617153949575,3200,2.1702617153949575,0.028058166086016474,density,2.1702617153949575,2.1702617153949575,2.1702617153949575,3.023252459633712,4,2,1,2402400,2416000,7,3200,41600,17
EQREG_small_ca5a33a75d4afa7e,MG1655,2532800,2536000,2534400.0,small,WIN_small_ca5a33a75d4afa7e,2.1702617153949575,3200,2.1702617153949575,0.02347015025036659,density,2.1702617153949575,2.1702617153949575,2.1702617153949575,3.023252459633712,7,7,7,2523200,2545600,21,3200,44800,18
EQREG_small_f7d75b9a6bbef07d,MG1655,3270000,3273200,3271600.0,small,WIN_small_f7d75b9a6bbef07d,2.1702617153949575,3200,2.1702617153949575,0.20779049554831577,density,2.1702617153949575,2.1702617153949575,2.1702617153949575,3.023252459633712,7,8,8,3259200,3283200,23,3200,48000,19
EQREG_small_97d335f06f1cd8dc,MG1655,3271600,3274800,3273200.0,small,WIN_small_97d335f06f1cd8dc,2.1702617153949575,3200,2.1702617153949575,1.0935240663897186,density,2.1702617153949575,2.1702617153949575,2.1702617153949575,3.023252459633712,4,2,1,3271600,3284800,7,3200,49600,20
EQREG_small_25e2b40275723140,MG1655,3273200,3276400,3274800.0,small,WIN_small_25e2b40275723140,2.1702617153949575,3200,2.1702617153949575,1.0935240663897186,density,2.1702617153949575,2.1702617153949575,2.1702617153949575,3.023252459633712,4,2,1,3273200,3286400,7,3200,51200,21
EQREG_small_9a390c6a7cb944d4,MG1655,3274800,3278000,3276400.0,small,WIN_small_9a390c6a7cb944d4,2.1702617153949575,3200,2.1702617153949575,1.0961066210041255,density,2.1702617153949575,2.1702617153949575,2.1702617153949575,3.023252459633712,4,2,1,3274800,3288000,7,3200,52800,22
EQREG_small_f563efa3c06c7b27,MG1655,3438800,3442000,3440400.0,small,WIN_small_f563efa3c06c7b27,2.1702617153949575,3200,2.1702617153949575,0.020007886155301923,density,2.1702617153949575,2.1702617153949575,2.1702617153949575,3.023252459633712,7,8,8,3428800,3452800,23,3200,56000,23
EQREG_small_0cfddc477e0e95de,MG1655,3440400,3443600,3442000.0,small,WIN_small_0cfddc477e0e95de,2.1702617153949575,3200,2.1702617153949575,0.010416053658486742,density,2.1702617153949575,2.1702617153949575,2.1702617153949575,3.023252459633712,4,2,1,3440400,3454400,7,3200,57600,24
EQREG_small_1355abb627194e3b,MG1655,3442000,3445200,3443600.0,small,WIN_small_1355abb627194e3b,2.1702617153949575,3200,2.1702617153949575,0.03561400688337102,density,2.1702617153949575,2.1702617153949575,2.1702617153949575,3.023252459633712,4,2,1,3442000,3456000,7,3200,59200,25
EQREG_small_394ba7abda043431,MG1655,3444800,3448000,3446400.0,small,WIN_small_394ba7abda043431,2.1702617153949575,3200,2.1702617153949575,0.0464501629458841,density,2.1702617153949575,2.1702617153949575,2.1702617153949575,3.023252459633712,7,3,1,3443600,3457600,11,3200,62000,26
EQREG_small_089dad41168928ce,MG1655,3547600,3550800,3549200.0,small,WIN_small_089dad41168928ce,2.1702617153949575,3200,2.1702617153949575,0.18961472815029667,density,2.1702617153949575,2.1702617153949575,2.1702617153949575,3.023252459633712,7,8,8,3537600,3561600,23,3200,65200,27
EQREG_small_36218a58c0c9b38e,MG1655,3549200,3552400,3550800.0,small,WIN_small_36218a58c0c9b38e,2.1702617153949575,3200,2.1702617153949575,0.1268661692306624,density,2.1702617153949575,2.1702617153949575,2.1702617153949575,3.023252459633712,4,2,1,3549200,3563200,7,3200,66800,28
EQREG_small_a8753a322a63dd31,MG1655,3550800,3554000,3552400.0,small,WIN_small_a8753a322a63dd31,2.1702617153949575,3200,2.1702617153949575,0.02238473810248449,density,2.1702617153949575,2.1702617153949575,2.1702617153949575,3.023252459633712,4,2,1,3550800,3564800,7,3200,68400,29
EQREG_small_7f7209db6166c2c7,MG1655,3552400,3555600,3554000.0,small,WIN_small_7f7209db6166c2c7,2.1702617153949575,3200,2.1702617153949575,0.01614933233836616,density,2.1702617153949575,2.1702617153949575,2.1702617153949575,3.023252459633712,4,2,1,3552400,3566400,7,3200,70000,30
EQREG_small_2cd77e30f451d778,MG1655,3554000,3557200,3555600.0,small,WIN_small_2cd77e30f451d778,2.1702617153949575,3200,2.1702617153949575,0.02568198046342765,density,2.1702617153949575,2.1702617153949575,2.1702617153949575,3.023252459633712,4,2,1,3554000,3568000,7,3200,71600,31
EQREG_small_a902e92491842d85,MG1655,3639600,3642800,3641200.0,small,WIN_small_a902e92491842d85,2.1702617153949575,3200,2.1702617153949575,0.02827717492046819,density,2.1702617153949575,2.1702617153949575,2.1702617153949575,3.023252459633712,7,8,8,3628800,3652800,23,3200,74800,32
EQREG_small_9d0ce6b7983936ba,MG1655,3764800,3768000,3766400.0,small,WIN_small_9d0ce6b7983936ba,2.1702617153949575,3200,0.07655413665654175,2.1702617153949575,shape,2.1702617153949575,2.1702617153949575,2.1702617153949575,3.023252459633712,7,7,7,3755200,3777600,21,3200,78000,33
EQREG_small_1c9a485521a9a74a,MG1655,3886400,3889600,3888000.0,small,WIN_small_1c9a485521a9a74a,2.1702617153949575,3200,2.1702617153949575,0.021735567989844152,density,2.1702617153949575,2.1702617153949575,2.1702617153949575,3.023252459633712,7,7,7,3876800,3899200,21,3200,81200,34
EQREG_small_caf8e3364b818328,MG1655,3888000,3891200,3889600.0,small,WIN_small_caf8e3364b818328,2.1702617153949575,3200,2.1702617153949575,1.0941668312624442,density,2.1702617153949575,2.1702617153949575,2.1702617153949575,3.023252459633712,4,2,1,3888000,3900800,7,3200,82800,35
EQREG_small_c89e175386f903d1,MG1655,3889600,3892800,3891200.0,small,WIN_small_c89e175386f903d1,2.1702617153949575,3200,2.1702617153949575,0.034034827214854,density,2.1702617153949575,2.1702617153949575,2.1702617153949575,3.023252459633712,4,2,1,3889600,3902400,7,3200,84400,36
EQREG_small_d865eee2ee9aee39,MG1655,4241600,4244800,4243200.0,small,WIN_small_d865eee2ee9aee39,2.1702617153949575,3200,2.1702617153949575,0.018931298719755678,density,2.1702617153949575,2.1702617153949575,2.1702617153949575,3.023252459633712,7,7,7,4232000,4254400,21,3200,87600,37
EQREG_small_f4d3fba09d3ad285,MG1655,4243200,4246400,4244800.0,small,WIN_small_f4d3fba09d3ad285,2.1702617153949575,3200,2.1702617153949575,0.014654166316259097,density,2.1702617153949575,2.1702617153949575,2.1702617153949575,3.023252459633712,4,2,1,4243200,4256000,7,3200,89200,38
EQREG_small_fc758917a50ccf8f,MG1655,4244800,4248000,4246400.0,small,WIN_small_fc758917a50ccf8f,2.1702617153949575,3200,2.1702617153949575,0.0157243865257412,density,2.1702617153949575,2.1702617153949575,2.1702617153949575,3.023252459633712,4,2,1,4244800,4257600,7,3200,90800,39
EQREG_small_74d0011330f7f108,MG1655,4246400,4249600,4248000.0,small,WIN_small_74d0011330f7f108,2.1702617153949575,3200,2.1702617153949575,0.014655627339855249,density,2.1702617153949575,2.1702617153949575,2.1702617153949575,3.023252459633712,4,2,1,4246400,4259200,7,3200,92400,40
EQREG_small_611c86b8074e1732,MG1655,4248000,4251200,4249600.0,small,WIN_small_611c86b8074e1732,2.1702617153949575,3200,2.1702617153949575,1.0051776447607865,density,2.1702617153949575,2.1702617153949575,2.1702617153949575,3.023252459633712,4,2,1,4248000,4260800,7,3200,94000,41
EQREG_small_a96f5ff21c5cb928,MG1655,4364000,4367200,4365600.0,small,WIN_small_a96f5ff21c5cb928,2.1702617153949575,3200,2.1702617153949575,0.018931298719755678,density,2.1702617153949575,2.1702617153949575,2.1702617153949575,3.023252459633712,7,7,8,4353600,4377600,22,3200,97200,42
EQREG_small_267f809103ad2a3d,MG1655,4365600,4368800,4367200.0,small,WIN_small_267f809103ad2a3d,2.1702617153949575,3200,2.1702617153949575,0.015081621653015537,density,2.1702617153949575,2.1702617153949575,2.1702617153949575,3.023252459633712,4,2,1,4365600,4379200,7,3200,98800,43
EQREG_small_dd2d499bc245a876,MG1655,4461200,4464400,4462800.0,small,WIN_small_dd2d499bc245a876,2.1702617153949575,3200,2.1702617153949575,0.0185013040427104,density,2.1702617153949575,2.1702617153949575,2.1702617153949575,3.023252459633712,7,8,8,4451200,4475200,23,3200,102000,44
EQREG_small_be611bccacac3c76,MG1655,4462800,4466000,4464400.0,small,WIN_small_be611bccacac3c76,2.1702617153949575,3200,2.1702617153949575,0.015293990609748655,density,2.1702617153949575,2.1702617153949575,2.1702617153949575,3.023252459633712,4,2,1,4462800,4476800,7,3200,103600,45
EQREG_small_79de058fe4118b43,MG1655,4464400,4467600,4466000.0,small,WIN_small_79de058fe4118b43,2.1702617153949575,3200,2.1702617153949575,0.02588014139749235,density,2.1702617153949575,2.1702617153949575,2.1702617153949575,3.023252459633712,4,2,1,4464400,4478400,7,3200,105200,46
EQREG_small_20b587d476552d71,MG1655,105200,108400,106800.0,small,WIN_small_20b587d476552d71,2.1702617153949575,3200,2.1702617153949575,0.02827717492046819,density,2.1702617153949575,2.1702617153949575,2.1702617153949575,2.8727374618017207,7,8,8,94400,118400,23,3200,108400,47
EQREG_small_08e983931f487aac,MG1655,525600,528800,527200.0,small,WIN_small_08e983931f487aac,2.1702617153949575,3200,0.03751433658213735,2.1702617153949575,shape,2.1702617153949575,2.1702617153949575,2.1702617153949575,2.8727374618017207,7,7,8,515200,539200,22,3200,111600,48
EQREG_small_8581e1d8542acaf5,MG1655,1156400,1159600,1158000.0,small,WIN_small_8581e1d8542acaf5,2.1702617153949575,3200,2.1702617153949575,0.022168132357888934,density,2.1702617153949575,2.1702617153949575,2.1702617153949575,2.8727374618017207,7,8,8,1145600,1169600,23,3200,114800,49
EQREG_small_687d342b0fe20f78,MG1655,1206800,1210000,1208400.0,small,WIN_small_687d342b0fe20f78,2.1702617153949575,3200,0.994039447405209,2.1702617153949575,shape,2.1702617153949575,2.1702617153949575,2.1702617153949575,2.8727374618017207,7,8,8,1196800,1220800,23,3200,118000,50
EQREG_small_2ba0b6d1d3618003,MG1655,1295200,1298400,1296800.0,small,WIN_small_2ba0b6d1d3618003,2.1702617153949575,3200,2.1702617153949575,0.03782691443643256,density,2.1702617153949575,2.1702617153949575,2.1702617153949575,2.8727374618017207,7,6,3,1284800,1301600,16,3200,121200,51
EQREG_small_275abc2d169974a9,MG1655,1903200,1906400,1904800.0,small,WIN_small_275abc2d169974a9,2.1702617153949575,3200,2.1702617153949575,0.020443021072597448,density,2.1702617153949575,2.1702617153949575,2.1702617153949575,2.8727374618017207,4,2,1,1903200,1916800,7,3200,122800,52
EQREG_small_c7d9ff7433cc1203,MG1655,4178000,4181200,4179600.0,small,WIN_small_c7d9ff7433cc1203,2.1702617153949575,3200,2.1702617153949575,0.03603898759261884,density,2.1702617153949575,2.1702617153949575,2.1702617153949575,2.8727374618017207,7,8,8,4168000,4192000,23,3200,126000,53
EQREG_small_84f8604ccf7e99e3,MG1655,322400,325600,324000.0,small,WIN_small_84f8604ccf7e99e3,2.1702617153949575,3200,2.1702617153949575,0.0185013040427104,density,2.1702617153949575,2.1702617153949575,2.1702617153949575,2.7846918322738805,4,2,1,322400,336000,7,3200,127600,54
EQREG_small_d1f97192bfb7e961,MG1655,125600,128800,127200.0,small,WIN_small_d1f97192bfb7e961,2.1702617153949575,3200,2.1702617153949575,0.05665768091804357,density,2.1702617153949575,2.1702617153949575,2.1702617153949575,2.72222246396973,7,7,8,115200,139200,22,3200,130800,55
EQREG_small_e38100101a92cbc1,MG1655,2061600,2064800,2063200.0,small,WIN_small_e38100101a92cbc1,2.1702617153949575,3200,0.2876564950121494,2.1702617153949575,shape,2.1702617153949575,2.1702617153949575,2.1702617153949575,2.72222246396973,7,7,8,2051200,2075200,22,3200,134000,56
EQREG_small_8aba6d4b7eede23f,MG1655,2404000,2407200,2405600.0,small,WIN_small_8aba6d4b7eede23f,2.1702617153949575,3200,2.1702617153949575,0.021735136719002172,density,2.1702617153949575,2.1702617153949575,2.1702617153949575,2.72222246396973,4,2,1,2404000,2417600,7,3200,135600,57
EQREG_small_821563fe0c4ac1c5,MG1655,3262800,3266000,3264400.0,small,WIN_small_821563fe0c4ac1c5,2.1702617153949575,3200,2.1702617153949575,0.045358090989705876,density,2.1702617153949575,2.1702617153949575,2.1702617153949575,2.72222246396973,7,8,4,3252800,3270400,19,3200,138800,58
EQREG_small_34080cbc56c1aa59,MG1655,3532800,3536000,3534400.0,small,WIN_small_34080cbc56c1aa59,2.1702617153949575,3200,2.1702617153949575,0.04393468810086583,density,2.1702617153949575,2.1702617153949575,2.1702617153949575,2.72222246396973,7,7,7,3523200,3545600,21,3200,142000,59
EQREG_medium_778a30e6e30c6b94,MG1655,2528000,2534400,2531200.0,medium,WIN_medium_778a30e6e30c6b94,2.1702617153949575,6400,2.1702617153949575,0.023230164451373485,density,2.1702617153949575,2.1702617153949575,2.1702617153949575,2.635483746814912,12,4,2,2520000,2534400,18,6400,146800,60
EQREG_medium_1d9e698aa28eac17,MG1655,3044800,3051200,3048000.0,medium,WIN_medium_1d9e698aa28eac17,2.1702617153949575,6400,2.1702617153949575,0.05627234352247085,density,2.1702617153949575,2.1702617153949575,2.1702617153949575,2.635483746814912,15,7,7,3036800,3059200,29,6400,153200,61
EQREG_medium_ffbf8acacea368be,MG1655,3050400,3056800,3053600.0,medium,WIN_medium_ffbf8acacea368be,2.1702617153949575,6400,2.1702617153949575,0.03999312034192731,density,2.1702617153949575,2.1702617153949575,2.1702617153949575,2.635483746814912,14,7,4,3048000,3065600,25,6400,158800,62
EQREG_medium_198b237734ee8ac6,MG1655,3915200,3921600,3918400.0,medium,WIN_medium_198b237734ee8ac6,2.1702617153949575,6400,2.1702617153949575,0.08586793927447114,density,2.1702617153949575,2.1702617153949575,2.1702617153949575,2.635483746814912,15,7,7,3907200,3929600,29,6400,165200,63
EQREG_medium_192a2d17b7051209,MG1655,4367200,4373600,4370400.0,medium,WIN_medium_192a2d17b7051209,2.1702617153949575,6400,2.1702617153949575,0.016390416188169422,density,2.1702617153949575,2.1702617153949575,2.1702617153949575,2.635483746814912,12,4,2,4367200,4382400,18,6400,170000,64
EQREG_medium_ee2a837fe1ac2ca6,MG1655,4400000,4406400,4403200.0,medium,WIN_medium_ee2a837fe1ac2ca6,2.1702617153949575,6400,2.1702617153949575,0.07438400206861848,density,2.1702617153949575,2.1702617153949575,2.1702617153949575,2.635483746814912,15,7,7,4392000,4414400,29,6400,176400,65
EQREG_small_9921680e39d7e4d7,MG1655,964000,967200,965600.0,small,WIN_small_9921680e39d7e4d7,2.1702617153949575,3200,0.31475589742470317,2.1702617153949575,shape,2.1702617153949575,2.1702617153949575,2.1702617153949575,2.63417683444189,7,7,8,953600,977600,22,3200,179600,66
EQREG_small_3f321f8974318292,MG1655,2407600,2410800,2409200.0,small,WIN_small_3f321f8974318292,2.1702617153949575,3200,0.6378816677573245,2.1702617153949575,shape,2.1702617153949575,2.1702617153949575,2.1702617153949575,2.63417683444189,7,5,2,2405600,2420800,14,3200,182800,67
EQREG_small_4c4435ea1ed625d1,MG1655,3307600,3310800,3309200.0,small,WIN_small_4c4435ea1ed625d1,2.1702617153949575,3200,2.1702617153949575,0.022168132357888934,density,2.1702617153949575,2.1702617153949575,2.1702617153949575,2.4836618366098997,7,8,8,3297600,3321600,23,3200,186000,68
EQREG_small_465d10fe1c310eb7,MG1655,1942800,1946000,1944400.0,small,WIN_small_465d10fe1c310eb7,2.1702617153949575,3200,0.4651429117745166,2.1702617153949575,shape,2.1702617153949575,2.1702617153949575,2.1702617153949575,2.435206830105871,7,8,8,1932800,1956800,23,3200,189200,69
EQREG_small_9fb331bbf0d6498b,MG1655,3264800,3268000,3266400.0,small,WIN_small_9fb331bbf0d6498b,2.1702617153949575,3200,2.1702617153949575,0.033358123406564785,density,2.1702617153949575,2.1702617153949575,2.1702617153949575,2.435206830105871,5,1,0,3264400,3271200,6,3200,191200,70
EQREG_small_d9f48ebec2d5b6c6,MG1655,4342000,4345200,4343600.0,small,WIN_small_d9f48ebec2d5b6c6,2.1702617153949575,3200,0.46967970999587044,2.1702617153949575,shape,2.1702617153949575,2.1702617153949575,2.1702617153949575,2.435206830105871,7,8,8,4331200,4355200,23,3200,194400,71
EQREG_small_65b91cc1831ec2a8,MG1655,2396400,2399600,2398000.0,small,WIN_small_65b91cc1831ec2a8,2.1702617153949575,3200,2.1702617153949575,0.05006612472529495,density,2.1702617153949575,2.1702617153949575,2.1702617153949575,2.421192468305749,4,0,0,2396400,2400800,4,3200,195600,72
EQREG_small_864fa9a7f9dfc532,MG1655,3070400,3073600,3072000.0,small,WIN_small_864fa9a7f9dfc532,2.1702617153949575,3200,2.1702617153949575,0.03965450700216649,density,2.1702617153949575,2.1702617153949575,2.1702617153949575,2.421192468305749,7,7,7,3060800,3083200,21,3200,198800,73
EQREG_small_e581aade2eef8006,MG1655,3736800,3740000,3738400.0,small,WIN_small_e581aade2eef8006,2.1702617153949575,3200,2.1702617153949575,0.0485154948316229,density,2.1702617153949575,2.1702617153949575,2.1702617153949575,2.3331468387779086,7,7,8,3726400,3750400,22,3200,202000,74
EQREG_small_41db40a42c371690,MG1655,880400,883600,882000.0,small,WIN_small_41db40a42c371690,2.1702617153949575,3200,0.2814203056931238,2.1702617153949575,shape,2.1702617153949575,2.1702617153949575,2.1702617153949575,2.2846918322738805,7,8,8,870400,894400,23,3200,205200,75
EQREG_small_452ec069fbc315d3,MG1655,3567600,3570800,3569200.0,small,WIN_small_452ec069fbc315d3,2.1702617153949575,3200,0.9019320607249042,2.1702617153949575,shape,2.1702617153949575,2.1702617153949575,2.1702617153949575,2.2846918322738805,7,8,8,3556800,3580800,23,3200,208400,76
EQREG_small_ba5b6e6d790ca92a,MG1655,2546800,2550000,2548400.0,small,WIN_small_ba5b6e6d790ca92a,2.1702617153949575,3200,0.4317642507259808,2.1702617153949575,shape,2.1702617153949575,2.1702617153949575,2.1702617153949575,2.251218437458573,7,8,8,2536000,2560000,23,3200,211600,77
EQREG_small_440f9b5a9092fd82,MG1655,3348000,3351200,3349600.0,small,WIN_small_440f9b5a9092fd82,2.1702617153949575,3200,2.1702617153949575,0.04576766712699721,density,2.1702617153949575,2.1702617153949575,2.1702617153949575,2.1781544196194544,7,7,8,3337600,3361600,22,3200,214800,78
EQREG_large_70e734eccd7094f2,MG1655,262400,275200,268800.0,large,WIN_large_70e734eccd7094f2,2.1702617153949575,12800,0.027246915140862277,2.1702617153949575,shape,2.1702617153949575,2.1702617153949575,2.1702617153949575,2.170261715394957,31,15,7,257600,280000,53,12800,227600,79
EQREG_large_30adab270e4a6cbb,MG1655,409600,422400,416000.0,large,WIN_large_30adab270e4a6cbb,2.1702617153949575,12800,0.1348365886811707,2.1702617153949575,shape,2.1702617153949575,2.1702617153949575,2.1702617153949575,2.170261715394957,31,15,7,404800,427200,53,12800,240400,80
EQREG_large_19639d02a0421e81,MG1655,788800,801600,795200.0,large,WIN_large_19639d02a0421e81,2.1702617153949575,12800,0.1902642962307493,2.1702617153949575,shape,2.1702617153949575,2.1702617153949575,2.1702617153949575,2.170261715394957,31,15,7,784000,806400,53,12800,253200,81
EQREG_large_2eb7b9fd30f34e19,MG1655,969600,982400,976000.0,large,WIN_large_2eb7b9fd30f34e19,2.1702617153949575,12800,0.41074169607078514,2.1702617153949575,shape,2.1702617153949575,2.1702617153949575,2.1702617153949575,2.170261715394957,31,15,6,966400,987200,52,12800,266000,82
EQREG_large_ba6ad105005ad321,MG1655,1113600,1126400,1120000.0,large,WIN_large_ba6ad105005ad321,2.1702617153949575,12800,0.2160192059556325,2.1702617153949575,shape,2.1702617153949575,2.1702617153949575,2.1702617153949575,2.170261715394957,31,15,7,1108800,1131200,53,12800,278800,83
EQREG_large_a85f97d2a7fb300b,MG1655,1126400,1139200,1132800.0,large,WIN_large_a85f97d2a7fb300b,2.1702617153949575,12800,0.6452652869348863,2.1702617153949575,shape,2.1702617153949575,2.1702617153949575,2.1702617153949575,2.170261715394957,31,15,7,1121600,1144000,53,12800,291600,84
EQREG_large_46678b7ab01f3ca4,MG1655,1140800,1153600,1147200.0,large,WIN_large_46678b7ab01f3ca4,2.1702617153949575,12800,2.1702617153949575,0.1348365886811707,density,2.1702617153949575,2.1702617153949575,2.1702617153949575,2.170261715394957,31,15,6,1136000,1156800,52,12800,304400,85
EQREG_large_fb1c24d3cc0f66fa,MG1655,1400000,1412800,1406400.0,large,WIN_large_fb1c24d3cc0f66fa,2.1702617153949575,12800,0.12106100425991881,2.1702617153949575,shape,2.1702617153949575,2.1702617153949575,2.1702617153949575,2.170261715394957,31,15,7,1395200,1417600,53,12800,317200,86
EQREG_large_c0422c2cbe2c565e,MG1655,1422400,1435200,1428800.0,large,WIN_large_c0422c2cbe2c565e,2.1702617153949575,12800,0.00889371315998255,2.1702617153949575,shape,2.1702617153949575,2.1702617153949575,2.1702617153949575,2.170261715394957,31,15,7,1417600,1440000,53,12800,330000,87
EQREG_large_9bb3913524a24d1b,MG1655,1464000,1476800,1470400.0,large,WIN_large_9bb3913524a24d1b,2.1702617153949575,12800,0.021086296535378926,2.1702617153949575,shape,2.1702617153949575,2.1702617153949575,2.1702617153949575,2.170261715394957,31,15,7,1459200,1481600,53,12800,342800,88
EQREG_large_c19ad9920d1fdb18,MG1655,1500800,1513600,1507200.0,large,WIN_large_c19ad9920d1fdb18,2.1702617153949575,12800,0.1702617153949574,2.1702617153949575,shape,2.1702617153949575,2.1702617153949575,2.1702617153949575,2.170261715394957,31,15,7,1496000,1518400,53,12800,355600,89
EQREG_large_330baf2302459de6,MG1655,1508800,1521600,1515200.0,large,WIN_large_330baf2302459de6,2.1702617153949575,12800,0.14915121419976646,2.1702617153949575,shape,2.1702617153949575,2.1702617153949575,2.1702617153949575,2.170261715394957,20,10,5,1507200,1526400,35,12800,363600,90
EQREG_large_840c9773180d910c,MG1655,1619200,1632000,1625600.0,large,WIN_large_840c9773180d910c,2.1702617153949575,12800,0.13285349507237004,2.1702617153949575,shape,2.1702617153949575,2.1702617153949575,2.1702617153949575,2.170261715394957,31,15,7,1614400,1636800,53,12800,376400,91
EQREG_large_479d1b36d91b54cf,MG1655,1625600,1638400,1632000.0,large,WIN_large_479d1b36d91b54cf,2.1702617153949575,12800,0.027246915140862277,2.1702617153949575,shape,2.1702617153949575,2.1702617153949575,2.1702617153949575,2.170261715394957,16,8,4,1625600,1643200,28,12800,382800,92
EQREG_large_295cec602611b69d,MG1655,1830400,1843200,1836800.0,large,WIN_large_295cec602611b69d,2.1702617153949575,12800,0.05799518409191452,2.1702617153949575,shape,2.1702617153949575,2.1702617153949575,2.1702617153949575,2.170261715394957,31,15,7,1825600,1848000,53,12800,395600,93
EQREG_large_8a051bad7e65da5d,MG1655,2001600,2014400,2008000.0,large,WIN_large_8a051bad7e65da5d,2.1702617153949575,12800,0.19715843847356596,2.1702617153949575,shape,2.1702617153949575,2.1702617153949575,2.1702617153949575,2.170261715394957,31,15,7,1996800,2019200,53,12800,408400,94
EQREG_large_970c16aa8f5f1d82,MG1655,2024000,2036800,2030400.0,large,WIN_large_970c16aa8f5f1d82,2.1702617153949575,12800,0.1388579488088777,2.1702617153949575,shape,2.1702617153949575,2.1702617153949575,2.1702617153949575,2.170261715394957,31,15,7,2019200,2041600,53,12800,421200,95
EQREG_large_bb83ef64d5b248ea,MG1655,2072000,2084800,2078400.0,large,WIN_large_bb83ef64d5b248ea,2.1702617153949575,12800,0.17464867754870997,2.1702617153949575,shape,2.1702617153949575,2.1702617153949575,2.1702617153949575,2.170261715394957,31,15,7,2067200,2089600,53,12800,434000,96
EQREG_large_fb2374e25563edc4,MG1655,2238400,2251200,2244800.0,large,WIN_large_fb2374e25563edc4,2.1702617153949575,12800,0.1702617153949574,2.1702617153949575,shape,2.1702617153949575,2.1702617153949575,2.1702617153949575,2.170261715394957,31,15,7,2233600,2256000,53,12800,446800,97
EQREG_large_397f9abbf2d0a089,MG1655,2334400,2347200,2340800.0,large,WIN_large_397f9abbf2d0a089,2.1702617153949575,12800,0.12106100425991881,2.1702617153949575,shape,2.1702617153949575,2.1702617153949575,2.1702617153949575,2.170261715394957,31,15,7,2329600,2352000,53,12800,459600,98
EQREG_large_4fbcbbcd14482e07,MG1655,2974400,2987200,2980800.0,large,WIN_large_4fbcbbcd14482e07,2.1702617153949575,12800,0.09473008871808228,2.1702617153949575,shape,2.1702617153949575,2.1702617153949575,2.1702617153949575,2.170261715394957,31,15,7,2969600,2992000,53,12800,472400,99
EQREG_large_054b79e2e0e60523,MG1655,3838400,3851200,3844800.0,large,WIN_large_054b79e2e0e60523,2.1702617153949575,12800,0.17905825096306,2.1702617153949575,shape,2.1702617153949575,2.1702617153949575,2.1702617153949575,2.170261715394957,31,15,7,3833600,3856000,53,12800,485200,100
EQREG_large_0932170805ce6a63,MG1655,4128000,4140800,4134400.0,large,WIN_large_0932170805ce6a63,2.1702617153949575,12800,0.1408969050190974,2.1702617153949575,shape,2.1702617153949575,2.1702617153949575,2.1702617153949575,2.170261715394957,31,15,7,4123200,4145600,53,12800,498000,101
EQREG_large_dfcc0da6b4136164,MG1655,4134400,4147200,4140800.0,large,WIN_large_dfcc0da6b4136164,2.1702617153949575,12800,0.1348365886811707,2.1702617153949575,shape,2.1702617153949575,2.1702617153949575,2.1702617153949575,2.170261715394957,16,8,4,4134400,4152000,28,12800,504400,102
EQREG_large_b12fe68bd5129184,MG1655,4558400,4571200,4564800.0,large,WIN_large_b12fe68bd5129184,2.1702617153949575,12800,0.12493873660829995,2.1702617153949575,shape,2.1702617153949575,2.1702617153949575,2.1702617153949575,2.170261715394957,31,15,7,4553600,4576000,53,12800,517200,103
EQREG_medium_d0ca04a9f7988351,MG1655,3321600,3328000,3324800.0,medium,WIN_medium_d0ca04a9f7988351,2.1643121037451047,6400,2.1643121037451047,0.06671491358862733,density,2.1702617153949575,2.1583624920952524,2.1583624920952524,2.3969231194550806,15,7,7,3313600,3336000,29,6400,523600,104
EQREG_small_69f378fc65c51c2e,MG1655,448400,451600,450000.0,small,WIN_small_69f378fc65c51c2e,2.1452120940183654,3200,0.5361117801947963,2.1452120940183654,shape,2.1702617153949575,2.1201624726417734,2.1201624726417734,2.4211924683057493,7,8,8,438400,462400,23,3200,526800,105
EQREG_small_58a0f87c48b495fb,MG1655,106800,110000,108400.0,small,WIN_small_58a0f87c48b495fb,2.1452120940183654,3200,2.1452120940183654,0.02195152661329338,density,2.1201624726417734,2.1702617153949575,2.1201624726417734,2.182631840945918,4,2,1,106800,120000,7,3200,528400,106
EQREG_small_2e9842a77308c4a9,MG1655,1137600,1140800,1139200.0,small,WIN_small_2e9842a77308c4a9,2.1196358327946747,3200,0.5576583296344281,2.1196358327946747,shape,2.0690099501943915,2.1702617153949575,2.0690099501943915,2.546131204914049,4,3,2,1132800,1147200,9,3200,530000,107
EQREG_small_de0cd8d8e67c60f2,MG1655,1161200,1164400,1162800.0,small,WIN_small_de0cd8d8e67c60f2,2.1196358327946747,3200,0.5391020662018811,2.1196358327946747,shape,2.0690099501943915,2.1702617153949575,2.0690099501943915,2.546131204914049,7,6,3,1158400,1174400,16,3200,533200,108
EQREG_small_c491605cffc495b3,MG1655,1720800,1724000,1722400.0,small,WIN_small_c491605cffc495b3,2.1196358327946747,3200,0.30987893455678794,2.1196358327946747,shape,2.0690099501943915,2.1702617153949575,2.0690099501943915,2.546131204914049,7,7,8,1710400,1734400,22,3200,536400,109
EQREG_small_a5b3e8d1f9c5dad3,MG1655,2918400,2921600,2920000.0,small,WIN_small_a5b3e8d1f9c5dad3,2.1196358327946747,3200,2.1196358327946747,0.06184070292430327,density,2.0690099501943915,2.1702617153949575,2.0690099501943915,2.3956162070820586,7,7,7,2908800,2931200,21,3200,539600,110
EQREG_small_da683e7e2eb31316,MG1655,2562800,2566000,2564400.0,small,WIN_small_da683e7e2eb31316,2.1196358327946747,3200,2.1196358327946747,0.038726079029943426,density,2.0690099501943915,2.1702617153949575,2.0690099501943915,2.1570555797222277,7,8,8,2552000,2576000,23,3200,542800,111
EQREG_small_508eb1dde6cb66a5,MG1655,3446400,3449600,3448000.0,small,WIN_small_508eb1dde6cb66a5,2.1196358327946747,3200,2.1196358327946747,0.029824286489504928,density,2.0690099501943915,2.1702617153949575,2.0690099501943915,2.1235821849069207,4,2,1,3446400,3459200,7,3200,544400,112
EQREG_medium_2074db0063e642ec,MG1655,606400,612800,609600.0,medium,WIN_medium_2074db0063e642ec,2.0958931237911025,6400,0.009657337646553976,2.0958931237911025,shape,2.1583624920952524,2.0334237554869525,2.0334237554869525,2.0958931237911,15,7,7,598400,620800,29,6400,550800,113
EQREG_small_50b4106b82f49d4b,MG1655,1877200,1880400,1878800.0,small,WIN_small_50b4106b82f49d4b,2.0760607449352237,3200,0.42804458611706636,2.0760607449352237,shape,1.9818597744754902,2.1702617153949575,1.9818597744754902,2.263995489694768,7,8,8,1867200,1891200,23,3200,554000,114
EQREG_small_3d5549cf6a1f93e7,MG1655,1298800,1302000,1300400.0,small,WIN_small_3d5549cf6a1f93e7,2.0760607449352237,3200,2.0760607449352237,0.022168132357888934,density,2.1702617153949575,1.9818597744754902,1.9818597744754902,2.201526121390618,4,0,0,1297600,1302000,4,3200,555600,115
EQREG_small_54c4689eb2a63189,MG1655,4179600,4182800,4181200.0,small,WIN_small_54c4689eb2a63189,2.0760607449352237,3200,2.0760607449352237,0.026303431357965458,density,2.1702617153949575,1.9818597744754902,1.9818597744754902,2.201526121390618,4,2,1,4179600,4193600,7,3200,557200,116
EQREG_small_6921f8a4f68672bf,MG1655,152400,155600,154000.0,small,WIN_small_6921f8a4f68672bf,2.057166464490524,3200,0.3627060568755217,2.057166464490524,shape,1.94407121358609,2.1702617153949575,1.94407121358609,2.13417683444189,7,8,8,142400,166400,23,3200,560400,117
EQREG_medium_69f8ce840bdff13b,MG1655,1093600,1100000,1096800.0,medium,WIN_medium_69f8ce840bdff13b,2.0334237554869525,6400,0.023245704198114565,2.0334237554869525,shape,2.0334237554869525,2.0334237554869525,2.0334237554869525,2.03342375548695,15,7,8,1084800,1108800,30,6400,566800,118
EQREG_small_8ddfdea63d23dbed,MG1655,951200,954400,952800.0,small,WIN_small_8ddfdea63d23dbed,2.023693069675217,3200,2.023693069675217,0.045305205640941926,density,2.1702617153949575,1.8771244239554763,1.8771244239554763,2.149158446130611,7,7,8,940800,964800,22,3200,570000,119
EQREG_small_047ca442a0238e95,MG1655,3392400,3395600,3394000.0,small,WIN_small_047ca442a0238e95,2.023693069675217,3200,0.772366916684158,2.023693069675217,shape,2.1702617153949575,1.8771244239554763,1.8771244239554763,2.149158446130611,7,8,8,3382400,3406400,23,3200,573200,120
EQREG_small_712ec1fd16b25118,MG1655,1106000,1109200,1107600.0,small,WIN_small_712ec1fd16b25118,2.0147357899843255,3200,0.17363026375806717,2.0147357899843255,shape,1.9093091073268778,2.1201624726417734,1.9093091073268778,2.014735789984321,7,8,7,1097600,1120000,22,3200,576400,121
EQREG_small_5648f44128c40998,MG1655,1847600,1850800,1849200.0,small,WIN_small_5648f44128c40998,2.0087114579864953,3200,0.7093903563773755,2.0087114579864953,shape,2.1702617153949575,1.847161200578033,1.847161200578033,2.4352068301058707,7,8,8,1836800,1860800,23,3200,579600,122
EQREG_small_725a0d423f727a3a,MG1655,446800,450000,448400.0,small,WIN_small_725a0d423f727a3a,2.0087114579864953,3200,0.5822749739639113,2.0087114579864953,shape,2.1702617153949575,1.847161200578033,1.847161200578033,2.0857218279378613,4,2,1,436800,450000,7,3200,581200,123
EQREG_medium_4c05b52b2a077f7d,MG1655,1572000,1578400,1575200.0,medium,WIN_medium_4c05b52b2a077f7d,2.007847494263262,6400,0.01691303314549443,2.007847494263262,shape,1.8573324964312712,2.1583624920952524,1.8573324964312712,2.007847494263259,15,7,8,1563200,1587200,30,6400,587600,124
EQREG_small_65b2983ab4e78dfd,MG1655,1786800,1790000,1788400.0,small,WIN_small_65b2983ab4e78dfd,2.002556117054603,3200,0.27073515787158303,2.002556117054603,shape,1.9818597744754902,2.023252459633716,1.9818597744754902,2.002556117054599,7,8,8,1776000,1800000,23,3200,590800,125
EQREG_medium_edaf651bfe63d055,MG1655,1350400,1356800,1353600.0,medium,WIN_medium_edaf651bfe63d055,1.9849687489829244,6400,0.38202838403915307,1.9849687489829244,shape,1.936513742478896,2.0334237554869525,1.936513742478896,1.9849687489829215,15,7,7,1342400,1364800,29,6400,597200,126
EQREG_small_b9489368a2996a22,MG1655,1390400,1393600,1392000.0,small,WIN_small_b9489368a2996a22,1.9818597744754902,3200,0.21312195272158463,1.9818597744754902,shape,1.9818597744754902,1.9818597744754902,1.9818597744754902,1.9818597744754864,7,7,7,1380800,1403200,21,3200,600400,127
EQREG_small_493c26e6fed394d7,MG1655,2534400,2537600,2536000.0,small,WIN_small_493c26e6fed394d7,1.9818597744754902,3200,1.9818597744754902,0.022384954383843123,density,1.9818597744754902,1.9818597744754902,1.9818597744754902,1.9818597744754864,4,2,1,2534400,2547200,7,3200,602000,128
EQREG_small_ab7998c9375b0a2f,MG1655,3485200,3488400,3486800.0,small,WIN_small_ab7998c9375b0a2f,1.9818597744754902,3200,1.9818597744754902,0.03513961936535957,density,1.9818597744754902,1.9818597744754902,1.9818597744754902,1.9818597744754864,7,8,8,3475200,3499200,23,3200,605200,129
EQREG_small_918bc7805b257b2e,MG1655,124000,127200,125600.0,small,WIN_small_918bc7805b257b2e,1.9815326268251985,3200,1.9815326268251985,0.19341793585498868,density,2.1702617153949575,1.7928035382554397,1.7928035382554397,2.257513001112584,4,2,1,113600,127200,7,3200,606800,130
EQREG_small_9dd48531fc037c84,MG1655,2060000,2063200,2061600.0,small,WIN_small_9dd48531fc037c84,1.9815326268251985,3200,0.32578858823979806,1.9815326268251985,shape,2.1702617153949575,1.7928035382554397,1.7928035382554397,2.257513001112584,4,2,1,2049600,2063200,7,3200,608400,131
EQREG_small_1fc5c9afe3919ca7,MG1655,174800,178000,176400.0,small,WIN_small_1fc5c9afe3919ca7,1.9691208349626825,3200,0.439939730626415,1.9691208349626825,shape,2.1702617153949575,1.7679799545304076,1.7679799545304076,2.1570555797222277,7,8,8,164800,188800,23,3200,611600,132
EQREG_small_fcbe40bf5510ced2,MG1655,2783600,2786800,2785200.0,small,WIN_small_fcbe40bf5510ced2,1.9691208349626825,3200,0.1650429270914451,1.9691208349626825,shape,2.1702617153949575,1.7679799545304076,1.7679799545304076,2.046131204914049,7,8,8,2772800,2796800,23,3200,614800,133
EQREG_small_e7f485f43a77d04f,MG1655,1820400,1823600,1822000.0,small,WIN_small_e7f485f43a77d04f,1.966280783480297,3200,0.29376592439012655,1.966280783480297,shape,1.9093091073268778,2.023252459633716,1.9093091073268778,1.966280783480293,7,8,8,1809600,1833600,23,3200,618000,134
EQREG_small_a2b31baecdae3c98,MG1655,2623600,2626800,2625200.0,small,WIN_small_a2b31baecdae3c98,1.9629654940307901,3200,0.3890746497116969,1.9629654940307901,shape,1.9818597744754902,1.94407121358609,1.94407121358609,1.9629654940307864,7,8,8,2612800,2636800,23,3200,621200,135
EQREG_small_f43e634f836b500b,MG1655,122000,125200,123600.0,small,WIN_small_f43e634f836b500b,1.946242089682345,3200,1.946242089682345,0.05408367789060266,density,2.1702617153949575,1.722222463969732,1.722222463969732,2.22222246396973,5,3,1,112000,125600,9,3200,623200,136
EQREG_small_694b02ebc30fcd1b,MG1655,928800,932000,930400.0,small,WIN_small_694b02ebc30fcd1b,1.9356474401473758,3200,0.5586196505071788,1.9356474401473758,shape,2.1702617153949575,1.7010331648997938,1.7010331648997938,2.0126578100987427,7,7,8,918400,942400,22,3200,626400,137
EQREG_large_8f32c8affeab8647,MG1655,209600,222400,216000.0,large,WIN_large_8f32c8affeab8647,1.931701088035127,12800,0.176831080249935,1.931701088035127,shape,2.1702617153949575,1.6931404606752964,1.6931404606752964,1.9317010880351264,31,15,7,204800,227200,53,12800,639200,138
EQREG_large_3123884949ba1bfc,MG1655,828800,841600,835200.0,large,WIN_large_3123884949ba1bfc,1.931701088035127,12800,0.1388579488088777,1.931701088035127,shape,2.1702617153949575,1.6931404606752964,1.6931404606752964,1.9317010880351264,31,15,7,824000,846400,53,12800,652000,139
EQREG_large_f7e972ecb8aeaf4f,MG1655,835200,848000,841600.0,large,WIN_large_f7e972ecb8aeaf4f,1.931701088035127,12800,0.06647145801224175,1.931701088035127,shape,1.6931404606752964,2.1702617153949575,1.6931404606752964,1.9317010880351264,16,8,4,835200,852800,28,12800,658400,140
EQREG_large_660f52497dcc31c3,MG1655,862400,875200,868800.0,large,WIN_large_660f52497dcc31c3,1.931701088035127,12800,0.14909211311318207,1.931701088035127,shape,1.6931404606752964,2.1702617153949575,1.6931404606752964,1.9317010880351264,31,15,7,857600,880000,53,12800,671200,141
EQREG_large_c841891ede68b4f3,MG1655,1236800,1249600,1243200.0,large,WIN_large_c841891ede68b4f3,1.931701088035127,12800,0.22577904324478873,1.931701088035127,shape,2.1702617153949575,1.6931404606752964,1.6931404606752964,1.9317010880351264,31,15,7,1232000,1254400,53,12800,684000,142
EQREG_large_349f5a3dd7192e00,MG1655,1758400,1771200,1764800.0,large,WIN_large_349f5a3dd7192e00,1.931701088035127,12800,0.1348365886811707,1.931701088035127,shape,1.6931404606752964,2.1702617153949575,1.6931404606752964,1.9317010880351264,31,15,7,1753600,1776000,53,12800,696800,143
EQREG_large_8d014d78483ac2b0,MG1655,2216000,2228800,2222400.0,large,WIN_large_8d014d78483ac2b0,1.931701088035127,12800,0.13685657758204073,1.931701088035127,shape,1.6931404606752964,2.1702617153949575,1.6931404606752964,1.9317010880351264,31,15,7,2211200,2233600,53,12800,709600,144
EQREG_large_5df49e88674c6360,MG1655,2246400,2259200,2252800.0,large,WIN_large_5df49e88674c6360,1.931701088035127,12800,0.1368379599080077,1.931701088035127,shape,1.6931404606752964,2.1702617153949575,1.6931404606752964,1.9317010880351264,20,10,5,2244800,2264000,35,12800,717600,145
EQREG_large_4f37ad10f8e6adc7,MG1655,3086400,3099200,3092800.0,large,WIN_large_4f37ad10f8e6adc7,1.931701088035127,12800,0.176831080249935,1.931701088035127,shape,1.6931404606752964,2.1702617153949575,1.6931404606752964,1.9317010880351264,31,15,7,3081600,3104000,53,12800,730400,146
EQREG_large_e33d2a2816df80a1,MG1655,3092800,3105600,3099200.0,large,WIN_large_e33d2a2816df80a1,1.931701088035127,12800,0.17244411809618243,1.931701088035127,shape,2.1702617153949575,1.6931404606752964,1.6931404606752964,1.9317010880351264,16,8,4,3092800,3110400,28,12800,736800,147
EQREG_large_b9077dcda2c0f4d9,MG1655,3744000,3756800,3750400.0,large,WIN_large_b9077dcda2c0f4d9,1.931701088035127,12800,0.16596162951399862,1.931701088035127,shape,1.6931404606752964,2.1702617153949575,1.6931404606752964,1.9317010880351264,31,15,7,3739200,3761600,53,12800,749600,148
EQREG_small_7baafb790e9bd326,MG1655,2647600,2650800,2649200.0,small,WIN_small_7baafb790e9bd326,1.9294920992154831,3200,0.9219265797550426,1.9294920992154831,shape,1.8771244239554763,1.9818597744754902,1.8771244239554763,1.92949209921548,7,8,8,2636800,2660800,23,3200,752800,149
EQREG_small_264f237bb36dd9fb,MG1655,3875200,3878400,3876800.0,small,WIN_small_264f237bb36dd9fb,1.9158931695055388,3200,0.6521845973619753,1.9158931695055388,shape,2.1702617153949575,1.66152462361612,1.66152462361612,2.191873543792924,7,7,7,3865600,3888000,21,3200,756000,150
EQREG_small_8ff0f825f1effc9c,MG1655,1880000,1883200,1881600.0,small,WIN_small_8ff0f825f1effc9c,1.9145104875267616,3200,0.439170251444631,1.9145104875267616,shape,1.9818597744754902,1.847161200578033,1.847161200578033,1.9145104875267585,7,3,1,1878800,1892800,11,3200,758800,151
EQREG_small_8f40f2a503ea0fe7,MG1655,4020000,4023200,4021600.0,small,WIN_small_8f40f2a503ea0fe7,1.893216765641177,3200,1.893216765641177,0.026741008143383246,density,1.9093091073268778,1.8771244239554763,1.8771244239554763,1.893216765641174,7,7,8,4009600,4033600,22,3200,762000,152
EQREG_small_e508fd728dc9fe44,MG1655,1305200,1308400,1306800.0,small,WIN_small_e508fd728dc9fe44,1.887331656365465,3200,1.887331656365465,0.04870878013735006,density,1.9818597744754902,1.7928035382554397,1.7928035382554397,1.887331656365462,4,2,1,1305200,1318400,7,3200,763600,153
EQREG_small_a43cab46930e7b8e,MG1655,2176000,2179200,2177600.0,small,WIN_small_a43cab46930e7b8e,1.887331656365465,3200,1.887331656365465,0.021086612869256928,density,1.9818597744754902,1.7928035382554397,1.7928035382554397,1.887331656365462,4,2,1,2176000,2188800,7,3200,765200,154
EQREG_small_bb62354d03a8ec98,MG1655,3566000,3569200,3567600.0,small,WIN_small_bb62354d03a8ec98,1.874919864502949,3200,0.8595525560148618,1.874919864502949,shape,1.7679799545304076,1.9818597744754902,1.7679799545304076,1.874919864502946,4,2,0,3561600,3569200,6,3200,766800,155
EQREG_large_2ee3774b1494295b,MG1655,1684800,1697600,1691200.0,large,WIN_large_2ee3774b1494295b,1.8692317197309765,12800,0.1533086968816135,1.8692317197309765,shape,1.5682017240669954,2.1702617153949575,1.5682017240669954,1.869231719730976,31,15,7,1680000,1702400,53,12800,779600,156
EQREG_large_88e37d1fe8754a7c,MG1655,1881600,1894400,1888000.0,large,WIN_large_88e37d1fe8754a7c,1.8692317197309765,12800,0.12493873660829995,1.8692317197309765,shape,2.1702617153949575,1.5682017240669954,1.5682017240669954,1.869231719730976,28,12,4,1881600,1899200,44,12800,790800,157
EQREG_small_7a2c006899bdc8ad,MG1655,464400,467600,466000.0,small,WIN_small_7a2c006899bdc8ad,1.8684373759207649,3200,0.34886158922794686,1.8684373759207649,shape,1.7928035382554397,1.94407121358609,1.7928035382554397,1.8684373759207624,7,8,8,454400,478400,23,3200,794000,158
EQREG_small_6ea83beb31f28fa5,MG1655,2319600,2322800,2321200.0,small,WIN_small_6ea83beb31f28fa5,1.8581964601545038,3200,0.47072229496321566,1.8581964601545038,shape,1.54613120491405,2.1702617153949575,1.54613120491405,2.28469183227388,7,8,8,2308800,2332800,23,3200,797200,159
EQREG_small_d7838cf548101819,MG1655,1258400,1261600,1260000.0,small,WIN_small_d7838cf548101819,1.8560255840582487,3200,1.8560255840582487,0.022168132357888934,density,1.94407121358609,1.7679799545304076,1.7679799545304076,1.856025584058246,7,7,8,1248000,1272000,22,3200,800400,160
EQREG_small_2c82f8470f303e8d,MG1655,3040000,3043200,3041600.0,small,WIN_small_2c82f8470f303e8d,1.8481284504666327,3200,1.8481284504666327,0.026306734679293932,density,1.819132476977789,1.8771244239554763,1.819132476977789,1.84812845046663,7,7,4,3030400,3048000,18,3200,803600,161
EQREG_small_426c4821ca0d6ada,MG1655,3920000,3923200,3921600.0,small,WIN_small_426c4821ca0d6ada,1.8386445309286428,3200,1.8386445309286428,0.02412279042186208,density,1.9093091073268778,1.7679799545304076,1.7679799545304076,1.83864453092864,4,4,2,3918400,3932800,10,3200,805200,162
EQREG_small_216d1e8f200b53cd,MG1655,3964000,3967200,3965600.0,small,WIN_small_216d1e8f200b53cd,1.8349639811054579,3200,1.8349639811054579,0.04213505392317754,density,1.8771244239554763,1.7928035382554397,1.7928035382554397,1.8349639811054557,7,7,8,3953600,3977600,22,3200,808400,163
EQREG_medium_9697c241a6fe2234,MG1655,328000,334400,331200.0,medium,WIN_medium_9697c241a6fe2234,1.8344537511509325,6400,0.04553988560752299,1.8344537511509325,shape,1.936513742478896,1.7323937598229688,1.7323937598229688,1.8344537511509311,15,7,4,324800,342400,26,6400,814800,164
EQREG_medium_df0e1cc36a1cc71d,MG1655,1616000,1622400,1619200.0,medium,WIN_medium_df0e1cc36a1cc71d,1.8344537511509325,6400,0.05870435496869755,1.8344537511509325,shape,1.936513742478896,1.7323937598229688,1.7323937598229688,1.8344537511509311,8,4,4,1608000,1625600,16,6400,818000,165
EQREG_small_435f49e6c6e31204,MG1655,1928000,1931200,1929600.0,small,WIN_small_435f49e6c6e31204,1.8331468387779117,3200,0.23971338520186844,1.8331468387779117,shape,1.54613120491405,2.1201624726417734,1.54613120491405,1.8331468387779088,7,7,7,1918400,1940800,21,3200,821200,166
EQREG_small_5f3626d5dbb50be4,MG1655,2920000,2923200,2921600.0,small,WIN_small_5f3626d5dbb50be4,1.8242824552976955,3200,1.8242824552976955,0.025437275095462487,density,1.6253124509616752,2.023252459633716,1.6253124509616752,1.8242824552976928,4,2,1,2920000,2932800,7,3200,822800,167
EQREG_small_06bd8ebc840cca2b,MG1655,3433200,3436400,3434800.0,small,WIN_small_06bd8ebc840cca2b,1.8216921990458053,3200,0.6218655969877238,1.8216921990458053,shape,1.9818597744754902,1.66152462361612,1.66152462361612,1.8216921990458024,7,7,4,3422400,3440000,18,3200,826000,168
EQREG_small_6cf3bc8a40c36db1,MG1655,4249600,4252800,4251200.0,small,WIN_small_6cf3bc8a40c36db1,1.8216921990458053,3200,1.8216921990458053,0.025213879443630974,density,1.9818597744754902,1.66152462361612,1.66152462361612,1.8216921990458024,4,2,1,4249600,4262400,7,3200,827600,169
EQREG_large_e3e61cde604d2c99,MG1655,3409600,3422400,3416000.0,large,WIN_large_e3e61cde604d2c99,1.8207767132269486,12800,0.12500924468293573,1.8207767132269486,shape,1.4712917110589396,2.1702617153949575,1.4712917110589396,1.820776713226948,31,15,7,3404800,3427200,53,12800,840400,170
EQREG_small_5352bc36f0a70a5a,MG1655,1854000,1857200,1855600.0,small,WIN_small_5352bc36f0a70a5a,1.8075705775542206,3200,0.21049283082533515,1.8075705775542206,shape,1.5918886954747253,2.023252459633716,1.5918886954747253,1.807570577554218,7,8,4,1849600,1867200,19,3200,843600,171
EQREG_small_bdaf40521cdc6b5a,MG1655,2144000,2147200,2145600.0,small,WIN_small_bdaf40521cdc6b5a,1.8075705775542206,3200,0.3390011678241647,1.8075705775542206,shape,1.5918886954747253,2.023252459633716,1.5918886954747253,1.807570577554218,7,7,7,2134400,2156800,21,3200,846800,172
EQREG_small_6cbccdc4b027ea9f,MG1655,4583600,4586800,4585200.0,small,WIN_small_6cbccdc4b027ea9f,1.8068652892059298,3200,1.0159921902547497,1.8068652892059298,shape,2.1702617153949575,1.4434688630169021,1.4434688630169021,2.082845663493316,7,8,8,4572800,4596800,23,3200,850000,173
EQREG_small_82c3326405a1c651,MG1655,1911200,1914400,1912800.0,small,WIN_small_82c3326405a1c651,1.7957270918503536,3200,0.6711772012138121,1.7957270918503536,shape,2.1702617153949575,1.4211924683057497,1.4211924683057497,1.8727374618017207,7,7,5,1905600,1924800,19,3200,853200,174
EQREG_small_0de5f1dfed1deafa,MG1655,2277200,2280400,2278800.0,small,WIN_small_0de5f1dfed1deafa,1.7935562157540983,3200,0.4699190786487534,1.7935562157540983,shape,1.7679799545304076,1.819132476977789,1.7679799545304076,1.793556215754096,7,8,8,2267200,2291200,23,3200,856400,175
EQREG_small_fe8f2fbf221e7a11,MG1655,127200,130400,128800.0,small,WIN_small_fe8f2fbf221e7a11,1.7890787944276352,3200,1.7890787944276352,0.02434004630887098,density,1.8771244239554763,1.7010331648997938,1.7010331648997938,1.789078794427633,4,2,1,127200,140800,7,3200,858000,176
EQREG_small_19a2a000a239b569,MG1655,773200,776400,774800.0,small,WIN_small_19a2a000a239b569,1.7890787944276352,3200,1.7890787944276352,0.028058166086016474,density,1.8771244239554763,1.7010331648997938,1.7010331648997938,1.789078794427633,4,2,1,773200,787200,7,3200,859600,177
EQREG_small_ea6007e198ed957c,MG1655,2259200,2262400,2260800.0,small,WIN_small_ea6007e198ed957c,1.7890787944276352,3200,1.7890787944276352,0.050870023704494935,density,1.7010331648997938,1.8771244239554763,1.7010331648997938,1.789078794427633,7,6,5,2252800,2272000,18,3200,862800,178
EQREG_small_579f841240675e74,MG1655,4031200,4034400,4032800.0,small,WIN_small_579f841240675e74,1.7851324423153847,3200,0.8032153051248959,1.7851324423153847,shape,1.4000031692358117,2.1702617153949575,1.4000031692358117,2.2116278144347614,7,7,7,4022400,4044800,21,3200,866000,179
EQREG_small_173187143c7e153d,MG1655,1309600,1312800,1311200.0,small,WIN_small_173187143c7e153d,1.7851324423153847,3200,0.4647361927177006,1.7851324423153847,shape,1.4000031692358117,2.1702617153949575,1.4000031692358117,1.7890787944276327,7,5,3,1307200,1323200,15,3200,869200,180
EQREG_large_6aff5827c4204a95,MG1655,4606400,4619200,4612800.0,large,WIN_large_6aff5827c4204a95,1.7811860902031358,12800,0.1368379599080077,1.7811860902031358,shape,1.392110465011314,2.1702617153949575,1.392110465011314,1.7811860902031356,31,15,7,4601600,4624000,53,12800,882000,181
EQREG_small_d3ca2b54291d97ca,MG1655,3864400,3867600,3866000.0,small,WIN_small_d3ca2b54291d97ca,1.7740971827389134,3200,1.7740971827389134,0.030258258269631015,density,1.847161200578033,1.7010331648997938,1.7010331648997938,1.7740971827389114,7,8,7,3854400,3876800,22,3200,885200,182
EQREG_small_fbb8c6290e63761a,MG1655,3724800,3728000,3726400.0,small,WIN_small_fbb8c6290e63761a,1.770150830626663,3200,0.4206719393127023,1.770150830626663,shape,2.1702617153949575,1.3700399458583683,1.3700399458583683,1.9580855753862083,7,7,7,3715200,3737600,21,3200,888400,183
EQREG_medium_4203e6e1784331a9,MG1655,2876800,2883200,2880000.0,medium,WIN_medium_4203e6e1784331a9,1.7692868669034296,6400,0.038345935590354804,1.7692868669034296,shape,1.8573324964312712,1.6812412373755878,1.6812412373755878,1.7692868669034278,15,7,7,2868800,2891200,29,6400,894800,184
EQREG_small_5e707a6e5550a5a1,MG1655,2735200,2738400,2736800.0,small,WIN_small_5e707a6e5550a5a1,1.7679799545304076,3200,1.7679799545304076,0.02390575168220281,density,1.7679799545304076,1.7679799545304076,1.7679799545304076,1.7679799545304054,7,7,8,2724800,2748800,22,3200,898000,185
EQREG_small_3091c78db270b5e4,MG1655,4276400,4279600,4278000.0,small,WIN_small_3091c78db270b5e4,1.7575130011125866,3200,0.7116846937800119,1.7575130011125866,shape,2.023252459633716,1.4917735425914573,1.4917735425914573,1.757513001112584,7,8,8,4265600,4289600,23,3200,901200,186
EQREG_small_67c5ddc07e2b9a9e,MG1655,1015200,1018400,1016800.0,small,WIN_small_67c5ddc07e2b9a9e,1.756875270137465,3200,0.6099818313179141,1.756875270137465,shape,1.9818597744754902,1.5318907657994398,1.5318907657994398,1.7568752701374626,7,7,8,1004800,1028800,22,3200,904400,187
EQREG_medium_aad1fc1e5f65ee1c,MG1655,999200,1005600,1002400.0,medium,WIN_medium_aad1fc1e5f65ee1c,1.7464081216230922,6400,0.051801445653148176,1.7464081216230922,shape,1.8573324964312712,1.635483746814913,1.635483746814913,1.7464081216230904,15,7,8,990400,1014400,30,6400,910800,188
EQREG_small_ace28cce978b4372,MG1655,3697200,3700400,3698800.0,small,WIN_small_ace28cce978b4372,1.7451012092500704,3200,0.6951458437968835,1.7451012092500704,shape,1.466949958866425,2.023252459633716,1.466949958866425,1.745101209250068,7,8,8,3686400,3710400,23,3200,914000,189
EQREG_small_b1f2233d6cd45485,MG1655,173200,176400,174800.0,small,WIN_small_b1f2233d6cd45485,1.7429719994653665,3200,0.4359609150449115,1.7429719994653665,shape,1.3156822835357755,2.1702617153949575,1.3156822835357755,1.868437375920762,4,2,1,163200,176400,7,3200,915600,190
EQREG_small_5f67f9e4db621569,MG1655,786400,789600,788000.0,small,WIN_small_5f67f9e4db621569,1.7403285502969557,3200,0.5333758684877588,1.7403285502969557,shape,1.360494627952138,2.1201624726417734,1.360494627952138,1.7403285502969528,6,5,5,776000,795200,16,3200,918000,191
EQREG_small_10911837ea9ce07b,MG1655,984000,987200,985600.0,small,WIN_small_10911837ea9ce07b,1.7345065597151006,3200,1.7345065597151006,0.025211688279226967,density,1.7679799545304076,1.7010331648997938,1.7010331648997938,1.7345065597150988,7,7,6,976000,996800,20,3200,921200,192
EQREG_small_5e7cc39930f5786f,MG1655,3346400,3349600,3348000.0,small,WIN_small_5e7cc39930f5786f,1.7333606613253083,3200,1.7333606613253083,0.049203759246024534,density,1.7444988586808845,1.722222463969732,1.722222463969732,1.7333606613253063,4,2,1,3336000,3349600,7,3200,922800,193
EQREG_small_2d59358833940ecf,MG1655,1162800,1166000,1164400.0,small,WIN_small_2d59358833940ecf,1.7265757427672126,3200,0.526960238087246,1.7265757427672126,shape,1.282889770139468,2.1702617153949575,1.282889770139468,1.730522094879461,4,2,1,1162800,1176000,7,3200,924400,194
EQREG_small_e654b4abcd25c228,MG1655,3600000,3603200,3601600.0,small,WIN_small_e654b4abcd25c228,1.722222463969732,3200,1.722222463969732,0.032694407890968266,density,1.722222463969732,1.722222463969732,1.722222463969732,1.7222224639697303,7,7,7,3590400,3612800,21,3200,927600,195
EQREG_small_959f99c71cc39064,MG1655,4472000,4475200,4473600.0,small,WIN_small_959f99c71cc39064,1.7205999365631588,3200,0.298288129912005,1.7205999365631588,shape,1.9093091073268778,1.5318907657994398,1.5318907657994398,1.7205999365631568,7,7,4,4467200,4484800,18,3200,930800,196
EQREG_small_a9884e8075ecf0a2,MG1655,3911600,3914800,3913200.0,small,WIN_small_a9884e8075ecf0a2,1.71952494802638,3200,1.0812514972493181,1.71952494802638,shape,2.0690099501943915,1.3700399458583683,1.3700399458583683,1.7195249480263772,7,7,4,3900800,3918400,18,3200,934000,197
EQREG_small_5eb32857ebbb13e1,MG1655,2988400,2991600,2990000.0,small,WIN_small_5eb32857ebbb13e1,1.7184552550211039,3200,0.3932835904581199,1.7184552550211039,shape,1.9818597744754902,1.4550507355667173,1.4550507355667173,1.7184552550211014,7,8,6,2980800,3001600,21,3200,937200,198
EQREG_small_19dfffd7b087e7ef,MG1655,677600,680800,679200.0,small,WIN_small_19dfffd7b087e7ef,1.7147522890732638,3200,0.10340787337080345,1.7147522890732638,shape,1.7679799545304076,1.66152462361612,1.66152462361612,1.714752289073262,7,7,8,667200,691200,22,3200,940400,199
EQREG_small_0e5e3b688303d7f0,MG1655,1678400,1681600,1680000.0,small,WIN_small_0e5e3b688303d7f0,1.713705794320342,3200,0.39390149997388113,1.713705794320342,shape,1.9093091073268778,1.5181024813138064,1.5181024813138064,1.7137057943203402,7,7,7,1668800,1691200,21,3200,943600,200
EQREG_small_03057b3ff37bd1f0,MG1655,3735200,3738400,3736800.0,small,WIN_small_03057b3ff37bd1f0,1.7126643187461958,3200,1.7126643187461958,0.03603898759261884,density,1.7444988586808845,1.680829778811507,1.680829778811507,1.7126643187461938,4,2,0,3731200,3738400,6,3200,945200,201
EQREG_small_f4eb3abac767d226,MG1655,902400,905600,904000.0,small,WIN_small_f4eb3abac767d226,1.7055105862262585,3200,0.37391760092156967,1.7055105862262585,shape,2.1201624726417734,1.2908586998107434,1.2908586998107434,1.7055105862262554,7,7,7,892800,915200,21,3200,948400,202
EQREG_small_17b2e01c96a9db67,MG1655,3965600,3968800,3967200.0,small,WIN_small_17b2e01c96a9db67,1.7030117411485022,3200,1.7030117411485022,0.03991554553124618,density,1.7444988586808845,1.66152462361612,1.66152462361612,1.7030117411485004,4,2,1,3965600,3979200,7,3200,950000,203
EQREG_small_cc4d9b2d73e0a0cb,MG1655,3349600,3352800,3351200.0,small,WIN_small_cc4d9b2d73e0a0cb,1.7010331648997938,3200,1.7010331648997938,0.04625911817854607,density,1.7010331648997938,1.7010331648997938,1.7010331648997938,1.7010331648997925,4,2,1,3349600,3363200,7,3200,951600,204
EQREG_small_62fc44f87092f7ab,MG1655,1697600,1700800,1699200.0,small,WIN_small_62fc44f87092f7ab,1.693667100522391,3200,0.4209754295660898,1.693667100522391,shape,1.2170724856498245,2.1702617153949575,1.2170724856498245,1.6976134526346394,7,6,5,1691200,1710400,18,3200,954800,205
EQREG_large_90ea040468604a09,MG1655,3499200,3512000,3505600.0,large,WIN_large_90ea040468604a09,1.6931404606752964,12800,0.1348365886811707,1.6931404606752964,shape,1.6931404606752964,1.6931404606752964,1.6931404606752964,1.693140460675295,31,15,7,3494400,3516800,53,12800,967600,206
EQREG_large_ca4a23657eb2f01e,MG1655,488000,500800,494400.0,large,WIN_large_ca4a23657eb2f01e,1.693140460675295,12800,0.20417709243456128,1.693140460675295,shape,2.1702617153949575,1.2160192059556325,1.2160192059556325,1.693140460675295,31,15,7,483200,505600,53,12800,980400,207
EQREG_large_4801f24b32ecfa12,MG1655,1315200,1328000,1321600.0,large,WIN_large_4801f24b32ecfa12,1.693140460675295,12800,0.13085212384553307,1.693140460675295,shape,1.2160192059556325,2.1702617153949575,1.2160192059556325,1.693140460675295,31,15,6,1312000,1332800,52,12800,993200,208
EQREG_small_bbc8b9093b1713eb,MG1655,1809200,1812400,1810800.0,small,WIN_small_bbc8b9093b1713eb,1.6918735437929269,3200,0.5419920284446412,1.6918735437929269,shape,1.360494627952138,2.023252459633716,1.360494627952138,1.6918735437929244,7,8,5,1801600,1820800,20,3200,996400,209
EQREG_medium_b1c6ba4fc68e30ab,MG1655,662400,668800,665600.0,medium,WIN_medium_b1c6ba4fc68e30ab,1.6894364454696738,6400,0.23845593267531356,1.6894364454696738,shape,1.8573324964312712,1.5215403945080765,1.5215403945080765,1.689436445469672,15,7,7,654400,676800,29,6400,1002800,210
EQREG_small_1bf0ab103a1dc51d,MG1655,4466000,4469200,4467600.0,small,WIN_small_1bf0ab103a1dc51d,1.6881295330966513,3200,1.6881295330966513,0.03492114371452807,density,1.7679799545304076,1.6082791116628947,1.6082791116628947,1.6881295330966497,4,2,0,4466000,4473600,6,3200,1004400,211
EQREG_small_7e425661cca091c7,MG1655,1220000,1223200,1221600.0,small,WIN_small_7e425661cca091c7,1.6858218892648078,3200,0.1807077799287688,1.6858218892648078,shape,1.9818597744754902,1.3897840040541256,1.3897840040541256,1.6858218892648056,7,7,8,1209600,1233600,22,3200,1007600,212
EQREG_medium_935ecc5549da3f55,MG1655,3974400,3980800,3977600.0,medium,WIN_medium_935ecc5549da3f55,1.683938753318941,6400,0.4626498789972354,1.683938753318941,shape,1.635483746814913,1.7323937598229688,1.635483746814913,1.6839387533189405,15,7,6,3968000,3988800,28,6400,1014000,213
EQREG_small_b1f8d684ffa46e9e,MG1655,332800,336000,334400.0,small,WIN_small_b1f8d684ffa46e9e,1.6821799214467976,3200,0.0968828841008645,1.6821799214467976,shape,1.9093091073268778,1.4550507355667173,1.4550507355667173,1.6821799214467954,4,4,2,331200,345600,10,3200,1015600,214
EQREG_small_d4288c06abb7fde8,MG1655,3055200,3058400,3056800.0,small,WIN_small_d4288c06abb7fde8,1.6812788942579568,3200,1.6812788942579568,0.025431352912936522,density,1.66152462361612,1.7010331648997938,1.66152462361612,1.6812788942579555,4,4,2,3053600,3068800,10,3200,1017200,215
EQREG_small_5bebc985f37d34f6,MG1655,1704800,1708000,1706400.0,small,WIN_small_5bebc985f37d34f6,1.6805026311612163,3200,0.40469684013399654,1.6805026311612163,shape,1.1907435469274754,2.1702617153949575,1.1907435469274754,2.106998003280593,7,7,5,1699200,1718400,19,3200,1020400,216
EQREG_small_5d5814dd01885a4c,MG1655,1579600,1582800,1581200.0,small,WIN_small_5d5814dd01885a4c,1.6805026311612163,3200,0.4191608181069156,1.6805026311612163,shape,2.1702617153949575,1.1907435469274754,1.1907435469274754,1.9564830054486029,7,8,4,1575200,1593600,19,3200,1023600,217
EQREG_small_1307c6d9a2fc39b7,MG1655,4433600,4436800,4435200.0,small,WIN_small_1307c6d9a2fc39b7,1.6759498601669294,3200,0.3323142297417402,1.6759498601669294,shape,1.9818597744754902,1.3700399458583683,1.3700399458583683,1.6759498601669272,7,7,7,4424000,4446400,21,3200,1026800,218
EQREG_small_50ad503e2bca10f0,MG1655,1797600,1800800,1799200.0,small,WIN_small_50ad503e2bca10f0,1.6720371914109504,3200,1.6720371914109504,0.031806273323842914,density,1.7010331648997938,1.643041217922107,1.643041217922107,1.6720371914109489,4,2,0,1793600,1800800,6,3200,1028400,219
EQREG_small_8104b7cc1e500403,MG1655,103600,106800,105200.0,small,WIN_small_8104b7cc1e500403,1.6711772012138135,3200,1.6711772012138135,0.03514787669064176,density,1.680829778811507,1.66152462361612,1.66152462361612,1.671177201213812,4,2,1,92800,106800,7,3200,1030000,220
EQREG_small_da2472400aadad4b,MG1655,1991600,1994800,1993200.0,small,WIN_small_da2472400aadad4b,1.6711772012138135,3200,1.6711772012138135,0.025647727062192104,density,1.680829778811507,1.66152462361612,1.66152462361612,1.671177201213812,7,8,8,1980800,2004800,23,3200,1033200,221
EQREG_small_b94cdc2653dfa5a9,MG1655,3986400,3989600,3988000.0,small,WIN_small_b94cdc2653dfa5a9,1.6711772012138135,3200,1.6711772012138135,0.049945280500871166,density,1.66152462361612,1.680829778811507,1.66152462361612,1.671177201213812,7,7,7,3977600,4000000,21,3200,1036400,222
EQREG_large_f80bd2a5cab5ad62,MG1655,38400,51200,44800.0,large,WIN_large_f80bd2a5cab5ad62,1.6702617153949575,12800,0.06136187542139872,1.6702617153949575,shape,1.1702617153949577,2.1702617153949575,1.1702617153949577,1.6702617153949575,31,15,7,33600,56000,53,12800,1049200,223
EQREG_large_9abef0aed6a73c31,MG1655,3216000,3228800,3222400.0,large,WIN_large_9abef0aed6a73c31,1.6702617153949575,12800,0.07162143633214774,1.6702617153949575,shape,1.1702617153949577,2.1702617153949575,1.1702617153949577,1.6702617153949575,31,15,7,3211200,3233600,53,12800,1062000,224
EQREG_small_e7d4e924b22990d1,MG1655,3938000,3941200,3939600.0,small,WIN_small_e7d4e924b22990d1,1.6694673715847457,3200,0.8192682364326318,1.6694673715847457,shape,2.023252459633716,1.3156822835357755,1.3156822835357755,1.6694673715847432,7,8,8,3928000,3952000,23,3200,1065200,225
EQREG_small_876125231a6d8e73,MG1655,3934000,3937200,3935600.0,small,WIN_small_876125231a6d8e73,1.6631728079307346,3200,1.6631728079307346,0.1157533083176946,density,1.6253124509616752,1.7010331648997938,1.6253124509616752,1.663172807930733,7,5,3,3923200,3939200,15,3200,1068400,226
EQREG_small_54c2dc2743ae7133,MG1655,88000,91200,89600.0,small,WIN_small_54c2dc2743ae7133,1.66152462361612,3200,1.66152462361612,0.03358482348059995,density,1.66152462361612,1.66152462361612,1.66152462361612,1.6615246236161183,7,7,7,78400,100800,21,3200,1071600,227
EQREG_small_b4411c9ee0af96d6,MG1655,1939200,1942400,1940800.0,small,WIN_small_b4411c9ee0af96d6,1.6570555797222295,3200,0.5977272961828917,1.6570555797222295,shape,2.023252459633716,1.2908586998107434,1.2908586998107434,1.6570555797222273,7,4,2,1929600,1944000,13,3200,1074800,228
EQREG_small_b4e5bb1b539d1a3a,MG1655,4200800,4204000,4202400.0,small,WIN_small_b4e5bb1b539d1a3a,1.657055579722229,3200,0.7550363717227049,1.657055579722229,shape,1.466949958866425,1.847161200578033,1.466949958866425,1.6570555797222273,7,7,8,4190400,4214400,22,3200,1078000,229
EQREG_small_cb9f4339051be509,MG1655,3546000,3549200,3547600.0,small,WIN_small_cb9f4339051be509,1.6546561382813443,3200,1.6546561382813443,0.03581017236641311,density,1.7010331648997938,1.6082791116628947,1.6082791116628947,1.654656138281343,4,2,1,3536000,3549200,7,3200,1079600,230
EQREG_small_bf98a6b237d026cc,MG1655,3705600,3708800,3707200.0,small,WIN_small_bf98a6b237d026cc,1.6522829207691134,3200,1.6522829207691134,0.0364809561543264,density,1.643041217922107,1.66152462361612,1.643041217922107,1.652282920769112,7,7,5,3699200,3718400,19,3200,1082800,231
EQREG_small_3237cee8d080f178,MG1655,1177200,1180400,1178800.0,small,WIN_small_3237cee8d080f178,1.6507097861690943,3200,0.6482606944794271,1.6507097861690943,shape,2.1702617153949575,1.1311578569432312,1.1311578569432312,1.83864453092864,7,8,8,1166400,1190400,23,3200,1086000,232
EQREG_small_d86e0f82e0364dd8,MG1655,2814000,2817200,2815600.0,small,WIN_small_d86e0f82e0364dd8,1.648771029005633,3200,0.518155502249474,1.648771029005633,shape,1.9818597744754902,1.3156822835357755,1.3156822835357755,1.6487710290056308,7,8,8,2803200,2827200,23,3200,1089200,233
EQREG_small_7a55dd431dec6cb4,MG1655,1104400,1107600,1106000.0,small,WIN_small_7a55dd431dec6cb4,1.6479435418691137,3200,0.1755212531330702,1.6479435418691137,shape,2.1702617153949575,1.1256253683432702,1.1256253683432702,1.685363288796669,4,2,0,1100000,1107600,6,3200,1090800,234
EQREG_small_4a3c8b4ee9d27e1c,MG1655,3276400,3279600,3278000.0,small,WIN_small_4a3c8b4ee9d27e1c,1.6464609301872595,3200,1.6464609301872595,0.033363583277099366,density,1.5918886954747253,1.7010331648997938,1.5918886954747253,1.646460930187258,4,2,1,3276400,3289600,7,3200,1092400,235
EQREG_small_e19c2a0a76a0bd63,MG1655,1158000,1161200,1159600.0,small,WIN_small_e19c2a0a76a0bd63,1.6434185372888976,3200,1.6434185372888976,0.02347015025036659,density,1.66152462361612,1.6253124509616752,1.6253124509616752,1.643418537288896,4,0,0,1158000,1162400,4,3200,1094000,236
EQREG_small_db63073fda7a32fc,MG1655,1296800,1300000,1298400.0,small,WIN_small_db63073fda7a32fc,1.6434185372888976,3200,1.6434185372888976,0.023253328224412402,density,1.66152462361612,1.6253124509616752,1.6253124509616752,1.643418537288896,2,0,0,1296800,1300400,2,3200,1094400,237
EQREG_small_d800c25b4ba41ebd,MG1655,2720000,2723200,2721600.0,small,WIN_small_d800c25b4ba41ebd,1.6434185372888976,3200,1.6434185372888976,0.055729699843558037,density,1.6253124509616752,1.66152462361612,1.6253124509616752,1.643418537288896,7,7,7,2710400,2732800,21,3200,1097600,238
EQREG_small_fb830be03241bf0f,MG1655,3306000,3309200,3307600.0,small,WIN_small_fb830be03241bf0f,1.6434185372888976,3200,1.6434185372888976,0.03159157544962475,density,1.6253124509616752,1.66152462361612,1.6253124509616752,1.643418537288896,4,2,1,3296000,3309200,7,3200,1099200,239
EQREG_small_1985680bead99726,MG1655,3266400,3269600,3268000.0,small,WIN_small_1985680bead99726,1.643041217922107,3200,1.643041217922107,0.02303585475510685,density,1.643041217922107,1.643041217922107,1.643041217922107,1.6430412179221054,4,0,0,3266400,3270800,4,3200,1100800,240
EQREG_small_842c715017d9d82e,MG1655,890400,893600,892000.0,small,WIN_small_842c715017d9d82e,1.6363592371431168,3200,0.37846913083750233,1.6363592371431168,shape,1.9818597744754902,1.2908586998107434,1.2908586998107434,1.6363592371431146,7,7,6,883200,904000,20,3200,1104000,241
EQREG_small_be8d173b363b7a02,MG1655,1256800,1260000,1258400.0,small,WIN_small_be8d173b363b7a02,1.6349018676395075,3200,1.6349018676395075,0.03291723730092886,density,1.66152462361612,1.6082791116628947,1.6082791116628947,1.634901867639506,4,2,1,1246400,1260000,7,3200,1105600,242
EQREG_small_8b7729c76d110bbf,MG1655,3175200,3178400,3176800.0,small,WIN_small_8b7729c76d110bbf,1.6341768344418912,3200,1.6341768344418912,0.035811092669021036,density,1.6253124509616752,1.643041217922107,1.6253124509616752,1.6341768344418897,7,7,8,3164800,3188800,22,3200,1108800,243
EQREG_small_6921119c2e5009c1,MG1655,4440400,4443600,4442000.0,small,WIN_small_6921119c2e5009c1,1.6320476246571882,3200,0.5323997711551928,1.6320476246571882,shape,2.1702617153949575,1.0938335339194187,1.0938335339194187,1.6694673715847437,7,8,5,4435200,4454400,20,3200,1112000,244
EQREG_small_115d16d5b0a1a5c6,MG1655,3394000,3397200,3395600.0,small,WIN_small_115d16d5b0a1a5c6,1.6309438133172751,3200,0.6486433328884833,1.6309438133172751,shape,1.7010331648997938,1.5608544617347566,1.5608544617347566,1.6309438133172738,4,2,1,3394000,3408000,7,3200,1113600,245
EQREG_small_c1c627b64ddf19ef,MG1655,166800,170000,168400.0,small,WIN_small_c1c627b64ddf19ef,1.6269974612050253,3200,0.2613408712705094,1.6269974612050253,shape,2.1702617153949575,1.0837332070150931,1.0837332070150931,1.902977835492412,7,8,4,156800,174400,19,3200,1116800,246
EQREG_small_1f0443971f8ceafc,MG1655,985600,988800,987200.0,small,WIN_small_1f0443971f8ceafc,1.6267066595454227,3200,1.6267066595454227,0.029598569941646967,density,1.66152462361612,1.5918886954747253,1.5918886954747253,1.6267066595454214,4,2,1,985600,998400,7,3200,1118400,247
EQREG_small_ba08e1cff1a34a90,MG1655,1265200,1268400,1266800.0,small,WIN_small_ba08e1cff1a34a90,1.6246186892183552,3200,0.4447357348031104,1.6246186892183552,shape,1.2673776039612203,1.9818597744754902,1.2673776039612203,1.6246186892183534,7,8,4,1260800,1278400,19,3200,1121600,248
EQREG_small_245abed6a762e826,MG1655,1110800,1114000,1112400.0,small,WIN_small_245abed6a762e826,1.62451575143925,3200,0.6989748818023761,1.62451575143925,shape,1.078769787483543,2.1702617153949575,1.078769787483543,2.0510111235586272,7,4,0,1108000,1116800,11,3200,1124400,249
EQREG_small_ce07f915d1122182,MG1655,2916800,2920000,2918400.0,small,WIN_small_ce07f915d1122182,1.623582184906922,3200,1.623582184906922,0.02919023708141255,density,1.54613120491405,1.7010331648997938,1.54613120491405,1.6235821849069207,4,2,1,2907200,2920000,7,3200,1126000,250
EQREG_small_183d368c4e70f7d0,MG1655,1871200,1874400,1872800.0,small,WIN_small_183d368c4e70f7d0,1.6211827434660382,3200,0.44346435169449205,1.6211827434660382,shape,1.9093091073268778,1.3330563796051984,1.3330563796051984,1.6211827434660362,7,7,4,1860800,1878400,18,3200,1129200,251
EQREG_small_045f11520ecf5749,MG1655,3261200,3264400,3262800.0,small,WIN_small_045f11520ecf5749,1.618809525953807,3200,1.618809525953807,0.03092940500177585,density,1.5760944282914935,1.66152462361612,1.5760944282914935,1.6188095259538051,4,2,1,3251200,3264400,7,3200,1130800,252
EQREG_small_2c51d24f72533aac,MG1655,90000,93200,91600.0,small,WIN_small_2c51d24f72533aac,1.6167957813122849,3200,1.6167957813122849,0.05484208136492526,density,1.6253124509616752,1.6082791116628947,1.6082791116628947,1.6167957813122835,5,3,2,89600,104000,10,3200,1132800,253
EQREG_small_1275a2024481ef21,MG1655,198800,202000,200400.0,small,WIN_small_1275a2024481ef21,1.6167957813122849,3200,1.6167957813122849,0.044617667628192,density,1.6253124509616752,1.6082791116628947,1.6082791116628947,1.6167957813122835,7,8,8,188800,212800,23,3200,1136000,254
EQREG_small_80799b5aeb1f12a5,MG1655,3531200,3534400,3532800.0,small,WIN_small_80799b5aeb1f12a5,1.6167957813122849,3200,1.6167957813122849,0.03181169431383746,density,1.6253124509616752,1.6082791116628947,1.6082791116628947,1.6167957813122835,4,2,1,3521600,3534400,7,3200,1137600,255
EQREG_small_da0c80a6b2988a39,MG1655,4021600,4024800,4023200.0,small,WIN_small_da0c80a6b2988a39,1.6167957813122849,3200,1.6167957813122849,0.033587100786234225,density,1.6253124509616752,1.6082791116628947,1.6082791116628947,1.6167957813122835,4,2,0,4021600,4028800,6,3200,1139200,256
EQREG_small_c75e78eafd33e45d,MG1655,3638000,3641200,3639600.0,small,WIN_small_c75e78eafd33e45d,1.6086005732182003,3200,1.6086005732182003,0.032691686338341824,density,1.6253124509616752,1.5918886954747253,1.5918886954747253,1.6086005732181992,4,2,1,3627200,3641200,7,3200,1140800,257
EQREG_small_f8db67f5d361f4ea,MG1655,3560400,3563600,3562000.0,small,WIN_small_f8db67f5d361f4ea,1.6069980032805948,3200,0.4924169199986353,1.6069980032805948,shape,1.722222463969732,1.4917735425914573,1.4917735425914573,1.6069980032805935,7,7,0,3556000,3567200,14,3200,1144000,258
EQREG_small_f3e7d7005d86996e,MG1655,2260800,2264000,2262400.0,small,WIN_small_f3e7d7005d86996e,1.603827914265085,3200,1.603827914265085,0.052521341479537756,density,1.54613120491405,1.66152462361612,1.54613120491405,1.6038279142650838,4,2,1,2260800,2273600,7,3200,1145600,259
EQREG_small_bdf8083fa51f1e8b,MG1655,1491600,1494800,1493200.0,small,WIN_small_bdf8083fa51f1e8b,1.6028858423278107,3200,0.38936397403181383,1.6028858423278107,shape,2.0690099501943915,1.1367617344612297,1.1367617344612297,1.602885842327808,7,8,8,1481600,1505600,23,3200,1148800,260
EQREG_small_a364a45254a2ee7c,MG1655,200400,203600,202000.0,small,WIN_small_a364a45254a2ee7c,1.6000839035688101,3200,1.6000839035688101,0.037155670498677934,density,1.5918886954747253,1.6082791116628947,1.5918886954747253,1.6000839035688088,4,2,1,200400,214400,7,3200,1150400,261
EQREG_small_4092ee8a8c7f6563,MG1655,2139200,2142400,2140800.0,small,WIN_small_4092ee8a8c7f6563,1.6000839035688101,3200,1.6000839035688101,0.05042266298270536,density,1.6082791116628947,1.5918886954747253,1.5918886954747253,1.6000839035688088,7,6,3,2129600,2145600,16,3200,1153600,262
EQREG_small_38789331dc03103a,MG1655,3072000,3075200,3073600.0,small,WIN_small_38789331dc03103a,1.6000839035688101,3200,1.6000839035688101,0.02543288827808269,density,1.5918886954747253,1.6082791116628947,1.5918886954747253,1.6000839035688088,4,2,1,3072000,3084800,7,3200,1155200,263
EQREG_small_8c8c7ae0fad3a375,MG1655,1969200,1972400,1970800.0,small,WIN_small_8c8c7ae0fad3a375,1.597317659268831,3200,0.45357585519437127,1.597317659268831,shape,2.0690099501943915,1.1256253683432702,1.1256253683432702,1.5973176592688283,7,8,8,1958400,1982400,23,3200,1158400,264
EQREG_large_5811fdbe28f125dc,MG1655,72000,84800,78400.0,large,WIN_large_5811fdbe28f125dc,1.5971976975558384,12800,0.08568911489935824,1.5971976975558384,shape,1.0241336797167193,2.1702617153949575,1.0241336797167193,1.5971976975558384,31,15,7,67200,89600,53,12800,1171200,265
EQREG_large_288f242ef1f4ecc2,MG1655,3281600,3294400,3288000.0,large,WIN_large_288f242ef1f4ecc2,1.5971976975558384,12800,0.19253811010610963,1.5971976975558384,shape,2.1702617153949575,1.0241336797167193,1.0241336797167193,1.5971976975558384,31,15,6,3278400,3299200,52,12800,1184000,266
EQREG_large_6dcb88d38a185c7d,MG1655,4520000,4532800,4526400.0,large,WIN_large_6dcb88d38a185c7d,1.5971976975558384,12800,0.15556982655235257,1.5971976975558384,shape,2.1702617153949575,1.0241336797167193,1.0241336797167193,1.5971976975558384,31,15,7,4515200,4537600,53,12800,1196800,267
EQREG_medium_c6af0b58ee351b0f,MG1655,3041600,3048000,3044800.0,medium,WIN_medium_c6af0b58ee351b0f,1.5940910616566881,6400,1.5940910616566881,0.05514745952825026,density,1.5940910616566881,1.5940910616566881,1.5940910616566881,1.594091061656687,5,1,0,3041600,3048000,6,6400,1198400,268
EQREG_small_57711c0e4bac63a0,MG1655,1906800,1910000,1908400.0,small,WIN_small_57711c0e4bac63a0,1.593083456348216,3200,1.593083456348216,0.030700964316858377,density,1.6253124509616752,1.5608544617347566,1.5608544617347566,1.5930834563482146,7,3,0,1904800,1912800,10,3200,1201600,269
EQREG_small_eecfcf10f1bfd6e0,MG1655,2825600,2828800,2827200.0,small,WIN_small_eecfcf10f1bfd6e0,1.592186769977194,3200,1.592186769977194,0.03919038103252412,density,1.6082791116628947,1.5760944282914935,1.5760944282914935,1.5921867699771928,7,7,7,2816000,2838400,21,3200,1204800,270
EQREG_small_ebab66b6453f275d,MG1655,2439200,2442400,2440800.0,small,WIN_small_ebab66b6453f275d,1.5918886954747253,3200,1.5918886954747253,0.025431352912936522,density,1.5918886954747253,1.5918886954747253,1.5918886954747253,1.5918886954747242,7,7,8,2428800,2452800,22,3200,1208000,271
EQREG_small_22ab2caa3e125efb,MG1655,1208400,1211600,1210000.0,small,WIN_small_22ab2caa3e125efb,1.5892242787221922,3200,0.17434845144761854,1.5892242787221922,shape,1.4104686029139766,1.7679799545304076,1.4104686029139766,1.5892242787221906,4,2,0,1208400,1216000,6,3200,1209600,272
EQREG_small_5d8635ffa2271b8f,MG1655,1109200,1112400,1110800.0,small,WIN_small_5d8635ffa2271b8f,1.585721827937863,3200,0.5691762253070449,1.585721827937863,shape,1.847161200578033,1.324282455297693,1.324282455297693,1.585721827937861,4,0,0,1108000,1112400,4,3200,1211200,273
EQREG_small_d5c8537017226859,MG1655,1397200,1400400,1398800.0,small,WIN_small_d5c8537017226859,1.5839915618831095,3200,1.5839915618831095,0.029611985575668312,density,1.5918886954747253,1.5760944282914935,1.5760944282914935,1.5839915618831082,7,6,2,1392000,1406400,15,3200,1214000,274
EQREG_small_6700b0fb6d461b61,MG1655,1990000,1993200,1991600.0,small,WIN_small_6700b0fb6d461b61,1.5839915618831095,3200,1.5839915618831095,0.030479498473131597,density,1.5918886954747253,1.5760944282914935,1.5760944282914935,1.5839915618831082,4,2,1,1979200,1993200,7,3200,1215600,275
EQREG_small_bb029553d76cd6f4,MG1655,405600,408800,407200.0,small,WIN_small_bb029553d76cd6f4,1.5820651986717296,3200,0.28095023433813116,1.5820651986717296,shape,2.1702617153949575,0.9938686819485018,0.9938686819485018,1.7699999434312754,7,7,6,395200,416000,20,3200,1218800,276
EQREG_small_eab99793ed4adbcd,MG1655,1175600,1178800,1177200.0,small,WIN_small_eab99793ed4adbcd,1.5814217420569041,3200,0.5684637483681646,1.5814217420569041,shape,1.847161200578033,1.3156822835357755,1.3156822835357755,1.5814217420569028,4,2,1,1164800,1178800,7,3200,1220400,277
EQREG_small_a6f609fceb87db5e,MG1655,2786000,2789200,2787600.0,small,WIN_small_a6f609fceb87db5e,1.5800070970474724,3200,0.3832912914923362,1.5800070970474724,shape,1.1781544196194549,1.9818597744754902,1.1781544196194549,1.5800070970474709,6,3,2,2785200,2800000,11,3200,1222800,278
EQREG_small_e3781551fdbe37d1,MG1655,1312000,1315200,1313600.0,small,WIN_small_e3781551fdbe37d1,1.5788819792922666,3200,0.3040619888279602,1.5788819792922666,shape,1.7679799545304076,1.3897840040541256,1.3897840040541256,1.578881979292265,6,2,0,1311200,1318400,8,3200,1225200,279
EQREG_small_60c27885e5f175a6,MG1655,1442400,1445600,1444000.0,small,WIN_small_60c27885e5f175a6,1.5769269426950632,3200,0.37392196757732954,1.5769269426950632,shape,1.1719941109146363,1.9818597744754902,1.1719941109146363,1.5769269426950614,7,7,8,1432000,1456000,22,3200,1228400,280
EQREG_small_8944f47b78080fcf,MG1655,4268800,4272000,4270400.0,small,WIN_small_8944f47b78080fcf,1.576371578604741,3200,1.576371578604741,0.0353697951984099,density,1.5918886954747253,1.5608544617347566,1.5608544617347566,1.5763715786047396,7,7,4,4259200,4276800,18,3200,1231600,281
EQREG_small_01364aa0a300ed65,MG1655,1900000,1903200,1901600.0,small,WIN_small_01364aa0a300ed65,1.5700849387311673,3200,1.5700849387311673,0.024775648617163172,density,1.6082791116628947,1.5318907657994398,1.5318907657994398,1.5700849387311662,4,2,1,1889600,1903200,7,3200,1233200,282
EQREG_small_2c491e3402a6b45c,MG1655,696000,699200,697600.0,small,WIN_small_2c491e3402a6b45c,1.5690099501943882,3200,0.5265012787947672,1.5690099501943882,shape,1.847161200578033,1.2908586998107434,1.2908586998107434,1.5690099501943866,7,7,7,686400,708800,21,3200,1236400,283
EQREG_small_2ecd3d04842ad952,MG1655,3988000,3991200,3989600.0,small,WIN_small_2ecd3d04842ad952,1.5684744450131252,3200,1.5684744450131252,0.10132350392890022,density,1.5608544617347566,1.5760944282914935,1.5608544617347566,1.5684744450131238,4,2,1,3988000,4001600,7,3200,1238000,284
EQREG_large_a8f8e98196078a73,MG1655,3456000,3468800,3462400.0,large,WIN_large_a8f8e98196078a73,1.5682017240669954,12800,0.08215818765561482,1.5682017240669954,shape,1.2671717284030142,1.8692317197309767,1.2671717284030142,1.568201724066995,31,15,7,3451200,3473600,53,12800,1250800,285
EQREG_large_3aac8bec5b9b34a7,MG1655,4281600,4294400,4288000.0,large,WIN_large_3aac8bec5b9b34a7,1.568201724066995,12800,0.09477609936365153,1.568201724066995,shape,0.9661417327390326,2.1702617153949575,0.9661417327390326,1.568201724066995,31,15,6,4278400,4299200,52,12800,1263600,286
EQREG_small_45d3eadc99a35282,MG1655,1708800,1712000,1710400.0,small,WIN_small_45d3eadc99a35282,1.5642372912412728,3200,0.31230988954110317,1.5642372912412728,shape,1.360494627952138,1.7679799545304076,1.360494627952138,1.5642372912412714,7,5,2,1706400,1721600,14,3200,1266800,287
EQREG_small_1519da98e6273764,MG1655,3641200,3644400,3642800.0,small,WIN_small_1519da98e6273764,1.5618897306370827,3200,1.5618897306370827,0.04009639436054587,density,1.5918886954747253,1.5318907657994398,1.5318907657994398,1.5618897306370814,4,2,1,3641200,3654400,7,3200,1268400,288
EQREG_small_a314ba884488a7c3,MG1655,1192800,1196000,1194400.0,small,WIN_small_a314ba884488a7c3,1.561112816602773,3200,0.2673802773816899,1.561112816602773,shape,2.023252459633716,1.09897317357183,1.09897317357183,1.5611128166027706,7,7,8,1182400,1206400,22,3200,1271600,289
EQREG_small_ddad769541101a46,MG1655,1864000,1867200,1865600.0,small,WIN_small_ddad769541101a46,1.561112816602773,3200,0.2716091278542541,1.561112816602773,shape,2.023252459633716,1.09897317357183,1.09897317357183,1.5611128166027706,7,7,3,1856000,1872000,17,3200,1274800,290
EQREG_small_347a59ebbcf4b94e,MG1655,2640000,2643200,2641600.0,small,WIN_small_347a59ebbcf4b94e,1.5611128166027717,3200,1.5611128166027717,0.071908420291251,density,1.54613120491405,1.5760944282914935,1.54613120491405,1.5611128166027706,7,7,4,2630400,2648000,18,3200,1278000,291
EQREG_small_7abe51109e40d40d,MG1655,4414800,4418000,4416400.0,small,WIN_small_7abe51109e40d40d,1.5611128166027717,3200,1.5611128166027717,0.032027288346435895,density,1.54613120491405,1.5760944282914935,1.54613120491405,1.5611128166027706,7,8,8,4404800,4428800,23,3200,1281200,292
EQREG_small_91687fe9754daed2,MG1655,3483600,3486800,3485200.0,small,WIN_small_91687fe9754daed2,1.5608544617347566,3200,1.5608544617347566,0.027837160097259735,density,1.5608544617347566,1.5608544617347566,1.5608544617347566,1.5608544617347553,4,2,1,3473600,3486800,7,3200,1282800,293
EQREG_small_e25a31e3ac4700ee,MG1655,4470400,4473600,4472000.0,small,WIN_small_e25a31e3ac4700ee,1.55931075446836,3200,0.37270706331583203,1.55931075446836,shape,1.9818597744754902,1.1367617344612297,1.1367617344612297,1.559310754468358,4,0,0,4469200,4473600,4,3200,1284400,294
EQREG_small_5debe0087248064d,MG1655,3801200,3804400,3802800.0,small,WIN_small_5debe0087248064d,1.5585429967765663,3200,1.5585429967765663,0.028715856364516158,density,1.6253124509616752,1.4917735425914573,1.4917735425914573,1.5585429967765652,7,8,8,3790400,3814400,23,3200,1287600,295
EQREG_small_d0b5d25c46133d87,MG1655,1941200,1944400,1942800.0,small,WIN_small_d0b5d25c46133d87,1.5557508839068852,3200,0.513378693364854,1.5557508839068852,shape,1.4104686029139766,1.7010331648997938,1.4104686029139766,1.555750883906884,2,0,0,1940800,1944400,2,3200,1288000,296
EQREG_small_f20264af2ad19a2a,MG1655,2738800,2742000,2740400.0,small,WIN_small_f20264af2ad19a2a,1.5553644023561095,3200,0.31953321174428084,1.5553644023561095,shape,2.1702617153949575,0.9404670893172616,0.9404670893172616,1.7432991471156554,7,5,2,2736800,2752000,14,3200,1291200,297
EQREG_small_49cf2b8b23958824,MG1655,1680000,1683200,1681600.0,small,WIN_small_49cf2b8b23958824,1.554995588394266,3200,0.34793465550423436,1.554995588394266,shape,1.466949958866425,1.643041217922107,1.466949958866425,1.5549955883942648,4,2,0,1680000,1687200,6,3200,1292800,298
EQREG_small_143fe6ef4fce6286,MG1655,429600,432800,431200.0,small,WIN_small_143fe6ef4fce6286,1.5534928333244034,3200,1.5534928333244034,0.04989421210421733,density,1.54613120491405,1.5608544617347566,1.54613120491405,1.5534928333244022,7,7,8,419200,443200,22,3200,1296000,299
EQREG_small_48bafae9902d4c27,MG1655,1232400,1235600,1234000.0,small,WIN_small_48bafae9902d4c27,1.552496743316511,3200,0.7290605754443477,1.552496743316511,shape,1.4434688630169021,1.66152462361612,1.4434688630169021,1.5524967433165098,7,8,6,1222400,1243200,21,3200,1299200,300
EQREG_small_fc6e335d2121aa4e,MG1655,734400,737600,736000.0,small,WIN_small_fc6e335d2121aa4e,1.5510111235586295,3200,0.007473905172884817,1.5510111235586295,shape,1.078769787483543,2.023252459633716,1.078769787483543,1.5510111235586272,4,2,1,734400,747200,7,3200,1300800,301
EQREG_small_c6360e5f2e88b79f,MG1655,2736800,2740000,2738400.0,small,WIN_small_c6360e5f2e88b79f,1.54613120491405,3200,1.54613120491405,0.02455751977817653,density,1.54613120491405,1.54613120491405,1.54613120491405,1.546131204914049,2,0,0,2736800,2740400,2,3200,1301200,302
EQREG_small_e7c1479e3eb9facd,MG1655,481200,484400,482800.0,small,WIN_small_e7c1479e3eb9facd,1.5456491908627417,3200,0.6167256373801553,1.5456491908627417,shape,1.680829778811507,1.4104686029139766,1.4104686029139766,1.5456491908627406,7,8,8,470400,494400,23,3200,1304400,303
EQREG_small_a86b1dee4bfc9e9d,MG1655,1857200,1860400,1858800.0,small,WIN_small_a86b1dee4bfc9e9d,1.5431521026904005,3200,0.20375837996187046,1.5431521026904005,shape,0.9160424899858434,2.1702617153949575,0.9160424899858434,1.8191324769777864,7,4,0,1856000,1864800,11,3200,1307600,304
EQREG_small_1447d1c18a950bdd,MG1655,2269600,2272800,2271200.0,small,WIN_small_1447d1c18a950bdd,1.5418311190330913,3200,1.5418311190330913,0.02346971552072031,density,1.5918886954747253,1.4917735425914573,1.4917735425914573,1.5418311190330902,7,7,3,2262400,2278400,17,3200,1310800,305
EQREG_small_c660e6f2280d68fc,MG1655,3143200,3146400,3144800.0,small,WIN_small_c660e6f2280d68fc,1.5418311190330913,3200,0.9246949190900784,1.5418311190330913,shape,1.5918886954747253,1.4917735425914573,1.4917735425914573,1.5418311190330902,7,7,8,3132800,3156800,22,3200,1314000,306
EQREG_medium_cd921bd5db6d9880,MG1655,4080000,4086400,4083200.0,medium,WIN_medium_cd921bd5db6d9880,1.541723386396681,6400,1.541723386396681,0.119951280423863,density,1.5940910616566881,1.4893557111366742,1.4893557111366742,1.5417233863966806,15,7,7,4072000,4094400,29,6400,1320400,307
EQREG_small_e82a4480b49cc7ba,MG1655,2545200,2548400,2546800.0,small,WIN_small_e82a4480b49cc7ba,1.5404164740236594,3200,0.39044502401227466,1.5404164740236594,shape,1.4000031692358117,1.680829778811507,1.4000031692358117,1.540416474023658,4,2,0,2540800,2548400,6,3200,1322000,308
EQREG_small_914b268c08e94ce7,MG1655,1387200,1390400,1388800.0,small,WIN_small_914b268c08e94ce7,1.5397125925614654,3200,0.5496630814374235,1.5397125925614654,shape,2.0690099501943915,1.0104152349285394,1.0104152349285394,1.539712592561463,7,4,2,1377600,1392000,13,3200,1325200,309
EQREG_small_256b5dc2f7859e9c,MG1655,427600,430800,429200.0,small,WIN_small_256b5dc2f7859e9c,1.5390109853567449,3200,1.5390109853567449,0.04972562437577341,density,1.54613120491405,1.5318907657994398,1.5318907657994398,1.539010985356744,5,3,1,417600,431200,9,3200,1327200,310
EQREG_small_283bd5222d65bd55,MG1655,1293600,1296800,1295200.0,small,WIN_small_283bd5222d65bd55,1.5390109853567449,3200,1.5390109853567449,0.03425606741835458,density,1.54613120491405,1.5318907657994398,1.5318907657994398,1.539010985356744,4,2,1,1283200,1296800,7,3200,1328800,311
EQREG_small_cfd73dc48447ec94,MG1655,1922400,1925600,1924000.0,small,WIN_small_cfd73dc48447ec94,1.5390109853567449,3200,1.5390109853567449,0.05549328475112361,density,1.54613120491405,1.5318907657994398,1.5318907657994398,1.539010985356744,7,7,3,1913600,1929600,17,3200,1332000,312
EQREG_small_42c0ff38034d9318,MG1655,3344800,3348000,3346400.0,small,WIN_small_42c0ff38034d9318,1.5390109853567449,3200,1.5390109853567449,0.1650954995596564,density,1.5318907657994398,1.54613120491405,1.5318907657994398,1.539010985356744,4,2,1,3334400,3348000,7,3200,1333600,313
EQREG_small_12206bf484c96eac,MG1655,1904800,1908000,1906400.0,small,WIN_small_12206bf484c96eac,1.535536555379081,3200,1.535536555379081,0.032027288346435895,density,1.5918886954747253,1.4791844152834368,1.4791844152834368,1.53553655537908,2,0,0,1904800,1908400,2,3200,1334000,314
EQREG_small_4764c9f3f38706d1,MG1655,2722400,2725600,2724000.0,small,WIN_small_4764c9f3f38706d1,1.535536555379081,3200,1.535536555379081,0.0940527453445563,density,1.5918886954747253,1.4791844152834368,1.4791844152834368,1.53553655537908,6,3,2,2721600,2736000,11,3200,1336400,315
EQREG_small_27ed462432bad4b2,MG1655,2103200,2106400,2104800.0,small,WIN_small_27ed462432bad4b2,1.531664923614806,3200,1.531664923614806,0.0338026419670196,density,1.6082791116628947,1.4550507355667173,1.4550507355667173,1.5316649236148048,7,7,8,2092800,2116800,22,3200,1339600,316
EQREG_small_7f090329787c2752,MG1655,4186000,4189200,4187600.0,small,WIN_small_7f090329787c2752,1.529987633329226,3200,1.5021616623758294,1.529987633329226,mixed,2.1702617153949575,1.5608544617347566,1.5608544617347566,1.6069980032805933,7,8,4,4181600,4200000,19,3200,1342800,317
EQREG_medium_41567cbcd9bfe5dc,MG1655,1612800,1619200,1616000.0,medium,WIN_medium_41567cbcd9bfe5dc,1.5228291059519807,6400,0.04331267096434489,1.5228291059519807,shape,1.3132644520809929,1.7323937598229688,1.3132644520809929,1.5228291059519807,8,4,2,1604800,1619200,14,6400,1346000,318
EQREG_small_81e9b584b7c6ed32,MG1655,1338800,1342000,1340400.0,small,WIN_small_81e9b584b7c6ed32,1.5189523737527537,3200,1.5189523737527537,0.03715428147196235,density,1.54613120491405,1.4917735425914573,1.4917735425914573,1.5189523737527528,7,8,8,1328000,1352000,23,3200,1349200,319
EQREG_small_9cb1b3c50a6cc10f,MG1655,3883600,3886800,3885200.0,small,WIN_small_9cb1b3c50a6cc10f,1.5189523737527537,3200,1.5189523737527537,0.3226814820368465,density,1.54613120491405,1.4917735425914573,1.4917735425914573,1.5189523737527528,7,4,0,3879200,3888000,11,3200,1352000,320
EQREG_small_b7e37a0affcd30a8,MG1655,452400,455600,454000.0,small,WIN_small_b7e37a0affcd30a8,1.5183146427776333,3200,0.6107829759194241,1.5183146427776333,shape,1.9818597744754902,1.0547695110797763,1.0547695110797763,1.5183146427776313,7,5,2,450400,465600,14,3200,1355200,321
EQREG_small_83f2daa7236440dc,MG1655,316400,319600,318000.0,small,WIN_small_83f2daa7236440dc,1.5178905269378258,3200,0.32510744280212794,1.5178905269378258,shape,1.4104686029139766,1.6253124509616752,1.4104686029139766,1.517890526937825,7,6,3,305600,322400,16,3200,1358400,322
EQREG_small_e157c904aa747419,MG1655,99200,102400,100800.0,small,WIN_small_e157c904aa747419,1.517678779245814,3200,0.8682990418493712,1.517678779245814,shape,1.7444988586808845,1.2908586998107434,1.2908586998107434,1.5176787792458128,7,5,0,95200,104800,12,3200,1361600,323
EQREG_small_bca0b8ad599f929d,MG1655,4274400,4277600,4276000.0,small,WIN_small_bca0b8ad599f929d,1.5164126109881164,3200,0.4609840454830729,1.5164126109881164,shape,1.643041217922107,1.3897840040541256,1.3897840040541256,1.516412610988115,5,2,0,4270400,4278000,7,3200,1363600,324
EQREG_small_daf7f1cf5ef0e616,MG1655,3707200,3710400,3708800.0,small,WIN_small_daf7f1cf5ef0e616,1.5126578100987436,3200,1.5126578100987436,0.03180536983866775,density,1.54613120491405,1.4791844152834368,1.4791844152834368,1.5126578100987422,4,2,1,3707200,3720000,7,3200,1365200,325
EQREG_small_8ee456030b95a3dd,MG1655,4017200,4020400,4018800.0,small,WIN_small_8ee456030b95a3dd,1.5118321541954485,3200,1.5118321541954485,0.5819901906562712,density,1.4917735425914573,1.5318907657994398,1.4917735425914573,1.5118321541954476,7,4,2,4006400,4021600,13,3200,1368000,326
EQREG_small_11bbba4fdefd6731,MG1655,4075200,4078400,4076800.0,small,WIN_small_11bbba4fdefd6731,1.5118321541954485,3200,1.5118321541954485,0.1636249445772048,density,1.4917735425914573,1.5318907657994398,1.4917735425914573,1.5118321541954476,7,7,4,4065600,4083200,18,3200,1371200,327
EQREG_small_a65abe69bc0249dc,MG1655,1250800,1254000,1252400.0,small,WIN_small_a65abe69bc0249dc,1.5067417372922578,3200,0.29380064391680216,1.5067417372922578,shape,1.9093091073268778,1.1041743672576376,1.1041743672576376,1.506741737292256,7,8,2,1243200,1258400,17,3200,1374400,328
EQREG_small_34cdcecae1fdf402,MG1655,3534400,3537600,3536000.0,small,WIN_small_34cdcecae1fdf402,1.504738519755825,3200,1.504738519755825,0.035587114061281275,density,1.504738519755825,1.504738519755825,1.504738519755825,1.504738519755824,4,2,1,3534400,3547200,7,3200,1376000,329
EQREG_large_6ab0be11655b79aa,MG1655,3224000,3236800,3230400.0,large,WIN_large_6ab0be11655b79aa,1.4990503749838544,12800,0.063051745747089,1.4990503749838544,shape,0.8278390345727513,2.1702617153949575,0.8278390345727513,1.4990503749838542,20,10,5,3222400,3241600,35,12800,1384000,330
EQREG_small_1186bd4d8fc24dbb,MG1655,4116000,4119200,4117600.0,small,WIN_small_1186bd4d8fc24dbb,1.4917735425914573,3200,1.4917735425914573,0.06188973063708146,density,1.4917735425914573,1.4917735425914573,1.4917735425914573,1.4917735425914564,7,7,8,4105600,4129600,22,3200,1387200,331
EQREG_medium_44d38e87e24ca9a2,MG1655,1748000,1754400,1751200.0,medium,WIN_medium_44d38e87e24ca9a2,1.4904664411336537,6400,0.04665346364260253,1.4904664411336537,shape,1.459392487759231,1.5215403945080765,1.459392487759231,1.4904664411336532,15,7,8,1739200,1763200,30,6400,1393600,332
EQREG_small_d81c0d27448fb05c,MG1655,727600,730800,729200.0,small,WIN_small_d81c0d27448fb05c,1.4902759694767784,3200,0.0083121098407749,1.4902759694767784,shape,1.94407121358609,1.0364807253674666,1.0364807253674666,1.4902759694767769,7,7,4,716800,734400,18,3200,1396800,333
EQREG_medium_a2002fab7ad0b632,MG1655,3396000,3402400,3399200.0,medium,WIN_medium_a2002fab7ad0b632,1.487151151684147,6400,0.5980755264923248,1.487151151684147,shape,1.6812412373755878,1.293061065992706,1.293061065992706,1.4871511516841465,13,4,2,3395600,3411200,19,6400,1402000,334
EQREG_small_cf3dedf49e94ebe0,MG1655,630000,633200,631600.0,small,WIN_small_cf3dedf49e94ebe0,1.4854789789374472,3200,1.4854789789374472,0.03895168657330415,density,1.4917735425914573,1.4791844152834368,1.4791844152834368,1.485478978937446,7,8,8,619200,643200,23,3200,1405200,335
EQREG_small_7e2f8ec9919821da,MG1655,3598400,3601600,3600000.0,small,WIN_small_7e2f8ec9919821da,1.4854789789374472,3200,1.4854789789374472,0.032693047110391296,density,1.4917735425914573,1.4791844152834368,1.4791844152834368,1.485478978937446,4,2,1,3588800,3601600,7,3200,1406800,336
EQREG_small_e52c65c516c97e78,MG1655,736400,739600,738000.0,small,WIN_small_e52c65c516c97e78,1.4836618366099,3200,0.010626159899908914,1.4836618366099,shape,1.54613120491405,1.4211924683057497,1.4211924683057497,1.483661836609899,5,3,2,736000,750400,10,3200,1408800,337
EQREG_small_974862bec5f1a0c3,MG1655,3326400,3329600,3328000.0,small,WIN_small_974862bec5f1a0c3,1.4807856721653543,3200,1.4807856721653543,0.039401266942908714,density,1.5181024813138064,1.4434688630169021,1.4434688630169021,1.4807856721653534,4,4,2,3324800,3339200,10,3200,1410400,338
EQREG_large_3ad3a5be063f324b,MG1655,3585600,3598400,3592000.0,large,WIN_large_3ad3a5be063f324b,1.4801560945391552,12800,0.1408969050190974,1.4801560945391552,shape,1.2671717284030142,1.6931404606752964,1.2671717284030142,1.4801560945391543,31,14,5,3580800,3600000,50,12800,1423200,339
EQREG_small_d274d07f5b7f007f,MG1655,230800,234000,232400.0,small,WIN_small_d274d07f5b7f007f,1.4793617507289412,3200,0.5579613110310624,1.4793617507289412,shape,1.643041217922107,1.3156822835357755,1.3156822835357755,1.4793617507289405,7,8,8,220800,244800,23,3200,1426400,340
EQREG_small_6ab83ca2c93b8f9e,MG1655,2614800,2618000,2616400.0,small,WIN_small_6ab83ca2c93b8f9e,1.4779471057195095,3200,0.37590914749398985,1.4779471057195095,shape,1.078769787483543,1.8771244239554763,1.078769787483543,1.4779471057195082,7,8,5,2604800,2624000,20,3200,1429600,341
EQREG_small_b3a6f35a8c1ad39a,MG1655,4379200,4382400,4380800.0,small,WIN_small_b3a6f35a8c1ad39a,1.476541617052595,3200,1.476541617052595,0.415037544195586,density,1.4211924683057497,1.5318907657994398,1.4211924683057497,1.476541617052594,7,7,6,4371200,4392000,20,3200,1432800,342
EQREG_medium_9720ac0560f3e3b6,MG1655,2104800,2111200,2108000.0,medium,WIN_medium_9720ac0560f3e3b6,1.4754106037593862,6400,1.4754106037593862,0.07438400206861848,density,1.5940910616566881,1.356730145862084,1.356730145862084,1.475410603759385,12,4,2,2104800,2120000,18,6400,1437600,343
EQREG_small_96063a9b433ba6a5,MG1655,1916000,1919200,1917600.0,small,WIN_small_96063a9b433ba6a5,1.4751451669605118,3200,0.3794075676656738,1.4751451669605118,shape,0.8301278612792501,2.1201624726417734,0.8301278612792501,1.475145166960509,7,6,0,1912800,1923200,13,3200,1440800,344
EQREG_medium_5aee5f2b276f152d,MG1655,1478400,1484800,1481600.0,medium,WIN_medium_5aee5f2b276f152d,1.4743740994479526,6400,0.0410911964394854,1.4743740994479526,shape,1.459392487759231,1.4893557111366742,1.459392487759231,1.4743740994479526,15,7,7,1470400,1492800,29,6400,1447200,345
EQREG_small_10e79367677e6a4d,MG1655,4176400,4179600,4178000.0,small,WIN_small_10e79367677e6a4d,1.4741036913863637,3200,1.4741036913863637,0.022168564489551915,density,1.504738519755825,1.4434688630169021,1.4434688630169021,1.4741036913863628,4,2,1,4166400,4179600,7,3200,1448800,346
EQREG_small_3f079494be9b0ca7,MG1655,937200,940400,938800.0,small,WIN_small_3f079494be9b0ca7,1.4734121390790873,3200,1.4734121390790873,0.034471130666189585,density,1.4917735425914573,1.4550507355667173,1.4550507355667173,1.4734121390790864,7,8,5,931200,950400,20,3200,1452000,347
EQREG_small_58221bf5792c2bad,MG1655,756000,759200,757600.0,small,WIN_small_58221bf5792c2bad,1.4730671870749326,3200,0.5333144493837001,1.4730671870749326,shape,2.0690099501943915,0.8771244239554736,0.8771244239554736,1.47306718707493,7,7,8,745600,769600,22,3200,1455200,348
EQREG_small_38130989fc36fe9c,MG1655,2053200,2056400,2054800.0,small,WIN_small_38130989fc36fe9c,1.4730671870749323,3200,0.5354538483733375,1.4730671870749323,shape,2.023252459633716,0.9228819145161489,0.9228819145161489,1.47306718707493,7,8,4,2043200,2060800,19,3200,1458400,349
EQREG_small_b3b3ef9a9a40b359,MG1655,3804400,3807600,3806000.0,small,WIN_small_b3b3ef9a9a40b359,1.473067187074931,3200,1.473067187074931,0.03204469888111937,density,1.54613120491405,1.4000031692358117,1.4000031692358117,1.47306718707493,7,4,2,3803200,3817600,13,3200,1461600,350
EQREG_small_f3e6ccc66a12abef,MG1655,3512000,3515200,3513600.0,small,WIN_small_f3e6ccc66a12abef,1.4715470863598874,3200,0.6938652992115331,1.4715470863598874,shape,2.1702617153949575,0.7728324573248175,0.7728324573248175,1.5089668332874426,7,6,5,3505600,3524800,18,3200,1464800,351
EQREG_small_f11a54ba730e01a1,MG1655,2488000,2491200,2489600.0,small,WIN_small_f11a54ba730e01a1,1.4684631861815203,3200,0.2962372766315806,1.4684631861815203,shape,1.9818597744754902,0.9550665978875502,0.9550665978875502,1.468463186181518,7,7,7,2478400,2500800,21,3200,1468000,352
EQREG_small_99c416b122e9cd4e,MG1655,3866000,3869200,3867600.0,small,WIN_small_99c416b122e9cd4e,1.4676212028041797,3200,1.4676212028041797,0.05361766646434585,density,1.4917735425914573,1.4434688630169021,1.4434688630169021,1.4676212028041788,4,2,0,3866000,3873600,6,3200,1469600,353
EQREG_medium_1aee286a3752ddc3,MG1655,1589600,1596000,1592800.0,medium,WIN_medium_1aee286a3752ddc3,1.4672538798906476,6400,0.020062665316428016,1.4672538798906476,shape,1.1441220529806397,1.7903857068006555,1.1441220529806397,1.4672538798906474,15,7,7,1582400,1604800,29,6400,1476000,354
EQREG_small_070d0128101d23de,MG1655,2740800,2744000,2742400.0,small,WIN_small_070d0128101d23de,1.4643481760095662,3200,0.4940394474052088,1.4643481760095662,shape,2.1702617153949575,0.7584346366241751,0.7584346366241751,1.5017679229371217,5,2,1,2740400,2753600,8,3200,1478000,355
EQREG_small_cca1b97cf7b3d2f1,MG1655,3862800,3866000,3864400.0,small,WIN_small_cca1b97cf7b3d2f1,1.4619806975993352,3200,1.4619806975993352,0.03625697754658663,density,1.4917735425914573,1.432187852607213,1.432187852607213,1.4619806975993344,4,2,1,3852800,3866000,7,3200,1479600,356
EQREG_small_0883d9bbb9fc0510,MG1655,3913600,3916800,3915200.0,small,WIN_small_0883d9bbb9fc0510,1.4619806975993352,3200,1.4619806975993352,0.12733698579629338,density,1.432187852607213,1.4917735425914573,1.432187852607213,1.4619806975993344,2,0,0,3913200,3916800,2,3200,1480000,357
EQREG_small_46ef2936459ac11a,MG1655,195600,198800,197200.0,small,WIN_small_46ef2936459ac11a,1.4613266391501694,3200,1.4613266391501694,0.06565177169853251,density,1.4791844152834368,1.4434688630169021,1.4434688630169021,1.4613266391501685,7,4,2,185600,200000,13,3200,1483200,358
EQREG_small_2ef2871631bf7207,MG1655,3772800,3776000,3774400.0,small,WIN_small_2ef2871631bf7207,1.4610003472165713,3200,1.082845663493316,1.4610003472165713,shape,1.1540207399027353,1.7679799545304076,1.1540207399027353,1.4610003472165705,7,7,5,3766400,3785600,19,3200,1486400,359
EQREG_small_174699799ba3bdde,MG1655,120400,123600,122000.0,small,WIN_small_174699799ba3bdde,1.4577641138309039,3200,1.4577641138309039,0.04463084596489278,density,1.6082791116628947,1.3072491159989128,1.3072491159989128,1.457764113830903,4,2,1,110400,123600,7,3200,1488000,360
EQREG_small_7aea722bde7eea2d,MG1655,55600,58800,57200.0,small,WIN_small_7aea722bde7eea2d,1.4569625358038438,3200,0.6415384628522429,1.4569625358038438,shape,1.66152462361612,1.2524004479915676,1.2524004479915676,1.456962535803843,7,8,8,44800,68800,23,3200,1491200,361
EQREG_small_64b1ea0f8548ce7d,MG1655,4184400,4187600,4186000.0,small,WIN_small_64b1ea0f8548ce7d,1.4556861339453249,3200,1.4556861339453249,0.9371261834218676,density,1.432187852607213,1.4791844152834368,1.432187852607213,1.455686133945324,4,0,0,4183200,4187600,4,3200,1492800,362
EQREG_small_1578de952e16d1ed,MG1655,102000,105200,103600.0,small,WIN_small_1578de952e16d1ed,1.4552094109416636,3200,1.4552094109416636,0.1312024759338645,density,1.466949958866425,1.4434688630169021,1.4434688630169021,1.455209410941663,4,0,0,100800,105200,4,3200,1494000,363
EQREG_small_3a7994991a80791c,MG1655,460800,464000,462400.0,small,WIN_small_3a7994991a80791c,1.4552094109416636,3200,1.4552094109416636,0.09408042561916864,density,1.466949958866425,1.4434688630169021,1.4434688630169021,1.455209410941663,7,4,0,456800,465600,11,3200,1497200,364
EQREG_small_990e16b5bf1ebd0c,MG1655,853200,856400,854800.0,small,WIN_small_990e16b5bf1ebd0c,1.4552094109416636,3200,0.211008278376987,1.4552094109416636,shape,1.466949958866425,1.4434688630169021,1.4434688630169021,1.455209410941663,7,8,8,843200,867200,23,3200,1500400,365
EQREG_medium_6518576628f7c007,MG1655,503200,509600,506400.0,medium,WIN_medium_6518576628f7c007,1.4546198288061163,6400,0.2912515882605481,1.4546198288061163,shape,1.635483746814913,1.2737559107973195,1.2737559107973195,1.4546198288061158,15,7,8,494400,518400,30,6400,1506800,366
EQREG_large_7a3d50c8c4e74980,MG1655,4590400,4603200,4596800.0,large,WIN_large_7a3d50c8c4e74980,1.4545798333154645,12800,0.20417709243456128,1.4545798333154645,shape,1.6931404606752964,1.2160192059556325,1.2160192059556325,1.4545798333154636,31,15,7,4585600,4608000,53,12800,1519600,367
EQREG_small_565da4d4693721ca,MG1655,826800,830000,828400.0,small,WIN_small_565da4d4693721ca,1.4537854895052522,3200,0.522922646422054,1.4537854895052522,shape,0.8385610288161128,2.0690099501943915,0.8385610288161128,1.4537854895052496,5,5,5,816000,835200,15,3200,1521600,368
EQREG_small_ecf61048e196f251,MG1655,4468000,4471200,4469600.0,small,WIN_small_ecf61048e196f251,1.45221422909707,3200,0.7284563626048106,1.45221422909707,shape,1.7444988586808845,1.1599295995132557,1.1599295995132557,1.452214229097069,4,0,0,4467600,4472000,4,3200,1522800,369
EQREG_small_b0c99bcf2f0f8c2b,MG1655,4398400,4401600,4400000.0,small,WIN_small_b0c99bcf2f0f8c2b,1.4492597992918097,3200,1.4492597992918097,0.05665768091804357,density,1.4434688630169021,1.4550507355667173,1.4434688630169021,1.4492597992918088,4,4,2,4388800,4403200,10,3200,1524400,370
EQREG_small_6bc0575dce7ca070,MG1655,2884800,2888000,2886400.0,small,WIN_small_6bc0575dce7ca070,1.4472612619049765,3200,0.21911516790852353,1.4472612619049765,shape,1.9818597744754902,0.9126627493344628,0.9126627493344628,1.4472612619049745,7,7,4,2880000,2897600,18,3200,1527600,371
EQREG_small_22a87eae65b517c5,MG1655,3631600,3634800,3633200.0,small,WIN_small_22a87eae65b517c5,1.4469554206699775,3200,1.4469554206699775,0.023687841738224313,density,1.5608544617347566,1.3330563796051984,1.3330563796051984,1.4469554206699766,7,8,4,3620800,3639200,19,3200,1530800,372
EQREG_medium_ab2e46bfcfa47baf,MG1655,1600000,1606400,1603200.0,medium,WIN_medium_ab2e46bfcfa47baf,1.4453781259591105,6400,0.0890041840965866,1.4453781259591105,shape,1.936513742478896,0.9542425094393249,0.9542425094393249,1.4453781259591092,15,7,6,1593600,1614400,28,6400,1537200,373
EQREG_small_43b8c24f44bfc48c,MG1655,2257600,2260800,2259200.0,small,WIN_small_43b8c24f44bfc48c,1.443619294086965,3200,1.443619294086965,0.0263040920182111,density,1.432187852607213,1.4550507355667173,1.432187852607213,1.4436192940869643,1,0,0,2257600,2260800,1,3200,1537200,374
EQREG_small_f082045020590cec,MG1655,3449200,3452400,3450800.0,small,WIN_small_f082045020590cec,1.4387092808902007,3200,1.0147357899843215,1.4387092808902007,shape,1.466949958866425,1.4104686029139766,1.4104686029139766,1.4387092808902002,7,4,2,3448000,3462400,13,3200,1540000,375
EQREG_small_0f1ff37a3aaadfda,MG1655,4252800,4256000,4254400.0,small,WIN_small_0f1ff37a3aaadfda,1.4378283578120574,3200,1.4378283578120574,0.11529896129745638,density,1.4434688630169021,1.432187852607213,1.432187852607213,1.4378283578120568,7,4,2,4251200,4265600,13,3200,1543200,376
EQREG_small_b163f6f18d4e1fa7,MG1655,2914400,2917600,2916000.0,small,WIN_small_b163f6f18d4e1fa7,1.4356474401473749,3200,0.493732166206544,1.4356474401473749,shape,2.1702617153949575,0.7010331648997922,0.7010331648997922,1.6235821849069207,6,3,2,2904000,2918400,11,3200,1545600,377
EQREG_small_4540acba4b0948ea,MG1655,934400,937600,936000.0,small,WIN_small_4540acba4b0948ea,1.432330665661326,3200,1.432330665661326,0.2230862542768349,density,1.4211924683057497,1.4434688630169021,1.4211924683057497,1.432330665661325,7,3,0,930400,938800,10,3200,1548400,378
EQREG_small_1e224b860da21373,MG1655,2753200,2756400,2754800.0,small,WIN_small_1e224b860da21373,1.432187852607213,3200,1.432187852607213,0.04121036993339417,density,1.432187852607213,1.432187852607213,1.432187852607213,1.4321878526072125,7,8,8,2742400,2766400,23,3200,1551600,379
EQREG_small_45f9945b71ae213b,MG1655,3030800,3034000,3032400.0,small,WIN_small_45f9945b71ae213b,1.4283669814602753,3200,0.24841983945205642,1.4283669814602753,shape,1.466949958866425,1.3897840040541256,1.3897840040541256,1.4283669814602746,7,8,6,3020800,3041600,21,3200,1554800,380
EQREG_small_1fd06bd91bd013a2,MG1655,2990400,2993600,2992000.0,small,WIN_small_1fd06bd91bd013a2,1.4266901604564814,3200,1.4266901604564814,0.32070740261435027,density,1.54613120491405,1.3072491159989128,1.3072491159989128,1.4266901604564808,5,2,1,2990000,3003200,8,3200,1556800,381
EQREG_small_454fbf16d607c3a7,MG1655,91600,94800,93200.0,small,WIN_small_454fbf16d607c3a7,1.4266901604564812,3200,1.4266901604564812,0.05430678712520404,density,1.4211924683057497,1.432187852607213,1.4211924683057497,1.4266901604564808,4,2,0,91600,99200,6,3200,1558400,382
EQREG_small_34f5e06adcd6edc4,MG1655,932400,935600,934000.0,small,WIN_small_34f5e06adcd6edc4,1.4266901604564812,3200,1.4266901604564812,0.09770006498389253,density,1.4211924683057497,1.432187852607213,1.4211924683057497,1.4266901604564808,5,0,0,931200,936000,5,3200,1560400,383
EQREG_small_3cd1a13bfd2b3da9,MG1655,4490000,4493200,4491600.0,small,WIN_small_3cd1a13bfd2b3da9,1.424612180570903,3200,0.20305298813431993,1.424612180570903,shape,1.0020631605637733,1.847161200578033,1.0020631605637733,1.4246121805709018,7,8,8,4480000,4504000,23,3200,1563600,384
EQREG_small_1b519e753026f193,MG1655,1926400,1929600,1928000.0,small,WIN_small_1b519e753026f193,1.4224173698104214,3200,0.21538577155696934,1.4224173698104214,shape,1.4550507355667173,1.3897840040541256,1.3897840040541256,1.4224173698104208,4,0,0,1925200,1929600,4,3200,1565200,385
EQREG_small_1ca3e13597b01c6e,MG1655,882800,886000,884400.0,small,WIN_small_1ca3e13597b01c6e,1.4217360161263568,3200,0.13397389663024928,1.4217360161263568,shape,1.2673776039612203,1.5760944282914935,1.2673776039612203,1.421736016126356,6,3,0,882000,890400,9,3200,1567600,386
EQREG_small_4a4e49bd5183f65a,MG1655,3882000,3885200,3883600.0,small,WIN_small_4a4e49bd5183f65a,1.4213282277605948,3200,1.4213282277605948,0.0906578172904518,density,1.432187852607213,1.4104686029139766,1.4104686029139766,1.421328227760594,4,2,0,3877600,3885200,6,3200,1569200,387
EQREG_small_70722f5adf5434b8,MG1655,4024800,4028000,4026400.0,small,WIN_small_70722f5adf5434b8,1.4213282277605948,3200,1.4213282277605948,0.1822882963821436,density,1.432187852607213,1.4104686029139766,1.4104686029139766,1.421328227760594,7,4,0,4023200,4032000,11,3200,1572400,388
EQREG_small_ed953d9fa8ed495e,MG1655,1153600,1156800,1155200.0,small,WIN_small_ed953d9fa8ed495e,1.4184949523623969,3200,0.5601841740999871,1.4184949523623969,shape,1.54613120491405,1.2908586998107434,1.2908586998107434,1.418494952362396,7,2,0,1150400,1158000,9,3200,1575200,389
EQREG_small_ddd721fb6b387e95,MG1655,3012800,3016000,3014400.0,small,WIN_small_ddd721fb6b387e95,1.4166264335355139,3200,1.4166264335355139,0.07379666906737917,density,1.4434688630169021,1.3897840040541256,1.3897840040541256,1.4166264335355132,7,7,7,3003200,3025600,21,3200,1578400,390
EQREG_small_146833a5202494df,MG1655,4404800,4408000,4406400.0,small,WIN_small_146833a5202494df,1.4158305356098633,3200,1.4158305356098633,0.06829000169745764,density,1.4211924683057497,1.4104686029139766,1.4104686029139766,1.4158305356098624,4,4,1,4403200,4416000,9,3200,1580000,391
EQREG_small_512b81ff14e5143c,MG1655,1712400,1715600,1714000.0,small,WIN_small_512b81ff14e5143c,1.4149510975682622,3200,0.5140582629418382,1.4149510975682622,shape,2.1702617153949575,0.6596404797415671,0.6596404797415671,1.602885842327808,7,5,0,1710400,1720000,12,3200,1583200,392
EQREG_small_5512d75ba0dfa420,MG1655,3930000,3933200,3931600.0,small,WIN_small_5512d75ba0dfa420,1.4109859283306694,3200,0.3558155755813458,1.4109859283306694,shape,1.432187852607213,1.3897840040541256,1.3897840040541256,1.4109859283306685,7,5,1,3921600,3935200,13,3200,1586400,393
EQREG_small_06be27e6fd465cf5,MG1655,3431200,3434400,3432800.0,small,WIN_small_06be27e6fd465cf5,1.4105978187707806,3200,1.4105978187707806,0.038507228159924856,density,1.4211924683057497,1.4000031692358117,1.4000031692358117,1.4105978187707802,5,2,1,3420800,3434800,8,3200,1588400,394
EQREG_small_cdd006b73b7bfb4b,MG1655,3782000,3785200,3783600.0,small,WIN_small_cdd006b73b7bfb4b,1.4104686029139766,3200,1.4104686029139766,0.09256053699772746,density,1.4104686029139766,1.4104686029139766,1.4104686029139766,1.410468602913976,7,8,6,3774400,3795200,21,3200,1591600,395
EQREG_small_403740e5b82de38e,MG1655,3793600,3796800,3795200.0,small,WIN_small_403740e5b82de38e,1.4104686029139766,3200,1.4104686029139766,0.056440493410955125,density,1.4104686029139766,1.4104686029139766,1.4104686029139766,1.410468602913976,7,7,4,3784000,3801600,18,3200,1594800,396
EQREG_small_3c784ce0371b2c15,MG1655,4388000,4391200,4389600.0,small,WIN_small_3c784ce0371b2c15,1.4090522802822099,3200,0.8198206336802901,1.4090522802822099,shape,1.3511546016979945,1.466949958866425,1.3511546016979945,1.4090522802822092,7,7,5,4380800,4400000,19,3200,1598000,397
EQREG_small_dec1054a317720de,MG1655,3036800,3040000,3038400.0,small,WIN_small_dec1054a317720de,1.4080279989445752,3200,0.4748739024143619,1.4080279989445752,shape,1.324282455297693,1.4917735425914573,1.324282455297693,1.4080279989445743,7,4,0,3032800,3041600,11,3200,1601200,398
EQREG_small_9b362680032a7e67,MG1655,3989600,3992800,3991200.0,small,WIN_small_9b362680032a7e67,1.4054882361799377,3200,1.4054882361799377,0.12694736827468972,density,1.4211924683057497,1.3897840040541256,1.3897840040541256,1.405488236179937,4,2,1,3989600,4003200,7,3200,1602800,399
EQREG_small_93168e794789ea27,MG1655,559200,562400,560800.0,small,WIN_small_93168e794789ea27,1.4032275735773885,3200,0.2864126482863387,1.4032275735773885,shape,1.680829778811507,1.1256253683432702,1.1256253683432702,1.4032275735773876,7,7,8,548800,572800,22,3200,1606000,400
EQREG_small_66dd169cdd14a9ab,MG1655,3570800,3574000,3572400.0,small,WIN_small_66dd169cdd14a9ab,1.4004961257266393,3200,0.7954874359623607,1.4004961257266393,shape,0.8057685154198053,2.1201624726417734,0.8057685154198053,1.4004961257266366,7,4,2,3569600,3584000,13,3200,1609200,401
EQREG_small_6dfdb087885f8686,MG1655,2866400,2869600,2868000.0,small,WIN_small_6dfdb087885f8686,1.400126303484051,3200,1.400126303484051,0.07003644972431367,density,1.3897840040541256,1.4104686029139766,1.3897840040541256,1.4001263034840503,7,7,8,2856000,2880000,22,3200,1612400,402
EQREG_small_910857da12e47e01,MG1655,3309200,3312400,3310800.0,small,WIN_small_910857da12e47e01,1.400126303484051,3200,1.400126303484051,0.23575673764496413,density,1.3897840040541256,1.4104686029139766,1.3897840040541256,1.4001263034840503,4,2,1,3309200,3323200,7,3200,1614000,403
EQREG_medium_7edf7c94d54d559e,MG1655,2968800,2975200,2972000.0,medium,WIN_medium_7edf7c94d54d559e,1.3991055221563065,6400,0.3290918184550444,1.3991055221563065,shape,1.5940910616566881,1.2041199826559248,1.2041199826559248,1.3991055221563058,14,7,6,2960000,2980800,27,6400,1619600,404
EQREG_medium_67f5cdfb55cd06d7,MG1655,2489600,2496000,2492800.0,medium,WIN_medium_67f5cdfb55cd06d7,1.3969231194550824,6400,0.3099659495543775,1.3969231194550824,shape,1.8573324964312712,0.9365137424788934,0.9365137424788934,1.3969231194550809,12,4,2,2489600,2504000,18,6400,1624400,405
EQREG_small_999ca3eb59d12d75,MG1655,3068800,3072000,3070400.0,small,WIN_small_999ca3eb59d12d75,1.3927400426375134,3200,1.3927400426375134,0.028058166086016474,density,1.3420112222581249,1.4434688630169021,1.3420112222581249,1.3927400426375127,4,2,1,3059200,3072000,7,3200,1626000,406
EQREG_small_f148b67049637276,MG1655,3935600,3938800,3937200.0,small,WIN_small_f148b67049637276,1.3927400426375134,3200,1.3927400426375134,0.06519295069943806,density,1.3420112222581249,1.4434688630169021,1.3420112222581249,1.3927400426375127,3,0,0,3935600,3939600,3,3200,1626800,407
EQREG_large_901b8929bc6ca23a,MG1655,2577600,2590400,2584000.0,large,WIN_large_901b8929bc6ca23a,1.3921104650113147,12800,0.06820172406699498,1.3921104650113147,shape,1.091080469347333,1.6931404606752964,1.091080469347333,1.3921104650113136,31,15,7,2572800,2595200,53,12800,1639600,408
EQREG_small_b8df259c5c145edd,MG1655,2042400,2045600,2044000.0,small,WIN_small_b8df259c5c145edd,1.3916712271526037,3200,1.3916712271526037,0.027398477758032422,density,1.432187852607213,1.3511546016979945,1.3511546016979945,1.391671227152603,7,7,7,2032000,2054400,21,3200,1642800,409
EQREG_small_a3282b20d6c802c1,MG1655,2317600,2320800,2319200.0,small,WIN_small_a3282b20d6c802c1,1.3913161212011014,3200,0.3974333494096055,1.3913161212011014,shape,0.8385610288161128,1.94407121358609,0.8385610288161128,1.3913161212010996,5,2,1,2307200,2321200,8,3200,1644800,410
EQREG_small_50c5eb1c72b93825,MG1655,1845600,1848800,1847200.0,small,WIN_small_50c5eb1c72b93825,1.3913161212011005,3200,1.0194639104815422,1.3913161212011005,shape,1.4917735425914573,1.2908586998107434,1.2908586998107434,1.3913161212010996,5,2,0,1841600,1849200,7,3200,1646800,411
EQREG_small_2586aa7b83d0196a,MG1655,3376000,3379200,3377600.0,small,WIN_small_2586aa7b83d0196a,1.3897840040541256,3200,1.3897840040541256,0.06130160994259087,density,1.3897840040541256,1.3897840040541256,1.3897840040541256,1.389784004054125,7,7,7,3366400,3388800,21,3200,1650000,412
EQREG_small_8a43d7eb45c1c977,MG1655,1289200,1292400,1290800.0,small,WIN_small_8a43d7eb45c1c977,1.3873316563654625,3200,0.5704624455160903,1.3873316563654625,shape,1.4917735425914573,1.282889770139468,1.282889770139468,1.387331656365462,7,6,3,1278400,1295200,16,3200,1653200,413
EQREG_small_62051aac37a2f60d,MG1655,3435600,3438800,3437200.0,small,WIN_small_62051aac37a2f60d,1.3860580618585225,3200,0.48626504970038226,1.3860580618585225,shape,1.504738519755825,1.2673776039612203,1.2673776039612203,1.386058061858522,6,0,0,3434800,3440000,6,3200,1655600,414
EQREG_small_be1b805146d9f7dd,MG1655,1252800,1256000,1254400.0,small,WIN_small_be1b805146d9f7dd,1.3829632744496738,3200,0.19889002951518525,1.3829632744496738,shape,1.466949958866425,1.2989765900329229,1.2989765900329229,1.3829632744496734,5,0,0,1252400,1257200,5,3200,1657600,415
EQREG_medium_2096edc374721e03,MG1655,2475200,2481600,2478400.0,medium,WIN_medium_2096edc374721e03,1.3829087576549597,6400,0.14132915279646932,1.3829087576549597,shape,1.3344537511509318,1.4313637641589878,1.3344537511509318,1.3829087576549592,15,7,7,2467200,2489600,29,6400,1664000,416
EQREG_small_ee571ab9c09898da,MG1655,922000,925200,923600.0,small,WIN_small_ee571ab9c09898da,1.3826221161062056,3200,1.3826221161062056,0.07192173328199022,density,1.432187852607213,1.3330563796051984,1.3330563796051984,1.3826221161062051,7,8,4,912000,929600,19,3200,1667200,417
EQREG_small_cfd90d75d9cdb425,MG1655,3799600,3802800,3801200.0,small,WIN_small_cfd90d75d9cdb425,1.3822814929132998,3200,1.3822814929132998,0.0344706733451353,density,1.504738519755825,1.2598244660707745,1.2598244660707745,1.3822814929132992,4,2,0,3795200,3802800,6,3200,1668800,418
EQREG_small_7f708c03da1cac36,MG1655,1897600,1900800,1899200.0,small,WIN_small_7f708c03da1cac36,1.3809243182394546,3200,0.41210236904681463,1.3809243182394546,shape,1.7679799545304076,0.9938686819485018,0.9938686819485018,1.3809243182394535,6,3,1,1888000,1901600,10,3200,1671200,419
EQREG_small_8f772a0a4ba19e63,MG1655,3967200,3970400,3968800.0,small,WIN_small_8f772a0a4ba19e63,1.377124423955474,3200,1.377124423955474,0.34801990398051497,density,1.4211924683057497,1.3330563796051984,1.3330563796051984,1.3771244239554734,4,2,0,3967200,3974400,6,3200,1672800,420
EQREG_small_0b56c77019356ae5,MG1655,2018000,2021200,2019600.0,small,WIN_small_0b56c77019356ae5,1.3769029581117478,3200,0.5376771829280117,1.3769029581117478,shape,0.9858259616930879,1.7679799545304076,0.9858259616930879,1.376902958111747,7,8,7,2008000,2030400,22,3200,1676000,421
EQREG_small_8fb727f1bd4093c7,MG1655,4220000,4223200,4221600.0,small,WIN_small_8fb727f1bd4093c7,1.3749198645029463,3200,1.3749198645029463,0.037859427940269426,density,1.466949958866425,1.282889770139468,1.282889770139468,1.374919864502946,7,7,8,4209600,4233600,22,3200,1679200,422
EQREG_small_d0e22150fdb482d5,MG1655,1806800,1810000,1808400.0,small,WIN_small_d0e22150fdb482d5,1.3697184843030628,3200,1.3697184843030628,0.041660874225505504,density,1.432187852607213,1.3072491159989128,1.3072491159989128,1.3697184843030623,6,3,0,1802400,1810800,9,3200,1681600,423
EQREG_small_8cf7aedfa5bb5cca,MG1655,110800,114000,112400.0,small,WIN_small_8cf7aedfa5bb5cca,1.369290607827772,3200,0.6370182581070714,1.369290607827772,shape,0.9194487386777549,1.819132476977789,0.9194487386777549,1.369290607827771,7,5,1,108800,121600,13,3200,1684800,424
EQREG_large_fee0534d188aee98,MG1655,4612800,4625600,4619200.0,large,WIN_large_fee0534d188aee98,1.369231719730977,12800,0.1995059990777559,1.369231719730977,shape,1.2671717284030142,1.4712917110589396,1.2671717284030142,1.3692317197309762,16,8,4,4612800,4630400,28,12800,1691200,425
EQREG_large_c07203f86b2adf36,MG1655,1051200,1064000,1057600.0,large,WIN_large_c07203f86b2adf36,1.3692317197309767,12800,0.12500924468293573,1.3692317197309767,shape,1.1702617153949577,1.5682017240669954,1.1702617153949577,1.3692317197309762,31,15,7,1046400,1068800,53,12800,1704000,426
EQREG_small_2a55236232973d50,MG1655,466000,469200,467600.0,small,WIN_small_2a55236232973d50,1.3689702528530927,3200,0.23510482524821708,1.3689702528530927,shape,1.282889770139468,1.4550507355667173,1.282889770139468,1.368970252853092,4,2,1,466000,480000,7,3200,1705600,427
EQREG_small_d3f5a7360cafc256,MG1655,904000,907200,905600.0,small,WIN_small_d3f5a7360cafc256,1.3652672869052533,3200,0.3619195756066699,1.3652672869052533,shape,1.0690099501943866,1.66152462361612,1.0690099501943866,1.365267286905253,4,2,1,904000,916800,7,3200,1707200,428
EQREG_small_dc73631a06c29418,MG1655,182400,185600,184000.0,small,WIN_small_dc73631a06c29418,1.3645342113661627,3200,1.3645342113661627,0.10513662170942231,density,1.1971776569328854,1.5318907657994398,1.1971776569328854,1.3645342113661618,7,7,4,177600,195200,18,3200,1710400,429
EQREG_small_1b4274ba9f547492,MG1655,3173600,3176800,3175200.0,small,WIN_small_1b4274ba9f547492,1.3630754432248762,3200,1.3630754432248762,0.04305893461085041,density,1.3156822835357755,1.4104686029139766,1.3156822835357755,1.3630754432248755,4,2,1,3163200,3176800,7,3200,1712000,430
EQREG_small_bb3387718e8e2306,MG1655,4256800,4260000,4258400.0,small,WIN_small_bb3387718e8e2306,1.361420191829662,3200,1.361420191829662,0.04943513618954777,density,1.3330563796051984,1.3897840040541256,1.3330563796051984,1.3614201918296611,7,5,3,4254400,4270400,15,3200,1715200,431
EQREG_small_e9c1111aeff044a7,MG1655,3623200,3626400,3624800.0,small,WIN_small_e9c1111aeff044a7,1.3613171563634576,3200,0.017863835356532506,1.3613171563634576,shape,1.4917735425914573,1.230860770135458,1.230860770135458,1.361317156363457,7,7,5,3612800,3632000,19,3200,1718400,432
EQREG_small_a1bce5d5e3f20700,MG1655,3515200,3518400,3516800.0,small,WIN_small_a1bce5d5e3f20700,1.3605972737781813,3200,1.3605972737781813,0.10266442120185293,density,1.3700399458583683,1.3511546016979945,1.3511546016979945,1.3605972737781808,7,4,2,3513600,3528000,13,3200,1721600,433
EQREG_small_058ccc12882da731,MG1655,1196800,1200000,1198400.0,small,WIN_small_058ccc12882da731,1.3585535199531908,3200,1.3585535199531908,0.028310512060706235,density,1.4791844152834368,1.2379226246229447,1.2379226246229447,1.35855351995319,7,5,1,1194400,1208000,13,3200,1724800,434
EQREG_small_f6145e35984951f8,MG1655,2808000,2811200,2809600.0,small,WIN_small_f6145e35984951f8,1.3554232334890612,3200,0.4913044405707143,1.3554232334890612,shape,1.4434688630169021,1.2673776039612203,1.2673776039612203,1.3554232334890606,7,7,3,2798400,2815200,17,3200,1728000,435
EQREG_small_0c3ee184a47f43c8,MG1655,952800,956000,954400.0,small,WIN_small_0c3ee184a47f43c8,1.3544230141206408,3200,1.3544230141206408,0.025431352912936522,density,1.4917735425914573,1.2170724856498245,1.2170724856498245,1.3544230141206404,4,2,0,952800,960000,6,3200,1729600,436
EQREG_small_07e93baf19c56589,MG1655,394400,397600,396000.0,small,WIN_small_07e93baf19c56589,1.3537255917791424,3200,0.08657646190244817,1.3537255917791424,shape,1.2524004479915676,1.4550507355667173,1.2524004479915676,1.353725591779142,7,7,7,384000,406400,21,3200,1732800,437
EQREG_small_77ef209d33d83bdd,MG1655,1822000,1825200,1823600.0,small,WIN_small_77ef209d33d83bdd,1.3536261426173624,3200,0.29876256316253613,1.3536261426173624,shape,1.5760944282914935,1.1311578569432312,1.1311578569432312,1.3536261426173617,4,2,1,1822000,1835200,7,3200,1734400,438
EQREG_small_5b77cad4c536ee4b,MG1655,2745600,2748800,2747200.0,small,WIN_small_5b77cad4c536ee4b,1.3527331437949506,3200,1.3527331437949506,0.2052935474865961,density,1.3156822835357755,1.3897840040541256,1.3156822835357755,1.35273314379495,7,6,0,2742400,2752800,13,3200,1737600,439
EQREG_small_7c2eb188608f9ee4,MG1655,3647200,3650400,3648800.0,small,WIN_small_7c2eb188608f9ee4,1.3512529251051322,3200,0.3969715665305468,1.3512529251051322,shape,1.819132476977789,0.8833733732324752,0.8833733732324752,1.3512529251051308,7,7,4,3643200,3660800,18,3200,1740800,440
EQREG_small_4e965069fa14b568,MG1655,3738400,3741600,3740000.0,small,WIN_small_4e965069fa14b568,1.3511546016979945,3200,1.3511546016979945,0.03986162497027875,density,1.3511546016979945,1.3511546016979945,1.3511546016979945,1.351154601697994,4,2,0,3738400,3745600,6,3200,1742400,441
EQREG_small_bbed15bf5232338c,MG1655,672400,675600,674000.0,small,WIN_small_bbed15bf5232338c,1.346006159338994,3200,0.6262525591414763,1.346006159338994,shape,1.5608544617347566,1.1311578569432312,1.1311578569432312,1.3460061593389931,7,7,1,665600,679200,15,3200,1745600,442
EQREG_small_e3fb416d7211bd54,MG1655,3471200,3474400,3472800.0,small,WIN_small_e3fb416d7211bd54,1.3423885416249155,3200,1.3423885416249155,0.557523524289209,density,1.360494627952138,1.324282455297693,1.324282455297693,1.342388541624915,7,7,7,3462400,3484800,21,3200,1748800,443
EQREG_small_876651001f4517d3,MG1655,2707200,2710400,2708800.0,small,WIN_small_876651001f4517d3,1.3403213519324346,3200,1.3403213519324346,0.04532203140029882,density,1.3897840040541256,1.2908586998107434,1.2908586998107434,1.340321351932434,7,7,7,2697600,2720000,21,3200,1752000,444
EQREG_small_dfa0b37bb516d3ae,MG1655,1287600,1290800,1289200.0,small,WIN_small_dfa0b37bb516d3ae,1.3389231034375992,3200,0.5433622119322127,1.3389231034375992,shape,1.7444988586808845,0.9333473481943139,0.9333473481943139,1.338923103437598,4,2,1,1276800,1290800,7,3200,1753600,445
EQREG_small_efabd36c665cb52a,MG1655,2748400,2751600,2750000.0,small,WIN_small_efabd36c665cb52a,1.3380884557439567,3200,0.655492930226126,1.3380884557439567,shape,1.360494627952138,1.3156822835357755,1.3156822835357755,1.3380884557439563,7,2,0,2747200,2754400,9,3200,1756400,446
EQREG_small_26040cd39570c5b6,MG1655,4254400,4257600,4256000.0,small,WIN_small_26040cd39570c5b6,1.333146838777909,3200,1.333146838777909,0.2693616173210557,density,1.324282455297693,1.3420112222581249,1.324282455297693,1.3331468387779084,3,0,0,4254400,4258400,3,3200,1757200,447
EQREG_small_87b4ceca1fcd0844,MG1655,3066800,3070000,3068400.0,small,WIN_small_87b4ceca1fcd0844,1.3318838267530468,3200,0.43284843575905796,1.3318838267530468,shape,1.4917735425914573,1.1719941109146363,1.1719941109146363,1.3318838267530464,5,3,1,3057600,3070400,9,3200,1759200,448
EQREG_medium_f3bba8377013330a,MG1655,484800,491200,488000.0,medium,WIN_medium_f3bba8377013330a,1.3275087209867118,6400,0.3184669066050725,1.3275087209867118,shape,0.8646317351727681,1.7903857068006555,0.8646317351727681,1.3275087209867116,8,3,0,483200,491200,11,6400,1762400,449
EQREG_small_c597296dbac5d18c,MG1655,746800,750000,748400.0,small,WIN_small_c597296dbac5d18c,1.3256766638814415,3200,0.08982299385460032,1.3256766638814415,shape,1.7679799545304076,0.8833733732324752,0.8833733732324752,1.32567666388144,7,8,4,739200,756800,19,3200,1765600,450
EQREG_small_09880233ea3ff346,MG1655,3429600,3432800,3431200.0,small,WIN_small_09880233ea3ff346,1.3246301691285187,3200,1.3246301691285187,0.03962710912754257,density,1.3072491159989128,1.3420112222581249,1.3072491159989128,1.3246301691285185,4,2,1,3419200,3432800,7,3200,1767200,451
EQREG_small_40584ec5528a2225,MG1655,1672000,1675200,1673600.0,small,WIN_small_40584ec5528a2225,1.3235886935543726,3200,0.39538952720929127,1.3235886935543726,shape,1.1424388673529202,1.504738519755825,1.1424388673529202,1.323588693554372,7,7,4,1662400,1680000,18,3200,1770400,452
EQREG_small_b183d8397bc66788,MG1655,4172800,4176000,4174400.0,small,WIN_small_b183d8397bc66788,1.32255218924294,3200,1.32255218924294,0.030479498473131597,density,1.4211924683057497,1.2239119101801301,1.2239119101801301,1.3225521892429395,7,4,2,4163200,4177600,13,3200,1773600,453
EQREG_small_8a6f2bb46a8d1946,MG1655,675200,678400,676800.0,small,WIN_small_8a6f2bb46a8d1946,1.3199823694167345,3200,0.23950283840941222,1.3199823694167345,shape,1.4917735425914573,1.1481911962420115,1.1481911962420115,1.319982369416734,6,0,0,674000,679200,6,3200,1775600,454
EQREG_small_a7dfd4d1eb0e9940,MG1655,2512000,2515200,2513600.0,small,WIN_small_a7dfd4d1eb0e9940,1.3198155741923974,3200,0.03500364803397331,1.3198155741923974,shape,2.1702617153949575,0.4693694329898372,0.4693694329898372,1.5957959484797837,7,7,7,2502400,2524800,21,3200,1778800,455
EQREG_small_636726740420b9ed,MG1655,2518000,2521200,2519600.0,small,WIN_small_636726740420b9ed,1.3189628969293783,3200,1.3189628969293783,0.03897129540253053,density,1.4000031692358117,1.2379226246229447,1.2379226246229447,1.3189628969293778,7,8,4,2513600,2531200,19,3200,1782000,456
EQREG_small_b47fbd7837dde396,MG1655,1792000,1795200,1793600.0,small,WIN_small_b47fbd7837dde396,1.317442606652097,3200,0.6403362553560619,1.317442606652097,shape,1.54613120491405,1.088754008390144,1.088754008390144,1.3174426066520963,7,6,0,1788800,1799200,13,3200,1785200,457
EQREG_small_1f4cbef9ffede61c,MG1655,1226000,1229200,1227600.0,small,WIN_small_1f4cbef9ffede61c,1.316602577593086,3200,0.37894901443822715,1.316602577593086,shape,1.1540207399027353,1.4791844152834368,1.1540207399027353,1.3166025775930854,7,8,0,1221600,1233600,15,3200,1788400,458
EQREG_large_4cd697fff4fd6bec,MG1655,3156800,3169600,3163200.0,large,WIN_large_4cd697fff4fd6bec,1.31647662734599,12800,0.14295518811651353,1.31647662734599,shape,1.6931404606752964,0.9398127940166837,0.9398127940166837,1.3164766273459891,31,15,7,3152000,3174400,53,12800,1801200,459
EQREG_small_5ffbfd297b3542eb,MG1655,84400,87600,86000.0,small,WIN_small_5ffbfd297b3542eb,1.3164349610344341,3200,0.3706907533704378,1.3164349610344341,shape,1.3420112222581249,1.2908586998107434,1.2908586998107434,1.3164349610344337,7,3,0,81600,89600,10,3200,1804000,460
EQREG_small_b074547972393b26,MG1655,2638400,2641600,2640000.0,small,WIN_small_b074547972393b26,1.3138533143385351,3200,1.3138533143385351,0.2803406589345159,density,1.2379226246229447,1.3897840040541256,1.2379226246229447,1.3138533143385347,4,2,1,2628800,2641600,7,3200,1805600,461
EQREG_small_30d65a03c76f402e,MG1655,3320000,3323200,3321600.0,small,WIN_small_30d65a03c76f402e,1.3103223870947918,3200,1.3103223870947918,0.03203000158469478,density,1.3897840040541256,1.230860770135458,1.230860770135458,1.310322387094791,4,4,1,3312000,3324800,9,3200,1807200,462
EQREG_medium_114657ff6e6522b1,MG1655,2601600,2608000,2604800.0,medium,WIN_medium_114657ff6e6522b1,1.3098447398158404,6400,0.04834333396829285,1.3098447398158404,shape,1.4313637641589878,1.188325715472693,1.188325715472693,1.3098447398158402,15,7,7,2593600,2616000,29,6400,1813600,463
EQREG_small_e615fcb0630adc87,MG1655,95600,98800,97200.0,small,WIN_small_e615fcb0630adc87,1.3087803146159256,3200,1.0125337614001666,1.3087803146159256,shape,1.847161200578033,1.0104152349285394,1.0104152349285394,1.3087803146159245,7,2,0,93600,100800,9,3200,1816800,464
EQREG_large_f78d629ba92a9fa2,MG1655,272000,284800,278400.0,large,WIN_large_f78d629ba92a9fa2,1.308123780594563,12800,0.014968157949779983,1.308123780594563,shape,2.1702617153949575,0.44598584579416833,0.44598584579416833,1.308123780594563,24,12,6,268800,289600,42,12800,1826400,465
EQREG_small_6bce2670d6863d2f,MG1655,1494800,1498000,1496400.0,small,WIN_small_6bce2670d6863d2f,1.3074901675399864,3200,0.1188176185483622,1.3074901675399864,shape,1.4550507355667173,1.1599295995132557,1.1599295995132557,1.307490167539986,7,4,1,1493600,1507200,12,3200,1829600,466
EQREG_small_e2021a048a0e55ab,MG1655,4002800,4006000,4004400.0,small,WIN_small_e2021a048a0e55ab,1.3074901675399864,3200,0.32116413531964194,1.3074901675399864,shape,1.4550507355667173,1.1599295995132557,1.1599295995132557,1.307490167539986,7,8,8,3992000,4016000,23,3200,1832800,467
EQREG_large_78bcfa394ccb3a9e,MG1655,4600000,4612800,4606400.0,large,WIN_large_78bcfa394ccb3a9e,1.3040648354834734,12800,0.13088834825815382,1.3040648354834734,shape,1.392110465011314,1.2160192059556325,1.2160192059556325,1.304064835483473,9,5,3,4596800,4612800,17,12800,1836000,468
EQREG_small_ab93d7f3e7dd6151,MG1655,4395200,4398400,4396800.0,small,WIN_small_ab93d7f3e7dd6151,1.303428244851975,3200,0.6430449878722087,1.303428244851975,shape,1.2170724856498245,1.3897840040541256,1.2170724856498245,1.3034282448519745,7,4,0,4391200,4400000,11,3200,1839200,469
EQREG_medium_92edf821dbe41d04,MG1655,540800,547200,544000.0,medium,WIN_medium_92edf821dbe41d04,1.3031627590368493,6400,0.05857631464264758,1.3031627590368493,shape,0.8159398112730434,1.7903857068006555,0.8159398112730434,1.3031627590368493,15,7,7,532800,555200,29,6400,1845600,470
EQREG_small_3572af83c3426a2e,MG1655,2510400,2513600,2512000.0,small,WIN_small_3572af83c3426a2e,1.300450357996915,3200,0.21050568925474614,1.300450357996915,shape,2.0690099501943915,0.5318907657994388,0.5318907657994388,1.3004503579969129,4,2,1,2500800,2513600,7,3200,1847200,471
EQREG_small_8d7ac65e69e54dc1,MG1655,1699600,1702800,1701200.0,small,WIN_small_8d7ac65e69e54dc1,1.300450357996913,3200,0.4640638738132946,1.300450357996913,shape,1.3700399458583683,1.230860770135458,1.230860770135458,1.3004503579969129,5,2,0,1699200,1706400,7,3200,1849200,472
EQREG_small_084a7fe0641f1f84,MG1655,3118800,3122000,3120400.0,small,WIN_small_084a7fe0641f1f84,1.2992860268376218,3200,0.13959436394815522,1.2992860268376218,shape,1.3156822835357755,1.282889770139468,1.282889770139468,1.2992860268376214,7,8,8,3108800,3132800,23,3200,1852400,473
EQREG_small_1d5c63b4f0d70641,MG1655,1817200,1820400,1818800.0,small,WIN_small_1d5c63b4f0d70641,1.2977432335559835,3200,0.25585117459433826,1.2977432335559835,shape,1.6253124509616752,0.9701740161502921,0.9701740161502921,1.2977432335559829,7,4,0,1812800,1821600,11,3200,1855600,474
EQREG_small_42102e40bf2ebddb,MG1655,2921600,2924800,2923200.0,small,WIN_small_42102e40bf2ebddb,1.2967462640729843,3200,1.2967462640729843,0.04819665743555118,density,1.203708524091843,1.3897840040541256,1.203708524091843,1.296746264072984,4,2,1,2921600,2934400,7,3200,1857200,475
EQREG_small_ba6401a5bf9b0346,MG1655,2910800,2914000,2912400.0,small,WIN_small_ba6401a5bf9b0346,1.2964404228379864,3200,1.2964404228379864,0.2614559564727896,density,1.2598244660707745,1.3330563796051984,1.2598244660707745,1.296440422837986,7,5,2,2900800,2916000,14,3200,1860400,476
EQREG_medium_1bdb68154a3a4f8c,MG1655,2442400,2448800,2445600.0,medium,WIN_medium_1bdb68154a3a4f8c,1.294863128127119,6400,0.27425316810741873,1.294863128127119,shape,0.9542425094393249,1.635483746814913,0.9542425094393249,1.2948631281271186,15,6,3,2440800,2457600,24,6400,1866800,477
EQREG_small_3a7a90944401e3b8,MG1655,2388400,2391600,2390000.0,small,WIN_small_3a7a90944401e3b8,1.2945386131604697,3200,1.2945386131604697,0.022168132357888934,density,1.3511546016979945,1.2379226246229447,1.2379226246229447,1.2945386131604693,4,2,1,2377600,2391600,7,3200,1868400,478
EQREG_small_71f28b6dd828bcb7,MG1655,3180800,3184000,3182400.0,small,WIN_small_71f28b6dd828bcb7,1.2922032690661347,3200,0.6938843564093997,1.2922032690661347,shape,1.7679799545304076,0.8164265836018618,0.8164265836018618,1.2922032690661336,7,7,3,3176800,3193600,17,3200,1871600,479
EQREG_small_994925c08ffd5231,MG1655,4459600,4462800,4461200.0,small,WIN_small_994925c08ffd5231,1.291529943748498,3200,1.291529943748498,0.045095954085810366,density,1.2673776039612203,1.3156822835357755,1.2673776039612203,1.2915299437484975,4,2,1,4449600,4462800,7,3200,1873200,480
EQREG_large_2987fb84bd1216ee,MG1655,1632000,1644800,1638400.0,large,WIN_large_2987fb84bd1216ee,1.2885477186134888,12800,0.033587431020406774,1.2885477186134888,shape,0.4068337218320201,2.1702617153949575,0.4068337218320201,1.2885477186134888,16,8,4,1632000,1649600,28,12800,1879600,481
EQREG_medium_fafdf037e6c7c460,MG1655,2873600,2880000,2876800.0,medium,WIN_medium_fafdf037e6c7c460,1.2881811473481282,6400,0.05286158375225666,1.2881811473481282,shape,0.8951210573206683,1.6812412373755878,0.8951210573206683,1.2881811473481275,8,4,0,2871200,2880000,12,6400,1882800,482
EQREG_small_9f7bd651218c83b9,MG1655,2347200,2350400,2348800.0,small,WIN_small_9f7bd651218c83b9,1.2876066041042424,3200,0.3456320899252965,1.2876066041042424,shape,1.4211924683057497,1.1540207399027353,1.1540207399027353,1.2876066041042422,7,6,5,2340800,2360000,18,3200,1886000,483
EQREG_small_9562c65720e17c60,MG1655,2597200,2600400,2598800.0,small,WIN_small_9562c65720e17c60,1.2873133599800666,3200,1.2873133599800666,0.12289117181066311,density,1.2673776039612203,1.3072491159989128,1.2673776039612203,1.2873133599800664,7,8,4,2587200,2604800,19,3200,1889200,484
EQREG_small_611083d4670ded96,MG1655,900800,904000,902400.0,small,WIN_small_611083d4670ded96,1.286071471617398,3200,0.5630212164399406,1.286071471617398,shape,1.9818597744754902,0.5902831687593059,0.5902831687593059,1.286071471617396,4,2,0,896800,904000,6,3200,1890800,485
EQREG_small_00d5a6a18d67a950,MG1655,3402400,3405600,3404000.0,small,WIN_small_00d5a6a18d67a950,1.2835367910348436,3200,0.34727897457029266,1.2835367910348436,shape,1.3072491159989128,1.2598244660707745,1.2598244660707745,1.2835367910348432,7,6,3,3399200,3416000,16,3200,1894000,486
EQREG_large_dd927139aea9a16e,MG1655,4620800,4633600,4627200.0,large,WIN_large_dd927139aea9a16e,1.281186090203136,12800,0.19715843847356596,1.281186090203136,shape,1.392110465011314,1.1702617153949577,1.1702617153949577,1.2811860902031356,20,10,5,4619200,4638400,35,12800,1902000,487
EQREG_small_f420ff91718f506f,MG1655,703200,706400,704800.0,small,WIN_small_f420ff91718f506f,1.2807468523444254,3200,1.2807468523444254,0.14784866343244485,density,1.2103391029908561,1.3511546016979945,1.2103391029908561,1.280746852344425,7,7,5,697600,716800,19,3200,1905200,488
EQREG_small_727bb005673e6d1d,MG1655,762000,765200,763600.0,small,WIN_small_727bb005673e6d1d,1.280462721141373,3200,1.280462721141373,0.5193487096082833,density,0.899400818666626,1.66152462361612,0.899400818666626,1.2804627211413722,7,8,1,757600,771200,16,3200,1908400,489
EQREG_small_f32fe850a84404a6,MG1655,4261600,4264800,4263200.0,small,WIN_small_f32fe850a84404a6,1.280391746392922,3200,0.6649169718536438,1.280391746392922,shape,1.3700399458583683,1.1907435469274754,1.1907435469274754,1.2803917463929215,7,6,0,4258400,4268800,13,3200,1911600,490
EQREG_small_63b6ea4e58f47ee0,MG1655,2924000,2927200,2925600.0,small,WIN_small_63b6ea4e58f47ee0,1.2798247819952402,3200,1.2798247819952402,0.04256754460723963,density,1.2524004479915676,1.3072491159989128,1.2524004479915676,1.2798247819952395,6,3,2,2923200,2937600,11,3200,1914000,491
EQREG_small_fda996e58db17272,MG1655,2702800,2706000,2704400.0,small,WIN_small_fda996e58db17272,1.279118151885982,3200,0.47058594732533676,1.279118151885982,shape,1.2673776039612203,1.2908586998107434,1.2673776039612203,1.2791181518859815,7,6,3,2692800,2708800,16,3200,1917200,492
EQREG_small_5956ea5f7a6a56d4,MG1655,3382000,3385200,3383600.0,small,WIN_small_5956ea5f7a6a56d4,1.279118151885982,3200,0.6214419749113618,1.279118151885982,shape,1.2673776039612203,1.2908586998107434,1.2673776039612203,1.2791181518859815,7,8,3,3377600,3393600,18,3200,1920400,493
EQREG_small_1ae8d9b8c6bf6b18,MG1655,197200,200400,198800.0,small,WIN_small_1ae8d9b8c6bf6b18,1.2789771013834896,3200,1.2789771013834896,0.11176785211112636,density,1.282889770139468,1.2750644326275113,1.2750644326275113,1.2789771013834894,1,0,0,197200,200400,1,3200,1920400,494
EQREG_small_50dfe3687fc5e741,MG1655,949600,952800,951200.0,small,WIN_small_50dfe3687fc5e741,1.2788361424425116,3200,1.2788361424425116,0.030699166524565894,density,1.360494627952138,1.1971776569328854,1.1971776569328854,1.2788361424425112,4,2,1,939200,952800,7,3200,1922000,495
EQREG_small_3b4d550266dfa104,MG1655,3932400,3935600,3934000.0,small,WIN_small_3b4d550266dfa104,1.27680245407936,3200,1.27680245407936,0.04053118814302381,density,1.2379226246229447,1.3156822835357755,1.2379226246229447,1.27680245407936,3,0,0,3931600,3935600,3,3200,1922800,496
EQREG_small_25d2580d2790c3b7,MG1655,1212800,1216000,1214400.0,small,WIN_small_25d2580d2790c3b7,1.2724489984242977,3200,0.4793085348872448,1.2724489984242977,shape,0.8833733732324752,1.66152462361612,0.8833733732324752,1.2724489984242968,7,5,0,1210400,1220000,12,3200,1926000,497
EQREG_small_c38412227feb1cf4,MG1655,431200,434400,432800.0,small,WIN_small_c38412227feb1cf4,1.2716295739011554,3200,1.2716295739011554,0.06613722499994759,density,1.2908586998107434,1.2524004479915676,1.2524004479915676,1.2716295739011552,4,2,1,431200,444800,7,3200,1927600,498
EQREG_small_39f50fb1b6434648,MG1655,52400,55600,54000.0,small,WIN_small_39f50fb1b6434648,1.2697970968579528,3200,1.2697970968579528,0.40048132073764514,density,1.2239119101801301,1.3156822835357755,1.2239119101801301,1.2697970968579524,7,4,0,48000,56800,11,3200,1930800,499
EQREG_small_8001a07c060d7104,MG1655,1306800,1310000,1308400.0,small,WIN_small_8001a07c060d7104,1.2690549430671854,3200,1.2690549430671854,0.04075797379387429,density,1.3072491159989128,1.230860770135458,1.230860770135458,1.269054943067185,4,0,0,1306800,1311200,4,3200,1932000,500
EQREG_small_1935dcb1455582e4,MG1655,1936400,1939600,1938000.0,small,WIN_small_1935dcb1455582e4,1.2676451090655179,3200,1.2676451090655179,0.3511005427948968,density,1.282889770139468,1.2524004479915676,1.2524004479915676,1.2676451090655174,7,4,0,1932000,1940800,11,3200,1934800,501
EQREG_small_4ee226517610fbff,MG1655,4454000,4457200,4455600.0,small,WIN_small_4ee226517610fbff,1.2669102615251302,3200,0.4521359637363546,1.2669102615251302,shape,1.078769787483543,1.4550507355667173,1.078769787483543,1.2669102615251298,7,7,4,4443200,4460800,18,3200,1938000,502
EQREG_small_59f0f049c3bda943,MG1655,2405600,2408800,2407200.0,small,WIN_small_59f0f049c3bda943,1.2663773845928001,3200,1.2663773845928001,0.04212700031739133,density,1.3156822835357755,1.2170724856498245,1.2170724856498245,1.2663773845927997,2,0,0,2405600,2409200,2,3200,1938400,503
EQREG_small_07665d95bb52862e,MG1655,4267200,4270400,4268800.0,small,WIN_small_07665d95bb52862e,1.2663773845928001,3200,1.2663773845928001,0.039228007518496255,density,1.3156822835357755,1.2170724856498245,1.2170724856498245,1.2663773845927997,4,2,0,4263200,4270400,6,3200,1940000,504
EQREG_small_cada0aac62ffa33a,MG1655,2925600,2928800,2927200.0,small,WIN_small_cada0aac62ffa33a,1.2655805130895215,3200,1.2655805130895215,0.06305407853412662,density,1.2239119101801301,1.3072491159989128,1.2239119101801301,1.265580513089521,4,2,1,2925600,2939200,7,3200,1941600,505
EQREG_small_5260d94d20cc0c7b,MG1655,1740800,1744000,1742400.0,small,WIN_small_5260d94d20cc0c7b,1.2621608008243688,3200,1.2621608008243688,0.05268365981065199,density,1.3072491159989128,1.2170724856498245,1.2170724856498245,1.2621608008243683,7,7,5,1731200,1750400,19,3200,1944800,506
EQREG_small_5efa721a978f881e,MG1655,3268400,3271600,3270000.0,small,WIN_small_5efa721a978f881e,1.2614442501065266,3200,1.2614442501065266,0.032027288346435895,density,1.2239119101801301,1.2989765900329229,1.2239119101801301,1.2614442501065262,2,0,0,3268000,3271600,2,3200,1945200,507
EQREG_small_4272dc2e93abf1a7,MG1655,2827600,2830800,2829200.0,small,WIN_small_4272dc2e93abf1a7,1.2608597349731006,3200,1.2608597349731006,0.08344306798723175,density,1.2908586998107434,1.230860770135458,1.230860770135458,1.2608597349731,5,3,2,2827200,2841600,10,3200,1947200,508
EQREG_small_253d26e5c1c0f02d,MG1655,1017600,1020800,1019200.0,small,WIN_small_253d26e5c1c0f02d,1.2604061973812062,3200,1.2604061973812062,0.06661687213585119,density,1.282889770139468,1.2379226246229447,1.2379226246229447,1.2604061973812062,6,3,1,1016800,1030400,10,3200,1949600,509
EQREG_small_940aab7ed73fa721,MG1655,3790000,3793200,3791600.0,small,WIN_small_940aab7ed73fa721,1.2604061973812062,3200,1.2604061973812062,0.06469803744373445,density,1.282889770139468,1.2379226246229447,1.2379226246229447,1.2604061973812062,7,5,0,3785600,3795200,12,3200,1952800,510
EQREG_small_8b9622cde4fa67d9,MG1655,1499200,1502400,1500800.0,small,WIN_small_8b9622cde4fa67d9,1.2602121137326967,3200,0.3064795443454016,1.2602121137326967,shape,1.360494627952138,1.1599295995132557,1.1599295995132557,1.2602121137326965,4,2,0,1496800,1504000,6,3200,1954400,511
EQREG_small_697b18f704e2d512,MG1655,2944000,2947200,2945600.0,small,WIN_small_697b18f704e2d512,1.26008282093879,3200,0.2890300525586488,1.26008282093879,shape,1.4211924683057497,1.09897317357183,1.09897317357183,1.2600828209387895,7,7,7,2934400,2956800,21,3200,1957600,512
EQREG_small_cf5c3b70a38f529d,MG1655,2794400,2797600,2796000.0,small,WIN_small_cf5c3b70a38f529d,1.2580245378413746,3200,0.12103075950842948,1.2580245378413746,shape,1.819132476977789,0.69691659870496,0.69691659870496,1.2580245378413732,7,7,5,2788800,2808000,19,3200,1960800,513
EQREG_small_b31b9e9008c9115a,MG1655,3962400,3965600,3964000.0,small,WIN_small_b31b9e9008c9115a,1.2580245378413737,3200,1.2580245378413737,0.2608778961947469,density,1.2170724856498245,1.2989765900329229,1.2170724856498245,1.2580245378413737,4,2,1,3952000,3965600,7,3200,1962400,514
EQREG_small_6e2e03f5914ac2f5,MG1655,916400,919600,918000.0,small,WIN_small_6e2e03f5914ac2f5,1.2572576839274368,3200,0.37735277015657986,1.2572576839274368,shape,1.4550507355667173,1.0594646322881562,1.0594646322881562,1.2572576839274363,7,7,4,905600,923200,18,3200,1965600,515
EQREG_small_98a2d053c135dc70,MG1655,3176800,3180000,3178400.0,small,WIN_small_98a2d053c135dc70,1.256493528625228,3200,1.256493528625228,0.3152677537361904,density,1.2379226246229447,1.2750644326275113,1.2379226246229447,1.256493528625228,4,0,0,3176800,3181200,4,3200,1967200,516
EQREG_medium_9223b5702008cbc5,MG1655,456000,462400,459200.0,medium,WIN_medium_9223b5702008cbc5,1.2556498244700973,6400,1.2556498244700973,0.10916178096021106,density,1.2737559107973195,1.237543738142875,1.237543738142875,1.2556498244700969,12,3,0,454400,462400,15,6400,1972000,517
EQREG_small_5debb44710a65cd4,MG1655,653600,656800,655200.0,small,WIN_small_5debb44710a65cd4,1.254342912097076,3200,0.17840982856432008,1.254342912097076,shape,0.6615246236161187,1.847161200578033,0.6615246236161187,1.2543429120970744,7,7,7,643200,665600,21,3200,1975200,518
EQREG_small_51e08d4d1eeb57f1,MG1655,2816400,2819600,2818000.0,small,WIN_small_51e08d4d1eeb57f1,1.253965592730284,3200,1.253965592730284,0.03648903384895012,density,1.2908586998107434,1.2170724856498245,1.2170724856498245,1.2539655927302835,6,3,0,2815600,2824000,9,3200,1977600,519
EQREG_small_161065d993f34d0d,MG1655,4015600,4018800,4017200.0,small,WIN_small_161065d993f34d0d,1.2534008401597991,3200,1.2534008401597991,0.9850232657776361,density,1.3700399458583683,1.282889770139468,1.282889770139468,1.2534008401597987,4,2,1,4004800,4018800,7,3200,1979200,520
EQREG_small_9351335e2534ff5d,MG1655,1980400,1983600,1982000.0,small,WIN_small_9351335e2534ff5d,1.2530877222382768,3200,0.1621157066293148,1.2530877222382768,shape,0.48292298484283774,2.023252459633716,0.48292298484283774,1.2530877222382746,7,8,5,1971200,1990400,20,3200,1982400,521
EQREG_small_3be44bac8afae3a6,MG1655,3247200,3250400,3248800.0,small,WIN_small_3be44bac8afae3a6,1.2514667476525296,3200,0.8031758947469312,1.2514667476525296,shape,0.8414088716889391,1.66152462361612,0.8414088716889391,1.2514667476525287,7,7,8,3236800,3260800,22,3200,1985600,522
EQREG_small_62de3ea39521d2f9,MG1655,1800800,1804000,1802400.0,small,WIN_small_62de3ea39521d2f9,1.2505989014007999,3200,1.2505989014007999,0.02827628600011814,density,1.2908586998107434,1.2103391029908561,1.2103391029908561,1.2505989014007994,4,2,0,1800800,1808000,6,3200,1987200,523
EQREG_small_c8acd3c84fcf327f,MG1655,4240000,4243200,4241600.0,small,WIN_small_c8acd3c84fcf327f,1.250042826216116,3200,1.250042826216116,0.0448811465492406,density,1.3156822835357755,1.1844033688964564,1.1844033688964564,1.2500428262161156,4,2,1,4230400,4243200,7,3200,1988800,524
EQREG_small_22d55080e71ad774,MG1655,1273200,1276400,1274800.0,small,WIN_small_22d55080e71ad774,1.2472836119512931,3200,0.40469684013399654,1.2472836119512931,shape,1.203708524091843,1.2908586998107434,1.203708524091843,1.247283611951293,7,8,5,1267200,1286400,20,3200,1992000,525
EQREG_small_ca3ee9f66fee7066,MG1655,4456400,4459600,4458000.0,small,WIN_small_ca3ee9f66fee7066,1.245765730467092,3200,0.6665071880867404,1.245765730467092,shape,1.0364807253674666,1.4550507355667173,1.0364807253674666,1.2457657304670915,6,0,0,4455600,4460800,6,3200,1994400,526
EQREG_small_d2d69218226824d1,MG1655,145200,148400,146800.0,small,WIN_small_d2d69218226824d1,1.2435385597539668,3200,0.5677482708149402,1.2435385597539668,shape,1.1540207399027353,1.3330563796051984,1.1540207399027353,1.2435385597539663,7,8,5,134400,153600,20,3200,1997600,527
EQREG_small_2b6b86f8a3eed50b,MG1655,982400,985600,984000.0,small,WIN_small_2b6b86f8a3eed50b,1.2422250448055223,3200,1.2422250448055223,0.0776231511816419,density,1.2673776039612203,1.2170724856498245,1.2170724856498245,1.2422250448055223,4,1,0,979200,985600,5,3200,1999200,528
EQREG_small_b01a54a6eac7f4de,MG1655,3351200,3354400,3352800.0,small,WIN_small_b01a54a6eac7f4de,1.2422250448055223,3200,1.2422250448055223,0.07884158356320223,density,1.2673776039612203,1.2170724856498245,1.2170724856498245,1.2422250448055223,4,2,1,3351200,3364800,7,3200,2000800,529
EQREG_small_cf78c0cc1a5dc585,MG1655,3543200,3546400,3544800.0,small,WIN_small_cf78c0cc1a5dc585,1.242106027405475,3200,0.4190922578168105,1.242106027405475,shape,0.8588996038492746,1.6253124509616752,0.8588996038492746,1.242106027405474,7,3,0,3539200,3547600,10,3200,2003600,530
EQREG_small_0e1161cd221e3ebc,MG1655,3993200,3996400,3994800.0,small,WIN_small_0e1161cd221e3ebc,1.2418681881254523,3200,1.2418681881254523,0.1444625946791989,density,1.2239119101801301,1.2598244660707745,1.2239119101801301,1.241868188125452,7,5,0,3991200,4000800,12,3200,2006800,531
EQREG_small_014a08c2236401dd,MG1655,3891200,3894400,3892800.0,small,WIN_small_014a08c2236401dd,1.2415119169365063,3200,1.2415119169365063,0.04806808494549569,density,1.2451012092500682,1.2379226246229447,1.2379226246229447,1.2415119169365063,4,2,1,3891200,3904000,7,3200,2008400,532
EQREG_small_594d2b404f75234e,MG1655,4061600,4064800,4063200.0,small,WIN_small_594d2b404f75234e,1.2400337135361768,3200,1.2400337135361768,0.03514168366724312,density,1.282889770139468,1.1971776569328854,1.1971776569328854,1.2400337135361763,7,7,8,4051200,4075200,22,3200,2011600,533
EQREG_medium_84bc682dd61b891b,MG1655,2376800,2383200,2380000.0,medium,WIN_medium_84bc682dd61b891b,1.2392879020657857,6400,0.13786803673248593,1.2392879020657857,shape,0.8430920573166583,1.635483746814913,0.8430920573166583,1.2392879020657852,15,7,6,2368000,2388800,28,6400,2018000,534
EQREG_small_fb474ecbda6bd687,MG1655,2965600,2968800,2967200.0,small,WIN_small_fb474ecbda6bd687,1.2384484758602996,3200,1.2384484758602996,0.5012080749333954,density,1.2170724856498245,1.2598244660707745,1.2170724856498245,1.2384484758602992,7,6,3,2955200,2972000,16,3200,2021200,535
EQREG_small_82eddfc49000fab5,MG1655,3606000,3609200,3607600.0,small,WIN_small_82eddfc49000fab5,1.2376310343536,3200,0.7334978502785596,1.2376310343536,shape,1.360494627952138,1.1147674407550618,1.1147674407550618,1.2376310343535994,7,8,4,3601600,3619200,19,3200,2024400,536
EQREG_small_45c41cad0adff5a1,MG1655,4372800,4376000,4374400.0,small,WIN_small_45c41cad0adff5a1,1.2350817845308153,3200,1.2350817845308153,0.0473906853090308,density,1.2598244660707745,1.2103391029908561,1.2103391029908561,1.235081784530815,6,5,0,4370400,4380000,11,3200,2026800,537
EQREG_small_73b6a16e3244c522,MG1655,744400,747600,746000.0,small,WIN_small_73b6a16e3244c522,1.2349666176010667,3200,0.45340262621308614,1.2349666176010667,shape,1.66152462361612,0.8084086115860136,0.8084086115860136,1.234966617601066,6,3,0,740000,748400,9,3200,2029200,538
EQREG_small_6b99a0e251b8f2db,MG1655,4435200,4438400,4436800.0,small,WIN_small_6b99a0e251b8f2db,1.2321071182742154,3200,0.44416774492395183,1.2321071182742154,shape,1.7010331648997938,0.7631810716486367,0.7631810716486367,1.2321071182742145,4,1,0,4435200,4441600,5,3200,2030800,539
EQREG_small_63fa104264c9d5bb,MG1655,3343200,3346400,3344800.0,small,WIN_small_63fa104264c9d5bb,1.2313697754912118,3200,1.2313697754912118,0.9256071295782271,density,1.2103391029908561,1.2524004479915676,1.2103391029908561,1.2313697754912116,4,2,1,3332800,3346400,7,3200,2032400,540
EQREG_small_4fdfc0c0edf95e99,MG1655,708000,711200,709600.0,small,WIN_small_4fdfc0c0edf95e99,1.2309172674015374,3200,1.2309172674015374,0.05691565167702976,density,1.2239119101801301,1.2379226246229447,1.2239119101801301,1.2309172674015372,7,6,3,704800,721600,16,3200,2035600,541
EQREG_small_1a26146948203a6e,MG1655,2744000,2747200,2745600.0,small,WIN_small_1a26146948203a6e,1.2309172674015374,3200,1.2309172674015374,0.52338713267606,density,1.2239119101801301,1.2379226246229447,1.2239119101801301,1.2309172674015372,4,0,0,2742800,2747200,4,3200,2037200,542
EQREG_small_5029395add229f91,MG1655,3328400,3331600,3330000.0,small,WIN_small_5029395add229f91,1.2285569480652452,3200,0.6701326046094043,1.2285569480652452,shape,1.0020631605637733,1.4550507355667173,1.0020631605637733,1.2285569480652447,5,3,2,3328000,3342400,10,3200,2039200,543
EQREG_small_85f50bda7c6347dd,MG1655,2482800,2486000,2484400.0,small,WIN_small_85f50bda7c6347dd,1.2283893315065932,3200,1.2283893315065932,0.0414359774767549,density,1.2908586998107434,1.1659199632024433,1.1659199632024433,1.228389331506593,7,7,0,2478400,2489600,14,3200,2042400,544
EQREG_small_61e87f1eee2db523,MG1655,3437200,3440400,3438800.0,small,WIN_small_61e87f1eee2db523,1.227386340157794,3200,1.227386340157794,0.03718900980568716,density,1.2239119101801301,1.230860770135458,1.2239119101801301,1.2273863401577936,1,0,0,3437200,3440400,1,3200,2042400,545
EQREG_small_15e30352b911740d,MG1655,3526000,3529200,3527600.0,small,WIN_small_15e30352b911740d,1.2257249147540599,3200,0.6034505948982931,1.2257249147540599,shape,1.4104686029139766,1.0409812265941432,1.0409812265941432,1.2257249147540596,7,7,3,3516800,3532800,17,3200,2045600,546
EQREG_small_d800e0f5add53049,MG1655,2698000,2701200,2699600.0,small,WIN_small_d800e0f5add53049,1.225284006499125,3200,0.3784446071476546,1.225284006499125,shape,1.2598244660707745,1.1907435469274754,1.1907435469274754,1.2252840064991246,7,6,3,2688000,2704000,16,3200,2048800,547
EQREG_small_e3f961b1a95d15f7,MG1655,450400,453600,452000.0,small,WIN_small_e3f961b1a95d15f7,1.2250638876349123,3200,0.5669395278281306,1.2250638876349123,shape,1.3511546016979945,1.09897317357183,1.09897317357183,1.2250638876349118,3,0,0,450000,454000,3,3200,2049600,548
EQREG_small_fde62a750502d473,MG1655,1947200,1950400,1948800.0,small,WIN_small_fde62a750502d473,1.2244597087576095,3200,0.678877970689572,1.2244597087576095,shape,0.9938686819485018,1.4550507355667173,0.9938686819485018,1.224459708757609,7,5,2,1944800,1960000,14,3200,2052800,549
EQREG_small_419d8835dc69fed1,MG1655,2465600,2468800,2467200.0,small,WIN_small_419d8835dc69fed1,1.2234200702395035,3200,0.43280547968664396,1.2234200702395035,shape,1.432187852607213,1.0146522878717938,1.0146522878717938,1.223420070239503,7,7,7,2456000,2478400,21,3200,2056000,550
EQREG_small_d396d5ef167dbb30,MG1655,801200,804400,802800.0,small,WIN_small_d396d5ef167dbb30,1.2224397198567394,3200,0.07498521741480521,1.2224397198567394,shape,1.1540207399027353,1.2908586998107434,1.1540207399027353,1.2224397198567392,7,6,5,795200,814400,18,3200,2058800,551
EQREG_medium_2574e5587cf2080a,MG1655,1356800,1363200,1360000.0,medium,WIN_medium_2574e5587cf2080a,1.2217991102879997,6400,0.025901135899741877,1.2217991102879997,shape,1.2552725051033065,1.188325715472693,1.188325715472693,1.2217991102879997,15,7,4,1353600,1371200,26,6400,2065200,552
EQREG_small_406656cac0b00b16,MG1655,2142400,2145600,2144000.0,small,WIN_small_406656cac0b00b16,1.2212474934275965,3200,0.4211978970546325,1.2212474934275965,shape,1.4104686029139766,1.0320263839412167,1.0320263839412167,1.2212474934275963,4,0,0,2141200,2145600,4,3200,2066800,553
EQREG_small_424bf41a4fda38bd,MG1655,956400,959600,958000.0,small,WIN_small_424bf41a4fda38bd,1.220653825939523,3200,0.24519532678141842,1.220653825939523,shape,1.3156822835357755,1.1256253683432702,1.1256253683432702,1.2206538259395223,7,5,0,954400,964000,12,3200,2070000,554
EQREG_small_3f7cc21df4028e4e,MG1655,1973600,1976800,1975200.0,small,WIN_small_3f7cc21df4028e4e,1.2195249480263775,3200,0.4970363164921069,1.2195249480263775,shape,1.1481911962420115,1.2908586998107434,1.1481911962420115,1.2195249480263772,7,5,0,1971200,1980800,12,3200,2073200,555
EQREG_small_312da9db06aa90bc,MG1655,958400,961600,960000.0,small,WIN_small_312da9db06aa90bc,1.2179223780887722,3200,0.20902989501907265,1.2179223780887722,shape,1.54613120491405,0.8897135512634943,0.8897135512634943,1.2179223780887716,5,2,0,958000,965600,7,3200,2075200,556
EQREG_small_998314d95c61b8d1,MG1655,150400,153600,152000.0,small,WIN_small_998314d95c61b8d1,1.2179223780887718,3200,1.2179223780887718,0.02893552986929175,density,1.2451012092500682,1.1907435469274754,1.1907435469274754,1.2179223780887716,5,1,0,147200,154000,6,3200,2077200,557
EQREG_small_229299bc550d36ce,MG1655,1702400,1705600,1704000.0,small,WIN_small_229299bc550d36ce,1.2179223780887718,3200,0.6002571955675928,1.2179223780887718,shape,1.3156822835357755,1.120162472641768,1.120162472641768,1.2179223780887716,6,0,0,1701200,1706400,6,3200,2079200,558
EQREG_small_a9b769b5f80c041d,MG1655,2543200,2546400,2544800.0,small,WIN_small_a9b769b5f80c041d,1.217550140777915,3200,1.217550140777915,0.04030322978053232,density,1.1971776569328854,1.2379226246229447,1.1971776569328854,1.2175501407779148,5,2,0,2539200,2546800,7,3200,2081200,559
EQREG_small_c7c4fcdf11d49be7,MG1655,2039600,2042800,2041200.0,small,WIN_small_c7c4fcdf11d49be7,1.2155404831907402,3200,0.19686828901134124,1.2155404831907402,shape,1.6253124509616752,0.8057685154198053,0.8057685154198053,1.2155404831907397,7,4,1,2030400,2044000,12,3200,2084000,560
EQREG_medium_6ce85c5bb3e2c889,MG1655,893600,900000,896800.0,medium,WIN_medium_6ce85c5bb3e2c889,1.2141791270096314,6400,0.04890955916774687,1.2141791270096314,shape,1.2552725051033065,1.1730857489159563,1.1730857489159563,1.214179127009631,15,6,0,892000,902400,21,6400,2090400,561
EQREG_small_0a5f9a88b3f6e21b,MG1655,3057600,3060800,3059200.0,small,WIN_small_0a5f9a88b3f6e21b,1.2138102171359875,3200,0.6358772230918064,1.2138102171359875,shape,1.7679799545304076,0.6596404797415671,0.6596404797415671,1.213810217135986,6,3,0,3056800,3064800,9,3200,2092800,562
EQREG_small_cb3606da2caa7236,MG1655,1223600,1226800,1225200.0,small,WIN_small_cb3606da2caa7236,1.2138102171359866,3200,1.2138102171359866,0.04806808494549569,density,1.203708524091843,1.2239119101801301,1.203708524091843,1.213810217135986,6,0,0,1222400,1227600,6,3200,2095200,563
EQREG_small_207ee9a65e63c54f,MG1655,4504000,4507200,4505600.0,small,WIN_small_207ee9a65e63c54f,1.212664318746194,3200,1.212664318746194,0.0291554258282875,density,1.282889770139468,1.1424388673529202,1.1424388673529202,1.212664318746194,7,7,7,4494400,4516800,21,3200,2098400,564
EQREG_small_7a890be82f460312,MG1655,888400,891600,890000.0,small,WIN_small_7a890be82f460312,1.2123528476323784,3200,0.4593244291137844,1.2123528476323784,shape,0.7631810716486367,1.66152462361612,0.7631810716486367,1.2123528476323775,5,2,0,884800,892000,7,3200,2100400,565
EQREG_small_1e9451afff73c654,MG1655,2688800,2692000,2690400.0,small,WIN_small_1e9451afff73c654,1.210802158531467,3200,0.45077864279852475,1.210802158531467,shape,1.5318907657994398,0.8897135512634943,0.8897135512634943,1.2108021585314663,7,7,6,2678400,2699200,20,3200,2103600,566
EQREG_small_8a1aadbea8e6c55b,MG1655,3601600,3604800,3603200.0,small,WIN_small_8a1aadbea8e6c55b,1.2103905048708339,3200,1.2103905048708339,0.48438505420272326,density,1.203708524091843,1.2170724856498245,1.203708524091843,1.2103905048708334,4,0,0,3601600,3606000,4,3200,2105200,567
EQREG_small_0027d3d26ecae550,MG1655,3562400,3565600,3564000.0,small,WIN_small_0027d3d26ecae550,1.2090579946085565,3200,0.4761287296043244,1.2090579946085565,shape,1.4917735425914573,0.9263424466256553,0.9263424466256553,1.2090579946085558,5,0,0,3562000,3566800,5,3200,2107200,568
EQREG_small_037030cea30c6d33,MG1655,1917600,1920800,1919200.0,small,WIN_small_037030cea30c6d33,1.2080385221212002,3200,0.3022164913321962,1.2080385221212002,shape,0.9368926289589635,1.4791844152834368,0.9368926289589635,1.208038522121199,4,1,0,1917600,1924000,5,3200,2108800,569
EQREG_small_0c16ce5b6f4e0052,MG1655,784400,787600,786000.0,small,WIN_small_0c16ce5b6f4e0052,1.2076320695159575,3200,0.49050555051078515,1.2076320695159575,shape,0.8833733732324752,1.5318907657994398,0.8833733732324752,1.2076320695159568,5,3,0,780000,788000,8,3200,2110800,570
EQREG_small_2547dd0eef7aaf6d,MG1655,4181200,4184400,4182800.0,small,WIN_small_2547dd0eef7aaf6d,1.2073277285538029,3200,1.2073277285538029,0.8703296687044846,density,1.2239119101801301,1.1907435469274754,1.1907435469274754,1.2073277285538024,4,0,0,4181200,4185600,4,3200,2112400,571
EQREG_small_ce78fbeff8883a46,MG1655,1180800,1184000,1182400.0,small,WIN_small_ce78fbeff8883a46,1.2073277285538029,3200,0.22883211962006453,1.2073277285538029,shape,1.4000031692358117,1.0146522878717938,1.0146522878717938,1.2073277285538024,7,4,2,1179200,1193600,13,3200,2115600,572
EQREG_small_ba9c777388d46bd2,MG1655,4182800,4186000,4184400.0,small,WIN_small_ba9c777388d46bd2,1.2070238135413496,3200,1.2070238135413496,1.065922244339101,density,1.203708524091843,1.3072491159989128,1.203708524091843,1.2070238135413494,1,0,0,4182800,4186000,1,3200,2115600,573
EQREG_small_a4b3c248aa9afd11,MG1655,1957600,1960800,1959200.0,small,WIN_small_a4b3c248aa9afd11,1.2055105862262558,3200,0.31103380022156724,1.2055105862262558,shape,1.4211924683057497,0.9898287041467617,0.9898287041467617,1.2055105862262554,7,7,6,1948800,1969600,20,3200,2118800,574
EQREG_small_cb8cf32b81bde424,MG1655,1088400,1091600,1090000.0,small,WIN_small_cb8cf32b81bde424,1.2022181459629597,3200,0.19559486399331016,1.2022181459629597,shape,1.088754008390144,1.3156822835357755,1.088754008390144,1.2022181459629593,7,8,4,1078400,1096000,19,3200,2122000,575
EQREG_small_41d17742d3c01856,MG1655,1022000,1025200,1023600.0,small,WIN_small_41d17742d3c01856,1.1995609745764022,3200,0.202072637751556,1.1995609745764022,shape,0.944071213586087,1.4550507355667173,0.944071213586087,1.1995609745764015,7,6,3,1019200,1035200,16,3200,2125200,576
EQREG_small_05866955427bf961,MG1655,4041600,4044800,4043200.0,small,WIN_small_05866955427bf961,1.1992677304522266,3200,0.3204870777232983,1.1992677304522266,shape,1.7444988586808845,0.6540366022235687,0.6540366022235687,1.1992677304522257,7,7,6,4033600,4054400,20,3200,2128400,577
EQREG_medium_20433116e6c13c83,MG1655,2200000,2206400,2203200.0,medium,WIN_medium_20433116e6c13c83,1.1979531151190626,6400,0.01900855042626213,1.1979531151190626,shape,0.7604224834232121,1.635483746814913,0.7604224834232121,1.197953115119062,15,7,7,2192000,2214400,29,6400,2134800,578
EQREG_medium_1a6e64e8b70a8f67,MG1655,2365600,2372000,2368800.0,medium,WIN_medium_1a6e64e8b70a8f67,1.1979531151190626,6400,0.0312791939894711,1.1979531151190626,shape,0.7604224834232121,1.635483746814913,0.7604224834232121,1.197953115119062,15,7,7,2356800,2379200,29,6400,2141200,579
EQREG_small_d2ea2af696f3fba6,MG1655,657200,660400,658800.0,small,WIN_small_d2ea2af696f3fba6,1.1979530105473832,3200,1.1979530105473832,0.04030322978053232,density,1.2239119101801301,1.1719941109146363,1.1719941109146363,1.197953010547383,7,5,0,655200,664800,12,3200,2144400,580
EQREG_small_e97f3c1f2180a2d3,MG1655,2412000,2415200,2413600.0,small,WIN_small_e97f3c1f2180a2d3,1.1975165335341904,3200,1.1975165335341904,0.27474614645754175,density,1.2908586998107434,1.1041743672576376,1.1041743672576376,1.1975165335341904,7,5,3,2409600,2425600,15,3200,2147600,581
EQREG_small_4d5635a866da3aee,MG1655,2185200,2188400,2186800.0,small,WIN_small_4d5635a866da3aee,1.1960679141460693,3200,0.13839952112703624,1.1960679141460693,shape,1.643041217922107,0.7490946103700317,0.7490946103700317,1.1960679141460684,7,8,6,2177600,2198400,21,3200,2150800,582
EQREG_small_7620d2bfff5c51e5,MG1655,700400,703600,702000.0,small,WIN_small_7620d2bfff5c51e5,1.1949159366912867,3200,1.1949159366912867,0.3102409517887734,density,1.1147674407550618,1.2750644326275113,1.1147674407550618,1.1949159366912865,7,2,0,697600,704800,9,3200,2153600,583
EQREG_small_9453692f102ed390,MG1655,1788400,1791600,1790000.0,small,WIN_small_9453692f102ed390,1.194246761305156,3200,0.2994300652828026,1.194246761305156,shape,0.7631810716486367,1.6253124509616752,0.7631810716486367,1.1942467613051553,4,0,0,1788400,1792800,4,3200,2155200,584
EQREG_small_95295dd2be2eda1e,MG1655,4160800,4164000,4162400.0,small,WIN_small_95295dd2be2eda1e,1.1940559464941498,3200,1.1940559464941498,0.08828182465868772,density,1.203708524091843,1.1844033688964564,1.1844033688964564,1.1940559464941494,7,7,8,4150400,4174400,22,3200,2158400,585
EQREG_small_3f2c17c36dd8b2dd,MG1655,536400,539600,538000.0,small,WIN_small_3f2c17c36dd8b2dd,1.1923461168650815,3200,0.17436064461466602,1.1923461168650815,shape,1.54613120491405,0.8385610288161128,0.8385610288161128,1.1923461168650809,7,8,3,528000,544000,18,3200,2161600,586
EQREG_small_9f2da4efa3de2561,MG1655,4491600,4494800,4493200.0,small,WIN_small_9f2da4efa3de2561,1.191496224426134,3200,0.26943244985210907,1.191496224426134,shape,1.2170724856498245,1.1659199632024433,1.1659199632024433,1.1914962244261336,4,2,1,4491600,4505600,7,3200,2163200,587
EQREG_small_0a8012a29a430514,MG1655,194000,197200,195600.0,small,WIN_small_0a8012a29a430514,1.190790512914671,3200,1.190790512914671,0.06901102252908843,density,1.1971776569328854,1.1844033688964564,1.1844033688964564,1.1907905129146703,4,2,1,184000,197200,7,3200,2164800,588
EQREG_small_f92af3960bed6550,MG1655,4362400,4365600,4364000.0,small,WIN_small_f92af3960bed6550,1.1878513175032397,3200,1.1878513175032397,0.20001383655691357,density,1.203708524091843,1.1719941109146363,1.1719941109146363,1.1878513175032397,4,2,1,4352000,4365600,7,3200,2166400,589
EQREG_small_4366f79896c4e847,MG1655,2273200,2276400,2274800.0,small,WIN_small_4366f79896c4e847,1.1872497371222361,3200,0.4153358977686671,1.1872497371222361,shape,1.4550507355667173,0.9194487386777549,0.9194487386777549,1.1872497371222357,7,2,0,2271200,2278400,9,3200,2169600,590
EQREG_small_ecffdb19bca22a2a,MG1655,1675600,1678800,1677200.0,small,WIN_small_ecffdb19bca22a2a,1.1860515532110707,3200,0.6581682894181766,1.1860515532110707,shape,1.0020631605637733,1.3700399458583683,1.0020631605637733,1.1860515532110707,7,1,0,1673600,1680000,8,3200,2172400,591
EQREG_small_d3a351150fbe01ca,MG1655,1950000,1953200,1951600.0,small,WIN_small_d3a351150fbe01ca,1.1855466127762804,3200,0.37735277015657986,1.1855466127762804,shape,0.9160424899858434,1.4550507355667173,0.9160424899858434,1.1855466127762797,7,4,0,1948800,1957600,11,3200,2175200,592
EQREG_small_3615dff777f59a14,MG1655,4023200,4026400,4024800.0,small,WIN_small_3615dff777f59a14,1.184448983273465,3200,1.184448983273465,0.41234198269369077,density,1.1907435469274754,1.1781544196194549,1.1781544196194549,1.184448983273465,1,0,0,4023200,4026400,1,3200,2175200,593
EQREG_small_12913e4dfdbd2cfe,MG1655,1326800,1330000,1328400.0,small,WIN_small_12913e4dfdbd2cfe,1.1831753887665255,3200,0.33831071496597187,1.1831753887665255,shape,0.9228819145161489,1.4434688630169021,0.9228819145161489,1.1831753887665248,5,5,4,1321600,1339200,14,3200,2177200,594
EQREG_small_54703f4ea3e78fb0,MG1655,3362400,3365600,3364000.0,small,WIN_small_54703f4ea3e78fb0,1.1819092205088277,3200,0.18994667542419646,1.1819092205088277,shape,0.9740344369635299,1.3897840040541256,0.9740344369635299,1.1819092205088273,7,7,7,3353600,3376000,21,3200,2180400,595
EQREG_small_a60d76338c1bd091,MG1655,1261200,1264400,1262800.0,small,WIN_small_a60d76338c1bd091,1.1815488100676643,3200,1.1815488100676643,0.29340547139472617,density,1.1971776569328854,1.1659199632024433,1.1659199632024433,1.181548810067664,7,1,0,1260000,1266400,8,3200,2183200,596
EQREG_medium_7e6537ad44cc912c,MG1655,15200,21600,18400.0,medium,WIN_medium_7e6537ad44cc912c,1.1792937154338252,6400,0.17352254803153533,1.1792937154338252,shape,0.19300397775046352,2.1702617153949575,0.19300397775046352,1.261389733311812,15,7,8,6400,30400,30,6400,2189600,597
EQREG_medium_7d4151aa243c9809,MG1655,3022400,3028800,3025600.0,medium,WIN_medium_7d4151aa243c9809,1.1785768206230542,6400,0.044979505319875074,1.1785768206230542,shape,1.3344537511509318,1.0226998900951767,1.0226998900951767,1.1785768206230536,15,7,4,3014400,3032000,26,6400,2196000,598
EQREG_small_2ee38b54a0356320,MG1655,3486800,3490000,3488400.0,small,WIN_small_2ee38b54a0356320,1.1775348835616808,3200,1.1775348835616808,0.07688524108350947,density,1.1311578569432312,1.2239119101801301,1.1311578569432312,1.1775348835616803,4,2,1,3486800,3500800,7,3200,2197600,599
EQREG_small_d527a2cf95ab7908,MG1655,3655200,3658400,3656800.0,small,WIN_small_d527a2cf95ab7908,1.1763450326890033,3200,1.1763450326890033,0.040537536800337504,density,1.2379226246229447,1.1147674407550618,1.1147674407550618,1.176345032689003,7,7,5,3649600,3668800,19,3200,2200800,600
EQREG_small_eae7120cec23e31f,MG1655,3178400,3181600,3180000.0,small,WIN_small_eae7120cec23e31f,1.172037191410949,3200,1.172037191410949,1.0009042010786149,density,1.4917735425914573,1.2239119101801301,1.2239119101801301,1.1720371914109489,3,0,0,3178400,3182400,3,3200,2201600,601
EQREG_small_9ab8985365eb9d4c,MG1655,3991200,3994400,3992800.0,small,WIN_small_9ab8985365eb9d4c,1.172037191410949,3200,1.172037191410949,0.511330041362104,density,1.1781544196194549,1.1659199632024433,1.1659199632024433,1.1720371914109489,2,0,0,3991200,3994800,2,3200,2202000,602
EQREG_small_79a45396f76902bb,MG1655,4485200,4488400,4486800.0,small,WIN_small_79a45396f76902bb,1.172037191410949,3200,1.172037191410949,0.4947314719775504,density,1.1659199632024433,1.1781544196194549,1.1659199632024433,1.1720371914109489,7,6,3,4475200,4491200,16,3200,2205200,603
EQREG_small_c08ff26548ad42da,MG1655,154000,157200,155600.0,small,WIN_small_c08ff26548ad42da,1.1694673715847435,3200,0.2686754019862581,1.1694673715847435,shape,1.0232524596337116,1.3156822835357755,1.0232524596337116,1.1694673715847437,4,2,1,154000,168000,7,3200,2206800,604
EQREG_small_819ecaa5e0168ea7,MG1655,1971200,1974400,1972800.0,small,WIN_small_819ecaa5e0168ea7,1.1694673715847435,3200,0.39554624868599936,1.1694673715847435,shape,1.0232524596337116,1.3156822835357755,1.0232524596337116,1.1694673715847437,4,0,0,1970800,1975200,4,3200,2208000,605
EQREG_medium_12ff00cfb1b5e2c4,MG1655,2081600,2088000,2084800.0,medium,WIN_medium_12ff00cfb1b5e2c4,1.1657241205056033,6400,0.18678017698412194,1.1657241205056033,shape,1.1730857489159563,1.15836249209525,1.15836249209525,1.1657241205056028,8,4,4,2078400,2096000,16,6400,2211200,606
EQREG_small_9af884ef816bc3fc,MG1655,3294000,3297200,3295600.0,small,WIN_small_9af884ef816bc3fc,1.1643756130283545,3200,0.7919336883475226,1.1643756130283545,shape,0.7537395154157952,1.66152462361612,0.7537395154157952,1.1643756130283536,7,6,5,3288000,3307200,18,3200,2214000,607
EQREG_small_0512e3b6c7a5a50f,MG1655,4482400,4485600,4484000.0,small,WIN_small_0512e3b6c7a5a50f,1.1643756130283545,3200,0.671069941522349,1.1643756130283545,shape,0.671069941522349,1.66152462361612,0.671069941522349,1.1643756130283536,7,3,1,4473600,4486800,11,3200,2216800,608
EQREG_small_f1b73ca02b01869a,MG1655,3852400,3855600,3854000.0,small,WIN_small_f1b73ca02b01869a,1.1631728079307333,3200,1.1631728079307333,0.05114836449381801,density,1.1481911962420115,1.1781544196194549,1.1481911962420115,1.163172807930733,7,8,5,3844800,3864000,20,3200,2220000,609
EQREG_small_d8439888c7e7a200,MG1655,476800,480000,478400.0,small,WIN_small_d8439888c7e7a200,1.1610735575204982,3200,0.403217578537412,1.1610735575204982,shape,1.2673776039612203,1.0547695110797763,1.0547695110797763,1.1610735575204982,7,5,1,468800,482400,13,3200,2223200,610
EQREG_small_1ef5275ef16a0212,MG1655,3244400,3247600,3246000.0,small,WIN_small_1ef5275ef16a0212,1.160092653578324,3200,1.160092653578324,0.20311114478537107,density,1.1481911962420115,1.1719941109146363,1.1481911962420115,1.1600926535783238,7,4,2,3233600,3248800,13,3200,2226000,611
EQREG_large_59f41f03b58e2865,MG1655,4227200,4240000,4233600.0,large,WIN_large_59f41f03b58e2865,1.1596670658599884,12800,0.23579262622850175,1.1596670658599884,shape,1.3251636753807006,0.9941704563392764,0.9941704563392764,1.1596670658599884,31,14,5,4222400,4241600,50,12800,2238800,612
EQREG_small_0d94e46ba35c1c4e,MG1655,683600,686800,685200.0,small,WIN_small_0d94e46ba35c1c4e,1.1592379824234529,3200,0.314281739454362,1.1592379824234529,shape,0.8137374450910807,1.504738519755825,0.8137374450910807,1.1592379824234522,7,8,4,679200,697600,19,3200,2242000,613
EQREG_medium_30b23b469bb70258,MG1655,2045600,2052000,2048800.0,medium,WIN_medium_30b23b469bb70258,1.158603900948298,6400,0.04164443811697012,1.158603900948298,shape,1.1441220529806397,1.1730857489159563,1.1441220529806397,1.1586039009482978,15,6,0,2044000,2054400,21,6400,2248400,614
EQREG_small_d1bde1a5e9702ee2,MG1655,438400,441600,440000.0,small,WIN_small_d1bde1a5e9702ee2,1.1563329592851372,3200,0.7090069071501501,1.1563329592851372,shape,0.9228819145161489,1.3897840040541256,0.9228819145161489,1.1563329592851368,7,7,2,433600,448000,16,3200,2251600,615
EQREG_small_2d526fa61dd3f6d2,MG1655,2498800,2502000,2500400.0,small,WIN_small_2d526fa61dd3f6d2,1.1510668459677813,3200,0.32429635316585015,1.1510668459677813,shape,1.064211067312618,1.2379226246229447,1.064211067312618,1.1510668459677813,7,8,5,2492800,2512000,20,3200,2254800,616
EQREG_small_1ca4fbc85cc9b603,MG1655,3137600,3140800,3139200.0,small,WIN_small_1ca4fbc85cc9b603,1.1507541226144318,3200,0.29206693920714755,1.1507541226144318,shape,0.9858259616930879,1.3156822835357755,0.9858259616930879,1.1507541226144316,7,7,3,3128000,3144800,17,3200,2258000,617
EQREG_small_fa1eef65ec4eee4d,MG1655,3880400,3883600,3882000.0,small,WIN_small_fa1eef65ec4eee4d,1.1506760120952615,3200,0.9003974448610659,1.1506760120952615,shape,1.1971776569328854,1.1041743672576376,1.1041743672576376,1.1506760120952613,4,1,0,3876800,3883600,5,3200,2259600,618
EQREG_small_dda2b6173d577eaa,MG1655,2382400,2385600,2384000.0,small,WIN_small_dda2b6173d577eaa,1.1499353601649223,3200,0.32786259866690537,1.1499353601649223,shape,1.2451012092500682,1.0547695110797763,1.0547695110797763,1.149935360164922,6,5,0,2380000,2389600,11,3200,2262000,619
EQREG_small_0299f3a2d0d97777,MG1655,1998000,2001200,1999600.0,small,WIN_small_0299f3a2d0d97777,1.1487710290056308,3200,0.2739318002168639,1.1487710290056308,shape,1.282889770139468,1.0146522878717938,1.0146522878717938,1.1487710290056308,7,7,2,1993600,2008000,16,3200,2265200,620
EQREG_small_70226c1bf5284182,MG1655,2939200,2942400,2940800.0,small,WIN_small_70226c1bf5284182,1.1478054994426496,3200,0.5802441142523209,1.1478054994426496,shape,1.66152462361612,0.6340863752691791,0.6340863752691791,1.1478054994426488,7,6,3,2929600,2945600,16,3200,2268400,621
EQREG_small_c3b7322972a33d5a,MG1655,2732400,2735600,2734000.0,small,WIN_small_c3b7322972a33d5a,1.1478054994426494,3200,0.47861791311063695,1.1478054994426494,shape,1.4791844152834368,0.8164265836018618,0.8164265836018618,1.1478054994426488,7,4,0,2728000,2736800,11,3200,2271200,622
EQREG_medium_9c14f801bf4845e4,MG1655,941600,948000,944800.0,medium,WIN_medium_9c14f801bf4845e4,1.1450277779264906,6400,0.056408084118560735,1.1450277779264906,shape,1.1730857489159563,1.1169698069370246,1.1169698069370246,1.1450277779264904,15,7,0,939200,950400,22,6400,2277600,623
EQREG_small_35f835e5e9bc2b1c,MG1655,2097200,2100400,2098800.0,small,WIN_small_35f835e5e9bc2b1c,1.1447443422680617,3200,0.5036644174456909,1.1447443422680617,shape,0.9194487386777549,1.3700399458583683,0.9194487386777549,1.1447443422680612,7,8,4,2086400,2104800,19,3200,2280800,624
EQREG_small_f49c98f4ea0f03cc,MG1655,2704400,2707600,2706000.0,small,WIN_small_f49c98f4ea0f03cc,1.1430412179221063,3200,0.43284843575905796,1.1430412179221063,shape,0.6430412179221056,1.643041217922107,0.6430412179221056,1.1430412179221054,4,0,0,2704400,2708800,4,3200,2282000,625
EQREG_small_3b82876f261e1eec,MG1655,4187600,4190800,4189200.0,small,WIN_small_3b82876f261e1eec,1.1416882712341432,3200,1.1416882712341432,0.19241709161353154,density,1.09897317357183,1.1844033688964564,1.09897317357183,1.141688271234143,4,2,1,4187600,4201600,7,3200,2283600,626
EQREG_medium_2a82930058d226ff,MG1655,2203200,2209600,2206400.0,medium,WIN_medium_2a82930058d226ff,1.1409814389656439,6400,0.0377885608893998,1.1409814389656439,shape,0.8225703901720567,1.459392487759231,0.8225703901720567,1.1409814389656436,8,4,2,2203200,2217600,14,6400,2286800,627
EQREG_small_295cfe9a70bf2fc9,MG1655,1999600,2002800,2001200.0,small,WIN_small_295cfe9a70bf2fc9,1.1397487776588098,3200,0.5695252805838642,1.1397487776588098,shape,1.088754008390144,1.1907435469274754,1.088754008390144,1.139748777658809,2,0,0,1999600,2003200,2,3200,2287200,628
EQREG_small_178cafd5ce0f987c,MG1655,97200,100400,98800.0,small,WIN_small_178cafd5ce0f987c,1.139600300907075,3200,1.139600300907075,0.566133785749841,density,1.1367617344612297,1.1424388673529202,1.1367617344612297,1.139600300907075,2,0,0,97200,100800,2,3200,2287600,629
EQREG_medium_e5802df12686a963,MG1655,2362400,2368800,2365600.0,medium,WIN_medium_e5802df12686a963,1.1389861975992415,6400,0.057998026042676495,1.1389861975992415,shape,1.2552725051033065,1.0226998900951767,1.0226998900951767,1.1389861975992412,8,4,2,2353600,2368800,14,6400,2290800,630
EQREG_small_1fe1acbe438c963e,MG1655,3211200,3214400,3212800.0,small,WIN_small_1fe1acbe438c963e,1.1384899495481866,3200,0.3793090648381048,1.1384899495481866,shape,0.7852063565049161,1.4917735425914573,0.7852063565049161,1.1384899495481862,7,7,6,3201600,3222400,20,3200,2294000,631
EQREG_small_2960d7ae03984ee6,MG1655,1524400,1527600,1526000.0,small,WIN_small_2960d7ae03984ee6,1.1383423307519156,3200,0.02925853690706197,1.1383423307519156,shape,0.9858259616930879,1.2908586998107434,0.9858259616930879,1.1383423307519154,7,8,7,1515200,1537600,22,3200,2297200,632
EQREG_small_ecf224d87a5d084e,MG1655,3873600,3876800,3875200.0,small,WIN_small_ecf224d87a5d084e,1.1372383769712842,3200,0.5499035410108406,1.1372383769712842,shape,1.2598244660707745,1.0146522878717938,1.0146522878717938,1.137238376971284,4,2,0,3869600,3876800,6,3200,2298800,633
EQREG_small_93a5f9494b9ee544,MG1655,1802400,1805600,1804000.0,small,WIN_small_93a5f9494b9ee544,1.1370182581070716,3200,1.1370182581070716,0.03291723730092886,density,1.2239119101801301,1.0501246060340128,1.0501246060340128,1.1370182581070711,4,0,0,1802400,1806800,4,3200,2300400,634
EQREG_small_4a596255a9e8667e,MG1655,2268000,2271200,2269600.0,small,WIN_small_4a596255a9e8667e,1.1370182581070716,3200,1.1370182581070716,0.03629894152961895,density,1.2239119101801301,1.0501246060340128,1.0501246060340128,1.1370182581070711,4,2,0,2264000,2271200,6,3200,2302000,635
EQREG_small_4ef78d4d77f0362c,MG1655,705600,708800,707200.0,small,WIN_small_4ef78d4d77f0362c,1.135483642243233,3200,1.135483642243233,0.08383679910631067,density,1.09897317357183,1.1719941109146363,1.09897317357183,1.135483642243233,5,0,0,704800,709600,5,3200,2303600,636
EQREG_small_e29e61c9fb66f64b,MG1655,289200,292400,290800.0,small,WIN_small_e29e61c9fb66f64b,1.1349018676395066,3200,0.012528594241938397,1.1349018676395066,shape,0.6615246236161187,1.6082791116628947,0.6615246236161187,1.134901867639506,7,8,8,278400,302400,23,3200,2306800,637
EQREG_medium_65005a7a37a1ef49,MG1655,1656800,1663200,1660000.0,medium,WIN_medium_65005a7a37a1ef49,1.1328934905630226,6400,0.0394398786644426,1.1328934905630226,shape,0.6716959194693569,1.5940910616566881,0.6716959194693569,1.132893490563022,15,7,8,1648000,1672000,30,6400,2313200,638
EQREG_small_35ea28a6a410ae3a,MG1655,965600,968800,967200.0,small,WIN_small_35ea28a6a410ae3a,1.1320519833854465,3200,0.36207457671319254,1.1320519833854465,shape,1.1041743672576376,1.1599295995132557,1.1041743672576376,1.1320519833854463,4,2,0,965600,972800,6,3200,2314800,639
EQREG_small_fabd1c0bf690ca26,MG1655,4174800,4178000,4176400.0,small,WIN_small_fabd1c0bf690ca26,1.1315865781899996,3200,1.1315865781899996,0.02740246179024312,density,1.203708524091843,1.0594646322881562,1.0594646322881562,1.1315865781899994,2,0,0,4174400,4178000,2,3200,2315200,640
EQREG_small_8ce51963a152b7e9,MG1655,3994800,3998000,3996400.0,small,WIN_small_8ce51963a152b7e9,1.1291329109426276,3200,1.1291329109426276,0.4860216120899391,density,1.0738624529887988,1.1844033688964564,1.0738624529887988,1.1291329109426274,4,2,0,3994800,4002400,6,3200,2316800,641
EQREG_small_4c00fa5acf53b064,MG1655,146800,150000,148400.0,small,WIN_small_4c00fa5acf53b064,1.1268465740096385,3200,0.414731695533469,1.1268465740096385,shape,1.5608544617347566,0.6928386862845206,0.6928386862845206,1.126846574009638,4,0,0,146800,151200,4,3200,2318400,642
EQREG_small_fb2380a7e01d472c,MG1655,3564000,3567200,3565600.0,small,WIN_small_fb2380a7e01d472c,1.1256601647925,3200,0.6234374683131261,1.1256601647925,shape,1.3420112222581249,0.909309107326875,0.909309107326875,1.1256601647924995,2,0,0,3564000,3567600,2,3200,2318800,643
EQREG_small_28ca41e499eccb52,MG1655,2516400,2519600,2518000.0,small,WIN_small_28ca41e499eccb52,1.1253819491990895,3200,1.1253819491990895,0.039626172509177014,density,1.1719941109146363,1.078769787483543,1.078769787483543,1.1253819491990895,4,0,0,2515200,2519600,4,3200,2320400,644
EQREG_small_03710e2049f59bb8,MG1655,3341600,3344800,3343200.0,small,WIN_small_03710e2049f59bb8,1.1235821849069207,3200,1.1235821849069207,0.28366930855867384,density,1.09897317357183,1.1481911962420115,1.09897317357183,1.1235821849069207,4,2,1,3331200,3344800,7,3200,2322000,645
EQREG_small_02f436b3497d4bae,MG1655,946400,949600,948000.0,small,WIN_small_02f436b3497d4bae,1.1233066173052793,3200,0.2258937991503837,1.1233066173052793,shape,0.8031443715936565,1.4434688630169021,0.8031443715936565,1.1233066173052788,4,1,0,944800,951200,5,3200,2323600,646
EQREG_small_80b4d0b016ce0c99,MG1655,3336400,3339600,3338000.0,small,WIN_small_80b4d0b016ce0c99,1.1229626488491466,3200,1.1229626488491466,0.6401650534775599,density,1.1147674407550618,1.1311578569432312,1.1147674407550618,1.1229626488491462,7,7,0,3332000,3343200,14,3200,2326800,647
EQREG_small_f7b19df04103393f,MG1655,3201600,3204800,3203200.0,small,WIN_small_f7b19df04103393f,1.1207060204623753,3200,0.4168923824247903,1.1207060204623753,shape,0.8414088716889391,1.4000031692358117,0.8414088716889391,1.120706020462375,7,7,6,3192000,3212800,20,3200,2330000,648
EQREG_large_e70566afa40a7895,MG1655,1560000,1572800,1566400.0,large,WIN_large_e70566afa40a7895,1.1200764428361767,12800,0.005908859610520328,1.1200764428361767,shape,1.6931404606752964,0.547012424997057,0.547012424997057,1.1200764428361758,30,15,5,1555200,1575200,50,12800,2342000,649
EQREG_medium_d2685ba9403b74b0,MG1655,1445600,1452000,1448800.0,medium,WIN_medium_d2685ba9403b74b0,1.1197795146891005,6400,0.03021212923312818,1.1197795146891005,shape,1.0020152912353257,1.237543738142875,1.0020152912353257,1.1197795146891,15,6,3,1444000,1460800,24,6400,2348400,650
EQREG_medium_6ba0a3593d578173,MG1655,1603200,1609600,1606400.0,medium,WIN_medium_6ba0a3593d578173,1.1171692991338318,6400,0.02918754583558867,1.1171692991338318,shape,1.4313637641589878,0.8029748341086758,0.8029748341086758,1.1171692991338316,8,4,1,1603200,1616000,13,6400,2351600,651
EQREG_small_5418ed9bca60c938,MG1655,1722400,1725600,1724000.0,small,WIN_small_5418ed9bca60c938,1.1157293716013965,3200,0.47866388629038903,1.1157293716013965,shape,1.360494627952138,0.8709641152506552,0.8709641152506552,1.1157293716013963,4,2,1,1722400,1736000,7,3200,2353200,652
EQREG_small_ee9a2aa6330123d2,MG1655,516000,519200,517600.0,small,WIN_small_ee9a2aa6330123d2,1.113743860289182,3200,0.3567990389844501,1.113743860289182,shape,1.2170724856498245,1.0104152349285394,1.0104152349285394,1.1137438602891818,7,7,5,507200,526400,19,3200,2356400,653
EQREG_small_e583ca740188b29e,MG1655,685600,688800,687200.0,small,WIN_small_e583ca740188b29e,1.1136862211448182,3200,0.0483002038782894,1.1136862211448182,shape,0.05711072689467889,2.1702617153949575,0.05711072689467889,1.5401815932641951,5,2,0,685200,692800,7,3200,2358400,654
EQREG_small_767391ef5ba33ede,MG1655,108400,111600,110000.0,small,WIN_small_767391ef5ba33ede,1.1134804918627772,3200,1.1134804918627772,0.7479242997444886,density,1.078769787483543,1.1481911962420115,1.078769787483543,1.1134804918627772,3,0,0,108400,112400,3,3200,2359200,655
EQREG_small_0597da3a3ee4b27c,MG1655,3555600,3558800,3557200.0,small,WIN_small_0597da3a3ee4b27c,1.1134804918627772,3200,1.1134804918627772,0.038957288915257265,density,1.078769787483543,1.1481911962420115,1.078769787483543,1.1134804918627772,4,0,0,3555600,3560000,4,3200,2360800,656
EQREG_small_22b435a9ecc7ab3c,MG1655,782400,785600,784000.0,small,WIN_small_22b435a9ecc7ab3c,1.1107667290718652,3200,0.35861048407758594,1.1107667290718652,shape,1.4104686029139766,0.8110648552297538,0.8110648552297538,1.1107667290718648,5,2,0,778400,786000,7,3200,2362800,657
EQREG_small_3c6b658aafa4db1d,MG1655,2685200,2688400,2686800.0,small,WIN_small_3c6b658aafa4db1d,1.1099559326666877,3200,0.3582323593102517,1.1099559326666877,shape,1.088754008390144,1.1311578569432312,1.088754008390144,1.1099559326666872,7,5,2,2675200,2690400,14,3200,2366000,658
EQREG_small_5c76a0443147344f,MG1655,1098400,1101600,1100000.0,small,WIN_small_5c76a0443147344f,1.1091804059818187,3200,0.38235638418527845,1.1091804059818187,shape,0.8385610288161128,1.3797997831475246,0.8385610288161128,1.1091804059818182,4,4,0,1096800,1105600,8,3200,2367600,659
EQREG_small_e2d208e33175e50f,MG1655,4444800,4448000,4446400.0,small,WIN_small_e2d208e33175e50f,1.1085684056393017,3200,0.7550363717227049,1.1085684056393017,shape,0.8273528072244779,1.3897840040541256,0.8273528072244779,1.1085684056393013,7,5,0,4442400,4452000,12,3200,2370800,660
EQREG_medium_7ed7607c60f4ec59,MG1655,856800,863200,860000.0,medium,WIN_medium_7ed7607c60f4ec59,1.1068409246058049,6400,0.0377885608893998,1.1068409246058049,shape,0.42329614241095426,1.7903857068006555,0.42329614241095426,1.1068409246058049,14,6,1,855200,868800,21,6400,2376400,661
EQREG_small_dc426efde12a101b,MG1655,3695600,3698800,3697200.0,small,WIN_small_dc426efde12a101b,1.1057244087736544,3200,0.7310755379923277,1.1057244087736544,shape,1.7679799545304076,0.7631810716486367,0.7631810716486367,1.1057244087736533,4,2,1,3684800,3698800,7,3200,2378000,662
EQREG_small_6b51cee880dae133,MG1655,2536800,2540000,2538400.0,small,WIN_small_6b51cee880dae133,1.1019478398284306,3200,0.19690693590638453,1.1019478398284306,shape,1.0837332070150931,1.120162472641768,1.0837332070150931,1.1019478398284304,6,3,0,2536000,2544000,9,3200,2380400,663
EQREG_small_b632a52fad107609,MG1655,2111600,2114800,2113200.0,small,WIN_small_b632a52fad107609,1.1018542620459217,3200,0.5645312158122353,1.1018542620459217,shape,0.6989700043360187,1.504738519755825,0.6989700043360187,1.1018542620459213,7,7,3,2108000,2124800,17,3200,2383600,664
EQREG_small_fa3539f1ebe9a340,MG1655,2930400,2933600,2932000.0,small,WIN_small_fa3539f1ebe9a340,1.1000839035688093,3200,0.47200987997102983,1.1000839035688093,shape,1.2451012092500682,0.9550665978875502,0.9550665978875502,1.1000839035688088,7,6,1,2927200,2940800,14,3200,2386800,665
EQREG_small_cd76af5208da5bc7,MG1655,4340400,4343600,4342000.0,small,WIN_small_cd76af5208da5bc7,1.0994661300626556,3200,0.5567493800077787,1.0994661300626556,shape,1.282889770139468,0.9160424899858434,0.9160424899858434,1.0994661300626554,4,2,1,4329600,4343600,7,3200,2388400,666
EQREG_small_36ed2b32625c291a,MG1655,1554000,1557200,1555600.0,small,WIN_small_36ed2b32625c291a,1.0984813336312038,3200,0.07557710452247078,1.0984813336312038,shape,0.5886835555995129,1.6082791116628947,0.5886835555995129,1.0984813336312031,7,8,7,1544000,1566400,22,3200,2391600,667
EQREG_small_29545113a617ff27,MG1655,670800,674000,672400.0,small,WIN_small_29545113a617ff27,1.094918217827944,3200,0.7092624647187216,1.094918217827944,shape,1.064211067312618,1.1256253683432702,1.064211067312618,1.094918217827944,4,2,0,666400,674000,6,3200,2393200,668
EQREG_small_60b3a1d475303932,MG1655,4377600,4380800,4379200.0,small,WIN_small_60b3a1d475303932,1.0915910295734836,3200,1.0915910295734836,0.11198013291362087,density,1.0232524596337116,1.1599295995132557,1.0232524596337116,1.0915910295734834,4,1,0,4374400,4380800,5,3200,2394800,669
EQREG_large_392a98f1b6de384f,MG1655,3492800,3505600,3499200.0,large,WIN_large_392a98f1b6de384f,1.0910804693473326,12800,0.13085212384553307,1.0910804693473326,shape,1.2160192059556325,0.9661417327390326,0.9661417327390326,1.0910804693473326,16,8,3,3489600,3505600,27,12800,2401200,670
EQREG_medium_d80f913cea9c699e,MG1655,219200,225600,222400.0,medium,WIN_medium_d80f913cea9c699e,1.0902165056240978,6400,0.08466519078668702,1.0902165056240978,shape,0.08038929823659297,2.1702617153949575,0.08038929823659297,1.322827521334075,8,4,3,216000,232000,15,6400,2404400,671
EQREG_medium_82f74ef6f07f91c3,MG1655,3757600,3764000,3760800.0,medium,WIN_medium_82f74ef6f07f91c3,1.0897025474174136,6400,0.017959527898416282,1.0897025474174136,shape,0.017435650102819437,2.1702617153949575,0.017435650102819437,1.1717985652954004,15,7,3,3750400,3766400,25,6400,2410800,672
EQREG_small_04a0b3161a98a96d,MG1655,3984800,3988000,3986400.0,small,WIN_small_04a0b3161a98a96d,1.0892242787221909,3200,1.0892242787221909,0.04032437048747185,density,1.0690099501943866,1.1094386072499949,1.0690099501943866,1.0892242787221909,4,2,0,3980800,3988000,6,3200,2412400,673
EQREG_small_93545d85fc2d97d7,MG1655,767200,770400,768800.0,small,WIN_small_93545d85fc2d97d7,1.0871160365216093,3200,0.1838112522983436,1.0871160365216093,shape,0.8833733732324752,1.2908586998107434,0.8833733732324752,1.087116036521609,7,2,0,764000,771600,9,3200,2415200,674
EQREG_small_1c6324086870085e,MG1655,86400,89600,88000.0,small,WIN_small_1c6324086870085e,1.0868248372813065,3200,1.0868248372813065,0.04969815231772741,density,1.1094386072499949,1.064211067312618,1.064211067312618,1.0868248372813063,2,0,0,86000,89600,2,3200,2415600,675
EQREG_small_55593bffa4067af9,MG1655,3681600,3684800,3683200.0,small,WIN_small_55593bffa4067af9,1.086621229914348,3200,1.086621229914348,0.3683001056213441,density,1.1367617344612297,1.0364807253674666,1.0364807253674666,1.086621229914348,7,7,7,3672000,3694400,21,3200,2418800,676
EQREG_small_c5283270a8205a6b,MG1655,760400,763600,762000.0,small,WIN_small_c5283270a8205a6b,1.085403578643608,3200,1.085403578643608,0.5050617892173254,density,0.9228819145161489,1.4550507355667173,0.9228819145161489,1.0854035786436076,4,0,0,759200,763600,4,3200,2420400,677
EQREG_small_16633f3b031814c4,MG1655,4112800,4116000,4114400.0,small,WIN_small_16633f3b031814c4,1.0849992075007715,3200,0.5014652293400699,1.0849992075007715,shape,0.7802144109474172,1.3897840040541256,0.7802144109474172,1.084999207500771,7,4,2,4102400,4117600,13,3200,2423600,678
EQREG_small_2bda3b4472cc9e53,MG1655,775200,778400,776800.0,small,WIN_small_2bda3b4472cc9e53,1.0831315716859715,3200,0.5536326512648131,1.0831315716859715,shape,0.8833733732324752,1.282889770139468,0.8833733732324752,1.0831315716859713,5,2,0,774800,782400,7,3200,2425600,679
EQREG_small_25fe078ab46e157a,MG1655,820800,824000,822400.0,small,WIN_small_25fe078ab46e157a,1.0824460233945374,3200,0.08177542642719396,1.0824460233945374,shape,1.1147674407550618,1.0501246060340128,1.0501246060340128,1.0824460233945372,7,7,3,811200,828000,17,3200,2428800,680
EQREG_small_2bae269b870087a0,MG1655,3732800,3736000,3734400.0,small,WIN_small_2bae269b870087a0,1.0818194997728972,3200,0.41799555224848306,1.0818194997728972,shape,0.8031443715936565,1.360494627952138,0.8031443715936565,1.081819499772897,6,3,0,3728800,3736800,9,3200,2431200,681
EQREG_small_2cc7569f5be1d52a,MG1655,1165200,1168400,1166800.0,small,WIN_small_2cc7569f5be1d52a,1.0790223006160184,3200,1.0790223006160184,0.0755154951397346,density,1.2103391029908561,0.947705498241181,0.947705498241181,1.0790223006160182,6,3,0,1164400,1172800,9,3200,2433600,682
EQREG_small_f556a6ae9741cda6,MG1655,2715600,2718800,2717200.0,small,WIN_small_f556a6ae9741cda6,1.078041950233255,3200,0.320401740558129,1.078041950233255,shape,1.54613120491405,0.6099526955524597,0.6099526955524597,1.0780419502332543,7,6,1,2708800,2721600,14,3200,2436800,683
EQREG_small_6ecc219abf4b7c20,MG1655,1717200,1720400,1718800.0,small,WIN_small_6ecc219abf4b7c20,1.0768991407308788,3200,0.6081185591668907,1.0768991407308788,shape,1.1599295995132557,0.9938686819485018,0.9938686819485018,1.0768991407308786,7,3,0,1714400,1722400,10,3200,2440000,684
EQREG_small_6e64ad2580dc3b18,MG1655,2964000,2967200,2965600.0,small,WIN_small_6e64ad2580dc3b18,1.0768713423258032,3200,1.0768713423258032,0.10668719433230266,density,1.0547695110797763,1.09897317357183,1.0547695110797763,1.076871342325803,4,2,1,2953600,2967200,7,3200,2441600,685
EQREG_small_fb037fc8fbc72823,MG1655,4199200,4202400,4200800.0,small,WIN_small_fb037fc8fbc72823,1.0764825378513811,3200,0.8559351248855356,1.0764825378513811,shape,0.8559351248855356,1.3897840040541256,0.8559351248855356,1.0764825378513807,4,2,0,4195200,4202400,6,3200,2443200,686
EQREG_small_9c8b537440d2a24d,MG1655,2900000,2903200,2901600.0,small,WIN_small_9c8b537440d2a24d,1.0738898688389646,3200,0.1913944605059934,1.0738898688389646,shape,1.078769787483543,1.0690099501943866,1.0690099501943866,1.0738898688389646,7,7,7,2889600,2912000,21,3200,2446400,687
EQREG_small_ac67e12ea97bc93a,MG1655,2508000,2511200,2509600.0,small,WIN_small_ac67e12ea97bc93a,1.0711111308108978,3200,0.35024721453822216,1.0711111308108978,shape,0.7422190923859839,1.4000031692358117,0.7422190923859839,1.0711111308108974,6,3,0,2504000,2512000,9,3200,2448800,688
EQREG_medium_4bd3f533b41bc138,MG1655,1778400,1784800,1781600.0,medium,WIN_medium_4bd3f533b41bc138,1.070316862567409,6400,0.04166135318930209,1.070316862567409,shape,1.2041199826559248,0.9365137424788934,0.9365137424788934,1.070316862567409,15,7,4,1769600,1787200,26,6400,2455200,689
EQREG_small_e68e2a61c1aa2b79,MG1655,4458000,4461200,4459600.0,small,WIN_small_e68e2a61c1aa2b79,1.0687688094245178,3200,0.6712802203859594,1.0687688094245178,shape,0.8218553353132602,1.3156822835357755,0.8218553353132602,1.0687688094245176,1,0,0,4458000,4461200,1,3200,2455200,690
EQREG_large_67afbe57d0a3e976,MG1655,1764800,1777600,1771200.0,large,WIN_large_67afbe57d0a3e976,1.0682017240669952,12800,0.1813085015763982,1.0682017240669952,shape,1.1702617153949577,0.9661417327390326,0.9661417327390326,1.068201724066995,16,8,3,1764800,1780800,27,12800,2461600,691
EQREG_small_766407f13c11f1b5,MG1655,1983600,1986800,1985200.0,small,WIN_small_766407f13c11f1b5,1.0664779806804527,3200,0.12893675023211348,1.0664779806804527,shape,0.8500661912214377,1.282889770139468,0.8500661912214377,1.0664779806804523,7,4,0,1982400,1991200,11,3200,2464800,692
EQREG_small_3f7fe76e6547f2b5,MG1655,118800,122000,120400.0,small,WIN_small_3f7fe76e6547f2b5,1.0659222443391005,3200,1.0659222443391005,0.3289177276454004,density,1.1256253683432702,1.006219120334931,1.006219120334931,1.0659222443391003,4,2,0,114400,122000,6,3200,2466400,693
EQREG_small_0211f4cbd0167ed2,MG1655,2464000,2467200,2465600.0,small,WIN_small_0211f4cbd0167ed2,1.0615009261626596,3200,0.3676405044174834,1.0615009261626596,shape,1.3897840040541256,0.7332178482711935,0.7332178482711935,1.0615009261626591,4,2,1,2454400,2467200,7,3200,2468000,694
EQREG_medium_349666190d736cf9,MG1655,2776000,2782400,2779200.0,medium,WIN_medium_349666190d736cf9,1.0614910864730098,6400,0.04166135318930209,1.0614910864730098,shape,1.0557001501981023,1.0672820227479174,1.0557001501981023,1.0614910864730094,15,7,3,2768000,2784800,25,6400,2474400,695
EQREG_medium_a23892c279fccae1,MG1655,2760000,2766400,2763200.0,medium,WIN_medium_a23892c279fccae1,1.0594925490861753,6400,0.096161104010065,1.0594925490861753,shape,1.0020152912353257,1.1169698069370246,1.0020152912353257,1.059492549086175,15,7,5,2755200,2774400,27,6400,2480800,696
EQREG_small_41c0a479fc2231eb,MG1655,4117600,4120800,4119200.0,small,WIN_small_41c0a479fc2231eb,1.059490289196197,3200,1.059490289196197,0.049895194075515056,density,1.0547695110797763,1.064211067312618,1.0547695110797763,1.059490289196197,4,2,1,4117600,4131200,7,3200,2482400,697
EQREG_small_273b56cf092ef4f3,MG1655,2410400,2413600,2412000.0,small,WIN_small_273b56cf092ef4f3,1.0585429967765652,3200,1.0585429967765652,0.09039082141941304,density,1.0938335339194187,1.0232524596337116,1.0232524596337116,1.0585429967765652,4,0,0,2409200,2413600,4,3200,2483600,698
EQREG_small_c7e234f0a2b83b92,MG1655,3802800,3806000,3804400.0,small,WIN_small_c7e234f0a2b83b92,1.0580326622503617,3200,1.0580326622503617,0.04760118930841882,density,1.1719941109146363,0.944071213586087,0.944071213586087,1.0580326622503615,1,0,0,3802800,3806000,1,3200,2483600,699
EQREG_medium_a8a91b5fc8233ec2,MG1655,2608000,2614400,2611200.0,medium,WIN_medium_a8a91b5fc8233ec2,1.0563025007672873,6400,0.04553988560752299,1.0563025007672873,shape,1.459392487759231,0.6532125137753437,0.6532125137753437,1.0563025007672873,15,6,0,2605600,2616000,21,6400,2490000,700
EQREG_small_bf085ef09cf49c86,MG1655,2818000,2821200,2819600.0,small,WIN_small_bf085ef09cf49c86,1.0525961469533804,3200,1.0525961469533804,0.16430990899902254,density,1.064211067312618,1.0409812265941432,1.0409812265941432,1.0525961469533804,4,2,0,2818000,2825600,6,3200,2491600,701
EQREG_small_2a4bedb6e66ca87d,MG1655,4251200,4254400,4252800.0,small,WIN_small_2a4bedb6e66ca87d,1.0525961469533804,3200,1.0525961469533804,0.14430782710625972,density,1.09897317357183,1.006219120334931,1.006219120334931,1.0525961469533804,1,0,0,4251200,4254400,1,3200,2491600,702
EQREG_small_9edfddf28aa5272b,MG1655,3242000,3245200,3243600.0,small,WIN_small_9edfddf28aa5272b,1.0525961469533804,3200,0.8002169917832092,1.0525961469533804,shape,0.9740344369635299,1.1311578569432312,0.9740344369635299,1.0525961469533804,6,3,1,3232000,3246000,10,3200,2494000,703
EQREG_small_c8d6776d9c0cc978,MG1655,3719600,3722800,3721200.0,small,WIN_small_c8d6776d9c0cc978,1.0510111235586272,3200,1.0510111235586272,0.049015656498840515,density,1.078769787483543,1.0232524596337116,1.0232524596337116,1.0510111235586272,7,7,4,3708800,3726400,18,3200,2497200,704
EQREG_small_91eda3d93814aa79,MG1655,1666000,1669200,1667600.0,small,WIN_small_91eda3d93814aa79,1.0503458963400423,3200,1.0503458963400423,0.05501066858739921,density,1.0364807253674666,1.064211067312618,1.0364807253674666,1.0503458963400425,7,8,1,1660800,1673600,16,3200,2500400,705
EQREG_small_feeeafac5cda3009,MG1655,192400,195600,194000.0,small,WIN_small_feeeafac5cda3009,1.0501246060340128,3200,1.0501246060340128,0.2617149586159756,density,1.0501246060340128,1.0501246060340128,1.0501246060340128,1.0501246060340128,4,2,0,188000,195600,6,3200,2502000,706
EQREG_small_42e2cf4f102026c7,MG1655,3766400,3769600,3768000.0,small,WIN_small_42e2cf4f102026c7,1.0499280926803736,3200,1.0499280926803736,0.03450085860083861,density,1.203708524091843,0.8961476612689041,0.8961476612689041,1.0499280926803731,4,2,0,3766400,3773600,6,3200,2503600,707
EQREG_small_e6b22825d5032056,MG1655,884800,888000,886400.0,small,WIN_small_e6b22825d5032056,1.049780824284799,3200,0.13760867971723995,1.049780824284799,shape,1.1481911962420115,0.9513704523275864,0.9513704523275864,1.0497808242847988,5,0,0,884400,889200,5,3200,2505600,708
EQREG_small_466a1257f9469e28,MG1655,2180400,2183600,2182000.0,small,WIN_small_466a1257f9469e28,1.0490459767444114,3200,0.1751371902841824,1.0490459767444114,shape,0.6430412179221056,1.4550507355667173,0.6430412179221056,1.049045976744411,7,4,0,2177600,2186400,11,3200,2508800,709
EQREG_small_1d616e928b3c454c,MG1655,3472800,3476000,3474400.0,small,WIN_small_1d616e928b3c454c,1.045552916314078,3200,1.045552916314078,0.24259501011110854,density,1.0409812265941432,1.0501246060340128,1.0409812265941432,1.045552916314078,4,2,0,3472800,3480000,6,3200,2510400,710
EQREG_small_4fb894f2d43943d0,MG1655,1736000,1739200,1737600.0,small,WIN_small_4fb894f2d43943d0,1.0436840440485247,3200,0.4447357348031104,1.0436840440485247,shape,1.1540207399027353,0.9333473481943139,0.9333473481943139,1.0436840440485244,7,6,3,1726400,1742400,16,3200,2513600,711
EQREG_small_1f6f0f40ead4da2b,MG1655,961200,964400,962800.0,small,WIN_small_1f6f0f40ead4da2b,1.0435409486621587,3200,1.0435409486621587,0.583690177739028,density,1.0594646322881562,1.0276172650361615,1.0276172650361615,1.0435409486621587,7,0,0,960000,965600,7,3200,2516000,712
EQREG_small_40138c96efbaaa07,MG1655,3338800,3342000,3340400.0,small,WIN_small_40138c96efbaaa07,1.042660604727494,3200,0.8178301139545214,1.042660604727494,shape,1.2524004479915676,0.8329207614634202,0.8329207614634202,1.0426606047274936,6,0,0,3338000,3343200,6,3200,2518000,713
EQREG_large_daf5ab9ce83f9076,MG1655,2948800,2961600,2955200.0,large,WIN_large_daf5ab9ce83f9076,1.0426254628433045,12800,0.12888697703131685,1.0426254628433045,shape,1.1702617153949577,0.9149892102916514,0.9149892102916514,1.0426254628433045,31,15,5,2945600,2964800,51,12800,2530800,714
EQREG_medium_168c6a8939fbfae9,MG1655,1726400,1732800,1729600.0,medium,WIN_medium_168c6a8939fbfae9,1.0417233863966806,6400,0.06378896231758407,1.0417233863966806,shape,0.7903857068006553,1.293061065992706,0.7903857068006553,1.0417233863966806,15,7,1,1724000,1737600,23,6400,2537200,715
EQREG_small_5aad49a2ea3ae221,MG1655,3259600,3262800,3261200.0,small,WIN_small_5aad49a2ea3ae221,1.0392913562684534,3200,0.8530799848696395,1.0392913562684534,shape,1.5918886954747253,0.8618844573987368,0.8618844573987368,1.039291356268453,4,2,1,3249600,3262800,7,3200,2538800,716
EQREG_small_dad44432f28c18cf,MG1655,1586800,1590000,1588400.0,small,WIN_small_dad44432f28c18cf,1.0387776191430402,3200,1.0387776191430402,0.07193232991921523,density,1.0455288543448638,1.0320263839412167,1.0320263839412167,1.0387776191430402,7,6,0,1582400,1592800,13,3200,2541600,717
EQREG_small_3eaea5cf19d500ca,MG1655,3256800,3260000,3258400.0,small,WIN_small_3eaea5cf19d500ca,1.0367809555809275,3200,0.43891534485017164,1.0367809555809275,shape,1.1147674407550618,0.9587944704067933,0.9587944704067933,1.0367809555809273,7,3,0,3252800,3261200,10,3200,2544400,718
EQREG_small_5468c2ed66af67e6,MG1655,2908400,2911600,2910000.0,small,WIN_small_5468c2ed66af67e6,1.0365730596905127,3200,1.0365730596905127,0.22893959830366772,density,1.0276172650361615,1.0455288543448638,1.0276172650361615,1.0365730596905127,6,3,0,2904000,2912400,9,3200,2546800,719
EQREG_small_7f89308378d861a6,MG1655,2050400,2053600,2052000.0,small,WIN_small_7f89308378d861a6,1.0352609877774381,3200,0.1422960542988072,1.0352609877774381,shape,1.1041743672576376,0.9663476082972389,0.9663476082972389,1.035260987777438,4,0,0,2050400,2054800,4,3200,2548000,720
EQREG_small_fef269312df9a305,MG1655,2805600,2808800,2807200.0,small,WIN_small_fef269312df9a305,1.0334782722816644,3200,0.6559005384831904,1.0334782722816644,shape,1.54613120491405,0.657764474742812,0.657764474742812,1.033478272281664,6,3,1,2796800,2809600,10,3200,2550400,721
EQREG_small_d51d8d654b102238,MG1655,93200,96400,94800.0,small,WIN_small_d51d8d654b102238,1.0326603909345347,3200,0.9583591923735416,1.0326603909345347,shape,0.8802376593796166,1.2239119101801301,0.8802376593796166,1.0326603909345344,3,0,0,93200,97200,3,3200,2551200,722
EQREG_small_da9191b2806c2274,MG1655,4272000,4275200,4273600.0,small,WIN_small_da9191b2806c2274,1.0321168431139276,3200,0.6513095167141929,1.0321168431139276,shape,0.944071213586087,1.120162472641768,0.944071213586087,1.0321168431139274,6,0,0,4270800,4276000,6,3200,2553600,723
EQREG_small_947420df880df500,MG1655,4389600,4392800,4391200.0,small,WIN_small_947420df880df500,1.032048995201814,3200,1.032048995201814,0.4022266089287394,density,1.0276172650361615,1.0364807253674666,1.0276172650361615,1.032048995201814,4,2,0,4389600,4396800,6,3200,2555200,724
EQREG_small_eada8c7017166bae,MG1655,3332400,3335600,3334000.0,small,WIN_small_eada8c7017166bae,1.0320263839412167,3200,1.0320263839412167,0.770731764070979,density,1.0320263839412167,1.0320263839412167,1.0320263839412167,1.0320263839412167,7,2,0,3330400,3337600,9,3200,2558400,725
EQREG_small_bc312c185c0bf7d6,MG1655,742800,746000,744400.0,small,WIN_small_bc312c185c0bf7d6,1.0313942226768371,3200,0.4879380376079977,1.0313942226768371,shape,0.7877240127261627,1.2750644326275113,0.7877240127261627,1.031394222676837,4,2,0,738400,746000,6,3200,2560000,726
EQREG_medium_0ee9b49adbe446f8,MG1655,590400,596800,593600.0,medium,WIN_medium_0ee9b49adbe446f8,1.0307262395435965,6400,0.033435970362799806,1.0307262395435965,shape,0.8573324964312684,1.2041199826559248,0.8573324964312684,1.0307262395435963,15,7,7,582400,604800,29,6400,2566400,727
EQREG_small_d59d2141460e8244,MG1655,3797200,3800400,3798800.0,small,WIN_small_d59d2141460e8244,1.030202647106147,3200,1.030202647106147,0.03918687579128728,density,1.2103391029908561,0.8500661912214377,0.8500661912214377,1.0302026471061467,6,0,0,3796000,3801200,6,3200,2568800,728
EQREG_small_91dfd15432089f13,MG1655,517600,520800,519200.0,small,WIN_small_91dfd15432089f13,1.0298665925005892,3200,0.3449212180632507,1.0298665925005892,shape,1.0364807253674666,1.0232524596337116,1.0232524596337116,1.0298665925005892,4,2,0,517600,524800,6,3200,2570400,729
EQREG_small_6c24c435269e5154,MG1655,3921600,3924800,3923200.0,small,WIN_small_6c24c435269e5154,1.0281718631844718,3200,1.0281718631844718,0.14595407932976767,density,1.0501246060340128,1.006219120334931,1.006219120334931,1.0281718631844718,4,2,0,3921600,3928800,6,3200,2572000,730
EQREG_small_686b3952eded7b82,MG1655,2494400,2497600,2496000.0,small,WIN_small_686b3952eded7b82,1.0277280714073735,3200,0.22572160460793325,1.0277280714073735,shape,0.8245953726792891,1.230860770135458,0.8245953726792891,1.027728071407373,4,2,0,2492800,2500000,6,3200,2573600,731
EQREG_small_6ed92fee427af700,MG1655,1873600,1876800,1875200.0,small,WIN_small_6ed92fee427af700,1.0275508083436913,3200,0.20424757420139322,1.0275508083436913,shape,0.9663476082972389,1.088754008390144,0.9663476082972389,1.0275508083436913,6,0,0,1872800,1878000,6,3200,2576000,732
EQREG_medium_8f127cd4c92d9ae7,MG1655,689600,696000,692800.0,medium,WIN_medium_8f127cd4c92d9ae7,1.025429702794885,6400,0.24460605948867764,1.025429702794885,shape,0.7164056544388383,1.3344537511509318,0.7164056544388383,1.0254297027948844,15,6,0,687200,697600,21,6400,2582400,733
EQREG_small_a902cf650549207c,MG1655,1013600,1016800,1015200.0,small,WIN_small_a902cf650549207c,1.0247341041924485,3200,0.501045302500031,1.0247341041924485,shape,0.7422190923859839,1.3072491159989128,0.7422190923859839,1.024734104192448,4,2,1,1003200,1016800,7,3200,2584000,734
EQREG_small_943af9b96b005340,MG1655,2281600,2284800,2283200.0,small,WIN_small_943af9b96b005340,1.0246466682174593,3200,0.3749198645029459,1.0246466682174593,shape,1.2908586998107434,0.7584346366241751,0.7584346366241751,1.0246466682174589,7,5,2,2279200,2294400,14,3200,2587200,735
EQREG_small_9ce07a162d2e6277,MG1655,25600,28800,27200.0,small,WIN_small_9ce07a162d2e6277,1.024035600201477,3200,0.6921664179250546,1.024035600201477,shape,1.0501246060340128,0.9979465943689413,0.9979465943689413,1.024035600201477,7,7,5,19200,38400,19,3200,2590400,736
EQREG_small_7f817e6c878db705,MG1655,3038400,3041600,3040000.0,small,WIN_small_7f817e6c878db705,1.018931085851069,3200,1.018931085851069,0.06094123468574993,density,1.018931085851069,1.018931085851069,1.018931085851069,1.018931085851069,1,0,0,3038400,3041600,1,3200,2590400,737
EQREG_small_ec8d51225d666156,MG1655,710000,713200,711600.0,small,WIN_small_ec8d51225d666156,1.0169181926855462,3200,1.0169181926855462,0.059116767398432885,density,1.0276172650361615,1.006219120334931,1.006219120334931,1.0169181926855462,5,3,1,709600,723200,9,3200,2592400,738
EQREG_small_9671deba5d466fa5,MG1655,2550000,2553200,2551600.0,small,WIN_small_9671deba5d466fa5,1.0167495346258433,3200,0.2889060316935408,1.0167495346258433,shape,0.6730044412995486,1.360494627952138,0.6730044412995486,1.016749534625843,7,4,2,2548800,2563200,13,3200,2595600,739
EQREG_small_fc41e42f6ba03e43,MG1655,2275600,2278800,2277200.0,small,WIN_small_fc41e42f6ba03e43,1.0164126109881155,3200,0.3461213873814698,1.0164126109881155,shape,0.944071213586087,1.088754008390144,0.944071213586087,1.016412610988115,3,0,0,2274800,2278800,3,3200,2596400,740
EQREG_small_e6821710008f9f2b,MG1655,1875600,1878800,1877200.0,small,WIN_small_e6821710008f9f2b,1.0154049653704527,3200,0.29578736629275815,1.0154049653704527,shape,1.2170724856498245,0.8137374450910807,0.8137374450910807,1.0154049653704524,2,0,0,1875200,1878800,2,3200,2596800,741
EQREG_small_df247e2e24becb10,MG1655,2626400,2629600,2628000.0,small,WIN_small_df247e2e24becb10,1.011030151068037,3200,0.2196000242470476,1.011030151068037,shape,1.1719941109146363,0.8500661912214377,0.8500661912214377,1.0110301510680368,7,3,2,2625200,2640000,12,3200,2599600,742
EQREG_small_52503dbef4a48a6b,MG1655,116000,119200,117600.0,small,WIN_small_52503dbef4a48a6b,1.0101084286217406,3200,0.40905228028220914,1.0101084286217406,shape,1.2170724856498245,0.8031443715936565,0.8031443715936565,1.0101084286217403,7,2,0,112800,120400,9,3200,2602400,743
EQREG_small_17998e6db84adf95,MG1655,2560400,2563600,2562000.0,small,WIN_small_17998e6db84adf95,1.0097816456541968,3200,1.0097816456541968,0.05834739691413162,density,0.9740344369635299,1.0455288543448638,0.9740344369635299,1.0097816456541968,6,3,0,2556000,2564400,9,3200,2604800,744
EQREG_medium_f3e600a343f43060,MG1655,419200,425600,422400.0,medium,WIN_medium_f3e600a343f43060,1.0088147441518591,6400,0.22135364016415654,1.0088147441518591,shape,0.8872957198087118,1.1303337684950066,0.8872957198087118,1.008814744151859,8,4,1,416000,428800,13,6400,2608000,745
EQREG_small_34aee0dbed47015f,MG1655,426000,429200,427600.0,small,WIN_small_34aee0dbed47015f,1.008438840110005,3200,1.008438840110005,0.05477051534728976,density,0.9979465943689413,1.018931085851069,0.9979465943689413,1.008438840110005,4,1,0,422400,429200,5,3200,2609600,746
EQREG_small_71457e18105fa324,MG1655,511200,514400,512800.0,small,WIN_small_71457e18105fa324,1.0083577242177837,3200,0.12188166989802723,1.0083577242177837,shape,1.0020631605637733,1.0146522878717938,1.0020631605637733,1.0083577242177837,7,6,0,507200,517600,13,3200,2612800,747
EQREG_small_2000c6feec2ef371,MG1655,1194400,1197600,1196000.0,small,WIN_small_2000c6feec2ef371,1.0083577242177837,3200,0.2587684131170124,1.0083577242177837,shape,0.9228819145161489,1.0938335339194187,0.9228819145161489,1.0083577242177837,3,0,0,1194400,1198400,3,3200,2613600,748
EQREG_small_bd11589198ff20c2,MG1655,21600,24800,23200.0,small,WIN_small_bd11589198ff20c2,1.0065405818902367,3200,0.6711385816212122,1.0065405818902367,shape,0.864889967538462,1.1481911962420115,0.864889967538462,1.0065405818902369,7,4,0,18400,27200,11,3200,2616800,749
EQREG_small_d5cbb257ee4cf9c9,MG1655,1755200,1758400,1756800.0,small,WIN_small_d5cbb257ee4cf9c9,1.0052575811654982,3200,1.0052575811654982,0.16155335955684963,density,0.9740344369635299,1.0364807253674666,0.9740344369635299,1.0052575811654982,7,6,1,1751200,1764800,14,3200,2620000,750
EQREG_small_fbe888535e3e14a7,MG1655,4111200,4114400,4112800.0,small,WIN_small_fbe888535e3e14a7,1.0049779323941357,3200,0.470872376314449,1.0049779323941357,shape,0.5549051292215542,1.4550507355667173,0.5549051292215542,1.0049779323941352,4,2,1,4100800,4114400,7,3200,2621600,751
EQREG_small_16e240782ad75279,MG1655,698800,702000,700400.0,small,WIN_small_16e240782ad75279,1.004738519755824,3200,1.004738519755824,0.19948664860303916,density,0.9404670893172616,1.0690099501943866,0.9404670893172616,1.004738519755824,4,0,0,697600,702000,4,3200,2622800,752
EQREG_small_14aaff3ffe7d3d93,MG1655,2558800,2562000,2560400.0,small,WIN_small_14aaff3ffe7d3d93,1.003664417445691,3200,0.37735277015657986,1.003664417445691,shape,0.864889967538462,1.1424388673529202,0.864889967538462,1.003664417445691,4,2,0,2554400,2562000,6,3200,2624400,753
EQREG_small_a3d091cb3f896fb8,MG1655,4348400,4351600,4350000.0,small,WIN_small_a3d091cb3f896fb8,1.0030304104523733,3200,0.5219016709414752,1.0030304104523733,shape,0.9740344369635299,1.0320263839412167,0.9740344369635299,1.0030304104523733,7,8,4,4344000,4361600,19,3200,2627600,754
EQREG_small_1301dd22ac82c56d,MG1655,3826800,3830000,3828400.0,small,WIN_small_1301dd22ac82c56d,1.0027931342594496,3200,0.5461698122998653,1.0027931342594496,shape,1.4104686029139766,0.5951176656049227,0.5951176656049227,1.0027931342594494,7,8,8,3816000,3840000,23,3200,2630800,755
EQREG_small_a74685a978b3db68,MG1655,954800,958000,956400.0,small,WIN_small_a74685a978b3db68,1.0023982491879937,3200,0.26638204159949774,1.0023982491879937,shape,0.9160424899858434,1.088754008390144,0.9160424899858434,1.0023982491879937,2,0,0,954400,958000,2,3200,2631200,756
EQREG_small_8e20acde35e0bd4c,MG1655,3821200,3824400,3822800.0,small,WIN_small_8e20acde35e0bd4c,1.0003954301632778,3200,1.0003954301632778,0.6624089674401872,density,0.9818597744754868,1.018931085851069,0.9818597744754868,1.0003954301632776,7,7,3,3811200,3828000,17,3200,2634400,757
EQREG_small_9d03cd3138eed04e,MG1655,4582000,4585200,4583600.0,small,WIN_small_9d03cd3138eed04e,0.9980239122408467,3200,0.6792384254466933,0.9980239122408467,shape,1.3072491159989128,0.7136222922078127,0.7136222922078127,0.9980239122408464,4,2,1,4571200,4585200,7,3200,2636000,758
EQREG_medium_3f4c35c8571a5422,MG1655,3018400,3024800,3021600.0,medium,WIN_medium_3f4c35c8571a5422,0.9978280695440065,6400,0.04442056745412484,0.9978280695440065,shape,1.1730857489159563,0.8225703901720567,0.8225703901720567,0.9978280695440064,10,5,0,3016000,3025600,15,6400,2640000,759
EQREG_small_b4e31a6a1b0a965e,MG1655,1198800,1202000,1200400.0,small,WIN_small_b4e31a6a1b0a965e,0.997676198410021,3200,0.19950962825945442,0.997676198410021,shape,1.1481911962420115,0.8471612005780305,0.8471612005780305,0.9976761984100208,5,3,0,1198400,1206400,8,3200,2642000,760
EQREG_medium_b7cb262481f3391a,MG1655,2501600,2508000,2504800.0,medium,WIN_medium_b7cb262481f3391a,0.9951945616308744,6400,0.09102961244678817,0.9951945616308744,shape,1.3802112417116068,0.610177881550142,0.610177881550142,0.995194561630874,15,4,0,2500400,2509600,19,6400,2648000,761
EQREG_small_20248286b587b774,MG1655,2140800,2144000,2142400.0,small,WIN_small_20248286b587b774,0.994039447405209,3200,0.994039447405209,0.048775933351167006,density,0.9818597744754868,1.006219120334931,0.9818597744754868,0.9940394474052088,1,0,0,2140800,2144000,1,3200,2648000,762
EQREG_small_4336ee44101c082d,MG1655,2718400,2721600,2720000.0,small,WIN_small_4336ee44101c082d,0.994039447405209,3200,0.994039447405209,0.07156066994591606,density,0.9818597744754868,1.006219120334931,0.9818597744754868,0.9940394474052088,4,0,0,2717200,2721600,4,3200,2649200,763
EQREG_small_17c899c8dfdc2230,MG1655,319200,322400,320800.0,small,WIN_small_17c899c8dfdc2230,0.9908363497644247,3200,0.9908363497644247,0.051977602329132566,density,1.0690099501943866,0.9126627493344628,0.9126627493344628,0.9908363497644246,4,0,0,318000,322400,4,3200,2650400,764
EQREG_small_e4a932d91c055bc8,MG1655,582000,585200,583600.0,small,WIN_small_e4a932d91c055bc8,0.9902759694767769,3200,0.21257290757205857,0.9902759694767769,shape,0.7354507297034855,1.2451012092500682,0.7354507297034855,0.9902759694767768,7,8,7,571200,593600,22,3200,2653600,765
EQREG_large_16e47b78601922d2,MG1655,2417600,2430400,2424000.0,large,WIN_large_16e47b78601922d2,0.9893977973861612,12800,0.17244411809618243,0.9893977973861612,shape,1.1702617153949577,0.8085338793773645,0.8085338793773645,0.989397797386161,31,15,6,2414400,2435200,52,12800,2666400,766
EQREG_medium_52a6f3b4e083e8ee,MG1655,2604800,2611200,2608000.0,medium,WIN_medium_52a6f3b4e083e8ee,0.9878101726481032,6400,0.040556189920104915,0.9878101726481032,shape,0.4862646341595322,1.4893557111366742,0.4862646341595322,0.9878101726481032,1,1,0,2604800,2611200,2,6400,2666400,767
EQREG_small_b574c2efad33aa18,MG1655,886800,890000,888400.0,small,WIN_small_b574c2efad33aa18,0.9871642873942287,3200,0.2390835296753032,0.9871642873942287,shape,1.466949958866425,0.5073786159220324,0.5073786159220324,0.9871642873942283,2,0,0,886400,890000,2,3200,2666800,768
EQREG_small_7382268fb7dab6fe,MG1655,3704000,3707200,3705600.0,small,WIN_small_7382268fb7dab6fe,0.9859356504852596,3200,0.9859356504852596,0.05761126543030309,density,0.9263424466256553,1.0455288543448638,0.9263424466256553,0.9859356504852594,4,2,0,3700000,3707200,6,3200,2668400,769
EQREG_small_78d11eab5e673ddc,MG1655,2754800,2758000,2756400.0,small,WIN_small_78d11eab5e673ddc,0.9858442393111242,3200,0.9858442393111242,0.03425903708603978,density,0.9818597744754868,0.9898287041467617,0.9818597744754868,0.985844239311124,4,2,0,2754800,2762400,6,3200,2670000,770
EQREG_small_9610df8a60624148,MG1655,2384400,2387600,2386000.0,small,WIN_small_9610df8a60624148,0.9836618366098995,3200,0.42669016045648067,0.9836618366098995,shape,1.4211924683057497,0.5461312049140491,0.5461312049140491,0.983661836609899,5,0,0,2384000,2388800,5,3200,2672000,771
EQREG_small_0527533056181a8d,MG1655,2858800,2862000,2860400.0,small,WIN_small_0527533056181a8d,0.9828490574665305,3200,0.2014392798613853,0.9828490574665305,shape,0.8057685154198053,1.1599295995132557,0.8057685154198053,0.9828490574665304,7,8,5,2848000,2867200,20,3200,2675200,772
EQREG_small_8e68af5e47a26930,MG1655,1710800,1714000,1712400.0,small,WIN_small_8e68af5e47a26930,0.9825427975662449,3200,0.510085946543416,0.9825427975662449,shape,1.4550507355667173,0.5100348595657724,0.5100348595657724,0.9825427975662444,2,0,0,1710400,1714000,2,3200,2675600,773
EQREG_small_da129dad9fa7be05,MG1655,644400,647600,646000.0,small,WIN_small_da129dad9fa7be05,0.9822549469975626,3200,0.06780691531144736,0.9822549469975626,shape,0.7265872693721803,1.2379226246229447,0.7265872693721803,0.9822549469975624,7,8,6,633600,654400,21,3200,2678800,774
EQREG_medium_4fb50faf5499587f,MG1655,528000,534400,531200.0,medium,WIN_medium_4fb50faf5499587f,0.9814150574958933,6400,0.11762882790098123,0.9814150574958933,shape,1.356730145862084,0.6060999691297027,0.6060999691297027,0.9814150574958928,14,5,0,527200,536800,19,6400,2684400,775
EQREG_small_78883bea450b61cf,MG1655,54000,57200,55600.0,small,WIN_small_78883bea450b61cf,0.9801081451228704,3200,0.9801081451228704,0.20424857368468835,density,0.9938686819485018,0.9663476082972389,0.9663476082972389,0.9801081451228704,1,0,0,54000,57200,1,3200,2684400,776
EQREG_small_f9f60a5ff56389d5,MG1655,4375600,4378800,4377200.0,small,WIN_small_f9f60a5ff56389d5,0.9799301993283095,3200,0.8192088312271159,0.9799301993283095,shape,1.5760944282914935,0.8110648552297538,0.8110648552297538,0.9799301993283088,5,0,0,4374400,4379200,5,3200,2686000,777
EQREG_small_bd5104a5def08aba,MG1655,4382400,4385600,4384000.0,small,WIN_small_bd5104a5def08aba,0.9798590618203995,3200,0.4903692658223371,0.9798590618203995,shape,0.8709641152506552,1.088754008390144,0.8709641152506552,0.9798590618203992,7,4,0,4380800,4389600,11,3200,2689200,778
EQREG_small_ec2113b59f203cf6,MG1655,1382800,1386000,1384400.0,small,WIN_small_ec2113b59f203cf6,0.979308534887245,3200,0.12291625482248739,0.979308534887245,shape,1.2989765900329229,0.6596404797415671,0.6596404797415671,0.9793085348872448,7,6,3,1372800,1388800,16,3200,2692400,779
EQREG_small_171d07ba8b0edc37,MG1655,1654400,1657600,1656000.0,small,WIN_small_171d07ba8b0edc37,0.9790958018396633,3200,0.3509286266740086,0.9790958018396633,shape,1.2673776039612203,0.6908139997181062,0.6908139997181062,0.9790958018396632,6,5,2,1644800,1660000,13,3200,2694800,780
EQREG_small_4f13d391aff1e719,MG1655,3315200,3318400,3316800.0,small,WIN_small_4f13d391aff1e719,0.9779118574050163,3200,0.9779118574050163,0.06185237518525158,density,0.9368926289589635,1.018931085851069,0.9368926289589635,0.977911857405016,7,6,0,3311200,3321600,13,3200,2698000,781
EQREG_small_ca1b027022239b29,MG1655,2440800,2444000,2442400.0,small,WIN_small_ca1b027022239b29,0.9760168953128894,3200,0.9760168953128894,0.03536566227498289,density,0.9818597744754868,0.9701740161502921,0.9701740161502921,0.9760168953128892,1,0,0,2440800,2444000,1,3200,2698000,782
EQREG_small_c41bfebfad309c0e,MG1655,434800,438000,436400.0,small,WIN_small_c41bfebfad309c0e,0.9743115872767776,3200,0.7110082783769871,0.9743115872767776,shape,0.864889967538462,1.0837332070150931,0.864889967538462,0.9743115872767774,7,2,0,432800,440000,9,3200,2701200,783
EQREG_small_cd59318fc50aa673,MG1655,3834400,3837600,3836000.0,small,WIN_small_cd59318fc50aa673,0.9733776192092181,3200,0.2551791208034506,0.9733776192092181,shape,0.6558965386076927,1.2908586998107434,0.6558965386076927,0.9733776192092176,7,7,3,3828800,3844800,17,3200,2704400,784
EQREG_small_4f3f64f63bff221f,MG1655,1159600,1162800,1161200.0,small,WIN_small_4f3f64f63bff221f,0.9726195671380441,3200,0.4969189526022365,0.9726195671380441,shape,0.9938686819485018,0.9513704523275864,0.9513704523275864,0.972619567138044,1,0,0,1159600,1162800,1,3200,2704400,785
EQREG_small_733a086cee822e4c,MG1655,2523600,2526800,2525200.0,small,WIN_small_733a086cee822e4c,0.9725679780090859,3200,0.11889923573379828,0.9725679780090859,shape,0.7852063565049161,1.1599295995132557,0.7852063565049161,0.9725679780090858,7,7,0,2520000,2531200,14,3200,2707600,786
EQREG_small_3524003dcde469bc,MG1655,2548400,2551600,2550000.0,small,WIN_small_3524003dcde469bc,0.972447651017156,3200,0.35627907040182544,0.972447651017156,shape,0.8301278612792501,1.1147674407550618,0.8301278612792501,0.9724476510171558,1,0,0,2548400,2551600,1,3200,2707600,787
EQREG_small_b362f9399804d74d,MG1655,4406800,4410000,4408400.0,small,WIN_small_b362f9399804d74d,0.9715045375788292,3200,0.6879347447595459,0.9715045375788292,shape,0.6768994851830729,1.4550507355667173,0.6768994851830729,0.9715045375788288,5,3,0,4406400,4414400,8,3200,2709600,788
EQREG_small_7322da732d3b06a5,MG1655,3374400,3377600,3376000.0,small,WIN_small_7322da732d3b06a5,0.970446279790319,3200,0.970446279790319,0.040537536800337504,density,0.9550665978875502,0.9858259616930879,0.9550665978875502,0.9704462797903188,4,2,1,3364800,3377600,7,3200,2711200,789
EQREG_small_0cbb7d43b610ab21,MG1655,4158000,4161200,4159600.0,small,WIN_small_0cbb7d43b610ab21,0.9696135482038257,3200,0.5894892540338399,0.9696135482038257,shape,1.1540207399027353,0.7852063565049161,0.7852063565049161,0.9696135482038256,7,4,2,4147200,4162400,13,3200,2714000,790
EQREG_small_50ef3f8cdffba3a0,MG1655,180800,184000,182400.0,small,WIN_small_50ef3f8cdffba3a0,0.968648861473679,3200,0.968648861473679,0.051112811754849205,density,0.8005359884861283,1.1367617344612297,0.8005359884861283,0.9686488614736788,4,2,0,176800,184000,6,3200,2715600,791
EQREG_small_cec1fd2bf1585baa,MG1655,1384400,1387600,1386000.0,small,WIN_small_cec1fd2bf1585baa,0.9677052543790436,3200,0.17388561770728023,0.9677052543790436,shape,1.0020631605637733,0.9333473481943139,0.9333473481943139,0.9677052543790434,4,0,0,1384400,1388800,4,3200,2716800,792
EQREG_small_fb0d3e0341dcbd36,MG1655,3081200,3084400,3082800.0,small,WIN_small_fb0d3e0341dcbd36,0.9673524561845392,3200,0.511369098654837,0.9673524561845392,shape,0.8559351248855356,1.078769787483543,0.8559351248855356,0.9673524561845392,7,8,5,3073600,3092800,20,3200,2720000,793
EQREG_small_bb9e46986604451d,MG1655,3877200,3880400,3878800.0,small,WIN_small_bb9e46986604451d,0.9671511142684439,3200,0.745644757070675,0.9671511142684439,shape,0.8031443715936565,1.1311578569432312,0.8031443715936565,0.9671511142684436,5,0,0,3876800,3881600,5,3200,2722000,794
EQREG_small_36a1b4e932835da8,MG1655,2750400,2753600,2752000.0,small,WIN_small_36a1b4e932835da8,0.9639547770218306,3200,0.5188714908265177,0.9639547770218306,shape,0.8588996038492746,1.0690099501943866,0.8588996038492746,0.9639547770218304,5,0,0,2750000,2754800,5,3200,2723600,795
EQREG_small_f04fce428f861dbe,MG1655,1744400,1747600,1746000.0,small,WIN_small_f04fce428f861dbe,0.963162990398154,3200,0.5632952193039957,0.963162990398154,shape,0.8273528072244779,1.09897317357183,0.8273528072244779,0.9631629903981538,7,4,0,1742400,1751200,11,3200,2726800,796
EQREG_small_3fe2667106d502bb,MG1655,1861600,1864800,1863200.0,small,WIN_small_3fe2667106d502bb,0.9629654940307869,3200,0.9629654940307869,0.06856619038145512,density,0.9818597744754868,0.944071213586087,0.944071213586087,0.9629654940307866,6,1,0,1859200,1865600,7,3200,2729200,797
EQREG_small_67dfdbadf40c4365,MG1655,3065200,3068400,3066800.0,small,WIN_small_67dfdbadf40c4365,0.9629654940307867,3200,0.2610505035989481,0.9629654940307867,shape,0.8057685154198053,1.120162472641768,0.8057685154198053,0.9629654940307866,4,2,0,3060800,3068400,6,3200,2730800,798
EQREG_small_ee245724d69ac553,MG1655,757600,760800,759200.0,small,WIN_small_ee245724d69ac553,0.9628174895441176,3200,0.5217937974179344,0.9628174895441176,shape,0.6099526955524597,1.3156822835357755,0.6099526955524597,0.9628174895441174,4,0,0,757600,762000,4,3200,2732000,799
EQREG_small_18a589b2992417af,MG1655,923600,926800,925200.0,small,WIN_small_18a589b2992417af,0.9624561249145083,3200,0.9624561249145083,0.32785553455587657,density,1.018931085851069,0.9059811639779475,0.9059811639779475,0.962456124914508,4,1,0,923600,930400,5,3200,2733600,800
EQREG_small_23cbe10b8943531c,MG1655,1531600,1534800,1533200.0,small,WIN_small_23cbe10b8943531c,0.9613429666242135,3200,0.0083121098407749,0.9613429666242135,shape,0.417947413492602,1.504738519755825,0.417947413492602,0.961342966624213,7,8,5,1526400,1545600,20,3200,2736800,801
EQREG_small_3d440b6aa4a65db4,MG1655,3923600,3926800,3925200.0,small,WIN_small_3d440b6aa4a65db4,0.9598297393091192,3200,0.7157564217204986,0.9598297393091192,shape,1.0547695110797763,0.864889967538462,0.864889967538462,0.9598297393091192,5,3,0,3923200,3931200,8,3200,2738800,802
EQREG_small_6d701078489dd108,MG1655,3558800,3562000,3560400.0,small,WIN_small_6d701078489dd108,0.9590528252748087,3200,0.5067296627118826,0.9590528252748087,shape,0.5034244658579927,1.4791844152834368,0.5034244658579927,0.9590528252748082,4,0,0,3557600,3562000,4,3200,2740400,803
EQREG_medium_956dd9b0dc45ad45,MG1655,2675200,2681600,2678400.0,medium,WIN_medium_956dd9b0dc45ad45,0.958237446520194,6400,0.04553414548920438,0.958237446520194,shape,1.1730857489159563,0.7433891441244318,0.7433891441244318,0.958237446520194,15,7,5,2667200,2686400,27,6400,2746800,804
EQREG_small_d77536eaa56d2f7a,MG1655,4571200,4574400,4572800.0,small,WIN_small_d77536eaa56d2f7a,0.957699878586846,3200,0.5850280661945408,0.957699878586846,shape,0.8833733732324752,1.0320263839412167,0.8833733732324752,0.9576998785868458,7,6,4,4564800,4582400,17,3200,2750000,805
EQREG_small_cd9f8d4da231942d,MG1655,1681600,1684800,1683200.0,small,WIN_small_cd9f8d4da231942d,0.9565468816782006,3200,0.6205428132085804,0.9565468816782006,shape,1.203708524091843,0.7093852392645581,0.7093852392645581,0.9565468816782003,4,1,0,1681600,1688000,5,3200,2751600,806
EQREG_small_2be41808f74e2811,MG1655,1706800,1710000,1708400.0,small,WIN_small_2be41808f74e2811,0.9532185251075682,3200,0.21318859808110469,0.9532185251075682,shape,0.6540366022235687,1.2524004479915676,0.6540366022235687,0.953218525107568,3,0,0,1706400,1710400,3,3200,2752400,807
EQREG_medium_266652e715d63616,MG1655,716000,722400,719200.0,medium,WIN_medium_266652e715d63616,0.9527397543694625,6400,0.10979170460156745,0.9527397543694625,shape,1.1730857489159563,0.7323937598229687,0.7323937598229687,0.9527397543694622,15,7,3,712000,728000,25,6400,2758800,808
EQREG_small_4db617a599abe542,MG1655,777600,780800,779200.0,small,WIN_small_4db617a599abe542,0.9519326057175033,3200,0.9519326057175033,0.4855081771680873,density,0.9740344369635299,0.9298307744714767,0.9298307744714767,0.951932605717503,6,2,0,776800,784000,8,3200,2761200,809
EQREG_small_69e7ef9533bcb2a5,MG1655,4069600,4072800,4071200.0,small,WIN_small_69e7ef9533bcb2a5,0.9510743459496198,3200,0.38235638418527845,0.9510743459496198,shape,0.7422190923859839,1.1599295995132557,0.7422190923859839,0.9510743459496196,7,7,1,4064000,4076800,15,3200,2764400,810
EQREG_medium_2ae6ad29b71e86e8,MG1655,2574400,2580800,2577600.0,medium,WIN_medium_2ae6ad29b71e86e8,0.9508758181098409,6400,0.10979170460156745,0.9508758181098409,shape,1.15836249209525,0.7433891441244318,0.7433891441244318,0.9508758181098408,8,4,4,2566400,2584000,16,6400,2767600,811
EQREG_small_12c5e68a2864d7b3,MG1655,4078400,4081600,4080000.0,small,WIN_small_12c5e68a2864d7b3,0.9499714030549333,3200,0.9499714030549333,0.0663640711927033,density,1.0320263839412167,0.8679164221686498,0.8679164221686498,0.9499714030549332,4,1,0,4076800,4083200,5,3200,2769200,812
EQREG_small_bee4ebf14143706e,MG1655,3717600,3720800,3719200.0,small,WIN_small_bee4ebf14143706e,0.9496307798620275,3200,0.9496307798620275,0.13320726832840618,density,0.9587944704067933,0.9404670893172616,0.9404670893172616,0.9496307798620272,5,2,0,3713600,3721200,7,3200,2771200,813
EQREG_small_9792aef5e17c70d4,MG1655,134400,137600,136000.0,small,WIN_small_9792aef5e17c70d4,0.9492289128340439,3200,0.3444527232947868,0.9492289128340439,shape,0.8245953726792891,1.0738624529887988,0.8245953726792891,0.949228912834044,7,7,3,129600,145600,17,3200,2774400,814
EQREG_medium_2fc2677b2521db1c,MG1655,2851200,2857600,2854400.0,medium,WIN_medium_2fc2677b2521db1c,0.9475605286603341,6400,0.04553414548920438,0.9475605286603341,shape,0.9920310703287248,0.9030899869919435,0.9030899869919435,0.947560528660334,15,7,3,2843200,2860000,25,6400,2780800,815
EQREG_large_3d2c5b1f8523af91,MG1655,1275200,1288000,1281600.0,large,WIN_large_3d2c5b1f8523af91,0.946682699723848,12800,0.12500924468293573,0.946682699723848,shape,1.1702617153949577,0.7231036840527382,0.7231036840527382,0.9466826997238478,29,10,1,1274800,1289200,40,12800,2792000,816
EQREG_small_41a15ac61a0f254a,MG1655,4007200,4010400,4008800.0,small,WIN_small_41a15ac61a0f254a,0.9466042349560592,3200,0.6634542476145613,0.9466042349560592,shape,0.6691440204863107,1.3897840040541256,0.6691440204863107,0.9466042349560588,7,5,0,4004800,4014400,12,3200,2795200,817
EQREG_small_51bd58c86ffba4bf,MG1655,1292000,1295200,1293600.0,small,WIN_small_51bd58c86ffba4bf,0.9450081716087029,3200,0.9450081716087029,0.05406966296604947,density,0.9938686819485018,0.8961476612689041,0.8961476612689041,0.9450081716087028,4,0,0,1290800,1295200,4,3200,2796400,818
EQREG_small_e56db8ad8f961022,MG1655,1913200,1916400,1914800.0,small,WIN_small_e56db8ad8f961022,0.9433485931489963,3200,0.9433485931489963,0.6231586440919283,density,0.9740344369635299,0.9126627493344628,0.9126627493344628,0.9433485931489962,5,0,0,1912800,1917600,5,3200,2798000,819
EQREG_small_5c0d4de43e781df5,MG1655,4358400,4361600,4360000.0,small,WIN_small_5c0d4de43e781df5,0.9418209629727485,3200,0.9418209629727485,0.060412097502062875,density,1.0364807253674666,0.8471612005780305,0.8471612005780305,0.9418209629727484,7,5,1,4350400,4364000,13,3200,2801200,820
EQREG_small_d8c15dcdaeff0d98,MG1655,1855600,1858800,1857200.0,small,WIN_small_d8c15dcdaeff0d98,0.9413736976427336,3200,0.29979678759852574,0.9413736976427336,shape,0.8137374450910807,1.0690099501943866,0.8137374450910807,0.9413736976427336,1,0,0,1855600,1858800,1,3200,2801200,821
EQREG_large_df28d218eaa17b07,MG1655,4552000,4564800,4558400.0,large,WIN_large_df28d218eaa17b07,0.9405654715153422,12800,0.1388579488088777,0.9405654715153422,shape,1.2671717284030142,0.6139592146276702,0.6139592146276702,0.940565471515342,16,8,4,4547200,4564800,28,12800,2807600,822
EQREG_small_2a14cf84859f19f3,MG1655,3516800,3520000,3518400.0,small,WIN_small_2a14cf84859f19f3,0.9404819212725253,3200,0.9404819212725253,0.11459143782603948,density,0.9368926289589635,0.944071213586087,0.9368926289589635,0.940481921272525,4,2,0,3516800,3524000,6,3200,2809200,823
EQREG_small_778e67a5fe86befc,MG1655,1804400,1807600,1806000.0,small,WIN_small_778e67a5fe86befc,0.9395199452121674,3200,0.48037177280000043,0.9395199452121674,shape,0.7852063565049161,1.0938335339194187,0.7852063565049161,0.9395199452121674,4,0,0,1804000,1808400,4,3200,2810400,824
EQREG_small_d90a1c4cb05d9cad,MG1655,3390400,3393600,3392000.0,small,WIN_small_d90a1c4cb05d9cad,0.9390921268742791,3200,0.6890967829852492,0.9390921268742791,shape,1.2989765900329229,0.7051891246709499,0.7051891246709499,0.9390921268742788,5,2,0,3386400,3394000,7,3200,2812400,825
EQREG_small_350bcc1666eb712b,MG1655,2212000,2215200,2213600.0,small,WIN_small_350bcc1666eb712b,0.9386798591381126,3200,0.9386798591381126,0.34987261438954076,density,0.9368926289589635,0.9404670893172616,0.9368926289589635,0.9386798591381122,7,7,3,2206400,2222400,17,3200,2815600,826
EQREG_small_97efa26896f5a909,MG1655,2891600,2894800,2893200.0,small,WIN_small_97efa26896f5a909,0.9376379612711858,3200,0.12427263776511341,0.9376379612711858,shape,0.8110648552297538,1.064211067312618,0.8110648552297538,0.9376379612711858,7,8,2,2886400,2900800,17,3200,2818800,827
EQREG_small_3ec46a09ac879386,MG1655,3818400,3821600,3820000.0,small,WIN_small_3ec46a09ac879386,0.9375208770917898,3200,0.47277440810396515,0.9375208770917898,shape,0.8385610288161128,1.0364807253674666,0.8385610288161128,0.9375208770917896,7,3,2,3808000,3822800,12,3200,2821600,828
EQREG_small_a2600c8f47cb5017,MG1655,1139200,1142400,1140800.0,small,WIN_small_a2600c8f47cb5017,0.9373892328070962,3200,0.9373892328070962,0.13018778982182946,density,0.9818597744754868,0.8929186911387056,0.8929186911387056,0.937389232807096,1,0,0,1139200,1142400,1,3200,2821600,829
EQREG_small_54b796d7c541b0b9,MG1655,2594800,2598000,2596400.0,small,WIN_small_54b796d7c541b0b9,0.9367759458605343,3200,0.5682873297572961,0.9367759458605343,shape,0.6828083447935931,1.1907435469274754,0.6828083447935931,0.936775945860534,6,3,2,2584000,2598800,11,3200,2824000,830
EQREG_small_5ef6d16443d55ccd,MG1655,50800,54000,52400.0,small,WIN_small_5ef6d16443d55ccd,0.9344986385362533,3200,0.9344986385362533,0.15633295928513677,density,0.8500661912214377,1.018931085851069,0.8500661912214377,0.9344986385362531,4,0,0,49600,54000,4,3200,2825200,831
EQREG_small_2201b110a4506eeb,MG1655,3003600,3006800,3005200.0,small,WIN_small_2201b110a4506eeb,0.9341958334763958,3200,0.9341958334763958,0.06831618845106599,density,0.9818597744754868,0.8865318924773049,0.8865318924773049,0.9341958334763956,7,8,6,2993600,3014400,21,3200,2828400,832
EQREG_small_359b8241b68b8442,MG1655,1392800,1396000,1394400.0,small,WIN_small_359b8241b68b8442,0.9329315082687956,3200,0.9329315082687956,0.0607006282999679,density,0.9979465943689413,0.8679164221686498,0.8679164221686498,0.9329315082687956,6,1,0,1392000,1398400,7,3200,2830800,833
EQREG_medium_d1614b03c8c7c486,MG1655,2880000,2886400,2883200.0,medium,WIN_medium_d1614b03c8c7c486,0.9327251933267241,6400,0.11833800830582378,0.9327251933267241,shape,0.9112078772141233,0.9542425094393249,0.9112078772141233,0.932725193326724,5,1,0,2880000,2886400,6,6400,2832400,834
EQREG_small_b6233b340b761857,MG1655,1152000,1155200,1153600.0,small,WIN_small_b6233b340b761857,0.9324163985995785,3200,0.9324163985995785,0.04622870178203295,density,0.9938686819485018,0.8709641152506552,0.8709641152506552,0.9324163985995784,1,0,0,1152000,1155200,1,3200,2832400,835
EQREG_small_c92e8e75d560fc88,MG1655,918400,921600,920000.0,small,WIN_small_c92e8e75d560fc88,0.931589061332895,3200,0.3399009311990684,0.931589061332895,shape,0.8084086115860136,1.0547695110797763,0.8084086115860136,0.931589061332895,5,0,0,918000,922800,5,3200,2834400,836
EQREG_small_fccb88f6ee0b8b09,MG1655,3400800,3404000,3402400.0,small,WIN_small_fccb88f6ee0b8b09,0.9309777189733628,3200,0.4996013938073196,0.9309777189733628,shape,0.8164265836018618,1.0455288543448638,0.8164265836018618,0.9309777189733628,1,0,0,3400800,3404000,1,3200,2834400,837
EQREG_small_df64e918b811d56d,MG1655,2188400,2191600,2190000.0,small,WIN_small_df64e918b811d56d,0.9304813822065239,3200,0.9304813822065239,0.06367940509526654,density,1.0020631605637733,0.8588996038492746,0.8588996038492746,0.930481382206524,7,4,2,2187200,2201600,13,3200,2837600,838
EQREG_small_97e5b131001de1db,MG1655,1340400,1343600,1342000.0,small,WIN_small_97e5b131001de1db,0.9303964096987085,3200,0.9303964096987085,0.050666675646865236,density,0.9898287041467617,0.8709641152506552,0.8709641152506552,0.9303964096987084,4,2,1,1340400,1353600,7,3200,2839200,839
EQREG_small_06d00ee829cb3b03,MG1655,3513600,3516800,3515200.0,small,WIN_small_06d00ee829cb3b03,0.9299579139975083,3200,0.9299579139975083,0.275596874024519,density,0.9194487386777549,0.9404670893172616,0.9194487386777549,0.929957913997508,1,0,0,3513600,3516800,1,3200,2839200,840
EQREG_medium_51ab1940852bc60f,MG1655,996000,1002400,999200.0,medium,WIN_medium_51ab1940852bc60f,0.9296738938332971,6400,0.041103850338906345,0.9296738938332971,shape,1.0020152912353257,0.8573324964312684,0.8573324964312684,0.9296738938332968,8,4,2,987200,1002400,14,6400,2842400,841
EQREG_small_49b5a265493dbfa4,MG1655,2413600,2416800,2415200.0,small,WIN_small_49b5a265493dbfa4,0.9282968547873087,3200,0.9282968547873087,0.32126005143962144,density,1.0455288543448638,0.8110648552297538,0.8110648552297538,0.9282968547873088,4,2,0,2413600,2420800,6,3200,2844000,842
EQREG_small_d08ed761e60844e5,MG1655,388400,391600,390000.0,small,WIN_small_d08ed761e60844e5,0.9263980434360344,3200,0.15233721436633238,0.9263980434360344,shape,0.9333473481943139,0.9194487386777549,0.9194487386777549,0.9263980434360342,7,8,4,377600,396000,19,3200,2847200,843
EQREG_medium_81df846af152f4c2,MG1655,2449600,2456000,2452800.0,medium,WIN_medium_81df846af152f4c2,0.9259190929439243,6400,0.0984597122835956,0.9259190929439243,shape,0.7604224834232121,1.0914157024646365,0.7604224834232121,0.9259190929439244,15,7,4,2446400,2464000,26,6400,2853600,844
EQREG_small_d72b71ef3b257ecf,MG1655,190800,194000,192400.0,small,WIN_small_d72b71ef3b257ecf,0.9233748710069745,3200,0.9233748710069745,0.2081046425881133,density,0.9026785284278619,0.944071213586087,0.9026785284278619,0.9233748710069742,4,2,0,186400,194000,6,3200,2855200,845
EQREG_small_836ffdfa762173cc,MG1655,141200,144400,142800.0,small,WIN_small_836ffdfa762173cc,0.9225538974734857,3200,0.4296049322868426,0.9225538974734857,shape,1.1481911962420115,0.69691659870496,0.69691659870496,0.9225538974734856,7,5,0,136800,146400,12,3200,2858400,846
EQREG_small_8b6cedaaa6febf7b,MG1655,363200,366400,364800.0,small,WIN_small_8b6cedaaa6febf7b,0.922390074575522,3200,0.6422134159663921,0.922390074575522,shape,1.006219120334931,0.8385610288161128,0.8385610288161128,0.922390074575522,7,7,7,353600,376000,21,3200,2861600,847
EQREG_small_fd89fa6b2ad74821,MG1655,4009600,4012800,4011200.0,small,WIN_small_fd89fa6b2ad74821,0.9211110533547419,3200,0.4873261783265612,0.9211110533547419,shape,0.5432455166765608,1.2989765900329229,0.5432455166765608,0.9211110533547416,6,3,0,4008800,4016800,9,3200,2864000,848
EQREG_small_b828d03455d50a87,MG1655,927200,930400,928800.0,small,WIN_small_b828d03455d50a87,0.9205961329789075,3200,0.8373307819503634,0.9205961329789075,shape,1.5760944282914935,0.8500661912214377,0.8500661912214377,0.9205961329789067,4,0,0,926000,930400,4,3200,2865600,849
EQREG_small_a59fc70bc92de122,MG1655,3237200,3240400,3238800.0,small,WIN_small_a59fc70bc92de122,0.9181734908070907,3200,0.9181734908070907,0.13075847935123405,density,0.8301278612792501,1.006219120334931,0.8301278612792501,0.9181734908070904,7,5,1,3230400,3243200,13,3200,2868800,850
EQREG_small_ac7c44dc5f0576f9,MG1655,634400,637600,636000.0,small,WIN_small_ac7c44dc5f0576f9,0.9175053038039142,3200,0.06734352281154737,0.9175053038039142,shape,0.7093852392645581,1.1256253683432702,0.7093852392645581,0.917505303803914,7,5,1,632000,644800,13,3200,2872000,851
EQREG_small_67e9b0906c6bb195,MG1655,4265200,4268400,4266800.0,small,WIN_small_67e9b0906c6bb195,0.9168923824247907,3200,0.9168923824247907,0.5615786313847988,density,0.8897135512634943,0.944071213586087,0.8897135512634943,0.9168923824247904,5,0,0,4264000,4268800,5,3200,2874000,852
EQREG_small_5a2499328a8f720b,MG1655,3783600,3786800,3785200.0,small,WIN_small_5a2499328a8f720b,0.9166928902279836,3200,0.9166928902279836,0.1222780552713977,density,0.9404670893172616,0.8929186911387056,0.8929186911387056,0.9166928902279834,4,2,0,3783600,3791200,6,3200,2875600,853
EQREG_small_c826dee09d9f4c42,MG1655,1714000,1717200,1715600.0,small,WIN_small_c826dee09d9f4c42,0.9154336779161809,3200,0.45446464279269105,0.9154336779161809,shape,1.230860770135458,0.6000065856969038,0.6000065856969038,0.9154336779161806,4,0,0,1714000,1718400,4,3200,2877200,854
EQREG_small_33be99673975a461,MG1655,433200,436400,434800.0,small,WIN_small_33be99673975a461,0.9141028966911253,3200,0.756239406605644,0.9141028966911253,shape,1.2379226246229447,0.7679799545304055,0.7679799545304055,0.9141028966911252,2,0,0,432800,436400,2,3200,2877600,855
EQREG_medium_64c1ccfc7271d3ce,MG1655,2358400,2364800,2361600.0,medium,WIN_medium_64c1ccfc7271d3ce,0.9131491313456499,6400,0.0394398786644426,0.9131491313456499,shape,0.872055753251975,0.9542425094393249,0.872055753251975,0.91314913134565,10,5,2,2350400,2365600,17,6400,2881600,856
EQREG_small_84ddbee22417e7a4,MG1655,3635200,3638400,3636800.0,small,WIN_small_84ddbee22417e7a4,0.9126757986563591,3200,0.47505470778779824,0.9126757986563591,shape,0.6082791116628936,1.2170724856498245,0.6082791116628936,0.912675798656359,7,0,0,3634000,3639600,7,3200,2884400,857
EQREG_small_ddfdce898d5d44c5,MG1655,2636800,2640000,2638400.0,small,WIN_small_ddfdce898d5d44c5,0.9111024965937982,3200,0.9111024965937982,0.4933931443531385,density,0.8442755123405422,0.977929480847054,0.8442755123405422,0.911102496593798,4,2,0,2632800,2640000,6,3200,2886000,858
EQREG_small_93caa08bc76425ea,MG1655,2233200,2236400,2234800.0,small,WIN_small_93caa08bc76425ea,0.9109859283306687,3200,0.7708132299286037,0.9109859283306687,shape,1.1311578569432312,0.7114985985779572,0.7114985985779572,0.9109859283306686,7,8,7,2222400,2244800,22,3200,2889200,859
EQREG_small_fe85c9993fc2b19b,MG1655,1742400,1745600,1744000.0,small,WIN_small_fe85c9993fc2b19b,0.9105978187707802,3200,0.9105978187707802,0.4401617762119038,density,0.9740344369635299,0.8471612005780305,0.8471612005780305,0.91059781877078,2,0,0,1742400,1746000,2,3200,2889600,860
EQREG_small_55b2f5e72d961272,MG1655,113600,116800,115200.0,small,WIN_small_55b2f5e72d961272,0.9087957566363676,3200,0.23783627309896815,0.9087957566363676,shape,0.8771244239554736,0.9404670893172616,0.8771244239554736,0.9087957566363674,6,0,0,112400,117600,6,3200,2891600,861
EQREG_small_748c23f45ee5da32,MG1655,1841600,1844800,1843200.0,small,WIN_small_748c23f45ee5da32,0.9073647976461645,3200,0.24846639261783696,0.9073647976461645,shape,0.8559351248855356,0.9587944704067933,0.8559351248855356,0.9073647976461642,4,2,0,1840000,1847200,6,3200,2893200,862
EQREG_small_cbfc433d92a1a119,MG1655,500400,503600,502000.0,small,WIN_small_cbfc433d92a1a119,0.9071611425400747,3200,0.7083438616244535,0.9071611425400747,shape,1.4917735425914573,0.7051891246709499,0.7051891246709499,0.9071611425400744,7,4,0,497600,506400,11,3200,2895600,863
EQREG_large_140fef506f5083cd,MG1655,28800,41600,35200.0,large,WIN_large_140fef506f5083cd,0.9070920767000357,12800,0.11146036954991526,0.9070920767000357,shape,0.7231036840527382,1.091080469347333,0.7231036840527382,0.9070920767000354,24,11,4,27200,44800,39,12800,2905200,864
EQREG_large_58b105f3ce23805c,MG1655,59200,72000,65600.0,large,WIN_large_58b105f3ce23805c,0.9070920767000357,12800,0.09844209775768573,0.9070920767000357,shape,0.7231036840527382,1.091080469347333,0.7231036840527382,0.9070920767000354,31,14,5,57600,76800,50,12800,2918000,865
EQREG_small_b7af18ad23e72efa,MG1655,3311600,3314800,3313200.0,small,WIN_small_b7af18ad23e72efa,0.9065005794631442,3200,0.6597055999012822,0.9065005794631442,shape,0.9938686819485018,0.8191324769777868,0.8191324769777868,0.9065005794631442,6,0,0,3310800,3316000,6,3200,2920400,866
EQREG_small_b3641e17bd3a121f,MG1655,482800,486000,484400.0,small,WIN_small_b3641e17bd3a121f,0.9042168565684316,3200,0.5469046598402532,0.9042168565684316,shape,0.6828083447935931,1.1256253683432702,0.6828083447935931,0.9042168565684316,2,0,0,482800,486400,2,3200,2920800,867
EQREG_small_ca7010cf917750df,MG1655,4380800,4384000,4382400.0,small,WIN_small_ca7010cf917750df,0.9040286710631522,3200,0.9040286710631522,0.28139463918181173,density,0.8529907442387542,0.9550665978875502,0.8529907442387542,0.904028671063152,1,0,0,4380800,4384000,1,3200,2920800,868
EQREG_small_381270c0ae296c86,MG1655,2650000,2653200,2651600.0,small,WIN_small_381270c0ae296c86,0.9034775992134751,3200,0.6571923451194157,0.9034775992134751,shape,1.120162472641768,0.6867927257851821,0.6867927257851821,0.9034775992134748,6,3,2,2649200,2664000,11,3200,2923200,869
EQREG_large_548a5f216820d065,MG1655,4089600,4102400,4096000.0,large,WIN_large_548a5f216820d065,0.90324866236689,12800,0.12106100425991881,0.90324866236689,shape,0.9149892102916514,0.8915081144421287,0.8915081144421287,0.9032486623668898,31,15,7,4084800,4107200,53,12800,2936000,870
EQREG_small_b6ac721483972c6e,MG1655,1475600,1478800,1477200.0,small,WIN_small_b6ac721483972c6e,0.9029903155775298,3200,0.9029903155775298,0.058210122631026165,density,0.9194487386777549,0.8865318924773049,0.8865318924773049,0.9029903155775296,5,3,0,1473600,1481600,8,3200,2937600,871
EQREG_small_9979060581a68ebd,MG1655,3254400,3257600,3256000.0,small,WIN_small_9979060581a68ebd,0.90251657585833,3200,0.6174716588771821,0.90251657585833,shape,1.2989765900329229,0.5060565616837371,0.5060565616837371,0.9025165758583298,6,3,0,3250400,3258400,9,3200,2940000,872
EQREG_small_8fdc4665b89a8ffe,MG1655,1342400,1345600,1344000.0,small,WIN_small_8fdc4665b89a8ffe,0.9017334352905644,3200,0.3662640424995778,0.9017334352905644,shape,1.0232524596337116,0.7802144109474172,0.7802144109474172,0.9017334352905644,5,2,0,1342000,1349600,7,3200,2942000,873
EQREG_small_9c919128cafb7c6d,MG1655,2266400,2269600,2268000.0,small,WIN_small_9c919128cafb7c6d,0.9007800832701218,3200,0.28620262998308715,0.9007800832701218,shape,0.7467906554604673,1.0547695110797763,0.7467906554604673,0.9007800832701218,4,2,0,2262400,2269600,6,3200,2943600,874
EQREG_small_d8dee760b1508dcf,MG1655,2430800,2434000,2432400.0,small,WIN_small_d8dee760b1508dcf,0.9000031692358113,3200,0.9000031692358113,0.16204163033707986,density,0.8771244239554736,0.9228819145161489,0.8771244239554736,0.900003169235811,7,7,3,2424000,2440000,17,3200,2946800,875
EQREG_small_21b516e3decb606b,MG1655,3378400,3381600,3380000.0,small,WIN_small_21b516e3decb606b,0.8998185986841536,3200,0.5855279296642845,0.8998185986841536,shape,0.9938686819485018,0.8057685154198053,0.8057685154198053,0.8998185986841535,6,0,0,3377600,3382800,6,3200,2949200,876
EQREG_medium_9c260e5171a1110a,MG1655,2767200,2773600,2770400.0,medium,WIN_medium_9c260e5171a1110a,0.8986672833779917,6400,0.06672757025384733,0.8986672833779917,shape,0.6670007982609769,1.1303337684950066,0.6670007982609769,0.8986672833779915,15,7,3,2763200,2779200,25,6400,2955600,877
EQREG_small_c1effddcc87176ac,MG1655,2149600,2152800,2151200.0,small,WIN_small_c1effddcc87176ac,0.8973117323574478,3200,0.08130823068947121,0.8973117323574478,shape,1.1424388673529202,0.6521845973619753,0.6521845973619753,0.8973117323574478,7,7,4,2145600,2163200,18,3200,2958800,878
EQREG_large_d08e49c6c43ca466,MG1655,4299200,4312000,4305600.0,large,WIN_large_d08e49c6c43ca466,0.8969903836558919,12800,0.15556982655235257,0.8969903836558919,shape,0.8278390345727513,0.9661417327390326,0.8278390345727513,0.8969903836558919,31,15,7,4294400,4316800,53,12800,2971600,879
EQREG_small_e75aab7bc450ad8a,MG1655,3524400,3527600,3526000.0,small,WIN_small_e75aab7bc450ad8a,0.8964865378702093,3200,0.54548073840384,0.8964865378702093,shape,0.6270531125379752,1.1659199632024433,0.6270531125379752,0.8964865378702092,4,2,0,3520000,3527600,6,3200,2973200,880
EQREG_small_3863c045226ba14d,MG1655,2541600,2544800,2543200.0,small,WIN_small_3863c045226ba14d,0.8963412402796751,3200,0.8963412402796751,0.037379188007812786,density,0.8301278612792501,0.9625546192801002,0.8301278612792501,0.8963412402796749,4,1,0,2538400,2544800,5,3200,2974800,881
EQREG_small_dd8a97e08577c1d3,MG1655,1489200,1492400,1490800.0,small,WIN_small_dd8a97e08577c1d3,0.8947733833532459,3200,0.8947733833532459,0.06279835493268535,density,0.909309107326875,0.8802376593796166,0.8802376593796166,0.8947733833532456,6,3,0,1484800,1493200,9,3200,2977200,882
EQREG_small_268dbcf86cb68f23,MG1655,4114400,4117600,4116000.0,small,WIN_small_268dbcf86cb68f23,0.8941733629633146,3200,0.8941733629633146,0.10459905312361528,density,0.8442755123405422,0.944071213586087,0.8442755123405422,0.8941733629633144,1,0,0,4114400,4117600,1,3200,2977200,883
EQREG_small_0f15476d33575699,MG1655,4121200,4124400,4122800.0,small,WIN_small_0f15476d33575699,0.8934794100902006,3200,0.5454230133444313,0.8934794100902006,shape,0.8500661912214377,0.9368926289589635,0.8500661912214377,0.8934794100902004,7,5,2,4119200,4134400,14,3200,2980400,884
EQREG_large_433adda4183b0d22,MG1655,3609600,3622400,3616000.0,large,WIN_large_433adda4183b0d22,0.8921104650113143,12800,0.041542431965050516,0.8921104650113143,shape,1.4712917110589396,0.3129292189636889,0.3129292189636889,0.8921104650113137,31,14,3,3608000,3624800,48,12800,2993200,885
EQREG_small_91fd5ed2ebf7e386,MG1655,1263200,1266400,1264800.0,small,WIN_small_91fd5ed2ebf7e386,0.8899014761916677,3200,0.7366425460765006,0.8899014761916677,shape,0.7444988586808826,1.282889770139468,0.7444988586808826,0.8899014761916675,3,0,0,1262800,1266800,3,3200,2994000,886
EQREG_small_f4e049377fc16081,MG1655,1919600,1922800,1921200.0,small,WIN_small_f4e049377fc16081,0.8894085197008422,3200,0.360035369321346,0.8894085197008422,shape,0.8559351248855356,0.9228819145161489,0.8559351248855356,0.8894085197008419,5,0,0,1919200,1924000,5,3200,2995600,887
EQREG_small_b8d989ed04304b02,MG1655,1102800,1106000,1104400.0,small,WIN_small_b8d989ed04304b02,0.8888698959097808,3200,0.2561378410093341,0.8888698959097808,shape,0.6989700043360187,1.078769787483543,0.6989700043360187,0.8888698959097808,4,0,0,1101600,1106000,4,3200,2997200,888
EQREG_small_7724b73c0c4f1bca,MG1655,2564400,2567600,2566000.0,small,WIN_small_7724b73c0c4f1bca,0.888811430267428,3200,0.888811430267428,0.0527990715810816,density,0.8442755123405422,0.9333473481943139,0.8442755123405422,0.8888114302674277,4,2,1,2564400,2577600,7,3200,2998800,889
EQREG_small_ceb96b619681978c,MG1655,7600,10800,9200.0,small,WIN_small_ceb96b619681978c,0.8882626213110498,3200,0.8882626213110498,0.1325309591248639,density,0.8771244239554736,0.899400818666626,0.8771244239554736,0.8882626213110496,7,8,4,0,17600,19,3200,3002000,890
EQREG_small_adc261fd5327d3fd,MG1655,454400,457600,456000.0,small,WIN_small_adc261fd5327d3fd,0.8855967823628059,3200,0.8855967823628059,0.06301965170235388,density,0.909309107326875,0.8618844573987368,0.8618844573987368,0.8855967823628057,2,0,0,454000,457600,2,3200,3002400,891
EQREG_medium_84093158da014f0d,MG1655,2156000,2162400,2159200.0,medium,WIN_medium_84093158da014f0d,0.8855714988951224,6400,0.050046458314248594,0.8855714988951224,shape,1.1730857489159563,0.5980572488742885,0.5980572488742885,0.8855714988951222,15,7,5,2152000,2171200,27,6400,3008800,892
EQREG_small_c69bbb5d49430d56,MG1655,23200,26400,24800.0,small,WIN_small_c69bbb5d49430d56,0.8850215575470894,3200,0.8145664422075509,0.8850215575470894,shape,0.7877240127261627,0.9898287041467617,0.7877240127261627,0.8850215575470894,3,0,0,23200,27200,3,3200,3009600,893
EQREG_small_4dee470fe0dc1d2d,MG1655,4044800,4048000,4046400.0,small,WIN_small_4dee470fe0dc1d2d,0.8845395434957811,3200,0.4057307684921396,0.8845395434957811,shape,1.1367617344612297,0.6323173525303325,0.6323173525303325,0.884539543495781,7,4,2,4043200,4057600,13,3200,3012800,894
EQREG_small_4c2d5d3caf9c0820,MG1655,4337200,4340400,4338800.0,small,WIN_small_4c2d5d3caf9c0820,0.8842989371099993,3200,0.3367817368008372,0.8842989371099993,shape,0.378813870165873,1.3897840040541256,0.378813870165873,0.884298937109999,7,4,2,4326400,4341600,13,3200,3016000,895
EQREG_medium_a9e5b69b7ef41401,MG1655,909600,916000,912800.0,medium,WIN_medium_a9e5b69b7ef41401,0.8842701868226959,6400,0.019533695158511135,0.8842701868226959,shape,0.9112078772141233,0.8573324964312684,0.8573324964312684,0.8842701868226956,15,6,0,907200,917600,21,6400,3022400,896
EQREG_medium_37ad2dee83bb4f12,MG1655,2457600,2464000,2460800.0,medium,WIN_medium_37ad2dee83bb4f12,0.8830445171098043,6400,0.12638323556676645,0.8830445171098043,shape,1.0226998900951767,0.7433891441244318,0.7433891441244318,0.883044517109804,15,6,1,2452800,2465600,22,6400,3028800,897
EQREG_medium_4f17110a06a237c8,MG1655,584000,590400,587200.0,medium,WIN_medium_4f17110a06a237c8,0.8820959785115906,6400,0.050631838317626326,0.8820959785115906,shape,0.9920310703287248,0.7721608866944564,0.7721608866944564,0.8820959785115905,13,4,0,583600,592800,17,6400,3034000,898
EQREG_small_5d55c881813f1323,MG1655,1366400,1369600,1368000.0,small,WIN_small_5d55c881813f1323,0.8807214716661307,3200,0.2494961730085345,0.8807214716661307,shape,0.6466755025771996,1.1147674407550618,0.6466755025771996,0.8807214716661306,7,7,5,1360000,1379200,19,3200,3037200,899
EQREG_small_5ac25bd6f9d74872,MG1655,938800,942000,940400.0,small,WIN_small_5ac25bd6f9d74872,0.8804175566536777,3200,0.8804175566536777,0.037601543938013786,density,0.8929186911387056,0.8679164221686498,0.8679164221686498,0.8804175566536775,4,0,0,938800,943200,4,3200,3038400,900
EQREG_small_f07698a02b1253e4,MG1655,3014400,3017600,3016000.0,small,WIN_small_f07698a02b1253e4,0.8801590011631928,3200,0.8801590011631928,0.03741047564941394,density,0.9160424899858434,0.8442755123405422,0.8442755123405422,0.8801590011631926,4,2,0,3014400,3021600,6,3200,3040000,901
EQREG_small_81101479c92588e0,MG1655,202000,205200,203600.0,small,WIN_small_81101479c92588e0,0.8790048837469339,3200,0.8506636513623596,0.8790048837469339,shape,0.8385610288161128,0.9194487386777549,0.8385610288161128,0.8790048837469338,4,2,1,202000,216000,7,3200,3041600,902
EQREG_small_a2591aad33127044,MG1655,3604000,3607200,3605600.0,small,WIN_small_a2591aad33127044,0.8789043293385839,3200,0.8789043293385839,0.3724553537190331,density,0.8929186911387056,0.864889967538462,0.864889967538462,0.8789043293385836,4,0,0,3603200,3607600,4,3200,3042800,903
EQREG_small_b98178496d1d2ac3,MG1655,245200,248400,246800.0,small,WIN_small_b98178496d1d2ac3,0.8788149867160718,3200,0.2628620490566688,0.8788149867160718,shape,1.006219120334931,0.7514108530972126,0.7514108530972126,0.8788149867160717,7,8,8,235200,259200,23,3200,3046000,904
EQREG_small_881aff3a8051d8d5,MG1655,4438400,4441600,4440000.0,small,WIN_small_881aff3a8051d8d5,0.8754689096524721,3200,0.8754689096524721,0.09632125476468181,density,0.9263424466256553,0.8245953726792891,0.8245953726792891,0.8754689096524719,5,0,0,4437200,4442000,5,3200,3048000,905
EQREG_small_86d7e1ad407e765b,MG1655,1248000,1251200,1249600.0,small,WIN_small_86d7e1ad407e765b,0.873281009622328,3200,0.7000604002306572,0.873281009622328,shape,0.9663476082972389,0.7802144109474172,0.7802144109474172,0.873281009622328,4,0,0,1248000,1252400,4,3200,3049200,906
EQREG_medium_ecb8d889be168988,MG1655,2668000,2674400,2671200.0,medium,WIN_medium_ecb8d889be168988,0.8729613432964896,6400,0.0377885608893998,0.8729613432964896,shape,0.8094089441140857,0.9365137424788934,0.8094089441140857,0.8729613432964896,15,7,5,2659200,2678400,27,6400,3055600,907
EQREG_small_b52bd007a807e9e4,MG1655,1610000,1613200,1611600.0,small,WIN_small_b52bd007a807e9e4,0.8721302991586315,3200,0.22224092226970005,0.8721302991586315,shape,0.6847959660291066,1.0594646322881562,0.6847959660291066,0.8721302991586315,7,5,0,1606400,1616000,12,3200,3058400,908
EQREG_small_61959133bdd5ecd8,MG1655,1440800,1444000,1442400.0,small,WIN_small_61959133bdd5ecd8,0.8703511450412593,3200,0.5022109300427332,0.8703511450412593,shape,1.1599295995132557,0.5807726905692631,0.5807726905692631,0.8703511450412592,4,2,1,1430400,1444000,7,3200,3060000,909
EQREG_small_06315c33a795ce78,MG1655,1186800,1190000,1188400.0,small,WIN_small_06315c33a795ce78,0.8685971017396239,3200,0.8685971017396239,0.709877032792015,density,0.8442755123405422,0.8929186911387056,0.8442755123405422,0.8685971017396237,7,8,0,1182400,1194400,15,3200,3063200,910
EQREG_small_ce5796a99ea633da,MG1655,1651600,1654800,1653200.0,small,WIN_small_ce5796a99ea633da,0.8683096798036147,3200,0.03230964685959488,0.8683096798036147,shape,0.8137374450910807,0.9228819145161489,0.8137374450910807,0.8683096798036145,7,4,2,1641600,1656000,13,3200,3066000,911
EQREG_small_47accb97b0e3149e,MG1655,4270400,4273600,4272000.0,small,WIN_small_47accb97b0e3149e,0.8671637814138223,3200,0.8671637814138223,0.21806080034233086,density,0.8414088716889391,0.8929186911387056,0.8414088716889391,0.8671637814138222,1,0,0,4270400,4273600,1,3200,3066000,912
EQREG_small_df61ee57dfa8cdb5,MG1655,3949200,3952400,3950800.0,small,WIN_small_df61ee57dfa8cdb5,0.8651519253005271,3200,0.8651519253005271,0.10272797446120259,density,0.8802376593796166,0.8500661912214377,0.8500661912214377,0.8651519253005269,7,8,7,3940800,3963200,22,3200,3069200,913
EQREG_small_10fcea35807cd57e,MG1655,3972400,3975600,3974000.0,small,WIN_small_10fcea35807cd57e,0.8642207921523308,3200,0.39815716203089935,0.8642207921523308,shape,0.6082791116628936,1.120162472641768,0.6082791116628936,0.8642207921523306,5,4,0,3968800,3977600,9,3200,3071200,914
EQREG_small_ce6569e605726b9c,MG1655,1234000,1237200,1235600.0,small,WIN_small_ce6569e605726b9c,0.8639495276061837,3200,0.5396938535865676,0.8639495276061837,shape,1.0738624529887988,0.6540366022235687,0.6540366022235687,0.8639495276061837,4,0,0,1234000,1238400,4,3200,3072400,915
EQREG_small_a23e356c5148bddd,MG1655,2315600,2318800,2317200.0,small,WIN_small_a23e356c5148bddd,0.8635953075884557,3200,0.6759498601669272,0.8635953075884557,shape,0.8500661912214377,0.8771244239554736,0.8500661912214377,0.8635953075884555,5,3,1,2305600,2319200,9,3200,3074400,916
EQREG_small_cfeb357d06090a60,MG1655,2447200,2450400,2448800.0,small,WIN_small_cfeb357d06090a60,0.862142812266752,3200,0.3283257991448373,0.862142812266752,shape,0.9263424466256553,0.7979431779078487,0.7979431779078487,0.8621428122667518,3,2,0,2445600,2452800,5,3200,3075200,917
EQREG_medium_db6f6765992c320d,MG1655,552800,559200,556000.0,medium,WIN_medium_db6f6765992c320d,0.8617194585850212,6400,0.13993940926846357,0.8617194585850212,shape,1.0122344564170118,0.7112044607530306,0.7112044607530306,0.861719458585021,15,6,3,544000,560800,24,6400,3081600,918
EQREG_medium_dc003a722f98f655,MG1655,719200,725600,722400.0,medium,WIN_medium_dc003a722f98f655,0.8609821158020183,6400,0.05058776987689636,0.8609821158020183,shape,1.15836249209525,0.5636017395087868,0.5636017395087868,0.8609821158020181,8,4,0,719200,728000,12,6400,3084800,919
EQREG_small_9ef23cbd12bc9e04,MG1655,3867600,3870800,3869200.0,small,WIN_small_9ef23cbd12bc9e04,0.8603920306240056,3200,0.8603920306240056,0.06565124376115898,density,0.8588996038492746,0.8618844573987368,0.8588996038492746,0.8603920306240054,4,2,0,3867600,3875200,6,3200,3086400,920
EQREG_small_0f6e3d47259a9a07,MG1655,1696000,1699200,1697600.0,small,WIN_small_0f6e3d47259a9a07,0.8589097911421362,3200,0.5687929114547274,0.8589097911421362,shape,1.0837332070150931,0.6340863752691791,0.6340863752691791,0.858909791142136,1,0,0,1696000,1699200,1,3200,3086400,921
EQREG_medium_187ae673da1fbd97,MG1655,804000,810400,807200.0,medium,WIN_medium_187ae673da1fbd97,0.8582997463198683,6400,0.03290864224482167,0.8582997463198683,shape,0.5282737771670437,1.188325715472693,0.5282737771670437,0.8582997463198683,15,5,3,802800,819200,23,6400,3092400,922
EQREG_medium_204cb9a1710bb79e,MG1655,2196000,2202400,2199200.0,medium,WIN_medium_204cb9a1710bb79e,0.8573324964312685,6400,0.03507217245944691,0.8573324964312685,shape,0.7604224834232121,0.9542425094393249,0.7604224834232121,0.8573324964312685,10,5,1,2190400,2203200,16,6400,3096400,923
EQREG_small_11f57371e05e3c02,MG1655,4047600,4050800,4049200.0,small,WIN_small_11f57371e05e3c02,0.8555235092890195,3200,0.7267257861732181,0.8555235092890195,shape,0.7157564217204986,1.324282455297693,0.7157564217204986,0.8555235092890193,7,4,2,4046400,4060800,13,3200,3099200,924
EQREG_small_8c84cd4feeef7921,MG1655,3450800,3454000,3452400.0,small,WIN_small_8c84cd4feeef7921,0.8553029636211558,3200,0.8544828975353561,0.8553029636211558,shape,0.8588996038492746,0.9228819145161489,0.8588996038492746,0.8553029636211555,4,2,0,3450800,3458400,6,3200,3100800,925
EQREG_small_94951d83834dfc93,MG1655,4442400,4445600,4444000.0,small,WIN_small_94951d83834dfc93,0.8553029636211558,3200,0.6004523145135783,0.8553029636211558,shape,0.6116327536704814,1.09897317357183,0.6116327536704814,0.8553029636211555,4,0,0,4442000,4446400,4,3200,3102000,926
EQREG_small_660381e41a58f7ca,MG1655,3572400,3575600,3574000.0,small,WIN_small_660381e41a58f7ca,0.8544629345621448,3200,0.8544629345621448,0.40883293378555075,density,0.8529907442387542,0.8559351248855356,0.8529907442387542,0.8544629345621447,4,2,1,3572400,3585600,7,3200,3103600,927
EQREG_small_494e9a378b14badd,MG1655,2098800,2102000,2100400.0,small,WIN_small_494e9a378b14badd,0.8540142521772505,3200,0.8540142521772505,0.03625697754658663,density,0.9126627493344628,0.795365755020038,0.795365755020038,0.8540142521772502,4,0,0,2098800,2103200,4,3200,3105200,928
EQREG_medium_1f9640527561ec79,MG1655,1952800,1959200,1956000.0,medium,WIN_medium_1f9640527561ec79,0.852265000717377,6400,0.12494701093302713,0.852265000717377,shape,0.8094089441140857,0.8951210573206683,0.8094089441140857,0.852265000717377,12,2,0,1951600,1959200,14,6400,3109600,929
EQREG_small_1c7887b4ef530424,MG1655,753200,756400,754800.0,small,WIN_small_1c7887b4ef530424,0.8497827282842162,3200,0.40104338422899855,0.8497827282842162,shape,0.9663476082972389,0.7332178482711935,0.7332178482711935,0.8497827282842162,7,4,0,748800,757600,11,3200,3112400,930
EQREG_small_7139386f977c3e3f,MG1655,1210000,1213200,1211600.0,small,WIN_small_7139386f977c3e3f,0.8494801248112054,3200,0.8494801248112054,0.042568968696332095,density,0.9701740161502921,0.7287862334721186,0.7287862334721186,0.8494801248112052,4,0,0,1210000,1214400,4,3200,3113600,931
EQREG_small_a9a845b0788b13eb,MG1655,4413200,4416400,4414800.0,small,WIN_small_a9a845b0788b13eb,0.84902214172395,3200,0.84902214172395,0.030258258269631015,density,0.8301278612792501,0.8679164221686498,0.8301278612792501,0.8490221417239497,4,2,0,4408800,4416400,6,3200,3115200,932
EQREG_small_d5d476a9262ffb6c,MG1655,3569200,3572400,3570800.0,small,WIN_small_d5d476a9262ffb6c,0.84902214172395,3200,0.7740971827389114,0.84902214172395,shape,0.795365755020038,0.9026785284278619,0.795365755020038,0.8490221417239499,1,0,0,3569200,3572400,1,3200,3115200,933
EQREG_small_7e49486fcbaa6eab,MG1655,4391200,4394400,4392800.0,small,WIN_small_7e49486fcbaa6eab,0.8486136958997341,3200,0.8486136958997341,0.5122796828940164,density,0.8500661912214377,0.8471612005780305,0.8471612005780305,0.8486136958997339,4,0,0,4391200,4395600,4,3200,3116800,934
EQREG_medium_19a9bb9d649570f6,MG1655,304800,311200,308000.0,medium,WIN_medium_19a9bb9d649570f6,0.8483523319613988,6400,0.04553414548920438,0.8483523319613988,shape,0.8094089441140857,0.8872957198087118,0.8094089441140857,0.8483523319613987,15,7,6,296000,316800,28,6400,3123200,935
EQREG_small_5675fb2c96b3bef5,MG1655,176400,179600,178000.0,small,WIN_small_5675fb2c96b3bef5,0.8477410333416497,3200,0.3875826238186785,0.8477410333416497,shape,0.8897135512634943,0.8057685154198053,0.8057685154198053,0.8477410333416495,4,0,0,176400,180800,4,3200,3124800,936
EQREG_small_47db350c88e91b49,MG1655,3182400,3185600,3184000.0,small,WIN_small_47db350c88e91b49,0.8470454195883764,3200,0.8470454195883764,0.08140783372480315,density,0.8961476612689041,0.7979431779078487,0.7979431779078487,0.8470454195883762,4,2,1,3182400,3195200,7,3200,3126400,937
EQREG_small_9066e55b77308bcc,MG1655,765200,768400,766800.0,small,WIN_small_9066e55b77308bcc,0.8464193431422602,3200,0.2238200154513137,0.8464193431422602,shape,0.9938686819485018,0.6989700043360187,0.6989700043360187,0.8464193431422602,5,0,0,764000,768800,5,3200,3128400,938
EQREG_small_823ff1a0037fc5f2,MG1655,3680000,3683200,3681600.0,small,WIN_small_823ff1a0037fc5f2,0.8454309345232771,3200,0.8454309345232771,0.4920009524258123,density,0.8929186911387056,0.7979431779078487,0.7979431779078487,0.845430934523277,4,2,1,3670400,3683200,7,3200,3130000,939
EQREG_small_9f319cef7d38c966,MG1655,4360000,4363200,4361600.0,small,WIN_small_9f319cef7d38c966,0.8443993542413906,3200,0.6238581026580869,0.8443993542413906,shape,0.6808297788115054,1.2908586998107434,0.6808297788115054,0.8443993542413903,3,0,0,4360000,4364000,3,3200,3130800,940
EQREG_medium_99d39ff68a0c97ce,MG1655,1826400,1832800,1829600.0,medium,WIN_medium_99d39ff68a0c97ce,0.8443384054554153,6400,0.024346671916630726,0.8443384054554153,shape,0.6442576711224173,1.0444191397884133,0.6442576711224173,0.844338405455415,10,5,1,1824000,1836800,16,6400,3134800,941
EQREG_medium_c177aeb29ccf11cb,MG1655,324800,331200,328000.0,medium,WIN_medium_c177aeb29ccf11cb,0.8443384054554152,6400,0.11435354347018614,0.8443384054554152,shape,0.7433891441244318,0.9452876667863985,0.7433891441244318,0.844338405455415,7,2,0,324000,331200,9,6400,3137200,942
EQREG_small_2f90c96f8a360a2b,MG1655,2992000,2995200,2993600.0,small,WIN_small_2f90c96f8a360a2b,0.8433536841165112,3200,0.4715712781343768,0.8433536841165112,shape,0.6928386862845206,0.9938686819485018,0.6928386862845206,0.8433536841165112,4,2,1,2992000,3004800,7,3200,3138800,943
EQREG_small_809956d9cf2b720a,MG1655,2013600,2016800,2015200.0,small,WIN_small_809956d9cf2b720a,0.8432020052552309,3200,0.4604044996193834,0.8432020052552309,shape,0.4277562378081374,1.2673776039612203,0.4277562378081374,0.8432020052552307,6,3,0,2011200,2019200,9,3200,3141200,944
EQREG_small_cd70133fc8795eeb,MG1655,4055600,4058800,4057200.0,small,WIN_small_cd70133fc8795eeb,0.8415593027590021,3200,0.8415593027590021,0.43450873931397704,density,0.8301278612792501,0.8529907442387542,0.8301278612792501,0.841559302759002,7,8,1,4049600,4063200,16,3200,3144400,945
EQREG_small_6a44252955fb014d,MG1655,989200,992400,990800.0,small,WIN_small_6a44252955fb014d,0.8415310889941405,3200,0.5590135661925358,0.8415310889941405,shape,0.7703994286538184,0.9126627493344628,0.7703994286538184,0.8415310889941403,7,5,0,987200,996800,12,3200,3147600,946
EQREG_medium_3112bb58cde202fb,MG1655,2655200,2661600,2658400.0,medium,WIN_medium_3112bb58cde202fb,0.8415160724967341,6400,0.26377590504898607,0.8415160724967341,shape,0.9920310703287248,0.6910010746647435,0.6910010746647435,0.8415160724967341,15,7,4,2652800,2670400,26,6400,3154000,947
EQREG_small_856cc2ff533d4b7c,MG1655,303200,306400,304800.0,small,WIN_small_856cc2ff533d4b7c,0.8402652487824123,3200,0.06901665237315383,0.8402652487824123,shape,0.6485041136236077,1.0320263839412167,0.6485041136236077,0.8402652487824122,4,4,2,292800,308000,10,3200,3155600,948
EQREG_small_7f69eb04efe8f0f2,MG1655,980800,984000,982400.0,small,WIN_small_7f69eb04efe8f0f2,0.8385888592859941,3200,0.8385888592859941,0.08124554109790634,density,0.8740333469783318,0.8031443715936565,0.8031443715936565,0.838588859285994,1,0,0,980800,984000,1,3200,3155600,949
EQREG_small_c3c4fa2a24ea4ca8,MG1655,1987200,1990400,1988800.0,small,WIN_small_c3c4fa2a24ea4ca8,0.8383663153352303,3200,0.45637445896248763,0.8383663153352303,shape,0.8709641152506552,0.8057685154198053,0.8057685154198053,0.8383663153352301,7,0,0,1986000,1991600,7,3200,3158400,950
EQREG_small_88b320d59e582e21,MG1655,1893200,1896400,1894800.0,small,WIN_small_88b320d59e582e21,0.8366492895622378,3200,0.229187225571568,0.8366492895622378,shape,0.8084086115860136,0.864889967538462,0.8084086115860136,0.8366492895622377,5,3,0,1891200,1899200,8,3200,3160400,951
EQREG_small_886744e05ae795fa,MG1655,3968800,3972000,3970400.0,small,WIN_small_886744e05ae795fa,0.8344354425099156,3200,0.8344354425099156,0.10456557817704482,density,0.8442755123405422,0.8245953726792891,0.8245953726792891,0.8344354425099154,4,0,0,3968800,3973200,4,3200,3162000,952
EQREG_small_a0a0cafce23a9e9e,MG1655,667600,670800,669200.0,small,WIN_small_a0a0cafce23a9e9e,0.8343808394567085,3200,0.2716091278542541,0.8343808394567085,shape,0.8414088716889391,0.8273528072244779,0.8273528072244779,0.8343808394567083,5,1,0,665600,672000,6,3200,3164000,953
EQREG_small_f96a013b4f43956f,MG1655,2019600,2022800,2021200.0,small,WIN_small_f96a013b4f43956f,0.832288994315098,3200,0.49638872046873916,0.832288994315098,shape,0.5389526202869257,1.1256253683432702,0.5389526202869257,0.8322889943150978,4,2,0,2019600,2027200,6,3200,3165600,954
EQREG_medium_d955bbe6a063c246,MG1655,2893600,2900000,2896800.0,medium,WIN_medium_d955bbe6a063c246,0.8314347736522725,6400,0.05456026705065263,0.8314347736522725,shape,0.9194804031801133,0.7433891441244318,0.7433891441244318,0.8314347736522723,13,3,0,2893200,2901600,16,6400,3170800,955
EQREG_medium_3c368e89fc0c11b9,MG1655,2297600,2304000,2300800.0,medium,WIN_medium_3c368e89fc0c11b9,0.8308466606126184,6400,0.04442056745412484,0.8308466606126184,shape,0.7164056544388383,0.9452876667863985,0.7164056544388383,0.8308466606126184,15,7,7,2289600,2312000,29,6400,3177200,956
EQREG_medium_55276f1bbcf6c694,MG1655,1409600,1416000,1412800.0,medium,WIN_medium_55276f1bbcf6c694,0.8297283032515841,6400,0.10148734727969641,0.8297283032515841,shape,0.8872957198087118,0.7721608866944564,0.7721608866944564,0.8297283032515839,8,4,4,1406400,1424000,16,6400,3180400,957
EQREG_small_ba779bdce1fcd096,MG1655,2598800,2602000,2600400.0,small,WIN_small_ba779bdce1fcd096,0.8290064787158115,3200,0.8290064787158115,0.3094420641796311,density,0.8137374450910807,0.8442755123405422,0.8137374450910807,0.8290064787158112,4,0,0,2598800,2603200,4,3200,3181600,958
EQREG_small_29844862bea5761a,MG1655,1668800,1672000,1670400.0,small,WIN_small_29844862bea5761a,0.8285808040076725,3200,0.19590674984190837,0.8285808040076725,shape,0.9663476082972389,0.6908139997181062,0.6908139997181062,0.8285808040076725,7,0,0,1667600,1673200,7,3200,3184400,959
EQREG_small_7270bff2ca180af6,MG1655,2109600,2112800,2111200.0,small,WIN_small_7270bff2ca180af6,0.8271326794346563,3200,0.8271326794346563,0.5365730596905126,density,0.8588996038492746,0.795365755020038,0.795365755020038,0.8271326794346561,2,0,0,2109600,2113200,2,3200,3184800,960
EQREG_small_896f779f3e144808,MG1655,3453200,3456400,3454800.0,small,WIN_small_896f779f3e144808,0.8268336633008835,3200,0.36108653417721226,0.8268336633008835,shape,0.9587944704067933,0.6948728561949737,0.6948728561949737,0.8268336633008834,6,1,0,3452400,3459200,7,3200,3186800,961
EQREG_small_5b3181501a065930,MG1655,2231600,2234800,2233200.0,small,WIN_small_5b3181501a065930,0.8264473114560655,3200,0.8264473114560655,0.20253424445728452,density,0.8897135512634943,0.7631810716486367,0.7631810716486367,0.8264473114560653,4,2,0,2227200,2234800,6,3200,3188400,962
EQREG_small_2bb53f921566cf9e,MG1655,763600,766800,765200.0,small,WIN_small_2bb53f921566cf9e,0.8258865693989466,3200,0.8258865693989466,0.07052209768128576,density,0.6016485327638804,1.0501246060340128,0.6016485327638804,0.8258865693989466,1,0,0,763600,766800,1,3200,3188400,963
EQREG_medium_9408711da59e6243,MG1655,2352800,2359200,2356000.0,medium,WIN_medium_9408711da59e6243,0.824739814524597,6400,0.08721991401169218,0.824739814524597,shape,0.9633858888791946,0.6860937401699994,0.6860937401699994,0.824739814524597,14,7,1,2348800,2361600,22,6400,3194000,964
EQREG_small_ecca8a7d103c08ec,MG1655,3334000,3337200,3335600.0,small,WIN_small_ecca8a7d103c08ec,0.8233982970135012,3200,0.8233982970135012,0.5741642178848734,density,0.8110648552297538,0.8357317387972485,0.8110648552297538,0.823398297013501,3,0,0,3334000,3338000,3,3200,3194800,965
EQREG_small_22d91b2a042532f9,MG1655,4106000,4109200,4107600.0,small,WIN_small_22d91b2a042532f9,0.823277222440556,3200,0.823277222440556,0.4304813822065239,density,0.8301278612792501,0.8164265836018618,0.8164265836018618,0.8232772224405558,7,7,3,4096000,4112800,17,3200,3198000,966
EQREG_small_32990c29776f4619,MG1655,1934000,1937200,1935600.0,small,WIN_small_32990c29776f4619,0.822897141247096,3200,0.5470742209718162,0.822897141247096,shape,0.8897135512634943,0.7560807312306977,0.7560807312306977,0.8228971412470958,6,3,0,1929600,1938000,9,3200,3200400,967
EQREG_medium_92fd99823e90a933,MG1655,3122400,3128800,3125600.0,medium,WIN_medium_92fd99823e90a933,0.8210339646046089,6400,0.17884179593470287,0.8210339646046089,shape,1.0672820227479174,0.5747859064613003,0.5747859064613003,0.8210339646046088,15,6,3,3120800,3137600,24,6400,3206800,968
EQREG_small_41d417e63a2dcec7,MG1655,749600,752800,751200.0,small,WIN_small_41d417e63a2dcec7,0.820801407600193,3200,0.10706187951019105,0.820801407600193,shape,0.4816732156871305,1.1599295995132557,0.4816732156871305,0.820801407600193,7,0,0,748400,754000,7,3200,3209600,969
EQREG_small_fd19eca292dcfae6,MG1655,1734400,1737600,1736000.0,small,WIN_small_fd19eca292dcfae6,0.8196250093533215,3200,0.6666500398263572,0.8196250093533215,shape,1.088754008390144,0.6485041136236077,0.6485041136236077,0.8196250093533214,4,2,0,1730400,1737600,6,3200,3211200,970
EQREG_small_bb6b10553e2ee551,MG1655,3902800,3906000,3904400.0,small,WIN_small_bb6b10553e2ee551,0.8195910057138922,3200,0.3988295169573483,0.8195910057138922,shape,0.6412354170588432,0.9979465943689413,0.6412354170588432,0.8195910057138922,7,8,5,3892800,3912000,20,3200,3214400,971
EQREG_small_bd56f9e03f3e44bd,MG1655,1858800,1862000,1860400.0,small,WIN_small_bd56f9e03f3e44bd,0.8193191681183236,3200,0.2286072582730504,0.8193191681183236,shape,0.5549051292215542,1.0837332070150931,0.5549051292215542,0.8193191681183236,4,0,0,1858800,1863200,4,3200,3215600,972
EQREG_small_b0696f1853374acf,MG1655,2289200,2292400,2290800.0,small,WIN_small_b0696f1853374acf,0.8189205226018068,3200,0.012740548617918925,0.8189205226018068,shape,0.012952502993899455,1.6253124509616752,0.012952502993899455,0.8189205226018061,7,8,4,2283200,2300800,19,3200,3218800,973
EQREG_small_be9f60b11e6188c1,MG1655,3084000,3087200,3085600.0,small,WIN_small_be9f60b11e6188c1,0.818708774909794,3200,0.424483998135907,0.818708774909794,shape,0.5684075996252014,1.0690099501943866,0.5684075996252014,0.8187087749097939,6,1,0,3082800,3089600,7,3200,3220800,974
EQREG_small_1f56ba535e436916,MG1655,4086000,4089200,4087600.0,small,WIN_small_1f56ba535e436916,0.8171650376583478,3200,0.5898725678861574,0.8171650376583478,shape,0.6485041136236077,0.9858259616930879,0.6485041136236077,0.8171650376583477,7,5,1,4083200,4096000,13,3200,3223600,975
EQREG_small_b2f0a712ba4e66cd,MG1655,2193600,2196800,2195200.0,small,WIN_small_b2f0a712ba4e66cd,0.8165606613221417,3200,0.24517420711888355,0.8165606613221417,shape,0.8273528072244779,0.8057685154198053,0.8057685154198053,0.8165606613221414,6,4,0,2190400,2199200,10,3200,3226000,976
EQREG_small_1a15fba8465c6b5c,MG1655,4494800,4498000,4496400.0,small,WIN_small_1a15fba8465c6b5c,0.8158994558531709,3200,0.5667590362838837,0.8158994558531709,shape,0.7157564217204986,0.9160424899858434,0.7157564217204986,0.8158994558531709,7,4,0,4493600,4502400,11,3200,3229200,977
EQREG_small_e2cbee3df5829dff,MG1655,1584400,1587600,1586000.0,small,WIN_small_e2cbee3df5829dff,0.815365268029158,3200,0.050414788231784954,0.815365268029158,shape,0.8529907442387542,0.7777397918195618,0.7777397918195618,0.8153652680291579,6,1,0,1581600,1588400,7,3200,3231600,978
EQREG_medium_5ce63891986a3084,MG1655,601600,608000,604800.0,medium,WIN_medium_5ce63891986a3084,0.8152430283297014,6400,0.0761959798285472,0.8152430283297014,shape,0.6577601415260643,0.9727259151333384,0.6577601415260643,0.8152430283297012,12,6,3,593600,609600,21,6400,3236400,979
EQREG_small_6ecedf354c42e6bc,MG1655,920400,923600,922000.0,small,WIN_small_6ecedf354c42e6bc,0.8144086890288353,3200,0.8144086890288353,0.04213079021231844,density,0.8385610288161128,0.7902563492415577,0.7902563492415577,0.8144086890288351,2,0,0,920000,923600,2,3200,3236800,980
EQREG_small_e95921ec536dd77e,MG1655,3529200,3532400,3530800.0,small,WIN_small_e95921ec536dd77e,0.8141349687553295,3200,0.4975835686801524,0.8141349687553295,shape,0.6503404566636051,0.977929480847054,0.6503404566636051,0.8141349687553294,5,0,0,3528000,3532800,5,3200,3238800,981
EQREG_small_d18be3eb4c08f6be,MG1655,2497200,2500400,2498800.0,small,WIN_small_d18be3eb4c08f6be,0.8140355195935494,3200,0.5140582629418382,0.8140355195935494,shape,1.2239119101801301,0.5167474272288394,0.5167474272288394,0.8140355195935491,4,0,0,2496000,2500400,4,3200,3240000,982
EQREG_small_1204531a1711870c,MG1655,3807200,3810400,3808800.0,small,WIN_small_1204531a1711870c,0.8135389558259334,3200,0.37881833640111595,0.8135389558259334,shape,0.9026785284278619,0.7243993832240049,0.7243993832240049,0.8135389558259332,7,3,1,3806000,3819200,11,3200,3242800,983
EQREG_small_0db29dd4ef869021,MG1655,188800,192000,190400.0,small,WIN_small_0db29dd4ef869021,0.8124175975939377,3200,0.6415384628522429,0.8124175975939377,shape,0.8084086115860136,0.8164265836018618,0.8084086115860136,0.8124175975939377,5,2,0,184800,192400,7,3200,3244800,984
EQREG_small_c2e5a15be0c83bf3,MG1655,408000,411200,409600.0,small,WIN_small_c2e5a15be0c83bf3,0.8119575397079706,3200,0.20338971729432906,0.8119575397079706,shape,0.7679799545304055,0.8559351248855356,0.7679799545304055,0.8119575397079704,3,0,0,407200,411200,3,3200,3245600,985
EQREG_small_2df31a2bc42df411,MG1655,1924000,1927200,1925600.0,small,WIN_small_2df31a2bc42df411,0.811359281122258,3200,0.811359281122258,0.4424666478190413,density,0.8273528072244779,0.795365755020038,0.795365755020038,0.8113592811222579,3,0,0,1924000,1928000,3,3200,3246400,986
EQREG_small_17e7b18176453626,MG1655,2641600,2644800,2643200.0,small,WIN_small_17e7b18176453626,0.8110648552297538,3200,0.8110648552297538,0.062076604349950104,density,0.8110648552297538,0.8110648552297538,0.8110648552297538,0.8110648552297536,4,2,0,2641600,2648800,6,3200,3248000,987
EQREG_small_ee486f69825c9e08,MG1655,3628000,3631200,3629600.0,small,WIN_small_ee486f69825c9e08,0.8102002455854579,3200,0.745644757070675,0.8102002455854579,shape,1.282889770139468,0.7010331648997922,0.7010331648997922,0.8102002455854578,7,3,0,3624800,3632800,10,3200,3251200,988
EQREG_medium_b9800b3a39d0d184,MG1655,2291200,2297600,2294400.0,medium,WIN_medium_b9800b3a39d0d184,0.8094573226908597,6400,0.13787681869681495,0.8094573226908597,shape,1.104004829772657,0.5149098156090622,0.5149098156090622,0.8094573226908597,13,4,0,2290800,2300000,17,6400,3256400,989
EQREG_small_6d95bf1a364ead26,MG1655,3251600,3254800,3253200.0,small,WIN_small_6d95bf1a364ead26,0.8089259370027063,3200,0.3043518194425765,0.8089259370027063,shape,0.7051891246709499,0.9126627493344628,0.7051891246709499,0.8089259370027062,7,2,0,3248800,3256000,9,3200,3259200,990
EQREG_small_11348377854e2291,MG1655,3352800,3356000,3354400.0,small,WIN_small_11348377854e2291,0.8086105451666491,3200,0.8086105451666491,0.3650827377439885,density,0.8218553353132602,0.795365755020038,0.795365755020038,0.808610545166649,4,2,0,3352800,3360000,6,3200,3260800,991
EQREG_small_b8c4689b18e3ab07,MG1655,440800,444000,442400.0,small,WIN_small_b8c4689b18e3ab07,0.8085782231718808,3200,0.3418472927448762,0.8085782231718808,shape,0.9263424466256553,0.6908139997181062,0.6908139997181062,0.8085782231718806,6,3,0,440000,448000,9,3200,3263200,992
EQREG_small_7ffbe20e67e34d42,MG1655,4396800,4400000,4398400.0,small,WIN_small_7ffbe20e67e34d42,0.807667108892083,3200,0.807667108892083,0.21423364380434523,density,0.7852063565049161,0.8301278612792501,0.7852063565049161,0.807667108892083,1,0,0,4396800,4400000,1,3200,3263200,993
EQREG_small_c0a8e7e7236d6e68,MG1655,3130400,3133600,3132000.0,small,WIN_small_c0a8e7e7236d6e68,0.8074580118697144,3200,0.009997062938604098,0.8074580118697144,shape,0.0083121098407749,1.6082791116628947,0.0083121098407749,0.8074580118697138,7,7,1,3126400,3139200,15,3200,3266400,994
EQREG_small_e02ce335780dc19d,MG1655,1896000,1899200,1897600.0,small,WIN_small_e02ce335780dc19d,0.8058403114994647,3200,0.541462423831556,0.8058403114994647,shape,0.7467906554604673,0.864889967538462,0.7467906554604673,0.8058403114994646,4,0,0,1894800,1899200,4,3200,3267600,995
EQREG_small_3597507bcebc8b5d,MG1655,3771200,3774400,3772800.0,small,WIN_small_3597507bcebc8b5d,0.8058004218579411,3200,0.8058004218579411,0.277851983628284,density,0.8005359884861283,0.8110648552297538,0.8005359884861283,0.8058004218579409,4,1,0,3768000,3774400,5,3200,3269200,996
EQREG_small_e90745134cb67cd7,MG1655,712400,715600,714000.0,small,WIN_small_e90745134cb67cd7,0.8045516000555594,3200,0.8045516000555594,0.3505459882649525,density,0.8137374450910807,0.795365755020038,0.795365755020038,0.8045516000555593,6,2,0,711600,719200,8,3200,3271600,997
EQREG_small_1d51eb05fc0a4c3d,MG1655,1738000,1741200,1739600.0,small,WIN_small_1d51eb05fc0a4c3d,0.8039417356110137,3200,0.3711882272213557,0.8039417356110137,shape,1.0938335339194187,0.5140499373026086,0.5140499373026086,0.8039417356110137,5,0,0,1737600,1742400,5,3200,3273200,998
EQREG_small_0760a1c636475d01,MG1655,1815200,1818400,1816800.0,small,WIN_small_0760a1c636475d01,0.8031758947469312,3200,0.14058511083180042,0.8031758947469312,shape,0.7979431779078487,0.8084086115860136,0.7979431779078487,0.8031758947469312,5,2,0,1811200,1818800,7,3200,3275200,999
EQREG_small_cc6718802b7b4e95,MG1655,3722400,3725600,3724000.0,small,WIN_small_cc6718802b7b4e95,0.8031758947469312,3200,0.8031758947469312,0.417593386788047,density,0.7979431779078487,0.8084086115860136,0.7979431779078487,0.8031758947469312,6,0,0,3721200,3726400,6,3200,3277200,1000
EQREG_small_ad0cb4379cf6c429,MG1655,3836800,3840000,3838400.0,small,WIN_small_ad0cb4379cf6c429,0.8027979186011027,3200,0.7869912481752703,0.8027979186011027,shape,0.8084086115860136,0.8833733732324752,0.8084086115860136,0.8027979186011027,3,0,0,3836000,3840000,3,3200,3278000,1001
EQREG_small_b4ec9666e1a92d13,MG1655,3189600,3192800,3191200.0,small,WIN_small_b4ec9666e1a92d13,0.8011519652016319,3200,0.8011519652016319,0.08940354330662977,density,0.8929186911387056,0.7093852392645581,0.7093852392645581,0.8011519652016317,7,7,5,3184000,3203200,19,3200,3281200,1002
EQREG_small_cf45193d7d0150cd,MG1655,2940800,2944000,2942400.0,small,WIN_small_cf45193d7d0150cd,0.8008710502323748,3200,0.5266953355066468,0.8008710502323748,shape,0.6788601859486008,0.9228819145161489,0.6788601859486008,0.8008710502323746,4,0,0,2940800,2945200,4,3200,3282800,1003
EQREG_small_fec92a10f15f1498,MG1655,3318400,3321600,3320000.0,small,WIN_small_fec92a10f15f1498,0.8006528117808878,3200,0.5488944178349588,0.8006528117808878,shape,0.765573884764527,0.8357317387972485,0.765573884764527,0.8006528117808877,4,0,0,3317200,3321600,4,3200,3284400,1004
EQREG_small_16a0cbf8b3fbf504,MG1655,3670800,3674000,3672400.0,small,WIN_small_16a0cbf8b3fbf504,0.8004503579969127,3200,0.32213380858718477,0.8004503579969127,shape,0.5461312049140491,1.0547695110797763,0.5461312049140491,0.8004503579969127,7,8,6,3660800,3681600,21,3200,3287600,1005
EQREG_medium_be0080cccb08c6aa,MG1655,1483200,1489600,1486400.0,medium,WIN_medium_be0080cccb08c6aa,0.7994810243034364,6400,0.14066096579329285,0.7994810243034364,shape,1.0672820227479174,0.5316800258589554,0.5316800258589554,0.7994810243034363,12,4,0,1481600,1490800,16,6400,3292000,1006
EQREG_small_2a6aed526d0e912e,MG1655,2172000,2175200,2173600.0,small,WIN_small_2a6aed526d0e912e,0.7990539079048278,3200,0.7990539079048278,0.07606728658269475,density,0.8301278612792501,0.7679799545304055,0.7679799545304055,0.7990539079048276,6,3,2,2161600,2176000,11,3200,3294400,1007
EQREG_small_aff68681247f901a,MG1655,987200,990400,988800.0,small,WIN_small_aff68681247f901a,0.7980509165560284,3200,0.7980509165560284,0.6300471269462521,density,0.8329207614634202,0.7631810716486367,0.7631810716486367,0.7980509165560283,2,0,0,987200,990800,2,3200,3294800,1008
EQREG_small_2b053e8000f2d12e,MG1655,1674000,1677200,1675600.0,small,WIN_small_2b053e8000f2d12e,0.7978508730218885,3200,0.7978508730218885,0.3490396637251927,density,0.8301278612792501,0.765573884764527,0.765573884764527,0.7978508730218884,2,0,0,1673600,1677200,2,3200,3295200,1009
EQREG_small_7c2d3232748175fa,MG1655,3947600,3950800,3949200.0,small,WIN_small_7c2d3232748175fa,0.7966544664639434,3200,0.7966544664639434,0.06792851981763416,density,0.8301278612792501,0.7631810716486367,0.7631810716486367,0.7966544664639432,4,2,0,3943200,3950800,6,3200,3296800,1010
EQREG_small_6c985f814af04ad5,MG1655,1850800,1854000,1852400.0,small,WIN_small_6c985f814af04ad5,0.7957614676415318,3200,0.23454332849831355,0.7957614676415318,shape,0.6788601859486008,0.9126627493344628,0.6788601859486008,0.7957614676415317,7,0,0,1849600,1855200,7,3200,3300000,1011
EQREG_small_997b00ae78bceb6b,MG1655,436400,439600,438000.0,small,WIN_small_997b00ae78bceb6b,0.7956396330885855,3200,0.7956396330885855,0.6160154549909973,density,0.795365755020038,0.8110648552297538,0.795365755020038,0.7956396330885853,2,0,0,436400,440000,2,3200,3300400,1012
EQREG_small_ef2a5c0893f832ee,MG1655,4278400,4281600,4280000.0,small,WIN_small_ef2a5c0893f832ee,0.7956396330885855,3200,0.7956396330885855,0.43343348355480504,density,0.7802144109474172,0.8110648552297538,0.7802144109474172,0.7956396330885853,5,1,0,4278000,4284800,6,3200,3302400,1013
EQREG_small_d85b1a7480dca708,MG1655,2906800,2910000,2908400.0,small,WIN_small_d85b1a7480dca708,0.7947659528158026,3200,0.7947659528158026,0.6251735211802545,density,0.7703994286538184,0.8191324769777868,0.7703994286538184,0.7947659528158024,4,2,0,2902400,2910000,6,3200,3304000,1014
EQREG_small_97bff84892f7dfa3,MG1655,1776800,1780000,1778400.0,small,WIN_small_97bff84892f7dfa3,0.7946219434010033,3200,0.07442104817832496,0.7946219434010033,shape,0.6558965386076927,0.9333473481943139,0.6558965386076927,0.794621943401003,3,2,0,1774400,1781600,5,3200,3304800,1015
EQREG_small_9dcb1735e6b334d1,MG1655,2781600,2784800,2783200.0,small,WIN_small_9dcb1735e6b334d1,0.7945764865783645,3200,0.7945764865783645,0.03782598555070984,density,0.8559351248855356,0.7332178482711935,0.7332178482711935,0.7945764865783644,4,0,0,2780800,2785200,4,3200,3306000,1016
EQREG_small_c2bd729aa17e127e,MG1655,2314000,2317200,2315600.0,small,WIN_small_c2bd729aa17e127e,0.7930742017027876,3200,0.7930742017027876,0.432290668537614,density,0.8084086115860136,0.7777397918195618,0.7777397918195618,0.7930742017027876,4,2,1,2304000,2317200,7,3200,3307600,1017
EQREG_small_35ad012066efc4b9,MG1655,3239200,3242400,3240800.0,small,WIN_small_35ad012066efc4b9,0.7929538651849108,3200,0.48970214627780484,0.7929538651849108,shape,1.120162472641768,0.5100348595657724,0.5100348595657724,0.7929538651849107,5,0,0,3238800,3243600,5,3200,3309200,1018
EQREG_small_9164dfceafb99540,MG1655,3141600,3144800,3143200.0,small,WIN_small_9164dfceafb99540,0.7927509484066618,3200,0.7347824774662652,0.7927509484066618,shape,0.8301278612792501,0.8865318924773049,0.8301278612792501,0.7927509484066617,4,0,0,3140400,3144800,4,3200,3310800,1019
EQREG_small_67393f2dc146f44c,MG1655,4073600,4076800,4075200.0,small,WIN_small_67393f2dc146f44c,0.7915299437484977,3200,0.7915299437484977,0.24444593173209417,density,0.7928035382554376,0.7902563492415577,0.7902563492415577,0.7915299437484976,4,0,0,4072400,4076800,4,3200,3312400,1020
EQREG_small_54e701db088b86fe,MG1655,925200,928400,926800.0,small,WIN_small_54e701db088b86fe,0.7907693571882313,3200,0.7907693571882313,0.3080681731492907,density,0.8301278612792501,0.7514108530972126,0.7514108530972126,0.7907693571882312,2,0,0,925200,928800,2,3200,3312800,1021
EQREG_small_27ad51fe71575e98,MG1655,3489600,3492800,3491200.0,small,WIN_small_27ad51fe71575e98,0.7906577305775628,3200,0.46038499128759847,0.7906577305775628,shape,0.7072821141767938,0.8740333469783318,0.7072821141767938,0.7906577305775626,7,2,0,3488400,3496000,9,3200,3315600,1022
EQREG_large_364f26ded3bb3bd9,MG1655,4513600,4526400,4520000.0,large,WIN_large_364f26ded3bb3bd9,0.7900504736833514,12800,0.21124654700251733,0.7900504736833514,shape,0.9149892102916514,0.6651117370750514,0.6651117370750514,0.7900504736833514,16,8,4,4508800,4526400,28,12800,3322000,1023
EQREG_small_e0a18d87c7998e04,MG1655,4632000,4635200,4633600.0,small,WIN_small_e0a18d87c7998e04,0.7896556649278039,3200,0.7896556649278039,0.06689279797789564,density,0.765573884764527,0.8137374450910807,0.765573884764527,0.7896556649278037,4,4,2,4627200,4641600,10,3200,3323600,1024
EQREG_small_5fbf661934cf966d,MG1655,1124800,1128000,1126400.0,small,WIN_small_5fbf661934cf966d,0.7894632044323435,3200,0.5425324200324129,0.7894632044323435,shape,0.9587944704067933,0.6201319384578936,0.6201319384578936,0.7894632044323433,1,1,1,1120000,1132800,3,3200,3323600,1025
EQREG_small_384c2d388adb8996,MG1655,4635600,4638800,4637200.0,small,WIN_small_384c2d388adb8996,0.7881942830582095,3200,0.24846639261783696,0.7881942830582095,shape,1.0690099501943866,0.5073786159220324,0.5073786159220324,0.7881942830582095,7,3,0,4633600,4641600,10,3200,3326800,1026
EQREG_medium_a94ef2ffddfa961c,MG1655,2160000,2166400,2163200.0,medium,WIN_medium_a94ef2ffddfa961c,0.7876991332968193,6400,0.10915216327030247,0.7876991332968193,shape,0.552698376498462,1.0226998900951767,0.552698376498462,0.7876991332968193,10,5,1,2159200,2172800,16,6400,3330800,1027
EQREG_small_062b49d34189cda6,MG1655,4311600,4314800,4313200.0,small,WIN_small_062b49d34189cda6,0.7876726386427237,3200,0.2960129675012296,0.7876726386427237,shape,0.9194487386777549,0.6558965386076927,0.6558965386076927,0.7876726386427235,7,6,5,4305600,4324800,18,3200,3333600,1028
EQREG_small_42bd7ef27e48bcf9,MG1655,4076800,4080000,4078400.0,small,WIN_small_42bd7ef27e48bcf9,0.7869912481752703,3200,0.7869912481752703,0.11884661948906503,density,0.8084086115860136,0.765573884764527,0.765573884764527,0.7869912481752703,1,0,0,4076800,4080000,1,3200,3333600,1029
EQREG_small_b94ac33f8619d48d,MG1655,3666400,3669600,3668000.0,small,WIN_small_b94ac33f8619d48d,0.7860132044295641,3200,0.01700088297962106,0.7860132044295641,shape,1.4917735425914573,0.08025286626767093,0.08025286626767093,0.7860132044295637,7,5,2,3657600,3672000,14,3200,3336800,1030
EQREG_small_0cbd9718492b09b8,MG1655,4147600,4150800,4149200.0,small,WIN_small_0cbd9718492b09b8,0.7856930140698783,3200,0.2945613364185207,0.7856930140698783,shape,0.6485041136236077,0.9228819145161489,0.6485041136236077,0.7856930140698781,7,7,4,4140800,4158400,18,3200,3340000,1031
EQREG_small_4f7174442f238185,MG1655,2927200,2930400,2928800.0,small,WIN_small_4f7174442f238185,0.7854677085699733,3200,0.7854677085699733,0.35434918064570164,density,0.8005359884861283,0.7703994286538184,0.7703994286538184,0.7854677085699733,4,0,0,2927200,2931600,4,3200,3341600,1032
EQREG_small_ad6feee8f792b3c3,MG1655,443600,446800,445200.0,small,WIN_small_ad6feee8f792b3c3,0.7854168654714967,3200,0.2040377845657722,0.7854168654714967,shape,1.0232524596337116,0.5475812713092818,0.5475812713092818,0.7854168654714967,7,0,0,442400,448000,7,3200,3344400,1033
EQREG_medium_32a59de772e9d630,MG1655,1600,8000,4800.0,medium,WIN_medium_32a59de772e9d630,0.7853049829035822,6400,0.3445089176282532,0.7853049829035822,shape,0.8796088911424209,0.6910010746647435,0.6910010746647435,0.7853049829035821,15,4,0,0,9200,19,6400,3350400,1034
EQREG_medium_cb87b97b105d5858,MG1655,597600,604000,600800.0,medium,WIN_medium_cb87b97b105d5858,0.7840101237241344,6400,0.038886651188451804,0.7840101237241344,shape,0.3949344985323124,1.1730857489159563,0.3949344985323124,0.7840101237241343,10,5,0,595200,604800,15,6400,3354400,1035
EQREG_small_c00cc7c8aa31e7d1,MG1655,1644400,1647600,1646000.0,small,WIN_small_c00cc7c8aa31e7d1,0.7839764261506813,3200,0.10379015281103651,0.7839764261506813,shape,0.6485041136236077,0.9194487386777549,0.6485041136236077,0.7839764261506812,7,6,2,1638400,1652800,15,3200,3357200,1036
EQREG_small_1f8d289878ebc80f,MG1655,3366800,3370000,3368400.0,small,WIN_small_1f8d289878ebc80f,0.7834648045462174,3200,0.20436904511100096,0.7834648045462174,shape,1.1781544196194549,0.38877518947297984,0.38877518947297984,0.7834648045462173,7,6,0,3364000,3374400,13,3200,3360400,1037
EQREG_small_d7697ff5ba620934,MG1655,3780400,3783600,3782000.0,small,WIN_small_d7697ff5ba620934,0.7810740635009044,3200,0.7810740635009044,0.0878211895275121,density,0.7537395154157952,0.8084086115860136,0.7537395154157952,0.7810740635009044,4,2,0,3776000,3783600,6,3200,3362000,1038
EQREG_small_ae7b3a08b8fd4362,MG1655,1217200,1220400,1218800.0,small,WIN_small_ae7b3a08b8fd4362,0.7786530325083728,3200,0.7786530325083728,0.05600727399817784,density,0.8218553353132602,0.7354507297034855,0.7354507297034855,0.7786530325083727,7,2,0,1214400,1221600,9,3200,3364800,1039
EQREG_small_da984f5e643ea82b,MG1655,4351600,4354800,4353200.0,small,WIN_small_da984f5e643ea82b,0.7781678342162646,3200,0.600619698982588,0.7781678342162646,shape,0.8929186911387056,0.6634169772938237,0.6634169772938237,0.7781678342162645,7,4,0,4350400,4359200,11,3200,3368000,1040
EQREG_small_22eab6be7b3f677d,MG1655,1335600,1338800,1337200.0,small,WIN_small_22eab6be7b3f677d,0.7770119545692733,3200,0.3539843729558819,0.7770119545692733,shape,0.6768994851830729,0.8771244239554736,0.6768994851830729,0.7770119545692731,7,4,0,1331200,1340000,11,3200,3371200,1041
EQREG_small_4dea4eeb5e39ff6b,MG1655,1598400,1601600,1600000.0,small,WIN_small_4dea4eeb5e39ff6b,0.7755496780606149,3200,0.077051539207525,0.7755496780606149,shape,0.7010331648997922,0.8500661912214377,0.7010331648997922,0.7755496780606148,4,4,0,1594400,1603200,8,3200,3372800,1042
EQREG_small_79bb584a7e8f95f2,MG1655,3774400,3777600,3776000.0,small,WIN_small_79bb584a7e8f95f2,0.7732440589662546,3200,0.7157616911974503,0.7732440589662546,shape,0.8961476612689041,0.7136222922078127,0.7136222922078127,0.7732440589662544,4,2,0,3774400,3781600,6,3200,3374400,1043
EQREG_small_23a5f45a98782518,MG1655,3645600,3648800,3647200.0,small,WIN_small_23a5f45a98782518,0.7721755131980312,3200,0.4025987828371924,0.7721755131980312,shape,0.667226602440589,0.8771244239554736,0.667226602440589,0.772175513198031,4,0,0,3644400,3648800,4,3200,3376000,1044
EQREG_small_03cb9e5d585f44a3,MG1655,851200,854400,852800.0,small,WIN_small_03cb9e5d585f44a3,0.7719842782751019,3200,0.281495896931817,0.7719842782751019,shape,0.9740344369635299,0.5699341195866738,0.5699341195866738,0.7719842782751019,5,2,1,841600,854800,8,3200,3378000,1045
EQREG_small_3eba403d87d42466,MG1655,1993200,1996400,1994800.0,small,WIN_small_3eba403d87d42466,0.7716977412980269,3200,0.7716977412980269,0.3229523844556751,density,0.7802144109474172,0.7631810716486367,0.7631810716486367,0.7716977412980268,4,0,0,1993200,1997600,4,3200,3379600,1046
EQREG_small_cca97d0714553a6b,MG1655,4416400,4419600,4418000.0,small,WIN_small_cca97d0714553a6b,0.7716568382920443,3200,0.7716568382920443,0.11081287329537376,density,0.765573884764527,0.7777397918195618,0.765573884764527,0.7716568382920443,4,2,1,4416400,4430400,7,3200,3381200,1047
EQREG_small_c4dbeb75ccf2947e,MG1655,1996400,1999600,1998000.0,small,WIN_small_c4dbeb75ccf2947e,0.770365545457321,3200,0.22463694337774615,0.770365545457321,shape,0.5549051292215542,0.9858259616930879,0.5549051292215542,0.770365545457321,4,0,0,1995200,1999600,4,3200,3382800,1048
EQREG_small_a09546821ff8a27a,MG1655,3076800,3080000,3078400.0,small,WIN_small_a09546821ff8a27a,0.7702436097081451,3200,0.7702436097081451,0.2697241184533161,density,0.8005359884861283,0.7399512309301619,0.7399512309301619,0.7702436097081451,7,4,0,3073600,3082400,11,3200,3386000,1049
EQREG_small_67d49becf81a57eb,MG1655,292400,295600,294000.0,small,WIN_small_67d49becf81a57eb,0.770101437820107,3200,0.770101437820107,0.03741627015186408,density,0.8329207614634202,0.7072821141767938,0.7072821141767938,0.7701014378201069,7,4,1,291200,304000,12,3200,3389200,1050
EQREG_medium_cfdf4597fafe1f4e,MG1655,251200,257600,254400.0,medium,WIN_medium_cfdf4597fafe1f4e,0.7700119001010444,6400,0.36133204146004055,0.7700119001010444,shape,0.9727259151333384,0.5672978850687505,0.5672978850687505,0.7700119001010443,15,7,4,248000,265600,26,6400,3395600,1051
EQREG_small_481f0ccdad7d2722,MG1655,4150000,4153200,4151600.0,small,WIN_small_481f0ccdad7d2722,0.7699323068504603,3200,0.7699323068504603,0.7565253147982995,density,0.8057685154198053,0.795365755020038,0.795365755020038,0.7699323068504602,6,3,0,4149200,4157600,9,3200,3398000,1052
EQREG_small_6d7a2191b3211042,MG1655,3188000,3191200,3189600.0,small,WIN_small_6d7a2191b3211042,0.7697565502719041,3200,0.7697565502719041,0.05952236459485092,density,0.8301278612792501,0.7093852392645581,0.7093852392645581,0.7697565502719039,4,2,0,3184000,3191200,6,3200,3399600,1053
EQREG_small_e27e6d3e5574c36b,MG1655,2262400,2265600,2264000.0,small,WIN_small_e27e6d3e5574c36b,0.7694324498521091,3200,0.7694324498521091,0.08671079363636502,density,0.6887987084827806,0.8500661912214377,0.6887987084827806,0.769432449852109,4,0,0,2262400,2266800,4,3200,3401200,1054
EQREG_small_bde1df0a3addded7,MG1655,2945600,2948800,2947200.0,small,WIN_small_bde1df0a3addded7,0.7677388137605364,3200,0.36541839842210355,0.7677388137605364,shape,0.8385610288161128,0.69691659870496,0.69691659870496,0.7677388137605363,4,1,0,2945600,2952000,5,3200,3402800,1055
EQREG_small_91ca378cb57892b8,MG1655,4585200,4588400,4586800.0,small,WIN_small_91ca378cb57892b8,0.7676584929750999,3200,0.7322776304470526,0.7676584929750999,shape,1.006219120334931,0.7200564022132226,0.7200564022132226,0.7676584929750999,4,2,0,4585200,4592800,6,3200,3404400,1056
EQREG_small_9e3f0f5cb341cae4,MG1655,1867200,1870400,1868800.0,small,WIN_small_9e3f0f5cb341cae4,0.7667769196474662,3200,0.2857948416173251,0.7667769196474662,shape,0.46454388910054584,1.0690099501943866,0.46454388910054584,0.7667769196474662,7,2,0,1865600,1872800,9,3200,3407600,1057
EQREG_small_897cfba6edddd07e,MG1655,3203200,3206400,3204800.0,small,WIN_small_897cfba6edddd07e,0.7632072955772904,3200,0.41103772872236266,0.7632072955772904,shape,0.6430412179221056,0.8833733732324752,0.6430412179221056,0.7632072955772902,4,2,0,3203200,3210400,6,3200,3409200,1058
EQREG_small_8a0d06c53f1cc540,MG1655,1793600,1796800,1795200.0,small,WIN_small_8a0d06c53f1cc540,0.7632072955772903,3200,0.7632072955772903,0.639600300907075,density,0.8357317387972485,0.7679799545304055,0.7679799545304055,0.7632072955772902,4,0,0,1793600,1798000,4,3200,3410800,1059
EQREG_small_60d35636b0eec67f,MG1655,914400,917600,916000.0,small,WIN_small_60d35636b0eec67f,0.7626768773006475,3200,0.11578356544287954,0.7626768773006475,shape,0.8385610288161128,0.6867927257851821,0.6867927257851821,0.7626768773006474,2,0,0,914400,918000,2,3200,3411200,1060
EQREG_medium_babf614d269791be,MG1655,807200,813600,810400.0,medium,WIN_medium_babf614d269791be,0.7610023161868313,6400,0.036149706008781826,0.7610023161868313,shape,0.6268835750529945,0.8951210573206683,0.6268835750529945,0.7610023161868313,8,4,2,807200,822400,14,6400,3414400,1061
EQREG_medium_3721aa205a20bd43,MG1655,1962400,1968800,1965600.0,medium,WIN_medium_3721aa205a20bd43,0.7601138711972368,6400,0.1687780690137353,0.7601138711972368,shape,1.0020152912353257,0.5182124511591479,0.5182124511591479,0.7601138711972366,15,6,0,1960000,1970400,21,6400,3420800,1062
EQREG_small_cf265e46122feb84,MG1655,2484400,2487600,2486000.0,small,WIN_small_cf265e46122feb84,0.7588969254252859,3200,0.7588969254252859,0.09678080005274647,density,0.8084086115860136,0.7093852392645581,0.7093852392645581,0.7588969254252859,4,0,0,2484400,2488800,4,3200,3422400,1063
EQREG_small_05fab22c9e8b4ae7,MG1655,1331600,1334800,1333200.0,small,WIN_small_05fab22c9e8b4ae7,0.758178234137245,3200,0.3643252149679769,0.758178234137245,shape,0.674947596585551,0.8414088716889391,0.674947596585551,0.7581782341372449,7,3,0,1328800,1336800,10,3200,3425600,1064
EQREG_small_2d9bbf1e106be126,MG1655,3726800,3730000,3728400.0,small,WIN_small_2d9bbf1e106be126,0.7580245378413736,3200,0.23296159161666746,0.7580245378413736,shape,0.9160424899858434,0.6000065856969038,0.6000065856969038,0.7580245378413735,5,3,0,3726400,3734400,8,3200,3427600,1065
EQREG_small_4c97cd10f4ddb75c,MG1655,4577200,4580400,4578800.0,small,WIN_small_4c97cd10f4ddb75c,0.7578453628814037,3200,0.7578453628814037,0.1458612530385427,density,0.8084086115860136,0.7072821141767938,0.7072821141767938,0.7578453628814037,7,6,0,4572800,4583200,13,3200,3430800,1066
EQREG_large_99e7b2641cee16ee,MG1655,3100800,3113600,3107200.0,large,WIN_large_99e7b2641cee16ee,0.7565770788680449,12800,0.18351306102892573,0.7565770788680449,shape,0.8480424206610384,0.6651117370750514,0.6651117370750514,0.7565770788680448,20,10,5,3099200,3118400,35,12800,3438800,1067
EQREG_small_43fb05960bbae873,MG1655,651600,654800,653200.0,small,WIN_small_43fb05960bbae873,0.7564681030364216,3200,0.09853507439714987,0.7564681030364216,shape,0.8588996038492746,0.6540366022235687,0.6540366022235687,0.7564681030364215,5,3,0,647200,655200,8,3200,3440800,1068
EQREG_small_bea31aa21e922d2d,MG1655,2863600,2866800,2865200.0,small,WIN_small_bea31aa21e922d2d,0.7556117305279655,3200,0.14160960894712024,0.7556117305279655,shape,0.977929480847054,0.5332939802088769,0.5332939802088769,0.7556117305279654,7,2,0,2860800,2868000,9,3200,3443600,1069
EQREG_small_e98808f01e671f74,MG1655,4427600,4430800,4429200.0,small,WIN_small_e98808f01e671f74,0.7549858635545521,3200,0.5255752857435658,0.7549858635545521,shape,0.8559351248855356,0.6540366022235687,0.6540366022235687,0.754985863554552,7,8,3,4419200,4435200,18,3200,3446800,1070
EQREG_small_383acffdefbbf19b,MG1655,2696400,2699600,2698000.0,small,WIN_small_383acffdefbbf19b,0.7535575685974591,3200,0.42173873728677647,0.7535575685974591,shape,0.9263424466256553,0.5807726905692631,0.5807726905692631,0.7535575685974589,4,2,0,2692000,2699600,6,3200,3448400,1071
EQREG_small_835992c2e12fec32,MG1655,158800,162000,160400.0,small,WIN_small_835992c2e12fec32,0.7534133742728186,3200,0.610890235610887,0.7534133742728186,shape,0.8709641152506552,0.6358626332949822,0.6358626332949822,0.7534133742728185,7,6,0,156000,166400,13,3200,3451600,1072
EQREG_small_ec97dd991ba26cf1,MG1655,3316800,3320000,3318400.0,small,WIN_small_ec97dd991ba26cf1,0.7526501142920823,3200,0.7526501142920823,0.11461359575840813,density,0.7444988586808826,0.7608013699032821,0.7444988586808826,0.7526501142920823,1,0,0,3316800,3320000,1,3200,3451600,1073
EQREG_medium_6d021b8c69851149,MG1655,1080800,1087200,1084000.0,medium,WIN_medium_6d021b8c69851149,0.7519058137738219,6400,0.02973659098511467,0.7519058137738219,shape,0.7604224834232121,0.7433891441244318,0.7433891441244318,0.7519058137738219,15,7,4,1072000,1089600,26,6400,3458000,1074
EQREG_small_39a6593d0af04958,MG1655,2824000,2827200,2825600.0,small,WIN_small_39a6593d0af04958,0.7517402172233306,3200,0.7517402172233306,0.13481001708150556,density,0.7877240127261627,0.7157564217204986,0.7157564217204986,0.7517402172233305,4,2,0,2820000,2827200,6,3200,3459600,1075
EQREG_small_4bf9cb7e6ade1fe8,MG1655,462400,465600,464000.0,small,WIN_small_4bf9cb7e6ade1fe8,0.7515661512893993,3200,0.7515661512893993,0.05923180618864757,density,0.7631810716486367,0.7399512309301619,0.7399512309301619,0.7515661512893993,2,0,0,462400,466000,2,3200,3460000,1076
EQREG_small_8b651cf8d1fe170a,MG1655,2652000,2655200,2653600.0,small,WIN_small_8b651cf8d1fe170a,0.7502650854381312,3200,0.7502650854381312,0.1209783054396835,density,0.7537395154157952,0.7467906554604673,0.7467906554604673,0.7502650854381312,5,1,0,2651600,2658400,6,3200,3462000,1077
EQREG_small_a3c277e5eafbd998,MG1655,4330400,4333600,4332000.0,small,WIN_small_a3c277e5eafbd998,0.7494881714038204,3200,0.7301276402006907,0.7494881714038204,shape,0.7679799545304055,0.7309963882772355,0.7309963882772355,0.7494881714038204,7,7,4,4320000,4337600,18,3200,3465200,1078
EQREG_small_fa114535a57f3f19,MG1655,2986800,2990000,2988400.0,small,WIN_small_fa114535a57f3f19,0.7486772318599195,3200,0.7486772318599195,0.10715868780903684,density,0.8301278612792501,0.667226602440589,0.667226602440589,0.7486772318599193,4,0,0,2985600,2990000,4,3200,3466400,1079
EQREG_small_ca4ab7ea39d501c2,MG1655,3878800,3882000,3880400.0,small,WIN_small_ca4ab7ea39d501c2,0.7479793039008895,3200,0.7479793039008895,0.6098426623718831,density,0.7537395154157952,0.8329207614634202,0.7537395154157952,0.7479793039008895,1,0,0,3878800,3882000,1,3200,3466400,1080
EQREG_medium_1eef9e55d849281d,MG1655,2131200,2137600,2134400.0,medium,WIN_medium_1eef9e55d849281d,0.7477149294244337,6400,0.0394398786644426,0.7477149294244337,shape,1.0122344564170118,0.4831954024318556,0.4831954024318556,0.7477149294244336,15,7,4,2123200,2140800,26,6400,3472800,1081
EQREG_small_e106537f36a90034,MG1655,571200,574400,572800.0,small,WIN_small_e106537f36a90034,0.7475030634514783,3200,0.16304834585497407,0.7475030634514783,shape,0.9126627493344628,0.5823433775684937,0.5823433775684937,0.7475030634514781,7,7,6,561600,582400,20,3200,3476000,1082
EQREG_medium_4c7abd10258bf679,MG1655,594400,600800,597600.0,medium,WIN_medium_4c7abd10258bf679,0.7472421188980715,6400,0.03235152822276566,0.7472421188980715,shape,0.49246894656081713,1.0020152912353257,0.49246894656081713,0.7472421188980712,3,2,0,593600,600800,5,6400,3476800,1083
EQREG_small_d6bd49fb27b3e399,MG1655,3475600,3478800,3477200.0,small,WIN_small_d6bd49fb27b3e399,0.7468149727415982,3200,0.7468149727415982,0.30724750988620597,density,0.7514108530972126,0.7422190923859839,0.7422190923859839,0.7468149727415982,7,4,0,3474400,3483200,11,3200,3479600,1084
EQREG_small_f26f37cca612675c,MG1655,2436400,2439600,2438000.0,small,WIN_small_f26f37cca612675c,0.7465901417294964,3200,0.24554319147436515,0.7465901417294964,shape,0.5418098311314065,0.9513704523275864,0.5418098311314065,0.7465901417294962,7,3,0,2432800,2440800,10,3200,3482400,1085
EQREG_small_31e2585e4602396d,MG1655,2912400,2915600,2914000.0,small,WIN_small_31e2585e4602396d,0.7459836525603776,3200,0.7459836525603776,0.6324142572136595,density,0.8679164221686498,0.7631810716486367,0.7631810716486367,0.7459836525603776,2,0,0,2912400,2916000,2,3200,3482800,1086
EQREG_small_805db124aea4c12e,MG1655,1019200,1022400,1020800.0,small,WIN_small_805db124aea4c12e,0.7457173330208665,3200,0.7457173330208665,0.08815295910317636,density,0.7537395154157952,0.7376951506259378,0.7376951506259378,0.7457173330208664,4,0,0,1019200,1023600,4,3200,3484000,1087
EQREG_small_3c7244313e4d38e4,MG1655,2137600,2140800,2139200.0,small,WIN_small_3c7244313e4d38e4,0.7457173330208665,3200,0.7457173330208665,0.06808435844433937,density,0.7537395154157952,0.7376951506259378,0.7376951506259378,0.7457173330208664,4,1,0,2134400,2140800,5,3200,3485600,1088
EQREG_small_cdc0d754db3a4967,MG1655,1371200,1374400,1372800.0,small,WIN_small_cdc0d754db3a4967,0.7449685486894192,3200,0.020008741864136353,0.7449685486894192,shape,0.3857627301212008,1.1041743672576376,0.3857627301212008,0.7449685486894192,7,6,3,1368000,1384000,16,3200,3488800,1089
EQREG_small_69abbb307cd2fd0b,MG1655,3074800,3078000,3076400.0,small,WIN_small_69abbb307cd2fd0b,0.7449625205891772,3200,0.21917779009319993,0.7449625205891772,shape,0.6788601859486008,0.8110648552297538,0.6788601859486008,0.7449625205891772,5,0,0,3073600,3078400,5,3200,3490400,1090
EQREG_small_0a0ee2339556e407,MG1655,3404400,3407600,3406000.0,small,WIN_small_0a0ee2339556e407,0.744860068480199,3200,0.4639481668563546,0.744860068480199,shape,0.6000065856969038,0.8897135512634943,0.6000065856969038,0.7448600684801988,5,3,0,3404000,3412000,8,3200,3492400,1091
EQREG_small_cd8361e96a03f177,MG1655,2742400,2745600,2744000.0,small,WIN_small_cd8361e96a03f177,0.7444988586808826,3200,0.7444988586808826,0.5954686547283871,density,0.7631810716486367,0.7444988586808826,0.7444988586808826,0.7444988586808825,1,0,0,2742400,2745600,1,3200,3492400,1092
EQREG_small_b10be288b2f63425,MG1655,2283600,2286800,2285200.0,small,WIN_small_b10be288b2f63425,0.7442944395226581,3200,0.7442944395226581,0.28389419717725073,density,0.7728324573248175,0.7157564217204986,0.7157564217204986,0.7442944395226581,5,2,0,2283200,2290400,7,3200,3494400,1093
EQREG_small_93cb5ba06c678ba4,MG1655,3330800,3334000,3332400.0,small,WIN_small_93cb5ba06c678ba4,0.7422429030432025,3200,0.7422429030432025,0.25522461810411506,density,0.7467906554604673,0.7376951506259378,0.7376951506259378,0.7422429030432025,3,0,0,3330000,3334000,3,3200,3495200,1094
EQREG_small_6f0504d2bb7bd441,MG1655,655200,658400,656800.0,small,WIN_small_6f0504d2bb7bd441,0.7406237879236046,3200,0.7406237879236046,0.04508730967971549,density,0.7802144109474172,0.7010331648997922,0.7010331648997922,0.7406237879236046,2,0,0,655200,658800,2,3200,3495600,1095
EQREG_small_4e26faadb7b42b22,MG1655,4334800,4338000,4336400.0,small,WIN_small_4e26faadb7b42b22,0.7381561790858486,3200,0.2663135271475662,0.7381561790858486,shape,0.5534304436555485,0.9228819145161489,0.5534304436555485,0.7381561790858485,6,1,0,4332000,4338800,7,3200,3498000,1096
EQREG_small_3e01f21de80a87dc,MG1655,1355200,1358400,1356800.0,small,WIN_small_3e01f21de80a87dc,0.7374562679530581,3200,0.13452056089671374,0.7374562679530581,shape,0.8057685154198053,0.6691440204863107,0.6691440204863107,0.7374562679530579,1,1,0,1353600,1360000,2,3200,3498000,1097
EQREG_small_22af9d9f98d06c76,MG1655,3894000,3897200,3895600.0,small,WIN_small_22af9d9f98d06c76,0.7372641872320402,3200,0.6091546027329078,0.7372641872320402,shape,0.6032967111439537,1.0837332070150931,0.6032967111439537,0.73726418723204,7,4,0,3892800,3901600,11,3200,3500800,1098
EQREG_small_089e3ca95f8d12c7,MG1655,2714000,2717200,2715600.0,small,WIN_small_089e3ca95f8d12c7,0.7372118310555476,3200,0.20991960479908855,0.7372118310555476,shape,0.8385610288161128,0.6358626332949822,0.6358626332949822,0.7372118310555473,4,2,0,2709600,2717200,6,3200,3502400,1099
EQREG_small_ecb975fcc1517290,MG1655,846400,849600,848000.0,small,WIN_small_ecb975fcc1517290,0.7371943818015745,3200,0.31106975905811474,0.7371943818015745,shape,0.9059811639779475,0.5684075996252014,0.5684075996252014,0.7371943818015743,4,3,0,844800,852800,7,3200,3504000,1100
EQREG_small_6a2fb12f645412a3,MG1655,3999600,4002800,4001200.0,small,WIN_small_6a2fb12f645412a3,0.7370780892611317,3200,0.5500361530164932,0.7370780892611317,shape,0.6412354170588432,0.8329207614634202,0.6412354170588432,0.7370780892611315,7,2,0,3996800,4004000,9,3200,3507200,1101
EQREG_small_688f452905015d39,MG1655,679200,682400,680800.0,small,WIN_small_688f452905015d39,0.7369328111123049,3200,0.061622676690142666,0.7369328111123049,shape,0.40000316923581103,1.0738624529887988,0.40000316923581103,0.7369328111123049,4,0,0,679200,683600,4,3200,3508800,1102
EQREG_small_96b811095cfc3c91,MG1655,1715600,1718800,1717200.0,small,WIN_small_96b811095cfc3c91,0.7368631121096356,3200,0.38290865308328004,0.7368631121096356,shape,0.8084086115860136,0.6653176126332576,0.6653176126332576,0.7368631121096356,1,0,0,1715600,1718800,1,3200,3508800,1103
EQREG_small_348bfd136ef0903a,MG1655,2271200,2274400,2272800.0,small,WIN_small_348bfd136ef0903a,0.7354564994485657,3200,0.7354564994485657,0.6797735347390527,density,0.7376951506259378,0.7332178482711935,0.7332178482711935,0.7354564994485656,2,0,0,2271200,2274800,2,3200,3509200,1104
EQREG_small_88a0fadfc3e93f8f,MG1655,4436800,4440000,4438400.0,small,WIN_small_88a0fadfc3e93f8f,0.7352315929127152,3200,0.7352315929127152,0.08248167565806028,density,0.7631810716486367,0.7072821141767938,0.7072821141767938,0.7352315929127152,1,0,0,4436800,4440000,1,3200,3509200,1105
EQREG_small_51fa14c1f2f51b1b,MG1655,4393600,4396800,4395200.0,small,WIN_small_51fa14c1f2f51b1b,0.7348917918377351,3200,0.5361509508691402,0.7348917918377351,shape,0.530492070606874,1.0364807253674666,0.530492070606874,0.7348917918377351,3,0,0,4392800,4396800,3,3200,3510000,1106
EQREG_small_f4d50c8eebc3103c,MG1655,468800,472000,470400.0,small,WIN_small_f4d50c8eebc3103c,0.7344376350228994,3200,0.24702543095623458,0.7344376350228994,shape,0.5823433775684937,0.8865318924773049,0.5823433775684937,0.7344376350228992,7,3,0,467600,476000,10,3200,3512800,1107
EQREG_small_181ddd43b775e7a0,MG1655,1189600,1192800,1191200.0,small,WIN_small_181ddd43b775e7a0,0.7325165726525127,3200,0.4675741481292177,0.7325165726525127,shape,0.7136222922078127,0.7514108530972126,0.7136222922078127,0.7325165726525126,7,0,0,1188400,1194000,7,3200,3515600,1108
EQREG_small_7040a84e08a86895,MG1655,2087600,2090800,2089200.0,small,WIN_small_7040a84e08a86895,0.7313584512889222,3200,0.7313584512889222,0.5186800460908465,density,0.7490946103700317,0.7136222922078127,0.7136222922078127,0.7313584512889222,7,6,1,2084800,2097600,14,3200,3518400,1109
EQREG_small_cea9effa378917e0,MG1655,2868000,2871200,2869600.0,small,WIN_small_cea9effa378917e0,0.7311999744339852,3200,0.7311999744339852,0.46150957702194184,density,0.7179010901870877,0.7444988586808826,0.7179010901870877,0.7311999744339851,4,2,0,2868000,2875200,6,3200,3520000,1110
EQREG_small_28b15473877abca1,MG1655,2434400,2437600,2436000.0,small,WIN_small_28b15473877abca1,0.730832527013749,3200,0.34521848694983864,0.730832527013749,shape,0.6558965386076927,0.8057685154198053,0.6558965386076927,0.7308325270137488,5,0,0,2433200,2438000,5,3200,3522000,1111
EQREG_small_58db24c43c00352d,MG1655,4163200,4166400,4164800.0,small,WIN_small_58db24c43c00352d,0.7305108147962944,3200,0.7305108147962944,0.38364720333301394,density,0.7537395154157952,0.7072821141767938,0.7072821141767938,0.7305108147962944,6,3,0,4162400,4170400,9,3200,3524400,1112
EQREG_small_7e5158e1c9220d1d,MG1655,2829200,2832400,2830800.0,small,WIN_small_7e5158e1c9220d1d,0.7301276402006907,3200,0.7301276402006907,0.03670932452250743,density,0.7444988586808826,0.7157564217204986,0.7157564217204986,0.7301276402006905,4,2,1,2829200,2843200,7,3200,3526000,1113
EQREG_small_d3a55d324576fe98,MG1655,1254400,1257600,1256000.0,small,WIN_small_d3a55d324576fe98,0.7279708552912196,3200,0.3455947184010753,0.7279708552912196,shape,0.8559351248855356,0.6000065856969038,0.6000065856969038,0.7279708552912195,3,0,0,1254400,1258400,3,3200,3526800,1114
EQREG_small_391ba96b187613dc,MG1655,2311200,2314400,2312800.0,small,WIN_small_391ba96b187613dc,0.727581003766484,3200,0.727581003766484,0.08875400839014376,density,0.7802144109474172,0.674947596585551,0.674947596585551,0.7275810037664839,7,3,2,2300800,2315600,12,3200,3529600,1115
EQREG_small_8ca51d1ec7a8f0c8,MG1655,3699200,3702400,3700800.0,small,WIN_small_8ca51d1ec7a8f0c8,0.7262220089985025,3200,0.4241604330526345,0.7262220089985025,shape,0.947705498241181,0.504738519755824,0.504738519755824,0.7262220089985023,5,1,0,3698800,3705600,6,3200,3531600,1116
EQREG_small_07856432a720aa5b,MG1655,143600,146800,145200.0,small,WIN_small_07856432a720aa5b,0.7258904864288382,3200,0.7258904864288382,0.28213233357358397,density,0.7444988586808826,0.7072821141767938,0.7072821141767938,0.7258904864288381,3,0,0,142800,146800,3,3200,3532400,1117
EQREG_small_0812ffcb2bcdd959,MG1655,522000,525200,523600.0,small,WIN_small_0812ffcb2bcdd959,0.7254767937128357,3200,0.029817124382825327,0.7254767937128357,shape,0.7560807312306977,0.6948728561949737,0.6948728561949737,0.7254767937128357,7,3,0,519200,527200,10,3200,3535600,1118
EQREG_small_229e9c67da37b97a,MG1655,2967200,2970400,2968800.0,small,WIN_small_229e9c67da37b97a,0.7249484144915623,3200,0.7249484144915623,0.12883396917013218,density,0.7031061735226575,0.7467906554604673,0.7031061735226575,0.7249484144915623,1,0,0,2967200,2970400,1,3200,3535600,1119
EQREG_small_57be6e8e56da6282,MG1655,2432400,2435600,2434000.0,small,WIN_small_57be6e8e56da6282,0.7245968746019475,3200,0.7245968746019475,0.33343656162402524,density,0.7376951506259378,0.7114985985779572,0.7114985985779572,0.7245968746019474,2,0,0,2432400,2436000,2,3200,3536000,1120
EQREG_small_8df2a570aff9e81c,MG1655,2590800,2594000,2592400.0,small,WIN_small_8df2a570aff9e81c,0.7244542239256178,3200,0.4165095191326268,0.7244542239256178,shape,0.8218553353132602,0.6270531125379752,0.6270531125379752,0.7244542239256175,7,4,0,2587200,2596000,11,3200,3539200,1121
EQREG_small_f4acbe14e083b809,MG1655,3596800,3600000,3598400.0,small,WIN_small_f4acbe14e083b809,0.7239775730898987,3200,0.6016485327638804,0.7239775730898987,shape,0.6016485327638804,1.0146522878717938,0.6016485327638804,0.7239775730898987,1,0,0,3596800,3600000,1,3200,3539200,1122
EQREG_small_178ab8cd3fe42a33,MG1655,740000,743200,741600.0,small,WIN_small_178ab8cd3fe42a33,0.7229783647716699,3200,0.10109092765679668,0.7229783647716699,shape,0.5332939802088769,0.9126627493344628,0.5332939802088769,0.7229783647716697,7,0,0,738800,744400,7,3200,3542000,1123
EQREG_medium_04dec0ab5e8017b2,MG1655,3657600,3664000,3660800.0,medium,WIN_medium_04dec0ab5e8017b2,0.7228356145994322,6400,0.13316187181205616,0.7228356145994322,shape,0.3899710790007623,1.0557001501981023,0.3899710790007623,0.722835614599432,14,5,0,3656800,3666400,19,6400,3547600,1124
EQREG_medium_4911fbb688e7d7fe,MG1655,4214400,4220800,4217600.0,medium,WIN_medium_4911fbb688e7d7fe,0.7226084561408983,6400,0.41408713384502754,0.7226084561408983,shape,0.6226465221097399,0.8225703901720567,0.6226465221097399,0.7226084561408982,14,5,2,4206400,4221600,21,6400,3553200,1125
EQREG_small_59ae78937a5b8ff4,MG1655,1646400,1649600,1648000.0,small,WIN_small_59ae78937a5b8ff4,0.7213664219401397,3200,0.7213664219401397,0.07708937729881726,density,0.7354507297034855,0.7072821141767938,0.7072821141767938,0.7213664219401396,5,1,0,1646000,1652800,6,3200,3555200,1126
EQREG_small_6d45df8668ac4d9f,MG1655,1012000,1015200,1013600.0,small,WIN_small_6d45df8668ac4d9f,0.7204921979149772,3200,0.253557568597459,0.7204921979149772,shape,0.5760944282914923,0.864889967538462,0.5760944282914923,0.720492197914977,4,2,0,1008000,1015200,6,3200,3556800,1127
EQREG_small_d4b289557d72c637,MG1655,2182000,2185200,2183600.0,small,WIN_small_d4b289557d72c637,0.7203791298359052,3200,0.1154237455960507,0.7203791298359052,shape,0.47058424352151834,0.9701740161502921,0.47058424352151834,0.720379129835905,4,0,0,2182000,2186400,4,3200,3558400,1128
EQREG_small_62413f9c5ac048b9,MG1655,2644000,2647200,2645600.0,small,WIN_small_62413f9c5ac048b9,0.720330690104667,3200,0.28095023433813116,0.720330690104667,shape,0.8471612005780305,0.5935001796313035,0.5935001796313035,0.7203306901046669,6,0,0,2643200,2648400,6,3200,3560800,1129
EQREG_small_d026938b6d51be5d,MG1655,824400,827600,826000.0,small,WIN_small_d026938b6d51be5d,0.7201047807899965,3200,0.7201047807899965,0.1713085592287008,density,0.7265872693721803,0.7136222922078127,0.7136222922078127,0.7201047807899965,6,0,0,823200,828400,6,3200,3563200,1130
EQREG_small_1d8b557f40c52094,MG1655,1520400,1523600,1522000.0,small,WIN_small_1d8b557f40c52094,0.719814670872494,3200,0.055488750517044716,0.719814670872494,shape,0.44576065979648616,0.9938686819485018,0.44576065979648616,0.719814670872494,5,2,0,1518400,1525600,7,3200,3565200,1131
EQREG_medium_663bf955d1fda4ab,MG1655,875200,881600,878400.0,medium,WIN_medium_663bf955d1fda4ab,0.7196768191603627,6400,0.07023002103817659,0.7196768191603627,shape,0.872055753251975,0.5672978850687505,0.5672978850687505,0.7196768191603626,13,4,1,868800,882000,18,6400,3570400,1132
EQREG_small_853e42ea32c9d1f2,MG1655,399200,402400,400800.0,small,WIN_small_853e42ea32c9d1f2,0.7190108377159088,3200,0.7190108377159088,0.12525964717335486,density,0.7243993832240049,0.7136222922078127,0.7136222922078127,0.7190108377159088,7,6,0,396000,406400,13,3200,3573600,1133
EQREG_small_f1e4bba14552859f,MG1655,1107600,1110800,1109200.0,small,WIN_small_f1e4bba14552859f,0.7178159594436857,3200,0.22545199719480047,0.7178159594436857,shape,0.6082791116628936,0.8273528072244779,0.6082791116628936,0.7178159594436856,1,0,0,1107600,1110800,1,3200,3573600,1134
EQREG_small_c527c31895b9365a,MG1655,3683200,3686400,3684800.0,small,WIN_small_c527c31895b9365a,0.7166487835818316,3200,0.7166487835818316,0.3138417246311535,density,0.7444988586808826,0.6887987084827806,0.6887987084827806,0.7166487835818316,4,2,1,3683200,3696000,7,3200,3575200,1135
EQREG_medium_911bca094534fe11,MG1655,354400,360800,357600.0,medium,WIN_medium_911bca094534fe11,0.7160592014462845,6400,0.0410911964394854,0.7160592014462845,shape,0.6716959194693569,0.7604224834232121,0.6716959194693569,0.7160592014462844,15,7,5,345600,364800,27,6400,3581600,1136
EQREG_small_b91f5a28b3baa7fd,MG1655,4486800,4490000,4488400.0,small,WIN_small_b91f5a28b3baa7fd,0.7158038516171442,3200,0.7158038516171442,0.08163644072831536,density,0.7093852392645581,0.7222224639697303,0.7093852392645581,0.7158038516171442,4,0,0,4486800,4491200,4,3200,3583200,1137
EQREG_small_8389380886023ffc,MG1655,3792000,3795200,3793600.0,small,WIN_small_8389380886023ffc,0.7146474123549946,3200,0.7146474123549946,0.4636443165578329,density,0.7444988586808826,0.6847959660291066,0.6847959660291066,0.7146474123549946,2,0,0,3791600,3795200,2,3200,3583600,1138
EQREG_small_6359a5c531c73863,MG1655,2694400,2697600,2696000.0,small,WIN_small_6359a5c531c73863,0.7140296686361717,3200,0.13481255787875934,0.7140296686361717,shape,0.5153965879378806,0.9126627493344628,0.5153965879378806,0.7140296686361716,5,2,0,2690400,2698000,7,3200,3585600,1139
EQREG_small_244a7ce749f47c12,MG1655,3608000,3611200,3609600.0,small,WIN_small_244a7ce749f47c12,0.7138102171359864,3200,0.6666500398263572,0.7138102171359864,shape,0.8929186911387056,0.6485041136236077,0.6485041136236077,0.7138102171359864,2,0,0,3607600,3611200,2,3200,3586000,1140
EQREG_small_eb7e0e7b941948bb,MG1655,560800,564000,562400.0,small,WIN_small_eb7e0e7b941948bb,0.713038674775808,3200,0.1251457458871809,0.713038674775808,shape,0.9160424899858434,0.5100348595657724,0.5100348595657724,0.7130386747758077,4,2,0,560800,568000,6,3200,3587600,1141
EQREG_small_91009a562e67f1f2,MG1655,1982000,1985200,1983600.0,small,WIN_small_91009a562e67f1f2,0.709774483915988,3200,0.10683041752192214,0.709774483915988,shape,0.4754777542458889,0.944071213586087,0.4754777542458889,0.7097744839159879,1,0,0,1982000,1985200,1,3200,3587600,1142
EQREG_medium_35e25df5678b8ac7,MG1655,2330400,2336800,2333600.0,medium,WIN_medium_35e25df5678b8ac7,0.7097017056831679,6400,0.035600674741224206,0.7097017056831679,shape,0.47411574457993727,0.9452876667863985,0.47411574457993727,0.7097017056831678,10,5,5,2321600,2340800,20,6400,3591600,1143
EQREG_small_b128b770ec865012,MG1655,3710800,3714000,3712400.0,small,WIN_small_b128b770ec865012,0.7091806535692367,3200,0.27743156289491844,0.7091806535692367,shape,0.6099526955524597,0.8084086115860136,0.6099526955524597,0.7091806535692367,7,5,0,3708800,3718400,12,3200,3594800,1144
EQREG_small_15794b337b88ddb5,MG1655,1200400,1203600,1202000.0,small,WIN_small_15794b337b88ddb5,0.7086751313163923,3200,0.32566617392994174,0.7086751313163923,shape,0.511369098654837,0.9059811639779475,0.511369098654837,0.7086751313163921,4,2,0,1200400,1208000,6,3200,3596400,1145
EQREG_small_b36287fc9fcf6596,MG1655,990800,994000,992400.0,small,WIN_small_b36287fc9fcf6596,0.708547660082352,3200,0.708547660082352,0.41633691977455967,density,0.6948728561949737,0.7222224639697303,0.6948728561949737,0.708547660082352,4,2,0,990800,998400,6,3200,3598000,1146
EQREG_small_d7c77f958a6021e2,MG1655,1027200,1030400,1028800.0,small,WIN_small_d7c77f958a6021e2,0.7083947933101453,3200,0.18950590383462385,0.7083947933101453,shape,0.7157564217204986,0.7010331648997922,0.7010331648997922,0.7083947933101453,7,6,3,1024000,1040000,16,3200,3601200,1147
EQREG_small_5dae0e77374f2a9d,MG1655,930800,934000,932400.0,small,WIN_small_5dae0e77374f2a9d,0.7074494137578564,3200,0.7074494137578564,0.1792117045654743,density,0.7399512309301619,0.674947596585551,0.674947596585551,0.7074494137578564,2,0,0,930400,934000,2,3200,3601600,1148
EQREG_small_1b51bded2bc15306,MG1655,1581200,1584400,1582800.0,small,WIN_small_1b51bded2bc15306,0.7055105862262554,3200,0.7055105862262554,0.05761126543030309,density,0.7399512309301619,0.671069941522349,0.671069941522349,0.7055105862262554,4,0,0,1581200,1585600,4,3200,3603200,1149
EQREG_small_18a926e0a52f194a,MG1655,2022400,2025600,2024000.0,small,WIN_small_18a926e0a52f194a,0.7047078228685464,3200,0.22293914551099475,0.7047078228685464,shape,0.5902831687593059,0.8191324769777868,0.5902831687593059,0.7047078228685462,4,0,0,2021200,2025600,4,3200,3604400,1150
EQREG_small_e42fab8682369c4d,MG1655,1337200,1340400,1338800.0,small,WIN_small_e42fab8682369c4d,0.7042975540025096,3200,0.7042975540025096,0.1084188889626542,density,0.7157564217204986,0.6928386862845206,0.6928386862845206,0.7042975540025096,1,0,0,1337200,1340400,1,3200,3604400,1151
EQREG_small_b7df5f8414a52317,MG1655,1344400,1347600,1346000.0,small,WIN_small_b7df5f8414a52317,0.7032304892461668,3200,0.16373314974268277,0.7032304892461668,shape,0.8897135512634943,0.5167474272288394,0.5167474272288394,0.7032304892461667,5,3,0,1344000,1352000,8,3200,3606400,1152
EQREG_small_a388b9b03b37910b,MG1655,4197600,4200800,4199200.0,small,WIN_small_a388b9b03b37910b,0.7031260592564063,3200,0.7031260592564063,0.09590363896467036,density,0.6989700043360187,0.7072821141767938,0.6989700043360187,0.7031260592564063,4,2,0,4193600,4200800,6,3200,3608000,1153
EQREG_small_4bc72c306ee27d3b,MG1655,4480800,4484000,4482400.0,small,WIN_small_4bc72c306ee27d3b,0.7012745737528403,3200,0.7012745737528403,0.2795418539539743,density,0.7157564217204986,0.6867927257851821,0.6867927257851821,0.7012745737528403,4,2,0,4476800,4484000,6,3200,3609600,1154
EQREG_small_665971c084fd722e,MG1655,4534400,4537600,4536000.0,small,WIN_small_665971c084fd722e,0.7011562991480317,3200,0.3650554880913903,0.7011562991480317,shape,0.7114985985779572,0.6908139997181062,0.6908139997181062,0.7011562991480317,7,7,6,4526400,4547200,20,3200,3612800,1155
EQREG_small_5095f40335c15e46,MG1655,404000,407200,405600.0,small,WIN_small_5095f40335c15e46,0.701052861687955,3200,0.36385570723706306,0.701052861687955,shape,0.7051891246709499,0.69691659870496,0.69691659870496,0.701052861687955,4,1,0,400800,407200,5,3200,3614400,1156
EQREG_medium_45452ca3756ca937,MG1655,2472000,2478400,2475200.0,medium,WIN_medium_45452ca3756ca937,0.6989106711507844,6400,0.09899137450094689,0.6989106711507844,shape,0.5182124511591479,0.8796088911424209,0.5182124511591479,0.6989106711507842,8,4,0,2469600,2478400,12,6400,3617600,1157
EQREG_medium_7cd110ac840bb9f3,MG1655,2373600,2380000,2376800.0,medium,WIN_medium_7cd110ac840bb9f3,0.6973748265190911,6400,0.14560715566895938,0.6973748265190911,shape,0.6623558932152135,0.7323937598229687,0.6623558932152135,0.697374826519091,8,4,0,2371200,2380000,12,6400,3620800,1158
EQREG_small_b414aaf1ed2a192b,MG1655,4511600,4514800,4513200.0,small,WIN_small_b414aaf1ed2a192b,0.6971534716857751,3200,0.6971534716857751,0.501072749538044,density,0.7114985985779572,0.6828083447935931,0.6828083447935931,0.6971534716857751,5,5,2,4505600,4520000,12,3200,3622800,1159
EQREG_small_d7a398b4b8c05540,MG1655,2279200,2282400,2280800.0,small,WIN_small_d7a398b4b8c05540,0.6959716822628399,3200,0.3039409446918897,0.6959716822628399,shape,0.6358626332949822,0.7560807312306977,0.6358626332949822,0.6959716822628399,4,0,0,2278800,2283200,4,3200,3624000,1160
EQREG_small_4e79c70c81b0b7c4,MG1655,2191600,2194800,2193200.0,small,WIN_small_4e79c70c81b0b7c4,0.6953759945772537,3200,0.2761772505887683,0.6953759945772537,shape,0.8833733732324752,0.5073786159220324,0.5073786159220324,0.6953759945772537,5,0,0,2190400,2195200,5,3200,3626000,1161
EQREG_medium_e7b4ca085c7b2298,MG1655,659200,665600,662400.0,medium,WIN_medium_e7b4ca085c7b2298,0.6953056471052941,6400,0.28668601639047187,0.6953056471052941,shape,0.6184504075161318,0.7721608866944564,0.6184504075161318,0.695305647105294,6,1,0,658800,665600,7,6400,3628000,1162
EQREG_medium_032cde52178c33a0,MG1655,619200,625600,622400.0,medium,WIN_medium_032cde52178c33a0,0.6946773105757379,6400,0.04443198911774304,0.6946773105757379,shape,0.6623558932152135,0.7269987279362623,0.6623558932152135,0.6946773105757379,15,7,5,611200,630400,27,6400,3634400,1163
EQREG_small_b4a34b4483523e13,MG1655,4259200,4262400,4260800.0,small,WIN_small_b4a34b4483523e13,0.6940178036447715,3200,0.6940178036447715,0.2682690062752223,density,0.7376951506259378,0.6503404566636051,0.6503404566636051,0.6940178036447713,5,0,0,4258400,4263200,5,3200,3636000,1164
EQREG_small_7b3fdd39964f9924,MG1655,3653600,3656800,3655200.0,small,WIN_small_7b3fdd39964f9924,0.6930284339730638,3200,0.6012252193913401,0.6930284339730638,shape,0.657764474742812,0.8084086115860136,0.657764474742812,0.6930284339730637,4,2,0,3649600,3656800,6,3200,3637600,1165
EQREG_small_d1ef219ec381df5e,MG1655,1908800,1912000,1910400.0,small,WIN_small_d1ef219ec381df5e,0.6925638463138384,3200,0.5308313439310737,0.6925638463138384,shape,0.667226602440589,0.7179010901870877,0.667226602440589,0.6925638463138382,4,0,0,1908400,1912800,4,3200,3638800,1166
EQREG_small_362758f37f5d4fd8,MG1655,3728400,3731600,3730000.0,small,WIN_small_362758f37f5d4fd8,0.6897502509504215,3200,0.2632151633734813,0.6897502509504215,shape,0.3474741179596264,1.0320263839412167,0.3474741179596264,0.6897502509504215,4,0,0,3728400,3732800,4,3200,3640400,1167
EQREG_small_ab73ce3c5902b0bb,MG1655,1865600,1868800,1867200.0,small,WIN_small_ab73ce3c5902b0bb,0.6893579342385558,3200,0.19363674319609728,0.6893579342385558,shape,0.7979431779078487,0.5807726905692631,0.5807726905692631,0.6893579342385558,1,0,0,1865600,1868800,1,3200,3640400,1168
EQREG_small_5f09e295aecea95e,MG1655,3278000,3281200,3279600.0,small,WIN_small_5f09e295aecea95e,0.6890362034783837,3200,0.6890362034783837,0.20590401914558065,density,0.644854558685574,0.7332178482711935,0.644854558685574,0.6890362034783837,4,1,0,3278000,3284800,5,3200,3642000,1169
EQREG_small_42b62389031427db,MG1655,3168000,3171200,3169600.0,small,WIN_small_42b62389031427db,0.68663138597469,3200,0.17428923723045897,0.68663138597469,shape,0.8385610288161128,0.5347017431332672,0.5347017431332672,0.68663138597469,4,4,0,3166400,3175200,8,3200,3643600,1170
EQREG_small_357f81ad7725dcac,MG1655,1437200,1440400,1438800.0,small,WIN_small_357f81ad7725dcac,0.6864931900552088,3200,0.1706285895442589,0.6864931900552088,shape,0.28925317309532456,1.0837332070150931,0.28925317309532456,0.6864931900552087,7,5,1,1428800,1442400,13,3200,3646800,1171
EQREG_small_8e368fa5387d6c2a,MG1655,2321200,2324400,2322800.0,small,WIN_small_8e368fa5387d6c2a,0.6836521117701864,3200,0.2382800648760669,0.6836521117701864,shape,0.511369098654837,0.8559351248855356,0.511369098654837,0.6836521117701861,4,2,0,2321200,2328800,6,3200,3648400,1172
EQREG_small_892af705c0c28a4c,MG1655,1270800,1274000,1272400.0,small,WIN_small_892af705c0c28a4c,0.6832615754082405,3200,0.6832615754082405,0.14452255882278797,density,0.7031061735226575,0.6634169772938237,0.6634169772938237,0.6832615754082405,6,2,0,1267200,1274800,8,3200,3650800,1173
EQREG_small_d0f3caea23cfb92c,MG1655,1578000,1581200,1579600.0,small,WIN_small_d0f3caea23cfb92c,0.6825232944598029,3200,0.6825232944598029,0.12400586273973158,density,0.7072821141767938,0.657764474742812,0.657764474742812,0.6825232944598028,4,0,0,1576800,1581200,4,3200,3652000,1174
EQREG_small_804dfaa1c2517eaa,MG1655,4633600,4636800,4635200.0,small,WIN_small_804dfaa1c2517eaa,0.6818731525341658,3200,0.6818731525341658,0.14105528661222044,density,0.674947596585551,0.6887987084827806,0.674947596585551,0.6818731525341657,2,0,0,4633600,4637200,2,3200,3652400,1175
EQREG_medium_a20d08d0bc04be7b,MG1655,367200,373600,370400.0,medium,WIN_medium_a20d08d0bc04be7b,0.6814558097655286,6400,0.04275233460675007,0.6814558097655286,shape,0.5599367854223815,0.8029748341086758,0.5599367854223815,0.6814558097655286,15,7,4,364800,382400,26,6400,3658800,1176
EQREG_medium_52674b8fc87bbd9c,MG1655,3111200,3117600,3114400.0,medium,WIN_medium_52674b8fc87bbd9c,0.6814021467871383,6400,0.05971914924818514,0.6814021467871383,shape,0.4831954024318556,0.8796088911424209,0.4831954024318556,0.6814021467871382,10,5,1,3107200,3120000,16,6400,3662800,1177
EQREG_small_34634f762ea1c530,MG1655,4446400,4449600,4448000.0,small,WIN_small_34634f762ea1c530,0.6808477256060897,3200,0.6808477256060897,0.43774632037218086,density,0.6847959660291066,0.6768994851830729,0.6768994851830729,0.6808477256060897,4,2,0,4446400,4453600,6,3200,3664400,1178
EQREG_small_7b96f6e8a142258e,MG1655,873600,876800,875200.0,small,WIN_small_7b96f6e8a142258e,0.6801667879993918,3200,0.6801667879993918,0.05245674619279875,density,0.69691659870496,0.6634169772938237,0.6634169772938237,0.6801667879993918,1,1,0,872000,878400,2,3200,3664400,1179
EQREG_small_910df3514afce0b8,MG1655,818000,821200,819600.0,small,WIN_small_910df3514afce0b8,0.6791315616448557,3200,0.1614425418759798,0.6791315616448557,shape,0.7679799545304055,0.5902831687593059,0.5902831687593059,0.6791315616448556,7,4,0,813600,822400,11,3200,3667200,1180
EQREG_small_a18afd651ba3a643,MG1655,4538400,4541600,4540000.0,small,WIN_small_a18afd651ba3a643,0.6786690919201841,3200,0.6786690919201841,0.11791647546965227,density,0.7179010901870877,0.6394370936532804,0.6394370936532804,0.6786690919201839,7,5,3,4536000,4552000,15,3200,3670400,1181
EQREG_small_5a8d15c314cdae57,MG1655,2903200,2906400,2904800.0,small,WIN_small_5a8d15c314cdae57,0.6760112842348478,3200,0.6760112842348478,0.04552909495135821,density,0.6847959660291066,0.667226602440589,0.667226602440589,0.6760112842348477,7,1,0,2901600,2908000,8,3200,3673600,1182
EQREG_small_9a02d99c51d85e45,MG1655,2870800,2874000,2872400.0,small,WIN_small_9a02d99c51d85e45,0.6755116213886128,3200,0.16157552988112756,0.6755116213886128,shape,0.6288007788074953,0.7222224639697303,0.6288007788074953,0.6755116213886128,7,2,0,2869600,2876800,9,3200,3676000,1183
EQREG_small_b636bfa426729517,MG1655,3808800,3812000,3810400.0,small,WIN_small_b636bfa426729517,0.6750174736170911,3200,0.6750174736170911,0.09322277477861632,density,0.6828083447935931,0.667226602440589,0.667226602440589,0.6750174736170909,4,2,0,3808800,3816000,6,3200,3677600,1184
EQREG_small_9402f2b6ef28940e,MG1655,4026400,4029600,4028000.0,small,WIN_small_9402f2b6ef28940e,0.6749650637354749,3200,0.6749650637354749,0.06780851492869056,density,0.6788601859486008,0.671069941522349,0.671069941522349,0.6749650637354749,4,1,0,4026400,4032800,5,3200,3679200,1185
EQREG_small_1a3939c36ca67212,MG1655,1718800,1722000,1720400.0,small,WIN_small_1a3939c36ca67212,0.6742892372304591,3200,0.6742892372304591,0.14357342794132888,density,0.6908139997181062,0.657764474742812,0.657764474742812,0.674289237230459,2,0,0,1718800,1722400,2,3200,3679600,1186
EQREG_small_f7383465e85fc03a,MG1655,1844000,1847200,1845600.0,small,WIN_small_f7383465e85fc03a,0.6740281906260472,3200,0.6740281906260472,0.07365502720513428,density,0.6808297788115054,0.667226602440589,0.667226602440589,0.674028190626047,3,0,0,1843200,1847200,3,3200,3680400,1187
EQREG_small_dc28aa75d9f3fefb,MG1655,694400,697600,696000.0,small,WIN_small_dc28aa75d9f3fefb,0.6727276442691417,3200,0.49907040699376837,0.6727276442691417,shape,0.8273528072244779,0.5181024813138054,0.5181024813138054,0.6727276442691416,1,0,0,694400,697600,1,3200,3680400,1188
EQREG_small_fd1504987ac0b21a,MG1655,184800,188000,186400.0,small,WIN_small_fd1504987ac0b21a,0.6717917469886078,3200,0.33587278929974057,0.6717917469886078,shape,0.40311640465995396,0.9404670893172616,0.40311640465995396,0.6717917469886077,6,1,0,184000,190400,7,3200,3682800,1189
EQREG_small_6bc4638180c2e1b0,MG1655,4548000,4551200,4549600.0,small,WIN_small_6bc4638180c2e1b0,0.6714090631188891,3200,0.12162635391848298,0.6714090631188891,shape,0.6184187430137735,0.7243993832240049,0.6184187430137735,0.6714090631188891,7,7,4,4540800,4558400,18,3200,3686000,1190
EQREG_small_5161bf91e1bc7bc3,MG1655,2757600,2760800,2759200.0,small,WIN_small_5161bf91e1bc7bc3,0.6714047671292369,3200,0.6714047671292369,0.07584114529273522,density,0.7157564217204986,0.6270531125379752,0.6270531125379752,0.6714047671292369,6,1,0,2756400,2763200,7,3200,3688000,1191
EQREG_medium_d76201bd9932839e,MG1655,3688800,3695200,3692000.0,medium,WIN_medium_d76201bd9932839e,0.6707231964993601,6400,0.1434272100932734,0.6707231964993601,shape,0.5980572488742885,0.7433891441244318,0.5980572488742885,0.6707231964993601,15,6,0,3686400,3696800,21,6400,3694400,1192
EQREG_small_81722de771c7bdf3,MG1655,1670400,1673600,1672000.0,small,WIN_small_81722de771c7bdf3,0.6696590566708569,3200,0.2678191642668931,0.6696590566708569,shape,0.6485041136236077,0.6908139997181062,0.6485041136236077,0.6696590566708569,1,0,0,1670400,1673600,1,3200,3694400,1193
EQREG_small_4328ca3fb61c48f8,MG1655,2928800,2932000,2930400.0,small,WIN_small_4328ca3fb61c48f8,0.6686259616255703,3200,0.5550282634697936,0.6686259616255703,shape,0.5446859640398681,0.8218553353132602,0.5446859640398681,0.6686259616255703,1,0,0,2928800,2932000,1,3200,3694400,1194
EQREG_small_dc279279bd29b1c2,MG1655,3811200,3814400,3812800.0,small,WIN_small_dc279279bd29b1c2,0.6673319799629425,3200,0.6673319799629425,0.18176949046551122,density,0.6768994851830729,0.657764474742812,0.657764474742812,0.6673319799629424,6,3,0,3810400,3818400,9,3200,3696800,1195
EQREG_small_226c282ef6dfc6e3,MG1655,4051600,4054800,4053200.0,small,WIN_small_226c282ef6dfc6e3,0.6673319799629425,3200,0.6673319799629425,0.2884533665154281,density,0.6768994851830729,0.657764474742812,0.657764474742812,0.6673319799629424,7,2,0,4049600,4056800,9,3200,3700000,1196
EQREG_small_cd64d43258205b80,MG1655,343600,346800,345200.0,small,WIN_small_cd64d43258205b80,0.6670875823671361,3200,0.6670875823671361,0.07406239394109612,density,0.7157564217204986,0.6184187430137735,0.6184187430137735,0.6670875823671361,7,8,7,334400,356800,22,3200,3703200,1197
EQREG_small_f33143c2512862f9,MG1655,2797200,2800400,2798800.0,small,WIN_small_f33143c2512862f9,0.6664567922544749,3200,0.6664567922544749,0.17344544983074356,density,0.7179010901870877,0.615012494321862,0.615012494321862,0.6664567922544749,7,4,0,2796000,2804800,11,3200,3706000,1198
EQREG_small_43fa92e041882c76,MG1655,1452000,1455200,1453600.0,small,WIN_small_43fa92e041882c76,0.6659199632024431,3200,0.017214715828955424,0.6659199632024431,shape,0.7679799545304055,0.5638599718744807,0.5638599718744807,0.6659199632024431,7,6,3,1448800,1465600,16,3200,3709200,1199
EQREG_small_d669f1d004d53bca,MG1655,4263600,4266800,4265200.0,small,WIN_small_d669f1d004d53bca,0.6646669462175565,3200,0.6646669462175565,0.4355472942166073,density,0.6808297788115054,0.6485041136236077,0.6485041136236077,0.6646669462175565,2,0,0,4263200,4266800,2,3200,3709600,1200
EQREG_small_40002d37245f657e,MG1655,257200,260400,258800.0,small,WIN_small_40002d37245f657e,0.6641054388888568,3200,0.6641054388888568,0.029602594544826357,density,0.7114985985779572,0.6167122791997564,0.6167122791997564,0.6641054388888568,7,6,2,254400,268800,15,3200,3712400,1201
EQREG_small_663ea2a7302a406e,MG1655,3360000,3363200,3361600.0,small,WIN_small_663ea2a7302a406e,0.6637526406943526,3200,0.6637526406943526,0.05128124500029013,density,0.6808297788115054,0.6466755025771996,0.6466755025771996,0.6637526406943524,6,3,0,3356000,3364000,9,3200,3714800,1202
EQREG_medium_79fc9dd01160b007,MG1655,3954400,3960800,3957600.0,medium,WIN_medium_79fc9dd01160b007,0.6636375832619039,6400,0.33018027808218164,0.6636375832619039,shape,0.5491239161401639,0.7781512503836439,0.5491239161401639,0.6636375832619037,15,7,0,3952000,3963200,22,6400,3721200,1203
EQREG_small_3427d01aaae5fc05,MG1655,2632400,2635600,2634000.0,small,WIN_small_3427d01aaae5fc05,0.6633383165065442,3200,0.3712173356474163,0.6633383165065442,shape,0.6908139997181062,0.6358626332949822,0.6358626332949822,0.6633383165065441,7,6,0,2628000,2638400,13,3200,3724400,1204
EQREG_small_8df1c20596b540f1,MG1655,4536800,4540000,4538400.0,small,WIN_small_8df1c20596b540f1,0.6628586887562277,3200,0.6628586887562277,0.15955300526783164,density,0.69691659870496,0.6288007788074953,0.6288007788074953,0.6628586887562276,3,0,0,4536000,4540000,3,3200,3725200,1205
EQREG_small_45d7443f18709972,MG1655,1795200,1798400,1796800.0,small,WIN_small_45d7443f18709972,0.6616724489815768,3200,0.6616724489815768,0.17000110216883846,density,0.6503404566636051,0.6730044412995486,0.6503404566636051,0.6616724489815767,3,0,0,1795200,1799200,3,3200,3726000,1206
EQREG_small_361fb35f7c166a94,MG1655,4053600,4056800,4055200.0,small,WIN_small_361fb35f7c166a94,0.6616724489815768,3200,0.6616724489815768,0.09633949630039076,density,0.6503404566636051,0.6730044412995486,0.6503404566636051,0.6616724489815767,3,0,0,4053200,4057200,3,3200,3726800,1207
EQREG_small_5f4fcc81ae40d428,MG1655,4574000,4577200,4575600.0,small,WIN_small_5f4fcc81ae40d428,0.66144254187598,3200,0.19916616485591576,0.66144254187598,shape,0.44576065979648616,0.8771244239554736,0.44576065979648616,0.6614425418759797,7,0,0,4572800,4578400,7,3200,3729600,1208
EQREG_small_6747402f9032da2d,MG1655,1960400,1963600,1962000.0,small,WIN_small_6747402f9032da2d,0.6612825716688544,3200,0.13874261044515096,0.6612825716688544,shape,0.40311640465995396,0.9194487386777549,0.40311640465995396,0.6612825716688543,5,1,0,1959200,1965600,6,3200,3731200,1209
EQREG_small_5b6adbf2ab2caa93,MG1655,3904400,3907600,3906000.0,small,WIN_small_5b6adbf2ab2caa93,0.6612702711482205,3200,0.5762717637369967,0.6612702711482205,shape,0.7631810716486367,0.5638599718744807,0.5638599718744807,0.6612702711482203,4,2,0,3904400,3912000,6,3200,3732800,1210
EQREG_small_45dc898d4935cad1,MG1655,2349200,2352400,2350800.0,small,WIN_small_45dc898d4935cad1,0.6611227192234368,3200,0.6611227192234368,0.37271574816328956,density,0.6828083447935931,0.6394370936532804,0.6394370936532804,0.6611227192234366,5,2,0,2348800,2356000,7,3200,3734800,1211
EQREG_small_556cb2f53815221e,MG1655,812800,816000,814400.0,small,WIN_small_556cb2f53815221e,0.6609629843664745,3200,0.18980074313311834,0.6609629843664745,shape,0.6948728561949737,0.6270531125379752,0.6270531125379752,0.6609629843664744,6,4,0,810400,819200,10,3200,3737200,1212
EQREG_small_a5806e8584e8ecdc,MG1655,1724800,1728000,1726400.0,small,WIN_small_a5806e8584e8ecdc,0.6609507019353533,3200,0.2110495258347901,0.6609507019353533,shape,0.8897135512634943,0.43218785260721226,0.43218785260721226,0.6609507019353531,3,0,0,1724000,1728000,3,3200,3738000,1213
EQREG_small_5553fdb584f23b79,MG1655,2622000,2625200,2623600.0,small,WIN_small_5553fdb584f23b79,0.6606316023320788,3200,0.2864622655971034,0.6606316023320788,shape,0.667226602440589,0.6540366022235687,0.6540366022235687,0.6606316023320786,4,2,0,2617600,2625200,6,3200,3739600,1214
EQREG_small_dcaad2b6d99562e2,MG1655,2036000,2039200,2037600.0,small,WIN_small_dcaad2b6d99562e2,0.6604109615940932,3200,0.45757146507574,0.6604109615940932,shape,0.9228819145161489,0.4233693875600237,0.4233693875600237,0.6604109615940931,6,2,0,2033600,2040800,8,3200,3742000,1215
EQREG_small_9c79f3ae7f1174d5,MG1655,479600,482800,481200.0,small,WIN_small_9c79f3ae7f1174d5,0.6592379824234524,3200,0.6592379824234524,0.40817622057859315,density,0.6808297788115054,0.6376461860353994,0.6376461860353994,0.6592379824234523,4,0,0,478400,482800,4,3200,3743200,1216
EQREG_small_d9022a92f3884e62,MG1655,1812800,1816000,1814400.0,small,WIN_small_d9022a92f3884e62,0.659221735575893,3200,0.09732193506531775,0.659221735575893,shape,0.8084086115860136,0.5100348595657724,0.5100348595657724,0.659221735575893,6,0,0,1811600,1816800,6,3200,3745600,1217
EQREG_small_449b14a641c511f2,MG1655,3829600,3832800,3831200.0,small,WIN_small_449b14a641c511f2,0.6581682894181766,3200,0.6581682894181766,0.14110460208662937,density,0.6768994851830729,0.6394370936532804,0.6394370936532804,0.6581682894181765,7,2,0,3828400,3836000,9,3200,3748400,1218
EQREG_small_7a9a1c2564f81f66,MG1655,2481200,2484400,2482800.0,small,WIN_small_7a9a1c2564f81f66,0.6578411417678875,3200,0.6578411417678875,0.1038184732859318,density,0.6989700043360187,0.6167122791997564,0.6167122791997564,0.6578411417678875,4,0,0,2480000,2484400,4,3200,3749600,1219
EQREG_small_ec1b547c1cf3e3f2,MG1655,2618800,2622000,2620400.0,small,WIN_small_ec1b547c1cf3e3f2,0.6577967522963387,3200,0.10947090400634962,0.6577967522963387,shape,0.6288007788074953,0.6867927257851821,0.6288007788074953,0.6577967522963386,7,1,0,2616800,2623200,8,3200,3752800,1220
EQREG_medium_853356b969573979,MG1655,2788000,2794400,2791200.0,medium,WIN_medium_853356b969573979,0.6572314516565634,6400,0.04331267096434489,0.6572314516565634,shape,0.5980572488742885,0.7164056544388383,0.5980572488742885,0.6572314516565634,13,3,0,2787600,2796000,16,6400,3758000,1221
EQREG_small_8aac41ac3bf9076b,MG1655,3011200,3014400,3012800.0,small,WIN_small_8aac41ac3bf9076b,0.6571923451194157,3200,0.6571923451194157,0.11382820569360277,density,0.674947596585551,0.6394370936532804,0.6394370936532804,0.6571923451194155,4,2,0,3007200,3014400,6,3200,3759600,1222
EQREG_small_ec86fa9fbc9ff36b,MG1655,2557200,2560400,2558800.0,small,WIN_small_ec86fa9fbc9ff36b,0.6560405805630815,3200,0.6560405805630815,0.05981947958643083,density,0.644854558685574,0.667226602440589,0.644854558685574,0.6560405805630812,4,2,0,2552800,2560400,6,3200,3761200,1223
EQREG_small_4a2dc4b280734c79,MG1655,4424800,4428000,4426400.0,small,WIN_small_4a2dc4b280734c79,0.655964546513411,3200,0.655964546513411,0.22019081377089672,density,0.69691659870496,0.615012494321862,0.615012494321862,0.655964546513411,7,3,0,4420800,4429200,10,3200,3764000,1224
EQREG_small_74b26c9f1d49dfcb,MG1655,2665200,2668400,2666800.0,small,WIN_small_74b26c9f1d49dfcb,0.6556926425927756,3200,0.6290268561219838,0.6556926425927756,shape,0.615012494321862,0.7031061735226575,0.615012494321862,0.6556926425927755,7,6,0,2660800,2671200,13,3200,3766800,1225
EQREG_small_9e4e96772cef963d,MG1655,3313600,3316800,3315200.0,small,WIN_small_9e4e96772cef963d,0.6549665704156307,3200,0.6549665704156307,0.20368958186213887,density,0.6540366022235687,0.6558965386076927,0.6540366022235687,0.6549665704156306,2,0,0,3313200,3316800,2,3200,3767200,1226
EQREG_small_66731bcf7b65e718,MG1655,2634400,2637600,2636000.0,small,WIN_small_66731bcf7b65e718,0.653395103260855,3200,0.38747801879449295,0.653395103260855,shape,0.6376461860353994,0.6691440204863107,0.6376461860353994,0.6533951032608549,4,0,0,2634000,2638400,4,3200,3768400,1227
EQREG_small_50a53583eca05c69,MG1655,3854000,3857200,3855600.0,small,WIN_small_50a53583eca05c69,0.6531895911508463,3200,0.6531895911508463,0.25781018516580545,density,0.644854558685574,0.6615246236161187,0.644854558685574,0.6531895911508462,4,2,0,3854000,3861600,6,3200,3770000,1228
EQREG_small_4529ceb81ca23ee3,MG1655,3850800,3854000,3852400.0,small,WIN_small_4529ceb81ca23ee3,0.6522475192135706,3200,0.6522475192135706,0.0946477451873759,density,0.644854558685574,0.6596404797415671,0.644854558685574,0.6522475192135704,4,0,0,3849600,3854000,4,3200,3771200,1229
EQREG_medium_7781792b93f235d2,MG1655,4475200,4481600,4478400.0,medium,WIN_medium_7781792b93f235d2,0.6513356892917844,6400,0.6513356892917844,0.11316487682922606,density,0.7164056544388383,0.5862657241447305,0.5862657241447305,0.6513356892917843,14,4,0,4473600,4482400,18,6400,3776800,1230
EQREG_small_f0a91e0fe63aef43,MG1655,3576800,3580000,3578400.0,small,WIN_small_f0a91e0fe63aef43,0.6503755486466334,3200,0.5871014672813774,0.6503755486466334,shape,0.644854558685574,0.6558965386076927,0.644854558685574,0.6503755486466332,7,5,3,3574400,3590400,15,3200,3780000,1231
EQREG_medium_bdd3de6d1a679188,MG1655,1361600,1368000,1364800.0,medium,WIN_medium_bdd3de6d1a679188,0.6492897472611757,6400,0.04553414548920438,0.6492897472611757,shape,0.6716959194693569,0.6268835750529945,0.6268835750529945,0.6492897472611756,9,3,0,1360000,1368000,12,6400,3783200,1232
EQREG_small_63cf06695b6f616d,MG1655,3996400,3999600,3998000.0,small,WIN_small_63cf06695b6f616d,0.6488174825817951,3200,0.6488174825817951,0.617314212339045,density,0.8057685154198053,0.6653176126332576,0.6653176126332576,0.648817482581795,4,0,0,3996400,4000800,4,3200,3784800,1233
EQREG_small_4dd7d4ce9b25701e,MG1655,4488400,4491600,4490000.0,small,WIN_small_4dd7d4ce9b25701e,0.6485389100728371,3200,0.2697126333456846,0.6485389100728371,shape,0.6082791116628936,0.6887987084827806,0.6082791116628936,0.648538910072837,1,0,0,4488400,4491600,1,3200,3784800,1234
EQREG_small_cd52343c7bf232a2,MG1655,1167600,1170800,1169200.0,small,WIN_small_cd52343c7bf232a2,0.6460133102503722,3200,0.23867264161572085,0.6460133102503722,shape,0.775279193271905,0.5167474272288394,0.5167474272288394,0.6460133102503721,6,3,0,1166800,1175200,9,3200,3787200,1235
EQREG_small_8ee34710af70e2df,MG1655,628400,631600,630000.0,small,WIN_small_8ee34710af70e2df,0.6459254250059956,3200,0.6459254250059956,0.04807733572679163,density,0.6340863752691791,0.657764474742812,0.6340863752691791,0.6459254250059954,4,2,0,624000,631600,6,3200,3788800,1236
EQREG_small_c27b98653f6ec759,MG1655,27200,30400,28800.0,small,WIN_small_c27b98653f6ec759,0.6448887751584427,3200,0.6448887751584427,0.309558098267086,density,0.6503404566636051,0.6394370936532804,0.6394370936532804,0.6448887751584425,1,0,0,27200,30400,1,3200,3788800,1237
EQREG_small_253b1e17bb98a4a6,MG1655,3822800,3826000,3824400.0,small,WIN_small_253b1e17bb98a4a6,0.6430751498295035,3200,0.6430751498295035,0.2783575653257151,density,0.6376461860353994,0.6485041136236077,0.6376461860353994,0.6430751498295035,4,0,0,3822800,3827200,4,3200,3790400,1238
EQREG_small_dca0ef3ec5af6f39,MG1655,2683600,2686800,2685200.0,small,WIN_small_dca0ef3ec5af6f39,0.6430449878722087,3200,0.6430449878722087,0.24063796943098636,density,0.6412354170588432,0.644854558685574,0.6412354170588432,0.6430449878722084,4,2,0,2679200,2686800,6,3200,3792000,1239
EQREG_small_0365e525feedff3c,MG1655,236000,239200,237600.0,small,WIN_small_0365e525feedff3c,0.6430223691532944,3200,0.6430223691532944,0.05633273970291014,density,0.7114985985779572,0.5745461397286317,0.5745461397286317,0.6430223691532944,7,6,1,232800,246400,14,3200,3795200,1240
EQREG_small_7b70b04b65dbbda0,MG1655,3029200,3032400,3030800.0,small,WIN_small_7b70b04b65dbbda0,0.6424990272759956,3200,0.1585420828675807,0.6424990272759956,shape,0.4201080870135292,0.864889967538462,0.4201080870135292,0.6424990272759955,4,1,0,3025600,3032400,5,3200,3796800,1241
EQREG_small_443e2193d92e89d0,MG1655,3788400,3791600,3790000.0,small,WIN_small_443e2193d92e89d0,0.6422134159663921,3200,0.6422134159663921,0.10647970428627263,density,0.6503404566636051,0.6340863752691791,0.6340863752691791,0.6422134159663919,4,0,0,3787200,3791600,4,3200,3798400,1242
EQREG_small_72620fe979a283e8,MG1655,2660800,2664000,2662400.0,small,WIN_small_72620fe979a283e8,0.6421458261694272,3200,0.6421458261694272,0.10481202406602969,density,0.644854558685574,0.6394370936532804,0.6394370936532804,0.642145826169427,6,3,0,2658400,2666400,9,3200,3800800,1243
EQREG_small_e9de107eaf64dd33,MG1655,2186800,2190000,2188400.0,small,WIN_small_e9de107eaf64dd33,0.6403809389231893,3200,0.4254686693038477,0.6403809389231893,shape,0.4879583395909409,0.7928035382554376,0.4879583395909409,0.6403809389231893,1,0,0,2186800,2190000,1,3200,3800800,1244
EQREG_small_c829f087d00dd3b1,MG1655,4104400,4107600,4106000.0,small,WIN_small_c829f087d00dd3b1,0.640358595990278,3200,0.640358595990278,0.5596134845705827,density,0.644854558685574,0.6358626332949822,0.6358626332949822,0.6403585959902779,4,2,0,4100000,4107600,6,3200,3802400,1245
EQREG_small_a5a4456c9e3ac6f1,MG1655,2646000,2649200,2647600.0,small,WIN_small_a5a4456c9e3ac6f1,0.6403362553560619,3200,0.6403362553560619,0.5366654332922254,density,0.6412354170588432,0.7928035382554376,0.6412354170588432,0.6403362553560616,2,0,0,2645600,2649200,2,3200,3802800,1246
EQREG_small_3127b34dce5d4957,MG1655,4014000,4017200,4015600.0,small,WIN_small_3127b34dce5d4957,0.6403362553560619,3200,0.6403362553560619,0.07216341081495242,density,0.6412354170588432,0.6394370936532804,0.6394370936532804,0.6403362553560616,4,0,0,4012800,4017200,4,3200,3804400,1247
EQREG_small_8a2abf2164695053,MG1655,4580000,4583200,4581600.0,small,WIN_small_8a2abf2164695053,0.6399530991015793,3200,0.2949358550976119,0.6399530991015793,shape,0.7114985985779572,0.5684075996252014,0.5684075996252014,0.6399530991015792,5,0,0,4578800,4583600,5,3200,3806000,1248
EQREG_small_c9e3d0d0286bd396,MG1655,171600,174800,173200.0,small,WIN_small_c9e3d0d0286bd396,0.6396745265926214,3200,0.37926094902105323,0.6396745265926214,shape,0.5461312049140491,0.7332178482711935,0.5461312049140491,0.6396745265926214,4,0,0,170400,174800,4,3200,3807600,1249
EQREG_small_89692c875b17c7fb,MG1655,3910000,3913200,3911600.0,small,WIN_small_89692c875b17c7fb,0.6394370936532804,3200,0.6394370936532804,0.1063895668710847,density,0.6394370936532804,0.6394370936532804,0.6394370936532804,0.6394370936532802,4,1,0,3906400,3913200,5,3200,3809200,1250
EQREG_small_9bfa952a34bef92a,MG1655,1869600,1872800,1871200.0,small,WIN_small_9bfa952a34bef92a,0.639148072830205,3200,0.639148072830205,0.06938720242387653,density,0.6847959660291066,0.5935001796313035,0.5935001796313035,0.639148072830205,3,0,0,1868800,1872800,3,3200,3810000,1251
EQREG_small_c826ae3e76ec60d2,MG1655,2462400,2465600,2464000.0,small,WIN_small_c826ae3e76ec60d2,0.6383091303480664,3200,0.23734216315837842,0.6383091303480664,shape,0.577648256360114,0.6989700043360187,0.577648256360114,0.6383091303480664,1,0,0,2462400,2465600,1,3200,3810000,1252
EQREG_small_2edfc7ca7673f433,MG1655,4350000,4353200,4351600.0,small,WIN_small_2edfc7ca7673f433,0.6382390572719201,3200,0.4764015672309372,0.6382390572719201,shape,0.8897135512634943,0.44806461470605047,0.44806461470605047,0.63823905727192,1,0,0,4350000,4353200,1,3200,3810000,1253
EQREG_small_1467c157a3c3c87f,MG1655,1215600,1218800,1217200.0,small,WIN_small_1467c157a3c3c87f,0.6381542622124483,3200,0.6381542622124483,0.04972562437577341,density,0.6828083447935931,0.5935001796313035,0.5935001796313035,0.6381542622124483,4,0,0,1214400,1218800,4,3200,3811200,1254
EQREG_small_923bf486fb53d38a,MG1655,4411600,4414800,4413200.0,small,WIN_small_923bf486fb53d38a,0.6378963938472848,3200,0.20738856263206887,0.6378963938472848,shape,0.795365755020038,0.4804270326745317,0.4804270326745317,0.6378963938472848,4,0,0,4410400,4414800,4,3200,3812800,1255
EQREG_small_cc3e10a1f7d0ec6c,MG1655,4386400,4389600,4388000.0,small,WIN_small_cc3e10a1f7d0ec6c,0.6377786130807914,3200,0.6377786130807914,0.20976474429121833,density,0.6270531125379752,0.6485041136236077,0.6270531125379752,0.6377786130807914,4,0,0,4385200,4389600,4,3200,3814400,1256
EQREG_small_bd3e3392fbff748c,MG1655,4545200,4548400,4546800.0,small,WIN_small_bd3e3392fbff748c,0.6376351540928586,3200,0.10299491335204783,0.6376351540928586,shape,1.1540207399027353,0.12124956828298203,0.12124956828298203,0.6376351540928586,7,4,0,4540800,4549600,11,3200,3817200,1257
EQREG_small_16de858a4eacee30,MG1655,1227600,1230800,1229200.0,small,WIN_small_16de858a4eacee30,0.6370182581070714,3200,0.3553530679710287,0.6370182581070714,shape,0.7679799545304055,0.5060565616837371,0.5060565616837371,0.6370182581070712,4,0,0,1227600,1232000,4,3200,3818800,1258
EQREG_small_0e69657cabb85aee,MG1655,4448400,4451600,4450000.0,small,WIN_small_0e69657cabb85aee,0.6369412691890688,3200,0.30189815219520433,0.6369412691890688,shape,0.5870898125929556,0.6867927257851821,0.5870898125929556,0.6369412691890688,5,2,0,4448000,4455200,7,3200,3820800,1259
EQREG_small_750626d835ca58f4,MG1655,3898400,3901600,3900000.0,small,WIN_small_750626d835ca58f4,0.6332378959650424,3200,0.30275779727419616,0.6332378959650424,shape,0.6615246236161187,0.6049511683139661,0.6049511683139661,0.6332378959650423,7,3,0,3896000,3904000,10,3200,3824000,1260
EQREG_small_4f07383d88d3037c,MG1655,234000,237200,235600.0,small,WIN_small_4f07383d88d3037c,0.6330217932028528,3200,0.4140569263990582,0.6330217932028528,shape,0.657764474742812,0.6082791116628936,0.6082791116628936,0.6330217932028527,5,0,0,232800,237600,5,3200,3826000,1261
EQREG_small_6348421a5c4949f6,MG1655,2620400,2623600,2622000.0,small,WIN_small_6348421a5c4949f6,0.6326728813215889,3200,0.18194754929724583,0.6326728813215889,shape,0.4094106377576423,0.8559351248855356,0.4094106377576423,0.6326728813215888,1,0,0,2620400,2623600,1,3200,3826000,1262
EQREG_small_f0277dcac816d27a,MG1655,1732800,1736000,1734400.0,small,WIN_small_f0277dcac816d27a,0.6324070776057584,3200,0.6324070776057584,0.4059786332865469,density,0.6412354170588432,0.6235787381526735,0.6235787381526735,0.6324070776057582,4,1,0,1729600,1736000,5,3200,3827600,1263
EQREG_small_7b1fda691f3df136,MG1655,4119600,4122800,4121200.0,small,WIN_small_7b1fda691f3df136,0.632059151262156,3200,0.4521359637363546,0.632059151262156,shape,0.5127074494270993,0.7514108530972126,0.5127074494270993,0.6320591512621558,2,0,0,4119200,4122800,2,3200,3828000,1264
EQREG_small_c7ca9d70a94079e5,MG1655,4064400,4067600,4066000.0,small,WIN_small_c7ca9d70a94079e5,0.6317618830377152,3200,0.26814086394195635,0.6317618830377152,shape,0.795365755020038,0.4681580110553923,0.4681580110553923,0.6317618830377151,7,3,0,4063200,4071200,10,3200,3830800,1265
EQREG_small_71c064d29e4e4693,MG1655,4429600,4432800,4431200.0,small,WIN_small_71c064d29e4e4693,0.6310936216991742,3200,0.33636259738304475,0.6310936216991742,shape,0.34931046099962376,0.9228819145161489,0.34931046099962376,0.6310936216991739,5,0,0,4429200,4434000,5,3200,3832800,1266
EQREG_small_1a04d11e655693ac,MG1655,3079600,3082800,3081200.0,small,WIN_small_1a04d11e655693ac,0.6305697439035771,3200,0.6305697439035771,0.4930470928998988,density,0.6270531125379752,0.6358626332949822,0.6270531125379752,0.6305697439035771,4,0,0,3078400,3082800,4,3200,3834000,1267
EQREG_small_00cd4d66a60cbc36,MG1655,128800,132000,130400.0,small,WIN_small_00cd4d66a60cbc36,0.629933526503718,3200,0.629933526503718,0.06624095721255022,density,0.644854558685574,0.615012494321862,0.615012494321862,0.6299335265037178,4,2,0,128800,136000,6,3200,3835600,1268
EQREG_small_b8643b3516229610,MG1655,3900000,3903200,3901600.0,small,WIN_small_b8643b3516229610,0.629933526503718,3200,0.629933526503718,0.09671439500652287,density,0.644854558685574,0.615012494321862,0.615012494321862,0.6299335265037178,4,0,0,3900000,3904400,4,3200,3836800,1269
EQREG_small_ba33d95de8ea455d,MG1655,2764800,2768000,2766400.0,small,WIN_small_ba33d95de8ea455d,0.6297490524437833,3200,0.19159049281960533,0.6297490524437833,shape,0.26966940074080487,0.9898287041467617,0.26966940074080487,0.6297490524437833,3,2,0,2763200,2770400,5,3200,3837600,1270
EQREG_large_fd4eb50e9c4b9324,MG1655,65600,78400,72000.0,large,WIN_large_fd4eb50e9c4b9324,0.6290485649645716,12800,0.06817458235819751,0.6290485649645716,shape,0.5791971083684583,0.6789000215606849,0.5791971083684583,0.6290485649645715,1,1,1,65600,78400,3,12800,3837600,1271
EQREG_small_bdc3eaeb8cdb247c,MG1655,2093600,2096800,2095200.0,small,WIN_small_bdc3eaeb8cdb247c,0.6281450745117219,3200,0.2520513967225031,0.6281450745117219,shape,0.5318907657994388,0.7243993832240049,0.5318907657994388,0.6281450745117219,7,4,0,2089600,2098400,11,3200,3840800,1272
EQREG_small_a0185bf6372641aa,MG1655,4418800,4422000,4420400.0,small,WIN_small_a0185bf6372641aa,0.6272773766806301,3200,0.2461920937622235,0.6272773766806301,shape,0.6133193363024171,0.6412354170588432,0.6133193363024171,0.6272773766806301,6,3,0,4418000,4426400,9,3200,3843200,1273
EQREG_small_ef7629d46a16d523,MG1655,4493200,4496400,4494800.0,small,WIN_small_ef7629d46a16d523,0.6266122682198962,3200,0.4349521933675112,0.6266122682198962,shape,0.47794534316788745,0.775279193271905,0.47794534316788745,0.6266122682198961,1,0,0,4493200,4496400,1,3200,3843200,1274
EQREG_small_452b54c5c4182578,MG1655,378000,381200,379600.0,small,WIN_small_452b54c5c4182578,0.6261095396123022,3200,0.06950593360724341,0.6261095396123022,shape,0.5008082261273917,0.7514108530972126,0.5008082261273917,0.626109539612302,7,8,4,371200,388800,19,3200,3846400,1275
EQREG_small_e4f96c64eed42ce1,MG1655,2803600,2806800,2805200.0,small,WIN_small_e4f96c64eed42ce1,0.6250277405107876,3200,0.451943550914761,0.6250277405107876,shape,0.8031443715936565,0.4469111094279187,0.4469111094279187,0.6250277405107875,5,3,0,2799200,2807200,8,3200,3848400,1276
EQREG_small_722d7ad81ac4fe14,MG1655,3785200,3788400,3786800.0,small,WIN_small_722d7ad81ac4fe14,0.6245494347955205,3200,0.6245494347955205,0.10650455439295424,density,0.615012494321862,0.6340863752691791,0.615012494321862,0.6245494347955205,4,0,0,3785200,3789600,4,3200,3850000,1277
EQREG_small_e89f7007c21a03cb,MG1655,848000,851200,849600.0,small,WIN_small_e89f7007c21a03cb,0.6240756349147638,3200,0.6240756349147638,0.4371188810412587,density,0.667226602440589,0.6032967111439537,0.6032967111439537,0.6240756349147637,4,0,0,848000,852400,4,3200,3851600,1278
EQREG_small_b323620ff11c1e8f,MG1655,2811200,2814400,2812800.0,small,WIN_small_b323620ff11c1e8f,0.6238650050958552,3200,0.25547882004537753,0.6238650050958552,shape,0.7376951506259378,0.5100348595657724,0.5100348595657724,0.6238650050958551,7,0,0,2810000,2815600,7,3200,3854400,1279
EQREG_medium_25ce1ab90beefc71,MG1655,3196000,3202400,3199200.0,medium,WIN_medium_25ce1ab90beefc71,0.6236517877160155,6400,0.3185274354531164,0.6236517877160155,shape,0.7323937598229687,0.5149098156090622,0.5149098156090622,0.6236517877160154,14,5,0,3193600,3203200,19,6400,3860000,1280
EQREG_small_1869f3da1193e4a9,MG1655,1756800,1760000,1758400.0,small,WIN_small_1869f3da1193e4a9,0.6229076644237209,3200,0.6229076644237209,0.05839334449407643,density,0.6099526955524597,0.6358626332949822,0.6099526955524597,0.6229076644237208,1,0,0,1756800,1760000,1,3200,3860000,1281
EQREG_medium_f07f3a195f53fb34,MG1655,2235200,2241600,2238400.0,medium,WIN_medium_f07f3a195f53fb34,0.6217477833042733,6400,0.37860867177400037,0.6217477833042733,shape,0.9112078772141233,0.35218251811136253,0.35218251811136253,0.621747783304273,6,1,0,2234800,2241600,7,6400,3862000,1282
EQREG_small_0ab85ea419c3d429,MG1655,1380800,1384000,1382400.0,small,WIN_small_0ab85ea419c3d429,0.6214419749113618,3200,0.6214419749113618,0.08902311351225625,density,0.6412354170588432,0.6016485327638804,0.6016485327638804,0.6214419749113618,5,2,0,1376800,1384400,7,3200,3864000,1283
EQREG_small_4f3078a28c29b029,MG1655,3380400,3383600,3382000.0,small,WIN_small_4f3078a28c29b029,0.6201353309329705,3200,0.49445744029837946,0.6201353309329705,shape,0.6184187430137735,0.6218519188521675,0.6184187430137735,0.6201353309329705,2,0,0,3380000,3383600,2,3200,3864400,1284
EQREG_small_ebd9e8739ff24c3d,MG1655,1173200,1176400,1174800.0,small,WIN_small_ebd9e8739ff24c3d,0.619282099025962,3200,0.22126911194928786,0.619282099025962,shape,0.8385610288161128,0.40000316923581103,0.40000316923581103,0.6192820990259619,6,2,0,1169600,1177200,8,3200,3866800,1285
EQREG_small_01b88746bf4d52da,MG1655,3980000,3983200,3981600.0,small,WIN_small_01b88746bf4d52da,0.6169829426471065,3200,0.6169829426471065,0.0951609034461238,density,0.6323173525303325,0.6016485327638804,0.6016485327638804,0.6169829426471064,6,4,0,3977600,3986400,10,3200,3869200,1286
EQREG_small_69d958bb3fb5e236,MG1655,2454400,2457600,2456000.0,small,WIN_small_69d958bb3fb5e236,0.616829191150176,3200,0.3744181544575039,0.616829191150176,shape,0.8961476612689041,0.37783019028461956,0.37783019028461956,0.6168291911501758,4,3,0,2452800,2460800,7,3200,3870800,1287
EQREG_small_dc1d8300be16c497,MG1655,3152000,3155200,3153600.0,small,WIN_small_dc1d8300be16c497,0.6167156186678178,3200,0.6167156186678178,0.1278970579844283,density,0.6184187430137735,0.615012494321862,0.615012494321862,0.6167156186678177,7,7,4,3145600,3163200,18,3200,3874000,1288
EQREG_small_244c8843c4f0fb1d,MG1655,3146000,3149200,3147600.0,small,WIN_small_244c8843c4f0fb1d,0.616622132969602,3200,0.616622132969602,0.22035437040101843,density,0.6540366022235687,0.5792076637156353,0.5792076637156353,0.6166221329696019,7,4,0,3144800,3153600,11,3200,3876800,1289
EQREG_small_1daf3708fd52967c,MG1655,1328400,1331600,1330000.0,small,WIN_small_1daf3708fd52967c,0.6163119154247565,3200,0.5559224500671895,0.6163119154247565,shape,0.5714660241094213,0.9126627493344628,0.5714660241094213,0.6163119154247563,4,0,0,1328400,1332800,4,3200,3878400,1290
EQREG_small_a8095b55f4c3fcdc,MG1655,300000,303200,301600.0,small,WIN_small_a8095b55f4c3fcdc,0.6160221125796708,3200,0.03670747629178882,0.6160221125796708,shape,0.5432455166765608,0.6887987084827806,0.5432455166765608,0.6160221125796708,7,4,0,296000,304800,11,3200,3881600,1291
EQREG_small_691002cb53148c1d,MG1655,3925200,3928400,3926800.0,small,WIN_small_691002cb53148c1d,0.6159023072023135,3200,0.6159023072023135,0.1904056913543379,density,0.6099526955524597,0.6218519188521675,0.6099526955524597,0.6159023072023135,4,0,0,3925200,3929600,4,3200,3883200,1292
EQREG_small_641fb8658e08c53f,MG1655,3136000,3139200,3137600.0,small,WIN_small_641fb8658e08c53f,0.6149031795115536,3200,0.14906152703016207,0.6149031795115536,shape,0.7157564217204986,0.5140499373026086,0.5140499373026086,0.6149031795115536,4,2,0,3132000,3139200,6,3200,3884800,1293
EQREG_small_dace6dda5e7291f3,MG1655,1369200,1372400,1370800.0,small,WIN_small_dace6dda5e7291f3,0.6147674407550618,3200,0.6147674407550618,0.08906103830865544,density,0.6376461860353994,0.5918886954747242,0.5918886954747242,0.6147674407550618,5,0,0,1368000,1372800,5,3200,3886400,1294
EQREG_medium_1dbc751dbc9c784f,MG1655,616000,622400,619200.0,medium,WIN_medium_1dbc751dbc9c784f,0.6144717831904785,6400,0.04553414548920438,0.6144717831904785,shape,0.42596873227228116,0.8029748341086758,0.42596873227228116,0.6144717831904785,8,4,1,609600,622400,13,6400,3889600,1295
EQREG_small_852515d6d1c9b0fd,MG1655,4102800,4106000,4104400.0,small,WIN_small_852515d6d1c9b0fd,0.6124825949371608,3200,0.6124825949371608,0.43187399411351196,density,0.6466755025771996,0.615012494321862,0.615012494321862,0.6124825949371608,4,1,0,4099200,4106000,5,3200,3891200,1296
EQREG_small_d38f4619b07b36cb,MG1655,3538000,3541200,3539600.0,small,WIN_small_d38f4619b07b36cb,0.6121128321391616,3200,0.30103019076053206,0.6121128321391616,shape,0.31824450030037554,0.9059811639779475,0.31824450030037554,0.6121128321391613,7,4,0,3536000,3544800,11,3200,3894400,1297
EQREG_small_bcc4733e965c0a88,MG1655,4542800,4546000,4544400.0,small,WIN_small_bcc4733e965c0a88,0.6102377464936981,3200,0.3156847881320064,0.6102377464936981,shape,0.4094106377576423,0.8110648552297538,0.4094106377576423,0.6102377464936979,6,1,0,4540000,4546800,7,3200,3896800,1298
EQREG_small_e6b796e97211dcaf,MG1655,2190000,2193200,2191600.0,small,WIN_small_e6b796e97211dcaf,0.609839426945775,3200,0.609839426945775,0.07924475533087497,density,0.6466755025771996,0.5730033513143504,0.5730033513143504,0.609839426945775,1,0,0,2190000,2193200,1,3200,3896800,1299
EQREG_small_394287bf0584997e,MG1655,3795200,3798400,3796800.0,small,WIN_small_394287bf0584997e,0.6089289549999621,3200,0.6089289549999621,0.10918621213540233,density,0.644854558685574,0.5730033513143504,0.5730033513143504,0.6089289549999621,2,0,0,3795200,3798800,2,3200,3897200,1300
EQREG_small_3a7c204830247163,MG1655,4280000,4283200,4281600.0,small,WIN_small_3a7c204830247163,0.6071193841865968,3200,0.6071193841865968,0.05665058978394315,density,0.6412354170588432,0.5730033513143504,0.5730033513143504,0.6071193841865967,1,0,0,4280000,4283200,1,3200,3897200,1301
EQREG_medium_0b251e331e6f5133,MG1655,4587200,4593600,4590400.0,medium,WIN_medium_0b251e331e6f5133,0.6070313211466758,6400,0.2620032646666612,0.6070313211466758,shape,0.6354837468149123,0.5785788954784394,0.5785788954784394,0.6070313211466758,6,1,0,4586800,4593600,7,6400,3899200,1302
EQREG_small_9bd187cf6839af22,MG1655,2230000,2233200,2231600.0,small,WIN_small_9bd187cf6839af22,0.6062775046756494,3200,0.6062775046756494,0.27797546160470266,density,0.6270531125379752,0.5855018968133235,0.5855018968133235,0.6062775046756492,4,2,0,2225600,2233200,6,3200,3900800,1303
EQREG_small_1277ff4a5e626cf0,MG1655,2820000,2823200,2821600.0,small,WIN_small_1277ff4a5e626cf0,0.6062424970962228,3200,0.4250372398133917,0.6062424970962228,shape,0.765573884764527,0.4469111094279187,0.4469111094279187,0.6062424970962228,5,0,0,2819600,2824400,5,3200,3902800,1304
EQREG_small_61f6df66167ecdcd,MG1655,2551600,2554800,2553200.0,small,WIN_small_61f6df66167ecdcd,0.6037649821559776,3200,0.2014215210989337,0.6037649821559776,shape,0.6466755025771996,0.5608544617347555,0.5608544617347555,0.6037649821559774,4,1,0,2551600,2558400,5,3200,3904400,1305
EQREG_small_a47b5dc0a5761088,MG1655,3387200,3390400,3388800.0,small,WIN_small_a47b5dc0a5761088,0.6036108755254246,3200,0.2180916911939302,0.6036108755254246,shape,0.5870898125929556,0.6201319384578936,0.5870898125929556,0.6036108755254245,7,3,0,3384000,3392000,10,3200,3907600,1306
EQREG_small_deacfff5df0197e0,MG1655,360800,364000,362400.0,small,WIN_small_deacfff5df0197e0,0.6033626479716035,3200,0.6033626479716035,0.4579087126426954,density,0.6503404566636051,0.556384839279602,0.556384839279602,0.6033626479716034,6,2,0,357600,364800,8,3200,3910000,1307
EQREG_small_e378f6ed47642fa1,MG1655,475200,478400,476800.0,small,WIN_small_e378f6ed47642fa1,0.6031052938279934,3200,0.37832871445534083,0.6031052938279934,shape,0.5153965879378806,0.6908139997181062,0.5153965879378806,0.6031052938279934,4,2,0,471200,478400,6,3200,3911600,1308
EQREG_medium_2e0cd783f37eadc2,MG1655,2566400,2572800,2569600.0,medium,WIN_medium_2e0cd783f37eadc2,0.6023580658304313,6400,0.04219909292926535,0.6023580658304313,shape,0.31742041185215064,0.8872957198087118,0.31742041185215064,0.6023580658304312,13,4,0,2566000,2575200,17,6400,3916800,1309
EQREG_small_1adea744132382f0,MG1655,2386800,2390000,2388400.0,small,WIN_small_1adea744132382f0,0.602322554746181,3200,0.32084244071462953,0.602322554746181,shape,0.7679799545304055,0.43666515496195657,0.43666515496195657,0.6023225547461809,3,0,0,2386000,2390000,3,3200,3917600,1310
EQREG_small_c5bd2489d7268a50,MG1655,1090800,1094000,1092400.0,small,WIN_small_c5bd2489d7268a50,0.6015363988905125,3200,0.6015363988905125,0.05104962125464703,density,0.6540366022235687,0.5490361955574563,0.5490361955574563,0.6015363988905125,6,1,0,1090000,1096800,7,3200,3919600,1311
EQREG_small_4abb9070083c3e36,MG1655,2227600,2230800,2229200.0,small,WIN_small_4abb9070083c3e36,0.601200344284955,3200,0.10238131871474902,0.601200344284955,shape,0.5593594706478042,0.6430412179221056,0.5593594706478042,0.6012003442849547,4,0,0,2227200,2231600,4,3200,3920800,1312
EQREG_small_05f92f4c12d3943c,MG1655,2056000,2059200,2057600.0,small,WIN_small_05f92f4c12d3943c,0.6007716966289731,3200,0.4317571264492945,0.6007716966289731,shape,0.5087047069734255,0.6928386862845206,0.5087047069734255,0.600771696628973,7,1,0,2054800,2061600,8,3200,3923600,1313
EQREG_small_c1f3bc96ce5426d7,MG1655,3708800,3712000,3710400.0,small,WIN_small_c1f3bc96ce5426d7,0.5996018895175005,3200,0.5996018895175005,0.39808760051899417,density,0.6323173525303325,0.5668864265046685,0.5668864265046685,0.5996018895175004,2,0,0,3708800,3712400,2,3200,3924000,1314
EQREG_small_f15ed667257e5063,MG1655,4431600,4434800,4433200.0,small,WIN_small_f15ed667257e5063,0.5990963078200693,3200,0.2543769030211042,0.5990963078200693,shape,0.6908139997181062,0.5073786159220324,0.5073786159220324,0.5990963078200693,3,0,0,4431200,4435200,3,3200,3924800,1315
EQREG_small_6c6452da03e70440,MG1655,2708800,2712000,2710400.0,small,WIN_small_6c6452da03e70440,0.5969362306779542,3200,0.5969362306779542,0.1038184732859318,density,0.6099526955524597,0.5839197658034488,0.5839197658034488,0.5969362306779542,4,1,0,2708800,2715200,5,3200,3926400,1316
EQREG_small_93b81ec236b1c44a,MG1655,2526400,2529600,2528000.0,small,WIN_small_93b81ec236b1c44a,0.5967686141193023,3200,0.5967686141193023,0.37777017753538333,density,0.5918886954747242,0.6016485327638804,0.5918886954747242,0.5967686141193023,4,0,0,2525200,2529600,4,3200,3927600,1317
EQREG_small_8ecee6b3cb3bb223,MG1655,1086000,1089200,1087600.0,small,WIN_small_8ecee6b3cb3bb223,0.5936082384737013,3200,0.5936082384737013,0.143955081236042,density,0.6032967111439537,0.5839197658034488,0.5839197658034488,0.5936082384737011,4,0,0,1085600,1090000,4,3200,3928800,1318
EQREG_small_2b62d9d4cb8fa86a,MG1655,3633200,3636400,3634800.0,small,WIN_small_2b62d9d4cb8fa86a,0.5927362984150375,3200,0.5927362984150375,0.12643164073451896,density,0.657764474742812,0.5277081220872629,0.5277081220872629,0.5927362984150374,2,0,0,3633200,3636800,2,3200,3929200,1319
EQREG_small_6ef03d8d469406e0,MG1655,4049200,4052400,4050800.0,small,WIN_small_6ef03d8d469406e0,0.5927004171821143,3200,0.5927004171821143,0.1425057963104558,density,0.5902831687593059,0.5951176656049227,0.5902831687593059,0.5927004171821142,3,0,0,4049200,4053200,3,3200,3930000,1320
EQREG_small_232b48a38ce9550f,MG1655,3194400,3197600,3196000.0,small,WIN_small_232b48a38ce9550f,0.5922165999437146,3200,0.5922165999437146,0.06064645119807971,density,0.5608544617347555,0.6235787381526735,0.5608544617347555,0.5922165999437143,4,3,0,3191200,3199200,7,3200,3931600,1321
EQREG_medium_4948902e08fe32b8,MG1655,2327200,2333600,2330400.0,medium,WIN_medium_4948902e08fe32b8,0.5916640126585916,6400,0.01691303314549443,0.5916640126585916,shape,0.4286578707830624,0.7546701545341208,0.4286578707830624,0.5916640126585916,8,4,0,2324800,2333600,12,6400,3934800,1322
EQREG_small_84d158e9152aa307,MG1655,640800,644000,642400.0,small,WIN_small_84d158e9152aa307,0.5902092623957398,3200,0.21302826727785706,0.5902092623957398,shape,0.9858259616930879,0.21571743156485823,0.21571743156485823,0.5902092623957398,7,4,0,636800,645600,11,3200,3938000,1323
EQREG_small_28aad8713489ed60,MG1655,311200,314400,312800.0,small,WIN_small_28aad8713489ed60,0.5900940186728845,3200,0.5900940186728845,0.06333308497893461,density,0.6412354170588432,0.5389526202869257,0.5389526202869257,0.5900940186728845,7,5,0,308000,317600,12,3200,3941200,1324
EQREG_small_77bc06e743d2a0f1,MG1655,3815200,3818400,3816800.0,small,WIN_small_77bc06e743d2a0f1,0.5890331085522319,3200,0.3370745109524766,0.5890331085522319,shape,0.42665536400725124,0.7514108530972126,0.42665536400725124,0.5890331085522318,7,2,0,3812800,3820000,9,3200,3944400,1325
EQREG_small_e37f8f5acefb6de8,MG1655,243600,246800,245200.0,small,WIN_small_e37f8f5acefb6de8,0.588097336246256,3200,0.588097336246256,0.3228074009971459,density,0.6016485327638804,0.5745461397286317,0.5745461397286317,0.588097336246256,4,2,0,239200,246800,6,3200,3946000,1326
EQREG_medium_c48bbef2fb053dfc,MG1655,548000,554400,551200.0,medium,WIN_medium_c48bbef2fb053dfc,0.5876898733555407,6400,0.04665779096578501,0.5876898733555407,shape,0.5083789484501045,0.6670007982609769,0.5083789484501045,0.5876898733555407,12,6,0,545600,556000,18,6400,3950800,1327
EQREG_small_52ff39e3dd1df91a,MG1655,3662800,3666000,3664400.0,small,WIN_small_52ff39e3dd1df91a,0.5873259420391155,3200,0.5873259420391155,0.09373016938848654,density,0.6016485327638804,0.5730033513143504,0.5730033513143504,0.5873259420391155,5,2,0,3660800,3668000,7,3200,3952800,1328
EQREG_small_d410c7f8b69995c5,MG1655,3147600,3150800,3149200.0,small,WIN_small_d410c7f8b69995c5,0.5860463435163332,3200,0.5860463435163332,0.35474258333350767,density,0.6201319384578936,0.551960748574773,0.551960748574773,0.5860463435163332,4,0,0,3147600,3152000,4,3200,3954400,1329
EQREG_small_e2093827d0d5b9b0,MG1655,3192800,3196000,3194400.0,small,WIN_small_e2093827d0d5b9b0,0.5855481795951798,3200,0.5855481795951798,0.06949948499807099,density,0.5792076637156353,0.5918886954747242,0.5792076637156353,0.5855481795951797,4,0,0,3191600,3196000,4,3200,3956000,1330
EQREG_small_4f09891a15797f08,MG1655,372800,376000,374400.0,small,WIN_small_4f09891a15797f08,0.5854845433130585,3200,0.019363213021867,0.5854845433130585,shape,0.48417636084093496,0.6867927257851821,0.48417636084093496,0.5854845433130584,6,4,0,370400,379200,10,3200,3958400,1331
EQREG_small_1f565aa779366717,MG1655,2662800,2666000,2664400.0,small,WIN_small_1f565aa779366717,0.5840231596799677,3200,0.5840231596799677,0.19985069742251832,density,0.5935001796313035,0.5745461397286317,0.5745461397286317,0.5840231596799675,4,0,0,2662400,2666800,4,3200,3959600,1332
EQREG_small_a8f66d5769a010c5,MG1655,186800,190000,188400.0,small,WIN_small_a8f66d5769a010c5,0.5835640076957055,3200,0.38081610982014624,0.5835640076957055,shape,0.6989700043360187,0.4681580110553923,0.4681580110553923,0.5835640076957055,3,0,0,186400,190400,3,3200,3960400,1333
EQREG_medium_b588164c3d6d6d21,MG1655,1458400,1464800,1461600.0,medium,WIN_medium_b588164c3d6d6d21,0.583428056965428,6400,0.029680556774397265,0.583428056965428,shape,0.38263071583501895,0.7842253980958369,0.38263071583501895,0.5834280569654279,14,7,3,1454400,1470400,24,6400,3966000,1334
EQREG_small_cdb156a94f1b224b,MG1655,2345600,2348800,2347200.0,small,WIN_small_cdb156a94f1b224b,0.583028601365089,3200,0.3662482353729192,0.583028601365089,shape,0.6730044412995486,0.4930527614306294,0.4930527614306294,0.5830286013650889,1,0,0,2345600,2348800,1,3200,3966000,1335
EQREG_small_fc5427967f20c58d,MG1655,1064000,1067200,1065600.0,small,WIN_small_fc5427967f20c58d,0.5824089512488808,3200,0.5824089512488808,0.13401186521913355,density,0.6201319384578936,0.5446859640398681,0.5446859640398681,0.5824089512488808,7,6,5,1057600,1076800,18,3200,3969200,1336
EQREG_small_ff99893d5593741f,MG1655,631600,634800,633200.0,small,WIN_small_ff99893d5593741f,0.5823690344765348,3200,0.5823690344765348,0.09667267378343028,density,0.577648256360114,0.5870898125929556,0.577648256360114,0.5823690344765347,4,0,0,631600,636000,4,3200,3970400,1337
EQREG_small_77a83f0d395a585a,MG1655,3477200,3480400,3478800.0,small,WIN_small_77a83f0d395a585a,0.5823433775684937,3200,0.5823433775684937,0.1913709108389178,density,0.5823433775684937,0.5823433775684937,0.5823433775684937,0.5823433775684937,4,2,0,3477200,3484800,6,3200,3972000,1338
EQREG_large_3e71af4a6196dec6,MG1655,2832000,2844800,2838400.0,large,WIN_large_3e71af4a6196dec6,0.5816377972671457,12800,0.056318363088120604,0.5816377972671457,shape,0.49816385745924,0.6651117370750514,0.49816385745924,0.5816377972671456,31,13,4,2830800,2849600,48,12800,3984400,1339
EQREG_small_a7903610d5c91472,MG1655,2935200,2938400,2936800.0,small,WIN_small_a7903610d5c91472,0.5815211132014906,3200,0.1840943558765088,0.5815211132014906,shape,0.7114985985779572,0.45154362782502394,0.45154362782502394,0.5815211132014906,7,4,0,2932000,2940800,11,3200,3987600,1340
EQREG_small_23229af9137c9861,MG1655,1818800,1822000,1820400.0,small,WIN_small_23229af9137c9861,0.5811749306098613,3200,0.5481284655735852,0.5811749306098613,shape,0.8559351248855356,0.5263228115604965,0.5263228115604965,0.5811749306098611,1,0,0,1818800,1822000,1,3200,3987600,1341
EQREG_small_bee2709f76483331,MG1655,4101200,4104400,4102800.0,small,WIN_small_bee2709f76483331,0.5806057815253536,3200,0.4343024880375915,0.5806057815253536,shape,0.5127074494270993,0.6485041136236077,0.5127074494270993,0.5806057815253535,2,0,0,4100800,4104400,2,3200,3988000,1342
EQREG_small_57e3101dc9cf48d0,MG1655,4202400,4205600,4204000.0,small,WIN_small_57e3101dc9cf48d0,0.5799901771424492,3200,0.5799901771424492,0.09087769884524888,density,0.5807726905692631,0.5792076637156353,0.5792076637156353,0.579990177142449,4,2,1,4202400,4216000,7,3200,3989600,1343
EQREG_small_97ed86b2a80df308,MG1655,4328800,4332000,4330400.0,small,WIN_small_97ed86b2a80df308,0.5793875609896963,3200,0.5793875609896963,0.47458388530273377,density,0.5918886954747242,0.6989700043360187,0.5918886954747242,0.5793875609896963,4,2,1,4318400,4332000,7,3200,3991200,1344
EQREG_small_86049d52c8c29686,MG1655,3960800,3964000,3962400.0,small,WIN_small_86049d52c8c29686,0.5792779183511885,3200,0.5792779183511885,0.06979900997801149,density,0.5714660241094213,0.5870898125929556,0.5714660241094213,0.5792779183511884,4,1,0,3957600,3964000,5,3200,3992800,1345
EQREG_medium_5a2af7c1448aa6c2,MG1655,1556000,1562400,1559200.0,medium,WIN_medium_5a2af7c1448aa6c2,0.5791812460476249,6400,0.017959527898416282,0.5791812460476249,shape,0.42596873227228116,0.7323937598229687,0.42596873227228116,0.5791812460476249,8,2,0,1555600,1563200,10,6400,3995600,1346
EQREG_small_5865f48cfad360b0,MG1655,3648800,3652000,3650400.0,small,WIN_small_5865f48cfad360b0,0.5778268658295125,3200,0.2136582985560418,0.5778268658295125,shape,0.5653705628997192,0.5902831687593059,0.5653705628997192,0.5778268658295125,4,1,0,3648800,3655200,5,3200,3997200,1347
EQREG_small_42888b599177760c,MG1655,512800,516000,514400.0,small,WIN_small_42888b599177760c,0.5771689700972449,3200,0.29490171227064754,0.5771689700972449,shape,0.6788601859486008,0.4754777542458889,0.4754777542458889,0.5771689700972449,4,0,0,512800,517200,4,3200,3998800,1348
EQREG_small_00b3573fa3d00a50,MG1655,2264000,2267200,2265600.0,small,WIN_small_00b3573fa3d00a50,0.573774745521491,3200,0.39820110710139844,0.573774745521491,shape,0.5730033513143504,0.5745461397286317,0.5730033513143504,0.573774745521491,3,0,0,2264000,2268000,3,3200,3999600,1349
EQREG_medium_1eac20082d7d9512,MG1655,1043200,1049600,1046400.0,medium,WIN_medium_1eac20082d7d9512,0.5735579263313693,6400,0.020587810048677022,0.5735579263313693,shape,0.48935571113667414,0.6577601415260643,0.48935571113667414,0.5735579263313693,15,7,7,1035200,1057600,29,6400,4006000,1350
EQREG_small_e49cefa1066bf0d4,MG1655,2151600,2154800,2153200.0,small,WIN_small_e49cefa1066bf0d4,0.573276581892403,3200,0.573276581892403,0.08743826649657369,density,0.5578696081852932,0.5886835555995129,0.5578696081852932,0.573276581892403,5,3,0,2151200,2159200,8,3200,4008000,1351
EQREG_small_2d7f5033598ca59b,MG1655,3642800,3646000,3644400.0,small,WIN_small_2d7f5033598ca59b,0.5731781792740396,3200,0.5731781792740396,0.17965614373476746,density,0.5608544617347555,0.5855018968133235,0.5608544617347555,0.5731781792740394,4,0,0,3642800,3647200,4,3200,4009200,1352
EQREG_small_728ecf6270678229,MG1655,1178800,1182000,1180400.0,small,WIN_small_728ecf6270678229,0.5730142739390831,3200,0.5730142739390831,0.556276101918622,density,0.6847959660291066,0.5760944282914923,0.5760944282914923,0.5730142739390831,2,0,0,1178800,1182400,2,3200,4009600,1353
EQREG_small_4ab9a35b214bcfd4,MG1655,179200,182400,180800.0,small,WIN_small_4ab9a35b214bcfd4,0.5723027218383272,3200,0.3986434942407967,0.5723027218383272,shape,0.6788601859486008,0.46574525772805364,0.46574525772805364,0.5723027218383272,4,0,0,178000,182400,4,3200,4010800,1354
EQREG_small_a71665c2cf0bc872,MG1655,3672400,3675600,3674000.0,small,WIN_small_a71665c2cf0bc872,0.5722401296576527,3200,0.5722401296576527,0.41606502230166453,density,0.5699341195866738,0.5745461397286317,0.5699341195866738,0.5722401296576527,4,2,0,3672400,3680000,6,3200,4012400,1355
EQREG_small_9bb428b69369c791,MG1655,3768800,3772000,3770400.0,small,WIN_small_9bb428b69369c791,0.5719274390993168,3200,0.3445928794987383,0.5719274390993168,shape,0.6558965386076927,0.4879583395909409,0.4879583395909409,0.5719274390993168,5,0,0,3768000,3772800,5,3200,4014000,1356
EQREG_small_c5cea0b8cd4c118b,MG1655,3149200,3152400,3150800.0,small,WIN_small_c5cea0b8cd4c118b,0.5709595974893596,3200,0.36861627673552577,0.5709595974893596,shape,0.6358626332949822,0.5060565616837371,0.5060565616837371,0.5709595974893595,4,0,0,3149200,3153600,4,3200,4015200,1357
EQREG_small_53f86ce1f28784fd,MG1655,2711600,2714800,2713200.0,small,WIN_small_53f86ce1f28784fd,0.5707865459358852,3200,0.18662124861837281,0.5707865459358852,shape,0.6082791116628936,0.5332939802088769,0.5332939802088769,0.5707865459358852,6,0,0,2710400,2715600,6,3200,4017200,1358
EQREG_medium_6cd991d805719e38,MG1655,3856000,3862400,3859200.0,medium,WIN_medium_6cd991d805719e38,0.5693058659379338,6400,0.24454863971153298,0.5693058659379338,shape,0.6398485522173623,0.49876317965850536,0.49876317965850536,0.5693058659379338,13,3,0,3855600,3864000,16,6400,4022400,1359
EQREG_small_6e1ab79f7c605e7a,MG1655,3574000,3577200,3575600.0,small,WIN_small_6e1ab79f7c605e7a,0.5686751047294987,3200,0.5686751047294987,0.17328939158193984,density,0.5839197658034488,0.5534304436555485,0.5534304436555485,0.5686751047294987,4,0,0,3574000,3578400,4,3200,4023600,1360
EQREG_small_1eeaeafca8aa0b4f,MG1655,1333200,1336400,1334800.0,small,WIN_small_1eeaeafca8aa0b4f,0.5677269494696482,3200,0.5677269494696482,0.5131733708197531,density,0.5760944282914923,0.5593594706478042,0.5593594706478042,0.5677269494696482,3,0,0,1333200,1337200,3,3200,4024400,1361
EQREG_small_d29b551d8b80f9b0,MG1655,1183200,1186400,1184800.0,small,WIN_small_d29b551d8b80f9b0,0.5667908768334583,3200,0.2223397551513141,0.5667908768334583,shape,0.69691659870496,0.43666515496195657,0.43666515496195657,0.5667908768334583,6,0,0,1182400,1187600,6,3200,4026800,1362
EQREG_small_6a891bf722f2b7f6,MG1655,4409200,4412400,4410800.0,small,WIN_small_6a891bf722f2b7f6,0.5664779806804525,3200,0.5664779806804525,0.10390597541858959,density,0.5839197658034488,0.5490361955574563,0.5490361955574563,0.5664779806804525,5,0,0,4408400,4413200,5,3200,4028400,1363
EQREG_small_60b3df6129550079,MG1655,3730400,3733600,3732000.0,small,WIN_small_60b3df6129550079,0.566133785749841,3200,0.566133785749841,0.5287501517844431,density,0.5918886954747242,0.5461312049140491,0.5461312049140491,0.566133785749841,4,0,0,3730000,3734400,4,3200,4029600,1364
EQREG_small_696d4b1a9f7e4170,MG1655,4189200,4192400,4190800.0,small,WIN_small_696d4b1a9f7e4170,0.5653731991895745,3200,0.5653731991895745,0.10128990800697174,density,0.5638599718744807,0.5668864265046685,0.5638599718744807,0.5653731991895745,4,2,0,4189200,4196800,6,3200,4031200,1365
EQREG_small_06143e03d2715272,MG1655,4043200,4046400,4044800.0,small,WIN_small_06143e03d2715272,0.5641219296365458,3200,0.5641219296365458,0.4403188254572399,density,0.5792076637156353,0.6340863752691791,0.5792076637156353,0.5641219296365457,1,0,0,4043200,4046400,1,3200,4031200,1366
EQREG_small_646cbcac6b30569a,MG1655,563600,566800,565200.0,small,WIN_small_646cbcac6b30569a,0.562909105454747,3200,0.11184686164028348,0.562909105454747,shape,0.4754777542458889,0.6503404566636051,0.4754777542458889,0.5629091054547468,7,4,0,562400,571200,11,3200,4034000,1367
EQREG_small_474cb1a3152b9d51,MG1655,1543600,1546800,1545200.0,small,WIN_small_474cb1a3152b9d51,0.5625236769438172,3200,0.5625236769438172,0.04236423309057393,density,0.615012494321862,0.5100348595657724,0.5100348595657724,0.5625236769438171,7,8,6,1534400,1555200,21,3200,4037200,1368
EQREG_small_3c906f74ea24493e,MG1655,2058400,2061600,2060000.0,small,WIN_small_3c906f74ea24493e,0.5623156217003914,3200,0.35731621038926253,0.5623156217003914,shape,0.667226602440589,0.4574046409601939,0.4574046409601939,0.5623156217003913,3,0,0,2057600,2061600,3,3200,4038000,1369
EQREG_small_1c62bd1c8f3c6822,MG1655,3981600,3984800,3983200.0,small,WIN_small_1c62bd1c8f3c6822,0.5597932698702965,3200,0.5597932698702965,0.17421959411217386,density,0.5792076637156353,0.5403788760249577,0.5403788760249577,0.5597932698702964,4,0,0,3981600,3986000,4,3200,4039600,1370
EQREG_small_4857b4731ece38b1,MG1655,3742400,3745600,3744000.0,small,WIN_small_4857b4731ece38b1,0.5586298730493588,3200,0.2596560550865419,0.5586298730493588,shape,0.5623546168771636,0.5549051292215542,0.5549051292215542,0.5586298730493588,4,2,0,3740000,3747200,6,3200,4041200,1371
EQREG_small_07072f6badaa3227,MG1655,3235600,3238800,3237200.0,small,WIN_small_07072f6badaa3227,0.5574625078767947,3200,0.5574625078767947,0.07663020155593403,density,0.5403788760249577,0.5745461397286317,0.5403788760249577,0.5574625078767947,2,0,0,3235200,3238800,2,3200,4041600,1372
EQREG_medium_6915b9f5d957edb1,MG1655,383200,389600,386400.0,medium,WIN_medium_6915b9f5d957edb1,0.5563025007672874,6400,0.05800562511324302,0.5563025007672874,shape,0.4313637641589874,0.6812412373755873,0.4313637641589874,0.5563025007672873,13,4,0,380800,390000,17,6400,4046800,1373
EQREG_medium_62f6533fac51d8f1,MG1655,2772000,2778400,2775200.0,medium,WIN_medium_62f6533fac51d8f1,0.5554897216239186,6400,0.129149479866747,0.5554897216239186,shape,0.6398485522173623,0.47113089103047506,0.47113089103047506,0.5554897216239185,7,4,0,2770400,2779200,11,6400,4049200,1374
EQREG_small_e9cf0ae7d2fd4163,MG1655,3510400,3513600,3512000.0,small,WIN_small_e9cf0ae7d2fd4163,0.5544433699367998,3200,0.5544433699367998,0.11481510518832153,density,0.5389526202869257,0.5699341195866738,0.5389526202869257,0.5544433699367998,1,0,0,3510400,3513600,1,3200,4049200,1375
EQREG_small_59dfbf5c34b4f6fa,MG1655,2486000,2489200,2487600.0,small,WIN_small_59dfbf5c34b4f6fa,0.5544308358237799,3200,0.5544308358237799,0.27847570395892185,density,0.5839197658034488,0.524941905844111,0.524941905844111,0.5544308358237799,2,0,0,2486000,2489600,2,3200,4049600,1376
EQREG_small_5e4f2616e4111bd5,MG1655,3896400,3899600,3898000.0,small,WIN_small_5e4f2616e4111bd5,0.5539925970454657,3200,0.34069574381992296,0.5539925970454657,shape,0.42119246830574913,0.6867927257851821,0.42119246830574913,0.5539925970454656,4,0,0,3895600,3900000,4,3200,4050800,1377
EQREG_small_d0fa3ad488a031b7,MG1655,1945600,1948800,1947200.0,small,WIN_small_d0fa3ad488a031b7,0.5526781892236885,3200,0.5526781892236885,0.12812747535128333,density,0.577648256360114,0.5277081220872629,0.5277081220872629,0.5526781892236884,4,0,0,1944400,1948800,4,3200,4052000,1378
EQREG_small_93b8554c0d226288,MG1655,2942400,2945600,2944000.0,small,WIN_small_93b8554c0d226288,0.5520004065496711,3200,0.5520004065496711,0.1697093487752254,density,0.5461312049140491,0.5578696081852932,0.5461312049140491,0.5520004065496711,1,0,0,2942400,2945600,1,3200,4052000,1379
EQREG_small_3a73932e9d67af70,MG1655,2183600,2186800,2185200.0,small,WIN_small_3a73932e9d67af70,0.5509124426930564,3200,0.1257259453135138,0.5509124426930564,shape,0.6288007788074953,0.4730241065786175,0.4730241065786175,0.5509124426930563,1,0,0,2183600,2186800,1,3200,4052000,1380
EQREG_small_f8545b6e94da62c7,MG1655,1221600,1224800,1223200.0,small,WIN_small_f8545b6e94da62c7,0.5495454023986666,3200,0.2995974557254347,0.5495454023986666,shape,0.5823433775684937,0.5167474272288394,0.5167474272288394,0.5495454023986666,2,0,0,1221600,1225200,2,3200,4052400,1381
EQREG_small_e3d17b742b9b6994,MG1655,1313600,1316800,1315200.0,small,WIN_small_e3d17b742b9b6994,0.5491242421051254,3200,0.5491242421051254,0.12036886057046753,density,0.5578696081852932,0.5403788760249577,0.5403788760249577,0.5491242421051254,1,0,0,1313600,1316800,1,3200,4052400,1382
EQREG_small_55faac0206482026,MG1655,2177600,2180800,2179200.0,small,WIN_small_55faac0206482026,0.5490973352055042,3200,0.5490973352055042,0.12362355022582874,density,0.5418098311314065,0.556384839279602,0.5418098311314065,0.5490973352055042,4,0,0,2177600,2182000,4,3200,4053600,1383
EQREG_small_52146a728ae4ac75,MG1655,4540000,4543200,4541600.0,small,WIN_small_52146a728ae4ac75,0.5489555175717002,3200,0.5489555175717002,0.08288709685377915,density,0.6099526955524597,0.4879583395909409,0.4879583395909409,0.5489555175717002,4,0,0,4540000,4544400,4,3200,4054800,1384
EQREG_small_4c32c7baff8b62a9,MG1655,3388800,3392000,3390400.0,small,WIN_small_4c32c7baff8b62a9,0.5478242985430202,3200,0.5478242985430202,0.2070724113686549,density,0.5332939802088769,0.5623546168771636,0.5332939802088769,0.5478242985430202,1,0,0,3388800,3392000,1,3200,4054800,1385
EQREG_small_6ce96f7a75700b6f,MG1655,1029600,1032800,1031200.0,small,WIN_small_6ce96f7a75700b6f,0.5476201373934775,3200,0.5476201373934775,0.47037137325261963,density,0.5534304436555485,0.5745461397286317,0.5534304436555485,0.5476201373934775,6,3,2,1028800,1043200,11,3200,4057200,1386
EQREG_medium_5d6af363cfb8ca1c,MG1655,2671200,2677600,2674400.0,medium,WIN_medium_5d6af363cfb8ca1c,0.5474960309401555,6400,0.029715242914121358,0.5474960309401555,shape,0.42329614241095426,0.6716959194693569,0.42329614241095426,0.5474960309401555,3,2,0,2671200,2678400,5,6400,4058000,1387
EQREG_small_0fe8e7e468b5fdcf,MG1655,229200,232400,230800.0,small,WIN_small_0fe8e7e468b5fdcf,0.5474283036884988,3200,0.2662643165137277,0.5474283036884988,shape,0.69691659870496,0.3979400086720376,0.3979400086720376,0.5474283036884988,4,2,0,224800,232400,6,3200,4059600,1388
EQREG_small_dc4b9c5a0a097f13,MG1655,164800,168000,166400.0,small,WIN_small_dc4b9c5a0a097f13,0.546793306002559,3200,0.4848157776390357,0.546793306002559,shape,0.7157564217204986,0.4879583395909409,0.4879583395909409,0.546793306002559,5,2,0,160800,168400,7,3200,4061600,1389
EQREG_medium_f084de4add9a5b02,MG1655,3685600,3692000,3688800.0,medium,WIN_medium_f084de4add9a5b02,0.5467443555437509,6400,0.15119324482516636,0.5467443555437509,shape,0.4536401588701396,0.6398485522173623,0.4536401588701396,0.5467443555437508,7,2,0,3684800,3692000,9,6400,4064000,1390
EQREG_small_9dce9038135ea123,MG1655,148400,151600,150000.0,small,WIN_small_9dce9038135ea123,0.5447458908634523,3200,0.2572066564942438,0.5447458908634523,shape,0.8529907442387542,0.23934888036097657,0.23934888036097657,0.5447458908634522,2,0,0,148400,152000,2,3200,4064400,1391
EQREG_small_273cb9f40aded7bf,MG1655,4057200,4060400,4058800.0,small,WIN_small_273cb9f40aded7bf,0.543483736900281,3200,0.543483736900281,0.08523451767697113,density,0.5578696081852932,0.5290978656152687,0.5290978656152687,0.543483736900281,4,0,0,4057200,4061600,4,3200,4066000,1392
EQREG_small_7f4143bd4554fa99,MG1655,3998000,4001200,3999600.0,small,WIN_small_7f4143bd4554fa99,0.5429314656104735,3200,0.5298083958846866,0.5429314656104735,shape,0.6558965386076927,0.5332939802088769,0.5332939802088769,0.5429314656104733,1,0,0,3998000,4001200,1,3200,4066000,1393
EQREG_medium_284a843a1547cdbb,MG1655,1036000,1042400,1039200.0,medium,WIN_medium_284a843a1547cdbb,0.5421750708880935,6400,0.01691303314549443,0.5421750708880935,shape,0.2813753076675112,0.8029748341086758,0.2813753076675112,0.5421750708880935,15,7,2,1032000,1046400,24,6400,4072400,1394
EQREG_small_f359c900b343fc8f,MG1655,2630000,2633200,2631600.0,small,WIN_small_f359c900b343fc8f,0.5418784329543913,3200,0.19235274019348358,0.5418784329543913,shape,0.6082791116628936,0.4754777542458889,0.4754777542458889,0.5418784329543912,6,0,0,2628800,2634000,6,3200,4074800,1395
EQREG_small_f2742de8a17556dc,MG1655,3120800,3124000,3122400.0,small,WIN_small_f2742de8a17556dc,0.539431677592206,3200,0.20295212080100156,0.539431677592206,shape,0.6082791116628936,0.47058424352151834,0.47058424352151834,0.5394316775922059,2,0,0,3120400,3124000,2,3200,4075200,1396
EQREG_small_73e39a63cb3f14b6,MG1655,3536000,3539200,3537600.0,small,WIN_small_73e39a63cb3f14b6,0.538973629904914,3200,0.538973629904914,0.08624592952461102,density,0.5347017431332672,0.5432455166765608,0.5347017431332672,0.538973629904914,2,0,0,3536000,3539600,2,3200,4075600,1397
EQREG_small_04ad61da131f82e9,MG1655,3540400,3543600,3542000.0,small,WIN_small_04ad61da131f82e9,0.5382464800907414,3200,0.5382464800907414,0.24867539226045177,density,0.5403788760249577,0.536114084156525,0.536114084156525,0.5382464800907414,6,0,0,3539600,3544800,6,3200,4077600,1398
EQREG_small_3cab9a55b2a4e046,MG1655,4107600,4110800,4109200.0,small,WIN_small_3cab9a55b2a4e046,0.5382464800907414,3200,0.5382464800907414,0.1262916442769733,density,0.536114084156525,0.5403788760249577,0.536114084156525,0.5382464800907414,4,0,0,4107600,4112000,4,3200,4079200,1399
EQREG_small_aac7fae6057cdbcb,MG1655,3035200,3038400,3036800.0,small,WIN_small_aac7fae6057cdbcb,0.5382185613591429,3200,0.4181734908070905,0.5382185613591429,shape,0.6082791116628936,0.4681580110553923,0.4681580110553923,0.5382185613591429,4,0,0,3034000,3038400,4,3200,4080800,1400
EQREG_small_b41662167aa4bcd1,MG1655,3832800,3836000,3834400.0,small,WIN_small_b41662167aa4bcd1,0.537461472578467,3200,0.2096842809483393,0.537461472578467,shape,0.7200564022132226,0.35486654294371134,0.35486654294371134,0.537461472578467,4,0,0,3831600,3836000,4,3200,4082400,1401
EQREG_medium_2fe550d74165f719,MG1655,3006400,3012800,3009600.0,medium,WIN_medium_2fe550d74165f719,0.5370917779460576,6400,0.14272335778807457,0.5370917779460576,shape,0.4956046604136756,0.5785788954784394,0.4956046604136756,0.5370917779460576,12,2,0,3005200,3012800,14,6400,4086800,1402
EQREG_small_c1dcf5d13b287720,MG1655,4222800,4226000,4224400.0,small,WIN_small_c1dcf5d13b287720,0.5365661332542206,3200,0.5365661332542206,0.2319140328679637,density,0.5167474272288394,0.556384839279602,0.5167474272288394,0.5365661332542206,7,4,0,4221600,4230400,11,3200,4089600,1403
EQREG_small_997c0574ebe2df1b,MG1655,3298000,3301200,3299600.0,small,WIN_small_997c0574ebe2df1b,0.5353642846513207,3200,0.5353642846513207,0.06977641020368695,density,0.511369098654837,0.5593594706478042,0.511369098654837,0.5353642846513206,7,5,0,3296000,3305600,12,3200,4092800,1404
EQREG_small_dbffad1a0e290992,MG1655,948000,951200,949600.0,small,WIN_small_dbffad1a0e290992,0.5351554461813306,3200,0.5351554461813306,0.4636690710512252,density,0.5668864265046685,0.5034244658579927,0.5034244658579927,0.5351554461813306,1,0,0,948000,951200,1,3200,4092800,1405
EQREG_small_5a31f4a7e41877a7,MG1655,2724000,2727200,2725600.0,small,WIN_small_5a31f4a7e41877a7,0.5351554461813306,3200,0.5351554461813306,0.017214715828955424,density,0.5668864265046685,0.5034244658579927,0.5034244658579927,0.5351554461813306,4,2,0,2724000,2731200,6,3200,4094400,1406
EQREG_medium_59b5b0a90047b515,MG1655,622400,628800,625600.0,medium,WIN_medium_59b5b0a90047b515,0.5351132016973492,6400,0.043308409791433855,0.5351132016973492,shape,0.468166412066736,0.6020599913279624,0.468166412066736,0.5351132016973492,8,2,0,622400,630000,10,6400,4097200,1407
EQREG_small_765ea1ec6b95f2de,MG1655,1994800,1998000,1996400.0,small,WIN_small_765ea1ec6b95f2de,0.5347383708201132,3200,0.5347383708201132,0.10393462586476528,density,0.5403788760249577,0.5290978656152687,0.5290978656152687,0.5347383708201132,1,0,0,1994800,1998000,1,3200,4097200,1408
EQREG_small_02da0c3c285dc264,MG1655,1346400,1349600,1348000.0,small,WIN_small_02da0c3c285dc264,0.5331371139381957,3200,0.07733882849333962,0.5331371139381957,shape,0.43218785260721226,0.6340863752691791,0.43218785260721226,0.5331371139381956,5,2,0,1346000,1353600,7,3200,4099200,1409
EQREG_small_75fcebdd9a2b076d,MG1655,4001200,4004400,4002800.0,small,WIN_small_75fcebdd9a2b076d,0.5321394637963741,3200,0.5321394637963741,0.4637433514677808,density,0.5608544617347555,0.5073786159220324,0.5073786159220324,0.5321394637963741,1,0,0,4001200,4004400,1,3200,4099200,1410
EQREG_medium_797fa4b7e65b49d1,MG1655,906400,912800,909600.0,medium,WIN_medium_797fa4b7e65b49d1,0.5319494560578635,6400,0.11173728000334762,0.5319494560578635,shape,0.37780517194572766,0.6860937401699994,0.37780517194572766,0.5319494560578635,7,2,0,905600,912800,9,6400,4101600,1411
EQREG_small_1e13627468523ac7,MG1655,4500800,4504000,4502400.0,small,WIN_small_1e13627468523ac7,0.5319472630655184,3200,0.5319472630655184,0.11893566983471454,density,0.5389526202869257,0.524941905844111,0.524941905844111,0.5319472630655184,7,4,0,4496800,4505600,11,3200,4104800,1412
EQREG_small_f8f0cd6e5851e0c2,MG1655,20000,23200,21600.0,small,WIN_small_f8f0cd6e5851e0c2,0.5308156043059452,3200,0.5308156043059452,0.027625241206191357,density,0.5475812713092818,0.5140499373026086,0.5140499373026086,0.5308156043059452,1,0,0,20000,23200,1,3200,4104800,1413
EQREG_small_7fe88598d854d903,MG1655,4196000,4199200,4197600.0,small,WIN_small_7fe88598d854d903,0.5298083958846866,3200,0.5298083958846866,0.17343113982112016,density,0.5263228115604965,0.5332939802088769,0.5263228115604965,0.5298083958846866,4,2,0,4192000,4199200,6,3200,4106400,1414
EQREG_small_21a67a5f1f81340c,MG1655,2309600,2312800,2311200.0,small,WIN_small_21a67a5f1f81340c,0.5280275313473526,3200,0.5280275313473526,0.04009639436054587,density,0.5446859640398681,0.511369098654837,0.511369098654837,0.5280275313473526,4,2,0,2305600,2312800,6,3200,4108000,1415
EQREG_small_bce18f51904624db,MG1655,638800,642000,640400.0,small,WIN_small_bce18f51904624db,0.5279298842170075,3200,0.5279298842170075,0.2181561500518366,density,0.5140499373026086,0.5418098311314065,0.5140499373026086,0.5279298842170075,5,1,0,636000,642400,6,3200,4110000,1416
EQREG_small_8fc907444c7446a1,MG1655,1417200,1420400,1418800.0,small,WIN_small_8fc907444c7446a1,0.5276926072163828,3200,0.5276926072163828,0.1598102400517437,density,0.551960748574773,0.5034244658579927,0.5034244658579927,0.5276926072163828,7,8,3,1412800,1428800,18,3200,4113200,1417
EQREG_small_6f75ad67c9081b3f,MG1655,568400,571600,570000.0,small,WIN_small_6f75ad67c9081b3f,0.5266357769353022,3200,0.5266357769353022,0.16256440791444698,density,0.5935001796313035,0.4597713742393008,0.4597713742393008,0.5266357769353021,7,2,0,565600,572800,9,3200,4116000,1418
EQREG_small_1fd3b319637dcdf2,MG1655,2686800,2690000,2688400.0,small,WIN_small_1fd3b319637dcdf2,0.5264946662808949,3200,0.2953064602740403,0.5264946662808949,shape,0.6867927257851821,0.3661966067766076,0.3661966067766076,0.5264946662808948,2,0,0,2686800,2690400,2,3200,4116400,1419
EQREG_small_04d16ade4ca88c8a,MG1655,3824800,3828000,3826400.0,small,WIN_small_04d16ade4ca88c8a,0.5258739873398974,3200,0.5258739873398974,0.1687736098414227,density,0.511369098654837,0.5403788760249577,0.511369098654837,0.5258739873398974,3,0,0,3824400,3828400,3,3200,4117200,1420
EQREG_small_5951532360a56933,MG1655,4502400,4505600,4504000.0,small,WIN_small_5951532360a56933,0.525474347241119,3200,0.525474347241119,0.09315295458563028,density,0.5730033513143504,0.47794534316788745,0.47794534316788745,0.525474347241119,1,0,0,4502400,4505600,1,3200,4117200,1421
EQREG_small_65f5ea912d47439c,MG1655,3304000,3307200,3305600.0,small,WIN_small_65f5ea912d47439c,0.5251192412896154,3200,0.35054892906548546,0.5251192412896154,shape,0.3366161903714181,0.7136222922078127,0.3366161903714181,0.5251192412896154,5,2,0,3300000,3307600,7,3200,4119200,1422
EQREG_small_307e2dff0456fbfb,MG1655,1790000,1793200,1791600.0,small,WIN_small_307e2dff0456fbfb,0.522474297006355,3200,0.46221008427827687,0.522474297006355,shape,0.4693694329898372,0.775279193271905,0.4693694329898372,0.5224742970063548,2,0,0,1790000,1793600,2,3200,4119600,1423
EQREG_small_5255346971a244b3,MG1655,2128000,2131200,2129600.0,small,WIN_small_5255346971a244b3,0.5219016709414752,3200,0.5219016709414752,0.08636437537735855,density,0.5403788760249577,0.5034244658579927,0.5034244658579927,0.5219016709414752,7,6,3,2118400,2134400,16,3200,4122800,1424
EQREG_medium_ec562e3d6beed985,MG1655,2114400,2120800,2117600.0,medium,WIN_medium_ec562e3d6beed985,0.5202081986673696,6400,0.02862129984003356,0.5202081986673696,shape,0.29702725321030726,0.7433891441244318,0.29702725321030726,0.5202081986673694,15,5,3,2113200,2129600,23,6400,4128800,1425
EQREG_medium_c1854bc3acc6c187,MG1655,4319200,4325600,4322400.0,medium,WIN_medium_c1854bc3acc6c187,0.5199019260623627,6400,0.13997487599361902,0.5199019260623627,shape,0.3999552999073632,0.6398485522173623,0.3999552999073632,0.5199019260623626,15,7,3,4313600,4329600,25,6400,4135200,1426
EQREG_medium_62dc5ea82862b950,MG1655,992800,999200,996000.0,medium,WIN_medium_62dc5ea82862b950,0.518529020071022,6400,0.09713804398217343,0.518529020071022,shape,0.5019448384446946,0.5351132016973492,0.5019448384446946,0.518529020071022,6,1,0,992400,999200,7,6400,4137200,1427
EQREG_small_dd43a019a4f07602,MG1655,514400,517600,516000.0,small,WIN_small_dd43a019a4f07602,0.5183443619312204,3200,0.40018050468131544,0.5183443619312204,shape,0.4233693875600237,0.6133193363024171,0.4233693875600237,0.5183443619312202,1,0,0,514400,517600,1,3200,4137200,1428
EQREG_small_0597eea25c48f791,MG1655,3295600,3298800,3297200.0,small,WIN_small_0597eea25c48f791,0.5175772136495029,3200,0.5175772136495029,0.48065535150448885,density,0.5745461397286317,0.5290978656152687,0.5290978656152687,0.5175772136495029,3,0,0,3295600,3299600,3,3200,4138000,1429
EQREG_small_9495f6bcd76af38c,MG1655,822800,826000,824400.0,small,WIN_small_9495f6bcd76af38c,0.5174883827049417,3200,0.5174883827049417,0.05664780404461569,density,0.524941905844111,0.5100348595657724,0.5100348595657724,0.5174883827049417,2,0,0,822400,826000,2,3200,4138400,1430
EQREG_small_71b313fe9f0dc0be,MG1655,1230800,1234000,1232400.0,small,WIN_small_71b313fe9f0dc0be,0.516749534625843,3200,0.4126249107349562,0.516749534625843,shape,0.5153965879378806,0.5181024813138054,0.5153965879378806,0.516749534625843,4,0,0,1229600,1234000,4,3200,4140000,1431
EQREG_medium_6f8062d05d401a40,MG1655,2571200,2577600,2574400.0,medium,WIN_medium_6f8062d05d401a40,0.5167118777434749,6400,0.06995043434616381,0.5167118777434749,shape,0.4313637641589874,0.6020599913279624,0.4313637641589874,0.5167118777434749,5,3,0,2569600,2577600,8,6400,4141600,1432
EQREG_small_caa2d115478badb6,MG1655,2038000,2041200,2039600.0,small,WIN_small_caa2d115478badb6,0.5158767171114002,3200,0.23650103748815027,0.5158767171114002,shape,0.7031061735226575,0.3286472607001428,0.3286472607001428,0.5158767171114,2,0,0,2037600,2041200,2,3200,4142000,1433
EQREG_small_5345f9724134efb9,MG1655,4029600,4032800,4031200.0,small,WIN_small_5345f9724134efb9,0.515606120772472,3200,0.515606120772472,0.07936506567827542,density,0.5021143759296753,0.5290978656152687,0.5021143759296753,0.515606120772472,4,0,0,4028400,4032800,4,3200,4143600,1434
EQREG_small_63f1a54f220f39c6,MG1655,4384000,4387200,4385600.0,small,WIN_small_63f1a54f220f39c6,0.5151412313766098,3200,0.39135160567555594,0.5151412313766098,shape,0.3979400086720376,0.6485041136236077,0.3979400086720376,0.5151412313766097,3,0,0,4384000,4388000,3,3200,4144400,1435
EQREG_small_100748b9a785b9d9,MG1655,1977600,1980800,1979200.0,small,WIN_small_100748b9a785b9d9,0.5149864891550789,3200,0.5149864891550789,0.035669182071910645,density,0.5760944282914923,0.4538785500186656,0.4538785500186656,0.5149864891550789,7,1,0,1975200,1982000,8,3200,4147200,1436
EQREG_small_01a7b2a40a873392,MG1655,3630000,3633200,3631600.0,small,WIN_small_01a7b2a40a873392,0.5147984376476741,3200,0.5147984376476741,0.36263971692512365,density,0.5745461397286317,0.45505073556671655,0.45505073556671655,0.5147984376476741,2,0,0,3629600,3633200,2,3200,4147600,1437
EQREG_small_a7e4029fca3cc682,MG1655,751600,754800,753200.0,small,WIN_small_a7e4029fca3cc682,0.5144812088594953,3200,0.3039717926725817,0.5144812088594953,shape,0.8245953726792891,0.2973408273386633,0.2973408273386633,0.5144812088594952,2,0,0,751200,754800,2,3200,4148000,1438
EQREG_medium_d3c379fbd011900a,MG1655,1376000,1382400,1379200.0,medium,WIN_medium_d3c379fbd011900a,0.5132709607284442,6400,0.024824888198631184,0.5132709607284442,shape,0.4479630259784491,0.5785788954784394,0.4479630259784491,0.5132709607284442,12,4,0,1373600,1382400,16,6400,4152800,1439
EQREG_small_c2f62c0c7d5cd42a,MG1655,855200,858400,856800.0,small,WIN_small_c2f62c0c7d5cd42a,0.5131733708197531,3200,0.14272703421387484,0.5131733708197531,shape,0.5332939802088769,0.4930527614306294,0.4930527614306294,0.513173370819753,2,0,0,854800,858400,2,3200,4153200,1440
EQREG_medium_e17cb43d5f222e82,MG1655,2123200,2129600,2126400.0,medium,WIN_medium_e17cb43d5f222e82,0.5130360799689813,6400,0.0383376060389258,0.5130360799689813,shape,0.3683120184118983,0.6577601415260643,0.3683120184118983,0.5130360799689813,12,4,0,2120800,2129600,16,6400,4158000,1441
EQREG_small_007d581a221ddbc5,MG1655,557600,560800,559200.0,small,WIN_small_007d581a221ddbc5,0.5099245526951899,3200,0.5099245526951899,0.07071033884430324,density,0.5318907657994388,0.4879583395909409,0.4879583395909409,0.5099245526951899,1,0,0,557600,560800,1,3200,4158000,1442
EQREG_small_7ed5d0edb611a10b,MG1655,1101200,1104400,1102800.0,small,WIN_small_7ed5d0edb611a10b,0.5099245526951899,3200,0.5099245526951899,0.055949206420240316,density,0.5318907657994388,0.4879583395909409,0.4879583395909409,0.5099245526951899,4,0,0,1100000,1104400,4,3200,4159200,1443
EQREG_small_5eaa9bb2e5d6794b,MG1655,669200,672400,670800.0,small,WIN_small_5eaa9bb2e5d6794b,0.5097979731282413,3200,0.5097979731282413,0.311845138070924,density,0.49049808064121375,0.5290978656152687,0.49049808064121375,0.5097979731282413,1,0,0,669200,672400,1,3200,4159200,1444
EQREG_small_eda351615d88aff2,MG1655,1374400,1377600,1376000.0,small,WIN_small_eda351615d88aff2,0.5093005366413721,3200,0.01828662558632075,0.5093005366413721,shape,0.3216844745777841,0.69691659870496,0.3216844745777841,0.5093005366413721,4,1,0,1372800,1379200,5,3200,4160800,1445
EQREG_small_0bc271e1d569d90b,MG1655,1975200,1978400,1976800.0,small,WIN_small_0bc271e1d569d90b,0.5087067377439024,3200,0.4987210147366491,0.5087067377439024,shape,0.530492070606874,0.5073786159220324,0.5073786159220324,0.5087067377439024,3,0,0,1975200,1979200,3,3200,4161600,1446
EQREG_small_73b61b0238255a25,MG1655,397600,400800,399200.0,small,WIN_small_73b61b0238255a25,0.508065957642546,3200,0.508065957642546,0.0988353460578712,density,0.5127074494270993,0.5034244658579927,0.5034244658579927,0.508065957642546,4,0,0,396400,400800,4,3200,4163200,1447
EQREG_small_d22611c17e95315a,MG1655,2285600,2288800,2287200.0,small,WIN_small_d22611c17e95315a,0.5063235431505774,3200,0.2534008401597987,0.5063235431505774,shape,0.47794534316788745,0.5347017431332672,0.47794534316788745,0.5063235431505773,5,0,0,2285200,2290000,5,3200,4165200,1448
EQREG_small_8fac6c6d15c06b59,MG1655,4354800,4358000,4356400.0,small,WIN_small_8fac6c6d15c06b59,0.503545400045643,3200,0.19301134988974178,0.503545400045643,shape,0.38177834912961195,0.625312450961674,0.38177834912961195,0.503545400045643,7,1,0,4353600,4360000,8,3200,4168400,1449
EQREG_small_c28fb038fc598ca1,MG1655,3479200,3482400,3480800.0,small,WIN_small_c28fb038fc598ca1,0.5035374678712179,3200,0.2751814854833011,0.5035374678712179,shape,0.35673447907883066,0.6503404566636051,0.35673447907883066,0.5035374678712177,5,0,0,3478800,3483600,5,3200,4170400,1450
EQREG_small_7326f79a2c701de0,MG1655,3678400,3681600,3680000.0,small,WIN_small_7326f79a2c701de0,0.5022109300427332,3200,0.5022109300427332,0.15931029563917015,density,0.511369098654837,0.4930527614306294,0.4930527614306294,0.5022109300427332,4,2,0,3674400,3681600,6,3200,4172000,1451
EQREG_small_a6af19e9b2d9129f,MG1655,3970800,3974000,3972400.0,small,WIN_small_a6af19e9b2d9129f,0.5002235004306604,3200,0.40692336245056715,0.5002235004306604,shape,0.5347017431332672,0.46574525772805364,0.46574525772805364,0.5002235004306604,2,0,0,3970400,3974000,2,3200,4172400,1452
EQREG_small_ec7c82a31fce52d8,MG1655,3927200,3930400,3928800.0,small,WIN_small_ec7c82a31fce52d8,0.499663719122889,3200,0.499663719122889,0.1803784562713065,density,0.4879583395909409,0.511369098654837,0.4879583395909409,0.499663719122889,5,0,0,3926800,3931600,5,3200,4174000,1453
EQREG_small_99e5d23d6679bb7b,MG1655,2416000,2419200,2417600.0,small,WIN_small_99e5d23d6679bb7b,0.4995955517260174,3200,0.34763751633157025,0.4995955517260174,shape,0.35955153424406333,0.775279193271905,0.35955153424406333,0.4995955517260173,3,0,0,2415200,2419200,3,3200,4174800,1454
EQREG_medium_091ae5beefbc207a,MG1655,4315200,4321600,4318400.0,medium,WIN_medium_091ae5beefbc207a,0.4990526090204589,6400,0.1359032459369433,0.4990526090204589,shape,0.4831954024318556,0.5149098156090622,0.4831954024318556,0.4990526090204589,10,4,0,4313600,4322400,14,6400,4178800,1455
EQREG_small_0685d3a4c0c21721,MG1655,1025600,1028800,1027200.0,small,WIN_small_0685d3a4c0c21721,0.49896553027550095,3200,0.49896553027550095,0.10404138993098724,density,0.48922635357757643,0.5087047069734255,0.48922635357757643,0.4989655302755009,4,0,0,1024400,1028800,4,3200,4180400,1456
EQREG_small_46ca63ad215abb34,MG1655,396000,399200,397600.0,small,WIN_small_46ca63ad215abb34,0.49886070418562956,3200,0.19202465530977536,0.49886070418562956,shape,0.3877687128187994,0.6099526955524597,0.3877687128187994,0.4988607041856295,1,0,0,396000,399200,1,3200,4180400,1457
EQREG_small_275af84ac924b188,MG1655,2153200,2156400,2154800.0,small,WIN_small_275af84ac924b188,0.4983644383139769,3200,0.4983644383139769,0.047142082514698966,density,0.48669401706218146,0.5100348595657724,0.48669401706218146,0.4983644383139769,4,0,0,2153200,2157600,4,3200,4181600,1458
EQREG_small_176d090a9bda157e,MG1655,4452400,4455600,4454000.0,small,WIN_small_176d090a9bda157e,0.49835862941640285,3200,0.30185898012425527,0.49835862941640285,shape,0.38676456328034603,0.6099526955524597,0.38676456328034603,0.4983586294164028,4,0,0,4451200,4455600,4,3200,4183200,1459
EQREG_small_f018cc1c43cbbcb4,MG1655,4423200,4426400,4424800.0,small,WIN_small_f018cc1c43cbbcb4,0.49766847775648665,3200,0.49766847775648665,0.08358178176525455,density,0.5073786159220324,0.4879583395909409,0.4879583395909409,0.4976684777564866,4,0,0,4422000,4426400,4,3200,4184800,1460
EQREG_small_7b824f608a7a5efb,MG1655,3002000,3005200,3003600.0,small,WIN_small_7b824f608a7a5efb,0.4975835686801524,3200,0.4975835686801524,0.08473993992332181,density,0.5021143759296753,0.4930527614306294,0.4930527614306294,0.4975835686801523,4,2,0,2997600,3005200,6,3200,4186400,1461
EQREG_large_b2bf0d5b53801714,MG1655,2838400,2851200,2844800.0,large,WIN_large_b2bf0d5b53801714,0.49708522816963807,12800,0.0596850544176048,0.49708522816963807,shape,0.3921104650113138,0.6020599913279624,0.3921104650113138,0.497085228169638,16,8,3,2838400,2854400,27,12800,4192800,1462
EQREG_small_5e7d657cf68fab71,MG1655,849600,852800,851200.0,small,WIN_small_5e7d657cf68fab71,0.49505924146008706,3200,0.49505924146008706,0.24168107286962429,density,0.48669401706218146,0.5034244658579927,0.48669401706218146,0.495059241460087,1,0,0,849600,852800,1,3200,4192800,1463
EQREG_small_6a82ea8fd676425d,MG1655,3626400,3629600,3628000.0,small,WIN_small_6a82ea8fd676425d,0.4948343230790478,3200,0.4948343230790478,0.24587466417627193,density,0.5263228115604965,0.46334583459759904,0.46334583459759904,0.4948343230790477,4,0,0,3625200,3629600,4,3200,4194400,1464
EQREG_small_dfc346df1766859f,MG1655,3786800,3790000,3788400.0,small,WIN_small_dfc346df1766859f,0.49438328285916633,3200,0.49438328285916633,0.1668190623339907,density,0.4879583395909409,0.5008082261273917,0.4879583395909409,0.4943832828591663,1,0,0,3786800,3790000,1,3200,4194400,1465
EQREG_small_a63c20b3569be08c,MG1655,3372800,3376000,3374400.0,small,WIN_small_a63c20b3569be08c,0.493732166206544,3200,0.493732166206544,0.2268998885530263,density,0.499505992822147,0.4879583395909409,0.4879583395909409,0.493732166206544,4,2,0,3368800,3376000,6,3200,4196000,1466
EQREG_small_2b40a0cb37560e0e,MG1655,4532800,4536000,4534400.0,small,WIN_small_2b40a0cb37560e0e,0.4934783235175115,3200,0.4934783235175115,0.12070602046237495,density,0.5127074494270993,0.4742491976079236,0.4742491976079236,0.4934783235175115,4,1,0,4529600,4536000,5,3200,4197600,1467
EQREG_small_a44d684f54d24c0e,MG1655,232400,235600,234000.0,small,WIN_small_a44d684f54d24c0e,0.49336854325825286,3200,0.49336854325825286,0.3655128965483834,density,0.5221931974159599,0.46454388910054584,0.46454388910054584,0.4933685432582528,1,0,0,232400,235600,1,3200,4197600,1468
EQREG_small_4f2ee238b288de73,MG1655,4072000,4075200,4073600.0,small,WIN_small_4f2ee238b288de73,0.49317372535041526,3200,0.49317372535041526,0.33572441400120945,density,0.48292298484283774,0.5034244658579927,0.48292298484283774,0.4931737253504152,3,0,0,4071200,4075200,3,3200,4198400,1469
EQREG_medium_20656557aa291948,MG1655,1660000,1666400,1663200.0,medium,WIN_medium_20656557aa291948,0.4930203533197687,6400,0.04553988560752299,0.4930203533197687,shape,0.47113089103047506,0.5149098156090622,0.47113089103047506,0.4930203533197686,8,2,0,1660000,1667600,10,6400,4201200,1470
EQREG_small_005ba5c22632629a,MG1655,2429200,2432400,2430800.0,small,WIN_small_005ba5c22632629a,0.49249229348416335,3200,0.49249229348416335,0.43338610487840695,density,0.48417636084093496,0.5008082261273917,0.48417636084093496,0.4924922934841632,2,0,0,2428800,2432400,2,3200,4201600,1471
EQREG_small_9a758ccfc2642568,MG1655,2208400,2211600,2210000.0,small,WIN_small_9a758ccfc2642568,0.4920743005909926,3200,0.06829000169745764,0.4920743005909926,shape,0.6082791116628936,0.3758694895190916,0.3758694895190916,0.4920743005909925,5,2,0,2206400,2213600,7,3200,4203600,1472
EQREG_small_301b64814b7ccf4e,MG1655,1024000,1027200,1025600.0,small,WIN_small_301b64814b7ccf4e,0.4917904491766569,3200,0.4917904491766569,0.16924778073877966,density,0.4879583395909409,0.4956225587623728,0.4879583395909409,0.4917904491766569,2,0,0,1023600,1027200,2,3200,4204000,1473
EQREG_medium_b5b2978e45930f68,MG1655,612000,618400,615200.0,medium,WIN_medium_b5b2978e45930f68,0.4917172412895513,6400,0.035600674741224206,0.4917172412895513,shape,0.46522203141995466,0.5182124511591479,0.46522203141995466,0.4917172412895512,9,5,0,609600,619200,14,6400,4207200,1474
EQREG_small_235df32f8a646cce,MG1655,3482000,3485200,3483600.0,small,WIN_small_235df32f8a646cce,0.48867010745919953,3200,0.48867010745919953,0.16798223566706297,density,0.4804270326745317,0.4969131822438674,0.4804270326745317,0.4886701074591995,4,0,0,3480800,3485200,4,3200,4208400,1475
EQREG_medium_5580ca306f0eba1d,MG1655,1592800,1599200,1596000.0,medium,WIN_medium_5580ca306f0eba1d,0.48783217449633637,6400,0.051801445653148176,0.48783217449633637,shape,0.4831954024318556,0.49246894656081713,0.4831954024318556,0.4878321744963363,7,2,0,1592800,1600000,9,6400,4210800,1476
EQREG_small_00af21e0cd4d32cb,MG1655,2538400,2541600,2540000.0,small,WIN_small_00af21e0cd4d32cb,0.4866903470816858,3200,0.13699479192585443,0.4866903470816858,shape,0.33394360051009125,0.6394370936532804,0.33394360051009125,0.4866903470816857,4,0,0,2538400,2542800,4,3200,4212400,1477
EQREG_small_a7c53d409739a934,MG1655,3172000,3175200,3173600.0,small,WIN_small_a7c53d409739a934,0.4854406622168893,3200,0.4854406622168893,0.20542113194846542,density,0.48292298484283774,0.4879583395909409,0.48292298484283774,0.4854406622168893,4,0,0,3170800,3175200,4,3200,4214000,1478
EQREG_small_47da25b96a1d9487,MG1655,4550400,4553600,4552000.0,small,WIN_small_47da25b96a1d9487,0.48508882955861443,3200,0.48508882955861443,0.27026528217095575,density,0.4693694329898372,0.5008082261273917,0.4693694329898372,0.4850888295586143,3,0,0,4549600,4553600,3,3200,4214800,1479
EQREG_small_1f7c06652ab30724,MG1655,779200,782400,780800.0,small,WIN_small_1f7c06652ab30724,0.4839642436606371,3200,0.4839642436606371,0.04621518475103203,density,0.5140499373026086,0.4538785500186656,0.4538785500186656,0.483964243660637,4,0,0,779200,783600,4,3200,4216400,1480
EQREG_small_7c5f38428463392b,MG1655,2653600,2656800,2655200.0,small,WIN_small_7c5f38428463392b,0.4835116950195574,3200,0.40156474640250595,0.4835116950195574,shape,0.667226602440589,0.3989703637980431,0.3989703637980431,0.4835116950195572,1,0,0,2653600,2656800,1,3200,4216400,1481
EQREG_small_986b479aef2ff766,MG1655,1608400,1611600,1610000.0,small,WIN_small_986b479aef2ff766,0.48273010526363713,3200,0.18985966552237243,0.48273010526363713,shape,0.338407097989299,0.6270531125379752,0.338407097989299,0.482730105263637,2,0,0,1608000,1611600,2,3200,4216800,1482
EQREG_small_d2a47bb8f7fbc471,MG1655,3299600,3302800,3301200.0,small,WIN_small_d2a47bb8f7fbc471,0.4825788057316452,3200,0.4825788057316452,0.08457081864789215,density,0.46694995886642415,0.4982076525968662,0.46694995886642415,0.4825788057316452,4,0,0,3299600,3304000,4,3200,4218400,1483
EQREG_medium_f0cf4684c1b6da23,MG1655,722400,728800,725600.0,medium,WIN_medium_f0cf4684c1b6da23,0.48203544804522913,6400,0.037823181806887526,0.48203544804522913,shape,0.37780517194572766,0.5862657241447305,0.37780517194572766,0.4820354480452291,6,1,0,722400,729200,7,6400,4220400,1484
EQREG_small_9e09ca554af5a968,MG1655,3694000,3697200,3695600.0,small,WIN_small_9e09ca554af5a968,0.48128625881439846,3200,0.48128625881439846,0.05782326203626938,density,0.46694995886642415,0.4956225587623728,0.46694995886642415,0.4812862588143984,2,0,0,3693600,3697200,2,3200,4220800,1485
EQREG_small_44b4abad8722c434,MG1655,3831200,3834400,3832800.0,small,WIN_small_44b4abad8722c434,0.48128625881439846,3200,0.48128625881439846,0.0637340826607132,density,0.4956225587623728,0.46694995886642415,0.46694995886642415,0.4812862588143984,1,0,0,3831200,3834400,1,3200,4220800,1486
EQREG_small_fa300a938ac28706,MG1655,2821600,2824800,2823200.0,small,WIN_small_fa300a938ac28706,0.4811037685994324,3200,0.3719787733899687,0.4811037685994324,shape,0.5549051292215542,0.4073024079773105,0.4073024079773105,0.4811037685994324,3,0,0,2821600,2825600,3,3200,4221600,1487
EQREG_small_887b976dff6cf8cc,MG1655,2932400,2935600,2934000.0,small,WIN_small_887b976dff6cf8cc,0.4810608520044112,3200,0.4810608520044112,0.18477860371685048,density,0.48417636084093496,0.47794534316788745,0.47794534316788745,0.4810608520044111,5,0,0,2932000,2936800,5,3200,4223200,1488
EQREG_small_108c2178e87b8bc4,MG1655,3668000,3671200,3669600.0,small,WIN_small_108c2178e87b8bc4,0.48095895907246783,3200,0.24337453362249994,0.48095895907246783,shape,0.4201080870135292,0.5418098311314065,0.4201080870135292,0.4809589590724678,4,0,0,3668000,3672400,4,3200,4224400,1489
EQREG_small_d073ceef02d615ed,MG1655,3983200,3986400,3984800.0,small,WIN_small_d073ceef02d615ed,0.47893638871055205,3200,0.3692297040036743,0.47893638871055205,shape,0.4969131822438674,0.4609595951772367,0.4609595951772367,0.478936388710552,1,0,0,3983200,3986400,1,3200,4224400,1490
EQREG_small_a374284d0505bb21,MG1655,1444000,1447200,1445600.0,small,WIN_small_a374284d0505bb21,0.47847298449684555,3200,0.2606153548869802,0.47847298449684555,shape,0.5100348595657724,0.4469111094279187,0.4469111094279187,0.4784729844968455,1,0,0,1444000,1447200,1,3200,4224400,1491
EQREG_small_aedd3930d6e103d5,MG1655,4224400,4227600,4226000.0,small,WIN_small_aedd3930d6e103d5,0.4780317250260093,3200,0.4780317250260093,0.23581336751644216,density,0.4693694329898372,0.48669401706218146,0.4693694329898372,0.4780317250260092,4,0,0,4224400,4228800,4,3200,4225600,1492
EQREG_small_ba16d360ef6a32db,MG1655,3139600,3142800,3141200.0,small,WIN_small_ba16d360ef6a32db,0.47772161531404145,3200,0.47772161531404145,0.38309077776136513,density,0.5073786159220324,0.44806461470605047,0.44806461470605047,0.4777216153140414,3,0,0,3139200,3143200,3,3200,4226400,1493
EQREG_small_a8c7f75bbf974fe0,MG1655,3578400,3581600,3580000.0,small,WIN_small_a8c7f75bbf974fe0,0.4767255696265746,3200,0.4767255696265746,0.3639036548056661,density,0.5807726905692631,0.4804270326745317,0.4804270326745317,0.4767255696265745,4,2,1,3578400,3592000,7,3200,4228000,1494
EQREG_small_fb61c7890f25d9f6,MG1655,1849200,1852400,1850800.0,small,WIN_small_fb61c7890f25d9f6,0.4755893111442455,3200,0.4755893111442455,0.47228960830518474,density,0.5277081220872629,0.46574525772805364,0.46574525772805364,0.4755893111442454,1,0,0,1849200,1852400,1,3200,4228000,1495
EQREG_small_155715c100593d95,MG1655,4510000,4513200,4511600.0,small,WIN_small_155715c100593d95,0.4753366471645447,3200,0.4753366471645447,0.3048373201506653,density,0.4956225587623728,0.45505073556671655,0.45505073556671655,0.4753366471645446,4,2,0,4505600,4513200,6,3200,4229600,1496
EQREG_small_4c656e3f3ae57a02,MG1655,3557200,3560400,3558800.0,small,WIN_small_4c656e3f3ae57a02,0.47442254652341836,3200,0.4598751452115343,0.47442254652341836,shape,0.45038085743323136,0.7051891246709499,0.45038085743323136,0.4744225465234183,1,0,0,3557200,3560400,1,3200,4229600,1497
EQREG_small_775b2b329f169fc0,MG1655,2701200,2704400,2702800.0,small,WIN_small_775b2b329f169fc0,0.4742942550150488,3200,0.3679589021885341,0.4742942550150488,shape,0.35115460169799406,0.7928035382554376,0.35115460169799406,0.4742942550150488,4,0,0,2700000,2704400,4,3200,4231200,1498
EQREG_small_9c8e28053ca900ce,MG1655,132000,135200,133600.0,small,WIN_small_9c8e28053ca900ce,0.47305167711163987,3200,0.47305167711163987,0.2210848830499979,density,0.4681580110553923,0.47794534316788745,0.4681580110553923,0.4730516771116398,6,0,0,130800,136000,6,3200,4233600,1499
EQREG_small_85bb788559fcdad3,MG1655,1185200,1188400,1186800.0,small,WIN_small_85bb788559fcdad3,0.4730396145727088,3200,0.4730396145727088,0.24567197020949766,density,0.4693694329898372,0.4767097961555805,0.4693694329898372,0.4730396145727087,2,0,0,1184800,1188400,2,3200,4234000,1500
EQREG_small_ea31df5ecfd6a8c7,MG1655,4125600,4128800,4127200.0,small,WIN_small_ea31df5ecfd6a8c7,0.472826046305061,3200,0.472826046305061,0.2730656024570245,density,0.49177354259145634,0.4538785500186656,0.4538785500186656,0.472826046305061,6,3,0,4123200,4131200,9,3200,4236400,1501
EQREG_small_4180d9ce123a4c3c,MG1655,3000000,3003200,3001600.0,small,WIN_small_4180d9ce123a4c3c,0.4723273906646488,3200,0.13053699898112978,0.4723273906646488,shape,0.35115460169799406,0.5935001796313035,0.35115460169799406,0.4723273906646487,5,2,0,2996000,3003600,7,3200,4238400,1502
EQREG_small_978422e1c583a58b,MG1655,636400,639600,638000.0,small,WIN_small_978422e1c583a58b,0.47197558228235803,3200,0.29725874820818327,0.47197558228235803,shape,0.33394360051009125,0.6908139997181062,0.33394360051009125,0.471975582282358,4,0,0,636000,640400,4,3200,4239600,1503
EQREG_medium_7fe2b94f8db65910,MG1655,338400,344800,341600.0,medium,WIN_medium_7fe2b94f8db65910,0.47149793500340687,6400,0.0394398786644426,0.47149793500340687,shape,0.48935571113667414,0.4536401588701396,0.4536401588701396,0.4714979350034068,13,4,0,336000,345200,17,6400,4244800,1504
EQREG_small_a6c280dec21910e9,MG1655,168400,171600,170000.0,small,WIN_small_a6c280dec21910e9,0.471203604331658,3200,0.2090462434287803,0.471203604331658,shape,0.4742491976079236,0.4681580110553923,0.4681580110553923,0.471203604331658,4,0,0,168400,172800,4,3200,4246400,1505
EQREG_small_57242e301f57ccd3,MG1655,2998000,3001200,2999600.0,small,WIN_small_57242e301f57ccd3,0.4704769308230399,3200,0.3467475673770773,0.4704769308230399,shape,0.35955153424406333,0.6016485327638804,0.35955153424406333,0.4704769308230399,5,3,0,2993600,3001600,8,3200,4248400,1506
EQREG_medium_e72d46680c565c72,MG1655,1007200,1013600,1010400.0,medium,WIN_medium_e72d46680c565c72,0.4702159862696331,6400,0.14202625529227195,0.4702159862696331,shape,0.49246894656081713,0.4479630259784491,0.4479630259784491,0.470215986269633,12,4,0,1004800,1013600,16,6400,4253200,1507
EQREG_small_d61c5e9ccd83e195,MG1655,1438800,1442000,1440400.0,small,WIN_small_d61c5e9ccd83e195,0.47011450395656096,3200,0.3049540973736742,0.47011450395656096,shape,0.511369098654837,0.4288599092582848,0.4288599092582848,0.4701145039565609,2,0,0,1438800,1442400,2,3200,4253600,1508
EQREG_small_45bd02699a3abb26,MG1655,206800,210000,208400.0,small,WIN_small_45bd02699a3abb26,0.46963051084422425,3200,0.36242425195058003,0.46963051084422425,shape,0.35673447907883066,0.6167122791997564,0.35673447907883066,0.4696305108442242,7,4,0,204000,212800,11,3200,4256400,1509
EQREG_small_26267e19364a14b5,MG1655,2802000,2805200,2803600.0,small,WIN_small_26267e19364a14b5,0.4670320748137555,3200,0.1742082792148427,0.4670320748137555,shape,0.4754777542458889,0.4585863953816222,0.4585863953816222,0.4670320748137555,4,0,0,2800800,2805200,4,3200,4258000,1510
EQREG_small_a676d1e719db9ceb,MG1655,4338800,4342000,4340400.0,small,WIN_small_a676d1e719db9ceb,0.4663576337937181,3200,0.4663576337937181,0.4144262770488203,density,0.4693694329898372,0.46334583459759904,0.46334583459759904,0.466357633793718,1,0,0,4338800,4342000,1,3200,4258000,1511
EQREG_small_63c0d444fabf79c4,MG1655,294800,298000,296400.0,small,WIN_small_63c0d444fabf79c4,0.4663559628454942,3200,0.4663559628454942,0.26028649196289844,density,0.5060565616837371,0.42665536400725124,0.42665536400725124,0.4663559628454942,6,2,0,294000,301600,8,3200,4260400,1512
EQREG_small_974d72246ba2ceed,MG1655,1065600,1068800,1067200.0,small,WIN_small_974d72246ba2ceed,0.4659119465932765,3200,0.4659119465932765,0.17927628565792186,density,0.4538785500186656,0.47794534316788745,0.4538785500186656,0.4659119465932765,4,2,1,1065600,1078400,7,3200,4262000,1513
EQREG_small_dfbded930643581f,MG1655,2555600,2558800,2557200.0,small,WIN_small_dfbded930643581f,0.4652077251497896,3200,0.4652077251497896,0.06278402663923949,density,0.4411890967220028,0.48922635357757643,0.4411890967220028,0.4652077251497896,4,0,0,2554400,2558800,4,3200,4263600,1514
EQREG_small_c6dd5eccae4f283f,MG1655,3812800,3816000,3814400.0,small,WIN_small_c6dd5eccae4f283f,0.4646035513105151,3200,0.4646035513105151,0.148214359849794,density,0.4718024616608364,0.4574046409601939,0.4574046409601939,0.4646035513105151,3,0,0,3812800,3816800,3,3200,4264400,1515
EQREG_small_3895cc9b7ccc0a10,MG1655,1497600,1500800,1499200.0,small,WIN_small_3895cc9b7ccc0a10,0.462625234400465,3200,0.462625234400465,0.4529795838905427,density,0.5221931974159599,0.44232748395809224,0.44232748395809224,0.462625234400465,4,0,0,1496400,1500800,4,3200,4265600,1516
EQREG_small_2f8e0c5458b79be6,MG1655,1205200,1208400,1206800.0,small,WIN_small_2f8e0c5458b79be6,0.4610590435923708,3200,0.03830884488786313,0.4610590435923708,shape,0.4094106377576423,0.5127074494270993,0.4094106377576423,0.4610590435923708,4,0,0,1204000,1208400,4,3200,4267200,1517
EQREG_small_5ff058ad59bdbf24,MG1655,3032400,3035600,3034000.0,small,WIN_small_5ff058ad59bdbf24,0.4607071030923944,3200,0.35076371514836713,0.4607071030923944,shape,0.48922635357757643,0.43218785260721226,0.43218785260721226,0.4607071030923944,4,0,0,3032400,3036800,4,3200,4268400,1518
EQREG_small_a368e36e83c81a38,MG1655,57200,60400,58800.0,small,WIN_small_a368e36e83c81a38,0.46066152291060986,3200,0.46066152291060986,0.11711672814881324,density,0.4767097961555805,0.4446132496656392,0.4446132496656392,0.4606615229106098,2,0,0,57200,60800,2,3200,4268800,1519
EQREG_small_e131ba18f3dd8c58,MG1655,3714400,3717600,3716000.0,small,WIN_small_e131ba18f3dd8c58,0.4603118506486397,3200,0.20967198344632354,0.4603118506486397,shape,0.378813870165873,0.5418098311314065,0.378813870165873,0.4603118506486396,7,1,0,3712800,3719200,8,3200,4272000,1520
EQREG_small_ff32f90f8e06f687,MG1655,3740000,3743200,3741600.0,small,WIN_small_ff32f90f8e06f687,0.4598751452115343,3200,0.4598751452115343,0.3655696151698242,density,0.5127074494270993,0.45038085743323136,0.45038085743323136,0.4598751452115341,3,0,0,3740000,3744000,3,3200,4272800,1521
EQREG_small_3c6dbfe79d28127f,MG1655,1348800,1352000,1350400.0,small,WIN_small_3c6dbfe79d28127f,0.45972274866170737,3200,0.31623901376591435,0.45972274866170737,shape,0.4094106377576423,0.5100348595657724,0.4094106377576423,0.4597227486617073,3,0,0,1348000,1352000,3,3200,4273600,1522
EQREG_small_6521c43907cafebe,MG1655,4294000,4297200,4295600.0,small,WIN_small_6521c43907cafebe,0.4591093813998713,3200,0.4591093813998713,0.03448347869873583,density,0.4804270326745317,0.4377917301252109,0.4377917301252109,0.4591093813998712,7,6,4,4288000,4305600,17,3200,4276400,1523
EQREG_small_cc61f0832dcc1276,MG1655,1170800,1174000,1172400.0,small,WIN_small_cc61f0832dcc1276,0.4587815607286613,3200,0.28233343792706733,0.4587815607286613,shape,0.44576065979648616,0.4718024616608364,0.44576065979648616,0.4587815607286613,6,0,0,1169600,1174800,6,3200,4278800,1524
EQREG_small_f4f4d9c9d8936061,MG1655,160400,163600,162000.0,small,WIN_small_f4f4d9c9d8936061,0.4586896014806925,3200,0.4586896014806925,0.16097035415863015,density,0.4681580110553923,0.4492211919059927,0.4492211919059927,0.4586896014806925,4,0,0,160400,164800,4,3200,4280400,1525
EQREG_small_5cc45c30f4fe94ad,MG1655,4005600,4008800,4007200.0,small,WIN_small_5cc45c30f4fe94ad,0.4586896014806925,3200,0.4586896014806925,0.21086912602300906,density,0.4681580110553923,0.4492211919059927,0.4492211919059927,0.4586896014806925,4,0,0,4004400,4008800,4,3200,4281600,1526
EQREG_medium_ecda4f4d89d15bb9,MG1655,531200,537600,534400.0,medium,WIN_medium_ecda4f4d89d15bb9,0.4576622217044777,6400,0.11828985502012881,0.4576622217044777,shape,0.48935571113667414,0.42596873227228116,0.42596873227228116,0.4576622217044776,6,1,0,531200,538000,7,6400,4283600,1527
EQREG_small_c03d77a503b67c87,MG1655,2120400,2123600,2122000.0,small,WIN_small_c03d77a503b67c87,0.4574110549030087,3200,0.017644918768439967,0.4574110549030087,shape,0.6358626332949822,0.27895947651103525,0.27895947651103525,0.4574110549030086,7,4,0,2117600,2126400,11,3200,4286000,1528
EQREG_medium_9144453aea65613a,MG1655,1032000,1038400,1035200.0,medium,WIN_medium_9144453aea65613a,0.4566592303556783,6400,0.030190734362333823,0.4566592303556783,shape,0.4451520486446206,0.468166412066736,0.4451520486446206,0.4566592303556783,9,3,0,1031200,1039200,12,6400,4289200,1529
EQREG_small_0efddefe9c0252fd,MG1655,3581600,3584800,3583200.0,small,WIN_small_0efddefe9c0252fd,0.4563170151349091,3200,0.4563170151349091,0.022168132357888934,density,0.5167474272288394,0.39588660304097884,0.39588660304097884,0.4563170151349091,7,4,0,3580000,3588800,11,3200,4292400,1530
EQREG_small_ad85722aed953c1b,MG1655,2044000,2047200,2045600.0,small,WIN_small_ad85722aed953c1b,0.4552665624727077,3200,0.4552665624727077,0.05438396465291566,density,0.4816732156871305,0.4288599092582848,0.4288599092582848,0.4552665624727076,1,0,0,2044000,2047200,1,3200,4292400,1531
EQREG_small_4e3d42ba290c3eac,MG1655,4060000,4063200,4061600.0,small,WIN_small_4e3d42ba290c3eac,0.4543903062769463,3200,0.4543903062769463,0.3965834569706582,density,0.4754777542458889,0.5181024813138054,0.4754777542458889,0.4543903062769463,4,0,0,4058800,4063200,4,3200,4293600,1532
EQREG_small_cf6436007e7fb844,MG1655,1823600,1826800,1825200.0,small,WIN_small_cf6436007e7fb844,0.4536924688567171,3200,0.1715594763260334,0.4536924688567171,shape,0.4244619528705964,0.48292298484283774,0.4244619528705964,0.4536924688567171,4,0,0,1823600,1828000,4,3200,4294800,1533
EQREG_small_4893ceaf495bc6eb,MG1655,3279600,3282800,3281200.0,small,WIN_small_4893ceaf495bc6eb,0.4533554059195605,3200,0.4533554059195605,0.3548615432029468,density,0.41365805040849146,0.4930527614306294,0.41365805040849146,0.4533554059195603,2,0,0,3279600,3283200,2,3200,4295200,1534
EQREG_small_b96ba6bf3bd5af34,MG1655,1784400,1787600,1786000.0,small,WIN_small_b96ba6bf3bd5af34,0.4511335349318899,3200,0.4511335349318899,0.22700863472709848,density,0.4389212352661807,0.46334583459759904,0.4389212352661807,0.4511335349318898,6,1,0,1781600,1788400,7,3200,4297200,1535
EQREG_small_86c4905195899454,MG1655,2905200,2908400,2906800.0,small,WIN_small_86c4905195899454,0.450971582362358,3200,0.450971582362358,0.058854379149112165,density,0.4538785500186656,0.44806461470605047,0.44806461470605047,0.450971582362358,2,0,0,2904800,2908400,2,3200,4297600,1536
EQREG_small_3ef36155c6157a35,MG1655,2616400,2619600,2618000.0,small,WIN_small_3ef36155c6157a35,0.45065425657662056,3200,0.38171270914862926,0.45065425657662056,shape,0.36238698162984234,0.6184187430137735,0.36238698162984234,0.4506542565766205,3,0,0,2616400,2620400,3,3200,4298400,1537
EQREG_small_f22e3a8d356fc107,MG1655,155600,158800,157200.0,small,WIN_small_f22e3a8d356fc107,0.4506154004897402,3200,0.18505565250019096,0.4506154004897402,shape,0.41579743641904293,0.48543336456043745,0.41579743641904293,0.4506154004897401,4,0,0,155600,160000,4,3200,4300000,1538
EQREG_small_cc741e3aa93ebc74,MG1655,2589200,2592400,2590800.0,small,WIN_small_cc741e3aa93ebc74,0.4499125299521948,3200,0.4499125299521948,0.24722939283851347,density,0.44005368566508873,0.4597713742393008,0.44005368566508873,0.4499125299521948,2,0,0,2588800,2592400,2,3200,4300400,1539
EQREG_small_fa237da34d2084f9,MG1655,1388800,1392000,1390400.0,small,WIN_small_fa237da34d2084f9,0.44896655516763295,3200,0.3247798574302676,0.44896655516763295,shape,0.5684075996252014,0.3295255107100646,0.3295255107100646,0.4489665551676329,1,0,0,1388800,1392000,1,3200,4300400,1540
EQREG_medium_b7e6921016c93da6,MG1655,247200,253600,250400.0,medium,WIN_medium_b7e6921016c93da6,0.4487059434954458,6400,0.1569388229724076,0.4487059434954458,shape,0.42329614241095426,0.47411574457993727,0.42329614241095426,0.4487059434954457,8,2,0,246800,254400,10,6400,4303200,1541
EQREG_small_e92d3145254f908a,MG1655,2799600,2802800,2801200.0,small,WIN_small_e92d3145254f908a,0.44856591438801896,3200,0.19558718062904104,0.44856591438801896,shape,0.3857627301212008,0.511369098654837,0.3857627301212008,0.4485659143880189,5,0,0,2798800,2803600,5,3200,4304800,1542
EQREG_medium_4a0c7fd0f8c29277,MG1655,2886400,2892800,2889600.0,medium,WIN_medium_4a0c7fd0f8c29277,0.44756052866033413,6400,0.06611141484046582,0.44756052866033413,shape,0.38021124171160603,0.5149098156090622,0.38021124171160603,0.4475605286603341,10,1,0,2886400,2893200,11,6400,4308400,1543
EQREG_small_c3079be0a98f6613,MG1655,3675200,3678400,3676800.0,small,WIN_small_c3079be0a98f6613,0.4457029171654372,3200,0.24910444070756704,0.4457029171654372,shape,0.34382456302159264,0.5475812713092818,0.34382456302159264,0.4457029171654372,7,0,0,3674000,3679600,7,3200,4311200,1544
EQREG_small_ccecf4955c2fd4c4,MG1655,3209600,3212800,3211200.0,small,WIN_small_ccecf4955c2fd4c4,0.44395663833028476,3200,0.44395663833028476,0.34659350008925405,density,0.46454388910054584,0.4233693875600237,0.4233693875600237,0.4439566383302847,4,2,0,3205600,3212800,6,3200,4312800,1545
EQREG_small_53c2c224c7780fa8,MG1655,3816800,3820000,3818400.0,small,WIN_small_53c2c224c7780fa8,0.44350646101560176,3200,0.44350646101560176,0.40356517624267235,density,0.4492211919059927,0.6099526955524597,0.4492211919059927,0.4435064610156017,1,0,0,3816800,3820000,1,3200,4312800,1546
EQREG_small_ab476dbce03fbd06,MG1655,3214400,3217600,3216000.0,small,WIN_small_ab476dbce03fbd06,0.44346435169449205,3200,0.2874306101130184,0.44346435169449205,shape,0.3989703637980431,0.4879583395909409,0.3989703637980431,0.443464351694492,4,1,0,3212800,3219200,5,3200,4314400,1547
EQREG_small_04a7d3e0b6f0dd38,MG1655,2164800,2168000,2166400.0,small,WIN_small_04a7d3e0b6f0dd38,0.44294917413148926,3200,0.30215215861467487,0.44294917413148926,shape,0.3979400086720376,0.4879583395909409,0.3979400086720376,0.4429491741314892,4,4,0,2163200,2172000,8,3200,4316000,1548
EQREG_small_6d6b6c7bcf5cc4a3,MG1655,1527200,1530400,1528800.0,small,WIN_small_6d6b6c7bcf5cc4a3,0.4416195795621001,3200,0.060484258707921075,0.4416195795621001,shape,0.3148315594989987,0.5684075996252014,0.3148315594989987,0.4416195795620999,7,1,0,1526000,1532800,8,3200,4318800,1549
EQREG_small_50ec3413403019fc,MG1655,3191200,3194400,3192800.0,small,WIN_small_50ec3413403019fc,0.4406896750895972,3200,0.4406896750895972,0.09855227425160418,density,0.4730241065786175,0.4083552436005769,0.4083552436005769,0.4406896750895971,1,0,0,3191200,3194400,1,3200,4318800,1550
EQREG_small_968e428c4c78ae60,MG1655,260000,263200,261600.0,small,WIN_small_968e428c4c78ae60,0.44062139119354576,3200,0.44062139119354576,0.2700594810542626,density,0.4411890967220028,0.44005368566508873,0.44005368566508873,0.4406213911935457,6,1,0,258800,265600,7,3200,4320800,1551
EQREG_small_d7c6e7f7ea5db4c2,MG1655,3950800,3954000,3952400.0,small,WIN_small_d7c6e7f7ea5db4c2,0.4402017685416544,3200,0.4402017685416544,0.1166041082134842,density,0.4288599092582848,0.45154362782502394,0.4288599092582848,0.4402017685416543,4,1,0,3950800,3957600,5,3200,4322400,1552
EQREG_medium_db87bb5e7962945e,MG1655,1040000,1046400,1043200.0,medium,WIN_medium_db87bb5e7962945e,0.43959290416047003,6400,0.01691303314549443,0.43959290416047003,shape,0.4368266598604895,0.4423591484604505,0.4368266598604895,0.43959290416047,3,2,0,1039200,1046400,5,6400,4323200,1553
EQREG_small_41f044f0e460385b,MG1655,2210400,2213600,2212000.0,small,WIN_small_41f044f0e460385b,0.4364990745296593,3200,0.4364990745296593,0.12179960793279075,density,0.417947413492602,0.45505073556671655,0.417947413492602,0.4364990745296592,2,0,0,2210000,2213600,2,3200,4323600,1554
EQREG_small_509977142f77d89c,MG1655,2095600,2098800,2097200.0,small,WIN_small_509977142f77d89c,0.4355313456843427,3200,0.4355313456843427,0.384005986604013,density,0.6032967111439537,0.41365805040849146,0.41365805040849146,0.4355313456843426,2,0,0,2095200,2098800,2,3200,4324000,1555
EQREG_small_734e2f6aef325e9b,MG1655,3384000,3387200,3385600.0,small,WIN_small_734e2f6aef325e9b,0.4338215160552741,3200,0.35003685030379994,0.4338215160552741,shape,0.5886835555995129,0.3348326376310009,0.3348326376310009,0.433821516055274,5,0,0,3383600,3388400,5,3200,4326000,1556
EQREG_small_89786cbbc654382b,MG1655,1683200,1686400,1684800.0,small,WIN_small_89786cbbc654382b,0.43380569376705913,3200,0.3926329240424187,0.43380569376705913,shape,0.674947596585551,0.4377917301252109,0.4377917301252109,0.433805693767059,1,0,0,1683200,1686400,1,3200,4326000,1557
EQREG_small_11425611c17237ae,MG1655,4122800,4126000,4124400.0,small,WIN_small_11425611c17237ae,0.4333085984263224,3200,0.4333085984263224,0.31063212008361224,density,0.4310757022378447,0.43554149461480013,0.4310757022378447,0.4333085984263224,4,0,0,4122800,4127200,4,3200,4327200,1558
EQREG_medium_7e5410c9b6870f97,MG1655,3406400,3412800,3409600.0,medium,WIN_medium_7e5410c9b6870f97,0.4328959737059174,6400,0.24366771663338965,0.4328959737059174,shape,0.42063989876721425,0.4451520486446206,0.42063989876721425,0.4328959737059173,6,1,0,3406000,3412800,7,6400,4329200,1559
EQREG_small_d64f1daa9787a423,MG1655,2063200,2066400,2064800.0,small,WIN_small_d64f1daa9787a423,0.4327539436140272,3200,0.21004223830227992,0.4327539436140272,shape,0.5549051292215542,0.3106027580065001,0.3106027580065001,0.4327539436140272,4,2,1,2063200,2076800,7,3200,4330800,1560
EQREG_small_787751f440794261,MG1655,3371200,3374400,3372800.0,small,WIN_small_787751f440794261,0.4327038508225176,3200,0.4327038508225176,0.17415867470065027,density,0.41152915162636966,0.4538785500186656,0.41152915162636966,0.4327038508225176,4,0,0,3370000,3374400,4,3200,4332400,1561
EQREG_small_fdb74ed694b4ebe2,MG1655,3153600,3156800,3155200.0,small,WIN_small_fdb74ed694b4ebe2,0.4322007019365425,3200,0.4322007019365425,0.05761711610045077,density,0.4288599092582848,0.43554149461480013,0.4288599092582848,0.4322007019365424,4,1,0,3153600,3160000,5,3200,4334000,1562
EQREG_small_97a6fea0d88c6105,MG1655,4569600,4572800,4571200.0,small,WIN_small_97a6fea0d88c6105,0.43171153661255623,3200,0.43171153661255623,0.3814322652335277,density,0.44005368566508873,0.4233693875600237,0.4233693875600237,0.4317115366125562,1,0,0,4569600,4572800,1,3200,4334000,1563
EQREG_medium_66969e4f5f7c0ee3,MG1655,2323200,2329600,2326400.0,medium,WIN_medium_66969e4f5f7c0ee3,0.4309062016136218,6400,0.01900855042626213,0.4309062016136218,shape,0.3301323773682883,0.5316800258589554,0.3301323773682883,0.4309062016136218,8,2,0,2322800,2330400,10,6400,4336800,1564
EQREG_small_cd0a90c1133881c2,MG1655,4151600,4154800,4153200.0,small,WIN_small_cd0a90c1133881c2,0.4308514000207881,3200,0.4308514000207881,0.07730178246558433,density,0.40311640465995396,0.4585863953816222,0.40311640465995396,0.430851400020788,4,2,0,4151600,4159200,6,3200,4338400,1565
EQREG_small_93b5d7ff99b52a21,MG1655,3518400,3521600,3520000.0,small,WIN_small_93b5d7ff99b52a21,0.4307790481077646,3200,0.4307790481077646,0.09413519481996288,density,0.44576065979648616,0.41579743641904293,0.41579743641904293,0.4307790481077645,4,2,0,3518400,3525600,6,3200,4340000,1566
EQREG_small_a720b53440ac69d4,MG1655,4032800,4036000,4034400.0,small,WIN_small_a720b53440ac69d4,0.4295992892405994,3200,0.4295992892405994,0.0185013040427104,density,0.41687109452310656,0.44232748395809224,0.41687109452310656,0.4295992892405993,4,2,0,4032800,4040000,6,3200,4341600,1567
EQREG_small_342a15f1f43342f2,MG1655,2136000,2139200,2137600.0,small,WIN_small_342a15f1f43342f2,0.4261687982829733,3200,0.17957539057902963,0.4261687982829733,shape,0.4492211919059927,0.40311640465995396,0.40311640465995396,0.4261687982829732,1,0,0,2136000,2139200,1,3200,4341600,1568
EQREG_small_3abe469ef1e822f9,MG1655,2166400,2169600,2168000.0,small,WIN_small_3abe469ef1e822f9,0.4255918946256869,3200,0.3182098674991374,0.4255918946256869,shape,0.4201080870135292,0.4310757022378447,0.4201080870135292,0.4255918946256869,4,2,0,2166400,2173600,6,3200,4343200,1569
EQREG_small_55751847e8b39a09,MG1655,3385600,3388800,3387200.0,small,WIN_small_55751847e8b39a09,0.4252473163377366,3200,0.16207125782165038,0.4252473163377366,shape,0.3072491159989123,0.5432455166765608,0.3072491159989123,0.4252473163377366,1,0,0,3385600,3388800,1,3200,4343200,1570
EQREG_small_d5ca7dc0729e10b4,MG1655,546000,549200,547600.0,small,WIN_small_d5ca7dc0729e10b4,0.4244812423553449,3200,0.019146189623934922,0.4244812423553449,shape,0.6908139997181062,0.15814848499258355,0.15814848499258355,0.4244812423553449,3,2,0,544000,551200,5,3200,4344000,1571
EQREG_small_2d8618cd772e759a,MG1655,2898400,2901600,2900000.0,small,WIN_small_2d8618cd772e759a,0.4232433064825305,3200,0.4232433064825305,0.18795885193542997,density,0.44232748395809224,0.4041591290069687,0.4041591290069687,0.4232433064825304,1,0,0,2898400,2901600,1,3200,4344000,1572
EQREG_small_2518e485909e47de,MG1655,3354400,3357600,3356000.0,small,WIN_small_2518e485909e47de,0.4228655018906957,3200,0.4228655018906957,0.08348948711388152,density,0.41687109452310656,0.4288599092582848,0.41687109452310656,0.4228655018906956,4,2,0,3354400,3361600,6,3200,4345600,1573
EQREG_small_04b6c816a69f85f1,MG1655,4353200,4356400,4354800.0,small,WIN_small_04b6c816a69f85f1,0.4225866768894966,3200,0.4225866768894966,0.32660352555436484,density,0.4389212352661807,0.4062521185128125,0.4062521185128125,0.4225866768894966,1,0,0,4353200,4356400,1,3200,4345600,1574
EQREG_small_b4c368172713840d,MG1655,400800,404000,402400.0,small,WIN_small_b4c368172713840d,0.4223900745755219,3200,0.4223900745755219,0.22054390579495742,density,0.4125922965438315,0.43218785260721226,0.4125922965438315,0.4223900745755219,4,0,0,400800,405200,4,3200,4347200,1575
EQREG_small_757d6f00d0a8fba0,MG1655,1753600,1756800,1755200.0,small,WIN_small_757d6f00d0a8fba0,0.422306845293426,3200,0.3672061144368536,0.422306845293426,shape,0.5194617765765304,0.36049462795213744,0.36049462795213744,0.422306845293426,3,0,0,1752800,1756800,3,3200,4348000,1576
EQREG_small_8e2811ed09b9f028,MG1655,3870800,3874000,3872400.0,small,WIN_small_8e2811ed09b9f028,0.4222836559304361,3200,0.28487721035872904,0.4222836559304361,shape,0.35023155250481536,0.49433575935605684,0.35023155250481536,0.422283655930436,7,0,0,3869600,3875200,7,3200,4350800,1577
EQREG_small_3e1cd2447a6354d3,MG1655,3527600,3530800,3529200.0,small,WIN_small_3e1cd2447a6354d3,0.4218857306109899,3200,0.4218857306109899,0.28342882024901805,density,0.43330285830800375,0.41046860291397597,0.41046860291397597,0.4218857306109899,1,0,0,3527600,3530800,1,3200,4350800,1578
EQREG_small_1cf9d5a472699eaa,MG1655,4531200,4534400,4532800.0,small,WIN_small_1cf9d5a472699eaa,0.4212413319323274,3200,0.4212413319323274,0.0625673938830738,density,0.4277562378081374,0.4147264260565174,0.4147264260565174,0.4212413319323274,1,0,0,4531200,4534400,1,3200,4350800,1579
EQREG_small_91530c8ee7d56241,MG1655,4238400,4241600,4240000.0,small,WIN_small_91530c8ee7d56241,0.42065840052631287,3200,0.42065840052631287,0.25018850379707946,density,0.417947413492602,0.4233693875600237,0.417947413492602,0.4206584005263128,1,0,0,4238400,4241600,1,3200,4350800,1580
EQREG_small_df7f516b192da2d9,MG1655,714000,717200,715600.0,small,WIN_small_df7f516b192da2d9,0.41959418946355687,3200,0.41959418946355687,0.37157666076530815,density,0.4244619528705964,0.4147264260565174,0.4147264260565174,0.4195941894635568,2,0,0,714000,717600,2,3200,4351200,1581
EQREG_small_2d32ee1ffac78492,MG1655,4332000,4335200,4333600.0,small,WIN_small_2d32ee1ffac78492,0.41956994089917554,3200,0.41956994089917554,0.12728789474737656,density,0.417947413492602,0.42119246830574913,0.417947413492602,0.4195699408991755,4,0,0,4332000,4336400,4,3200,4352400,1582
EQREG_small_188b4331888ae317,MG1655,968000,971200,969600.0,small,WIN_small_188b4331888ae317,0.4188947638932746,3200,0.3642886612702302,0.4188947638932746,shape,0.6558965386076927,0.36524106297659903,0.36524106297659903,0.4188947638932745,3,0,0,967200,971200,3,3200,4353200,1583
EQREG_small_539a2bd7e95b6355,MG1655,2350800,2354000,2352400.0,small,WIN_small_539a2bd7e95b6355,0.41777233192530555,3200,0.41777233192530555,0.21962791631279552,density,0.38978400405412494,0.44576065979648616,0.38978400405412494,0.4177723319253055,2,0,0,2350800,2354400,2,3200,4353600,1584
EQREG_medium_3840f7b39701dd83,MG1655,237600,244000,240800.0,medium,WIN_medium_3840f7b39701dd83,0.41595957917579,6400,0.13652856314154035,0.41595957917579,shape,0.3754123588298373,0.4565067995217427,0.3754123588298373,0.4159595791757899,12,2,0,237600,245200,14,6400,4358000,1585
EQREG_small_2290daa78ab70fdc,MG1655,2901600,2904800,2903200.0,small,WIN_small_2290daa78ab70fdc,0.4159523840959729,3200,0.18126810460100296,0.4159523840959729,shape,0.35023155250481536,0.4816732156871305,0.35023155250481536,0.4159523840959729,1,0,0,2901600,2904800,1,3200,4358000,1586
EQREG_small_43c03efbc9bbf4c6,MG1655,346000,349200,347600.0,small,WIN_small_43c03efbc9bbf4c6,0.4148410660456041,3200,0.09698806561948754,0.4148410660456041,shape,0.3827710226632896,0.4469111094279187,0.3827710226632896,0.4148410660456041,6,3,0,345200,353600,9,3200,4360400,1587
EQREG_small_08fab998f3be4d40,MG1655,1330000,1333200,1331600.0,small,WIN_small_08fab998f3be4d40,0.4142868752408212,3200,0.4142868752408212,0.3398580006780526,density,0.40520436292161877,0.4233693875600237,0.40520436292161877,0.4142868752408212,1,0,0,1330000,1333200,1,3200,4360400,1588
EQREG_small_a0de66bfb3393f19,MG1655,203600,206800,205200.0,small,WIN_small_a0de66bfb3393f19,0.41328345979909537,3200,0.41328345979909537,0.1017438921055619,density,0.38877518947297984,0.4377917301252109,0.38877518947297984,0.4132834597990953,4,0,0,203600,208000,4,3200,4362000,1589
EQREG_small_b84275a30daa2ea5,MG1655,898400,901600,900000.0,small,WIN_small_b84275a30daa2ea5,0.41304672716160884,3200,0.17599110012448027,0.41304672716160884,shape,0.5087047069734255,0.3173887473497922,0.3173887473497922,0.4130467271616088,3,0,0,898400,902400,3,3200,4362800,1590
EQREG_small_782d36493c4242c8,MG1655,2937600,2940800,2939200.0,small,WIN_small_782d36493c4242c8,0.41272278270935,3200,0.41272278270935,0.23677021489283845,density,0.4020761778586763,0.4233693875600237,0.4020761778586763,0.4127227827093499,3,0,0,2936800,2940800,3,3200,4363600,1591
EQREG_small_7848097e1c557d8c,MG1655,1985600,1988800,1987200.0,small,WIN_small_7848097e1c557d8c,0.4115577116748411,3200,0.4115577116748411,0.31377468203551745,density,0.47058424352151834,0.38078793939159006,0.38078793939159006,0.4115577116748411,2,0,0,1985200,1988800,2,3200,4364000,1592
EQREG_small_a8ba9aa0b3b5fea0,MG1655,2015200,2018400,2016800.0,small,WIN_small_a8ba9aa0b3b5fea0,0.41154992219817665,3200,0.35186056728224013,0.41154992219817665,shape,0.3047507707664372,0.5534304436555485,0.3047507707664372,0.4115499221981766,4,0,0,2015200,2019600,4,3200,4365200,1593
EQREG_small_a05b16bf0fe8d2bb,MG1655,3861200,3864400,3862800.0,small,WIN_small_a05b16bf0fe8d2bb,0.41100146715073693,3200,0.41100146715073693,0.13980819679748957,density,0.4094106377576423,0.4125922965438315,0.4094106377576423,0.4110014671507369,2,0,0,3860800,3864400,2,3200,4365600,1594
EQREG_medium_3c5b9c78ab239ae4,MG1655,587200,593600,590400.0,medium,WIN_medium_3c5b9c78ab239ae4,0.410798551473783,6400,0.021653494709522637,0.410798551473783,shape,0.3875104804531055,0.43408662249446056,0.3875104804531055,0.410798551473783,1,1,0,587200,593600,2,6400,4365600,1595
EQREG_small_50a61f6c50cea644,MG1655,4638400,4641600,4640000.0,small,WIN_small_50a61f6c50cea644,0.4092757026285623,3200,0.4092757026285623,0.17005403513340078,density,0.4277562378081374,0.39079516744898724,0.39079516744898724,0.4092757026285623,4,0,0,4637200,4641600,4,3200,4368400,1596
EQREG_small_88e37acf66f17fad,MG1655,3776000,3779200,3777600.0,small,WIN_small_88e37acf66f17fad,0.4088983297327251,3200,0.4088983297327251,0.23271247375071602,density,0.4125922965438315,0.40520436292161877,0.40520436292161877,0.4088983297327251,4,0,0,3776000,3780400,4,3200,4370000,1597
EQREG_small_9febf3bc7c9bc3d0,MG1655,334400,337600,336000.0,small,WIN_small_9febf3bc7c9bc3d0,0.4082196840306881,3200,0.1688211501699051,0.4082196840306881,shape,0.42665536400725124,0.38978400405412494,0.38978400405412494,0.4082196840306881,4,2,0,334400,341600,6,3200,4371600,1598
EQREG_medium_9b625d97173863f3,MG1655,2304800,2311200,2308000.0,medium,WIN_medium_9b625d97173863f3,0.408091795755328,6400,0.0522908942228521,0.408091795755328,shape,0.31742041185215064,0.49876317965850536,0.31742041185215064,0.4080917957553279,12,4,0,2302400,2311200,16,6400,4376400,1599
EQREG_small_d91aabc915411cc0,MG1655,1582800,1586000,1584400.0,small,WIN_small_d91aabc915411cc0,0.4073316906916411,3200,0.05140629608070314,0.4073316906916411,shape,0.5221931974159599,0.2924701839673223,0.2924701839673223,0.4073316906916411,1,0,0,1582800,1586000,1,3200,4376400,1600
EQREG_small_df7d3b7401aebcb4,MG1655,2628000,2631200,2629600.0,small,WIN_small_df7d3b7401aebcb4,0.4067201207377052,3200,0.30475791573944233,0.4067201207377052,shape,0.577648256360114,0.3022667154799724,0.3022667154799724,0.4067201207377051,2,0,0,2628000,2631600,2,3200,4376800,1601
EQREG_small_8e9279bcca41ca2e,MG1655,4012400,4015600,4014000.0,small,WIN_small_8e9279bcca41ca2e,0.40631293981170513,3200,0.40631293981170513,0.18125776501614257,density,0.38376597036512544,0.4288599092582848,0.38376597036512544,0.4063129398117051,4,0,0,4011200,4015600,4,3200,4378000,1602
EQREG_small_883a05cf8714f6d4,MG1655,2809600,2812800,2811200.0,small,WIN_small_883a05cf8714f6d4,0.4062673222405241,3200,0.40411396161786095,0.4062673222405241,shape,0.38376597036512544,0.43666515496195657,0.38376597036512544,0.4062673222405241,1,0,0,2809600,2812800,1,3200,4378000,1603
EQREG_small_54769d44908873d8,MG1655,4326400,4329600,4328000.0,small,WIN_small_54769d44908873d8,0.4049447862018588,3200,0.31766154754258513,0.4049447862018588,shape,0.378813870165873,0.4310757022378447,0.378813870165873,0.4049447862018588,6,3,0,4322400,4330400,9,3200,4380400,1604
EQREG_small_074add19fb31c5e3,MG1655,3212800,3216000,3214400.0,small,WIN_small_074add19fb31c5e3,0.40464149997382515,3200,0.3954112203607706,0.40464149997382515,shape,0.38978400405412494,0.5403788760249577,0.38978400405412494,0.4046414999738251,1,0,0,3212800,3216000,1,3200,4380400,1605
EQREG_medium_99fccf3f3db4bf23,MG1655,1073600,1080000,1076800.0,medium,WIN_medium_99fccf3f3db4bf23,0.402198210621735,6400,0.017959527898416282,0.402198210621735,shape,0.25527250510330607,0.5491239161401639,0.25527250510330607,0.402198210621735,15,7,3,1067200,1083200,25,6400,4386800,1606
EQREG_medium_02d444b344de429e,MG1655,2848000,2854400,2851200.0,medium,WIN_medium_02d444b344de429e,0.40163530730111663,6400,0.13515393360325467,0.40163530730111663,shape,0.38263071583501895,0.42063989876721425,0.38263071583501895,0.4016353073011165,1,1,0,2848000,2854400,2,6400,4386800,1607
EQREG_small_4fb72495ed69c6d1,MG1655,1169200,1172400,1170800.0,small,WIN_small_4fb72495ed69c6d1,0.4010409104341165,3200,0.19596446659049374,0.4010409104341165,shape,0.3710061186303883,0.4310757022378447,0.3710061186303883,0.4010409104341165,1,0,0,1169200,1172400,1,3200,4386800,1608
EQREG_small_c4640387abe1813e,MG1655,4087600,4090800,4089200.0,small,WIN_small_c4640387abe1813e,0.40056893160794155,3200,0.33361964839402924,0.40056893160794155,shape,0.34382456302159264,0.4930527614306294,0.34382456302159264,0.4005689316079415,2,0,0,4087600,4091200,2,3200,4387200,1609
EQREG_small_c7a7aa780fefa2f6,MG1655,2213600,2216800,2215200.0,small,WIN_small_c7a7aa780fefa2f6,0.4000474895219025,3200,0.4000474895219025,0.21271627406189852,density,0.39384286053099254,0.4062521185128125,0.39384286053099254,0.4000474895219025,3,0,0,2213600,2217600,3,3200,4388000,1610
EQREG_small_844b47fc013ff4a7,MG1655,12000,15200,13600.0,small,WIN_small_844b47fc013ff4a7,0.3996218961934779,3200,0.3996218961934779,0.28962604451567875,density,0.41046860291397597,0.38877518947297984,0.38877518947297984,0.3996218961934779,7,4,0,9600,18400,11,3200,4391200,1611
EQREG_medium_87e06f7ab8220a94,MG1655,283200,289600,286400.0,medium,WIN_medium_87e06f7ab8220a94,0.3993249736564912,6400,0.056408084118560735,0.3993249736564912,shape,0.30304528689930676,0.4956046604136756,0.30304528689930676,0.3993249736564912,12,4,0,281600,290800,16,6400,4395600,1612
EQREG_medium_f0097f355cfbda33,MG1655,2294400,2300800,2297600.0,medium,WIN_medium_f0097f355cfbda33,0.39750295221870025,6400,0.06728202274791709,0.39750295221870025,shape,0.4050348254366382,0.3899710790007623,0.3899710790007623,0.3975029522187002,1,1,0,2294400,2300800,2,6400,4395600,1613
EQREG_small_d1ec36e0405bbc9e,MG1655,3249200,3252400,3250800.0,small,WIN_small_d1ec36e0405bbc9e,0.3972922799484988,3200,0.3745757724550942,0.3972922799484988,shape,0.5021143759296753,0.38676456328034603,0.38676456328034603,0.3972922799484987,4,0,0,3248800,3253200,4,3200,4396800,1614
EQREG_small_982e53c8b5d6947b,MG1655,814400,817600,816000.0,small,WIN_small_982e53c8b5d6947b,0.3964502043570395,3200,0.3964502043570395,0.19602652920984048,density,0.38978400405412494,0.40311640465995396,0.38978400405412494,0.3964502043570395,4,0,0,814400,818800,4,3200,4398400,1615
EQREG_medium_31f14254e3bda73b,MG1655,2678400,2684800,2681600.0,medium,WIN_medium_31f14254e3bda73b,0.3961427931337944,6400,0.1584807488992641,0.3961427931337944,shape,0.3499264378071384,0.4423591484604505,0.3499264378071384,0.3961427931337944,6,1,0,2678400,2685200,7,6400,4400400,1616
EQREG_small_a84e4a81d3bc6a14,MG1655,4109200,4112400,4110800.0,small,WIN_small_a84e4a81d3bc6a14,0.39494048397015,3200,0.39494048397015,0.21387916371251461,density,0.40311640465995396,0.38676456328034603,0.38676456328034603,0.39494048397015,2,0,0,4109200,4112800,2,3200,4400800,1617
EQREG_small_1e8823fe7db1fb2c,MG1655,1932000,1935200,1933600.0,small,WIN_small_1e8823fe7db1fb2c,0.39357021568578543,3200,0.2502724979982013,0.39357021568578543,shape,0.29408766994094143,0.4930527614306294,0.29408766994094143,0.3935702156857854,5,0,0,1930800,1935600,5,3200,4402800,1618
EQREG_small_833c2b074510af14,MG1655,3716000,3719200,3717600.0,small,WIN_small_833c2b074510af14,0.39349135602561536,3200,0.39349135602561536,0.06687315320252851,density,0.40520436292161877,0.38177834912961195,0.38177834912961195,0.3934913560256153,1,0,0,3716000,3719200,1,3200,4402800,1619
EQREG_small_022381f52f541015,MG1655,1522000,1525200,1523600.0,small,WIN_small_022381f52f541015,0.3934650758351292,3200,0.020657911976776692,0.3934650758351292,shape,0.5403788760249577,0.24655127564530066,0.24655127564530066,0.3934650758351292,3,0,0,1522000,1526000,3,3200,4403600,1620
EQREG_small_5bbda3cdde3fa7d1,MG1655,364800,368000,366400.0,small,WIN_small_5bbda3cdde3fa7d1,0.3932549487327006,3200,0.3932549487327006,0.09468576005181839,density,0.37391760092156967,0.4125922965438315,0.37391760092156967,0.3932549487327005,3,0,0,364800,368800,3,3200,4404400,1621
EQREG_small_57ef5db10fe10984,MG1655,4194400,4197600,4196000.0,small,WIN_small_57ef5db10fe10984,0.39186678323855867,3200,0.39186678323855867,0.15559356230066268,density,0.3847632026790742,0.3989703637980431,0.3847632026790742,0.3918667832385586,4,1,0,4191200,4197600,5,3200,4406000,1622
EQREG_small_e1a55779a1c4f17f,MG1655,4156400,4159600,4158000.0,small,WIN_small_e1a55779a1c4f17f,0.39135160567555594,3200,0.39135160567555594,0.21544259159417578,density,0.3979400086720376,0.3847632026790742,0.3847632026790742,0.3913516056755559,4,0,0,4155200,4159600,4,3200,4407600,1623
EQREG_small_647f5c4a9a506218,MG1655,3469600,3472800,3471200.0,small,WIN_small_647f5c4a9a506218,0.39091318802950314,3200,0.39091318802950314,0.02851353457631472,density,0.4010384366674162,0.38078793939159006,0.38078793939159006,0.3909131880295031,4,2,0,3465600,3472800,6,3200,4409200,1624
EQREG_medium_40fba4f8551a2640,MG1655,646400,652800,649600.0,medium,WIN_medium_40fba4f8551a2640,0.3902797460619064,6400,0.0383376060389258,0.3902797460619064,shape,0.3153374607038581,0.46522203141995466,0.3153374607038581,0.3902797460619064,11,1,0,646000,653200,12,6400,4413200,1625
EQREG_small_24624282ededb8a9,MG1655,4204800,4208000,4206400.0,small,WIN_small_24624282ededb8a9,0.3893850734727836,3200,0.3893850734727836,0.07633081532451941,density,0.3797997831475241,0.3989703637980431,0.3797997831475241,0.3893850734727836,6,3,1,4204000,4217600,10,3200,4415600,1626
EQREG_small_f040d83f0396f84a,MG1655,1434400,1437600,1436000.0,small,WIN_small_f040d83f0396f84a,0.3890383649642692,3200,0.3890383649642692,0.087124778534974,density,0.4041591290069687,0.37391760092156967,0.37391760092156967,0.3890383649642691,6,1,0,1432000,1438800,7,3200,4417600,1627
EQREG_small_631bb71e81bcdcee,MG1655,445200,448400,446800.0,small,WIN_small_631bb71e81bcdcee,0.3880306705808645,3200,0.3880306705808645,0.297973954924547,density,0.40520436292161877,0.37294493650177507,0.37294493650177507,0.3880306705808645,1,0,0,445200,448400,1,3200,4417600,1628
EQREG_small_5c886993c0d12853,MG1655,1546000,1549200,1547600.0,small,WIN_small_5c886993c0d12853,0.38655734678655834,3200,0.021953469273757152,0.38655734678655834,shape,0.11907809134954798,0.6540366022235687,0.11907809134954798,0.3865573467865583,6,3,0,1545200,1553600,9,3200,4420000,1629
EQREG_small_d8fd87346d033c7e,MG1655,2519600,2522800,2521200.0,small,WIN_small_d8fd87346d033c7e,0.3853711126152096,3200,0.3853711126152096,0.0633163710394169,density,0.4083552436005769,0.36238698162984234,0.36238698162984234,0.3853711126152096,4,0,0,2519600,2524000,4,3200,4421600,1630
EQREG_small_2f75c6409096eaa0,MG1655,130400,133600,132000.0,small,WIN_small_2f75c6409096eaa0,0.3847918936008245,3200,0.3577363077407072,0.3847918936008245,shape,0.36524106297659903,0.42119246830574913,0.36524106297659903,0.3847918936008245,1,0,0,130400,133600,1,3200,4421600,1631
EQREG_small_9555961a6531c6af,MG1655,1541600,1544800,1543200.0,small,WIN_small_9555961a6531c6af,0.38448108600085285,3200,0.030539222592210626,0.38448108600085285,shape,0.35955153424406333,0.4094106377576423,0.35955153424406333,0.3844810860008528,5,2,0,1537600,1545200,7,3200,4423600,1632
EQREG_small_6e300383c50fc983,MG1655,9200,12400,10800.0,small,WIN_small_6e300383c50fc983,0.3842645865220998,3200,0.3842645865220998,0.13938185353360366,density,0.3847632026790742,0.38376597036512544,0.38376597036512544,0.3842645865220998,4,0,0,9200,13600,4,3200,4424800,1633
EQREG_small_73a3b9ee4ad15c36,MG1655,2553200,2556400,2554800.0,small,WIN_small_73a3b9ee4ad15c36,0.3829632744496734,3200,0.12930978416324923,0.3829632744496734,shape,0.2197953439852976,0.5461312049140491,0.2197953439852976,0.3829632744496734,3,0,0,2553200,2557200,3,3200,4425600,1634
EQREG_small_9f14a39944536794,MG1655,2962400,2965600,2964000.0,small,WIN_small_9f14a39944536794,0.38218734811563876,3200,0.38218734811563876,0.10949997519468568,density,0.36333625956386134,0.4010384366674162,0.36333625956386134,0.3821873481156387,4,2,0,2958400,2965600,6,3200,4427200,1635
EQREG_small_96cba913368e138d,MG1655,2089200,2092400,2090800.0,small,WIN_small_96cba913368e138d,0.38181910116894546,3200,0.38181910116894546,0.06591960137513427,density,0.3758694895190916,0.3877687128187994,0.3758694895190916,0.3818191011689454,4,0,0,2089200,2093600,4,3200,4428800,1636
EQREG_small_bd55d1781ad4b9d8,MG1655,3169600,3172800,3171200.0,small,WIN_small_bd55d1781ad4b9d8,0.37909989457363064,3200,0.197179591869026,0.37909989457363064,shape,0.39486352958339993,0.36333625956386134,0.36333625956386134,0.3790998945736306,3,0,0,3169600,3173600,3,3200,4429600,1637
EQREG_small_baef2c00d7ec80f2,MG1655,642800,646000,644400.0,small,WIN_small_baef2c00d7ec80f2,0.378833968947908,3200,0.19723619638031395,0.378833968947908,shape,0.577648256360114,0.1901053477209263,0.1901053477209263,0.3788339689479079,2,0,0,642400,646000,2,3200,4430000,1638
EQREG_small_fddf19cfb7fe8ebb,MG1655,2856400,2859600,2858000.0,small,WIN_small_fddf19cfb7fe8ebb,0.3781471992957306,3200,0.12800009995857342,0.3781471992957306,shape,0.3047507707664372,0.45154362782502394,0.3047507707664372,0.3781471992957305,4,0,0,2856000,2860400,4,3200,4431200,1639
EQREG_small_c62f90534b51b6af,MG1655,1005200,1008400,1006800.0,small,WIN_small_c62f90534b51b6af,0.3768586920345469,3200,0.3768586920345469,0.2863812784842798,density,0.3797997831475241,0.37391760092156967,0.37391760092156967,0.3768586920345468,5,3,0,1002400,1010400,8,3200,4432800,1640
EQREG_small_ca5e19913481a279,MG1655,1078800,1082000,1080400.0,small,WIN_small_ca5e19913481a279,0.3760480074710108,3200,0.027242715139650445,0.3760480074710108,shape,0.4754777542458889,0.2766182606961327,0.2766182606961327,0.3760480074710108,3,2,0,1076800,1084000,5,3200,4433600,1641
EQREG_medium_db9a5bb42c582313,MG1655,1068800,1075200,1072000.0,medium,WIN_medium_db9a5bb42c582313,0.37581918604033515,6400,0.01691303314549443,0.37581918604033515,shape,0.2025144559405064,0.5491239161401639,0.2025144559405064,0.3758191860403351,12,5,0,1067200,1076800,17,6400,4438400,1642
EQREG_small_90118553726de01f,MG1655,2468400,2471600,2470000.0,small,WIN_small_90118553726de01f,0.3756790118854879,3200,0.3756790118854879,0.113699394457587,density,0.4244619528705964,0.32689607090037937,0.32689607090037937,0.3756790118854879,7,3,0,2467200,2475200,10,3200,4441200,1643
EQREG_medium_7c05071d8541a0d6,MG1655,1533600,1540000,1536800.0,medium,WIN_medium_7c05071d8541a0d6,0.37547136712345863,6400,0.019534968237895335,0.37547136712345863,shape,0.38263071583501895,0.3683120184118983,0.3683120184118983,0.3754713671234586,13,4,0,1533200,1542400,17,6400,4446400,1644
EQREG_small_80ad8167fbab4001,MG1655,1418800,1422000,1420400.0,small,WIN_small_80ad8167fbab4001,0.37402679366720093,3200,0.37402679366720093,0.1994553610657912,density,0.38376597036512544,0.3642876169692765,0.3642876169692765,0.3740267936672009,4,1,0,1418800,1425600,5,3200,4448000,1645
EQREG_small_557ad42b37f2e776,MG1655,3906000,3909200,3907600.0,small,WIN_small_557ad42b37f2e776,0.37391760092156967,3200,0.37391760092156967,0.16859033743699858,density,0.37391760092156967,0.37391760092156967,0.37391760092156967,0.3739176009215696,4,0,0,3906000,3910400,4,3200,4449600,1646
EQREG_small_86e72c31e16dbc61,MG1655,1453600,1456800,1455200.0,small,WIN_small_86e72c31e16dbc61,0.3739055930709799,3200,0.019577037465581183,0.3739055930709799,shape,0.577648256360114,0.1701629297818459,0.1701629297818459,0.3739055930709798,4,2,0,1453600,1460800,6,3200,4451200,1647
EQREG_small_fedf152390fc90a0,MG1655,157200,160400,158800.0,small,WIN_small_fedf152390fc90a0,0.3724521007636579,3200,0.3657251421930954,0.3724521007636579,shape,0.3928245846086876,0.3681140248223294,0.3681140248223294,0.3724521007636578,1,0,0,157200,160400,1,3200,4451200,1648
EQREG_small_3634127c021e4c85,MG1655,3702400,3705600,3704000.0,small,WIN_small_3634127c021e4c85,0.36868873089367105,3200,0.36868873089367105,0.13438684496292289,density,0.338407097989299,0.3989703637980431,0.338407097989299,0.368688730893671,4,0,0,3701200,3705600,4,3200,4452800,1649
EQREG_small_bdd60aac432ea07e,MG1655,3522800,3526000,3524400.0,small,WIN_small_bdd60aac432ea07e,0.3685971017396237,3200,0.3685971017396237,0.16504209271043396,density,0.36715425762087966,0.37003994585836775,0.36715425762087966,0.3685971017396237,4,0,0,3521600,3526000,4,3200,4454400,1650
EQREG_small_00232c6a7c500047,MG1655,3580000,3583200,3581600.0,small,WIN_small_00232c6a7c500047,0.3672823346817251,3200,0.3672823346817251,0.2324198262749035,density,0.4041591290069687,0.39486352958339993,0.39486352958339993,0.3672823346817251,1,0,0,3580000,3583200,1,3200,4454400,1651
EQREG_small_2e9f7f4f72c46d4b,MG1655,3132000,3135200,3133600.0,small,WIN_small_2e9f7f4f72c46d4b,0.366716614067387,3200,0.0460057782945899,0.366716614067387,shape,0.15578497177466,0.577648256360114,0.15578497177466,0.3667166140673869,4,0,0,3132000,3136400,4,3200,4456000,1652
EQREG_small_a942add5d791addd,MG1655,892000,895200,893600.0,small,WIN_small_a942add5d791addd,0.3659649560752414,3200,0.20774783101413433,0.3659649560752414,shape,0.32777078314351404,0.4041591290069687,0.32777078314351404,0.3659649560752414,1,0,0,892000,895200,1,3200,4456000,1653
EQREG_small_196949401486cd0d,MG1655,136800,140000,138400.0,small,WIN_small_196949401486cd0d,0.3642959715175318,3200,0.20670111651367687,0.3642959715175318,shape,0.22253538135132647,0.5060565616837371,0.22253538135132647,0.3642959715175318,6,1,0,136000,142400,7,3200,4458400,1654
EQREG_small_3712231694566d33,MG1655,3117200,3120400,3118800.0,small,WIN_small_3712231694566d33,0.3628107908570135,3200,0.04461646963724,0.3628107908570135,shape,0.6167122791997564,0.10890930251427068,0.10890930251427068,0.3628107908570135,4,0,0,3116000,3120400,4,3200,4459600,1655
EQREG_small_87e8963dbcddff1d,MG1655,2521600,2524800,2523200.0,small,WIN_small_87e8963dbcddff1d,0.36231246017368424,3200,0.20338274862434713,0.36231246017368424,shape,0.32254874248869214,0.4020761778586763,0.32254874248869214,0.3623124601736842,3,0,0,2521200,2525200,3,3200,4460400,1656
EQREG_small_20058774111c98e2,MG1655,4154000,4157200,4155600.0,small,WIN_small_20058774111c98e2,0.3622441712981432,3200,0.2178558603241369,0.3622441712981432,shape,0.4147264260565174,0.309761916539769,0.309761916539769,0.3622441712981432,5,0,0,4153200,4158000,5,3200,4462000,1657
EQREG_small_1bbc6e39bacca4a4,MG1655,3778000,3781200,3779600.0,small,WIN_small_1bbc6e39bacca4a4,0.3614737895996131,3200,0.2970724593571139,0.3614737895996131,shape,0.30808510178525367,0.4288599092582848,0.30808510178525367,0.361473789599613,4,0,0,3777600,3782000,4,3200,4463200,1658
EQREG_small_338f2ad9a4e2fa2a,MG1655,3491200,3494400,3492800.0,small,WIN_small_338f2ad9a4e2fa2a,0.3609672010242938,3200,0.30228712235862587,0.3609672010242938,shape,0.5375310331521315,0.2828897701394676,0.2828897701394676,0.3609672010242938,1,0,0,3491200,3494400,1,3200,4463200,1659
EQREG_small_730a7fdc38c19bb1,MG1655,3059200,3062400,3060800.0,small,WIN_small_730a7fdc38c19bb1,0.3607256493308124,3200,0.3607256493308124,0.17090615097226253,density,0.34655885000884495,0.3748924486527799,0.34655885000884495,0.3607256493308124,4,2,0,3059200,3066400,6,3200,4464800,1660
EQREG_small_78476aedacc73695,MG1655,424400,427600,426000.0,small,WIN_small_78476aedacc73695,0.3604279341750814,3200,0.3590932441868,0.3604279341750814,shape,0.4094106377576423,0.3557995067437576,0.3557995067437576,0.3604279341750813,2,0,0,424000,427600,2,3200,4465200,1661
EQREG_small_356ce8d4b426ebb1,MG1655,577200,580400,578800.0,small,WIN_small_356ce8d4b426ebb1,0.3592339965566832,3200,0.1754197035057437,0.3592339965566832,shape,0.5638599718744807,0.16894641783263084,0.16894641783263084,0.3592339965566832,7,6,0,572800,583200,13,3200,4468400,1662
EQREG_small_1fb848eb7cf6d2db,MG1655,3959200,3962400,3960800.0,small,WIN_small_1fb848eb7cf6d2db,0.3586929050628475,3200,0.3586929050628475,0.19448551585471832,density,0.36715425762087966,0.35023155250481536,0.35023155250481536,0.3586929050628474,1,0,0,3959200,3962400,1,3200,4468400,1663
EQREG_small_a1134f7669dfbcc2,MG1655,4028000,4031200,4029600.0,small,WIN_small_a1134f7669dfbcc2,0.3569322544399802,3200,0.3569322544399802,0.1043560033866636,density,0.34382456302159264,0.37003994585836775,0.34382456302159264,0.3569322544399801,1,0,0,4028000,4031200,1,3200,4468400,1664
EQREG_small_d6bd7068b9eb644b,MG1655,1191200,1194400,1192800.0,small,WIN_small_d6bd7068b9eb644b,0.35396047253860485,3200,0.35396047253860485,0.35388878706638793,density,0.4597713742393008,0.35861048407758594,0.35861048407758594,0.3539604725386048,1,0,0,1191200,1194400,1,3200,4468400,1665
EQREG_small_b56f3a82cc95ce2a,MG1655,2100400,2103600,2102000.0,small,WIN_small_b56f3a82cc95ce2a,0.3536261426173617,3200,0.3536261426173617,0.01828662558632075,density,0.4041591290069687,0.3030931562277546,0.3030931562277546,0.3536261426173617,4,0,0,2100400,2104800,4,3200,4469600,1666
EQREG_small_9156cd5b1e76273d,MG1655,2372000,2375200,2373600.0,small,WIN_small_9156cd5b1e76273d,0.350623442633247,3200,0.3321070255813481,0.350623442633247,shape,0.369075917755751,0.35023155250481536,0.35023155250481536,0.3506234426332469,4,3,0,2368800,2376800,7,3200,4471200,1667
EQREG_small_5281ddecfd42d6bd,MG1655,682000,685200,683600.0,small,WIN_small_5281ddecfd42d6bd,0.3492987649320621,3200,0.18399463582386713,0.3492987649320621,shape,0.3148315594989987,0.38376597036512544,0.3148315594989987,0.3492987649320621,4,0,0,680800,685200,4,3200,4472400,1668
EQREG_small_0bdefcbe1c91578b,MG1655,1852400,1855600,1854000.0,small,WIN_small_0bdefcbe1c91578b,0.347108126627905,3200,0.347108126627905,0.33214214628227207,density,0.3827710226632896,0.3114452305925205,0.3114452305925205,0.347108126627905,1,0,0,1852400,1855600,1,3200,4472400,1669
EQREG_small_7d0c0d3278617957,MG1655,4473600,4476800,4475200.0,small,WIN_small_7d0c0d3278617957,0.3468121155390898,3200,0.3268468465107318,0.3468121155390898,shape,0.4201080870135292,0.28845263004486454,0.28845263004486454,0.3468121155390898,1,0,0,4473600,4476800,1,3200,4472400,1670
EQREG_small_0dd66d2afdf96687,MG1655,0,3200,1600.0,small,WIN_small_0dd66d2afdf96687,0.3456493404906095,3200,0.3456493404906095,0.17030692535619557,density,0.3474741179596264,0.34382456302159264,0.34382456302159264,0.3456493404906094,1,0,0,0,3200,1,3200,4474000,1671
EQREG_small_f228ffe28e5fe369,MG1655,3712400,3715600,3714000.0,small,WIN_small_f228ffe28e5fe369,0.34528736609427746,3200,0.2998247241894601,0.34528736609427746,shape,0.39486352958339993,0.3047507707664372,0.3047507707664372,0.3452873660942774,2,0,0,3712400,3716000,2,3200,4474400,1672
EQREG_small_0c30eb05e5f22358,MG1655,4296400,4299600,4298000.0,small,WIN_small_0c30eb05e5f22358,0.3452433574539636,3200,0.26083314449584416,0.3452433574539636,shape,0.27584065174728817,0.5347017431332672,0.27584065174728817,0.3452433574539636,6,1,0,4295600,4302400,7,3200,4476400,1673
EQREG_small_009e0bb26617b50b,MG1655,298400,301600,300000.0,small,WIN_small_009e0bb26617b50b,0.344966116848216,3200,0.04690853404503559,0.344966116848216,shape,0.4062521185128125,0.2836801151836195,0.2836801151836195,0.344966116848216,4,0,0,297200,301600,4,3200,4478000,1674
EQREG_small_6180f325a35d51cd,MG1655,2690400,2693600,2692000.0,small,WIN_small_6180f325a35d51cd,0.3449212180632507,3200,0.3449212180632507,0.0879492732566057,density,0.35767146861575844,0.33217096751074304,0.33217096751074304,0.3449212180632507,4,0,0,2690400,2694800,4,3200,4479600,1675
EQREG_small_d37547c96693edd5,MG1655,1930000,1933200,1931600.0,small,WIN_small_d37547c96693edd5,0.34446797400525775,3200,0.3090206439494506,0.34446797400525775,shape,0.4969131822438674,0.29979678759852574,0.29979678759852574,0.3444679740052577,3,0,0,1929600,1933600,3,3200,4480400,1676
EQREG_small_dbaeac86f3186c6b,MG1655,3869200,3872400,3870800.0,small,WIN_small_dbaeac86f3186c6b,0.3444012600531672,3200,0.31168197210632864,0.3444012600531672,shape,0.4244619528705964,0.2973408273386633,0.2973408273386633,0.3444012600531672,1,0,0,3869200,3872400,1,3200,4480400,1677
EQREG_small_eb7e7910fa03b45f,MG1655,1967600,1970800,1969200.0,small,WIN_small_eb7e7910fa03b45f,0.34319063361055,3200,0.34319063361055,0.2689519168668608,density,0.35861048407758594,0.4073024079773105,0.35861048407758594,0.3431906336105499,2,0,0,1967200,1970800,2,3200,4480800,1678
EQREG_small_0ab80368105ce234,MG1655,4575600,4578800,4577200.0,small,WIN_small_0ab80368105ce234,0.3429860457735303,3200,0.3429860457735303,0.0663640711927033,density,0.3642876169692765,0.3216844745777841,0.3216844745777841,0.3429860457735303,1,0,0,4575600,4578800,1,3200,4480800,1679
EQREG_small_a31131259ea702cd,MG1655,3204800,3208000,3206400.0,small,WIN_small_a31131259ea702cd,0.3411083218264931,3200,0.3411083218264931,0.08775659147138942,density,0.34201122225812425,0.34020542139486193,0.34020542139486193,0.3411083218264931,4,1,0,3204800,3211200,5,3200,4482400,1680
EQREG_small_cb2a57798a60c3e8,MG1655,3651200,3654400,3652800.0,small,WIN_small_cb2a57798a60c3e8,0.3407660142183415,3200,0.3407660142183415,0.0180719471299311,density,0.417947413492602,0.26358461494408103,0.26358461494408103,0.3407660142183415,5,0,0,3650400,3655200,5,3200,4484000,1681
EQREG_medium_2c1c99da60937794,MG1655,1455200,1461600,1458400.0,medium,WIN_medium_2c1c99da60937794,0.3389071971264872,6400,0.01691303314549443,0.3389071971264872,shape,0.3476820168846861,0.3301323773682883,0.3301323773682883,0.3389071971264872,5,1,0,1455200,1461600,6,6400,4485600,1682
EQREG_small_2cc211e2b1842632,MG1655,1229200,1232400,1230800.0,small,WIN_small_2cc211e2b1842632,0.33481440176336236,3200,0.2499842123944074,0.33481440176336236,shape,0.37391760092156967,0.29571120260515504,0.29571120260515504,0.3348144017633623,1,0,0,1229200,1232400,1,3200,4485600,1683
EQREG_small_c89efd99a166ab8e,MG1655,4356800,4360000,4358400.0,small,WIN_small_c89efd99a166ab8e,0.33427167452389317,3200,0.33427167452389317,0.08758247706240531,density,0.35115460169799406,0.3173887473497922,0.3173887473497922,0.3342716745238931,2,0,0,4356400,4360000,2,3200,4486000,1684
EQREG_small_6f74d4795787912c,MG1655,1266800,1270000,1268400.0,small,WIN_small_6f74d4795787912c,0.3322610585131728,3200,0.3322610585131728,0.06520454112987123,density,0.34110738325987977,0.3234147337664658,0.3234147337664658,0.3322610585131727,4,0,0,1266800,1271200,4,3200,4487600,1685
EQREG_small_57eae6cf67a0c6c5,MG1655,3952400,3955600,3954000.0,small,WIN_small_57eae6cf67a0c6c5,0.33001546206894194,3200,0.33001546206894194,0.14676752711916938,density,0.3234147337664658,0.3366161903714181,0.3234147337664658,0.3300154620689419,2,0,0,3952400,3956000,2,3200,4488000,1686
EQREG_small_2ed103ac598b7748,MG1655,1048800,1052000,1050400.0,small,WIN_small_2ed103ac598b7748,0.32920363583805584,3200,0.32920363583805584,0.024342228695395523,density,0.35861048407758594,0.29979678759852574,0.29979678759852574,0.3292036358380558,5,3,0,1046400,1054400,8,3200,4489600,1687
EQREG_small_0653df2b34498006,MG1655,3061600,3064800,3063200.0,small,WIN_small_0653df2b34498006,0.3263859097192073,3200,0.19304741786440355,0.3263859097192073,shape,0.44576065979648616,0.20701115964192843,0.20701115964192843,0.3263859097192073,6,0,0,3060800,3066000,6,3200,4492000,1688
EQREG_small_65177f0458b6972d,MG1655,376000,379200,377600.0,small,WIN_small_65177f0458b6972d,0.3260546400272687,3200,0.11184686164028348,0.3260546400272687,shape,0.3877687128187994,0.264340567235738,0.264340567235738,0.3260546400272687,5,0,0,374800,379600,5,3200,4494000,1689
EQREG_small_9d0aee964cbe9d8d,MG1655,3907600,3910800,3909200.0,small,WIN_small_9d0aee964cbe9d8d,0.32430417110759646,3200,0.32430417110759646,0.14101494591650698,density,0.3199610815150501,0.3286472607001428,0.3199610815150501,0.3243041711075964,3,0,0,3907600,3911600,3,3200,4494800,1690
EQREG_small_b8dfebd278031d07,MG1655,3676800,3680000,3678400.0,small,WIN_small_b8dfebd278031d07,0.32361466965835084,3200,0.29620216535098437,0.32361466965835084,shape,0.43218785260721226,0.28765355993553154,0.28765355993553154,0.3236146696583508,1,0,0,3676800,3680000,1,3200,4494800,1691
EQREG_small_bdd4324560c2fbb8,MG1655,472400,475600,474000.0,small,WIN_small_bdd4324560c2fbb8,0.3219953867973707,3200,0.1343180260407506,0.3219953867973707,shape,0.29005519452714207,0.3539355790675993,0.29005519452714207,0.3219953867973707,7,1,0,470400,476800,8,3200,4497600,1692
EQREG_small_36444c21bf795229,MG1655,1062400,1065600,1064000.0,small,WIN_small_36444c21bf795229,0.3184820104675776,3200,0.3184820104675776,0.2193079092867179,density,0.34931046099962376,0.28765355993553154,0.28765355993553154,0.3184820104675776,1,0,0,1062400,1065600,1,3200,4497600,1693
EQREG_small_977b4b9c109cf9b1,MG1655,1539600,1542800,1541200.0,small,WIN_small_977b4b9c109cf9b1,0.316865996893667,3200,0.017857480701681087,0.316865996893667,shape,0.23579198511529642,0.3979400086720376,0.23579198511529642,0.316865996893667,5,1,0,1536800,1543200,6,3200,4499200,1694
EQREG_small_8980f513701dd28f,MG1655,3520000,3523200,3521600.0,small,WIN_small_8980f513701dd28f,0.31332082698694663,3200,0.24913516338099195,0.31332082698694663,shape,0.32602311687399393,0.3006185370998993,0.3006185370998993,0.3133208269869466,4,0,0,3520000,3524400,4,3200,4500400,1695
EQREG_small_815054c26313eec4,MG1655,2592400,2595600,2594000.0,small,WIN_small_815054c26313eec4,0.31151810964895976,3200,0.25591963570812637,0.31151810964895976,shape,0.3661966067766076,0.2689041239226926,0.2689041239226926,0.3115181096489597,3,0,0,2592400,2596400,3,3200,4501200,1696
EQREG_small_de22303d3070f2f5,MG1655,4450800,4454000,4452400.0,small,WIN_small_de22303d3070f2f5,0.31149763553340637,3200,0.31149763553340637,0.09079380939710878,density,0.3047507707664372,0.31824450030037554,0.3047507707664372,0.3114976355334063,3,0,0,4450000,4454000,3,3200,4502000,1697
EQREG_small_7842e7544bd6cf91,MG1655,163200,166400,164800.0,small,WIN_small_7842e7544bd6cf91,0.3106549599998885,3200,0.3106549599998885,0.21213560160155048,density,0.3039211726499848,0.3173887473497922,0.3039211726499848,0.3106549599998885,4,0,0,162000,166400,4,3200,4503200,1698
EQREG_small_e1f4f41f72b7e2c9,MG1655,1528800,1532000,1530400.0,small,WIN_small_e1f4f41f72b7e2c9,0.30912268226101686,3200,0.30912268226101686,0.031362662871396205,density,0.35767146861575844,0.2605738959062753,0.2605738959062753,0.3091226822610168,4,0,0,1528800,1533200,4,3200,4504400,1699
EQREG_small_845adf284fadff97,MG1655,1550800,1554000,1552400.0,small,WIN_small_845adf284fadff97,0.3078240638977972,3200,0.01593171665939129,0.3078240638977972,shape,0.35955153424406333,0.2560965935515311,0.2560965935515311,0.3078240638977972,7,2,0,1548000,1555200,9,3200,4507600,1700
EQREG_small_22d19f117b9c39d5,MG1655,1811200,1814400,1812800.0,small,WIN_small_22d19f117b9c39d5,0.30641553631518076,3200,0.16969997139777263,0.30641553631518076,shape,0.46694995886642415,0.1499318578183127,0.1499318578183127,0.3064155363151807,2,0,0,1810800,1814400,2,3200,4508000,1701
EQREG_small_943b4b9e14d43079,MG1655,2070400,2073600,2072000.0,small,WIN_small_943b4b9e14d43079,0.3054767890058177,3200,0.27973491239525644,0.3054767890058177,shape,0.3758694895190916,0.3165346772969527,0.3165346772969527,0.3054767890058177,4,4,1,2065600,2078400,9,3200,4509600,1702
EQREG_small_64577ea749f1e839,MG1655,509600,512800,511200.0,small,WIN_small_64577ea749f1e839,0.3054098906628965,3200,0.1283884410903512,0.3054098906628965,shape,0.37003994585836775,0.24077983546742524,0.24077983546742524,0.3054098906628965,4,1,0,506400,512800,5,3200,4511200,1703
EQREG_small_fa7ef5e34658de07,MG1655,170000,173200,171600.0,small,WIN_small_fa7ef5e34658de07,0.30444693014487734,3200,0.269598490887792,0.30444693014487734,shape,0.3681140248223294,0.2860598169289742,0.2860598169289742,0.3044469301448773,1,0,0,170000,173200,1,3200,4511200,1704
EQREG_small_654f5e90c3f887f6,MG1655,2613200,2616400,2614800.0,small,WIN_small_654f5e90c3f887f6,0.3039243360557109,3200,0.3039243360557109,0.16805667474285738,density,0.3022667154799724,0.3055819566314493,0.3022667154799724,0.3039243360557109,2,0,0,2612800,2616400,2,3200,4511600,1705
EQREG_small_cac688958fb9ce8c,MG1655,3063200,3066400,3064800.0,small,WIN_small_cac688958fb9ce8c,0.3033690739789209,3200,0.1248037068154532,0.3033690739789209,shape,0.16894641783263084,0.4377917301252109,0.16894641783263084,0.3033690739789208,2,0,0,3063200,3066800,2,3200,4512000,1706
EQREG_small_9d849f2d0f73ea63,MG1655,1202400,1205600,1204000.0,small,WIN_small_9d849f2d0f73ea63,0.30124490318033514,3200,0.10502172320882791,0.30124490318033514,shape,0.41365805040849146,0.18883175595217888,0.18883175595217888,0.3012449031803351,5,0,0,1202000,1206800,5,3200,4513600,1707
EQREG_small_dd2525356e025538,MG1655,4346800,4350000,4348400.0,small,WIN_small_dd2525356e025538,0.3008999052986167,3200,0.3008999052986167,0.24719406631922702,density,0.3165346772969527,0.35023155250481536,0.3165346772969527,0.3008999052986167,4,0,0,4345600,4350000,4,3200,4515200,1708
EQREG_small_e45ae39d638c2b0e,MG1655,301600,304800,303200.0,small,WIN_small_e45ae39d638c2b0e,0.3003943272287134,3200,0.10443898848903736,0.3003943272287134,shape,0.3131350945218952,0.28765355993553154,0.28765355993553154,0.3003943272287134,1,0,0,301600,304800,1,3200,4515200,1709
EQREG_small_ee88c622c70bbe15,MG1655,3755200,3758400,3756800.0,small,WIN_small_ee88c622c70bbe15,0.2966957705857312,3200,0.24800864514890927,0.2966957705857312,shape,0.27428959837755,0.3191019427939124,0.27428959837755,0.2966957705857311,3,2,0,3753600,3760800,5,3200,4516000,1710
EQREG_small_0e64142614362339,MG1655,205200,208400,206800.0,small,WIN_small_0e64142614362339,0.294365994063967,3200,0.2379809896927627,0.294365994063967,shape,0.3661966067766076,0.24510120925006784,0.24510120925006784,0.294365994063967,1,0,0,205200,208400,1,3200,4516000,1711
EQREG_small_12ec7b3643c7c241,MG1655,2730800,2734000,2732400.0,small,WIN_small_12ec7b3643c7c241,0.291489610545716,3200,0.291489610545716,0.04279480495341655,density,0.2773972644599826,0.3055819566314493,0.2773972644599826,0.291489610545716,4,2,0,2726400,2734000,6,3200,4517600,1712
EQREG_small_9e54df78f125fa53,MG1655,2993600,2996800,2995200.0,small,WIN_small_9e54df78f125fa53,0.29078722277225966,3200,0.29078722277225966,0.026959796313984458,density,0.34931046099962376,0.23226398454489558,0.23226398454489558,0.2907872227722596,4,0,0,2993600,2998000,4,3200,4519200,1713
EQREG_small_410245d4999ffea8,MG1655,2947200,2950400,2948800.0,small,WIN_small_410245d4999ffea8,0.2905461613201365,3200,0.23368605442414428,0.2905461613201365,shape,0.35023155250481536,0.23721124939115726,0.23721124939115726,0.2905461613201364,1,0,0,2947200,2950400,1,3200,4519200,1714
EQREG_small_68e41505e45decdb,MG1655,538400,541600,540000.0,small,WIN_small_68e41505e45decdb,0.2898757229548793,3200,0.041892865752281065,0.2898757229548793,shape,0.3131350945218952,0.2666163513878634,0.2666163513878634,0.2898757229548793,4,0,0,538000,542400,4,3200,4520400,1715
EQREG_small_b8eb8860aaa521c3,MG1655,1548800,1552000,1550400.0,small,WIN_small_b8eb8860aaa521c3,0.2897141771144566,3200,0.018931085851068893,0.2897141771144566,shape,0.38676456328034603,0.19266379094856717,0.19266379094856717,0.2897141771144566,5,0,0,1547600,1552400,5,3200,4522000,1716
EQREG_small_438382f1c7de2b88,MG1655,3208000,3211200,3209600.0,small,WIN_small_438382f1c7de2b88,0.2884533665154281,3200,0.2884533665154281,0.0751652342062936,density,0.28925317309532456,0.28765355993553154,0.28765355993553154,0.2884533665154281,4,0,0,3206800,3211200,4,3200,4523600,1717
EQREG_small_585faa0f02aa607d,MG1655,2456000,2459200,2457600.0,small,WIN_small_585faa0f02aa607d,0.28816780330194824,3200,0.28816780330194824,0.1511928443451671,density,0.29815793855224243,0.278177668051654,0.278177668051654,0.2881678033019482,1,0,0,2456000,2459200,1,3200,4523600,1718
EQREG_small_6c6085862e124f2f,MG1655,3357600,3360800,3359200.0,small,WIN_small_6c6085862e124f2f,0.28736904589932294,3200,0.28736904589932294,0.10925363939856823,density,0.2773972644599826,0.2973408273386633,0.2773972644599826,0.2873690458993229,6,0,0,3356400,3361600,6,3200,4526000,1719
EQREG_small_4837c814a4ca15f8,MG1655,3369600,3372800,3371200.0,small,WIN_small_4837c814a4ca15f8,0.28583704130844645,3200,0.28583704130844645,0.11812947791543851,density,0.2735161440646504,0.29815793855224243,0.2735161440646504,0.2858370413084464,4,0,0,3368400,3372800,4,3200,4527200,1720
EQREG_small_18e82d46056677c7,MG1655,3700800,3704000,3702400.0,small,WIN_small_18e82d46056677c7,0.2853398971488854,3200,0.2853398971488854,0.23385265675989564,density,0.26509783766632156,0.3055819566314493,0.26509783766632156,0.2853398971488854,1,0,0,3700800,3704000,1,3200,4527200,1721
EQREG_small_28fdcc05b01cdc14,MG1655,2129600,2132800,2131200.0,small,WIN_small_28fdcc05b01cdc14,0.2829213574900145,3200,0.06094123468574993,0.2829213574900145,shape,0.23367174746928598,0.33217096751074304,0.23367174746928598,0.2829213574900145,1,0,0,2129600,2132800,1,3200,4527200,1722
EQREG_small_c8954001ed68bb0f,MG1655,4068000,4071200,4069600.0,small,WIN_small_c8954001ed68bb0f,0.2821037217563164,3200,0.19086380014442167,0.2821037217563164,shape,0.3928245846086876,0.18064322002314934,0.18064322002314934,0.2821037217563164,4,0,0,4066800,4071200,4,3200,4528800,1723
EQREG_small_d3c603f0068904ef,MG1655,2699600,2702800,2701200.0,small,WIN_small_d3c603f0068904ef,0.2802839091848327,3200,0.2802839091848327,0.1864655614221857,density,0.2689041239226926,0.2916636944469728,0.2689041239226926,0.2802839091848327,1,0,0,2699600,2702800,1,3200,4528800,1724
EQREG_small_142542ac39da370b,MG1655,3155200,3158400,3156800.0,small,WIN_small_142542ac39da370b,0.2792578821929743,3200,0.13757448842518866,0.2792578821929743,shape,0.4062521185128125,0.15226364587313615,0.15226364587313615,0.2792578821929743,1,0,0,3155200,3158400,1,3200,4528800,1725
EQREG_small_eb839311daba7516,MG1655,1395600,1398800,1397200.0,small,WIN_small_eb839311daba7516,0.27784076183861445,3200,0.27784076183861445,0.017215349407871068,density,0.3047507707664372,0.2509307529107917,0.2509307529107917,0.2778407618386144,4,0,0,1394400,1398800,4,3200,4530000,1726
EQREG_medium_9da953213b7f6890,MG1655,350400,356800,353600.0,medium,WIN_medium_9da953213b7f6890,0.27644891143856193,6400,0.022732186851531486,0.27644891143856193,shape,0.14272335778807457,0.41017446508904926,0.14272335778807457,0.2764489114385619,10,5,0,348000,357600,15,6400,4534000,1727
EQREG_small_ad58441deae099d1,MG1655,4146000,4149200,4147600.0,small,WIN_small_ad58441deae099d1,0.2756579663852547,3200,0.21437968215432673,0.2756579663852547,shape,0.35023155250481536,0.21775160147531128,0.21775160147531128,0.2756579663852546,2,0,0,4145600,4149200,2,3200,4534400,1728
EQREG_small_7a76e5c9149174c7,MG1655,4190800,4194000,4192400.0,small,WIN_small_7a76e5c9149174c7,0.2731390264165349,3200,0.2731390264165349,0.13343978609602328,density,0.25461435838609703,0.2916636944469728,0.25461435838609703,0.2731390264165349,4,0,0,4190800,4195200,4,3200,4536000,1729
EQREG_small_a21580e1928f8e27,MG1655,4420400,4423600,4422000.0,small,WIN_small_a21580e1928f8e27,0.27276119230941265,3200,0.27276119230941265,0.12261442029954484,density,0.2766182606961327,0.2689041239226926,0.2689041239226926,0.2727611923094126,4,0,0,4420400,4424800,4,3200,4537200,1730
EQREG_small_837e408ffdc0dc90,MG1655,575600,578800,577200.0,small,WIN_small_837e408ffdc0dc90,0.2724489984242968,3200,0.2724489984242968,0.06445139693945573,density,0.29979678759852574,0.24510120925006784,0.24510120925006784,0.2724489984242968,4,0,0,574400,578800,4,3200,4538800,1731
EQREG_small_cd27d133b3ac35c9,MG1655,4343600,4346800,4345200.0,small,WIN_small_cd27d133b3ac35c9,0.27116524201921316,3200,0.27116524201921316,0.1894979659974239,density,0.3022667154799724,0.24006376855845393,0.24006376855845393,0.2711652420192131,4,0,0,4343600,4348000,4,3200,4540400,1732
EQREG_small_09e98ef809f2684b,MG1655,1552400,1555600,1554000.0,small,WIN_small_09e98ef809f2684b,0.27072497662889183,3200,0.058803729936910014,0.27072497662889183,shape,0.24655127564530066,0.294898677612483,0.24655127564530066,0.2707249766288918,1,0,0,1552400,1555600,1,3200,4540400,1733
EQREG_small_594f3ba49a190586,MG1655,4345200,4348400,4346800.0,small,WIN_small_594f3ba49a190586,0.27069375712758703,3200,0.18536787001041505,0.27069375712758703,shape,0.18126765504359757,0.44806461470605047,0.18126765504359757,0.270693757127587,1,0,0,4345200,4348400,1,3200,4540400,1734
EQREG_small_fa5e32ba9561a6d0,MG1655,3133600,3136800,3135200.0,small,WIN_small_fa5e32ba9561a6d0,0.2702368375070825,3200,0.2702368375070825,0.16717014113230838,density,0.2828897701394676,0.25758390487469734,0.25758390487469734,0.2702368375070825,3,0,0,3133600,3137600,3,3200,4541200,1735
EQREG_small_f8a3ae72186c1d2c,MG1655,4212800,4216000,4214400.0,small,WIN_small_f8a3ae72186c1d2c,0.2692921564231616,3200,0.2692921564231616,0.04920180155141883,density,0.28765355993553154,0.2509307529107917,0.2509307529107917,0.2692921564231616,4,4,0,4208800,4217600,8,3200,4542800,1736
EQREG_small_358a1e3996454765,MG1655,2506400,2509600,2508000.0,small,WIN_small_358a1e3996454765,0.26776291579074607,3200,0.26776291579074607,0.21178918375835476,density,0.29408766994094143,0.26966940074080487,0.26966940074080487,0.267762915790746,1,0,0,2506400,2509600,1,3200,4542800,1737
EQREG_small_cde862260dd29f49,MG1655,3467200,3470400,3468800.0,small,WIN_small_cde862260dd29f49,0.26668562769243354,3200,0.25463011394730733,0.26668562769243354,shape,0.25832947498382297,0.4244619528705964,0.25832947498382297,0.2666856276924335,3,0,0,3467200,3471200,3,3200,4543600,1738
EQREG_small_287343aaef3c8652,MG1655,816400,819600,818000.0,small,WIN_small_287343aaef3c8652,0.2643906622168437,3200,0.2643906622168437,0.1109146202041178,density,0.2836801151836195,0.24510120925006784,0.24510120925006784,0.2643906622168437,2,0,0,816000,819600,2,3200,4544000,1739
EQREG_small_dc4b8bd80c20f59b,MG1655,1746400,1749600,1748000.0,small,WIN_small_dc4b8bd80c20f59b,0.26420023101056656,3200,0.1595501578539399,0.26420023101056656,shape,0.38078793939159006,0.14761252262954305,0.14761252262954305,0.2642002310105665,2,0,0,1746000,1749600,2,3200,4544400,1740
EQREG_small_6467a8660fa60343,MG1655,1493200,1496400,1494800.0,small,WIN_small_6467a8660fa60343,0.2634788994162663,3200,0.19491785157839747,0.2634788994162663,shape,0.1965299394647194,0.4062521185128125,0.1965299394647194,0.2634788994162663,1,0,0,1493200,1496400,1,3200,4544400,1741
EQREG_small_311dde6757f05c09,MG1655,4313200,4316400,4314800.0,small,WIN_small_311dde6757f05c09,0.2621046943031985,3200,0.20840090591527613,0.2621046943031985,shape,0.20767471130944423,0.3165346772969527,0.20767471130944423,0.2621046943031985,2,0,0,4313200,4316800,2,3200,4544800,1742
EQREG_small_a4b778a76ad24e57,MG1655,3356000,3359200,3357600.0,small,WIN_small_a4b778a76ad24e57,0.25998977777192217,3200,0.25998977777192217,0.1272587960077049,density,0.27197335565036923,0.24800619989347508,0.24800619989347508,0.2599897777719221,1,0,0,3356000,3359200,1,3200,4544800,1743
EQREG_small_22a9b809c5b342d7,MG1655,574000,577200,575600.0,small,WIN_small_22a9b809c5b342d7,0.25974831006158755,3200,0.25974831006158755,0.0180719471299311,density,0.27584065174728817,0.2436559683758869,0.2436559683758869,0.2597483100615875,4,0,0,572800,577200,4,3200,4546000,1744
EQREG_small_ee51b90c1add1053,MG1655,4171200,4174400,4172800.0,small,WIN_small_ee51b90c1add1053,0.25418310019684276,3200,0.25418310019684276,0.022168132357888934,density,0.28925317309532456,0.21911302729836102,0.21911302729836102,0.2541831001968427,4,2,0,4167200,4174400,6,3200,4547600,1745
EQREG_small_857d90fba8874919,MG1655,3016400,3019600,3018000.0,small,WIN_small_857d90fba8874919,0.25277505517064514,3200,0.10335793753415606,0.25277505517064514,shape,0.18126765504359757,0.32428245529769273,0.18126765504359757,0.2527750551706451,3,0,0,3016000,3020000,3,3200,4548400,1746
EQREG_small_0bb18de06a6ba98e,MG1655,348000,351200,349600.0,small,WIN_small_0bb18de06a6ba98e,0.25231687392898616,3200,0.022398580543733535,0.25231687392898616,shape,0.36333625956386134,0.14129748829411096,0.14129748829411096,0.2523168739289861,4,0,0,347600,352000,4,3200,4549600,1747
EQREG_small_5776db24d269c83b,MG1655,139600,142800,141200.0,small,WIN_small_5776db24d269c83b,0.25174021722333056,3200,0.25174021722333056,0.09563163384159278,density,0.2598244660707742,0.2436559683758869,0.2436559683758869,0.2517402172233305,4,0,0,138400,142800,4,3200,4550800,1748
EQREG_small_d405ed9f06bc85cd,MG1655,1450400,1453600,1452000.0,small,WIN_small_d405ed9f06bc85cd,0.25147606481069085,3200,0.018287050062249982,0.25147606481069085,shape,0.18126765504359757,0.3216844745777841,0.18126765504359757,0.2514760648106908,1,0,0,1450400,1453600,1,3200,4550800,1749
EQREG_small_57ac958c3b0c368a,MG1655,1731200,1734400,1732800.0,small,WIN_small_57ac958c3b0c368a,0.24951587052254562,3200,0.24951587052254562,0.06967447141141031,density,0.24293514749356016,0.2560965935515311,0.24293514749356016,0.2495158705225456,1,0,0,1731200,1734400,1,3200,4550800,1750
EQREG_small_4d55e382c9fa2b0b,MG1655,470400,473600,472000.0,small,WIN_small_4d55e382c9fa2b0b,0.24177787745908702,3200,0.2103411588324547,0.24177787745908702,shape,0.20900486390179124,0.32777078314351404,0.20900486390179124,0.241777877459087,2,0,0,470400,474000,2,3200,4551200,1751
EQREG_small_b45d2bf35d63825b,MG1655,1420800,1424000,1422400.0,small,WIN_small_b45d2bf35d63825b,0.2382052574544497,3200,0.048520861545398475,0.2382052574544497,shape,0.1958831865798862,0.2805273283290132,0.1958831865798862,0.2382052574544497,2,0,0,1420400,1424000,2,3200,4551600,1752
EQREG_small_0f0d0fdd7d59c4c5,MG1655,3302400,3305600,3304000.0,small,WIN_small_0f0d0fdd7d59c4c5,0.23623682576985205,3200,0.23623682576985205,0.23020647383414,density,0.26966940074080487,0.24510120925006784,0.24510120925006784,0.236236825769852,4,0,0,3301200,3305600,4,3200,4552800,1753
EQREG_small_4e2062fe781a53cf,MG1655,519200,522400,520800.0,small,WIN_small_4e2062fe781a53cf,0.23597929714736954,3200,0.23597929714736954,0.21356646808170965,density,0.22322310038957718,0.2852651333002807,0.22322310038957718,0.2359792971473695,4,0,0,519200,523600,4,3200,4554000,1754
EQREG_small_4adcdfaea6e11688,MG1655,1414800,1418000,1416400.0,small,WIN_small_4adcdfaea6e11688,0.23574056039389868,3200,0.10015815463499704,0.23574056039389868,shape,0.35023155250481536,0.12124956828298203,0.12124956828298203,0.2357405603938986,4,0,0,1414400,1418800,4,3200,4555200,1755
EQREG_small_b1e251d1c1eaa1bb,MG1655,402400,405600,404000.0,small,WIN_small_b1e251d1c1eaa1bb,0.23394889778253353,3200,0.22838374651563445,0.23394889778253353,shape,0.2494660146525179,0.2524004479915673,0.2494660146525179,0.2339488977825335,1,0,0,402400,405600,1,3200,4555200,1756
EQREG_small_07550b8a1b2b9fe2,MG1655,2692800,2696000,2694400.0,small,WIN_small_07550b8a1b2b9fe2,0.23192425073354284,3200,0.12885445086113195,0.23192425073354284,shape,0.23508408849254378,0.22876441297454186,0.22876441297454186,0.2319242507335428,3,0,0,2692000,2696000,3,3200,4556000,1757
EQREG_small_0ea6f751b3ec2299,MG1655,2091200,2094400,2092800.0,small,WIN_small_0ea6f751b3ec2299,0.22735743359103633,3200,0.17292136513672257,0.22735743359103633,shape,0.15637464529621262,0.3173887473497922,0.15637464529621262,0.2273574335910363,4,0,0,2090800,2095200,4,3200,4557200,1758
EQREG_small_249b440a9a96f2ac,MG1655,2540000,2543200,2541600.0,small,WIN_small_249b440a9a96f2ac,0.22549773520008556,3200,0.17086415131235894,0.22549773520008556,shape,0.16652356925082884,0.2844719011493423,0.16652356925082884,0.2254977352000855,1,0,0,2540000,2543200,1,3200,4557200,1759
EQREG_small_54c7a3bdf02e2759,MG1655,392800,396000,394400.0,small,WIN_small_54c7a3bdf02e2759,0.22359044862482425,3200,0.04326432656980752,0.22359044862482425,shape,0.2860598169289742,0.16112108032067426,0.16112108032067426,0.2235904486248242,4,0,0,391600,396000,4,3200,4558800,1760
EQREG_small_f3cc1b19fa710a3e,MG1655,309600,312800,311200.0,small,WIN_small_f3cc1b19fa710a3e,0.22334584455395667,3200,0.05492648423923667,0.22334584455395667,shape,0.23367174746928598,0.2130199416386274,0.2130199416386274,0.2233458445539566,1,0,0,309600,312800,1,3200,4558800,1761
EQREG_small_e453e32eafd4b13a,MG1655,4499200,4502400,4500800.0,small,WIN_small_e453e32eafd4b13a,0.22030163145176657,3200,0.22030163145176657,0.05360418102799347,density,0.23226398454489558,0.20833927835863758,0.20833927835863758,0.2203016314517665,4,0,0,4498000,4502400,4,3200,4560400,1762
EQREG_small_cb2d7c57a3b327fc,MG1655,4066000,4069200,4067600.0,small,WIN_small_cb2d7c57a3b327fc,0.21885577264024605,3200,0.21885577264024605,0.11373628398545774,density,0.22737244228963624,0.21033910299085587,0.21033910299085587,0.218855772640246,2,0,0,4066000,4069600,2,3200,4560800,1763
EQREG_small_7bb03a39ff38a0d5,MG1655,1372800,1376000,1374400.0,small,WIN_small_7bb03a39ff38a0d5,0.21824407934196255,3200,0.018931937327068042,0.21824407934196255,shape,0.12672624214415612,0.309761916539769,0.12672624214415612,0.2182440793419625,1,0,0,1372800,1376000,1,3200,4560800,1764
EQREG_small_25ad9a441713bb94,MG1655,2792800,2796000,2794400.0,small,WIN_small_25ad9a441713bb94,0.21506039506585162,3200,0.037159837632136455,0.21506039506585162,shape,0.21911302729836102,0.21100776283334222,0.21100776283334222,0.2150603950658516,1,0,0,2792800,2796000,1,3200,4560800,1765
EQREG_small_c225ce9ab5bcef9b,MG1655,4192800,4196000,4194400.0,small,WIN_small_c225ce9ab5bcef9b,0.2147145276192147,3200,0.2147145276192147,0.18197460898648637,density,0.21775160147531128,0.2560965935515311,0.21775160147531128,0.2147145276192147,2,0,0,4192400,4196000,2,3200,4561200,1766
EQREG_small_88f1452262805873,MG1655,2146800,2150000,2148400.0,small,WIN_small_88f1452262805873,0.21302202301850878,3200,0.11106977033872607,0.21302202301850878,shape,0.14473066413250496,0.2813133819045126,0.14473066413250496,0.2130220230185087,7,0,0,2145600,2151200,7,3200,4563600,1767
EQREG_small_915cb23540ccf5b3,MG1655,508000,511200,509600.0,small,WIN_small_915cb23540ccf5b3,0.21172917346615255,3200,0.21172917346615255,0.1572430506505512,density,0.20502656601975597,0.2211632017519788,0.20502656601975597,0.2117291734661525,1,0,0,508000,511200,1,3200,4563600,1768
EQREG_small_473d3885f973b937,MG1655,3664400,3667600,3666000.0,small,WIN_small_473d3885f973b937,0.2109340526914406,3200,0.2109340526914406,0.0180719471299311,density,0.225984918802995,0.1958831865798862,0.1958831865798862,0.2109340526914406,2,0,0,3664400,3668000,2,3200,4564000,1769
EQREG_small_fe8d455f052ea1e5,MG1655,2370400,2373600,2372000.0,small,WIN_small_fe8d455f052ea1e5,0.20342456399920228,3200,0.20342456399920228,0.08324146054099776,density,0.19717765693288503,0.2096714710655195,0.19717765693288503,0.2034245639992022,1,0,0,2370400,2373600,1,3200,4564000,1770
EQREG_small_ef0775dbe5094649,MG1655,3428000,3431200,3429600.0,small,WIN_small_ef0775dbe5094649,0.2001192317782811,3200,0.2001192317782811,0.01742875945491265,density,0.20370852409184279,0.1965299394647194,0.1965299394647194,0.2001192317782811,4,2,1,3417600,3431200,7,3200,4565600,1771
EQREG_small_0b6997742a6a95f7,MG1655,2860400,2863600,2862000.0,small,WIN_small_0b6997742a6a95f7,0.19813513522546805,3200,0.15579496646500202,0.19813513522546805,shape,0.3199610815150501,0.15874137857531964,0.15874137857531964,0.198135135225468,4,0,0,2860400,2864800,4,3200,4567200,1772
EQREG_small_185f667d7643c408,MG1655,2862000,2865200,2863600.0,small,WIN_small_185f667d7643c408,0.19791466242011102,3200,0.07288787817100088,0.19791466242011102,shape,0.22322310038957718,0.17260622445064489,0.17260622445064489,0.197914662420111,1,0,0,2862000,2865200,1,3200,4567200,1773
EQREG_small_92eb5b9cda69783c,MG1655,1268400,1271600,1270000.0,small,WIN_small_92eb5b9cda69783c,0.1975552959835884,3200,0.1975552959835884,0.03625697754658663,density,0.19074354692747517,0.2043670450397016,0.19074354692747517,0.1975552959835884,3,0,0,1268400,1272400,3,3200,4568000,1774
EQREG_small_963542b72ffc6c55,MG1655,2960000,2963200,2961600.0,small,WIN_small_963542b72ffc6c55,0.19497626374847438,3200,0.17831445848587757,0.19497626374847438,shape,0.2836801151836195,0.1901053477209263,0.1901053477209263,0.1949762637484743,3,0,0,2960000,2964000,3,3200,4568800,1775
EQREG_small_5fde2792821304d7,MG1655,2470000,2473200,2471600.0,small,WIN_small_5fde2792821304d7,0.1895876337369804,3200,0.1895876337369804,0.11665017445334969,density,0.19977823046341042,0.1793970370105504,0.1793970370105504,0.1895876337369804,2,0,0,2470000,2473600,2,3200,4569200,1776
EQREG_small_5c362b5d81d4e75e,MG1655,296400,299600,298000.0,small,WIN_small_5c362b5d81d4e75e,0.18921146432178798,3200,0.18921146432178798,0.0534010019578623,density,0.1965299394647194,0.18189298917885655,0.18189298917885655,0.1892114643217879,2,0,0,296400,300000,2,3200,4569600,1777
EQREG_medium_b87fb92fba51c3ec,MG1655,2301600,2308000,2304800.0,medium,WIN_medium_b87fb92fba51c3ec,0.1879936013509278,6400,0.02591031280632278,0.1879936013509278,shape,0.15547680385776147,0.22051039884409412,0.15547680385776147,0.1879936013509278,3,2,0,2300800,2308000,5,6400,4570400,1778
EQREG_small_6213ec5812a39be8,MG1655,3584000,3587200,3585600.0,small,WIN_small_6213ec5812a39be8,0.18144755231765872,3200,0.18144755231765872,0.10802228461822794,density,0.1939486868026866,0.16894641783263084,0.16894641783263084,0.1814475523176587,3,0,0,3583200,3587200,3,3200,4571200,1779
EQREG_small_488f16ba66696fda,MG1655,359200,362400,360800.0,small,WIN_small_488f16ba66696fda,0.1779958271140307,3200,0.1779958271140307,0.07828102760177849,density,0.18946808497723255,0.16652356925082884,0.16652356925082884,0.1779958271140307,1,0,0,359200,362400,1,3200,4571200,1780
EQREG_small_63d19fdec9882ccf,MG1655,336000,339200,337600.0,small,WIN_small_63d19fdec9882ccf,0.17781345607063836,3200,0.06397571823674814,0.17781345607063836,shape,0.23437734385829473,0.12124956828298203,0.12124956828298203,0.1778134560706383,3,0,0,336000,340000,3,3200,4572000,1781
EQREG_small_2024b5591ae55ddd,MG1655,3206400,3209600,3208000.0,small,WIN_small_2024b5591ae55ddd,0.17389561214721322,3200,0.17389561214721322,0.08436787419256603,density,0.18126765504359757,0.16652356925082884,0.16652356925082884,0.1738956121472132,1,0,0,3206400,3209600,1,3200,4572000,1782
EQREG_small_710072b3a4edc25b,MG1655,1067200,1070400,1068800.0,small,WIN_small_710072b3a4edc25b,0.15924366910729115,3200,0.0412089547263832,0.15924366910729115,shape,0.17260622445064489,0.1458811137639374,0.1458811137639374,0.1592436691072911,1,0,0,1067200,1070400,1,3200,4572000,1783
EQREG_small_e6989571bfdac283,MG1655,3624800,3628000,3626400.0,small,WIN_small_e6989571bfdac283,0.15797597997769947,3200,0.15797597997769947,0.027400691100236484,density,0.1683394373258559,0.14761252262954305,0.14761252262954305,0.1579759799776994,1,0,0,3624800,3628000,1,3200,4572000,1784
EQREG_small_db6e0a0a57dc3f25,MG1655,3946000,3949200,3947600.0,small,WIN_small_db6e0a0a57dc3f25,0.1562824657978841,3200,0.1562824657978841,0.029162119866647865,density,0.1695542478575371,0.14301068373823111,0.14301068373823111,0.1562824657978841,4,2,0,3941600,3949200,6,3200,4573600,1785
EQREG_small_3c2a0433857e3349,MG1655,780800,784000,782400.0,small,WIN_small_3c2a0433857e3349,0.1528761647201458,3200,0.1528761647201458,0.10870997864398824,density,0.1695542478575371,0.1361980815827545,0.1361980815827545,0.1528761647201458,1,0,0,780800,784000,1,3200,4573600,1786
EQREG_small_a7a21a2eba91175b,MG1655,1648000,1651200,1649600.0,small,WIN_small_a7a21a2eba91175b,0.13480312078167328,3200,0.13480312078167328,0.0346971651067883,density,0.13789123960219948,0.13171500196114705,0.13171500196114705,0.1348031207816732,4,0,0,1648000,1652400,4,3200,4575200,1787
EQREG_small_2d4aa5c7caccdab8,MG1655,2514800,2518000,2516400.0,small,WIN_small_2d4aa5c7caccdab8,0.1323647227503631,3200,0.1323647227503631,0.018931298719755678,density,0.14129748829411096,0.1234319572066152,0.1234319572066152,0.1323647227503631,4,0,0,2513600,2518000,4,3200,4576400,1788
EQREG_small_f3f935e8d80efe49,MG1655,374400,377600,376000.0,small,WIN_small_f3f935e8d80efe49,0.13050354731174565,3200,0.026084643187364247,0.13050354731174565,shape,0.15578497177466,0.10522212284883133,0.10522212284883133,0.1305035473117456,1,0,0,374400,377600,1,3200,4576400,1789
EQREG_small_7414dd4b61e6219e,MG1655,3027600,3030800,3029200.0,small,WIN_small_7414dd4b61e6219e,0.12262677388691959,3200,0.12262677388691959,0.09807241845054843,density,0.1217941382375991,0.1261754564242912,0.1217941382375991,0.1226267738869195,2,0,0,3027200,3030800,2,3200,4576800,1790
EQREG_small_333a36f7be7d122a,MG1655,3184000,3187200,3185600.0,small,WIN_small_333a36f7be7d122a,0.11726733542877038,3200,0.11726733542877038,0.014014556896672609,density,0.12562536834327007,0.10890930251427068,0.10890930251427068,0.1172673354287703,4,0,0,3184000,3188400,4,3200,4578400,1791
EQREG_small_94d1a2dfa215c749,MG1655,3939600,3942800,3941200.0,small,WIN_small_94d1a2dfa215c749,0.11209779317746232,3200,0.11209779317746232,0.01105067829222866,density,0.11369643039253619,0.11049915596238846,0.11049915596238846,0.1120977931774623,4,2,0,3939600,3947200,6,3200,4580000,1792
EQREG_small_71e954159ca2f311,MG1655,4508400,4511600,4510000.0,small,WIN_small_71e954159ca2f311,0.11051343551708318,3200,0.11051343551708318,0.04693735061212079,density,0.13227286264402258,0.08875400839014376,0.08875400839014376,0.1105134355170831,4,0,0,4507200,4511600,4,3200,4581600,1793
EQREG_small_0b4dd0c9cc37dd94,MG1655,738400,741600,740000.0,small,WIN_small_0b4dd0c9cc37dd94,0.10339122681595547,3200,0.0721775555138279,0.10339122681595547,shape,0.12949069757576806,0.0772917560561429,0.0772917560561429,0.1033912268159554,2,0,0,738000,741600,2,3200,4582000,1794
EQREG_small_ec22715c812767b1,MG1655,312800,316000,314400.0,small,WIN_small_ec22715c812767b1,0.09173147703499462,3200,0.09173147703499462,0.02195152661329338,density,0.11637892491164105,0.06708402915834819,0.06708402915834819,0.0917314770349946,4,0,0,312800,317200,4,3200,4583600,1795
EQREG_medium_e884b9aba716d988,MG1655,380000,386400,383200.0,medium,WIN_medium_e884b9aba716d988,0.0870947631081069,6400,0.038888042939368844,0.0870947631081069,shape,0.08648048478912429,0.08770904142708952,0.08648048478912429,0.0870947631081069,6,1,0,379600,386400,7,6400,4585600,1796
EQREG_small_386eea3936c1857c,MG1655,579200,582400,580800.0,small,WIN_small_386eea3936c1857c,0.08199019065627124,3200,0.014439919731151312,0.08199019065627124,shape,0.08273597470114426,0.08124440661139821,0.08124440661139821,0.0819901906562712,5,0,0,578800,583600,5,3200,4587200,1797
EQREG_small_f9d0aef01ee097ea,MG1655,4040000,4043200,4041600.0,small,WIN_small_f9d0aef01ee097ea,0.07748038580792789,3200,0.07748038580792789,0.022168564489551915,density,0.09691001300805639,0.058050758607799395,0.058050758607799395,0.0774803858079278,4,2,0,4036000,4043200,6,3200,4588800,1798
EQREG_small_54966543e6d0506e,MG1655,4324000,4327200,4325600.0,small,WIN_small_54966543e6d0506e,0.0743902674611597,3200,0.0743902674611597,0.0631401695002274,density,0.08025286626767093,0.0733747555968367,0.0733747555968367,0.0743902674611597,3,0,0,4324000,4328000,3,3200,4589600,1799
EQREG_medium_af4acda971b29af7,MG1655,3125600,3132000,3128800.0,medium,WIN_medium_af4acda971b29af7,0.07208210662140872,6400,0.017959527898416282,0.07208210662140872,shape,0.08038929823659297,0.06377491500622448,0.06377491500622448,0.0720821066214087,5,1,0,3125600,3132000,6,6400,4591200,1800
EQREG_small_2b100ce6abb83184,MG1655,3420800,3424000,3422400.0,small,WIN_small_2b100ce6abb83184,0.06925189581052779,3200,0.06925189581052779,0.06547762200522073,density,0.0733747555968367,0.06852766865464847,0.06852766865464847,0.0692518958105277,4,4,1,3416000,3428800,9,3200,4592800,1801
EQREG_small_54198c608f60cbe7,MG1655,3186400,3189600,3188000.0,small,WIN_small_54198c608f60cbe7,0.052758272480623106,3200,0.052758272480623106,0.012528594241938397,density,0.0613569859658611,0.044159558995385116,0.044159558995385116,0.052758272480623,3,0,0,3185600,3189600,3,3200,4593600,1802
EQREG_small_b1a493072c823521,MG1655,1650000,1653200,1651600.0,small,WIN_small_b1a493072c823521,0.049704284172232854,3200,0.012528594241938397,0.049704284172232854,shape,0.05570448341484942,0.0437040849296163,0.0437040849296163,0.0497042841722328,2,0,0,1649600,1653200,2,3200,4594000,1803
EQREG_small_c7c07076102de86b,MG1655,2168000,2171200,2169600.0,small,WIN_small_c7c07076102de86b,0.04809486460376791,3200,0.04809486460376791,0.01189396960819648,density,0.05430277865236884,0.04188695055516698,0.04188695055516698,0.0480948646037679,4,0,0,2168000,2172400,4,3200,4595600,1804
EQREG_small_e8abc4980fa4eb62,MG1655,290800,294000,292400.0,small,WIN_small_e8abc4980fa4eb62,0.03481462200917668,3200,0.03481462200917668,0.025649044400794248,density,0.0450719426962976,0.02674078747953274,0.02674078747953274,0.0348146220091766,1,0,0,290800,294000,1,3200,4595600,1805
EQREG_small_17ecedcdc078a959,MG1655,314400,317600,316000.0,small,WIN_small_17ecedcdc078a959,0.024574996979943094,3200,0.024574996979943094,0.017429182257205435,density,0.028495515046083292,0.020654478913802895,0.020654478913802895,0.0245749969799431,2,0,0,314400,318000,2,3200,4596000,1806
EQREG_small_80c4079e013f4ddd,MG1655,4505600,4508800,4507200.0,small,WIN_small_80c4079e013f4ddd,0.021962103530540823,3200,0.021962103530540823,0.012316846549926163,density,0.02499312121001275,0.018931085851068893,0.018931085851068893,0.0219621035305408,4,0,0,4505600,4510000,4,3200,4597200,1807
EQREG_small_6956f6276d63d649,MG1655,2995600,2998800,2997200.0,small,WIN_small_6956f6276d63d649,0.018933001676762276,3200,0.018933001676762276,0.015293990609748655,density,0.020222989080093474,0.017643014273431075,0.017643014273431075,0.0189330016767622,4,0,0,2995200,2999600,4,3200,4598400,1808
EQREG_small_8892bc5aa032a87e,MG1655,2068000,2071200,2069600.0,small,WIN_small_8892bc5aa032a87e,0.017857480701681087,3200,0.012528594241938397,0.017857480701681087,shape,0.017643014273431075,0.0180719471299311,0.017643014273431075,0.017857480701681,6,2,0,2064800,2072000,8,3200,4600800,1809
EQREG_small_60c47f13b35e0e96,MG1655,2065600,2068800,2067200.0,small,WIN_small_60c47f13b35e0e96,0.017644918768439967,3200,0.017644918768439967,0.01721450463639423,density,0.018931085851068893,0.01721450463639423,0.01721450463639423,0.0176449187684399,5,0,0,2064800,2069600,5,3200,4602400,1810
EQREG_small_40d2bbea7a744450,MG1655,4497200,4500400,4498800.0,small,WIN_small_40d2bbea7a744450,0.01742875945491265,3200,0.016362117500862507,0.01742875945491265,shape,0.0180719471299311,0.017643014273431075,0.017643014273431075,0.0174287594549126,4,0,0,4496400,4500800,4,3200,4603600,1811
EQREG_small_f079431d673842af,MG1655,687200,690400,688800.0,small,WIN_small_f079431d673842af,0.017000461010437,3200,0.014226925853405726,0.017000461010437,shape,0.01721450463639423,0.016786417384479772,0.016786417384479772,0.017000461010437,3,0,0,687200,691200,3,3200,4604400,1812
EQREG_small_27d363bea58c88f9,MG1655,2169600,2172800,2171200.0,small,WIN_small_27d363bea58c88f9,0.01678726049219898,3200,0.01678726049219898,0.014654166316259097,density,0.01593150671096689,0.017643014273431075,0.01593150671096689,0.0167872604921989,3,0,0,2169600,2173600,3,3200,4605200,1813
EQREG_small_b1fac9a3d779dce1,MG1655,3364800,3368000,3366400.0,small,WIN_small_b1fac9a3d779dce1,0.016145549508725657,3200,0.009573577902163517,0.016145549508725657,shape,0.016786417384479772,0.01550468163297154,0.01550468163297154,0.0161455495087256,4,0,0,3364000,3368400,4,3200,4606400,1814
EQREG_small_f5e6aa948335a5f7,MG1655,13600,16800,15200.0,small,WIN_small_f5e6aa948335a5f7,0.01593171665939129,3200,0.01593171665939129,0.013376825921551302,density,0.01550468163297154,0.01635875168581104,0.01550468163297154,0.0159317166593912,1,0,0,13600,16800,1,3200,4606400,1815
EQREG_small_123f3ce5f81bf22d,MG1655,2729200,2732400,2730800.0,small,WIN_small_123f3ce5f81bf22d,0.015293990609748655,3200,0.0083121098407749,0.015293990609748655,shape,0.013801563835017539,0.016786417384479772,0.013801563835017539,0.0152939906097486,4,1,0,2725600,2732400,5,3200,4608000,1816
EQREG_small_86c0e3ae0b6cea9f,MG1655,524000,527200,525600.0,small,WIN_small_86c0e3ae0b6cea9f,0.014867788803681172,3200,0.01105067829222866,0.014867788803681172,shape,0.013376825921551302,0.01635875168581104,0.013376825921551302,0.0148677888036811,2,0,0,523600,527200,2,3200,4608400,1817
EQREG_small_8d271f82f3a8b6f8,MG1655,390800,394000,392400.0,small,WIN_small_8d271f82f3a8b6f8,0.01465312273399454,3200,0.0083121098407749,0.01465312273399454,shape,0.013801563835017539,0.01550468163297154,0.013801563835017539,0.0146531227339945,4,0,0,390000,394400,4,3200,4609600,1818
EQREG_small_41f692166d0a7324,MG1655,4164800,4168000,4166400.0,small,WIN_small_41f692166d0a7324,0.01401414069090938,3200,0.01401414069090938,0.005593635771055867,density,0.013801563835017539,0.014226717546801222,0.013801563835017539,0.0140141406909093,4,2,0,4164800,4172000,6,3200,4611200,1819
EQREG_small_69c467e762fb7dc0,MG1655,566800,570000,568400.0,small,WIN_small_69c467e762fb7dc0,0.01380343493461174,3200,0.01380343493461174,0.009152138114090888,density,0.015078275627285084,0.012528594241938397,0.012528594241938397,0.0138034349346117,4,0,0,565600,570000,4,3200,4612800,1820
EQREG_small_5efa874251603d07,MG1655,2287600,2290800,2289200.0,small,WIN_small_5efa874251603d07,0.013801563835017539,3200,0.007473905172884817,0.013801563835017539,shape,0.013801563835017539,0.013801563835017539,0.013801563835017539,0.0138015638350175,2,0,0,2287200,2290800,2,3200,4613200,1821
EQREG_small_d99569e32f4dc526,MG1655,4038400,4041600,4040000.0,small,WIN_small_d99569e32f4dc526,0.013165079038477967,3200,0.004968151207180604,0.013165079038477967,shape,0.012528594241938397,0.013801563835017539,0.012528594241938397,0.0131650790384779,4,2,0,4034400,4041600,6,3200,4614800,1822
EQREG_small_c683d14666447594,MG1655,3621600,3624800,3623200.0,small,WIN_small_c683d14666447594,0.01189396960819648,3200,0.007683607981023673,0.01189396960819648,shape,0.012528594241938397,0.011259344974454561,0.011259344974454561,0.0118939696081964,3,0,0,3620800,3624800,3,3200,4615600,1823
EQREG_small_080c3bd3569374fa,MG1655,565200,568400,566800.0,small,WIN_small_080c3bd3569374fa,0.011476850974554214,3200,0.0083121098407749,0.011476850974554214,shape,0.009152138114090888,0.013801563835017539,0.009152138114090888,0.0114768509745542,1,0,0,565200,568400,1,3200,4615600,1824
EQREG_small_58698fded751c0ae,MG1655,730800,734000,732400.0,small,WIN_small_58698fded751c0ae,0.011264482017821095,3200,0.0045521601969096305,0.011264482017821095,shape,0.013376825921551302,0.009152138114090888,0.009152138114090888,0.011264482017821,5,0,0,729600,734400,5,3200,4617600,1825
EQREG_small_33f797c8bb280f0a,MG1655,729200,732400,730800.0,small,WIN_small_33f797c8bb280f0a,0.0083121098407749,3200,0.004136169186638657,0.0083121098407749,shape,0.0083121098407749,0.0083121098407749,0.0083121098407749,0.0083121098407749,1,0,0,729200,732400,1,3200,4617600,1826
EQREG_small_9bbf175f0db0153d,MG1655,4206400,4209600,4208000.0,small,WIN_small_9bbf175f0db0153d,0.0083121098407749,3200,0.0083121098407749,0.005802531641857341,density,0.0083121098407749,0.0083121098407749,0.0083121098407749,0.0083121098407749,4,2,0,4206400,4213600,6,3200,4619200,1827
EQREG_small_318b0231948cf430,MG1655,227600,230800,229200.0,small,WIN_small_318b0231948cf430,0.007683203734583862,3200,0.007683203734583862,0.006636912076534078,density,0.007892704224497187,0.007473703244670536,0.007473703244670536,0.0076832037345838,4,2,0,223200,230800,6,3200,4620800,1828
EQREG_small_4af8d60dd9873652,MG1655,3422400,3425600,3424000.0,small,WIN_small_4af8d60dd9873652,0.004968350818836962,3200,0.0043440650770533865,0.004968350818836962,shape,0.004551960967468116,0.005384740670205807,0.004551960967468116,0.0049683508188369,4,2,0,3422400,3429600,6,3200,4622400,1829
EQREG_small_cc3009fd8eea174b,MG1655,4211200,4214400,4212800.0,small,WIN_small_cc3009fd8eea174b,0.004968151207180604,3200,0.004968151207180604,0.003928472144547342,density,0.004968151207180604,0.004968151207180604,0.004968151207180604,0.0049681512071806,4,1,0,4208000,4214400,5,3200,4624000,1830
EQREG_small_7478b474d33f266a,MG1655,3944400,3947600,3946000.0,small,WIN_small_7478b474d33f266a,0.004551960967468116,3200,0.004136169186638657,0.004551960967468116,shape,0.004551960967468116,0.004551960967468116,0.004551960967468116,0.0045519609674681,4,0,0,3943200,3947600,4,3200,4625600,1831
EQREG_small_d455e92e3638453d,MG1655,4034400,4037600,4036000.0,small,WIN_small_d455e92e3638453d,0.004136169186638657,3200,0.004136169186638657,0.003928472144547342,density,0.004136169186638657,0.004136169186638657,0.004136169186638657,0.0041361691866386,4,0,0,4034400,4038800,4,3200,4627200,1832
EQREG_small_a56dffd92b0fdcaa,MG1655,4169600,4172800,4171200.0,small,WIN_small_a56dffd92b0fdcaa,0.004136169186638657,3200,0.004136169186638657,0.0037207751024560254,density,0.004136169186638657,0.004136169186638657,0.004136169186638657,0.0041361691866386,4,1,0,4166400,4172800,5,3200,4628800,1833
EQREG_medium_4d97b39c11e2701f,MG1655,222400,228800,225600.0,medium,WIN_medium_4d97b39c11e2701f,0.0040411632100380065,6400,0.002015291235325575,0.0040411632100380065,shape,0.005055871789888177,0.0030264546301878347,0.0030264546301878347,0.004041163210038,6,1,0,222400,229200,7,6400,4630800,1834
EQREG_small_f5e14892e1965ea8,MG1655,3763200,3766400,3764800.0,small,WIN_small_f5e14892e1965ea8,0.003928472144547342,3200,0.0037207751024560254,0.003928472144547342,shape,0.004136169186638657,0.0037207751024560254,0.0037207751024560254,0.0039284721445473,3,0,0,3762400,3766400,3,3200,4631600,1835
EQREG_small_7d4829418f7c715f,MG1655,2726800,2730000,2728400.0,small,WIN_small_7d4829418f7c715f,0.0037207751024560254,3200,0.002891176986003605,0.0037207751024560254,shape,0.0037207751024560254,0.0037207751024560254,0.0037207751024560254,0.003720775102456,6,0,0,2725600,2730800,6,3200,4633600,1836
EQREG_small_87ffe15cca00fd74,MG1655,3426400,3429600,3428000.0,small,WIN_small_87ffe15cca00fd74,0.003305777954869122,3200,0.003305777954869122,0.002891374697511379,density,0.003305777954869122,0.003305777954869122,0.003305777954869122,0.0033057779548691,4,0,0,3425200,3429600,4,3200,4635200,1837
EQREG_small_1d93b574c87f8b33,MG1655,3941200,3944400,3942800.0,small,WIN_small_1d93b574c87f8b33,0.003098477470436363,3200,0.002891176986003605,0.003098477470436363,shape,0.002891176986003605,0.003305777954869122,0.002891176986003605,0.0030984774704363,4,0,0,3941200,3945600,4,3200,4636800,1838
EQREG_small_ee3114f8d6c478dc,MG1655,4036000,4039200,4037600.0,small,WIN_small_ee3114f8d6c478dc,0.002891176986003605,3200,0.002891176986003605,0.0024769714401536354,density,0.002891176986003605,0.002891176986003605,0.002891176986003605,0.0028911769860036,3,0,0,4036000,4040000,3,3200,4637600,1839
EQREG_small_bb48e354d6994bda,MG1655,4166400,4169600,4168000.0,small,WIN_small_bb48e354d6994bda,0.002891176986003605,3200,0.002891176986003605,0.0024769714401536354,density,0.002891176986003605,0.002891176986003605,0.002891176986003605,0.0028911769860036,4,0,0,4166400,4170800,4,3200,4639200,1840
EQREG_small_c16d7e6b61e4f2f5,MG1655,4168000,4171200,4169600.0,small,WIN_small_c16d7e6b61e4f2f5,0.002891176986003605,3200,0.002891176986003605,0.0024769714401536354,density,0.002891176986003605,0.002891176986003605,0.002891176986003605,0.0028911769860036,1,0,0,4168000,4171200,1,3200,4639200,1841
EQREG_small_b0fb24292d8e3aff,MG1655,3942800,3946000,3944400.0,small,WIN_small_b0fb24292d8e3aff,0.0024769714401536354,3200,-0.0,0.0024769714401536354,shape,0.0024769714401536354,0.0024769714401536354,0.0024769714401536354,0.0024769714401535,1,0,0,3942800,3946000,1,3200,4639200,1842
EQREG_small_9cbf46e1c1213c4e,MG1655,4208800,4212000,4210400.0,small,WIN_small_9cbf46e1c1213c4e,0.0008248718027346335,3200,-0.0,0.0008248718027346335,shape,-0.0,0.001649743605469267,-0.0,0.0008248718027346,5,0,0,4208000,4212800,5,3200,4640800,1843
EQREG_small_a3d20314b85797d7,MG1655,3424000,3427200,3425600.0,small,WIN_small_a3d20314b85797d7,-0.0,3200,-0.0,-0.0,density,-0.0,-0.0,-0.0,0.0,3,0,0,3424000,3428000,3,3200,4641600,1844
