baseline,budget,iteration,target_coverage_bp,actual_coverage_bp,actual_coverage,matched,region_count,sample_interval_count,overall_recall,CHIN_recall,OPCID_recall,CHID_recall,overall_overlap_recall,CHIN_overlap_recall,OPCID_overlap_recall,CHID_overlap_recall
coverage,0.05,0,240400,240400,0.0517919051234345,True,80,43,0.0377906976744186,0.032,0.04411764705882353,0.07692307692307693,0.05813953488372093,0.048,0.058823529411764705,0.15384615384615385
region,0.05,0,240400,286614,0.06174827410585714,True,80,80,0.0377906976744186,0.036,0.029411764705882353,0.07692307692307693,0.07267441860465117,0.064,0.07352941176470588,0.15384615384615385
coverage,0.05,1,240400,240400,0.0517919051234345,True,80,41,0.05232558139534884,0.048,0.07352941176470588,0.038461538461538464,0.0872093023255814,0.088,0.08823529411764706,0.07692307692307693
region,0.05,1,240400,281373,0.06061915025081587,True,80,80,0.05232558139534884,0.048,0.058823529411764705,0.07692307692307693,0.10174418604651163,0.08,0.14705882352941177,0.19230769230769232
coverage,0.05,2,240400,240400,0.0517919051234345,True,80,44,0.05813953488372093,0.06,0.058823529411764705,0.038461538461538464,0.09593023255813954,0.088,0.10294117647058823,0.15384615384615385
region,0.05,2,240400,291201,0.0627364998496225,True,80,80,0.06395348837209303,0.068,0.07352941176470588,0.0,0.11918604651162791,0.1,0.16176470588235295,0.19230769230769232
coverage,0.05,3,240400,240400,0.0517919051234345,True,80,44,0.03488372093023256,0.024,0.08823529411764706,0.0,0.07267441860465117,0.044,0.16176470588235295,0.11538461538461539
region,0.05,3,240400,279717,0.060262380721346626,True,80,80,0.055232558139534885,0.044,0.08823529411764706,0.07692307692307693,0.13662790697674418,0.104,0.22058823529411764,0.23076923076923078
coverage,0.05,4,240400,240400,0.0517919051234345,True,80,43,0.05232558139534884,0.044,0.08823529411764706,0.038461538461538464,0.06976744186046512,0.06,0.10294117647058823,0.07692307692307693
region,0.05,4,240400,282569,0.06087681713321033,True,80,80,0.040697674418604654,0.04,0.058823529411764705,0.0,0.09593023255813954,0.084,0.14705882352941177,0.07692307692307693
coverage,0.05,5,240400,240400,0.0517919051234345,True,80,52,0.0377906976744186,0.032,0.029411764705882353,0.11538461538461539,0.07848837209302326,0.064,0.10294117647058823,0.15384615384615385
region,0.05,5,240400,289469,0.0623633568393322,True,80,80,0.06686046511627906,0.06,0.08823529411764706,0.07692307692307693,0.09883720930232558,0.084,0.16176470588235295,0.07692307692307693
coverage,0.05,6,240400,240400,0.0517919051234345,True,80,46,0.040697674418604654,0.048,0.014705882352941176,0.038461538461538464,0.08430232558139535,0.08,0.058823529411764705,0.19230769230769232
region,0.05,6,240400,287089,0.06185060836098872,True,80,80,0.06686046511627906,0.076,0.058823529411764705,0.0,0.1308139534883721,0.128,0.14705882352941177,0.11538461538461539
coverage,0.05,7,240400,240400,0.0517919051234345,True,80,50,0.06395348837209303,0.052,0.10294117647058823,0.07692307692307693,0.09011627906976744,0.068,0.16176470588235295,0.11538461538461539
region,0.05,7,240400,286882,0.06180601216980506,True,80,80,0.08139534883720931,0.1,0.029411764705882353,0.038461538461538464,0.17151162790697674,0.148,0.16176470588235295,0.4230769230769231
coverage,0.05,8,240400,240400,0.0517919051234345,True,80,48,0.040697674418604654,0.036,0.058823529411764705,0.038461538461538464,0.0872093023255814,0.084,0.10294117647058823,0.07692307692307693
region,0.05,8,240400,275301,0.05931099530942863,True,80,80,0.055232558139534885,0.052,0.08823529411764706,0.0,0.10755813953488372,0.084,0.19117647058823528,0.11538461538461539
coverage,0.05,9,240400,240400,0.0517919051234345,True,80,48,0.0436046511627907,0.048,0.04411764705882353,0.0,0.08430232558139535,0.072,0.1323529411764706,0.07692307692307693
region,0.05,9,240400,281225,0.060587265051322246,True,80,80,0.0755813953488372,0.084,0.04411764705882353,0.07692307692307693,0.13953488372093023,0.132,0.11764705882352941,0.2692307692307692
coverage,0.05,10,240400,240400,0.0517919051234345,True,80,54,0.05232558139534884,0.052,0.04411764705882353,0.07692307692307693,0.06976744186046512,0.056,0.11764705882352941,0.07692307692307693
region,0.05,10,240400,285693,0.061549853371170436,True,80,80,0.061046511627906974,0.068,0.04411764705882353,0.038461538461538464,0.13372093023255813,0.124,0.11764705882352941,0.2692307692307692
coverage,0.05,11,240400,240400,0.0517919051234345,True,80,51,0.06686046511627906,0.064,0.10294117647058823,0.0,0.09302325581395349,0.08,0.14705882352941177,0.07692307692307693
region,0.05,11,240400,285855,0.061584754738183735,True,80,80,0.08139534883720931,0.08,0.07352941176470588,0.11538461538461539,0.1308139534883721,0.108,0.16176470588235295,0.2692307692307692
coverage,0.05,12,240400,240400,0.0517919051234345,True,80,43,0.046511627906976744,0.056,0.014705882352941176,0.038461538461538464,0.07267441860465117,0.076,0.058823529411764705,0.07692307692307693
region,0.05,12,240400,289296,0.0623260856264106,True,80,80,0.046511627906976744,0.052,0.029411764705882353,0.038461538461538464,0.10174418604651163,0.092,0.11764705882352941,0.15384615384615385
coverage,0.05,13,240400,240400,0.0517919051234345,True,80,47,0.08139534883720931,0.088,0.07352941176470588,0.038461538461538464,0.11627906976744186,0.112,0.16176470588235295,0.038461538461538464
region,0.05,13,240400,286143,0.06164680161287404,True,80,80,0.06395348837209303,0.08,0.014705882352941176,0.038461538461538464,0.10465116279069768,0.096,0.11764705882352941,0.15384615384615385
coverage,0.05,14,240400,240400,0.0517919051234345,True,80,46,0.04941860465116279,0.04,0.07352941176470588,0.07692307692307693,0.09883720930232558,0.08,0.14705882352941177,0.15384615384615385
region,0.05,14,240400,290024,0.06248292633743331,True,80,80,0.06395348837209303,0.072,0.04411764705882353,0.038461538461538464,0.12209302325581395,0.128,0.08823529411764706,0.15384615384615385
coverage,0.05,15,240400,240400,0.0517919051234345,True,80,46,0.046511627906976744,0.056,0.014705882352941176,0.038461538461538464,0.07848837209302326,0.076,0.07352941176470588,0.11538461538461539
region,0.05,15,240400,283598,0.0610985054459059,True,80,80,0.04941860465116279,0.044,0.07352941176470588,0.038461538461538464,0.08430232558139535,0.072,0.1323529411764706,0.07692307692307693
coverage,0.05,16,240400,240400,0.0517919051234345,True,80,41,0.06976744186046512,0.08,0.014705882352941176,0.11538461538461539,0.09302325581395349,0.096,0.058823529411764705,0.15384615384615385
region,0.05,16,240400,275624,0.0593805826029181,True,80,80,0.05813953488372093,0.06,0.058823529411764705,0.038461538461538464,0.15406976744186046,0.132,0.17647058823529413,0.3076923076923077
coverage,0.05,17,240400,240400,0.0517919051234345,True,80,44,0.07267441860465117,0.08,0.029411764705882353,0.11538461538461539,0.09593023255813954,0.096,0.08823529411764706,0.11538461538461539
region,0.05,17,240400,286219,0.06166317509369509,True,80,80,0.06395348837209303,0.076,0.029411764705882353,0.038461538461538464,0.13662790697674418,0.124,0.19117647058823528,0.11538461538461539
coverage,0.05,18,240400,240400,0.0517919051234345,True,80,45,0.03197674418604651,0.032,0.04411764705882353,0.0,0.06686046511627906,0.044,0.11764705882352941,0.15384615384615385
region,0.05,18,240400,294400,0.06342569412786654,True,80,80,0.08430232558139535,0.1,0.029411764705882353,0.07692307692307693,0.15988372093023256,0.156,0.11764705882352941,0.3076923076923077
coverage,0.05,19,240400,240400,0.0517919051234345,True,80,47,0.061046511627906974,0.048,0.11764705882352941,0.038461538461538464,0.10174418604651163,0.08,0.16176470588235295,0.15384615384615385
region,0.05,19,240400,290550,0.06259624805995796,True,80,80,0.06395348837209303,0.068,0.058823529411764705,0.038461538461538464,0.11918604651162791,0.1,0.1323529411764706,0.2692307692307692
coverage,0.05,20,240400,240400,0.0517919051234345,True,80,38,0.0436046511627907,0.048,0.029411764705882353,0.038461538461538464,0.055232558139534885,0.052,0.058823529411764705,0.07692307692307693
region,0.05,20,240400,286129,0.06164378544535437,True,80,80,0.06395348837209303,0.056,0.08823529411764706,0.07692307692307693,0.10174418604651163,0.088,0.1323529411764706,0.15384615384615385
coverage,0.05,21,240400,240400,0.0517919051234345,True,80,48,0.046511627906976744,0.044,0.058823529411764705,0.038461538461538464,0.11627906976744186,0.1,0.1323529411764706,0.23076923076923078
region,0.05,21,240400,276321,0.05953074465729012,True,80,80,0.06686046511627906,0.06,0.10294117647058823,0.038461538461538464,0.14534883720930233,0.128,0.17647058823529413,0.23076923076923078
coverage,0.05,22,240400,240400,0.0517919051234345,True,80,43,0.07848837209302326,0.088,0.04411764705882353,0.07692307692307693,0.12209302325581395,0.112,0.14705882352941177,0.15384615384615385
region,0.05,22,240400,280644,0.06046209409925604,True,80,80,0.06395348837209303,0.068,0.058823529411764705,0.038461538461538464,0.125,0.112,0.14705882352941177,0.19230769230769232
coverage,0.05,23,240400,240400,0.0517919051234345,True,80,45,0.06395348837209303,0.064,0.058823529411764705,0.07692307692307693,0.09593023255813954,0.08,0.1323529411764706,0.15384615384615385
region,0.05,23,240400,289670,0.062406660387293145,True,80,80,0.061046511627906974,0.056,0.08823529411764706,0.038461538461538464,0.09883720930232558,0.084,0.14705882352941177,0.11538461538461539
coverage,0.05,24,240400,240400,0.0517919051234345,True,80,46,0.05232558139534884,0.048,0.08823529411764706,0.0,0.10465116279069768,0.088,0.16176470588235295,0.11538461538461539
region,0.05,24,240400,281731,0.06069627796310451,True,80,80,0.07848837209302326,0.092,0.014705882352941176,0.11538461538461539,0.1308139534883721,0.14,0.058823529411764705,0.23076923076923078
coverage,0.05,25,240400,240400,0.0517919051234345,True,80,43,0.03488372093023256,0.04,0.014705882352941176,0.038461538461538464,0.055232558139534885,0.044,0.10294117647058823,0.038461538461538464
region,0.05,25,240400,290728,0.06263459647556517,True,80,80,0.08430232558139535,0.084,0.058823529411764705,0.15384615384615385,0.1686046511627907,0.16,0.1323529411764706,0.34615384615384615
coverage,0.05,26,240400,240400,0.0517919051234345,True,80,42,0.05232558139534884,0.052,0.029411764705882353,0.11538461538461539,0.07848837209302326,0.068,0.08823529411764706,0.15384615384615385
region,0.05,26,240400,290766,0.06264278321597569,True,80,80,0.06686046511627906,0.072,0.04411764705882353,0.07692307692307693,0.12790697674418605,0.1,0.22058823529411764,0.15384615384615385
coverage,0.05,27,240400,240400,0.0517919051234345,True,80,48,0.08139534883720931,0.084,0.058823529411764705,0.11538461538461539,0.11337209302325581,0.116,0.08823529411764706,0.15384615384615385
region,0.05,27,240400,288810,0.06222138152537071,True,80,80,0.03488372093023256,0.044,0.014705882352941176,0.0,0.0872093023255814,0.084,0.11764705882352941,0.038461538461538464
coverage,0.05,28,240400,240400,0.0517919051234345,True,80,52,0.055232558139534885,0.056,0.058823529411764705,0.038461538461538464,0.0872093023255814,0.068,0.14705882352941177,0.11538461538461539
region,0.05,28,240400,288393,0.062131542821392036,True,80,80,0.061046511627906974,0.048,0.10294117647058823,0.07692307692307693,0.11337209302325581,0.084,0.17647058823529413,0.23076923076923078
coverage,0.05,29,240400,240400,0.0517919051234345,True,80,44,0.08139534883720931,0.088,0.04411764705882353,0.11538461538461539,0.11627906976744186,0.116,0.08823529411764706,0.19230769230769232
region,0.05,29,240400,285557,0.06152055345812224,True,80,80,0.040697674418604654,0.04,0.029411764705882353,0.07692307692307693,0.08430232558139535,0.064,0.11764705882352941,0.19230769230769232
coverage,0.05,30,240400,240400,0.0517919051234345,True,80,42,0.061046511627906974,0.06,0.058823529411764705,0.07692307692307693,0.09883720930232558,0.088,0.14705882352941177,0.07692307692307693
region,0.05,30,240400,284900,0.06137900902523498,True,80,80,0.05813953488372093,0.052,0.058823529411764705,0.11538461538461539,0.11337209302325581,0.088,0.11764705882352941,0.34615384615384615
coverage,0.05,31,240400,240400,0.0517919051234345,True,80,52,0.046511627906976744,0.048,0.04411764705882353,0.038461538461538464,0.10465116279069768,0.092,0.1323529411764706,0.15384615384615385
region,0.05,31,240400,289258,0.06231789888600007,True,80,80,0.046511627906976744,0.044,0.04411764705882353,0.07692307692307693,0.09883720930232558,0.088,0.11764705882352941,0.15384615384615385
coverage,0.05,32,240400,240400,0.0517919051234345,True,80,46,0.029069767441860465,0.032,0.014705882352941176,0.038461538461538464,0.06686046511627906,0.06,0.058823529411764705,0.15384615384615385
region,0.05,32,240400,286630,0.061751721154451045,True,80,80,0.05813953488372093,0.056,0.07352941176470588,0.038461538461538464,0.10465116279069768,0.076,0.16176470588235295,0.23076923076923078
coverage,0.05,33,240400,240400,0.0517919051234345,True,80,46,0.07848837209302326,0.088,0.029411764705882353,0.11538461538461539,0.12790697674418605,0.116,0.11764705882352941,0.2692307692307692
region,0.05,33,240400,290880,0.06266734343720727,True,80,80,0.08139534883720931,0.084,0.07352941176470588,0.07692307692307693,0.15406976744186046,0.148,0.1323529411764706,0.2692307692307692
coverage,0.05,34,240400,240400,0.0517919051234345,True,80,54,0.05232558139534884,0.048,0.07352941176470588,0.038461538461538464,0.10174418604651163,0.084,0.14705882352941177,0.15384615384615385
region,0.05,34,240400,282933,0.06095523748872169,True,80,80,0.01744186046511628,0.016,0.029411764705882353,0.0,0.05813953488372093,0.036,0.14705882352941177,0.038461538461538464
coverage,0.05,35,240400,240400,0.0517919051234345,True,80,52,0.046511627906976744,0.056,0.014705882352941176,0.038461538461538464,0.08139534883720931,0.076,0.07352941176470588,0.15384615384615385
region,0.05,35,240400,283774,0.06113642298043886,True,80,80,0.055232558139534885,0.048,0.04411764705882353,0.15384615384615385,0.10755813953488372,0.092,0.11764705882352941,0.23076923076923078
coverage,0.05,36,240400,240400,0.0517919051234345,True,80,41,0.08139534883720931,0.084,0.058823529411764705,0.11538461538461539,0.10465116279069768,0.108,0.07352941176470588,0.15384615384615385
region,0.05,36,240400,283485,0.06107416066521144,True,80,80,0.040697674418604654,0.044,0.029411764705882353,0.038461538461538464,0.10755813953488372,0.08,0.16176470588235295,0.23076923076923078
coverage,0.05,37,240400,240400,0.0517919051234345,True,80,44,0.05232558139534884,0.056,0.04411764705882353,0.038461538461538464,0.06976744186046512,0.068,0.04411764705882353,0.15384615384615385
region,0.05,37,240400,288263,0.06210353555156656,True,80,80,0.061046511627906974,0.064,0.058823529411764705,0.038461538461538464,0.09593023255813954,0.076,0.19117647058823528,0.038461538461538464
coverage,0.05,38,240400,240400,0.0517919051234345,True,80,43,0.055232558139534885,0.06,0.014705882352941176,0.11538461538461539,0.0872093023255814,0.08,0.058823529411764705,0.23076923076923078
region,0.05,38,240400,280354,0.060399616343491495,True,80,80,0.08139534883720931,0.068,0.14705882352941177,0.038461538461538464,0.1511627906976744,0.128,0.22058823529411764,0.19230769230769232
coverage,0.05,39,240400,240400,0.0517919051234345,True,80,46,0.029069767441860465,0.032,0.029411764705882353,0.0,0.046511627906976744,0.048,0.04411764705882353,0.038461538461538464
region,0.05,39,240400,285541,0.06151710640952833,True,80,80,0.0377906976744186,0.032,0.058823529411764705,0.038461538461538464,0.09011627906976744,0.068,0.17647058823529413,0.07692307692307693
coverage,0.05,40,240400,240400,0.0517919051234345,True,80,48,0.04941860465116279,0.052,0.058823529411764705,0.0,0.10174418604651163,0.104,0.08823529411764706,0.11538461538461539
region,0.05,40,240400,285617,0.06153347989034939,True,80,80,0.06686046511627906,0.06,0.07352941176470588,0.11538461538461539,0.13372093023255813,0.096,0.23529411764705882,0.23076923076923078
coverage,0.05,41,240400,240400,0.0517919051234345,True,80,53,0.03488372093023256,0.032,0.029411764705882353,0.07692307692307693,0.0872093023255814,0.08,0.07352941176470588,0.19230769230769232
region,0.05,41,240400,292866,0.06309520834392583,True,80,80,0.06686046511627906,0.08,0.029411764705882353,0.038461538461538464,0.13372093023255813,0.136,0.11764705882352941,0.15384615384615385
coverage,0.05,42,240400,240400,0.0517919051234345,True,80,46,0.040697674418604654,0.04,0.058823529411764705,0.0,0.06395348837209303,0.048,0.11764705882352941,0.07692307692307693
region,0.05,42,240400,288855,0.062231076349541066,True,80,80,0.040697674418604654,0.036,0.058823529411764705,0.038461538461538464,0.09593023255813954,0.08,0.16176470588235295,0.07692307692307693
coverage,0.05,43,240400,240400,0.0517919051234345,True,80,45,0.06976744186046512,0.072,0.04411764705882353,0.11538461538461539,0.11627906976744186,0.108,0.10294117647058823,0.23076923076923078
region,0.05,43,240400,288641,0.062184972074597576,True,80,80,0.05813953488372093,0.072,0.029411764705882353,0.0,0.13953488372093023,0.108,0.23529411764705882,0.19230769230769232
coverage,0.05,44,240400,240400,0.0517919051234345,True,80,43,0.04941860465116279,0.048,0.029411764705882353,0.11538461538461539,0.06686046511627906,0.064,0.04411764705882353,0.15384615384615385
region,0.05,44,240400,285358,0.061477680791235535,True,80,80,0.05232558139534884,0.044,0.08823529411764706,0.038461538461538464,0.11337209302325581,0.084,0.20588235294117646,0.15384615384615385
coverage,0.05,45,240400,240400,0.0517919051234345,True,80,48,0.0436046511627907,0.048,0.014705882352941176,0.07692307692307693,0.055232558139534885,0.056,0.04411764705882353,0.07692307692307693
region,0.05,45,240400,291962,0.06290045009837016,True,80,80,0.04941860465116279,0.052,0.04411764705882353,0.038461538461538464,0.10465116279069768,0.084,0.14705882352941177,0.19230769230769232
coverage,0.05,46,240400,240400,0.0517919051234345,True,80,40,0.03197674418604651,0.024,0.058823529411764705,0.038461538461538464,0.05232558139534884,0.044,0.07352941176470588,0.07692307692307693
region,0.05,46,240400,288537,0.062162566258737194,True,80,80,0.06395348837209303,0.068,0.058823529411764705,0.038461538461538464,0.12790697674418605,0.108,0.16176470588235295,0.23076923076923078
coverage,0.05,47,240400,240400,0.0517919051234345,True,80,43,0.05232558139534884,0.052,0.04411764705882353,0.07692307692307693,0.07848837209302326,0.076,0.058823529411764705,0.15384615384615385
region,0.05,47,240400,291480,0.06279660775947873,True,80,80,0.0436046511627907,0.032,0.058823529411764705,0.11538461538461539,0.10465116279069768,0.08,0.14705882352941177,0.23076923076923078
coverage,0.05,48,240400,240400,0.0517919051234345,True,80,50,0.03197674418604651,0.028,0.058823529411764705,0.0,0.06395348837209303,0.052,0.08823529411764706,0.11538461538461539
region,0.05,48,240400,286177,0.06165412659113609,True,80,80,0.06686046511627906,0.072,0.058823529411764705,0.038461538461538464,0.1308139534883721,0.136,0.08823529411764706,0.19230769230769232
coverage,0.05,49,240400,240400,0.0517919051234345,True,80,51,0.061046511627906974,0.056,0.07352941176470588,0.07692307692307693,0.09302325581395349,0.084,0.07352941176470588,0.23076923076923078
region,0.05,49,240400,294211,0.06338497586635103,True,80,80,0.09302325581395349,0.092,0.058823529411764705,0.19230769230769232,0.1744186046511628,0.156,0.17647058823529413,0.34615384615384615
coverage,0.05,50,240400,240400,0.0517919051234345,True,80,45,0.061046511627906974,0.064,0.029411764705882353,0.11538461538461539,0.10465116279069768,0.1,0.08823529411764706,0.19230769230769232
region,0.05,50,240400,286088,0.061634952383332484,True,80,80,0.07848837209302326,0.076,0.10294117647058823,0.038461538461538464,0.18313953488372092,0.152,0.25,0.3076923076923077
coverage,0.05,51,240400,240400,0.0517919051234345,True,80,46,0.07267441860465117,0.072,0.058823529411764705,0.11538461538461539,0.125,0.132,0.08823529411764706,0.15384615384615385
region,0.05,51,240400,294400,0.06342569412786654,True,80,80,0.06395348837209303,0.068,0.07352941176470588,0.0,0.125,0.112,0.16176470588235295,0.15384615384615385
coverage,0.05,52,240400,240400,0.0517919051234345,True,80,43,0.046511627906976744,0.052,0.014705882352941176,0.07692307692307693,0.05813953488372093,0.052,0.07352941176470588,0.07692307692307693
region,0.05,52,240400,289405,0.06234956864495658,True,80,80,0.055232558139534885,0.064,0.04411764705882353,0.0,0.10755813953488372,0.088,0.14705882352941177,0.19230769230769232
coverage,0.05,53,240400,240400,0.0517919051234345,True,80,50,0.03197674418604651,0.024,0.058823529411764705,0.038461538461538464,0.06686046511627906,0.044,0.11764705882352941,0.15384615384615385
region,0.05,53,240400,284716,0.061339367966405066,True,80,80,0.06686046511627906,0.06,0.08823529411764706,0.07692307692307693,0.12790697674418605,0.108,0.17647058823529413,0.19230769230769232
coverage,0.05,54,240400,240400,0.0517919051234345,True,80,50,0.06976744186046512,0.056,0.10294117647058823,0.11538461538461539,0.09011627906976744,0.068,0.1323529411764706,0.19230769230769232
region,0.05,54,240400,290723,0.06263351927287956,True,80,80,0.07267441860465117,0.08,0.014705882352941176,0.15384615384615385,0.125,0.116,0.11764705882352941,0.23076923076923078
coverage,0.05,55,240400,240400,0.0517919051234345,True,80,48,0.040697674418604654,0.044,0.029411764705882353,0.038461538461538464,0.07848837209302326,0.076,0.07352941176470588,0.11538461538461539
region,0.05,55,240400,281179,0.060577354786614766,True,80,80,0.06686046511627906,0.076,0.058823529411764705,0.0,0.12209302325581395,0.116,0.1323529411764706,0.15384615384615385
coverage,0.05,56,240400,240400,0.0517919051234345,True,80,47,0.046511627906976744,0.052,0.014705882352941176,0.07692307692307693,0.09011627906976744,0.076,0.10294117647058823,0.19230769230769232
region,0.05,56,240400,282922,0.06095286764281338,True,80,80,0.09011627906976744,0.1,0.058823529411764705,0.07692307692307693,0.13662790697674418,0.144,0.08823529411764706,0.19230769230769232
coverage,0.05,57,240400,240400,0.0517919051234345,True,80,44,0.046511627906976744,0.052,0.029411764705882353,0.038461538461538464,0.09883720930232558,0.088,0.11764705882352941,0.15384615384615385
region,0.05,57,240400,283557,0.06108967238388401,True,80,80,0.08139534883720931,0.08,0.08823529411764706,0.07692307692307693,0.13662790697674418,0.124,0.14705882352941177,0.23076923076923078
coverage,0.05,58,240400,240400,0.0517919051234345,True,80,46,0.06976744186046512,0.072,0.058823529411764705,0.07692307692307693,0.11046511627906977,0.104,0.08823529411764706,0.23076923076923078
region,0.05,58,240400,281034,0.0605461159087325,True,80,80,0.06686046511627906,0.076,0.029411764705882353,0.07692307692307693,0.125,0.116,0.1323529411764706,0.19230769230769232
coverage,0.05,59,240400,240400,0.0517919051234345,True,80,47,0.046511627906976744,0.04,0.058823529411764705,0.07692307692307693,0.0755813953488372,0.068,0.10294117647058823,0.07692307692307693
region,0.05,59,240400,282510,0.060864106141520304,True,80,80,0.0436046511627907,0.048,0.0,0.11538461538461539,0.09302325581395349,0.076,0.08823529411764706,0.2692307692307692
coverage,0.05,60,240400,240400,0.0517919051234345,True,80,47,0.046511627906976744,0.04,0.07352941176470588,0.038461538461538464,0.07267441860465117,0.056,0.1323529411764706,0.07692307692307693
region,0.05,60,240400,287084,0.06184953115830312,True,80,80,0.055232558139534885,0.052,0.058823529411764705,0.07692307692307693,0.10465116279069768,0.084,0.14705882352941177,0.19230769230769232
coverage,0.05,61,240400,240400,0.0517919051234345,True,80,44,0.03488372093023256,0.04,0.029411764705882353,0.0,0.07267441860465117,0.056,0.08823529411764706,0.19230769230769232
region,0.05,61,240400,277242,0.05972916539197682,True,80,80,0.06395348837209303,0.056,0.08823529411764706,0.07692307692307693,0.1308139534883721,0.12,0.17647058823529413,0.11538461538461539
coverage,0.05,62,240400,240400,0.0517919051234345,True,80,41,0.0377906976744186,0.036,0.058823529411764705,0.0,0.09302325581395349,0.08,0.11764705882352941,0.15384615384615385
region,0.05,62,240400,286559,0.06173642487631559,True,80,80,0.0755813953488372,0.084,0.04411764705882353,0.07692307692307693,0.13662790697674418,0.132,0.08823529411764706,0.3076923076923077
coverage,0.05,63,240400,240400,0.0517919051234345,True,80,48,0.06686046511627906,0.076,0.04411764705882353,0.038461538461538464,0.11337209302325581,0.108,0.1323529411764706,0.11538461538461539
region,0.05,63,240400,285342,0.06147423374264163,True,80,80,0.061046511627906974,0.06,0.08823529411764706,0.0,0.10465116279069768,0.08,0.16176470588235295,0.19230769230769232
coverage,0.05,64,240400,240400,0.0517919051234345,True,80,45,0.06686046511627906,0.052,0.11764705882352941,0.07692307692307693,0.10465116279069768,0.08,0.16176470588235295,0.19230769230769232
region,0.05,64,240400,280863,0.060509275576885124,True,80,80,0.06686046511627906,0.08,0.029411764705882353,0.038461538461538464,0.15406976744186046,0.148,0.11764705882352941,0.3076923076923077
coverage,0.05,65,240400,240400,0.0517919051234345,True,80,44,0.061046511627906974,0.076,0.014705882352941176,0.038461538461538464,0.09302325581395349,0.096,0.058823529411764705,0.15384615384615385
region,0.05,65,240400,282477,0.06085699660379537,True,80,80,0.05232558139534884,0.048,0.058823529411764705,0.07692307692307693,0.09593023255813954,0.068,0.16176470588235295,0.19230769230769232
coverage,0.05,66,240400,240400,0.0517919051234345,True,80,47,0.05232558139534884,0.06,0.029411764705882353,0.038461538461538464,0.08139534883720931,0.072,0.10294117647058823,0.11538461538461539
region,0.05,66,240400,279691,0.06025677926738153,True,80,80,0.09011627906976744,0.096,0.058823529411764705,0.11538461538461539,0.12790697674418605,0.128,0.11764705882352941,0.15384615384615385
coverage,0.05,67,240400,240400,0.0517919051234345,True,80,39,0.061046511627906974,0.064,0.07352941176470588,0.0,0.06976744186046512,0.064,0.11764705882352941,0.0
region,0.05,67,240400,278904,0.060087227564668784,True,80,80,0.06976744186046512,0.084,0.029411764705882353,0.038461538461538464,0.14825581395348839,0.132,0.16176470588235295,0.2692307692307692
coverage,0.05,68,240400,240400,0.0517919051234345,True,80,44,0.06395348837209303,0.056,0.07352941176470588,0.11538461538461539,0.08139534883720931,0.072,0.08823529411764706,0.15384615384615385
region,0.05,68,240400,275706,0.059398248726961866,True,80,80,0.05232558139534884,0.044,0.08823529411764706,0.038461538461538464,0.07848837209302326,0.056,0.1323529411764706,0.15384615384615385
coverage,0.05,69,240400,240400,0.0517919051234345,True,80,52,0.08430232558139535,0.088,0.04411764705882353,0.15384615384615385,0.125,0.124,0.08823529411764706,0.23076923076923078
region,0.05,69,240400,289674,0.06240752214944162,True,80,80,0.10465116279069768,0.116,0.07352941176470588,0.07692307692307693,0.18313953488372092,0.188,0.1323529411764706,0.2692307692307692
coverage,0.05,70,240400,240400,0.0517919051234345,True,80,42,0.040697674418604654,0.036,0.058823529411764705,0.038461538461538464,0.055232558139534885,0.04,0.10294117647058823,0.07692307692307693
region,0.05,70,240400,289093,0.062282351197375414,True,80,80,0.05813953488372093,0.068,0.014705882352941176,0.07692307692307693,0.12209302325581395,0.116,0.1323529411764706,0.15384615384615385
coverage,0.05,71,240400,240400,0.0517919051234345,True,80,47,0.055232558139534885,0.056,0.029411764705882353,0.11538461538461539,0.07848837209302326,0.068,0.08823529411764706,0.15384615384615385
region,0.05,71,240400,290659,0.06261973107850395,True,80,80,0.0872093023255814,0.088,0.08823529411764706,0.07692307692307693,0.1308139534883721,0.124,0.14705882352941177,0.15384615384615385
coverage,0.05,72,240400,240400,0.0517919051234345,True,80,46,0.09593023255813954,0.108,0.058823529411764705,0.07692307692307693,0.12209302325581395,0.124,0.08823529411764706,0.19230769230769232
region,0.05,72,240400,284598,0.06131394598302501,True,80,80,0.05813953488372093,0.048,0.10294117647058823,0.038461538461538464,0.13372093023255813,0.108,0.22058823529411764,0.15384615384615385
coverage,0.05,73,240400,240400,0.0517919051234345,True,80,44,0.05232558139534884,0.056,0.04411764705882353,0.038461538461538464,0.07267441860465117,0.076,0.04411764705882353,0.11538461538461539
region,0.05,73,240400,292150,0.06294095291934854,True,80,80,0.0377906976744186,0.04,0.04411764705882353,0.0,0.07848837209302326,0.056,0.14705882352941177,0.11538461538461539
coverage,0.05,74,240400,240400,0.0517919051234345,True,80,48,0.05813953488372093,0.068,0.029411764705882353,0.038461538461538464,0.08430232558139535,0.084,0.058823529411764705,0.15384615384615385
region,0.05,74,240400,282793,0.06092507581352501,True,80,80,0.07267441860465117,0.06,0.10294117647058823,0.11538461538461539,0.11337209302325581,0.092,0.14705882352941177,0.23076923076923078
coverage,0.05,75,240400,240400,0.0517919051234345,True,80,46,0.07267441860465117,0.068,0.07352941176470588,0.11538461538461539,0.11627906976744186,0.092,0.16176470588235295,0.23076923076923078
region,0.05,75,240400,291521,0.06280544082150062,True,80,80,0.05813953488372093,0.068,0.029411764705882353,0.038461538461538464,0.09883720930232558,0.1,0.08823529411764706,0.11538461538461539
coverage,0.05,76,240400,240400,0.0517919051234345,True,80,49,0.0377906976744186,0.036,0.029411764705882353,0.07692307692307693,0.09011627906976744,0.068,0.1323529411764706,0.19230769230769232
region,0.05,76,240400,279513,0.06021843085177433,True,80,80,0.09011627906976744,0.104,0.04411764705882353,0.07692307692307693,0.16569767441860464,0.16,0.1323529411764706,0.3076923076923077
coverage,0.05,77,240400,240400,0.0517919051234345,True,80,38,0.03488372093023256,0.036,0.014705882352941176,0.07692307692307693,0.06976744186046512,0.068,0.07352941176470588,0.07692307692307693
region,0.05,77,240400,284749,0.06134647750413,True,80,80,0.06976744186046512,0.06,0.10294117647058823,0.07692307692307693,0.15988372093023256,0.136,0.17647058823529413,0.34615384615384615
coverage,0.05,78,240400,240400,0.0517919051234345,True,80,45,0.040697674418604654,0.044,0.04411764705882353,0.0,0.0755813953488372,0.064,0.10294117647058823,0.11538461538461539
region,0.05,78,240400,281679,0.06068507505517432,True,80,80,0.0436046511627907,0.036,0.07352941176470588,0.038461538461538464,0.10465116279069768,0.068,0.19117647058823528,0.23076923076923078
coverage,0.05,79,240400,240400,0.0517919051234345,True,80,52,0.0377906976744186,0.028,0.07352941176470588,0.038461538461538464,0.06976744186046512,0.044,0.1323529411764706,0.15384615384615385
region,0.05,79,240400,290591,0.06260508112197985,True,80,80,0.06395348837209303,0.064,0.058823529411764705,0.07692307692307693,0.12790697674418605,0.1,0.20588235294117646,0.19230769230769232
coverage,0.05,80,240400,240400,0.0517919051234345,True,80,45,0.03488372093023256,0.036,0.04411764705882353,0.0,0.05232558139534884,0.044,0.08823529411764706,0.038461538461538464
region,0.05,80,240400,273028,0.05882129896855688,True,80,80,0.07267441860465117,0.068,0.10294117647058823,0.038461538461538464,0.13372093023255813,0.112,0.16176470588235295,0.2692307692307692
coverage,0.05,81,240400,240400,0.0517919051234345,True,80,44,0.03488372093023256,0.028,0.07352941176470588,0.0,0.046511627906976744,0.04,0.07352941176470588,0.038461538461538464
region,0.05,81,240400,284550,0.06130360483724329,True,80,80,0.07267441860465117,0.068,0.08823529411764706,0.07692307692307693,0.11627906976744186,0.108,0.1323529411764706,0.15384615384615385
coverage,0.05,82,240400,240400,0.0517919051234345,True,80,43,0.046511627906976744,0.044,0.04411764705882353,0.07692307692307693,0.06976744186046512,0.06,0.08823529411764706,0.11538461538461539
region,0.05,82,240400,287546,0.06194906468645215,True,80,80,0.06976744186046512,0.08,0.029411764705882353,0.07692307692307693,0.11627906976744186,0.108,0.11764705882352941,0.19230769230769232
coverage,0.05,83,240400,240400,0.0517919051234345,True,80,49,0.06395348837209303,0.064,0.058823529411764705,0.07692307692307693,0.10465116279069768,0.088,0.16176470588235295,0.11538461538461539
region,0.05,83,240400,293992,0.06333779438872195,True,80,80,0.11337209302325581,0.128,0.07352941176470588,0.07692307692307693,0.18604651162790697,0.188,0.1323529411764706,0.3076923076923077
coverage,0.05,84,240400,240400,0.0517919051234345,True,80,44,0.04941860465116279,0.052,0.058823529411764705,0.0,0.09011627906976744,0.096,0.058823529411764705,0.11538461538461539
region,0.05,84,240400,274467,0.05913131790147129,True,80,80,0.06395348837209303,0.064,0.058823529411764705,0.07692307692307693,0.09593023255813954,0.092,0.07352941176470588,0.19230769230769232
coverage,0.05,85,240400,240400,0.0517919051234345,True,80,41,0.05232558139534884,0.06,0.029411764705882353,0.038461538461538464,0.10465116279069768,0.108,0.08823529411764706,0.11538461538461539
region,0.05,85,240400,280671,0.060467910993758256,True,80,80,0.06686046511627906,0.048,0.1323529411764706,0.07692307692307693,0.09883720930232558,0.068,0.20588235294117646,0.11538461538461539
coverage,0.05,86,240400,240400,0.0517919051234345,True,80,51,0.046511627906976744,0.052,0.04411764705882353,0.0,0.06686046511627906,0.064,0.08823529411764706,0.038461538461538464
region,0.05,86,240400,291200,0.06273628440908538,True,80,80,0.05232558139534884,0.036,0.1323529411764706,0.0,0.09883720930232558,0.064,0.20588235294117646,0.15384615384615385
coverage,0.05,87,240400,240400,0.0517919051234345,True,80,47,0.055232558139534885,0.056,0.04411764705882353,0.07692307692307693,0.11046511627906977,0.108,0.11764705882352941,0.11538461538461539
region,0.05,87,240400,290305,0.06254346512836378,True,80,80,0.06395348837209303,0.056,0.11764705882352941,0.0,0.11627906976744186,0.096,0.17647058823529413,0.15384615384615385
coverage,0.05,88,240400,240400,0.0517919051234345,True,80,48,0.06395348837209303,0.06,0.058823529411764705,0.11538461538461539,0.08430232558139535,0.076,0.08823529411764706,0.15384615384615385
region,0.05,88,240400,285633,0.06153692693894329,True,80,80,0.046511627906976744,0.04,0.07352941176470588,0.038461538461538464,0.09883720930232558,0.076,0.14705882352941177,0.19230769230769232
coverage,0.05,89,240400,240400,0.0517919051234345,True,80,43,0.040697674418604654,0.052,0.0,0.038461538461538464,0.06395348837209303,0.068,0.04411764705882353,0.07692307692307693
region,0.05,89,240400,291336,0.06276558432213358,True,80,80,0.04941860465116279,0.048,0.07352941176470588,0.0,0.0872093023255814,0.072,0.1323529411764706,0.11538461538461539
coverage,0.05,90,240400,240400,0.0517919051234345,True,80,48,0.0436046511627907,0.04,0.04411764705882353,0.07692307692307693,0.0872093023255814,0.068,0.10294117647058823,0.23076923076923078
region,0.05,90,240400,278914,0.060089381970039976,True,80,80,0.04941860465116279,0.052,0.04411764705882353,0.038461538461538464,0.11337209302325581,0.096,0.08823529411764706,0.34615384615384615
coverage,0.05,91,240400,240400,0.0517919051234345,True,80,44,0.06395348837209303,0.056,0.10294117647058823,0.038461538461538464,0.09302325581395349,0.088,0.10294117647058823,0.11538461538461539
region,0.05,91,240400,283363,0.06104787691968291,True,80,80,0.06395348837209303,0.06,0.10294117647058823,0.0,0.11337209302325581,0.092,0.20588235294117646,0.07692307692307693
coverage,0.05,92,240400,240400,0.0517919051234345,True,80,54,0.05813953488372093,0.068,0.029411764705882353,0.038461538461538464,0.11046511627906977,0.108,0.11764705882352941,0.11538461538461539
region,0.05,92,240400,290201,0.06252105931250339,True,80,80,0.06686046511627906,0.064,0.029411764705882353,0.19230769230769232,0.1308139534883721,0.124,0.10294117647058823,0.2692307692307692
coverage,0.05,93,240400,240400,0.0517919051234345,True,80,45,0.055232558139534885,0.044,0.07352941176470588,0.11538461538461539,0.08430232558139535,0.068,0.1323529411764706,0.11538461538461539
region,0.05,93,240400,279340,0.06018115963885272,True,80,80,0.06976744186046512,0.072,0.04411764705882353,0.11538461538461539,0.13662790697674418,0.12,0.14705882352941177,0.2692307692307692
coverage,0.05,94,240400,240400,0.0517919051234345,True,80,46,0.061046511627906974,0.06,0.058823529411764705,0.07692307692307693,0.11046511627906977,0.084,0.16176470588235295,0.23076923076923078
region,0.05,94,240400,286950,0.06182066212632916,True,80,80,0.061046511627906974,0.06,0.058823529411764705,0.07692307692307693,0.12790697674418605,0.108,0.14705882352941177,0.2692307692307692
coverage,0.05,95,240400,240400,0.0517919051234345,True,80,47,0.046511627906976744,0.052,0.014705882352941176,0.07692307692307693,0.10755813953488372,0.096,0.10294117647058823,0.23076923076923078
region,0.05,95,240400,279605,0.06023825138118928,True,80,80,0.055232558139534885,0.044,0.08823529411764706,0.07692307692307693,0.13953488372093023,0.116,0.17647058823529413,0.2692307692307692
coverage,0.05,96,240400,240400,0.0517919051234345,True,80,51,0.03197674418604651,0.04,0.014705882352941176,0.0,0.06976744186046512,0.072,0.058823529411764705,0.07692307692307693
region,0.05,96,240400,287666,0.06197491755090644,True,80,80,0.061046511627906974,0.064,0.07352941176470588,0.0,0.125,0.116,0.11764705882352941,0.23076923076923078
coverage,0.05,97,240400,240400,0.0517919051234345,True,80,47,0.03197674418604651,0.028,0.04411764705882353,0.038461538461538464,0.06395348837209303,0.052,0.10294117647058823,0.07692307692307693
region,0.05,97,240400,275867,0.059432934653438046,True,80,80,0.055232558139534885,0.056,0.058823529411764705,0.038461538461538464,0.11046511627906977,0.1,0.1323529411764706,0.15384615384615385
coverage,0.05,98,240400,240400,0.0517919051234345,True,80,43,0.055232558139534885,0.052,0.04411764705882353,0.11538461538461539,0.08139534883720931,0.076,0.08823529411764706,0.11538461538461539
region,0.05,98,240400,281073,0.06055451808968014,True,80,80,0.040697674418604654,0.044,0.04411764705882353,0.0,0.08430232558139535,0.076,0.1323529411764706,0.038461538461538464
coverage,0.05,99,240400,240400,0.0517919051234345,True,80,50,0.06686046511627906,0.064,0.04411764705882353,0.15384615384615385,0.0872093023255814,0.08,0.07352941176470588,0.19230769230769232
region,0.05,99,240400,286140,0.06164615529126268,True,80,80,0.05232558139534884,0.048,0.07352941176470588,0.038461538461538464,0.09011627906976744,0.076,0.14705882352941177,0.07692307692307693
coverage,0.1,0,472400,472400,0.10177410973506847,True,99,95,0.10755813953488372,0.104,0.11764705882352941,0.11538461538461539,0.1744186046511628,0.152,0.20588235294117646,0.3076923076923077
region,0.1,0,472400,513701,0.1106720193586249,True,99,99,0.11627906976744186,0.104,0.17647058823529413,0.07692307692307693,0.19476744186046513,0.164,0.27941176470588236,0.2692307692307692
coverage,0.1,1,472400,472400,0.10177410973506847,True,99,89,0.08430232558139535,0.084,0.10294117647058823,0.038461538461538464,0.17151162790697674,0.152,0.19117647058823528,0.3076923076923077
region,0.1,1,472400,507750,0.10938993272222906,True,99,99,0.09883720930232558,0.096,0.10294117647058823,0.11538461538461539,0.17151162790697674,0.152,0.19117647058823528,0.3076923076923077
coverage,0.1,2,472400,472400,0.10177410973506847,True,99,99,0.10465116279069768,0.092,0.16176470588235295,0.07692307692307693,0.1744186046511628,0.14,0.23529411764705882,0.34615384615384615
region,0.1,2,472400,521925,0.11244380233589248,True,99,99,0.13372093023255813,0.116,0.16176470588235295,0.23076923076923078,0.18604651162790697,0.152,0.27941176470588236,0.2692307692307692
coverage,0.1,3,472400,472400,0.10177410973506847,True,99,85,0.11918604651162791,0.132,0.058823529411764705,0.15384615384615385,0.18313953488372092,0.176,0.16176470588235295,0.3076923076923077
region,0.1,3,472400,523073,0.11269112807250523,True,99,99,0.11918604651162791,0.128,0.10294117647058823,0.07692307692307693,0.18604651162790697,0.184,0.17647058823529413,0.23076923076923078
coverage,0.1,4,472400,472400,0.10177410973506847,True,99,78,0.12209302325581395,0.108,0.19117647058823528,0.07692307692307693,0.2180232558139535,0.18,0.3088235294117647,0.34615384615384615
region,0.1,4,472400,507310,0.10929513888589666,True,99,99,0.125,0.128,0.1323529411764706,0.07692307692307693,0.2005813953488372,0.184,0.23529411764705882,0.2692307692307692
coverage,0.1,5,472400,472400,0.10177410973506847,True,99,89,0.1569767441860465,0.152,0.14705882352941177,0.23076923076923078,0.22093023255813954,0.184,0.25,0.5
region,0.1,5,472400,502342,0.10822483029748892,True,99,99,0.11918604651162791,0.132,0.08823529411764706,0.07692307692307693,0.19767441860465115,0.18,0.22058823529411764,0.3076923076923077
coverage,0.1,6,472400,472400,0.10177410973506847,True,99,93,0.11046511627906977,0.108,0.10294117647058823,0.15384615384615385,0.19186046511627908,0.172,0.19117647058823528,0.38461538461538464
region,0.1,6,472400,504039,0.10859043288898004,True,99,99,0.11627906976744186,0.128,0.07352941176470588,0.11538461538461539,0.18604651162790697,0.176,0.14705882352941177,0.38461538461538464
coverage,0.1,7,472400,472400,0.10177410973506847,True,99,94,0.0872093023255814,0.068,0.16176470588235295,0.07692307692307693,0.15406976744186046,0.112,0.27941176470588236,0.23076923076923078
region,0.1,7,472400,509616,0.10979194476449333,True,99,99,0.09011627906976744,0.088,0.10294117647058823,0.07692307692307693,0.14534883720930233,0.116,0.2647058823529412,0.11538461538461539
coverage,0.1,8,472400,472400,0.10177410973506847,True,99,91,0.07267441860465117,0.08,0.07352941176470588,0.0,0.12790697674418605,0.112,0.19117647058823528,0.11538461538461539
region,0.1,8,472400,512651,0.11044580679464984,True,99,99,0.1308139534883721,0.128,0.11764705882352941,0.19230769230769232,0.19767441860465115,0.192,0.14705882352941177,0.38461538461538464
coverage,0.1,9,472400,472400,0.10177410973506847,True,99,91,0.10465116279069768,0.112,0.07352941176470588,0.11538461538461539,0.14244186046511628,0.144,0.11764705882352941,0.19230769230769232
region,0.1,9,472400,517245,0.11143554062217503,True,99,99,0.12209302325581395,0.124,0.10294117647058823,0.15384615384615385,0.18604651162790697,0.168,0.25,0.19230769230769232
coverage,0.1,10,472400,472400,0.10177410973506847,True,99,95,0.17151162790697674,0.184,0.11764705882352941,0.19230769230769232,0.2180232558139535,0.22,0.17647058823529413,0.3076923076923077
region,0.1,10,472400,504724,0.10873800965690664,True,99,99,0.125,0.116,0.11764705882352941,0.23076923076923078,0.19186046511627908,0.16,0.25,0.34615384615384615
coverage,0.1,11,472400,472400,0.10177410973506847,True,99,88,0.12209302325581395,0.128,0.10294117647058823,0.11538461538461539,0.20930232558139536,0.188,0.23529411764705882,0.34615384615384615
region,0.1,11,472400,511130,0.11011812173769167,True,99,99,0.125,0.116,0.11764705882352941,0.23076923076923078,0.1744186046511628,0.16,0.16176470588235295,0.34615384615384615
coverage,0.1,12,472400,472400,0.10177410973506847,True,99,87,0.12790697674418605,0.128,0.11764705882352941,0.15384615384615385,0.18895348837209303,0.176,0.19117647058823528,0.3076923076923077
region,0.1,12,472400,503136,0.10839589008396149,True,99,99,0.08430232558139535,0.088,0.07352941176470588,0.07692307692307693,0.1308139534883721,0.116,0.16176470588235295,0.19230769230769232
coverage,0.1,13,472400,472400,0.10177410973506847,True,99,90,0.10174418604651163,0.108,0.08823529411764706,0.07692307692307693,0.1511627906976744,0.132,0.20588235294117646,0.19230769230769232
region,0.1,13,472400,509939,0.10986153205798281,True,99,99,0.09593023255813954,0.084,0.1323529411764706,0.11538461538461539,0.17732558139534885,0.156,0.22058823529411764,0.2692307692307692
coverage,0.1,14,472400,472400,0.10177410973506847,True,99,91,0.10465116279069768,0.104,0.1323529411764706,0.038461538461538464,0.16569767441860464,0.16,0.20588235294117646,0.11538461538461539
region,0.1,14,472400,515646,0.11109105120332158,True,99,99,0.09011627906976744,0.092,0.058823529411764705,0.15384615384615385,0.15988372093023256,0.144,0.16176470588235295,0.3076923076923077
coverage,0.1,15,472400,472400,0.10177410973506847,True,99,99,0.09011627906976744,0.088,0.07352941176470588,0.15384615384615385,0.1511627906976744,0.124,0.19117647058823528,0.3076923076923077
region,0.1,15,472400,518760,0.11176193303591049,True,99,99,0.09011627906976744,0.088,0.08823529411764706,0.11538461538461539,0.13953488372093023,0.12,0.16176470588235295,0.2692307692307692
coverage,0.1,16,472400,472400,0.10177410973506847,True,99,100,0.09302325581395349,0.104,0.07352941176470588,0.038461538461538464,0.1569767441860465,0.148,0.19117647058823528,0.15384615384615385
region,0.1,16,472400,506111,0.10903682568189084,True,99,99,0.10174418604651163,0.096,0.08823529411764706,0.19230769230769232,0.1744186046511628,0.152,0.20588235294117646,0.3076923076923077
coverage,0.1,17,472400,472400,0.10177410973506847,True,99,100,0.06976744186046512,0.064,0.08823529411764706,0.07692307692307693,0.14244186046511628,0.124,0.17647058823529413,0.23076923076923078
region,0.1,17,472400,511210,0.1101353569806612,True,99,99,0.08430232558139535,0.072,0.1323529411764706,0.07692307692307693,0.13953488372093023,0.096,0.27941176470588236,0.19230769230769232
coverage,0.1,18,472400,472400,0.10177410973506847,True,99,92,0.10174418604651163,0.112,0.08823529411764706,0.038461538461538464,0.14825581395348839,0.148,0.1323529411764706,0.19230769230769232
region,0.1,18,472400,510556,0.1099944588693853,True,99,99,0.1744186046511628,0.172,0.1323529411764706,0.3076923076923077,0.23837209302325582,0.228,0.16176470588235295,0.5384615384615384
coverage,0.1,19,472400,472400,0.10177410973506847,True,99,96,0.07848837209302326,0.088,0.04411764705882353,0.07692307692307693,0.1308139534883721,0.12,0.1323529411764706,0.23076923076923078
region,0.1,19,472400,510747,0.11003560801197505,True,99,99,0.11337209302325581,0.096,0.16176470588235295,0.15384615384615385,0.17151162790697674,0.14,0.23529411764705882,0.3076923076923077
coverage,0.1,20,472400,472400,0.10177410973506847,True,99,89,0.05232558139534884,0.04,0.10294117647058823,0.038461538461538464,0.09011627906976744,0.068,0.16176470588235295,0.11538461538461539
region,0.1,20,472400,499511,0.1076149181369047,True,99,99,0.07267441860465117,0.084,0.04411764705882353,0.038461538461538464,0.13662790697674418,0.12,0.17647058823529413,0.19230769230769232
coverage,0.1,21,472400,472400,0.10177410973506847,True,99,94,0.07848837209302326,0.076,0.10294117647058823,0.038461538461538464,0.13372093023255813,0.108,0.19117647058823528,0.23076923076923078
region,0.1,21,472400,519426,0.11190541643363182,True,99,99,0.06686046511627906,0.056,0.1323529411764706,0.0,0.12790697674418605,0.096,0.27941176470588236,0.038461538461538464
coverage,0.1,22,472400,472400,0.10177410973506847,True,99,91,0.10755813953488372,0.104,0.1323529411764706,0.07692307692307693,0.14244186046511628,0.128,0.17647058823529413,0.19230769230769232
region,0.1,22,472400,494189,0.10646834359835679,True,99,99,0.11046511627906977,0.136,0.04411764705882353,0.038461538461538464,0.18604651162790697,0.192,0.16176470588235295,0.19230769230769232
coverage,0.1,23,472400,472400,0.10177410973506847,True,99,99,0.061046511627906974,0.036,0.17647058823529413,0.0,0.09593023255813954,0.06,0.20588235294117646,0.15384615384615385
region,0.1,23,472400,499999,0.10772005311901883,True,99,99,0.11918604651162791,0.116,0.10294117647058823,0.19230769230769232,0.1569767441860465,0.148,0.16176470588235295,0.23076923076923078
coverage,0.1,24,472400,472400,0.10177410973506847,True,99,92,0.10465116279069768,0.12,0.07352941176470588,0.038461538461538464,0.18604651162790697,0.184,0.16176470588235295,0.2692307692307692
region,0.1,24,472400,516008,0.1111690406777587,True,99,99,0.11627906976744186,0.092,0.20588235294117646,0.11538461538461539,0.18023255813953487,0.148,0.27941176470588236,0.23076923076923078
coverage,0.1,25,472400,472400,0.10177410973506847,True,99,110,0.09011627906976744,0.072,0.16176470588235295,0.07692307692307693,0.18023255813953487,0.152,0.25,0.2692307692307692
region,0.1,25,472400,518610,0.11172961695534263,True,99,99,0.10174418604651163,0.108,0.08823529411764706,0.07692307692307693,0.20930232558139536,0.204,0.19117647058823528,0.3076923076923077
coverage,0.1,26,472400,472400,0.10177410973506847,True,99,88,0.09883720930232558,0.084,0.16176470588235295,0.07692307692307693,0.14825581395348839,0.112,0.2647058823529412,0.19230769230769232
region,0.1,26,472400,506042,0.10902196028482962,True,99,99,0.1511627906976744,0.14,0.19117647058823528,0.15384615384615385,0.23255813953488372,0.208,0.29411764705882354,0.3076923076923077
coverage,0.1,27,472400,472400,0.10177410973506847,True,99,94,0.0872093023255814,0.1,0.058823529411764705,0.038461538461538464,0.14534883720930233,0.132,0.17647058823529413,0.19230769230769232
region,0.1,27,472400,515043,0.11096114055943875,True,99,99,0.11337209302325581,0.104,0.16176470588235295,0.07692307692307693,0.18023255813953487,0.164,0.25,0.15384615384615385
coverage,0.1,28,472400,472400,0.10177410973506847,True,99,96,0.06395348837209303,0.056,0.10294117647058823,0.038461538461538464,0.10755813953488372,0.084,0.20588235294117646,0.07692307692307693
region,0.1,28,472400,514571,0.11085945262591854,True,99,99,0.07848837209302326,0.084,0.07352941176470588,0.038461538461538464,0.10755813953488372,0.092,0.14705882352941177,0.15384615384615385
coverage,0.1,29,472400,472400,0.10177410973506847,True,99,92,0.06686046511627906,0.068,0.07352941176470588,0.038461538461538464,0.14534883720930233,0.12,0.22058823529411764,0.19230769230769232
region,0.1,29,472400,497541,0.10719050027878005,True,99,99,0.11627906976744186,0.112,0.1323529411764706,0.11538461538461539,0.1686046511627907,0.152,0.20588235294117646,0.23076923076923078
coverage,0.1,30,472400,472400,0.10177410973506847,True,99,90,0.1511627906976744,0.148,0.16176470588235295,0.15384615384615385,0.18895348837209303,0.168,0.25,0.23076923076923078
region,0.1,30,472400,494601,0.10655710509964987,True,99,99,0.10174418604651163,0.108,0.07352941176470588,0.11538461538461539,0.14244186046511628,0.14,0.11764705882352941,0.23076923076923078
coverage,0.1,31,472400,472400,0.10177410973506847,True,99,100,0.125,0.124,0.14705882352941177,0.07692307692307693,0.2005813953488372,0.18,0.2647058823529412,0.23076923076923078
region,0.1,31,472400,520414,0.1121182716843055,True,99,99,0.11627906976744186,0.112,0.1323529411764706,0.11538461538461539,0.19767441860465115,0.172,0.23529411764705882,0.34615384615384615
coverage,0.1,32,472400,472400,0.10177410973506847,True,99,86,0.14534883720930233,0.148,0.14705882352941177,0.11538461538461539,0.2238372093023256,0.216,0.23529411764705882,0.2692307692307692
region,0.1,32,472400,509375,0.10974002359504763,True,99,99,0.07267441860465117,0.06,0.11764705882352941,0.07692307692307693,0.14534883720930233,0.108,0.27941176470588236,0.15384615384615385
coverage,0.1,33,472400,472400,0.10177410973506847,True,99,102,0.10465116279069768,0.108,0.07352941176470588,0.15384615384615385,0.1569767441860465,0.136,0.22058823529411764,0.19230769230769232
region,0.1,33,472400,497180,0.10711272624488005,True,99,99,0.10465116279069768,0.112,0.07352941176470588,0.11538461538461539,0.16279069767441862,0.16,0.11764705882352941,0.3076923076923077
coverage,0.1,34,472400,472400,0.10177410973506847,True,99,85,0.09883720930232558,0.096,0.10294117647058823,0.11538461538461539,0.1511627906976744,0.128,0.17647058823529413,0.3076923076923077
region,0.1,34,472400,501920,0.10813391439082465,True,99,99,0.11046511627906977,0.096,0.17647058823529413,0.07692307692307693,0.17151162790697674,0.14,0.2647058823529412,0.23076923076923078
coverage,0.1,35,472400,472400,0.10177410973506847,True,99,96,0.08139534883720931,0.092,0.07352941176470588,0.0,0.17151162790697674,0.152,0.23529411764705882,0.19230769230769232
region,0.1,35,472400,499143,0.10753563601924487,True,99,99,0.09011627906976744,0.096,0.10294117647058823,0.0,0.15406976744186046,0.152,0.17647058823529413,0.11538461538461539
coverage,0.1,36,472400,472400,0.10177410973506847,True,99,93,0.0872093023255814,0.088,0.08823529411764706,0.07692307692307693,0.15406976744186046,0.152,0.16176470588235295,0.15384615384615385
region,0.1,36,472400,516098,0.11118843032609942,True,99,99,0.15988372093023256,0.16,0.14705882352941177,0.19230769230769232,0.21511627906976744,0.192,0.27941176470588236,0.2692307692307692
coverage,0.1,37,472400,472400,0.10177410973506847,True,99,84,0.08430232558139535,0.084,0.10294117647058823,0.038461538461538464,0.16569767441860464,0.14,0.23529411764705882,0.23076923076923078
region,0.1,37,472400,528165,0.11378815128751574,True,99,99,0.11337209302325581,0.124,0.08823529411764706,0.07692307692307693,0.2063953488372093,0.208,0.19117647058823528,0.23076923076923078
coverage,0.1,38,472400,472400,0.10177410973506847,True,99,97,0.12790697674418605,0.136,0.08823529411764706,0.15384615384615385,0.2063953488372093,0.2,0.20588235294117646,0.2692307692307692
region,0.1,38,472400,508944,0.1096471687235493,True,99,99,0.09302325581395349,0.088,0.1323529411764706,0.038461538461538464,0.12790697674418605,0.104,0.22058823529411764,0.11538461538461539
coverage,0.1,39,472400,472400,0.10177410973506847,True,99,99,0.09302325581395349,0.096,0.10294117647058823,0.038461538461538464,0.17151162790697674,0.144,0.23529411764705882,0.2692307692307692
region,0.1,39,472400,509685,0.10980681016155455,True,99,99,0.12209302325581395,0.132,0.07352941176470588,0.15384615384615385,0.1686046511627907,0.16,0.16176470588235295,0.2692307692307692
coverage,0.1,40,472400,472400,0.10177410973506847,True,99,89,0.09302325581395349,0.096,0.10294117647058823,0.038461538461538464,0.13662790697674418,0.12,0.20588235294117646,0.11538461538461539
region,0.1,40,472400,506972,0.1092223199843504,True,99,99,0.09883720930232558,0.088,0.11764705882352941,0.15384615384615385,0.14244186046511628,0.112,0.20588235294117646,0.2692307692307692
coverage,0.1,41,472400,472400,0.10177410973506847,True,99,92,0.1308139534883721,0.128,0.1323529411764706,0.15384615384615385,0.1511627906976744,0.144,0.17647058823529413,0.15384615384615385
region,0.1,41,472400,505611,0.10892910541333128,True,99,99,0.08139534883720931,0.08,0.07352941176470588,0.11538461538461539,0.12790697674418605,0.104,0.22058823529411764,0.11538461538461539
coverage,0.1,42,472400,472400,0.10177410973506847,True,99,87,0.09011627906976744,0.092,0.08823529411764706,0.07692307692307693,0.16569767441860464,0.16,0.14705882352941177,0.2692307692307692
region,0.1,42,472400,502253,0.10820565608968531,True,99,99,0.12790697674418605,0.12,0.16176470588235295,0.11538461538461539,0.21511627906976744,0.208,0.22058823529411764,0.2692307692307692
coverage,0.1,43,472400,472400,0.10177410973506847,True,99,106,0.09011627906976744,0.092,0.08823529411764706,0.07692307692307693,0.13662790697674418,0.124,0.19117647058823528,0.11538461538461539
region,0.1,43,472400,507062,0.10924170963269111,True,99,99,0.10465116279069768,0.1,0.10294117647058823,0.15384615384615385,0.16279069767441862,0.14,0.20588235294117646,0.2692307692307692
coverage,0.1,44,472400,472400,0.10177410973506847,True,99,86,0.09302325581395349,0.092,0.08823529411764706,0.11538461538461539,0.1308139534883721,0.12,0.17647058823529413,0.11538461538461539
region,0.1,44,472400,512241,0.110357476174431,True,99,99,0.11046511627906977,0.104,0.16176470588235295,0.038461538461538464,0.18895348837209303,0.16,0.25,0.3076923076923077
coverage,0.1,45,472400,472400,0.10177410973506847,True,99,89,0.08430232558139535,0.1,0.058823529411764705,0.0,0.13372093023255813,0.132,0.1323529411764706,0.15384615384615385
region,0.1,45,472400,501262,0.10799215451740027,True,99,99,0.11918604651162791,0.12,0.14705882352941177,0.038461538461538464,0.21220930232558138,0.192,0.2647058823529412,0.2692307692307692
coverage,0.1,46,472400,472400,0.10177410973506847,True,99,94,0.06976744186046512,0.076,0.07352941176470588,0.0,0.13662790697674418,0.12,0.20588235294117646,0.11538461538461539
region,0.1,46,472400,522890,0.11265170245421242,True,99,99,0.10755813953488372,0.104,0.1323529411764706,0.07692307692307693,0.17151162790697674,0.164,0.19117647058823528,0.19230769230769232
coverage,0.1,47,472400,472400,0.10177410973506847,True,99,88,0.10465116279069768,0.088,0.1323529411764706,0.19230769230769232,0.17732558139534885,0.156,0.19117647058823528,0.34615384615384615
region,0.1,47,472400,519566,0.1119355781088285,True,99,99,0.11337209302325581,0.104,0.16176470588235295,0.07692307692307693,0.15988372093023256,0.124,0.27941176470588236,0.19230769230769232
coverage,0.1,48,472400,472400,0.10177410973506847,True,99,82,0.04941860465116279,0.056,0.029411764705882353,0.038461538461538464,0.09302325581395349,0.08,0.14705882352941177,0.07692307692307693
region,0.1,48,472400,512848,0.1104882485804623,True,99,99,0.09593023255813954,0.08,0.11764705882352941,0.19230769230769232,0.18313953488372092,0.152,0.20588235294117646,0.4230769230769231
coverage,0.1,49,472400,472400,0.10177410973506847,True,99,110,0.0755813953488372,0.076,0.07352941176470588,0.07692307692307693,0.13953488372093023,0.124,0.17647058823529413,0.19230769230769232
region,0.1,49,472400,514790,0.11090663410354762,True,99,99,0.13662790697674418,0.16,0.058823529411764705,0.11538461538461539,0.2063953488372093,0.208,0.17647058823529413,0.2692307692307692
coverage,0.1,50,472400,472400,0.10177410973506847,True,99,106,0.09302325581395349,0.096,0.058823529411764705,0.15384615384615385,0.13662790697674418,0.12,0.16176470588235295,0.23076923076923078
region,0.1,50,472400,515945,0.11115546792392018,True,99,99,0.12209302325581395,0.124,0.1323529411764706,0.07692307692307693,0.17151162790697674,0.164,0.20588235294117646,0.15384615384615385
coverage,0.1,51,472400,472400,0.10177410973506847,True,99,87,0.0755813953488372,0.072,0.08823529411764706,0.07692307692307693,0.12209302325581395,0.108,0.16176470588235295,0.15384615384615385
region,0.1,51,472400,504753,0.10874425743248309,True,99,99,0.11627906976744186,0.112,0.1323529411764706,0.11538461538461539,0.18895348837209303,0.172,0.23529411764705882,0.23076923076923078
coverage,0.1,52,472400,472400,0.10177410973506847,True,99,85,0.10465116279069768,0.1,0.10294117647058823,0.15384615384615385,0.15406976744186046,0.132,0.19117647058823528,0.2692307692307692
region,0.1,52,472400,525755,0.11326893959305868,True,99,99,0.15406976744186046,0.164,0.1323529411764706,0.11538461538461539,0.23837209302325582,0.224,0.2647058823529412,0.3076923076923077
coverage,0.1,53,472400,472400,0.10177410973506847,True,99,83,0.10174418604651163,0.104,0.08823529411764706,0.11538461538461539,0.1686046511627907,0.16,0.17647058823529413,0.23076923076923078
region,0.1,53,472400,516809,0.1113416085479911,True,99,99,0.10174418604651163,0.104,0.058823529411764705,0.19230769230769232,0.14534883720930233,0.136,0.11764705882352941,0.3076923076923077
coverage,0.1,54,472400,472400,0.10177410973506847,True,99,97,0.10755813953488372,0.112,0.07352941176470588,0.15384615384615385,0.1569767441860465,0.152,0.16176470588235295,0.19230769230769232
region,0.1,54,472400,524310,0.11295762801692157,True,99,99,0.10174418604651163,0.112,0.058823529411764705,0.11538461538461539,0.14825581395348839,0.148,0.11764705882352941,0.23076923076923078
coverage,0.1,55,472400,472400,0.10177410973506847,True,99,89,0.10755813953488372,0.116,0.07352941176470588,0.11538461538461539,0.20930232558139536,0.184,0.25,0.34615384615384615
region,0.1,55,472400,502822,0.10832824175530609,True,99,99,0.11627906976744186,0.12,0.07352941176470588,0.19230769230769232,0.18604651162790697,0.172,0.16176470588235295,0.38461538461538464
coverage,0.1,56,472400,472400,0.10177410973506847,True,99,86,0.0872093023255814,0.092,0.07352941176470588,0.07692307692307693,0.15406976744186046,0.148,0.16176470588235295,0.19230769230769232
region,0.1,56,472400,489770,0.10551631186482743,True,99,99,0.0872093023255814,0.072,0.11764705882352941,0.15384615384615385,0.14534883720930233,0.112,0.22058823529411764,0.2692307692307692
coverage,0.1,57,472400,472400,0.10177410973506847,True,99,81,0.125,0.116,0.16176470588235295,0.11538461538461539,0.16569767441860464,0.148,0.23529411764705882,0.15384615384615385
region,0.1,57,472400,493711,0.10636536302161385,True,99,99,0.14244186046511628,0.136,0.14705882352941177,0.19230769230769232,0.19186046511627908,0.168,0.22058823529411764,0.34615384615384615
coverage,0.1,58,472400,472400,0.10177410973506847,True,99,91,0.09593023255813954,0.068,0.19117647058823528,0.11538461538461539,0.14244186046511628,0.104,0.2647058823529412,0.19230769230769232
region,0.1,58,472400,509100,0.10968077744733987,True,99,99,0.10465116279069768,0.088,0.17647058823529413,0.07692307692307693,0.1686046511627907,0.14,0.27941176470588236,0.15384615384615385
coverage,0.1,59,472400,472400,0.10177410973506847,True,99,85,0.09593023255813954,0.084,0.10294117647058823,0.19230769230769232,0.14825581395348839,0.116,0.22058823529411764,0.2692307692307692
region,0.1,59,472400,509515,0.1097701852702443,True,99,99,0.12790697674418605,0.124,0.14705882352941177,0.11538461538461539,0.21220930232558138,0.196,0.23529411764705882,0.3076923076923077
coverage,0.1,60,472400,472400,0.10177410973506847,True,99,85,0.11337209302325581,0.124,0.08823529411764706,0.07692307692307693,0.21220930232558138,0.184,0.27941176470588236,0.3076923076923077
region,0.1,60,472400,507589,0.1093552467957529,True,99,99,0.06686046511627906,0.072,0.07352941176470588,0.0,0.13662790697674418,0.124,0.14705882352941177,0.23076923076923078
coverage,0.1,61,472400,472400,0.10177410973506847,True,99,92,0.09011627906976744,0.092,0.08823529411764706,0.07692307692307693,0.18604651162790697,0.16,0.25,0.2692307692307692
region,0.1,61,472400,523805,0.1128488305456764,True,99,99,0.09593023255813954,0.088,0.1323529411764706,0.07692307692307693,0.16569767441860464,0.124,0.3088235294117647,0.19230769230769232
coverage,0.1,62,472400,472400,0.10177410973506847,True,99,80,0.11046511627906977,0.092,0.19117647058823528,0.07692307692307693,0.1686046511627907,0.132,0.29411764705882354,0.19230769230769232
region,0.1,62,472400,513740,0.11068042153957255,True,99,99,0.10174418604651163,0.104,0.11764705882352941,0.038461538461538464,0.17151162790697674,0.156,0.22058823529411764,0.19230769230769232
coverage,0.1,63,472400,472400,0.10177410973506847,True,99,92,0.1686046511627907,0.16,0.14705882352941177,0.3076923076923077,0.2180232558139535,0.2,0.23529411764705882,0.34615384615384615
region,0.1,63,472400,515701,0.11110290043286312,True,99,99,0.09883720930232558,0.096,0.08823529411764706,0.15384615384615385,0.15988372093023256,0.124,0.25,0.2692307692307692
coverage,0.1,64,472400,472400,0.10177410973506847,True,99,88,0.10174418604651163,0.112,0.058823529411764705,0.11538461538461539,0.1686046511627907,0.156,0.20588235294117646,0.19230769230769232
region,0.1,64,472400,515039,0.11096027879729027,True,99,99,0.09011627906976744,0.088,0.10294117647058823,0.07692307692307693,0.17732558139534885,0.148,0.22058823529411764,0.34615384615384615
coverage,0.1,65,472400,472400,0.10177410973506847,True,99,98,0.08430232558139535,0.088,0.058823529411764705,0.11538461538461539,0.18023255813953487,0.172,0.17647058823529413,0.2692307692307692
region,0.1,65,472400,510300,0.10993930609188281,True,99,99,0.09302325581395349,0.084,0.11764705882352941,0.11538461538461539,0.13372093023255813,0.1,0.2647058823529412,0.11538461538461539
coverage,0.1,66,472400,472400,0.10177410973506847,True,99,87,0.11918604651162791,0.124,0.07352941176470588,0.19230769230769232,0.2005813953488372,0.172,0.25,0.34615384615384615
region,0.1,66,472400,512238,0.11035682985281964,True,99,99,0.11046511627906977,0.104,0.11764705882352941,0.15384615384615385,0.1744186046511628,0.152,0.22058823529411764,0.2692307692307692
coverage,0.1,67,472400,472400,0.10177410973506847,True,99,85,0.0872093023255814,0.08,0.08823529411764706,0.15384615384615385,0.14244186046511628,0.116,0.20588235294117646,0.23076923076923078
region,0.1,67,472400,520181,0.11206807403915675,True,99,99,0.10755813953488372,0.104,0.16176470588235295,0.0,0.19767441860465115,0.18,0.2647058823529412,0.19230769230769232
coverage,0.1,68,472400,472400,0.10177410973506847,True,99,80,0.11627906976744186,0.12,0.08823529411764706,0.15384615384615385,0.16569767441860464,0.168,0.14705882352941177,0.19230769230769232
region,0.1,68,472400,506113,0.10903725656296508,True,99,99,0.08139534883720931,0.068,0.1323529411764706,0.07692307692307693,0.15406976744186046,0.132,0.20588235294117646,0.23076923076923078
coverage,0.1,69,472400,472400,0.10177410973506847,True,99,98,0.08430232558139535,0.088,0.08823529411764706,0.038461538461538464,0.13953488372093023,0.124,0.17647058823529413,0.19230769230769232
region,0.1,69,472400,509459,0.10975812060016563,True,99,99,0.09883720930232558,0.112,0.058823529411764705,0.07692307692307693,0.14244186046511628,0.14,0.16176470588235295,0.11538461538461539
coverage,0.1,70,472400,472400,0.10177410973506847,True,99,88,0.1308139534883721,0.132,0.10294117647058823,0.19230769230769232,0.18604651162790697,0.184,0.14705882352941177,0.3076923076923077
region,0.1,70,472400,519788,0.11198340590806893,True,99,99,0.11046511627906977,0.116,0.058823529411764705,0.19230769230769232,0.16569767441860464,0.148,0.14705882352941177,0.38461538461538464
coverage,0.1,71,472400,472400,0.10177410973506847,True,99,89,0.0755813953488372,0.08,0.07352941176470588,0.038461538461538464,0.14825581395348839,0.128,0.17647058823529413,0.2692307692307692
region,0.1,71,472400,515772,0.11111819671099858,True,99,99,0.08139534883720931,0.068,0.11764705882352941,0.11538461538461539,0.14244186046511628,0.116,0.22058823529411764,0.19230769230769232
coverage,0.1,72,472400,472400,0.10177410973506847,True,99,90,0.08139534883720931,0.08,0.10294117647058823,0.038461538461538464,0.125,0.104,0.20588235294117646,0.11538461538461539
region,0.1,72,472400,513169,0.11055740499287754,True,99,99,0.15406976744186046,0.164,0.10294117647058823,0.19230769230769232,0.23546511627906977,0.228,0.19117647058823528,0.4230769230769231
coverage,0.1,73,472400,472400,0.10177410973506847,True,99,88,0.08430232558139535,0.084,0.10294117647058823,0.038461538461538464,0.13953488372093023,0.124,0.16176470588235295,0.23076923076923078
region,0.1,73,472400,516018,0.11117119508312989,True,99,99,0.1308139534883721,0.116,0.16176470588235295,0.19230769230769232,0.1744186046511628,0.148,0.25,0.23076923076923078
coverage,0.1,74,472400,472400,0.10177410973506847,True,99,97,0.11337209302325581,0.124,0.08823529411764706,0.07692307692307693,0.18895348837209303,0.176,0.22058823529411764,0.23076923076923078
region,0.1,74,472400,512255,0.11036049234195067,True,99,99,0.10174418604651163,0.088,0.16176470588235295,0.07692307692307693,0.1511627906976744,0.112,0.23529411764705882,0.3076923076923077
coverage,0.1,75,472400,472400,0.10177410973506847,True,99,97,0.125,0.136,0.10294117647058823,0.07692307692307693,0.2005813953488372,0.188,0.23529411764705882,0.23076923076923078
region,0.1,75,472400,508213,0.10948968169091522,True,99,99,0.06976744186046512,0.064,0.10294117647058823,0.038461538461538464,0.1569767441860465,0.144,0.19117647058823528,0.19230769230769232
coverage,0.1,76,472400,472400,0.10177410973506847,True,99,86,0.1308139534883721,0.108,0.20588235294117646,0.15384615384615385,0.18604651162790697,0.148,0.3088235294117647,0.23076923076923078
region,0.1,76,472400,511532,0.11020472883361355,True,99,99,0.1511627906976744,0.156,0.14705882352941177,0.11538461538461539,0.21220930232558138,0.204,0.22058823529411764,0.2692307692307692
coverage,0.1,77,472400,472400,0.10177410973506847,True,99,97,0.10174418604651163,0.1,0.10294117647058823,0.11538461538461539,0.14244186046511628,0.124,0.16176470588235295,0.2692307692307692
region,0.1,77,472400,516779,0.11133514533187754,True,99,99,0.10174418604651163,0.112,0.058823529411764705,0.11538461538461539,0.16569767441860464,0.148,0.19117647058823528,0.2692307692307692
coverage,0.1,78,472400,472400,0.10177410973506847,True,99,94,0.07848837209302326,0.076,0.08823529411764706,0.07692307692307693,0.14534883720930233,0.128,0.14705882352941177,0.3076923076923077
region,0.1,78,472400,508694,0.10959330858926951,True,99,99,0.09593023255813954,0.108,0.058823529411764705,0.07692307692307693,0.14244186046511628,0.14,0.14705882352941177,0.15384615384615385
coverage,0.1,79,472400,472400,0.10177410973506847,True,99,86,0.11627906976744186,0.108,0.16176470588235295,0.07692307692307693,0.1744186046511628,0.16,0.22058823529411764,0.19230769230769232
region,0.1,79,472400,505678,0.10894353992931827,True,99,99,0.11627906976744186,0.148,0.04411764705882353,0.0,0.16279069767441862,0.176,0.11764705882352941,0.15384615384615385
coverage,0.1,80,472400,472400,0.10177410973506847,True,99,90,0.06686046511627906,0.052,0.10294117647058823,0.11538461538461539,0.11918604651162791,0.084,0.20588235294117646,0.23076923076923078
region,0.1,80,472400,522226,0.11250864993756533,True,99,99,0.10465116279069768,0.104,0.10294117647058823,0.11538461538461539,0.17151162790697674,0.156,0.20588235294117646,0.23076923076923078
coverage,0.1,81,472400,472400,0.10177410973506847,True,99,97,0.09883720930232558,0.092,0.08823529411764706,0.19230769230769232,0.16279069767441862,0.144,0.17647058823529413,0.3076923076923077
region,0.1,81,472400,511597,0.11021873246852629,True,99,99,0.0755813953488372,0.064,0.11764705882352941,0.07692307692307693,0.11046511627906977,0.076,0.22058823529411764,0.15384615384615385
coverage,0.1,82,472400,472400,0.10177410973506847,True,99,90,0.08430232558139535,0.088,0.08823529411764706,0.038461538461538464,0.14534883720930233,0.124,0.19117647058823528,0.23076923076923078
region,0.1,82,472400,519544,0.11193083841701187,True,99,99,0.1308139534883721,0.144,0.08823529411764706,0.11538461538461539,0.18895348837209303,0.18,0.20588235294117646,0.23076923076923078
coverage,0.1,83,472400,472400,0.10177410973506847,True,99,85,0.10465116279069768,0.104,0.08823529411764706,0.15384615384615385,0.1569767441860465,0.148,0.17647058823529413,0.19230769230769232
region,0.1,83,472400,520217,0.11207582989849303,True,99,99,0.13953488372093023,0.132,0.14705882352941177,0.19230769230769232,0.19186046511627908,0.172,0.22058823529411764,0.3076923076923077
coverage,0.1,84,472400,472400,0.10177410973506847,True,99,87,0.07267441860465117,0.064,0.11764705882352941,0.038461538461538464,0.13662790697674418,0.108,0.20588235294117646,0.23076923076923078
region,0.1,84,472400,516918,0.11136509156653708,True,99,99,0.16279069767441862,0.172,0.11764705882352941,0.19230769230769232,0.2180232558139535,0.212,0.20588235294117646,0.3076923076923077
coverage,0.1,85,472400,472400,0.10177410973506847,True,99,89,0.10174418604651163,0.092,0.1323529411764706,0.11538461538461539,0.14534883720930233,0.12,0.23529411764705882,0.15384615384615385
region,0.1,85,472400,515707,0.11110419307608584,True,99,99,0.10465116279069768,0.112,0.07352941176470588,0.11538461538461539,0.17151162790697674,0.156,0.22058823529411764,0.19230769230769232
coverage,0.1,86,472400,472400,0.10177410973506847,True,99,89,0.09593023255813954,0.084,0.1323529411764706,0.11538461538461539,0.14244186046511628,0.116,0.19117647058823528,0.2692307692307692
region,0.1,86,472400,504187,0.10862231808847367,True,99,99,0.15406976744186046,0.16,0.10294117647058823,0.23076923076923078,0.19186046511627908,0.196,0.14705882352941177,0.2692307692307692
coverage,0.1,87,472400,472400,0.10177410973506847,True,99,86,0.11627906976744186,0.128,0.07352941176470588,0.11538461538461539,0.16279069767441862,0.16,0.16176470588235295,0.19230769230769232
region,0.1,87,472400,506834,0.10919258919022796,True,99,99,0.09011627906976744,0.1,0.08823529411764706,0.0,0.1744186046511628,0.164,0.16176470588235295,0.3076923076923077
coverage,0.1,88,472400,472400,0.10177410973506847,True,99,88,0.13372093023255813,0.132,0.1323529411764706,0.15384615384615385,0.19186046511627908,0.176,0.25,0.19230769230769232
region,0.1,88,472400,517731,0.11154024472321493,True,99,99,0.14244186046511628,0.152,0.11764705882352941,0.11538461538461539,0.19476744186046513,0.208,0.11764705882352941,0.2692307692307692
coverage,0.1,89,472400,472400,0.10177410973506847,True,99,105,0.11337209302325581,0.112,0.10294117647058823,0.15384615384615385,0.19767441860465115,0.18,0.23529411764705882,0.2692307692307692
region,0.1,89,472400,502138,0.10818088042791661,True,99,99,0.10755813953488372,0.092,0.1323529411764706,0.19230769230769232,0.19186046511627908,0.144,0.3235294117647059,0.3076923076923077
coverage,0.1,90,472400,472400,0.10177410973506847,True,99,88,0.07848837209302326,0.072,0.10294117647058823,0.07692307692307693,0.14825581395348839,0.124,0.22058823529411764,0.19230769230769232
region,0.1,90,472400,489845,0.10553246990511136,True,99,99,0.06686046511627906,0.072,0.04411764705882353,0.07692307692307693,0.13953488372093023,0.132,0.14705882352941177,0.19230769230769232
coverage,0.1,91,472400,472400,0.10177410973506847,True,99,93,0.12209302325581395,0.12,0.10294117647058823,0.19230769230769232,0.1569767441860465,0.14,0.19117647058823528,0.23076923076923078
region,0.1,91,472400,518230,0.11164774955123737,True,99,99,0.11918604651162791,0.108,0.14705882352941177,0.15384615384615385,0.16279069767441862,0.144,0.19117647058823528,0.2692307692307692
coverage,0.1,92,472400,472400,0.10177410973506847,True,99,89,0.08430232558139535,0.06,0.16176470588235295,0.11538461538461539,0.13372093023255813,0.1,0.2647058823529412,0.11538461538461539
region,0.1,92,472400,493796,0.10638367546726898,True,99,99,0.11337209302325581,0.124,0.08823529411764706,0.07692307692307693,0.15406976744186046,0.152,0.17647058823529413,0.11538461538461539
coverage,0.1,93,472400,472400,0.10177410973506847,True,99,97,0.10465116279069768,0.108,0.08823529411764706,0.11538461538461539,0.14244186046511628,0.128,0.17647058823529413,0.19230769230769232
region,0.1,93,472400,516500,0.1112750374220213,True,99,99,0.10755813953488372,0.1,0.14705882352941177,0.07692307692307693,0.18023255813953487,0.132,0.3382352941176471,0.23076923076923078
coverage,0.1,94,472400,472400,0.10177410973506847,True,99,96,0.1569767441860465,0.172,0.08823529411764706,0.19230769230769232,0.20930232558139536,0.204,0.22058823529411764,0.23076923076923078
region,0.1,94,472400,495503,0.10675143246413131,True,99,99,0.10174418604651163,0.12,0.07352941176470588,0.0,0.17151162790697674,0.168,0.16176470588235295,0.23076923076923078
coverage,0.1,95,472400,472400,0.10177410973506847,True,99,96,0.11046511627906977,0.112,0.07352941176470588,0.19230769230769232,0.1569767441860465,0.148,0.14705882352941177,0.2692307692307692
region,0.1,95,472400,513861,0.11070648984456397,True,99,99,0.09302325581395349,0.096,0.08823529411764706,0.07692307692307693,0.14825581395348839,0.12,0.22058823529411764,0.23076923076923078
coverage,0.1,96,472400,472400,0.10177410973506847,True,99,99,0.10465116279069768,0.084,0.17647058823529413,0.11538461538461539,0.14244186046511628,0.108,0.23529411764705882,0.23076923076923078
region,0.1,96,472400,510091,0.10989427901962491,True,99,99,0.1308139534883721,0.136,0.11764705882352941,0.11538461538461539,0.1686046511627907,0.168,0.16176470588235295,0.19230769230769232
coverage,0.1,97,472400,472400,0.10177410973506847,True,99,85,0.09593023255813954,0.092,0.10294117647058823,0.11538461538461539,0.14825581395348839,0.128,0.19117647058823528,0.23076923076923078
region,0.1,97,472400,503984,0.1085785836594385,True,99,99,0.11046511627906977,0.116,0.08823529411764706,0.11538461538461539,0.14825581395348839,0.148,0.1323529411764706,0.19230769230769232
coverage,0.1,98,472400,472400,0.10177410973506847,True,99,92,0.05232558139534884,0.048,0.08823529411764706,0.0,0.10755813953488372,0.08,0.20588235294117646,0.11538461538461539
region,0.1,98,472400,491802,0.10595408703625347,True,99,99,0.13953488372093023,0.14,0.16176470588235295,0.07692307692307693,0.18895348837209303,0.188,0.19117647058823528,0.19230769230769232
coverage,0.1,99,472400,472400,0.10177410973506847,True,99,95,0.10465116279069768,0.112,0.058823529411764705,0.15384615384615385,0.1744186046511628,0.168,0.14705882352941177,0.3076923076923077
region,0.1,99,472400,518550,0.11171669052311547,True,99,99,0.11918604651162791,0.12,0.11764705882352941,0.11538461538461539,0.22093023255813954,0.212,0.20588235294117646,0.34615384615384615
coverage,0.2,0,930800,930800,0.20053205195046936,True,196,200,0.22965116279069767,0.232,0.19117647058823528,0.3076923076923077,0.33430232558139533,0.312,0.35294117647058826,0.5
region,0.2,0,930800,955443,0.20584115310669562,True,196,196,0.2703488372093023,0.276,0.25,0.2692307692307692,0.38953488372093026,0.372,0.4117647058823529,0.5
coverage,0.2,1,930800,930800,0.20053205195046936,True,196,179,0.20930232558139536,0.216,0.22058823529411764,0.11538461538461539,0.32848837209302323,0.312,0.36764705882352944,0.38461538461538464
region,0.2,1,930800,918082,0.1977920791993885,True,196,196,0.2441860465116279,0.24,0.20588235294117646,0.38461538461538464,0.32558139534883723,0.3,0.35294117647058826,0.5
coverage,0.2,2,930800,930800,0.20053205195046936,True,196,174,0.19767441860465115,0.216,0.11764705882352941,0.23076923076923078,0.29069767441860467,0.284,0.29411764705882354,0.34615384615384615
region,0.2,2,930800,933270,0.20106419007715357,True,196,196,0.13662790697674418,0.12,0.19117647058823528,0.15384615384615385,0.2063953488372093,0.176,0.27941176470588236,0.3076923076923077
coverage,0.2,3,930800,930800,0.20053205195046936,True,196,196,0.19186046511627908,0.208,0.11764705882352941,0.23076923076923078,0.27906976744186046,0.26,0.29411764705882354,0.4230769230769231
region,0.2,3,930800,938752,0.20224523510164052,True,196,196,0.2441860465116279,0.268,0.14705882352941177,0.2692307692307692,0.34593023255813954,0.344,0.35294117647058826,0.34615384615384615
coverage,0.2,4,930800,930800,0.20053205195046936,True,196,180,0.18023255813953487,0.168,0.22058823529411764,0.19230769230769232,0.29941860465116277,0.268,0.39705882352941174,0.34615384615384615
region,0.2,4,930800,974636,0.20997610333562275,True,196,196,0.18895348837209303,0.172,0.25,0.19230769230769232,0.3023255813953488,0.252,0.4264705882352941,0.46153846153846156
coverage,0.2,5,930800,930800,0.20053205195046936,True,196,166,0.2238372093023256,0.216,0.23529411764705882,0.2692307692307692,0.3081395348837209,0.292,0.3088235294117647,0.46153846153846156
region,0.2,5,930800,933994,0.2012201690260278,True,196,196,0.19476744186046513,0.18,0.23529411764705882,0.23076923076923078,0.3081395348837209,0.26,0.39705882352941174,0.5384615384615384
coverage,0.2,6,930800,930800,0.20053205195046936,True,196,172,0.24709302325581395,0.252,0.22058823529411764,0.2692307692307692,0.34011627906976744,0.32,0.36764705882352944,0.46153846153846156
region,0.2,6,930800,927967,0.19992170890881092,True,196,196,0.18313953488372092,0.176,0.20588235294117646,0.19230769230769232,0.29069767441860467,0.248,0.36764705882352944,0.5
coverage,0.2,7,930800,930800,0.20053205195046936,True,196,180,0.22965116279069767,0.232,0.20588235294117646,0.2692307692307692,0.35174418604651164,0.328,0.3235294117647059,0.6538461538461539
region,0.2,7,930800,957139,0.20620654025764965,True,196,196,0.19186046511627908,0.184,0.19117647058823528,0.2692307692307692,0.3168604651162791,0.3,0.3088235294117647,0.5
coverage,0.2,8,930800,930800,0.20053205195046936,True,196,204,0.18023255813953487,0.184,0.14705882352941177,0.23076923076923078,0.27906976744186046,0.256,0.27941176470588236,0.5
region,0.2,8,930800,966124,0.20814227348366487,True,196,196,0.22965116279069767,0.252,0.14705882352941177,0.23076923076923078,0.3372093023255814,0.328,0.3088235294117647,0.5
coverage,0.2,9,930800,930800,0.20053205195046936,True,196,182,0.2441860465116279,0.248,0.20588235294117646,0.3076923076923077,0.34011627906976744,0.32,0.36764705882352944,0.46153846153846156
region,0.2,9,930800,961505,0.2071471536427117,True,196,196,0.17732558139534885,0.192,0.1323529411764706,0.15384615384615385,0.31976744186046513,0.28,0.36764705882352944,0.5769230769230769
coverage,0.2,10,930800,930800,0.20053205195046936,True,196,194,0.20930232558139536,0.2,0.23529411764705882,0.23076923076923078,0.3488372093023256,0.296,0.47058823529411764,0.5384615384615384
region,0.2,10,930800,940713,0.2026677139949311,True,196,196,0.2180232558139535,0.188,0.3088235294117647,0.2692307692307692,0.32558139534883723,0.252,0.5,0.5769230769230769
coverage,0.2,11,930800,930800,0.20053205195046936,True,196,189,0.20930232558139536,0.208,0.20588235294117646,0.23076923076923078,0.3226744186046512,0.284,0.4117647058823529,0.46153846153846156
region,0.2,11,930800,950206,0.20471289101380286,True,196,196,0.20348837209302326,0.208,0.22058823529411764,0.11538461538461539,0.31976744186046513,0.3,0.36764705882352944,0.38461538461538464
coverage,0.2,12,930800,930800,0.20053205195046936,True,196,187,0.17151162790697674,0.164,0.20588235294117646,0.15384615384615385,0.29941860465116277,0.264,0.4264705882352941,0.3076923076923077
region,0.2,12,930800,950895,0.20486132954387792,True,196,196,0.2005813953488372,0.192,0.25,0.15384615384615385,0.3081395348837209,0.276,0.4117647058823529,0.34615384615384615
coverage,0.2,13,930800,930800,0.20053205195046936,True,196,186,0.2180232558139535,0.2,0.2647058823529412,0.2692307692307692,0.3226744186046512,0.296,0.36764705882352944,0.46153846153846156
region,0.2,13,930800,979520,0.2110283149189125,True,196,196,0.25872093023255816,0.264,0.20588235294117646,0.34615384615384615,0.34593023255813954,0.312,0.4264705882352941,0.46153846153846156
coverage,0.2,14,930800,930800,0.20053205195046936,True,196,175,0.1686046511627907,0.164,0.19117647058823528,0.15384615384615385,0.29069767441860467,0.252,0.36764705882352944,0.46153846153846156
region,0.2,14,930800,964459,0.20778356498936154,True,196,196,0.2616279069767442,0.272,0.17647058823529413,0.38461538461538464,0.3633720930232558,0.34,0.38235294117647056,0.5384615384615384
coverage,0.2,15,930800,930800,0.20053205195046936,True,196,167,0.19767441860465115,0.192,0.19117647058823528,0.2692307692307692,0.2936046511627907,0.264,0.38235294117647056,0.34615384615384615
region,0.2,15,930800,964453,0.20778227234613883,True,196,196,0.20348837209302326,0.196,0.23529411764705882,0.19230769230769232,0.311046511627907,0.264,0.4117647058823529,0.5
coverage,0.2,16,930800,930800,0.20053205195046936,True,196,181,0.18023255813953487,0.192,0.14705882352941177,0.15384615384615385,0.3023255813953488,0.284,0.3235294117647059,0.4230769230769231
region,0.2,16,930800,938107,0.2021062759551987,True,196,196,0.18895348837209303,0.18,0.23529411764705882,0.15384615384615385,0.2819767441860465,0.256,0.35294117647058826,0.34615384615384615
coverage,0.2,17,930800,930800,0.20053205195046936,True,196,189,0.18313953488372092,0.164,0.20588235294117646,0.3076923076923077,0.27906976744186046,0.252,0.27941176470588236,0.5384615384615384
region,0.2,17,930800,935666,0.20158038560409094,True,196,196,0.19186046511627908,0.196,0.19117647058823528,0.15384615384615385,0.3168604651162791,0.296,0.36764705882352944,0.38461538461538464
coverage,0.2,18,930800,930800,0.20053205195046936,True,196,183,0.1744186046511628,0.18,0.14705882352941177,0.19230769230769232,0.2616279069767442,0.244,0.27941176470588236,0.38461538461538464
region,0.2,18,930800,956987,0.20617379329600755,True,196,196,0.20930232558139536,0.224,0.16176470588235295,0.19230769230769232,0.32558139534883723,0.308,0.3382352941176471,0.46153846153846156
coverage,0.2,19,930800,930800,0.20053205195046936,True,196,182,0.24709302325581395,0.248,0.23529411764705882,0.2692307692307692,0.35174418604651164,0.344,0.3088235294117647,0.5384615384615384
region,0.2,19,930800,954994,0.20574442030552914,True,196,196,0.2005813953488372,0.212,0.17647058823529413,0.15384615384615385,0.32558139534883723,0.3,0.38235294117647056,0.4230769230769231
coverage,0.2,20,930800,930800,0.20053205195046936,True,196,184,0.25872093023255816,0.268,0.19117647058823528,0.34615384615384615,0.37790697674418605,0.38,0.29411764705882354,0.5769230769230769
region,0.2,20,930800,951023,0.20488890593262915,True,196,196,0.22674418604651161,0.244,0.17647058823529413,0.19230769230769232,0.3633720930232558,0.348,0.35294117647058826,0.5384615384615384
coverage,0.2,21,930800,930800,0.20053205195046936,True,196,197,0.14534883720930233,0.14,0.19117647058823528,0.07692307692307693,0.23255813953488372,0.196,0.3382352941176471,0.3076923076923077
region,0.2,21,930800,946256,0.20386190089218234,True,196,196,0.18895348837209303,0.196,0.19117647058823528,0.11538461538461539,0.311046511627907,0.3,0.3382352941176471,0.34615384615384615
coverage,0.2,22,930800,930800,0.20053205195046936,True,196,186,0.15988372093023256,0.152,0.19117647058823528,0.15384615384615385,0.26453488372093026,0.244,0.3235294117647059,0.3076923076923077
region,0.2,22,930800,950873,0.2048565898520613,True,196,196,0.1744186046511628,0.16,0.2647058823529412,0.07692307692307693,0.2877906976744186,0.232,0.4852941176470588,0.3076923076923077
coverage,0.2,23,930800,930800,0.20053205195046936,True,196,175,0.2005813953488372,0.192,0.2647058823529412,0.11538461538461539,0.30523255813953487,0.264,0.4264705882352941,0.38461538461538464
region,0.2,23,930800,934162,0.20125636303626382,True,196,196,0.23546511627906977,0.24,0.17647058823529413,0.34615384615384615,0.3226744186046512,0.292,0.3382352941176471,0.5769230769230769
coverage,0.2,24,930800,930800,0.20053205195046936,True,196,196,0.19767441860465115,0.188,0.25,0.15384615384615385,0.3226744186046512,0.284,0.4411764705882353,0.38461538461538464
region,0.2,24,930800,930507,0.20046892787309345,True,196,196,0.21511627906976744,0.208,0.22058823529411764,0.2692307692307692,0.33430232558139533,0.32,0.3235294117647059,0.5
coverage,0.2,25,930800,930800,0.20053205195046936,True,196,172,0.21220930232558138,0.212,0.19117647058823528,0.2692307692307692,0.35755813953488375,0.328,0.38235294117647056,0.5769230769230769
region,0.2,25,930800,962896,0.20744683142984438,True,196,196,0.19476744186046513,0.22,0.10294117647058823,0.19230769230769232,0.29651162790697677,0.288,0.29411764705882354,0.38461538461538464
coverage,0.2,26,930800,930800,0.20053205195046936,True,196,196,0.18313953488372092,0.16,0.2647058823529412,0.19230769230769232,0.2936046511627907,0.248,0.4117647058823529,0.4230769230769231
region,0.2,26,930800,955339,0.20581874729083524,True,196,196,0.24709302325581395,0.236,0.27941176470588236,0.2692307692307692,0.37209302325581395,0.34,0.4264705882352941,0.5384615384615384
coverage,0.2,27,930800,930800,0.20053205195046936,True,196,185,0.2238372093023256,0.244,0.14705882352941177,0.23076923076923078,0.29941860465116277,0.308,0.20588235294117646,0.46153846153846156
region,0.2,27,930800,979254,0.2109710077360388,True,196,196,0.2063953488372093,0.196,0.25,0.19230769230769232,0.311046511627907,0.276,0.4117647058823529,0.38461538461538464
coverage,0.2,28,930800,930800,0.20053205195046936,True,196,188,0.23255813953488372,0.256,0.14705882352941177,0.23076923076923078,0.34011627906976744,0.336,0.29411764705882354,0.5
region,0.2,28,930800,933450,0.201102969373835,True,196,196,0.24127906976744187,0.252,0.17647058823529413,0.3076923076923077,0.3313953488372093,0.316,0.35294117647058826,0.4230769230769231
coverage,0.2,29,930800,930800,0.20053205195046936,True,196,182,0.18895348837209303,0.208,0.14705882352941177,0.11538461538461539,0.28488372093023256,0.268,0.3382352941176471,0.3076923076923077
region,0.2,29,930800,915640,0.19726597340774363,True,196,196,0.19767441860465115,0.188,0.20588235294117646,0.2692307692307692,0.3430232558139535,0.328,0.3382352941176471,0.5
coverage,0.2,30,930800,930800,0.20053205195046936,True,196,179,0.18313953488372092,0.176,0.20588235294117646,0.19230769230769232,0.29941860465116277,0.28,0.35294117647058826,0.34615384615384615
region,0.2,30,930800,935201,0.20148020575433057,True,196,196,0.25,0.256,0.25,0.19230769230769232,0.313953488372093,0.308,0.3235294117647059,0.34615384615384615
coverage,0.2,31,930800,930800,0.20053205195046936,True,196,176,0.23546511627906977,0.228,0.27941176470588236,0.19230769230769232,0.3633720930232558,0.348,0.36764705882352944,0.5
region,0.2,31,930800,930752,0.20052171080468764,True,196,196,0.16279069767441862,0.168,0.14705882352941177,0.15384615384615385,0.2819767441860465,0.244,0.36764705882352944,0.4230769230769231
coverage,0.2,32,930800,930800,0.20053205195046936,True,196,176,0.18604651162790697,0.164,0.2647058823529412,0.19230769230769232,0.2819767441860465,0.244,0.39705882352941174,0.34615384615384615
region,0.2,32,930800,906328,0.19525979112609046,True,196,196,0.17151162790697674,0.168,0.16176470588235295,0.23076923076923078,0.2761627906976744,0.248,0.35294117647058826,0.34615384615384615
coverage,0.2,33,930800,930800,0.20053205195046936,True,196,208,0.22093023255813954,0.22,0.22058823529411764,0.23076923076923078,0.3372093023255814,0.3,0.4411764705882353,0.4230769230769231
region,0.2,33,930800,937490,0.20197334914379622,True,196,196,0.20348837209302326,0.2,0.16176470588235295,0.34615384615384615,0.30523255813953487,0.292,0.29411764705882354,0.46153846153846156
coverage,0.2,34,930800,930800,0.20053205195046936,True,196,183,0.18313953488372092,0.188,0.11764705882352941,0.3076923076923077,0.28488372093023256,0.256,0.3235294117647059,0.46153846153846156
region,0.2,34,930800,929132,0.20017269713455468,True,196,196,0.16569767441860464,0.152,0.25,0.07692307692307693,0.26453488372093026,0.224,0.36764705882352944,0.38461538461538464
coverage,0.2,35,930800,930800,0.20053205195046936,True,196,177,0.13953488372093023,0.128,0.22058823529411764,0.038461538461538464,0.22965116279069767,0.2,0.3382352941176471,0.23076923076923078
region,0.2,35,930800,940895,0.2027069241726868,True,196,196,0.20930232558139536,0.192,0.2647058823529412,0.23076923076923078,0.3168604651162791,0.296,0.36764705882352944,0.38461538461538464
coverage,0.2,36,930800,930800,0.20053205195046936,True,196,171,0.16279069767441862,0.164,0.14705882352941177,0.19230769230769232,0.2441860465116279,0.22,0.27941176470588236,0.38461538461538464
region,0.2,36,930800,944210,0.20342110955323664,True,196,196,0.18895348837209303,0.208,0.11764705882352941,0.19230769230769232,0.2877906976744186,0.288,0.23529411764705882,0.4230769230769231
coverage,0.2,37,930800,930800,0.20053205195046936,True,196,188,0.18313953488372092,0.188,0.19117647058823528,0.11538461538461539,0.30523255813953487,0.28,0.3382352941176471,0.46153846153846156
region,0.2,37,930800,963800,0.20764158967540006,True,196,196,0.18895348837209303,0.204,0.17647058823529413,0.07692307692307693,0.29941860465116277,0.292,0.3235294117647059,0.3076923076923077
coverage,0.2,38,930800,930800,0.20053205195046936,True,196,166,0.1686046511627907,0.16,0.23529411764705882,0.07692307692307693,0.24709302325581395,0.216,0.3382352941176471,0.3076923076923077
region,0.2,38,930800,972614,0.2095404825695679,True,196,196,0.2616279069767442,0.268,0.17647058823529413,0.4230769230769231,0.37790697674418605,0.36,0.36764705882352944,0.5769230769230769
coverage,0.2,39,930800,930800,0.20053205195046936,True,196,178,0.25,0.264,0.17647058823529413,0.3076923076923077,0.32558139534883723,0.316,0.3235294117647059,0.4230769230769231
region,0.2,39,930800,968794,0.2087174997177729,True,196,196,0.2703488372093023,0.272,0.25,0.3076923076923077,0.38372093023255816,0.36,0.4264705882352941,0.5
coverage,0.2,40,930800,930800,0.20053205195046936,True,196,187,0.20930232558139536,0.204,0.23529411764705882,0.19230769230769232,0.32848837209302323,0.308,0.35294117647058826,0.46153846153846156
region,0.2,40,930800,956465,0.20606133333563137,True,196,196,0.18604651162790697,0.192,0.19117647058823528,0.11538461538461539,0.2936046511627907,0.256,0.38235294117647056,0.4230769230769231
coverage,0.2,41,930800,930800,0.20053205195046936,True,196,189,0.19476744186046513,0.204,0.19117647058823528,0.11538461538461539,0.3081395348837209,0.3,0.3235294117647059,0.34615384615384615
region,0.2,41,930800,945096,0.20361198986912418,True,196,196,0.22093023255813954,0.224,0.19117647058823528,0.2692307692307692,0.313953488372093,0.3,0.3088235294117647,0.46153846153846156
coverage,0.2,42,930800,930800,0.20053205195046936,True,196,183,0.1744186046511628,0.156,0.2647058823529412,0.11538461538461539,0.2936046511627907,0.248,0.38235294117647056,0.5
region,0.2,42,930800,968806,0.20872008500421832,True,196,196,0.13953488372093023,0.128,0.22058823529411764,0.038461538461538464,0.25290697674418605,0.208,0.36764705882352944,0.38461538461538464
coverage,0.2,43,930800,930800,0.20053205195046936,True,196,189,0.2180232558139535,0.216,0.22058823529411764,0.23076923076923078,0.311046511627907,0.28,0.35294117647058826,0.5
region,0.2,43,930800,935140,0.2014670638815663,True,196,196,0.22965116279069767,0.252,0.1323529411764706,0.2692307692307692,0.3546511627906977,0.356,0.3088235294117647,0.46153846153846156
coverage,0.2,44,930800,930800,0.20053205195046936,True,196,184,0.2063953488372093,0.204,0.20588235294117646,0.23076923076923078,0.3488372093023256,0.312,0.39705882352941174,0.5769230769230769
region,0.2,44,930800,960509,0.20693257486774105,True,196,196,0.18895348837209303,0.196,0.16176470588235295,0.19230769230769232,0.313953488372093,0.284,0.35294117647058826,0.5
coverage,0.2,45,930800,930800,0.20053205195046936,True,196,176,0.19186046511627908,0.196,0.17647058823529413,0.19230769230769232,0.28488372093023256,0.244,0.4117647058823529,0.34615384615384615
region,0.2,45,930800,931504,0.20068372208860122,True,196,196,0.17732558139534885,0.176,0.20588235294117646,0.11538461538461539,0.2936046511627907,0.236,0.47058823529411764,0.38461538461538464
coverage,0.2,46,930800,930800,0.20053205195046936,True,196,181,0.1511627906976744,0.172,0.10294117647058823,0.07692307692307693,0.2703488372093023,0.252,0.27941176470588236,0.4230769230769231
region,0.2,46,930800,969557,0.2088818808475948,True,196,196,0.18313953488372092,0.14,0.3088235294117647,0.2692307692307692,0.2819767441860465,0.216,0.4852941176470588,0.38461538461538464
coverage,0.2,47,930800,930800,0.20053205195046936,True,196,181,0.2936046511627907,0.3,0.27941176470588236,0.2692307692307692,0.39244186046511625,0.388,0.38235294117647056,0.46153846153846156
region,0.2,47,930800,924835,0.19924694914655386,True,196,196,0.18895348837209303,0.192,0.16176470588235295,0.23076923076923078,0.28488372093023256,0.264,0.3382352941176471,0.34615384615384615
coverage,0.2,48,930800,930800,0.20053205195046936,True,196,195,0.18604651162790697,0.196,0.17647058823529413,0.11538461538461539,0.2703488372093023,0.248,0.3088235294117647,0.38461538461538464
region,0.2,48,930800,925117,0.19930770337802145,True,196,196,0.23837209302325582,0.232,0.23529411764705882,0.3076923076923077,0.29941860465116277,0.28,0.3235294117647059,0.4230769230769231
coverage,0.2,49,930800,930800,0.20053205195046936,True,196,170,0.20348837209302326,0.204,0.20588235294117646,0.19230769230769232,0.30523255813953487,0.268,0.4411764705882353,0.3076923076923077
region,0.2,49,930800,970677,0.20912317424916818,True,196,196,0.27325581395348836,0.288,0.25,0.19230769230769232,0.35755813953488375,0.356,0.35294117647058826,0.38461538461538464
coverage,0.2,50,930800,930800,0.20053205195046936,True,196,179,0.18313953488372092,0.172,0.20588235294117646,0.23076923076923078,0.3081395348837209,0.288,0.35294117647058826,0.38461538461538464
region,0.2,50,930800,950164,0.20470384251124385,True,196,196,0.2005813953488372,0.192,0.23529411764705882,0.19230769230769232,0.31976744186046513,0.288,0.4411764705882353,0.3076923076923077
coverage,0.2,51,930800,930800,0.20053205195046936,True,196,194,0.22965116279069767,0.232,0.17647058823529413,0.34615384615384615,0.3313953488372093,0.312,0.3235294117647059,0.5384615384615384
region,0.2,51,930800,943751,0.20332222234669897,True,196,196,0.20930232558139536,0.216,0.16176470588235295,0.2692307692307692,0.311046511627907,0.276,0.39705882352941174,0.4230769230769231
coverage,0.2,52,930800,930800,0.20053205195046936,True,196,185,0.2180232558139535,0.22,0.19117647058823528,0.2692307692307692,0.3168604651162791,0.296,0.3088235294117647,0.5384615384615384
region,0.2,52,930800,937489,0.2019731337032591,True,196,196,0.23837209302325582,0.244,0.23529411764705882,0.19230769230769232,0.3372093023255814,0.3,0.4264705882352941,0.46153846153846156
coverage,0.2,53,930800,930800,0.20053205195046936,True,196,191,0.20930232558139536,0.212,0.16176470588235295,0.3076923076923077,0.31976744186046513,0.288,0.3382352941176471,0.5769230769230769
region,0.2,53,930800,950443,0.20476395042110007,True,196,196,0.24709302325581395,0.26,0.14705882352941177,0.38461538461538464,0.38372093023255816,0.364,0.38235294117647056,0.5769230769230769
coverage,0.2,54,930800,930800,0.20053205195046936,True,196,175,0.1686046511627907,0.164,0.19117647058823528,0.15384615384615385,0.23837209302325582,0.208,0.35294117647058826,0.23076923076923078
region,0.2,54,930800,939165,0.20233421204347074,True,196,196,0.1744186046511628,0.172,0.17647058823529413,0.19230769230769232,0.2558139534883721,0.216,0.35294117647058826,0.38461538461538464
coverage,0.2,55,930800,930800,0.20053205195046936,True,196,165,0.19767441860465115,0.188,0.23529411764705882,0.19230769230769232,0.2703488372093023,0.24,0.38235294117647056,0.2692307692307692
region,0.2,55,930800,943411,0.20324897256407848,True,196,196,0.2180232558139535,0.204,0.2647058823529412,0.23076923076923078,0.31976744186046513,0.296,0.4117647058823529,0.3076923076923077
coverage,0.2,56,930800,930800,0.20053205195046936,True,196,185,0.2063953488372093,0.22,0.11764705882352941,0.3076923076923077,0.2936046511627907,0.296,0.25,0.38461538461538464
region,0.2,56,930800,933612,0.2011378707408483,True,196,196,0.19476744186046513,0.208,0.19117647058823528,0.07692307692307693,0.30523255813953487,0.292,0.35294117647058826,0.3076923076923077
coverage,0.2,57,930800,930800,0.20053205195046936,True,196,195,0.2703488372093023,0.272,0.23529411764705882,0.34615384615384615,0.39244186046511625,0.392,0.3382352941176471,0.5384615384615384
region,0.2,57,930800,970498,0.20908461039302387,True,196,196,0.2441860465116279,0.212,0.35294117647058826,0.2692307692307692,0.32558139534883723,0.284,0.47058823529411764,0.34615384615384615
coverage,0.2,58,930800,930800,0.20053205195046936,True,196,205,0.21220930232558138,0.216,0.14705882352941177,0.34615384615384615,0.32848837209302323,0.296,0.3088235294117647,0.6923076923076923
region,0.2,58,930800,937485,0.20197227194111061,True,196,196,0.2238372093023256,0.224,0.19117647058823528,0.3076923076923077,0.3633720930232558,0.34,0.35294117647058826,0.6153846153846154
coverage,0.2,59,930800,930800,0.20053205195046936,True,196,182,0.20348837209302326,0.204,0.17647058823529413,0.2692307692307692,0.2936046511627907,0.272,0.3382352941176471,0.38461538461538464
region,0.2,59,930800,963790,0.20763943527002887,True,196,196,0.18604651162790697,0.2,0.1323529411764706,0.19230769230769232,0.3081395348837209,0.304,0.29411764705882354,0.38461538461538464
coverage,0.2,60,930800,930800,0.20053205195046936,True,196,181,0.18023255813953487,0.2,0.14705882352941177,0.07692307692307693,0.2761627906976744,0.272,0.3088235294117647,0.23076923076923078
region,0.2,60,930800,932146,0.20082203491343167,True,196,196,0.21220930232558138,0.204,0.27941176470588236,0.11538461538461539,0.313953488372093,0.268,0.4117647058823529,0.5
coverage,0.2,61,930800,930800,0.20053205195046936,True,196,191,0.2005813953488372,0.2,0.17647058823529413,0.2692307692307692,0.3023255813953488,0.28,0.3235294117647059,0.46153846153846156
region,0.2,61,930800,949439,0.2045476481218325,True,196,196,0.19476744186046513,0.172,0.25,0.2692307692307692,0.29651162790697677,0.248,0.36764705882352944,0.5769230769230769
coverage,0.2,62,930800,930800,0.20053205195046936,True,196,180,0.20348837209302326,0.196,0.23529411764705882,0.19230769230769232,0.3081395348837209,0.28,0.4117647058823529,0.3076923076923077
region,0.2,62,930800,945368,0.2036705896952206,True,196,196,0.2238372093023256,0.236,0.19117647058823528,0.19230769230769232,0.3430232558139535,0.312,0.4264705882352941,0.4230769230769231
coverage,0.2,63,930800,930800,0.20053205195046936,True,196,176,0.1744186046511628,0.176,0.19117647058823528,0.11538461538461539,0.2819767441860465,0.26,0.3088235294117647,0.4230769230769231
region,0.2,63,930800,951678,0.2050300194844422,True,196,196,0.22965116279069767,0.244,0.19117647058823528,0.19230769230769232,0.3488372093023256,0.324,0.38235294117647056,0.5
coverage,0.2,64,930800,930800,0.20053205195046936,True,196,168,0.18313953488372092,0.192,0.1323529411764706,0.23076923076923078,0.27906976744186046,0.272,0.29411764705882354,0.3076923076923077
region,0.2,64,930800,950532,0.20478312462890366,True,196,196,0.2238372093023256,0.216,0.19117647058823528,0.38461538461538464,0.3226744186046512,0.3,0.3382352941176471,0.5
coverage,0.2,65,930800,930800,0.20053205195046936,True,196,194,0.2441860465116279,0.248,0.22058823529411764,0.2692307692307692,0.34011627906976744,0.316,0.36764705882352944,0.5
region,0.2,65,930800,922921,0.1988345959585079,True,196,196,0.20348837209302326,0.232,0.11764705882352941,0.15384615384615385,0.313953488372093,0.292,0.35294117647058826,0.4230769230769231
coverage,0.2,66,930800,930800,0.20053205195046936,True,196,200,0.21220930232558138,0.2,0.25,0.23076923076923078,0.33430232558139533,0.316,0.3382352941176471,0.5
region,0.2,66,930800,965802,0.20807290163071251,True,196,196,0.23837209302325582,0.22,0.3235294117647059,0.19230769230769232,0.32848837209302323,0.3,0.4117647058823529,0.38461538461538464
coverage,0.2,67,930800,930800,0.20053205195046936,True,196,195,0.2180232558139535,0.192,0.27941176470588236,0.3076923076923077,0.3023255813953488,0.256,0.4411764705882353,0.38461538461538464
region,0.2,67,930800,934446,0.20131754814880565,True,196,196,0.17732558139534885,0.172,0.17647058823529413,0.23076923076923078,0.27906976744186046,0.244,0.38235294117647056,0.34615384615384615
coverage,0.2,68,930800,930800,0.20053205195046936,True,196,192,0.19767441860465115,0.18,0.3235294117647059,0.038461538461538464,0.2877906976744186,0.24,0.47058823529411764,0.2692307692307692
region,0.2,68,930800,958277,0.2064517115888912,True,196,196,0.1744186046511628,0.184,0.19117647058823528,0.038461538461538464,0.26744186046511625,0.248,0.3382352941176471,0.2692307692307692
coverage,0.2,69,930800,930800,0.20053205195046936,True,196,188,0.2005813953488372,0.192,0.20588235294117646,0.2692307692307692,0.2616279069767442,0.232,0.3382352941176471,0.34615384615384615
region,0.2,69,930800,961271,0.20709674055702582,True,196,196,0.17151162790697674,0.188,0.11764705882352941,0.15384615384615385,0.28488372093023256,0.26,0.3235294117647059,0.4230769230769231
coverage,0.2,70,930800,930800,0.20053205195046936,True,196,200,0.2180232558139535,0.2,0.2647058823529412,0.2692307692307692,0.34593023255813954,0.3,0.45588235294117646,0.5
region,0.2,70,930800,971001,0.20919297698319478,True,196,196,0.18313953488372092,0.2,0.10294117647058823,0.23076923076923078,0.2761627906976744,0.268,0.27941176470588236,0.34615384615384615
coverage,0.2,71,930800,930800,0.20053205195046936,True,196,169,0.22674418604651161,0.244,0.19117647058823528,0.15384615384615385,0.3168604651162791,0.304,0.3235294117647059,0.4230769230769231
region,0.2,71,930800,930431,0.20045255439227241,True,196,196,0.2180232558139535,0.208,0.22058823529411764,0.3076923076923077,0.3226744186046512,0.296,0.3382352941176471,0.5384615384615384
coverage,0.2,72,930800,930800,0.20053205195046936,True,196,178,0.2238372093023256,0.224,0.23529411764705882,0.19230769230769232,0.3313953488372093,0.308,0.39705882352941174,0.38461538461538464
region,0.2,72,930800,935559,0.20155733346661922,True,196,196,0.19476744186046513,0.2,0.19117647058823528,0.15384615384615385,0.32558139534883723,0.304,0.3235294117647059,0.5384615384615384
coverage,0.2,73,930800,930800,0.20053205195046936,True,196,186,0.2005813953488372,0.188,0.23529411764705882,0.23076923076923078,0.311046511627907,0.276,0.4117647058823529,0.38461538461538464
region,0.2,73,930800,956527,0.20607469064893275,True,196,196,0.1744186046511628,0.176,0.14705882352941177,0.23076923076923078,0.29651162790697677,0.264,0.35294117647058826,0.46153846153846156
coverage,0.2,74,930800,930800,0.20053205195046936,True,196,168,0.1744186046511628,0.156,0.27941176470588236,0.07692307692307693,0.2819767441860465,0.224,0.47058823529411764,0.34615384615384615
region,0.2,74,930800,952841,0.20528057682911172,True,196,196,0.2238372093023256,0.224,0.23529411764705882,0.19230769230769232,0.313953488372093,0.276,0.39705882352941174,0.46153846153846156
coverage,0.2,75,930800,930800,0.20053205195046936,True,196,200,0.29069767441860467,0.292,0.25,0.38461538461538464,0.3808139534883721,0.364,0.3382352941176471,0.6538461538461539
region,0.2,75,930800,967209,0.2083760264664391,True,196,196,0.20930232558139536,0.2,0.29411764705882354,0.07692307692307693,0.31976744186046513,0.28,0.47058823529411764,0.3076923076923077
coverage,0.2,76,930800,930800,0.20053205195046936,True,196,176,0.18895348837209303,0.184,0.22058823529411764,0.15384615384615385,0.27325581395348836,0.256,0.3235294117647059,0.3076923076923077
region,0.2,76,930800,959635,0.20674427983829896,True,196,196,0.2063953488372093,0.2,0.25,0.15384615384615385,0.3226744186046512,0.268,0.5,0.38461538461538464
coverage,0.2,77,930800,930800,0.20053205195046936,True,196,184,0.2005813953488372,0.188,0.22058823529411764,0.2692307692307692,0.2936046511627907,0.248,0.4264705882352941,0.38461538461538464
region,0.2,77,930800,941102,0.20275152036387045,True,196,196,0.20348837209302326,0.192,0.22058823529411764,0.2692307692307692,0.29651162790697677,0.244,0.47058823529411764,0.34615384615384615
coverage,0.2,78,930800,930800,0.20053205195046936,True,196,204,0.23837209302325582,0.236,0.20588235294117646,0.34615384615384615,0.3488372093023256,0.34,0.29411764705882354,0.5769230769230769
region,0.2,78,930800,939203,0.20234239878388124,True,196,196,0.22093023255813954,0.232,0.1323529411764706,0.34615384615384615,0.311046511627907,0.3,0.2647058823529412,0.5384615384615384
coverage,0.2,79,930800,930800,0.20053205195046936,True,196,174,0.18604651162790697,0.192,0.1323529411764706,0.2692307692307692,0.32558139534883723,0.288,0.39705882352941174,0.5
region,0.2,79,930800,983240,0.21182975371699558,True,196,196,0.21511627906976744,0.208,0.22058823529411764,0.2692307692307692,0.3372093023255814,0.304,0.35294117647058826,0.6153846153846154
coverage,0.2,80,930800,930800,0.20053205195046936,True,196,177,0.13662790697674418,0.144,0.1323529411764706,0.07692307692307693,0.2238372093023256,0.208,0.2647058823529412,0.2692307692307692
region,0.2,80,930800,941994,0.2029436933229807,True,196,196,0.1686046511627907,0.148,0.25,0.15384615384615385,0.2877906976744186,0.244,0.4264705882352941,0.34615384615384615
coverage,0.2,81,930800,930800,0.20053205195046936,True,196,190,0.19767441860465115,0.192,0.20588235294117646,0.23076923076923078,0.27325581395348836,0.232,0.36764705882352944,0.4230769230769231
region,0.2,81,930800,933858,0.2011908691129796,True,196,196,0.22965116279069767,0.22,0.22058823529411764,0.34615384615384615,0.313953488372093,0.272,0.38235294117647056,0.5384615384615384
coverage,0.2,82,930800,930800,0.20053205195046936,True,196,192,0.1511627906976744,0.156,0.1323529411764706,0.15384615384615385,0.2761627906976744,0.256,0.3088235294117647,0.38461538461538464
region,0.2,82,930800,938065,0.2020972274526397,True,196,196,0.18023255813953487,0.18,0.19117647058823528,0.15384615384615385,0.2877906976744186,0.256,0.36764705882352944,0.38461538461538464
coverage,0.2,83,930800,930800,0.20053205195046936,True,196,181,0.2063953488372093,0.196,0.25,0.19230769230769232,0.2877906976744186,0.236,0.4264705882352941,0.4230769230769231
region,0.2,83,930800,924580,0.19919201180958848,True,196,196,0.18313953488372092,0.192,0.16176470588235295,0.15384615384615385,0.26453488372093026,0.252,0.27941176470588236,0.34615384615384615
coverage,0.2,84,930800,930800,0.20053205195046936,True,196,185,0.19476744186046513,0.212,0.1323529411764706,0.19230769230769232,0.3313953488372093,0.312,0.3235294117647059,0.5384615384615384
region,0.2,84,930800,968811,0.20872116220690393,True,196,196,0.2616279069767442,0.28,0.20588235294117646,0.23076923076923078,0.3633720930232558,0.36,0.3235294117647059,0.5
coverage,0.2,85,930800,930800,0.20053205195046936,True,196,192,0.21511627906976744,0.208,0.20588235294117646,0.3076923076923077,0.31976744186046513,0.3,0.3088235294117647,0.5384615384615384
region,0.2,85,930800,946017,0.2038104106038109,True,196,196,0.2238372093023256,0.212,0.25,0.2692307692307692,0.30523255813953487,0.264,0.4411764705882353,0.34615384615384615
coverage,0.2,86,930800,930800,0.20053205195046936,True,196,172,0.2238372093023256,0.232,0.19117647058823528,0.23076923076923078,0.2936046511627907,0.276,0.29411764705882354,0.46153846153846156
region,0.2,86,930800,923191,0.19889276490353003,True,196,196,0.21220930232558138,0.2,0.25,0.23076923076923078,0.313953488372093,0.264,0.47058823529411764,0.38461538461538464
coverage,0.2,87,930800,930800,0.20053205195046936,True,196,175,0.18313953488372092,0.192,0.14705882352941177,0.19230769230769232,0.26744186046511625,0.252,0.25,0.46153846153846156
region,0.2,87,930800,958346,0.20646657698595242,True,196,196,0.2005813953488372,0.192,0.25,0.15384615384615385,0.32848837209302323,0.284,0.45588235294117646,0.4230769230769231
coverage,0.2,88,930800,930800,0.20053205195046936,True,196,183,0.22093023255813954,0.22,0.22058823529411764,0.23076923076923078,0.3313953488372093,0.292,0.4264705882352941,0.46153846153846156
region,0.2,88,930800,944874,0.20356416206988373,True,196,196,0.22093023255813954,0.224,0.2647058823529412,0.07692307692307693,0.32848837209302323,0.296,0.47058823529411764,0.2692307692307692
coverage,0.2,89,930800,930800,0.20053205195046936,True,196,183,0.1686046511627907,0.16,0.20588235294117646,0.15384615384615385,0.24709302325581395,0.208,0.35294117647058826,0.34615384615384615
region,0.2,89,930800,960475,0.206925249889479,True,196,196,0.19476744186046513,0.184,0.25,0.15384615384615385,0.28488372093023256,0.268,0.3382352941176471,0.3076923076923077
coverage,0.2,90,930800,930800,0.20053205195046936,True,196,179,0.18023255813953487,0.184,0.20588235294117646,0.07692307692307693,0.27906976744186046,0.252,0.35294117647058826,0.34615384615384615
region,0.2,90,930800,914826,0.19709060481052867,True,196,196,0.19186046511627908,0.216,0.1323529411764706,0.11538461538461539,0.32848837209302323,0.308,0.35294117647058826,0.46153846153846156
coverage,0.2,91,930800,930800,0.20053205195046936,True,196,179,0.21511627906976744,0.216,0.22058823529411764,0.19230769230769232,0.3313953488372093,0.32,0.3235294117647059,0.46153846153846156
region,0.2,91,930800,959315,0.20667533886642084,True,196,196,0.20930232558139536,0.208,0.14705882352941177,0.38461538461538464,0.3430232558139535,0.324,0.3235294117647059,0.5769230769230769
coverage,0.2,92,930800,930800,0.20053205195046936,True,196,184,0.19476744186046513,0.208,0.11764705882352941,0.2692307692307692,0.3023255813953488,0.276,0.35294117647058826,0.4230769230769231
region,0.2,92,930800,940956,0.20272006604545106,True,196,196,0.18313953488372092,0.184,0.17647058823529413,0.19230769230769232,0.30523255813953487,0.292,0.3382352941176471,0.34615384615384615
coverage,0.2,93,930800,930800,0.20053205195046936,True,196,178,0.16569767441860464,0.148,0.22058823529411764,0.19230769230769232,0.2761627906976744,0.252,0.29411764705882354,0.46153846153846156
region,0.2,93,930800,921298,0.19848493596676356,True,196,196,0.2005813953488372,0.196,0.19117647058823528,0.2692307692307692,0.2819767441860465,0.248,0.36764705882352944,0.38461538461538464
coverage,0.2,94,930800,930800,0.20053205195046936,True,196,186,0.19186046511627908,0.2,0.17647058823529413,0.15384615384615385,0.30523255813953487,0.276,0.39705882352941174,0.34615384615384615
region,0.2,94,930800,966203,0.20815929328609728,True,196,196,0.2063953488372093,0.192,0.2647058823529412,0.19230769230769232,0.27325581395348836,0.244,0.38235294117647056,0.2692307692307692
coverage,0.2,95,930800,930800,0.20053205195046936,True,196,179,0.18023255813953487,0.176,0.17647058823529413,0.23076923076923078,0.2703488372093023,0.228,0.38235294117647056,0.38461538461538464
region,0.2,95,930800,940496,0.20262096339837626,True,196,196,0.17151162790697674,0.144,0.25,0.23076923076923078,0.29069767441860467,0.248,0.4264705882352941,0.34615384615384615
coverage,0.2,96,930800,930800,0.20053205195046936,True,196,187,0.2005813953488372,0.204,0.20588235294117646,0.15384615384615385,0.3372093023255814,0.312,0.38235294117647056,0.46153846153846156
region,0.2,96,930800,926625,0.19963258770799708,True,196,196,0.1511627906976744,0.124,0.2647058823529412,0.11538461538461539,0.23837209302325582,0.176,0.4117647058823529,0.38461538461538464
coverage,0.2,97,930800,930800,0.20053205195046936,True,196,192,0.2063953488372093,0.208,0.23529411764705882,0.11538461538461539,0.32848837209302323,0.284,0.4852941176470588,0.34615384615384615
region,0.2,97,930800,915258,0.19718367512256413,True,196,196,0.1686046511627907,0.164,0.19117647058823528,0.15384615384615385,0.26744186046511625,0.252,0.3235294117647059,0.2692307692307692
coverage,0.2,98,930800,930800,0.20053205195046936,True,196,180,0.17732558139534885,0.18,0.19117647058823528,0.11538461538461539,0.2877906976744186,0.256,0.35294117647058826,0.4230769230769231
region,0.2,98,930800,969339,0.20883491481050281,True,196,196,0.2180232558139535,0.2,0.27941176470588236,0.23076923076923078,0.3546511627906977,0.3,0.5,0.5
coverage,0.2,99,930800,930800,0.20053205195046936,True,196,175,0.18313953488372092,0.2,0.14705882352941177,0.11538461538461539,0.29069767441860467,0.28,0.3088235294117647,0.34615384615384615
region,0.2,99,930800,944008,0.2033775905647386,True,196,196,0.19767441860465115,0.18,0.25,0.23076923076923078,0.33430232558139533,0.292,0.4264705882352941,0.5
coverage,0.3,0,1393600,1393600,0.30023793252919434,True,332,299,0.3168604651162791,0.316,0.29411764705882354,0.38461538461538464,0.4186046511627907,0.384,0.45588235294117646,0.6538461538461539
region,0.3,0,1393600,1385904,0.29857990215552566,True,332,332,0.2877906976744186,0.268,0.35294117647058826,0.3076923076923077,0.40988372093023256,0.352,0.5882352941176471,0.5
coverage,0.3,1,1393600,1393600,0.30023793252919434,True,332,296,0.29069767441860467,0.304,0.27941176470588236,0.19230769230769232,0.42151162790697677,0.4,0.5294117647058824,0.34615384615384615
region,0.3,1,1393600,1375288,0.29629278541346915,True,332,332,0.2703488372093023,0.272,0.3088235294117647,0.15384615384615385,0.4069767441860465,0.372,0.5147058823529411,0.46153846153846156
coverage,0.3,2,1393600,1393600,0.30023793252919434,True,332,278,0.3023255813953488,0.312,0.2647058823529412,0.3076923076923077,0.436046511627907,0.424,0.4264705882352941,0.5769230769230769
region,0.3,2,1393600,1374309,0.29608186912762957,True,332,332,0.29651162790697677,0.312,0.22058823529411764,0.34615384615384615,0.4127906976744186,0.4,0.4264705882352941,0.5
coverage,0.3,3,1393600,1393600,0.30023793252919434,True,332,298,0.2819767441860465,0.264,0.36764705882352944,0.23076923076923078,0.43023255813953487,0.368,0.5882352941176471,0.6153846153846154
region,0.3,3,1393600,1384763,0.29833408450267274,True,332,332,0.27325581395348836,0.268,0.27941176470588236,0.3076923076923077,0.37209302325581395,0.344,0.47058823529411764,0.38461538461538464
coverage,0.3,4,1393600,1393600,0.30023793252919434,True,332,283,0.34593023255813954,0.344,0.27941176470588236,0.5384615384615384,0.5116279069767442,0.476,0.5294117647058824,0.8076923076923077
region,0.3,4,1393600,1348349,0.2904890327840174,True,332,332,0.25290697674418605,0.248,0.3235294117647059,0.11538461538461539,0.41569767441860467,0.372,0.5441176470588235,0.5
coverage,0.3,5,1393600,1393600,0.30023793252919434,True,332,290,0.26744186046511625,0.276,0.2647058823529412,0.19230769230769232,0.4011627906976744,0.356,0.5147058823529411,0.5384615384615384
region,0.3,5,1393600,1309275,0.28207090923662526,True,332,332,0.27906976744186046,0.272,0.2647058823529412,0.38461538461538464,0.43023255813953487,0.388,0.5,0.6538461538461539
coverage,0.3,6,1393600,1393600,0.30023793252919434,True,332,301,0.2936046511627907,0.28,0.3382352941176471,0.3076923076923077,0.42441860465116277,0.384,0.5441176470588235,0.5
region,0.3,6,1393600,1374565,0.296137021905132,True,332,332,0.29941860465116277,0.308,0.3088235294117647,0.19230769230769232,0.4796511627906977,0.456,0.5147058823529411,0.6153846153846154
coverage,0.3,7,1393600,1393600,0.30023793252919434,True,332,304,0.33430232558139533,0.288,0.5,0.34615384615384615,0.4883720930232558,0.42,0.6617647058823529,0.6923076923076923
region,0.3,7,1393600,1377375,0.2967424098144368,True,332,332,0.3226744186046512,0.332,0.2647058823529412,0.38461538461538464,0.48546511627906974,0.464,0.5,0.6538461538461539
coverage,0.3,8,1393600,1393600,0.30023793252919434,True,332,296,0.28488372093023256,0.292,0.2647058823529412,0.2692307692307692,0.44476744186046513,0.408,0.5147058823529411,0.6153846153846154
region,0.3,8,1393600,1382155,0.2977722155818661,True,332,332,0.3023255813953488,0.308,0.2647058823529412,0.34615384615384615,0.4331395348837209,0.388,0.5294117647058824,0.6153846153846154
coverage,0.3,9,1393600,1393600,0.30023793252919434,True,332,295,0.35174418604651164,0.336,0.38235294117647056,0.4230769230769231,0.48546511627906974,0.456,0.5147058823529411,0.6923076923076923
region,0.3,9,1393600,1393867,0.30029545515260514,True,332,332,0.29069767441860467,0.308,0.23529411764705882,0.2692307692307692,0.42151162790697677,0.404,0.4264705882352941,0.5769230769230769
coverage,0.3,10,1393600,1393600,0.30023793252919434,True,332,278,0.26453488372093026,0.252,0.3088235294117647,0.2692307692307692,0.4069767441860465,0.344,0.5588235294117647,0.6153846153846154
region,0.3,10,1393600,1409591,0.3036830421582661,True,332,332,0.31976744186046513,0.324,0.3235294117647059,0.2692307692307692,0.45058139534883723,0.412,0.5441176470588235,0.5769230769230769
coverage,0.3,11,1393600,1393600,0.30023793252919434,True,332,297,0.311046511627907,0.312,0.3088235294117647,0.3076923076923077,0.42441860465116277,0.392,0.5294117647058824,0.46153846153846156
region,0.3,11,1393600,1340006,0.28869161238283264,True,332,332,0.2703488372093023,0.268,0.2647058823529412,0.3076923076923077,0.42151162790697677,0.4,0.45588235294117646,0.5384615384615384
coverage,0.3,12,1393600,1393600,0.30023793252919434,True,332,260,0.31976744186046513,0.34,0.23529411764705882,0.34615384615384615,0.46511627906976744,0.44,0.5,0.6153846153846154
region,0.3,12,1393600,1367090,0.2945266038901667,True,332,332,0.25290697674418605,0.256,0.25,0.23076923076923078,0.39825581395348836,0.352,0.4852941176470588,0.6153846153846154
coverage,0.3,13,1393600,1393600,0.30023793252919434,True,332,260,0.29651162790697677,0.284,0.3382352941176471,0.3076923076923077,0.4011627906976744,0.384,0.4264705882352941,0.5
region,0.3,13,1393600,1411572,0.304109829862299,True,332,332,0.32848837209302323,0.332,0.3382352941176471,0.2692307692307692,0.45348837209302323,0.416,0.5147058823529411,0.6538461538461539
coverage,0.3,14,1393600,1393600,0.30023793252919434,True,332,275,0.3023255813953488,0.292,0.35294117647058826,0.2692307692307692,0.438953488372093,0.408,0.5294117647058824,0.5
region,0.3,14,1393600,1330616,0.2866686257392842,True,332,332,0.2936046511627907,0.28,0.3088235294117647,0.38461538461538464,0.45058139534883723,0.396,0.5735294117647058,0.6538461538461539
coverage,0.3,15,1393600,1393600,0.30023793252919434,True,332,289,0.30523255813953487,0.304,0.3235294117647059,0.2692307692307692,0.42151162790697677,0.392,0.47058823529411764,0.5769230769230769
region,0.3,15,1393600,1359464,0.29288365435409636,True,332,332,0.3313953488372093,0.312,0.4411764705882353,0.23076923076923078,0.4622093023255814,0.412,0.6029411764705882,0.5769230769230769
coverage,0.3,16,1393600,1393600,0.30023793252919434,True,332,283,0.2616279069767442,0.276,0.22058823529411764,0.23076923076923078,0.39244186046511625,0.376,0.4117647058823529,0.5
region,0.3,16,1393600,1331742,0.2869112117840803,True,332,332,0.311046511627907,0.332,0.29411764705882354,0.15384615384615385,0.48255813953488375,0.452,0.5588235294117647,0.5769230769230769
coverage,0.3,17,1393600,1393600,0.30023793252919434,True,332,269,0.24709302325581395,0.24,0.2647058823529412,0.2692307692307692,0.3372093023255814,0.292,0.4264705882352941,0.5384615384615384
region,0.3,17,1393600,1396300,0.300819621979416,True,332,332,0.313953488372093,0.324,0.23529411764705882,0.4230769230769231,0.4680232558139535,0.448,0.4264705882352941,0.7692307692307693
coverage,0.3,18,1393600,1393600,0.30023793252919434,True,332,270,0.2616279069767442,0.22,0.4411764705882353,0.19230769230769232,0.4186046511627907,0.348,0.6764705882352942,0.4230769230769231
region,0.3,18,1393600,1325036,0.28546646754215954,True,332,332,0.27325581395348836,0.272,0.2647058823529412,0.3076923076923077,0.38953488372093026,0.352,0.47058823529411764,0.5384615384615384
coverage,0.3,19,1393600,1393600,0.30023793252919434,True,332,266,0.29069767441860467,0.28,0.3382352941176471,0.2692307692307692,0.4186046511627907,0.384,0.5147058823529411,0.5
region,0.3,19,1393600,1401573,0.30195563993164504,True,332,332,0.29069767441860467,0.296,0.29411764705882354,0.23076923076923078,0.436046511627907,0.4,0.5147058823529411,0.5769230769230769
coverage,0.3,20,1393600,1393600,0.30023793252919434,True,332,283,0.26453488372093026,0.252,0.3088235294117647,0.2692307692307692,0.39244186046511625,0.36,0.47058823529411764,0.5
region,0.3,20,1393600,1374559,0.29613572926190934,True,332,332,0.3546511627906977,0.376,0.20588235294117646,0.5384615384615384,0.5116279069767442,0.492,0.4852941176470588,0.7692307692307693
coverage,0.3,21,1393600,1393600,0.30023793252919434,True,332,289,0.3313953488372093,0.352,0.25,0.34615384615384615,0.48255813953488375,0.48,0.4264705882352941,0.6538461538461539
region,0.3,21,1393600,1404862,0.3026642238582298,True,332,332,0.29069767441860467,0.28,0.3088235294117647,0.34615384615384615,0.47674418604651164,0.424,0.5735294117647058,0.7307692307692307
coverage,0.3,22,1393600,1393600,0.30023793252919434,True,332,297,0.23546511627906977,0.22,0.3088235294117647,0.19230769230769232,0.39825581395348836,0.34,0.5294117647058824,0.6153846153846154
region,0.3,22,1393600,1403501,0.30237100928721067,True,332,332,0.311046511627907,0.288,0.38235294117647056,0.34615384615384615,0.44476744186046513,0.376,0.6029411764705882,0.6923076923076923
coverage,0.3,23,1393600,1393600,0.30023793252919434,True,332,285,0.33430232558139533,0.352,0.25,0.38461538461538464,0.4418604651162791,0.436,0.39705882352941174,0.6153846153846154
region,0.3,23,1393600,1370813,0.29532868900986115,True,332,332,0.2877906976744186,0.3,0.23529411764705882,0.3076923076923077,0.45058139534883723,0.404,0.5294117647058824,0.6923076923076923
coverage,0.3,24,1393600,1393600,0.30023793252919434,True,332,296,0.30523255813953487,0.34,0.16176470588235295,0.34615384615384615,0.47093023255813954,0.468,0.39705882352941174,0.6923076923076923
region,0.3,24,1393600,1359125,0.29281062001201297,True,332,332,0.27906976744186046,0.268,0.3088235294117647,0.3076923076923077,0.41569767441860467,0.384,0.5,0.5
coverage,0.3,25,1393600,1393600,0.30023793252919434,True,332,297,0.2703488372093023,0.256,0.36764705882352944,0.15384615384615385,0.39244186046511625,0.328,0.6029411764705882,0.46153846153846156
region,0.3,25,1393600,1364274,0.2939199233376393,True,332,332,0.30523255813953487,0.324,0.23529411764705882,0.3076923076923077,0.4883720930232558,0.472,0.5,0.6153846153846154
coverage,0.3,26,1393600,1393600,0.30023793252919434,True,332,284,0.2936046511627907,0.276,0.3382352941176471,0.34615384615384615,0.44476744186046513,0.38,0.6323529411764706,0.5769230769230769
region,0.3,26,1393600,1384789,0.29833968595663785,True,332,332,0.3372093023255814,0.38,0.16176470588235295,0.38461538461538464,0.4941860465116279,0.496,0.4264705882352941,0.6538461538461539
coverage,0.3,27,1393600,1393600,0.30023793252919434,True,332,311,0.30523255813953487,0.316,0.29411764705882354,0.23076923076923078,0.4331395348837209,0.412,0.45588235294117646,0.5769230769230769
region,0.3,27,1393600,1372822,0.29576150904893345,True,332,332,0.26453488372093026,0.268,0.27941176470588236,0.19230769230769232,0.3953488372093023,0.376,0.4264705882352941,0.5
coverage,0.3,28,1393600,1393600,0.30023793252919434,True,332,301,0.29069767441860467,0.312,0.25,0.19230769230769232,0.45348837209302323,0.428,0.5,0.5769230769230769
region,0.3,28,1393600,1396164,0.30079032206636774,True,332,332,0.3372093023255814,0.34,0.3088235294117647,0.38461538461538464,0.4796511627906977,0.452,0.5147058823529411,0.6538461538461539
coverage,0.3,29,1393600,1393600,0.30023793252919434,True,332,282,0.3372093023255814,0.352,0.3088235294117647,0.2692307692307692,0.4680232558139535,0.432,0.5588235294117647,0.5769230769230769
region,0.3,29,1393600,1382852,0.29792237763623813,True,332,332,0.2877906976744186,0.288,0.29411764705882354,0.2692307692307692,0.40988372093023256,0.384,0.4411764705882353,0.5769230769230769
coverage,0.3,30,1393600,1393600,0.30023793252919434,True,332,298,0.3023255813953488,0.304,0.2647058823529412,0.38461538461538464,0.46511627906976744,0.44,0.5,0.6153846153846154
region,0.3,30,1393600,1419966,0.30591823773087684,True,332,332,0.3168604651162791,0.308,0.29411764705882354,0.46153846153846156,0.4563953488372093,0.436,0.47058823529411764,0.6153846153846154
coverage,0.3,31,1393600,1393600,0.30023793252919434,True,332,267,0.31976744186046513,0.32,0.3382352941176471,0.2692307692307692,0.42441860465116277,0.396,0.5,0.5
region,0.3,31,1393600,1360976,0.29320940044622046,True,332,332,0.23546511627906977,0.232,0.29411764705882354,0.11538461538461539,0.3808139534883721,0.344,0.5147058823529411,0.38461538461538464
coverage,0.3,32,1393600,1393600,0.30023793252919434,True,332,283,0.3023255813953488,0.284,0.3382352941176471,0.38461538461538464,0.4127906976744186,0.364,0.5294117647058824,0.5769230769230769
region,0.3,32,1393600,1373030,0.2958063206806542,True,332,332,0.3023255813953488,0.3,0.2647058823529412,0.4230769230769231,0.47674418604651164,0.444,0.5,0.7307692307692307
coverage,0.3,33,1393600,1393600,0.30023793252919434,True,332,288,0.28488372093023256,0.308,0.16176470588235295,0.38461538461538464,0.45058139534883723,0.42,0.45588235294117646,0.7307692307692307
region,0.3,33,1393600,1398869,0.30137308871927493,True,332,332,0.3168604651162791,0.32,0.2647058823529412,0.4230769230769231,0.5,0.472,0.5,0.7692307692307693
coverage,0.3,34,1393600,1393600,0.30023793252919434,True,332,273,0.22965116279069767,0.224,0.25,0.23076923076923078,0.38372093023255816,0.332,0.5147058823529411,0.5384615384615384
region,0.3,34,1393600,1369042,0.2949471438186232,True,332,332,0.31976744186046513,0.348,0.20588235294117646,0.34615384615384615,0.5,0.484,0.47058823529411764,0.7307692307692307
coverage,0.3,35,1393600,1393600,0.30023793252919434,True,332,289,0.28488372093023256,0.28,0.2647058823529412,0.38461538461538464,0.4273255813953488,0.4,0.4411764705882353,0.6538461538461539
region,0.3,35,1393600,1374603,0.29614520864554256,True,332,332,0.26453488372093026,0.252,0.35294117647058826,0.15384615384615385,0.41569767441860467,0.372,0.5441176470588235,0.5
coverage,0.3,36,1393600,1393600,0.30023793252919434,True,332,277,0.2616279069767442,0.256,0.2647058823529412,0.3076923076923077,0.37209302325581395,0.344,0.4264705882352941,0.5
region,0.3,36,1393600,1334951,0.28760256046769556,True,332,332,0.3226744186046512,0.348,0.23529411764705882,0.3076923076923077,0.438953488372093,0.412,0.4852941176470588,0.5769230769230769
coverage,0.3,37,1393600,1393600,0.30023793252919434,True,332,269,0.23837209302325582,0.232,0.29411764705882354,0.15384615384615385,0.36627906976744184,0.324,0.5294117647058824,0.34615384615384615
region,0.3,37,1393600,1397129,0.3009982221846877,True,332,332,0.2703488372093023,0.264,0.27941176470588236,0.3076923076923077,0.4476744186046512,0.408,0.5294117647058824,0.6153846153846154
coverage,0.3,38,1393600,1393600,0.30023793252919434,True,332,290,0.29069767441860467,0.292,0.27941176470588236,0.3076923076923077,0.46511627906976744,0.44,0.4852941176470588,0.6538461538461539
region,0.3,38,1393600,1359432,0.2928767602569085,True,332,332,0.26453488372093026,0.288,0.19117647058823528,0.23076923076923078,0.4186046511627907,0.4,0.39705882352941174,0.6538461538461539
coverage,0.3,39,1393600,1393600,0.30023793252919434,True,332,287,0.2441860465116279,0.224,0.35294117647058826,0.15384615384615385,0.35174418604651164,0.304,0.5,0.4230769230769231
region,0.3,39,1393600,1354705,0.29185837283794647,True,332,332,0.2877906976744186,0.276,0.3382352941176471,0.2692307692307692,0.48255813953488375,0.436,0.5735294117647058,0.6923076923076923
coverage,0.3,40,1393600,1393600,0.30023793252919434,True,332,291,0.31976744186046513,0.332,0.2647058823529412,0.34615384615384615,0.438953488372093,0.392,0.5588235294117647,0.5769230769230769
region,0.3,40,1393600,1314854,0.2832728519932128,True,332,332,0.29069767441860467,0.304,0.27941176470588236,0.19230769230769232,0.4069767441860465,0.372,0.47058823529411764,0.5769230769230769
coverage,0.3,41,1393600,1393600,0.30023793252919434,True,332,287,0.33430232558139533,0.332,0.29411764705882354,0.46153846153846156,0.438953488372093,0.42,0.4411764705882353,0.6153846153846154
region,0.3,41,1393600,1360623,0.2931333499366174,True,332,332,0.31976744186046513,0.332,0.25,0.38461538461538464,0.45930232558139533,0.436,0.45588235294117646,0.6923076923076923
coverage,0.3,42,1393600,1393600,0.30023793252919434,True,332,308,0.3372093023255814,0.352,0.2647058823529412,0.38461538461538464,0.4186046511627907,0.424,0.35294117647058826,0.5384615384615384
region,0.3,42,1393600,1384043,0.298178967315947,True,332,332,0.34011627906976744,0.344,0.3382352941176471,0.3076923076923077,0.4883720930232558,0.448,0.5588235294117647,0.6923076923076923
coverage,0.3,43,1393600,1393600,0.30023793252919434,True,332,309,0.25872093023255816,0.276,0.20588235294117646,0.23076923076923078,0.375,0.364,0.39705882352941174,0.4230769230769231
region,0.3,43,1393600,1319964,0.2843737531378914,True,332,332,0.27325581395348836,0.268,0.3235294117647059,0.19230769230769232,0.4418604651162791,0.4,0.5294117647058824,0.6153846153846154
coverage,0.3,44,1393600,1393600,0.30023793252919434,True,332,307,0.2819767441860465,0.288,0.27941176470588236,0.23076923076923078,0.4127906976744186,0.38,0.45588235294117646,0.6153846153846154
region,0.3,44,1393600,1348009,0.2904157830013969,True,332,332,0.311046511627907,0.32,0.3088235294117647,0.23076923076923078,0.48255813953488375,0.444,0.6029411764705882,0.5384615384615384
coverage,0.3,45,1393600,1393600,0.30023793252919434,True,332,290,0.29069767441860467,0.288,0.3088235294117647,0.2692307692307692,0.4273255813953488,0.388,0.5441176470588235,0.5
region,0.3,45,1393600,1323234,0.2850782436942709,True,332,332,0.29069767441860467,0.284,0.2647058823529412,0.4230769230769231,0.39825581395348836,0.384,0.35294117647058826,0.6538461538461539
coverage,0.3,46,1393600,1393600,0.30023793252919434,True,332,296,0.31976744186046513,0.328,0.3088235294117647,0.2692307692307692,0.47674418604651164,0.44,0.5294117647058824,0.6923076923076923
region,0.3,46,1393600,1370449,0.2952502686543498,True,332,332,0.3081395348837209,0.304,0.3382352941176471,0.2692307692307692,0.47093023255813954,0.42,0.5588235294117647,0.7307692307692307
coverage,0.3,47,1393600,1393600,0.30023793252919434,True,332,293,0.25872093023255816,0.256,0.3088235294117647,0.15384615384615385,0.4127906976744186,0.372,0.5735294117647058,0.38461538461538464
region,0.3,47,1393600,1308582,0.2819216089444017,True,332,332,0.2558139534883721,0.256,0.2647058823529412,0.23076923076923078,0.4186046511627907,0.38,0.5147058823529411,0.5384615384615384
coverage,0.3,48,1393600,1393600,0.30023793252919434,True,332,269,0.25872093023255816,0.256,0.27941176470588236,0.23076923076923078,0.40988372093023256,0.384,0.4264705882352941,0.6153846153846154
region,0.3,48,1393600,1391312,0.2997450045802658,True,332,332,0.3546511627906977,0.384,0.25,0.34615384615384615,0.47093023255813954,0.456,0.47058823529411764,0.6153846153846154
coverage,0.3,49,1393600,1393600,0.30023793252919434,True,332,277,0.313953488372093,0.296,0.36764705882352944,0.34615384615384615,0.436046511627907,0.404,0.5,0.5769230769230769
region,0.3,49,1393600,1396030,0.3007614530343938,True,332,332,0.2761627906976744,0.284,0.19117647058823528,0.4230769230769231,0.39825581395348836,0.36,0.47058823529411764,0.5769230769230769
coverage,0.3,50,1393600,1393600,0.30023793252919434,True,332,293,0.32558139534883723,0.316,0.3382352941176471,0.38461538461538464,0.45348837209302323,0.408,0.5588235294117647,0.6153846153846154
region,0.3,50,1393600,1379216,0.29713903584327306,True,332,332,0.311046511627907,0.284,0.38235294117647056,0.38461538461538464,0.46511627906976744,0.42,0.5147058823529411,0.7692307692307693
coverage,0.3,51,1393600,1393600,0.30023793252919434,True,332,296,0.33430232558139533,0.34,0.29411764705882354,0.38461538461538464,0.4738372093023256,0.432,0.5735294117647058,0.6153846153846154
region,0.3,51,1393600,1352559,0.29139603744528886,True,332,332,0.29651162790697677,0.3,0.25,0.38461538461538464,0.45348837209302323,0.42,0.5147058823529411,0.6153846153846154
coverage,0.3,52,1393600,1393600,0.30023793252919434,True,332,265,0.2761627906976744,0.288,0.25,0.23076923076923078,0.4069767441860465,0.388,0.4117647058823529,0.5769230769230769
region,0.3,52,1393600,1373649,0.29593967837313095,True,332,332,0.2761627906976744,0.256,0.36764705882352944,0.23076923076923078,0.41569767441860467,0.368,0.5735294117647058,0.46153846153846156
coverage,0.3,53,1393600,1393600,0.30023793252919434,True,332,291,0.31976744186046513,0.316,0.3235294117647059,0.34615384615384615,0.4680232558139535,0.424,0.5441176470588235,0.6923076923076923
region,0.3,53,1393600,1355290,0.29198440555216115,True,332,332,0.3168604651162791,0.328,0.27941176470588236,0.3076923076923077,0.46511627906976744,0.428,0.5,0.7307692307692307
coverage,0.3,54,1393600,1393600,0.30023793252919434,True,332,273,0.30523255813953487,0.304,0.29411764705882354,0.34615384615384615,0.4622093023255814,0.436,0.5,0.6153846153846154
region,0.3,54,1393600,1379368,0.29717178280491513,True,332,332,0.36627906976744184,0.384,0.29411764705882354,0.38461538461538464,0.5232558139534884,0.512,0.5294117647058824,0.6153846153846154
coverage,0.3,55,1393600,1393600,0.30023793252919434,True,332,282,0.2877906976744186,0.26,0.38235294117647056,0.3076923076923077,0.40406976744186046,0.348,0.5735294117647058,0.5
region,0.3,55,1393600,1389720,0.2994020232451722,True,332,332,0.29941860465116277,0.272,0.38235294117647056,0.34615384615384615,0.46511627906976744,0.408,0.5735294117647058,0.7307692307692307
coverage,0.3,56,1393600,1393600,0.30023793252919434,True,332,283,0.2238372093023256,0.212,0.2647058823529412,0.23076923076923078,0.3546511627906977,0.304,0.47058823529411764,0.5384615384615384
region,0.3,56,1393600,1390747,0.2996232806767935,True,332,332,0.313953488372093,0.308,0.2647058823529412,0.5,0.48546511627906974,0.448,0.5441176470588235,0.6923076923076923
coverage,0.3,57,1393600,1393600,0.30023793252919434,True,332,290,0.2877906976744186,0.296,0.25,0.3076923076923077,0.4127906976744186,0.384,0.4852941176470588,0.5
region,0.3,57,1393600,1354131,0.2917347099696401,True,332,332,0.27325581395348836,0.288,0.20588235294117646,0.3076923076923077,0.37209302325581395,0.364,0.36764705882352944,0.46153846153846156
coverage,0.3,58,1393600,1393600,0.30023793252919434,True,332,296,0.3081395348837209,0.312,0.2647058823529412,0.38461538461538464,0.45930232558139533,0.452,0.4264705882352941,0.6153846153846154
region,0.3,58,1393600,1366688,0.2944399967942448,True,332,332,0.26744186046511625,0.272,0.25,0.2692307692307692,0.4011627906976744,0.372,0.4264705882352941,0.6153846153846154
coverage,0.3,59,1393600,1393600,0.30023793252919434,True,332,288,0.26744186046511625,0.26,0.3088235294117647,0.23076923076923078,0.4186046511627907,0.368,0.5147058823529411,0.6538461538461539
region,0.3,59,1393600,1365431,0.2941691880390861,True,332,332,0.311046511627907,0.272,0.4264705882352941,0.38461538461538464,0.4622093023255814,0.428,0.5294117647058824,0.6153846153846154
coverage,0.3,60,1393600,1393600,0.30023793252919434,True,332,292,0.3546511627906977,0.356,0.35294117647058826,0.34615384615384615,0.48546511627906974,0.46,0.5,0.6923076923076923
region,0.3,60,1393600,1340966,0.28889843529846704,True,332,332,0.2616279069767442,0.264,0.2647058823529412,0.23076923076923078,0.42441860465116277,0.388,0.5441176470588235,0.46153846153846156
coverage,0.3,61,1393600,1393600,0.30023793252919434,True,332,290,0.31976744186046513,0.312,0.3088235294117647,0.4230769230769231,0.4738372093023256,0.44,0.5147058823529411,0.6923076923076923
region,0.3,61,1393600,1369582,0.29506348170866753,True,332,332,0.28488372093023256,0.272,0.3088235294117647,0.34615384615384615,0.48546511627906974,0.436,0.5588235294117647,0.7692307692307693
coverage,0.3,62,1393600,1393600,0.30023793252919434,True,332,287,0.20930232558139536,0.18,0.3382352941176471,0.15384615384615385,0.35174418604651164,0.28,0.5441176470588235,0.5384615384615384
region,0.3,62,1393600,1370365,0.29523217164923177,True,332,332,0.26453488372093026,0.244,0.35294117647058826,0.23076923076923078,0.4069767441860465,0.364,0.5735294117647058,0.38461538461538464
coverage,0.3,63,1393600,1393600,0.30023793252919434,True,332,273,0.33430232558139533,0.348,0.25,0.4230769230769231,0.4738372093023256,0.456,0.45588235294117646,0.6923076923076923
region,0.3,63,1393600,1338718,0.28841412497102326,True,332,332,0.23837209302325582,0.236,0.20588235294117646,0.34615384615384615,0.42151162790697677,0.38,0.5147058823529411,0.5769230769230769
coverage,0.3,64,1393600,1393600,0.30023793252919434,True,332,295,0.32848837209302323,0.304,0.38235294117647056,0.4230769230769231,0.43023255813953487,0.372,0.6029411764705882,0.5384615384615384
region,0.3,64,1393600,1376591,0.29657350443333536,True,332,332,0.2703488372093023,0.268,0.27941176470588236,0.2692307692307692,0.42441860465116277,0.376,0.5735294117647058,0.5
coverage,0.3,65,1393600,1393600,0.30023793252919434,True,332,290,0.32558139534883723,0.312,0.36764705882352944,0.34615384615384615,0.4563953488372093,0.4,0.5882352941176471,0.6538461538461539
region,0.3,65,1393600,1357278,0.29241270133995395,True,332,332,0.2936046511627907,0.268,0.38235294117647056,0.3076923076923077,0.4331395348837209,0.376,0.5882352941176471,0.5769230769230769
coverage,0.3,66,1393600,1393600,0.30023793252919434,True,332,278,0.26744186046511625,0.264,0.29411764705882354,0.23076923076923078,0.44476744186046513,0.4,0.4852941176470588,0.7692307692307693
region,0.3,66,1393600,1321924,0.2847960165906449,True,332,332,0.3168604651162791,0.312,0.29411764705882354,0.4230769230769231,0.4738372093023256,0.436,0.5,0.7692307692307693
coverage,0.3,67,1393600,1393600,0.30023793252919434,True,332,276,0.311046511627907,0.312,0.3382352941176471,0.23076923076923078,0.4563953488372093,0.436,0.5,0.5384615384615384
region,0.3,67,1393600,1391376,0.29975879277464146,True,332,332,0.2936046511627907,0.304,0.27941176470588236,0.23076923076923078,0.4563953488372093,0.432,0.4852941176470588,0.6153846153846154
coverage,0.3,68,1393600,1393600,0.30023793252919434,True,332,287,0.27325581395348836,0.276,0.29411764705882354,0.19230769230769232,0.40988372093023256,0.368,0.45588235294117646,0.6923076923076923
region,0.3,68,1393600,1356780,0.2923054119524687,True,332,332,0.24709302325581395,0.256,0.22058823529411764,0.23076923076923078,0.4011627906976744,0.38,0.45588235294117646,0.46153846153846156
coverage,0.3,69,1393600,1393600,0.30023793252919434,True,332,283,0.2936046511627907,0.284,0.35294117647058826,0.23076923076923078,0.41569767441860467,0.368,0.5588235294117647,0.5
region,0.3,69,1393600,1350063,0.29085829786463957,True,332,332,0.3226744186046512,0.352,0.19117647058823528,0.38461538461538464,0.4622093023255814,0.484,0.3088235294117647,0.6538461538461539
coverage,0.3,70,1393600,1393600,0.30023793252919434,True,332,309,0.31976744186046513,0.316,0.3382352941176471,0.3076923076923077,0.4622093023255814,0.416,0.5147058823529411,0.7692307692307693
region,0.3,70,1393600,1343324,0.2894064440849939,True,332,332,0.2819767441860465,0.288,0.23529411764705882,0.34615384615384615,0.45058139534883723,0.412,0.4852941176470588,0.7307692307692307
coverage,0.3,71,1393600,1393600,0.30023793252919434,True,332,298,0.2877906976744186,0.264,0.35294117647058826,0.34615384615384615,0.4186046511627907,0.364,0.5294117647058824,0.6538461538461539
region,0.3,71,1393600,1358790,0.29273844743207805,True,332,332,0.3226744186046512,0.34,0.2647058823529412,0.3076923076923077,0.4680232558139535,0.436,0.5147058823529411,0.6538461538461539
coverage,0.3,72,1393600,1393600,0.30023793252919434,True,332,258,0.2703488372093023,0.3,0.19117647058823528,0.19230769230769232,0.43023255813953487,0.44,0.35294117647058826,0.5384615384615384
region,0.3,72,1393600,1377328,0.29673228410919217,True,332,332,0.2761627906976744,0.264,0.3235294117647059,0.2692307692307692,0.438953488372093,0.4,0.5294117647058824,0.5769230769230769
coverage,0.3,73,1393600,1393600,0.30023793252919434,True,332,293,0.29651162790697677,0.296,0.27941176470588236,0.34615384615384615,0.4418604651162791,0.424,0.45588235294117646,0.5769230769230769
region,0.3,73,1393600,1374834,0.2961949754096171,True,332,332,0.3168604651162791,0.316,0.29411764705882354,0.38461538461538464,0.46511627906976744,0.428,0.5735294117647058,0.5384615384615384
coverage,0.3,74,1393600,1393600,0.30023793252919434,True,332,274,0.31976744186046513,0.316,0.3235294117647059,0.34615384615384615,0.43023255813953487,0.404,0.47058823529411764,0.5769230769230769
region,0.3,74,1393600,1369915,0.2951352234075282,True,332,332,0.311046511627907,0.328,0.22058823529411764,0.38461538461538464,0.45348837209302323,0.432,0.45588235294117646,0.6538461538461539
coverage,0.3,75,1393600,1393600,0.30023793252919434,True,332,283,0.35174418604651164,0.348,0.3235294117647059,0.46153846153846156,0.48546511627906974,0.456,0.4852941176470588,0.7692307692307693
region,0.3,75,1393600,1410600,0.30390042166021924,True,332,332,0.2877906976744186,0.3,0.27941176470588236,0.19230769230769232,0.438953488372093,0.42,0.4411764705882353,0.6153846153846154
coverage,0.3,76,1393600,1393600,0.30023793252919434,True,332,288,0.2703488372093023,0.276,0.2647058823529412,0.23076923076923078,0.4186046511627907,0.38,0.5588235294117647,0.4230769230769231
region,0.3,76,1393600,1407629,0.3032603478244384,True,332,332,0.3546511627906977,0.376,0.29411764705882354,0.3076923076923077,0.5116279069767442,0.488,0.5735294117647058,0.5769230769230769
coverage,0.3,77,1393600,1393600,0.30023793252919434,True,332,293,0.29069767441860467,0.3,0.29411764705882354,0.19230769230769232,0.45058139534883723,0.44,0.4264705882352941,0.6153846153846154
region,0.3,77,1393600,1333651,0.2873224877694407,True,332,332,0.3081395348837209,0.312,0.2647058823529412,0.38461538461538464,0.47093023255813954,0.432,0.5294117647058824,0.6923076923076923
coverage,0.3,78,1393600,1393600,0.30023793252919434,True,332,269,0.3226744186046512,0.312,0.36764705882352944,0.3076923076923077,0.45058139534883723,0.416,0.5,0.6538461538461539
region,0.3,78,1393600,1365613,0.29420839821684175,True,332,332,0.3168604651162791,0.324,0.25,0.4230769230769231,0.438953488372093,0.404,0.4852941176470588,0.6538461538461539
coverage,0.3,79,1393600,1393600,0.30023793252919434,True,332,271,0.29941860465116277,0.268,0.39705882352941174,0.34615384615384615,0.375,0.336,0.4852941176470588,0.46153846153846156
region,0.3,79,1393600,1340893,0.2888827081392573,True,332,332,0.32848837209302323,0.328,0.3235294117647059,0.34615384615384615,0.49709302325581395,0.476,0.5147058823529411,0.6538461538461539
coverage,0.3,80,1393600,1393600,0.30023793252919434,True,332,273,0.2616279069767442,0.272,0.25,0.19230769230769232,0.3808139534883721,0.328,0.5,0.5769230769230769
region,0.3,80,1393600,1309400,0.28209783930376514,True,332,332,0.25,0.24,0.3088235294117647,0.19230769230769232,0.43023255813953487,0.396,0.5147058823529411,0.5384615384615384
coverage,0.3,81,1393600,1393600,0.30023793252919434,True,332,267,0.313953488372093,0.328,0.25,0.34615384615384615,0.4418604651162791,0.416,0.4852941176470588,0.5769230769230769
region,0.3,81,1393600,1383722,0.2981098109035318,True,332,332,0.2819767441860465,0.276,0.3382352941176471,0.19230769230769232,0.4331395348837209,0.388,0.5588235294117647,0.5384615384615384
coverage,0.3,82,1393600,1393600,0.30023793252919434,True,332,297,0.2761627906976744,0.288,0.2647058823529412,0.19230769230769232,0.4069767441860465,0.368,0.47058823529411764,0.6153846153846154
region,0.3,82,1393600,1351645,0.291199124794362,True,332,332,0.3546511627906977,0.368,0.25,0.5,0.5145348837209303,0.492,0.5294117647058824,0.6923076923076923
coverage,0.3,83,1393600,1393600,0.30023793252919434,True,332,269,0.2877906976744186,0.292,0.29411764705882354,0.23076923076923078,0.38372093023255816,0.368,0.4411764705882353,0.38461538461538464
region,0.3,83,1393600,1345150,0.2897998385057734,True,332,332,0.38953488372093026,0.412,0.29411764705882354,0.4230769230769231,0.5174418604651163,0.516,0.4264705882352941,0.7692307692307693
coverage,0.3,84,1393600,1393600,0.30023793252919434,True,332,286,0.32558139534883723,0.304,0.39705882352941174,0.34615384615384615,0.42151162790697677,0.376,0.5294117647058824,0.5769230769230769
region,0.3,84,1393600,1344051,0.2895630693554795,True,332,332,0.24709302325581395,0.232,0.36764705882352944,0.07692307692307693,0.37790697674418605,0.332,0.5,0.5
coverage,0.3,85,1393600,1393600,0.30023793252919434,True,332,301,0.28488372093023256,0.284,0.3235294117647059,0.19230769230769232,0.39244186046511625,0.356,0.4852941176470588,0.5
region,0.3,85,1393600,1354275,0.29176573340698525,True,332,332,0.2819767441860465,0.272,0.27941176470588236,0.38461538461538464,0.4186046511627907,0.372,0.4852941176470588,0.6923076923076923
coverage,0.3,86,1393600,1393600,0.30023793252919434,True,332,274,0.37790697674418605,0.388,0.3382352941176471,0.38461538461538464,0.49709302325581395,0.484,0.4852941176470588,0.6538461538461539
region,0.3,86,1393600,1367094,0.2945274656523152,True,332,332,0.313953488372093,0.332,0.2647058823529412,0.2692307692307692,0.4796511627906977,0.46,0.5,0.6153846153846154
coverage,0.3,87,1393600,1393600,0.30023793252919434,True,332,297,0.313953488372093,0.304,0.36764705882352944,0.2692307692307692,0.4883720930232558,0.46,0.5441176470588235,0.6153846153846154
region,0.3,87,1393600,1352134,0.29130447521701325,True,332,332,0.2703488372093023,0.276,0.2647058823529412,0.23076923076923078,0.4186046511627907,0.376,0.5294117647058824,0.5384615384615384
coverage,0.3,88,1393600,1393600,0.30023793252919434,True,332,271,0.29069767441860467,0.268,0.36764705882352944,0.3076923076923077,0.44476744186046513,0.4,0.5588235294117647,0.5769230769230769
region,0.3,88,1393600,1347685,0.29034598026737035,True,332,332,0.3226744186046512,0.324,0.29411764705882354,0.38461538461538464,0.4331395348837209,0.424,0.4117647058823529,0.5769230769230769
coverage,0.3,89,1393600,1393600,0.30023793252919434,True,332,302,0.31976744186046513,0.312,0.36764705882352944,0.2692307692307692,0.4331395348837209,0.392,0.5588235294117647,0.5
region,0.3,89,1393600,1386095,0.2986210512981154,True,332,332,0.26453488372093026,0.272,0.23529411764705882,0.2692307692307692,0.39244186046511625,0.364,0.4852941176470588,0.4230769230769231
coverage,0.3,90,1393600,1393600,0.30023793252919434,True,332,287,0.2761627906976744,0.28,0.2647058823529412,0.2692307692307692,0.42441860465116277,0.376,0.5588235294117647,0.5384615384615384
region,0.3,90,1393600,1365376,0.29415733880954453,True,332,332,0.36046511627906974,0.372,0.3088235294117647,0.38461538461538464,0.48255813953488375,0.46,0.5294117647058824,0.5769230769230769
coverage,0.3,91,1393600,1393600,0.30023793252919434,True,332,303,0.29069767441860467,0.312,0.2647058823529412,0.15384615384615385,0.4331395348837209,0.42,0.45588235294117646,0.5
region,0.3,91,1393600,1366325,0.2943617918792706,True,332,332,0.28488372093023256,0.28,0.3088235294117647,0.2692307692307692,0.43023255813953487,0.416,0.45588235294117646,0.5
coverage,0.3,92,1393600,1393600,0.30023793252919434,True,332,285,0.29651162790697677,0.312,0.2647058823529412,0.23076923076923078,0.438953488372093,0.416,0.45588235294117646,0.6153846153846154
region,0.3,92,1393600,1373500,0.2959075777331002,True,332,332,0.26453488372093026,0.272,0.23529411764705882,0.2692307692307692,0.4186046511627907,0.372,0.5147058823529411,0.6153846153846154
coverage,0.3,93,1393600,1393600,0.30023793252919434,True,332,294,0.2877906976744186,0.26,0.38235294117647056,0.3076923076923077,0.4273255813953488,0.368,0.6029411764705882,0.5384615384615384
region,0.3,93,1393600,1348398,0.29049958937033626,True,332,332,0.2761627906976744,0.264,0.3088235294117647,0.3076923076923077,0.45930232558139533,0.412,0.5588235294117647,0.6538461538461539
coverage,0.3,94,1393600,1393600,0.30023793252919434,True,332,271,0.33430232558139533,0.32,0.3235294117647059,0.5,0.44476744186046513,0.428,0.4411764705882353,0.6153846153846154
region,0.3,94,1393600,1348932,0.29061463461715786,True,332,332,0.26453488372093026,0.28,0.20588235294117646,0.2692307692307692,0.42151162790697677,0.396,0.4264705882352941,0.6538461538461539
coverage,0.3,95,1393600,1393600,0.30023793252919434,True,332,293,0.2616279069767442,0.268,0.2647058823529412,0.19230769230769232,0.40406976744186046,0.364,0.5294117647058824,0.46153846153846156
region,0.3,95,1393600,1358108,0.2925915169857628,True,332,332,0.3313953488372093,0.332,0.36764705882352944,0.23076923076923078,0.4941860465116279,0.476,0.5294117647058824,0.5769230769230769
coverage,0.3,96,1393600,1393600,0.30023793252919434,True,332,277,0.3372093023255814,0.32,0.38235294117647056,0.38461538461538464,0.4738372093023256,0.44,0.5294117647058824,0.6538461538461539
region,0.3,96,1393600,1384427,0.29826169648220074,True,332,332,0.2936046511627907,0.276,0.3235294117647059,0.38461538461538464,0.45930232558139533,0.408,0.5882352941176471,0.6153846153846154
coverage,0.3,97,1393600,1393600,0.30023793252919434,True,332,275,0.2877906976744186,0.284,0.29411764705882354,0.3076923076923077,0.4563953488372093,0.408,0.6029411764705882,0.5384615384615384
region,0.3,97,1393600,1398122,0.30121215463804696,True,332,332,0.3226744186046512,0.316,0.3382352941176471,0.34615384615384615,0.48255813953488375,0.444,0.5441176470588235,0.6923076923076923
coverage,0.3,98,1393600,1393600,0.30023793252919434,True,332,286,0.24127906976744187,0.24,0.23529411764705882,0.2692307692307692,0.375,0.336,0.45588235294117646,0.5384615384615384
region,0.3,98,1393600,1368871,0.2949103034867758,True,332,332,0.32848837209302323,0.332,0.3382352941176471,0.2692307692307692,0.45058139534883723,0.428,0.5147058823529411,0.5
coverage,0.3,99,1393600,1393600,0.30023793252919434,True,332,259,0.3488372093023256,0.368,0.29411764705882354,0.3076923076923077,0.4796511627906977,0.464,0.5147058823529411,0.5384615384615384
region,0.3,99,1393600,1370520,0.29526556493248524,True,332,332,0.2761627906976744,0.26,0.35294117647058826,0.23076923076923078,0.37790697674418605,0.328,0.5294117647058824,0.46153846153846156
