window_id,chrom,start,end,center,window_bp,target_bin_size,array_index,replicate,zero_axis,zero_row_count,zero_col_count,cool_path,background_candidate,block_id,split
WIN_1fc62eb1213185ea,MG1655,0,6400,3200,6400,100,0,rep1,False,0,0,F:\Micro-C\micro-c数据\GSE272159_37C_rep1.mapq_30.10.cool,True,MG1655:0,calibration
WIN_80551049e9428e9b,MG1655,800,7200,4000,6400,100,1,rep1,False,0,0,F:\Micro-C\micro-c数据\GSE272159_37C_rep1.mapq_30.10.cool,True,MG1655:0,calibration
WIN_a899a2dfc42fc00a,MG1655,1600,8000,4800,6400,100,2,rep1,False,0,0,F:\Micro-C\micro-c数据\GSE272159_37C_rep1.mapq_30.10.cool,True,MG1655:0,calibration
WIN_a11079548ec09ed0,MG1655,2400,8800,5600,6400,100,3,rep1,False,0,0,F:\Micro-C\micro-c数据\GSE272159_37C_rep1.mapq_30.10.cool,True,MG1655:0,calibration
WIN_b5df8c529e93382e,MG1655,3200,9600,6400,6400,100,4,rep1,False,0,0,F:\Micro-C\micro-c数据\GSE272159_37C_rep1.mapq_30.10.cool,True,MG1655:0,calibration
WIN_a369b901f482d1d0,MG1655,4000,10400,7200,6400,100,5,rep1,False,0,0,F:\Micro-C\micro-c数据\GSE272159_37C_rep1.mapq_30.10.cool,True,MG1655:0,calibration
WIN_e1b705817d9314ae,MG1655,4800,11200,8000,6400,100,6,rep1,False,0,0,F:\Micro-C\micro-c数据\GSE272159_37C_rep1.mapq_30.10.cool,True,MG1655:0,calibration
WIN_7f352e7f625a28e2,MG1655,5600,12000,8800,6400,100,7,rep1,False,0,0,F:\Micro-C\micro-c数据\GSE272159_37C_rep1.mapq_30.10.cool,True,MG1655:0,calibration
WIN_acdc881825c66cf7,MG1655,6400,12800,9600,6400,100,8,rep1,False,0,0,F:\Micro-C\micro-c数据\GSE272159_37C_rep1.mapq_30.10.cool,True,MG1655:0,calibration
WIN_0fd37a5b9eb2f7f4,MG1655,7200,13600,10400,6400,100,9,rep1,False,0,0,F:\Micro-C\micro-c数据\GSE272159_37C_rep1.mapq_30.10.cool,True,MG1655:0,calibration
WIN_30352bb5ca492387,MG1655,8000,14400,11200,6400,100,10,rep1,False,0,0,F:\Micro-C\micro-c数据\GSE272159_37C_rep1.mapq_30.10.cool,True,MG1655:0,calibration
WIN_e57dd9a2ff6edd0f,MG1655,8800,15200,12000,6400,100,11,rep1,False,0,0,F:\Micro-C\micro-c数据\GSE272159_37C_rep1.mapq_30.10.cool,True,MG1655:0,calibration
WIN_da46a069e8e238f1,MG1655,9600,16000,12800,6400,100,12,rep1,True,5,5,F:\Micro-C\micro-c数据\GSE272159_37C_rep1.mapq_30.10.cool,True,MG1655:0,calibration
WIN_7bc53dd63cec67bd,MG1655,10400,16800,13600,6400,100,13,rep1,True,11,11,F:\Micro-C\micro-c数据\GSE272159_37C_rep1.mapq_30.10.cool,True,MG1655:0,calibration
WIN_c081282ef4e3d0ee,MG1655,11200,17600,14400,6400,100,14,rep1,True,11,11,F:\Micro-C\micro-c数据\GSE272159_37C_rep1.mapq_30.10.cool,True,MG1655:0,calibration
WIN_e15f9b3da2953036,MG1655,12000,18400,15200,6400,100,15,rep1,True,11,11,F:\Micro-C\micro-c数据\GSE272159_37C_rep1.mapq_30.10.cool,True,MG1655:0,calibration
WIN_22bc86dcc7e1062c,MG1655,12800,19200,16000,6400,100,16,rep1,True,11,11,F:\Micro-C\micro-c数据\GSE272159_37C_rep1.mapq_30.10.cool,True,MG1655:0,calibration
WIN_5fdefdfd6beb7020,MG1655,13600,20000,16800,6400,100,17,rep1,True,12,12,F:\Micro-C\micro-c数据\GSE272159_37C_rep1.mapq_30.10.cool,True,MG1655:0,calibration
WIN_cb1fe0933b2b0546,MG1655,14400,20800,17600,6400,100,18,rep1,True,16,16,F:\Micro-C\micro-c数据\GSE272159_37C_rep1.mapq_30.10.cool,True,MG1655:0,calibration
WIN_f25e99e3c04687c3,MG1655,15200,21600,18400,6400,100,19,rep1,True,16,16,F:\Micro-C\micro-c数据\GSE272159_37C_rep1.mapq_30.10.cool,True,MG1655:0,calibration
WIN_32ef6e78a966183c,MG1655,16000,22400,19200,6400,100,20,rep1,True,11,11,F:\Micro-C\micro-c数据\GSE272159_37C_rep1.mapq_30.10.cool,True,MG1655:0,calibration
WIN_28558b36e52971a7,MG1655,16800,23200,20000,6400,100,21,rep1,True,5,5,F:\Micro-C\micro-c数据\GSE272159_37C_rep1.mapq_30.10.cool,True,MG1655:0,calibration
WIN_8e0c82a1aa680bf5,MG1655,17600,24000,20800,6400,100,22,rep1,True,5,5,F:\Micro-C\micro-c数据\GSE272159_37C_rep1.mapq_30.10.cool,True,MG1655:0,calibration
WIN_d7949687764c1388,MG1655,18400,24800,21600,6400,100,23,rep1,True,5,5,F:\Micro-C\micro-c数据\GSE272159_37C_rep1.mapq_30.10.cool,True,MG1655:0,calibration
WIN_6151e40bafacda80,MG1655,19200,25600,22400,6400,100,24,rep1,True,5,5,F:\Micro-C\micro-c数据\GSE272159_37C_rep1.mapq_30.10.cool,True,MG1655:0,calibration
WIN_02d52074f5706093,MG1655,20000,26400,23200,6400,100,25,rep1,True,4,4,F:\Micro-C\micro-c数据\GSE272159_37C_rep1.mapq_30.10.cool,True,MG1655:0,calibration
WIN_720ea4a59ea05748,MG1655,20800,27200,24000,6400,100,26,rep1,False,0,0,F:\Micro-C\micro-c数据\GSE272159_37C_rep1.mapq_30.10.cool,True,MG1655:0,calibration
WIN_47fdaf70537222b9,MG1655,21600,28000,24800,6400,100,27,rep1,False,0,0,F:\Micro-C\micro-c数据\GSE272159_37C_rep1.mapq_30.10.cool,True,MG1655:0,calibration
WIN_7df36dded1234d48,MG1655,22400,28800,25600,6400,100,28,rep1,False,0,0,F:\Micro-C\micro-c数据\GSE272159_37C_rep1.mapq_30.10.cool,True,MG1655:0,calibration
WIN_12f093142824860d,MG1655,23200,29600,26400,6400,100,29,rep1,False,0,0,F:\Micro-C\micro-c数据\GSE272159_37C_rep1.mapq_30.10.cool,True,MG1655:0,calibration
WIN_3dd6acaf5bda993f,MG1655,24000,30400,27200,6400,100,30,rep1,False,0,0,F:\Micro-C\micro-c数据\GSE272159_37C_rep1.mapq_30.10.cool,True,MG1655:0,calibration
WIN_4f52bf5e73a216a7,MG1655,24800,31200,28000,6400,100,31,rep1,False,0,0,F:\Micro-C\micro-c数据\GSE272159_37C_rep1.mapq_30.10.cool,True,MG1655:0,calibration
WIN_8b1c2f747a04c815,MG1655,25600,32000,28800,6400,100,32,rep1,False,0,0,F:\Micro-C\micro-c数据\GSE272159_37C_rep1.mapq_30.10.cool,True,MG1655:0,calibration
WIN_ee87c36aae8ce030,MG1655,26400,32800,29600,6400,100,33,rep1,False,0,0,F:\Micro-C\micro-c数据\GSE272159_37C_rep1.mapq_30.10.cool,True,MG1655:0,calibration
WIN_e2d3185ecc35dab9,MG1655,27200,33600,30400,6400,100,34,rep1,False,0,0,F:\Micro-C\micro-c数据\GSE272159_37C_rep1.mapq_30.10.cool,True,MG1655:0,calibration
WIN_309854eaea2f1a81,MG1655,28000,34400,31200,6400,100,35,rep1,False,0,0,F:\Micro-C\micro-c数据\GSE272159_37C_rep1.mapq_30.10.cool,True,MG1655:0,calibration
WIN_d0e25a49d46199e0,MG1655,28800,35200,32000,6400,100,36,rep1,False,0,0,F:\Micro-C\micro-c数据\GSE272159_37C_rep1.mapq_30.10.cool,True,MG1655:0,calibration
WIN_63d47ec195ef619c,MG1655,29600,36000,32800,6400,100,37,rep1,False,0,0,F:\Micro-C\micro-c数据\GSE272159_37C_rep1.mapq_30.10.cool,True,MG1655:0,calibration
WIN_9ddf9c602fb8ef96,MG1655,30400,36800,33600,6400,100,38,rep1,False,0,0,F:\Micro-C\micro-c数据\GSE272159_37C_rep1.mapq_30.10.cool,True,MG1655:0,calibration
WIN_d82ae1794761e1bf,MG1655,31200,37600,34400,6400,100,39,rep1,False,0,0,F:\Micro-C\micro-c数据\GSE272159_37C_rep1.mapq_30.10.cool,True,MG1655:0,calibration
WIN_2a6f602ad43dead2,MG1655,32000,38400,35200,6400,100,40,rep1,False,0,0,F:\Micro-C\micro-c数据\GSE272159_37C_rep1.mapq_30.10.cool,True,MG1655:0,calibration
WIN_dc5a0866a75881a0,MG1655,32800,39200,36000,6400,100,41,rep1,False,0,0,F:\Micro-C\micro-c数据\GSE272159_37C_rep1.mapq_30.10.cool,True,MG1655:0,calibration
WIN_35a99bd8bf789ad3,MG1655,33600,40000,36800,6400,100,42,rep1,False,0,0,F:\Micro-C\micro-c数据\GSE272159_37C_rep1.mapq_30.10.cool,True,MG1655:0,calibration
WIN_cde3f218ff5b0e3b,MG1655,34400,40800,37600,6400,100,43,rep1,False,0,0,F:\Micro-C\micro-c数据\GSE272159_37C_rep1.mapq_30.10.cool,True,MG1655:0,calibration
WIN_96fad64845c747ae,MG1655,35200,41600,38400,6400,100,44,rep1,False,0,0,F:\Micro-C\micro-c数据\GSE272159_37C_rep1.mapq_30.10.cool,True,MG1655:0,calibration
WIN_99016fad67d5f0b4,MG1655,36000,42400,39200,6400,100,45,rep1,False,0,0,F:\Micro-C\micro-c数据\GSE272159_37C_rep1.mapq_30.10.cool,True,MG1655:0,calibration
WIN_4f39958c0455dca6,MG1655,36800,43200,40000,6400,100,46,rep1,False,0,0,F:\Micro-C\micro-c数据\GSE272159_37C_rep1.mapq_30.10.cool,True,MG1655:0,calibration
WIN_c209e5e509fe0cfc,MG1655,37600,44000,40800,6400,100,47,rep1,False,0,0,F:\Micro-C\micro-c数据\GSE272159_37C_rep1.mapq_30.10.cool,True,MG1655:0,calibration
WIN_9bbc5859be05a031,MG1655,38400,44800,41600,6400,100,48,rep1,False,0,0,F:\Micro-C\micro-c数据\GSE272159_37C_rep1.mapq_30.10.cool,True,MG1655:0,calibration
WIN_b0b3fac787b1e9b7,MG1655,39200,45600,42400,6400,100,49,rep1,False,0,0,F:\Micro-C\micro-c数据\GSE272159_37C_rep1.mapq_30.10.cool,True,MG1655:0,calibration
WIN_467c95a0f69124aa,MG1655,40000,46400,43200,6400,100,50,rep1,False,0,0,F:\Micro-C\micro-c数据\GSE272159_37C_rep1.mapq_30.10.cool,True,MG1655:0,calibration
WIN_276bfa5edb48b81f,MG1655,40800,47200,44000,6400,100,51,rep1,False,0,0,F:\Micro-C\micro-c数据\GSE272159_37C_rep1.mapq_30.10.cool,True,MG1655:0,calibration
WIN_d66ac99777b2ca8d,MG1655,41600,48000,44800,6400,100,52,rep1,False,0,0,F:\Micro-C\micro-c数据\GSE272159_37C_rep1.mapq_30.10.cool,True,MG1655:0,calibration
WIN_896512a787dd4f38,MG1655,65600,72000,68800,6400,100,82,rep1,False,0,0,F:\Micro-C\micro-c数据\GSE272159_37C_rep1.mapq_30.10.cool,True,MG1655:0,calibration
WIN_553f237e5022b9ec,MG1655,66400,72800,69600,6400,100,83,rep1,False,0,0,F:\Micro-C\micro-c数据\GSE272159_37C_rep1.mapq_30.10.cool,True,MG1655:0,calibration
WIN_1534dbc51523d4d6,MG1655,67200,73600,70400,6400,100,84,rep1,False,0,0,F:\Micro-C\micro-c数据\GSE272159_37C_rep1.mapq_30.10.cool,True,MG1655:0,calibration
WIN_5b9771766543311e,MG1655,68000,74400,71200,6400,100,85,rep1,False,0,0,F:\Micro-C\micro-c数据\GSE272159_37C_rep1.mapq_30.10.cool,True,MG1655:0,calibration
WIN_4ed6545739586218,MG1655,68800,75200,72000,6400,100,86,rep1,False,0,0,F:\Micro-C\micro-c数据\GSE272159_37C_rep1.mapq_30.10.cool,True,MG1655:0,calibration
WIN_bcd6daf2b4a8004a,MG1655,69600,76000,72800,6400,100,87,rep1,False,0,0,F:\Micro-C\micro-c数据\GSE272159_37C_rep1.mapq_30.10.cool,True,MG1655:0,calibration
WIN_7e143d4774aa4d82,MG1655,70400,76800,73600,6400,100,88,rep1,False,0,0,F:\Micro-C\micro-c数据\GSE272159_37C_rep1.mapq_30.10.cool,True,MG1655:0,calibration
WIN_41ba1950ef9e91fd,MG1655,71200,77600,74400,6400,100,89,rep1,False,0,0,F:\Micro-C\micro-c数据\GSE272159_37C_rep1.mapq_30.10.cool,True,MG1655:0,calibration
WIN_987092b5fffded1b,MG1655,132800,139200,136000,6400,100,166,rep1,False,0,0,F:\Micro-C\micro-c数据\GSE272159_37C_rep1.mapq_30.10.cool,True,MG1655:1,train
WIN_9e80feec6430dafc,MG1655,133600,140000,136800,6400,100,167,rep1,False,0,0,F:\Micro-C\micro-c数据\GSE272159_37C_rep1.mapq_30.10.cool,True,MG1655:1,train
WIN_ede94a9ea7a8491b,MG1655,134400,140800,137600,6400,100,168,rep1,False,0,0,F:\Micro-C\micro-c数据\GSE272159_37C_rep1.mapq_30.10.cool,True,MG1655:1,train
WIN_b4d47ca7dcdd92ad,MG1655,135200,141600,138400,6400,100,169,rep1,False,0,0,F:\Micro-C\micro-c数据\GSE272159_37C_rep1.mapq_30.10.cool,True,MG1655:1,train
WIN_996e2bfd51a9c35e,MG1655,136000,142400,139200,6400,100,170,rep1,False,0,0,F:\Micro-C\micro-c数据\GSE272159_37C_rep1.mapq_30.10.cool,True,MG1655:1,train
WIN_c5a33593b0a252f5,MG1655,136800,143200,140000,6400,100,171,rep1,False,0,0,F:\Micro-C\micro-c数据\GSE272159_37C_rep1.mapq_30.10.cool,True,MG1655:1,train
WIN_eae38eeb32788911,MG1655,137600,144000,140800,6400,100,172,rep1,False,0,0,F:\Micro-C\micro-c数据\GSE272159_37C_rep1.mapq_30.10.cool,True,MG1655:1,train
WIN_441b858790dea370,MG1655,138400,144800,141600,6400,100,173,rep1,False,0,0,F:\Micro-C\micro-c数据\GSE272159_37C_rep1.mapq_30.10.cool,True,MG1655:1,train
WIN_daaaaeccef75e6ad,MG1655,163200,169600,166400,6400,100,204,rep1,False,0,0,F:\Micro-C\micro-c数据\GSE272159_37C_rep1.mapq_30.10.cool,True,MG1655:1,train
WIN_d0d169cc0e05378e,MG1655,164000,170400,167200,6400,100,205,rep1,False,0,0,F:\Micro-C\micro-c数据\GSE272159_37C_rep1.mapq_30.10.cool,True,MG1655:1,train
WIN_d398cbdee9e13024,MG1655,164800,171200,168000,6400,100,206,rep1,False,0,0,F:\Micro-C\micro-c数据\GSE272159_37C_rep1.mapq_30.10.cool,True,MG1655:1,train
WIN_fb0abaf75651580c,MG1655,165600,172000,168800,6400,100,207,rep1,False,0,0,F:\Micro-C\micro-c数据\GSE272159_37C_rep1.mapq_30.10.cool,True,MG1655:1,train
WIN_22c6efae5967d8b3,MG1655,166400,172800,169600,6400,100,208,rep1,False,0,0,F:\Micro-C\micro-c数据\GSE272159_37C_rep1.mapq_30.10.cool,True,MG1655:1,train
WIN_587b85be17f4e190,MG1655,167200,173600,170400,6400,100,209,rep1,False,0,0,F:\Micro-C\micro-c数据\GSE272159_37C_rep1.mapq_30.10.cool,True,MG1655:1,train
WIN_e0a052d5f1f04eb2,MG1655,207200,213600,210400,6400,100,259,rep1,False,0,0,F:\Micro-C\micro-c数据\GSE272159_37C_rep1.mapq_30.10.cool,True,MG1655:1,train
WIN_b9fc7ce07f3af2cf,MG1655,208000,214400,211200,6400,100,260,rep1,False,0,0,F:\Micro-C\micro-c数据\GSE272159_37C_rep1.mapq_30.10.cool,True,MG1655:1,train
WIN_aef9af49c7087ab1,MG1655,208800,215200,212000,6400,100,261,rep1,False,0,0,F:\Micro-C\micro-c数据\GSE272159_37C_rep1.mapq_30.10.cool,True,MG1655:1,train
WIN_0e7cf2e07b115511,MG1655,209600,216000,212800,6400,100,262,rep1,False,0,0,F:\Micro-C\micro-c数据\GSE272159_37C_rep1.mapq_30.10.cool,True,MG1655:1,train
WIN_5512d5a2ce0fd1d5,MG1655,210400,216800,213600,6400,100,263,rep1,False,0,0,F:\Micro-C\micro-c数据\GSE272159_37C_rep1.mapq_30.10.cool,True,MG1655:1,train
WIN_07ce8e060751b902,MG1655,211200,217600,214400,6400,100,264,rep1,False,0,0,F:\Micro-C\micro-c数据\GSE272159_37C_rep1.mapq_30.10.cool,True,MG1655:1,train
WIN_57d961d01665fc9b,MG1655,212000,218400,215200,6400,100,265,rep1,False,0,0,F:\Micro-C\micro-c数据\GSE272159_37C_rep1.mapq_30.10.cool,True,MG1655:1,train
WIN_3f50b9f9d07fe902,MG1655,212800,219200,216000,6400,100,266,rep1,False,0,0,F:\Micro-C\micro-c数据\GSE272159_37C_rep1.mapq_30.10.cool,True,MG1655:1,train
WIN_a122bba54d9b0602,MG1655,213600,220000,216800,6400,100,267,rep1,False,0,0,F:\Micro-C\micro-c数据\GSE272159_37C_rep1.mapq_30.10.cool,True,MG1655:1,train
WIN_115f0020194ebd31,MG1655,214400,220800,217600,6400,100,268,rep1,False,0,0,F:\Micro-C\micro-c数据\GSE272159_37C_rep1.mapq_30.10.cool,True,MG1655:1,train
WIN_bb80f3ad4d84cedd,MG1655,215200,221600,218400,6400,100,269,rep1,False,0,0,F:\Micro-C\micro-c数据\GSE272159_37C_rep1.mapq_30.10.cool,True,MG1655:1,train
WIN_239971f28c99c17a,MG1655,216000,222400,219200,6400,100,270,rep1,False,0,0,F:\Micro-C\micro-c数据\GSE272159_37C_rep1.mapq_30.10.cool,True,MG1655:1,train
WIN_78d1612d55fd12e8,MG1655,216800,223200,220000,6400,100,271,rep1,False,0,0,F:\Micro-C\micro-c数据\GSE272159_37C_rep1.mapq_30.10.cool,True,MG1655:1,train
WIN_127e88aefcc64aee,MG1655,217600,224000,220800,6400,100,272,rep1,True,2,2,F:\Micro-C\micro-c数据\GSE272159_37C_rep1.mapq_30.10.cool,True,MG1655:1,train
WIN_53e58a5b7573cfaf,MG1655,218400,224800,221600,6400,100,273,rep1,True,8,8,F:\Micro-C\micro-c数据\GSE272159_37C_rep1.mapq_30.10.cool,True,MG1655:1,train
WIN_fb0ff2c7d0301da2,MG1655,219200,225600,222400,6400,100,274,rep1,True,14,14,F:\Micro-C\micro-c数据\GSE272159_37C_rep1.mapq_30.10.cool,True,MG1655:1,train
WIN_03069b70763b19e5,MG1655,220000,226400,223200,6400,100,275,rep1,True,18,18,F:\Micro-C\micro-c数据\GSE272159_37C_rep1.mapq_30.10.cool,True,MG1655:1,train
WIN_dcef2c3bbe30db15,MG1655,220800,227200,224000,6400,100,276,rep1,True,22,22,F:\Micro-C\micro-c数据\GSE272159_37C_rep1.mapq_30.10.cool,True,MG1655:1,train
WIN_e3d42a48d053438e,MG1655,221600,228000,224800,6400,100,277,rep1,True,30,30,F:\Micro-C\micro-c数据\GSE272159_37C_rep1.mapq_30.10.cool,True,MG1655:1,train
WIN_a9c3717a42db2e51,MG1655,222400,228800,225600,6400,100,278,rep1,True,38,38,F:\Micro-C\micro-c数据\GSE272159_37C_rep1.mapq_30.10.cool,True,MG1655:1,train
WIN_2e78ef72fb74aed9,MG1655,223200,229600,226400,6400,100,279,rep1,True,40,40,F:\Micro-C\micro-c数据\GSE272159_37C_rep1.mapq_30.10.cool,True,MG1655:1,train
WIN_e1e742536ebb0f15,MG1655,224000,230400,227200,6400,100,280,rep1,True,37,37,F:\Micro-C\micro-c数据\GSE272159_37C_rep1.mapq_30.10.cool,True,MG1655:1,train
WIN_a062a7b8f545f43a,MG1655,224800,231200,228000,6400,100,281,rep1,True,30,30,F:\Micro-C\micro-c数据\GSE272159_37C_rep1.mapq_30.10.cool,True,MG1655:1,train
WIN_b24be7aaef7ab9ca,MG1655,269600,276000,272800,6400,100,337,rep1,True,16,16,F:\Micro-C\micro-c数据\GSE272159_37C_rep1.mapq_30.10.cool,True,MG1655:2,train
WIN_6a955ee589755133,MG1655,270400,276800,273600,6400,100,338,rep1,True,16,16,F:\Micro-C\micro-c数据\GSE272159_37C_rep1.mapq_30.10.cool,True,MG1655:2,train
WIN_1c49966d4bd744d8,MG1655,271200,277600,274400,6400,100,339,rep1,True,11,11,F:\Micro-C\micro-c数据\GSE272159_37C_rep1.mapq_30.10.cool,True,MG1655:2,train
WIN_49511e3ea7b15671,MG1655,272000,278400,275200,6400,100,340,rep1,True,9,9,F:\Micro-C\micro-c数据\GSE272159_37C_rep1.mapq_30.10.cool,True,MG1655:2,train
WIN_e9265fa752a4bcdc,MG1655,272800,279200,276000,6400,100,341,rep1,True,9,9,F:\Micro-C\micro-c数据\GSE272159_37C_rep1.mapq_30.10.cool,True,MG1655:2,train
WIN_79e27f1bae7ed2f5,MG1655,273600,280000,276800,6400,100,342,rep1,True,14,14,F:\Micro-C\micro-c数据\GSE272159_37C_rep1.mapq_30.10.cool,True,MG1655:2,train
WIN_2e846de1207ae475,MG1655,274400,280800,277600,6400,100,343,rep1,True,11,11,F:\Micro-C\micro-c数据\GSE272159_37C_rep1.mapq_30.10.cool,True,MG1655:2,train
WIN_fb37e435d382fb66,MG1655,275200,281600,278400,6400,100,344,rep1,True,5,5,F:\Micro-C\micro-c数据\GSE272159_37C_rep1.mapq_30.10.cool,True,MG1655:2,train
WIN_cac4164e6a920508,MG1655,276000,282400,279200,6400,100,345,rep1,True,5,5,F:\Micro-C\micro-c数据\GSE272159_37C_rep1.mapq_30.10.cool,True,MG1655:2,train
WIN_acc17214de1d86bb,MG1655,276800,283200,280000,6400,100,346,rep1,True,5,5,F:\Micro-C\micro-c数据\GSE272159_37C_rep1.mapq_30.10.cool,True,MG1655:2,train
WIN_d9dcd5a73aedba94,MG1655,277600,284000,280800,6400,100,347,rep1,True,5,5,F:\Micro-C\micro-c数据\GSE272159_37C_rep1.mapq_30.10.cool,True,MG1655:2,train
WIN_02e1bcd11fa9c9bc,MG1655,278400,284800,281600,6400,100,348,rep1,True,5,5,F:\Micro-C\micro-c数据\GSE272159_37C_rep1.mapq_30.10.cool,True,MG1655:2,train
WIN_a869fae4d5bcc6e2,MG1655,279200,285600,282400,6400,100,349,rep1,True,5,5,F:\Micro-C\micro-c数据\GSE272159_37C_rep1.mapq_30.10.cool,True,MG1655:2,train
WIN_cf319b2e5d64b268,MG1655,280000,286400,283200,6400,100,350,rep1,False,0,0,F:\Micro-C\micro-c数据\GSE272159_37C_rep1.mapq_30.10.cool,True,MG1655:2,train
WIN_6d2b2e115c751878,MG1655,280800,287200,284000,6400,100,351,rep1,False,0,0,F:\Micro-C\micro-c数据\GSE272159_37C_rep1.mapq_30.10.cool,True,MG1655:2,train
WIN_301f21a28d97640b,MG1655,351200,357600,354400,6400,100,439,rep1,False,0,0,F:\Micro-C\micro-c数据\GSE272159_37C_rep1.mapq_30.10.cool,True,MG1655:2,train
WIN_598846a7d6cf6680,MG1655,352000,358400,355200,6400,100,440,rep1,False,0,0,F:\Micro-C\micro-c数据\GSE272159_37C_rep1.mapq_30.10.cool,True,MG1655:2,train
WIN_942c6848be20e1b6,MG1655,352800,359200,356000,6400,100,441,rep1,False,0,0,F:\Micro-C\micro-c数据\GSE272159_37C_rep1.mapq_30.10.cool,True,MG1655:2,train
WIN_d6c80f1e534ca56b,MG1655,353600,360000,356800,6400,100,442,rep1,False,0,0,F:\Micro-C\micro-c数据\GSE272159_37C_rep1.mapq_30.10.cool,True,MG1655:2,train
WIN_0bc80b9f602472b5,MG1655,354400,360800,357600,6400,100,443,rep1,False,0,0,F:\Micro-C\micro-c数据\GSE272159_37C_rep1.mapq_30.10.cool,True,MG1655:2,train
WIN_e4925a0d9ee47346,MG1655,355200,361600,358400,6400,100,444,rep1,False,0,0,F:\Micro-C\micro-c数据\GSE272159_37C_rep1.mapq_30.10.cool,True,MG1655:2,train
WIN_d533a4e455c081e8,MG1655,356000,362400,359200,6400,100,445,rep1,False,0,0,F:\Micro-C\micro-c数据\GSE272159_37C_rep1.mapq_30.10.cool,True,MG1655:2,train
WIN_b493a9cc1a1b2461,MG1655,356800,363200,360000,6400,100,446,rep1,False,0,0,F:\Micro-C\micro-c数据\GSE272159_37C_rep1.mapq_30.10.cool,True,MG1655:2,train
WIN_de7f5c2a0821f7f4,MG1655,357600,364000,360800,6400,100,447,rep1,False,0,0,F:\Micro-C\micro-c数据\GSE272159_37C_rep1.mapq_30.10.cool,True,MG1655:2,train
WIN_c4e155ef11b4d733,MG1655,358400,364800,361600,6400,100,448,rep1,False,0,0,F:\Micro-C\micro-c数据\GSE272159_37C_rep1.mapq_30.10.cool,True,MG1655:2,train
WIN_1ff4937f56ea68c3,MG1655,359200,365600,362400,6400,100,449,rep1,False,0,0,F:\Micro-C\micro-c数据\GSE272159_37C_rep1.mapq_30.10.cool,True,MG1655:2,train
WIN_d83a42ca0754c2df,MG1655,360000,366400,363200,6400,100,450,rep1,False,0,0,F:\Micro-C\micro-c数据\GSE272159_37C_rep1.mapq_30.10.cool,True,MG1655:2,train
WIN_c9ff671be8c3972c,MG1655,360800,367200,364000,6400,100,451,rep1,False,0,0,F:\Micro-C\micro-c数据\GSE272159_37C_rep1.mapq_30.10.cool,True,MG1655:2,train
WIN_c7999471fae79bc0,MG1655,361600,368000,364800,6400,100,452,rep1,False,0,0,F:\Micro-C\micro-c数据\GSE272159_37C_rep1.mapq_30.10.cool,True,MG1655:2,train
WIN_e38266e035ea3c80,MG1655,362400,368800,365600,6400,100,453,rep1,False,0,0,F:\Micro-C\micro-c数据\GSE272159_37C_rep1.mapq_30.10.cool,True,MG1655:2,train
WIN_bfcf5bf269b7d2c5,MG1655,363200,369600,366400,6400,100,454,rep1,False,0,0,F:\Micro-C\micro-c数据\GSE272159_37C_rep1.mapq_30.10.cool,True,MG1655:2,train
WIN_3556846841f7c963,MG1655,364000,370400,367200,6400,100,455,rep1,False,0,0,F:\Micro-C\micro-c数据\GSE272159_37C_rep1.mapq_30.10.cool,True,MG1655:2,train
WIN_aefb5c062ddad307,MG1655,364800,371200,368000,6400,100,456,rep1,False,0,0,F:\Micro-C\micro-c数据\GSE272159_37C_rep1.mapq_30.10.cool,True,MG1655:2,train
WIN_eec7bc34fa864e60,MG1655,365600,372000,368800,6400,100,457,rep1,False,0,0,F:\Micro-C\micro-c数据\GSE272159_37C_rep1.mapq_30.10.cool,True,MG1655:2,train
WIN_805f398e7e7789ef,MG1655,366400,372800,369600,6400,100,458,rep1,False,0,0,F:\Micro-C\micro-c数据\GSE272159_37C_rep1.mapq_30.10.cool,True,MG1655:2,train
WIN_38c49d0ec265e667,MG1655,367200,373600,370400,6400,100,459,rep1,False,0,0,F:\Micro-C\micro-c数据\GSE272159_37C_rep1.mapq_30.10.cool,True,MG1655:2,train
WIN_70df95f6ea8d2b15,MG1655,368000,374400,371200,6400,100,460,rep1,False,0,0,F:\Micro-C\micro-c数据\GSE272159_37C_rep1.mapq_30.10.cool,True,MG1655:2,train
WIN_4ff9474e871ac165,MG1655,368800,375200,372000,6400,100,461,rep1,False,0,0,F:\Micro-C\micro-c数据\GSE272159_37C_rep1.mapq_30.10.cool,True,MG1655:2,train
WIN_28cee24524d9a535,MG1655,369600,376000,372800,6400,100,462,rep1,False,0,0,F:\Micro-C\micro-c数据\GSE272159_37C_rep1.mapq_30.10.cool,True,MG1655:2,train
WIN_c00e85e235b4d7b6,MG1655,370400,376800,373600,6400,100,463,rep1,False,0,0,F:\Micro-C\micro-c数据\GSE272159_37C_rep1.mapq_30.10.cool,True,MG1655:2,train
WIN_485b53be9c22e54c,MG1655,371200,377600,374400,6400,100,464,rep1,False,0,0,F:\Micro-C\micro-c数据\GSE272159_37C_rep1.mapq_30.10.cool,True,MG1655:2,train
WIN_9aaa816ab79242ea,MG1655,372000,378400,375200,6400,100,465,rep1,False,0,0,F:\Micro-C\micro-c数据\GSE272159_37C_rep1.mapq_30.10.cool,True,MG1655:2,train
WIN_01cc63e958350405,MG1655,372800,379200,376000,6400,100,466,rep1,False,0,0,F:\Micro-C\micro-c数据\GSE272159_37C_rep1.mapq_30.10.cool,True,MG1655:2,train
WIN_386f26ad0111dd1e,MG1655,373600,380000,376800,6400,100,467,rep1,False,0,0,F:\Micro-C\micro-c数据\GSE272159_37C_rep1.mapq_30.10.cool,True,MG1655:2,train
WIN_df1c95c545e4b2fc,MG1655,374400,380800,377600,6400,100,468,rep1,False,0,0,F:\Micro-C\micro-c数据\GSE272159_37C_rep1.mapq_30.10.cool,True,MG1655:2,train
WIN_9e4a45bb5cb8d4a7,MG1655,375200,381600,378400,6400,100,469,rep1,True,2,2,F:\Micro-C\micro-c数据\GSE272159_37C_rep1.mapq_30.10.cool,True,MG1655:2,train
WIN_832dbc77fdd61b11,MG1655,376000,382400,379200,6400,100,470,rep1,True,10,10,F:\Micro-C\micro-c数据\GSE272159_37C_rep1.mapq_30.10.cool,True,MG1655:2,train
WIN_45f285152c3fe57c,MG1655,376800,383200,380000,6400,100,471,rep1,True,11,11,F:\Micro-C\micro-c数据\GSE272159_37C_rep1.mapq_30.10.cool,True,MG1655:2,train
WIN_187fe77f66e6a562,MG1655,377600,384000,380800,6400,100,472,rep1,True,11,11,F:\Micro-C\micro-c数据\GSE272159_37C_rep1.mapq_30.10.cool,True,MG1655:2,train
WIN_dc1cad4a3eaa396e,MG1655,384000,390400,387200,6400,100,480,rep1,False,0,0,F:\Micro-C\micro-c数据\GSE272159_37C_rep1.mapq_30.10.cool,True,MG1655:3,train
WIN_257507350f5c771d,MG1655,384800,391200,388000,6400,100,481,rep1,False,0,0,F:\Micro-C\micro-c数据\GSE272159_37C_rep1.mapq_30.10.cool,True,MG1655:3,train
WIN_f1c87ce78e6b42e1,MG1655,385600,392000,388800,6400,100,482,rep1,True,2,2,F:\Micro-C\micro-c数据\GSE272159_37C_rep1.mapq_30.10.cool,True,MG1655:3,train
WIN_90f615104e6625b9,MG1655,386400,392800,389600,6400,100,483,rep1,True,10,10,F:\Micro-C\micro-c数据\GSE272159_37C_rep1.mapq_30.10.cool,True,MG1655:3,train
WIN_1f078c6d3c3a219c,MG1655,387200,393600,390400,6400,100,484,rep1,True,10,10,F:\Micro-C\micro-c数据\GSE272159_37C_rep1.mapq_30.10.cool,True,MG1655:3,train
WIN_ed2da9a69ad95ba9,MG1655,388000,394400,391200,6400,100,485,rep1,True,10,10,F:\Micro-C\micro-c数据\GSE272159_37C_rep1.mapq_30.10.cool,True,MG1655:3,train
WIN_137fffa03f51200b,MG1655,388800,395200,392000,6400,100,486,rep1,True,10,10,F:\Micro-C\micro-c数据\GSE272159_37C_rep1.mapq_30.10.cool,True,MG1655:3,train
WIN_c200460ddcdcdbaa,MG1655,389600,396000,392800,6400,100,487,rep1,True,10,10,F:\Micro-C\micro-c数据\GSE272159_37C_rep1.mapq_30.10.cool,True,MG1655:3,train
WIN_bd9172a3b94d9f71,MG1655,390400,396800,393600,6400,100,488,rep1,True,10,10,F:\Micro-C\micro-c数据\GSE272159_37C_rep1.mapq_30.10.cool,True,MG1655:3,train
WIN_130d6ac9ad226adb,MG1655,391200,397600,394400,6400,100,489,rep1,True,10,10,F:\Micro-C\micro-c数据\GSE272159_37C_rep1.mapq_30.10.cool,True,MG1655:3,train
WIN_b7e0c236cbf9fc39,MG1655,392000,398400,395200,6400,100,490,rep1,True,8,8,F:\Micro-C\micro-c数据\GSE272159_37C_rep1.mapq_30.10.cool,True,MG1655:3,train
WIN_5d505f45f6e52580,MG1655,392800,399200,396000,6400,100,491,rep1,False,0,0,F:\Micro-C\micro-c数据\GSE272159_37C_rep1.mapq_30.10.cool,True,MG1655:3,train
WIN_9c1fbb57449a2bf7,MG1655,393600,400000,396800,6400,100,492,rep1,False,0,0,F:\Micro-C\micro-c数据\GSE272159_37C_rep1.mapq_30.10.cool,True,MG1655:3,train
WIN_66fc3cb9b76490de,MG1655,394400,400800,397600,6400,100,493,rep1,False,0,0,F:\Micro-C\micro-c数据\GSE272159_37C_rep1.mapq_30.10.cool,True,MG1655:3,train
WIN_a464488e37a4f651,MG1655,395200,401600,398400,6400,100,494,rep1,False,0,0,F:\Micro-C\micro-c数据\GSE272159_37C_rep1.mapq_30.10.cool,True,MG1655:3,train
WIN_c82d3ae45cda434b,MG1655,396000,402400,399200,6400,100,495,rep1,False,0,0,F:\Micro-C\micro-c数据\GSE272159_37C_rep1.mapq_30.10.cool,True,MG1655:3,train
WIN_74e2026a4a7c0277,MG1655,396800,403200,400000,6400,100,496,rep1,False,0,0,F:\Micro-C\micro-c数据\GSE272159_37C_rep1.mapq_30.10.cool,True,MG1655:3,train
WIN_03d97e25abb673c4,MG1655,397600,404000,400800,6400,100,497,rep1,False,0,0,F:\Micro-C\micro-c数据\GSE272159_37C_rep1.mapq_30.10.cool,True,MG1655:3,train
WIN_7709faef881f36f6,MG1655,398400,404800,401600,6400,100,498,rep1,False,0,0,F:\Micro-C\micro-c数据\GSE272159_37C_rep1.mapq_30.10.cool,True,MG1655:3,train
WIN_d9a7053217eb73ec,MG1655,399200,405600,402400,6400,100,499,rep1,False,0,0,F:\Micro-C\micro-c数据\GSE272159_37C_rep1.mapq_30.10.cool,True,MG1655:3,train
WIN_ac6511e85e394dbe,MG1655,400000,406400,403200,6400,100,500,rep1,False,0,0,F:\Micro-C\micro-c数据\GSE272159_37C_rep1.mapq_30.10.cool,True,MG1655:3,train
WIN_db677ca7e1389a40,MG1655,400800,407200,404000,6400,100,501,rep1,False,0,0,F:\Micro-C\micro-c数据\GSE272159_37C_rep1.mapq_30.10.cool,True,MG1655:3,train
WIN_d91ae616da56bb09,MG1655,401600,408000,404800,6400,100,502,rep1,False,0,0,F:\Micro-C\micro-c数据\GSE272159_37C_rep1.mapq_30.10.cool,True,MG1655:3,train
WIN_0b0b0d03da9ffe49,MG1655,402400,408800,405600,6400,100,503,rep1,False,0,0,F:\Micro-C\micro-c数据\GSE272159_37C_rep1.mapq_30.10.cool,True,MG1655:3,train
WIN_a6c491d723ba765a,MG1655,403200,409600,406400,6400,100,504,rep1,False,0,0,F:\Micro-C\micro-c数据\GSE272159_37C_rep1.mapq_30.10.cool,True,MG1655:3,train
WIN_f0b46bfe18f2ee61,MG1655,404000,410400,407200,6400,100,505,rep1,False,0,0,F:\Micro-C\micro-c数据\GSE272159_37C_rep1.mapq_30.10.cool,True,MG1655:3,train
WIN_7905ced993ae912a,MG1655,404800,411200,408000,6400,100,506,rep1,False,0,0,F:\Micro-C\micro-c数据\GSE272159_37C_rep1.mapq_30.10.cool,True,MG1655:3,train
WIN_e2a59c34b3ca8da2,MG1655,405600,412000,408800,6400,100,507,rep1,False,0,0,F:\Micro-C\micro-c数据\GSE272159_37C_rep1.mapq_30.10.cool,True,MG1655:3,train
WIN_8be628f4a2203e3c,MG1655,406400,412800,409600,6400,100,508,rep1,False,0,0,F:\Micro-C\micro-c数据\GSE272159_37C_rep1.mapq_30.10.cool,True,MG1655:3,train
WIN_f7e2bef9c974ded4,MG1655,407200,413600,410400,6400,100,509,rep1,False,0,0,F:\Micro-C\micro-c数据\GSE272159_37C_rep1.mapq_30.10.cool,True,MG1655:3,train
WIN_73708c226d26e302,MG1655,408000,414400,411200,6400,100,510,rep1,False,0,0,F:\Micro-C\micro-c数据\GSE272159_37C_rep1.mapq_30.10.cool,True,MG1655:3,train
WIN_38edabd7a7f76591,MG1655,408800,415200,412000,6400,100,511,rep1,False,0,0,F:\Micro-C\micro-c数据\GSE272159_37C_rep1.mapq_30.10.cool,True,MG1655:3,train
WIN_3ed987344ba59015,MG1655,409600,416000,412800,6400,100,512,rep1,False,0,0,F:\Micro-C\micro-c数据\GSE272159_37C_rep1.mapq_30.10.cool,True,MG1655:3,train
WIN_d431011a648ed037,MG1655,410400,416800,413600,6400,100,513,rep1,False,0,0,F:\Micro-C\micro-c数据\GSE272159_37C_rep1.mapq_30.10.cool,True,MG1655:3,train
WIN_f8f19c24df740a7d,MG1655,411200,417600,414400,6400,100,514,rep1,False,0,0,F:\Micro-C\micro-c数据\GSE272159_37C_rep1.mapq_30.10.cool,True,MG1655:3,train
WIN_ec68f4191c9d9093,MG1655,412000,418400,415200,6400,100,515,rep1,False,0,0,F:\Micro-C\micro-c数据\GSE272159_37C_rep1.mapq_30.10.cool,True,MG1655:3,train
WIN_b218be486ad6318a,MG1655,412800,419200,416000,6400,100,516,rep1,False,0,0,F:\Micro-C\micro-c数据\GSE272159_37C_rep1.mapq_30.10.cool,True,MG1655:3,train
WIN_f659826311fd4c17,MG1655,413600,420000,416800,6400,100,517,rep1,False,0,0,F:\Micro-C\micro-c数据\GSE272159_37C_rep1.mapq_30.10.cool,True,MG1655:3,train
WIN_264d5fc0b622e0a7,MG1655,414400,420800,417600,6400,100,518,rep1,False,0,0,F:\Micro-C\micro-c数据\GSE272159_37C_rep1.mapq_30.10.cool,True,MG1655:3,train
WIN_f155197a703b893e,MG1655,415200,421600,418400,6400,100,519,rep1,False,0,0,F:\Micro-C\micro-c数据\GSE272159_37C_rep1.mapq_30.10.cool,True,MG1655:3,train
WIN_aaaf57183890f05e,MG1655,416000,422400,419200,6400,100,520,rep1,False,0,0,F:\Micro-C\micro-c数据\GSE272159_37C_rep1.mapq_30.10.cool,True,MG1655:3,train
WIN_e589fcdf3772513b,MG1655,416800,423200,420000,6400,100,521,rep1,False,0,0,F:\Micro-C\micro-c数据\GSE272159_37C_rep1.mapq_30.10.cool,True,MG1655:3,train
WIN_39bbccc5aa749906,MG1655,417600,424000,420800,6400,100,522,rep1,False,0,0,F:\Micro-C\micro-c数据\GSE272159_37C_rep1.mapq_30.10.cool,True,MG1655:3,train
WIN_9db4dc6e489b1b26,MG1655,418400,424800,421600,6400,100,523,rep1,False,0,0,F:\Micro-C\micro-c数据\GSE272159_37C_rep1.mapq_30.10.cool,True,MG1655:3,train
WIN_42bf15a8e07d6457,MG1655,419200,425600,422400,6400,100,524,rep1,False,0,0,F:\Micro-C\micro-c数据\GSE272159_37C_rep1.mapq_30.10.cool,True,MG1655:3,train
WIN_6bbe790e432eb291,MG1655,440800,447200,444000,6400,100,551,rep1,False,0,0,F:\Micro-C\micro-c数据\GSE272159_37C_rep1.mapq_30.10.cool,True,MG1655:3,train
WIN_2f5298dc04a419b7,MG1655,441600,448000,444800,6400,100,552,rep1,False,0,0,F:\Micro-C\micro-c数据\GSE272159_37C_rep1.mapq_30.10.cool,True,MG1655:3,train
WIN_26825880f3a3be12,MG1655,442400,448800,445600,6400,100,553,rep1,False,0,0,F:\Micro-C\micro-c数据\GSE272159_37C_rep1.mapq_30.10.cool,True,MG1655:3,train
WIN_d61df4eb5742c847,MG1655,443200,449600,446400,6400,100,554,rep1,False,0,0,F:\Micro-C\micro-c数据\GSE272159_37C_rep1.mapq_30.10.cool,True,MG1655:3,train
WIN_5645340572351fd0,MG1655,444000,450400,447200,6400,100,555,rep1,False,0,0,F:\Micro-C\micro-c数据\GSE272159_37C_rep1.mapq_30.10.cool,True,MG1655:3,train
WIN_1772a25355a9b57d,MG1655,444800,451200,448000,6400,100,556,rep1,False,0,0,F:\Micro-C\micro-c数据\GSE272159_37C_rep1.mapq_30.10.cool,True,MG1655:3,train
WIN_8a12b9f4b9531527,MG1655,445600,452000,448800,6400,100,557,rep1,False,0,0,F:\Micro-C\micro-c数据\GSE272159_37C_rep1.mapq_30.10.cool,True,MG1655:3,train
WIN_c5d39155151bead2,MG1655,446400,452800,449600,6400,100,558,rep1,False,0,0,F:\Micro-C\micro-c数据\GSE272159_37C_rep1.mapq_30.10.cool,True,MG1655:3,train
WIN_d65076dffb9191b1,MG1655,447200,453600,450400,6400,100,559,rep1,False,0,0,F:\Micro-C\micro-c数据\GSE272159_37C_rep1.mapq_30.10.cool,True,MG1655:3,train
WIN_5a04e17736191114,MG1655,448000,454400,451200,6400,100,560,rep1,False,0,0,F:\Micro-C\micro-c数据\GSE272159_37C_rep1.mapq_30.10.cool,True,MG1655:3,train
WIN_871ba842542b56ea,MG1655,448800,455200,452000,6400,100,561,rep1,False,0,0,F:\Micro-C\micro-c数据\GSE272159_37C_rep1.mapq_30.10.cool,True,MG1655:3,train
WIN_cdab53abdafa2974,MG1655,449600,456000,452800,6400,100,562,rep1,False,0,0,F:\Micro-C\micro-c数据\GSE272159_37C_rep1.mapq_30.10.cool,True,MG1655:3,train
WIN_912fa47e4a08102c,MG1655,450400,456800,453600,6400,100,563,rep1,False,0,0,F:\Micro-C\micro-c数据\GSE272159_37C_rep1.mapq_30.10.cool,True,MG1655:3,train
WIN_cf73d4f34f5cfbe1,MG1655,451200,457600,454400,6400,100,564,rep1,False,0,0,F:\Micro-C\micro-c数据\GSE272159_37C_rep1.mapq_30.10.cool,True,MG1655:3,train
WIN_9d77f8dadb6fb61a,MG1655,452000,458400,455200,6400,100,565,rep1,False,0,0,F:\Micro-C\micro-c数据\GSE272159_37C_rep1.mapq_30.10.cool,True,MG1655:3,train
WIN_8f1ad12e401906da,MG1655,452800,459200,456000,6400,100,566,rep1,False,0,0,F:\Micro-C\micro-c数据\GSE272159_37C_rep1.mapq_30.10.cool,True,MG1655:3,train
WIN_324b0e113bacccc6,MG1655,453600,460000,456800,6400,100,567,rep1,False,0,0,F:\Micro-C\micro-c数据\GSE272159_37C_rep1.mapq_30.10.cool,True,MG1655:3,train
WIN_6fe19a8654c2b202,MG1655,454400,460800,457600,6400,100,568,rep1,False,0,0,F:\Micro-C\micro-c数据\GSE272159_37C_rep1.mapq_30.10.cool,True,MG1655:3,train
WIN_1b4f814ae5ee0680,MG1655,455200,461600,458400,6400,100,569,rep1,False,0,0,F:\Micro-C\micro-c数据\GSE272159_37C_rep1.mapq_30.10.cool,True,MG1655:3,train
WIN_aef778ba14112a48,MG1655,456000,462400,459200,6400,100,570,rep1,False,0,0,F:\Micro-C\micro-c数据\GSE272159_37C_rep1.mapq_30.10.cool,True,MG1655:3,train
WIN_5e931dfc0d4629ac,MG1655,456800,463200,460000,6400,100,571,rep1,False,0,0,F:\Micro-C\micro-c数据\GSE272159_37C_rep1.mapq_30.10.cool,True,MG1655:3,train
WIN_5d8219d26006b627,MG1655,457600,464000,460800,6400,100,572,rep1,False,0,0,F:\Micro-C\micro-c数据\GSE272159_37C_rep1.mapq_30.10.cool,True,MG1655:3,train
WIN_2e42444e1287e6b0,MG1655,458400,464800,461600,6400,100,573,rep1,False,0,0,F:\Micro-C\micro-c数据\GSE272159_37C_rep1.mapq_30.10.cool,True,MG1655:3,train
WIN_c01abe8511647b3c,MG1655,459200,465600,462400,6400,100,574,rep1,False,0,0,F:\Micro-C\micro-c数据\GSE272159_37C_rep1.mapq_30.10.cool,True,MG1655:3,train
WIN_b1629584c4b199e7,MG1655,460000,466400,463200,6400,100,575,rep1,False,0,0,F:\Micro-C\micro-c数据\GSE272159_37C_rep1.mapq_30.10.cool,True,MG1655:3,train
WIN_ab75ca29d27ae6a2,MG1655,460800,467200,464000,6400,100,576,rep1,False,0,0,F:\Micro-C\micro-c数据\GSE272159_37C_rep1.mapq_30.10.cool,True,MG1655:3,train
WIN_9d48f754c1772daa,MG1655,461600,468000,464800,6400,100,577,rep1,False,0,0,F:\Micro-C\micro-c数据\GSE272159_37C_rep1.mapq_30.10.cool,True,MG1655:3,train
WIN_38ce12e8635258b4,MG1655,462400,468800,465600,6400,100,578,rep1,False,0,0,F:\Micro-C\micro-c数据\GSE272159_37C_rep1.mapq_30.10.cool,True,MG1655:3,train
WIN_316c0f40984e34aa,MG1655,463200,469600,466400,6400,100,579,rep1,False,0,0,F:\Micro-C\micro-c数据\GSE272159_37C_rep1.mapq_30.10.cool,True,MG1655:3,train
WIN_59a4f7caef19ef77,MG1655,464000,470400,467200,6400,100,580,rep1,False,0,0,F:\Micro-C\micro-c数据\GSE272159_37C_rep1.mapq_30.10.cool,True,MG1655:3,train
WIN_358abcfe1356fc4e,MG1655,464800,471200,468000,6400,100,581,rep1,False,0,0,F:\Micro-C\micro-c数据\GSE272159_37C_rep1.mapq_30.10.cool,True,MG1655:3,train
WIN_b6361fdab09d8670,MG1655,465600,472000,468800,6400,100,582,rep1,False,0,0,F:\Micro-C\micro-c数据\GSE272159_37C_rep1.mapq_30.10.cool,True,MG1655:3,train
WIN_309f310da2ff6e49,MG1655,466400,472800,469600,6400,100,583,rep1,False,0,0,F:\Micro-C\micro-c数据\GSE272159_37C_rep1.mapq_30.10.cool,True,MG1655:3,train
WIN_f9e6bd3f70ebe4b1,MG1655,467200,473600,470400,6400,100,584,rep1,False,0,0,F:\Micro-C\micro-c数据\GSE272159_37C_rep1.mapq_30.10.cool,True,MG1655:3,train
WIN_32082142c5e0b892,MG1655,487200,493600,490400,6400,100,609,rep1,False,0,0,F:\Micro-C\micro-c数据\GSE272159_37C_rep1.mapq_30.10.cool,True,MG1655:3,train
WIN_f111d517533a95fe,MG1655,488000,494400,491200,6400,100,610,rep1,False,0,0,F:\Micro-C\micro-c数据\GSE272159_37C_rep1.mapq_30.10.cool,True,MG1655:3,train
WIN_25e6bf2fd518f612,MG1655,488800,495200,492000,6400,100,611,rep1,False,0,0,F:\Micro-C\micro-c数据\GSE272159_37C_rep1.mapq_30.10.cool,True,MG1655:3,train
WIN_e283ed80d253d851,MG1655,489600,496000,492800,6400,100,612,rep1,False,0,0,F:\Micro-C\micro-c数据\GSE272159_37C_rep1.mapq_30.10.cool,True,MG1655:3,train
WIN_68a40e9583e99071,MG1655,490400,496800,493600,6400,100,613,rep1,False,0,0,F:\Micro-C\micro-c数据\GSE272159_37C_rep1.mapq_30.10.cool,True,MG1655:3,train
WIN_7c907b55edd5ce76,MG1655,491200,497600,494400,6400,100,614,rep1,False,0,0,F:\Micro-C\micro-c数据\GSE272159_37C_rep1.mapq_30.10.cool,True,MG1655:3,train
WIN_2aa802846b72c2f1,MG1655,492000,498400,495200,6400,100,615,rep1,False,0,0,F:\Micro-C\micro-c数据\GSE272159_37C_rep1.mapq_30.10.cool,True,MG1655:3,train
WIN_6b26c4ae31be7b17,MG1655,492800,499200,496000,6400,100,616,rep1,False,0,0,F:\Micro-C\micro-c数据\GSE272159_37C_rep1.mapq_30.10.cool,True,MG1655:3,train
WIN_0f1acd8d85388b67,MG1655,493600,500000,496800,6400,100,617,rep1,False,0,0,F:\Micro-C\micro-c数据\GSE272159_37C_rep1.mapq_30.10.cool,True,MG1655:3,train
WIN_7a77ac616666b467,MG1655,494400,500800,497600,6400,100,618,rep1,False,0,0,F:\Micro-C\micro-c数据\GSE272159_37C_rep1.mapq_30.10.cool,True,MG1655:3,train
WIN_e5a18762fa59182a,MG1655,495200,501600,498400,6400,100,619,rep1,False,0,0,F:\Micro-C\micro-c数据\GSE272159_37C_rep1.mapq_30.10.cool,True,MG1655:3,train
WIN_d8b70177d6ab2469,MG1655,496000,502400,499200,6400,100,620,rep1,False,0,0,F:\Micro-C\micro-c数据\GSE272159_37C_rep1.mapq_30.10.cool,True,MG1655:3,train
WIN_946ab54d5922714c,MG1655,496800,503200,500000,6400,100,621,rep1,False,0,0,F:\Micro-C\micro-c数据\GSE272159_37C_rep1.mapq_30.10.cool,True,MG1655:3,train
WIN_a4407df876a45fce,MG1655,497600,504000,500800,6400,100,622,rep1,False,0,0,F:\Micro-C\micro-c数据\GSE272159_37C_rep1.mapq_30.10.cool,True,MG1655:3,train
WIN_de51efe739cdb8f5,MG1655,498400,504800,501600,6400,100,623,rep1,False,0,0,F:\Micro-C\micro-c数据\GSE272159_37C_rep1.mapq_30.10.cool,True,MG1655:3,train
WIN_509d147ebdb801e8,MG1655,499200,505600,502400,6400,100,624,rep1,False,0,0,F:\Micro-C\micro-c数据\GSE272159_37C_rep1.mapq_30.10.cool,True,MG1655:3,train
WIN_b2cb83f5215ef528,MG1655,500000,506400,503200,6400,100,625,rep1,False,0,0,F:\Micro-C\micro-c数据\GSE272159_37C_rep1.mapq_30.10.cool,True,MG1655:3,train
WIN_6c68a4292d183701,MG1655,500800,507200,504000,6400,100,626,rep1,False,0,0,F:\Micro-C\micro-c数据\GSE272159_37C_rep1.mapq_30.10.cool,True,MG1655:3,train
WIN_4faf6c65ebcbce51,MG1655,501600,508000,504800,6400,100,627,rep1,False,0,0,F:\Micro-C\micro-c数据\GSE272159_37C_rep1.mapq_30.10.cool,True,MG1655:3,train
WIN_224940662e0d5dd9,MG1655,502400,508800,505600,6400,100,628,rep1,False,0,0,F:\Micro-C\micro-c数据\GSE272159_37C_rep1.mapq_30.10.cool,True,MG1655:3,train
WIN_9d5f3b056e5a376b,MG1655,503200,509600,506400,6400,100,629,rep1,False,0,0,F:\Micro-C\micro-c数据\GSE272159_37C_rep1.mapq_30.10.cool,True,MG1655:3,train
WIN_4007b50a96f3071d,MG1655,591200,597600,594400,6400,100,739,rep1,False,0,0,F:\Micro-C\micro-c数据\GSE272159_37C_rep1.mapq_30.10.cool,True,MG1655:4,train
WIN_b2997e00f1bfb121,MG1655,592000,598400,595200,6400,100,740,rep1,False,0,0,F:\Micro-C\micro-c数据\GSE272159_37C_rep1.mapq_30.10.cool,True,MG1655:4,train
WIN_00ef8f0bb31d5bd5,MG1655,592800,599200,596000,6400,100,741,rep1,False,0,0,F:\Micro-C\micro-c数据\GSE272159_37C_rep1.mapq_30.10.cool,True,MG1655:4,train
WIN_441e4d08df9c7b2b,MG1655,593600,600000,596800,6400,100,742,rep1,False,0,0,F:\Micro-C\micro-c数据\GSE272159_37C_rep1.mapq_30.10.cool,True,MG1655:4,train
WIN_c55dcebceb846ae8,MG1655,594400,600800,597600,6400,100,743,rep1,False,0,0,F:\Micro-C\micro-c数据\GSE272159_37C_rep1.mapq_30.10.cool,True,MG1655:4,train
WIN_d9d76674b97e0733,MG1655,595200,601600,598400,6400,100,744,rep1,False,0,0,F:\Micro-C\micro-c数据\GSE272159_37C_rep1.mapq_30.10.cool,True,MG1655:4,train
WIN_46f6d451440d202c,MG1655,596000,602400,599200,6400,100,745,rep1,False,0,0,F:\Micro-C\micro-c数据\GSE272159_37C_rep1.mapq_30.10.cool,True,MG1655:4,train
WIN_62c42fd02e0f312d,MG1655,596800,603200,600000,6400,100,746,rep1,False,0,0,F:\Micro-C\micro-c数据\GSE272159_37C_rep1.mapq_30.10.cool,True,MG1655:4,train
WIN_81fcf36be6ac7b25,MG1655,597600,604000,600800,6400,100,747,rep1,False,0,0,F:\Micro-C\micro-c数据\GSE272159_37C_rep1.mapq_30.10.cool,True,MG1655:4,train
WIN_8c07edff0668b099,MG1655,598400,604800,601600,6400,100,748,rep1,False,0,0,F:\Micro-C\micro-c数据\GSE272159_37C_rep1.mapq_30.10.cool,True,MG1655:4,train
WIN_115e5ff5e738b725,MG1655,599200,605600,602400,6400,100,749,rep1,False,0,0,F:\Micro-C\micro-c数据\GSE272159_37C_rep1.mapq_30.10.cool,True,MG1655:4,train
WIN_76252ebe3ce6ce3c,MG1655,600000,606400,603200,6400,100,750,rep1,False,0,0,F:\Micro-C\micro-c数据\GSE272159_37C_rep1.mapq_30.10.cool,True,MG1655:4,train
WIN_95b222ab73b40c26,MG1655,600800,607200,604000,6400,100,751,rep1,False,0,0,F:\Micro-C\micro-c数据\GSE272159_37C_rep1.mapq_30.10.cool,True,MG1655:4,train
WIN_93abf706ff4a410d,MG1655,601600,608000,604800,6400,100,752,rep1,False,0,0,F:\Micro-C\micro-c数据\GSE272159_37C_rep1.mapq_30.10.cool,True,MG1655:4,train
WIN_7188db6965b7db07,MG1655,602400,608800,605600,6400,100,753,rep1,True,6,6,F:\Micro-C\micro-c数据\GSE272159_37C_rep1.mapq_30.10.cool,True,MG1655:4,train
WIN_aa7aaa4bba5e3efe,MG1655,603200,609600,606400,6400,100,754,rep1,True,10,10,F:\Micro-C\micro-c数据\GSE272159_37C_rep1.mapq_30.10.cool,True,MG1655:4,train
WIN_97bfe9d8df0e8372,MG1655,604000,610400,607200,6400,100,755,rep1,True,10,10,F:\Micro-C\micro-c数据\GSE272159_37C_rep1.mapq_30.10.cool,True,MG1655:4,train
WIN_d14b6832f67feff1,MG1655,604800,611200,608000,6400,100,756,rep1,True,10,10,F:\Micro-C\micro-c数据\GSE272159_37C_rep1.mapq_30.10.cool,True,MG1655:4,train
WIN_f8961979b88ed449,MG1655,605600,612000,608800,6400,100,757,rep1,True,10,10,F:\Micro-C\micro-c数据\GSE272159_37C_rep1.mapq_30.10.cool,True,MG1655:4,train
WIN_0f85a62aacf1e57c,MG1655,684800,691200,688000,6400,100,856,rep1,True,9,9,F:\Micro-C\micro-c数据\GSE272159_37C_rep1.mapq_30.10.cool,True,MG1655:5,train
WIN_b770704857d40c1a,MG1655,685600,692000,688800,6400,100,857,rep1,True,9,9,F:\Micro-C\micro-c数据\GSE272159_37C_rep1.mapq_30.10.cool,True,MG1655:5,train
WIN_7e2a08246b79a636,MG1655,686400,692800,689600,6400,100,858,rep1,True,9,9,F:\Micro-C\micro-c数据\GSE272159_37C_rep1.mapq_30.10.cool,True,MG1655:5,train
WIN_e0469b8bda64b783,MG1655,687200,693600,690400,6400,100,859,rep1,True,9,9,F:\Micro-C\micro-c数据\GSE272159_37C_rep1.mapq_30.10.cool,True,MG1655:5,train
WIN_b7be8cff9efcc9a6,MG1655,688000,694400,691200,6400,100,860,rep1,True,9,9,F:\Micro-C\micro-c数据\GSE272159_37C_rep1.mapq_30.10.cool,True,MG1655:5,train
WIN_8e60973505d87a2a,MG1655,688800,695200,692000,6400,100,861,rep1,True,1,1,F:\Micro-C\micro-c数据\GSE272159_37C_rep1.mapq_30.10.cool,True,MG1655:5,train
WIN_bfb483402cae5253,MG1655,689600,696000,692800,6400,100,862,rep1,False,0,0,F:\Micro-C\micro-c数据\GSE272159_37C_rep1.mapq_30.10.cool,True,MG1655:5,train
WIN_7a3e7517aba5c45f,MG1655,690400,696800,693600,6400,100,863,rep1,False,0,0,F:\Micro-C\micro-c数据\GSE272159_37C_rep1.mapq_30.10.cool,True,MG1655:5,train
WIN_930d1ee8be9541ab,MG1655,691200,697600,694400,6400,100,864,rep1,False,0,0,F:\Micro-C\micro-c数据\GSE272159_37C_rep1.mapq_30.10.cool,True,MG1655:5,train
WIN_fc10510ce6073e57,MG1655,780000,786400,783200,6400,100,975,rep1,False,0,0,F:\Micro-C\micro-c数据\GSE272159_37C_rep1.mapq_30.10.cool,True,MG1655:6,train
WIN_5a56f722a0a623f9,MG1655,780800,787200,784000,6400,100,976,rep1,False,0,0,F:\Micro-C\micro-c数据\GSE272159_37C_rep1.mapq_30.10.cool,True,MG1655:6,train
WIN_d1cd1adbff6aed5b,MG1655,781600,788000,784800,6400,100,977,rep1,False,0,0,F:\Micro-C\micro-c数据\GSE272159_37C_rep1.mapq_30.10.cool,True,MG1655:6,train
WIN_5618f95b54a61be8,MG1655,782400,788800,785600,6400,100,978,rep1,False,0,0,F:\Micro-C\micro-c数据\GSE272159_37C_rep1.mapq_30.10.cool,True,MG1655:6,train
WIN_8a683ecfc291d100,MG1655,783200,789600,786400,6400,100,979,rep1,False,0,0,F:\Micro-C\micro-c数据\GSE272159_37C_rep1.mapq_30.10.cool,True,MG1655:6,train
WIN_c64b861818fd5e20,MG1655,784000,790400,787200,6400,100,980,rep1,False,0,0,F:\Micro-C\micro-c数据\GSE272159_37C_rep1.mapq_30.10.cool,True,MG1655:6,train
WIN_ff7b951fd4c5558b,MG1655,784800,791200,788000,6400,100,981,rep1,False,0,0,F:\Micro-C\micro-c数据\GSE272159_37C_rep1.mapq_30.10.cool,True,MG1655:6,train
WIN_5c2632e26528013a,MG1655,785600,792000,788800,6400,100,982,rep1,False,0,0,F:\Micro-C\micro-c数据\GSE272159_37C_rep1.mapq_30.10.cool,True,MG1655:6,train
WIN_cebff3e25f1cfe94,MG1655,786400,792800,789600,6400,100,983,rep1,False,0,0,F:\Micro-C\micro-c数据\GSE272159_37C_rep1.mapq_30.10.cool,True,MG1655:6,train
WIN_72cfee6a10cc32d4,MG1655,787200,793600,790400,6400,100,984,rep1,False,0,0,F:\Micro-C\micro-c数据\GSE272159_37C_rep1.mapq_30.10.cool,True,MG1655:6,train
WIN_f2f5cde31c1ac48c,MG1655,788000,794400,791200,6400,100,985,rep1,False,0,0,F:\Micro-C\micro-c数据\GSE272159_37C_rep1.mapq_30.10.cool,True,MG1655:6,train
WIN_f20a6d6ce4874cf8,MG1655,808000,814400,811200,6400,100,1010,rep1,False,0,0,F:\Micro-C\micro-c数据\GSE272159_37C_rep1.mapq_30.10.cool,True,MG1655:6,train
WIN_5f14eedda4d1fb33,MG1655,828000,834400,831200,6400,100,1035,rep1,False,0,0,F:\Micro-C\micro-c数据\GSE272159_37C_rep1.mapq_30.10.cool,True,MG1655:6,train
WIN_c52f3139e2fcf446,MG1655,828800,835200,832000,6400,100,1036,rep1,False,0,0,F:\Micro-C\micro-c数据\GSE272159_37C_rep1.mapq_30.10.cool,True,MG1655:6,train
WIN_5ee603a7b21bf6d8,MG1655,829600,836000,832800,6400,100,1037,rep1,False,0,0,F:\Micro-C\micro-c数据\GSE272159_37C_rep1.mapq_30.10.cool,True,MG1655:6,train
WIN_8c7efa3d4ae83a49,MG1655,830400,836800,833600,6400,100,1038,rep1,False,0,0,F:\Micro-C\micro-c数据\GSE272159_37C_rep1.mapq_30.10.cool,True,MG1655:6,train
WIN_9db00b4849dca354,MG1655,831200,837600,834400,6400,100,1039,rep1,False,0,0,F:\Micro-C\micro-c数据\GSE272159_37C_rep1.mapq_30.10.cool,True,MG1655:6,train
WIN_f8f435eb1b7de0a2,MG1655,832000,838400,835200,6400,100,1040,rep1,False,0,0,F:\Micro-C\micro-c数据\GSE272159_37C_rep1.mapq_30.10.cool,True,MG1655:6,train
WIN_f7eed5889edda9e8,MG1655,832800,839200,836000,6400,100,1041,rep1,False,0,0,F:\Micro-C\micro-c数据\GSE272159_37C_rep1.mapq_30.10.cool,True,MG1655:6,train
WIN_97ee46d0ae2c3279,MG1655,833600,840000,836800,6400,100,1042,rep1,False,0,0,F:\Micro-C\micro-c数据\GSE272159_37C_rep1.mapq_30.10.cool,True,MG1655:6,train
WIN_bfa03924b75ac9eb,MG1655,834400,840800,837600,6400,100,1043,rep1,False,0,0,F:\Micro-C\micro-c数据\GSE272159_37C_rep1.mapq_30.10.cool,True,MG1655:6,train
WIN_31062ef1046b9e51,MG1655,835200,841600,838400,6400,100,1044,rep1,False,0,0,F:\Micro-C\micro-c数据\GSE272159_37C_rep1.mapq_30.10.cool,True,MG1655:6,train
WIN_1989f794c54ecbc7,MG1655,836000,842400,839200,6400,100,1045,rep1,False,0,0,F:\Micro-C\micro-c数据\GSE272159_37C_rep1.mapq_30.10.cool,True,MG1655:6,train
WIN_951c3e83aa7588bc,MG1655,836800,843200,840000,6400,100,1046,rep1,False,0,0,F:\Micro-C\micro-c数据\GSE272159_37C_rep1.mapq_30.10.cool,True,MG1655:6,train
WIN_ee4792e447ae0388,MG1655,837600,844000,840800,6400,100,1047,rep1,False,0,0,F:\Micro-C\micro-c数据\GSE272159_37C_rep1.mapq_30.10.cool,True,MG1655:6,train
WIN_f6395601e0f94e9e,MG1655,838400,844800,841600,6400,100,1048,rep1,False,0,0,F:\Micro-C\micro-c数据\GSE272159_37C_rep1.mapq_30.10.cool,True,MG1655:6,train
WIN_08c51a02bf508224,MG1655,839200,845600,842400,6400,100,1049,rep1,False,0,0,F:\Micro-C\micro-c数据\GSE272159_37C_rep1.mapq_30.10.cool,True,MG1655:6,train
WIN_97142c570c6039ae,MG1655,840000,846400,843200,6400,100,1050,rep1,False,0,0,F:\Micro-C\micro-c数据\GSE272159_37C_rep1.mapq_30.10.cool,True,MG1655:6,train
WIN_d9a22614cdf6fe8a,MG1655,840800,847200,844000,6400,100,1051,rep1,False,0,0,F:\Micro-C\micro-c数据\GSE272159_37C_rep1.mapq_30.10.cool,True,MG1655:6,train
WIN_aafacf3518ff7efe,MG1655,841600,848000,844800,6400,100,1052,rep1,False,0,0,F:\Micro-C\micro-c数据\GSE272159_37C_rep1.mapq_30.10.cool,True,MG1655:6,train
WIN_6f8bace3272f11a7,MG1655,842400,848800,845600,6400,100,1053,rep1,False,0,0,F:\Micro-C\micro-c数据\GSE272159_37C_rep1.mapq_30.10.cool,True,MG1655:6,train
WIN_6de7aac12e24b034,MG1655,843200,849600,846400,6400,100,1054,rep1,False,0,0,F:\Micro-C\micro-c数据\GSE272159_37C_rep1.mapq_30.10.cool,True,MG1655:6,train
WIN_138c3c0919d5959b,MG1655,844000,850400,847200,6400,100,1055,rep1,False,0,0,F:\Micro-C\micro-c数据\GSE272159_37C_rep1.mapq_30.10.cool,True,MG1655:6,train
WIN_c1492139ad209fa0,MG1655,844800,851200,848000,6400,100,1056,rep1,False,0,0,F:\Micro-C\micro-c数据\GSE272159_37C_rep1.mapq_30.10.cool,True,MG1655:6,train
WIN_ff3ae1ed6ebc6858,MG1655,845600,852000,848800,6400,100,1057,rep1,False,0,0,F:\Micro-C\micro-c数据\GSE272159_37C_rep1.mapq_30.10.cool,True,MG1655:6,train
WIN_39664e2520e60115,MG1655,846400,852800,849600,6400,100,1058,rep1,False,0,0,F:\Micro-C\micro-c数据\GSE272159_37C_rep1.mapq_30.10.cool,True,MG1655:6,train
WIN_54da02b3421ac371,MG1655,847200,853600,850400,6400,100,1059,rep1,False,0,0,F:\Micro-C\micro-c数据\GSE272159_37C_rep1.mapq_30.10.cool,True,MG1655:6,train
WIN_1ceb6a3831ceb863,MG1655,848000,854400,851200,6400,100,1060,rep1,False,0,0,F:\Micro-C\micro-c数据\GSE272159_37C_rep1.mapq_30.10.cool,True,MG1655:6,train
WIN_9ea8d37dea0536ce,MG1655,848800,855200,852000,6400,100,1061,rep1,False,0,0,F:\Micro-C\micro-c数据\GSE272159_37C_rep1.mapq_30.10.cool,True,MG1655:6,train
WIN_f7792c4c01e0e31f,MG1655,849600,856000,852800,6400,100,1062,rep1,False,0,0,F:\Micro-C\micro-c数据\GSE272159_37C_rep1.mapq_30.10.cool,True,MG1655:6,train
WIN_95713201e06a520c,MG1655,850400,856800,853600,6400,100,1063,rep1,False,0,0,F:\Micro-C\micro-c数据\GSE272159_37C_rep1.mapq_30.10.cool,True,MG1655:6,train
WIN_6b630d3438de7fe0,MG1655,851200,857600,854400,6400,100,1064,rep1,False,0,0,F:\Micro-C\micro-c数据\GSE272159_37C_rep1.mapq_30.10.cool,True,MG1655:6,train
WIN_01bea023b46814ca,MG1655,852000,858400,855200,6400,100,1065,rep1,False,0,0,F:\Micro-C\micro-c数据\GSE272159_37C_rep1.mapq_30.10.cool,True,MG1655:6,train
WIN_e555075d5a2d90b0,MG1655,852800,859200,856000,6400,100,1066,rep1,False,0,0,F:\Micro-C\micro-c数据\GSE272159_37C_rep1.mapq_30.10.cool,True,MG1655:6,train
WIN_2ef23a83a92de13a,MG1655,853600,860000,856800,6400,100,1067,rep1,False,0,0,F:\Micro-C\micro-c数据\GSE272159_37C_rep1.mapq_30.10.cool,True,MG1655:6,train
WIN_437af0cfec9e5879,MG1655,854400,860800,857600,6400,100,1068,rep1,False,0,0,F:\Micro-C\micro-c数据\GSE272159_37C_rep1.mapq_30.10.cool,True,MG1655:6,train
WIN_762d0d4fcaabe11d,MG1655,855200,861600,858400,6400,100,1069,rep1,False,0,0,F:\Micro-C\micro-c数据\GSE272159_37C_rep1.mapq_30.10.cool,True,MG1655:6,train
WIN_d992ff0e37b109d2,MG1655,856000,862400,859200,6400,100,1070,rep1,False,0,0,F:\Micro-C\micro-c数据\GSE272159_37C_rep1.mapq_30.10.cool,True,MG1655:6,train
WIN_db9342120caec1d1,MG1655,856800,863200,860000,6400,100,1071,rep1,False,0,0,F:\Micro-C\micro-c数据\GSE272159_37C_rep1.mapq_30.10.cool,True,MG1655:6,train
WIN_63b199043f91a461,MG1655,857600,864000,860800,6400,100,1072,rep1,False,0,0,F:\Micro-C\micro-c数据\GSE272159_37C_rep1.mapq_30.10.cool,True,MG1655:6,train
WIN_7ccf67bc2e0a9c7f,MG1655,858400,864800,861600,6400,100,1073,rep1,False,0,0,F:\Micro-C\micro-c数据\GSE272159_37C_rep1.mapq_30.10.cool,True,MG1655:6,train
WIN_f44b8e04e1a09fa4,MG1655,859200,865600,862400,6400,100,1074,rep1,False,0,0,F:\Micro-C\micro-c数据\GSE272159_37C_rep1.mapq_30.10.cool,True,MG1655:6,train
WIN_63edcf51cff32e50,MG1655,860000,866400,863200,6400,100,1075,rep1,False,0,0,F:\Micro-C\micro-c数据\GSE272159_37C_rep1.mapq_30.10.cool,True,MG1655:6,train
WIN_785618ada3eca046,MG1655,860800,867200,864000,6400,100,1076,rep1,False,0,0,F:\Micro-C\micro-c数据\GSE272159_37C_rep1.mapq_30.10.cool,True,MG1655:6,train
WIN_95aff6fd6b3338d8,MG1655,861600,868000,864800,6400,100,1077,rep1,False,0,0,F:\Micro-C\micro-c数据\GSE272159_37C_rep1.mapq_30.10.cool,True,MG1655:6,train
WIN_2428900da6185cbd,MG1655,881600,888000,884800,6400,100,1102,rep1,False,0,0,F:\Micro-C\micro-c数据\GSE272159_37C_rep1.mapq_30.10.cool,True,MG1655:6,train
WIN_5afca77918a3ba5e,MG1655,882400,888800,885600,6400,100,1103,rep1,False,0,0,F:\Micro-C\micro-c数据\GSE272159_37C_rep1.mapq_30.10.cool,True,MG1655:6,train
WIN_28f52c452f3c5971,MG1655,883200,889600,886400,6400,100,1104,rep1,False,0,0,F:\Micro-C\micro-c数据\GSE272159_37C_rep1.mapq_30.10.cool,True,MG1655:6,train
WIN_79535997e5e3735c,MG1655,884000,890400,887200,6400,100,1105,rep1,False,0,0,F:\Micro-C\micro-c数据\GSE272159_37C_rep1.mapq_30.10.cool,True,MG1655:6,train
WIN_3b43a14c38a8415d,MG1655,884800,891200,888000,6400,100,1106,rep1,False,0,0,F:\Micro-C\micro-c数据\GSE272159_37C_rep1.mapq_30.10.cool,True,MG1655:6,train
WIN_e51a555277276e80,MG1655,885600,892000,888800,6400,100,1107,rep1,False,0,0,F:\Micro-C\micro-c数据\GSE272159_37C_rep1.mapq_30.10.cool,True,MG1655:6,train
WIN_cbc3fa5267fb7177,MG1655,886400,892800,889600,6400,100,1108,rep1,False,0,0,F:\Micro-C\micro-c数据\GSE272159_37C_rep1.mapq_30.10.cool,True,MG1655:6,train
WIN_9fd269ac28721a5a,MG1655,887200,893600,890400,6400,100,1109,rep1,False,0,0,F:\Micro-C\micro-c数据\GSE272159_37C_rep1.mapq_30.10.cool,True,MG1655:6,train
WIN_a78e54a04b7ab373,MG1655,888000,894400,891200,6400,100,1110,rep1,False,0,0,F:\Micro-C\micro-c数据\GSE272159_37C_rep1.mapq_30.10.cool,True,MG1655:6,train
WIN_759bcf1d6300eaeb,MG1655,888800,895200,892000,6400,100,1111,rep1,False,0,0,F:\Micro-C\micro-c数据\GSE272159_37C_rep1.mapq_30.10.cool,True,MG1655:6,train
WIN_b6ff410743cc2714,MG1655,889600,896000,892800,6400,100,1112,rep1,False,0,0,F:\Micro-C\micro-c数据\GSE272159_37C_rep1.mapq_30.10.cool,True,MG1655:6,train
WIN_3e06801ec6be68a5,MG1655,896000,902400,899200,6400,100,1120,rep1,False,0,0,F:\Micro-C\micro-c数据\GSE272159_37C_rep1.mapq_30.10.cool,True,MG1655:7,train
WIN_387eedf39fc939ed,MG1655,896800,903200,900000,6400,100,1121,rep1,False,0,0,F:\Micro-C\micro-c数据\GSE272159_37C_rep1.mapq_30.10.cool,True,MG1655:7,train
WIN_379d0a2ef3626ba4,MG1655,897600,904000,900800,6400,100,1122,rep1,False,0,0,F:\Micro-C\micro-c数据\GSE272159_37C_rep1.mapq_30.10.cool,True,MG1655:7,train
WIN_d32aeabea2458b71,MG1655,898400,904800,901600,6400,100,1123,rep1,False,0,0,F:\Micro-C\micro-c数据\GSE272159_37C_rep1.mapq_30.10.cool,True,MG1655:7,train
WIN_c15621fcebfa3ba4,MG1655,899200,905600,902400,6400,100,1124,rep1,False,0,0,F:\Micro-C\micro-c数据\GSE272159_37C_rep1.mapq_30.10.cool,True,MG1655:7,train
WIN_84777c3e63880de9,MG1655,900000,906400,903200,6400,100,1125,rep1,False,0,0,F:\Micro-C\micro-c数据\GSE272159_37C_rep1.mapq_30.10.cool,True,MG1655:7,train
WIN_d467611d34c06da8,MG1655,900800,907200,904000,6400,100,1126,rep1,False,0,0,F:\Micro-C\micro-c数据\GSE272159_37C_rep1.mapq_30.10.cool,True,MG1655:7,train
WIN_b27362f55f8a8853,MG1655,901600,908000,904800,6400,100,1127,rep1,False,0,0,F:\Micro-C\micro-c数据\GSE272159_37C_rep1.mapq_30.10.cool,True,MG1655:7,train
WIN_3cca05ba030a2951,MG1655,902400,908800,905600,6400,100,1128,rep1,False,0,0,F:\Micro-C\micro-c数据\GSE272159_37C_rep1.mapq_30.10.cool,True,MG1655:7,train
WIN_253199398608c419,MG1655,903200,909600,906400,6400,100,1129,rep1,False,0,0,F:\Micro-C\micro-c数据\GSE272159_37C_rep1.mapq_30.10.cool,True,MG1655:7,train
WIN_19e92f4933bc02e0,MG1655,904000,910400,907200,6400,100,1130,rep1,False,0,0,F:\Micro-C\micro-c数据\GSE272159_37C_rep1.mapq_30.10.cool,True,MG1655:7,train
WIN_cde0109b3094464f,MG1655,904800,911200,908000,6400,100,1131,rep1,False,0,0,F:\Micro-C\micro-c数据\GSE272159_37C_rep1.mapq_30.10.cool,True,MG1655:7,train
WIN_4ac31d68027c507c,MG1655,905600,912000,908800,6400,100,1132,rep1,False,0,0,F:\Micro-C\micro-c数据\GSE272159_37C_rep1.mapq_30.10.cool,True,MG1655:7,train
WIN_1a8cb2ed6604315c,MG1655,906400,912800,909600,6400,100,1133,rep1,False,0,0,F:\Micro-C\micro-c数据\GSE272159_37C_rep1.mapq_30.10.cool,True,MG1655:7,train
WIN_1cea8bb63d2f83d7,MG1655,907200,913600,910400,6400,100,1134,rep1,False,0,0,F:\Micro-C\micro-c数据\GSE272159_37C_rep1.mapq_30.10.cool,True,MG1655:7,train
WIN_1680ad3ed11cd547,MG1655,908000,914400,911200,6400,100,1135,rep1,False,0,0,F:\Micro-C\micro-c数据\GSE272159_37C_rep1.mapq_30.10.cool,True,MG1655:7,train
WIN_fbe0ed7c42f067ef,MG1655,908800,915200,912000,6400,100,1136,rep1,False,0,0,F:\Micro-C\micro-c数据\GSE272159_37C_rep1.mapq_30.10.cool,True,MG1655:7,train
WIN_bbf55f6d89e629e6,MG1655,909600,916000,912800,6400,100,1137,rep1,False,0,0,F:\Micro-C\micro-c数据\GSE272159_37C_rep1.mapq_30.10.cool,True,MG1655:7,train
WIN_cc8cc4f6be4f4d1d,MG1655,910400,916800,913600,6400,100,1138,rep1,False,0,0,F:\Micro-C\micro-c数据\GSE272159_37C_rep1.mapq_30.10.cool,True,MG1655:7,train
WIN_e97ea5e04bb083a8,MG1655,911200,917600,914400,6400,100,1139,rep1,False,0,0,F:\Micro-C\micro-c数据\GSE272159_37C_rep1.mapq_30.10.cool,True,MG1655:7,train
WIN_3a3363bf9c91aee9,MG1655,912000,918400,915200,6400,100,1140,rep1,False,0,0,F:\Micro-C\micro-c数据\GSE272159_37C_rep1.mapq_30.10.cool,True,MG1655:7,train
WIN_cad0af2940c95c98,MG1655,912800,919200,916000,6400,100,1141,rep1,False,0,0,F:\Micro-C\micro-c数据\GSE272159_37C_rep1.mapq_30.10.cool,True,MG1655:7,train
WIN_4ef62cfb3ddfabc1,MG1655,913600,920000,916800,6400,100,1142,rep1,False,0,0,F:\Micro-C\micro-c数据\GSE272159_37C_rep1.mapq_30.10.cool,True,MG1655:7,train
WIN_f6a41b86cfd504bb,MG1655,914400,920800,917600,6400,100,1143,rep1,False,0,0,F:\Micro-C\micro-c数据\GSE272159_37C_rep1.mapq_30.10.cool,True,MG1655:7,train
WIN_7f567955dd516383,MG1655,915200,921600,918400,6400,100,1144,rep1,False,0,0,F:\Micro-C\micro-c数据\GSE272159_37C_rep1.mapq_30.10.cool,True,MG1655:7,train
WIN_db4777eeeba1a49b,MG1655,916000,922400,919200,6400,100,1145,rep1,False,0,0,F:\Micro-C\micro-c数据\GSE272159_37C_rep1.mapq_30.10.cool,True,MG1655:7,train
WIN_7fe16ccf4e47062a,MG1655,916800,923200,920000,6400,100,1146,rep1,False,0,0,F:\Micro-C\micro-c数据\GSE272159_37C_rep1.mapq_30.10.cool,True,MG1655:7,train
WIN_2dbd244b0d1dcb9b,MG1655,917600,924000,920800,6400,100,1147,rep1,False,0,0,F:\Micro-C\micro-c数据\GSE272159_37C_rep1.mapq_30.10.cool,True,MG1655:7,train
WIN_6e297b6183befb45,MG1655,918400,924800,921600,6400,100,1148,rep1,False,0,0,F:\Micro-C\micro-c数据\GSE272159_37C_rep1.mapq_30.10.cool,True,MG1655:7,train
WIN_7d029531dc1a5db1,MG1655,919200,925600,922400,6400,100,1149,rep1,False,0,0,F:\Micro-C\micro-c数据\GSE272159_37C_rep1.mapq_30.10.cool,True,MG1655:7,train
WIN_7b3121b07396d898,MG1655,920000,926400,923200,6400,100,1150,rep1,False,0,0,F:\Micro-C\micro-c数据\GSE272159_37C_rep1.mapq_30.10.cool,True,MG1655:7,train
WIN_7bd6807f1482dd4c,MG1655,920800,927200,924000,6400,100,1151,rep1,False,0,0,F:\Micro-C\micro-c数据\GSE272159_37C_rep1.mapq_30.10.cool,True,MG1655:7,train
WIN_0c39267aed79da5a,MG1655,921600,928000,924800,6400,100,1152,rep1,False,0,0,F:\Micro-C\micro-c数据\GSE272159_37C_rep1.mapq_30.10.cool,True,MG1655:7,train
WIN_eac855860b8ffd4f,MG1655,922400,928800,925600,6400,100,1153,rep1,False,0,0,F:\Micro-C\micro-c数据\GSE272159_37C_rep1.mapq_30.10.cool,True,MG1655:7,train
WIN_3cde815580ddccf3,MG1655,923200,929600,926400,6400,100,1154,rep1,False,0,0,F:\Micro-C\micro-c数据\GSE272159_37C_rep1.mapq_30.10.cool,True,MG1655:7,train
WIN_6e50cc575e33f831,MG1655,969600,976000,972800,6400,100,1212,rep1,False,0,0,F:\Micro-C\micro-c数据\GSE272159_37C_rep1.mapq_30.10.cool,True,MG1655:7,train
WIN_184d74dc613b5513,MG1655,970400,976800,973600,6400,100,1213,rep1,False,0,0,F:\Micro-C\micro-c数据\GSE272159_37C_rep1.mapq_30.10.cool,True,MG1655:7,train
WIN_f0ce1159db03ab89,MG1655,971200,977600,974400,6400,100,1214,rep1,False,0,0,F:\Micro-C\micro-c数据\GSE272159_37C_rep1.mapq_30.10.cool,True,MG1655:7,train
WIN_48e275d0e86eb702,MG1655,972000,978400,975200,6400,100,1215,rep1,False,0,0,F:\Micro-C\micro-c数据\GSE272159_37C_rep1.mapq_30.10.cool,True,MG1655:7,train
WIN_5197750367767a6a,MG1655,972800,979200,976000,6400,100,1216,rep1,False,0,0,F:\Micro-C\micro-c数据\GSE272159_37C_rep1.mapq_30.10.cool,True,MG1655:7,train
WIN_26d47009965554ce,MG1655,973600,980000,976800,6400,100,1217,rep1,False,0,0,F:\Micro-C\micro-c数据\GSE272159_37C_rep1.mapq_30.10.cool,True,MG1655:7,train
WIN_1d365237720687a6,MG1655,974400,980800,977600,6400,100,1218,rep1,False,0,0,F:\Micro-C\micro-c数据\GSE272159_37C_rep1.mapq_30.10.cool,True,MG1655:7,train
WIN_df04fe8c1b80ce1c,MG1655,975200,981600,978400,6400,100,1219,rep1,False,0,0,F:\Micro-C\micro-c数据\GSE272159_37C_rep1.mapq_30.10.cool,True,MG1655:7,train
WIN_313f51c82a667a3c,MG1655,976000,982400,979200,6400,100,1220,rep1,False,0,0,F:\Micro-C\micro-c数据\GSE272159_37C_rep1.mapq_30.10.cool,True,MG1655:7,train
WIN_f5cd43a87170ef45,MG1655,976800,983200,980000,6400,100,1221,rep1,False,0,0,F:\Micro-C\micro-c数据\GSE272159_37C_rep1.mapq_30.10.cool,True,MG1655:7,train
WIN_2546fb1183ef154c,MG1655,977600,984000,980800,6400,100,1222,rep1,False,0,0,F:\Micro-C\micro-c数据\GSE272159_37C_rep1.mapq_30.10.cool,True,MG1655:7,train
WIN_9929a56fcf1bd62f,MG1655,978400,984800,981600,6400,100,1223,rep1,False,0,0,F:\Micro-C\micro-c数据\GSE272159_37C_rep1.mapq_30.10.cool,True,MG1655:7,train
WIN_0822b70ddf83643e,MG1655,979200,985600,982400,6400,100,1224,rep1,False,0,0,F:\Micro-C\micro-c数据\GSE272159_37C_rep1.mapq_30.10.cool,True,MG1655:7,train
WIN_add565025a133121,MG1655,980000,986400,983200,6400,100,1225,rep1,False,0,0,F:\Micro-C\micro-c数据\GSE272159_37C_rep1.mapq_30.10.cool,True,MG1655:7,train
WIN_af0735f5f21b43db,MG1655,980800,987200,984000,6400,100,1226,rep1,False,0,0,F:\Micro-C\micro-c数据\GSE272159_37C_rep1.mapq_30.10.cool,True,MG1655:7,train
WIN_c8834e92d50c9920,MG1655,981600,988000,984800,6400,100,1227,rep1,False,0,0,F:\Micro-C\micro-c数据\GSE272159_37C_rep1.mapq_30.10.cool,True,MG1655:7,train
WIN_3f2b46144752f021,MG1655,982400,988800,985600,6400,100,1228,rep1,False,0,0,F:\Micro-C\micro-c数据\GSE272159_37C_rep1.mapq_30.10.cool,True,MG1655:7,train
WIN_429b0eea344aa410,MG1655,983200,989600,986400,6400,100,1229,rep1,False,0,0,F:\Micro-C\micro-c数据\GSE272159_37C_rep1.mapq_30.10.cool,True,MG1655:7,train
WIN_7b1f81e416a529c4,MG1655,984000,990400,987200,6400,100,1230,rep1,False,0,0,F:\Micro-C\micro-c数据\GSE272159_37C_rep1.mapq_30.10.cool,True,MG1655:7,train
WIN_dcd582da16fcbb55,MG1655,984800,991200,988000,6400,100,1231,rep1,False,0,0,F:\Micro-C\micro-c数据\GSE272159_37C_rep1.mapq_30.10.cool,True,MG1655:7,train
WIN_ec5851795315eba0,MG1655,1005600,1012000,1008800,6400,100,1257,rep1,False,0,0,F:\Micro-C\micro-c数据\GSE272159_37C_rep1.mapq_30.10.cool,True,MG1655:7,train
WIN_2ad970ba7efd3377,MG1655,1006400,1012800,1009600,6400,100,1258,rep1,False,0,0,F:\Micro-C\micro-c数据\GSE272159_37C_rep1.mapq_30.10.cool,True,MG1655:7,train
WIN_be9ce460cd21a514,MG1655,1007200,1013600,1010400,6400,100,1259,rep1,False,0,0,F:\Micro-C\micro-c数据\GSE272159_37C_rep1.mapq_30.10.cool,True,MG1655:7,train
WIN_59fde7abe6a88c1d,MG1655,1008000,1014400,1011200,6400,100,1260,rep1,False,0,0,F:\Micro-C\micro-c数据\GSE272159_37C_rep1.mapq_30.10.cool,True,MG1655:7,train
WIN_a49ef39990e15ec5,MG1655,1008800,1015200,1012000,6400,100,1261,rep1,False,0,0,F:\Micro-C\micro-c数据\GSE272159_37C_rep1.mapq_30.10.cool,True,MG1655:7,train
WIN_c66c9aa9e3f62d50,MG1655,1009600,1016000,1012800,6400,100,1262,rep1,False,0,0,F:\Micro-C\micro-c数据\GSE272159_37C_rep1.mapq_30.10.cool,True,MG1655:7,train
WIN_49b13e99826dc5c0,MG1655,1010400,1016800,1013600,6400,100,1263,rep1,False,0,0,F:\Micro-C\micro-c数据\GSE272159_37C_rep1.mapq_30.10.cool,True,MG1655:7,train
WIN_62f14eaff8ebfbb7,MG1655,1011200,1017600,1014400,6400,100,1264,rep1,False,0,0,F:\Micro-C\micro-c数据\GSE272159_37C_rep1.mapq_30.10.cool,True,MG1655:7,train
WIN_488438ebb64b1bd6,MG1655,1012000,1018400,1015200,6400,100,1265,rep1,False,0,0,F:\Micro-C\micro-c数据\GSE272159_37C_rep1.mapq_30.10.cool,True,MG1655:7,train
WIN_a6cf8ba68c75ccee,MG1655,1012800,1019200,1016000,6400,100,1266,rep1,False,0,0,F:\Micro-C\micro-c数据\GSE272159_37C_rep1.mapq_30.10.cool,True,MG1655:7,train
WIN_c35ae27df9fdd8dc,MG1655,1013600,1020000,1016800,6400,100,1267,rep1,False,0,0,F:\Micro-C\micro-c数据\GSE272159_37C_rep1.mapq_30.10.cool,True,MG1655:7,train
WIN_3dafbf3dfc82a45e,MG1655,1014400,1020800,1017600,6400,100,1268,rep1,False,0,0,F:\Micro-C\micro-c数据\GSE272159_37C_rep1.mapq_30.10.cool,True,MG1655:7,train
WIN_a1b372555650eac8,MG1655,1015200,1021600,1018400,6400,100,1269,rep1,False,0,0,F:\Micro-C\micro-c数据\GSE272159_37C_rep1.mapq_30.10.cool,True,MG1655:7,train
WIN_dbac81e4445077bb,MG1655,1016000,1022400,1019200,6400,100,1270,rep1,False,0,0,F:\Micro-C\micro-c数据\GSE272159_37C_rep1.mapq_30.10.cool,True,MG1655:7,train
WIN_ae3c6eda1559079f,MG1655,1016800,1023200,1020000,6400,100,1271,rep1,False,0,0,F:\Micro-C\micro-c数据\GSE272159_37C_rep1.mapq_30.10.cool,True,MG1655:7,train
WIN_d91397dc39b67dcc,MG1655,1017600,1024000,1020800,6400,100,1272,rep1,False,0,0,F:\Micro-C\micro-c数据\GSE272159_37C_rep1.mapq_30.10.cool,True,MG1655:7,train
WIN_b15b60a76bd1e39c,MG1655,1024000,1030400,1027200,6400,100,1280,rep1,False,0,0,F:\Micro-C\micro-c数据\GSE272159_37C_rep1.mapq_30.10.cool,True,MG1655:8,train
WIN_a6c815b6c5bb5b10,MG1655,1024800,1031200,1028000,6400,100,1281,rep1,False,0,0,F:\Micro-C\micro-c数据\GSE272159_37C_rep1.mapq_30.10.cool,True,MG1655:8,train
WIN_8aeb400603309ee8,MG1655,1025600,1032000,1028800,6400,100,1282,rep1,False,0,0,F:\Micro-C\micro-c数据\GSE272159_37C_rep1.mapq_30.10.cool,True,MG1655:8,train
WIN_f967c5365aedc48c,MG1655,1026400,1032800,1029600,6400,100,1283,rep1,False,0,0,F:\Micro-C\micro-c数据\GSE272159_37C_rep1.mapq_30.10.cool,True,MG1655:8,train
WIN_79abf09b89961eae,MG1655,1027200,1033600,1030400,6400,100,1284,rep1,False,0,0,F:\Micro-C\micro-c数据\GSE272159_37C_rep1.mapq_30.10.cool,True,MG1655:8,train
WIN_03559080c291a069,MG1655,1028000,1034400,1031200,6400,100,1285,rep1,False,0,0,F:\Micro-C\micro-c数据\GSE272159_37C_rep1.mapq_30.10.cool,True,MG1655:8,train
WIN_947450e0606448b1,MG1655,1028800,1035200,1032000,6400,100,1286,rep1,False,0,0,F:\Micro-C\micro-c数据\GSE272159_37C_rep1.mapq_30.10.cool,True,MG1655:8,train
WIN_d0cbce810fef5504,MG1655,1029600,1036000,1032800,6400,100,1287,rep1,False,0,0,F:\Micro-C\micro-c数据\GSE272159_37C_rep1.mapq_30.10.cool,True,MG1655:8,train
WIN_dd9324e5633ad995,MG1655,1030400,1036800,1033600,6400,100,1288,rep1,False,0,0,F:\Micro-C\micro-c数据\GSE272159_37C_rep1.mapq_30.10.cool,True,MG1655:8,train
WIN_d36a0b3a356a5522,MG1655,1031200,1037600,1034400,6400,100,1289,rep1,False,0,0,F:\Micro-C\micro-c数据\GSE272159_37C_rep1.mapq_30.10.cool,True,MG1655:8,train
WIN_5dff19f8102f9ddd,MG1655,1032000,1038400,1035200,6400,100,1290,rep1,False,0,0,F:\Micro-C\micro-c数据\GSE272159_37C_rep1.mapq_30.10.cool,True,MG1655:8,train
WIN_6fe5bef3b4d4b44c,MG1655,1032800,1039200,1036000,6400,100,1291,rep1,False,0,0,F:\Micro-C\micro-c数据\GSE272159_37C_rep1.mapq_30.10.cool,True,MG1655:8,train
WIN_4c989d7e726db59a,MG1655,1033600,1040000,1036800,6400,100,1292,rep1,False,0,0,F:\Micro-C\micro-c数据\GSE272159_37C_rep1.mapq_30.10.cool,True,MG1655:8,train
WIN_a93cf123f0106880,MG1655,1034400,1040800,1037600,6400,100,1293,rep1,False,0,0,F:\Micro-C\micro-c数据\GSE272159_37C_rep1.mapq_30.10.cool,True,MG1655:8,train
WIN_b831659b85e2e117,MG1655,1035200,1041600,1038400,6400,100,1294,rep1,False,0,0,F:\Micro-C\micro-c数据\GSE272159_37C_rep1.mapq_30.10.cool,True,MG1655:8,train
WIN_950e4756fce68603,MG1655,1036000,1042400,1039200,6400,100,1295,rep1,False,0,0,F:\Micro-C\micro-c数据\GSE272159_37C_rep1.mapq_30.10.cool,True,MG1655:8,train
WIN_e2a74c0cb8950438,MG1655,1036800,1043200,1040000,6400,100,1296,rep1,False,0,0,F:\Micro-C\micro-c数据\GSE272159_37C_rep1.mapq_30.10.cool,True,MG1655:8,train
WIN_a0bea5736bef290a,MG1655,1072000,1078400,1075200,6400,100,1340,rep1,False,0,0,F:\Micro-C\micro-c数据\GSE272159_37C_rep1.mapq_30.10.cool,True,MG1655:8,train
WIN_208e97df85d121b2,MG1655,1072800,1079200,1076000,6400,100,1341,rep1,False,0,0,F:\Micro-C\micro-c数据\GSE272159_37C_rep1.mapq_30.10.cool,True,MG1655:8,train
WIN_3eb0b78c98893875,MG1655,1073600,1080000,1076800,6400,100,1342,rep1,False,0,0,F:\Micro-C\micro-c数据\GSE272159_37C_rep1.mapq_30.10.cool,True,MG1655:8,train
WIN_1ba33962c97bd64b,MG1655,1074400,1080800,1077600,6400,100,1343,rep1,False,0,0,F:\Micro-C\micro-c数据\GSE272159_37C_rep1.mapq_30.10.cool,True,MG1655:8,train
WIN_d7390c99b4db18f5,MG1655,1127200,1133600,1130400,6400,100,1409,rep1,False,0,0,F:\Micro-C\micro-c数据\GSE272159_37C_rep1.mapq_30.10.cool,True,MG1655:8,train
WIN_420f3e3405420edb,MG1655,1128000,1134400,1131200,6400,100,1410,rep1,False,0,0,F:\Micro-C\micro-c数据\GSE272159_37C_rep1.mapq_30.10.cool,True,MG1655:8,train
WIN_bb47242401874f7e,MG1655,1128800,1135200,1132000,6400,100,1411,rep1,False,0,0,F:\Micro-C\micro-c数据\GSE272159_37C_rep1.mapq_30.10.cool,True,MG1655:8,train
WIN_69ae574a90325c61,MG1655,1129600,1136000,1132800,6400,100,1412,rep1,False,0,0,F:\Micro-C\micro-c数据\GSE272159_37C_rep1.mapq_30.10.cool,True,MG1655:8,train
WIN_dcc772c667dfe3f8,MG1655,1152000,1158400,1155200,6400,100,1440,rep1,False,0,0,F:\Micro-C\micro-c数据\GSE272159_37C_rep1.mapq_30.10.cool,True,MG1655:9,validation
WIN_40c0dbc0081c1ba8,MG1655,1152800,1159200,1156000,6400,100,1441,rep1,False,0,0,F:\Micro-C\micro-c数据\GSE272159_37C_rep1.mapq_30.10.cool,True,MG1655:9,validation
WIN_e9db160d3e901d0a,MG1655,1153600,1160000,1156800,6400,100,1442,rep1,False,0,0,F:\Micro-C\micro-c数据\GSE272159_37C_rep1.mapq_30.10.cool,True,MG1655:9,validation
WIN_4ff0109b8c274513,MG1655,1154400,1160800,1157600,6400,100,1443,rep1,False,0,0,F:\Micro-C\micro-c数据\GSE272159_37C_rep1.mapq_30.10.cool,True,MG1655:9,validation
WIN_154f34daff384ffa,MG1655,1155200,1161600,1158400,6400,100,1444,rep1,False,0,0,F:\Micro-C\micro-c数据\GSE272159_37C_rep1.mapq_30.10.cool,True,MG1655:9,validation
WIN_62d60d61a9da2b6e,MG1655,1156000,1162400,1159200,6400,100,1445,rep1,False,0,0,F:\Micro-C\micro-c数据\GSE272159_37C_rep1.mapq_30.10.cool,True,MG1655:9,validation
WIN_887daf00215661bb,MG1655,1156800,1163200,1160000,6400,100,1446,rep1,False,0,0,F:\Micro-C\micro-c数据\GSE272159_37C_rep1.mapq_30.10.cool,True,MG1655:9,validation
WIN_62a8734d12a5f80b,MG1655,1157600,1164000,1160800,6400,100,1447,rep1,False,0,0,F:\Micro-C\micro-c数据\GSE272159_37C_rep1.mapq_30.10.cool,True,MG1655:9,validation
WIN_1a98541d28b31e15,MG1655,1158400,1164800,1161600,6400,100,1448,rep1,False,0,0,F:\Micro-C\micro-c数据\GSE272159_37C_rep1.mapq_30.10.cool,True,MG1655:9,validation
WIN_4b2d8e252f92f5b0,MG1655,1159200,1165600,1162400,6400,100,1449,rep1,False,0,0,F:\Micro-C\micro-c数据\GSE272159_37C_rep1.mapq_30.10.cool,True,MG1655:9,validation
WIN_14a9e6951856cb65,MG1655,1160000,1166400,1163200,6400,100,1450,rep1,False,0,0,F:\Micro-C\micro-c数据\GSE272159_37C_rep1.mapq_30.10.cool,True,MG1655:9,validation
WIN_31e8c816e1fd07dd,MG1655,1160800,1167200,1164000,6400,100,1451,rep1,False,0,0,F:\Micro-C\micro-c数据\GSE272159_37C_rep1.mapq_30.10.cool,True,MG1655:9,validation
WIN_e447fb23107b99ad,MG1655,1161600,1168000,1164800,6400,100,1452,rep1,False,0,0,F:\Micro-C\micro-c数据\GSE272159_37C_rep1.mapq_30.10.cool,True,MG1655:9,validation
WIN_5e972756232670f4,MG1655,1162400,1168800,1165600,6400,100,1453,rep1,False,0,0,F:\Micro-C\micro-c数据\GSE272159_37C_rep1.mapq_30.10.cool,True,MG1655:9,validation
WIN_19f1609d4376f6f2,MG1655,1163200,1169600,1166400,6400,100,1454,rep1,False,0,0,F:\Micro-C\micro-c数据\GSE272159_37C_rep1.mapq_30.10.cool,True,MG1655:9,validation
WIN_3e766eeb7e5a49df,MG1655,1164000,1170400,1167200,6400,100,1455,rep1,False,0,0,F:\Micro-C\micro-c数据\GSE272159_37C_rep1.mapq_30.10.cool,True,MG1655:9,validation
WIN_6e32e7e7050dda64,MG1655,1164800,1171200,1168000,6400,100,1456,rep1,False,0,0,F:\Micro-C\micro-c数据\GSE272159_37C_rep1.mapq_30.10.cool,True,MG1655:9,validation
WIN_068e4612e0bb8ee4,MG1655,1165600,1172000,1168800,6400,100,1457,rep1,False,0,0,F:\Micro-C\micro-c数据\GSE272159_37C_rep1.mapq_30.10.cool,True,MG1655:9,validation
WIN_a8e74416000f0836,MG1655,1166400,1172800,1169600,6400,100,1458,rep1,False,0,0,F:\Micro-C\micro-c数据\GSE272159_37C_rep1.mapq_30.10.cool,True,MG1655:9,validation
WIN_1e03be443febaf30,MG1655,1167200,1173600,1170400,6400,100,1459,rep1,False,0,0,F:\Micro-C\micro-c数据\GSE272159_37C_rep1.mapq_30.10.cool,True,MG1655:9,validation
WIN_859a8b410e4d8737,MG1655,1168000,1174400,1171200,6400,100,1460,rep1,False,0,0,F:\Micro-C\micro-c数据\GSE272159_37C_rep1.mapq_30.10.cool,True,MG1655:9,validation
WIN_90c5e35d3504a9fa,MG1655,1256000,1262400,1259200,6400,100,1570,rep1,False,0,0,F:\Micro-C\micro-c数据\GSE272159_37C_rep1.mapq_30.10.cool,True,MG1655:9,validation
WIN_8f96f1b3aac2316f,MG1655,1256800,1263200,1260000,6400,100,1571,rep1,False,0,0,F:\Micro-C\micro-c数据\GSE272159_37C_rep1.mapq_30.10.cool,True,MG1655:9,validation
WIN_f3b15a45fcf555c3,MG1655,1257600,1264000,1260800,6400,100,1572,rep1,False,0,0,F:\Micro-C\micro-c数据\GSE272159_37C_rep1.mapq_30.10.cool,True,MG1655:9,validation
WIN_c0e4f6fb6d16f1bb,MG1655,1258400,1264800,1261600,6400,100,1573,rep1,False,0,0,F:\Micro-C\micro-c数据\GSE272159_37C_rep1.mapq_30.10.cool,True,MG1655:9,validation
WIN_0fb2b9ab8a41bfad,MG1655,1259200,1265600,1262400,6400,100,1574,rep1,False,0,0,F:\Micro-C\micro-c数据\GSE272159_37C_rep1.mapq_30.10.cool,True,MG1655:9,validation
WIN_6d1c6416e95118a6,MG1655,1260000,1266400,1263200,6400,100,1575,rep1,False,0,0,F:\Micro-C\micro-c数据\GSE272159_37C_rep1.mapq_30.10.cool,True,MG1655:9,validation
WIN_1ce88027c6323129,MG1655,1260800,1267200,1264000,6400,100,1576,rep1,False,0,0,F:\Micro-C\micro-c数据\GSE272159_37C_rep1.mapq_30.10.cool,True,MG1655:9,validation
WIN_9a84195036a39c83,MG1655,1261600,1268000,1264800,6400,100,1577,rep1,False,0,0,F:\Micro-C\micro-c数据\GSE272159_37C_rep1.mapq_30.10.cool,True,MG1655:9,validation
WIN_581ed68d11cd3bb9,MG1655,1262400,1268800,1265600,6400,100,1578,rep1,False,0,0,F:\Micro-C\micro-c数据\GSE272159_37C_rep1.mapq_30.10.cool,True,MG1655:9,validation
WIN_91296ecce62a8239,MG1655,1263200,1269600,1266400,6400,100,1579,rep1,False,0,0,F:\Micro-C\micro-c数据\GSE272159_37C_rep1.mapq_30.10.cool,True,MG1655:9,validation
WIN_58db3266882a3b14,MG1655,1264000,1270400,1267200,6400,100,1580,rep1,True,1,1,F:\Micro-C\micro-c数据\GSE272159_37C_rep1.mapq_30.10.cool,True,MG1655:9,validation
WIN_927fd276b924ec8b,MG1655,1264800,1271200,1268000,6400,100,1581,rep1,True,1,1,F:\Micro-C\micro-c数据\GSE272159_37C_rep1.mapq_30.10.cool,True,MG1655:9,validation
WIN_4ec63dceee69da82,MG1655,1265600,1272000,1268800,6400,100,1582,rep1,True,1,1,F:\Micro-C\micro-c数据\GSE272159_37C_rep1.mapq_30.10.cool,True,MG1655:9,validation
WIN_5797d6eabed90e06,MG1655,1266400,1272800,1269600,6400,100,1583,rep1,True,1,1,F:\Micro-C\micro-c数据\GSE272159_37C_rep1.mapq_30.10.cool,True,MG1655:9,validation
WIN_5cf709b63a904052,MG1655,1267200,1273600,1270400,6400,100,1584,rep1,True,1,1,F:\Micro-C\micro-c数据\GSE272159_37C_rep1.mapq_30.10.cool,True,MG1655:9,validation
WIN_90c1de5d7a0cac72,MG1655,1268000,1274400,1271200,6400,100,1585,rep1,True,1,1,F:\Micro-C\micro-c数据\GSE272159_37C_rep1.mapq_30.10.cool,True,MG1655:9,validation
WIN_6ecbde544fd18c26,MG1655,1268800,1275200,1272000,6400,100,1586,rep1,True,1,1,F:\Micro-C\micro-c数据\GSE272159_37C_rep1.mapq_30.10.cool,True,MG1655:9,validation
WIN_cc67349cf61eac38,MG1655,1269600,1276000,1272800,6400,100,1587,rep1,True,1,1,F:\Micro-C\micro-c数据\GSE272159_37C_rep1.mapq_30.10.cool,True,MG1655:9,validation
WIN_6ec7aeab2f1c7152,MG1655,1270400,1276800,1273600,6400,100,1588,rep1,False,0,0,F:\Micro-C\micro-c数据\GSE272159_37C_rep1.mapq_30.10.cool,True,MG1655:9,validation
WIN_5930188ddcbf4f38,MG1655,1271200,1277600,1274400,6400,100,1589,rep1,False,0,0,F:\Micro-C\micro-c数据\GSE272159_37C_rep1.mapq_30.10.cool,True,MG1655:9,validation
WIN_6ad88cc66a35c70e,MG1655,1272000,1278400,1275200,6400,100,1590,rep1,False,0,0,F:\Micro-C\micro-c数据\GSE272159_37C_rep1.mapq_30.10.cool,True,MG1655:9,validation
WIN_ef8aff6ca6ecddb0,MG1655,1272800,1279200,1276000,6400,100,1591,rep1,False,0,0,F:\Micro-C\micro-c数据\GSE272159_37C_rep1.mapq_30.10.cool,True,MG1655:9,validation
WIN_d21f866b22213da9,MG1655,1273600,1280000,1276800,6400,100,1592,rep1,False,0,0,F:\Micro-C\micro-c数据\GSE272159_37C_rep1.mapq_30.10.cool,True,MG1655:9,validation
WIN_48107a8cf8773b9b,MG1655,1280000,1286400,1283200,6400,100,1600,rep1,False,0,0,F:\Micro-C\micro-c数据\GSE272159_37C_rep1.mapq_30.10.cool,True,MG1655:10,train
WIN_9a8023e13172c6aa,MG1655,1280800,1287200,1284000,6400,100,1601,rep1,False,0,0,F:\Micro-C\micro-c数据\GSE272159_37C_rep1.mapq_30.10.cool,True,MG1655:10,train
WIN_014e5e3c79c4418f,MG1655,1281600,1288000,1284800,6400,100,1602,rep1,False,0,0,F:\Micro-C\micro-c数据\GSE272159_37C_rep1.mapq_30.10.cool,True,MG1655:10,train
WIN_0a85a0ba6b5e5c41,MG1655,1282400,1288800,1285600,6400,100,1603,rep1,False,0,0,F:\Micro-C\micro-c数据\GSE272159_37C_rep1.mapq_30.10.cool,True,MG1655:10,train
WIN_4146038910c048c6,MG1655,1283200,1289600,1286400,6400,100,1604,rep1,False,0,0,F:\Micro-C\micro-c数据\GSE272159_37C_rep1.mapq_30.10.cool,True,MG1655:10,train
WIN_4acc80578f43f20a,MG1655,1284000,1290400,1287200,6400,100,1605,rep1,False,0,0,F:\Micro-C\micro-c数据\GSE272159_37C_rep1.mapq_30.10.cool,True,MG1655:10,train
WIN_57861113adeed40b,MG1655,1284800,1291200,1288000,6400,100,1606,rep1,False,0,0,F:\Micro-C\micro-c数据\GSE272159_37C_rep1.mapq_30.10.cool,True,MG1655:10,train
WIN_2bec341269c19eb2,MG1655,1285600,1292000,1288800,6400,100,1607,rep1,False,0,0,F:\Micro-C\micro-c数据\GSE272159_37C_rep1.mapq_30.10.cool,True,MG1655:10,train
WIN_7ec975b264096dba,MG1655,1286400,1292800,1289600,6400,100,1608,rep1,False,0,0,F:\Micro-C\micro-c数据\GSE272159_37C_rep1.mapq_30.10.cool,True,MG1655:10,train
WIN_b7312ef14bfaf3a9,MG1655,1287200,1293600,1290400,6400,100,1609,rep1,False,0,0,F:\Micro-C\micro-c数据\GSE272159_37C_rep1.mapq_30.10.cool,True,MG1655:10,train
WIN_99ae14878db15a34,MG1655,1288000,1294400,1291200,6400,100,1610,rep1,False,0,0,F:\Micro-C\micro-c数据\GSE272159_37C_rep1.mapq_30.10.cool,True,MG1655:10,train
WIN_fd338f962c2166f3,MG1655,1288800,1295200,1292000,6400,100,1611,rep1,False,0,0,F:\Micro-C\micro-c数据\GSE272159_37C_rep1.mapq_30.10.cool,True,MG1655:10,train
WIN_01658d08fa862a3e,MG1655,1289600,1296000,1292800,6400,100,1612,rep1,False,0,0,F:\Micro-C\micro-c数据\GSE272159_37C_rep1.mapq_30.10.cool,True,MG1655:10,train
WIN_7e1e74df29d3b847,MG1655,1322400,1328800,1325600,6400,100,1653,rep1,False,0,0,F:\Micro-C\micro-c数据\GSE272159_37C_rep1.mapq_30.10.cool,True,MG1655:10,train
WIN_b2ea50555fa241de,MG1655,1323200,1329600,1326400,6400,100,1654,rep1,False,0,0,F:\Micro-C\micro-c数据\GSE272159_37C_rep1.mapq_30.10.cool,True,MG1655:10,train
WIN_293603b7b62498f0,MG1655,1324000,1330400,1327200,6400,100,1655,rep1,False,0,0,F:\Micro-C\micro-c数据\GSE272159_37C_rep1.mapq_30.10.cool,True,MG1655:10,train
WIN_a37d323be77b72a4,MG1655,1324800,1331200,1328000,6400,100,1656,rep1,False,0,0,F:\Micro-C\micro-c数据\GSE272159_37C_rep1.mapq_30.10.cool,True,MG1655:10,train
WIN_4dbf72e35594a779,MG1655,1325600,1332000,1328800,6400,100,1657,rep1,False,0,0,F:\Micro-C\micro-c数据\GSE272159_37C_rep1.mapq_30.10.cool,True,MG1655:10,train
WIN_1b40544d3122bc0d,MG1655,1326400,1332800,1329600,6400,100,1658,rep1,False,0,0,F:\Micro-C\micro-c数据\GSE272159_37C_rep1.mapq_30.10.cool,True,MG1655:10,train
WIN_2e1007ac609cc3d0,MG1655,1426400,1432800,1429600,6400,100,1783,rep1,True,4,4,F:\Micro-C\micro-c数据\GSE272159_37C_rep1.mapq_30.10.cool,True,MG1655:11,validation
WIN_c1689c4d8f8a764f,MG1655,1427200,1433600,1430400,6400,100,1784,rep1,True,10,10,F:\Micro-C\micro-c数据\GSE272159_37C_rep1.mapq_30.10.cool,True,MG1655:11,validation
WIN_d70f225bf750cb26,MG1655,1428000,1434400,1431200,6400,100,1785,rep1,True,14,14,F:\Micro-C\micro-c数据\GSE272159_37C_rep1.mapq_30.10.cool,True,MG1655:11,validation
WIN_f6d9c6a22ea73c15,MG1655,1428800,1435200,1432000,6400,100,1786,rep1,True,14,14,F:\Micro-C\micro-c数据\GSE272159_37C_rep1.mapq_30.10.cool,True,MG1655:11,validation
WIN_748440f911ccf0b3,MG1655,1429600,1436000,1432800,6400,100,1787,rep1,True,14,14,F:\Micro-C\micro-c数据\GSE272159_37C_rep1.mapq_30.10.cool,True,MG1655:11,validation
WIN_753c02d698a54b51,MG1655,1430400,1436800,1433600,6400,100,1788,rep1,True,14,14,F:\Micro-C\micro-c数据\GSE272159_37C_rep1.mapq_30.10.cool,True,MG1655:11,validation
WIN_9603030b6d2eaaaf,MG1655,1431200,1437600,1434400,6400,100,1789,rep1,True,13,13,F:\Micro-C\micro-c数据\GSE272159_37C_rep1.mapq_30.10.cool,True,MG1655:11,validation
WIN_da0e7e7826262478,MG1655,1432000,1438400,1435200,6400,100,1790,rep1,True,13,13,F:\Micro-C\micro-c数据\GSE272159_37C_rep1.mapq_30.10.cool,True,MG1655:11,validation
WIN_c45edb9e3e8c0924,MG1655,1432800,1439200,1436000,6400,100,1791,rep1,True,9,9,F:\Micro-C\micro-c数据\GSE272159_37C_rep1.mapq_30.10.cool,True,MG1655:11,validation
WIN_dc76d3ad16c95a48,MG1655,1433600,1440000,1436800,6400,100,1792,rep1,True,4,4,F:\Micro-C\micro-c数据\GSE272159_37C_rep1.mapq_30.10.cool,True,MG1655:11,validation
WIN_41944ec052ccb444,MG1655,1434400,1440800,1437600,6400,100,1793,rep1,False,0,0,F:\Micro-C\micro-c数据\GSE272159_37C_rep1.mapq_30.10.cool,True,MG1655:11,validation
WIN_57437176402e5e06,MG1655,1435200,1441600,1438400,6400,100,1794,rep1,False,0,0,F:\Micro-C\micro-c数据\GSE272159_37C_rep1.mapq_30.10.cool,True,MG1655:11,validation
WIN_28e468d4b0dabc96,MG1655,1436000,1442400,1439200,6400,100,1795,rep1,False,0,0,F:\Micro-C\micro-c数据\GSE272159_37C_rep1.mapq_30.10.cool,True,MG1655:11,validation
WIN_a56f5a768cb39769,MG1655,1436800,1443200,1440000,6400,100,1796,rep1,False,0,0,F:\Micro-C\micro-c数据\GSE272159_37C_rep1.mapq_30.10.cool,True,MG1655:11,validation
WIN_56d52789d6ad1b41,MG1655,1437600,1444000,1440800,6400,100,1797,rep1,False,0,0,F:\Micro-C\micro-c数据\GSE272159_37C_rep1.mapq_30.10.cool,True,MG1655:11,validation
WIN_7b51806fd2bf35a4,MG1655,1438400,1444800,1441600,6400,100,1798,rep1,False,0,0,F:\Micro-C\micro-c数据\GSE272159_37C_rep1.mapq_30.10.cool,True,MG1655:11,validation
WIN_d8749a2d63220f47,MG1655,1439200,1445600,1442400,6400,100,1799,rep1,False,0,0,F:\Micro-C\micro-c数据\GSE272159_37C_rep1.mapq_30.10.cool,True,MG1655:11,validation
WIN_8a068a99022b36eb,MG1655,1440000,1446400,1443200,6400,100,1800,rep1,False,0,0,F:\Micro-C\micro-c数据\GSE272159_37C_rep1.mapq_30.10.cool,True,MG1655:11,validation
WIN_a407a529597bfa1b,MG1655,1440800,1447200,1444000,6400,100,1801,rep1,False,0,0,F:\Micro-C\micro-c数据\GSE272159_37C_rep1.mapq_30.10.cool,True,MG1655:11,validation
WIN_9882b5fb863ccf09,MG1655,1441600,1448000,1444800,6400,100,1802,rep1,False,0,0,F:\Micro-C\micro-c数据\GSE272159_37C_rep1.mapq_30.10.cool,True,MG1655:11,validation
WIN_b605ea55b9095bf9,MG1655,1442400,1448800,1445600,6400,100,1803,rep1,False,0,0,F:\Micro-C\micro-c数据\GSE272159_37C_rep1.mapq_30.10.cool,True,MG1655:11,validation
WIN_f235022f9b59f91c,MG1655,1443200,1449600,1446400,6400,100,1804,rep1,False,0,0,F:\Micro-C\micro-c数据\GSE272159_37C_rep1.mapq_30.10.cool,True,MG1655:11,validation
WIN_c908b91909a9c991,MG1655,1444000,1450400,1447200,6400,100,1805,rep1,False,0,0,F:\Micro-C\micro-c数据\GSE272159_37C_rep1.mapq_30.10.cool,True,MG1655:11,validation
WIN_00dd15e43a404259,MG1655,1444800,1451200,1448000,6400,100,1806,rep1,False,0,0,F:\Micro-C\micro-c数据\GSE272159_37C_rep1.mapq_30.10.cool,True,MG1655:11,validation
WIN_d91695ca43f9d230,MG1655,1445600,1452000,1448800,6400,100,1807,rep1,False,0,0,F:\Micro-C\micro-c数据\GSE272159_37C_rep1.mapq_30.10.cool,True,MG1655:11,validation
WIN_92c610546aff11de,MG1655,1446400,1452800,1449600,6400,100,1808,rep1,False,0,0,F:\Micro-C\micro-c数据\GSE272159_37C_rep1.mapq_30.10.cool,True,MG1655:11,validation
WIN_4f838cc8e8dc9265,MG1655,1447200,1453600,1450400,6400,100,1809,rep1,False,0,0,F:\Micro-C\micro-c数据\GSE272159_37C_rep1.mapq_30.10.cool,True,MG1655:11,validation
WIN_a3ee8de21e83dcd1,MG1655,1448000,1454400,1451200,6400,100,1810,rep1,False,0,0,F:\Micro-C\micro-c数据\GSE272159_37C_rep1.mapq_30.10.cool,True,MG1655:11,validation
WIN_8eaa88b6b8eaf7bf,MG1655,1448800,1455200,1452000,6400,100,1811,rep1,False,0,0,F:\Micro-C\micro-c数据\GSE272159_37C_rep1.mapq_30.10.cool,True,MG1655:11,validation
WIN_f8a8221dbaa34ba2,MG1655,1449600,1456000,1452800,6400,100,1812,rep1,False,0,0,F:\Micro-C\micro-c数据\GSE272159_37C_rep1.mapq_30.10.cool,True,MG1655:11,validation
WIN_d7ab8abdccee21e2,MG1655,1450400,1456800,1453600,6400,100,1813,rep1,False,0,0,F:\Micro-C\micro-c数据\GSE272159_37C_rep1.mapq_30.10.cool,True,MG1655:11,validation
WIN_80335d54b1251286,MG1655,1451200,1457600,1454400,6400,100,1814,rep1,False,0,0,F:\Micro-C\micro-c数据\GSE272159_37C_rep1.mapq_30.10.cool,True,MG1655:11,validation
WIN_f23a19829d3fc150,MG1655,1452000,1458400,1455200,6400,100,1815,rep1,False,0,0,F:\Micro-C\micro-c数据\GSE272159_37C_rep1.mapq_30.10.cool,True,MG1655:11,validation
WIN_67289a8fb4748ccb,MG1655,1452800,1459200,1456000,6400,100,1816,rep1,False,0,0,F:\Micro-C\micro-c数据\GSE272159_37C_rep1.mapq_30.10.cool,True,MG1655:11,validation
WIN_84e43be8a08ab49e,MG1655,1453600,1460000,1456800,6400,100,1817,rep1,False,0,0,F:\Micro-C\micro-c数据\GSE272159_37C_rep1.mapq_30.10.cool,True,MG1655:11,validation
WIN_a32bbe6224053f9c,MG1655,1454400,1460800,1457600,6400,100,1818,rep1,False,0,0,F:\Micro-C\micro-c数据\GSE272159_37C_rep1.mapq_30.10.cool,True,MG1655:11,validation
WIN_d23ba3034b1e8e40,MG1655,1455200,1461600,1458400,6400,100,1819,rep1,False,0,0,F:\Micro-C\micro-c数据\GSE272159_37C_rep1.mapq_30.10.cool,True,MG1655:11,validation
WIN_a27f4de23e808318,MG1655,1456000,1462400,1459200,6400,100,1820,rep1,False,0,0,F:\Micro-C\micro-c数据\GSE272159_37C_rep1.mapq_30.10.cool,True,MG1655:11,validation
WIN_42341273958009c9,MG1655,1456800,1463200,1460000,6400,100,1821,rep1,False,0,0,F:\Micro-C\micro-c数据\GSE272159_37C_rep1.mapq_30.10.cool,True,MG1655:11,validation
WIN_c6c513639c656587,MG1655,1457600,1464000,1460800,6400,100,1822,rep1,False,0,0,F:\Micro-C\micro-c数据\GSE272159_37C_rep1.mapq_30.10.cool,True,MG1655:11,validation
WIN_718cf90a476d1dc3,MG1655,1458400,1464800,1461600,6400,100,1823,rep1,False,0,0,F:\Micro-C\micro-c数据\GSE272159_37C_rep1.mapq_30.10.cool,True,MG1655:11,validation
WIN_2cdf9591ea154fde,MG1655,1459200,1465600,1462400,6400,100,1824,rep1,False,0,0,F:\Micro-C\micro-c数据\GSE272159_37C_rep1.mapq_30.10.cool,True,MG1655:11,validation
WIN_933f38256619b573,MG1655,1460000,1466400,1463200,6400,100,1825,rep1,False,0,0,F:\Micro-C\micro-c数据\GSE272159_37C_rep1.mapq_30.10.cool,True,MG1655:11,validation
WIN_6e8e586aaf326aac,MG1655,1460800,1467200,1464000,6400,100,1826,rep1,False,0,0,F:\Micro-C\micro-c数据\GSE272159_37C_rep1.mapq_30.10.cool,True,MG1655:11,validation
WIN_60fd331a3fd85c75,MG1655,1461600,1468000,1464800,6400,100,1827,rep1,False,0,0,F:\Micro-C\micro-c数据\GSE272159_37C_rep1.mapq_30.10.cool,True,MG1655:11,validation
WIN_fa803faab761523f,MG1655,1462400,1468800,1465600,6400,100,1828,rep1,True,8,8,F:\Micro-C\micro-c数据\GSE272159_37C_rep1.mapq_30.10.cool,True,MG1655:11,validation
WIN_be6e0b7af70e7638,MG1655,1463200,1469600,1466400,6400,100,1829,rep1,True,13,13,F:\Micro-C\micro-c数据\GSE272159_37C_rep1.mapq_30.10.cool,True,MG1655:11,validation
WIN_eb20be363a79cb1c,MG1655,1484000,1490400,1487200,6400,100,1855,rep1,False,0,0,F:\Micro-C\micro-c数据\GSE272159_37C_rep1.mapq_30.10.cool,True,MG1655:11,validation
WIN_57e1536d11679c0c,MG1655,1484800,1491200,1488000,6400,100,1856,rep1,False,0,0,F:\Micro-C\micro-c数据\GSE272159_37C_rep1.mapq_30.10.cool,True,MG1655:11,validation
WIN_cf01ef4113e60873,MG1655,1485600,1492000,1488800,6400,100,1857,rep1,False,0,0,F:\Micro-C\micro-c数据\GSE272159_37C_rep1.mapq_30.10.cool,True,MG1655:11,validation
WIN_b9484fa0ad4cc66e,MG1655,1486400,1492800,1489600,6400,100,1858,rep1,False,0,0,F:\Micro-C\micro-c数据\GSE272159_37C_rep1.mapq_30.10.cool,True,MG1655:11,validation
WIN_415a7811eaab0049,MG1655,1487200,1493600,1490400,6400,100,1859,rep1,False,0,0,F:\Micro-C\micro-c数据\GSE272159_37C_rep1.mapq_30.10.cool,True,MG1655:11,validation
WIN_b478dda984f6d010,MG1655,1488000,1494400,1491200,6400,100,1860,rep1,False,0,0,F:\Micro-C\micro-c数据\GSE272159_37C_rep1.mapq_30.10.cool,True,MG1655:11,validation
WIN_e4b830abbad6d680,MG1655,1488800,1495200,1492000,6400,100,1861,rep1,False,0,0,F:\Micro-C\micro-c数据\GSE272159_37C_rep1.mapq_30.10.cool,True,MG1655:11,validation
WIN_e89a298be72677c7,MG1655,1489600,1496000,1492800,6400,100,1862,rep1,False,0,0,F:\Micro-C\micro-c数据\GSE272159_37C_rep1.mapq_30.10.cool,True,MG1655:11,validation
WIN_92ee49219c4fe40a,MG1655,1490400,1496800,1493600,6400,100,1863,rep1,False,0,0,F:\Micro-C\micro-c数据\GSE272159_37C_rep1.mapq_30.10.cool,True,MG1655:11,validation
WIN_5382659abd3e3b26,MG1655,1491200,1497600,1494400,6400,100,1864,rep1,False,0,0,F:\Micro-C\micro-c数据\GSE272159_37C_rep1.mapq_30.10.cool,True,MG1655:11,validation
WIN_88521bda2930e282,MG1655,1492000,1498400,1495200,6400,100,1865,rep1,False,0,0,F:\Micro-C\micro-c数据\GSE272159_37C_rep1.mapq_30.10.cool,True,MG1655:11,validation
WIN_8548bdea9044546c,MG1655,1492800,1499200,1496000,6400,100,1866,rep1,False,0,0,F:\Micro-C\micro-c数据\GSE272159_37C_rep1.mapq_30.10.cool,True,MG1655:11,validation
WIN_090f4899062ca4f9,MG1655,1493600,1500000,1496800,6400,100,1867,rep1,False,0,0,F:\Micro-C\micro-c数据\GSE272159_37C_rep1.mapq_30.10.cool,True,MG1655:11,validation
WIN_b59d13384bb1c64b,MG1655,1494400,1500800,1497600,6400,100,1868,rep1,False,0,0,F:\Micro-C\micro-c数据\GSE272159_37C_rep1.mapq_30.10.cool,True,MG1655:11,validation
WIN_d704eaf863ee528a,MG1655,1495200,1501600,1498400,6400,100,1869,rep1,False,0,0,F:\Micro-C\micro-c数据\GSE272159_37C_rep1.mapq_30.10.cool,True,MG1655:11,validation
WIN_4373809ecd0e7078,MG1655,1496000,1502400,1499200,6400,100,1870,rep1,False,0,0,F:\Micro-C\micro-c数据\GSE272159_37C_rep1.mapq_30.10.cool,True,MG1655:11,validation
WIN_370434f649ae2845,MG1655,1496800,1503200,1500000,6400,100,1871,rep1,False,0,0,F:\Micro-C\micro-c数据\GSE272159_37C_rep1.mapq_30.10.cool,True,MG1655:11,validation
WIN_c17fa205047c5a0e,MG1655,1497600,1504000,1500800,6400,100,1872,rep1,False,0,0,F:\Micro-C\micro-c数据\GSE272159_37C_rep1.mapq_30.10.cool,True,MG1655:11,validation
WIN_4f168e146318639d,MG1655,1498400,1504800,1501600,6400,100,1873,rep1,False,0,0,F:\Micro-C\micro-c数据\GSE272159_37C_rep1.mapq_30.10.cool,True,MG1655:11,validation
WIN_7817c17e75051834,MG1655,1499200,1505600,1502400,6400,100,1874,rep1,False,0,0,F:\Micro-C\micro-c数据\GSE272159_37C_rep1.mapq_30.10.cool,True,MG1655:11,validation
WIN_0fa8865d8f8e76fa,MG1655,1500000,1506400,1503200,6400,100,1875,rep1,False,0,0,F:\Micro-C\micro-c数据\GSE272159_37C_rep1.mapq_30.10.cool,True,MG1655:11,validation
WIN_e19c0bae91e6e115,MG1655,1500800,1507200,1504000,6400,100,1876,rep1,False,0,0,F:\Micro-C\micro-c数据\GSE272159_37C_rep1.mapq_30.10.cool,True,MG1655:11,validation
WIN_5277a4c6824a7625,MG1655,1501600,1508000,1504800,6400,100,1877,rep1,False,0,0,F:\Micro-C\micro-c数据\GSE272159_37C_rep1.mapq_30.10.cool,True,MG1655:11,validation
WIN_0f4184ce14b10c96,MG1655,1502400,1508800,1505600,6400,100,1878,rep1,False,0,0,F:\Micro-C\micro-c数据\GSE272159_37C_rep1.mapq_30.10.cool,True,MG1655:11,validation
WIN_44d5e16200f3cedc,MG1655,1503200,1509600,1506400,6400,100,1879,rep1,False,0,0,F:\Micro-C\micro-c数据\GSE272159_37C_rep1.mapq_30.10.cool,True,MG1655:11,validation
WIN_f93e10c2d563b2c5,MG1655,1504000,1510400,1507200,6400,100,1880,rep1,False,0,0,F:\Micro-C\micro-c数据\GSE272159_37C_rep1.mapq_30.10.cool,True,MG1655:11,validation
WIN_09c85a6e5673a389,MG1655,1504800,1511200,1508000,6400,100,1881,rep1,False,0,0,F:\Micro-C\micro-c数据\GSE272159_37C_rep1.mapq_30.10.cool,True,MG1655:11,validation
WIN_d44f4c6cb381c4ca,MG1655,1505600,1512000,1508800,6400,100,1882,rep1,False,0,0,F:\Micro-C\micro-c数据\GSE272159_37C_rep1.mapq_30.10.cool,True,MG1655:11,validation
WIN_14a4560e41d972a9,MG1655,1506400,1512800,1509600,6400,100,1883,rep1,False,0,0,F:\Micro-C\micro-c数据\GSE272159_37C_rep1.mapq_30.10.cool,True,MG1655:11,validation
WIN_dcfe08cdc438419e,MG1655,1507200,1513600,1510400,6400,100,1884,rep1,False,0,0,F:\Micro-C\micro-c数据\GSE272159_37C_rep1.mapq_30.10.cool,True,MG1655:11,validation
WIN_d4301095621202d5,MG1655,1552000,1558400,1555200,6400,100,1940,rep1,False,0,0,F:\Micro-C\micro-c数据\GSE272159_37C_rep1.mapq_30.10.cool,True,MG1655:12,calibration
WIN_3d2e1b61b1825c40,MG1655,1552800,1559200,1556000,6400,100,1941,rep1,False,0,0,F:\Micro-C\micro-c数据\GSE272159_37C_rep1.mapq_30.10.cool,True,MG1655:12,calibration
WIN_64af4353bdc57823,MG1655,1553600,1560000,1556800,6400,100,1942,rep1,False,0,0,F:\Micro-C\micro-c数据\GSE272159_37C_rep1.mapq_30.10.cool,True,MG1655:12,calibration
WIN_3bd022964ca2ed42,MG1655,1674400,1680800,1677600,6400,100,2093,rep1,False,0,0,F:\Micro-C\micro-c数据\GSE272159_37C_rep1.mapq_30.10.cool,True,MG1655:13,train
WIN_16a8c42b5ce82e65,MG1655,1675200,1681600,1678400,6400,100,2094,rep1,False,0,0,F:\Micro-C\micro-c数据\GSE272159_37C_rep1.mapq_30.10.cool,True,MG1655:13,train
WIN_1657689d6c51bf12,MG1655,1676000,1682400,1679200,6400,100,2095,rep1,False,0,0,F:\Micro-C\micro-c数据\GSE272159_37C_rep1.mapq_30.10.cool,True,MG1655:13,train
WIN_fe9a5c58e3a027c2,MG1655,1676800,1683200,1680000,6400,100,2096,rep1,False,0,0,F:\Micro-C\micro-c数据\GSE272159_37C_rep1.mapq_30.10.cool,True,MG1655:13,train
WIN_6ec8922c67cc3a63,MG1655,1677600,1684000,1680800,6400,100,2097,rep1,False,0,0,F:\Micro-C\micro-c数据\GSE272159_37C_rep1.mapq_30.10.cool,True,MG1655:13,train
WIN_0f2d63c4a239f31b,MG1655,1678400,1684800,1681600,6400,100,2098,rep1,False,0,0,F:\Micro-C\micro-c数据\GSE272159_37C_rep1.mapq_30.10.cool,True,MG1655:13,train
WIN_b13868cd0cb6c9d7,MG1655,1679200,1685600,1682400,6400,100,2099,rep1,False,0,0,F:\Micro-C\micro-c数据\GSE272159_37C_rep1.mapq_30.10.cool,True,MG1655:13,train
WIN_469f934e52d660e8,MG1655,1680000,1686400,1683200,6400,100,2100,rep1,False,0,0,F:\Micro-C\micro-c数据\GSE272159_37C_rep1.mapq_30.10.cool,True,MG1655:13,train
WIN_e4498e078faab8cd,MG1655,1680800,1687200,1684000,6400,100,2101,rep1,False,0,0,F:\Micro-C\micro-c数据\GSE272159_37C_rep1.mapq_30.10.cool,True,MG1655:13,train
WIN_6f4f1427d19421dc,MG1655,1681600,1688000,1684800,6400,100,2102,rep1,False,0,0,F:\Micro-C\micro-c数据\GSE272159_37C_rep1.mapq_30.10.cool,True,MG1655:13,train
WIN_f260b14ff0e3638c,MG1655,1682400,1688800,1685600,6400,100,2103,rep1,False,0,0,F:\Micro-C\micro-c数据\GSE272159_37C_rep1.mapq_30.10.cool,True,MG1655:13,train
WIN_8225d11a75aa0f10,MG1655,1683200,1689600,1686400,6400,100,2104,rep1,False,0,0,F:\Micro-C\micro-c数据\GSE272159_37C_rep1.mapq_30.10.cool,True,MG1655:13,train
WIN_f961517010d1d936,MG1655,1684000,1690400,1687200,6400,100,2105,rep1,False,0,0,F:\Micro-C\micro-c数据\GSE272159_37C_rep1.mapq_30.10.cool,True,MG1655:13,train
WIN_f017c9fdc2169e42,MG1655,1684800,1691200,1688000,6400,100,2106,rep1,False,0,0,F:\Micro-C\micro-c数据\GSE272159_37C_rep1.mapq_30.10.cool,True,MG1655:13,train
WIN_bd99d2679230f24d,MG1655,1685600,1692000,1688800,6400,100,2107,rep1,False,0,0,F:\Micro-C\micro-c数据\GSE272159_37C_rep1.mapq_30.10.cool,True,MG1655:13,train
WIN_33f2821e506dbf24,MG1655,1686400,1692800,1689600,6400,100,2108,rep1,False,0,0,F:\Micro-C\micro-c数据\GSE272159_37C_rep1.mapq_30.10.cool,True,MG1655:13,train
WIN_fcba12749356f95a,MG1655,1687200,1693600,1690400,6400,100,2109,rep1,False,0,0,F:\Micro-C\micro-c数据\GSE272159_37C_rep1.mapq_30.10.cool,True,MG1655:13,train
WIN_13be7a7511f35bf9,MG1655,1688000,1694400,1691200,6400,100,2110,rep1,False,0,0,F:\Micro-C\micro-c数据\GSE272159_37C_rep1.mapq_30.10.cool,True,MG1655:13,train
WIN_f3b9a8ab6d970ff5,MG1655,1708000,1714400,1711200,6400,100,2135,rep1,False,0,0,F:\Micro-C\micro-c数据\GSE272159_37C_rep1.mapq_30.10.cool,True,MG1655:13,train
WIN_73b6d178bcf8deef,MG1655,1708800,1715200,1712000,6400,100,2136,rep1,False,0,0,F:\Micro-C\micro-c数据\GSE272159_37C_rep1.mapq_30.10.cool,True,MG1655:13,train
WIN_9282ca383f6a0229,MG1655,1709600,1716000,1712800,6400,100,2137,rep1,False,0,0,F:\Micro-C\micro-c数据\GSE272159_37C_rep1.mapq_30.10.cool,True,MG1655:13,train
WIN_01c3b8c5f82e6e92,MG1655,1710400,1716800,1713600,6400,100,2138,rep1,False,0,0,F:\Micro-C\micro-c数据\GSE272159_37C_rep1.mapq_30.10.cool,True,MG1655:13,train
WIN_88b405c878a0e7c8,MG1655,1711200,1717600,1714400,6400,100,2139,rep1,False,0,0,F:\Micro-C\micro-c数据\GSE272159_37C_rep1.mapq_30.10.cool,True,MG1655:13,train
WIN_20d4ff392d5c9c47,MG1655,1712000,1718400,1715200,6400,100,2140,rep1,False,0,0,F:\Micro-C\micro-c数据\GSE272159_37C_rep1.mapq_30.10.cool,True,MG1655:13,train
WIN_a26aac554ccb14d3,MG1655,1712800,1719200,1716000,6400,100,2141,rep1,False,0,0,F:\Micro-C\micro-c数据\GSE272159_37C_rep1.mapq_30.10.cool,True,MG1655:13,train
WIN_77834854d4d207e1,MG1655,1713600,1720000,1716800,6400,100,2142,rep1,False,0,0,F:\Micro-C\micro-c数据\GSE272159_37C_rep1.mapq_30.10.cool,True,MG1655:13,train
WIN_daa0ca1d6fe01a7e,MG1655,1714400,1720800,1717600,6400,100,2143,rep1,False,0,0,F:\Micro-C\micro-c数据\GSE272159_37C_rep1.mapq_30.10.cool,True,MG1655:13,train
WIN_120f6bb6d8fd5dc8,MG1655,1715200,1721600,1718400,6400,100,2144,rep1,False,0,0,F:\Micro-C\micro-c数据\GSE272159_37C_rep1.mapq_30.10.cool,True,MG1655:13,train
WIN_fc27192fe5d48146,MG1655,1716000,1722400,1719200,6400,100,2145,rep1,False,0,0,F:\Micro-C\micro-c数据\GSE272159_37C_rep1.mapq_30.10.cool,True,MG1655:13,train
WIN_b4987719f58c708a,MG1655,1716800,1723200,1720000,6400,100,2146,rep1,False,0,0,F:\Micro-C\micro-c数据\GSE272159_37C_rep1.mapq_30.10.cool,True,MG1655:13,train
WIN_55c7c8a1e74d8ad4,MG1655,1717600,1724000,1720800,6400,100,2147,rep1,False,0,0,F:\Micro-C\micro-c数据\GSE272159_37C_rep1.mapq_30.10.cool,True,MG1655:13,train
WIN_75be54c83c6ad958,MG1655,1718400,1724800,1721600,6400,100,2148,rep1,False,0,0,F:\Micro-C\micro-c数据\GSE272159_37C_rep1.mapq_30.10.cool,True,MG1655:13,train
WIN_aff7bfb45d564e47,MG1655,1719200,1725600,1722400,6400,100,2149,rep1,False,0,0,F:\Micro-C\micro-c数据\GSE272159_37C_rep1.mapq_30.10.cool,True,MG1655:13,train
WIN_6862066787642b6e,MG1655,1720000,1726400,1723200,6400,100,2150,rep1,False,0,0,F:\Micro-C\micro-c数据\GSE272159_37C_rep1.mapq_30.10.cool,True,MG1655:13,train
WIN_adbacb34c1ae66b3,MG1655,1720800,1727200,1724000,6400,100,2151,rep1,False,0,0,F:\Micro-C\micro-c数据\GSE272159_37C_rep1.mapq_30.10.cool,True,MG1655:13,train
WIN_a2d5d10f02718f90,MG1655,1721600,1728000,1724800,6400,100,2152,rep1,False,0,0,F:\Micro-C\micro-c数据\GSE272159_37C_rep1.mapq_30.10.cool,True,MG1655:13,train
WIN_0fe1b83d0946b9c7,MG1655,1722400,1728800,1725600,6400,100,2153,rep1,False,0,0,F:\Micro-C\micro-c数据\GSE272159_37C_rep1.mapq_30.10.cool,True,MG1655:13,train
WIN_f1d13822aec3e667,MG1655,1783200,1789600,1786400,6400,100,2229,rep1,False,0,0,F:\Micro-C\micro-c数据\GSE272159_37C_rep1.mapq_30.10.cool,True,MG1655:13,train
WIN_cde597761adee21b,MG1655,1784000,1790400,1787200,6400,100,2230,rep1,False,0,0,F:\Micro-C\micro-c数据\GSE272159_37C_rep1.mapq_30.10.cool,True,MG1655:13,train
WIN_970c701d1dab76cd,MG1655,1784800,1791200,1788000,6400,100,2231,rep1,False,0,0,F:\Micro-C\micro-c数据\GSE272159_37C_rep1.mapq_30.10.cool,True,MG1655:13,train
WIN_af90c4c68b856cab,MG1655,1785600,1792000,1788800,6400,100,2232,rep1,False,0,0,F:\Micro-C\micro-c数据\GSE272159_37C_rep1.mapq_30.10.cool,True,MG1655:13,train
WIN_4371c2e0ed39aeb7,MG1655,1810400,1816800,1813600,6400,100,2263,rep1,False,0,0,F:\Micro-C\micro-c数据\GSE272159_37C_rep1.mapq_30.10.cool,True,MG1655:14,train
WIN_25bc0efe94ea5a58,MG1655,1811200,1817600,1814400,6400,100,2264,rep1,False,0,0,F:\Micro-C\micro-c数据\GSE272159_37C_rep1.mapq_30.10.cool,True,MG1655:14,train
WIN_309a3ce5ad74422d,MG1655,1812000,1818400,1815200,6400,100,2265,rep1,False,0,0,F:\Micro-C\micro-c数据\GSE272159_37C_rep1.mapq_30.10.cool,True,MG1655:14,train
WIN_7eb0df746a9ab5e0,MG1655,1812800,1819200,1816000,6400,100,2266,rep1,False,0,0,F:\Micro-C\micro-c数据\GSE272159_37C_rep1.mapq_30.10.cool,True,MG1655:14,train
WIN_f7a369e0d6589384,MG1655,1813600,1820000,1816800,6400,100,2267,rep1,False,0,0,F:\Micro-C\micro-c数据\GSE272159_37C_rep1.mapq_30.10.cool,True,MG1655:14,train
WIN_8dba2a3c2b2920c9,MG1655,1814400,1820800,1817600,6400,100,2268,rep1,False,0,0,F:\Micro-C\micro-c数据\GSE272159_37C_rep1.mapq_30.10.cool,True,MG1655:14,train
WIN_6a76e624d8555bbb,MG1655,1815200,1821600,1818400,6400,100,2269,rep1,False,0,0,F:\Micro-C\micro-c数据\GSE272159_37C_rep1.mapq_30.10.cool,True,MG1655:14,train
WIN_dbdf54ff8220e62f,MG1655,1816000,1822400,1819200,6400,100,2270,rep1,False,0,0,F:\Micro-C\micro-c数据\GSE272159_37C_rep1.mapq_30.10.cool,True,MG1655:14,train
WIN_3a1770356b6a1ce5,MG1655,1816800,1823200,1820000,6400,100,2271,rep1,False,0,0,F:\Micro-C\micro-c数据\GSE272159_37C_rep1.mapq_30.10.cool,True,MG1655:14,train
WIN_7a6ab65c7555edba,MG1655,1817600,1824000,1820800,6400,100,2272,rep1,False,0,0,F:\Micro-C\micro-c数据\GSE272159_37C_rep1.mapq_30.10.cool,True,MG1655:14,train
WIN_6f4a6f2a9cc8cd8b,MG1655,1818400,1824800,1821600,6400,100,2273,rep1,False,0,0,F:\Micro-C\micro-c数据\GSE272159_37C_rep1.mapq_30.10.cool,True,MG1655:14,train
WIN_f626f1f1524c9ac2,MG1655,1819200,1825600,1822400,6400,100,2274,rep1,False,0,0,F:\Micro-C\micro-c数据\GSE272159_37C_rep1.mapq_30.10.cool,True,MG1655:14,train
WIN_c6d635ffb1c55c4a,MG1655,1820000,1826400,1823200,6400,100,2275,rep1,False,0,0,F:\Micro-C\micro-c数据\GSE272159_37C_rep1.mapq_30.10.cool,True,MG1655:14,train
WIN_b45375245e5b3061,MG1655,1820800,1827200,1824000,6400,100,2276,rep1,False,0,0,F:\Micro-C\micro-c数据\GSE272159_37C_rep1.mapq_30.10.cool,True,MG1655:14,train
WIN_974e70322c3daa69,MG1655,1821600,1828000,1824800,6400,100,2277,rep1,False,0,0,F:\Micro-C\micro-c数据\GSE272159_37C_rep1.mapq_30.10.cool,True,MG1655:14,train
WIN_9776a7bee501d81d,MG1655,1822400,1828800,1825600,6400,100,2278,rep1,False,0,0,F:\Micro-C\micro-c数据\GSE272159_37C_rep1.mapq_30.10.cool,True,MG1655:14,train
WIN_2ca149d09793b3b7,MG1655,1823200,1829600,1826400,6400,100,2279,rep1,False,0,0,F:\Micro-C\micro-c数据\GSE272159_37C_rep1.mapq_30.10.cool,True,MG1655:14,train
WIN_0caabb34c0746654,MG1655,1824000,1830400,1827200,6400,100,2280,rep1,False,0,0,F:\Micro-C\micro-c数据\GSE272159_37C_rep1.mapq_30.10.cool,True,MG1655:14,train
WIN_2d5a6c662217eb75,MG1655,1824800,1831200,1828000,6400,100,2281,rep1,False,0,0,F:\Micro-C\micro-c数据\GSE272159_37C_rep1.mapq_30.10.cool,True,MG1655:14,train
WIN_deef999cc3cfee8e,MG1655,1825600,1832000,1828800,6400,100,2282,rep1,False,0,0,F:\Micro-C\micro-c数据\GSE272159_37C_rep1.mapq_30.10.cool,True,MG1655:14,train
WIN_2efb3f84b13e0e2e,MG1655,1826400,1832800,1829600,6400,100,2283,rep1,False,0,0,F:\Micro-C\micro-c数据\GSE272159_37C_rep1.mapq_30.10.cool,True,MG1655:14,train
WIN_8ec4681ea7d7b07e,MG1655,1827200,1833600,1830400,6400,100,2284,rep1,False,0,0,F:\Micro-C\micro-c数据\GSE272159_37C_rep1.mapq_30.10.cool,True,MG1655:14,train
WIN_01b2dedb47c8ceef,MG1655,1828000,1834400,1831200,6400,100,2285,rep1,False,0,0,F:\Micro-C\micro-c数据\GSE272159_37C_rep1.mapq_30.10.cool,True,MG1655:14,train
WIN_b543560c7140be6f,MG1655,1828800,1835200,1832000,6400,100,2286,rep1,False,0,0,F:\Micro-C\micro-c数据\GSE272159_37C_rep1.mapq_30.10.cool,True,MG1655:14,train
WIN_bb4b6fbb8d955d09,MG1655,1829600,1836000,1832800,6400,100,2287,rep1,False,0,0,F:\Micro-C\micro-c数据\GSE272159_37C_rep1.mapq_30.10.cool,True,MG1655:14,train
WIN_539c8c06d424f6f1,MG1655,1830400,1836800,1833600,6400,100,2288,rep1,False,0,0,F:\Micro-C\micro-c数据\GSE272159_37C_rep1.mapq_30.10.cool,True,MG1655:14,train
WIN_66dcd26c1fca2708,MG1655,1831200,1837600,1834400,6400,100,2289,rep1,False,0,0,F:\Micro-C\micro-c数据\GSE272159_37C_rep1.mapq_30.10.cool,True,MG1655:14,train
WIN_b9c5643b6c99a4cf,MG1655,1878400,1884800,1881600,6400,100,2348,rep1,False,0,0,F:\Micro-C\micro-c数据\GSE272159_37C_rep1.mapq_30.10.cool,True,MG1655:14,train
WIN_7fd45b00210c5d18,MG1655,1879200,1885600,1882400,6400,100,2349,rep1,False,0,0,F:\Micro-C\micro-c数据\GSE272159_37C_rep1.mapq_30.10.cool,True,MG1655:14,train
WIN_47cc15677cc3d7e7,MG1655,1880000,1886400,1883200,6400,100,2350,rep1,False,0,0,F:\Micro-C\micro-c数据\GSE272159_37C_rep1.mapq_30.10.cool,True,MG1655:14,train
WIN_a8e106f3a5d4c334,MG1655,1880800,1887200,1884000,6400,100,2351,rep1,False,0,0,F:\Micro-C\micro-c数据\GSE272159_37C_rep1.mapq_30.10.cool,True,MG1655:14,train
WIN_05bf26f42bd9b136,MG1655,1881600,1888000,1884800,6400,100,2352,rep1,False,0,0,F:\Micro-C\micro-c数据\GSE272159_37C_rep1.mapq_30.10.cool,True,MG1655:14,train
WIN_3dc4adbfbe9144d3,MG1655,1882400,1888800,1885600,6400,100,2353,rep1,False,0,0,F:\Micro-C\micro-c数据\GSE272159_37C_rep1.mapq_30.10.cool,True,MG1655:14,train
WIN_c5197ce856f4efc6,MG1655,1883200,1889600,1886400,6400,100,2354,rep1,False,0,0,F:\Micro-C\micro-c数据\GSE272159_37C_rep1.mapq_30.10.cool,True,MG1655:14,train
WIN_dc2302e2390ed1c9,MG1655,1884000,1890400,1887200,6400,100,2355,rep1,False,0,0,F:\Micro-C\micro-c数据\GSE272159_37C_rep1.mapq_30.10.cool,True,MG1655:14,train
WIN_034689f70f49c722,MG1655,1884800,1891200,1888000,6400,100,2356,rep1,False,0,0,F:\Micro-C\micro-c数据\GSE272159_37C_rep1.mapq_30.10.cool,True,MG1655:14,train
WIN_4c9aa430a4b1952d,MG1655,1885600,1892000,1888800,6400,100,2357,rep1,False,0,0,F:\Micro-C\micro-c数据\GSE272159_37C_rep1.mapq_30.10.cool,True,MG1655:14,train
WIN_e96dd37a619adcac,MG1655,1886400,1892800,1889600,6400,100,2358,rep1,False,0,0,F:\Micro-C\micro-c数据\GSE272159_37C_rep1.mapq_30.10.cool,True,MG1655:14,train
WIN_ab36e6fae2467684,MG1655,1887200,1893600,1890400,6400,100,2359,rep1,False,0,0,F:\Micro-C\micro-c数据\GSE272159_37C_rep1.mapq_30.10.cool,True,MG1655:14,train
WIN_6093b71d038f2eb6,MG1655,1888000,1894400,1891200,6400,100,2360,rep1,False,0,0,F:\Micro-C\micro-c数据\GSE272159_37C_rep1.mapq_30.10.cool,True,MG1655:14,train
WIN_c3ad82c1132fd222,MG1655,1888800,1895200,1892000,6400,100,2361,rep1,False,0,0,F:\Micro-C\micro-c数据\GSE272159_37C_rep1.mapq_30.10.cool,True,MG1655:14,train
WIN_3661e2bbf520e749,MG1655,1889600,1896000,1892800,6400,100,2362,rep1,False,0,0,F:\Micro-C\micro-c数据\GSE272159_37C_rep1.mapq_30.10.cool,True,MG1655:14,train
WIN_5f853bfcec91e5c3,MG1655,1890400,1896800,1893600,6400,100,2363,rep1,False,0,0,F:\Micro-C\micro-c数据\GSE272159_37C_rep1.mapq_30.10.cool,True,MG1655:14,train
WIN_bfa42b58893dc1f2,MG1655,1891200,1897600,1894400,6400,100,2364,rep1,False,0,0,F:\Micro-C\micro-c数据\GSE272159_37C_rep1.mapq_30.10.cool,True,MG1655:14,train
WIN_02d895b0024c6535,MG1655,1892000,1898400,1895200,6400,100,2365,rep1,False,0,0,F:\Micro-C\micro-c数据\GSE272159_37C_rep1.mapq_30.10.cool,True,MG1655:14,train
WIN_fafd7170bdd964a7,MG1655,1892800,1899200,1896000,6400,100,2366,rep1,False,0,0,F:\Micro-C\micro-c数据\GSE272159_37C_rep1.mapq_30.10.cool,True,MG1655:14,train
WIN_8a98c2d84ccbe3d7,MG1655,1893600,1900000,1896800,6400,100,2367,rep1,False,0,0,F:\Micro-C\micro-c数据\GSE272159_37C_rep1.mapq_30.10.cool,True,MG1655:14,train
WIN_18d44d218267cf57,MG1655,1894400,1900800,1897600,6400,100,2368,rep1,False,0,0,F:\Micro-C\micro-c数据\GSE272159_37C_rep1.mapq_30.10.cool,True,MG1655:14,train
WIN_5a9e9653133bb9f8,MG1655,1895200,1901600,1898400,6400,100,2369,rep1,False,0,0,F:\Micro-C\micro-c数据\GSE272159_37C_rep1.mapq_30.10.cool,True,MG1655:14,train
WIN_902b5fe3f7549ac4,MG1655,1896000,1902400,1899200,6400,100,2370,rep1,False,0,0,F:\Micro-C\micro-c数据\GSE272159_37C_rep1.mapq_30.10.cool,True,MG1655:14,train
WIN_6cfac2d573d0c4cc,MG1655,1896800,1903200,1900000,6400,100,2371,rep1,False,0,0,F:\Micro-C\micro-c数据\GSE272159_37C_rep1.mapq_30.10.cool,True,MG1655:14,train
WIN_d93b871a4f1a72ab,MG1655,1897600,1904000,1900800,6400,100,2372,rep1,False,0,0,F:\Micro-C\micro-c数据\GSE272159_37C_rep1.mapq_30.10.cool,True,MG1655:14,train
WIN_e4bd9a10f4a179b5,MG1655,1898400,1904800,1901600,6400,100,2373,rep1,False,0,0,F:\Micro-C\micro-c数据\GSE272159_37C_rep1.mapq_30.10.cool,True,MG1655:14,train
WIN_0a120f721c876383,MG1655,1899200,1905600,1902400,6400,100,2374,rep1,False,0,0,F:\Micro-C\micro-c数据\GSE272159_37C_rep1.mapq_30.10.cool,True,MG1655:14,train
WIN_7bf82a886250403e,MG1655,1900000,1906400,1903200,6400,100,2375,rep1,False,0,0,F:\Micro-C\micro-c数据\GSE272159_37C_rep1.mapq_30.10.cool,True,MG1655:14,train
WIN_88a8d104f5d6bcc8,MG1655,1900800,1907200,1904000,6400,100,2376,rep1,False,0,0,F:\Micro-C\micro-c数据\GSE272159_37C_rep1.mapq_30.10.cool,True,MG1655:14,train
WIN_bb465dfe01fdebbc,MG1655,1901600,1908000,1904800,6400,100,2377,rep1,False,0,0,F:\Micro-C\micro-c数据\GSE272159_37C_rep1.mapq_30.10.cool,True,MG1655:14,train
WIN_bc440c73a5341019,MG1655,1902400,1908800,1905600,6400,100,2378,rep1,False,0,0,F:\Micro-C\micro-c数据\GSE272159_37C_rep1.mapq_30.10.cool,True,MG1655:14,train
WIN_eab83437bdf69d55,MG1655,1903200,1909600,1906400,6400,100,2379,rep1,False,0,0,F:\Micro-C\micro-c数据\GSE272159_37C_rep1.mapq_30.10.cool,True,MG1655:14,train
WIN_213987f64742d1d7,MG1655,1904000,1910400,1907200,6400,100,2380,rep1,False,0,0,F:\Micro-C\micro-c数据\GSE272159_37C_rep1.mapq_30.10.cool,True,MG1655:14,train
WIN_08529cc4fb838a78,MG1655,1904800,1911200,1908000,6400,100,2381,rep1,False,0,0,F:\Micro-C\micro-c数据\GSE272159_37C_rep1.mapq_30.10.cool,True,MG1655:14,train
WIN_ea7e3814627a0b75,MG1655,1905600,1912000,1908800,6400,100,2382,rep1,False,0,0,F:\Micro-C\micro-c数据\GSE272159_37C_rep1.mapq_30.10.cool,True,MG1655:14,train
WIN_daa3d57c2fbdd940,MG1655,1906400,1912800,1909600,6400,100,2383,rep1,False,0,0,F:\Micro-C\micro-c数据\GSE272159_37C_rep1.mapq_30.10.cool,True,MG1655:14,train
WIN_83ad8c8ead06f0fd,MG1655,1907200,1913600,1910400,6400,100,2384,rep1,False,0,0,F:\Micro-C\micro-c数据\GSE272159_37C_rep1.mapq_30.10.cool,True,MG1655:14,train
WIN_db4d040605601015,MG1655,1908000,1914400,1911200,6400,100,2385,rep1,False,0,0,F:\Micro-C\micro-c数据\GSE272159_37C_rep1.mapq_30.10.cool,True,MG1655:14,train
WIN_a70be54f4c85266c,MG1655,1908800,1915200,1912000,6400,100,2386,rep1,False,0,0,F:\Micro-C\micro-c数据\GSE272159_37C_rep1.mapq_30.10.cool,True,MG1655:14,train
WIN_c4f082120351962b,MG1655,1909600,1916000,1912800,6400,100,2387,rep1,False,0,0,F:\Micro-C\micro-c数据\GSE272159_37C_rep1.mapq_30.10.cool,True,MG1655:14,train
WIN_fc628020915288dc,MG1655,1910400,1916800,1913600,6400,100,2388,rep1,False,0,0,F:\Micro-C\micro-c数据\GSE272159_37C_rep1.mapq_30.10.cool,True,MG1655:14,train
WIN_ee74a61793d85e6b,MG1655,1911200,1917600,1914400,6400,100,2389,rep1,False,0,0,F:\Micro-C\micro-c数据\GSE272159_37C_rep1.mapq_30.10.cool,True,MG1655:14,train
WIN_3515e59c28c8b89d,MG1655,1912000,1918400,1915200,6400,100,2390,rep1,False,0,0,F:\Micro-C\micro-c数据\GSE272159_37C_rep1.mapq_30.10.cool,True,MG1655:14,train
WIN_57f05fca06956400,MG1655,1912800,1919200,1916000,6400,100,2391,rep1,False,0,0,F:\Micro-C\micro-c数据\GSE272159_37C_rep1.mapq_30.10.cool,True,MG1655:14,train
WIN_e5562f2a173675be,MG1655,1913600,1920000,1916800,6400,100,2392,rep1,False,0,0,F:\Micro-C\micro-c数据\GSE272159_37C_rep1.mapq_30.10.cool,True,MG1655:14,train
WIN_7940b3bfbdfe1ab0,MG1655,1920000,1926400,1923200,6400,100,2400,rep1,False,0,0,F:\Micro-C\micro-c数据\GSE272159_37C_rep1.mapq_30.10.cool,True,MG1655:15,train
WIN_6a5e9abb6a35a0b1,MG1655,1920800,1927200,1924000,6400,100,2401,rep1,False,0,0,F:\Micro-C\micro-c数据\GSE272159_37C_rep1.mapq_30.10.cool,True,MG1655:15,train
WIN_7dfb6d1a1a583d2c,MG1655,1921600,1928000,1924800,6400,100,2402,rep1,False,0,0,F:\Micro-C\micro-c数据\GSE272159_37C_rep1.mapq_30.10.cool,True,MG1655:15,train
WIN_266df5f134989011,MG1655,1922400,1928800,1925600,6400,100,2403,rep1,False,0,0,F:\Micro-C\micro-c数据\GSE272159_37C_rep1.mapq_30.10.cool,True,MG1655:15,train
WIN_2041e7c75cc4947c,MG1655,1923200,1929600,1926400,6400,100,2404,rep1,False,0,0,F:\Micro-C\micro-c数据\GSE272159_37C_rep1.mapq_30.10.cool,True,MG1655:15,train
WIN_2483d0d4f22d75aa,MG1655,1924000,1930400,1927200,6400,100,2405,rep1,False,0,0,F:\Micro-C\micro-c数据\GSE272159_37C_rep1.mapq_30.10.cool,True,MG1655:15,train
WIN_7a3af9e8ea529dd3,MG1655,1924800,1931200,1928000,6400,100,2406,rep1,False,0,0,F:\Micro-C\micro-c数据\GSE272159_37C_rep1.mapq_30.10.cool,True,MG1655:15,train
WIN_3e3c91503b889041,MG1655,1925600,1932000,1928800,6400,100,2407,rep1,False,0,0,F:\Micro-C\micro-c数据\GSE272159_37C_rep1.mapq_30.10.cool,True,MG1655:15,train
WIN_0edbae71b9a62218,MG1655,1926400,1932800,1929600,6400,100,2408,rep1,False,0,0,F:\Micro-C\micro-c数据\GSE272159_37C_rep1.mapq_30.10.cool,True,MG1655:15,train
WIN_1ca6e47ff1475b07,MG1655,1927200,1933600,1930400,6400,100,2409,rep1,False,0,0,F:\Micro-C\micro-c数据\GSE272159_37C_rep1.mapq_30.10.cool,True,MG1655:15,train
WIN_5feac560920d18ba,MG1655,1928000,1934400,1931200,6400,100,2410,rep1,False,0,0,F:\Micro-C\micro-c数据\GSE272159_37C_rep1.mapq_30.10.cool,True,MG1655:15,train
WIN_6d3cd04621410315,MG1655,1928800,1935200,1932000,6400,100,2411,rep1,False,0,0,F:\Micro-C\micro-c数据\GSE272159_37C_rep1.mapq_30.10.cool,True,MG1655:15,train
WIN_2b204556ec1360df,MG1655,1929600,1936000,1932800,6400,100,2412,rep1,False,0,0,F:\Micro-C\micro-c数据\GSE272159_37C_rep1.mapq_30.10.cool,True,MG1655:15,train
WIN_79b5dff1297cd1c4,MG1655,1930400,1936800,1933600,6400,100,2413,rep1,False,0,0,F:\Micro-C\micro-c数据\GSE272159_37C_rep1.mapq_30.10.cool,True,MG1655:15,train
WIN_7cdcb318f38919e9,MG1655,1931200,1937600,1934400,6400,100,2414,rep1,False,0,0,F:\Micro-C\micro-c数据\GSE272159_37C_rep1.mapq_30.10.cool,True,MG1655:15,train
WIN_38b4d73fe535ef08,MG1655,1932000,1938400,1935200,6400,100,2415,rep1,False,0,0,F:\Micro-C\micro-c数据\GSE272159_37C_rep1.mapq_30.10.cool,True,MG1655:15,train
WIN_a0001db908ef2149,MG1655,1932800,1939200,1936000,6400,100,2416,rep1,False,0,0,F:\Micro-C\micro-c数据\GSE272159_37C_rep1.mapq_30.10.cool,True,MG1655:15,train
WIN_4d9333225c70c361,MG1655,1933600,1940000,1936800,6400,100,2417,rep1,False,0,0,F:\Micro-C\micro-c数据\GSE272159_37C_rep1.mapq_30.10.cool,True,MG1655:15,train
WIN_b374d550cd4f6f78,MG1655,1934400,1940800,1937600,6400,100,2418,rep1,False,0,0,F:\Micro-C\micro-c数据\GSE272159_37C_rep1.mapq_30.10.cool,True,MG1655:15,train
WIN_85aa73364696fcbc,MG1655,1935200,1941600,1938400,6400,100,2419,rep1,False,0,0,F:\Micro-C\micro-c数据\GSE272159_37C_rep1.mapq_30.10.cool,True,MG1655:15,train
WIN_1fbb4a262b25a9ea,MG1655,1936000,1942400,1939200,6400,100,2420,rep1,False,0,0,F:\Micro-C\micro-c数据\GSE272159_37C_rep1.mapq_30.10.cool,True,MG1655:15,train
WIN_4c5821ac7af8d8ed,MG1655,1936800,1943200,1940000,6400,100,2421,rep1,False,0,0,F:\Micro-C\micro-c数据\GSE272159_37C_rep1.mapq_30.10.cool,True,MG1655:15,train
WIN_9d1426c094ae8141,MG1655,1937600,1944000,1940800,6400,100,2422,rep1,False,0,0,F:\Micro-C\micro-c数据\GSE272159_37C_rep1.mapq_30.10.cool,True,MG1655:15,train
WIN_206e0c07ae09e556,MG1655,1938400,1944800,1941600,6400,100,2423,rep1,False,0,0,F:\Micro-C\micro-c数据\GSE272159_37C_rep1.mapq_30.10.cool,True,MG1655:15,train
WIN_75281c7e5cc6973f,MG1655,1939200,1945600,1942400,6400,100,2424,rep1,False,0,0,F:\Micro-C\micro-c数据\GSE272159_37C_rep1.mapq_30.10.cool,True,MG1655:15,train
WIN_a531043e990898bb,MG1655,1940000,1946400,1943200,6400,100,2425,rep1,False,0,0,F:\Micro-C\micro-c数据\GSE272159_37C_rep1.mapq_30.10.cool,True,MG1655:15,train
WIN_3afe1efe02bc3253,MG1655,1940800,1947200,1944000,6400,100,2426,rep1,False,0,0,F:\Micro-C\micro-c数据\GSE272159_37C_rep1.mapq_30.10.cool,True,MG1655:15,train
WIN_2dcc41a90dcc6ab1,MG1655,1941600,1948000,1944800,6400,100,2427,rep1,False,0,0,F:\Micro-C\micro-c数据\GSE272159_37C_rep1.mapq_30.10.cool,True,MG1655:15,train
WIN_dcfa20dec0c95945,MG1655,1942400,1948800,1945600,6400,100,2428,rep1,False,0,0,F:\Micro-C\micro-c数据\GSE272159_37C_rep1.mapq_30.10.cool,True,MG1655:15,train
WIN_4d5796ebec3ef3cd,MG1655,1943200,1949600,1946400,6400,100,2429,rep1,False,0,0,F:\Micro-C\micro-c数据\GSE272159_37C_rep1.mapq_30.10.cool,True,MG1655:15,train
WIN_d64b5db50ce24c94,MG1655,1944000,1950400,1947200,6400,100,2430,rep1,False,0,0,F:\Micro-C\micro-c数据\GSE272159_37C_rep1.mapq_30.10.cool,True,MG1655:15,train
WIN_dfe3fef460da736c,MG1655,1944800,1951200,1948000,6400,100,2431,rep1,False,0,0,F:\Micro-C\micro-c数据\GSE272159_37C_rep1.mapq_30.10.cool,True,MG1655:15,train
WIN_05ba7b2a569a655f,MG1655,1945600,1952000,1948800,6400,100,2432,rep1,False,0,0,F:\Micro-C\micro-c数据\GSE272159_37C_rep1.mapq_30.10.cool,True,MG1655:15,train
WIN_e79fd4c7f6d8c04c,MG1655,1946400,1952800,1949600,6400,100,2433,rep1,False,0,0,F:\Micro-C\micro-c数据\GSE272159_37C_rep1.mapq_30.10.cool,True,MG1655:15,train
WIN_291eebceb367403b,MG1655,1947200,1953600,1950400,6400,100,2434,rep1,False,0,0,F:\Micro-C\micro-c数据\GSE272159_37C_rep1.mapq_30.10.cool,True,MG1655:15,train
WIN_b3fc1080d70e18b6,MG1655,1948000,1954400,1951200,6400,100,2435,rep1,False,0,0,F:\Micro-C\micro-c数据\GSE272159_37C_rep1.mapq_30.10.cool,True,MG1655:15,train
WIN_20bf30d0d5492a1c,MG1655,1948800,1955200,1952000,6400,100,2436,rep1,False,0,0,F:\Micro-C\micro-c数据\GSE272159_37C_rep1.mapq_30.10.cool,True,MG1655:15,train
WIN_2c1992de67546518,MG1655,1949600,1956000,1952800,6400,100,2437,rep1,False,0,0,F:\Micro-C\micro-c数据\GSE272159_37C_rep1.mapq_30.10.cool,True,MG1655:15,train
WIN_3be56f371c8ec09e,MG1655,1950400,1956800,1953600,6400,100,2438,rep1,False,0,0,F:\Micro-C\micro-c数据\GSE272159_37C_rep1.mapq_30.10.cool,True,MG1655:15,train
WIN_632b9a3c5eed8cb7,MG1655,1951200,1957600,1954400,6400,100,2439,rep1,False,0,0,F:\Micro-C\micro-c数据\GSE272159_37C_rep1.mapq_30.10.cool,True,MG1655:15,train
WIN_61e3a7419f935530,MG1655,1952000,1958400,1955200,6400,100,2440,rep1,False,0,0,F:\Micro-C\micro-c数据\GSE272159_37C_rep1.mapq_30.10.cool,True,MG1655:15,train
WIN_e8d50f7c748c7246,MG1655,1952800,1959200,1956000,6400,100,2441,rep1,False,0,0,F:\Micro-C\micro-c数据\GSE272159_37C_rep1.mapq_30.10.cool,True,MG1655:15,train
WIN_94df5ac54e7f2034,MG1655,1953600,1960000,1956800,6400,100,2442,rep1,False,0,0,F:\Micro-C\micro-c数据\GSE272159_37C_rep1.mapq_30.10.cool,True,MG1655:15,train
WIN_e7401f43c100e203,MG1655,1954400,1960800,1957600,6400,100,2443,rep1,False,0,0,F:\Micro-C\micro-c数据\GSE272159_37C_rep1.mapq_30.10.cool,True,MG1655:15,train
WIN_98236bcf44ec256f,MG1655,1955200,1961600,1958400,6400,100,2444,rep1,False,0,0,F:\Micro-C\micro-c数据\GSE272159_37C_rep1.mapq_30.10.cool,True,MG1655:15,train
WIN_04b27db254361976,MG1655,1956000,1962400,1959200,6400,100,2445,rep1,False,0,0,F:\Micro-C\micro-c数据\GSE272159_37C_rep1.mapq_30.10.cool,True,MG1655:15,train
WIN_11073b8d9b34ab13,MG1655,1956800,1963200,1960000,6400,100,2446,rep1,False,0,0,F:\Micro-C\micro-c数据\GSE272159_37C_rep1.mapq_30.10.cool,True,MG1655:15,train
WIN_c5a24daab124d1b5,MG1655,1957600,1964000,1960800,6400,100,2447,rep1,False,0,0,F:\Micro-C\micro-c数据\GSE272159_37C_rep1.mapq_30.10.cool,True,MG1655:15,train
WIN_ae24bf387a858f68,MG1655,1958400,1964800,1961600,6400,100,2448,rep1,False,0,0,F:\Micro-C\micro-c数据\GSE272159_37C_rep1.mapq_30.10.cool,True,MG1655:15,train
WIN_618fb7ad944c81d4,MG1655,1959200,1965600,1962400,6400,100,2449,rep1,False,0,0,F:\Micro-C\micro-c数据\GSE272159_37C_rep1.mapq_30.10.cool,True,MG1655:15,train
WIN_4297c12bbd41fa3a,MG1655,1960000,1966400,1963200,6400,100,2450,rep1,False,0,0,F:\Micro-C\micro-c数据\GSE272159_37C_rep1.mapq_30.10.cool,True,MG1655:15,train
WIN_8ec7c0cbfe41c198,MG1655,1960800,1967200,1964000,6400,100,2451,rep1,False,0,0,F:\Micro-C\micro-c数据\GSE272159_37C_rep1.mapq_30.10.cool,True,MG1655:15,train
WIN_63ebfde294ef6fe2,MG1655,1961600,1968000,1964800,6400,100,2452,rep1,False,0,0,F:\Micro-C\micro-c数据\GSE272159_37C_rep1.mapq_30.10.cool,True,MG1655:15,train
WIN_1379df5fbeedfe5d,MG1655,1962400,1968800,1965600,6400,100,2453,rep1,False,0,0,F:\Micro-C\micro-c数据\GSE272159_37C_rep1.mapq_30.10.cool,True,MG1655:15,train
WIN_610e889ee3e0a5fb,MG1655,1963200,1969600,1966400,6400,100,2454,rep1,False,0,0,F:\Micro-C\micro-c数据\GSE272159_37C_rep1.mapq_30.10.cool,True,MG1655:15,train
WIN_076cc3a20ff4b28b,MG1655,1964000,1970400,1967200,6400,100,2455,rep1,False,0,0,F:\Micro-C\micro-c数据\GSE272159_37C_rep1.mapq_30.10.cool,True,MG1655:15,train
WIN_f71864eaae908be4,MG1655,1964800,1971200,1968000,6400,100,2456,rep1,False,0,0,F:\Micro-C\micro-c数据\GSE272159_37C_rep1.mapq_30.10.cool,True,MG1655:15,train
WIN_5121ad441a87d362,MG1655,1965600,1972000,1968800,6400,100,2457,rep1,False,0,0,F:\Micro-C\micro-c数据\GSE272159_37C_rep1.mapq_30.10.cool,True,MG1655:15,train
WIN_c2804c368dd8d64a,MG1655,1966400,1972800,1969600,6400,100,2458,rep1,False,0,0,F:\Micro-C\micro-c数据\GSE272159_37C_rep1.mapq_30.10.cool,True,MG1655:15,train
WIN_885c37e92be6cb95,MG1655,1967200,1973600,1970400,6400,100,2459,rep1,False,0,0,F:\Micro-C\micro-c数据\GSE272159_37C_rep1.mapq_30.10.cool,True,MG1655:15,train
WIN_3e58f2751f46bd67,MG1655,1968000,1974400,1971200,6400,100,2460,rep1,False,0,0,F:\Micro-C\micro-c数据\GSE272159_37C_rep1.mapq_30.10.cool,True,MG1655:15,train
WIN_3237bd78a8211203,MG1655,1968800,1975200,1972000,6400,100,2461,rep1,False,0,0,F:\Micro-C\micro-c数据\GSE272159_37C_rep1.mapq_30.10.cool,True,MG1655:15,train
WIN_e6eeb91bafc232fb,MG1655,1969600,1976000,1972800,6400,100,2462,rep1,False,0,0,F:\Micro-C\micro-c数据\GSE272159_37C_rep1.mapq_30.10.cool,True,MG1655:15,train
WIN_23bf6fa177288f08,MG1655,1970400,1976800,1973600,6400,100,2463,rep1,False,0,0,F:\Micro-C\micro-c数据\GSE272159_37C_rep1.mapq_30.10.cool,True,MG1655:15,train
WIN_f1244bf404ff6cb2,MG1655,1971200,1977600,1974400,6400,100,2464,rep1,False,0,0,F:\Micro-C\micro-c数据\GSE272159_37C_rep1.mapq_30.10.cool,True,MG1655:15,train
WIN_1ba75261d9ee271d,MG1655,1972000,1978400,1975200,6400,100,2465,rep1,False,0,0,F:\Micro-C\micro-c数据\GSE272159_37C_rep1.mapq_30.10.cool,True,MG1655:15,train
WIN_7ce6bc5d62d7aaeb,MG1655,1972800,1979200,1976000,6400,100,2466,rep1,True,6,6,F:\Micro-C\micro-c数据\GSE272159_37C_rep1.mapq_30.10.cool,True,MG1655:15,train
WIN_bcf382117d68c6e3,MG1655,1973600,1980000,1976800,6400,100,2467,rep1,True,6,6,F:\Micro-C\micro-c数据\GSE272159_37C_rep1.mapq_30.10.cool,True,MG1655:15,train
WIN_e15c472d33742f59,MG1655,1974400,1980800,1977600,6400,100,2468,rep1,True,6,6,F:\Micro-C\micro-c数据\GSE272159_37C_rep1.mapq_30.10.cool,True,MG1655:15,train
WIN_7aa5b4e181ded530,MG1655,1975200,1981600,1978400,6400,100,2469,rep1,True,6,6,F:\Micro-C\micro-c数据\GSE272159_37C_rep1.mapq_30.10.cool,True,MG1655:15,train
WIN_16a2579e1440e9d1,MG1655,1976000,1982400,1979200,6400,100,2470,rep1,True,6,6,F:\Micro-C\micro-c数据\GSE272159_37C_rep1.mapq_30.10.cool,True,MG1655:15,train
WIN_28834c7cb2286699,MG1655,1976800,1983200,1980000,6400,100,2471,rep1,True,6,6,F:\Micro-C\micro-c数据\GSE272159_37C_rep1.mapq_30.10.cool,True,MG1655:15,train
WIN_69152d1336b21305,MG1655,1977600,1984000,1980800,6400,100,2472,rep1,True,6,6,F:\Micro-C\micro-c数据\GSE272159_37C_rep1.mapq_30.10.cool,True,MG1655:15,train
WIN_e96df3f946b7ccae,MG1655,1978400,1984800,1981600,6400,100,2473,rep1,True,6,6,F:\Micro-C\micro-c数据\GSE272159_37C_rep1.mapq_30.10.cool,True,MG1655:15,train
WIN_2e60a3ad6781ed7e,MG1655,1979200,1985600,1982400,6400,100,2474,rep1,False,0,0,F:\Micro-C\micro-c数据\GSE272159_37C_rep1.mapq_30.10.cool,True,MG1655:15,train
WIN_832e019277e35bbd,MG1655,1980000,1986400,1983200,6400,100,2475,rep1,False,0,0,F:\Micro-C\micro-c数据\GSE272159_37C_rep1.mapq_30.10.cool,True,MG1655:15,train
WIN_ca7281d0b322c3ba,MG1655,1980800,1987200,1984000,6400,100,2476,rep1,False,0,0,F:\Micro-C\micro-c数据\GSE272159_37C_rep1.mapq_30.10.cool,True,MG1655:15,train
WIN_7e8e3b25ba5d1cde,MG1655,1981600,1988000,1984800,6400,100,2477,rep1,False,0,0,F:\Micro-C\micro-c数据\GSE272159_37C_rep1.mapq_30.10.cool,True,MG1655:15,train
WIN_648c6a0ce2ebd4ed,MG1655,1982400,1988800,1985600,6400,100,2478,rep1,False,0,0,F:\Micro-C\micro-c数据\GSE272159_37C_rep1.mapq_30.10.cool,True,MG1655:15,train
WIN_d7a3b1d1912ad675,MG1655,1983200,1989600,1986400,6400,100,2479,rep1,False,0,0,F:\Micro-C\micro-c数据\GSE272159_37C_rep1.mapq_30.10.cool,True,MG1655:15,train
WIN_0d4c51caa0c671f6,MG1655,1984000,1990400,1987200,6400,100,2480,rep1,False,0,0,F:\Micro-C\micro-c数据\GSE272159_37C_rep1.mapq_30.10.cool,True,MG1655:15,train
WIN_f4c7851810ac6d93,MG1655,1984800,1991200,1988000,6400,100,2481,rep1,False,0,0,F:\Micro-C\micro-c数据\GSE272159_37C_rep1.mapq_30.10.cool,True,MG1655:15,train
WIN_018fbfba4e70e50b,MG1655,1985600,1992000,1988800,6400,100,2482,rep1,False,0,0,F:\Micro-C\micro-c数据\GSE272159_37C_rep1.mapq_30.10.cool,True,MG1655:15,train
WIN_c69f6b07eb764f13,MG1655,1986400,1992800,1989600,6400,100,2483,rep1,False,0,0,F:\Micro-C\micro-c数据\GSE272159_37C_rep1.mapq_30.10.cool,True,MG1655:15,train
WIN_d53384ed14acefdb,MG1655,1987200,1993600,1990400,6400,100,2484,rep1,False,0,0,F:\Micro-C\micro-c数据\GSE272159_37C_rep1.mapq_30.10.cool,True,MG1655:15,train
WIN_457511acf41393cf,MG1655,1988000,1994400,1991200,6400,100,2485,rep1,False,0,0,F:\Micro-C\micro-c数据\GSE272159_37C_rep1.mapq_30.10.cool,True,MG1655:15,train
WIN_8133e6f2255e2680,MG1655,1988800,1995200,1992000,6400,100,2486,rep1,False,0,0,F:\Micro-C\micro-c数据\GSE272159_37C_rep1.mapq_30.10.cool,True,MG1655:15,train
WIN_50652851a7dd6a7d,MG1655,1989600,1996000,1992800,6400,100,2487,rep1,False,0,0,F:\Micro-C\micro-c数据\GSE272159_37C_rep1.mapq_30.10.cool,True,MG1655:15,train
WIN_91d8760064a850f2,MG1655,1990400,1996800,1993600,6400,100,2488,rep1,False,0,0,F:\Micro-C\micro-c数据\GSE272159_37C_rep1.mapq_30.10.cool,True,MG1655:15,train
WIN_4a23439492cc0d5a,MG1655,1991200,1997600,1994400,6400,100,2489,rep1,False,0,0,F:\Micro-C\micro-c数据\GSE272159_37C_rep1.mapq_30.10.cool,True,MG1655:15,train
WIN_548874c6a5384e3e,MG1655,1992000,1998400,1995200,6400,100,2490,rep1,False,0,0,F:\Micro-C\micro-c数据\GSE272159_37C_rep1.mapq_30.10.cool,True,MG1655:15,train
WIN_492976f0683ffab4,MG1655,1992800,1999200,1996000,6400,100,2491,rep1,False,0,0,F:\Micro-C\micro-c数据\GSE272159_37C_rep1.mapq_30.10.cool,True,MG1655:15,train
WIN_16efdb3fd5185d59,MG1655,1993600,2000000,1996800,6400,100,2492,rep1,False,0,0,F:\Micro-C\micro-c数据\GSE272159_37C_rep1.mapq_30.10.cool,True,MG1655:15,train
WIN_c8f350b34af413db,MG1655,1994400,2000800,1997600,6400,100,2493,rep1,False,0,0,F:\Micro-C\micro-c数据\GSE272159_37C_rep1.mapq_30.10.cool,True,MG1655:15,train
WIN_6cae113ee00db69b,MG1655,1995200,2001600,1998400,6400,100,2494,rep1,False,0,0,F:\Micro-C\micro-c数据\GSE272159_37C_rep1.mapq_30.10.cool,True,MG1655:15,train
WIN_61ceacb718a23062,MG1655,1996000,2002400,1999200,6400,100,2495,rep1,False,0,0,F:\Micro-C\micro-c数据\GSE272159_37C_rep1.mapq_30.10.cool,True,MG1655:15,train
WIN_fffb31ec260ae5ce,MG1655,1996800,2003200,2000000,6400,100,2496,rep1,False,0,0,F:\Micro-C\micro-c数据\GSE272159_37C_rep1.mapq_30.10.cool,True,MG1655:15,train
WIN_e1d25fd4f77db170,MG1655,1997600,2004000,2000800,6400,100,2497,rep1,False,0,0,F:\Micro-C\micro-c数据\GSE272159_37C_rep1.mapq_30.10.cool,True,MG1655:15,train
WIN_d23621202d5540ff,MG1655,1998400,2004800,2001600,6400,100,2498,rep1,False,0,0,F:\Micro-C\micro-c数据\GSE272159_37C_rep1.mapq_30.10.cool,True,MG1655:15,train
WIN_f553fd68f89a1eeb,MG1655,2064000,2070400,2067200,6400,100,2580,rep1,True,16,16,F:\Micro-C\micro-c数据\GSE272159_37C_rep1.mapq_30.10.cool,True,MG1655:16,train
WIN_8e8b1091db4f349c,MG1655,2064800,2071200,2068000,6400,100,2581,rep1,True,16,16,F:\Micro-C\micro-c数据\GSE272159_37C_rep1.mapq_30.10.cool,True,MG1655:16,train
WIN_aada8990edff8398,MG1655,2065600,2072000,2068800,6400,100,2582,rep1,True,16,16,F:\Micro-C\micro-c数据\GSE272159_37C_rep1.mapq_30.10.cool,True,MG1655:16,train
WIN_5d0d5ee5b24826f7,MG1655,2066400,2072800,2069600,6400,100,2583,rep1,True,15,15,F:\Micro-C\micro-c数据\GSE272159_37C_rep1.mapq_30.10.cool,True,MG1655:16,train
WIN_7d9e97d359cf83be,MG1655,2067200,2073600,2070400,6400,100,2584,rep1,True,10,10,F:\Micro-C\micro-c数据\GSE272159_37C_rep1.mapq_30.10.cool,True,MG1655:16,train
WIN_528d42626893825e,MG1655,2068000,2074400,2071200,6400,100,2585,rep1,True,10,10,F:\Micro-C\micro-c数据\GSE272159_37C_rep1.mapq_30.10.cool,True,MG1655:16,train
WIN_6d2bbe10174d12b3,MG1655,2068800,2075200,2072000,6400,100,2586,rep1,True,10,10,F:\Micro-C\micro-c数据\GSE272159_37C_rep1.mapq_30.10.cool,True,MG1655:16,train
WIN_86e5b23a927bbcf0,MG1655,2069600,2076000,2072800,6400,100,2587,rep1,True,5,5,F:\Micro-C\micro-c数据\GSE272159_37C_rep1.mapq_30.10.cool,True,MG1655:16,train
WIN_762c617a7add4888,MG1655,2070400,2076800,2073600,6400,100,2588,rep1,False,0,0,F:\Micro-C\micro-c数据\GSE272159_37C_rep1.mapq_30.10.cool,True,MG1655:16,train
WIN_abd09aa3480b5567,MG1655,2071200,2077600,2074400,6400,100,2589,rep1,False,0,0,F:\Micro-C\micro-c数据\GSE272159_37C_rep1.mapq_30.10.cool,True,MG1655:16,train
WIN_8ddb04ac74ca5a37,MG1655,2072000,2078400,2075200,6400,100,2590,rep1,False,0,0,F:\Micro-C\micro-c数据\GSE272159_37C_rep1.mapq_30.10.cool,True,MG1655:16,train
WIN_495375bd7b87d3c0,MG1655,2072800,2079200,2076000,6400,100,2591,rep1,False,0,0,F:\Micro-C\micro-c数据\GSE272159_37C_rep1.mapq_30.10.cool,True,MG1655:16,train
WIN_5a05dc37e8fc34c1,MG1655,2073600,2080000,2076800,6400,100,2592,rep1,False,0,0,F:\Micro-C\micro-c数据\GSE272159_37C_rep1.mapq_30.10.cool,True,MG1655:16,train
WIN_9598f0739993c582,MG1655,2074400,2080800,2077600,6400,100,2593,rep1,False,0,0,F:\Micro-C\micro-c数据\GSE272159_37C_rep1.mapq_30.10.cool,True,MG1655:16,train
WIN_8c0c4997d5d2c575,MG1655,2075200,2081600,2078400,6400,100,2594,rep1,False,0,0,F:\Micro-C\micro-c数据\GSE272159_37C_rep1.mapq_30.10.cool,True,MG1655:16,train
WIN_ad8477159d9b5fe4,MG1655,2076000,2082400,2079200,6400,100,2595,rep1,False,0,0,F:\Micro-C\micro-c数据\GSE272159_37C_rep1.mapq_30.10.cool,True,MG1655:16,train
WIN_646deab5646c2627,MG1655,2076800,2083200,2080000,6400,100,2596,rep1,False,0,0,F:\Micro-C\micro-c数据\GSE272159_37C_rep1.mapq_30.10.cool,True,MG1655:16,train
WIN_33e0a76a26e63211,MG1655,2077600,2084000,2080800,6400,100,2597,rep1,False,0,0,F:\Micro-C\micro-c数据\GSE272159_37C_rep1.mapq_30.10.cool,True,MG1655:16,train
WIN_67b7611aa4fb8d5b,MG1655,2078400,2084800,2081600,6400,100,2598,rep1,False,0,0,F:\Micro-C\micro-c数据\GSE272159_37C_rep1.mapq_30.10.cool,True,MG1655:16,train
WIN_c9dd120bfd8608f1,MG1655,2079200,2085600,2082400,6400,100,2599,rep1,False,0,0,F:\Micro-C\micro-c数据\GSE272159_37C_rep1.mapq_30.10.cool,True,MG1655:16,train
WIN_bbf9185d55842886,MG1655,2080000,2086400,2083200,6400,100,2600,rep1,False,0,0,F:\Micro-C\micro-c数据\GSE272159_37C_rep1.mapq_30.10.cool,True,MG1655:16,train
WIN_d8988a81ae196a9f,MG1655,2080800,2087200,2084000,6400,100,2601,rep1,False,0,0,F:\Micro-C\micro-c数据\GSE272159_37C_rep1.mapq_30.10.cool,True,MG1655:16,train
WIN_e1f66ccb3f9016ff,MG1655,2081600,2088000,2084800,6400,100,2602,rep1,False,0,0,F:\Micro-C\micro-c数据\GSE272159_37C_rep1.mapq_30.10.cool,True,MG1655:16,train
WIN_3e9eb5607b62c440,MG1655,2082400,2088800,2085600,6400,100,2603,rep1,False,0,0,F:\Micro-C\micro-c数据\GSE272159_37C_rep1.mapq_30.10.cool,True,MG1655:16,train
WIN_d7d1c1f55fda96be,MG1655,2083200,2089600,2086400,6400,100,2604,rep1,False,0,0,F:\Micro-C\micro-c数据\GSE272159_37C_rep1.mapq_30.10.cool,True,MG1655:16,train
WIN_6aa9fdd99044e643,MG1655,2084000,2090400,2087200,6400,100,2605,rep1,False,0,0,F:\Micro-C\micro-c数据\GSE272159_37C_rep1.mapq_30.10.cool,True,MG1655:16,train
WIN_64924efc9395e616,MG1655,2084800,2091200,2088000,6400,100,2606,rep1,False,0,0,F:\Micro-C\micro-c数据\GSE272159_37C_rep1.mapq_30.10.cool,True,MG1655:16,train
WIN_96ccfc0eda981eca,MG1655,2085600,2092000,2088800,6400,100,2607,rep1,False,0,0,F:\Micro-C\micro-c数据\GSE272159_37C_rep1.mapq_30.10.cool,True,MG1655:16,train
WIN_6f21cd65bdcc3990,MG1655,2086400,2092800,2089600,6400,100,2608,rep1,False,0,0,F:\Micro-C\micro-c数据\GSE272159_37C_rep1.mapq_30.10.cool,True,MG1655:16,train
WIN_0d73be2cfe915747,MG1655,2087200,2093600,2090400,6400,100,2609,rep1,False,0,0,F:\Micro-C\micro-c数据\GSE272159_37C_rep1.mapq_30.10.cool,True,MG1655:16,train
WIN_0998d367e8354a1f,MG1655,2088000,2094400,2091200,6400,100,2610,rep1,False,0,0,F:\Micro-C\micro-c数据\GSE272159_37C_rep1.mapq_30.10.cool,True,MG1655:16,train
WIN_dbcbde1f8ae17de6,MG1655,2088800,2095200,2092000,6400,100,2611,rep1,False,0,0,F:\Micro-C\micro-c数据\GSE272159_37C_rep1.mapq_30.10.cool,True,MG1655:16,train
WIN_1a5d20b80af56919,MG1655,2089600,2096000,2092800,6400,100,2612,rep1,False,0,0,F:\Micro-C\micro-c数据\GSE272159_37C_rep1.mapq_30.10.cool,True,MG1655:16,train
WIN_4c034e7afe70f7c2,MG1655,2090400,2096800,2093600,6400,100,2613,rep1,False,0,0,F:\Micro-C\micro-c数据\GSE272159_37C_rep1.mapq_30.10.cool,True,MG1655:16,train
WIN_c998cafc1367d02a,MG1655,2150400,2156800,2153600,6400,100,2688,rep1,False,0,0,F:\Micro-C\micro-c数据\GSE272159_37C_rep1.mapq_30.10.cool,True,MG1655:16,train
WIN_b921de2e3ccf44b7,MG1655,2151200,2157600,2154400,6400,100,2689,rep1,False,0,0,F:\Micro-C\micro-c数据\GSE272159_37C_rep1.mapq_30.10.cool,True,MG1655:16,train
WIN_7235e6d5b5b3b46d,MG1655,2152000,2158400,2155200,6400,100,2690,rep1,False,0,0,F:\Micro-C\micro-c数据\GSE272159_37C_rep1.mapq_30.10.cool,True,MG1655:16,train
WIN_7e93f3ce472199cb,MG1655,2152800,2159200,2156000,6400,100,2691,rep1,False,0,0,F:\Micro-C\micro-c数据\GSE272159_37C_rep1.mapq_30.10.cool,True,MG1655:16,train
WIN_5616948d4a70a2d8,MG1655,2153600,2160000,2156800,6400,100,2692,rep1,False,0,0,F:\Micro-C\micro-c数据\GSE272159_37C_rep1.mapq_30.10.cool,True,MG1655:16,train
WIN_ef3322cc1d83146d,MG1655,2154400,2160800,2157600,6400,100,2693,rep1,False,0,0,F:\Micro-C\micro-c数据\GSE272159_37C_rep1.mapq_30.10.cool,True,MG1655:16,train
WIN_5d21f45143ffc073,MG1655,2155200,2161600,2158400,6400,100,2694,rep1,False,0,0,F:\Micro-C\micro-c数据\GSE272159_37C_rep1.mapq_30.10.cool,True,MG1655:16,train
WIN_44d78af8cb02ee53,MG1655,2156000,2162400,2159200,6400,100,2695,rep1,False,0,0,F:\Micro-C\micro-c数据\GSE272159_37C_rep1.mapq_30.10.cool,True,MG1655:16,train
WIN_c409abb80dbb4950,MG1655,2198400,2204800,2201600,6400,100,2748,rep1,False,0,0,F:\Micro-C\micro-c数据\GSE272159_37C_rep1.mapq_30.10.cool,True,MG1655:17,train
WIN_70cbf922a28a2376,MG1655,2199200,2205600,2202400,6400,100,2749,rep1,False,0,0,F:\Micro-C\micro-c数据\GSE272159_37C_rep1.mapq_30.10.cool,True,MG1655:17,train
WIN_bbe43200cfceb5d4,MG1655,2200000,2206400,2203200,6400,100,2750,rep1,False,0,0,F:\Micro-C\micro-c数据\GSE272159_37C_rep1.mapq_30.10.cool,True,MG1655:17,train
WIN_3001b00a04e4561f,MG1655,2220000,2226400,2223200,6400,100,2775,rep1,False,0,0,F:\Micro-C\micro-c数据\GSE272159_37C_rep1.mapq_30.10.cool,True,MG1655:17,train
WIN_aad9a3e09e7dc694,MG1655,2220800,2227200,2224000,6400,100,2776,rep1,False,0,0,F:\Micro-C\micro-c数据\GSE272159_37C_rep1.mapq_30.10.cool,True,MG1655:17,train
WIN_2e075b9e180b0800,MG1655,2268000,2274400,2271200,6400,100,2835,rep1,False,0,0,F:\Micro-C\micro-c数据\GSE272159_37C_rep1.mapq_30.10.cool,True,MG1655:17,train
WIN_88ff0d1077b0c62d,MG1655,2268800,2275200,2272000,6400,100,2836,rep1,False,0,0,F:\Micro-C\micro-c数据\GSE272159_37C_rep1.mapq_30.10.cool,True,MG1655:17,train
WIN_f01a4de8a8179dd3,MG1655,2269600,2276000,2272800,6400,100,2837,rep1,False,0,0,F:\Micro-C\micro-c数据\GSE272159_37C_rep1.mapq_30.10.cool,True,MG1655:17,train
WIN_8f3c3a4b11243428,MG1655,2270400,2276800,2273600,6400,100,2838,rep1,False,0,0,F:\Micro-C\micro-c数据\GSE272159_37C_rep1.mapq_30.10.cool,True,MG1655:17,train
WIN_32d5426a2e8d829b,MG1655,2271200,2277600,2274400,6400,100,2839,rep1,False,0,0,F:\Micro-C\micro-c数据\GSE272159_37C_rep1.mapq_30.10.cool,True,MG1655:17,train
WIN_84f6307e3c29c845,MG1655,2272000,2278400,2275200,6400,100,2840,rep1,False,0,0,F:\Micro-C\micro-c数据\GSE272159_37C_rep1.mapq_30.10.cool,True,MG1655:17,train
WIN_a7bd0caf4fdaf454,MG1655,2272800,2279200,2276000,6400,100,2841,rep1,False,0,0,F:\Micro-C\micro-c数据\GSE272159_37C_rep1.mapq_30.10.cool,True,MG1655:17,train
WIN_14a69f94f545d7fa,MG1655,2273600,2280000,2276800,6400,100,2842,rep1,False,0,0,F:\Micro-C\micro-c数据\GSE272159_37C_rep1.mapq_30.10.cool,True,MG1655:17,train
WIN_a7a8913cf27e6d4e,MG1655,2274400,2280800,2277600,6400,100,2843,rep1,False,0,0,F:\Micro-C\micro-c数据\GSE272159_37C_rep1.mapq_30.10.cool,True,MG1655:17,train
WIN_ace40d054f675679,MG1655,2275200,2281600,2278400,6400,100,2844,rep1,False,0,0,F:\Micro-C\micro-c数据\GSE272159_37C_rep1.mapq_30.10.cool,True,MG1655:17,train
WIN_0133c7ad0488d3c3,MG1655,2276000,2282400,2279200,6400,100,2845,rep1,False,0,0,F:\Micro-C\micro-c数据\GSE272159_37C_rep1.mapq_30.10.cool,True,MG1655:17,train
WIN_9e9b66da71baf630,MG1655,2276800,2283200,2280000,6400,100,2846,rep1,False,0,0,F:\Micro-C\micro-c数据\GSE272159_37C_rep1.mapq_30.10.cool,True,MG1655:17,train
WIN_1d93375e7dbc504d,MG1655,2277600,2284000,2280800,6400,100,2847,rep1,False,0,0,F:\Micro-C\micro-c数据\GSE272159_37C_rep1.mapq_30.10.cool,True,MG1655:17,train
WIN_fa5067a953c55e9c,MG1655,2278400,2284800,2281600,6400,100,2848,rep1,False,0,0,F:\Micro-C\micro-c数据\GSE272159_37C_rep1.mapq_30.10.cool,True,MG1655:17,train
WIN_aecacfa8f0b0bfde,MG1655,2279200,2285600,2282400,6400,100,2849,rep1,False,0,0,F:\Micro-C\micro-c数据\GSE272159_37C_rep1.mapq_30.10.cool,True,MG1655:17,train
WIN_165bf8630aee70ee,MG1655,2280000,2286400,2283200,6400,100,2850,rep1,False,0,0,F:\Micro-C\micro-c数据\GSE272159_37C_rep1.mapq_30.10.cool,True,MG1655:17,train
WIN_ea45bd515bb63274,MG1655,2280800,2287200,2284000,6400,100,2851,rep1,False,0,0,F:\Micro-C\micro-c数据\GSE272159_37C_rep1.mapq_30.10.cool,True,MG1655:17,train
WIN_3f5e01219fddb787,MG1655,2281600,2288000,2284800,6400,100,2852,rep1,False,0,0,F:\Micro-C\micro-c数据\GSE272159_37C_rep1.mapq_30.10.cool,True,MG1655:17,train
WIN_25f6b609c0c9bd88,MG1655,2282400,2288800,2285600,6400,100,2853,rep1,False,0,0,F:\Micro-C\micro-c数据\GSE272159_37C_rep1.mapq_30.10.cool,True,MG1655:17,train
WIN_df144de99d6320c2,MG1655,2283200,2289600,2286400,6400,100,2854,rep1,True,5,5,F:\Micro-C\micro-c数据\GSE272159_37C_rep1.mapq_30.10.cool,True,MG1655:17,train
WIN_a032ea2087f4af6c,MG1655,2284000,2290400,2287200,6400,100,2855,rep1,True,9,9,F:\Micro-C\micro-c数据\GSE272159_37C_rep1.mapq_30.10.cool,True,MG1655:17,train
WIN_75ba6e025e2f85ac,MG1655,2284800,2291200,2288000,6400,100,2856,rep1,True,9,9,F:\Micro-C\micro-c数据\GSE272159_37C_rep1.mapq_30.10.cool,True,MG1655:17,train
WIN_b338659c92e96c6f,MG1655,2285600,2292000,2288800,6400,100,2857,rep1,True,9,9,F:\Micro-C\micro-c数据\GSE272159_37C_rep1.mapq_30.10.cool,True,MG1655:17,train
WIN_d61ad9868fc2afcd,MG1655,2286400,2292800,2289600,6400,100,2858,rep1,True,9,9,F:\Micro-C\micro-c数据\GSE272159_37C_rep1.mapq_30.10.cool,True,MG1655:17,train
WIN_1c21ddd9fd52eb43,MG1655,2287200,2293600,2290400,6400,100,2859,rep1,True,9,9,F:\Micro-C\micro-c数据\GSE272159_37C_rep1.mapq_30.10.cool,True,MG1655:17,train
WIN_3f86c86b2d0c9d0a,MG1655,2288000,2294400,2291200,6400,100,2860,rep1,True,9,9,F:\Micro-C\micro-c数据\GSE272159_37C_rep1.mapq_30.10.cool,True,MG1655:17,train
WIN_62c691074baf0a12,MG1655,2288800,2295200,2292000,6400,100,2861,rep1,True,9,9,F:\Micro-C\micro-c数据\GSE272159_37C_rep1.mapq_30.10.cool,True,MG1655:17,train
WIN_15d7086ce0ef90eb,MG1655,2289600,2296000,2292800,6400,100,2862,rep1,True,4,4,F:\Micro-C\micro-c数据\GSE272159_37C_rep1.mapq_30.10.cool,True,MG1655:17,train
WIN_aba27fec829671a2,MG1655,2290400,2296800,2293600,6400,100,2863,rep1,False,0,0,F:\Micro-C\micro-c数据\GSE272159_37C_rep1.mapq_30.10.cool,True,MG1655:17,train
WIN_1fd187370ef3bd25,MG1655,2291200,2297600,2294400,6400,100,2864,rep1,False,0,0,F:\Micro-C\micro-c数据\GSE272159_37C_rep1.mapq_30.10.cool,True,MG1655:17,train
WIN_229c46040cf2a049,MG1655,2292000,2298400,2295200,6400,100,2865,rep1,False,0,0,F:\Micro-C\micro-c数据\GSE272159_37C_rep1.mapq_30.10.cool,True,MG1655:17,train
WIN_6c5c0e8e3c1cf357,MG1655,2292800,2299200,2296000,6400,100,2866,rep1,False,0,0,F:\Micro-C\micro-c数据\GSE272159_37C_rep1.mapq_30.10.cool,True,MG1655:17,train
WIN_f9ad9d8ed9339827,MG1655,2293600,2300000,2296800,6400,100,2867,rep1,False,0,0,F:\Micro-C\micro-c数据\GSE272159_37C_rep1.mapq_30.10.cool,True,MG1655:17,train
WIN_eae9526ae27e1d3f,MG1655,2294400,2300800,2297600,6400,100,2868,rep1,False,0,0,F:\Micro-C\micro-c数据\GSE272159_37C_rep1.mapq_30.10.cool,True,MG1655:17,train
WIN_331bc60cc2c8689d,MG1655,2295200,2301600,2298400,6400,100,2869,rep1,False,0,0,F:\Micro-C\micro-c数据\GSE272159_37C_rep1.mapq_30.10.cool,True,MG1655:17,train
WIN_2c928133d28e7829,MG1655,2296000,2302400,2299200,6400,100,2870,rep1,False,0,0,F:\Micro-C\micro-c数据\GSE272159_37C_rep1.mapq_30.10.cool,True,MG1655:17,train
WIN_5df8b25803143e73,MG1655,2296800,2303200,2300000,6400,100,2871,rep1,False,0,0,F:\Micro-C\micro-c数据\GSE272159_37C_rep1.mapq_30.10.cool,True,MG1655:17,train
WIN_9365f94c75919dbf,MG1655,2297600,2304000,2300800,6400,100,2872,rep1,False,0,0,F:\Micro-C\micro-c数据\GSE272159_37C_rep1.mapq_30.10.cool,True,MG1655:17,train
WIN_ab03d0640fa9aed5,MG1655,2304000,2310400,2307200,6400,100,2880,rep1,False,0,0,F:\Micro-C\micro-c数据\GSE272159_37C_rep1.mapq_30.10.cool,True,MG1655:18,train
WIN_7b5b7022f8f609bb,MG1655,2304800,2311200,2308000,6400,100,2881,rep1,False,0,0,F:\Micro-C\micro-c数据\GSE272159_37C_rep1.mapq_30.10.cool,True,MG1655:18,train
WIN_bc9f1d25759a121c,MG1655,2305600,2312000,2308800,6400,100,2882,rep1,False,0,0,F:\Micro-C\micro-c数据\GSE272159_37C_rep1.mapq_30.10.cool,True,MG1655:18,train
WIN_78f1bb069368b780,MG1655,2306400,2312800,2309600,6400,100,2883,rep1,False,0,0,F:\Micro-C\micro-c数据\GSE272159_37C_rep1.mapq_30.10.cool,True,MG1655:18,train
WIN_a05f4549cbaf4a16,MG1655,2307200,2313600,2310400,6400,100,2884,rep1,False,0,0,F:\Micro-C\micro-c数据\GSE272159_37C_rep1.mapq_30.10.cool,True,MG1655:18,train
WIN_fd31620abff4aab3,MG1655,2308000,2314400,2311200,6400,100,2885,rep1,False,0,0,F:\Micro-C\micro-c数据\GSE272159_37C_rep1.mapq_30.10.cool,True,MG1655:18,train
WIN_4df7b896084028dc,MG1655,2308800,2315200,2312000,6400,100,2886,rep1,False,0,0,F:\Micro-C\micro-c数据\GSE272159_37C_rep1.mapq_30.10.cool,True,MG1655:18,train
WIN_1b0126b5c5331845,MG1655,2309600,2316000,2312800,6400,100,2887,rep1,False,0,0,F:\Micro-C\micro-c数据\GSE272159_37C_rep1.mapq_30.10.cool,True,MG1655:18,train
WIN_f00630f40d55733a,MG1655,2310400,2316800,2313600,6400,100,2888,rep1,False,0,0,F:\Micro-C\micro-c数据\GSE272159_37C_rep1.mapq_30.10.cool,True,MG1655:18,train
WIN_d9fcfe90b2e1754c,MG1655,2311200,2317600,2314400,6400,100,2889,rep1,False,0,0,F:\Micro-C\micro-c数据\GSE272159_37C_rep1.mapq_30.10.cool,True,MG1655:18,train
WIN_c71508c77446d37e,MG1655,2312000,2318400,2315200,6400,100,2890,rep1,False,0,0,F:\Micro-C\micro-c数据\GSE272159_37C_rep1.mapq_30.10.cool,True,MG1655:18,train
WIN_f2dcbc6ce0271b36,MG1655,2312800,2319200,2316000,6400,100,2891,rep1,False,0,0,F:\Micro-C\micro-c数据\GSE272159_37C_rep1.mapq_30.10.cool,True,MG1655:18,train
WIN_58a779fb5de2cd8c,MG1655,2313600,2320000,2316800,6400,100,2892,rep1,False,0,0,F:\Micro-C\micro-c数据\GSE272159_37C_rep1.mapq_30.10.cool,True,MG1655:18,train
WIN_00c17a1dfc01c07d,MG1655,2314400,2320800,2317600,6400,100,2893,rep1,False,0,0,F:\Micro-C\micro-c数据\GSE272159_37C_rep1.mapq_30.10.cool,True,MG1655:18,train
WIN_3df53af60a35366e,MG1655,2315200,2321600,2318400,6400,100,2894,rep1,False,0,0,F:\Micro-C\micro-c数据\GSE272159_37C_rep1.mapq_30.10.cool,True,MG1655:18,train
WIN_c9edd8d658a9f663,MG1655,2316000,2322400,2319200,6400,100,2895,rep1,False,0,0,F:\Micro-C\micro-c数据\GSE272159_37C_rep1.mapq_30.10.cool,True,MG1655:18,train
WIN_3202d448619496f0,MG1655,2316800,2323200,2320000,6400,100,2896,rep1,False,0,0,F:\Micro-C\micro-c数据\GSE272159_37C_rep1.mapq_30.10.cool,True,MG1655:18,train
WIN_b21952e9a3bd2659,MG1655,2317600,2324000,2320800,6400,100,2897,rep1,False,0,0,F:\Micro-C\micro-c数据\GSE272159_37C_rep1.mapq_30.10.cool,True,MG1655:18,train
WIN_357534a5cff474aa,MG1655,2318400,2324800,2321600,6400,100,2898,rep1,False,0,0,F:\Micro-C\micro-c数据\GSE272159_37C_rep1.mapq_30.10.cool,True,MG1655:18,train
WIN_ee0987ac1000d426,MG1655,2319200,2325600,2322400,6400,100,2899,rep1,False,0,0,F:\Micro-C\micro-c数据\GSE272159_37C_rep1.mapq_30.10.cool,True,MG1655:18,train
WIN_3c3a42afb71f9cdc,MG1655,2320000,2326400,2323200,6400,100,2900,rep1,False,0,0,F:\Micro-C\micro-c数据\GSE272159_37C_rep1.mapq_30.10.cool,True,MG1655:18,train
WIN_f426eda0a64deb4f,MG1655,2320800,2327200,2324000,6400,100,2901,rep1,False,0,0,F:\Micro-C\micro-c数据\GSE272159_37C_rep1.mapq_30.10.cool,True,MG1655:18,train
WIN_e364f9f85098ed97,MG1655,2321600,2328000,2324800,6400,100,2902,rep1,False,0,0,F:\Micro-C\micro-c数据\GSE272159_37C_rep1.mapq_30.10.cool,True,MG1655:18,train
WIN_e217bef1fb4dbfd6,MG1655,2322400,2328800,2325600,6400,100,2903,rep1,False,0,0,F:\Micro-C\micro-c数据\GSE272159_37C_rep1.mapq_30.10.cool,True,MG1655:18,train
WIN_70f2aa4fde8c5b8d,MG1655,2323200,2329600,2326400,6400,100,2904,rep1,False,0,0,F:\Micro-C\micro-c数据\GSE272159_37C_rep1.mapq_30.10.cool,True,MG1655:18,train
WIN_7b8822ef0c6d6101,MG1655,2324000,2330400,2327200,6400,100,2905,rep1,False,0,0,F:\Micro-C\micro-c数据\GSE272159_37C_rep1.mapq_30.10.cool,True,MG1655:18,train
WIN_c44367facede8af8,MG1655,2324800,2331200,2328000,6400,100,2906,rep1,False,0,0,F:\Micro-C\micro-c数据\GSE272159_37C_rep1.mapq_30.10.cool,True,MG1655:18,train
WIN_142fd1fb48059508,MG1655,2325600,2332000,2328800,6400,100,2907,rep1,False,0,0,F:\Micro-C\micro-c数据\GSE272159_37C_rep1.mapq_30.10.cool,True,MG1655:18,train
WIN_d118a8bd873016ab,MG1655,2326400,2332800,2329600,6400,100,2908,rep1,False,0,0,F:\Micro-C\micro-c数据\GSE272159_37C_rep1.mapq_30.10.cool,True,MG1655:18,train
WIN_4e562d95d5a5c73c,MG1655,2327200,2333600,2330400,6400,100,2909,rep1,False,0,0,F:\Micro-C\micro-c数据\GSE272159_37C_rep1.mapq_30.10.cool,True,MG1655:18,train
WIN_9847d00ad92057a2,MG1655,2328000,2334400,2331200,6400,100,2910,rep1,False,0,0,F:\Micro-C\micro-c数据\GSE272159_37C_rep1.mapq_30.10.cool,True,MG1655:18,train
WIN_299639eec8504826,MG1655,2328800,2335200,2332000,6400,100,2911,rep1,False,0,0,F:\Micro-C\micro-c数据\GSE272159_37C_rep1.mapq_30.10.cool,True,MG1655:18,train
WIN_b6e01c65093ab849,MG1655,2329600,2336000,2332800,6400,100,2912,rep1,False,0,0,F:\Micro-C\micro-c数据\GSE272159_37C_rep1.mapq_30.10.cool,True,MG1655:18,train
WIN_3d19fa5397e2029c,MG1655,2330400,2336800,2333600,6400,100,2913,rep1,False,0,0,F:\Micro-C\micro-c数据\GSE272159_37C_rep1.mapq_30.10.cool,True,MG1655:18,train
WIN_924127f94ba4f924,MG1655,2331200,2337600,2334400,6400,100,2914,rep1,False,0,0,F:\Micro-C\micro-c数据\GSE272159_37C_rep1.mapq_30.10.cool,True,MG1655:18,train
WIN_8370d57078707cd4,MG1655,2351200,2357600,2354400,6400,100,2939,rep1,False,0,0,F:\Micro-C\micro-c数据\GSE272159_37C_rep1.mapq_30.10.cool,True,MG1655:18,train
WIN_b053dc144df658c0,MG1655,2352000,2358400,2355200,6400,100,2940,rep1,False,0,0,F:\Micro-C\micro-c数据\GSE272159_37C_rep1.mapq_30.10.cool,True,MG1655:18,train
WIN_b84ce8291337f5b0,MG1655,2352800,2359200,2356000,6400,100,2941,rep1,False,0,0,F:\Micro-C\micro-c数据\GSE272159_37C_rep1.mapq_30.10.cool,True,MG1655:18,train
WIN_02bb2101072b63bf,MG1655,2353600,2360000,2356800,6400,100,2942,rep1,False,0,0,F:\Micro-C\micro-c数据\GSE272159_37C_rep1.mapq_30.10.cool,True,MG1655:18,train
WIN_5f509383b669dff7,MG1655,2354400,2360800,2357600,6400,100,2943,rep1,False,0,0,F:\Micro-C\micro-c数据\GSE272159_37C_rep1.mapq_30.10.cool,True,MG1655:18,train
WIN_8dc611b3f39f01ec,MG1655,2355200,2361600,2358400,6400,100,2944,rep1,False,0,0,F:\Micro-C\micro-c数据\GSE272159_37C_rep1.mapq_30.10.cool,True,MG1655:18,train
WIN_371c73df5def658e,MG1655,2356000,2362400,2359200,6400,100,2945,rep1,False,0,0,F:\Micro-C\micro-c数据\GSE272159_37C_rep1.mapq_30.10.cool,True,MG1655:18,train
WIN_d75e62fe468ca720,MG1655,2356800,2363200,2360000,6400,100,2946,rep1,False,0,0,F:\Micro-C\micro-c数据\GSE272159_37C_rep1.mapq_30.10.cool,True,MG1655:18,train
WIN_5e72b41a820169eb,MG1655,2357600,2364000,2360800,6400,100,2947,rep1,False,0,0,F:\Micro-C\micro-c数据\GSE272159_37C_rep1.mapq_30.10.cool,True,MG1655:18,train
WIN_215781493ab61820,MG1655,2358400,2364800,2361600,6400,100,2948,rep1,False,0,0,F:\Micro-C\micro-c数据\GSE272159_37C_rep1.mapq_30.10.cool,True,MG1655:18,train
WIN_be4515bda21a2303,MG1655,2359200,2365600,2362400,6400,100,2949,rep1,False,0,0,F:\Micro-C\micro-c数据\GSE272159_37C_rep1.mapq_30.10.cool,True,MG1655:18,train
WIN_270c85d7a104768e,MG1655,2360000,2366400,2363200,6400,100,2950,rep1,False,0,0,F:\Micro-C\micro-c数据\GSE272159_37C_rep1.mapq_30.10.cool,True,MG1655:18,train
WIN_1b5ec550413e0a8c,MG1655,2360800,2367200,2364000,6400,100,2951,rep1,False,0,0,F:\Micro-C\micro-c数据\GSE272159_37C_rep1.mapq_30.10.cool,True,MG1655:18,train
WIN_fc6618743a480d73,MG1655,2361600,2368000,2364800,6400,100,2952,rep1,False,0,0,F:\Micro-C\micro-c数据\GSE272159_37C_rep1.mapq_30.10.cool,True,MG1655:18,train
WIN_e00bcb1d888073d4,MG1655,2362400,2368800,2365600,6400,100,2953,rep1,False,0,0,F:\Micro-C\micro-c数据\GSE272159_37C_rep1.mapq_30.10.cool,True,MG1655:18,train
WIN_0d855fc9d23bcf77,MG1655,2363200,2369600,2366400,6400,100,2954,rep1,False,0,0,F:\Micro-C\micro-c数据\GSE272159_37C_rep1.mapq_30.10.cool,True,MG1655:18,train
WIN_f9b390924bf3a1b4,MG1655,2364000,2370400,2367200,6400,100,2955,rep1,False,0,0,F:\Micro-C\micro-c数据\GSE272159_37C_rep1.mapq_30.10.cool,True,MG1655:18,train
WIN_46c8fa2f370cdb11,MG1655,2364800,2371200,2368000,6400,100,2956,rep1,False,0,0,F:\Micro-C\micro-c数据\GSE272159_37C_rep1.mapq_30.10.cool,True,MG1655:18,train
WIN_4d70255dd563ebec,MG1655,2365600,2372000,2368800,6400,100,2957,rep1,False,0,0,F:\Micro-C\micro-c数据\GSE272159_37C_rep1.mapq_30.10.cool,True,MG1655:18,train
WIN_eaee9200cbd7bdaf,MG1655,2366400,2372800,2369600,6400,100,2958,rep1,False,0,0,F:\Micro-C\micro-c数据\GSE272159_37C_rep1.mapq_30.10.cool,True,MG1655:18,train
WIN_9c2278645fc8f2aa,MG1655,2367200,2373600,2370400,6400,100,2959,rep1,False,0,0,F:\Micro-C\micro-c数据\GSE272159_37C_rep1.mapq_30.10.cool,True,MG1655:18,train
WIN_a608c2af40ab2898,MG1655,2368000,2374400,2371200,6400,100,2960,rep1,False,0,0,F:\Micro-C\micro-c数据\GSE272159_37C_rep1.mapq_30.10.cool,True,MG1655:18,train
WIN_73884b2b55242449,MG1655,2368800,2375200,2372000,6400,100,2961,rep1,False,0,0,F:\Micro-C\micro-c数据\GSE272159_37C_rep1.mapq_30.10.cool,True,MG1655:18,train
WIN_fc4a9bbd6868f7a7,MG1655,2369600,2376000,2372800,6400,100,2962,rep1,False,0,0,F:\Micro-C\micro-c数据\GSE272159_37C_rep1.mapq_30.10.cool,True,MG1655:18,train
WIN_7db76f67502a9e8c,MG1655,2370400,2376800,2373600,6400,100,2963,rep1,False,0,0,F:\Micro-C\micro-c数据\GSE272159_37C_rep1.mapq_30.10.cool,True,MG1655:18,train
WIN_78c62f2e08c3e99a,MG1655,2371200,2377600,2374400,6400,100,2964,rep1,False,0,0,F:\Micro-C\micro-c数据\GSE272159_37C_rep1.mapq_30.10.cool,True,MG1655:18,train
WIN_ff026afff3e89db8,MG1655,2402400,2408800,2405600,6400,100,3003,rep1,False,0,0,F:\Micro-C\micro-c数据\GSE272159_37C_rep1.mapq_30.10.cool,True,MG1655:18,train
WIN_b3c2ea9e9fd5df45,MG1655,2403200,2409600,2406400,6400,100,3004,rep1,False,0,0,F:\Micro-C\micro-c数据\GSE272159_37C_rep1.mapq_30.10.cool,True,MG1655:18,train
WIN_7a1e71cb2eb746cc,MG1655,2404000,2410400,2407200,6400,100,3005,rep1,False,0,0,F:\Micro-C\micro-c数据\GSE272159_37C_rep1.mapq_30.10.cool,True,MG1655:18,train
WIN_370c9dad60ca4cb2,MG1655,2404800,2411200,2408000,6400,100,3006,rep1,False,0,0,F:\Micro-C\micro-c数据\GSE272159_37C_rep1.mapq_30.10.cool,True,MG1655:18,train
WIN_ffa2bd7ef97ffd07,MG1655,2405600,2412000,2408800,6400,100,3007,rep1,False,0,0,F:\Micro-C\micro-c数据\GSE272159_37C_rep1.mapq_30.10.cool,True,MG1655:18,train
WIN_0426ba2ca93aa40c,MG1655,2406400,2412800,2409600,6400,100,3008,rep1,False,0,0,F:\Micro-C\micro-c数据\GSE272159_37C_rep1.mapq_30.10.cool,True,MG1655:18,train
WIN_e37384c9f32f408d,MG1655,2407200,2413600,2410400,6400,100,3009,rep1,False,0,0,F:\Micro-C\micro-c数据\GSE272159_37C_rep1.mapq_30.10.cool,True,MG1655:18,train
WIN_98e039ef5716b806,MG1655,2408000,2414400,2411200,6400,100,3010,rep1,False,0,0,F:\Micro-C\micro-c数据\GSE272159_37C_rep1.mapq_30.10.cool,True,MG1655:18,train
WIN_31540890a1247068,MG1655,2408800,2415200,2412000,6400,100,3011,rep1,False,0,0,F:\Micro-C\micro-c数据\GSE272159_37C_rep1.mapq_30.10.cool,True,MG1655:18,train
WIN_1eb19945b53bf24d,MG1655,2409600,2416000,2412800,6400,100,3012,rep1,False,0,0,F:\Micro-C\micro-c数据\GSE272159_37C_rep1.mapq_30.10.cool,True,MG1655:18,train
WIN_cf38b89082014090,MG1655,2410400,2416800,2413600,6400,100,3013,rep1,False,0,0,F:\Micro-C\micro-c数据\GSE272159_37C_rep1.mapq_30.10.cool,True,MG1655:18,train
WIN_c2d3dc66d723964e,MG1655,2411200,2417600,2414400,6400,100,3014,rep1,False,0,0,F:\Micro-C\micro-c数据\GSE272159_37C_rep1.mapq_30.10.cool,True,MG1655:18,train
WIN_baec787051db47e3,MG1655,2412000,2418400,2415200,6400,100,3015,rep1,False,0,0,F:\Micro-C\micro-c数据\GSE272159_37C_rep1.mapq_30.10.cool,True,MG1655:18,train
WIN_52b04e24979284f4,MG1655,2412800,2419200,2416000,6400,100,3016,rep1,False,0,0,F:\Micro-C\micro-c数据\GSE272159_37C_rep1.mapq_30.10.cool,True,MG1655:18,train
WIN_43387f50a564dc2d,MG1655,2413600,2420000,2416800,6400,100,3017,rep1,False,0,0,F:\Micro-C\micro-c数据\GSE272159_37C_rep1.mapq_30.10.cool,True,MG1655:18,train
WIN_f6c7f4df3f8ed624,MG1655,2414400,2420800,2417600,6400,100,3018,rep1,False,0,0,F:\Micro-C\micro-c数据\GSE272159_37C_rep1.mapq_30.10.cool,True,MG1655:18,train
WIN_9b18392fc9eecfa4,MG1655,2415200,2421600,2418400,6400,100,3019,rep1,False,0,0,F:\Micro-C\micro-c数据\GSE272159_37C_rep1.mapq_30.10.cool,True,MG1655:18,train
WIN_4a120f521d956662,MG1655,2416000,2422400,2419200,6400,100,3020,rep1,False,0,0,F:\Micro-C\micro-c数据\GSE272159_37C_rep1.mapq_30.10.cool,True,MG1655:18,train
WIN_6ad6a1d688cc0b91,MG1655,2416800,2423200,2420000,6400,100,3021,rep1,False,0,0,F:\Micro-C\micro-c数据\GSE272159_37C_rep1.mapq_30.10.cool,True,MG1655:18,train
WIN_c28e9a69eb9f833e,MG1655,2417600,2424000,2420800,6400,100,3022,rep1,False,0,0,F:\Micro-C\micro-c数据\GSE272159_37C_rep1.mapq_30.10.cool,True,MG1655:18,train
WIN_c7791bfa8e70643e,MG1655,2418400,2424800,2421600,6400,100,3023,rep1,False,0,0,F:\Micro-C\micro-c数据\GSE272159_37C_rep1.mapq_30.10.cool,True,MG1655:18,train
WIN_99fa13554afaa504,MG1655,2419200,2425600,2422400,6400,100,3024,rep1,False,0,0,F:\Micro-C\micro-c数据\GSE272159_37C_rep1.mapq_30.10.cool,True,MG1655:18,train
WIN_6315b8c9e3cacb82,MG1655,2420000,2426400,2423200,6400,100,3025,rep1,False,0,0,F:\Micro-C\micro-c数据\GSE272159_37C_rep1.mapq_30.10.cool,True,MG1655:18,train
WIN_40c7e3c21cd570e1,MG1655,2420800,2427200,2424000,6400,100,3026,rep1,False,0,0,F:\Micro-C\micro-c数据\GSE272159_37C_rep1.mapq_30.10.cool,True,MG1655:18,train
WIN_2e89decef5046863,MG1655,2421600,2428000,2424800,6400,100,3027,rep1,False,0,0,F:\Micro-C\micro-c数据\GSE272159_37C_rep1.mapq_30.10.cool,True,MG1655:18,train
WIN_714bf5209ae20abd,MG1655,2422400,2428800,2425600,6400,100,3028,rep1,False,0,0,F:\Micro-C\micro-c数据\GSE272159_37C_rep1.mapq_30.10.cool,True,MG1655:18,train
WIN_95f6f1c147c993df,MG1655,2423200,2429600,2426400,6400,100,3029,rep1,False,0,0,F:\Micro-C\micro-c数据\GSE272159_37C_rep1.mapq_30.10.cool,True,MG1655:18,train
WIN_3a30a0557732ebf9,MG1655,2424000,2430400,2427200,6400,100,3030,rep1,False,0,0,F:\Micro-C\micro-c数据\GSE272159_37C_rep1.mapq_30.10.cool,True,MG1655:18,train
WIN_43b64c967b2a9baa,MG1655,2424800,2431200,2428000,6400,100,3031,rep1,False,0,0,F:\Micro-C\micro-c数据\GSE272159_37C_rep1.mapq_30.10.cool,True,MG1655:18,train
WIN_ac9dc3b86d75150f,MG1655,2425600,2432000,2428800,6400,100,3032,rep1,False,0,0,F:\Micro-C\micro-c数据\GSE272159_37C_rep1.mapq_30.10.cool,True,MG1655:18,train
WIN_ac90bee3f4c0f6dd,MG1655,2500000,2506400,2503200,6400,100,3125,rep1,False,0,0,F:\Micro-C\micro-c数据\GSE272159_37C_rep1.mapq_30.10.cool,True,MG1655:19,train
WIN_bb883cc50133c470,MG1655,2500800,2507200,2504000,6400,100,3126,rep1,False,0,0,F:\Micro-C\micro-c数据\GSE272159_37C_rep1.mapq_30.10.cool,True,MG1655:19,train
WIN_26cfd32855ca06f4,MG1655,2501600,2508000,2504800,6400,100,3127,rep1,False,0,0,F:\Micro-C\micro-c数据\GSE272159_37C_rep1.mapq_30.10.cool,True,MG1655:19,train
WIN_aa3323f259a6985f,MG1655,2502400,2508800,2505600,6400,100,3128,rep1,False,0,0,F:\Micro-C\micro-c数据\GSE272159_37C_rep1.mapq_30.10.cool,True,MG1655:19,train
WIN_15c677291f4b9c15,MG1655,2503200,2509600,2506400,6400,100,3129,rep1,False,0,0,F:\Micro-C\micro-c数据\GSE272159_37C_rep1.mapq_30.10.cool,True,MG1655:19,train
WIN_f4cdd0181ffa30cc,MG1655,2504000,2510400,2507200,6400,100,3130,rep1,False,0,0,F:\Micro-C\micro-c数据\GSE272159_37C_rep1.mapq_30.10.cool,True,MG1655:19,train
WIN_1d79e392a106c5be,MG1655,2504800,2511200,2508000,6400,100,3131,rep1,False,0,0,F:\Micro-C\micro-c数据\GSE272159_37C_rep1.mapq_30.10.cool,True,MG1655:19,train
WIN_e7b19c3dabbdc678,MG1655,2505600,2512000,2508800,6400,100,3132,rep1,False,0,0,F:\Micro-C\micro-c数据\GSE272159_37C_rep1.mapq_30.10.cool,True,MG1655:19,train
WIN_0ec85b2cb8ab66c1,MG1655,2506400,2512800,2509600,6400,100,3133,rep1,False,0,0,F:\Micro-C\micro-c数据\GSE272159_37C_rep1.mapq_30.10.cool,True,MG1655:19,train
WIN_a4eafb75d95babea,MG1655,2507200,2513600,2510400,6400,100,3134,rep1,False,0,0,F:\Micro-C\micro-c数据\GSE272159_37C_rep1.mapq_30.10.cool,True,MG1655:19,train
WIN_21bf4c175aa09477,MG1655,2508000,2514400,2511200,6400,100,3135,rep1,False,0,0,F:\Micro-C\micro-c数据\GSE272159_37C_rep1.mapq_30.10.cool,True,MG1655:19,train
WIN_670e5775aa578181,MG1655,2508800,2515200,2512000,6400,100,3136,rep1,True,8,8,F:\Micro-C\micro-c数据\GSE272159_37C_rep1.mapq_30.10.cool,True,MG1655:19,train
WIN_a85854474f4a7b42,MG1655,2509600,2516000,2512800,6400,100,3137,rep1,True,11,11,F:\Micro-C\micro-c数据\GSE272159_37C_rep1.mapq_30.10.cool,True,MG1655:19,train
WIN_615c71d1eba8f8ca,MG1655,2510400,2516800,2513600,6400,100,3138,rep1,True,11,11,F:\Micro-C\micro-c数据\GSE272159_37C_rep1.mapq_30.10.cool,True,MG1655:19,train
WIN_aaa0ac09c33f580c,MG1655,2511200,2517600,2514400,6400,100,3139,rep1,True,11,11,F:\Micro-C\micro-c数据\GSE272159_37C_rep1.mapq_30.10.cool,True,MG1655:19,train
WIN_a89b672d30c14802,MG1655,2512000,2518400,2515200,6400,100,3140,rep1,True,11,11,F:\Micro-C\micro-c数据\GSE272159_37C_rep1.mapq_30.10.cool,True,MG1655:19,train
WIN_61d0baf14e20394b,MG1655,2512800,2519200,2516000,6400,100,3141,rep1,True,11,11,F:\Micro-C\micro-c数据\GSE272159_37C_rep1.mapq_30.10.cool,True,MG1655:19,train
WIN_8ce5614905ae8f33,MG1655,2513600,2520000,2516800,6400,100,3142,rep1,True,11,11,F:\Micro-C\micro-c数据\GSE272159_37C_rep1.mapq_30.10.cool,True,MG1655:19,train
WIN_057f8be27793b715,MG1655,2514400,2520800,2517600,6400,100,3143,rep1,True,11,11,F:\Micro-C\micro-c数据\GSE272159_37C_rep1.mapq_30.10.cool,True,MG1655:19,train
WIN_af70ba75de80139c,MG1655,2515200,2521600,2518400,6400,100,3144,rep1,True,3,3,F:\Micro-C\micro-c数据\GSE272159_37C_rep1.mapq_30.10.cool,True,MG1655:19,train
WIN_ae6197e4d0f9e104,MG1655,2516000,2522400,2519200,6400,100,3145,rep1,False,0,0,F:\Micro-C\micro-c数据\GSE272159_37C_rep1.mapq_30.10.cool,True,MG1655:19,train
WIN_70215e5a0c7bdce2,MG1655,2516800,2523200,2520000,6400,100,3146,rep1,False,0,0,F:\Micro-C\micro-c数据\GSE272159_37C_rep1.mapq_30.10.cool,True,MG1655:19,train
WIN_1a739cff66ce71fd,MG1655,2517600,2524000,2520800,6400,100,3147,rep1,False,0,0,F:\Micro-C\micro-c数据\GSE272159_37C_rep1.mapq_30.10.cool,True,MG1655:19,train
WIN_bf3cd8aa460ca77f,MG1655,2550400,2556800,2553600,6400,100,3188,rep1,False,0,0,F:\Micro-C\micro-c数据\GSE272159_37C_rep1.mapq_30.10.cool,True,MG1655:19,train
WIN_eb86bd3c5613b252,MG1655,2551200,2557600,2554400,6400,100,3189,rep1,False,0,0,F:\Micro-C\micro-c数据\GSE272159_37C_rep1.mapq_30.10.cool,True,MG1655:19,train
WIN_ecd303957388219d,MG1655,2571200,2577600,2574400,6400,100,3214,rep1,False,0,0,F:\Micro-C\micro-c数据\GSE272159_37C_rep1.mapq_30.10.cool,True,MG1655:20,train
WIN_6653b6e2cac13af1,MG1655,2572000,2578400,2575200,6400,100,3215,rep1,False,0,0,F:\Micro-C\micro-c数据\GSE272159_37C_rep1.mapq_30.10.cool,True,MG1655:20,train
WIN_d83a9aa08649b517,MG1655,2572800,2579200,2576000,6400,100,3216,rep1,False,0,0,F:\Micro-C\micro-c数据\GSE272159_37C_rep1.mapq_30.10.cool,True,MG1655:20,train
WIN_3ad44e5c341ced64,MG1655,2573600,2580000,2576800,6400,100,3217,rep1,False,0,0,F:\Micro-C\micro-c数据\GSE272159_37C_rep1.mapq_30.10.cool,True,MG1655:20,train
WIN_90d5a6db31af73bf,MG1655,2574400,2580800,2577600,6400,100,3218,rep1,False,0,0,F:\Micro-C\micro-c数据\GSE272159_37C_rep1.mapq_30.10.cool,True,MG1655:20,train
WIN_ea1d44ea7110fb36,MG1655,2575200,2581600,2578400,6400,100,3219,rep1,False,0,0,F:\Micro-C\micro-c数据\GSE272159_37C_rep1.mapq_30.10.cool,True,MG1655:20,train
WIN_ca0ede1538ff2230,MG1655,2576000,2582400,2579200,6400,100,3220,rep1,False,0,0,F:\Micro-C\micro-c数据\GSE272159_37C_rep1.mapq_30.10.cool,True,MG1655:20,train
WIN_ac807ec1f970a49d,MG1655,2576800,2583200,2580000,6400,100,3221,rep1,False,0,0,F:\Micro-C\micro-c数据\GSE272159_37C_rep1.mapq_30.10.cool,True,MG1655:20,train
WIN_282a16d3fefed714,MG1655,2577600,2584000,2580800,6400,100,3222,rep1,False,0,0,F:\Micro-C\micro-c数据\GSE272159_37C_rep1.mapq_30.10.cool,True,MG1655:20,train
WIN_026d253e1532fb99,MG1655,2578400,2584800,2581600,6400,100,3223,rep1,False,0,0,F:\Micro-C\micro-c数据\GSE272159_37C_rep1.mapq_30.10.cool,True,MG1655:20,train
WIN_03f950179edec025,MG1655,2579200,2585600,2582400,6400,100,3224,rep1,False,0,0,F:\Micro-C\micro-c数据\GSE272159_37C_rep1.mapq_30.10.cool,True,MG1655:20,train
WIN_ff764f795a47b144,MG1655,2580000,2586400,2583200,6400,100,3225,rep1,False,0,0,F:\Micro-C\micro-c数据\GSE272159_37C_rep1.mapq_30.10.cool,True,MG1655:20,train
WIN_33aab666d4736813,MG1655,2580800,2587200,2584000,6400,100,3226,rep1,False,0,0,F:\Micro-C\micro-c数据\GSE272159_37C_rep1.mapq_30.10.cool,True,MG1655:20,train
WIN_24c9f3e4f9ed59e5,MG1655,2581600,2588000,2584800,6400,100,3227,rep1,False,0,0,F:\Micro-C\micro-c数据\GSE272159_37C_rep1.mapq_30.10.cool,True,MG1655:20,train
WIN_687f49ceb736143a,MG1655,2582400,2588800,2585600,6400,100,3228,rep1,False,0,0,F:\Micro-C\micro-c数据\GSE272159_37C_rep1.mapq_30.10.cool,True,MG1655:20,train
WIN_f276d7eae3074f1a,MG1655,2583200,2589600,2586400,6400,100,3229,rep1,False,0,0,F:\Micro-C\micro-c数据\GSE272159_37C_rep1.mapq_30.10.cool,True,MG1655:20,train
WIN_59e1167faeeb9d06,MG1655,2584000,2590400,2587200,6400,100,3230,rep1,False,0,0,F:\Micro-C\micro-c数据\GSE272159_37C_rep1.mapq_30.10.cool,True,MG1655:20,train
WIN_ddf61ec47ced9043,MG1655,2584800,2591200,2588000,6400,100,3231,rep1,False,0,0,F:\Micro-C\micro-c数据\GSE272159_37C_rep1.mapq_30.10.cool,True,MG1655:20,train
WIN_6c39a078fb35e71c,MG1655,2585600,2592000,2588800,6400,100,3232,rep1,False,0,0,F:\Micro-C\micro-c数据\GSE272159_37C_rep1.mapq_30.10.cool,True,MG1655:20,train
WIN_12e3bf5d2c4f9725,MG1655,2586400,2592800,2589600,6400,100,3233,rep1,False,0,0,F:\Micro-C\micro-c数据\GSE272159_37C_rep1.mapq_30.10.cool,True,MG1655:20,train
WIN_16f4a513d9c46d18,MG1655,2587200,2593600,2590400,6400,100,3234,rep1,False,0,0,F:\Micro-C\micro-c数据\GSE272159_37C_rep1.mapq_30.10.cool,True,MG1655:20,train
WIN_5c0f0ecef0f66098,MG1655,2588000,2594400,2591200,6400,100,3235,rep1,False,0,0,F:\Micro-C\micro-c数据\GSE272159_37C_rep1.mapq_30.10.cool,True,MG1655:20,train
WIN_5f1286471899fa85,MG1655,2588800,2595200,2592000,6400,100,3236,rep1,False,0,0,F:\Micro-C\micro-c数据\GSE272159_37C_rep1.mapq_30.10.cool,True,MG1655:20,train
WIN_75da2cfb1c9bb3c0,MG1655,2589600,2596000,2592800,6400,100,3237,rep1,False,0,0,F:\Micro-C\micro-c数据\GSE272159_37C_rep1.mapq_30.10.cool,True,MG1655:20,train
WIN_9f98995784bd07e7,MG1655,2590400,2596800,2593600,6400,100,3238,rep1,False,0,0,F:\Micro-C\micro-c数据\GSE272159_37C_rep1.mapq_30.10.cool,True,MG1655:20,train
WIN_6ed0ac23a35a168a,MG1655,2591200,2597600,2594400,6400,100,3239,rep1,False,0,0,F:\Micro-C\micro-c数据\GSE272159_37C_rep1.mapq_30.10.cool,True,MG1655:20,train
WIN_ae10201b2a808b56,MG1655,2592000,2598400,2595200,6400,100,3240,rep1,False,0,0,F:\Micro-C\micro-c数据\GSE272159_37C_rep1.mapq_30.10.cool,True,MG1655:20,train
WIN_9c1a8d779a0daf8d,MG1655,2592800,2599200,2596000,6400,100,3241,rep1,False,0,0,F:\Micro-C\micro-c数据\GSE272159_37C_rep1.mapq_30.10.cool,True,MG1655:20,train
WIN_4be83e75529b9785,MG1655,2593600,2600000,2596800,6400,100,3242,rep1,False,0,0,F:\Micro-C\micro-c数据\GSE272159_37C_rep1.mapq_30.10.cool,True,MG1655:20,train
WIN_d28a73c3625fda07,MG1655,2594400,2600800,2597600,6400,100,3243,rep1,False,0,0,F:\Micro-C\micro-c数据\GSE272159_37C_rep1.mapq_30.10.cool,True,MG1655:20,train
WIN_952d80eeeabc63e7,MG1655,2595200,2601600,2598400,6400,100,3244,rep1,False,0,0,F:\Micro-C\micro-c数据\GSE272159_37C_rep1.mapq_30.10.cool,True,MG1655:20,train
WIN_f66b369e80d40b49,MG1655,2596000,2602400,2599200,6400,100,3245,rep1,False,0,0,F:\Micro-C\micro-c数据\GSE272159_37C_rep1.mapq_30.10.cool,True,MG1655:20,train
WIN_45363550b0679de4,MG1655,2596800,2603200,2600000,6400,100,3246,rep1,False,0,0,F:\Micro-C\micro-c数据\GSE272159_37C_rep1.mapq_30.10.cool,True,MG1655:20,train
WIN_44f96f9cb0deabaa,MG1655,2597600,2604000,2600800,6400,100,3247,rep1,False,0,0,F:\Micro-C\micro-c数据\GSE272159_37C_rep1.mapq_30.10.cool,True,MG1655:20,train
WIN_064288be90535ffd,MG1655,2598400,2604800,2601600,6400,100,3248,rep1,False,0,0,F:\Micro-C\micro-c数据\GSE272159_37C_rep1.mapq_30.10.cool,True,MG1655:20,train
WIN_30070ae6c416e035,MG1655,2599200,2605600,2602400,6400,100,3249,rep1,False,0,0,F:\Micro-C\micro-c数据\GSE272159_37C_rep1.mapq_30.10.cool,True,MG1655:20,train
WIN_46d995b319ed4cf2,MG1655,2600000,2606400,2603200,6400,100,3250,rep1,False,0,0,F:\Micro-C\micro-c数据\GSE272159_37C_rep1.mapq_30.10.cool,True,MG1655:20,train
WIN_d59ce50a708fce78,MG1655,2600800,2607200,2604000,6400,100,3251,rep1,False,0,0,F:\Micro-C\micro-c数据\GSE272159_37C_rep1.mapq_30.10.cool,True,MG1655:20,train
WIN_071433afec0c82bd,MG1655,2601600,2608000,2604800,6400,100,3252,rep1,False,0,0,F:\Micro-C\micro-c数据\GSE272159_37C_rep1.mapq_30.10.cool,True,MG1655:20,train
WIN_650193fd994426ac,MG1655,2602400,2608800,2605600,6400,100,3253,rep1,False,0,0,F:\Micro-C\micro-c数据\GSE272159_37C_rep1.mapq_30.10.cool,True,MG1655:20,train
WIN_6239a973ed4fc858,MG1655,2603200,2609600,2606400,6400,100,3254,rep1,False,0,0,F:\Micro-C\micro-c数据\GSE272159_37C_rep1.mapq_30.10.cool,True,MG1655:20,train
WIN_dc61f32aea67eb3d,MG1655,2604000,2610400,2607200,6400,100,3255,rep1,False,0,0,F:\Micro-C\micro-c数据\GSE272159_37C_rep1.mapq_30.10.cool,True,MG1655:20,train
WIN_3490027f471f9a4a,MG1655,2604800,2611200,2608000,6400,100,3256,rep1,False,0,0,F:\Micro-C\micro-c数据\GSE272159_37C_rep1.mapq_30.10.cool,True,MG1655:20,train
WIN_b59965984bb6dcec,MG1655,2605600,2612000,2608800,6400,100,3257,rep1,False,0,0,F:\Micro-C\micro-c数据\GSE272159_37C_rep1.mapq_30.10.cool,True,MG1655:20,train
WIN_683b120ddf125083,MG1655,2606400,2612800,2609600,6400,100,3258,rep1,False,0,0,F:\Micro-C\micro-c数据\GSE272159_37C_rep1.mapq_30.10.cool,True,MG1655:20,train
WIN_d567340cc3f1b6a0,MG1655,2607200,2613600,2610400,6400,100,3259,rep1,False,0,0,F:\Micro-C\micro-c数据\GSE272159_37C_rep1.mapq_30.10.cool,True,MG1655:20,train
WIN_215e6edf5e932075,MG1655,2608000,2614400,2611200,6400,100,3260,rep1,False,0,0,F:\Micro-C\micro-c数据\GSE272159_37C_rep1.mapq_30.10.cool,True,MG1655:20,train
WIN_0dd1024ff1e9d5f5,MG1655,2608800,2615200,2612000,6400,100,3261,rep1,False,0,0,F:\Micro-C\micro-c数据\GSE272159_37C_rep1.mapq_30.10.cool,True,MG1655:20,train
WIN_118507e8b1c9748c,MG1655,2609600,2616000,2612800,6400,100,3262,rep1,False,0,0,F:\Micro-C\micro-c数据\GSE272159_37C_rep1.mapq_30.10.cool,True,MG1655:20,train
WIN_d3cb7e8737f786d7,MG1655,2610400,2616800,2613600,6400,100,3263,rep1,False,0,0,F:\Micro-C\micro-c数据\GSE272159_37C_rep1.mapq_30.10.cool,True,MG1655:20,train
WIN_0514b51634b648ac,MG1655,2611200,2617600,2614400,6400,100,3264,rep1,False,0,0,F:\Micro-C\micro-c数据\GSE272159_37C_rep1.mapq_30.10.cool,True,MG1655:20,train
WIN_91a9d93b137be9ae,MG1655,2612000,2618400,2615200,6400,100,3265,rep1,False,0,0,F:\Micro-C\micro-c数据\GSE272159_37C_rep1.mapq_30.10.cool,True,MG1655:20,train
WIN_57fc860297b9ca3c,MG1655,2612800,2619200,2616000,6400,100,3266,rep1,False,0,0,F:\Micro-C\micro-c数据\GSE272159_37C_rep1.mapq_30.10.cool,True,MG1655:20,train
WIN_2dafb78f5d2c3c86,MG1655,2613600,2620000,2616800,6400,100,3267,rep1,False,0,0,F:\Micro-C\micro-c数据\GSE272159_37C_rep1.mapq_30.10.cool,True,MG1655:20,train
WIN_5afc29f2410771b7,MG1655,2614400,2620800,2617600,6400,100,3268,rep1,False,0,0,F:\Micro-C\micro-c数据\GSE272159_37C_rep1.mapq_30.10.cool,True,MG1655:20,train
WIN_83acc22659307a4c,MG1655,2615200,2621600,2618400,6400,100,3269,rep1,False,0,0,F:\Micro-C\micro-c数据\GSE272159_37C_rep1.mapq_30.10.cool,True,MG1655:20,train
WIN_44f6aaf5c292e79b,MG1655,2616000,2622400,2619200,6400,100,3270,rep1,False,0,0,F:\Micro-C\micro-c数据\GSE272159_37C_rep1.mapq_30.10.cool,True,MG1655:20,train
WIN_19f553079a64e37a,MG1655,2669600,2676000,2672800,6400,100,3337,rep1,False,0,0,F:\Micro-C\micro-c数据\GSE272159_37C_rep1.mapq_30.10.cool,True,MG1655:20,train
WIN_21bd983f87814d41,MG1655,2670400,2676800,2673600,6400,100,3338,rep1,False,0,0,F:\Micro-C\micro-c数据\GSE272159_37C_rep1.mapq_30.10.cool,True,MG1655:20,train
WIN_8d88b4f0bbd03b43,MG1655,2671200,2677600,2674400,6400,100,3339,rep1,False,0,0,F:\Micro-C\micro-c数据\GSE272159_37C_rep1.mapq_30.10.cool,True,MG1655:20,train
WIN_1e2eb400f4d0e54e,MG1655,2672000,2678400,2675200,6400,100,3340,rep1,False,0,0,F:\Micro-C\micro-c数据\GSE272159_37C_rep1.mapq_30.10.cool,True,MG1655:20,train
WIN_19c313ac36db8f58,MG1655,2672800,2679200,2676000,6400,100,3341,rep1,False,0,0,F:\Micro-C\micro-c数据\GSE272159_37C_rep1.mapq_30.10.cool,True,MG1655:20,train
WIN_4a4b15abb079cf62,MG1655,2673600,2680000,2676800,6400,100,3342,rep1,False,0,0,F:\Micro-C\micro-c数据\GSE272159_37C_rep1.mapq_30.10.cool,True,MG1655:20,train
WIN_05ccc3a664a93fb7,MG1655,2674400,2680800,2677600,6400,100,3343,rep1,False,0,0,F:\Micro-C\micro-c数据\GSE272159_37C_rep1.mapq_30.10.cool,True,MG1655:20,train
WIN_9e454958a0fe47ea,MG1655,2716000,2722400,2719200,6400,100,3395,rep1,False,0,0,F:\Micro-C\micro-c数据\GSE272159_37C_rep1.mapq_30.10.cool,True,MG1655:21,validation
WIN_a00e8bb6bc375c0e,MG1655,2716800,2723200,2720000,6400,100,3396,rep1,False,0,0,F:\Micro-C\micro-c数据\GSE272159_37C_rep1.mapq_30.10.cool,True,MG1655:21,validation
WIN_ea31557e83feb4df,MG1655,2717600,2724000,2720800,6400,100,3397,rep1,False,0,0,F:\Micro-C\micro-c数据\GSE272159_37C_rep1.mapq_30.10.cool,True,MG1655:21,validation
WIN_ffcf5c1ddab14903,MG1655,2718400,2724800,2721600,6400,100,3398,rep1,False,0,0,F:\Micro-C\micro-c数据\GSE272159_37C_rep1.mapq_30.10.cool,True,MG1655:21,validation
WIN_e791745e50904ac3,MG1655,2719200,2725600,2722400,6400,100,3399,rep1,False,0,0,F:\Micro-C\micro-c数据\GSE272159_37C_rep1.mapq_30.10.cool,True,MG1655:21,validation
WIN_a656e63765e388b3,MG1655,2720000,2726400,2723200,6400,100,3400,rep1,True,2,2,F:\Micro-C\micro-c数据\GSE272159_37C_rep1.mapq_30.10.cool,True,MG1655:21,validation
WIN_abbe999909d6c402,MG1655,2720800,2727200,2724000,6400,100,3401,rep1,True,10,10,F:\Micro-C\micro-c数据\GSE272159_37C_rep1.mapq_30.10.cool,True,MG1655:21,validation
WIN_217011f6824dd3f7,MG1655,2721600,2728000,2724800,6400,100,3402,rep1,True,18,18,F:\Micro-C\micro-c数据\GSE272159_37C_rep1.mapq_30.10.cool,True,MG1655:21,validation
WIN_fea1d33e1ee9ef68,MG1655,2722400,2728800,2725600,6400,100,3403,rep1,True,26,26,F:\Micro-C\micro-c数据\GSE272159_37C_rep1.mapq_30.10.cool,True,MG1655:21,validation
WIN_04fa5a93118e737d,MG1655,2723200,2729600,2726400,6400,100,3404,rep1,True,30,30,F:\Micro-C\micro-c数据\GSE272159_37C_rep1.mapq_30.10.cool,True,MG1655:21,validation
WIN_c7716c69f5e75fc9,MG1655,2724000,2730400,2727200,6400,100,3405,rep1,True,37,37,F:\Micro-C\micro-c数据\GSE272159_37C_rep1.mapq_30.10.cool,True,MG1655:21,validation
WIN_c0f2ab82cd3c4248,MG1655,2724800,2731200,2728000,6400,100,3406,rep1,True,41,41,F:\Micro-C\micro-c数据\GSE272159_37C_rep1.mapq_30.10.cool,True,MG1655:21,validation
WIN_790f8de041591bdf,MG1655,2725600,2732000,2728800,6400,100,3407,rep1,True,41,41,F:\Micro-C\micro-c数据\GSE272159_37C_rep1.mapq_30.10.cool,True,MG1655:21,validation
WIN_5d6cfbd7b59b0dbd,MG1655,2726400,2732800,2729600,6400,100,3408,rep1,True,39,39,F:\Micro-C\micro-c数据\GSE272159_37C_rep1.mapq_30.10.cool,True,MG1655:21,validation
WIN_41afd9341fec319b,MG1655,2727200,2733600,2730400,6400,100,3409,rep1,True,31,31,F:\Micro-C\micro-c数据\GSE272159_37C_rep1.mapq_30.10.cool,True,MG1655:21,validation
WIN_486f4f2f1f063e1e,MG1655,2728000,2734400,2731200,6400,100,3410,rep1,True,23,23,F:\Micro-C\micro-c数据\GSE272159_37C_rep1.mapq_30.10.cool,True,MG1655:21,validation
WIN_a3a730c567a48ed5,MG1655,2728800,2735200,2732000,6400,100,3411,rep1,True,15,15,F:\Micro-C\micro-c数据\GSE272159_37C_rep1.mapq_30.10.cool,True,MG1655:21,validation
WIN_d0815837a9b7c8c6,MG1655,2729600,2736000,2732800,6400,100,3412,rep1,True,11,11,F:\Micro-C\micro-c数据\GSE272159_37C_rep1.mapq_30.10.cool,True,MG1655:21,validation
WIN_149dbff8b87d1065,MG1655,2730400,2736800,2733600,6400,100,3413,rep1,True,4,4,F:\Micro-C\micro-c数据\GSE272159_37C_rep1.mapq_30.10.cool,True,MG1655:21,validation
WIN_43af9a7efd0ca126,MG1655,2731200,2737600,2734400,6400,100,3414,rep1,False,0,0,F:\Micro-C\micro-c数据\GSE272159_37C_rep1.mapq_30.10.cool,True,MG1655:21,validation
WIN_13600e0701e583b0,MG1655,2732000,2738400,2735200,6400,100,3415,rep1,False,0,0,F:\Micro-C\micro-c数据\GSE272159_37C_rep1.mapq_30.10.cool,True,MG1655:21,validation
WIN_ef495fba12867b71,MG1655,2732800,2739200,2736000,6400,100,3416,rep1,False,0,0,F:\Micro-C\micro-c数据\GSE272159_37C_rep1.mapq_30.10.cool,True,MG1655:21,validation
WIN_b4478cd3a8884c29,MG1655,2733600,2740000,2736800,6400,100,3417,rep1,False,0,0,F:\Micro-C\micro-c数据\GSE272159_37C_rep1.mapq_30.10.cool,True,MG1655:21,validation
WIN_b560fae231f16df9,MG1655,2734400,2740800,2737600,6400,100,3418,rep1,False,0,0,F:\Micro-C\micro-c数据\GSE272159_37C_rep1.mapq_30.10.cool,True,MG1655:21,validation
WIN_18da3cd162b78e13,MG1655,2735200,2741600,2738400,6400,100,3419,rep1,False,0,0,F:\Micro-C\micro-c数据\GSE272159_37C_rep1.mapq_30.10.cool,True,MG1655:21,validation
WIN_3b2a23773ce549af,MG1655,2736000,2742400,2739200,6400,100,3420,rep1,False,0,0,F:\Micro-C\micro-c数据\GSE272159_37C_rep1.mapq_30.10.cool,True,MG1655:21,validation
WIN_2bf4e9e2a96ba227,MG1655,2736800,2743200,2740000,6400,100,3421,rep1,False,0,0,F:\Micro-C\micro-c数据\GSE272159_37C_rep1.mapq_30.10.cool,True,MG1655:21,validation
WIN_75d7458fcb897bf0,MG1655,2737600,2744000,2740800,6400,100,3422,rep1,False,0,0,F:\Micro-C\micro-c数据\GSE272159_37C_rep1.mapq_30.10.cool,True,MG1655:21,validation
WIN_0e1a8caad1b8cb7e,MG1655,2738400,2744800,2741600,6400,100,3423,rep1,False,0,0,F:\Micro-C\micro-c数据\GSE272159_37C_rep1.mapq_30.10.cool,True,MG1655:21,validation
WIN_8639d596a56de292,MG1655,2739200,2745600,2742400,6400,100,3424,rep1,False,0,0,F:\Micro-C\micro-c数据\GSE272159_37C_rep1.mapq_30.10.cool,True,MG1655:21,validation
WIN_f064f5b188cc263b,MG1655,2740000,2746400,2743200,6400,100,3425,rep1,False,0,0,F:\Micro-C\micro-c数据\GSE272159_37C_rep1.mapq_30.10.cool,True,MG1655:21,validation
WIN_a2bd62715b4dad22,MG1655,2740800,2747200,2744000,6400,100,3426,rep1,False,0,0,F:\Micro-C\micro-c数据\GSE272159_37C_rep1.mapq_30.10.cool,True,MG1655:21,validation
WIN_1978b91615570a2a,MG1655,2741600,2748000,2744800,6400,100,3427,rep1,False,0,0,F:\Micro-C\micro-c数据\GSE272159_37C_rep1.mapq_30.10.cool,True,MG1655:21,validation
WIN_7fffc348d0f98564,MG1655,2742400,2748800,2745600,6400,100,3428,rep1,False,0,0,F:\Micro-C\micro-c数据\GSE272159_37C_rep1.mapq_30.10.cool,True,MG1655:21,validation
WIN_26fe8de26ea1b91b,MG1655,2743200,2749600,2746400,6400,100,3429,rep1,False,0,0,F:\Micro-C\micro-c数据\GSE272159_37C_rep1.mapq_30.10.cool,True,MG1655:21,validation
WIN_18634846019a334d,MG1655,2744000,2750400,2747200,6400,100,3430,rep1,False,0,0,F:\Micro-C\micro-c数据\GSE272159_37C_rep1.mapq_30.10.cool,True,MG1655:21,validation
WIN_dbfc70e76f800e79,MG1655,2744800,2751200,2748000,6400,100,3431,rep1,False,0,0,F:\Micro-C\micro-c数据\GSE272159_37C_rep1.mapq_30.10.cool,True,MG1655:21,validation
WIN_aea3221a87548273,MG1655,2745600,2752000,2748800,6400,100,3432,rep1,False,0,0,F:\Micro-C\micro-c数据\GSE272159_37C_rep1.mapq_30.10.cool,True,MG1655:21,validation
WIN_ffe7901a7ee34b2d,MG1655,2816000,2822400,2819200,6400,100,3520,rep1,False,0,0,F:\Micro-C\micro-c数据\GSE272159_37C_rep1.mapq_30.10.cool,True,MG1655:22,train
WIN_6f5750699a1e98fd,MG1655,2816800,2823200,2820000,6400,100,3521,rep1,False,0,0,F:\Micro-C\micro-c数据\GSE272159_37C_rep1.mapq_30.10.cool,True,MG1655:22,train
WIN_dfdedae4fc73fc1f,MG1655,2817600,2824000,2820800,6400,100,3522,rep1,False,0,0,F:\Micro-C\micro-c数据\GSE272159_37C_rep1.mapq_30.10.cool,True,MG1655:22,train
WIN_2b04cf39dca72ea6,MG1655,2818400,2824800,2821600,6400,100,3523,rep1,False,0,0,F:\Micro-C\micro-c数据\GSE272159_37C_rep1.mapq_30.10.cool,True,MG1655:22,train
WIN_db0a2bf5b4fe7959,MG1655,2819200,2825600,2822400,6400,100,3524,rep1,False,0,0,F:\Micro-C\micro-c数据\GSE272159_37C_rep1.mapq_30.10.cool,True,MG1655:22,train
WIN_9b7160ea78e43776,MG1655,2820000,2826400,2823200,6400,100,3525,rep1,False,0,0,F:\Micro-C\micro-c数据\GSE272159_37C_rep1.mapq_30.10.cool,True,MG1655:22,train
WIN_2d1df0a30d5b0ca1,MG1655,2820800,2827200,2824000,6400,100,3526,rep1,False,0,0,F:\Micro-C\micro-c数据\GSE272159_37C_rep1.mapq_30.10.cool,True,MG1655:22,train
WIN_9b339ea54c275b9a,MG1655,2821600,2828000,2824800,6400,100,3527,rep1,False,0,0,F:\Micro-C\micro-c数据\GSE272159_37C_rep1.mapq_30.10.cool,True,MG1655:22,train
WIN_e0e088953b66975a,MG1655,2822400,2828800,2825600,6400,100,3528,rep1,False,0,0,F:\Micro-C\micro-c数据\GSE272159_37C_rep1.mapq_30.10.cool,True,MG1655:22,train
WIN_571794f7f621ab8a,MG1655,2823200,2829600,2826400,6400,100,3529,rep1,False,0,0,F:\Micro-C\micro-c数据\GSE272159_37C_rep1.mapq_30.10.cool,True,MG1655:22,train
WIN_08ae707fbc202588,MG1655,2824000,2830400,2827200,6400,100,3530,rep1,False,0,0,F:\Micro-C\micro-c数据\GSE272159_37C_rep1.mapq_30.10.cool,True,MG1655:22,train
WIN_597b98e9ad0f9c3b,MG1655,2824800,2831200,2828000,6400,100,3531,rep1,False,0,0,F:\Micro-C\micro-c数据\GSE272159_37C_rep1.mapq_30.10.cool,True,MG1655:22,train
WIN_84f88a2201c8c048,MG1655,2825600,2832000,2828800,6400,100,3532,rep1,False,0,0,F:\Micro-C\micro-c数据\GSE272159_37C_rep1.mapq_30.10.cool,True,MG1655:22,train
WIN_504456916721d12f,MG1655,2826400,2832800,2829600,6400,100,3533,rep1,False,0,0,F:\Micro-C\micro-c数据\GSE272159_37C_rep1.mapq_30.10.cool,True,MG1655:22,train
WIN_e68cc5e87b7efa0e,MG1655,2827200,2833600,2830400,6400,100,3534,rep1,False,0,0,F:\Micro-C\micro-c数据\GSE272159_37C_rep1.mapq_30.10.cool,True,MG1655:22,train
WIN_a6ee51a43fe017a6,MG1655,2828000,2834400,2831200,6400,100,3535,rep1,False,0,0,F:\Micro-C\micro-c数据\GSE272159_37C_rep1.mapq_30.10.cool,True,MG1655:22,train
WIN_2bece3c716a8a652,MG1655,2828800,2835200,2832000,6400,100,3536,rep1,False,0,0,F:\Micro-C\micro-c数据\GSE272159_37C_rep1.mapq_30.10.cool,True,MG1655:22,train
WIN_f98985cfbb5371d1,MG1655,2829600,2836000,2832800,6400,100,3537,rep1,False,0,0,F:\Micro-C\micro-c数据\GSE272159_37C_rep1.mapq_30.10.cool,True,MG1655:22,train
WIN_4fd0a26ea64192a1,MG1655,2830400,2836800,2833600,6400,100,3538,rep1,False,0,0,F:\Micro-C\micro-c数据\GSE272159_37C_rep1.mapq_30.10.cool,True,MG1655:22,train
WIN_5cca9bf7b72f9ae1,MG1655,2831200,2837600,2834400,6400,100,3539,rep1,False,0,0,F:\Micro-C\micro-c数据\GSE272159_37C_rep1.mapq_30.10.cool,True,MG1655:22,train
WIN_930da18a0fe9188c,MG1655,2832000,2838400,2835200,6400,100,3540,rep1,False,0,0,F:\Micro-C\micro-c数据\GSE272159_37C_rep1.mapq_30.10.cool,True,MG1655:22,train
WIN_69ddbf5553d3b77d,MG1655,2832800,2839200,2836000,6400,100,3541,rep1,False,0,0,F:\Micro-C\micro-c数据\GSE272159_37C_rep1.mapq_30.10.cool,True,MG1655:22,train
WIN_8a799e25e57e62c2,MG1655,2833600,2840000,2836800,6400,100,3542,rep1,False,0,0,F:\Micro-C\micro-c数据\GSE272159_37C_rep1.mapq_30.10.cool,True,MG1655:22,train
WIN_8bcf932053f12c47,MG1655,2834400,2840800,2837600,6400,100,3543,rep1,False,0,0,F:\Micro-C\micro-c数据\GSE272159_37C_rep1.mapq_30.10.cool,True,MG1655:22,train
WIN_9a4ae8eb8e983966,MG1655,2835200,2841600,2838400,6400,100,3544,rep1,False,0,0,F:\Micro-C\micro-c数据\GSE272159_37C_rep1.mapq_30.10.cool,True,MG1655:22,train
WIN_2bbb5bdbfe1631dc,MG1655,2836000,2842400,2839200,6400,100,3545,rep1,False,0,0,F:\Micro-C\micro-c数据\GSE272159_37C_rep1.mapq_30.10.cool,True,MG1655:22,train
WIN_b6463a20f690d760,MG1655,2836800,2843200,2840000,6400,100,3546,rep1,False,0,0,F:\Micro-C\micro-c数据\GSE272159_37C_rep1.mapq_30.10.cool,True,MG1655:22,train
WIN_cfd99cb3ae431ca7,MG1655,2837600,2844000,2840800,6400,100,3547,rep1,False,0,0,F:\Micro-C\micro-c数据\GSE272159_37C_rep1.mapq_30.10.cool,True,MG1655:22,train
WIN_b98d8b9f41838190,MG1655,2838400,2844800,2841600,6400,100,3548,rep1,False,0,0,F:\Micro-C\micro-c数据\GSE272159_37C_rep1.mapq_30.10.cool,True,MG1655:22,train
WIN_404cd9fcc98030f7,MG1655,2839200,2845600,2842400,6400,100,3549,rep1,False,0,0,F:\Micro-C\micro-c数据\GSE272159_37C_rep1.mapq_30.10.cool,True,MG1655:22,train
WIN_99accb452cc81d6b,MG1655,2840000,2846400,2843200,6400,100,3550,rep1,False,0,0,F:\Micro-C\micro-c数据\GSE272159_37C_rep1.mapq_30.10.cool,True,MG1655:22,train
WIN_6ce08324affde953,MG1655,2840800,2847200,2844000,6400,100,3551,rep1,False,0,0,F:\Micro-C\micro-c数据\GSE272159_37C_rep1.mapq_30.10.cool,True,MG1655:22,train
WIN_0108e13f4481c350,MG1655,2841600,2848000,2844800,6400,100,3552,rep1,False,0,0,F:\Micro-C\micro-c数据\GSE272159_37C_rep1.mapq_30.10.cool,True,MG1655:22,train
WIN_10d75a71791eaf85,MG1655,2842400,2848800,2845600,6400,100,3553,rep1,False,0,0,F:\Micro-C\micro-c数据\GSE272159_37C_rep1.mapq_30.10.cool,True,MG1655:22,train
WIN_f377735202ba8bf6,MG1655,2843200,2849600,2846400,6400,100,3554,rep1,False,0,0,F:\Micro-C\micro-c数据\GSE272159_37C_rep1.mapq_30.10.cool,True,MG1655:22,train
WIN_6023a8a425b50b1a,MG1655,2844000,2850400,2847200,6400,100,3555,rep1,False,0,0,F:\Micro-C\micro-c数据\GSE272159_37C_rep1.mapq_30.10.cool,True,MG1655:22,train
WIN_6da5382762500a53,MG1655,2844800,2851200,2848000,6400,100,3556,rep1,False,0,0,F:\Micro-C\micro-c数据\GSE272159_37C_rep1.mapq_30.10.cool,True,MG1655:22,train
WIN_db7468b445ecdba0,MG1655,2845600,2852000,2848800,6400,100,3557,rep1,False,0,0,F:\Micro-C\micro-c数据\GSE272159_37C_rep1.mapq_30.10.cool,True,MG1655:22,train
WIN_7b00909410f4d46c,MG1655,2846400,2852800,2849600,6400,100,3558,rep1,False,0,0,F:\Micro-C\micro-c数据\GSE272159_37C_rep1.mapq_30.10.cool,True,MG1655:22,train
WIN_661df55c0695e326,MG1655,2847200,2853600,2850400,6400,100,3559,rep1,False,0,0,F:\Micro-C\micro-c数据\GSE272159_37C_rep1.mapq_30.10.cool,True,MG1655:22,train
WIN_327840494867db10,MG1655,2848000,2854400,2851200,6400,100,3560,rep1,False,0,0,F:\Micro-C\micro-c数据\GSE272159_37C_rep1.mapq_30.10.cool,True,MG1655:22,train
WIN_110fe685b369d6e9,MG1655,2848800,2855200,2852000,6400,100,3561,rep1,False,0,0,F:\Micro-C\micro-c数据\GSE272159_37C_rep1.mapq_30.10.cool,True,MG1655:22,train
WIN_8e1f3a46861da9e9,MG1655,2849600,2856000,2852800,6400,100,3562,rep1,False,0,0,F:\Micro-C\micro-c数据\GSE272159_37C_rep1.mapq_30.10.cool,True,MG1655:22,train
WIN_4478f10bd2af415a,MG1655,2850400,2856800,2853600,6400,100,3563,rep1,False,0,0,F:\Micro-C\micro-c数据\GSE272159_37C_rep1.mapq_30.10.cool,True,MG1655:22,train
WIN_315e90b42b096ade,MG1655,2851200,2857600,2854400,6400,100,3564,rep1,False,0,0,F:\Micro-C\micro-c数据\GSE272159_37C_rep1.mapq_30.10.cool,True,MG1655:22,train
WIN_141608954167d4bc,MG1655,2852000,2858400,2855200,6400,100,3565,rep1,False,0,0,F:\Micro-C\micro-c数据\GSE272159_37C_rep1.mapq_30.10.cool,True,MG1655:22,train
WIN_b352aa7bab080f01,MG1655,2852800,2859200,2856000,6400,100,3566,rep1,False,0,0,F:\Micro-C\micro-c数据\GSE272159_37C_rep1.mapq_30.10.cool,True,MG1655:22,train
WIN_f50299f46544df5f,MG1655,2853600,2860000,2856800,6400,100,3567,rep1,False,0,0,F:\Micro-C\micro-c数据\GSE272159_37C_rep1.mapq_30.10.cool,True,MG1655:22,train
WIN_8b3faa4052392f60,MG1655,2854400,2860800,2857600,6400,100,3568,rep1,False,0,0,F:\Micro-C\micro-c数据\GSE272159_37C_rep1.mapq_30.10.cool,True,MG1655:22,train
WIN_e2d2b05aabc78f44,MG1655,2855200,2861600,2858400,6400,100,3569,rep1,False,0,0,F:\Micro-C\micro-c数据\GSE272159_37C_rep1.mapq_30.10.cool,True,MG1655:22,train
WIN_37964cba0f9514ff,MG1655,2948000,2954400,2951200,6400,100,3685,rep1,False,0,0,F:\Micro-C\micro-c数据\GSE272159_37C_rep1.mapq_30.10.cool,True,MG1655:23,train
WIN_c1443815c4baac57,MG1655,2948800,2955200,2952000,6400,100,3686,rep1,False,0,0,F:\Micro-C\micro-c数据\GSE272159_37C_rep1.mapq_30.10.cool,True,MG1655:23,train
WIN_be523cbb05f9ce07,MG1655,2949600,2956000,2952800,6400,100,3687,rep1,False,0,0,F:\Micro-C\micro-c数据\GSE272159_37C_rep1.mapq_30.10.cool,True,MG1655:23,train
WIN_1ddd2b187be4b081,MG1655,2950400,2956800,2953600,6400,100,3688,rep1,False,0,0,F:\Micro-C\micro-c数据\GSE272159_37C_rep1.mapq_30.10.cool,True,MG1655:23,train
WIN_231827b145ff3a5a,MG1655,2951200,2957600,2954400,6400,100,3689,rep1,False,0,0,F:\Micro-C\micro-c数据\GSE272159_37C_rep1.mapq_30.10.cool,True,MG1655:23,train
WIN_870bfe7dbc611efb,MG1655,2952000,2958400,2955200,6400,100,3690,rep1,False,0,0,F:\Micro-C\micro-c数据\GSE272159_37C_rep1.mapq_30.10.cool,True,MG1655:23,train
WIN_0a591db99d969cc9,MG1655,2952800,2959200,2956000,6400,100,3691,rep1,False,0,0,F:\Micro-C\micro-c数据\GSE272159_37C_rep1.mapq_30.10.cool,True,MG1655:23,train
WIN_b69fc0b0068aa102,MG1655,2953600,2960000,2956800,6400,100,3692,rep1,False,0,0,F:\Micro-C\micro-c数据\GSE272159_37C_rep1.mapq_30.10.cool,True,MG1655:23,train
WIN_6843c22274c25823,MG1655,2973600,2980000,2976800,6400,100,3717,rep1,False,0,0,F:\Micro-C\micro-c数据\GSE272159_37C_rep1.mapq_30.10.cool,True,MG1655:23,train
WIN_f228f379fd7b8bb0,MG1655,3020800,3027200,3024000,6400,100,3776,rep1,False,0,0,F:\Micro-C\micro-c数据\GSE272159_37C_rep1.mapq_30.10.cool,True,MG1655:23,train
WIN_fa1e410577e4ae0b,MG1655,3021600,3028000,3024800,6400,100,3777,rep1,False,0,0,F:\Micro-C\micro-c数据\GSE272159_37C_rep1.mapq_30.10.cool,True,MG1655:23,train
WIN_3faebfb8c70eb6a7,MG1655,3022400,3028800,3025600,6400,100,3778,rep1,False,0,0,F:\Micro-C\micro-c数据\GSE272159_37C_rep1.mapq_30.10.cool,True,MG1655:23,train
WIN_4caa80f476fa98b4,MG1655,3023200,3029600,3026400,6400,100,3779,rep1,False,0,0,F:\Micro-C\micro-c数据\GSE272159_37C_rep1.mapq_30.10.cool,True,MG1655:23,train
WIN_90b4a7fc21a6f273,MG1655,3024000,3030400,3027200,6400,100,3780,rep1,False,0,0,F:\Micro-C\micro-c数据\GSE272159_37C_rep1.mapq_30.10.cool,True,MG1655:23,train
WIN_582fe8618fa6aadc,MG1655,3024800,3031200,3028000,6400,100,3781,rep1,False,0,0,F:\Micro-C\micro-c数据\GSE272159_37C_rep1.mapq_30.10.cool,True,MG1655:23,train
WIN_74edfc953685b59d,MG1655,3025600,3032000,3028800,6400,100,3782,rep1,False,0,0,F:\Micro-C\micro-c数据\GSE272159_37C_rep1.mapq_30.10.cool,True,MG1655:23,train
WIN_04565ab6c343eaba,MG1655,3026400,3032800,3029600,6400,100,3783,rep1,False,0,0,F:\Micro-C\micro-c数据\GSE272159_37C_rep1.mapq_30.10.cool,True,MG1655:23,train
WIN_00f11f02601c3e3f,MG1655,3027200,3033600,3030400,6400,100,3784,rep1,False,0,0,F:\Micro-C\micro-c数据\GSE272159_37C_rep1.mapq_30.10.cool,True,MG1655:23,train
WIN_28a2c2c009726382,MG1655,3028000,3034400,3031200,6400,100,3785,rep1,False,0,0,F:\Micro-C\micro-c数据\GSE272159_37C_rep1.mapq_30.10.cool,True,MG1655:23,train
WIN_feb80dfcb9fca1fd,MG1655,3028800,3035200,3032000,6400,100,3786,rep1,False,0,0,F:\Micro-C\micro-c数据\GSE272159_37C_rep1.mapq_30.10.cool,True,MG1655:23,train
WIN_5595c782a593acc1,MG1655,3061600,3068000,3064800,6400,100,3827,rep1,False,0,0,F:\Micro-C\micro-c数据\GSE272159_37C_rep1.mapq_30.10.cool,True,MG1655:23,train
WIN_7e9109bd3517bf18,MG1655,3062400,3068800,3065600,6400,100,3828,rep1,False,0,0,F:\Micro-C\micro-c数据\GSE272159_37C_rep1.mapq_30.10.cool,True,MG1655:23,train
WIN_9e9ae060f43292d3,MG1655,3063200,3069600,3066400,6400,100,3829,rep1,False,0,0,F:\Micro-C\micro-c数据\GSE272159_37C_rep1.mapq_30.10.cool,True,MG1655:23,train
WIN_b680948d9cfbc05a,MG1655,3064000,3070400,3067200,6400,100,3830,rep1,False,0,0,F:\Micro-C\micro-c数据\GSE272159_37C_rep1.mapq_30.10.cool,True,MG1655:23,train
WIN_119a8db0224e612f,MG1655,3064800,3071200,3068000,6400,100,3831,rep1,False,0,0,F:\Micro-C\micro-c数据\GSE272159_37C_rep1.mapq_30.10.cool,True,MG1655:23,train
WIN_f6288889ffb642af,MG1655,3084800,3091200,3088000,6400,100,3856,rep1,False,0,0,F:\Micro-C\micro-c数据\GSE272159_37C_rep1.mapq_30.10.cool,True,MG1655:24,validation
WIN_cdb6b7252504fab6,MG1655,3085600,3092000,3088800,6400,100,3857,rep1,False,0,0,F:\Micro-C\micro-c数据\GSE272159_37C_rep1.mapq_30.10.cool,True,MG1655:24,validation
WIN_17fa051f88067a4a,MG1655,3086400,3092800,3089600,6400,100,3858,rep1,False,0,0,F:\Micro-C\micro-c数据\GSE272159_37C_rep1.mapq_30.10.cool,True,MG1655:24,validation
WIN_5b88401b8f196516,MG1655,3087200,3093600,3090400,6400,100,3859,rep1,False,0,0,F:\Micro-C\micro-c数据\GSE272159_37C_rep1.mapq_30.10.cool,True,MG1655:24,validation
WIN_69ae848b8ba7ca60,MG1655,3088000,3094400,3091200,6400,100,3860,rep1,False,0,0,F:\Micro-C\micro-c数据\GSE272159_37C_rep1.mapq_30.10.cool,True,MG1655:24,validation
WIN_8eaf3878d5221aa1,MG1655,3088800,3095200,3092000,6400,100,3861,rep1,False,0,0,F:\Micro-C\micro-c数据\GSE272159_37C_rep1.mapq_30.10.cool,True,MG1655:24,validation
WIN_2d0e8a7a9e329d1b,MG1655,3089600,3096000,3092800,6400,100,3862,rep1,False,0,0,F:\Micro-C\micro-c数据\GSE272159_37C_rep1.mapq_30.10.cool,True,MG1655:24,validation
WIN_1152dc1608724e1f,MG1655,3090400,3096800,3093600,6400,100,3863,rep1,False,0,0,F:\Micro-C\micro-c数据\GSE272159_37C_rep1.mapq_30.10.cool,True,MG1655:24,validation
WIN_bcfe277537712da2,MG1655,3091200,3097600,3094400,6400,100,3864,rep1,False,0,0,F:\Micro-C\micro-c数据\GSE272159_37C_rep1.mapq_30.10.cool,True,MG1655:24,validation
WIN_6f93a151ced4026e,MG1655,3092000,3098400,3095200,6400,100,3865,rep1,False,0,0,F:\Micro-C\micro-c数据\GSE272159_37C_rep1.mapq_30.10.cool,True,MG1655:24,validation
WIN_2a14151a84e931ac,MG1655,3092800,3099200,3096000,6400,100,3866,rep1,False,0,0,F:\Micro-C\micro-c数据\GSE272159_37C_rep1.mapq_30.10.cool,True,MG1655:24,validation
WIN_481fc9b0a9b508ae,MG1655,3093600,3100000,3096800,6400,100,3867,rep1,False,0,0,F:\Micro-C\micro-c数据\GSE272159_37C_rep1.mapq_30.10.cool,True,MG1655:24,validation
WIN_7f43f7c54bcb86d7,MG1655,3094400,3100800,3097600,6400,100,3868,rep1,False,0,0,F:\Micro-C\micro-c数据\GSE272159_37C_rep1.mapq_30.10.cool,True,MG1655:24,validation
WIN_14cb3a139eccd092,MG1655,3095200,3101600,3098400,6400,100,3869,rep1,False,0,0,F:\Micro-C\micro-c数据\GSE272159_37C_rep1.mapq_30.10.cool,True,MG1655:24,validation
WIN_f260b8621507f6f7,MG1655,3096000,3102400,3099200,6400,100,3870,rep1,False,0,0,F:\Micro-C\micro-c数据\GSE272159_37C_rep1.mapq_30.10.cool,True,MG1655:24,validation
WIN_bdb2445fb2c78df2,MG1655,3096800,3103200,3100000,6400,100,3871,rep1,False,0,0,F:\Micro-C\micro-c数据\GSE272159_37C_rep1.mapq_30.10.cool,True,MG1655:24,validation
WIN_f62066ef83e72eb2,MG1655,3097600,3104000,3100800,6400,100,3872,rep1,False,0,0,F:\Micro-C\micro-c数据\GSE272159_37C_rep1.mapq_30.10.cool,True,MG1655:24,validation
WIN_94adea02c3fdbdce,MG1655,3098400,3104800,3101600,6400,100,3873,rep1,False,0,0,F:\Micro-C\micro-c数据\GSE272159_37C_rep1.mapq_30.10.cool,True,MG1655:24,validation
WIN_c82acb37a991b215,MG1655,3099200,3105600,3102400,6400,100,3874,rep1,False,0,0,F:\Micro-C\micro-c数据\GSE272159_37C_rep1.mapq_30.10.cool,True,MG1655:24,validation
WIN_c80aff93d9b5c6aa,MG1655,3100000,3106400,3103200,6400,100,3875,rep1,False,0,0,F:\Micro-C\micro-c数据\GSE272159_37C_rep1.mapq_30.10.cool,True,MG1655:24,validation
WIN_c4550fa89e0d9cac,MG1655,3100800,3107200,3104000,6400,100,3876,rep1,False,0,0,F:\Micro-C\micro-c数据\GSE272159_37C_rep1.mapq_30.10.cool,True,MG1655:24,validation
WIN_c91c2f8e7df024f4,MG1655,3101600,3108000,3104800,6400,100,3877,rep1,False,0,0,F:\Micro-C\micro-c数据\GSE272159_37C_rep1.mapq_30.10.cool,True,MG1655:24,validation
WIN_af460bcdc83f3496,MG1655,3102400,3108800,3105600,6400,100,3878,rep1,False,0,0,F:\Micro-C\micro-c数据\GSE272159_37C_rep1.mapq_30.10.cool,True,MG1655:24,validation
WIN_26fc8e13211d172b,MG1655,3103200,3109600,3106400,6400,100,3879,rep1,False,0,0,F:\Micro-C\micro-c数据\GSE272159_37C_rep1.mapq_30.10.cool,True,MG1655:24,validation
WIN_bf5acdab1d696894,MG1655,3104000,3110400,3107200,6400,100,3880,rep1,False,0,0,F:\Micro-C\micro-c数据\GSE272159_37C_rep1.mapq_30.10.cool,True,MG1655:24,validation
WIN_ea0996289819a194,MG1655,3104800,3111200,3108000,6400,100,3881,rep1,False,0,0,F:\Micro-C\micro-c数据\GSE272159_37C_rep1.mapq_30.10.cool,True,MG1655:24,validation
WIN_d6a0e7d9d3545a16,MG1655,3105600,3112000,3108800,6400,100,3882,rep1,False,0,0,F:\Micro-C\micro-c数据\GSE272159_37C_rep1.mapq_30.10.cool,True,MG1655:24,validation
WIN_329fec87fe49dba9,MG1655,3106400,3112800,3109600,6400,100,3883,rep1,False,0,0,F:\Micro-C\micro-c数据\GSE272159_37C_rep1.mapq_30.10.cool,True,MG1655:24,validation
WIN_588d7c7e737661d8,MG1655,3107200,3113600,3110400,6400,100,3884,rep1,False,0,0,F:\Micro-C\micro-c数据\GSE272159_37C_rep1.mapq_30.10.cool,True,MG1655:24,validation
WIN_cb2be224429bac7b,MG1655,3108000,3114400,3111200,6400,100,3885,rep1,False,0,0,F:\Micro-C\micro-c数据\GSE272159_37C_rep1.mapq_30.10.cool,True,MG1655:24,validation
WIN_9306ec4fc294a42e,MG1655,3108800,3115200,3112000,6400,100,3886,rep1,False,0,0,F:\Micro-C\micro-c数据\GSE272159_37C_rep1.mapq_30.10.cool,True,MG1655:24,validation
WIN_799b89c85e94bd56,MG1655,3109600,3116000,3112800,6400,100,3887,rep1,False,0,0,F:\Micro-C\micro-c数据\GSE272159_37C_rep1.mapq_30.10.cool,True,MG1655:24,validation
WIN_16d5c570624dd17f,MG1655,3110400,3116800,3113600,6400,100,3888,rep1,False,0,0,F:\Micro-C\micro-c数据\GSE272159_37C_rep1.mapq_30.10.cool,True,MG1655:24,validation
WIN_52f7249cbc701c8e,MG1655,3111200,3117600,3114400,6400,100,3889,rep1,False,0,0,F:\Micro-C\micro-c数据\GSE272159_37C_rep1.mapq_30.10.cool,True,MG1655:24,validation
WIN_1b2efa4545c20222,MG1655,3112000,3118400,3115200,6400,100,3890,rep1,False,0,0,F:\Micro-C\micro-c数据\GSE272159_37C_rep1.mapq_30.10.cool,True,MG1655:24,validation
WIN_af04126cdbf2591a,MG1655,3112800,3119200,3116000,6400,100,3891,rep1,False,0,0,F:\Micro-C\micro-c数据\GSE272159_37C_rep1.mapq_30.10.cool,True,MG1655:24,validation
WIN_4b9fd6dbaa801f5b,MG1655,3113600,3120000,3116800,6400,100,3892,rep1,False,0,0,F:\Micro-C\micro-c数据\GSE272159_37C_rep1.mapq_30.10.cool,True,MG1655:24,validation
WIN_78b86f1841c0af32,MG1655,3114400,3120800,3117600,6400,100,3893,rep1,False,0,0,F:\Micro-C\micro-c数据\GSE272159_37C_rep1.mapq_30.10.cool,True,MG1655:24,validation
WIN_b941d9dab55f3e2b,MG1655,3115200,3121600,3118400,6400,100,3894,rep1,False,0,0,F:\Micro-C\micro-c数据\GSE272159_37C_rep1.mapq_30.10.cool,True,MG1655:24,validation
WIN_c012b06c75ce368f,MG1655,3116000,3122400,3119200,6400,100,3895,rep1,False,0,0,F:\Micro-C\micro-c数据\GSE272159_37C_rep1.mapq_30.10.cool,True,MG1655:24,validation
WIN_7f8d1216f5e835c4,MG1655,3116800,3123200,3120000,6400,100,3896,rep1,False,0,0,F:\Micro-C\micro-c数据\GSE272159_37C_rep1.mapq_30.10.cool,True,MG1655:24,validation
WIN_f6b8f01b8cf9cb07,MG1655,3117600,3124000,3120800,6400,100,3897,rep1,False,0,0,F:\Micro-C\micro-c数据\GSE272159_37C_rep1.mapq_30.10.cool,True,MG1655:24,validation
WIN_0cc99abab23bf8e4,MG1655,3118400,3124800,3121600,6400,100,3898,rep1,False,0,0,F:\Micro-C\micro-c数据\GSE272159_37C_rep1.mapq_30.10.cool,True,MG1655:24,validation
WIN_2a0382036f229887,MG1655,3119200,3125600,3122400,6400,100,3899,rep1,False,0,0,F:\Micro-C\micro-c数据\GSE272159_37C_rep1.mapq_30.10.cool,True,MG1655:24,validation
WIN_8d0882c29f2ad07b,MG1655,3120000,3126400,3123200,6400,100,3900,rep1,False,0,0,F:\Micro-C\micro-c数据\GSE272159_37C_rep1.mapq_30.10.cool,True,MG1655:24,validation
WIN_e5c9be082e5ed098,MG1655,3120800,3127200,3124000,6400,100,3901,rep1,False,0,0,F:\Micro-C\micro-c数据\GSE272159_37C_rep1.mapq_30.10.cool,True,MG1655:24,validation
WIN_a6c93eb05428d18b,MG1655,3121600,3128000,3124800,6400,100,3902,rep1,False,0,0,F:\Micro-C\micro-c数据\GSE272159_37C_rep1.mapq_30.10.cool,True,MG1655:24,validation
WIN_c3e3b04cc308c1e5,MG1655,3122400,3128800,3125600,6400,100,3903,rep1,False,0,0,F:\Micro-C\micro-c数据\GSE272159_37C_rep1.mapq_30.10.cool,True,MG1655:24,validation
WIN_b319db500bdf8493,MG1655,3123200,3129600,3126400,6400,100,3904,rep1,False,0,0,F:\Micro-C\micro-c数据\GSE272159_37C_rep1.mapq_30.10.cool,True,MG1655:24,validation
WIN_f5a60d7c61d029ee,MG1655,3124000,3130400,3127200,6400,100,3905,rep1,True,1,1,F:\Micro-C\micro-c数据\GSE272159_37C_rep1.mapq_30.10.cool,True,MG1655:24,validation
WIN_028f42a0c149da12,MG1655,3124800,3131200,3128000,6400,100,3906,rep1,True,9,9,F:\Micro-C\micro-c数据\GSE272159_37C_rep1.mapq_30.10.cool,True,MG1655:24,validation
WIN_3a9b503ffd31dce4,MG1655,3125600,3132000,3128800,6400,100,3907,rep1,True,9,9,F:\Micro-C\micro-c数据\GSE272159_37C_rep1.mapq_30.10.cool,True,MG1655:24,validation
WIN_e6b0bd4bc8fe1b66,MG1655,3126400,3132800,3129600,6400,100,3908,rep1,True,9,9,F:\Micro-C\micro-c数据\GSE272159_37C_rep1.mapq_30.10.cool,True,MG1655:24,validation
WIN_f1a3c4e99af8e26b,MG1655,3127200,3133600,3130400,6400,100,3909,rep1,True,9,9,F:\Micro-C\micro-c数据\GSE272159_37C_rep1.mapq_30.10.cool,True,MG1655:24,validation
WIN_eae6adce214161bf,MG1655,3128000,3134400,3131200,6400,100,3910,rep1,True,9,9,F:\Micro-C\micro-c数据\GSE272159_37C_rep1.mapq_30.10.cool,True,MG1655:24,validation
WIN_e239b079825c8f2a,MG1655,3128800,3135200,3132000,6400,100,3911,rep1,True,9,9,F:\Micro-C\micro-c数据\GSE272159_37C_rep1.mapq_30.10.cool,True,MG1655:24,validation
WIN_89a0e99cc02b1258,MG1655,3129600,3136000,3132800,6400,100,3912,rep1,True,9,9,F:\Micro-C\micro-c数据\GSE272159_37C_rep1.mapq_30.10.cool,True,MG1655:24,validation
WIN_eb7c351df58bc704,MG1655,3130400,3136800,3133600,6400,100,3913,rep1,True,8,8,F:\Micro-C\micro-c数据\GSE272159_37C_rep1.mapq_30.10.cool,True,MG1655:24,validation
WIN_30b9d771a1f1c754,MG1655,3131200,3137600,3134400,6400,100,3914,rep1,False,0,0,F:\Micro-C\micro-c数据\GSE272159_37C_rep1.mapq_30.10.cool,True,MG1655:24,validation
WIN_8258699bf76edfaa,MG1655,3132000,3138400,3135200,6400,100,3915,rep1,False,0,0,F:\Micro-C\micro-c数据\GSE272159_37C_rep1.mapq_30.10.cool,True,MG1655:24,validation
WIN_10ed86ccd1ccd1a0,MG1655,3132800,3139200,3136000,6400,100,3916,rep1,False,0,0,F:\Micro-C\micro-c数据\GSE272159_37C_rep1.mapq_30.10.cool,True,MG1655:24,validation
WIN_0fec8410c7d3e0d6,MG1655,3133600,3140000,3136800,6400,100,3917,rep1,False,0,0,F:\Micro-C\micro-c数据\GSE272159_37C_rep1.mapq_30.10.cool,True,MG1655:24,validation
WIN_9e47599e59a1cb7d,MG1655,3134400,3140800,3137600,6400,100,3918,rep1,False,0,0,F:\Micro-C\micro-c数据\GSE272159_37C_rep1.mapq_30.10.cool,True,MG1655:24,validation
WIN_8d0cdf002ba77947,MG1655,3135200,3141600,3138400,6400,100,3919,rep1,False,0,0,F:\Micro-C\micro-c数据\GSE272159_37C_rep1.mapq_30.10.cool,True,MG1655:24,validation
WIN_f8c7b5cef3c93df2,MG1655,3136000,3142400,3139200,6400,100,3920,rep1,False,0,0,F:\Micro-C\micro-c数据\GSE272159_37C_rep1.mapq_30.10.cool,True,MG1655:24,validation
WIN_83b2257189c9fa24,MG1655,3136800,3143200,3140000,6400,100,3921,rep1,False,0,0,F:\Micro-C\micro-c数据\GSE272159_37C_rep1.mapq_30.10.cool,True,MG1655:24,validation
WIN_d63e0466a0f547d9,MG1655,3137600,3144000,3140800,6400,100,3922,rep1,False,0,0,F:\Micro-C\micro-c数据\GSE272159_37C_rep1.mapq_30.10.cool,True,MG1655:24,validation
WIN_7d85aca7c7decebe,MG1655,3138400,3144800,3141600,6400,100,3923,rep1,False,0,0,F:\Micro-C\micro-c数据\GSE272159_37C_rep1.mapq_30.10.cool,True,MG1655:24,validation
WIN_4308598b5394af1e,MG1655,3139200,3145600,3142400,6400,100,3924,rep1,False,0,0,F:\Micro-C\micro-c数据\GSE272159_37C_rep1.mapq_30.10.cool,True,MG1655:24,validation
WIN_44938b4ccb54b4c1,MG1655,3140000,3146400,3143200,6400,100,3925,rep1,False,0,0,F:\Micro-C\micro-c数据\GSE272159_37C_rep1.mapq_30.10.cool,True,MG1655:24,validation
WIN_377615a3970f4e81,MG1655,3140800,3147200,3144000,6400,100,3926,rep1,False,0,0,F:\Micro-C\micro-c数据\GSE272159_37C_rep1.mapq_30.10.cool,True,MG1655:24,validation
WIN_2a1f916510a964bd,MG1655,3141600,3148000,3144800,6400,100,3927,rep1,False,0,0,F:\Micro-C\micro-c数据\GSE272159_37C_rep1.mapq_30.10.cool,True,MG1655:24,validation
WIN_274b29547412cf1a,MG1655,3142400,3148800,3145600,6400,100,3928,rep1,False,0,0,F:\Micro-C\micro-c数据\GSE272159_37C_rep1.mapq_30.10.cool,True,MG1655:24,validation
WIN_24153ae583b36c26,MG1655,3143200,3149600,3146400,6400,100,3929,rep1,False,0,0,F:\Micro-C\micro-c数据\GSE272159_37C_rep1.mapq_30.10.cool,True,MG1655:24,validation
WIN_4e49e7c531732ffe,MG1655,3144000,3150400,3147200,6400,100,3930,rep1,False,0,0,F:\Micro-C\micro-c数据\GSE272159_37C_rep1.mapq_30.10.cool,True,MG1655:24,validation
WIN_af34fd531e5e2ea5,MG1655,3144800,3151200,3148000,6400,100,3931,rep1,False,0,0,F:\Micro-C\micro-c数据\GSE272159_37C_rep1.mapq_30.10.cool,True,MG1655:24,validation
WIN_7ae70b4c0aff3ddf,MG1655,3145600,3152000,3148800,6400,100,3932,rep1,False,0,0,F:\Micro-C\micro-c数据\GSE272159_37C_rep1.mapq_30.10.cool,True,MG1655:24,validation
WIN_7ac8f09911707357,MG1655,3146400,3152800,3149600,6400,100,3933,rep1,False,0,0,F:\Micro-C\micro-c数据\GSE272159_37C_rep1.mapq_30.10.cool,True,MG1655:24,validation
WIN_89b2bf757d1f3809,MG1655,3147200,3153600,3150400,6400,100,3934,rep1,False,0,0,F:\Micro-C\micro-c数据\GSE272159_37C_rep1.mapq_30.10.cool,True,MG1655:24,validation
WIN_a81b727b55fca15b,MG1655,3148000,3154400,3151200,6400,100,3935,rep1,False,0,0,F:\Micro-C\micro-c数据\GSE272159_37C_rep1.mapq_30.10.cool,True,MG1655:24,validation
WIN_fe5afcc63008ca75,MG1655,3148800,3155200,3152000,6400,100,3936,rep1,False,0,0,F:\Micro-C\micro-c数据\GSE272159_37C_rep1.mapq_30.10.cool,True,MG1655:24,validation
WIN_d0c40cebfb0601c5,MG1655,3149600,3156000,3152800,6400,100,3937,rep1,False,0,0,F:\Micro-C\micro-c数据\GSE272159_37C_rep1.mapq_30.10.cool,True,MG1655:24,validation
WIN_3cd30f18c34d2a34,MG1655,3150400,3156800,3153600,6400,100,3938,rep1,False,0,0,F:\Micro-C\micro-c数据\GSE272159_37C_rep1.mapq_30.10.cool,True,MG1655:24,validation
WIN_bfe287769f9bd8a4,MG1655,3151200,3157600,3154400,6400,100,3939,rep1,False,0,0,F:\Micro-C\micro-c数据\GSE272159_37C_rep1.mapq_30.10.cool,True,MG1655:24,validation
WIN_d39ee860ee4ba9a6,MG1655,3152000,3158400,3155200,6400,100,3940,rep1,False,0,0,F:\Micro-C\micro-c数据\GSE272159_37C_rep1.mapq_30.10.cool,True,MG1655:24,validation
WIN_7b4d2f8c757e420e,MG1655,3152800,3159200,3156000,6400,100,3941,rep1,False,0,0,F:\Micro-C\micro-c数据\GSE272159_37C_rep1.mapq_30.10.cool,True,MG1655:24,validation
WIN_06e31a3d9b9e9764,MG1655,3153600,3160000,3156800,6400,100,3942,rep1,False,0,0,F:\Micro-C\micro-c数据\GSE272159_37C_rep1.mapq_30.10.cool,True,MG1655:24,validation
WIN_9610a278955d44b3,MG1655,3154400,3160800,3157600,6400,100,3943,rep1,False,0,0,F:\Micro-C\micro-c数据\GSE272159_37C_rep1.mapq_30.10.cool,True,MG1655:24,validation
WIN_48e689ea159a0eff,MG1655,3155200,3161600,3158400,6400,100,3944,rep1,False,0,0,F:\Micro-C\micro-c数据\GSE272159_37C_rep1.mapq_30.10.cool,True,MG1655:24,validation
WIN_d27e1098bb8c07cf,MG1655,3156000,3162400,3159200,6400,100,3945,rep1,False,0,0,F:\Micro-C\micro-c数据\GSE272159_37C_rep1.mapq_30.10.cool,True,MG1655:24,validation
WIN_2f3d853ed7d5ec04,MG1655,3156800,3163200,3160000,6400,100,3946,rep1,False,0,0,F:\Micro-C\micro-c数据\GSE272159_37C_rep1.mapq_30.10.cool,True,MG1655:24,validation
WIN_1b79c41f96f5c324,MG1655,3157600,3164000,3160800,6400,100,3947,rep1,False,0,0,F:\Micro-C\micro-c数据\GSE272159_37C_rep1.mapq_30.10.cool,True,MG1655:24,validation
WIN_730115b9fc452f84,MG1655,3158400,3164800,3161600,6400,100,3948,rep1,False,0,0,F:\Micro-C\micro-c数据\GSE272159_37C_rep1.mapq_30.10.cool,True,MG1655:24,validation
WIN_1b313bc03d57d902,MG1655,3159200,3165600,3162400,6400,100,3949,rep1,False,0,0,F:\Micro-C\micro-c数据\GSE272159_37C_rep1.mapq_30.10.cool,True,MG1655:24,validation
WIN_deac9eae7c3e6fe1,MG1655,3160000,3166400,3163200,6400,100,3950,rep1,False,0,0,F:\Micro-C\micro-c数据\GSE272159_37C_rep1.mapq_30.10.cool,True,MG1655:24,validation
WIN_aac9cbb1b7f6c49b,MG1655,3160800,3167200,3164000,6400,100,3951,rep1,False,0,0,F:\Micro-C\micro-c数据\GSE272159_37C_rep1.mapq_30.10.cool,True,MG1655:24,validation
WIN_c042791962f8d195,MG1655,3161600,3168000,3164800,6400,100,3952,rep1,False,0,0,F:\Micro-C\micro-c数据\GSE272159_37C_rep1.mapq_30.10.cool,True,MG1655:24,validation
WIN_407009683f2617c7,MG1655,3162400,3168800,3165600,6400,100,3953,rep1,False,0,0,F:\Micro-C\micro-c数据\GSE272159_37C_rep1.mapq_30.10.cool,True,MG1655:24,validation
WIN_989702bedc631035,MG1655,3163200,3169600,3166400,6400,100,3954,rep1,False,0,0,F:\Micro-C\micro-c数据\GSE272159_37C_rep1.mapq_30.10.cool,True,MG1655:24,validation
WIN_c476423da039817b,MG1655,3164000,3170400,3167200,6400,100,3955,rep1,False,0,0,F:\Micro-C\micro-c数据\GSE272159_37C_rep1.mapq_30.10.cool,True,MG1655:24,validation
WIN_fc119a74d86c866c,MG1655,3164800,3171200,3168000,6400,100,3956,rep1,False,0,0,F:\Micro-C\micro-c数据\GSE272159_37C_rep1.mapq_30.10.cool,True,MG1655:24,validation
WIN_5f9296ff930664f7,MG1655,3165600,3172000,3168800,6400,100,3957,rep1,False,0,0,F:\Micro-C\micro-c数据\GSE272159_37C_rep1.mapq_30.10.cool,True,MG1655:24,validation
WIN_3479cf4d981a8ebf,MG1655,3166400,3172800,3169600,6400,100,3958,rep1,False,0,0,F:\Micro-C\micro-c数据\GSE272159_37C_rep1.mapq_30.10.cool,True,MG1655:24,validation
WIN_e440c2aef6874797,MG1655,3167200,3173600,3170400,6400,100,3959,rep1,False,0,0,F:\Micro-C\micro-c数据\GSE272159_37C_rep1.mapq_30.10.cool,True,MG1655:24,validation
WIN_a0fd35ddd57309db,MG1655,3168000,3174400,3171200,6400,100,3960,rep1,False,0,0,F:\Micro-C\micro-c数据\GSE272159_37C_rep1.mapq_30.10.cool,True,MG1655:24,validation
WIN_0d85eb609970de1b,MG1655,3168800,3175200,3172000,6400,100,3961,rep1,False,0,0,F:\Micro-C\micro-c数据\GSE272159_37C_rep1.mapq_30.10.cool,True,MG1655:24,validation
WIN_c13f130a08487822,MG1655,3169600,3176000,3172800,6400,100,3962,rep1,False,0,0,F:\Micro-C\micro-c数据\GSE272159_37C_rep1.mapq_30.10.cool,True,MG1655:24,validation
WIN_be758dd7ec160d0e,MG1655,3170400,3176800,3173600,6400,100,3963,rep1,False,0,0,F:\Micro-C\micro-c数据\GSE272159_37C_rep1.mapq_30.10.cool,True,MG1655:24,validation
WIN_2a656ae4a7d881fa,MG1655,3171200,3177600,3174400,6400,100,3964,rep1,False,0,0,F:\Micro-C\micro-c数据\GSE272159_37C_rep1.mapq_30.10.cool,True,MG1655:24,validation
WIN_417da2498552b7bc,MG1655,3172000,3178400,3175200,6400,100,3965,rep1,False,0,0,F:\Micro-C\micro-c数据\GSE272159_37C_rep1.mapq_30.10.cool,True,MG1655:24,validation
WIN_ebd249aaff8f2bd6,MG1655,3172800,3179200,3176000,6400,100,3966,rep1,False,0,0,F:\Micro-C\micro-c数据\GSE272159_37C_rep1.mapq_30.10.cool,True,MG1655:24,validation
WIN_fd3810d8687a811b,MG1655,3173600,3180000,3176800,6400,100,3967,rep1,False,0,0,F:\Micro-C\micro-c数据\GSE272159_37C_rep1.mapq_30.10.cool,True,MG1655:24,validation
WIN_4a8bac0cfefa3597,MG1655,3212800,3219200,3216000,6400,100,4016,rep1,False,0,0,F:\Micro-C\micro-c数据\GSE272159_37C_rep1.mapq_30.10.cool,True,MG1655:25,train
WIN_784c207990cc1877,MG1655,3213600,3220000,3216800,6400,100,4017,rep1,False,0,0,F:\Micro-C\micro-c数据\GSE272159_37C_rep1.mapq_30.10.cool,True,MG1655:25,train
WIN_bd3b7361831f5e71,MG1655,3233600,3240000,3236800,6400,100,4042,rep1,False,0,0,F:\Micro-C\micro-c数据\GSE272159_37C_rep1.mapq_30.10.cool,True,MG1655:25,train
WIN_3be5a8baecdd9e7f,MG1655,3234400,3240800,3237600,6400,100,4043,rep1,False,0,0,F:\Micro-C\micro-c数据\GSE272159_37C_rep1.mapq_30.10.cool,True,MG1655:25,train
WIN_01a9232996d27628,MG1655,3235200,3241600,3238400,6400,100,4044,rep1,False,0,0,F:\Micro-C\micro-c数据\GSE272159_37C_rep1.mapq_30.10.cool,True,MG1655:25,train
WIN_f347f369f1a0a7f5,MG1655,3236000,3242400,3239200,6400,100,4045,rep1,False,0,0,F:\Micro-C\micro-c数据\GSE272159_37C_rep1.mapq_30.10.cool,True,MG1655:25,train
WIN_1a13786e23553f7a,MG1655,3236800,3243200,3240000,6400,100,4046,rep1,False,0,0,F:\Micro-C\micro-c数据\GSE272159_37C_rep1.mapq_30.10.cool,True,MG1655:25,train
WIN_161dec65671dd569,MG1655,3237600,3244000,3240800,6400,100,4047,rep1,False,0,0,F:\Micro-C\micro-c数据\GSE272159_37C_rep1.mapq_30.10.cool,True,MG1655:25,train
WIN_29165d10614bfc49,MG1655,3238400,3244800,3241600,6400,100,4048,rep1,False,0,0,F:\Micro-C\micro-c数据\GSE272159_37C_rep1.mapq_30.10.cool,True,MG1655:25,train
WIN_cdc4932e9ad17295,MG1655,3239200,3245600,3242400,6400,100,4049,rep1,False,0,0,F:\Micro-C\micro-c数据\GSE272159_37C_rep1.mapq_30.10.cool,True,MG1655:25,train
WIN_55083ebd365d1730,MG1655,3240000,3246400,3243200,6400,100,4050,rep1,False,0,0,F:\Micro-C\micro-c数据\GSE272159_37C_rep1.mapq_30.10.cool,True,MG1655:25,train
WIN_fbdc135687bc0b56,MG1655,3240800,3247200,3244000,6400,100,4051,rep1,False,0,0,F:\Micro-C\micro-c数据\GSE272159_37C_rep1.mapq_30.10.cool,True,MG1655:25,train
WIN_2245fead91dc1508,MG1655,3241600,3248000,3244800,6400,100,4052,rep1,False,0,0,F:\Micro-C\micro-c数据\GSE272159_37C_rep1.mapq_30.10.cool,True,MG1655:25,train
WIN_7d964fe0b72b49db,MG1655,3242400,3248800,3245600,6400,100,4053,rep1,False,0,0,F:\Micro-C\micro-c数据\GSE272159_37C_rep1.mapq_30.10.cool,True,MG1655:25,train
WIN_43a2b6514dfed26e,MG1655,3243200,3249600,3246400,6400,100,4054,rep1,False,0,0,F:\Micro-C\micro-c数据\GSE272159_37C_rep1.mapq_30.10.cool,True,MG1655:25,train
WIN_d68ec52007016837,MG1655,3244000,3250400,3247200,6400,100,4055,rep1,False,0,0,F:\Micro-C\micro-c数据\GSE272159_37C_rep1.mapq_30.10.cool,True,MG1655:25,train
WIN_c509a3f5a62853f8,MG1655,3244800,3251200,3248000,6400,100,4056,rep1,False,0,0,F:\Micro-C\micro-c数据\GSE272159_37C_rep1.mapq_30.10.cool,True,MG1655:25,train
WIN_b3ed1fa5fbfab87c,MG1655,3245600,3252000,3248800,6400,100,4057,rep1,False,0,0,F:\Micro-C\micro-c数据\GSE272159_37C_rep1.mapq_30.10.cool,True,MG1655:25,train
WIN_2041f26b065c70ce,MG1655,3246400,3252800,3249600,6400,100,4058,rep1,False,0,0,F:\Micro-C\micro-c数据\GSE272159_37C_rep1.mapq_30.10.cool,True,MG1655:25,train
WIN_0ed9cdc8f2c1c57f,MG1655,3247200,3253600,3250400,6400,100,4059,rep1,False,0,0,F:\Micro-C\micro-c数据\GSE272159_37C_rep1.mapq_30.10.cool,True,MG1655:25,train
WIN_a7a6d16189c506da,MG1655,3248000,3254400,3251200,6400,100,4060,rep1,False,0,0,F:\Micro-C\micro-c数据\GSE272159_37C_rep1.mapq_30.10.cool,True,MG1655:25,train
WIN_bc77c2916722c51b,MG1655,3248800,3255200,3252000,6400,100,4061,rep1,False,0,0,F:\Micro-C\micro-c数据\GSE272159_37C_rep1.mapq_30.10.cool,True,MG1655:25,train
WIN_88cf92ec8ab32e4d,MG1655,3249600,3256000,3252800,6400,100,4062,rep1,False,0,0,F:\Micro-C\micro-c数据\GSE272159_37C_rep1.mapq_30.10.cool,True,MG1655:25,train
WIN_a1dd0888bcf07b51,MG1655,3294400,3300800,3297600,6400,100,4118,rep1,False,0,0,F:\Micro-C\micro-c数据\GSE272159_37C_rep1.mapq_30.10.cool,True,MG1655:25,train
WIN_4103827681fc01ba,MG1655,3295200,3301600,3298400,6400,100,4119,rep1,False,0,0,F:\Micro-C\micro-c数据\GSE272159_37C_rep1.mapq_30.10.cool,True,MG1655:25,train
WIN_194af9becd8952f2,MG1655,3296000,3302400,3299200,6400,100,4120,rep1,False,0,0,F:\Micro-C\micro-c数据\GSE272159_37C_rep1.mapq_30.10.cool,True,MG1655:25,train
WIN_c6bdaf4fd559d637,MG1655,3296800,3303200,3300000,6400,100,4121,rep1,False,0,0,F:\Micro-C\micro-c数据\GSE272159_37C_rep1.mapq_30.10.cool,True,MG1655:25,train
WIN_d4a8d648db9b19e1,MG1655,3297600,3304000,3300800,6400,100,4122,rep1,False,0,0,F:\Micro-C\micro-c数据\GSE272159_37C_rep1.mapq_30.10.cool,True,MG1655:25,train
WIN_048531edb8a24d9d,MG1655,3298400,3304800,3301600,6400,100,4123,rep1,False,0,0,F:\Micro-C\micro-c数据\GSE272159_37C_rep1.mapq_30.10.cool,True,MG1655:25,train
WIN_60e36f3ab04fd0ba,MG1655,3299200,3305600,3302400,6400,100,4124,rep1,False,0,0,F:\Micro-C\micro-c数据\GSE272159_37C_rep1.mapq_30.10.cool,True,MG1655:25,train
WIN_70e9903a0f3084ae,MG1655,3300000,3306400,3303200,6400,100,4125,rep1,False,0,0,F:\Micro-C\micro-c数据\GSE272159_37C_rep1.mapq_30.10.cool,True,MG1655:25,train
WIN_74579eacce62ff34,MG1655,3300800,3307200,3304000,6400,100,4126,rep1,False,0,0,F:\Micro-C\micro-c数据\GSE272159_37C_rep1.mapq_30.10.cool,True,MG1655:25,train
WIN_3aba776873191154,MG1655,3301600,3308000,3304800,6400,100,4127,rep1,False,0,0,F:\Micro-C\micro-c数据\GSE272159_37C_rep1.mapq_30.10.cool,True,MG1655:25,train
WIN_9a263ef1c9999b37,MG1655,3302400,3308800,3305600,6400,100,4128,rep1,False,0,0,F:\Micro-C\micro-c数据\GSE272159_37C_rep1.mapq_30.10.cool,True,MG1655:25,train
WIN_dd07eacdadb7c163,MG1655,3303200,3309600,3306400,6400,100,4129,rep1,False,0,0,F:\Micro-C\micro-c数据\GSE272159_37C_rep1.mapq_30.10.cool,True,MG1655:25,train
WIN_fb6f2b4293b967c4,MG1655,3304000,3310400,3307200,6400,100,4130,rep1,False,0,0,F:\Micro-C\micro-c数据\GSE272159_37C_rep1.mapq_30.10.cool,True,MG1655:25,train
WIN_1e0ea70289bb780d,MG1655,3304800,3311200,3308000,6400,100,4131,rep1,False,0,0,F:\Micro-C\micro-c数据\GSE272159_37C_rep1.mapq_30.10.cool,True,MG1655:25,train
WIN_191a7ccad2c713a1,MG1655,3305600,3312000,3308800,6400,100,4132,rep1,False,0,0,F:\Micro-C\micro-c数据\GSE272159_37C_rep1.mapq_30.10.cool,True,MG1655:25,train
WIN_46b86f7900cc2d1e,MG1655,3306400,3312800,3309600,6400,100,4133,rep1,False,0,0,F:\Micro-C\micro-c数据\GSE272159_37C_rep1.mapq_30.10.cool,True,MG1655:25,train
WIN_1efa45bac4627891,MG1655,3307200,3313600,3310400,6400,100,4134,rep1,False,0,0,F:\Micro-C\micro-c数据\GSE272159_37C_rep1.mapq_30.10.cool,True,MG1655:25,train
WIN_f60165e3ddb2d5f8,MG1655,3308000,3314400,3311200,6400,100,4135,rep1,False,0,0,F:\Micro-C\micro-c数据\GSE272159_37C_rep1.mapq_30.10.cool,True,MG1655:25,train
WIN_178fd118eec1a633,MG1655,3337600,3344000,3340800,6400,100,4172,rep1,False,0,0,F:\Micro-C\micro-c数据\GSE272159_37C_rep1.mapq_30.10.cool,True,MG1655:26,calibration
WIN_924348a542c5adf8,MG1655,3338400,3344800,3341600,6400,100,4173,rep1,False,0,0,F:\Micro-C\micro-c数据\GSE272159_37C_rep1.mapq_30.10.cool,True,MG1655:26,calibration
WIN_9fe7e12bb3ece36f,MG1655,3339200,3345600,3342400,6400,100,4174,rep1,False,0,0,F:\Micro-C\micro-c数据\GSE272159_37C_rep1.mapq_30.10.cool,True,MG1655:26,calibration
WIN_48cb815581f76df2,MG1655,3340000,3346400,3343200,6400,100,4175,rep1,False,0,0,F:\Micro-C\micro-c数据\GSE272159_37C_rep1.mapq_30.10.cool,True,MG1655:26,calibration
WIN_c526dbb4c7819113,MG1655,3340800,3347200,3344000,6400,100,4176,rep1,False,0,0,F:\Micro-C\micro-c数据\GSE272159_37C_rep1.mapq_30.10.cool,True,MG1655:26,calibration
WIN_4176fd8c4d3df731,MG1655,3341600,3348000,3344800,6400,100,4177,rep1,False,0,0,F:\Micro-C\micro-c数据\GSE272159_37C_rep1.mapq_30.10.cool,True,MG1655:26,calibration
WIN_1de152c51b75e3d3,MG1655,3342400,3348800,3345600,6400,100,4178,rep1,False,0,0,F:\Micro-C\micro-c数据\GSE272159_37C_rep1.mapq_30.10.cool,True,MG1655:26,calibration
WIN_56d16c6792023906,MG1655,3343200,3349600,3346400,6400,100,4179,rep1,False,0,0,F:\Micro-C\micro-c数据\GSE272159_37C_rep1.mapq_30.10.cool,True,MG1655:26,calibration
WIN_6792db6cb1867c9a,MG1655,3344000,3350400,3347200,6400,100,4180,rep1,False,0,0,F:\Micro-C\micro-c数据\GSE272159_37C_rep1.mapq_30.10.cool,True,MG1655:26,calibration
WIN_ae9eb9b8204bcf38,MG1655,3344800,3351200,3348000,6400,100,4181,rep1,False,0,0,F:\Micro-C\micro-c数据\GSE272159_37C_rep1.mapq_30.10.cool,True,MG1655:26,calibration
WIN_b6a8507ce0bbb1aa,MG1655,3345600,3352000,3348800,6400,100,4182,rep1,False,0,0,F:\Micro-C\micro-c数据\GSE272159_37C_rep1.mapq_30.10.cool,True,MG1655:26,calibration
WIN_3a3bd1756aaca0e1,MG1655,3346400,3352800,3349600,6400,100,4183,rep1,False,0,0,F:\Micro-C\micro-c数据\GSE272159_37C_rep1.mapq_30.10.cool,True,MG1655:26,calibration
WIN_96745d7377cde958,MG1655,3347200,3353600,3350400,6400,100,4184,rep1,False,0,0,F:\Micro-C\micro-c数据\GSE272159_37C_rep1.mapq_30.10.cool,True,MG1655:26,calibration
WIN_e41e1ee2f1552d03,MG1655,3348000,3354400,3351200,6400,100,4185,rep1,False,0,0,F:\Micro-C\micro-c数据\GSE272159_37C_rep1.mapq_30.10.cool,True,MG1655:26,calibration
WIN_0ad20807a4ac5f4c,MG1655,3348800,3355200,3352000,6400,100,4186,rep1,False,0,0,F:\Micro-C\micro-c数据\GSE272159_37C_rep1.mapq_30.10.cool,True,MG1655:26,calibration
WIN_55a4e733d7b5a58a,MG1655,3387200,3393600,3390400,6400,100,4234,rep1,False,0,0,F:\Micro-C\micro-c数据\GSE272159_37C_rep1.mapq_30.10.cool,True,MG1655:26,calibration
WIN_7a76ed5157799911,MG1655,3388000,3394400,3391200,6400,100,4235,rep1,False,0,0,F:\Micro-C\micro-c数据\GSE272159_37C_rep1.mapq_30.10.cool,True,MG1655:26,calibration
WIN_798bc7c09a707301,MG1655,3388800,3395200,3392000,6400,100,4236,rep1,False,0,0,F:\Micro-C\micro-c数据\GSE272159_37C_rep1.mapq_30.10.cool,True,MG1655:26,calibration
WIN_a47445e0faedd92d,MG1655,3389600,3396000,3392800,6400,100,4237,rep1,False,0,0,F:\Micro-C\micro-c数据\GSE272159_37C_rep1.mapq_30.10.cool,True,MG1655:26,calibration
WIN_f6220261c788b18c,MG1655,3390400,3396800,3393600,6400,100,4238,rep1,False,0,0,F:\Micro-C\micro-c数据\GSE272159_37C_rep1.mapq_30.10.cool,True,MG1655:26,calibration
WIN_9042e137a570c2c8,MG1655,3391200,3397600,3394400,6400,100,4239,rep1,False,0,0,F:\Micro-C\micro-c数据\GSE272159_37C_rep1.mapq_30.10.cool,True,MG1655:26,calibration
WIN_9b7b6a43661fd4c0,MG1655,3392000,3398400,3395200,6400,100,4240,rep1,False,0,0,F:\Micro-C\micro-c数据\GSE272159_37C_rep1.mapq_30.10.cool,True,MG1655:26,calibration
WIN_28b1ed5eda6c7f6f,MG1655,3392800,3399200,3396000,6400,100,4241,rep1,False,0,0,F:\Micro-C\micro-c数据\GSE272159_37C_rep1.mapq_30.10.cool,True,MG1655:26,calibration
WIN_7ce2852c5164c54a,MG1655,3393600,3400000,3396800,6400,100,4242,rep1,False,0,0,F:\Micro-C\micro-c数据\GSE272159_37C_rep1.mapq_30.10.cool,True,MG1655:26,calibration
WIN_98984a1ead86b76b,MG1655,3394400,3400800,3397600,6400,100,4243,rep1,False,0,0,F:\Micro-C\micro-c数据\GSE272159_37C_rep1.mapq_30.10.cool,True,MG1655:26,calibration
WIN_5d68d61b19b006f7,MG1655,3395200,3401600,3398400,6400,100,4244,rep1,False,0,0,F:\Micro-C\micro-c数据\GSE272159_37C_rep1.mapq_30.10.cool,True,MG1655:26,calibration
WIN_4085eddee1378a8d,MG1655,3396000,3402400,3399200,6400,100,4245,rep1,False,0,0,F:\Micro-C\micro-c数据\GSE272159_37C_rep1.mapq_30.10.cool,True,MG1655:26,calibration
WIN_b55eba0ae5eb0315,MG1655,3396800,3403200,3400000,6400,100,4246,rep1,False,0,0,F:\Micro-C\micro-c数据\GSE272159_37C_rep1.mapq_30.10.cool,True,MG1655:26,calibration
WIN_a7000eff6dba293a,MG1655,3397600,3404000,3400800,6400,100,4247,rep1,False,0,0,F:\Micro-C\micro-c数据\GSE272159_37C_rep1.mapq_30.10.cool,True,MG1655:26,calibration
WIN_e818acb29bdb1847,MG1655,3398400,3404800,3401600,6400,100,4248,rep1,False,0,0,F:\Micro-C\micro-c数据\GSE272159_37C_rep1.mapq_30.10.cool,True,MG1655:26,calibration
WIN_6be1bc9a535f7d30,MG1655,3399200,3405600,3402400,6400,100,4249,rep1,False,0,0,F:\Micro-C\micro-c数据\GSE272159_37C_rep1.mapq_30.10.cool,True,MG1655:26,calibration
WIN_9e0aa3359f2b8336,MG1655,3400000,3406400,3403200,6400,100,4250,rep1,False,0,0,F:\Micro-C\micro-c数据\GSE272159_37C_rep1.mapq_30.10.cool,True,MG1655:26,calibration
WIN_f023d2f14b6eef38,MG1655,3420000,3426400,3423200,6400,100,4275,rep1,True,25,25,F:\Micro-C\micro-c数据\GSE272159_37C_rep1.mapq_30.10.cool,True,MG1655:26,calibration
WIN_f2808da4abdd8dc4,MG1655,3420800,3427200,3424000,6400,100,4276,rep1,True,33,33,F:\Micro-C\micro-c数据\GSE272159_37C_rep1.mapq_30.10.cool,True,MG1655:26,calibration
WIN_3b2efeb434622435,MG1655,3421600,3428000,3424800,6400,100,4277,rep1,True,42,42,F:\Micro-C\micro-c数据\GSE272159_37C_rep1.mapq_30.10.cool,True,MG1655:26,calibration
WIN_e16f0b583f928710,MG1655,3422400,3428800,3425600,6400,100,4278,rep1,True,48,48,F:\Micro-C\micro-c数据\GSE272159_37C_rep1.mapq_30.10.cool,True,MG1655:26,calibration
WIN_0876cf085a103fd5,MG1655,3423200,3429600,3426400,6400,100,4279,rep1,True,49,49,F:\Micro-C\micro-c数据\GSE272159_37C_rep1.mapq_30.10.cool,True,MG1655:26,calibration
WIN_39cd75dba99b1f70,MG1655,3424000,3430400,3427200,6400,100,4280,rep1,True,47,47,F:\Micro-C\micro-c数据\GSE272159_37C_rep1.mapq_30.10.cool,True,MG1655:26,calibration
WIN_5288fd207361eb72,MG1655,3424800,3431200,3428000,6400,100,4281,rep1,True,39,39,F:\Micro-C\micro-c数据\GSE272159_37C_rep1.mapq_30.10.cool,True,MG1655:26,calibration
WIN_ce7d41b4c0865436,MG1655,3425600,3432000,3428800,6400,100,4282,rep1,True,31,31,F:\Micro-C\micro-c数据\GSE272159_37C_rep1.mapq_30.10.cool,True,MG1655:26,calibration
WIN_3b9ec91b963e5eda,MG1655,3426400,3432800,3429600,6400,100,4283,rep1,True,22,22,F:\Micro-C\micro-c数据\GSE272159_37C_rep1.mapq_30.10.cool,True,MG1655:26,calibration
WIN_18e0fd715a5c9761,MG1655,3427200,3433600,3430400,6400,100,4284,rep1,True,15,15,F:\Micro-C\micro-c数据\GSE272159_37C_rep1.mapq_30.10.cool,True,MG1655:26,calibration
WIN_7d23e8bdce2959c6,MG1655,3428000,3434400,3431200,6400,100,4285,rep1,True,7,7,F:\Micro-C\micro-c数据\GSE272159_37C_rep1.mapq_30.10.cool,True,MG1655:26,calibration
WIN_ba98c72127b0f4c0,MG1655,3428800,3435200,3432000,6400,100,4286,rep1,True,1,1,F:\Micro-C\micro-c数据\GSE272159_37C_rep1.mapq_30.10.cool,True,MG1655:26,calibration
WIN_73d2d0c5ec12a5fb,MG1655,3429600,3436000,3432800,6400,100,4287,rep1,False,0,0,F:\Micro-C\micro-c数据\GSE272159_37C_rep1.mapq_30.10.cool,True,MG1655:26,calibration
WIN_6aae64e9dfcd12ee,MG1655,3430400,3436800,3433600,6400,100,4288,rep1,False,0,0,F:\Micro-C\micro-c数据\GSE272159_37C_rep1.mapq_30.10.cool,True,MG1655:26,calibration
WIN_297ff65d05a3cbb1,MG1655,3431200,3437600,3434400,6400,100,4289,rep1,False,0,0,F:\Micro-C\micro-c数据\GSE272159_37C_rep1.mapq_30.10.cool,True,MG1655:26,calibration
WIN_594388bec934e6c6,MG1655,3456000,3462400,3459200,6400,100,4320,rep1,False,0,0,F:\Micro-C\micro-c数据\GSE272159_37C_rep1.mapq_30.10.cool,True,MG1655:27,train
WIN_f669463c7de2fbd8,MG1655,3456800,3463200,3460000,6400,100,4321,rep1,False,0,0,F:\Micro-C\micro-c数据\GSE272159_37C_rep1.mapq_30.10.cool,True,MG1655:27,train
WIN_0e96dfc7f21f7211,MG1655,3457600,3464000,3460800,6400,100,4322,rep1,False,0,0,F:\Micro-C\micro-c数据\GSE272159_37C_rep1.mapq_30.10.cool,True,MG1655:27,train
WIN_098e191b84f8e320,MG1655,3458400,3464800,3461600,6400,100,4323,rep1,False,0,0,F:\Micro-C\micro-c数据\GSE272159_37C_rep1.mapq_30.10.cool,True,MG1655:27,train
WIN_66d879d98ba6b893,MG1655,3459200,3465600,3462400,6400,100,4324,rep1,False,0,0,F:\Micro-C\micro-c数据\GSE272159_37C_rep1.mapq_30.10.cool,True,MG1655:27,train
WIN_420d571ef83b8eb6,MG1655,3460000,3466400,3463200,6400,100,4325,rep1,False,0,0,F:\Micro-C\micro-c数据\GSE272159_37C_rep1.mapq_30.10.cool,True,MG1655:27,train
WIN_903f8af454480b5d,MG1655,3460800,3467200,3464000,6400,100,4326,rep1,False,0,0,F:\Micro-C\micro-c数据\GSE272159_37C_rep1.mapq_30.10.cool,True,MG1655:27,train
WIN_5ae6c13d094e51f3,MG1655,3461600,3468000,3464800,6400,100,4327,rep1,False,0,0,F:\Micro-C\micro-c数据\GSE272159_37C_rep1.mapq_30.10.cool,True,MG1655:27,train
WIN_a481d1bf84cb98bb,MG1655,3462400,3468800,3465600,6400,100,4328,rep1,False,0,0,F:\Micro-C\micro-c数据\GSE272159_37C_rep1.mapq_30.10.cool,True,MG1655:27,train
WIN_e09ea069bf3edfac,MG1655,3463200,3469600,3466400,6400,100,4329,rep1,False,0,0,F:\Micro-C\micro-c数据\GSE272159_37C_rep1.mapq_30.10.cool,True,MG1655:27,train
WIN_e1ad66c0ba2c9a81,MG1655,3464000,3470400,3467200,6400,100,4330,rep1,True,1,1,F:\Micro-C\micro-c数据\GSE272159_37C_rep1.mapq_30.10.cool,True,MG1655:27,train
WIN_c118bee107794325,MG1655,3464800,3471200,3468000,6400,100,4331,rep1,True,6,6,F:\Micro-C\micro-c数据\GSE272159_37C_rep1.mapq_30.10.cool,True,MG1655:27,train
WIN_500fcee29a595287,MG1655,3465600,3472000,3468800,6400,100,4332,rep1,True,6,6,F:\Micro-C\micro-c数据\GSE272159_37C_rep1.mapq_30.10.cool,True,MG1655:27,train
WIN_09a0079a4c012536,MG1655,3466400,3472800,3469600,6400,100,4333,rep1,True,6,6,F:\Micro-C\micro-c数据\GSE272159_37C_rep1.mapq_30.10.cool,True,MG1655:27,train
WIN_bcacd2e68c56cf08,MG1655,3467200,3473600,3470400,6400,100,4334,rep1,True,6,6,F:\Micro-C\micro-c数据\GSE272159_37C_rep1.mapq_30.10.cool,True,MG1655:27,train
WIN_98eff2f7f60acabd,MG1655,3468000,3474400,3471200,6400,100,4335,rep1,True,6,6,F:\Micro-C\micro-c数据\GSE272159_37C_rep1.mapq_30.10.cool,True,MG1655:27,train
WIN_93ac7311bbc870c4,MG1655,3468800,3475200,3472000,6400,100,4336,rep1,True,6,6,F:\Micro-C\micro-c数据\GSE272159_37C_rep1.mapq_30.10.cool,True,MG1655:27,train
WIN_6180b1f4962ba9e1,MG1655,3469600,3476000,3472800,6400,100,4337,rep1,True,6,6,F:\Micro-C\micro-c数据\GSE272159_37C_rep1.mapq_30.10.cool,True,MG1655:27,train
WIN_b7987fb3cc018307,MG1655,3470400,3476800,3473600,6400,100,4338,rep1,True,5,5,F:\Micro-C\micro-c数据\GSE272159_37C_rep1.mapq_30.10.cool,True,MG1655:27,train
WIN_649e8b52a945ebcb,MG1655,3471200,3477600,3474400,6400,100,4339,rep1,False,0,0,F:\Micro-C\micro-c数据\GSE272159_37C_rep1.mapq_30.10.cool,True,MG1655:27,train
WIN_843d046cad692c1b,MG1655,3472000,3478400,3475200,6400,100,4340,rep1,False,0,0,F:\Micro-C\micro-c数据\GSE272159_37C_rep1.mapq_30.10.cool,True,MG1655:27,train
WIN_4e30e3413bf6e9f1,MG1655,3472800,3479200,3476000,6400,100,4341,rep1,False,0,0,F:\Micro-C\micro-c数据\GSE272159_37C_rep1.mapq_30.10.cool,True,MG1655:27,train
WIN_6558dc076a0a0a7c,MG1655,3473600,3480000,3476800,6400,100,4342,rep1,False,0,0,F:\Micro-C\micro-c数据\GSE272159_37C_rep1.mapq_30.10.cool,True,MG1655:27,train
WIN_2bad8172e4480439,MG1655,3474400,3480800,3477600,6400,100,4343,rep1,False,0,0,F:\Micro-C\micro-c数据\GSE272159_37C_rep1.mapq_30.10.cool,True,MG1655:27,train
WIN_bc7d0a4fcfb9dec2,MG1655,3475200,3481600,3478400,6400,100,4344,rep1,False,0,0,F:\Micro-C\micro-c数据\GSE272159_37C_rep1.mapq_30.10.cool,True,MG1655:27,train
WIN_3f1c62aaf7933c70,MG1655,3476000,3482400,3479200,6400,100,4345,rep1,False,0,0,F:\Micro-C\micro-c数据\GSE272159_37C_rep1.mapq_30.10.cool,True,MG1655:27,train
WIN_6c7a7c02c81d5e0c,MG1655,3476800,3483200,3480000,6400,100,4346,rep1,False,0,0,F:\Micro-C\micro-c数据\GSE272159_37C_rep1.mapq_30.10.cool,True,MG1655:27,train
WIN_2aaa7b8cd90ef406,MG1655,3477600,3484000,3480800,6400,100,4347,rep1,False,0,0,F:\Micro-C\micro-c数据\GSE272159_37C_rep1.mapq_30.10.cool,True,MG1655:27,train
WIN_6895a135ed7d573f,MG1655,3478400,3484800,3481600,6400,100,4348,rep1,False,0,0,F:\Micro-C\micro-c数据\GSE272159_37C_rep1.mapq_30.10.cool,True,MG1655:27,train
WIN_3cb82dc4a5b7a149,MG1655,3479200,3485600,3482400,6400,100,4349,rep1,False,0,0,F:\Micro-C\micro-c数据\GSE272159_37C_rep1.mapq_30.10.cool,True,MG1655:27,train
WIN_71aef2d474f98735,MG1655,3480000,3486400,3483200,6400,100,4350,rep1,False,0,0,F:\Micro-C\micro-c数据\GSE272159_37C_rep1.mapq_30.10.cool,True,MG1655:27,train
WIN_359361ef90d1777f,MG1655,3480800,3487200,3484000,6400,100,4351,rep1,False,0,0,F:\Micro-C\micro-c数据\GSE272159_37C_rep1.mapq_30.10.cool,True,MG1655:27,train
WIN_080410534b5f5749,MG1655,3481600,3488000,3484800,6400,100,4352,rep1,False,0,0,F:\Micro-C\micro-c数据\GSE272159_37C_rep1.mapq_30.10.cool,True,MG1655:27,train
WIN_1c317245405526c4,MG1655,3482400,3488800,3485600,6400,100,4353,rep1,False,0,0,F:\Micro-C\micro-c数据\GSE272159_37C_rep1.mapq_30.10.cool,True,MG1655:27,train
WIN_02b034133df11b1f,MG1655,3483200,3489600,3486400,6400,100,4354,rep1,False,0,0,F:\Micro-C\micro-c数据\GSE272159_37C_rep1.mapq_30.10.cool,True,MG1655:27,train
WIN_329f328dd1c33115,MG1655,3484000,3490400,3487200,6400,100,4355,rep1,False,0,0,F:\Micro-C\micro-c数据\GSE272159_37C_rep1.mapq_30.10.cool,True,MG1655:27,train
WIN_00530cf281fe068e,MG1655,3484800,3491200,3488000,6400,100,4356,rep1,False,0,0,F:\Micro-C\micro-c数据\GSE272159_37C_rep1.mapq_30.10.cool,True,MG1655:27,train
WIN_aedc3629c36f3d3b,MG1655,3485600,3492000,3488800,6400,100,4357,rep1,False,0,0,F:\Micro-C\micro-c数据\GSE272159_37C_rep1.mapq_30.10.cool,True,MG1655:27,train
WIN_31720e0d515fa39f,MG1655,3486400,3492800,3489600,6400,100,4358,rep1,False,0,0,F:\Micro-C\micro-c数据\GSE272159_37C_rep1.mapq_30.10.cool,True,MG1655:27,train
WIN_767bbd9052b4c0a6,MG1655,3487200,3493600,3490400,6400,100,4359,rep1,False,0,0,F:\Micro-C\micro-c数据\GSE272159_37C_rep1.mapq_30.10.cool,True,MG1655:27,train
WIN_9cadcbcddbea83af,MG1655,3488000,3494400,3491200,6400,100,4360,rep1,False,0,0,F:\Micro-C\micro-c数据\GSE272159_37C_rep1.mapq_30.10.cool,True,MG1655:27,train
WIN_30207a111a236784,MG1655,3488800,3495200,3492000,6400,100,4361,rep1,False,0,0,F:\Micro-C\micro-c数据\GSE272159_37C_rep1.mapq_30.10.cool,True,MG1655:27,train
WIN_683bc17b92cbe87c,MG1655,3489600,3496000,3492800,6400,100,4362,rep1,False,0,0,F:\Micro-C\micro-c数据\GSE272159_37C_rep1.mapq_30.10.cool,True,MG1655:27,train
WIN_416f4015dcef0bd4,MG1655,3490400,3496800,3493600,6400,100,4363,rep1,False,0,0,F:\Micro-C\micro-c数据\GSE272159_37C_rep1.mapq_30.10.cool,True,MG1655:27,train
WIN_29d34d6ce9e249e1,MG1655,3491200,3497600,3494400,6400,100,4364,rep1,False,0,0,F:\Micro-C\micro-c数据\GSE272159_37C_rep1.mapq_30.10.cool,True,MG1655:27,train
WIN_b0154107b7f9d4f3,MG1655,3492000,3498400,3495200,6400,100,4365,rep1,False,0,0,F:\Micro-C\micro-c数据\GSE272159_37C_rep1.mapq_30.10.cool,True,MG1655:27,train
WIN_a9c6d9774d9ddd5c,MG1655,3492800,3499200,3496000,6400,100,4366,rep1,False,0,0,F:\Micro-C\micro-c数据\GSE272159_37C_rep1.mapq_30.10.cool,True,MG1655:27,train
WIN_dc0cbc365a230410,MG1655,3493600,3500000,3496800,6400,100,4367,rep1,False,0,0,F:\Micro-C\micro-c数据\GSE272159_37C_rep1.mapq_30.10.cool,True,MG1655:27,train
WIN_2660649a5a80e60e,MG1655,3494400,3500800,3497600,6400,100,4368,rep1,False,0,0,F:\Micro-C\micro-c数据\GSE272159_37C_rep1.mapq_30.10.cool,True,MG1655:27,train
WIN_9c0c73add8490fae,MG1655,3495200,3501600,3498400,6400,100,4369,rep1,False,0,0,F:\Micro-C\micro-c数据\GSE272159_37C_rep1.mapq_30.10.cool,True,MG1655:27,train
WIN_c332a4ecd0d0a168,MG1655,3496000,3502400,3499200,6400,100,4370,rep1,False,0,0,F:\Micro-C\micro-c数据\GSE272159_37C_rep1.mapq_30.10.cool,True,MG1655:27,train
WIN_d987dbad6c24d3a8,MG1655,3496800,3503200,3500000,6400,100,4371,rep1,False,0,0,F:\Micro-C\micro-c数据\GSE272159_37C_rep1.mapq_30.10.cool,True,MG1655:27,train
WIN_3d9f28d41d563522,MG1655,3497600,3504000,3500800,6400,100,4372,rep1,False,0,0,F:\Micro-C\micro-c数据\GSE272159_37C_rep1.mapq_30.10.cool,True,MG1655:27,train
WIN_2f7582c190a7b26e,MG1655,3498400,3504800,3501600,6400,100,4373,rep1,False,0,0,F:\Micro-C\micro-c数据\GSE272159_37C_rep1.mapq_30.10.cool,True,MG1655:27,train
WIN_8e3c486793907a2e,MG1655,3499200,3505600,3502400,6400,100,4374,rep1,False,0,0,F:\Micro-C\micro-c数据\GSE272159_37C_rep1.mapq_30.10.cool,True,MG1655:27,train
WIN_838a05f3651a0b03,MG1655,3500000,3506400,3503200,6400,100,4375,rep1,False,0,0,F:\Micro-C\micro-c数据\GSE272159_37C_rep1.mapq_30.10.cool,True,MG1655:27,train
WIN_fb0a2cc0dde0ba56,MG1655,3500800,3507200,3504000,6400,100,4376,rep1,False,0,0,F:\Micro-C\micro-c数据\GSE272159_37C_rep1.mapq_30.10.cool,True,MG1655:27,train
WIN_7821815ec26f2d04,MG1655,3501600,3508000,3504800,6400,100,4377,rep1,False,0,0,F:\Micro-C\micro-c数据\GSE272159_37C_rep1.mapq_30.10.cool,True,MG1655:27,train
WIN_1c7fa175f31a8045,MG1655,3502400,3508800,3505600,6400,100,4378,rep1,False,0,0,F:\Micro-C\micro-c数据\GSE272159_37C_rep1.mapq_30.10.cool,True,MG1655:27,train
WIN_f3ffa412dd5ed8a9,MG1655,3503200,3509600,3506400,6400,100,4379,rep1,False,0,0,F:\Micro-C\micro-c数据\GSE272159_37C_rep1.mapq_30.10.cool,True,MG1655:27,train
WIN_c8fde04fa322b3d4,MG1655,3504000,3510400,3507200,6400,100,4380,rep1,False,0,0,F:\Micro-C\micro-c数据\GSE272159_37C_rep1.mapq_30.10.cool,True,MG1655:27,train
WIN_4fc763cbb6a3c5f4,MG1655,3504800,3511200,3508000,6400,100,4381,rep1,False,0,0,F:\Micro-C\micro-c数据\GSE272159_37C_rep1.mapq_30.10.cool,True,MG1655:27,train
WIN_a0c44627cd1f5631,MG1655,3505600,3512000,3508800,6400,100,4382,rep1,False,0,0,F:\Micro-C\micro-c数据\GSE272159_37C_rep1.mapq_30.10.cool,True,MG1655:27,train
WIN_274547c6a4fa0a63,MG1655,3506400,3512800,3509600,6400,100,4383,rep1,False,0,0,F:\Micro-C\micro-c数据\GSE272159_37C_rep1.mapq_30.10.cool,True,MG1655:27,train
WIN_1e314707240e8a61,MG1655,3507200,3513600,3510400,6400,100,4384,rep1,False,0,0,F:\Micro-C\micro-c数据\GSE272159_37C_rep1.mapq_30.10.cool,True,MG1655:27,train
WIN_b2c968aa1545aa33,MG1655,3508000,3514400,3511200,6400,100,4385,rep1,False,0,0,F:\Micro-C\micro-c数据\GSE272159_37C_rep1.mapq_30.10.cool,True,MG1655:27,train
WIN_b9576e5890f9cf86,MG1655,3508800,3515200,3512000,6400,100,4386,rep1,False,0,0,F:\Micro-C\micro-c数据\GSE272159_37C_rep1.mapq_30.10.cool,True,MG1655:27,train
WIN_279a41ae6d40f09d,MG1655,3509600,3516000,3512800,6400,100,4387,rep1,False,0,0,F:\Micro-C\micro-c数据\GSE272159_37C_rep1.mapq_30.10.cool,True,MG1655:27,train
WIN_ed30c7ea1e2207bd,MG1655,3510400,3516800,3513600,6400,100,4388,rep1,False,0,0,F:\Micro-C\micro-c数据\GSE272159_37C_rep1.mapq_30.10.cool,True,MG1655:27,train
WIN_cb666db74584d1cf,MG1655,3511200,3517600,3514400,6400,100,4389,rep1,False,0,0,F:\Micro-C\micro-c数据\GSE272159_37C_rep1.mapq_30.10.cool,True,MG1655:27,train
WIN_17e2deeda5cf15a9,MG1655,3512000,3518400,3515200,6400,100,4390,rep1,False,0,0,F:\Micro-C\micro-c数据\GSE272159_37C_rep1.mapq_30.10.cool,True,MG1655:27,train
WIN_59e20ca82a12f597,MG1655,3512800,3519200,3516000,6400,100,4391,rep1,False,0,0,F:\Micro-C\micro-c数据\GSE272159_37C_rep1.mapq_30.10.cool,True,MG1655:27,train
WIN_f3a927158ef293c7,MG1655,3513600,3520000,3516800,6400,100,4392,rep1,False,0,0,F:\Micro-C\micro-c数据\GSE272159_37C_rep1.mapq_30.10.cool,True,MG1655:27,train
WIN_800c711416936d5b,MG1655,3514400,3520800,3517600,6400,100,4393,rep1,False,0,0,F:\Micro-C\micro-c数据\GSE272159_37C_rep1.mapq_30.10.cool,True,MG1655:27,train
WIN_a1c622fc1f1635f6,MG1655,3515200,3521600,3518400,6400,100,4394,rep1,False,0,0,F:\Micro-C\micro-c数据\GSE272159_37C_rep1.mapq_30.10.cool,True,MG1655:27,train
WIN_046517060d642464,MG1655,3516000,3522400,3519200,6400,100,4395,rep1,False,0,0,F:\Micro-C\micro-c数据\GSE272159_37C_rep1.mapq_30.10.cool,True,MG1655:27,train
WIN_c649f6e80241eecc,MG1655,3516800,3523200,3520000,6400,100,4396,rep1,False,0,0,F:\Micro-C\micro-c数据\GSE272159_37C_rep1.mapq_30.10.cool,True,MG1655:27,train
WIN_83178c47eb03f767,MG1655,3517600,3524000,3520800,6400,100,4397,rep1,False,0,0,F:\Micro-C\micro-c数据\GSE272159_37C_rep1.mapq_30.10.cool,True,MG1655:27,train
WIN_3a3724b746ba7ff6,MG1655,3518400,3524800,3521600,6400,100,4398,rep1,False,0,0,F:\Micro-C\micro-c数据\GSE272159_37C_rep1.mapq_30.10.cool,True,MG1655:27,train
WIN_b26532a2cfb42655,MG1655,3519200,3525600,3522400,6400,100,4399,rep1,False,0,0,F:\Micro-C\micro-c数据\GSE272159_37C_rep1.mapq_30.10.cool,True,MG1655:27,train
WIN_aefdf83a7d024acf,MG1655,3520000,3526400,3523200,6400,100,4400,rep1,False,0,0,F:\Micro-C\micro-c数据\GSE272159_37C_rep1.mapq_30.10.cool,True,MG1655:27,train
WIN_9c91e88daf170f1f,MG1655,3520800,3527200,3524000,6400,100,4401,rep1,False,0,0,F:\Micro-C\micro-c数据\GSE272159_37C_rep1.mapq_30.10.cool,True,MG1655:27,train
WIN_474f3a32b744a110,MG1655,3521600,3528000,3524800,6400,100,4402,rep1,False,0,0,F:\Micro-C\micro-c数据\GSE272159_37C_rep1.mapq_30.10.cool,True,MG1655:27,train
WIN_6211321a7f317dc0,MG1655,3522400,3528800,3525600,6400,100,4403,rep1,False,0,0,F:\Micro-C\micro-c数据\GSE272159_37C_rep1.mapq_30.10.cool,True,MG1655:27,train
WIN_cf0dd26d562f6d8a,MG1655,3523200,3529600,3526400,6400,100,4404,rep1,False,0,0,F:\Micro-C\micro-c数据\GSE272159_37C_rep1.mapq_30.10.cool,True,MG1655:27,train
WIN_86cae7c553dd7095,MG1655,3524000,3530400,3527200,6400,100,4405,rep1,False,0,0,F:\Micro-C\micro-c数据\GSE272159_37C_rep1.mapq_30.10.cool,True,MG1655:27,train
WIN_1988899c47d556de,MG1655,3524800,3531200,3528000,6400,100,4406,rep1,False,0,0,F:\Micro-C\micro-c数据\GSE272159_37C_rep1.mapq_30.10.cool,True,MG1655:27,train
WIN_7f57d22cd92212d6,MG1655,3525600,3532000,3528800,6400,100,4407,rep1,False,0,0,F:\Micro-C\micro-c数据\GSE272159_37C_rep1.mapq_30.10.cool,True,MG1655:27,train
WIN_5602dadf73dc6bf9,MG1655,3526400,3532800,3529600,6400,100,4408,rep1,False,0,0,F:\Micro-C\micro-c数据\GSE272159_37C_rep1.mapq_30.10.cool,True,MG1655:27,train
WIN_0f9032ef1ff8146a,MG1655,3527200,3533600,3530400,6400,100,4409,rep1,False,0,0,F:\Micro-C\micro-c数据\GSE272159_37C_rep1.mapq_30.10.cool,True,MG1655:27,train
WIN_912f1fcf8279b4d7,MG1655,3528000,3534400,3531200,6400,100,4410,rep1,False,0,0,F:\Micro-C\micro-c数据\GSE272159_37C_rep1.mapq_30.10.cool,True,MG1655:27,train
WIN_fc46d3be23d0f0c8,MG1655,3528800,3535200,3532000,6400,100,4411,rep1,False,0,0,F:\Micro-C\micro-c数据\GSE272159_37C_rep1.mapq_30.10.cool,True,MG1655:27,train
WIN_aa2c7743ee4384e0,MG1655,3529600,3536000,3532800,6400,100,4412,rep1,False,0,0,F:\Micro-C\micro-c数据\GSE272159_37C_rep1.mapq_30.10.cool,True,MG1655:27,train
WIN_b965faadf4f59b53,MG1655,3530400,3536800,3533600,6400,100,4413,rep1,False,0,0,F:\Micro-C\micro-c数据\GSE272159_37C_rep1.mapq_30.10.cool,True,MG1655:27,train
WIN_fb295770307a1de2,MG1655,3531200,3537600,3534400,6400,100,4414,rep1,False,0,0,F:\Micro-C\micro-c数据\GSE272159_37C_rep1.mapq_30.10.cool,True,MG1655:27,train
WIN_94b1a46da41459fc,MG1655,3532000,3538400,3535200,6400,100,4415,rep1,False,0,0,F:\Micro-C\micro-c数据\GSE272159_37C_rep1.mapq_30.10.cool,True,MG1655:27,train
WIN_d334c0d8ca0eff4d,MG1655,3532800,3539200,3536000,6400,100,4416,rep1,False,0,0,F:\Micro-C\micro-c数据\GSE272159_37C_rep1.mapq_30.10.cool,True,MG1655:27,train
WIN_d696061ba1da4305,MG1655,3533600,3540000,3536800,6400,100,4417,rep1,False,0,0,F:\Micro-C\micro-c数据\GSE272159_37C_rep1.mapq_30.10.cool,True,MG1655:27,train
WIN_da05099afbeb6428,MG1655,3534400,3540800,3537600,6400,100,4418,rep1,False,0,0,F:\Micro-C\micro-c数据\GSE272159_37C_rep1.mapq_30.10.cool,True,MG1655:27,train
WIN_aa17d841d18adb24,MG1655,3535200,3541600,3538400,6400,100,4419,rep1,False,0,0,F:\Micro-C\micro-c数据\GSE272159_37C_rep1.mapq_30.10.cool,True,MG1655:27,train
WIN_4ad09fda470be3a5,MG1655,3536000,3542400,3539200,6400,100,4420,rep1,False,0,0,F:\Micro-C\micro-c数据\GSE272159_37C_rep1.mapq_30.10.cool,True,MG1655:27,train
WIN_813132abb921a297,MG1655,3536800,3543200,3540000,6400,100,4421,rep1,False,0,0,F:\Micro-C\micro-c数据\GSE272159_37C_rep1.mapq_30.10.cool,True,MG1655:27,train
WIN_77c264de512caa64,MG1655,3561600,3568000,3564800,6400,100,4452,rep1,False,0,0,F:\Micro-C\micro-c数据\GSE272159_37C_rep1.mapq_30.10.cool,True,MG1655:27,train
WIN_bd639baea5265c9e,MG1655,3562400,3568800,3565600,6400,100,4453,rep1,False,0,0,F:\Micro-C\micro-c数据\GSE272159_37C_rep1.mapq_30.10.cool,True,MG1655:27,train
WIN_9e466f8e80c06a2d,MG1655,3563200,3569600,3566400,6400,100,4454,rep1,False,0,0,F:\Micro-C\micro-c数据\GSE272159_37C_rep1.mapq_30.10.cool,True,MG1655:27,train
WIN_b78a820a6507b31c,MG1655,3564000,3570400,3567200,6400,100,4455,rep1,False,0,0,F:\Micro-C\micro-c数据\GSE272159_37C_rep1.mapq_30.10.cool,True,MG1655:27,train
WIN_9c9883a93c7b8f6d,MG1655,3564800,3571200,3568000,6400,100,4456,rep1,False,0,0,F:\Micro-C\micro-c数据\GSE272159_37C_rep1.mapq_30.10.cool,True,MG1655:27,train
WIN_6b410823b3b1935a,MG1655,3565600,3572000,3568800,6400,100,4457,rep1,False,0,0,F:\Micro-C\micro-c数据\GSE272159_37C_rep1.mapq_30.10.cool,True,MG1655:27,train
WIN_cd6f53ee49e6f883,MG1655,3566400,3572800,3569600,6400,100,4458,rep1,False,0,0,F:\Micro-C\micro-c数据\GSE272159_37C_rep1.mapq_30.10.cool,True,MG1655:27,train
WIN_57cd02a83ebb2154,MG1655,3567200,3573600,3570400,6400,100,4459,rep1,False,0,0,F:\Micro-C\micro-c数据\GSE272159_37C_rep1.mapq_30.10.cool,True,MG1655:27,train
WIN_e5a513e868c94999,MG1655,3568000,3574400,3571200,6400,100,4460,rep1,False,0,0,F:\Micro-C\micro-c数据\GSE272159_37C_rep1.mapq_30.10.cool,True,MG1655:27,train
WIN_fcad2a029de40b8e,MG1655,3568800,3575200,3572000,6400,100,4461,rep1,False,0,0,F:\Micro-C\micro-c数据\GSE272159_37C_rep1.mapq_30.10.cool,True,MG1655:27,train
WIN_dc65815f3460decc,MG1655,3569600,3576000,3572800,6400,100,4462,rep1,False,0,0,F:\Micro-C\micro-c数据\GSE272159_37C_rep1.mapq_30.10.cool,True,MG1655:27,train
WIN_1b60e489d8b308d4,MG1655,3590400,3596800,3593600,6400,100,4488,rep1,False,0,0,F:\Micro-C\micro-c数据\GSE272159_37C_rep1.mapq_30.10.cool,True,MG1655:28,train
WIN_b39c642a51749bb9,MG1655,3591200,3597600,3594400,6400,100,4489,rep1,False,0,0,F:\Micro-C\micro-c数据\GSE272159_37C_rep1.mapq_30.10.cool,True,MG1655:28,train
WIN_98f2d90e7d04682b,MG1655,3592000,3598400,3595200,6400,100,4490,rep1,False,0,0,F:\Micro-C\micro-c数据\GSE272159_37C_rep1.mapq_30.10.cool,True,MG1655:28,train
WIN_3bf9e264f64156ea,MG1655,3592800,3599200,3596000,6400,100,4491,rep1,False,0,0,F:\Micro-C\micro-c数据\GSE272159_37C_rep1.mapq_30.10.cool,True,MG1655:28,train
WIN_c5b5d99689d8e30e,MG1655,3593600,3600000,3596800,6400,100,4492,rep1,False,0,0,F:\Micro-C\micro-c数据\GSE272159_37C_rep1.mapq_30.10.cool,True,MG1655:28,train
WIN_b0a87ea4dfd7e428,MG1655,3594400,3600800,3597600,6400,100,4493,rep1,False,0,0,F:\Micro-C\micro-c数据\GSE272159_37C_rep1.mapq_30.10.cool,True,MG1655:28,train
WIN_61f00a8f57ca7082,MG1655,3595200,3601600,3598400,6400,100,4494,rep1,False,0,0,F:\Micro-C\micro-c数据\GSE272159_37C_rep1.mapq_30.10.cool,True,MG1655:28,train
WIN_40d381109b936f29,MG1655,3596000,3602400,3599200,6400,100,4495,rep1,False,0,0,F:\Micro-C\micro-c数据\GSE272159_37C_rep1.mapq_30.10.cool,True,MG1655:28,train
WIN_3c8c370773c8186f,MG1655,3596800,3603200,3600000,6400,100,4496,rep1,False,0,0,F:\Micro-C\micro-c数据\GSE272159_37C_rep1.mapq_30.10.cool,True,MG1655:28,train
WIN_d1dcd95eed390de0,MG1655,3597600,3604000,3600800,6400,100,4497,rep1,False,0,0,F:\Micro-C\micro-c数据\GSE272159_37C_rep1.mapq_30.10.cool,True,MG1655:28,train
WIN_5e3657db5182ad49,MG1655,3598400,3604800,3601600,6400,100,4498,rep1,False,0,0,F:\Micro-C\micro-c数据\GSE272159_37C_rep1.mapq_30.10.cool,True,MG1655:28,train
WIN_f470996132f88f89,MG1655,3599200,3605600,3602400,6400,100,4499,rep1,False,0,0,F:\Micro-C\micro-c数据\GSE272159_37C_rep1.mapq_30.10.cool,True,MG1655:28,train
WIN_4656cdf7ad733e1b,MG1655,3600000,3606400,3603200,6400,100,4500,rep1,False,0,0,F:\Micro-C\micro-c数据\GSE272159_37C_rep1.mapq_30.10.cool,True,MG1655:28,train
WIN_ad5366146d568245,MG1655,3600800,3607200,3604000,6400,100,4501,rep1,False,0,0,F:\Micro-C\micro-c数据\GSE272159_37C_rep1.mapq_30.10.cool,True,MG1655:28,train
WIN_a5009ce4f8c8ba47,MG1655,3601600,3608000,3604800,6400,100,4502,rep1,False,0,0,F:\Micro-C\micro-c数据\GSE272159_37C_rep1.mapq_30.10.cool,True,MG1655:28,train
WIN_5821c3af06a56783,MG1655,3602400,3608800,3605600,6400,100,4503,rep1,False,0,0,F:\Micro-C\micro-c数据\GSE272159_37C_rep1.mapq_30.10.cool,True,MG1655:28,train
WIN_5fdcb54304c3063a,MG1655,3603200,3609600,3606400,6400,100,4504,rep1,False,0,0,F:\Micro-C\micro-c数据\GSE272159_37C_rep1.mapq_30.10.cool,True,MG1655:28,train
WIN_dccdc6cf5a7c12c2,MG1655,3604000,3610400,3607200,6400,100,4505,rep1,False,0,0,F:\Micro-C\micro-c数据\GSE272159_37C_rep1.mapq_30.10.cool,True,MG1655:28,train
WIN_0e0075ad0a518069,MG1655,3604800,3611200,3608000,6400,100,4506,rep1,False,0,0,F:\Micro-C\micro-c数据\GSE272159_37C_rep1.mapq_30.10.cool,True,MG1655:28,train
WIN_255665a50d7896e2,MG1655,3605600,3612000,3608800,6400,100,4507,rep1,False,0,0,F:\Micro-C\micro-c数据\GSE272159_37C_rep1.mapq_30.10.cool,True,MG1655:28,train
WIN_14b84baee0c2051b,MG1655,3606400,3612800,3609600,6400,100,4508,rep1,False,0,0,F:\Micro-C\micro-c数据\GSE272159_37C_rep1.mapq_30.10.cool,True,MG1655:28,train
WIN_f6c5e262f4b379f0,MG1655,3607200,3613600,3610400,6400,100,4509,rep1,False,0,0,F:\Micro-C\micro-c数据\GSE272159_37C_rep1.mapq_30.10.cool,True,MG1655:28,train
WIN_fd33d71ab0460b17,MG1655,3608000,3614400,3611200,6400,100,4510,rep1,False,0,0,F:\Micro-C\micro-c数据\GSE272159_37C_rep1.mapq_30.10.cool,True,MG1655:28,train
WIN_0f2cfefd96d5aca0,MG1655,3608800,3615200,3612000,6400,100,4511,rep1,False,0,0,F:\Micro-C\micro-c数据\GSE272159_37C_rep1.mapq_30.10.cool,True,MG1655:28,train
WIN_a7bd91373618bb51,MG1655,3609600,3616000,3612800,6400,100,4512,rep1,False,0,0,F:\Micro-C\micro-c数据\GSE272159_37C_rep1.mapq_30.10.cool,True,MG1655:28,train
WIN_325afcc6c315d65f,MG1655,3610400,3616800,3613600,6400,100,4513,rep1,False,0,0,F:\Micro-C\micro-c数据\GSE272159_37C_rep1.mapq_30.10.cool,True,MG1655:28,train
WIN_c2160f0146768f34,MG1655,3611200,3617600,3614400,6400,100,4514,rep1,False,0,0,F:\Micro-C\micro-c数据\GSE272159_37C_rep1.mapq_30.10.cool,True,MG1655:28,train
WIN_da88fd8e1dfa3d98,MG1655,3612000,3618400,3615200,6400,100,4515,rep1,False,0,0,F:\Micro-C\micro-c数据\GSE272159_37C_rep1.mapq_30.10.cool,True,MG1655:28,train
WIN_72bf6e94bb16bfb3,MG1655,3612800,3619200,3616000,6400,100,4516,rep1,False,0,0,F:\Micro-C\micro-c数据\GSE272159_37C_rep1.mapq_30.10.cool,True,MG1655:28,train
WIN_ea33377959e99d1e,MG1655,3613600,3620000,3616800,6400,100,4517,rep1,True,6,6,F:\Micro-C\micro-c数据\GSE272159_37C_rep1.mapq_30.10.cool,True,MG1655:28,train
WIN_959b6888e67f7b5d,MG1655,3614400,3620800,3617600,6400,100,4518,rep1,True,14,14,F:\Micro-C\micro-c数据\GSE272159_37C_rep1.mapq_30.10.cool,True,MG1655:28,train
WIN_7f51d0e346052b0a,MG1655,3615200,3621600,3618400,6400,100,4519,rep1,True,22,22,F:\Micro-C\micro-c数据\GSE272159_37C_rep1.mapq_30.10.cool,True,MG1655:28,train
WIN_cdf3e28f12508b69,MG1655,3616000,3622400,3619200,6400,100,4520,rep1,True,28,28,F:\Micro-C\micro-c数据\GSE272159_37C_rep1.mapq_30.10.cool,True,MG1655:28,train
WIN_03923d81ababbdb4,MG1655,3616800,3623200,3620000,6400,100,4521,rep1,True,28,28,F:\Micro-C\micro-c数据\GSE272159_37C_rep1.mapq_30.10.cool,True,MG1655:28,train
WIN_9c75fd040e5502e4,MG1655,3617600,3624000,3620800,6400,100,4522,rep1,True,28,28,F:\Micro-C\micro-c数据\GSE272159_37C_rep1.mapq_30.10.cool,True,MG1655:28,train
WIN_6d5684e29274b813,MG1655,3618400,3624800,3621600,6400,100,4523,rep1,True,28,28,F:\Micro-C\micro-c数据\GSE272159_37C_rep1.mapq_30.10.cool,True,MG1655:28,train
WIN_61819ed151b23429,MG1655,3619200,3625600,3622400,6400,100,4524,rep1,True,29,29,F:\Micro-C\micro-c数据\GSE272159_37C_rep1.mapq_30.10.cool,True,MG1655:28,train
WIN_409eda404ed686fb,MG1655,3681600,3688000,3684800,6400,100,4602,rep1,False,0,0,F:\Micro-C\micro-c数据\GSE272159_37C_rep1.mapq_30.10.cool,True,MG1655:28,train
WIN_2b1db7a7698e967c,MG1655,3682400,3688800,3685600,6400,100,4603,rep1,False,0,0,F:\Micro-C\micro-c数据\GSE272159_37C_rep1.mapq_30.10.cool,True,MG1655:28,train
WIN_a04a23542c20969d,MG1655,3683200,3689600,3686400,6400,100,4604,rep1,False,0,0,F:\Micro-C\micro-c数据\GSE272159_37C_rep1.mapq_30.10.cool,True,MG1655:28,train
WIN_df59dc5982f82f52,MG1655,3684000,3690400,3687200,6400,100,4605,rep1,False,0,0,F:\Micro-C\micro-c数据\GSE272159_37C_rep1.mapq_30.10.cool,True,MG1655:28,train
WIN_3bf384130099b67e,MG1655,3684800,3691200,3688000,6400,100,4606,rep1,False,0,0,F:\Micro-C\micro-c数据\GSE272159_37C_rep1.mapq_30.10.cool,True,MG1655:28,train
WIN_9b0882aa759fc3af,MG1655,3685600,3692000,3688800,6400,100,4607,rep1,False,0,0,F:\Micro-C\micro-c数据\GSE272159_37C_rep1.mapq_30.10.cool,True,MG1655:28,train
WIN_336fd6a0ef096a1d,MG1655,3686400,3692800,3689600,6400,100,4608,rep1,False,0,0,F:\Micro-C\micro-c数据\GSE272159_37C_rep1.mapq_30.10.cool,True,MG1655:28,train
WIN_3f058c8f8767563a,MG1655,3687200,3693600,3690400,6400,100,4609,rep1,False,0,0,F:\Micro-C\micro-c数据\GSE272159_37C_rep1.mapq_30.10.cool,True,MG1655:28,train
WIN_59284fb4cb6b67da,MG1655,3688000,3694400,3691200,6400,100,4610,rep1,False,0,0,F:\Micro-C\micro-c数据\GSE272159_37C_rep1.mapq_30.10.cool,True,MG1655:28,train
WIN_35516db1c4f264aa,MG1655,3688800,3695200,3692000,6400,100,4611,rep1,False,0,0,F:\Micro-C\micro-c数据\GSE272159_37C_rep1.mapq_30.10.cool,True,MG1655:28,train
WIN_3b423db1f5b66f98,MG1655,3689600,3696000,3692800,6400,100,4612,rep1,False,0,0,F:\Micro-C\micro-c数据\GSE272159_37C_rep1.mapq_30.10.cool,True,MG1655:28,train
WIN_479c2496237777dc,MG1655,3690400,3696800,3693600,6400,100,4613,rep1,False,0,0,F:\Micro-C\micro-c数据\GSE272159_37C_rep1.mapq_30.10.cool,True,MG1655:28,train
WIN_9d54889128bf38f4,MG1655,3691200,3697600,3694400,6400,100,4614,rep1,False,0,0,F:\Micro-C\micro-c数据\GSE272159_37C_rep1.mapq_30.10.cool,True,MG1655:28,train
WIN_561d24543fefce59,MG1655,3692000,3698400,3695200,6400,100,4615,rep1,False,0,0,F:\Micro-C\micro-c数据\GSE272159_37C_rep1.mapq_30.10.cool,True,MG1655:28,train
WIN_67fdabd0872476ec,MG1655,3692800,3699200,3696000,6400,100,4616,rep1,False,0,0,F:\Micro-C\micro-c数据\GSE272159_37C_rep1.mapq_30.10.cool,True,MG1655:28,train
WIN_2a7b22c26f43afe8,MG1655,3693600,3700000,3696800,6400,100,4617,rep1,False,0,0,F:\Micro-C\micro-c数据\GSE272159_37C_rep1.mapq_30.10.cool,True,MG1655:28,train
WIN_b10a85f90bce45cf,MG1655,3694400,3700800,3697600,6400,100,4618,rep1,False,0,0,F:\Micro-C\micro-c数据\GSE272159_37C_rep1.mapq_30.10.cool,True,MG1655:28,train
WIN_6543891109be84ad,MG1655,3695200,3701600,3698400,6400,100,4619,rep1,False,0,0,F:\Micro-C\micro-c数据\GSE272159_37C_rep1.mapq_30.10.cool,True,MG1655:28,train
WIN_0ee6d06c25325199,MG1655,3696000,3702400,3699200,6400,100,4620,rep1,False,0,0,F:\Micro-C\micro-c数据\GSE272159_37C_rep1.mapq_30.10.cool,True,MG1655:28,train
WIN_97bcf94e0aae9b39,MG1655,3696800,3703200,3700000,6400,100,4621,rep1,False,0,0,F:\Micro-C\micro-c数据\GSE272159_37C_rep1.mapq_30.10.cool,True,MG1655:28,train
WIN_73690e87619de648,MG1655,3697600,3704000,3700800,6400,100,4622,rep1,False,0,0,F:\Micro-C\micro-c数据\GSE272159_37C_rep1.mapq_30.10.cool,True,MG1655:28,train
WIN_4bb483fe2cea20fa,MG1655,3698400,3704800,3701600,6400,100,4623,rep1,False,0,0,F:\Micro-C\micro-c数据\GSE272159_37C_rep1.mapq_30.10.cool,True,MG1655:28,train
WIN_47282f1e0a5cb185,MG1655,3699200,3705600,3702400,6400,100,4624,rep1,False,0,0,F:\Micro-C\micro-c数据\GSE272159_37C_rep1.mapq_30.10.cool,True,MG1655:28,train
WIN_925be2642c8bb39d,MG1655,3700000,3706400,3703200,6400,100,4625,rep1,False,0,0,F:\Micro-C\micro-c数据\GSE272159_37C_rep1.mapq_30.10.cool,True,MG1655:28,train
WIN_3060de3ee4c8fbab,MG1655,3700800,3707200,3704000,6400,100,4626,rep1,False,0,0,F:\Micro-C\micro-c数据\GSE272159_37C_rep1.mapq_30.10.cool,True,MG1655:28,train
WIN_37d5f301092eac80,MG1655,3701600,3708000,3704800,6400,100,4627,rep1,False,0,0,F:\Micro-C\micro-c数据\GSE272159_37C_rep1.mapq_30.10.cool,True,MG1655:28,train
WIN_934ca9a4d8341711,MG1655,3702400,3708800,3705600,6400,100,4628,rep1,False,0,0,F:\Micro-C\micro-c数据\GSE272159_37C_rep1.mapq_30.10.cool,True,MG1655:28,train
WIN_efa14f95438aea8c,MG1655,3703200,3709600,3706400,6400,100,4629,rep1,False,0,0,F:\Micro-C\micro-c数据\GSE272159_37C_rep1.mapq_30.10.cool,True,MG1655:28,train
WIN_e7292bd3ee29fe5d,MG1655,3704000,3710400,3707200,6400,100,4630,rep1,False,0,0,F:\Micro-C\micro-c数据\GSE272159_37C_rep1.mapq_30.10.cool,True,MG1655:28,train
WIN_6b2deb25597c10a1,MG1655,3704800,3711200,3708000,6400,100,4631,rep1,False,0,0,F:\Micro-C\micro-c数据\GSE272159_37C_rep1.mapq_30.10.cool,True,MG1655:28,train
WIN_a47f1b23aeafb436,MG1655,3705600,3712000,3708800,6400,100,4632,rep1,False,0,0,F:\Micro-C\micro-c数据\GSE272159_37C_rep1.mapq_30.10.cool,True,MG1655:28,train
WIN_7e6bb711a5373707,MG1655,3752000,3758400,3755200,6400,100,4690,rep1,False,0,0,F:\Micro-C\micro-c数据\GSE272159_37C_rep1.mapq_30.10.cool,True,MG1655:29,train
WIN_48f42893b1efd630,MG1655,3752800,3759200,3756000,6400,100,4691,rep1,False,0,0,F:\Micro-C\micro-c数据\GSE272159_37C_rep1.mapq_30.10.cool,True,MG1655:29,train
WIN_148ab35974af9495,MG1655,3753600,3760000,3756800,6400,100,4692,rep1,False,0,0,F:\Micro-C\micro-c数据\GSE272159_37C_rep1.mapq_30.10.cool,True,MG1655:29,train
WIN_62bc8d53b1346af0,MG1655,3754400,3760800,3757600,6400,100,4693,rep1,False,0,0,F:\Micro-C\micro-c数据\GSE272159_37C_rep1.mapq_30.10.cool,True,MG1655:29,train
WIN_5d74f6e90e9325d7,MG1655,3775200,3781600,3778400,6400,100,4719,rep1,False,0,0,F:\Micro-C\micro-c数据\GSE272159_37C_rep1.mapq_30.10.cool,True,MG1655:29,train
WIN_27556388d7dfcf78,MG1655,3776000,3782400,3779200,6400,100,4720,rep1,False,0,0,F:\Micro-C\micro-c数据\GSE272159_37C_rep1.mapq_30.10.cool,True,MG1655:29,train
WIN_142797ac8d14a4d8,MG1655,3776800,3783200,3780000,6400,100,4721,rep1,False,0,0,F:\Micro-C\micro-c数据\GSE272159_37C_rep1.mapq_30.10.cool,True,MG1655:29,train
WIN_04c2556117e6ac44,MG1655,3812800,3819200,3816000,6400,100,4766,rep1,False,0,0,F:\Micro-C\micro-c数据\GSE272159_37C_rep1.mapq_30.10.cool,True,MG1655:29,train
WIN_8f9a82b50fe421ab,MG1655,3813600,3820000,3816800,6400,100,4767,rep1,False,0,0,F:\Micro-C\micro-c数据\GSE272159_37C_rep1.mapq_30.10.cool,True,MG1655:29,train
WIN_ca24fb6b2c5a0229,MG1655,3814400,3820800,3817600,6400,100,4768,rep1,False,0,0,F:\Micro-C\micro-c数据\GSE272159_37C_rep1.mapq_30.10.cool,True,MG1655:29,train
WIN_5c712bdf017a705f,MG1655,3815200,3821600,3818400,6400,100,4769,rep1,False,0,0,F:\Micro-C\micro-c数据\GSE272159_37C_rep1.mapq_30.10.cool,True,MG1655:29,train
WIN_0b5217611e185c4f,MG1655,3816000,3822400,3819200,6400,100,4770,rep1,False,0,0,F:\Micro-C\micro-c数据\GSE272159_37C_rep1.mapq_30.10.cool,True,MG1655:29,train
WIN_77b5b17cbb7a616c,MG1655,3816800,3823200,3820000,6400,100,4771,rep1,False,0,0,F:\Micro-C\micro-c数据\GSE272159_37C_rep1.mapq_30.10.cool,True,MG1655:29,train
WIN_b5cd11aded7b299f,MG1655,3817600,3824000,3820800,6400,100,4772,rep1,False,0,0,F:\Micro-C\micro-c数据\GSE272159_37C_rep1.mapq_30.10.cool,True,MG1655:29,train
WIN_265fe41c5d25e60a,MG1655,3818400,3824800,3821600,6400,100,4773,rep1,False,0,0,F:\Micro-C\micro-c数据\GSE272159_37C_rep1.mapq_30.10.cool,True,MG1655:29,train
WIN_cb5b7dbc06630698,MG1655,3819200,3825600,3822400,6400,100,4774,rep1,False,0,0,F:\Micro-C\micro-c数据\GSE272159_37C_rep1.mapq_30.10.cool,True,MG1655:29,train
WIN_1028f5320d827ad7,MG1655,3820000,3826400,3823200,6400,100,4775,rep1,False,0,0,F:\Micro-C\micro-c数据\GSE272159_37C_rep1.mapq_30.10.cool,True,MG1655:29,train
WIN_5a31afadda1a29cb,MG1655,3820800,3827200,3824000,6400,100,4776,rep1,False,0,0,F:\Micro-C\micro-c数据\GSE272159_37C_rep1.mapq_30.10.cool,True,MG1655:29,train
WIN_f3e2d1d3b6d1b720,MG1655,3821600,3828000,3824800,6400,100,4777,rep1,False,0,0,F:\Micro-C\micro-c数据\GSE272159_37C_rep1.mapq_30.10.cool,True,MG1655:29,train
WIN_d8fbb266c3abd298,MG1655,3822400,3828800,3825600,6400,100,4778,rep1,False,0,0,F:\Micro-C\micro-c数据\GSE272159_37C_rep1.mapq_30.10.cool,True,MG1655:29,train
WIN_75f9430cc1c9015b,MG1655,3823200,3829600,3826400,6400,100,4779,rep1,False,0,0,F:\Micro-C\micro-c数据\GSE272159_37C_rep1.mapq_30.10.cool,True,MG1655:29,train
WIN_752d046a61c9da50,MG1655,3824000,3830400,3827200,6400,100,4780,rep1,False,0,0,F:\Micro-C\micro-c数据\GSE272159_37C_rep1.mapq_30.10.cool,True,MG1655:29,train
WIN_b819798a21f00bc8,MG1655,3850400,3856800,3853600,6400,100,4813,rep1,False,0,0,F:\Micro-C\micro-c数据\GSE272159_37C_rep1.mapq_30.10.cool,True,MG1655:30,validation
WIN_a90d51d0f6b6f985,MG1655,3851200,3857600,3854400,6400,100,4814,rep1,False,0,0,F:\Micro-C\micro-c数据\GSE272159_37C_rep1.mapq_30.10.cool,True,MG1655:30,validation
WIN_ebd231a53eeade95,MG1655,3852000,3858400,3855200,6400,100,4815,rep1,False,0,0,F:\Micro-C\micro-c数据\GSE272159_37C_rep1.mapq_30.10.cool,True,MG1655:30,validation
WIN_7c0ab56f21bf379a,MG1655,3852800,3859200,3856000,6400,100,4816,rep1,False,0,0,F:\Micro-C\micro-c数据\GSE272159_37C_rep1.mapq_30.10.cool,True,MG1655:30,validation
WIN_4af5ebc5b7c86f3d,MG1655,3853600,3860000,3856800,6400,100,4817,rep1,False,0,0,F:\Micro-C\micro-c数据\GSE272159_37C_rep1.mapq_30.10.cool,True,MG1655:30,validation
WIN_9265f9d10ef04b43,MG1655,3882400,3888800,3885600,6400,100,4853,rep1,False,0,0,F:\Micro-C\micro-c数据\GSE272159_37C_rep1.mapq_30.10.cool,True,MG1655:30,validation
WIN_ca9c5213b57d4e56,MG1655,3883200,3889600,3886400,6400,100,4854,rep1,False,0,0,F:\Micro-C\micro-c数据\GSE272159_37C_rep1.mapq_30.10.cool,True,MG1655:30,validation
WIN_ed8fde2899b29b68,MG1655,3884000,3890400,3887200,6400,100,4855,rep1,False,0,0,F:\Micro-C\micro-c数据\GSE272159_37C_rep1.mapq_30.10.cool,True,MG1655:30,validation
WIN_c5fc4d7813f96628,MG1655,3884800,3891200,3888000,6400,100,4856,rep1,False,0,0,F:\Micro-C\micro-c数据\GSE272159_37C_rep1.mapq_30.10.cool,True,MG1655:30,validation
WIN_565a9c9c997ce276,MG1655,3885600,3892000,3888800,6400,100,4857,rep1,False,0,0,F:\Micro-C\micro-c数据\GSE272159_37C_rep1.mapq_30.10.cool,True,MG1655:30,validation
WIN_9f8a445e5b32c211,MG1655,3886400,3892800,3889600,6400,100,4858,rep1,False,0,0,F:\Micro-C\micro-c数据\GSE272159_37C_rep1.mapq_30.10.cool,True,MG1655:30,validation
WIN_d7ad951b8768b8de,MG1655,3887200,3893600,3890400,6400,100,4859,rep1,False,0,0,F:\Micro-C\micro-c数据\GSE272159_37C_rep1.mapq_30.10.cool,True,MG1655:30,validation
WIN_48b2f8bc45724609,MG1655,3888000,3894400,3891200,6400,100,4860,rep1,False,0,0,F:\Micro-C\micro-c数据\GSE272159_37C_rep1.mapq_30.10.cool,True,MG1655:30,validation
WIN_f725a752a40a2315,MG1655,3888800,3895200,3892000,6400,100,4861,rep1,False,0,0,F:\Micro-C\micro-c数据\GSE272159_37C_rep1.mapq_30.10.cool,True,MG1655:30,validation
WIN_1978f20bde966d9d,MG1655,3925600,3932000,3928800,6400,100,4907,rep1,False,0,0,F:\Micro-C\micro-c数据\GSE272159_37C_rep1.mapq_30.10.cool,True,MG1655:30,validation
WIN_35f992f36c1ccf33,MG1655,3926400,3932800,3929600,6400,100,4908,rep1,False,0,0,F:\Micro-C\micro-c数据\GSE272159_37C_rep1.mapq_30.10.cool,True,MG1655:30,validation
WIN_2dcbaa3f4637e7fc,MG1655,3927200,3933600,3930400,6400,100,4909,rep1,False,0,0,F:\Micro-C\micro-c数据\GSE272159_37C_rep1.mapq_30.10.cool,True,MG1655:30,validation
WIN_3566e205f73562b4,MG1655,3928000,3934400,3931200,6400,100,4910,rep1,False,0,0,F:\Micro-C\micro-c数据\GSE272159_37C_rep1.mapq_30.10.cool,True,MG1655:30,validation
WIN_952546476c3ac8a6,MG1655,3928800,3935200,3932000,6400,100,4911,rep1,False,0,0,F:\Micro-C\micro-c数据\GSE272159_37C_rep1.mapq_30.10.cool,True,MG1655:30,validation
WIN_69014528db673cd1,MG1655,3929600,3936000,3932800,6400,100,4912,rep1,False,0,0,F:\Micro-C\micro-c数据\GSE272159_37C_rep1.mapq_30.10.cool,True,MG1655:30,validation
WIN_29feda1ea8fb61d3,MG1655,3930400,3936800,3933600,6400,100,4913,rep1,False,0,0,F:\Micro-C\micro-c数据\GSE272159_37C_rep1.mapq_30.10.cool,True,MG1655:30,validation
WIN_d75aafdaebe3e291,MG1655,3931200,3937600,3934400,6400,100,4914,rep1,False,0,0,F:\Micro-C\micro-c数据\GSE272159_37C_rep1.mapq_30.10.cool,True,MG1655:30,validation
WIN_f452dc345ed59554,MG1655,3932000,3938400,3935200,6400,100,4915,rep1,False,0,0,F:\Micro-C\micro-c数据\GSE272159_37C_rep1.mapq_30.10.cool,True,MG1655:30,validation
WIN_6ce396d1432e744a,MG1655,3932800,3939200,3936000,6400,100,4916,rep1,False,0,0,F:\Micro-C\micro-c数据\GSE272159_37C_rep1.mapq_30.10.cool,True,MG1655:30,validation
WIN_b8398ef44df5ecc0,MG1655,3933600,3940000,3936800,6400,100,4917,rep1,False,0,0,F:\Micro-C\micro-c数据\GSE272159_37C_rep1.mapq_30.10.cool,True,MG1655:30,validation
WIN_2f6713b567dd8792,MG1655,3934400,3940800,3937600,6400,100,4918,rep1,False,0,0,F:\Micro-C\micro-c数据\GSE272159_37C_rep1.mapq_30.10.cool,True,MG1655:30,validation
WIN_290271ba02e12a0a,MG1655,3935200,3941600,3938400,6400,100,4919,rep1,False,0,0,F:\Micro-C\micro-c数据\GSE272159_37C_rep1.mapq_30.10.cool,True,MG1655:30,validation
WIN_0c4e4194f1a1bba0,MG1655,3936000,3942400,3939200,6400,100,4920,rep1,True,4,4,F:\Micro-C\micro-c数据\GSE272159_37C_rep1.mapq_30.10.cool,True,MG1655:30,validation
WIN_9987f70326d2dc89,MG1655,3936800,3943200,3940000,6400,100,4921,rep1,True,12,12,F:\Micro-C\micro-c数据\GSE272159_37C_rep1.mapq_30.10.cool,True,MG1655:30,validation
WIN_f6c0b285fa93da50,MG1655,3937600,3944000,3940800,6400,100,4922,rep1,True,18,18,F:\Micro-C\micro-c数据\GSE272159_37C_rep1.mapq_30.10.cool,True,MG1655:30,validation
WIN_98ecebf31c5aaa95,MG1655,3938400,3944800,3941600,6400,100,4923,rep1,True,24,24,F:\Micro-C\micro-c数据\GSE272159_37C_rep1.mapq_30.10.cool,True,MG1655:30,validation
WIN_7e74a75f01c82fe4,MG1655,3939200,3945600,3942400,6400,100,4924,rep1,True,33,33,F:\Micro-C\micro-c数据\GSE272159_37C_rep1.mapq_30.10.cool,True,MG1655:30,validation
WIN_9601a6ccc8783806,MG1655,3940000,3946400,3943200,6400,100,4925,rep1,True,39,39,F:\Micro-C\micro-c数据\GSE272159_37C_rep1.mapq_30.10.cool,True,MG1655:30,validation
WIN_abba731a3f368bc1,MG1655,3940800,3947200,3944000,6400,100,4926,rep1,True,41,41,F:\Micro-C\micro-c数据\GSE272159_37C_rep1.mapq_30.10.cool,True,MG1655:30,validation
WIN_97f8d2f37843f95e,MG1655,3941600,3948000,3944800,6400,100,4927,rep1,True,41,41,F:\Micro-C\micro-c数据\GSE272159_37C_rep1.mapq_30.10.cool,True,MG1655:30,validation
WIN_364d8bf4e926f800,MG1655,3942400,3948800,3945600,6400,100,4928,rep1,True,35,35,F:\Micro-C\micro-c数据\GSE272159_37C_rep1.mapq_30.10.cool,True,MG1655:30,validation
WIN_17657ba40c5e649d,MG1655,3943200,3949600,3946400,6400,100,4929,rep1,True,27,27,F:\Micro-C\micro-c数据\GSE272159_37C_rep1.mapq_30.10.cool,True,MG1655:30,validation
WIN_168cceeee734a7ae,MG1655,3944000,3950400,3947200,6400,100,4930,rep1,True,18,18,F:\Micro-C\micro-c数据\GSE272159_37C_rep1.mapq_30.10.cool,True,MG1655:30,validation
WIN_0d1368fce34db1e9,MG1655,3944800,3951200,3948000,6400,100,4931,rep1,True,12,12,F:\Micro-C\micro-c数据\GSE272159_37C_rep1.mapq_30.10.cool,True,MG1655:30,validation
WIN_1fae208b48d0cab9,MG1655,3945600,3952000,3948800,6400,100,4932,rep1,True,5,5,F:\Micro-C\micro-c数据\GSE272159_37C_rep1.mapq_30.10.cool,True,MG1655:30,validation
WIN_e1a4f485c6fd14cb,MG1655,3946400,3952800,3949600,6400,100,4933,rep1,True,1,1,F:\Micro-C\micro-c数据\GSE272159_37C_rep1.mapq_30.10.cool,True,MG1655:30,validation
WIN_3c78b06cb258ffde,MG1655,3947200,3953600,3950400,6400,100,4934,rep1,False,0,0,F:\Micro-C\micro-c数据\GSE272159_37C_rep1.mapq_30.10.cool,True,MG1655:30,validation
WIN_b0bad5bf01313455,MG1655,3948000,3954400,3951200,6400,100,4935,rep1,False,0,0,F:\Micro-C\micro-c数据\GSE272159_37C_rep1.mapq_30.10.cool,True,MG1655:30,validation
WIN_683461d611bfe0ba,MG1655,3948800,3955200,3952000,6400,100,4936,rep1,False,0,0,F:\Micro-C\micro-c数据\GSE272159_37C_rep1.mapq_30.10.cool,True,MG1655:30,validation
WIN_9ee595c840de8ab6,MG1655,3949600,3956000,3952800,6400,100,4937,rep1,False,0,0,F:\Micro-C\micro-c数据\GSE272159_37C_rep1.mapq_30.10.cool,True,MG1655:30,validation
WIN_7266749fc1216a8c,MG1655,3950400,3956800,3953600,6400,100,4938,rep1,False,0,0,F:\Micro-C\micro-c数据\GSE272159_37C_rep1.mapq_30.10.cool,True,MG1655:30,validation
WIN_a1b7b4eae08f5372,MG1655,3951200,3957600,3954400,6400,100,4939,rep1,False,0,0,F:\Micro-C\micro-c数据\GSE272159_37C_rep1.mapq_30.10.cool,True,MG1655:30,validation
WIN_f9a8e47a881c630f,MG1655,3952000,3958400,3955200,6400,100,4940,rep1,False,0,0,F:\Micro-C\micro-c数据\GSE272159_37C_rep1.mapq_30.10.cool,True,MG1655:30,validation
WIN_b4a46fb11b449aa4,MG1655,3952800,3959200,3956000,6400,100,4941,rep1,False,0,0,F:\Micro-C\micro-c数据\GSE272159_37C_rep1.mapq_30.10.cool,True,MG1655:30,validation
WIN_885471a47174fd71,MG1655,3953600,3960000,3956800,6400,100,4942,rep1,False,0,0,F:\Micro-C\micro-c数据\GSE272159_37C_rep1.mapq_30.10.cool,True,MG1655:30,validation
WIN_841071ba4182d291,MG1655,3954400,3960800,3957600,6400,100,4943,rep1,False,0,0,F:\Micro-C\micro-c数据\GSE272159_37C_rep1.mapq_30.10.cool,True,MG1655:30,validation
WIN_29fa9ee0e17b5298,MG1655,3955200,3961600,3958400,6400,100,4944,rep1,False,0,0,F:\Micro-C\micro-c数据\GSE272159_37C_rep1.mapq_30.10.cool,True,MG1655:30,validation
WIN_9719c5029a10f266,MG1655,3956000,3962400,3959200,6400,100,4945,rep1,False,0,0,F:\Micro-C\micro-c数据\GSE272159_37C_rep1.mapq_30.10.cool,True,MG1655:30,validation
WIN_95e143eaa250e400,MG1655,3956800,3963200,3960000,6400,100,4946,rep1,False,0,0,F:\Micro-C\micro-c数据\GSE272159_37C_rep1.mapq_30.10.cool,True,MG1655:30,validation
WIN_072d63404adaa98e,MG1655,3957600,3964000,3960800,6400,100,4947,rep1,False,0,0,F:\Micro-C\micro-c数据\GSE272159_37C_rep1.mapq_30.10.cool,True,MG1655:30,validation
WIN_9e4cfbea623977ba,MG1655,3958400,3964800,3961600,6400,100,4948,rep1,False,0,0,F:\Micro-C\micro-c数据\GSE272159_37C_rep1.mapq_30.10.cool,True,MG1655:30,validation
WIN_ec402fe0a4448bc3,MG1655,3959200,3965600,3962400,6400,100,4949,rep1,False,0,0,F:\Micro-C\micro-c数据\GSE272159_37C_rep1.mapq_30.10.cool,True,MG1655:30,validation
WIN_deae860a4285d46d,MG1655,3960000,3966400,3963200,6400,100,4950,rep1,False,0,0,F:\Micro-C\micro-c数据\GSE272159_37C_rep1.mapq_30.10.cool,True,MG1655:30,validation
WIN_7b09911fdde42c38,MG1655,3960800,3967200,3964000,6400,100,4951,rep1,False,0,0,F:\Micro-C\micro-c数据\GSE272159_37C_rep1.mapq_30.10.cool,True,MG1655:30,validation
WIN_8dbe04fd956fecd6,MG1655,3961600,3968000,3964800,6400,100,4952,rep1,False,0,0,F:\Micro-C\micro-c数据\GSE272159_37C_rep1.mapq_30.10.cool,True,MG1655:30,validation
WIN_5a2df5ed9c7722d4,MG1655,3968000,3974400,3971200,6400,100,4960,rep1,False,0,0,F:\Micro-C\micro-c数据\GSE272159_37C_rep1.mapq_30.10.cool,True,MG1655:31,validation
WIN_109d4dda136c9611,MG1655,3968800,3975200,3972000,6400,100,4961,rep1,False,0,0,F:\Micro-C\micro-c数据\GSE272159_37C_rep1.mapq_30.10.cool,True,MG1655:31,validation
WIN_b065dc584da114ff,MG1655,3969600,3976000,3972800,6400,100,4962,rep1,False,0,0,F:\Micro-C\micro-c数据\GSE272159_37C_rep1.mapq_30.10.cool,True,MG1655:31,validation
WIN_8df4248e6e8513f0,MG1655,3970400,3976800,3973600,6400,100,4963,rep1,False,0,0,F:\Micro-C\micro-c数据\GSE272159_37C_rep1.mapq_30.10.cool,True,MG1655:31,validation
WIN_d5500293a1d77beb,MG1655,3971200,3977600,3974400,6400,100,4964,rep1,False,0,0,F:\Micro-C\micro-c数据\GSE272159_37C_rep1.mapq_30.10.cool,True,MG1655:31,validation
WIN_f8fd6ab681f072fb,MG1655,3972000,3978400,3975200,6400,100,4965,rep1,False,0,0,F:\Micro-C\micro-c数据\GSE272159_37C_rep1.mapq_30.10.cool,True,MG1655:31,validation
WIN_5ddac66234224617,MG1655,3972800,3979200,3976000,6400,100,4966,rep1,False,0,0,F:\Micro-C\micro-c数据\GSE272159_37C_rep1.mapq_30.10.cool,True,MG1655:31,validation
WIN_50c67b650f5931b7,MG1655,3973600,3980000,3976800,6400,100,4967,rep1,False,0,0,F:\Micro-C\micro-c数据\GSE272159_37C_rep1.mapq_30.10.cool,True,MG1655:31,validation
WIN_db1493daf5c8417a,MG1655,3974400,3980800,3977600,6400,100,4968,rep1,False,0,0,F:\Micro-C\micro-c数据\GSE272159_37C_rep1.mapq_30.10.cool,True,MG1655:31,validation
WIN_dd5a37f121b72534,MG1655,3975200,3981600,3978400,6400,100,4969,rep1,False,0,0,F:\Micro-C\micro-c数据\GSE272159_37C_rep1.mapq_30.10.cool,True,MG1655:31,validation
WIN_2def5f9bba1f454a,MG1655,3976000,3982400,3979200,6400,100,4970,rep1,False,0,0,F:\Micro-C\micro-c数据\GSE272159_37C_rep1.mapq_30.10.cool,True,MG1655:31,validation
WIN_08a36c36ceb801d1,MG1655,3976800,3983200,3980000,6400,100,4971,rep1,False,0,0,F:\Micro-C\micro-c数据\GSE272159_37C_rep1.mapq_30.10.cool,True,MG1655:31,validation
WIN_0887e48de17a3a44,MG1655,3977600,3984000,3980800,6400,100,4972,rep1,False,0,0,F:\Micro-C\micro-c数据\GSE272159_37C_rep1.mapq_30.10.cool,True,MG1655:31,validation
WIN_e8da97722db9bcb7,MG1655,3978400,3984800,3981600,6400,100,4973,rep1,False,0,0,F:\Micro-C\micro-c数据\GSE272159_37C_rep1.mapq_30.10.cool,True,MG1655:31,validation
WIN_5578e1407dc19872,MG1655,3979200,3985600,3982400,6400,100,4974,rep1,False,0,0,F:\Micro-C\micro-c数据\GSE272159_37C_rep1.mapq_30.10.cool,True,MG1655:31,validation
WIN_3ed92b76cc84763b,MG1655,3980000,3986400,3983200,6400,100,4975,rep1,False,0,0,F:\Micro-C\micro-c数据\GSE272159_37C_rep1.mapq_30.10.cool,True,MG1655:31,validation
WIN_acd78e0e1e3c89c9,MG1655,3980800,3987200,3984000,6400,100,4976,rep1,False,0,0,F:\Micro-C\micro-c数据\GSE272159_37C_rep1.mapq_30.10.cool,True,MG1655:31,validation
WIN_348d3c58fa2453d2,MG1655,3981600,3988000,3984800,6400,100,4977,rep1,False,0,0,F:\Micro-C\micro-c数据\GSE272159_37C_rep1.mapq_30.10.cool,True,MG1655:31,validation
WIN_d3a54d5114a976d5,MG1655,4001600,4008000,4004800,6400,100,5002,rep1,False,0,0,F:\Micro-C\micro-c数据\GSE272159_37C_rep1.mapq_30.10.cool,True,MG1655:31,validation
WIN_ab0793061a5deb3a,MG1655,4002400,4008800,4005600,6400,100,5003,rep1,False,0,0,F:\Micro-C\micro-c数据\GSE272159_37C_rep1.mapq_30.10.cool,True,MG1655:31,validation
WIN_cbb86a0a87ccd885,MG1655,4003200,4009600,4006400,6400,100,5004,rep1,False,0,0,F:\Micro-C\micro-c数据\GSE272159_37C_rep1.mapq_30.10.cool,True,MG1655:31,validation
WIN_240dccb757d6a818,MG1655,4004000,4010400,4007200,6400,100,5005,rep1,False,0,0,F:\Micro-C\micro-c数据\GSE272159_37C_rep1.mapq_30.10.cool,True,MG1655:31,validation
WIN_f310bb3334e03fb9,MG1655,4004800,4011200,4008000,6400,100,5006,rep1,False,0,0,F:\Micro-C\micro-c数据\GSE272159_37C_rep1.mapq_30.10.cool,True,MG1655:31,validation
WIN_a8edd4b487f7dc5e,MG1655,4005600,4012000,4008800,6400,100,5007,rep1,False,0,0,F:\Micro-C\micro-c数据\GSE272159_37C_rep1.mapq_30.10.cool,True,MG1655:31,validation
WIN_4345771708506ede,MG1655,4006400,4012800,4009600,6400,100,5008,rep1,False,0,0,F:\Micro-C\micro-c数据\GSE272159_37C_rep1.mapq_30.10.cool,True,MG1655:31,validation
WIN_44a36ea707c3b2d9,MG1655,4007200,4013600,4010400,6400,100,5009,rep1,False,0,0,F:\Micro-C\micro-c数据\GSE272159_37C_rep1.mapq_30.10.cool,True,MG1655:31,validation
WIN_cf2d7b1b338eba6d,MG1655,4008000,4014400,4011200,6400,100,5010,rep1,False,0,0,F:\Micro-C\micro-c数据\GSE272159_37C_rep1.mapq_30.10.cool,True,MG1655:31,validation
WIN_4d7a18c13019fa21,MG1655,4008800,4015200,4012000,6400,100,5011,rep1,False,0,0,F:\Micro-C\micro-c数据\GSE272159_37C_rep1.mapq_30.10.cool,True,MG1655:31,validation
WIN_09e519bade2cf3df,MG1655,4028800,4035200,4032000,6400,100,5036,rep1,False,0,0,F:\Micro-C\micro-c数据\GSE272159_37C_rep1.mapq_30.10.cool,True,MG1655:31,validation
WIN_c9b43fc0409602f5,MG1655,4029600,4036000,4032800,6400,100,5037,rep1,True,6,6,F:\Micro-C\micro-c数据\GSE272159_37C_rep1.mapq_30.10.cool,True,MG1655:31,validation
WIN_339992eb1f7f79c1,MG1655,4030400,4036800,4033600,6400,100,5038,rep1,True,14,14,F:\Micro-C\micro-c数据\GSE272159_37C_rep1.mapq_30.10.cool,True,MG1655:31,validation
WIN_5a5b87c25199b443,MG1655,4031200,4037600,4034400,6400,100,5039,rep1,True,20,20,F:\Micro-C\micro-c数据\GSE272159_37C_rep1.mapq_30.10.cool,True,MG1655:31,validation
WIN_4deec163425a213f,MG1655,4032000,4038400,4035200,6400,100,5040,rep1,True,28,28,F:\Micro-C\micro-c数据\GSE272159_37C_rep1.mapq_30.10.cool,True,MG1655:31,validation
WIN_0372abc3674b9700,MG1655,4032800,4039200,4036000,6400,100,5041,rep1,True,33,33,F:\Micro-C\micro-c数据\GSE272159_37C_rep1.mapq_30.10.cool,True,MG1655:31,validation
WIN_465342eb241ef3ef,MG1655,4033600,4040000,4036800,6400,100,5042,rep1,True,38,38,F:\Micro-C\micro-c数据\GSE272159_37C_rep1.mapq_30.10.cool,True,MG1655:31,validation
WIN_81a5b5d6adc53a90,MG1655,4034400,4040800,4037600,6400,100,5043,rep1,True,43,43,F:\Micro-C\micro-c数据\GSE272159_37C_rep1.mapq_30.10.cool,True,MG1655:31,validation
WIN_81e595da5c894af3,MG1655,4035200,4041600,4038400,6400,100,5044,rep1,True,42,42,F:\Micro-C\micro-c数据\GSE272159_37C_rep1.mapq_30.10.cool,True,MG1655:31,validation
WIN_4933314492c3ea9b,MG1655,4036000,4042400,4039200,6400,100,5045,rep1,True,36,36,F:\Micro-C\micro-c数据\GSE272159_37C_rep1.mapq_30.10.cool,True,MG1655:31,validation
WIN_cedd52cac17614e7,MG1655,4036800,4043200,4040000,6400,100,5046,rep1,True,28,28,F:\Micro-C\micro-c数据\GSE272159_37C_rep1.mapq_30.10.cool,True,MG1655:31,validation
WIN_c6a2636856c1e89a,MG1655,4037600,4044000,4040800,6400,100,5047,rep1,True,22,22,F:\Micro-C\micro-c数据\GSE272159_37C_rep1.mapq_30.10.cool,True,MG1655:31,validation
WIN_55b3b4a7072f34a6,MG1655,4038400,4044800,4041600,6400,100,5048,rep1,True,15,15,F:\Micro-C\micro-c数据\GSE272159_37C_rep1.mapq_30.10.cool,True,MG1655:31,validation
WIN_7826bc01f52f3c0c,MG1655,4039200,4045600,4042400,6400,100,5049,rep1,True,10,10,F:\Micro-C\micro-c数据\GSE272159_37C_rep1.mapq_30.10.cool,True,MG1655:31,validation
WIN_17977e200a48867c,MG1655,4040000,4046400,4043200,6400,100,5050,rep1,True,5,5,F:\Micro-C\micro-c数据\GSE272159_37C_rep1.mapq_30.10.cool,True,MG1655:31,validation
WIN_6dc76ff5fa1a186a,MG1655,4040800,4047200,4044000,6400,100,5051,rep1,False,0,0,F:\Micro-C\micro-c数据\GSE272159_37C_rep1.mapq_30.10.cool,True,MG1655:31,validation
WIN_fd9e74b77f7d4e6d,MG1655,4041600,4048000,4044800,6400,100,5052,rep1,False,0,0,F:\Micro-C\micro-c数据\GSE272159_37C_rep1.mapq_30.10.cool,True,MG1655:31,validation
WIN_b6b8728c62f0d293,MG1655,4042400,4048800,4045600,6400,100,5053,rep1,False,0,0,F:\Micro-C\micro-c数据\GSE272159_37C_rep1.mapq_30.10.cool,True,MG1655:31,validation
WIN_62b549b89014d5a1,MG1655,4043200,4049600,4046400,6400,100,5054,rep1,False,0,0,F:\Micro-C\micro-c数据\GSE272159_37C_rep1.mapq_30.10.cool,True,MG1655:31,validation
WIN_1fa3a3a70070c36d,MG1655,4044000,4050400,4047200,6400,100,5055,rep1,False,0,0,F:\Micro-C\micro-c数据\GSE272159_37C_rep1.mapq_30.10.cool,True,MG1655:31,validation
WIN_04a2aff3c9fa4349,MG1655,4044800,4051200,4048000,6400,100,5056,rep1,False,0,0,F:\Micro-C\micro-c数据\GSE272159_37C_rep1.mapq_30.10.cool,True,MG1655:31,validation
WIN_f0a5edf3c784d2b7,MG1655,4045600,4052000,4048800,6400,100,5057,rep1,False,0,0,F:\Micro-C\micro-c数据\GSE272159_37C_rep1.mapq_30.10.cool,True,MG1655:31,validation
WIN_d62c7296b226d427,MG1655,4046400,4052800,4049600,6400,100,5058,rep1,False,0,0,F:\Micro-C\micro-c数据\GSE272159_37C_rep1.mapq_30.10.cool,True,MG1655:31,validation
WIN_b28e53236f961709,MG1655,4047200,4053600,4050400,6400,100,5059,rep1,False,0,0,F:\Micro-C\micro-c数据\GSE272159_37C_rep1.mapq_30.10.cool,True,MG1655:31,validation
WIN_52a96ed1af1ac783,MG1655,4048000,4054400,4051200,6400,100,5060,rep1,False,0,0,F:\Micro-C\micro-c数据\GSE272159_37C_rep1.mapq_30.10.cool,True,MG1655:31,validation
WIN_d0fd89c58edab835,MG1655,4048800,4055200,4052000,6400,100,5061,rep1,False,0,0,F:\Micro-C\micro-c数据\GSE272159_37C_rep1.mapq_30.10.cool,True,MG1655:31,validation
WIN_4a94477b02800d06,MG1655,4049600,4056000,4052800,6400,100,5062,rep1,False,0,0,F:\Micro-C\micro-c数据\GSE272159_37C_rep1.mapq_30.10.cool,True,MG1655:31,validation
WIN_2cdc39c4e6460e61,MG1655,4050400,4056800,4053600,6400,100,5063,rep1,False,0,0,F:\Micro-C\micro-c数据\GSE272159_37C_rep1.mapq_30.10.cool,True,MG1655:31,validation
WIN_078815a9a1a92cbe,MG1655,4071200,4077600,4074400,6400,100,5089,rep1,False,0,0,F:\Micro-C\micro-c数据\GSE272159_37C_rep1.mapq_30.10.cool,True,MG1655:31,validation
WIN_15ad2a6832be4440,MG1655,4072000,4078400,4075200,6400,100,5090,rep1,False,0,0,F:\Micro-C\micro-c数据\GSE272159_37C_rep1.mapq_30.10.cool,True,MG1655:31,validation
WIN_d0a6f6209983a449,MG1655,4072800,4079200,4076000,6400,100,5091,rep1,False,0,0,F:\Micro-C\micro-c数据\GSE272159_37C_rep1.mapq_30.10.cool,True,MG1655:31,validation
WIN_9fe358fca4d41ed9,MG1655,4073600,4080000,4076800,6400,100,5092,rep1,False,0,0,F:\Micro-C\micro-c数据\GSE272159_37C_rep1.mapq_30.10.cool,True,MG1655:31,validation
WIN_083ee9eedf54c722,MG1655,4074400,4080800,4077600,6400,100,5093,rep1,False,0,0,F:\Micro-C\micro-c数据\GSE272159_37C_rep1.mapq_30.10.cool,True,MG1655:31,validation
WIN_42407a992db034ca,MG1655,4075200,4081600,4078400,6400,100,5094,rep1,False,0,0,F:\Micro-C\micro-c数据\GSE272159_37C_rep1.mapq_30.10.cool,True,MG1655:31,validation
WIN_a0b5c2bd4668bbc5,MG1655,4076000,4082400,4079200,6400,100,5095,rep1,False,0,0,F:\Micro-C\micro-c数据\GSE272159_37C_rep1.mapq_30.10.cool,True,MG1655:31,validation
WIN_4ba7d3cadf0991da,MG1655,4076800,4083200,4080000,6400,100,5096,rep1,False,0,0,F:\Micro-C\micro-c数据\GSE272159_37C_rep1.mapq_30.10.cool,True,MG1655:31,validation
WIN_247c29364edefd58,MG1655,4077600,4084000,4080800,6400,100,5097,rep1,False,0,0,F:\Micro-C\micro-c数据\GSE272159_37C_rep1.mapq_30.10.cool,True,MG1655:31,validation
WIN_d03b14fbf061b2be,MG1655,4078400,4084800,4081600,6400,100,5098,rep1,False,0,0,F:\Micro-C\micro-c数据\GSE272159_37C_rep1.mapq_30.10.cool,True,MG1655:31,validation
WIN_f79cec638ff05b25,MG1655,4079200,4085600,4082400,6400,100,5099,rep1,False,0,0,F:\Micro-C\micro-c数据\GSE272159_37C_rep1.mapq_30.10.cool,True,MG1655:31,validation
WIN_7718d72dc504dd29,MG1655,4080000,4086400,4083200,6400,100,5100,rep1,False,0,0,F:\Micro-C\micro-c数据\GSE272159_37C_rep1.mapq_30.10.cool,True,MG1655:31,validation
WIN_d8090f7b46cebe6c,MG1655,4080800,4087200,4084000,6400,100,5101,rep1,False,0,0,F:\Micro-C\micro-c数据\GSE272159_37C_rep1.mapq_30.10.cool,True,MG1655:31,validation
WIN_a185db95ff280e23,MG1655,4081600,4088000,4084800,6400,100,5102,rep1,False,0,0,F:\Micro-C\micro-c数据\GSE272159_37C_rep1.mapq_30.10.cool,True,MG1655:31,validation
WIN_0cd9274b197797da,MG1655,4082400,4088800,4085600,6400,100,5103,rep1,False,0,0,F:\Micro-C\micro-c数据\GSE272159_37C_rep1.mapq_30.10.cool,True,MG1655:31,validation
WIN_8f5d96e0220fa39c,MG1655,4083200,4089600,4086400,6400,100,5104,rep1,False,0,0,F:\Micro-C\micro-c数据\GSE272159_37C_rep1.mapq_30.10.cool,True,MG1655:31,validation
WIN_5c23210b43e85cdb,MG1655,4084000,4090400,4087200,6400,100,5105,rep1,False,0,0,F:\Micro-C\micro-c数据\GSE272159_37C_rep1.mapq_30.10.cool,True,MG1655:31,validation
WIN_3c5a264fbf8f8dbb,MG1655,4084800,4091200,4088000,6400,100,5106,rep1,False,0,0,F:\Micro-C\micro-c数据\GSE272159_37C_rep1.mapq_30.10.cool,True,MG1655:31,validation
WIN_60e9664d1ab3bf43,MG1655,4085600,4092000,4088800,6400,100,5107,rep1,False,0,0,F:\Micro-C\micro-c数据\GSE272159_37C_rep1.mapq_30.10.cool,True,MG1655:31,validation
WIN_82dc703fb0d1f891,MG1655,4086400,4092800,4089600,6400,100,5108,rep1,False,0,0,F:\Micro-C\micro-c数据\GSE272159_37C_rep1.mapq_30.10.cool,True,MG1655:31,validation
WIN_5fef62435e73bfec,MG1655,4087200,4093600,4090400,6400,100,5109,rep1,False,0,0,F:\Micro-C\micro-c数据\GSE272159_37C_rep1.mapq_30.10.cool,True,MG1655:31,validation
WIN_42ce72a28cc90dfb,MG1655,4088000,4094400,4091200,6400,100,5110,rep1,False,0,0,F:\Micro-C\micro-c数据\GSE272159_37C_rep1.mapq_30.10.cool,True,MG1655:31,validation
WIN_d94ef2f6d9be6cd2,MG1655,4088800,4095200,4092000,6400,100,5111,rep1,True,1,1,F:\Micro-C\micro-c数据\GSE272159_37C_rep1.mapq_30.10.cool,True,MG1655:31,validation
WIN_b29256d309228b2e,MG1655,4089600,4096000,4092800,6400,100,5112,rep1,True,1,1,F:\Micro-C\micro-c数据\GSE272159_37C_rep1.mapq_30.10.cool,True,MG1655:31,validation
WIN_e4db7b40e5bbf985,MG1655,4096000,4102400,4099200,6400,100,5120,rep1,False,0,0,F:\Micro-C\micro-c数据\GSE272159_37C_rep1.mapq_30.10.cool,True,MG1655:32,calibration
WIN_56da705b9990a491,MG1655,4096800,4103200,4100000,6400,100,5121,rep1,False,0,0,F:\Micro-C\micro-c数据\GSE272159_37C_rep1.mapq_30.10.cool,True,MG1655:32,calibration
WIN_d30bfde2f16fd82e,MG1655,4097600,4104000,4100800,6400,100,5122,rep1,False,0,0,F:\Micro-C\micro-c数据\GSE272159_37C_rep1.mapq_30.10.cool,True,MG1655:32,calibration
WIN_22e3b5ca5e9bc1bc,MG1655,4098400,4104800,4101600,6400,100,5123,rep1,False,0,0,F:\Micro-C\micro-c数据\GSE272159_37C_rep1.mapq_30.10.cool,True,MG1655:32,calibration
WIN_3a8e0f0ff4856cfa,MG1655,4099200,4105600,4102400,6400,100,5124,rep1,False,0,0,F:\Micro-C\micro-c数据\GSE272159_37C_rep1.mapq_30.10.cool,True,MG1655:32,calibration
WIN_27855369d3977c03,MG1655,4100000,4106400,4103200,6400,100,5125,rep1,False,0,0,F:\Micro-C\micro-c数据\GSE272159_37C_rep1.mapq_30.10.cool,True,MG1655:32,calibration
WIN_dcfe4096aa612ec1,MG1655,4100800,4107200,4104000,6400,100,5126,rep1,False,0,0,F:\Micro-C\micro-c数据\GSE272159_37C_rep1.mapq_30.10.cool,True,MG1655:32,calibration
WIN_0126049cd72fb510,MG1655,4101600,4108000,4104800,6400,100,5127,rep1,False,0,0,F:\Micro-C\micro-c数据\GSE272159_37C_rep1.mapq_30.10.cool,True,MG1655:32,calibration
WIN_9cfb3032577ec462,MG1655,4102400,4108800,4105600,6400,100,5128,rep1,False,0,0,F:\Micro-C\micro-c数据\GSE272159_37C_rep1.mapq_30.10.cool,True,MG1655:32,calibration
WIN_0d21bebea7e3eb4e,MG1655,4103200,4109600,4106400,6400,100,5129,rep1,False,0,0,F:\Micro-C\micro-c数据\GSE272159_37C_rep1.mapq_30.10.cool,True,MG1655:32,calibration
WIN_97ae676c03505049,MG1655,4104000,4110400,4107200,6400,100,5130,rep1,False,0,0,F:\Micro-C\micro-c数据\GSE272159_37C_rep1.mapq_30.10.cool,True,MG1655:32,calibration
WIN_7a04827cd5c62689,MG1655,4104800,4111200,4108000,6400,100,5131,rep1,False,0,0,F:\Micro-C\micro-c数据\GSE272159_37C_rep1.mapq_30.10.cool,True,MG1655:32,calibration
WIN_b927bc40a7baa6c6,MG1655,4124800,4131200,4128000,6400,100,5156,rep1,False,0,0,F:\Micro-C\micro-c数据\GSE272159_37C_rep1.mapq_30.10.cool,True,MG1655:32,calibration
WIN_cb88a9e582b05121,MG1655,4125600,4132000,4128800,6400,100,5157,rep1,False,0,0,F:\Micro-C\micro-c数据\GSE272159_37C_rep1.mapq_30.10.cool,True,MG1655:32,calibration
WIN_725ee03085b4af1e,MG1655,4126400,4132800,4129600,6400,100,5158,rep1,False,0,0,F:\Micro-C\micro-c数据\GSE272159_37C_rep1.mapq_30.10.cool,True,MG1655:32,calibration
WIN_00dc2223d94df240,MG1655,4127200,4133600,4130400,6400,100,5159,rep1,False,0,0,F:\Micro-C\micro-c数据\GSE272159_37C_rep1.mapq_30.10.cool,True,MG1655:32,calibration
WIN_08b8be7d04d1c8ae,MG1655,4128000,4134400,4131200,6400,100,5160,rep1,False,0,0,F:\Micro-C\micro-c数据\GSE272159_37C_rep1.mapq_30.10.cool,True,MG1655:32,calibration
WIN_da6248b698996529,MG1655,4128800,4135200,4132000,6400,100,5161,rep1,False,0,0,F:\Micro-C\micro-c数据\GSE272159_37C_rep1.mapq_30.10.cool,True,MG1655:32,calibration
WIN_7069f7727e810a3f,MG1655,4129600,4136000,4132800,6400,100,5162,rep1,False,0,0,F:\Micro-C\micro-c数据\GSE272159_37C_rep1.mapq_30.10.cool,True,MG1655:32,calibration
WIN_6452f18be8b65a57,MG1655,4130400,4136800,4133600,6400,100,5163,rep1,False,0,0,F:\Micro-C\micro-c数据\GSE272159_37C_rep1.mapq_30.10.cool,True,MG1655:32,calibration
WIN_a88cd5ba0ed94103,MG1655,4131200,4137600,4134400,6400,100,5164,rep1,False,0,0,F:\Micro-C\micro-c数据\GSE272159_37C_rep1.mapq_30.10.cool,True,MG1655:32,calibration
WIN_ed844fad41a63fba,MG1655,4132000,4138400,4135200,6400,100,5165,rep1,False,0,0,F:\Micro-C\micro-c数据\GSE272159_37C_rep1.mapq_30.10.cool,True,MG1655:32,calibration
WIN_55af9ba9f93d2ddf,MG1655,4132800,4139200,4136000,6400,100,5166,rep1,False,0,0,F:\Micro-C\micro-c数据\GSE272159_37C_rep1.mapq_30.10.cool,True,MG1655:32,calibration
WIN_1ef687c621c15f4b,MG1655,4133600,4140000,4136800,6400,100,5167,rep1,False,0,0,F:\Micro-C\micro-c数据\GSE272159_37C_rep1.mapq_30.10.cool,True,MG1655:32,calibration
WIN_1bc2ed7de69cc456,MG1655,4134400,4140800,4137600,6400,100,5168,rep1,False,0,0,F:\Micro-C\micro-c数据\GSE272159_37C_rep1.mapq_30.10.cool,True,MG1655:32,calibration
WIN_d19e7fd8e4413785,MG1655,4135200,4141600,4138400,6400,100,5169,rep1,False,0,0,F:\Micro-C\micro-c数据\GSE272159_37C_rep1.mapq_30.10.cool,True,MG1655:32,calibration
WIN_a34f107eb7808d33,MG1655,4136000,4142400,4139200,6400,100,5170,rep1,False,0,0,F:\Micro-C\micro-c数据\GSE272159_37C_rep1.mapq_30.10.cool,True,MG1655:32,calibration
WIN_20afa0a07ab89255,MG1655,4136800,4143200,4140000,6400,100,5171,rep1,False,0,0,F:\Micro-C\micro-c数据\GSE272159_37C_rep1.mapq_30.10.cool,True,MG1655:32,calibration
WIN_8b796592dc84b890,MG1655,4137600,4144000,4140800,6400,100,5172,rep1,False,0,0,F:\Micro-C\micro-c数据\GSE272159_37C_rep1.mapq_30.10.cool,True,MG1655:32,calibration
WIN_10ef7ac93d0c7804,MG1655,4138400,4144800,4141600,6400,100,5173,rep1,False,0,0,F:\Micro-C\micro-c数据\GSE272159_37C_rep1.mapq_30.10.cool,True,MG1655:32,calibration
WIN_58b5af37322c96c6,MG1655,4139200,4145600,4142400,6400,100,5174,rep1,False,0,0,F:\Micro-C\micro-c数据\GSE272159_37C_rep1.mapq_30.10.cool,True,MG1655:32,calibration
WIN_808df57c95677d9f,MG1655,4140000,4146400,4143200,6400,100,5175,rep1,False,0,0,F:\Micro-C\micro-c数据\GSE272159_37C_rep1.mapq_30.10.cool,True,MG1655:32,calibration
WIN_2c7b508342baae56,MG1655,4140800,4147200,4144000,6400,100,5176,rep1,False,0,0,F:\Micro-C\micro-c数据\GSE272159_37C_rep1.mapq_30.10.cool,True,MG1655:32,calibration
WIN_d4e071d79ad11ccf,MG1655,4141600,4148000,4144800,6400,100,5177,rep1,False,0,0,F:\Micro-C\micro-c数据\GSE272159_37C_rep1.mapq_30.10.cool,True,MG1655:32,calibration
WIN_01651ecfb3ae5bb5,MG1655,4142400,4148800,4145600,6400,100,5178,rep1,False,0,0,F:\Micro-C\micro-c数据\GSE272159_37C_rep1.mapq_30.10.cool,True,MG1655:32,calibration
WIN_c9729e6e4db327ce,MG1655,4143200,4149600,4146400,6400,100,5179,rep1,False,0,0,F:\Micro-C\micro-c数据\GSE272159_37C_rep1.mapq_30.10.cool,True,MG1655:32,calibration
WIN_c12031391e396f2a,MG1655,4144000,4150400,4147200,6400,100,5180,rep1,False,0,0,F:\Micro-C\micro-c数据\GSE272159_37C_rep1.mapq_30.10.cool,True,MG1655:32,calibration
WIN_9543b03a69f991e8,MG1655,4144800,4151200,4148000,6400,100,5181,rep1,False,0,0,F:\Micro-C\micro-c数据\GSE272159_37C_rep1.mapq_30.10.cool,True,MG1655:32,calibration
WIN_667fb26ac14a182a,MG1655,4145600,4152000,4148800,6400,100,5182,rep1,False,0,0,F:\Micro-C\micro-c数据\GSE272159_37C_rep1.mapq_30.10.cool,True,MG1655:32,calibration
WIN_90198debd5f209ff,MG1655,4146400,4152800,4149600,6400,100,5183,rep1,False,0,0,F:\Micro-C\micro-c数据\GSE272159_37C_rep1.mapq_30.10.cool,True,MG1655:32,calibration
WIN_bdef9c4ff83e804d,MG1655,4147200,4153600,4150400,6400,100,5184,rep1,False,0,0,F:\Micro-C\micro-c数据\GSE272159_37C_rep1.mapq_30.10.cool,True,MG1655:32,calibration
WIN_986b744b07cc214c,MG1655,4148000,4154400,4151200,6400,100,5185,rep1,False,0,0,F:\Micro-C\micro-c数据\GSE272159_37C_rep1.mapq_30.10.cool,True,MG1655:32,calibration
WIN_b43a7b483f8ebf3d,MG1655,4148800,4155200,4152000,6400,100,5186,rep1,False,0,0,F:\Micro-C\micro-c数据\GSE272159_37C_rep1.mapq_30.10.cool,True,MG1655:32,calibration
WIN_6e9a0e0b3523c0dd,MG1655,4149600,4156000,4152800,6400,100,5187,rep1,False,0,0,F:\Micro-C\micro-c数据\GSE272159_37C_rep1.mapq_30.10.cool,True,MG1655:32,calibration
WIN_8e369911d0d1a6cc,MG1655,4150400,4156800,4153600,6400,100,5188,rep1,False,0,0,F:\Micro-C\micro-c数据\GSE272159_37C_rep1.mapq_30.10.cool,True,MG1655:32,calibration
WIN_a98b36898a4dc811,MG1655,4151200,4157600,4154400,6400,100,5189,rep1,False,0,0,F:\Micro-C\micro-c数据\GSE272159_37C_rep1.mapq_30.10.cool,True,MG1655:32,calibration
WIN_b025b9fc55e5933a,MG1655,4152000,4158400,4155200,6400,100,5190,rep1,False,0,0,F:\Micro-C\micro-c数据\GSE272159_37C_rep1.mapq_30.10.cool,True,MG1655:32,calibration
WIN_21b0a525b78e95c9,MG1655,4152800,4159200,4156000,6400,100,5191,rep1,False,0,0,F:\Micro-C\micro-c数据\GSE272159_37C_rep1.mapq_30.10.cool,True,MG1655:32,calibration
WIN_8dea6911a0c459ec,MG1655,4153600,4160000,4156800,6400,100,5192,rep1,False,0,0,F:\Micro-C\micro-c数据\GSE272159_37C_rep1.mapq_30.10.cool,True,MG1655:32,calibration
WIN_1192f1d28ab56582,MG1655,4154400,4160800,4157600,6400,100,5193,rep1,False,0,0,F:\Micro-C\micro-c数据\GSE272159_37C_rep1.mapq_30.10.cool,True,MG1655:32,calibration
WIN_5bef466c6e63b949,MG1655,4155200,4161600,4158400,6400,100,5194,rep1,False,0,0,F:\Micro-C\micro-c数据\GSE272159_37C_rep1.mapq_30.10.cool,True,MG1655:32,calibration
WIN_3f82ca10badedab5,MG1655,4156000,4162400,4159200,6400,100,5195,rep1,False,0,0,F:\Micro-C\micro-c数据\GSE272159_37C_rep1.mapq_30.10.cool,True,MG1655:32,calibration
WIN_4096bf79e7b3d79e,MG1655,4156800,4163200,4160000,6400,100,5196,rep1,False,0,0,F:\Micro-C\micro-c数据\GSE272159_37C_rep1.mapq_30.10.cool,True,MG1655:32,calibration
WIN_205bd060e9689a40,MG1655,4157600,4164000,4160800,6400,100,5197,rep1,False,0,0,F:\Micro-C\micro-c数据\GSE272159_37C_rep1.mapq_30.10.cool,True,MG1655:32,calibration
WIN_a6969dc20c7f02b7,MG1655,4158400,4164800,4161600,6400,100,5198,rep1,False,0,0,F:\Micro-C\micro-c数据\GSE272159_37C_rep1.mapq_30.10.cool,True,MG1655:32,calibration
WIN_a23ec4e1a8d15d51,MG1655,4159200,4165600,4162400,6400,100,5199,rep1,False,0,0,F:\Micro-C\micro-c数据\GSE272159_37C_rep1.mapq_30.10.cool,True,MG1655:32,calibration
WIN_fc3cc08eb0a8990e,MG1655,4160000,4166400,4163200,6400,100,5200,rep1,False,0,0,F:\Micro-C\micro-c数据\GSE272159_37C_rep1.mapq_30.10.cool,True,MG1655:32,calibration
WIN_197e881aa190040b,MG1655,4160800,4167200,4164000,6400,100,5201,rep1,True,8,8,F:\Micro-C\micro-c数据\GSE272159_37C_rep1.mapq_30.10.cool,True,MG1655:32,calibration
WIN_f2c58734228933a4,MG1655,4161600,4168000,4164800,6400,100,5202,rep1,True,16,16,F:\Micro-C\micro-c数据\GSE272159_37C_rep1.mapq_30.10.cool,True,MG1655:32,calibration
WIN_bf419f6c486f7ad3,MG1655,4162400,4168800,4165600,6400,100,5203,rep1,True,19,19,F:\Micro-C\micro-c数据\GSE272159_37C_rep1.mapq_30.10.cool,True,MG1655:32,calibration
WIN_10594cf7ecffacb9,MG1655,4163200,4169600,4166400,6400,100,5204,rep1,True,27,27,F:\Micro-C\micro-c数据\GSE272159_37C_rep1.mapq_30.10.cool,True,MG1655:32,calibration
WIN_5b2e2a300ca0a2c0,MG1655,4164000,4170400,4167200,6400,100,5205,rep1,True,35,35,F:\Micro-C\micro-c数据\GSE272159_37C_rep1.mapq_30.10.cool,True,MG1655:32,calibration
WIN_9053a7b121da586e,MG1655,4164800,4171200,4168000,6400,100,5206,rep1,True,43,43,F:\Micro-C\micro-c数据\GSE272159_37C_rep1.mapq_30.10.cool,True,MG1655:32,calibration
WIN_852639367d5c0ad1,MG1655,4165600,4172000,4168800,6400,100,5207,rep1,True,48,48,F:\Micro-C\micro-c数据\GSE272159_37C_rep1.mapq_30.10.cool,True,MG1655:32,calibration
WIN_35eb0164f8689992,MG1655,4166400,4172800,4169600,6400,100,5208,rep1,True,48,48,F:\Micro-C\micro-c数据\GSE272159_37C_rep1.mapq_30.10.cool,True,MG1655:32,calibration
WIN_1ff9a972f0efc1c7,MG1655,4167200,4173600,4170400,6400,100,5209,rep1,True,40,40,F:\Micro-C\micro-c数据\GSE272159_37C_rep1.mapq_30.10.cool,True,MG1655:32,calibration
WIN_b16e55a41aeda836,MG1655,4168000,4174400,4171200,6400,100,5210,rep1,True,32,32,F:\Micro-C\micro-c数据\GSE272159_37C_rep1.mapq_30.10.cool,True,MG1655:32,calibration
WIN_34da870fe59af8ae,MG1655,4168800,4175200,4172000,6400,100,5211,rep1,True,29,29,F:\Micro-C\micro-c数据\GSE272159_37C_rep1.mapq_30.10.cool,True,MG1655:32,calibration
WIN_46c39f409c506455,MG1655,4169600,4176000,4172800,6400,100,5212,rep1,True,21,21,F:\Micro-C\micro-c数据\GSE272159_37C_rep1.mapq_30.10.cool,True,MG1655:32,calibration
WIN_e3a3bade7d4f307c,MG1655,4170400,4176800,4173600,6400,100,5213,rep1,True,17,17,F:\Micro-C\micro-c数据\GSE272159_37C_rep1.mapq_30.10.cool,True,MG1655:32,calibration
WIN_cc7990d72eb820b5,MG1655,4171200,4177600,4174400,6400,100,5214,rep1,True,11,11,F:\Micro-C\micro-c数据\GSE272159_37C_rep1.mapq_30.10.cool,True,MG1655:32,calibration
WIN_4b808c25b47b4345,MG1655,4172000,4178400,4175200,6400,100,5215,rep1,True,6,6,F:\Micro-C\micro-c数据\GSE272159_37C_rep1.mapq_30.10.cool,True,MG1655:32,calibration
WIN_024d68d892811e3b,MG1655,4172800,4179200,4176000,6400,100,5216,rep1,True,6,6,F:\Micro-C\micro-c数据\GSE272159_37C_rep1.mapq_30.10.cool,True,MG1655:32,calibration
WIN_7d9e9c6d63cdfccf,MG1655,4173600,4180000,4176800,6400,100,5217,rep1,True,6,6,F:\Micro-C\micro-c数据\GSE272159_37C_rep1.mapq_30.10.cool,True,MG1655:32,calibration
WIN_4d6a30ecd249691f,MG1655,4174400,4180800,4177600,6400,100,5218,rep1,True,6,6,F:\Micro-C\micro-c数据\GSE272159_37C_rep1.mapq_30.10.cool,True,MG1655:32,calibration
WIN_c9863a47ba90e838,MG1655,4175200,4181600,4178400,6400,100,5219,rep1,True,6,6,F:\Micro-C\micro-c数据\GSE272159_37C_rep1.mapq_30.10.cool,True,MG1655:32,calibration
WIN_a9f27c1295cb09f0,MG1655,4176000,4182400,4179200,6400,100,5220,rep1,True,6,6,F:\Micro-C\micro-c数据\GSE272159_37C_rep1.mapq_30.10.cool,True,MG1655:32,calibration
WIN_98dbbbf7a871b154,MG1655,4176800,4183200,4180000,6400,100,5221,rep1,True,2,2,F:\Micro-C\micro-c数据\GSE272159_37C_rep1.mapq_30.10.cool,True,MG1655:32,calibration
WIN_27d9d2ea06f1aff1,MG1655,4177600,4184000,4180800,6400,100,5222,rep1,False,0,0,F:\Micro-C\micro-c数据\GSE272159_37C_rep1.mapq_30.10.cool,True,MG1655:32,calibration
WIN_43705f874cf5729c,MG1655,4178400,4184800,4181600,6400,100,5223,rep1,False,0,0,F:\Micro-C\micro-c数据\GSE272159_37C_rep1.mapq_30.10.cool,True,MG1655:32,calibration
WIN_4c2f538e45e2a733,MG1655,4179200,4185600,4182400,6400,100,5224,rep1,False,0,0,F:\Micro-C\micro-c数据\GSE272159_37C_rep1.mapq_30.10.cool,True,MG1655:32,calibration
WIN_c57c33b37c22cc9f,MG1655,4180000,4186400,4183200,6400,100,5225,rep1,False,0,0,F:\Micro-C\micro-c数据\GSE272159_37C_rep1.mapq_30.10.cool,True,MG1655:32,calibration
WIN_07d80b7fdfc43bb7,MG1655,4180800,4187200,4184000,6400,100,5226,rep1,False,0,0,F:\Micro-C\micro-c数据\GSE272159_37C_rep1.mapq_30.10.cool,True,MG1655:32,calibration
WIN_f837ae5b36d49b40,MG1655,4181600,4188000,4184800,6400,100,5227,rep1,False,0,0,F:\Micro-C\micro-c数据\GSE272159_37C_rep1.mapq_30.10.cool,True,MG1655:32,calibration
WIN_18e174a5d0aa5ce1,MG1655,4182400,4188800,4185600,6400,100,5228,rep1,False,0,0,F:\Micro-C\micro-c数据\GSE272159_37C_rep1.mapq_30.10.cool,True,MG1655:32,calibration
WIN_b49ad90763bebb4a,MG1655,4183200,4189600,4186400,6400,100,5229,rep1,False,0,0,F:\Micro-C\micro-c数据\GSE272159_37C_rep1.mapq_30.10.cool,True,MG1655:32,calibration
WIN_2419bd66a5c2f9af,MG1655,4184000,4190400,4187200,6400,100,5230,rep1,False,0,0,F:\Micro-C\micro-c数据\GSE272159_37C_rep1.mapq_30.10.cool,True,MG1655:32,calibration
WIN_769ea1178bee38ae,MG1655,4184800,4191200,4188000,6400,100,5231,rep1,False,0,0,F:\Micro-C\micro-c数据\GSE272159_37C_rep1.mapq_30.10.cool,True,MG1655:32,calibration
WIN_a5492d40d5714665,MG1655,4185600,4192000,4188800,6400,100,5232,rep1,False,0,0,F:\Micro-C\micro-c数据\GSE272159_37C_rep1.mapq_30.10.cool,True,MG1655:32,calibration
WIN_f21f4db726239e1d,MG1655,4186400,4192800,4189600,6400,100,5233,rep1,False,0,0,F:\Micro-C\micro-c数据\GSE272159_37C_rep1.mapq_30.10.cool,True,MG1655:32,calibration
WIN_fbb6ee9498d8d169,MG1655,4187200,4193600,4190400,6400,100,5234,rep1,False,0,0,F:\Micro-C\micro-c数据\GSE272159_37C_rep1.mapq_30.10.cool,True,MG1655:32,calibration
WIN_fb98f733f6dbad4a,MG1655,4188000,4194400,4191200,6400,100,5235,rep1,False,0,0,F:\Micro-C\micro-c数据\GSE272159_37C_rep1.mapq_30.10.cool,True,MG1655:32,calibration
WIN_8b8eca3ef4e8aaf6,MG1655,4188800,4195200,4192000,6400,100,5236,rep1,False,0,0,F:\Micro-C\micro-c数据\GSE272159_37C_rep1.mapq_30.10.cool,True,MG1655:32,calibration
WIN_f8e7f672c170f210,MG1655,4189600,4196000,4192800,6400,100,5237,rep1,False,0,0,F:\Micro-C\micro-c数据\GSE272159_37C_rep1.mapq_30.10.cool,True,MG1655:32,calibration
WIN_42b43eb83477e1a0,MG1655,4190400,4196800,4193600,6400,100,5238,rep1,False,0,0,F:\Micro-C\micro-c数据\GSE272159_37C_rep1.mapq_30.10.cool,True,MG1655:32,calibration
WIN_1dcebc02cda72729,MG1655,4191200,4197600,4194400,6400,100,5239,rep1,False,0,0,F:\Micro-C\micro-c数据\GSE272159_37C_rep1.mapq_30.10.cool,True,MG1655:32,calibration
WIN_bc45ea2eb9b560b3,MG1655,4192000,4198400,4195200,6400,100,5240,rep1,False,0,0,F:\Micro-C\micro-c数据\GSE272159_37C_rep1.mapq_30.10.cool,True,MG1655:32,calibration
WIN_7e05828ae9d1f7bd,MG1655,4192800,4199200,4196000,6400,100,5241,rep1,False,0,0,F:\Micro-C\micro-c数据\GSE272159_37C_rep1.mapq_30.10.cool,True,MG1655:32,calibration
WIN_8eee1577f3ce96a5,MG1655,4193600,4200000,4196800,6400,100,5242,rep1,False,0,0,F:\Micro-C\micro-c数据\GSE272159_37C_rep1.mapq_30.10.cool,True,MG1655:32,calibration
WIN_b67aeb375e9b6862,MG1655,4194400,4200800,4197600,6400,100,5243,rep1,False,0,0,F:\Micro-C\micro-c数据\GSE272159_37C_rep1.mapq_30.10.cool,True,MG1655:32,calibration
WIN_741f83fdf22f153c,MG1655,4195200,4201600,4198400,6400,100,5244,rep1,False,0,0,F:\Micro-C\micro-c数据\GSE272159_37C_rep1.mapq_30.10.cool,True,MG1655:32,calibration
WIN_4f456b30e5b87d95,MG1655,4196000,4202400,4199200,6400,100,5245,rep1,False,0,0,F:\Micro-C\micro-c数据\GSE272159_37C_rep1.mapq_30.10.cool,True,MG1655:32,calibration
WIN_81909387e5531e61,MG1655,4196800,4203200,4200000,6400,100,5246,rep1,False,0,0,F:\Micro-C\micro-c数据\GSE272159_37C_rep1.mapq_30.10.cool,True,MG1655:32,calibration
WIN_37ea292a32651f0d,MG1655,4197600,4204000,4200800,6400,100,5247,rep1,False,0,0,F:\Micro-C\micro-c数据\GSE272159_37C_rep1.mapq_30.10.cool,True,MG1655:32,calibration
WIN_4215f990b911602e,MG1655,4198400,4204800,4201600,6400,100,5248,rep1,False,0,0,F:\Micro-C\micro-c数据\GSE272159_37C_rep1.mapq_30.10.cool,True,MG1655:32,calibration
WIN_7f5a49292c573eaa,MG1655,4199200,4205600,4202400,6400,100,5249,rep1,False,0,0,F:\Micro-C\micro-c数据\GSE272159_37C_rep1.mapq_30.10.cool,True,MG1655:32,calibration
WIN_5354628c36b2c759,MG1655,4200000,4206400,4203200,6400,100,5250,rep1,False,0,0,F:\Micro-C\micro-c数据\GSE272159_37C_rep1.mapq_30.10.cool,True,MG1655:32,calibration
WIN_46ea0bc61d8e9326,MG1655,4200800,4207200,4204000,6400,100,5251,rep1,False,0,0,F:\Micro-C\micro-c数据\GSE272159_37C_rep1.mapq_30.10.cool,True,MG1655:32,calibration
WIN_a8d0ccbc92f9e265,MG1655,4201600,4208000,4204800,6400,100,5252,rep1,False,0,0,F:\Micro-C\micro-c数据\GSE272159_37C_rep1.mapq_30.10.cool,True,MG1655:32,calibration
WIN_bf1230795e25304f,MG1655,4202400,4208800,4205600,6400,100,5253,rep1,True,7,7,F:\Micro-C\micro-c数据\GSE272159_37C_rep1.mapq_30.10.cool,True,MG1655:32,calibration
WIN_8dc9fcedb4e2bf06,MG1655,4228000,4234400,4231200,6400,100,5285,rep1,False,0,0,F:\Micro-C\micro-c数据\GSE272159_37C_rep1.mapq_30.10.cool,True,MG1655:33,calibration
WIN_67461b248938fbd0,MG1655,4228800,4235200,4232000,6400,100,5286,rep1,False,0,0,F:\Micro-C\micro-c数据\GSE272159_37C_rep1.mapq_30.10.cool,True,MG1655:33,calibration
WIN_d2e2d93ffe2911b3,MG1655,4229600,4236000,4232800,6400,100,5287,rep1,False,0,0,F:\Micro-C\micro-c数据\GSE272159_37C_rep1.mapq_30.10.cool,True,MG1655:33,calibration
WIN_69f596974833dc35,MG1655,4230400,4236800,4233600,6400,100,5288,rep1,False,0,0,F:\Micro-C\micro-c数据\GSE272159_37C_rep1.mapq_30.10.cool,True,MG1655:33,calibration
WIN_f5ada457428d7a3b,MG1655,4231200,4237600,4234400,6400,100,5289,rep1,False,0,0,F:\Micro-C\micro-c数据\GSE272159_37C_rep1.mapq_30.10.cool,True,MG1655:33,calibration
WIN_112d0d766ecba5ff,MG1655,4232000,4238400,4235200,6400,100,5290,rep1,False,0,0,F:\Micro-C\micro-c数据\GSE272159_37C_rep1.mapq_30.10.cool,True,MG1655:33,calibration
WIN_e95189c9cb34a9df,MG1655,4232800,4239200,4236000,6400,100,5291,rep1,False,0,0,F:\Micro-C\micro-c数据\GSE272159_37C_rep1.mapq_30.10.cool,True,MG1655:33,calibration
WIN_c402adca38e219ac,MG1655,4233600,4240000,4236800,6400,100,5292,rep1,False,0,0,F:\Micro-C\micro-c数据\GSE272159_37C_rep1.mapq_30.10.cool,True,MG1655:33,calibration
WIN_e093c4cc7f1abd53,MG1655,4234400,4240800,4237600,6400,100,5293,rep1,False,0,0,F:\Micro-C\micro-c数据\GSE272159_37C_rep1.mapq_30.10.cool,True,MG1655:33,calibration
WIN_f6fe19c41eab8a19,MG1655,4235200,4241600,4238400,6400,100,5294,rep1,False,0,0,F:\Micro-C\micro-c数据\GSE272159_37C_rep1.mapq_30.10.cool,True,MG1655:33,calibration
WIN_c576b6b7180cd1d9,MG1655,4236000,4242400,4239200,6400,100,5295,rep1,False,0,0,F:\Micro-C\micro-c数据\GSE272159_37C_rep1.mapq_30.10.cool,True,MG1655:33,calibration
WIN_5469fb8446762245,MG1655,4236800,4243200,4240000,6400,100,5296,rep1,False,0,0,F:\Micro-C\micro-c数据\GSE272159_37C_rep1.mapq_30.10.cool,True,MG1655:33,calibration
WIN_05e7030408c0b087,MG1655,4237600,4244000,4240800,6400,100,5297,rep1,False,0,0,F:\Micro-C\micro-c数据\GSE272159_37C_rep1.mapq_30.10.cool,True,MG1655:33,calibration
WIN_6436f84c37ff5842,MG1655,4238400,4244800,4241600,6400,100,5298,rep1,False,0,0,F:\Micro-C\micro-c数据\GSE272159_37C_rep1.mapq_30.10.cool,True,MG1655:33,calibration
WIN_24b76a813849c3c3,MG1655,4289600,4296000,4292800,6400,100,5362,rep1,False,0,0,F:\Micro-C\micro-c数据\GSE272159_37C_rep1.mapq_30.10.cool,True,MG1655:33,calibration
WIN_a8cf541c916eea36,MG1655,4290400,4296800,4293600,6400,100,5363,rep1,True,1,1,F:\Micro-C\micro-c数据\GSE272159_37C_rep1.mapq_30.10.cool,True,MG1655:33,calibration
WIN_3a1bcec88085f564,MG1655,4291200,4297600,4294400,6400,100,5364,rep1,True,1,1,F:\Micro-C\micro-c数据\GSE272159_37C_rep1.mapq_30.10.cool,True,MG1655:33,calibration
WIN_dea65cc7e594c6e2,MG1655,4292000,4298400,4295200,6400,100,5365,rep1,True,1,1,F:\Micro-C\micro-c数据\GSE272159_37C_rep1.mapq_30.10.cool,True,MG1655:33,calibration
WIN_42a0aef4d828f91b,MG1655,4292800,4299200,4296000,6400,100,5366,rep1,True,1,1,F:\Micro-C\micro-c数据\GSE272159_37C_rep1.mapq_30.10.cool,True,MG1655:33,calibration
WIN_dfa9bc721fc6f08b,MG1655,4293600,4300000,4296800,6400,100,5367,rep1,True,1,1,F:\Micro-C\micro-c数据\GSE272159_37C_rep1.mapq_30.10.cool,True,MG1655:33,calibration
WIN_25c8ffaa5591c79a,MG1655,4294400,4300800,4297600,6400,100,5368,rep1,True,1,1,F:\Micro-C\micro-c数据\GSE272159_37C_rep1.mapq_30.10.cool,True,MG1655:33,calibration
WIN_fda0116a57f0799e,MG1655,4295200,4301600,4298400,6400,100,5369,rep1,True,1,1,F:\Micro-C\micro-c数据\GSE272159_37C_rep1.mapq_30.10.cool,True,MG1655:33,calibration
WIN_090153510463ccbd,MG1655,4296000,4302400,4299200,6400,100,5370,rep1,True,1,1,F:\Micro-C\micro-c数据\GSE272159_37C_rep1.mapq_30.10.cool,True,MG1655:33,calibration
WIN_43289d332425f1a2,MG1655,4296800,4303200,4300000,6400,100,5371,rep1,False,0,0,F:\Micro-C\micro-c数据\GSE272159_37C_rep1.mapq_30.10.cool,True,MG1655:33,calibration
WIN_d33cf0e3095a1132,MG1655,4297600,4304000,4300800,6400,100,5372,rep1,False,0,0,F:\Micro-C\micro-c数据\GSE272159_37C_rep1.mapq_30.10.cool,True,MG1655:33,calibration
WIN_21a1df7f20cbb4c3,MG1655,4298400,4304800,4301600,6400,100,5373,rep1,False,0,0,F:\Micro-C\micro-c数据\GSE272159_37C_rep1.mapq_30.10.cool,True,MG1655:33,calibration
WIN_3e58ed55ff3887e3,MG1655,4318400,4324800,4321600,6400,100,5398,rep1,False,0,0,F:\Micro-C\micro-c数据\GSE272159_37C_rep1.mapq_30.10.cool,True,MG1655:33,calibration
WIN_d734eaf0c65746b7,MG1655,4319200,4325600,4322400,6400,100,5399,rep1,False,0,0,F:\Micro-C\micro-c数据\GSE272159_37C_rep1.mapq_30.10.cool,True,MG1655:33,calibration
WIN_5cb63c94994c02ea,MG1655,4320000,4326400,4323200,6400,100,5400,rep1,False,0,0,F:\Micro-C\micro-c数据\GSE272159_37C_rep1.mapq_30.10.cool,True,MG1655:33,calibration
WIN_6a978e6c7b530c43,MG1655,4320800,4327200,4324000,6400,100,5401,rep1,False,0,0,F:\Micro-C\micro-c数据\GSE272159_37C_rep1.mapq_30.10.cool,True,MG1655:33,calibration
WIN_b08e30cbb99ac7a1,MG1655,4321600,4328000,4324800,6400,100,5402,rep1,False,0,0,F:\Micro-C\micro-c数据\GSE272159_37C_rep1.mapq_30.10.cool,True,MG1655:33,calibration
WIN_9add244242983175,MG1655,4322400,4328800,4325600,6400,100,5403,rep1,False,0,0,F:\Micro-C\micro-c数据\GSE272159_37C_rep1.mapq_30.10.cool,True,MG1655:33,calibration
WIN_22b6ff0a856ef57c,MG1655,4323200,4329600,4326400,6400,100,5404,rep1,False,0,0,F:\Micro-C\micro-c数据\GSE272159_37C_rep1.mapq_30.10.cool,True,MG1655:33,calibration
WIN_97c7775a9eb2b037,MG1655,4324000,4330400,4327200,6400,100,5405,rep1,False,0,0,F:\Micro-C\micro-c数据\GSE272159_37C_rep1.mapq_30.10.cool,True,MG1655:33,calibration
WIN_f18149b23e5ebde1,MG1655,4324800,4331200,4328000,6400,100,5406,rep1,False,0,0,F:\Micro-C\micro-c数据\GSE272159_37C_rep1.mapq_30.10.cool,True,MG1655:33,calibration
WIN_04526cb780ac97ab,MG1655,4344800,4351200,4348000,6400,100,5431,rep1,False,0,0,F:\Micro-C\micro-c数据\GSE272159_37C_rep1.mapq_30.10.cool,True,MG1655:33,calibration
WIN_4a23c6ff0e809fa1,MG1655,4345600,4352000,4348800,6400,100,5432,rep1,False,0,0,F:\Micro-C\micro-c数据\GSE272159_37C_rep1.mapq_30.10.cool,True,MG1655:33,calibration
WIN_6b064dd488ca5b7c,MG1655,4367200,4373600,4370400,6400,100,5459,rep1,False,0,0,F:\Micro-C\micro-c数据\GSE272159_37C_rep1.mapq_30.10.cool,True,MG1655:34,train
WIN_5648e46f8cb59021,MG1655,4368000,4374400,4371200,6400,100,5460,rep1,False,0,0,F:\Micro-C\micro-c数据\GSE272159_37C_rep1.mapq_30.10.cool,True,MG1655:34,train
WIN_51a9faa2d574c62a,MG1655,4368800,4375200,4372000,6400,100,5461,rep1,False,0,0,F:\Micro-C\micro-c数据\GSE272159_37C_rep1.mapq_30.10.cool,True,MG1655:34,train
WIN_38163fef384ac17b,MG1655,4369600,4376000,4372800,6400,100,5462,rep1,False,0,0,F:\Micro-C\micro-c数据\GSE272159_37C_rep1.mapq_30.10.cool,True,MG1655:34,train
WIN_492bc47529786388,MG1655,4370400,4376800,4373600,6400,100,5463,rep1,False,0,0,F:\Micro-C\micro-c数据\GSE272159_37C_rep1.mapq_30.10.cool,True,MG1655:34,train
WIN_da76742f6f317551,MG1655,4371200,4377600,4374400,6400,100,5464,rep1,False,0,0,F:\Micro-C\micro-c数据\GSE272159_37C_rep1.mapq_30.10.cool,True,MG1655:34,train
WIN_d07141c344c83725,MG1655,4391200,4397600,4394400,6400,100,5489,rep1,False,0,0,F:\Micro-C\micro-c数据\GSE272159_37C_rep1.mapq_30.10.cool,True,MG1655:34,train
WIN_b548387f8ab2dfaf,MG1655,4392000,4398400,4395200,6400,100,5490,rep1,False,0,0,F:\Micro-C\micro-c数据\GSE272159_37C_rep1.mapq_30.10.cool,True,MG1655:34,train
WIN_ef120308ba769833,MG1655,4392800,4399200,4396000,6400,100,5491,rep1,False,0,0,F:\Micro-C\micro-c数据\GSE272159_37C_rep1.mapq_30.10.cool,True,MG1655:34,train
WIN_d59c2140f7fa0af8,MG1655,4393600,4400000,4396800,6400,100,5492,rep1,False,0,0,F:\Micro-C\micro-c数据\GSE272159_37C_rep1.mapq_30.10.cool,True,MG1655:34,train
WIN_b0c499f7a9c4d761,MG1655,4394400,4400800,4397600,6400,100,5493,rep1,False,0,0,F:\Micro-C\micro-c数据\GSE272159_37C_rep1.mapq_30.10.cool,True,MG1655:34,train
WIN_4a7b79c05cae606d,MG1655,4395200,4401600,4398400,6400,100,5494,rep1,False,0,0,F:\Micro-C\micro-c数据\GSE272159_37C_rep1.mapq_30.10.cool,True,MG1655:34,train
WIN_bc8ebbecfaad7c5d,MG1655,4396000,4402400,4399200,6400,100,5495,rep1,False,0,0,F:\Micro-C\micro-c数据\GSE272159_37C_rep1.mapq_30.10.cool,True,MG1655:34,train
WIN_73879cc944d57b86,MG1655,4396800,4403200,4400000,6400,100,5496,rep1,False,0,0,F:\Micro-C\micro-c数据\GSE272159_37C_rep1.mapq_30.10.cool,True,MG1655:34,train
WIN_e18db356284f58b6,MG1655,4397600,4404000,4400800,6400,100,5497,rep1,False,0,0,F:\Micro-C\micro-c数据\GSE272159_37C_rep1.mapq_30.10.cool,True,MG1655:34,train
WIN_b8fd048c1a055c20,MG1655,4398400,4404800,4401600,6400,100,5498,rep1,False,0,0,F:\Micro-C\micro-c数据\GSE272159_37C_rep1.mapq_30.10.cool,True,MG1655:34,train
WIN_d838c093631b867d,MG1655,4434400,4440800,4437600,6400,100,5543,rep1,False,0,0,F:\Micro-C\micro-c数据\GSE272159_37C_rep1.mapq_30.10.cool,True,MG1655:34,train
WIN_9e932b4360e6dc1a,MG1655,4435200,4441600,4438400,6400,100,5544,rep1,False,0,0,F:\Micro-C\micro-c数据\GSE272159_37C_rep1.mapq_30.10.cool,True,MG1655:34,train
WIN_4c815d759ecb4f0c,MG1655,4436000,4442400,4439200,6400,100,5545,rep1,False,0,0,F:\Micro-C\micro-c数据\GSE272159_37C_rep1.mapq_30.10.cool,True,MG1655:34,train
WIN_f5391a914080f00e,MG1655,4436800,4443200,4440000,6400,100,5546,rep1,False,0,0,F:\Micro-C\micro-c数据\GSE272159_37C_rep1.mapq_30.10.cool,True,MG1655:34,train
WIN_5a829b1db96a521b,MG1655,4437600,4444000,4440800,6400,100,5547,rep1,False,0,0,F:\Micro-C\micro-c数据\GSE272159_37C_rep1.mapq_30.10.cool,True,MG1655:34,train
WIN_96aeccf91a7fb64d,MG1655,4438400,4444800,4441600,6400,100,5548,rep1,False,0,0,F:\Micro-C\micro-c数据\GSE272159_37C_rep1.mapq_30.10.cool,True,MG1655:34,train
WIN_c4f29199917c7368,MG1655,4439200,4445600,4442400,6400,100,5549,rep1,False,0,0,F:\Micro-C\micro-c数据\GSE272159_37C_rep1.mapq_30.10.cool,True,MG1655:34,train
WIN_4a563fff5657fa83,MG1655,4440000,4446400,4443200,6400,100,5550,rep1,False,0,0,F:\Micro-C\micro-c数据\GSE272159_37C_rep1.mapq_30.10.cool,True,MG1655:34,train
WIN_1dc4e80337d2b575,MG1655,4440800,4447200,4444000,6400,100,5551,rep1,False,0,0,F:\Micro-C\micro-c数据\GSE272159_37C_rep1.mapq_30.10.cool,True,MG1655:34,train
WIN_1564ec49fb780aaf,MG1655,4441600,4448000,4444800,6400,100,5552,rep1,False,0,0,F:\Micro-C\micro-c数据\GSE272159_37C_rep1.mapq_30.10.cool,True,MG1655:34,train
WIN_a6ee7e8692b61295,MG1655,4442400,4448800,4445600,6400,100,5553,rep1,False,0,0,F:\Micro-C\micro-c数据\GSE272159_37C_rep1.mapq_30.10.cool,True,MG1655:34,train
WIN_72485e260d3052ba,MG1655,4443200,4449600,4446400,6400,100,5554,rep1,False,0,0,F:\Micro-C\micro-c数据\GSE272159_37C_rep1.mapq_30.10.cool,True,MG1655:34,train
WIN_5b03de36e20b8377,MG1655,4444000,4450400,4447200,6400,100,5555,rep1,False,0,0,F:\Micro-C\micro-c数据\GSE272159_37C_rep1.mapq_30.10.cool,True,MG1655:34,train
WIN_8cfa90ffc37916c3,MG1655,4444800,4451200,4448000,6400,100,5556,rep1,False,0,0,F:\Micro-C\micro-c数据\GSE272159_37C_rep1.mapq_30.10.cool,True,MG1655:34,train
WIN_9cee68ee047a8c6c,MG1655,4445600,4452000,4448800,6400,100,5557,rep1,False,0,0,F:\Micro-C\micro-c数据\GSE272159_37C_rep1.mapq_30.10.cool,True,MG1655:34,train
WIN_1926559a6d57a899,MG1655,4446400,4452800,4449600,6400,100,5558,rep1,False,0,0,F:\Micro-C\micro-c数据\GSE272159_37C_rep1.mapq_30.10.cool,True,MG1655:34,train
WIN_c0e6ffae82e73b7a,MG1655,4447200,4453600,4450400,6400,100,5559,rep1,False,0,0,F:\Micro-C\micro-c数据\GSE272159_37C_rep1.mapq_30.10.cool,True,MG1655:34,train
WIN_ef05251fe7c6a0c7,MG1655,4448000,4454400,4451200,6400,100,5560,rep1,False,0,0,F:\Micro-C\micro-c数据\GSE272159_37C_rep1.mapq_30.10.cool,True,MG1655:34,train
WIN_f46d8786d4c7bcd9,MG1655,4448800,4455200,4452000,6400,100,5561,rep1,False,0,0,F:\Micro-C\micro-c数据\GSE272159_37C_rep1.mapq_30.10.cool,True,MG1655:34,train
WIN_8131a29e73806370,MG1655,4449600,4456000,4452800,6400,100,5562,rep1,False,0,0,F:\Micro-C\micro-c数据\GSE272159_37C_rep1.mapq_30.10.cool,True,MG1655:34,train
WIN_4c06abb1283774d0,MG1655,4450400,4456800,4453600,6400,100,5563,rep1,False,0,0,F:\Micro-C\micro-c数据\GSE272159_37C_rep1.mapq_30.10.cool,True,MG1655:34,train
WIN_200f3476c067b8f5,MG1655,4451200,4457600,4454400,6400,100,5564,rep1,False,0,0,F:\Micro-C\micro-c数据\GSE272159_37C_rep1.mapq_30.10.cool,True,MG1655:34,train
WIN_677d36a673e4a2d6,MG1655,4452000,4458400,4455200,6400,100,5565,rep1,False,0,0,F:\Micro-C\micro-c数据\GSE272159_37C_rep1.mapq_30.10.cool,True,MG1655:34,train
WIN_45d5836d912b1aa5,MG1655,4452800,4459200,4456000,6400,100,5566,rep1,False,0,0,F:\Micro-C\micro-c数据\GSE272159_37C_rep1.mapq_30.10.cool,True,MG1655:34,train
WIN_a89e0a6a760b1f8e,MG1655,4453600,4460000,4456800,6400,100,5567,rep1,False,0,0,F:\Micro-C\micro-c数据\GSE272159_37C_rep1.mapq_30.10.cool,True,MG1655:34,train
WIN_1be1df3293b8ff8d,MG1655,4454400,4460800,4457600,6400,100,5568,rep1,False,0,0,F:\Micro-C\micro-c数据\GSE272159_37C_rep1.mapq_30.10.cool,True,MG1655:34,train
WIN_2d7a51735f142035,MG1655,4455200,4461600,4458400,6400,100,5569,rep1,False,0,0,F:\Micro-C\micro-c数据\GSE272159_37C_rep1.mapq_30.10.cool,True,MG1655:34,train
WIN_bf7b033e58e0a335,MG1655,4456000,4462400,4459200,6400,100,5570,rep1,False,0,0,F:\Micro-C\micro-c数据\GSE272159_37C_rep1.mapq_30.10.cool,True,MG1655:34,train
WIN_60daa72c97f039d0,MG1655,4456800,4463200,4460000,6400,100,5571,rep1,False,0,0,F:\Micro-C\micro-c数据\GSE272159_37C_rep1.mapq_30.10.cool,True,MG1655:34,train
WIN_5094f4789b062ea3,MG1655,4457600,4464000,4460800,6400,100,5572,rep1,False,0,0,F:\Micro-C\micro-c数据\GSE272159_37C_rep1.mapq_30.10.cool,True,MG1655:34,train
WIN_05bb7ecad9a8165a,MG1655,4458400,4464800,4461600,6400,100,5573,rep1,False,0,0,F:\Micro-C\micro-c数据\GSE272159_37C_rep1.mapq_30.10.cool,True,MG1655:34,train
WIN_62068c38aaed90c3,MG1655,4459200,4465600,4462400,6400,100,5574,rep1,False,0,0,F:\Micro-C\micro-c数据\GSE272159_37C_rep1.mapq_30.10.cool,True,MG1655:34,train
WIN_ea1df0fc54d42b34,MG1655,4460000,4466400,4463200,6400,100,5575,rep1,False,0,0,F:\Micro-C\micro-c数据\GSE272159_37C_rep1.mapq_30.10.cool,True,MG1655:34,train
WIN_3a40a15a184c85d2,MG1655,4460800,4467200,4464000,6400,100,5576,rep1,False,0,0,F:\Micro-C\micro-c数据\GSE272159_37C_rep1.mapq_30.10.cool,True,MG1655:34,train
WIN_a3cb3466cbe597e1,MG1655,4461600,4468000,4464800,6400,100,5577,rep1,False,0,0,F:\Micro-C\micro-c数据\GSE272159_37C_rep1.mapq_30.10.cool,True,MG1655:34,train
WIN_91dcf33c3970744c,MG1655,4462400,4468800,4465600,6400,100,5578,rep1,False,0,0,F:\Micro-C\micro-c数据\GSE272159_37C_rep1.mapq_30.10.cool,True,MG1655:34,train
WIN_1b12d355fdaa5a23,MG1655,4463200,4469600,4466400,6400,100,5579,rep1,False,0,0,F:\Micro-C\micro-c数据\GSE272159_37C_rep1.mapq_30.10.cool,True,MG1655:34,train
WIN_3aaa142630877d9b,MG1655,4512000,4518400,4515200,6400,100,5640,rep1,False,0,0,F:\Micro-C\micro-c数据\GSE272159_37C_rep1.mapq_30.10.cool,True,MG1655:35,train
WIN_eb3330cadd4b66bc,MG1655,4563200,4569600,4566400,6400,100,5704,rep1,False,0,0,F:\Micro-C\micro-c数据\GSE272159_37C_rep1.mapq_30.10.cool,True,MG1655:35,train
WIN_349b481a9352698f,MG1655,4564000,4570400,4567200,6400,100,5705,rep1,False,0,0,F:\Micro-C\micro-c数据\GSE272159_37C_rep1.mapq_30.10.cool,True,MG1655:35,train
WIN_9a1eb6fcbef31b0d,MG1655,4564800,4571200,4568000,6400,100,5706,rep1,False,0,0,F:\Micro-C\micro-c数据\GSE272159_37C_rep1.mapq_30.10.cool,True,MG1655:35,train
WIN_163ed297e4f9dd2a,MG1655,4624000,4630400,4627200,6400,100,5780,rep1,False,0,0,F:\Micro-C\micro-c数据\GSE272159_37C_rep1.mapq_30.10.cool,True,MG1655:36,train
WIN_655548e0d4fa94b2,MG1655,4624800,4631200,4628000,6400,100,5781,rep1,False,0,0,F:\Micro-C\micro-c数据\GSE272159_37C_rep1.mapq_30.10.cool,True,MG1655:36,train
WIN_b759c25d19b87ec9,MG1655,4625600,4632000,4628800,6400,100,5782,rep1,False,0,0,F:\Micro-C\micro-c数据\GSE272159_37C_rep1.mapq_30.10.cool,True,MG1655:36,train
WIN_2d9c22ebedb5387e,MG1655,4626400,4632800,4629600,6400,100,5783,rep1,False,0,0,F:\Micro-C\micro-c数据\GSE272159_37C_rep1.mapq_30.10.cool,True,MG1655:36,train
WIN_0253c61ace688ec4,MG1655,4627200,4633600,4630400,6400,100,5784,rep1,False,0,0,F:\Micro-C\micro-c数据\GSE272159_37C_rep1.mapq_30.10.cool,True,MG1655:36,train
WIN_887382e21942dbbb,MG1655,4628000,4634400,4631200,6400,100,5785,rep1,False,0,0,F:\Micro-C\micro-c数据\GSE272159_37C_rep1.mapq_30.10.cool,True,MG1655:36,train
WIN_6dcd9a0c53068bc2,MG1655,4628800,4635200,4632000,6400,100,5786,rep1,False,0,0,F:\Micro-C\micro-c数据\GSE272159_37C_rep1.mapq_30.10.cool,True,MG1655:36,train
WIN_0142856a8b1ccb51,MG1655,4629600,4636000,4632800,6400,100,5787,rep1,False,0,0,F:\Micro-C\micro-c数据\GSE272159_37C_rep1.mapq_30.10.cool,True,MG1655:36,train
WIN_ac1ffd3f89ad25fa,MG1655,4630400,4636800,4633600,6400,100,5788,rep1,False,0,0,F:\Micro-C\micro-c数据\GSE272159_37C_rep1.mapq_30.10.cool,True,MG1655:36,train
WIN_38a25ece3e383a94,MG1655,4631200,4637600,4634400,6400,100,5789,rep1,False,0,0,F:\Micro-C\micro-c数据\GSE272159_37C_rep1.mapq_30.10.cool,True,MG1655:36,train
WIN_41c845e20ed9d1d4,MG1655,4632000,4638400,4635200,6400,100,5790,rep1,False,0,0,F:\Micro-C\micro-c数据\GSE272159_37C_rep1.mapq_30.10.cool,True,MG1655:36,train
WIN_df7efb31f12cf2f7,MG1655,4632800,4639200,4636000,6400,100,5791,rep1,False,0,0,F:\Micro-C\micro-c数据\GSE272159_37C_rep1.mapq_30.10.cool,True,MG1655:36,train
WIN_a63d6397df7670d8,MG1655,4633600,4640000,4636800,6400,100,5792,rep1,False,0,0,F:\Micro-C\micro-c数据\GSE272159_37C_rep1.mapq_30.10.cool,True,MG1655:36,train
WIN_4bf42b77b0d2d06a,MG1655,4634400,4640800,4637600,6400,100,5793,rep1,False,0,0,F:\Micro-C\micro-c数据\GSE272159_37C_rep1.mapq_30.10.cool,True,MG1655:36,train
WIN_18cef6d4028af0b8,MG1655,4635200,4641600,4638400,6400,100,5794,rep1,False,0,0,F:\Micro-C\micro-c数据\GSE272159_37C_rep1.mapq_30.10.cool,True,MG1655:36,train
