proposal_id,channel,scale,branch,window_id,chrom,start,end,center,window_bp,best_p,replicate_min_anomaly,rep1_supported,rep2_supported,zero_axis_flag
small_density_WIN_small_f56f1927667c7556,small_density,small,density,WIN_small_f56f1927667c7556,MG1655,320800,324000,322400,3200,0.0009478672985781,3.0232524596337567,True,True,False
small_density_WIN_small_4e830f95e4bf64f5,small_density,small,density,WIN_small_4e830f95e4bf64f5,MG1655,770000,773200,771600,3200,0.0009478672985781,3.0232524596337567,True,True,False
small_density_WIN_small_965540a76727bc48,small_density,small,density,WIN_small_965540a76727bc48,MG1655,771600,774800,773200,3200,0.0009478672985781,3.0232524596337567,True,True,False
small_density_WIN_small_3ec20958545f0cac,small_density,small,density,WIN_small_3ec20958545f0cac,MG1655,1300400,1303600,1302000,3200,0.0009478672985781,3.0232524596337567,True,True,True
small_density_WIN_small_dbe19a0701bfdf59,small_density,small,density,WIN_small_dbe19a0701bfdf59,MG1655,1302000,1305200,1303600,3200,0.0009478672985781,3.0232524596337567,True,True,False
small_density_WIN_small_328fb9c4df683256,small_density,small,density,WIN_small_328fb9c4df683256,MG1655,1303600,1306800,1305200,3200,0.0009478672985781,3.0232524596337567,True,True,False
small_density_WIN_small_217f2591736e3a16,small_density,small,density,WIN_small_217f2591736e3a16,MG1655,1799200,1802400,1800800,3200,0.0009478672985781,3.0232524596337567,True,True,False
small_density_WIN_small_59ceaf23fa91788a,small_density,small,density,WIN_small_59ceaf23fa91788a,MG1655,1901600,1904800,1903200,3200,0.0009478672985781,3.0232524596337567,True,True,False
small_density_WIN_small_63b14958654491ce,small_density,small,density,WIN_small_63b14958654491ce,MG1655,2174400,2177600,2176000,3200,0.0009478672985781,3.0232524596337567,True,True,False
small_density_WIN_small_1e0010964edcdb3f,small_density,small,density,WIN_small_1e0010964edcdb3f,MG1655,2390000,2393200,2391600,3200,0.0009478672985781,3.0232524596337567,True,True,False
small_density_WIN_small_3161fe02bfafc972,small_density,small,density,WIN_small_3161fe02bfafc972,MG1655,2391600,2394800,2393200,3200,0.0009478672985781,3.0232524596337567,True,True,False
small_density_WIN_small_b293b008e469f997,small_density,small,density,WIN_small_b293b008e469f997,MG1655,2393200,2396400,2394800,3200,0.0009478672985781,3.0232524596337567,True,True,False
small_density_WIN_small_7cbfff2e2db14ed3,small_density,small,density,WIN_small_7cbfff2e2db14ed3,MG1655,2394800,2398000,2396400,3200,0.0009478672985781,3.0232524596337567,True,True,False
small_density_WIN_small_ad8cd786dccb0ded,small_density,small,density,WIN_small_ad8cd786dccb0ded,MG1655,2399200,2402400,2400800,3200,0.0009478672985781,3.0232524596337567,True,True,False
small_density_WIN_small_c14c16dfca74b9c8,small_density,small,density,WIN_small_c14c16dfca74b9c8,MG1655,2400800,2404000,2402400,3200,0.0009478672985781,3.0232524596337567,True,True,False
small_density_WIN_small_afe20ef3ca213727,small_density,small,density,WIN_small_afe20ef3ca213727,MG1655,2402400,2405600,2404000,3200,0.0009478672985781,3.0232524596337567,True,True,False
small_density_WIN_small_ca5a33a75d4afa7e,small_density,small,density,WIN_small_ca5a33a75d4afa7e,MG1655,2532800,2536000,2534400,3200,0.0009478672985781,3.0232524596337567,True,True,False
small_density_WIN_small_f7d75b9a6bbef07d,small_density,small,density,WIN_small_f7d75b9a6bbef07d,MG1655,3270000,3273200,3271600,3200,0.0009478672985781,3.0232524596337567,True,True,False
small_density_WIN_small_97d335f06f1cd8dc,small_density,small,density,WIN_small_97d335f06f1cd8dc,MG1655,3271600,3274800,3273200,3200,0.0009478672985781,3.0232524596337567,True,True,False
small_density_WIN_small_25e2b40275723140,small_density,small,density,WIN_small_25e2b40275723140,MG1655,3273200,3276400,3274800,3200,0.0009478672985781,3.0232524596337567,True,True,False
small_density_WIN_small_9a390c6a7cb944d4,small_density,small,density,WIN_small_9a390c6a7cb944d4,MG1655,3274800,3278000,3276400,3200,0.0009478672985781,3.0232524596337567,True,True,False
small_density_WIN_small_f563efa3c06c7b27,small_density,small,density,WIN_small_f563efa3c06c7b27,MG1655,3438800,3442000,3440400,3200,0.0009478672985781,3.0232524596337567,True,True,False
small_density_WIN_small_0cfddc477e0e95de,small_density,small,density,WIN_small_0cfddc477e0e95de,MG1655,3440400,3443600,3442000,3200,0.0009478672985781,3.0232524596337567,True,True,False
small_density_WIN_small_1355abb627194e3b,small_density,small,density,WIN_small_1355abb627194e3b,MG1655,3442000,3445200,3443600,3200,0.0009478672985781,3.0232524596337567,True,True,False
small_density_WIN_small_394ba7abda043431,small_density,small,density,WIN_small_394ba7abda043431,MG1655,3444800,3448000,3446400,3200,0.0009478672985781,3.0232524596337567,True,True,False
small_density_WIN_small_089dad41168928ce,small_density,small,density,WIN_small_089dad41168928ce,MG1655,3547600,3550800,3549200,3200,0.0009478672985781,3.0232524596337567,True,True,False
small_density_WIN_small_36218a58c0c9b38e,small_density,small,density,WIN_small_36218a58c0c9b38e,MG1655,3549200,3552400,3550800,3200,0.0009478672985781,3.0232524596337567,True,True,False
small_density_WIN_small_a8753a322a63dd31,small_density,small,density,WIN_small_a8753a322a63dd31,MG1655,3550800,3554000,3552400,3200,0.0009478672985781,3.0232524596337567,True,True,False
small_density_WIN_small_7f7209db6166c2c7,small_density,small,density,WIN_small_7f7209db6166c2c7,MG1655,3552400,3555600,3554000,3200,0.0009478672985781,3.0232524596337567,True,True,False
small_density_WIN_small_2cd77e30f451d778,small_density,small,density,WIN_small_2cd77e30f451d778,MG1655,3554000,3557200,3555600,3200,0.0009478672985781,3.0232524596337567,True,True,False
small_density_WIN_small_a902e92491842d85,small_density,small,density,WIN_small_a902e92491842d85,MG1655,3639600,3642800,3641200,3200,0.0009478672985781,3.0232524596337567,True,True,False
small_density_WIN_small_1c9a485521a9a74a,small_density,small,density,WIN_small_1c9a485521a9a74a,MG1655,3886400,3889600,3888000,3200,0.0009478672985781,3.0232524596337567,True,True,False
small_density_WIN_small_caf8e3364b818328,small_density,small,density,WIN_small_caf8e3364b818328,MG1655,3888000,3891200,3889600,3200,0.0009478672985781,3.0232524596337567,True,True,False
small_density_WIN_small_c89e175386f903d1,small_density,small,density,WIN_small_c89e175386f903d1,MG1655,3889600,3892800,3891200,3200,0.0009478672985781,3.0232524596337567,True,True,False
small_density_WIN_small_d865eee2ee9aee39,small_density,small,density,WIN_small_d865eee2ee9aee39,MG1655,4241600,4244800,4243200,3200,0.0009478672985781,3.0232524596337567,True,True,False
small_density_WIN_small_f4d3fba09d3ad285,small_density,small,density,WIN_small_f4d3fba09d3ad285,MG1655,4243200,4246400,4244800,3200,0.0009478672985781,3.0232524596337567,True,True,False
small_density_WIN_small_fc758917a50ccf8f,small_density,small,density,WIN_small_fc758917a50ccf8f,MG1655,4244800,4248000,4246400,3200,0.0009478672985781,3.0232524596337567,True,True,False
small_density_WIN_small_74d0011330f7f108,small_density,small,density,WIN_small_74d0011330f7f108,MG1655,4246400,4249600,4248000,3200,0.0009478672985781,3.0232524596337567,True,True,False
small_density_WIN_small_611c86b8074e1732,small_density,small,density,WIN_small_611c86b8074e1732,MG1655,4248000,4251200,4249600,3200,0.0009478672985781,3.0232524596337567,True,True,False
small_density_WIN_small_a96f5ff21c5cb928,small_density,small,density,WIN_small_a96f5ff21c5cb928,MG1655,4364000,4367200,4365600,3200,0.0009478672985781,3.0232524596337567,True,True,False
small_density_WIN_small_267f809103ad2a3d,small_density,small,density,WIN_small_267f809103ad2a3d,MG1655,4365600,4368800,4367200,3200,0.0009478672985781,3.0232524596337567,True,True,False
small_density_WIN_small_dd2d499bc245a876,small_density,small,density,WIN_small_dd2d499bc245a876,MG1655,4461200,4464400,4462800,3200,0.0009478672985781,3.0232524596337567,True,True,False
small_density_WIN_small_be611bccacac3c76,small_density,small,density,WIN_small_be611bccacac3c76,MG1655,4462800,4466000,4464400,3200,0.0009478672985781,3.0232524596337567,True,True,False
small_density_WIN_small_79de058fe4118b43,small_density,small,density,WIN_small_79de058fe4118b43,MG1655,4464400,4467600,4466000,3200,0.0009478672985781,3.0232524596337567,True,True,False
small_density_WIN_small_20b587d476552d71,small_density,small,density,WIN_small_20b587d476552d71,MG1655,105200,108400,106800,3200,0.0013404867889791324,2.7222224639697528,True,True,False
small_density_WIN_small_8581e1d8542acaf5,small_density,small,density,WIN_small_8581e1d8542acaf5,MG1655,1156400,1159600,1158000,3200,0.0013404867889791324,2.7222224639697528,True,True,False
small_density_WIN_small_2ba0b6d1d3618003,small_density,small,density,WIN_small_2ba0b6d1d3618003,MG1655,1295200,1298400,1296800,3200,0.0013404867889791324,2.7222224639697528,True,True,False
small_density_WIN_small_275abc2d169974a9,small_density,small,density,WIN_small_275abc2d169974a9,MG1655,1903200,1906400,1904800,3200,0.0013404867889791324,2.7222224639697528,True,True,False
small_density_WIN_small_c7d9ff7433cc1203,small_density,small,density,WIN_small_c7d9ff7433cc1203,MG1655,4178000,4181200,4179600,3200,0.0013404867889791324,2.7222224639697528,True,True,False
small_density_WIN_small_84f8604ccf7e99e3,small_density,small,density,WIN_small_84f8604ccf7e99e3,MG1655,322400,325600,324000,3200,0.001641754319970386,2.546131204914064,True,True,False
small_density_WIN_small_d1f97192bfb7e961,small_density,small,density,WIN_small_d1f97192bfb7e961,MG1655,125600,128800,127200,3200,0.001895734597156275,2.42119246830576,True,True,False
small_density_WIN_small_8aba6d4b7eede23f,small_density,small,density,WIN_small_8aba6d4b7eede23f,MG1655,2404000,2407200,2405600,3200,0.001895734597156275,2.42119246830576,True,True,False
small_density_WIN_small_821563fe0c4ac1c5,small_density,small,density,WIN_small_821563fe0c4ac1c5,MG1655,3262800,3266000,3264400,3200,0.001895734597156275,2.42119246830576,True,True,False
small_density_WIN_small_34080cbc56c1aa59,small_density,small,density,WIN_small_34080cbc56c1aa59,MG1655,3532800,3536000,3534400,3200,0.0018957345971563,2.7222224639697528,True,True,False
small_density_WIN_small_405dc2f48609de38,small_density,small,density,WIN_small_405dc2f48609de38,MG1655,3047600,3050800,3049200,3200,0.0026809735779583705,2.42119246830576,True,True,False
small_density_WIN_small_0c013e9d771ce031,small_density,small,density,WIN_small_0c013e9d771ce031,MG1655,4367200,4370400,4368800,3200,0.0026809735779583705,2.42119246830576,True,True,False
small_density_WIN_small_4c4435ea1ed625d1,small_density,small,density,WIN_small_4c4435ea1ed625d1,MG1655,3307600,3310800,3309200,3200,0.0032835086399409016,2.42119246830576,True,True,False
small_density_WIN_small_9fb331bbf0d6498b,small_density,small,density,WIN_small_9fb331bbf0d6498b,MG1655,3264800,3268000,3266400,3200,0.0036710742618078786,2.3242824552977015,True,True,False
small_density_WIN_small_65b91cc1831ec2a8,small_density,small,density,WIN_small_65b91cc1831ec2a8,MG1655,2396400,2399600,2398000,3200,0.0037914691943127,2.42119246830576,True,True,False
small_density_WIN_small_864fa9a7f9dfc532,small_density,small,density,WIN_small_864fa9a7f9dfc532,MG1655,3070400,3073600,3072000,3200,0.0037914691943127,2.42119246830576,True,True,False
small_density_WIN_small_a5b3e8d1f9c5dad3,small_density,small,density,WIN_small_a5b3e8d1f9c5dad3,MG1655,2918400,2921600,2920000,3200,0.0040214603669375855,2.0690099501943915,True,True,False
small_density_WIN_small_e581aade2eef8006,small_density,small,density,WIN_small_e581aade2eef8006,MG1655,3736800,3740000,3738400,3200,0.0046435824507737,2.245101209250075,True,True,False
small_density_WIN_small_fb4e85a744844f54,small_density,small,density,WIN_small_fb4e85a744844f54,MG1655,3918800,3922000,3920400,3200,0.0046435824507737,2.245101209250075,True,True,False
small_density_WIN_small_918bc7805b257b2e,small_density,small,density,WIN_small_918bc7805b257b2e,MG1655,124000,127200,125600,3200,0.005526968620706289,1.7928035382554397,True,True,False
small_density_WIN_small_f43e634f836b500b,small_density,small,density,WIN_small_f43e634f836b500b,MG1655,122000,125200,123600,3200,0.0059948391661958115,1.722222463969732,True,True,False
small_density_WIN_small_3d5549cf6a1f93e7,small_density,small,density,WIN_small_3d5549cf6a1f93e7,MG1655,1298800,1302000,1300400,3200,0.00628744036086321,1.9818597744754902,True,True,True
small_density_WIN_small_54c4689eb2a63189,small_density,small,density,WIN_small_54c4689eb2a63189,MG1655,4179600,4182800,4181200,3200,0.00628744036086321,1.9818597744754902,True,True,False
small_density_WIN_small_58a0f87c48b495fb,small_density,small,density,WIN_small_58a0f87c48b495fb,MG1655,106800,110000,108400,3200,0.0065670172798819055,2.1201624726417734,True,True,False
small_density_WIN_small_440f9b5a9092fd82,small_density,small,density,WIN_small_440f9b5a9092fd82,MG1655,3348000,3351200,3349600,3200,0.0066350710900473,2.1781544196194607,True,True,False
small_density_WIN_small_da683e7e2eb31316,small_density,small,density,WIN_small_da683e7e2eb31316,MG1655,2562800,2566000,2564400,3200,0.006965373676160601,2.0690099501943915,True,True,False
small_density_WIN_small_8ddfdea63d23dbed,small_density,small,density,WIN_small_8ddfdea63d23dbed,MG1655,951200,954400,952800,3200,0.007093189358813046,1.8771244239554763,True,True,False
small_density_WIN_small_508eb1dde6cb66a5,small_density,small,density,WIN_small_508eb1dde6cb66a5,MG1655,3446400,3449600,3448000,3200,0.007523463443785471,2.0690099501943915,True,True,False
small_density_WIN_small_c130ca9842e5445e,small_density,small,density,WIN_small_c130ca9842e5445e,MG1655,3046000,3049200,3047600,3200,0.007700510336147733,1.9818597744754902,True,True,False
small_density_WIN_small_ae5443ec9ed69c86,small_density,small,density,WIN_small_ae5443ec9ed69c86,MG1655,3324800,3328000,3326400,3200,0.00804292073387533,2.0690099501943915,True,True,False
small_density_WIN_small_4da8ac6b89788ade,small_density,small,density,WIN_small_4da8ac6b89788ade,MG1655,1149200,1152400,1150800,3200,0.00994131609639945,1.9818597744754902,True,True,False
small_density_WIN_small_5b380631761cde8e,small_density,small,density,WIN_small_5b380631761cde8e,MG1655,2531200,2534400,2532800,3200,0.010252752442077602,1.9093091073268778,True,True,False
small_density_WIN_small_493c26e6fed394d7,small_density,small,density,WIN_small_493c26e6fed394d7,MG1655,2534400,2537600,2536000,3200,0.0104265402843601,1.9818597744754902,True,True,False
small_density_WIN_small_ab7998c9375b0a2f,small_density,small,density,WIN_small_ab7998c9375b0a2f,MG1655,3485200,3488400,3486800,3200,0.0104265402843601,1.9818597744754902,True,True,False
small_density_WIN_small_8f40f2a503ea0fe7,small_density,small,density,WIN_small_8f40f2a503ea0fe7,MG1655,4020000,4023200,4021600,3200,0.012787428969888104,1.8771244239554763,True,True,False
small_density_WIN_small_e508fd728dc9fe44,small_density,small,density,WIN_small_e508fd728dc9fe44,MG1655,1305200,1308400,1306800,3200,0.01296189036130545,1.7928035382554397,True,True,False
small_density_WIN_small_a43cab46930e7b8e,small_density,small,density,WIN_small_a43cab46930e7b8e,MG1655,2176000,2179200,2177600,3200,0.01296189036130545,1.7928035382554397,True,True,False
small_density_WIN_small_a7cf24effbc8f180,small_density,small,density,WIN_small_a7cf24effbc8f180,MG1655,3049200,3052400,3050800,3200,0.01313403455976391,1.819132476977789,True,True,False
small_density_WIN_small_d7838cf548101819,small_density,small,density,WIN_small_d7838cf548101819,MG1655,1258400,1261600,1260000,3200,0.013930747352321303,1.7679799545304076,True,True,False
small_density_WIN_small_2c82f8470f303e8d,small_density,small,density,WIN_small_2c82f8470f303e8d,MG1655,3040000,3043200,3041600,3200,0.014186378717626232,1.819132476977789,True,True,False
small_density_WIN_small_216d1e8f200b53cd,small_density,small,density,WIN_small_216d1e8f200b53cd,MG1655,3964000,3967200,3965600,3200,0.014622984474446845,1.7928035382554397,True,True,False
small_density_WIN_small_5f3626d5dbb50be4,small_density,small,density,WIN_small_5f3626d5dbb50be4,MG1655,2920000,2923200,2921600,3200,0.014987097915489854,1.6253124509616752,True,True,False
small_density_WIN_small_6cf3bc8a40c36db1,small_density,small,density,WIN_small_6cf3bc8a40c36db1,MG1655,4249600,4252800,4251200,3200,0.015076752341788407,1.66152462361612,True,True,False
small_density_WIN_small_5b62c5bca420e6b8,small_density,small,density,WIN_small_5b62c5bca420e6b8,MG1655,3053200,3056400,3054800,3200,0.015459247801232229,1.7444988586808845,True,True,False
small_density_WIN_small_fe8f2fbf221e7a11,small_density,small,density,WIN_small_fe8f2fbf221e7a11,MG1655,127200,130400,128800,3200,0.016252538577708205,1.7010331648997938,True,True,False
small_density_WIN_small_19a2a000a239b569,small_density,small,density,WIN_small_19a2a000a239b569,MG1655,773200,776400,774800,3200,0.016252538577708205,1.7010331648997938,True,True,False
small_density_WIN_small_ea6007e198ed957c,small_density,small,density,WIN_small_ea6007e198ed957c,MG1655,2259200,2262400,2260800,3200,0.016252538577708205,1.7010331648997938,True,True,False
small_density_WIN_small_1cb47c9d9c161e25,small_density,small,density,WIN_small_1cb47c9d9c161e25,MG1655,3917200,3920400,3918800,3200,0.016580905862119254,1.7679799545304076,True,True,False
small_density_WIN_small_d3ca2b54291d97ca,small_density,small,density,WIN_small_d3ca2b54291d97ca,MG1655,3864400,3867600,3866000,3200,0.016822975686539107,1.7010331648997938,True,True,False
small_density_WIN_small_5e707a6e5550a5a1,small_density,small,density,WIN_small_5e707a6e5550a5a1,MG1655,2735200,2738400,2736800,3200,0.0170616113744075,1.7679799545304076,True,True,False
small_density_WIN_small_10911837ea9ce07b,small_density,small,density,WIN_small_10911837ea9ce07b,MG1655,984000,987200,985600,3200,0.018428646535756866,1.7010331648997938,True,True,False
small_density_WIN_small_5e7cc39930f5786f,small_density,small,density,WIN_small_5e7cc39930f5786f,MG1655,3346400,3349600,3348000,3200,0.0184773352508226,1.722222463969732,True,True,False
small_density_WIN_small_515b7d569d817911,small_density,small,density,WIN_small_515b7d569d817911,MG1655,4403200,4406400,4404800,3200,0.0184773352508226,1.722222463969732,True,True,False
small_density_WIN_small_43e80be7678a3198,small_density,small,density,WIN_small_43e80be7678a3198,MG1655,3915600,3918800,3917200,3200,0.018742862496004837,1.66152462361612,True,True,False
small_density_WIN_small_68d36ed13ef2dfdf,small_density,small,density,WIN_small_68d36ed13ef2dfdf,MG1655,2529600,2532800,2531200,3200,0.018933634460130896,1.7010331648997938,True,True,False
small_density_WIN_small_e654b4abcd25c228,small_density,small,density,WIN_small_e654b4abcd25c228,MG1655,3600000,3603200,3601600,3200,0.0189573459715639,1.722222463969732,True,True,False
small_density_WIN_small_03057b3ff37bd1f0,small_density,small,density,WIN_small_03057b3ff37bd1f0,MG1655,3735200,3738400,3736800,3200,0.019379192701668994,1.680829778811507,True,True,False
small_density_WIN_small_2164f549b8c81430,small_density,small,density,WIN_small_2164f549b8c81430,MG1655,1141600,1144800,1143200,3200,0.019425499082387783,1.7010331648997938,True,True,False
small_density_WIN_small_17b2e01c96a9db67,small_density,small,density,WIN_small_17b2e01c96a9db67,MG1655,3965600,3968800,3967200,3200,0.019814734559589372,1.66152462361612,True,True,False
small_density_WIN_small_cc4d9b2d73e0a0cb,small_density,small,density,WIN_small_cc4d9b2d73e0a0cb,MG1655,3349600,3352800,3351200,3200,0.0199052132701421,1.7010331648997938,True,True,False
small_density_WIN_small_1bf0ab103a1dc51d,small_density,small,density,WIN_small_1bf0ab103a1dc51d,MG1655,4466000,4469200,4467600,3200,0.02050550488415531,1.6082791116628947,True,True,False
small_density_WIN_small_3d703a472413ebf0,small_density,small,density,WIN_small_3d703a472413ebf0,MG1655,1150800,1154000,1152400,3200,0.02083152699131358,1.66152462361612,True,True,False
small_density_WIN_small_8cdff38f51c100de,small_density,small,density,WIN_small_8cdff38f51c100de,MG1655,3054800,3058000,3056400,3200,0.02083152699131358,1.66152462361612,True,True,False
small_density_WIN_small_50ad503e2bca10f0,small_density,small,density,WIN_small_50ad503e2bca10f0,MG1655,1797600,1800800,1799200,3200,0.0212795680764394,1.643041217922107,True,True,False
small_density_WIN_small_8104b7cc1e500403,small_density,small,density,WIN_small_8104b7cc1e500403,MG1655,103600,106800,105200,3200,0.02132174763829754,1.66152462361612,True,True,False
small_density_WIN_small_da2472400aadad4b,small_density,small,density,WIN_small_da2472400aadad4b,MG1655,1991600,1994800,1993200,3200,0.02132174763829754,1.66152462361612,True,True,False
small_density_WIN_small_b94cdc2653dfa5a9,small_density,small,density,WIN_small_b94cdc2653dfa5a9,MG1655,3986400,3989600,3988000,3200,0.02132174763829754,1.66152462361612,True,True,False
small_density_WIN_small_876125231a6d8e73,small_density,small,density,WIN_small_876125231a6d8e73,MG1655,3934000,3937200,3935600,3200,0.021718368222539447,1.6253124509616752,True,True,False
small_density_WIN_small_54c2dc2743ae7133,small_density,small,density,WIN_small_54c2dc2743ae7133,MG1655,88000,91200,89600,3200,0.0218009478672985,1.66152462361612,True,True,False
small_density_WIN_small_cb9f4339051be509,small_density,small,density,WIN_small_cb9f4339051be509,MG1655,3546000,3549200,3547600,3200,0.02214847667402442,1.6082791116628947,True,True,False
small_density_WIN_small_bf98a6b237d026cc,small_density,small,density,WIN_small_bf98a6b237d026cc,MG1655,3705600,3708800,3707200,3200,0.022269839098522634,1.643041217922107,True,True,False
small_density_WIN_small_4a3c8b4ee9d27e1c,small_density,small,density,WIN_small_4a3c8b4ee9d27e1c,MG1655,3276400,3279600,3278000,3200,0.02257039033135662,1.5918886954747253,True,True,False
small_density_WIN_small_7c7aa272e992fb37,small_density,small,density,WIN_small_7c7aa272e992fb37,MG1655,3920400,3923600,3922000,3200,0.02266968861251442,1.6082791116628947,True,True,False
small_density_WIN_small_e19c2a0a76a0bd63,small_density,small,density,WIN_small_e19c2a0a76a0bd63,MG1655,1158000,1161200,1159600,3200,0.022729059352192906,1.6253124509616752,True,True,False
small_density_WIN_small_db63073fda7a32fc,small_density,small,density,WIN_small_db63073fda7a32fc,MG1655,1296800,1300000,1298400,3200,0.022729059352192906,1.6253124509616752,True,True,True
small_density_WIN_small_d800c25b4ba41ebd,small_density,small,density,WIN_small_d800c25b4ba41ebd,MG1655,2720000,2723200,2721600,3200,0.022729059352192906,1.6253124509616752,True,True,False
small_density_WIN_small_fb830be03241bf0f,small_density,small,density,WIN_small_fb830be03241bf0f,MG1655,3306000,3309200,3307600,3200,0.022729059352192906,1.6253124509616752,True,True,False
small_density_WIN_small_1985680bead99726,small_density,small,density,WIN_small_1985680bead99726,MG1655,3266400,3269600,3268000,3200,0.0227488151658767,1.643041217922107,True,True,False
small_density_WIN_small_be8d173b363b7a02,small_density,small,density,WIN_small_be8d173b363b7a02,MG1655,1256800,1260000,1258400,3200,0.023179183432488044,1.6082791116628947,True,True,False
small_density_WIN_small_8b7729c76d110bbf,small_density,small,density,WIN_small_8b7729c76d110bbf,MG1655,3175200,3178400,3176800,3200,0.02321791225386891,1.6253124509616752,True,True,False
small_density_WIN_small_73b24ac904d73611,small_density,small,density,WIN_small_73b24ac904d73611,MG1655,3323200,3326400,3324800,3200,0.02321791225386891,1.6253124509616752,True,True,False
small_density_WIN_small_315eb5089a882612,small_density,small,density,WIN_small_315eb5089a882612,MG1655,4399600,4402800,4401200,3200,0.02321791225386891,1.6253124509616752,True,True,False
small_density_WIN_small_1f0443971f8ceafc,small_density,small,density,WIN_small_1f0443971f8ceafc,MG1655,985600,988800,987200,3200,0.023620731363748003,1.5918886954747253,True,True,False
small_density_WIN_small_ce07f915d1122182,small_density,small,density,WIN_small_ce07f915d1122182,MG1655,2916800,2920000,2918400,3200,0.023791280375376478,1.54613120491405,True,True,False
small_density_WIN_small_045f11520ecf5749,small_density,small,density,WIN_small_045f11520ecf5749,MG1655,3261200,3264400,3262800,3200,0.024054175432131716,1.5760944282914935,True,True,False
small_density_WIN_small_2c51d24f72533aac,small_density,small,density,WIN_small_2c51d24f72533aac,MG1655,90000,93200,91600,3200,0.0241659692587335,1.6082791116628947,True,True,False
small_density_WIN_small_1275a2024481ef21,small_density,small,density,WIN_small_1275a2024481ef21,MG1655,198800,202000,200400,3200,0.0241659692587335,1.6082791116628947,True,True,False
small_density_WIN_small_80799b5aeb1f12a5,small_density,small,density,WIN_small_80799b5aeb1f12a5,MG1655,3531200,3534400,3532800,3200,0.0241659692587335,1.6082791116628947,True,True,False
small_density_WIN_small_da0c80a6b2988a39,small_density,small,density,WIN_small_da0c80a6b2988a39,MG1655,4021600,4024800,4023200,3200,0.0241659692587335,1.6082791116628947,True,True,False
small_density_WIN_small_c75e78eafd33e45d,small_density,small,density,WIN_small_c75e78eafd33e45d,MG1655,3638000,3641200,3639600,3200,0.02462631479955742,1.5918886954747253,True,True,False
small_density_WIN_small_f3e7d7005d86996e,small_density,small,density,WIN_small_f3e7d7005d86996e,MG1655,2260800,2264000,2262400,3200,0.024898437036139635,1.54613120491405,True,True,False
small_density_WIN_small_a364a45254a2ee7c,small_density,small,density,WIN_small_a364a45254a2ee7c,MG1655,200400,203600,202000,3200,0.025114011942164418,1.5918886954747253,True,True,False
small_density_WIN_small_4092ee8a8c7f6563,small_density,small,density,WIN_small_4092ee8a8c7f6563,MG1655,2139200,2142400,2140800,3200,0.025114011942164418,1.5918886954747253,True,True,False
small_density_WIN_small_38789331dc03103a,small_density,small,density,WIN_small_38789331dc03103a,MG1655,3072000,3075200,3073600,3200,0.025114011942164418,1.5918886954747253,True,True,False
small_density_WIN_small_57711c0e4bac63a0,small_density,small,density,WIN_small_57711c0e4bac63a0,MG1655,1906800,1910000,1908400,3200,0.025522108090684777,1.5608544617347566,True,True,False
small_density_WIN_small_eecfcf10f1bfd6e0,small_density,small,density,WIN_small_eecfcf10f1bfd6e0,MG1655,2825600,2828800,2827200,3200,0.02557485793977631,1.5760944282914935,True,True,False
small_density_WIN_small_ebab66b6453f275d,small_density,small,density,WIN_small_ebab66b6453f275d,MG1655,2439200,2442400,2440800,3200,0.0255924170616113,1.5918886954747253,True,True,False
small_density_WIN_small_332abba9b7a80454,small_density,small,density,WIN_small_332abba9b7a80454,MG1655,4401600,4404800,4403200,3200,0.0255924170616113,1.5918886954747253,True,True,False
small_density_WIN_small_d5c8537017226859,small_density,small,density,WIN_small_d5c8537017226859,MG1655,1397200,1400400,1398800,3200,0.02606204186704736,1.5760944282914935,True,True,False
small_density_WIN_small_6700b0fb6d461b61,small_density,small,density,WIN_small_6700b0fb6d461b61,MG1655,1990000,1993200,1991600,3200,0.02606204186704736,1.5760944282914935,True,True,False
small_density_WIN_small_e6046c75bd92a1ed,small_density,small,density,WIN_small_e6046c75bd92a1ed,MG1655,2528000,2531200,2529600,3200,0.026523352757598453,1.5608544617347566,True,True,False
small_density_WIN_small_8944f47b78080fcf,small_density,small,density,WIN_small_8944f47b78080fcf,MG1655,4268800,4272000,4270400,3200,0.026523352757598453,1.5608544617347566,True,True,False
small_density_WIN_small_01364aa0a300ed65,small_density,small,density,WIN_small_01364aa0a300ed65,MG1655,1900000,1903200,1901600,3200,0.026910084486404456,1.5318907657994398,True,True,False
small_density_WIN_small_2ecd3d04842ad952,small_density,small,density,WIN_small_2ecd3d04842ad952,MG1655,3988000,3991200,3989600,3200,0.027010060376824584,1.5608544617347566,True,True,False
small_density_WIN_small_1519da98e6273764,small_density,small,density,WIN_small_1519da98e6273764,MG1655,3641200,3644400,3642800,3200,0.027422703585761883,1.5318907657994398,True,True,False
small_density_WIN_small_347a59ebbcf4b94e,small_density,small,density,WIN_small_347a59ebbcf4b94e,MG1655,2640000,2643200,2641600,3200,0.02747180425817896,1.54613120491405,True,True,False
small_density_WIN_small_43b0e4e4e5608464,small_density,small,density,WIN_small_43b0e4e4e5608464,MG1655,3041600,3044800,3043200,3200,0.02747180425817896,1.54613120491405,True,True,False
small_density_WIN_small_7abe51109e40d40d,small_density,small,density,WIN_small_7abe51109e40d40d,MG1655,4414800,4418000,4416400,3200,0.02747180425817896,1.54613120491405,True,True,False
small_density_WIN_small_91687fe9754daed2,small_density,small,density,WIN_small_91687fe9754daed2,MG1655,3483600,3486800,3485200,3200,0.0274881516587677,1.5608544617347566,True,True,False
small_density_WIN_small_5debe0087248064d,small_density,small,density,WIN_small_5debe0087248064d,MG1655,3801200,3804400,3802800,3200,0.027634843103532154,1.4917735425914573,True,True,False
small_density_WIN_small_143fe6ef4fce6286,small_density,small,density,WIN_small_143fe6ef4fce6286,MG1655,429600,432800,431200,3200,0.027958068632706327,1.54613120491405,True,True,False
small_density_WIN_small_c6360e5f2e88b79f,small_density,small,density,WIN_small_c6360e5f2e88b79f,MG1655,2736800,2740000,2738400,3200,0.0284360189573459,1.54613120491405,True,True,False
small_density_WIN_small_1447d1c18a950bdd,small_density,small,density,WIN_small_1447d1c18a950bdd,MG1655,2269600,2272800,2271200,3200,0.028718971388707257,1.4917735425914573,True,True,False
small_density_WIN_small_256b5dc2f7859e9c,small_density,small,density,WIN_small_256b5dc2f7859e9c,MG1655,427600,430800,429200,3200,0.028906067643558044,1.5318907657994398,True,True,False
small_density_WIN_small_283bd5222d65bd55,small_density,small,density,WIN_small_283bd5222d65bd55,MG1655,1293600,1296800,1295200,3200,0.028906067643558044,1.5318907657994398,True,True,False
small_density_WIN_small_cfd73dc48447ec94,small_density,small,density,WIN_small_cfd73dc48447ec94,MG1655,1922400,1925600,1924000,3200,0.028906067643558044,1.5318907657994398,True,True,False
small_density_WIN_small_42c0ff38034d9318,small_density,small,density,WIN_small_42c0ff38034d9318,MG1655,3344800,3348000,3346400,3200,0.028906067643558044,1.5318907657994398,True,True,False
small_density_WIN_small_12206bf484c96eac,small_density,small,density,WIN_small_12206bf484c96eac,MG1655,1904800,1908000,1906400,3200,0.029138248623581723,1.4791844152834368,True,True,False
small_density_WIN_small_4764c9f3f38706d1,small_density,small,density,WIN_small_4764c9f3f38706d1,MG1655,2722400,2725600,2724000,3200,0.029138248623581723,1.4791844152834368,True,True,False
small_density_WIN_small_27ed462432bad4b2,small_density,small,density,WIN_small_27ed462432bad4b2,MG1655,2103200,2106400,2104800,3200,0.029399170463072576,1.4550507355667173,True,True,False
small_density_WIN_small_81e9b584b7c6ed32,small_density,small,density,WIN_small_81e9b584b7c6ed32,MG1655,1338800,1342000,1340400,3200,0.030272453881841282,1.4917735425914573,True,True,False
small_density_WIN_small_9cb1b3c50a6cc10f,small_density,small,density,WIN_small_9cb1b3c50a6cc10f,MG1655,3883600,3886800,3885200,3200,0.030272453881841282,1.4917735425914573,True,True,False
small_density_WIN_small_daf7f1cf5ef0e616,small_density,small,density,WIN_small_daf7f1cf5ef0e616,MG1655,3707200,3710400,3708800,3200,0.030714410892928177,1.4791844152834368,True,True,False
small_density_WIN_small_8ee456030b95a3dd,small_density,small,density,WIN_small_8ee456030b95a3dd,MG1655,4017200,4020400,4018800,3200,0.030772858920849078,1.4917735425914573,True,True,False
small_density_WIN_small_11bbba4fdefd6731,small_density,small,density,WIN_small_11bbba4fdefd6731,MG1655,4075200,4078400,4076800,3200,0.030772858920849078,1.4917735425914573,True,True,False
small_density_WIN_small_a14d08ddf8044c68,small_density,small,density,WIN_small_a14d08ddf8044c68,MG1655,4185600,4188800,4187200,3200,0.0310489845576477,1.4550507355667173,True,True,False
small_density_WIN_small_dbacf2407f203627,small_density,small,density,WIN_small_dbacf2407f203627,MG1655,3914000,3917200,3915600,3200,0.031150098057165777,1.466949958866425,True,True,False
small_density_WIN_small_34cdcecae1fdf402,small_density,small,density,WIN_small_34cdcecae1fdf402,MG1655,3534400,3537600,3536000,3200,0.0312796208530805,1.504738519755825,True,True,False
small_density_WIN_small_131588de2b56c487,small_density,small,density,WIN_small_131588de2b56c487,MG1655,4080400,4083600,4082000,3200,0.03157977487954056,1.4550507355667173,True,True,False
small_density_WIN_small_6e4be1fd3980ae3e,small_density,small,density,WIN_small_6e4be1fd3980ae3e,MG1655,3050800,3054000,3052400,3200,0.0316650105942939,1.466949958866425,True,True,False
small_density_WIN_small_1186bd4d8fc24dbb,small_density,small,density,WIN_small_1186bd4d8fc24dbb,MG1655,4116000,4119200,4117600,3200,0.0322274881516587,1.4917735425914573,True,True,False
small_density_WIN_small_3897b652cefa9f4b,small_density,small,density,WIN_small_3897b652cefa9f4b,MG1655,3321600,3324800,3323200,3200,0.03261545124945065,1.4550507355667173,True,True,False
small_density_WIN_small_cf3dedf49e94ebe0,small_density,small,density,WIN_small_cf3dedf49e94ebe0,MG1655,630000,633200,631600,3200,0.03269798731878731,1.4791844152834368,True,True,False
small_density_WIN_small_7e2f8ec9919821da,small_density,small,density,WIN_small_7e2f8ec9919821da,MG1655,3598400,3601600,3600000,3200,0.03269798731878731,1.4791844152834368,True,True,False
small_density_WIN_small_974862bec5f1a0c3,small_density,small,density,WIN_small_974862bec5f1a0c3,MG1655,3326400,3329600,3328000,3200,0.03305326213111404,1.4434688630169021,True,True,False
small_density_WIN_small_b3a6f35a8c1ad39a,small_density,small,density,WIN_small_b3a6f35a8c1ad39a,MG1655,4379200,4382400,4380800,3200,0.03337785187044355,1.4211924683057497,True,True,False
small_density_WIN_small_10e79367677e6a4d,small_density,small,density,WIN_small_10e79367677e6a4d,MG1655,4176400,4179600,4178000,3200,0.033565746368958746,1.4434688630169021,True,True,True
small_density_WIN_small_3f079494be9b0ca7,small_density,small,density,WIN_small_3f079494be9b0ca7,MG1655,937200,940400,938800,3200,0.033619237632167134,1.4550507355667173,True,True,False
small_density_WIN_small_b3b3ef9a9a40b359,small_density,small,density,WIN_small_b3b3ef9a9a40b359,MG1655,3804400,3807600,3806000,3200,0.03364595137307832,1.4000031692358117,True,True,False
small_density_WIN_small_811144263eda5ec3,small_density,small,density,WIN_small_811144263eda5ec3,MG1655,2106800,2110000,2108400,3200,0.03404414217264064,1.3897840040541256,True,True,False
small_density_WIN_small_99c416b122e9cd4e,small_density,small,density,WIN_small_99c416b122e9cd4e,MG1655,3866000,3869200,3867600,3200,0.034070522759452875,1.4434688630169021,True,True,False
small_density_WIN_small_e51cd8c989720db7,small_density,small,density,WIN_small_e51cd8c989720db7,MG1655,4082000,4085200,4083600,3200,0.034070522759452875,1.4434688630169021,True,True,False
small_density_WIN_small_cca1b97cf7b3d2f1,small_density,small,density,WIN_small_cca1b97cf7b3d2f1,MG1655,3862800,3866000,3864400,3200,0.03451590797352244,1.432187852607213,True,True,False
small_density_WIN_small_46ef2936459ac11a,small_density,small,density,WIN_small_46ef2936459ac11a,MG1655,195600,198800,197200,3200,0.03456792896456955,1.4434688630169021,True,True,False
small_density_WIN_small_174699799ba3bdde,small_density,small,density,WIN_small_174699799ba3bdde,MG1655,120400,123600,122000,3200,0.03485265651346009,1.3072491159989128,True,True,False
small_density_WIN_small_1578de952e16d1ed,small_density,small,density,WIN_small_1578de952e16d1ed,MG1655,102000,105200,103600,3200,0.035058278689870895,1.4434688630169021,True,True,False
small_density_WIN_small_3a7994991a80791c,small_density,small,density,WIN_small_3a7994991a80791c,MG1655,460800,464000,462400,3200,0.035058278689870895,1.4434688630169021,True,True,False
small_density_WIN_small_22a87eae65b517c5,small_density,small,density,WIN_small_22a87eae65b517c5,MG1655,3631600,3634800,3633200,3200,0.03573095132695872,1.3330563796051984,True,True,False
small_density_WIN_small_43b8c24f44bfc48c,small_density,small,density,WIN_small_43b8c24f44bfc48c,MG1655,2257600,2260800,2259200,3200,0.03600648324781525,1.432187852607213,True,True,False
small_density_WIN_small_f9662cfcbdc397dd,small_density,small,density,WIN_small_f9662cfcbdc397dd,MG1655,1143600,1146800,1145200,3200,0.03641587244037633,1.4104686029139766,True,True,False
small_density_WIN_small_0f1ff37a3aaadfda,small_density,small,density,WIN_small_0f1ff37a3aaadfda,MG1655,4252800,4256000,4254400,3200,0.03648981337425616,1.432187852607213,True,True,False
small_density_WIN_small_d973b14dfba0f8e3,small_density,small,density,WIN_small_d973b14dfba0f8e3,MG1655,2104800,2108000,2106400,3200,0.03671074261807972,1.324282455297693,True,True,False
small_density_WIN_small_4540acba4b0948ea,small_density,small,density,WIN_small_4540acba4b0948ea,MG1655,934400,937600,936000,3200,0.0369546705016453,1.4211924683057497,True,True,False
small_density_WIN_small_1e224b860da21373,small_density,small,density,WIN_small_1e224b860da21373,MG1655,2753200,2756400,2754800,3200,0.0369668246445497,1.432187852607213,True,True,False
small_density_WIN_small_1fd06bd91bd013a2,small_density,small,density,WIN_small_1fd06bd91bd013a2,MG1655,2990400,2993600,2992000,3200,0.03743775859361415,1.3072491159989128,True,True,False
small_density_WIN_small_454fbf16d607c3a7,small_density,small,density,WIN_small_454fbf16d607c3a7,MG1655,91600,94800,93200,3200,0.03743775859361416,1.4211924683057497,True,True,False
small_density_WIN_small_34f5e06adcd6edc4,small_density,small,density,WIN_small_34f5e06adcd6edc4,MG1655,932400,935600,934000,3200,0.03743775859361416,1.4211924683057497,True,True,False
small_density_WIN_small_4a4e49bd5183f65a,small_density,small,density,WIN_small_4a4e49bd5183f65a,MG1655,3882000,3885200,3883600,3200,0.03790284175001359,1.4104686029139766,True,True,False
small_density_WIN_small_70722f5adf5434b8,small_density,small,density,WIN_small_70722f5adf5434b8,MG1655,4024800,4028000,4026400,3200,0.03790284175001359,1.4104686029139766,True,True,False
small_density_WIN_small_ddd721fb6b387e95,small_density,small,density,WIN_small_ddd721fb6b387e95,MG1655,3012800,3016000,3014400,3200,0.03831541787944589,1.3897840040541256,True,True,False
small_density_WIN_small_2c12872cb227d3f7,small_density,small,density,WIN_small_2c12872cb227d3f7,MG1655,3448000,3451200,3449600,3200,0.038385699964581146,1.4104686029139766,True,True,False
small_density_WIN_small_146833a5202494df,small_density,small,density,WIN_small_146833a5202494df,MG1655,4404800,4408000,4406400,3200,0.038385699964581146,1.4104686029139766,True,True,False
small_density_WIN_small_06be27e6fd465cf5,small_density,small,density,WIN_small_06be27e6fd465cf5,MG1655,3431200,3434400,3432800,3200,0.03885099816477567,1.4000031692358117,True,True,False
small_density_WIN_small_cdd006b73b7bfb4b,small_density,small,density,WIN_small_cdd006b73b7bfb4b,MG1655,3782000,3785200,3783600,3200,0.0388625592417061,1.4104686029139766,True,True,False
small_density_WIN_small_403740e5b82de38e,small_density,small,density,WIN_small_403740e5b82de38e,MG1655,3793600,3796800,3795200,3200,0.0388625592417061,1.4104686029139766,True,True,False
small_density_WIN_small_9b362680032a7e67,small_density,small,density,WIN_small_9b362680032a7e67,MG1655,3989600,3992800,3991200,3200,0.03931078929540794,1.3897840040541256,True,True,False
small_density_WIN_small_0471e9f84a661a23,small_density,small,density,WIN_small_0471e9f84a661a23,MG1655,3044400,3047600,3046000,3200,0.03952731651562656,1.3511546016979945,True,True,False
small_density_WIN_small_6dfdb087885f8686,small_density,small,density,WIN_small_6dfdb087885f8686,MG1655,2866400,2869600,2868000,3200,0.039799140806098546,1.3897840040541256,True,True,False
small_density_WIN_small_910857da12e47e01,small_density,small,density,WIN_small_910857da12e47e01,MG1655,3309200,3312400,3310800,3200,0.039799140806098546,1.3897840040541256,True,True,False
small_density_WIN_small_999ca3eb59d12d75,small_density,small,density,WIN_small_999ca3eb59d12d75,MG1655,3068800,3072000,3070400,3200,0.040481813277843774,1.3420112222581249,True,True,False
small_density_WIN_small_f148b67049637276,small_density,small,density,WIN_small_f148b67049637276,MG1655,3935600,3938800,3937200,3200,0.040481813277843774,1.3420112222581249,True,True,False
small_density_WIN_small_b8df259c5c145edd,small_density,small,density,WIN_small_b8df259c5c145edd,MG1655,2042400,2045600,2044000,3200,0.04058156327698126,1.3511546016979945,True,True,False
small_density_WIN_small_2586aa7b83d0196a,small_density,small,density,WIN_small_2586aa7b83d0196a,MG1655,3376000,3379200,3377600,3200,0.0407582938388625,1.3897840040541256,True,True,False
small_density_WIN_small_ee571ab9c09898da,small_density,small,density,WIN_small_ee571ab9c09898da,MG1655,922000,925200,923600,3200,0.04143600567657699,1.3330563796051984,True,True,False
small_density_WIN_small_cfd90d75d9cdb425,small_density,small,density,WIN_small_cfd90d75d9cdb425,MG1655,3799600,3802800,3801200,3200,0.04146851725919872,1.2598244660707745,True,False,False
small_density_WIN_small_8f772a0a4ba19e63,small_density,small,density,WIN_small_8f772a0a4ba19e63,MG1655,3967200,3970400,3968800,3200,0.0419638741633718,1.3330563796051984,True,True,False
small_density_WIN_small_8fb727f1bd4093c7,small_density,small,density,WIN_small_8fb727f1bd4093c7,MG1655,4220000,4223200,4221600,3200,0.0421774321540985,1.282889770139468,True,False,False
small_density_WIN_small_d0e22150fdb482d5,small_density,small,density,WIN_small_d0e22150fdb482d5,MG1655,1806800,1810000,1808400,3200,0.042685612319232936,1.3072491159989128,True,True,False
small_density_WIN_small_dc73631a06c29418,small_density,small,density,WIN_small_dc73631a06c29418,MG1655,182400,185600,184000,3200,0.04319821370656236,1.1971776569328854,False,True,False
small_density_WIN_small_1b4274ba9f547492,small_density,small,density,WIN_small_1b4274ba9f547492,MG1655,3173600,3176800,3175200,3200,0.04334355778264895,1.3156822835357755,True,True,False
small_density_WIN_small_548b4f286398b432,small_density,small,density,WIN_small_548b4f286398b432,MG1655,4398000,4401200,4399600,3200,0.04343673644507899,1.324282455297693,True,True,False
small_density_WIN_small_bb3387718e8e2306,small_density,small,density,WIN_small_bb3387718e8e2306,MG1655,4256800,4260000,4258400,3200,0.04350907077735919,1.3330563796051984,True,True,False
small_density_WIN_small_a1bce5d5e3f20700,small_density,small,density,WIN_small_a1bce5d5e3f20700,MG1655,3515200,3518400,3516800,3200,0.043591591611628074,1.3511546016979945,True,True,False
small_density_WIN_small_058ccc12882da731,small_density,small,density,WIN_small_058ccc12882da731,MG1655,1196800,1200000,1198400,3200,0.04379721346785936,1.2379226246229447,True,False,False
small_density_WIN_small_d0a779be399b3e8c,small_density,small,density,WIN_small_d0a779be399b3e8c,MG1655,4184000,4187200,4185600,3200,0.04418525884666028,1.2989765900329229,False,True,False
small_density_WIN_small_0c3ee184a47f43c8,small_density,small,density,WIN_small_0c3ee184a47f43c8,MG1655,952800,956000,954400,3200,0.04421574896565151,1.2170724856498245,True,False,False
small_density_WIN_small_5b77cad4c536ee4b,small_density,small,density,WIN_small_5b77cad4c536ee4b,MG1655,2745600,2748800,2747200,3200,0.04438813070698799,1.3156822835357755,True,True,False
small_density_WIN_small_aa1ae15cce515e21,small_density,small,density,WIN_small_aa1ae15cce515e21,MG1655,1140000,1143200,1141600,3200,0.0445497630331753,1.3511546016979945,True,True,False
small_density_WIN_small_4e965069fa14b568,small_density,small,density,WIN_small_4e965069fa14b568,MG1655,3738400,3741600,3740000,3200,0.0445497630331753,1.3511546016979945,True,True,False
small_density_WIN_small_e3fb416d7211bd54,small_density,small,density,WIN_small_e3fb416d7211bd54,MG1655,3471200,3474400,3472800,3200,0.045458118704385916,1.324282455297693,True,True,False
small_density_WIN_small_876651001f4517d3,small_density,small,density,WIN_small_876651001f4517d3,MG1655,2707200,2710400,2708800,3200,0.045675009680215144,1.2908586998107434,True,False,False
small_density_WIN_small_26040cd39570c5b6,small_density,small,density,WIN_small_26040cd39570c5b6,MG1655,4254400,4257600,4256000,3200,0.04643582450773792,1.324282455297693,True,True,False
small_density_WIN_small_351f33f47d7aa781,small_density,small,density,WIN_small_351f33f47d7aa781,MG1655,1147600,1150800,1149200,3200,0.046897883893281395,1.3156822835357755,True,True,False
small_density_WIN_small_09880233ea3ff346,small_density,small,density,WIN_small_09880233ea3ff346,MG1655,3429600,3432800,3431200,3200,0.04735543505894514,1.3072491159989128,True,True,False
small_density_WIN_small_b183d8397bc66788,small_density,small,density,WIN_small_b183d8397bc66788,MG1655,4172800,4176000,4174400,3200,0.04758256075075306,1.2239119101801301,True,False,False
small_density_WIN_small_636726740420b9ed,small_density,small,density,WIN_small_636726740420b9ed,MG1655,2518000,2521200,2519600,3200,0.04797744354443128,1.2379226246229447,True,False,False
small_density_WIN_small_905f683757938939,small_density,small,density,WIN_small_905f683757938939,MG1655,4187200,4190400,4188800,3200,0.04819231779672473,1.282889770139468,False,True,False
small_density_WIN_small_2ec7a54792f12e51,small_density,small,density,WIN_small_2ec7a54792f12e51,MG1655,4370400,4373600,4372000,3200,0.0483319385174671,1.3072491159989128,True,True,False
small_density_WIN_small_b074547972393b26,small_density,small,density,WIN_small_b074547972393b26,MG1655,2638400,2641600,2640000,3200,0.04854524370540991,1.2379226246229447,False,True,False
small_density_WIN_small_30d65a03c76f402e,small_density,small,density,WIN_small_30d65a03c76f402e,MG1655,3320000,3323200,3321600,3200,0.04894153798455193,1.230860770135458,True,False,False
small_shape_WIN_small_7755745f1f34005f,small_shape,small,shape,WIN_small_7755745f1f34005f,MG1655,732800,736000,734400,3200,0.0009478672985781,3.0232524596337567,True,True,True
small_shape_WIN_small_e7a86d1f4b72ea53,small_shape,small,shape,WIN_small_e7a86d1f4b72ea53,MG1655,1301200,1304400,1302800,3200,0.0009478672985781,3.0232524596337567,True,True,False
small_shape_WIN_small_9d0ce6b7983936ba,small_shape,small,shape,WIN_small_9d0ce6b7983936ba,MG1655,3764800,3768000,3766400,3200,0.0009478672985781,3.0232524596337567,True,True,True
small_shape_WIN_small_5b0cd00d6d49141a,small_shape,small,shape,WIN_small_5b0cd00d6d49141a,MG1655,4366000,4369200,4367600,3200,0.0009478672985781,3.0232524596337567,True,True,False
small_shape_WIN_small_08e983931f487aac,small_shape,small,shape,WIN_small_08e983931f487aac,MG1655,525600,528800,527200,3200,0.0013404867889791324,2.7222224639697528,True,True,True
small_shape_WIN_small_687d342b0fe20f78,small_shape,small,shape,WIN_small_687d342b0fe20f78,MG1655,1206800,1210000,1208400,3200,0.0013404867889791324,2.7222224639697528,True,True,False
small_shape_WIN_small_e38100101a92cbc1,small_shape,small,shape,WIN_small_e38100101a92cbc1,MG1655,2061600,2064800,2063200,3200,0.0018957345971563,2.7222224639697528,True,True,False
small_shape_WIN_small_9921680e39d7e4d7,small_shape,small,shape,WIN_small_9921680e39d7e4d7,MG1655,964000,967200,965600,3200,0.002321791225386758,2.245101209250075,True,True,False
small_shape_WIN_small_3f321f8974318292,small_shape,small,shape,WIN_small_3f321f8974318292,MG1655,2407600,2410800,2409200,3200,0.002321791225386758,2.245101209250075,True,True,False
small_shape_WIN_small_2e9842a77308c4a9,small_shape,small,shape,WIN_small_2e9842a77308c4a9,MG1655,1137600,1140800,1139200,3200,0.002843601895734433,2.0690099501943915,True,True,False
small_shape_WIN_small_de0cd8d8e67c60f2,small_shape,small,shape,WIN_small_de0cd8d8e67c60f2,MG1655,1161200,1164400,1162800,3200,0.002843601895734433,2.0690099501943915,True,True,False
small_shape_WIN_small_c491605cffc495b3,small_shape,small,shape,WIN_small_c491605cffc495b3,MG1655,1720800,1724000,1722400,3200,0.002843601895734433,2.0690099501943915,True,True,False
small_shape_WIN_small_5648f44128c40998,small_shape,small,shape,WIN_small_5648f44128c40998,MG1655,1847600,1850800,1849200,3200,0.0036710742618077754,1.847161200578033,True,True,False
small_shape_WIN_small_465d10fe1c310eb7,small_shape,small,shape,WIN_small_465d10fe1c310eb7,MG1655,1942800,1946000,1944400,3200,0.0036710742618078786,2.3242824552977015,True,True,False
small_shape_WIN_small_d9f48ebec2d5b6c6,small_shape,small,shape,WIN_small_d9f48ebec2d5b6c6,MG1655,4342000,4345200,4343600,3200,0.0036710742618078786,2.3242824552977015,True,True,False
small_shape_WIN_small_69f378fc65c51c2e,small_shape,small,shape,WIN_small_69f378fc65c51c2e,MG1655,448400,451600,450000,3200,0.003791469194312675,2.1201624726417734,True,True,False
small_shape_WIN_small_3078d21d6980657b,small_shape,small,shape,WIN_small_3078d21d6980657b,MG1655,1501200,1504400,1502800,3200,0.00444589171547231,1.9818597744754902,True,True,False
small_shape_WIN_small_78a22d652b4b7295,small_shape,small,shape,WIN_small_78a22d652b4b7295,MG1655,1106800,1110000,1108400,3200,0.004545811870438351,1.66152462361612,True,True,False
small_shape_WIN_small_6ea83beb31f28fa5,small_shape,small,shape,WIN_small_6ea83beb31f28fa5,MG1655,2319600,2322800,2321200,3200,0.005191683009527363,1.54613120491405,True,True,False
small_shape_WIN_small_41db40a42c371690,small_shape,small,shape,WIN_small_41db40a42c371690,MG1655,880400,883600,882000,3200,0.005191683009527546,2.245101209250075,True,True,False
small_shape_WIN_small_452ec069fbc315d3,small_shape,small,shape,WIN_small_452ec069fbc315d3,MG1655,3567600,3570800,3569200,3200,0.005191683009527546,2.245101209250075,True,True,False
small_shape_WIN_small_50b4106b82f49d4b,small_shape,small,shape,WIN_small_50b4106b82f49d4b,MG1655,1877200,1880400,1878800,3200,0.005445083077287114,1.9818597744754902,True,True,False
small_shape_WIN_small_9dd48531fc037c84,small_shape,small,shape,WIN_small_9dd48531fc037c84,MG1655,2060000,2063200,2061600,3200,0.005526968620706289,1.7928035382554397,True,True,False
small_shape_WIN_small_ba5b6e6d790ca92a,small_shape,small,shape,WIN_small_ba5b6e6d790ca92a,MG1655,2546800,2550000,2548400,3200,0.005607658562179635,2.1781544196194607,True,True,False
small_shape_WIN_small_579f841240675e74,small_shape,small,shape,WIN_small_579f841240675e74,MG1655,4031200,4034400,4032800,3200,0.006142882178585324,1.4000031692358117,True,True,False
small_shape_WIN_small_337ade292685f47a,small_shape,small,shape,WIN_small_337ade292685f47a,MG1655,1126400,1129600,1128000,3200,0.006358487139809701,1.847161200578033,True,True,False
small_shape_WIN_small_ea7f3d8a2dee81ea,small_shape,small,shape,WIN_small_ea7f3d8a2dee81ea,MG1655,2078000,2081200,2079600,3200,0.006428748799170693,1.66152462361612,True,True,False
small_shape_WIN_small_264f237bb36dd9fb,small_shape,small,shape,WIN_small_264f237bb36dd9fb,MG1655,3875200,3878400,3876800,3200,0.006428748799170693,1.66152462361612,True,True,False
small_shape_WIN_small_1fc5c9afe3919ca7,small_shape,small,shape,WIN_small_1fc5c9afe3919ca7,MG1655,174800,178000,176400,3200,0.006965373676160559,1.7679799545304076,True,True,False
small_shape_WIN_small_047ca442a0238e95,small_shape,small,shape,WIN_small_047ca442a0238e95,MG1655,3392400,3395600,3394000,3200,0.007093189358813046,1.8771244239554763,True,True,False
small_shape_WIN_small_6921f8a4f68672bf,small_shape,small,shape,WIN_small_6921f8a4f68672bf,MG1655,152400,155600,154000,3200,0.007342148523615854,1.94407121358609,True,True,False
small_shape_WIN_small_75be2d96f9f48f60,small_shape,small,shape,WIN_small_75be2d96f9f48f60,MG1655,2238400,2241600,2240000,3200,0.007463514572522842,1.5318907657994398,True,True,False
small_shape_WIN_small_5bebc985f37d34f6,small_shape,small,shape,WIN_small_5bebc985f37d34f6,MG1655,1704800,1708000,1706400,3200,0.007816313982213163,1.1907435469274754,False,True,False
small_shape_WIN_small_e5e90b5df93fe00e,small_shape,small,shape,WIN_small_e5e90b5df93fe00e,MG1655,2025600,2028800,2027200,3200,0.008042920733875206,1.466949958866425,True,True,False
small_shape_WIN_small_c47195ada6c207c8,small_shape,small,shape,WIN_small_c47195ada6c207c8,MG1655,1240400,1243600,1242000,3200,0.00815386281236246,1.4550507355667173,True,True,False
small_shape_WIN_small_725a0d423f727a3a,small_shape,small,shape,WIN_small_725a0d423f727a3a,MG1655,446800,450000,448400,3200,0.008208771599852392,1.847161200578033,True,True,False
small_shape_WIN_small_6cbccdc4b027ea9f,small_shape,small,shape,WIN_small_6cbccdc4b027ea9f,MG1655,4583600,4586800,4585200,3200,0.008263315532778306,1.4434688630169021,True,True,False
small_shape_WIN_small_b8075a58487df1bd,small_shape,small,shape,WIN_small_b8075a58487df1bd,MG1655,2784000,2787200,2785600,3200,0.008687347289015579,1.4000031692358117,True,True,False
small_shape_WIN_small_62e9940f6291a66a,small_shape,small,shape,WIN_small_62e9940f6291a66a,MG1655,331200,334400,332800,3200,0.0087901597113701,1.3897840040541256,True,True,False
small_shape_WIN_small_245abed6a762e826,small_shape,small,shape,WIN_small_245abed6a762e826,MG1655,1110800,1114000,1112400,3200,0.008891783430944425,1.078769787483543,False,True,False
small_shape_WIN_small_694b02ebc30fcd1b,small_shape,small,shape,WIN_small_694b02ebc30fcd1b,MG1655,928800,932000,930400,3200,0.009712749541193815,1.7010331648997938,True,True,False
small_shape_WIN_small_65b2983ab4e78dfd,small_shape,small,shape,WIN_small_65b2983ab4e78dfd,MG1655,1786800,1790000,1788400,3200,0.00994131609639945,1.9818597744754902,True,True,False
small_shape_WIN_small_8fcc130649820e9c,small_shape,small,shape,WIN_small_8fcc130649820e9c,MG1655,1135200,1138400,1136800,3200,0.00998640166147161,1.4550507355667173,True,True,False
small_shape_WIN_small_9111912a5bddd2da,small_shape,small,shape,WIN_small_9111912a5bddd2da,MG1655,2222000,2225200,2223600,3200,0.00998640166147161,1.4550507355667173,True,True,False
small_shape_WIN_small_d445c9f4fc217e45,small_shape,small,shape,WIN_small_d445c9f4fc217e45,MG1655,1014800,1018000,1016400,3200,0.010031284591713563,0.9740344369635299,False,True,False
small_shape_WIN_small_b9489368a2996a22,small_shape,small,shape,WIN_small_b9489368a2996a22,MG1655,1390400,1393600,1392000,3200,0.0104265402843601,1.9818597744754902,True,True,False
small_shape_WIN_small_f19a8c0cbcf93e4f,small_shape,small,shape,WIN_small_f19a8c0cbcf93e4f,MG1655,2648000,2651200,2649600,3200,0.010469536509181964,1.2379226246229447,True,False,False
small_shape_WIN_small_e7f485f43a77d04f,small_shape,small,shape,WIN_small_e7f485f43a77d04f,MG1655,1820400,1823600,1822000,3200,0.010807350000939606,1.9093091073268778,True,True,False
small_shape_WIN_small_a2b31baecdae3c98,small_shape,small,shape,WIN_small_a2b31baecdae3c98,MG1655,2623600,2626800,2625200,3200,0.010890166154574372,1.94407121358609,True,True,False
small_shape_WIN_small_fbb8c6290e63761a,small_shape,small,shape,WIN_small_fbb8c6290e63761a,MG1655,3724800,3728000,3726400,3200,0.011013222785423738,1.3700399458583683,True,True,False
small_shape_WIN_small_5d5814dd01885a4c,small_shape,small,shape,WIN_small_5d5814dd01885a4c,MG1655,1579600,1582800,1581200,3200,0.011053937241412602,1.1907435469274754,True,False,False
small_shape_WIN_small_45199d9230c56a30,small_shape,small,shape,WIN_small_45199d9230c56a30,MG1655,1618800,1622000,1620400,3200,0.011608956126934362,1.54613120491405,True,True,False
small_shape_WIN_small_263a1fefa0285091,small_shape,small,shape,WIN_small_263a1fefa0285091,MG1655,1120400,1123600,1122000,3200,0.011724470973320154,1.3156822835357755,True,True,False
small_shape_WIN_small_141d03198a2545d0,small_shape,small,shape,WIN_small_141d03198a2545d0,MG1655,1123200,1126400,1124800,3200,0.011762723835062317,1.680829778811507,True,True,False
small_shape_WIN_small_b5880ae31aa17999,small_shape,small,shape,WIN_small_b5880ae31aa17999,MG1655,870000,873200,871600,3200,0.012064381100812921,1.2908586998107434,True,False,False
small_shape_WIN_small_ede0581a54913cb5,small_shape,small,shape,WIN_small_ede0581a54913cb5,MG1655,464000,467200,465600,3200,0.012175575903947855,1.504738519755825,True,True,False
small_shape_WIN_small_8ff0f825f1effc9c,small_shape,small,shape,WIN_small_8ff0f825f1effc9c,MG1655,1880000,1883200,1881600,3200,0.0121755759039479,1.847161200578033,True,True,False
small_shape_WIN_small_3b6b1f89b85b61da,small_shape,small,shape,WIN_small_3b6b1f89b85b61da,MG1655,2033600,2036800,2035200,3200,0.012358677545407728,1.4917735425914573,True,True,False
small_shape_WIN_small_c1c627b64ddf19ef,small_shape,small,shape,WIN_small_c1c627b64ddf19ef,MG1655,166800,170000,168400,3200,0.012503228396466896,1.0837332070150931,True,False,False
small_shape_WIN_small_313c034a83cbd433,small_shape,small,shape,WIN_small_313c034a83cbd433,MG1655,2277600,2280800,2279200,3200,0.013337675146417104,1.203708524091843,True,False,False
small_shape_WIN_small_bb62354d03a8ec98,small_shape,small,shape,WIN_small_bb62354d03a8ec98,MG1655,3566000,3569200,3567600,3200,0.013337675146417245,1.7679799545304076,True,True,False
small_shape_WIN_small_82c3326405a1c651,small_shape,small,shape,WIN_small_82c3326405a1c651,MG1655,1911200,1914400,1912800,3200,0.013404867889792225,1.4211924683057497,True,True,False
small_shape_WIN_small_b1f2233d6cd45485,small_shape,small,shape,WIN_small_b1f2233d6cd45485,MG1655,173200,176400,174800,3200,0.01353825294510475,1.3156822835357755,True,True,False
small_shape_WIN_small_8ee13e0cc071706f,small_shape,small,shape,WIN_small_8ee13e0cc071706f,MG1655,3697600,3700800,3699200,3200,0.013768567816429565,0.6989700043360187,False,True,False
small_shape_WIN_small_db5281228f188a36,small_shape,small,shape,WIN_small_db5281228f188a36,MG1655,1679600,1682800,1681200,3200,0.01431248234174525,1.1424388673529202,True,False,False
small_shape_WIN_small_3237cee8d080f178,small_shape,small,shape,WIN_small_3237cee8d080f178,MG1655,1177200,1180400,1178800,3200,0.014499581555239897,1.1311578569432312,True,False,False
small_shape_WIN_small_612929a706b9d23b,small_shape,small,shape,WIN_small_612929a706b9d23b,MG1655,1970000,1973200,1971600,3200,0.014622984474446547,0.947705498241181,True,False,False
small_shape_WIN_small_4ca15e1dda73f494,small_shape,small,shape,WIN_small_4ca15e1dda73f494,MG1655,1808800,1812000,1810400,3200,0.014684297047231527,0.944071213586087,False,True,False
small_shape_WIN_small_435f49e6c6e31204,small_shape,small,shape,WIN_small_435f49e6c6e31204,MG1655,1928000,1931200,1929600,3200,0.014684297047231804,1.54613120491405,True,True,False
small_shape_WIN_small_06bd8ebc840cca2b,small_shape,small,shape,WIN_small_06bd8ebc840cca2b,MG1655,3433200,3436400,3434800,3200,0.015076752341788407,1.66152462361612,True,True,False
small_shape_WIN_small_a86b1dee4bfc9e9d,small_shape,small,shape,WIN_small_a86b1dee4bfc9e9d,MG1655,1857200,1860400,1858800,3200,0.015165876777250788,0.9160424899858434,False,True,False
small_shape_WIN_small_5352bc36f0a70a5a,small_shape,small,shape,WIN_small_5352bc36f0a70a5a,MG1655,1854000,1857200,1855600,3200,0.015575049028582824,1.5918886954747253,True,True,False
small_shape_WIN_small_bdaf40521cdc6b5a,small_shape,small,shape,WIN_small_bdaf40521cdc6b5a,MG1655,2144000,2147200,2145600,3200,0.015575049028582824,1.5918886954747253,True,True,False
small_shape_WIN_small_53ddd747ea71bc00,small_shape,small,shape,WIN_small_53ddd747ea71bc00,MG1655,1104800,1108000,1106400,3200,0.01571860090215813,1.282889770139468,True,False,False
small_shape_WIN_small_b9666cae57248635,small_shape,small,shape,WIN_small_b9666cae57248635,MG1655,2002800,2006000,2004400,3200,0.016197163498231863,0.8588996038492746,False,True,False
small_shape_WIN_small_173187143c7e153d,small_shape,small,shape,WIN_small_173187143c7e153d,MG1655,1309600,1312800,1311200,3200,0.016252538577708163,1.4000031692358117,True,True,False
small_shape_WIN_small_5130aeb1d05a47ff,small_shape,small,shape,WIN_small_5130aeb1d05a47ff,MG1655,971200,974400,972800,3200,0.01668892593522171,1.5318907657994398,True,True,False
small_shape_WIN_small_bb029553d76cd6f4,small_shape,small,shape,WIN_small_bb029553d76cd6f4,MG1655,405600,408800,407200,3200,0.016982438736652714,0.9938686819485018,True,False,False
small_shape_WIN_small_3091c78db270b5e4,small_shape,small,shape,WIN_small_3091c78db270b5e4,MG1655,4276400,4279600,4278000,3200,0.01747780939771153,1.4917735425914573,True,True,False
small_shape_WIN_small_efd240f24765ef92,small_shape,small,shape,WIN_small_efd240f24765ef92,MG1655,1574800,1578000,1576400,3200,0.01760585366920059,1.66152462361612,True,True,False
small_shape_WIN_small_f20264af2ad19a2a,small_shape,small,shape,WIN_small_f20264af2ad19a2a,MG1655,2738800,2742000,2740400,3200,0.018059297519675183,0.9404670893172616,True,False,False
small_shape_WIN_small_5f67f9e4db621569,small_shape,small,shape,WIN_small_5f67f9e4db621569,MG1655,786400,789600,788000,3200,0.018183247481754265,1.360494627952138,True,True,False
small_shape_WIN_small_2d59358833940ecf,small_shape,small,shape,WIN_small_2d59358833940ecf,MG1655,1162800,1166000,1164400,3200,0.018598499403173874,1.282889770139468,False,True,False
small_shape_WIN_small_315a37d38731277a,small_shape,small,shape,WIN_small_315a37d38731277a,MG1655,974000,977200,975600,3200,0.01886232108258986,1.504738519755825,True,True,False
small_shape_WIN_small_959f99c71cc39064,small_shape,small,shape,WIN_small_959f99c71cc39064,MG1655,4472000,4475200,4473600,3200,0.019028303222639466,1.5318907657994398,True,True,False
small_shape_WIN_small_a9884e8075ecf0a2,small_shape,small,shape,WIN_small_a9884e8075ecf0a2,MG1655,3911600,3914800,3913200,3200,0.019075461419429368,1.3700399458583683,True,True,False
small_shape_WIN_small_5eb32857ebbb13e1,small_shape,small,shape,WIN_small_5eb32857ebbb13e1,MG1655,2988400,2991600,2990000,3200,0.01912250331927195,1.4550507355667173,True,True,False
small_shape_WIN_small_19dfffd7b087e7ef,small_shape,small,shape,WIN_small_19dfffd7b087e7ef,MG1655,677600,680800,679200,3200,0.01928624639751253,1.66152462361612,True,True,False
small_shape_WIN_small_f4eb3abac767d226,small_shape,small,shape,WIN_small_f4eb3abac767d226,MG1655,902400,905600,904000,3200,0.019701051839645867,1.2908586998107434,True,False,False
small_shape_WIN_small_62fc44f87092f7ab,small_shape,small,shape,WIN_small_62fc44f87092f7ab,MG1655,1697600,1700800,1699200,3200,0.02006256918342803,1.2170724856498245,False,True,False
small_shape_WIN_small_7e425661cca091c7,small_shape,small,shape,WIN_small_7e425661cca091c7,MG1655,1220000,1223200,1221600,3200,0.02061475182078809,1.3897840040541256,True,True,False
small_shape_WIN_small_b1f8d684ffa46e9e,small_shape,small,shape,WIN_small_b1f8d684ffa46e9e,MG1655,332800,336000,334400,3200,0.02078835279569783,1.4550507355667173,True,True,False
small_shape_WIN_small_de5429cfc57cd1e4,small_shape,small,shape,WIN_small_de5429cfc57cd1e4,MG1655,794800,798000,796400,3200,0.021088716077049156,1.282889770139468,True,False,False
small_shape_WIN_small_1307c6d9a2fc39b7,small_shape,small,shape,WIN_small_1307c6d9a2fc39b7,MG1655,4433600,4436800,4435200,3200,0.021088716077049173,1.3700399458583683,True,True,False
small_shape_WIN_small_6921119c2e5009c1,small_shape,small,shape,WIN_small_6921119c2e5009c1,MG1655,4440400,4443600,4442000,3200,0.021405857423006863,1.0938335339194187,True,False,False
small_shape_WIN_small_e7d4e924b22990d1,small_shape,small,shape,WIN_small_e7d4e924b22990d1,MG1655,3938000,3941200,3939600,3200,0.02140585742300693,1.3156822835357755,True,True,False
small_shape_WIN_small_8a5be04bbca7bd55,small_shape,small,shape,WIN_small_8a5be04bbca7bd55,MG1655,2081200,2084400,2082800,3200,0.02161470000187928,1.3072491159989128,True,True,False
small_shape_WIN_small_b4411c9ee0af96d6,small_shape,small,shape,WIN_small_b4411c9ee0af96d6,MG1655,1939200,1942400,1940800,3200,0.022026445570847753,1.2908586998107434,True,False,False
small_shape_WIN_small_b4e5bb1b539d1a3a,small_shape,small,shape,WIN_small_b4e5bb1b539d1a3a,MG1655,4200800,4204000,4202400,3200,0.02202644557084778,1.466949958866425,True,True,False
small_shape_WIN_small_d86e0f82e0364dd8,small_shape,small,shape,WIN_small_d86e0f82e0364dd8,MG1655,2814000,2817200,2815600,3200,0.022450652667918396,1.3156822835357755,True,True,False
small_shape_WIN_small_842c715017d9d82e,small_shape,small,shape,WIN_small_842c715017d9d82e,MG1655,890400,893600,892000,3200,0.02310153100844338,1.2908586998107434,True,False,False
small_shape_WIN_small_115d16d5b0a1a5c6,small_shape,small,shape,WIN_small_115d16d5b0a1a5c6,MG1655,3394000,3397200,3395600,3200,0.023391398444081564,1.5608544617347566,True,True,False
small_shape_WIN_small_ba08e1cff1a34a90,small_shape,small,shape,WIN_small_ba08e1cff1a34a90,MG1655,1265200,1268400,1266800,3200,0.023734566873078396,1.2673776039612203,False,True,False
small_shape_WIN_small_b163f6f18d4e1fa7,small_shape,small,shape,WIN_small_b163f6f18d4e1fa7,MG1655,2914400,2917600,2916000,3200,0.023791280375376152,0.7010331648997922,True,False,False
small_shape_WIN_small_183d368c4e70f7d0,small_shape,small,shape,WIN_small_183d368c4e70f7d0,MG1655,1871200,1874400,1872800,3200,0.02392308903151452,1.3330563796051984,True,True,False
small_shape_WIN_small_ff6a8e6a2fd34f8c,small_shape,small,shape,WIN_small_ff6a8e6a2fd34f8c,MG1655,1247200,1250400,1248800,3200,0.024351151807895866,1.2451012092500682,True,False,False
small_shape_WIN_small_7f090329787c2752,small_shape,small,shape,WIN_small_7f090329787c2752,MG1655,4186000,4189200,4187600,3200,0.024717355090815473,0.8897135512634943,True,False,False
small_shape_WIN_small_f8db67f5d361f4ea,small_shape,small,shape,WIN_small_f8db67f5d361f4ea,MG1655,3560400,3563600,3562000,3200,0.02471735509081565,1.4917735425914573,True,True,False
small_shape_WIN_small_512b81ff14e5143c,small_shape,small,shape,WIN_small_512b81ff14e5143c,MG1655,1712400,1715600,1714000,3200,0.02495250536699139,0.6596404797415671,True,False,False
small_shape_WIN_small_bdf8083fa51f1e8b,small_shape,small,shape,WIN_small_bdf8083fa51f1e8b,MG1655,1491600,1494800,1493200,3200,0.024952505366991676,1.1367617344612297,True,False,False
small_shape_WIN_small_a7dfd4d1eb0e9940,small_shape,small,shape,WIN_small_a7dfd4d1eb0e9940,MG1655,2512000,2515200,2513600,3200,0.02536320030380911,0.4693694329898372,True,False,True
small_shape_WIN_small_2251acf8a80a3ddf,small_shape,small,shape,WIN_small_2251acf8a80a3ddf,MG1655,1133600,1136800,1135200,3200,0.02543394855923924,1.54613120491405,True,True,False
small_shape_WIN_small_22ab2caa3e125efb,small_shape,small,shape,WIN_small_22ab2caa3e125efb,MG1655,1208400,1211600,1210000,3200,0.02574991034541437,1.4104686029139766,True,True,False
small_shape_WIN_small_5d8635ffa2271b8f,small_shape,small,shape,WIN_small_5d8635ffa2271b8f,MG1655,1109200,1112400,1110800,3200,0.02595841504763811,1.324282455297693,True,True,False
small_shape_WIN_small_eab99793ed4adbcd,small_shape,small,shape,WIN_small_eab99793ed4adbcd,MG1655,1175600,1178800,1177200,3200,0.02621671409656736,1.3156822835357755,True,True,False
small_shape_WIN_small_a6f609fceb87db5e,small_shape,small,shape,WIN_small_a6f609fceb87db5e,MG1655,2786000,2789200,2787600,3200,0.026302250095756482,1.1781544196194549,False,True,False
small_shape_WIN_small_e3781551fdbe37d1,small_shape,small,shape,WIN_small_e3781551fdbe37d1,MG1655,1312000,1315200,1313600,3200,0.026370479134110923,1.3897840040541256,True,True,False
small_shape_WIN_small_60c27885e5f175a6,small_shape,small,shape,WIN_small_60c27885e5f175a6,MG1655,1442400,1445600,1444000,3200,0.026489457085274042,1.1719941109146363,False,True,False
small_shape_WIN_small_8c1a1196e9109592,small_shape,small,shape,WIN_small_8c1a1196e9109592,MG1655,1113200,1116400,1114800,3200,0.02650641033954412,1.4917735425914573,True,True,False
small_shape_WIN_small_2c491e3402a6b45c,small_shape,small,shape,WIN_small_2c491e3402a6b45c,MG1655,696000,699200,697600,3200,0.026976776247881813,1.2908586998107434,True,False,False
small_shape_WIN_small_45d3eadc99a35282,small_shape,small,shape,WIN_small_45d3eadc99a35282,MG1655,1708800,1712000,1710400,3200,0.027274871222631496,1.360494627952138,True,True,False
small_shape_WIN_small_a314ba884488a7c3,small_shape,small,shape,WIN_small_a314ba884488a7c3,MG1655,1192800,1196000,1194400,3200,0.027471804258178894,1.09897317357183,True,False,False
small_shape_WIN_small_ddad769541101a46,small_shape,small,shape,WIN_small_ddad769541101a46,MG1655,1864000,1867200,1865600,3200,0.027471804258178894,1.09897317357183,True,False,False
small_shape_WIN_small_e25a31e3ac4700ee,small_shape,small,shape,WIN_small_e25a31e3ac4700ee,MG1655,4470400,4473600,4472000,3200,0.027586032627213618,1.1367617344612297,True,False,False
small_shape_WIN_small_d0b5d25c46133d87,small_shape,small,shape,WIN_small_d0b5d25c46133d87,MG1655,1941200,1944400,1942800,3200,0.027813081992646767,1.4104686029139766,True,True,False
small_shape_WIN_small_48bafae9902d4c27,small_shape,small,shape,WIN_small_48bafae9902d4c27,MG1655,1232400,1235600,1234000,3200,0.028022266348994206,1.4434688630169021,True,True,False
small_shape_WIN_small_fc6e335d2121aa4e,small_shape,small,shape,WIN_small_fc6e335d2121aa4e,MG1655,734400,737600,736000,3200,0.028118288102732234,1.078769787483543,False,True,True
small_shape_WIN_small_e7c1479e3eb9facd,small_shape,small,shape,WIN_small_e7c1479e3eb9facd,MG1655,481200,484400,482800,3200,0.02846759700034344,1.4104686029139766,True,True,False
small_shape_WIN_small_c660e6f2280d68fc,small_shape,small,shape,WIN_small_c660e6f2280d68fc,MG1655,3143200,3146400,3144800,3200,0.028718971388707257,1.4917735425914573,True,True,False
small_shape_WIN_small_e82a4480b49cc7ba,small_shape,small,shape,WIN_small_e82a4480b49cc7ba,MG1655,2545200,2548400,2546800,3200,0.028812671381176536,1.4000031692358117,True,True,False
small_shape_WIN_small_e583ca740188b29e,small_shape,small,shape,WIN_small_e583ca740188b29e,MG1655,685600,688800,687200,3200,0.028828258437430813,0.05711072689467889,False,True,True
small_shape_WIN_small_914b268c08e94ce7,small_shape,small,shape,WIN_small_914b268c08e94ce7,MG1655,1387200,1390400,1388800,3200,0.02885940729410094,1.0104152349285394,True,False,False
small_shape_WIN_small_2248731d0c86a21f,small_shape,small,shape,WIN_small_2248731d0c86a21f,MG1655,1499600,1502800,1501200,3200,0.02915366160991399,1.088754008390144,False,True,False
small_shape_WIN_small_31d9d2491ddeb6f7,small_shape,small,shape,WIN_small_31d9d2491ddeb6f7,MG1655,3271200,3274400,3272800,3200,0.029169066451996805,0.046902480630438025,False,True,False
small_shape_WIN_small_9d9f279e52acc094,small_shape,small,shape,WIN_small_9d9f279e52acc094,MG1655,3275200,3278400,3276800,3200,0.030004155054679786,0.02238473810248449,False,True,False
small_shape_WIN_small_154e3708dd9b0b5a,small_shape,small,shape,WIN_small_154e3708dd9b0b5a,MG1655,3552000,3555200,3553600,3200,0.030153504683575423,0.0180719471299311,True,False,False
small_shape_WIN_small_caf8e3364b818328,small_shape,small,shape,WIN_small_caf8e3364b818328,MG1655,3888000,3891200,3889600,3200,0.030153504683575423,0.0180719471299311,False,True,False
small_shape_WIN_small_7344a6a0fe774d00,small_shape,small,shape,WIN_small_7344a6a0fe774d00,MG1655,4242000,4245200,4243600,3200,0.03016839898168477,0.017643014273431075,False,True,False
small_shape_WIN_small_25e2b40275723140,small_shape,small,shape,WIN_small_25e2b40275723140,MG1655,3273200,3276400,3274800,3200,0.030198165539475182,0.016786417384479772,True,False,False
small_shape_WIN_small_64c68dc184eb29d3,small_shape,small,shape,WIN_small_64c68dc184eb29d3,MG1655,3441600,3444800,3443200,3200,0.030213037820868992,0.01635875168581104,True,False,False
small_shape_WIN_small_c5a9dcfa0c5b97a0,small_shape,small,shape,WIN_small_c5a9dcfa0c5b97a0,MG1655,4505200,4508400,4506800,3200,0.030242760442735512,0.01550468163297154,True,False,True
small_shape_WIN_small_b7e37a0affcd30a8,small_shape,small,shape,WIN_small_b7e37a0affcd30a8,MG1655,452400,455600,454000,3200,0.030316939510368544,1.0547695110797763,True,False,False
small_shape_WIN_small_83f2daa7236440dc,small_shape,small,shape,WIN_small_83f2daa7236440dc,MG1655,316400,319600,318000,3200,0.03034656036698025,1.4104686029139766,True,True,False
small_shape_WIN_small_e157c904aa747419,small_shape,small,shape,WIN_small_e157c904aa747419,MG1655,99200,102400,100800,3200,0.030361359958382794,1.2908586998107434,True,False,False
small_shape_WIN_small_bca0b8ad599f929d,small_shape,small,shape,WIN_small_bca0b8ad599f929d,MG1655,4274400,4277600,4276000,3200,0.030450006453476723,1.3897840040541256,True,True,False
small_shape_WIN_small_0c5fd2c6e9979820,small_shape,small,shape,WIN_small_0c5fd2c6e9979820,MG1655,3439600,3442800,3441200,3200,0.03046475579144523,0.009152138114090888,True,False,False
small_shape_WIN_small_f3e6ccc66a12abef,small_shape,small,shape,WIN_small_f3e6ccc66a12abef,MG1655,3512000,3515200,3513600,3200,0.030976558556147973,0.7728324573248175,True,False,False
small_shape_WIN_small_4c2c890b1288b134,small_shape,small,shape,WIN_small_4c2c890b1288b134,MG1655,1002400,1005600,1004000,3200,0.03112124200830698,1.0320263839412167,True,False,False
small_shape_WIN_small_a65abe69bc0249dc,small_shape,small,shape,WIN_small_a65abe69bc0249dc,MG1655,1250800,1254000,1252400,3200,0.031135673375652664,1.1041743672576376,True,False,False
small_shape_WIN_small_070d0128101d23de,small_shape,small,shape,WIN_small_070d0128101d23de,MG1655,2740800,2744000,2742400,3200,0.03149430848499718,0.7584346366241751,True,False,False
small_shape_WIN_small_d81c0d27448fb05c,small_shape,small,shape,WIN_small_d81c0d27448fb05c,MG1655,727600,730800,729200,3200,0.032338809685747705,1.0364807253674666,True,False,True
small_shape_WIN_small_8009ecd559c69a95,small_shape,small,shape,WIN_small_8009ecd559c69a95,MG1655,418400,421600,420000,3200,0.03261545124945065,1.4550507355667173,True,True,False
small_shape_WIN_small_e52c65c516c97e78,small_shape,small,shape,WIN_small_e52c65c516c97e78,MG1655,736400,739600,738000,3200,0.03283508639940993,1.4211924683057497,True,True,False
small_shape_WIN_small_49d9d4629144e059,small_shape,small,shape,WIN_small_49d9d4629144e059,MG1655,2240000,2243200,2241600,3200,0.033161811724238606,1.466949958866425,True,True,False
small_shape_WIN_small_d274d07f5b7f007f,small_shape,small,shape,WIN_small_d274d07f5b7f007f,MG1655,230800,234000,232400,3200,0.033161811724238606,1.3156822835357755,True,True,False
small_shape_WIN_small_6ab83ca2c93b8f9e,small_shape,small,shape,WIN_small_6ab83ca2c93b8f9e,MG1655,2614800,2618000,2616400,3200,0.033270007155988976,1.078769787483543,False,True,False
small_shape_WIN_small_96063a9b433ba6a5,small_shape,small,shape,WIN_small_96063a9b433ba6a5,MG1655,1916000,1919200,1917600,3200,0.03348534925621911,0.8301278612792501,False,True,False
small_shape_WIN_small_58221bf5792c2bad,small_shape,small,shape,WIN_small_58221bf5792c2bad,MG1655,756000,759200,757600,3200,0.033645951373078194,0.8771244239554736,True,False,False
small_shape_WIN_small_38130989fc36fe9c,small_shape,small,shape,WIN_small_38130989fc36fe9c,MG1655,2053200,2056400,2054800,3200,0.03364595137307821,0.9228819145161489,True,False,False
small_shape_WIN_small_5f7bfc25caec9b47,small_shape,small,shape,WIN_small_5f7bfc25caec9b47,MG1655,1678000,1681200,1679600,3200,0.03391193141231902,1.4211924683057497,True,True,False
small_shape_WIN_small_f11a54ba730e01a1,small_shape,small,shape,WIN_small_f11a54ba730e01a1,MG1655,2488000,2491200,2489600,3200,0.03400453291877159,0.9550665978875502,True,False,False
small_shape_WIN_small_c9fa4eae267967f0,small_shape,small,shape,WIN_small_c9fa4eae267967f0,MG1655,792000,795200,793600,3200,0.03404414217264064,1.3897840040541256,True,True,False
small_shape_WIN_small_2ef2871631bf7207,small_shape,small,shape,WIN_small_2ef2871631bf7207,MG1655,3772800,3776000,3774400,3200,0.03459391012491869,1.1540207399027353,False,True,False
small_shape_WIN_small_ed8a3edabf475322,small_shape,small,shape,WIN_small_ed8a3edabf475322,MG1655,1352000,1355200,1353600,3200,0.03459391012491872,1.4550507355667173,True,True,False
small_shape_WIN_small_8a63220f040c470e,small_shape,small,shape,WIN_small_8a63220f040c470e,MG1655,213600,216800,215200,3200,0.03465877781759638,0.7422190923859839,False,True,False
small_shape_WIN_small_7aea722bde7eea2d,small_shape,small,shape,WIN_small_7aea722bde7eea2d,MG1655,55600,58800,57200,3200,0.034917043519229994,1.2524004479915676,True,False,False
small_shape_WIN_small_990e16b5bf1ebd0c,small_shape,small,shape,WIN_small_990e16b5bf1ebd0c,MG1655,853200,856400,854800,3200,0.035058278689870895,1.4434688630169021,True,True,False
small_shape_WIN_small_565da4d4693721ca,small_shape,small,shape,WIN_small_565da4d4693721ca,MG1655,826800,830000,828400,3200,0.035173412919960886,0.8385610288161128,False,True,False
small_shape_WIN_small_ecf61048e196f251,small_shape,small,shape,WIN_small_ecf61048e196f251,MG1655,4468000,4471200,4469600,3200,0.03530089943040005,1.1599295995132557,True,False,False
small_shape_WIN_small_beabf071ca33abd5,small_shape,small,shape,WIN_small_beabf071ca33abd5,MG1655,505600,508800,507200,3200,0.0355671337237794,0.9160424899858434,True,False,False
small_shape_WIN_small_6bc0575dce7ca070,small_shape,small,shape,WIN_small_6bc0575dce7ca070,MG1655,2884800,2888000,2886400,3200,0.03570579753902801,0.9126627493344628,True,False,False
small_shape_WIN_small_d8a3a68ae6eeda17,small_shape,small,shape,WIN_small_d8a3a68ae6eeda17,MG1655,1503200,1506400,1504800,3200,0.03596903499717582,1.4211924683057497,True,True,False
small_shape_WIN_small_f082045020590cec,small_shape,small,shape,WIN_small_f082045020590cec,MG1655,3449200,3452400,3450800,3200,0.03641587244037633,1.4104686029139766,True,True,False
small_shape_WIN_small_a4038ae874a5f41b,small_shape,small,shape,WIN_small_a4038ae874a5f41b,MG1655,1510400,1513600,1512000,3200,0.03646518305530107,1.4211924683057497,True,True,False
small_shape_WIN_small_45f9945b71ae213b,small_shape,small,shape,WIN_small_45f9945b71ae213b,MG1655,3030800,3034000,3032400,3200,0.037293489237736434,1.3897840040541256,True,True,False
small_shape_WIN_small_3cd1a13bfd2b3da9,small_shape,small,shape,WIN_small_3cd1a13bfd2b3da9,MG1655,4490000,4493200,4491600,3200,0.037617317218927714,1.0020631605637733,False,True,False
small_shape_WIN_small_5c94847088ba0050,small_shape,small,shape,WIN_small_5c94847088ba0050,MG1655,1768400,1771600,1770000,3200,0.03779602281967175,1.2989765900329229,True,False,False
small_shape_WIN_small_1b519e753026f193,small_shape,small,shape,WIN_small_1b519e753026f193,MG1655,1926400,1929600,1928000,3200,0.037807906493230514,1.3897840040541256,True,True,False
small_shape_WIN_small_1ca3e13597b01c6e,small_shape,small,shape,WIN_small_1ca3e13597b01c6e,MG1655,882800,886000,884400,3200,0.03786726892026188,1.2673776039612203,False,True,False
small_shape_WIN_small_ed953d9fa8ed495e,small_shape,small,shape,WIN_small_ed953d9fa8ed495e,MG1655,1153600,1156800,1155200,3200,0.0381509228388589,1.2908586998107434,True,False,False
small_shape_WIN_small_5512d75ba0dfa420,small_shape,small,shape,WIN_small_5512d75ba0dfa420,MG1655,3930000,3933200,3931600,3200,0.038816294273826046,1.3897840040541256,True,True,False
small_shape_WIN_small_7bc3841147d23a3e,small_shape,small,shape,WIN_small_7bc3841147d23a3e,MG1655,1687200,1690400,1688800,3200,0.03885099816477567,1.4000031692358117,True,True,False
small_shape_WIN_small_3c784ce0371b2c15,small_shape,small,shape,WIN_small_3c784ce0371b2c15,MG1655,4388000,4391200,4389600,3200,0.03898950483640398,1.3511546016979945,True,True,False
small_shape_WIN_small_dec1054a317720de,small_shape,small,shape,WIN_small_dec1054a317720de,MG1655,3036800,3040000,3038400,3200,0.03908156991106781,1.324282455297693,True,True,False
small_shape_WIN_small_93168e794789ea27,small_shape,small,shape,WIN_small_93168e794789ea27,MG1655,559200,562400,560800,3200,0.03951594992545173,1.1256253683432702,True,False,False
small_shape_WIN_small_d9331cf891c300f9,small_shape,small,shape,WIN_small_d9331cf891c300f9,MG1655,1242400,1245600,1244000,3200,0.039674785851102005,1.1599295995132557,True,False,False
small_shape_WIN_small_66dd169cdd14a9ab,small_shape,small,shape,WIN_small_66dd169cdd14a9ab,MG1655,3570800,3574000,3572400,3200,0.03976526438559791,0.6808297788115054,False,True,False
small_shape_WIN_small_a3282b20d6c802c1,small_shape,small,shape,WIN_small_a3282b20d6c802c1,MG1655,2317600,2320800,2319200,3200,0.04061475883531462,0.8385610288161128,False,True,False
small_shape_WIN_small_50c5eb1c72b93825,small_shape,small,shape,WIN_small_50c5eb1c72b93825,MG1655,1845600,1848800,1847200,3200,0.04061475883531472,1.2908586998107434,True,False,False
small_shape_WIN_small_8a43d7eb45c1c977,small_shape,small,shape,WIN_small_8a43d7eb45c1c977,MG1655,1289200,1292400,1290800,3200,0.040989096323108286,1.282889770139468,True,False,False
small_shape_WIN_small_62051aac37a2f60d,small_shape,small,shape,WIN_small_62051aac37a2f60d,MG1655,3435600,3438800,3437200,3200,0.0411094757198131,1.2673776039612203,True,False,False
small_shape_WIN_small_be1b805146d9f7dd,small_shape,small,shape,WIN_small_be1b805146d9f7dd,MG1655,1252800,1256000,1254400,3200,0.04140346856462848,1.2989765900329229,True,False,False
small_shape_WIN_small_7f708c03da1cac36,small_shape,small,shape,WIN_small_7f708c03da1cac36,MG1655,1897600,1900800,1899200,3200,0.04159830949287514,0.9938686819485018,True,False,False
small_shape_WIN_small_0b56c77019356ae5,small_shape,small,shape,WIN_small_0b56c77019356ae5,MG1655,2018000,2021200,2019600,3200,0.04198527884426549,0.9858259616930879,False,True,False
small_shape_WIN_small_a0d491981023b5de,small_shape,small,shape,WIN_small_a0d491981023b5de,MG1655,798000,801200,799600,3200,0.04217743215409842,0.9026785284278619,False,True,False
small_shape_WIN_small_8cf7aedfa5bb5cca,small_shape,small,shape,WIN_small_8cf7aedfa5bb5cca,MG1655,110800,114000,112400,3200,0.042727687846766296,0.9194487386777549,False,True,False
small_shape_WIN_small_2a55236232973d50,small_shape,small,shape,WIN_small_2a55236232973d50,MG1655,466000,469200,467600,3200,0.04275921732185761,1.282889770139468,False,True,False
small_shape_WIN_small_d3f5a7360cafc256,small_shape,small,shape,WIN_small_d3f5a7360cafc256,MG1655,904000,907200,905600,3200,0.043125357975648544,1.0690099501943866,False,True,False
small_shape_WIN_small_e9c1111aeff044a7,small_shape,small,shape,WIN_small_e9c1111aeff044a7,MG1655,3623200,3626400,3624800,3200,0.043519394438858695,1.230860770135458,True,False,True
small_shape_WIN_small_08dc7e984b5700f4,small_shape,small,shape,WIN_small_08dc7e984b5700f4,MG1655,664800,668000,666400,3200,0.043899663229988235,1.282889770139468,True,False,False
small_shape_WIN_small_f6145e35984951f8,small_shape,small,shape,WIN_small_f6145e35984951f8,MG1655,2808000,2811200,2809600,3200,0.044114033282351015,1.2673776039612203,True,False,False
small_shape_WIN_small_1d1caecc5f3d8ab3,small_shape,small,shape,WIN_small_1d1caecc5f3d8ab3,MG1655,76000,79200,77600,3200,0.0442157489656515,1.1907435469274754,False,True,False
small_shape_WIN_small_07e93baf19c56589,small_shape,small,shape,WIN_small_07e93baf19c56589,MG1655,394400,397600,396000,3200,0.04428681094302806,1.2524004479915676,False,True,False
small_shape_WIN_small_77ef209d33d83bdd,small_shape,small,shape,WIN_small_77ef209d33d83bdd,MG1655,1822000,1825200,1823600,3200,0.04429695334804892,1.1311578569432312,True,False,False
small_shape_WIN_small_7c2eb188608f9ee4,small_shape,small,shape,WIN_small_7c2eb188608f9ee4,MG1655,3647200,3650400,3648800,3200,0.04453967819704529,0.8833733732324752,True,False,False
small_shape_WIN_small_81203d9bb0f8ecd0,small_shape,small,shape,WIN_small_81203d9bb0f8ecd0,MG1655,2223600,2226800,2225200,3200,0.04478108743513821,1.230860770135458,True,False,False
small_shape_WIN_small_9ce56c7ed57ab539,small_shape,small,shape,WIN_small_9ce56c7ed57ab539,MG1655,2478000,2481200,2479600,3200,0.04503117922358175,1.2379226246229447,False,True,False
small_shape_WIN_small_bbed15bf5232338c,small_shape,small,shape,WIN_small_bbed15bf5232338c,MG1655,672400,675600,674000,3200,0.04508103109229989,1.1311578569432312,True,False,False
small_shape_WIN_small_5603ec08bb9802d2,small_shape,small,shape,WIN_small_5603ec08bb9802d2,MG1655,1238400,1241600,1240000,3200,0.045140780662713334,1.2908586998107434,True,False,False
small_shape_WIN_small_942c86cf0d0070c6,small_shape,small,shape,WIN_small_942c86cf0d0070c6,MG1655,4083600,4086800,4085200,3200,0.04555683351923375,1.282889770139468,True,False,False
small_shape_WIN_small_dfa0b37bb516d3ae,small_shape,small,shape,WIN_small_dfa0b37bb516d3ae,MG1655,1287600,1290800,1289200,3200,0.04582230129013,0.9333473481943139,True,False,False
small_shape_WIN_small_efabd36c665cb52a,small_shape,small,shape,WIN_small_efabd36c665cb52a,MG1655,2748400,2751600,2750000,3200,0.04591044943435951,1.3156822835357755,True,True,False
small_shape_WIN_small_d971d1be6c0d737e,small_shape,small,shape,WIN_small_d971d1be6c0d737e,MG1655,662800,666000,664400,3200,0.04637774340369682,0.9228819145161489,True,False,False
small_shape_WIN_small_87b4ceca1fcd0844,small_shape,small,shape,WIN_small_87b4ceca1fcd0844,MG1655,3066800,3070000,3068400,3200,0.04657106538971841,1.1719941109146363,True,False,False
small_shape_WIN_small_ed8ab0f6101c8b60,small_shape,small,shape,WIN_small_ed8ab0f6101c8b60,MG1655,3400000,3403200,3401600,3200,0.04660963356642362,1.1311578569432312,False,True,False
small_shape_WIN_small_c597296dbac5d18c,small_shape,small,shape,WIN_small_c597296dbac5d18c,MG1655,746800,750000,748400,3200,0.047241462727496034,0.8833733732324752,True,False,False
small_shape_WIN_small_40584ec5528a2225,small_shape,small,shape,WIN_small_40584ec5528a2225,MG1655,1672000,1675200,1673600,3200,0.04746913374615696,1.1424388673529202,False,True,False
small_shape_WIN_small_8a6f2bb46a8d1946,small_shape,small,shape,WIN_small_8a6f2bb46a8d1946,MG1655,675200,678400,676800,3200,0.047864952314512155,1.1481911962420115,True,False,False
small_shape_WIN_small_b47fbd7837dde396,small_shape,small,shape,WIN_small_b47fbd7837dde396,MG1655,1792000,1795200,1793600,3200,0.04814568757990626,1.088754008390144,True,False,False
small_shape_WIN_small_1f4cbef9ffede61c,small_shape,small,shape,WIN_small_1f4cbef9ffede61c,MG1655,1226000,1229200,1227600,3200,0.04823890293838657,1.1540207399027353,False,True,False
small_shape_WIN_small_5ffbfd297b3542eb,small_shape,small,shape,WIN_small_5ffbfd297b3542eb,MG1655,84400,87600,86000,3200,0.04825752440325248,1.2908586998107434,True,False,False
small_shape_WIN_small_9aea1559eab68c7f,small_shape,small,shape,WIN_small_9aea1559eab68c7f,MG1655,3974800,3978000,3976400,3200,0.048702303615791906,1.203708524091843,False,True,False
small_shape_WIN_small_e615fcb0630adc87,small_shape,small,shape,WIN_small_e615fcb0630adc87,MG1655,95600,98800,97200,3200,0.049115626191588914,0.7703994286538184,True,False,False
small_shape_WIN_small_6bce2670d6863d2f,small_shape,small,shape,WIN_small_6bce2670d6863d2f,MG1655,1494800,1498000,1496400,3200,0.04926174961208063,1.1599295995132557,True,False,False
small_shape_WIN_small_e2021a048a0e55ab,small_shape,small,shape,WIN_small_e2021a048a0e55ab,MG1655,4002800,4006000,4004400,3200,0.04926174961208063,1.1599295995132557,True,False,False
small_shape_WIN_small_ab93d7f3e7dd6151,small_shape,small,shape,WIN_small_ab93d7f3e7dd6151,MG1655,4395200,4398400,4396800,3200,0.04972465231698194,1.2170724856498245,False,True,False
medium_density_WIN_medium_f5cd2d18b7af2fdb,medium_density,medium,density,WIN_medium_f5cd2d18b7af2fdb,MG1655,101600,108000,104800,6400,0.0023148148148148,2.635483746814915,True,True,False
medium_density_WIN_medium_16dfc90ea37fc4a8,medium_density,medium,density,WIN_medium_16dfc90ea37fc4a8,MG1655,104800,111200,108000,6400,0.0023148148148148,2.635483746814915,True,True,False
medium_density_WIN_medium_78af524b419ef231,medium_density,medium,density,WIN_medium_78af524b419ef231,MG1655,121600,128000,124800,6400,0.0023148148148148,2.635483746814915,True,True,False
medium_density_WIN_medium_b0b33521d7e4b4e4,medium_density,medium,density,WIN_medium_b0b33521d7e4b4e4,MG1655,318400,324800,321600,6400,0.0023148148148148,2.635483746814915,True,True,False
medium_density_WIN_medium_d55cb14dd5a8c4e3,medium_density,medium,density,WIN_medium_d55cb14dd5a8c4e3,MG1655,768000,774400,771200,6400,0.0023148148148148,2.635483746814915,True,True,False
medium_density_WIN_medium_26c87f25c6958119,medium_density,medium,density,WIN_medium_26c87f25c6958119,MG1655,771200,777600,774400,6400,0.0023148148148148,2.635483746814915,True,True,False
medium_density_WIN_medium_1804ac0e81e50334,medium_density,medium,density,WIN_medium_1804ac0e81e50334,MG1655,1295200,1301600,1298400,6400,0.0023148148148148,2.635483746814915,True,True,True
medium_density_WIN_medium_5870bb2bfafc5564,medium_density,medium,density,WIN_medium_5870bb2bfafc5564,MG1655,1298400,1304800,1301600,6400,0.0023148148148148,2.635483746814915,True,True,True
medium_density_WIN_medium_54bd455c878a6302,medium_density,medium,density,WIN_medium_54bd455c878a6302,MG1655,1301600,1308000,1304800,6400,0.0023148148148148,2.635483746814915,True,True,False
medium_density_WIN_medium_16a5ff105f28bbc9,medium_density,medium,density,WIN_medium_16a5ff105f28bbc9,MG1655,1900000,1906400,1903200,6400,0.0023148148148148,2.635483746814915,True,True,False
medium_density_WIN_medium_3f8505c6ed83662a,medium_density,medium,density,WIN_medium_3f8505c6ed83662a,MG1655,2388800,2395200,2392000,6400,0.0023148148148148,2.635483746814915,True,True,False
medium_density_WIN_medium_a54d4061a9794ab0,medium_density,medium,density,WIN_medium_a54d4061a9794ab0,MG1655,2392000,2398400,2395200,6400,0.0023148148148148,2.635483746814915,True,True,False
medium_density_WIN_medium_6a93382e82fe961e,medium_density,medium,density,WIN_medium_6a93382e82fe961e,MG1655,2395200,2401600,2398400,6400,0.0023148148148148,2.635483746814915,True,True,False
medium_density_WIN_medium_979456197727f706,medium_density,medium,density,WIN_medium_979456197727f706,MG1655,2398400,2404800,2401600,6400,0.0023148148148148,2.635483746814915,True,True,False
medium_density_WIN_medium_65fc95c75edae5f6,medium_density,medium,density,WIN_medium_65fc95c75edae5f6,MG1655,2401600,2408000,2404800,6400,0.0023148148148148,2.635483746814915,True,True,False
medium_density_WIN_medium_778a30e6e30c6b94,medium_density,medium,density,WIN_medium_778a30e6e30c6b94,MG1655,2528000,2534400,2531200,6400,0.0023148148148148,2.635483746814915,True,True,False
medium_density_WIN_medium_14db2aff039ed557,medium_density,medium,density,WIN_medium_14db2aff039ed557,MG1655,2531200,2537600,2534400,6400,0.0023148148148148,2.635483746814915,True,True,False
medium_density_WIN_medium_1d9e698aa28eac17,medium_density,medium,density,WIN_medium_1d9e698aa28eac17,MG1655,3044800,3051200,3048000,6400,0.0023148148148148,2.635483746814915,True,True,False
medium_density_WIN_medium_ffbf8acacea368be,medium_density,medium,density,WIN_medium_ffbf8acacea368be,MG1655,3050400,3056800,3053600,6400,0.0023148148148148,2.635483746814915,True,True,False
medium_density_WIN_medium_b0ac5c3688d1615f,medium_density,medium,density,WIN_medium_b0ac5c3688d1615f,MG1655,3260800,3267200,3264000,6400,0.0023148148148148,2.635483746814915,True,True,False
medium_density_WIN_medium_478d0dd763f34ff2,medium_density,medium,density,WIN_medium_478d0dd763f34ff2,MG1655,3268000,3274400,3271200,6400,0.0023148148148148,2.635483746814915,True,True,False
medium_density_WIN_medium_4a61244aa4732547,medium_density,medium,density,WIN_medium_4a61244aa4732547,MG1655,3271200,3277600,3274400,6400,0.0023148148148148,2.635483746814915,True,True,False
medium_density_WIN_medium_36f97eed7254b759,medium_density,medium,density,WIN_medium_36f97eed7254b759,MG1655,3274400,3280800,3277600,6400,0.0023148148148148,2.635483746814915,True,True,False
medium_density_WIN_medium_61ec3d76c81d40de,medium_density,medium,density,WIN_medium_61ec3d76c81d40de,MG1655,3436800,3443200,3440000,6400,0.0023148148148148,2.635483746814915,True,True,False
medium_density_WIN_medium_34849288318c0cf0,medium_density,medium,density,WIN_medium_34849288318c0cf0,MG1655,3440000,3446400,3443200,6400,0.0023148148148148,2.635483746814915,True,True,False
medium_density_WIN_medium_b21db39fc63023f3,medium_density,medium,density,WIN_medium_b21db39fc63023f3,MG1655,3443200,3449600,3446400,6400,0.0023148148148148,2.635483746814915,True,True,False
medium_density_WIN_medium_cdc5b3188b25ea75,medium_density,medium,density,WIN_medium_cdc5b3188b25ea75,MG1655,3545600,3552000,3548800,6400,0.0023148148148148,2.635483746814915,True,True,False
medium_density_WIN_medium_07764d7fc8c626b8,medium_density,medium,density,WIN_medium_07764d7fc8c626b8,MG1655,3548800,3555200,3552000,6400,0.0023148148148148,2.635483746814915,True,True,False
medium_density_WIN_medium_f23e3d3798995b5a,medium_density,medium,density,WIN_medium_f23e3d3798995b5a,MG1655,3552000,3558400,3555200,6400,0.0023148148148148,2.635483746814915,True,True,False
medium_density_WIN_medium_8ec826ceb908087a,medium_density,medium,density,WIN_medium_8ec826ceb908087a,MG1655,3883200,3889600,3886400,6400,0.0023148148148148,2.635483746814915,True,True,False
medium_density_WIN_medium_1379fb39069dc393,medium_density,medium,density,WIN_medium_1379fb39069dc393,MG1655,3886400,3892800,3889600,6400,0.0023148148148148,2.635483746814915,True,True,False
medium_density_WIN_medium_a69d6ae29e08d0a4,medium_density,medium,density,WIN_medium_a69d6ae29e08d0a4,MG1655,3889600,3896000,3892800,6400,0.0023148148148148,2.635483746814915,True,True,False
medium_density_WIN_medium_198b237734ee8ac6,medium_density,medium,density,WIN_medium_198b237734ee8ac6,MG1655,3915200,3921600,3918400,6400,0.0023148148148148,2.635483746814915,True,True,False
medium_density_WIN_medium_ab3cd1054f6f119b,medium_density,medium,density,WIN_medium_ab3cd1054f6f119b,MG1655,4175200,4181600,4178400,6400,0.0023148148148148,2.635483746814915,True,True,True
medium_density_WIN_medium_d3b013c167289c94,medium_density,medium,density,WIN_medium_d3b013c167289c94,MG1655,4239200,4245600,4242400,6400,0.0023148148148148,2.635483746814915,True,True,False
medium_density_WIN_medium_c38e014896c5e281,medium_density,medium,density,WIN_medium_c38e014896c5e281,MG1655,4242400,4248800,4245600,6400,0.0023148148148148,2.635483746814915,True,True,False
medium_density_WIN_medium_a7ac1e3841676800,medium_density,medium,density,WIN_medium_a7ac1e3841676800,MG1655,4245600,4252000,4248800,6400,0.0023148148148148,2.635483746814915,True,True,False
medium_density_WIN_medium_9c52a749e1b87721,medium_density,medium,density,WIN_medium_9c52a749e1b87721,MG1655,4361600,4368000,4364800,6400,0.0023148148148148,2.635483746814915,True,True,False
medium_density_WIN_medium_e46084b991b8d5be,medium_density,medium,density,WIN_medium_e46084b991b8d5be,MG1655,4364800,4371200,4368000,6400,0.0023148148148148,2.635483746814915,True,True,False
medium_density_WIN_medium_ee2a837fe1ac2ca6,medium_density,medium,density,WIN_medium_ee2a837fe1ac2ca6,MG1655,4400000,4406400,4403200,6400,0.0023148148148148,2.635483746814915,True,True,False
medium_density_WIN_medium_61d307103a6542a8,medium_density,medium,density,WIN_medium_61d307103a6542a8,MG1655,4458400,4464800,4461600,6400,0.0023148148148148,2.635483746814915,True,True,False
medium_density_WIN_medium_a66c7cf0a60a89f3,medium_density,medium,density,WIN_medium_a66c7cf0a60a89f3,MG1655,4461600,4468000,4464800,6400,0.0023148148148148,2.635483746814915,True,True,False
medium_density_WIN_medium_676e6870e987e4f3,medium_density,medium,density,WIN_medium_676e6870e987e4f3,MG1655,4464800,4471200,4468000,6400,0.0023148148148148,2.635483746814915,True,True,False
medium_density_WIN_medium_d0ca04a9f7988351,medium_density,medium,density,WIN_medium_d0ca04a9f7988351,MG1655,3321600,3328000,3324800,6400,0.0040093768693723756,2.1583624920952524,True,True,False
medium_density_WIN_medium_7a7e2500d2d731a8,medium_density,medium,density,WIN_medium_7a7e2500d2d731a8,MG1655,3345600,3352000,3348800,6400,0.005670115145331394,2.1583624920952524,True,True,False
medium_density_WIN_medium_29965cfe95dc21f9,medium_density,medium,density,WIN_medium_29965cfe95dc21f9,MG1655,3264000,3270400,3267200,6400,0.006124424331168013,1.7903857068006555,True,True,False
medium_density_WIN_medium_06c88f36f2251a5e,medium_density,medium,density,WIN_medium_06c88f36f2251a5e,MG1655,2916800,2923200,2920000,6400,0.007320087176315661,1.635483746814913,True,True,False
medium_density_WIN_medium_f5d301113d97b7e9,medium_density,medium,density,WIN_medium_f5d301113d97b7e9,MG1655,1903200,1909600,1906400,6400,0.007677372199896725,1.5940910616566881,True,True,False
medium_density_WIN_medium_346387be2b099558,medium_density,medium,density,WIN_medium_346387be2b099558,MG1655,3637600,3644000,3640800,6400,0.009820927516479764,1.8573324964312712,True,True,False
medium_density_WIN_medium_2a9d81d3bdd274bf,medium_density,medium,density,WIN_medium_2a9d81d3bdd274bf,MG1655,4178400,4184800,4181600,6400,0.010607814108694038,1.7903857068006555,True,True,False
medium_density_WIN_medium_e7685de3517b28c9,medium_density,medium,density,WIN_medium_e7685de3517b28c9,MG1655,1146400,1152800,1149600,6400,0.011340230290662789,1.8573324964312712,True,True,False
medium_density_WIN_medium_c5adeba78ba6bb6d,medium_density,medium,density,WIN_medium_c5adeba78ba6bb6d,MG1655,3307200,3313600,3310400,6400,0.012248848662336026,1.7903857068006555,True,True,False
medium_density_WIN_medium_37d7e4063e490b79,medium_density,medium,density,WIN_medium_37d7e4063e490b79,MG1655,124800,131200,128000,6400,0.013297598718837969,1.5940910616566881,True,True,False
medium_density_WIN_medium_4170065a80065ce8,medium_density,medium,density,WIN_medium_4170065a80065ce8,MG1655,3531200,3537600,3534400,6400,0.0162037037037037,1.7903857068006555,True,True,False
medium_density_WIN_medium_251c6d59480c6fb2,medium_density,medium,density,WIN_medium_251c6d59480c6fb2,MG1655,4016800,4023200,4020000,6400,0.0162037037037037,1.7903857068006555,True,True,False
medium_density_WIN_medium_ff6adfd6a59e1d90,medium_density,medium,density,WIN_medium_ff6adfd6a59e1d90,MG1655,1796800,1803200,1800000,6400,0.01880564445517575,1.5940910616566881,True,True,False
medium_density_WIN_medium_382e19641d0e5691,medium_density,medium,density,WIN_medium_382e19641d0e5691,MG1655,1258400,1264800,1261600,6400,0.020312417563407664,1.5940910616566881,True,True,False
medium_density_WIN_medium_4f41e5dd267bff8e,medium_density,medium,density,WIN_medium_4f41e5dd267bff8e,MG1655,4248800,4255200,4252000,6400,0.020443890894277325,1.5215403945080765,True,True,False
medium_density_WIN_medium_f21a545d21ec35ac,medium_density,medium,density,WIN_medium_f21a545d21ec35ac,MG1655,3348800,3355200,3352000,6400,0.021714887776960283,1.5940910616566881,True,True,False
medium_density_WIN_medium_6de0b8c9a6adb892,medium_density,medium,density,WIN_medium_6de0b8c9a6adb892,MG1655,3964000,3970400,3967200,6400,0.021714887776960283,1.5940910616566881,True,True,False
medium_density_WIN_medium_dc881e22d0f7771d,medium_density,medium,density,WIN_medium_dc881e22d0f7771d,MG1655,1292000,1298400,1295200,6400,0.02427798259653123,1.5940910616566881,True,True,False
medium_density_WIN_medium_2c4ffdfddefdeff5,medium_density,medium,density,WIN_medium_2c4ffdfddefdeff5,MG1655,87200,93600,90400,6400,0.0254629629629629,1.5940910616566881,True,True,False
medium_density_WIN_medium_c6af0b58ee351b0f,medium_density,medium,density,WIN_medium_c6af0b58ee351b0f,MG1655,3041600,3048000,3044800,6400,0.0254629629629629,1.5940910616566881,True,True,False
medium_density_WIN_medium_0b84723b36979b73,medium_density,medium,density,WIN_medium_0b84723b36979b73,MG1655,3068000,3074400,3071200,6400,0.0254629629629629,1.5940910616566881,True,True,False
medium_density_WIN_medium_1988a166094961f6,medium_density,medium,density,WIN_medium_1988a166094961f6,MG1655,3735200,3741600,3738400,6400,0.0254629629629629,1.5940910616566881,True,True,False
medium_density_WIN_medium_246b3f36d872a355,medium_density,medium,density,WIN_medium_246b3f36d872a355,MG1655,3918400,3924800,3921600,6400,0.0254629629629629,1.5940910616566881,True,True,False
medium_density_WIN_medium_c7e803997122451b,medium_density,medium,density,WIN_medium_c7e803997122451b,MG1655,3985600,3992000,3988800,6400,0.0254629629629629,1.5940910616566881,True,True,False
medium_density_WIN_medium_b5b389e373488f5a,medium_density,medium,density,WIN_medium_b5b389e373488f5a,MG1655,321600,328000,324800,6400,0.026595197437675987,1.5563025007672884,True,True,False
medium_density_WIN_medium_1deb7b4370ee60b7,medium_density,medium,density,WIN_medium_1deb7b4370ee60b7,MG1655,4020000,4026400,4023200,6400,0.026595197437675987,1.5563025007672884,True,True,False
medium_density_WIN_medium_80bc6eeca7944937,medium_density,medium,density,WIN_medium_80bc6eeca7944937,MG1655,195200,201600,198400,6400,0.027681159127549457,1.5215403945080765,True,True,False
medium_density_WIN_medium_ead1ecc27fc0b6a9,medium_density,medium,density,WIN_medium_ead1ecc27fc0b6a9,MG1655,982400,988800,985600,6400,0.027681159127549457,1.5215403945080765,True,True,False
medium_density_WIN_medium_8fcfed202c9af385,medium_density,medium,density,WIN_medium_8fcfed202c9af385,MG1655,1153600,1160000,1156800,6400,0.027681159127549457,1.5215403945080765,True,True,False
medium_density_WIN_medium_62333e374a11bd5e,medium_density,medium,density,WIN_medium_62333e374a11bd5e,MG1655,3800000,3806400,3803200,6400,0.028350575726657116,1.459392487759231,True,True,False
medium_density_WIN_medium_ceadfd80ba307ffb,medium_density,medium,density,WIN_medium_ceadfd80ba307ffb,MG1655,1140800,1147200,1144000,6400,0.028726096402756574,1.4893557111366742,True,True,False
medium_density_WIN_medium_2c89231893e5ff99,medium_density,medium,density,WIN_medium_2c89231893e5ff99,MG1655,2174400,2180800,2177600,6400,0.028726096402756574,1.4893557111366742,True,True,False
medium_density_WIN_medium_cd921bd5db6d9880,medium_density,medium,density,WIN_medium_cd921bd5db6d9880,MG1655,4080000,4086400,4083200,6400,0.028726096402756574,1.4893557111366742,True,True,False
medium_density_WIN_medium_ced3900fa12c3b37,medium_density,medium,density,WIN_medium_ced3900fa12c3b37,MG1655,4368000,4374400,4371200,6400,0.028726096402756574,1.4893557111366742,True,True,False
medium_density_WIN_medium_61fe484ccd51f97d,medium_density,medium,density,WIN_medium_61fe484ccd51f97d,MG1655,3863200,3869600,3866400,6400,0.029734334672835903,1.459392487759231,True,True,False
medium_density_WIN_medium_7c94235a76ce4d77,medium_density,medium,density,WIN_medium_7c94235a76ce4d77,MG1655,3175200,3181600,3178400,6400,0.030003429159295603,1.4893557111366742,True,True,False
medium_density_WIN_medium_6f357c0815357c0c,medium_density,medium,density,WIN_medium_6f357c0815357c0c,MG1655,427200,433600,430400,6400,0.0324074074074074,1.4893557111366742,True,True,False
medium_density_WIN_medium_b9660d45e62de38b,medium_density,medium,density,WIN_medium_b9660d45e62de38b,MG1655,2103200,2109600,2106400,6400,0.033464889571298444,1.356730145862084,True,True,False
medium_density_WIN_medium_f8e132498bf559f7,medium_density,medium,density,WIN_medium_f8e132498bf559f7,MG1655,933600,940000,936800,6400,0.0346449758034624,1.4313637641589878,True,True,False
medium_density_WIN_medium_c86b505d68ac8fd5,medium_density,medium,density,WIN_medium_c86b505d68ac8fd5,MG1655,3446400,3452800,3449600,6400,0.0346449758034624,1.4313637641589878,True,True,False
medium_density_WIN_medium_bf1129b507ae2eae,medium_density,medium,density,WIN_medium_bf1129b507ae2eae,MG1655,3484800,3491200,3488000,6400,0.0347222222222222,1.459392487759231,True,True,False
medium_density_WIN_medium_0d56f95a2682a9ec,medium_density,medium,density,WIN_medium_0d56f95a2682a9ec,MG1655,1304800,1311200,1308000,6400,0.035409857733283145,1.3802112417116068,True,True,False
medium_density_WIN_medium_e3017abdbd1e7af6,medium_density,medium,density,WIN_medium_e3017abdbd1e7af6,MG1655,1156800,1163200,1160000,6400,0.03571122365866088,1.4050348254366387,True,True,False
medium_density_WIN_medium_3a284b427c4cec79,medium_density,medium,density,WIN_medium_3a284b427c4cec79,MG1655,3324800,3331200,3328000,6400,0.03571122365866088,1.4050348254366387,True,True,False
medium_density_WIN_medium_b6bc0b292638f2d3,medium_density,medium,density,WIN_medium_b6bc0b292638f2d3,MG1655,118400,124800,121600,6400,0.036010067560425976,1.293061065992706,True,False,False
medium_density_WIN_medium_0e11a8d625cc99a7,medium_density,medium,density,WIN_medium_0e11a8d625cc99a7,MG1655,2719200,2725600,2722400,6400,0.03674654598700817,1.3802112417116068,True,True,False
medium_density_WIN_medium_cb556029fc67b233,medium_density,medium,density,WIN_medium_cb556029fc67b233,MG1655,3912000,3918400,3915200,6400,0.03696462829322059,1.4050348254366387,True,True,False
medium_density_WIN_medium_d251c094d6fd39a1,medium_density,medium,density,WIN_medium_d251c094d6fd39a1,MG1655,3599200,3605600,3602400,6400,0.03817690394090422,1.4050348254366387,True,True,False
medium_density_WIN_medium_05285cd8a7e424ae,medium_density,medium,density,WIN_medium_05285cd8a7e424ae,MG1655,2171200,2177600,2174400,6400,0.03873426048768863,1.3344537511509318,True,True,True
medium_density_WIN_medium_de94871bb34649ea,medium_density,medium,density,WIN_medium_de94871bb34649ea,MG1655,2257600,2264000,2260800,6400,0.03907857179660674,1.356730145862084,True,True,False
medium_density_WIN_medium_b4ff96d4e3cf5013,medium_density,medium,density,WIN_medium_b4ff96d4e3cf5013,MG1655,1800000,1806400,1803200,6400,0.03969080601732,1.3132644520809929,True,True,False
medium_density_WIN_medium_f9407fe31c43b65b,medium_density,medium,density,WIN_medium_f9407fe31c43b65b,MG1655,3053600,3060000,3056800,6400,0.04036017540315433,1.356730145862084,True,True,False
medium_density_WIN_medium_650cd6f16ea67706,medium_density,medium,density,WIN_medium_650cd6f16ea67706,MG1655,2920000,2926400,2923200,6400,0.04108388738263621,1.3132644520809929,True,True,False
medium_density_WIN_medium_86033b3383d1016d,medium_density,medium,density,WIN_medium_86033b3383d1016d,MG1655,3988800,3995200,3992000,6400,0.0416666666666666,1.3802112417116068,True,True,False
medium_density_WIN_medium_c52c8d9ff0220fee,medium_density,medium,density,WIN_medium_c52c8d9ff0220fee,MG1655,949600,956000,952800,6400,0.04243125643477627,1.2552725051033065,True,False,False
medium_density_WIN_medium_e11467cc68324b98,medium_density,medium,density,WIN_medium_e11467cc68324b98,MG1655,3342400,3348800,3345600,6400,0.042808430576173374,1.356730145862084,True,True,False
medium_density_WIN_medium_74e59ceff979cb33,medium_density,medium,density,WIN_medium_74e59ceff979cb33,MG1655,4253600,4260000,4256800,6400,0.042808430576173374,1.356730145862084,True,True,False
medium_density_WIN_medium_46a7c5285e667ac9,medium_density,medium,density,WIN_medium_46a7c5285e667ac9,MG1655,198400,204800,201600,6400,0.0439814814814814,1.356730145862084,True,True,False
medium_density_WIN_medium_e7593a04b447eb7b,medium_density,medium,density,WIN_medium_e7593a04b447eb7b,MG1655,3796800,3803200,3800000,6400,0.045005143738943466,1.2041199826559248,True,False,False
medium_density_WIN_medium_a147ff2fc18aee26,medium_density,medium,density,WIN_medium_a147ff2fc18aee26,MG1655,90400,96800,93600,6400,0.045124047892634,1.3344537511509318,True,True,False
medium_density_WIN_medium_77f318b1e6947e1b,medium_density,medium,density,WIN_medium_77f318b1e6947e1b,MG1655,2559200,2565600,2562400,6400,0.045124047892634,1.3344537511509318,True,True,False
medium_density_WIN_medium_5fea8182385bd735,medium_density,medium,density,WIN_medium_5fea8182385bd735,MG1655,3932000,3938400,3935200,6400,0.045124047892634,1.3344537511509318,True,True,False
medium_density_WIN_medium_a139f76183e62ca3,medium_density,medium,density,WIN_medium_a139f76183e62ca3,MG1655,1149600,1156000,1152800,6400,0.0462383897116624,1.3132644520809929,True,True,False
medium_density_WIN_medium_0953f8fa3b1481fd,medium_density,medium,density,WIN_medium_0953f8fa3b1481fd,MG1655,1988800,1995200,1992000,6400,0.0462383897116624,1.3132644520809929,True,True,False
medium_density_WIN_medium_c458480832ceee71,medium_density,medium,density,WIN_medium_c458480832ceee71,MG1655,4268800,4275200,4272000,6400,0.0462383897116624,1.3132644520809929,True,True,False
medium_density_WIN_medium_2a0cf6d8dd6908e6,medium_density,medium,density,WIN_medium_2a0cf6d8dd6908e6,MG1655,2404800,2411200,2408000,6400,0.04732650069504826,1.293061065992706,True,False,False
medium_density_WIN_medium_9e6cee90120c82dd,medium_density,medium,density,WIN_medium_9e6cee90120c82dd,MG1655,3038400,3044800,3041600,6400,0.047439586879442525,1.3132644520809929,True,True,False
medium_density_WIN_medium_6e34cd37dfb2d393,medium_density,medium,density,WIN_medium_6e34cd37dfb2d393,MG1655,456800,463200,460000,6400,0.04855596519306251,1.293061065992706,True,False,False
medium_density_WIN_medium_b967bd34ba0de4a2,medium_density,medium,density,WIN_medium_b967bd34ba0de4a2,MG1655,3704800,3711200,3708000,6400,0.04855596519306251,1.293061065992706,True,False,False
medium_density_WIN_medium_db0111045a89b81b,medium_density,medium,density,WIN_medium_db0111045a89b81b,MG1655,4403200,4409600,4406400,6400,0.04855596519306251,1.293061065992706,True,False,False
medium_density_WIN_medium_f2cfef0e37798b01,medium_density,medium,density,WIN_medium_f2cfef0e37798b01,MG1655,4183200,4189600,4186400,6400,0.04964724673501664,1.2737559107973195,False,True,False
medium_shape_WIN_medium_34849288318c0cf0,medium_shape,medium,shape,WIN_medium_34849288318c0cf0,MG1655,3440000,3446400,3443200,6400,0.0023148148148148,2.635483746814915,True,True,False
medium_shape_WIN_medium_938363d138f81c9b,medium_shape,medium,shape,WIN_medium_938363d138f81c9b,MG1655,1300000,1306400,1303200,6400,0.0032736425054932547,2.334453751150934,True,True,True
medium_shape_WIN_medium_a7ac1e3841676800,medium_shape,medium,shape,WIN_medium_a7ac1e3841676800,MG1655,4245600,4252000,4248800,6400,0.00517608328124948,1.936513742478896,True,True,False
medium_shape_WIN_medium_72462bc6e6a505eb,medium_shape,medium,shape,WIN_medium_72462bc6e6a505eb,MG1655,732800,739200,736000,6400,0.006547285010986509,2.0334237554869525,True,True,True
medium_shape_WIN_medium_2074db0063e642ec,medium_shape,medium,shape,WIN_medium_2074db0063e642ec,MG1655,606400,612800,609600,6400,0.008018753738744751,2.0334237554869525,True,True,True
medium_shape_WIN_medium_69f8ce840bdff13b,medium_shape,medium,shape,WIN_medium_69f8ce840bdff13b,MG1655,1093600,1100000,1096800,6400,0.0092592592592592,2.0334237554869525,True,True,True
medium_shape_WIN_medium_841f8e0b6b388d25,medium_shape,medium,shape,WIN_medium_841f8e0b6b388d25,MG1655,1120000,1126400,1123200,6400,0.0092592592592592,2.0334237554869525,True,True,False
medium_shape_WIN_medium_4c05b52b2a077f7d,medium_shape,medium,shape,WIN_medium_4c05b52b2a077f7d,MG1655,1572000,1578400,1575200,6400,0.009820927516479764,1.8573324964312712,True,True,False
medium_shape_WIN_medium_edaf651bfe63d055,medium_shape,medium,shape,WIN_medium_edaf651bfe63d055,MG1655,1350400,1356800,1353600,6400,0.01035216656249896,1.936513742478896,True,True,False
medium_shape_WIN_medium_1fadde2661eb2d73,medium_shape,medium,shape,WIN_medium_1fadde2661eb2d73,MG1655,3565600,3572000,3568800,6400,0.012248848662336026,1.7903857068006555,True,True,False
medium_shape_WIN_medium_7aca2e6a5390ce93,medium_shape,medium,shape,WIN_medium_7aca2e6a5390ce93,MG1655,2545600,2552000,2548800,6400,0.012678762905212098,1.8573324964312712,True,True,False
medium_shape_WIN_medium_cab20ce494f934ae,medium_shape,medium,shape,WIN_medium_cab20ce494f934ae,MG1655,1134400,1140800,1137600,6400,0.013694629127545361,1.7903857068006555,True,True,False
medium_shape_WIN_medium_9697c241a6fe2234,medium_shape,medium,shape,WIN_medium_9697c241a6fe2234,MG1655,328000,334400,331200,6400,0.014640174352631331,1.7323937598229688,True,True,False
medium_shape_WIN_medium_bec60358e594d0c7,medium_shape,medium,shape,WIN_medium_bec60358e594d0c7,MG1655,1239200,1245600,1242400,6400,0.014640174352631331,1.7323937598229688,True,True,False
medium_shape_WIN_medium_df0e1cc36a1cc71d,medium_shape,medium,shape,WIN_medium_df0e1cc36a1cc71d,MG1655,1616000,1622400,1619200,6400,0.014640174352631331,1.7323937598229688,True,True,False
medium_shape_WIN_medium_393d45e5dd045776,medium_shape,medium,shape,WIN_medium_393d45e5dd045776,MG1655,447200,453600,450400,6400,0.015001714579647774,1.7903857068006555,True,True,False
medium_shape_WIN_medium_844e0f6d294690c8,medium_shape,medium,shape,WIN_medium_844e0f6d294690c8,MG1655,1939200,1945600,1942400,6400,0.015528249843748478,1.6812412373755878,True,True,False
medium_shape_WIN_medium_ba53b2068049074c,medium_shape,medium,shape,WIN_medium_ba53b2068049074c,MG1655,2237600,2244000,2240800,6400,0.01636821252746631,1.635483746814913,True,True,False
medium_shape_WIN_medium_4203e6e1784331a9,medium_shape,medium,shape,WIN_medium_4203e6e1784331a9,MG1655,2876800,2883200,2880000,6400,0.017010345435994226,1.6812412373755878,True,True,False
medium_shape_WIN_medium_aad1fc1e5f65ee1c,medium_shape,medium,shape,WIN_medium_aad1fc1e5f65ee1c,MG1655,999200,1005600,1002400,6400,0.01793047845466389,1.635483746814913,True,True,False
medium_shape_WIN_medium_b9fae5b00d9c1f52,medium_shape,medium,shape,WIN_medium_b9fae5b00d9c1f52,MG1655,1500000,1506400,1503200,6400,0.019367130243844316,1.635483746814913,True,True,False
medium_shape_WIN_medium_b1c6ba4fc68e30ab,medium_shape,medium,shape,WIN_medium_b1c6ba4fc68e30ab,MG1655,662400,668800,665600,6400,0.020443890894277325,1.5215403945080765,True,True,False
medium_shape_WIN_medium_fb8a7debccdd768d,medium_shape,medium,shape,WIN_medium_fb8a7debccdd768d,MG1655,901600,908000,904800,6400,0.020704333124997976,1.4313637641589878,True,True,False
medium_shape_WIN_medium_3fe5e382d6771e37,medium_shape,medium,shape,WIN_medium_3fe5e382d6771e37,MG1655,172000,178400,175200,6400,0.02070433312499802,1.635483746814913,True,True,False
medium_shape_WIN_medium_3cafa9f0fd701f7e,medium_shape,medium,shape,WIN_medium_3cafa9f0fd701f7e,MG1655,964000,970400,967200,6400,0.02070433312499802,1.635483746814913,True,True,False
medium_shape_WIN_medium_935ecc5549da3f55,medium_shape,medium,shape,WIN_medium_935ecc5549da3f55,MG1655,3974400,3980800,3977600,6400,0.02070433312499802,1.635483746814913,True,True,False
medium_shape_WIN_medium_dccd945db0278097,medium_shape,medium,shape,WIN_medium_dccd945db0278097,MG1655,970400,976800,973600,6400,0.021215628217388077,1.4893557111366742,True,True,False
medium_shape_WIN_medium_cf8170b576964955,medium_shape,medium,shape,WIN_medium_cf8170b576964955,MG1655,1131200,1137600,1134400,6400,0.023606571822188727,1.2205103988440948,True,False,False
medium_shape_WIN_medium_a6baeab96e16b0aa,medium_shape,medium,shape,WIN_medium_a6baeab96e16b0aa,MG1655,2272800,2279200,2276000,6400,0.02618914004394618,1.4313637641589878,True,True,False
medium_shape_WIN_medium_0ff0b914a1d639fd,medium_shape,medium,shape,WIN_medium_0ff0b914a1d639fd,MG1655,837600,844000,840800,6400,0.02719291695479326,1.2737559107973195,False,True,False
medium_shape_WIN_medium_8c717a1cbfea252d,medium_shape,medium,shape,WIN_medium_8c717a1cbfea252d,MG1655,1968800,1975200,1972000,6400,0.02719291695479326,1.2737559107973195,True,False,False
medium_shape_WIN_medium_3b5e9ff1468bb499,medium_shape,medium,shape,WIN_medium_3b5e9ff1468bb499,MG1655,1509600,1516000,1512800,6400,0.027389258255090723,1.188325715472693,True,False,False
medium_shape_WIN_medium_2bc5233a2d51cfef,medium_shape,medium,shape,WIN_medium_2bc5233a2d51cfef,MG1655,3432800,3439200,3436000,6400,0.02738925825509078,1.3344537511509318,True,True,False
medium_shape_WIN_medium_677b470b795b63bf,medium_shape,medium,shape,WIN_medium_677b470b795b63bf,MG1655,1506400,1512800,1509600,6400,0.029280348705262724,1.4313637641589878,True,True,False
medium_shape_WIN_medium_41567cbcd9bfe5dc,medium_shape,medium,shape,WIN_medium_41567cbcd9bfe5dc,MG1655,1612800,1619200,1616000,6400,0.03000342915929563,1.3132644520809929,True,True,False
medium_shape_WIN_medium_a6fb3219948d26fa,medium_shape,medium,shape,WIN_medium_a6fb3219948d26fa,MG1655,4469600,4476000,4472800,6400,0.030181492616678875,1.4050348254366387,True,True,False
medium_shape_WIN_medium_44d38e87e24ca9a2,medium_shape,medium,shape,WIN_medium_44d38e87e24ca9a2,MG1655,1748000,1754400,1751200,6400,0.03232462973094657,1.459392487759231,True,True,False
medium_shape_WIN_medium_a2002fab7ad0b632,medium_shape,medium,shape,WIN_medium_a2002fab7ad0b632,MG1655,3396000,3402400,3399200,6400,0.03257233166544045,1.293061065992706,True,False,False
medium_shape_WIN_medium_b62d798866ddfdef,medium_shape,medium,shape,WIN_medium_b62d798866ddfdef,MG1655,1190400,1196800,1193600,6400,0.033544853579142206,1.459392487759231,True,True,False
medium_shape_WIN_medium_5aee5f2b276f152d,medium_shape,medium,shape,WIN_medium_5aee5f2b276f152d,MG1655,1478400,1484800,1481600,6400,0.033544853579142206,1.459392487759231,True,True,False
medium_shape_WIN_medium_6d5dd8071a4bf507,medium_shape,medium,shape,WIN_medium_6d5dd8071a4bf507,MG1655,331200,337600,334400,6400,0.03402069087198857,1.2041199826559248,True,False,False
medium_shape_WIN_medium_1aee286a3752ddc3,medium_shape,medium,shape,WIN_medium_1aee286a3752ddc3,MG1655,1589600,1596000,1592800,6400,0.03409935153392645,1.1441220529806397,False,True,False
medium_shape_WIN_medium_6518576628f7c007,medium_shape,medium,shape,WIN_medium_6518576628f7c007,MG1655,503200,509600,506400,6400,0.03510590483357194,1.2737559107973195,True,False,False
medium_shape_WIN_medium_ab2e46bfcfa47baf,medium_shape,medium,shape,WIN_medium_ab2e46bfcfa47baf,MG1655,1600000,1606400,1603200,6400,0.03586095690932782,0.9542425094393249,True,False,False
medium_shape_WIN_medium_bb5c6da48279c475,medium_shape,medium,shape,WIN_medium_bb5c6da48279c475,MG1655,3875200,3881600,3878400,6400,0.035860956909327904,1.4313637641589878,True,True,False
medium_shape_WIN_medium_2d9595bf075eb964,medium_shape,medium,shape,WIN_medium_2d9595bf075eb964,MG1655,3559200,3565600,3562400,6400,0.0376112889103516,1.2552725051033065,False,True,False
medium_shape_WIN_medium_fbcecc7f4005c997,medium_shape,medium,shape,WIN_medium_fbcecc7f4005c997,MG1655,785600,792000,788800,6400,0.038036288715636496,1.2041199826559248,False,True,False
medium_shape_WIN_medium_df526daee1ed4176,medium_shape,medium,shape,WIN_medium_df526daee1ed4176,MG1655,2979200,2985600,2982400,6400,0.03838686099948367,0.8951210573206683,True,False,False
medium_shape_WIN_medium_fc79ba71a32361f0,medium_shape,medium,shape,WIN_medium_fc79ba71a32361f0,MG1655,1916000,1922400,1919200,6400,0.03928371006591918,0.9542425094393249,True,False,False
medium_shape_WIN_medium_7edf7c94d54d559e,medium_shape,medium,shape,WIN_medium_7edf7c94d54d559e,MG1655,2968800,2975200,2972000,6400,0.03989279615651404,1.2041199826559248,True,False,False
medium_shape_WIN_medium_622a2ef3ac3d0081,medium_shape,medium,shape,WIN_medium_622a2ef3ac3d0081,MG1655,1104000,1110400,1107200,6400,0.04002688996710775,1.2737559107973195,False,True,False
medium_shape_WIN_medium_67f5cdfb55cd06d7,medium_shape,medium,shape,WIN_medium_67f5cdfb55cd06d7,MG1655,2489600,2496000,2492800,6400,0.04009376869372387,0.9365137424788934,True,False,False
medium_shape_WIN_medium_21eea3465a0fb76a,medium_shape,medium,shape,WIN_medium_21eea3465a0fb76a,MG1655,2219200,2225600,2222400,6400,0.04062483512681536,1.293061065992706,False,True,False
medium_shape_WIN_medium_2096edc374721e03,medium_shape,medium,shape,WIN_medium_2096edc374721e03,MG1655,2475200,2481600,2478400,6400,0.04140866624999604,1.3344537511509318,True,True,False
medium_shape_WIN_medium_262de9cff04d788b,medium_shape,medium,shape,WIN_medium_262de9cff04d788b,MG1655,1404800,1411200,1408000,6400,0.04166666666666661,1.2041199826559248,True,False,False
medium_shape_WIN_medium_bca0c4c1d62df410,medium_shape,medium,shape,WIN_medium_bca0c4c1d62df410,MG1655,888000,894400,891200,6400,0.04243125643477615,0.8872957198087118,False,True,False
medium_shape_WIN_medium_41a56a05757dae11,medium_shape,medium,shape,WIN_medium_41a56a05757dae11,MG1655,1854400,1860800,1857600,6400,0.04452635199460953,1.0672820227479174,False,True,False
medium_shape_WIN_medium_363e1a94f09333e9,medium_shape,medium,shape,WIN_medium_363e1a94f09333e9,MG1655,1704000,1710400,1707200,6400,0.04488592460570673,0.9633858888791946,False,True,False
medium_shape_WIN_medium_108fdd19222317e7,medium_shape,medium,shape,WIN_medium_108fdd19222317e7,MG1655,2028800,2035200,2032000,6400,0.0453609211626514,1.2552725051033065,False,True,False
medium_shape_WIN_medium_9bda3e1f3f4f17db,medium_shape,medium,shape,WIN_medium_9bda3e1f3f4f17db,MG1655,3272800,3279200,3276000,6400,0.046296296296296155,0.03342375548694965,False,True,False
medium_shape_WIN_medium_62441dd56c4d1b91,medium_shape,medium,shape,WIN_medium_62441dd56c4d1b91,MG1655,1323200,1329600,1326400,6400,0.046584749531245605,1.2041199826559248,True,False,False
medium_shape_WIN_medium_1af150760337e993,medium_shape,medium,shape,WIN_medium_1af150760337e993,MG1655,2249600,2256000,2252800,6400,0.046584749531245605,1.2041199826559248,False,True,False
medium_shape_WIN_medium_f3bba8377013330a,medium_shape,medium,shape,WIN_medium_f3bba8377013330a,MG1655,484800,491200,488000,6400,0.04704259590949436,0.8646317351727681,False,True,False
medium_shape_WIN_medium_d80f913cea9c699e,medium_shape,medium,shape,WIN_medium_d80f913cea9c699e,MG1655,219200,225600,222400,6400,0.047552404130032574,0.01017129585323818,False,True,True
medium_shape_WIN_medium_787b7677541cb885,medium_shape,medium,shape,WIN_medium_787b7677541cb885,MG1655,1204000,1210400,1207200,6400,0.04855596519306251,0.9920310703287248,False,True,False
medium_shape_WIN_medium_36f97cd6492b1a1e,medium_shape,medium,shape,WIN_medium_36f97cd6492b1a1e,MG1655,1820000,1826400,1823200,6400,0.04855596519306251,0.9920310703287248,False,True,False
medium_shape_WIN_medium_77cfeb98c64b208d,medium_shape,medium,shape,WIN_medium_77cfeb98c64b208d,MG1655,1832800,1839200,1836000,6400,0.04855596519306251,0.9920310703287248,False,True,False
medium_shape_WIN_medium_2d3dfad4a7c0efe2,medium_shape,medium,shape,WIN_medium_2d3dfad4a7c0efe2,MG1655,790400,796800,793600,6400,0.048555965193062545,0.8951210573206683,True,False,False
medium_shape_WIN_medium_7a3f9f13ffe38e50,medium_shape,medium,shape,WIN_medium_7a3f9f13ffe38e50,MG1655,2316800,2323200,2320000,6400,0.04899539464934424,1.188325715472693,True,False,False
medium_shape_WIN_medium_114657ff6e6522b1,medium_shape,medium,shape,WIN_medium_114657ff6e6522b1,MG1655,2601600,2608000,2604800,6400,0.04899539464934424,1.188325715472693,True,False,False
medium_shape_WIN_medium_bb46935949b1693e,medium_shape,medium,shape,WIN_medium_bb46935949b1693e,MG1655,1876800,1883200,1880000,6400,0.04975505847269599,1.293061065992706,True,False,False
medium_shape_WIN_medium_92edf821dbe41d04,medium_shape,medium,shape,WIN_medium_92edf821dbe41d04,MG1655,540800,547200,544000,6400,0.049755058472696005,0.8159398112730434,False,True,False
large_density_WIN_large_1fb23f35298700b3,large_density,large,density,WIN_large_1fb23f35298700b3,MG1655,96000,108800,102400,12800,0.0067567567567567,2.170261715394961,True,True,False
large_density_WIN_large_46678b7ab01f3ca4,large_density,large,density,WIN_large_46678b7ab01f3ca4,MG1655,1140800,1153600,1147200,12800,0.0067567567567567,2.170261715394961,True,True,False
large_density_WIN_large_384aff36fc256ce4,large_density,large,density,WIN_large_384aff36fc256ce4,MG1655,1147200,1160000,1153600,12800,0.0067567567567567,2.170261715394961,True,True,False
large_density_WIN_large_882912fac3775481,large_density,large,density,WIN_large_882912fac3775481,MG1655,1289600,1302400,1296000,12800,0.0067567567567567,2.170261715394961,True,True,True
large_density_WIN_large_3bdc678e9b14895d,large_density,large,density,WIN_large_3bdc678e9b14895d,MG1655,1296000,1308800,1302400,12800,0.0067567567567567,2.170261715394961,True,True,True
large_density_WIN_large_1e381733c83022bc,large_density,large,density,WIN_large_1e381733c83022bc,MG1655,2385600,2398400,2392000,12800,0.0067567567567567,2.170261715394961,True,True,False
large_density_WIN_large_691a1f2ecb89aa47,large_density,large,density,WIN_large_691a1f2ecb89aa47,MG1655,2392000,2404800,2398400,12800,0.0067567567567567,2.170261715394961,True,True,False
large_density_WIN_large_5cd037b837f4596b,large_density,large,density,WIN_large_5cd037b837f4596b,MG1655,2398400,2411200,2404800,12800,0.0067567567567567,2.170261715394961,True,True,False
large_density_WIN_large_bf81d1a9d467edd1,large_density,large,density,WIN_large_bf81d1a9d467edd1,MG1655,2524800,2537600,2531200,12800,0.0067567567567567,2.170261715394961,True,True,False
large_density_WIN_large_2ba98e1e14888079,large_density,large,density,WIN_large_2ba98e1e14888079,MG1655,3038400,3051200,3044800,12800,0.0067567567567567,2.170261715394961,True,True,False
large_density_WIN_large_ef699937a0f44452,large_density,large,density,WIN_large_ef699937a0f44452,MG1655,3044800,3057600,3051200,12800,0.0067567567567567,2.170261715394961,True,True,False
large_density_WIN_large_f8b86997d3d43c1e,large_density,large,density,WIN_large_f8b86997d3d43c1e,MG1655,3260800,3273600,3267200,12800,0.0067567567567567,2.170261715394961,True,True,False
large_density_WIN_large_ba657d4288ab726f,large_density,large,density,WIN_large_ba657d4288ab726f,MG1655,3267200,3280000,3273600,12800,0.0067567567567567,2.170261715394961,True,True,False
large_density_WIN_large_b4b11dcd7444d450,large_density,large,density,WIN_large_b4b11dcd7444d450,MG1655,3432000,3444800,3438400,12800,0.0067567567567567,2.170261715394961,True,True,False
large_density_WIN_large_0986760e2d3606f9,large_density,large,density,WIN_large_0986760e2d3606f9,MG1655,3438400,3451200,3444800,12800,0.0067567567567567,2.170261715394961,True,True,False
large_density_WIN_large_7b36f9564ab1f5d0,large_density,large,density,WIN_large_7b36f9564ab1f5d0,MG1655,3540800,3553600,3547200,12800,0.0067567567567567,2.170261715394961,True,True,False
large_density_WIN_large_7cf5fcec6165f654,large_density,large,density,WIN_large_7cf5fcec6165f654,MG1655,3547200,3560000,3553600,12800,0.0067567567567567,2.170261715394961,True,True,False
large_density_WIN_large_8527856c55ea5dc4,large_density,large,density,WIN_large_8527856c55ea5dc4,MG1655,3878400,3891200,3884800,12800,0.0067567567567567,2.170261715394961,True,True,False
large_density_WIN_large_ae72cc4674b07707,large_density,large,density,WIN_large_ae72cc4674b07707,MG1655,3884800,3897600,3891200,12800,0.0067567567567567,2.170261715394961,True,True,False
large_density_WIN_large_99e8b324fa03bd7e,large_density,large,density,WIN_large_99e8b324fa03bd7e,MG1655,3912000,3924800,3918400,12800,0.0067567567567567,2.170261715394961,True,True,False
large_density_WIN_large_d3746fb8964c4789,large_density,large,density,WIN_large_d3746fb8964c4789,MG1655,4174400,4187200,4180800,12800,0.0067567567567567,2.170261715394961,True,True,True
large_density_WIN_large_fbf21df45081ed43,large_density,large,density,WIN_large_fbf21df45081ed43,MG1655,4235200,4248000,4241600,12800,0.0067567567567567,2.170261715394961,True,True,False
large_density_WIN_large_6c9b6a2fee8e0395,large_density,large,density,WIN_large_6c9b6a2fee8e0395,MG1655,4241600,4254400,4248000,12800,0.0067567567567567,2.170261715394961,True,True,False
large_density_WIN_large_37faecfa195349ab,large_density,large,density,WIN_large_37faecfa195349ab,MG1655,4356800,4369600,4363200,12800,0.0067567567567567,2.170261715394961,True,True,False
large_density_WIN_large_afea1652d9bf6976,large_density,large,density,WIN_large_afea1652d9bf6976,MG1655,4363200,4376000,4369600,12800,0.0067567567567567,2.170261715394961,True,True,False
large_density_WIN_large_1d055c4c3fe496b9,large_density,large,density,WIN_large_1d055c4c3fe496b9,MG1655,4454400,4467200,4460800,12800,0.0067567567567567,2.170261715394961,True,True,False
large_density_WIN_large_b56ff5232428a903,large_density,large,density,WIN_large_b56ff5232428a903,MG1655,4460800,4473600,4467200,12800,0.0067567567567567,2.170261715394961,True,True,False
large_density_WIN_large_8b40fa903f6ae70c,large_density,large,density,WIN_large_8b40fa903f6ae70c,MG1655,768000,780800,774400,12800,0.009555497043061408,1.8692317197309767,True,True,False
large_density_WIN_large_dace7bbbb3f2f73f,large_density,large,density,WIN_large_dace7bbbb3f2f73f,MG1655,4248000,4260800,4254400,12800,0.009555497043061408,1.8692317197309767,True,True,False
large_density_WIN_large_0af56c50100a3c93,large_density,large,density,WIN_large_0af56c50100a3c93,MG1655,3342400,3355200,3348800,12800,0.0135135135135135,1.8692317197309767,True,True,False
large_density_WIN_large_a2ed62c0de764f3e,large_density,large,density,WIN_large_a2ed62c0de764f3e,MG1655,4016000,4028800,4022400,12800,0.0135135135135135,1.8692317197309767,True,True,False
large_density_WIN_large_db2ba283d05dee0d,large_density,large,density,WIN_large_db2ba283d05dee0d,MG1655,116800,129600,123200,12800,0.015108567415539037,1.4712917110589396,True,True,False
large_density_WIN_large_7316abf8259c674b,large_density,large,density,WIN_large_7316abf8259c674b,MG1655,761600,774400,768000,12800,0.021366740947083608,1.4712917110589396,True,True,False
large_density_WIN_large_31ff0a4fb8c8dbe4,large_density,large,density,WIN_large_31ff0a4fb8c8dbe4,MG1655,3321600,3334400,3328000,12800,0.021366740947083608,1.4712917110589396,True,True,False
large_density_WIN_large_39bff1ceb9edabc2,large_density,large,density,WIN_large_39bff1ceb9edabc2,MG1655,2916800,2929600,2923200,12800,0.023406091994173994,1.392110465011314,True,True,False
large_density_WIN_large_8d74b7e45c202d57,large_density,large,density,WIN_large_8d74b7e45c202d57,MG1655,3273600,3286400,3280000,12800,0.023406091994173994,1.392110465011314,True,True,False
large_density_WIN_large_38733b78f60426f8,large_density,large,density,WIN_large_38733b78f60426f8,MG1655,88000,100800,94400,12800,0.0337837837837837,1.4712917110589396,True,True,False
large_density_WIN_large_ac00278d6b2a0ee0,large_density,large,density,WIN_large_ac00278d6b2a0ee0,MG1655,102400,115200,108800,12800,0.0337837837837837,1.4712917110589396,True,True,False
large_density_WIN_large_40c370f55cf5dd92,large_density,large,density,WIN_large_40c370f55cf5dd92,MG1655,3553600,3566400,3560000,12800,0.0337837837837837,1.4712917110589396,True,True,False
large_density_WIN_large_7fdffc653cfffe11,large_density,large,density,WIN_large_7fdffc653cfffe11,MG1655,3985600,3998400,3992000,12800,0.0337837837837837,1.4712917110589396,True,True,False
large_density_WIN_large_59724aedb0158afb,large_density,large,density,WIN_large_59724aedb0158afb,MG1655,4395200,4408000,4401600,12800,0.0337837837837837,1.4712917110589396,True,True,False
large_density_WIN_large_c8942889e3ffa0fd,large_density,large,density,WIN_large_c8942889e3ffa0fd,MG1655,192000,204800,198400,12800,0.03700828091251116,1.392110465011314,True,True,False
large_density_WIN_large_fe2d1b35b80d270b,large_density,large,density,WIN_large_fe2d1b35b80d270b,MG1655,3307200,3320000,3313600,12800,0.03700828091251116,1.392110465011314,True,True,False
large_density_WIN_large_2d0238a38244d1e0,large_density,large,density,WIN_large_2d0238a38244d1e0,MG1655,1302400,1315200,1308800,12800,0.03997351204797033,1.3251636753807006,True,True,False
large_density_WIN_large_0f24c029e9b7ac14,large_density,large,density,WIN_large_0f24c029e9b7ac14,MG1655,1896000,1908800,1902400,12800,0.042733481894167216,1.2671717284030142,True,False,False
large_density_WIN_large_baf3973e3fa38138,large_density,large,density,WIN_large_baf3973e3fa38138,MG1655,3795200,3808000,3801600,12800,0.042733481894167216,1.2671717284030142,True,False,False
large_density_WIN_large_a5ff12243f9e3166,large_density,large,density,WIN_large_a5ff12243f9e3166,MG1655,3315200,3328000,3321600,12800,0.04378878850275579,1.3251636753807006,True,True,False
large_density_WIN_large_64f0555a7d12ecfa,large_density,large,density,WIN_large_64f0555a7d12ecfa,MG1655,1798400,1811200,1804800,12800,0.04681218398834799,1.2671717284030142,True,False,False
large_density_WIN_large_79886602b17dd54b,large_density,large,density,WIN_large_79886602b17dd54b,MG1655,2910400,2923200,2916800,12800,0.04681218398834799,1.2671717284030142,False,True,False
large_density_WIN_large_e7c79ff20874676c,large_density,large,density,WIN_large_e7c79ff20874676c,MG1655,1790400,1803200,1796800,12800,0.0472972972972973,1.3251636753807006,True,True,False
large_density_WIN_large_7a03fdc640e71e88,large_density,large,density,WIN_large_7a03fdc640e71e88,MG1655,3172800,3185600,3179200,12800,0.0472972972972973,1.3251636753807006,True,True,False
large_shape_WIN_large_70e734eccd7094f2,large_shape,large,shape,WIN_large_70e734eccd7094f2,MG1655,262400,275200,268800,12800,0.0067567567567567,2.170261715394961,True,True,True
large_shape_WIN_large_30adab270e4a6cbb,large_shape,large,shape,WIN_large_30adab270e4a6cbb,MG1655,409600,422400,416000,12800,0.0067567567567567,2.170261715394961,True,True,False
large_shape_WIN_large_0b87030738b99222,large_shape,large,shape,WIN_large_0b87030738b99222,MG1655,731200,744000,737600,12800,0.0067567567567567,2.170261715394961,True,True,True
large_shape_WIN_large_19639d02a0421e81,large_shape,large,shape,WIN_large_19639d02a0421e81,MG1655,788800,801600,795200,12800,0.0067567567567567,2.170261715394961,True,True,False
large_shape_WIN_large_2eb7b9fd30f34e19,large_shape,large,shape,WIN_large_2eb7b9fd30f34e19,MG1655,969600,982400,976000,12800,0.0067567567567567,2.170261715394961,True,True,False
large_shape_WIN_large_ba6ad105005ad321,large_shape,large,shape,WIN_large_ba6ad105005ad321,MG1655,1113600,1126400,1120000,12800,0.0067567567567567,2.170261715394961,True,True,False
large_shape_WIN_large_a85f97d2a7fb300b,large_shape,large,shape,WIN_large_a85f97d2a7fb300b,MG1655,1126400,1139200,1132800,12800,0.0067567567567567,2.170261715394961,True,True,False
large_shape_WIN_large_fb1c24d3cc0f66fa,large_shape,large,shape,WIN_large_fb1c24d3cc0f66fa,MG1655,1400000,1412800,1406400,12800,0.0067567567567567,2.170261715394961,True,True,False
large_shape_WIN_large_c0422c2cbe2c565e,large_shape,large,shape,WIN_large_c0422c2cbe2c565e,MG1655,1422400,1435200,1428800,12800,0.0067567567567567,2.170261715394961,True,True,True
large_shape_WIN_large_9bb3913524a24d1b,large_shape,large,shape,WIN_large_9bb3913524a24d1b,MG1655,1464000,1476800,1470400,12800,0.0067567567567567,2.170261715394961,True,True,True
large_shape_WIN_large_c19ad9920d1fdb18,large_shape,large,shape,WIN_large_c19ad9920d1fdb18,MG1655,1500800,1513600,1507200,12800,0.0067567567567567,2.170261715394961,True,True,False
large_shape_WIN_large_330baf2302459de6,large_shape,large,shape,WIN_large_330baf2302459de6,MG1655,1508800,1521600,1515200,12800,0.0067567567567567,2.170261715394961,True,True,False
large_shape_WIN_large_840c9773180d910c,large_shape,large,shape,WIN_large_840c9773180d910c,MG1655,1619200,1632000,1625600,12800,0.0067567567567567,2.170261715394961,True,True,False
large_shape_WIN_large_479d1b36d91b54cf,large_shape,large,shape,WIN_large_479d1b36d91b54cf,MG1655,1625600,1638400,1632000,12800,0.0067567567567567,2.170261715394961,True,True,True
large_shape_WIN_large_295cec602611b69d,large_shape,large,shape,WIN_large_295cec602611b69d,MG1655,1830400,1843200,1836800,12800,0.0067567567567567,2.170261715394961,True,True,False
large_shape_WIN_large_8a051bad7e65da5d,large_shape,large,shape,WIN_large_8a051bad7e65da5d,MG1655,2001600,2014400,2008000,12800,0.0067567567567567,2.170261715394961,True,True,False
large_shape_WIN_large_970c16aa8f5f1d82,large_shape,large,shape,WIN_large_970c16aa8f5f1d82,MG1655,2024000,2036800,2030400,12800,0.0067567567567567,2.170261715394961,True,True,False
large_shape_WIN_large_bb83ef64d5b248ea,large_shape,large,shape,WIN_large_bb83ef64d5b248ea,MG1655,2072000,2084800,2078400,12800,0.0067567567567567,2.170261715394961,True,True,False
large_shape_WIN_large_fb2374e25563edc4,large_shape,large,shape,WIN_large_fb2374e25563edc4,MG1655,2238400,2251200,2244800,12800,0.0067567567567567,2.170261715394961,True,True,False
large_shape_WIN_large_397f9abbf2d0a089,large_shape,large,shape,WIN_large_397f9abbf2d0a089,MG1655,2334400,2347200,2340800,12800,0.0067567567567567,2.170261715394961,True,True,False
large_shape_WIN_large_4fbcbbcd14482e07,large_shape,large,shape,WIN_large_4fbcbbcd14482e07,MG1655,2974400,2987200,2980800,12800,0.0067567567567567,2.170261715394961,True,True,False
large_shape_WIN_large_054b79e2e0e60523,large_shape,large,shape,WIN_large_054b79e2e0e60523,MG1655,3838400,3851200,3844800,12800,0.0067567567567567,2.170261715394961,True,True,False
large_shape_WIN_large_0932170805ce6a63,large_shape,large,shape,WIN_large_0932170805ce6a63,MG1655,4128000,4140800,4134400,12800,0.0067567567567567,2.170261715394961,True,True,False
large_shape_WIN_large_dfcc0da6b4136164,large_shape,large,shape,WIN_large_dfcc0da6b4136164,MG1655,4134400,4147200,4140800,12800,0.0067567567567567,2.170261715394961,True,True,False
large_shape_WIN_large_b12fe68bd5129184,large_shape,large,shape,WIN_large_b12fe68bd5129184,MG1655,4558400,4571200,4564800,12800,0.0067567567567567,2.170261715394961,True,True,False
large_shape_WIN_large_8f32c8affeab8647,large_shape,large,shape,WIN_large_8f32c8affeab8647,MG1655,209600,222400,216000,12800,0.01170304599708694,1.6931404606752964,True,True,False
large_shape_WIN_large_3123884949ba1bfc,large_shape,large,shape,WIN_large_3123884949ba1bfc,MG1655,828800,841600,835200,12800,0.01170304599708694,1.6931404606752964,True,True,False
large_shape_WIN_large_f7e972ecb8aeaf4f,large_shape,large,shape,WIN_large_f7e972ecb8aeaf4f,MG1655,835200,848000,841600,12800,0.01170304599708694,1.6931404606752964,True,True,False
large_shape_WIN_large_660f52497dcc31c3,large_shape,large,shape,WIN_large_660f52497dcc31c3,MG1655,862400,875200,868800,12800,0.01170304599708694,1.6931404606752964,True,True,False
large_shape_WIN_large_6bec4271a896e278,large_shape,large,shape,WIN_large_6bec4271a896e278,MG1655,1097600,1110400,1104000,12800,0.01170304599708694,1.6931404606752964,True,True,False
large_shape_WIN_large_c841891ede68b4f3,large_shape,large,shape,WIN_large_c841891ede68b4f3,MG1655,1236800,1249600,1243200,12800,0.01170304599708694,1.6931404606752964,True,True,False
large_shape_WIN_large_349f5a3dd7192e00,large_shape,large,shape,WIN_large_349f5a3dd7192e00,MG1655,1758400,1771200,1764800,12800,0.01170304599708694,1.6931404606752964,True,True,False
large_shape_WIN_large_8d014d78483ac2b0,large_shape,large,shape,WIN_large_8d014d78483ac2b0,MG1655,2216000,2228800,2222400,12800,0.01170304599708694,1.6931404606752964,True,True,False
large_shape_WIN_large_5df49e88674c6360,large_shape,large,shape,WIN_large_5df49e88674c6360,MG1655,2246400,2259200,2252800,12800,0.01170304599708694,1.6931404606752964,True,True,False
large_shape_WIN_large_4f37ad10f8e6adc7,large_shape,large,shape,WIN_large_4f37ad10f8e6adc7,MG1655,3086400,3099200,3092800,12800,0.01170304599708694,1.6931404606752964,True,True,False
large_shape_WIN_large_e33d2a2816df80a1,large_shape,large,shape,WIN_large_e33d2a2816df80a1,MG1655,3092800,3105600,3099200,12800,0.01170304599708694,1.6931404606752964,True,True,False
large_shape_WIN_large_b9077dcda2c0f4d9,large_shape,large,shape,WIN_large_b9077dcda2c0f4d9,MG1655,3744000,3756800,3750400,12800,0.01170304599708694,1.6931404606752964,True,True,False
large_shape_WIN_large_e6966d4324c24b7c,large_shape,large,shape,WIN_large_e6966d4324c24b7c,MG1655,3761600,3774400,3768000,12800,0.01170304599708694,1.6931404606752964,True,True,True
large_shape_WIN_large_2ee3774b1494295b,large_shape,large,shape,WIN_large_2ee3774b1494295b,MG1655,1684800,1697600,1691200,12800,0.01351351351351345,1.5682017240669954,True,True,False
large_shape_WIN_large_88e37d1fe8754a7c,large_shape,large,shape,WIN_large_88e37d1fe8754a7c,MG1655,1881600,1894400,1888000,12800,0.01351351351351345,1.5682017240669954,True,True,False
large_shape_WIN_large_e3e61cde604d2c99,large_shape,large,shape,WIN_large_e3e61cde604d2c99,MG1655,3409600,3422400,3416000,12800,0.015108567415539037,1.4712917110589396,True,True,False
large_shape_WIN_large_1765a42f8dd1e028,large_shape,large,shape,WIN_large_1765a42f8dd1e028,MG1655,880000,892800,886400,12800,0.016550606370156533,1.392110465011314,True,True,False
large_shape_WIN_large_142419c0cd6560f5,large_shape,large,shape,WIN_large_142419c0cd6560f5,MG1655,1611200,1624000,1617600,12800,0.016550606370156533,1.392110465011314,True,True,False
large_shape_WIN_large_6aff5827c4204a95,large_shape,large,shape,WIN_large_6aff5827c4204a95,MG1655,4606400,4619200,4612800,12800,0.016550606370156533,1.392110465011314,True,True,False
large_shape_WIN_large_4e0b3b0eef0578d6,large_shape,large,shape,WIN_large_4e0b3b0eef0578d6,MG1655,3393600,3406400,3400000,12800,0.01911099408612289,1.5682017240669954,True,True,False
large_shape_WIN_large_ca4a23657eb2f01e,large_shape,large,shape,WIN_large_ca4a23657eb2f01e,MG1655,488000,500800,494400,12800,0.020270270270270185,1.2160192059556325,True,False,False
large_shape_WIN_large_4801f24b32ecfa12,large_shape,large,shape,WIN_large_4801f24b32ecfa12,MG1655,1315200,1328000,1321600,12800,0.020270270270270185,1.2160192059556325,False,True,False
large_shape_WIN_large_90ea040468604a09,large_shape,large,shape,WIN_large_90ea040468604a09,MG1655,3499200,3512000,3505600,12800,0.0202702702702702,1.6931404606752964,True,True,False
large_shape_WIN_large_f80bd2a5cab5ad62,large_shape,large,shape,WIN_large_f80bd2a5cab5ad62,MG1655,38400,51200,44800,12800,0.021366740947083546,1.1702617153949577,False,True,False
large_shape_WIN_large_9abef0aed6a73c31,large_shape,large,shape,WIN_large_9abef0aed6a73c31,MG1655,3216000,3228800,3222400,12800,0.021366740947083546,1.1702617153949577,False,True,False
large_shape_WIN_large_5811fdbe28f125dc,large_shape,large,shape,WIN_large_5811fdbe28f125dc,MG1655,72000,84800,78400,12800,0.025281468829553552,1.0241336797167193,False,True,False
large_shape_WIN_large_288f242ef1f4ecc2,large_shape,large,shape,WIN_large_288f242ef1f4ecc2,MG1655,3281600,3294400,3288000,12800,0.025281468829553552,1.0241336797167193,True,False,False
large_shape_WIN_large_6dcb88d38a185c7d,large_shape,large,shape,WIN_large_6dcb88d38a185c7d,MG1655,4520000,4532800,4526400,12800,0.025281468829553552,1.0241336797167193,True,False,False
large_shape_WIN_large_465cc09c96d6ff6a,large_shape,large,shape,WIN_large_465cc09c96d6ff6a,MG1655,782400,795200,788800,12800,0.02616880639329328,1.4712917110589396,True,True,False
large_shape_WIN_large_3aac8bec5b9b34a7,large_shape,large,shape,WIN_large_3aac8bec5b9b34a7,MG1655,4281600,4294400,4288000,12800,0.027027027027026914,0.9661417327390326,False,True,False
large_shape_WIN_large_a8f8e98196078a73,large_shape,large,shape,WIN_large_a8f8e98196078a73,MG1655,3456000,3468800,3462400,12800,0.027027027027027,1.2671717284030142,False,True,False
large_shape_WIN_large_e8d0c3dc28e97fa3,large_shape,large,shape,WIN_large_e8d0c3dc28e97fa3,MG1655,2616000,2628800,2622400,12800,0.028666491129184235,0.9149892102916514,True,False,False
large_shape_WIN_large_18be99f9aee56efa,large_shape,large,shape,WIN_large_18be99f9aee56efa,MG1655,465600,478400,472000,12800,0.030963349290242106,1.3251636753807006,True,True,False
large_shape_WIN_large_6ab0be11655b79aa,large_shape,large,shape,WIN_large_6ab0be11655b79aa,MG1655,3224000,3236800,3230400,12800,0.0316919983771852,0.8278390345727513,False,True,False
large_shape_WIN_large_3ad3a5be063f324b,large_shape,large,shape,WIN_large_3ad3a5be063f324b,MG1655,3585600,3598400,3592000,12800,0.03310121274031314,1.2671717284030142,False,True,False
large_shape_WIN_large_7a3d50c8c4e74980,large_shape,large,shape,WIN_large_7a3d50c8c4e74980,MG1655,4590400,4603200,4596800,12800,0.03510913799126096,1.2160192059556325,True,False,False
large_shape_WIN_large_b3fdbaa469d7b4a5,large_shape,large,shape,WIN_large_b3fdbaa469d7b4a5,MG1655,1961600,1974400,1968000,12800,0.03822198817224578,1.2671717284030142,False,True,False
large_shape_WIN_large_901b8929bc6ca23a,large_shape,large,shape,WIN_large_901b8929bc6ca23a,MG1655,2577600,2590400,2584000,12800,0.040540540540540446,1.091080469347333,False,True,False
large_shape_WIN_large_fee0534d188aee98,large_shape,large,shape,WIN_large_fee0534d188aee98,MG1655,4612800,4625600,4619200,12800,0.042733481894167216,1.2671717284030142,False,True,False
large_shape_WIN_large_c07203f86b2adf36,large_shape,large,shape,WIN_large_c07203f86b2adf36,MG1655,1051200,1064000,1057600,12800,0.042733481894167244,1.1702617153949577,False,True,False
large_shape_WIN_large_f143f878107e696d,large_shape,large,shape,WIN_large_f143f878107e696d,MG1655,504000,516800,510400,12800,0.045325702246617264,0.9941704563392764,True,False,False
large_shape_WIN_large_4cd697fff4fd6bec,large_shape,large,shape,WIN_large_4cd697fff4fd6bec,MG1655,3156800,3169600,3163200,12800,0.04825289478745159,0.9398127940166837,True,False,False
large_shape_WIN_large_f78d629ba92a9fa2,large_shape,large,shape,WIN_large_f78d629ba92a9fa2,MG1655,272000,284800,278400,12800,0.04918993168432762,0.44598584579416833,True,False,True
large_shape_WIN_large_78bcfa394ccb3a9e,large_shape,large,shape,WIN_large_78bcfa394ccb3a9e,MG1655,4600000,4612800,4606400,12800,0.0496518191104698,1.2160192059556325,True,False,False
