baseline,budget,iteration,target_coverage_bp,actual_coverage_bp,actual_coverage,matched,region_count,sample_interval_count,overall_recall,CHIN_recall,OPCID_recall,CHID_recall,overall_overlap_recall,CHIN_overlap_recall,OPCID_overlap_recall,CHID_overlap_recall
coverage,0.05,0,240000,240000,0.05170572890858686,True,32,40,0.03488372093023256,0.036,0.04411764705882353,0.0,0.0755813953488372,0.064,0.10294117647058823,0.11538461538461539
region,0.05,0,240000,328000,0.0706644961750687,True,32,32,0.06395348837209303,0.06,0.08823529411764706,0.038461538461538464,0.0872093023255814,0.084,0.08823529411764706,0.11538461538461539
coverage,0.05,1,240000,240000,0.05170572890858686,True,32,38,0.06395348837209303,0.072,0.058823529411764705,0.0,0.09302325581395349,0.088,0.08823529411764706,0.15384615384615385
region,0.05,1,240000,319572,0.06884876332822883,True,32,32,0.05813953488372093,0.068,0.0,0.11538461538461539,0.07267441860465117,0.076,0.04411764705882353,0.11538461538461539
coverage,0.05,2,240000,240000,0.05170572890858686,True,32,38,0.055232558139534885,0.06,0.014705882352941176,0.11538461538461539,0.09302325581395349,0.08,0.10294117647058823,0.19230769230769232
region,0.05,2,240000,301655,0.0649887152246657,True,32,32,0.046511627906976744,0.04,0.08823529411764706,0.0,0.0755813953488372,0.064,0.1323529411764706,0.038461538461538464
coverage,0.05,3,240000,240000,0.05170572890858686,True,32,39,0.014534883720930232,0.012,0.029411764705882353,0.0,0.029069767441860465,0.024,0.058823529411764705,0.0
region,0.05,3,240000,315236,0.06791461315928037,True,32,32,0.06686046511627906,0.072,0.04411764705882353,0.07692307692307693,0.0872093023255814,0.092,0.058823529411764705,0.11538461538461539
coverage,0.05,4,240000,240000,0.05170572890858686,True,32,39,0.040697674418604654,0.04,0.058823529411764705,0.0,0.06976744186046512,0.064,0.10294117647058823,0.038461538461538464
region,0.05,4,240000,306609,0.06605600764555378,True,32,32,0.06976744186046512,0.072,0.058823529411764705,0.07692307692307693,0.09593023255813954,0.088,0.10294117647058823,0.15384615384615385
coverage,0.05,5,240000,240000,0.05170572890858686,True,32,38,0.0377906976744186,0.02,0.11764705882352941,0.0,0.06395348837209303,0.044,0.14705882352941177,0.038461538461538464
region,0.05,5,240000,322748,0.06953300247411913,True,32,32,0.06976744186046512,0.08,0.029411764705882353,0.07692307692307693,0.08430232558139535,0.088,0.058823529411764705,0.11538461538461539
coverage,0.05,6,240000,240000,0.05170572890858686,True,32,41,0.046511627906976744,0.048,0.04411764705882353,0.038461538461538464,0.08430232558139535,0.068,0.11764705882352941,0.15384615384615385
region,0.05,6,240000,322983,0.06958363100034212,True,32,32,0.07267441860465117,0.064,0.11764705882352941,0.038461538461538464,0.10465116279069768,0.096,0.14705882352941177,0.07692307692307693
coverage,0.05,7,240000,240000,0.05170572890858686,True,32,38,0.0755813953488372,0.076,0.07352941176470588,0.07692307692307693,0.12790697674418605,0.124,0.08823529411764706,0.2692307692307692
region,0.05,7,240000,318591,0.06863741616131498,True,32,32,0.05232558139534884,0.04,0.07352941176470588,0.11538461538461539,0.061046511627906974,0.048,0.08823529411764706,0.11538461538461539
coverage,0.05,8,240000,240000,0.05170572890858686,True,32,39,0.046511627906976744,0.048,0.058823529411764705,0.0,0.06976744186046512,0.056,0.08823529411764706,0.15384615384615385
region,0.05,8,240000,323929,0.0697874377484568,True,32,32,0.09011627906976744,0.104,0.029411764705882353,0.11538461538461539,0.11918604651162791,0.132,0.058823529411764705,0.15384615384615385
coverage,0.05,9,240000,240000,0.05170572890858686,True,32,41,0.07267441860465117,0.084,0.04411764705882353,0.038461538461538464,0.09011627906976744,0.096,0.08823529411764706,0.038461538461538464
region,0.05,9,240000,309118,0.06659654795318563,True,32,32,0.05232558139534884,0.024,0.16176470588235295,0.038461538461538464,0.07848837209302326,0.04,0.20588235294117646,0.11538461538461539
coverage,0.05,10,240000,240000,0.05170572890858686,True,32,40,0.046511627906976744,0.048,0.04411764705882353,0.038461538461538464,0.06395348837209303,0.056,0.08823529411764706,0.07692307692307693
region,0.05,10,240000,317624,0.0684290851619208,True,32,32,0.07267441860465117,0.068,0.07352941176470588,0.11538461538461539,0.07848837209302326,0.072,0.08823529411764706,0.11538461538461539
coverage,0.05,11,240000,240000,0.05170572890858686,True,32,40,0.04941860465116279,0.048,0.07352941176470588,0.0,0.09593023255813954,0.084,0.14705882352941177,0.07692307692307693
region,0.05,11,240000,311923,0.06720085865980474,True,32,32,0.040697674418604654,0.04,0.058823529411764705,0.0,0.055232558139534885,0.056,0.058823529411764705,0.038461538461538464
coverage,0.05,12,240000,240000,0.05170572890858686,True,32,39,0.0436046511627907,0.028,0.10294117647058823,0.038461538461538464,0.07267441860465117,0.056,0.11764705882352941,0.11538461538461539
region,0.05,12,240000,309977,0.06678161137457095,True,32,32,0.04941860465116279,0.052,0.058823529411764705,0.0,0.06976744186046512,0.064,0.11764705882352941,0.0
coverage,0.05,13,240000,240000,0.05170572890858686,True,32,38,0.06395348837209303,0.064,0.058823529411764705,0.07692307692307693,0.11337209302325581,0.108,0.10294117647058823,0.19230769230769232
region,0.05,13,240000,320336,0.06901335989858783,True,32,32,0.061046511627906974,0.06,0.08823529411764706,0.0,0.0755813953488372,0.072,0.10294117647058823,0.038461538461538464
coverage,0.05,14,240000,240000,0.05170572890858686,True,32,40,0.0377906976744186,0.048,0.014705882352941176,0.0,0.06395348837209303,0.06,0.08823529411764706,0.038461538461538464
region,0.05,14,240000,322867,0.0695586398980363,True,32,32,0.061046511627906974,0.048,0.10294117647058823,0.07692307692307693,0.09011627906976744,0.072,0.14705882352941177,0.11538461538461539
coverage,0.05,15,240000,240000,0.05170572890858686,True,32,39,0.046511627906976744,0.048,0.029411764705882353,0.07692307692307693,0.07267441860465117,0.06,0.11764705882352941,0.07692307692307693
region,0.05,15,240000,319728,0.06888237205201941,True,32,32,0.05232558139534884,0.048,0.07352941176470588,0.038461538461538464,0.06976744186046512,0.056,0.1323529411764706,0.038461538461538464
coverage,0.05,16,240000,240000,0.05170572890858686,True,32,40,0.05232558139534884,0.064,0.0,0.07692307692307693,0.09011627906976744,0.092,0.04411764705882353,0.19230769230769232
region,0.05,16,240000,316202,0.06812272871813742,True,32,32,0.0755813953488372,0.096,0.014705882352941176,0.038461538461538464,0.10174418604651163,0.12,0.04411764705882353,0.07692307692307693
coverage,0.05,17,240000,240000,0.05170572890858686,True,32,40,0.03488372093023256,0.028,0.058823529411764705,0.038461538461538464,0.04941860465116279,0.036,0.10294117647058823,0.038461538461538464
region,0.05,17,240000,313006,0.06743418076150474,True,32,32,0.0755813953488372,0.064,0.1323529411764706,0.038461538461538464,0.11046511627906977,0.088,0.19117647058823528,0.11538461538461539
coverage,0.05,18,240000,240000,0.05170572890858686,True,32,39,0.06686046511627906,0.08,0.029411764705882353,0.038461538461538464,0.11046511627906977,0.116,0.07352941176470588,0.15384615384615385
region,0.05,18,240000,308719,0.0665105871788751,True,32,32,0.09011627906976744,0.092,0.04411764705882353,0.19230769230769232,0.13372093023255813,0.12,0.10294117647058823,0.34615384615384615
coverage,0.05,19,240000,240000,0.05170572890858686,True,32,41,0.0377906976744186,0.036,0.04411764705882353,0.038461538461538464,0.055232558139534885,0.04,0.08823529411764706,0.11538461538461539
region,0.05,19,240000,322827,0.06955002227655153,True,32,32,0.0872093023255814,0.096,0.029411764705882353,0.15384615384615385,0.11046511627906977,0.12,0.04411764705882353,0.19230769230769232
coverage,0.05,20,240000,240000,0.05170572890858686,True,32,41,0.023255813953488372,0.028,0.014705882352941176,0.0,0.046511627906976744,0.04,0.07352941176470588,0.038461538461538464
region,0.05,20,240000,304565,0.06561564718768231,True,32,32,0.04941860465116279,0.04,0.07352941176470588,0.07692307692307693,0.06686046511627906,0.048,0.11764705882352941,0.11538461538461539
coverage,0.05,21,240000,240000,0.05170572890858686,True,32,39,0.04941860465116279,0.056,0.04411764705882353,0.0,0.06686046511627906,0.068,0.058823529411764705,0.07692307692307693
region,0.05,21,240000,328000,0.0706644961750687,True,32,32,0.09302325581395349,0.1,0.08823529411764706,0.038461538461538464,0.1308139534883721,0.14,0.10294117647058823,0.11538461538461539
coverage,0.05,22,240000,240000,0.05170572890858686,True,32,39,0.02616279069767442,0.028,0.029411764705882353,0.0,0.061046511627906974,0.048,0.08823529411764706,0.11538461538461539
region,0.05,22,240000,325501,0.07012611027280805,True,32,32,0.061046511627906974,0.056,0.08823529411764706,0.038461538461538464,0.09883720930232558,0.08,0.17647058823529413,0.07692307692307693
coverage,0.05,23,240000,240000,0.05170572890858686,True,32,39,0.0436046511627907,0.036,0.058823529411764705,0.07692307692307693,0.08430232558139535,0.068,0.10294117647058823,0.19230769230769232
region,0.05,23,240000,316650,0.06821924607876678,True,32,32,0.13953488372093023,0.148,0.08823529411764706,0.19230769230769232,0.14825581395348839,0.152,0.11764705882352941,0.19230769230769232
coverage,0.05,24,240000,240000,0.05170572890858686,True,32,39,0.02616279069767442,0.028,0.029411764705882353,0.0,0.05813953488372093,0.044,0.11764705882352941,0.038461538461538464
region,0.05,24,240000,310095,0.066807033357951,True,32,32,0.05232558139534884,0.048,0.04411764705882353,0.11538461538461539,0.05813953488372093,0.056,0.04411764705882353,0.11538461538461539
coverage,0.05,25,240000,240000,0.05170572890858686,True,32,40,0.029069767441860465,0.036,0.0,0.038461538461538464,0.05813953488372093,0.06,0.04411764705882353,0.07692307692307693
region,0.05,25,240000,308687,0.0665036930816873,True,32,32,0.06686046511627906,0.072,0.04411764705882353,0.07692307692307693,0.07848837209302326,0.076,0.08823529411764706,0.07692307692307693
coverage,0.05,26,240000,240000,0.05170572890858686,True,32,40,0.06395348837209303,0.052,0.08823529411764706,0.11538461538461539,0.08430232558139535,0.064,0.1323529411764706,0.15384615384615385
region,0.05,26,240000,304159,0.06552817832961196,True,32,32,0.0872093023255814,0.096,0.058823529411764705,0.07692307692307693,0.1308139534883721,0.132,0.08823529411764706,0.23076923076923078
coverage,0.05,27,240000,240000,0.05170572890858686,True,32,41,0.06395348837209303,0.06,0.058823529411764705,0.11538461538461539,0.12209302325581395,0.132,0.058823529411764705,0.19230769230769232
region,0.05,27,240000,320572,0.06906420386534794,True,32,32,0.05232558139534884,0.056,0.04411764705882353,0.038461538461538464,0.06686046511627906,0.064,0.058823529411764705,0.11538461538461539
coverage,0.05,28,240000,240000,0.05170572890858686,True,32,39,0.029069767441860465,0.032,0.014705882352941176,0.038461538461538464,0.055232558139534885,0.044,0.04411764705882353,0.19230769230769232
region,0.05,28,240000,321659,0.06929838772919641,True,32,32,0.09011627906976744,0.076,0.11764705882352941,0.15384615384615385,0.10465116279069768,0.096,0.11764705882352941,0.15384615384615385
coverage,0.05,29,240000,240000,0.05170572890858686,True,32,42,0.03488372093023256,0.036,0.029411764705882353,0.038461538461538464,0.06395348837209303,0.052,0.10294117647058823,0.07692307692307693
region,0.05,29,240000,313218,0.067479854155374,True,32,32,0.09011627906976744,0.096,0.058823529411764705,0.11538461538461539,0.11627906976744186,0.108,0.11764705882352941,0.19230769230769232
coverage,0.05,30,240000,240000,0.05170572890858686,True,32,39,0.07267441860465117,0.076,0.058823529411764705,0.07692307692307693,0.09883720930232558,0.1,0.07352941176470588,0.15384615384615385
region,0.05,30,240000,315485,0.06796825785302302,True,32,32,0.07267441860465117,0.072,0.07352941176470588,0.07692307692307693,0.10755813953488372,0.096,0.11764705882352941,0.19230769230769232
coverage,0.05,31,240000,240000,0.05170572890858686,True,32,39,0.05232558139534884,0.06,0.029411764705882353,0.038461538461538464,0.07848837209302326,0.088,0.029411764705882353,0.11538461538461539
region,0.05,31,240000,311413,0.067090983985874,True,32,32,0.0436046511627907,0.028,0.10294117647058823,0.038461538461538464,0.061046511627906974,0.032,0.17647058823529413,0.038461538461538464
coverage,0.05,32,240000,240000,0.05170572890858686,True,32,40,0.06686046511627906,0.068,0.04411764705882353,0.11538461538461539,0.0872093023255814,0.084,0.04411764705882353,0.23076923076923078
region,0.05,32,240000,306629,0.06606031645629616,True,32,32,0.055232558139534885,0.076,0.0,0.0,0.08430232558139535,0.092,0.04411764705882353,0.11538461538461539
coverage,0.05,33,240000,240000,0.05170572890858686,True,32,38,0.040697674418604654,0.032,0.058823529411764705,0.07692307692307693,0.05813953488372093,0.04,0.11764705882352941,0.07692307692307693
region,0.05,33,240000,311263,0.06705866790530612,True,32,32,0.03488372093023256,0.036,0.029411764705882353,0.038461538461538464,0.05232558139534884,0.052,0.04411764705882353,0.07692307692307693
coverage,0.05,34,240000,240000,0.05170572890858686,True,32,39,0.0436046511627907,0.04,0.058823529411764705,0.038461538461538464,0.07267441860465117,0.056,0.1323529411764706,0.07692307692307693
region,0.05,34,240000,306455,0.06602282980283744,True,32,32,0.05813953488372093,0.06,0.058823529411764705,0.038461538461538464,0.09011627906976744,0.084,0.10294117647058823,0.11538461538461539
coverage,0.05,35,240000,240000,0.05170572890858686,True,32,39,0.05813953488372093,0.056,0.08823529411764706,0.0,0.0872093023255814,0.076,0.1323529411764706,0.07692307692307693
region,0.05,35,240000,318580,0.06863504631540666,True,32,32,0.06976744186046512,0.064,0.08823529411764706,0.07692307692307693,0.09883720930232558,0.084,0.1323529411764706,0.15384615384615385
coverage,0.05,36,240000,240000,0.05170572890858686,True,32,40,0.02616279069767442,0.02,0.058823529411764705,0.0,0.06686046511627906,0.052,0.11764705882352941,0.07692307692307693
region,0.05,36,240000,311191,0.06704315618663355,True,32,32,0.06686046511627906,0.076,0.04411764705882353,0.038461538461538464,0.08430232558139535,0.096,0.04411764705882353,0.07692307692307693
coverage,0.05,37,240000,240000,0.05170572890858686,True,32,39,0.061046511627906974,0.06,0.07352941176470588,0.038461538461538464,0.07848837209302326,0.072,0.11764705882352941,0.038461538461538464
region,0.05,37,240000,328000,0.0706644961750687,True,32,32,0.06976744186046512,0.068,0.07352941176470588,0.07692307692307693,0.11046511627906977,0.116,0.07352941176470588,0.15384615384615385
coverage,0.05,38,240000,240000,0.05170572890858686,True,32,39,0.0436046511627907,0.04,0.058823529411764705,0.038461538461538464,0.07848837209302326,0.064,0.11764705882352941,0.11538461538461539
region,0.05,38,240000,319987,0.06893817115113327,True,32,32,0.055232558139534885,0.06,0.04411764705882353,0.038461538461538464,0.09011627906976744,0.092,0.08823529411764706,0.07692307692307693
coverage,0.05,39,240000,240000,0.05170572890858686,True,32,39,0.0436046511627907,0.04,0.029411764705882353,0.11538461538461539,0.061046511627906974,0.056,0.04411764705882353,0.15384615384615385
region,0.05,39,240000,324497,0.06990980797354046,True,32,32,0.0436046511627907,0.036,0.07352941176470588,0.038461538461538464,0.05232558139534884,0.04,0.10294117647058823,0.038461538461538464
coverage,0.05,40,240000,240000,0.05170572890858686,True,32,40,0.046511627906976744,0.056,0.014705882352941176,0.038461538461538464,0.07267441860465117,0.068,0.07352941176470588,0.11538461538461539
region,0.05,40,240000,312489,0.06732279800381416,True,32,32,0.11337209302325581,0.12,0.058823529411764705,0.19230769230769232,0.1308139534883721,0.124,0.10294117647058823,0.2692307692307692
coverage,0.05,41,240000,240000,0.05170572890858686,True,32,39,0.04941860465116279,0.056,0.029411764705882353,0.038461538461538464,0.10174418604651163,0.088,0.10294117647058823,0.23076923076923078
region,0.05,41,240000,305877,0.06589830517238258,True,32,32,0.07848837209302326,0.084,0.058823529411764705,0.07692307692307693,0.10755813953488372,0.104,0.11764705882352941,0.11538461538461539
coverage,0.05,42,240000,240000,0.05170572890858686,True,32,39,0.06395348837209303,0.064,0.04411764705882353,0.11538461538461539,0.09593023255813954,0.088,0.10294117647058823,0.15384615384615385
region,0.05,42,240000,313298,0.06749708939834352,True,32,32,0.05232558139534884,0.036,0.11764705882352941,0.038461538461538464,0.06395348837209303,0.036,0.16176470588235295,0.07692307692307693
coverage,0.05,43,240000,240000,0.05170572890858686,True,32,40,0.040697674418604654,0.044,0.029411764705882353,0.038461538461538464,0.06686046511627906,0.064,0.07352941176470588,0.07692307692307693
region,0.05,43,240000,324097,0.06982363175869281,True,32,32,0.10174418604651163,0.112,0.07352941176470588,0.07692307692307693,0.11918604651162791,0.132,0.07352941176470588,0.11538461538461539
coverage,0.05,44,240000,240000,0.05170572890858686,True,32,40,0.04941860465116279,0.036,0.10294117647058823,0.038461538461538464,0.07848837209302326,0.056,0.14705882352941177,0.11538461538461539
region,0.05,44,240000,322902,0.06956618031683547,True,32,32,0.08139534883720931,0.084,0.08823529411764706,0.038461538461538464,0.11627906976744186,0.108,0.1323529411764706,0.15384615384615385
coverage,0.05,45,240000,240000,0.05170572890858686,True,32,39,0.06395348837209303,0.072,0.04411764705882353,0.038461538461538464,0.09302325581395349,0.104,0.058823529411764705,0.07692307692307693
region,0.05,45,240000,318072,0.06852560252255016,True,32,32,0.046511627906976744,0.048,0.029411764705882353,0.07692307692307693,0.0755813953488372,0.064,0.10294117647058823,0.11538461538461539
coverage,0.05,46,240000,240000,0.05170572890858686,True,32,38,0.061046511627906974,0.076,0.0,0.07692307692307693,0.09593023255813954,0.096,0.07352941176470588,0.15384615384615385
region,0.05,46,240000,328000,0.0706644961750687,True,32,32,0.09883720930232558,0.108,0.058823529411764705,0.11538461538461539,0.13953488372093023,0.144,0.10294117647058823,0.19230769230769232
coverage,0.05,47,240000,240000,0.05170572890858686,True,32,41,0.05813953488372093,0.06,0.058823529411764705,0.038461538461538464,0.08139534883720931,0.08,0.08823529411764706,0.07692307692307693
region,0.05,47,240000,326005,0.07023469230351607,True,32,32,0.07848837209302326,0.084,0.058823529411764705,0.07692307692307693,0.10755813953488372,0.108,0.10294117647058823,0.11538461538461539
coverage,0.05,48,240000,240000,0.05170572890858686,True,32,40,0.040697674418604654,0.052,0.014705882352941176,0.0,0.07848837209302326,0.08,0.04411764705882353,0.15384615384615385
region,0.05,48,240000,328000,0.0706644961750687,True,32,32,0.06976744186046512,0.08,0.029411764705882353,0.07692307692307693,0.09593023255813954,0.088,0.10294117647058823,0.15384615384615385
coverage,0.05,49,240000,240000,0.05170572890858686,True,32,38,0.040697674418604654,0.036,0.058823529411764705,0.038461538461538464,0.06686046511627906,0.068,0.058823529411764705,0.07692307692307693
region,0.05,49,240000,319748,0.0688866808627618,True,32,32,0.09302325581395349,0.088,0.07352941176470588,0.19230769230769232,0.12790697674418605,0.124,0.10294117647058823,0.23076923076923078
coverage,0.05,50,240000,240000,0.05170572890858686,True,32,43,0.0436046511627907,0.04,0.04411764705882353,0.07692307692307693,0.06395348837209303,0.04,0.1323529411764706,0.11538461538461539
region,0.05,50,240000,307992,0.06635396190838952,True,32,32,0.055232558139534885,0.056,0.029411764705882353,0.11538461538461539,0.07848837209302326,0.068,0.07352941176470588,0.19230769230769232
coverage,0.05,51,240000,240000,0.05170572890858686,True,32,39,0.04941860465116279,0.048,0.04411764705882353,0.07692307692307693,0.06976744186046512,0.068,0.058823529411764705,0.11538461538461539
region,0.05,51,240000,320168,0.06897716588835182,True,32,32,0.05232558139534884,0.044,0.08823529411764706,0.038461538461538464,0.06686046511627906,0.06,0.10294117647058823,0.038461538461538464
coverage,0.05,52,240000,240000,0.05170572890858686,True,32,43,0.06395348837209303,0.052,0.10294117647058823,0.07692307692307693,0.09011627906976744,0.076,0.11764705882352941,0.15384615384615385
region,0.05,52,240000,305281,0.0657699026122596,True,32,32,0.06976744186046512,0.072,0.058823529411764705,0.07692307692307693,0.09011627906976744,0.08,0.08823529411764706,0.19230769230769232
coverage,0.05,53,240000,240000,0.05170572890858686,True,32,39,0.040697674418604654,0.04,0.029411764705882353,0.07692307692307693,0.061046511627906974,0.056,0.07352941176470588,0.07692307692307693
region,0.05,53,240000,318104,0.06853249661973797,True,32,32,0.07267441860465117,0.072,0.07352941176470588,0.07692307692307693,0.09593023255813954,0.088,0.1323529411764706,0.07692307692307693
coverage,0.05,54,240000,240000,0.05170572890858686,True,32,39,0.046511627906976744,0.056,0.029411764705882353,0.0,0.08139534883720931,0.08,0.08823529411764706,0.07692307692307693
region,0.05,54,240000,315011,0.06786613903842856,True,32,32,0.055232558139534885,0.052,0.07352941176470588,0.038461538461538464,0.08139534883720931,0.076,0.08823529411764706,0.11538461538461539
coverage,0.05,55,240000,240000,0.05170572890858686,True,32,39,0.0436046511627907,0.044,0.04411764705882353,0.038461538461538464,0.0755813953488372,0.072,0.07352941176470588,0.11538461538461539
region,0.05,55,240000,322962,0.06957910674906262,True,32,32,0.046511627906976744,0.048,0.04411764705882353,0.038461538461538464,0.06395348837209303,0.052,0.11764705882352941,0.038461538461538464
coverage,0.05,56,240000,240000,0.05170572890858686,True,32,41,0.06686046511627906,0.072,0.058823529411764705,0.038461538461538464,0.11337209302325581,0.108,0.10294117647058823,0.19230769230769232
region,0.05,56,240000,317532,0.06840926463250584,True,32,32,0.0872093023255814,0.08,0.10294117647058823,0.11538461538461539,0.10174418604651163,0.088,0.14705882352941177,0.11538461538461539
coverage,0.05,57,240000,240000,0.05170572890858686,True,32,41,0.05232558139534884,0.052,0.04411764705882353,0.07692307692307693,0.07848837209302326,0.072,0.08823529411764706,0.11538461538461539
region,0.05,57,240000,328000,0.0706644961750687,True,32,32,0.09302325581395349,0.096,0.08823529411764706,0.07692307692307693,0.11918604651162791,0.104,0.16176470588235295,0.15384615384615385
coverage,0.05,58,240000,240000,0.05170572890858686,True,32,39,0.02616279069767442,0.02,0.058823529411764705,0.0,0.061046511627906974,0.048,0.07352941176470588,0.15384615384615385
region,0.05,58,240000,314932,0.06784911923599615,True,32,32,0.061046511627906974,0.052,0.08823529411764706,0.07692307692307693,0.06976744186046512,0.06,0.10294117647058823,0.07692307692307693
coverage,0.05,59,240000,240000,0.05170572890858686,True,32,40,0.09011627906976744,0.104,0.029411764705882353,0.11538461538461539,0.13372093023255813,0.144,0.07352941176470588,0.19230769230769232
region,0.05,59,240000,328000,0.0706644961750687,True,32,32,0.06976744186046512,0.084,0.04411764705882353,0.0,0.10174418604651163,0.1,0.10294117647058823,0.11538461538461539
coverage,0.05,60,240000,240000,0.05170572890858686,True,32,42,0.06686046511627906,0.068,0.058823529411764705,0.07692307692307693,0.11046511627906977,0.108,0.10294117647058823,0.15384615384615385
region,0.05,60,240000,296303,0.06383567747000421,True,32,32,0.09011627906976744,0.104,0.029411764705882353,0.11538461538461539,0.11337209302325581,0.128,0.029411764705882353,0.19230769230769232
coverage,0.05,61,240000,240000,0.05170572890858686,True,32,38,0.0436046511627907,0.048,0.04411764705882353,0.0,0.06686046511627906,0.064,0.07352941176470588,0.07692307692307693
region,0.05,61,240000,328000,0.0706644961750687,True,32,32,0.08430232558139535,0.092,0.04411764705882353,0.11538461538461539,0.10465116279069768,0.104,0.10294117647058823,0.11538461538461539
coverage,0.05,62,240000,240000,0.05170572890858686,True,32,39,0.04941860465116279,0.06,0.014705882352941176,0.038461538461538464,0.08430232558139535,0.092,0.04411764705882353,0.11538461538461539
region,0.05,62,240000,299807,0.06459058111206958,True,32,32,0.09302325581395349,0.096,0.07352941176470588,0.11538461538461539,0.11337209302325581,0.12,0.07352941176470588,0.15384615384615385
coverage,0.05,63,240000,240000,0.05170572890858686,True,32,38,0.040697674418604654,0.032,0.08823529411764706,0.0,0.061046511627906974,0.044,0.10294117647058823,0.11538461538461539
region,0.05,63,240000,324442,0.0698979587439989,True,32,32,0.10174418604651163,0.116,0.04411764705882353,0.11538461538461539,0.13662790697674418,0.136,0.1323529411764706,0.15384615384615385
coverage,0.05,64,240000,240000,0.05170572890858686,True,32,41,0.06686046511627906,0.084,0.0,0.07692307692307693,0.10174418604651163,0.112,0.029411764705882353,0.19230769230769232
region,0.05,64,240000,317456,0.06839289115168479,True,32,32,0.05813953488372093,0.056,0.04411764705882353,0.11538461538461539,0.0755813953488372,0.064,0.08823529411764706,0.15384615384615385
coverage,0.05,65,240000,240000,0.05170572890858686,True,32,39,0.0377906976744186,0.044,0.029411764705882353,0.0,0.061046511627906974,0.06,0.07352941176470588,0.038461538461538464
region,0.05,65,240000,313842,0.06761428905053632,True,32,32,0.07267441860465117,0.08,0.04411764705882353,0.07692307692307693,0.09593023255813954,0.1,0.058823529411764705,0.15384615384615385
coverage,0.05,66,240000,240000,0.05170572890858686,True,32,42,0.06976744186046512,0.072,0.058823529411764705,0.07692307692307693,0.09011627906976744,0.092,0.07352941176470588,0.11538461538461539
region,0.05,66,240000,320257,0.06899634009615542,True,32,32,0.07267441860465117,0.06,0.11764705882352941,0.07692307692307693,0.09011627906976744,0.064,0.19117647058823528,0.07692307692307693
coverage,0.05,67,240000,240000,0.05170572890858686,True,32,40,0.05232558139534884,0.056,0.04411764705882353,0.038461538461538464,0.09302325581395349,0.08,0.11764705882352941,0.15384615384615385
region,0.05,67,240000,326794,0.07040467488730305,True,32,32,0.055232558139534885,0.056,0.058823529411764705,0.038461538461538464,0.07267441860465117,0.072,0.07352941176470588,0.07692307692307693
coverage,0.05,68,240000,240000,0.05170572890858686,True,32,40,0.03488372093023256,0.036,0.04411764705882353,0.0,0.06686046511627906,0.056,0.10294117647058823,0.07692307692307693
region,0.05,68,240000,318499,0.06861759563190002,True,32,32,0.06395348837209303,0.068,0.04411764705882353,0.07692307692307693,0.10465116279069768,0.104,0.07352941176470588,0.19230769230769232
coverage,0.05,69,240000,240000,0.05170572890858686,True,32,40,0.040697674418604654,0.036,0.07352941176470588,0.0,0.055232558139534885,0.044,0.08823529411764706,0.07692307692307693
region,0.05,69,240000,318262,0.06856653622460279,True,32,32,0.05232558139534884,0.056,0.04411764705882353,0.038461538461538464,0.07848837209302326,0.076,0.08823529411764706,0.07692307692307693
coverage,0.05,70,240000,240000,0.05170572890858686,True,32,40,0.0436046511627907,0.048,0.029411764705882353,0.038461538461538464,0.05232558139534884,0.06,0.029411764705882353,0.038461538461538464
region,0.05,70,240000,325458,0.07011684632971192,True,32,32,0.0755813953488372,0.076,0.07352941176470588,0.07692307692307693,0.10755813953488372,0.088,0.16176470588235295,0.15384615384615385
coverage,0.05,71,240000,240000,0.05170572890858686,True,32,38,0.0436046511627907,0.036,0.07352941176470588,0.038461538461538464,0.07267441860465117,0.06,0.11764705882352941,0.07692307692307693
region,0.05,71,240000,319855,0.06890973300023354,True,32,32,0.046511627906976744,0.036,0.10294117647058823,0.0,0.06395348837209303,0.044,0.1323529411764706,0.07692307692307693
coverage,0.05,72,240000,240000,0.05170572890858686,True,32,38,0.06976744186046512,0.068,0.08823529411764706,0.038461538461538464,0.10174418604651163,0.096,0.11764705882352941,0.11538461538461539
region,0.05,72,240000,322713,0.06952546205531995,True,32,32,0.09302325581395349,0.1,0.07352941176470588,0.07692307692307693,0.10465116279069768,0.108,0.08823529411764706,0.11538461538461539
coverage,0.05,73,240000,240000,0.05170572890858686,True,32,39,0.05813953488372093,0.06,0.04411764705882353,0.07692307692307693,0.06976744186046512,0.068,0.07352941176470588,0.07692307692307693
region,0.05,73,240000,319662,0.06886815297656955,True,32,32,0.05232558139534884,0.056,0.04411764705882353,0.038461538461538464,0.06395348837209303,0.056,0.10294117647058823,0.038461538461538464
coverage,0.05,74,240000,240000,0.05170572890858686,True,32,41,0.040697674418604654,0.032,0.08823529411764706,0.0,0.055232558139534885,0.04,0.11764705882352941,0.038461538461538464
region,0.05,74,240000,316259,0.06813500882875322,True,32,32,0.05232558139534884,0.056,0.04411764705882353,0.038461538461538464,0.06976744186046512,0.064,0.08823529411764706,0.07692307692307693
coverage,0.05,75,240000,240000,0.05170572890858686,True,32,40,0.09302325581395349,0.096,0.08823529411764706,0.07692307692307693,0.13662790697674418,0.132,0.1323529411764706,0.19230769230769232
region,0.05,75,240000,306891,0.06611676187702137,True,32,32,0.06395348837209303,0.06,0.058823529411764705,0.11538461538461539,0.0755813953488372,0.064,0.08823529411764706,0.15384615384615385
coverage,0.05,76,240000,240000,0.05170572890858686,True,32,40,0.05813953488372093,0.056,0.04411764705882353,0.11538461538461539,0.09593023255813954,0.096,0.058823529411764705,0.19230769230769232
region,0.05,76,240000,308487,0.06646060497426347,True,32,32,0.09593023255813954,0.108,0.029411764705882353,0.15384615384615385,0.11046511627906977,0.112,0.07352941176470588,0.19230769230769232
coverage,0.05,77,240000,240000,0.05170572890858686,True,32,39,0.061046511627906974,0.068,0.029411764705882353,0.07692307692307693,0.09883720930232558,0.088,0.10294117647058823,0.19230769230769232
region,0.05,77,240000,311976,0.06721227700827205,True,32,32,0.04941860465116279,0.052,0.058823529411764705,0.0,0.06686046511627906,0.064,0.08823529411764706,0.038461538461538464
coverage,0.05,78,240000,240000,0.05170572890858686,True,32,39,0.061046511627906974,0.06,0.04411764705882353,0.11538461538461539,0.08430232558139535,0.072,0.10294117647058823,0.15384615384615385
region,0.05,78,240000,320492,0.06904696862237841,True,32,32,0.05232558139534884,0.052,0.07352941176470588,0.0,0.0755813953488372,0.06,0.14705882352941177,0.038461538461538464
coverage,0.05,79,240000,240000,0.05170572890858686,True,32,40,0.05813953488372093,0.064,0.029411764705882353,0.07692307692307693,0.0872093023255814,0.088,0.058823529411764705,0.15384615384615385
region,0.05,79,240000,323398,0.06967303882324655,True,32,32,0.08430232558139535,0.088,0.07352941176470588,0.07692307692307693,0.10174418604651163,0.096,0.08823529411764706,0.19230769230769232
coverage,0.05,80,240000,240000,0.05170572890858686,True,32,40,0.07267441860465117,0.072,0.07352941176470588,0.07692307692307693,0.09011627906976744,0.08,0.08823529411764706,0.19230769230769232
region,0.05,80,240000,327260,0.07050507017760056,True,32,32,0.061046511627906974,0.06,0.07352941176470588,0.038461538461538464,0.09011627906976744,0.072,0.1323529411764706,0.15384615384615385
coverage,0.05,81,240000,240000,0.05170572890858686,True,32,41,0.0436046511627907,0.052,0.014705882352941176,0.038461538461538464,0.05232558139534884,0.056,0.04411764705882353,0.038461538461538464
region,0.05,81,240000,320902,0.06913529924259725,True,32,32,0.061046511627906974,0.064,0.058823529411764705,0.038461538461538464,0.07267441860465117,0.072,0.08823529411764706,0.038461538461538464
coverage,0.05,82,240000,240000,0.05170572890858686,True,32,39,0.0377906976744186,0.044,0.029411764705882353,0.0,0.06976744186046512,0.068,0.058823529411764705,0.11538461538461539
region,0.05,82,240000,323345,0.06966162047477924,True,32,32,0.09593023255813954,0.096,0.07352941176470588,0.15384615384615385,0.1308139534883721,0.12,0.11764705882352941,0.2692307692307692
coverage,0.05,83,240000,240000,0.05170572890858686,True,32,39,0.040697674418604654,0.04,0.04411764705882353,0.038461538461538464,0.046511627906976744,0.044,0.058823529411764705,0.038461538461538464
region,0.05,83,240000,320615,0.06907346780844406,True,32,32,0.13662790697674418,0.14,0.11764705882352941,0.15384615384615385,0.15988372093023256,0.156,0.16176470588235295,0.19230769230769232
coverage,0.05,84,240000,240000,0.05170572890858686,True,32,42,0.061046511627906974,0.06,0.029411764705882353,0.15384615384615385,0.0872093023255814,0.084,0.058823529411764705,0.19230769230769232
region,0.05,84,240000,322975,0.06958190747604516,True,32,32,0.046511627906976744,0.06,0.014705882352941176,0.0,0.05813953488372093,0.064,0.04411764705882353,0.038461538461538464
coverage,0.05,85,240000,240000,0.05170572890858686,True,32,40,0.0377906976744186,0.044,0.029411764705882353,0.0,0.055232558139534885,0.048,0.08823529411764706,0.038461538461538464
region,0.05,85,240000,327629,0.07058456773579751,True,32,32,0.061046511627906974,0.056,0.08823529411764706,0.038461538461538464,0.07267441860465117,0.064,0.11764705882352941,0.038461538461538464
coverage,0.05,86,240000,240000,0.05170572890858686,True,32,38,0.055232558139534885,0.056,0.058823529411764705,0.038461538461538464,0.07848837209302326,0.068,0.10294117647058823,0.11538461538461539
region,0.05,86,240000,302590,0.06519015212687207,True,32,32,0.040697674418604654,0.032,0.07352941176470588,0.038461538461538464,0.09011627906976744,0.072,0.16176470588235295,0.07692307692307693
coverage,0.05,87,240000,240000,0.05170572890858686,True,32,39,0.06395348837209303,0.064,0.058823529411764705,0.07692307692307693,0.09593023255813954,0.088,0.08823529411764706,0.19230769230769232
region,0.05,87,240000,309807,0.0667449864832607,True,32,32,0.0755813953488372,0.072,0.08823529411764706,0.07692307692307693,0.10465116279069768,0.096,0.10294117647058823,0.19230769230769232
coverage,0.05,88,240000,240000,0.05170572890858686,True,32,39,0.06686046511627906,0.06,0.10294117647058823,0.038461538461538464,0.0872093023255814,0.072,0.1323529411764706,0.11538461538461539
region,0.05,88,240000,320387,0.0690243473659809,True,32,32,0.0436046511627907,0.036,0.058823529411764705,0.07692307692307693,0.08430232558139535,0.072,0.10294117647058823,0.15384615384615385
coverage,0.05,89,240000,240000,0.05170572890858686,True,32,40,0.03197674418604651,0.032,0.04411764705882353,0.0,0.08430232558139535,0.068,0.11764705882352941,0.15384615384615385
region,0.05,89,240000,316915,0.06827633782110334,True,32,32,0.06976744186046512,0.072,0.04411764705882353,0.11538461538461539,0.08139534883720931,0.076,0.07352941176470588,0.15384615384615385
coverage,0.05,90,240000,240000,0.05170572890858686,True,32,39,0.0377906976744186,0.036,0.04411764705882353,0.038461538461538464,0.055232558139534885,0.048,0.07352941176470588,0.07692307692307693
region,0.05,90,240000,325460,0.07011727721078616,True,32,32,0.07848837209302326,0.08,0.014705882352941176,0.23076923076923078,0.09593023255813954,0.096,0.04411764705882353,0.23076923076923078
coverage,0.05,91,240000,240000,0.05170572890858686,True,32,41,0.040697674418604654,0.036,0.058823529411764705,0.038461538461538464,0.0755813953488372,0.068,0.07352941176470588,0.15384615384615385
region,0.05,91,240000,307170,0.0661768697868776,True,32,32,0.08139534883720931,0.076,0.10294117647058823,0.07692307692307693,0.09883720930232558,0.084,0.16176470588235295,0.07692307692307693
coverage,0.05,92,240000,240000,0.05170572890858686,True,32,40,0.06976744186046512,0.076,0.04411764705882353,0.07692307692307693,0.10174418604651163,0.096,0.10294117647058823,0.15384615384615385
region,0.05,92,240000,309154,0.06660430381252191,True,32,32,0.04941860465116279,0.04,0.08823529411764706,0.038461538461538464,0.06686046511627906,0.052,0.11764705882352941,0.07692307692307693
coverage,0.05,93,240000,240000,0.05170572890858686,True,32,39,0.046511627906976744,0.048,0.04411764705882353,0.038461538461538464,0.061046511627906974,0.06,0.07352941176470588,0.038461538461538464
region,0.05,93,240000,328000,0.0706644961750687,True,32,32,0.07848837209302326,0.084,0.058823529411764705,0.07692307692307693,0.10755813953488372,0.104,0.11764705882352941,0.11538461538461539
coverage,0.05,94,240000,240000,0.05170572890858686,True,32,39,0.06976744186046512,0.076,0.029411764705882353,0.11538461538461539,0.09011627906976744,0.1,0.029411764705882353,0.15384615384615385
region,0.05,94,240000,326308,0.07029997078626317,True,32,32,0.055232558139534885,0.044,0.11764705882352941,0.0,0.06686046511627906,0.048,0.16176470588235295,0.0
coverage,0.05,95,240000,240000,0.05170572890858686,True,32,40,0.07267441860465117,0.068,0.07352941176470588,0.11538461538461539,0.09883720930232558,0.076,0.1323529411764706,0.23076923076923078
region,0.05,95,240000,308439,0.06645026382848175,True,32,32,0.09011627906976744,0.092,0.11764705882352941,0.0,0.13662790697674418,0.124,0.14705882352941177,0.23076923076923078
coverage,0.05,96,240000,240000,0.05170572890858686,True,32,40,0.03197674418604651,0.04,0.014705882352941176,0.0,0.055232558139534885,0.056,0.029411764705882353,0.11538461538461539
region,0.05,96,240000,324846,0.06998499672099502,True,32,32,0.0755813953488372,0.06,0.14705882352941177,0.038461538461538464,0.09011627906976744,0.068,0.19117647058823528,0.038461538461538464
coverage,0.05,97,240000,240000,0.05170572890858686,True,32,40,0.03197674418604651,0.036,0.029411764705882353,0.0,0.055232558139534885,0.052,0.08823529411764706,0.0
region,0.05,97,240000,327852,0.07063261097557508,True,32,32,0.06976744186046512,0.064,0.10294117647058823,0.038461538461538464,0.09593023255813954,0.08,0.17647058823529413,0.038461538461538464
coverage,0.05,98,240000,240000,0.05170572890858686,True,32,39,0.040697674418604654,0.036,0.04411764705882353,0.07692307692307693,0.05813953488372093,0.044,0.10294117647058823,0.07692307692307693
region,0.05,98,240000,305770,0.06587525303491085,True,32,32,0.03197674418604651,0.016,0.10294117647058823,0.0,0.0436046511627907,0.028,0.11764705882352941,0.0
coverage,0.05,99,240000,240000,0.05170572890858686,True,32,41,0.0377906976744186,0.032,0.07352941176470588,0.0,0.05813953488372093,0.044,0.10294117647058823,0.07692307692307693
region,0.05,99,240000,317043,0.0683039142098546,True,32,32,0.06395348837209303,0.06,0.08823529411764706,0.038461538461538464,0.07267441860465117,0.064,0.11764705882352941,0.038461538461538464
coverage,0.1,0,465600,465600,0.1003091140826585,True,53,79,0.09011627906976744,0.088,0.10294117647058823,0.07692307692307693,0.14244186046511628,0.12,0.19117647058823528,0.23076923076923078
region,0.1,0,465600,529263,0.11402470499727252,True,53,53,0.10174418604651163,0.08,0.14705882352941177,0.19230769230769232,0.16279069767441862,0.112,0.27941176470588236,0.34615384615384615
coverage,0.1,1,465600,465600,0.1003091140826585,True,53,81,0.0872093023255814,0.08,0.11764705882352941,0.07692307692307693,0.13372093023255813,0.108,0.20588235294117646,0.19230769230769232
region,0.1,1,465600,526873,0.11350980211355785,True,53,53,0.10465116279069768,0.1,0.10294117647058823,0.15384615384615385,0.125,0.116,0.14705882352941177,0.15384615384615385
coverage,0.1,2,465600,465600,0.1003091140826585,True,53,75,0.09302325581395349,0.084,0.11764705882352941,0.11538461538461539,0.13372093023255813,0.104,0.23529411764705882,0.15384615384615385
region,0.1,2,465600,537300,0.11575620059409883,True,53,53,0.13953488372093023,0.16,0.08823529411764706,0.07692307692307693,0.18023255813953487,0.192,0.10294117647058823,0.2692307692307692
coverage,0.1,3,465600,465600,0.1003091140826585,True,53,77,0.15988372093023256,0.148,0.19117647058823528,0.19230769230769232,0.20930232558139536,0.192,0.23529411764705882,0.3076923076923077
region,0.1,3,465600,524298,0.11295504273047613,True,53,53,0.10755813953488372,0.12,0.04411764705882353,0.15384615384615385,0.14534883720930233,0.152,0.10294117647058823,0.19230769230769232
coverage,0.1,4,465600,465600,0.1003091140826585,True,53,79,0.13372093023255813,0.144,0.11764705882352941,0.07692307692307693,0.18895348837209303,0.184,0.17647058823529413,0.2692307692307692
region,0.1,4,465600,523691,0.11282427032444484,True,53,53,0.06976744186046512,0.06,0.11764705882352941,0.038461538461538464,0.10755813953488372,0.084,0.22058823529411764,0.038461538461538464
coverage,0.1,5,465600,465600,0.1003091140826585,True,53,79,0.0872093023255814,0.08,0.1323529411764706,0.038461538461538464,0.12790697674418605,0.104,0.17647058823529413,0.23076923076923078
region,0.1,5,465600,535011,0.11526305720463317,True,53,53,0.125,0.116,0.16176470588235295,0.11538461538461539,0.19476744186046513,0.18,0.23529411764705882,0.23076923076923078
coverage,0.1,6,465600,465600,0.1003091140826585,True,53,78,0.0872093023255814,0.084,0.11764705882352941,0.038461538461538464,0.13662790697674418,0.124,0.16176470588235295,0.19230769230769232
region,0.1,6,465600,529120,0.11399389700046449,True,53,53,0.11627906976744186,0.1,0.17647058823529413,0.11538461538461539,0.1308139534883721,0.104,0.22058823529411764,0.15384615384615385
coverage,0.1,7,465600,465600,0.1003091140826585,True,53,79,0.12209302325581395,0.12,0.11764705882352941,0.15384615384615385,0.17732558139534885,0.164,0.20588235294117646,0.23076923076923078
region,0.1,7,465600,526936,0.11352337486739635,True,53,53,0.09302325581395349,0.1,0.058823529411764705,0.11538461538461539,0.11627906976744186,0.116,0.11764705882352941,0.11538461538461539
coverage,0.1,8,465600,465600,0.1003091140826585,True,53,77,0.12209302325581395,0.12,0.10294117647058823,0.19230769230769232,0.1744186046511628,0.164,0.16176470588235295,0.3076923076923077
region,0.1,8,465600,539421,0.11621314997332846,True,53,53,0.09883720930232558,0.088,0.1323529411764706,0.11538461538461539,0.16279069767441862,0.128,0.25,0.2692307692307692
coverage,0.1,9,465600,465600,0.1003091140826585,True,53,78,0.11046511627906977,0.1,0.11764705882352941,0.19230769230769232,0.1686046511627907,0.148,0.22058823529411764,0.23076923076923078
region,0.1,9,465600,527289,0.1135994253769994,True,53,53,0.10755813953488372,0.112,0.11764705882352941,0.038461538461538464,0.14825581395348839,0.144,0.17647058823529413,0.11538461538461539
coverage,0.1,10,465600,465600,0.1003091140826585,True,53,77,0.10755813953488372,0.092,0.1323529411764706,0.19230769230769232,0.1569767441860465,0.12,0.23529411764705882,0.3076923076923077
region,0.1,10,465600,531384,0.11448165437650216,True,53,53,0.09593023255813954,0.092,0.11764705882352941,0.07692307692307693,0.15988372093023256,0.136,0.22058823529411764,0.23076923076923078
coverage,0.1,11,465600,465600,0.1003091140826585,True,53,76,0.0872093023255814,0.088,0.07352941176470588,0.11538461538461539,0.12790697674418605,0.12,0.1323529411764706,0.19230769230769232
region,0.1,11,465600,525904,0.11330104023308943,True,53,53,0.13372093023255813,0.132,0.10294117647058823,0.23076923076923078,0.19767441860465115,0.18,0.19117647058823528,0.38461538461538464
coverage,0.1,12,465600,465600,0.1003091140826585,True,53,77,0.13372093023255813,0.136,0.07352941176470588,0.2692307692307692,0.2005813953488372,0.192,0.16176470588235295,0.38461538461538464
region,0.1,12,465600,535888,0.11545199855568664,True,53,53,0.11046511627906977,0.128,0.04411764705882353,0.11538461538461539,0.14244186046511628,0.148,0.1323529411764706,0.11538461538461539
coverage,0.1,13,465600,465600,0.1003091140826585,True,53,78,0.09302325581395349,0.096,0.058823529411764705,0.15384615384615385,0.13953488372093023,0.128,0.14705882352941177,0.23076923076923078
region,0.1,13,465600,512758,0.11046885893212158,True,53,53,0.1511627906976744,0.156,0.08823529411764706,0.2692307692307692,0.17732558139534885,0.18,0.1323529411764706,0.2692307692307692
coverage,0.1,14,465600,465600,0.1003091140826585,True,53,76,0.0755813953488372,0.072,0.08823529411764706,0.07692307692307693,0.10755813953488372,0.096,0.14705882352941177,0.11538461538461539
region,0.1,14,465600,542816,0.11694457059684785,True,53,53,0.14825581395348839,0.16,0.10294117647058823,0.15384615384615385,0.18604651162790697,0.188,0.16176470588235295,0.23076923076923078
coverage,0.1,15,465600,465600,0.1003091140826585,True,53,76,0.14244186046511628,0.132,0.17647058823529413,0.15384615384615385,0.19186046511627908,0.164,0.23529411764705882,0.34615384615384615
region,0.1,15,465600,523901,0.11286951283723984,True,53,53,0.13953488372093023,0.144,0.14705882352941177,0.07692307692307693,0.1744186046511628,0.176,0.16176470588235295,0.19230769230769232
coverage,0.1,16,465600,465600,0.1003091140826585,True,53,77,0.14244186046511628,0.148,0.1323529411764706,0.11538461538461539,0.20930232558139536,0.2,0.20588235294117646,0.3076923076923077
region,0.1,16,465600,524407,0.11297852574902212,True,53,53,0.14825581395348839,0.148,0.14705882352941177,0.15384615384615385,0.18023255813953487,0.172,0.20588235294117646,0.19230769230769232
coverage,0.1,17,465600,465600,0.1003091140826585,True,53,79,0.10174418604651163,0.104,0.10294117647058823,0.07692307692307693,0.13662790697674418,0.116,0.19117647058823528,0.19230769230769232
region,0.1,17,465600,553474,0.11924073584146334,True,53,53,0.11337209302325581,0.1,0.14705882352941177,0.15384615384615385,0.14825581395348839,0.124,0.16176470588235295,0.34615384615384615
coverage,0.1,18,465600,465600,0.1003091140826585,True,53,77,0.13953488372093023,0.156,0.058823529411764705,0.19230769230769232,0.19476744186046513,0.192,0.16176470588235295,0.3076923076923077
region,0.1,18,465600,536596,0.11560453045596697,True,53,53,0.14534883720930233,0.156,0.10294117647058823,0.15384615384615385,0.18023255813953487,0.184,0.14705882352941177,0.23076923076923078
coverage,0.1,19,465600,465600,0.1003091140826585,True,53,78,0.10755813953488372,0.112,0.08823529411764706,0.11538461538461539,0.15406976744186046,0.14,0.17647058823529413,0.23076923076923078
region,0.1,19,465600,540780,0.11650593366327333,True,53,53,0.09593023255813954,0.096,0.08823529411764706,0.11538461538461539,0.13662790697674418,0.128,0.16176470588235295,0.15384615384615385
coverage,0.1,20,465600,465600,0.1003091140826585,True,53,74,0.10174418604651163,0.112,0.08823529411764706,0.038461538461538464,0.16569767441860464,0.164,0.16176470588235295,0.19230769230769232
region,0.1,20,465600,537340,0.11576481821558358,True,53,53,0.11918604651162791,0.12,0.11764705882352941,0.11538461538461539,0.13372093023255813,0.128,0.16176470588235295,0.11538461538461539
coverage,0.1,21,465600,465600,0.1003091140826585,True,53,77,0.09011627906976744,0.104,0.029411764705882353,0.11538461538461539,0.16279069767441862,0.156,0.17647058823529413,0.19230769230769232
region,0.1,21,465600,500743,0.10788034087863545,True,53,53,0.0755813953488372,0.064,0.11764705882352941,0.07692307692307693,0.09883720930232558,0.076,0.16176470588235295,0.15384615384615385
coverage,0.1,22,465600,465600,0.1003091140826585,True,53,77,0.09302325581395349,0.096,0.04411764705882353,0.19230769230769232,0.13953488372093023,0.136,0.08823529411764706,0.3076923076923077
region,0.1,22,465600,538101,0.11592876846433123,True,53,53,0.16279069767441862,0.164,0.08823529411764706,0.34615384615384615,0.19476744186046513,0.188,0.14705882352941177,0.38461538461538464
coverage,0.1,23,465600,465600,0.1003091140826585,True,53,77,0.11918604651162791,0.116,0.10294117647058823,0.19230769230769232,0.17732558139534885,0.152,0.19117647058823528,0.38461538461538464
region,0.1,23,465600,541386,0.11663649062876752,True,53,53,0.12790697674418605,0.144,0.10294117647058823,0.038461538461538464,0.15406976744186046,0.148,0.19117647058823528,0.11538461538461539
coverage,0.1,24,465600,465600,0.1003091140826585,True,53,75,0.10174418604651163,0.108,0.08823529411764706,0.07692307692307693,0.15988372093023256,0.164,0.16176470588235295,0.11538461538461539
region,0.1,24,465600,530609,0.11431468796023485,True,53,53,0.12790697674418605,0.148,0.07352941176470588,0.07692307692307693,0.15406976744186046,0.168,0.10294117647058823,0.15384615384615385
coverage,0.1,25,465600,465600,0.1003091140826585,True,53,77,0.14534883720930233,0.164,0.08823529411764706,0.11538461538461539,0.19186046511627908,0.2,0.16176470588235295,0.19230769230769232
region,0.1,25,465600,520137,0.11205859465552351,True,53,53,0.11918604651162791,0.112,0.1323529411764706,0.15384615384615385,0.1308139534883721,0.124,0.14705882352941177,0.15384615384615385
coverage,0.1,26,465600,465600,0.1003091140826585,True,53,76,0.10755813953488372,0.112,0.10294117647058823,0.07692307692307693,0.1686046511627907,0.168,0.16176470588235295,0.19230769230769232
region,0.1,26,465600,517642,0.11152107051541132,True,53,53,0.13372093023255813,0.132,0.11764705882352941,0.19230769230769232,0.1744186046511628,0.16,0.19117647058823528,0.2692307692307692
coverage,0.1,27,465600,465600,0.1003091140826585,True,53,79,0.11337209302325581,0.116,0.1323529411764706,0.038461538461538464,0.2005813953488372,0.196,0.17647058823529413,0.3076923076923077
region,0.1,27,465600,545139,0.11744503896457555,True,53,53,0.10465116279069768,0.12,0.07352941176470588,0.038461538461538464,0.15988372093023256,0.156,0.17647058823529413,0.15384615384615385
coverage,0.1,28,465600,465600,0.1003091140826585,True,53,80,0.11337209302325581,0.116,0.10294117647058823,0.11538461538461539,0.15406976744186046,0.152,0.14705882352941177,0.19230769230769232
region,0.1,28,465600,528535,0.11386786428624981,True,53,53,0.17732558139534885,0.188,0.10294117647058823,0.2692307692307692,0.20348837209302326,0.204,0.17647058823529413,0.2692307692307692
coverage,0.1,29,465600,465600,0.1003091140826585,True,53,76,0.12790697674418605,0.156,0.029411764705882353,0.11538461538461539,0.1686046511627907,0.188,0.07352941176470588,0.23076923076923078
region,0.1,29,465600,517171,0.11141959802242822,True,53,53,0.09883720930232558,0.104,0.058823529411764705,0.15384615384615385,0.12209302325581395,0.124,0.08823529411764706,0.19230769230769232
coverage,0.1,30,465600,465600,0.1003091140826585,True,53,80,0.08430232558139535,0.092,0.058823529411764705,0.07692307692307693,0.12209302325581395,0.116,0.1323529411764706,0.15384615384615385
region,0.1,30,465600,539412,0.1162112110084944,True,53,53,0.05813953488372093,0.044,0.1323529411764706,0.0,0.09011627906976744,0.068,0.19117647058823528,0.038461538461538464
coverage,0.1,31,465600,465600,0.1003091140826585,True,53,79,0.07267441860465117,0.084,0.058823529411764705,0.0,0.125,0.124,0.11764705882352941,0.15384615384615385
region,0.1,31,465600,540143,0.11636869804112845,True,53,53,0.11627906976744186,0.104,0.16176470588235295,0.11538461538461539,0.1569767441860465,0.136,0.20588235294117646,0.23076923076923078
coverage,0.1,32,465600,465600,0.1003091140826585,True,53,77,0.11918604651162791,0.12,0.10294117647058823,0.15384615384615385,0.15406976744186046,0.144,0.14705882352941177,0.2692307692307692
region,0.1,32,465600,499291,0.1075675212187385,True,53,53,0.11046511627906977,0.112,0.1323529411764706,0.038461538461538464,0.1569767441860465,0.148,0.22058823529411764,0.07692307692307693
coverage,0.1,33,465600,465600,0.1003091140826585,True,53,78,0.10174418604651163,0.112,0.07352941176470588,0.07692307692307693,0.12790697674418605,0.124,0.14705882352941177,0.11538461538461539
region,0.1,33,465600,529052,0.11397924704394038,True,53,53,0.11046511627906977,0.132,0.029411764705882353,0.11538461538461539,0.14825581395348839,0.148,0.10294117647058823,0.2692307692307692
coverage,0.1,34,465600,465600,0.1003091140826585,True,53,78,0.06976744186046512,0.064,0.10294117647058823,0.038461538461538464,0.10174418604651163,0.076,0.20588235294117646,0.07692307692307693
region,0.1,34,465600,539732,0.1162801519803725,True,53,53,0.15988372093023256,0.176,0.07352941176470588,0.23076923076923078,0.2063953488372093,0.212,0.1323529411764706,0.34615384615384615
coverage,0.1,35,465600,465600,0.1003091140826585,True,53,80,0.09593023255813954,0.096,0.10294117647058823,0.07692307692307693,0.1744186046511628,0.156,0.22058823529411764,0.23076923076923078
region,0.1,35,465600,517002,0.11138318857165509,True,53,53,0.12209302325581395,0.12,0.1323529411764706,0.11538461538461539,0.15988372093023256,0.156,0.1323529411764706,0.2692307692307692
coverage,0.1,36,465600,465600,0.1003091140826585,True,53,78,0.07848837209302326,0.072,0.10294117647058823,0.07692307692307693,0.11337209302325581,0.092,0.17647058823529413,0.15384615384615385
region,0.1,36,465600,535294,0.11532402687663788,True,53,53,0.11337209302325581,0.12,0.11764705882352941,0.038461538461538464,0.14534883720930233,0.136,0.14705882352941177,0.23076923076923078
coverage,0.1,37,465600,465600,0.1003091140826585,True,53,80,0.09011627906976744,0.068,0.16176470588235295,0.11538461538461539,0.1569767441860465,0.124,0.2647058823529412,0.19230769230769232
region,0.1,37,465600,532732,0.11477206822053872,True,53,53,0.09593023255813954,0.096,0.08823529411764706,0.11538461538461539,0.14825581395348839,0.132,0.16176470588235295,0.2692307692307692
coverage,0.1,38,465600,465600,0.1003091140826585,True,53,76,0.11046511627906977,0.108,0.1323529411764706,0.07692307692307693,0.17151162790697674,0.16,0.17647058823529413,0.2692307692307692
region,0.1,38,465600,512786,0.11047489126716091,True,53,53,0.11337209302325581,0.104,0.1323529411764706,0.15384615384615385,0.14244186046511628,0.116,0.20588235294117646,0.23076923076923078
coverage,0.1,39,465600,465600,0.1003091140826585,True,53,77,0.08139534883720931,0.084,0.058823529411764705,0.11538461538461539,0.14534883720930233,0.144,0.11764705882352941,0.23076923076923078
region,0.1,39,465600,516408,0.11125521689260634,True,53,53,0.10465116279069768,0.096,0.1323529411764706,0.11538461538461539,0.11918604651162791,0.104,0.14705882352941177,0.19230769230769232
coverage,0.1,40,465600,465600,0.1003091140826585,True,53,78,0.11918604651162791,0.112,0.1323529411764706,0.15384615384615385,0.16279069767441862,0.136,0.23529411764705882,0.23076923076923078
region,0.1,40,465600,519360,0.11189119735818195,True,53,53,0.12790697674418605,0.14,0.058823529411764705,0.19230769230769232,0.15406976744186046,0.16,0.10294117647058823,0.23076923076923078
coverage,0.1,41,465600,465600,0.1003091140826585,True,53,76,0.09593023255813954,0.112,0.04411764705882353,0.07692307692307693,0.1569767441860465,0.16,0.10294117647058823,0.2692307692307692
region,0.1,41,465600,524298,0.11295504273047613,True,53,53,0.1744186046511628,0.188,0.11764705882352941,0.19230769230769232,0.23837209302325582,0.248,0.19117647058823528,0.2692307692307692
coverage,0.1,42,465600,465600,0.1003091140826585,True,53,78,0.09883720930232558,0.1,0.08823529411764706,0.11538461538461539,0.14534883720930233,0.132,0.17647058823529413,0.19230769230769232
region,0.1,42,465600,535719,0.11541558910491351,True,53,53,0.08139534883720931,0.06,0.16176470588235295,0.07692307692307693,0.11918604651162791,0.088,0.22058823529411764,0.15384615384615385
coverage,0.1,43,465600,465600,0.1003091140826585,True,53,78,0.09302325581395349,0.08,0.1323529411764706,0.11538461538461539,0.13662790697674418,0.108,0.23529411764705882,0.15384615384615385
region,0.1,43,465600,518291,0.11166089142400162,True,53,53,0.09883720930232558,0.112,0.058823529411764705,0.07692307692307693,0.12790697674418605,0.128,0.11764705882352941,0.15384615384615385
coverage,0.1,44,465600,465600,0.1003091140826585,True,53,76,0.1308139534883721,0.132,0.08823529411764706,0.23076923076923078,0.18604651162790697,0.172,0.20588235294117646,0.2692307692307692
region,0.1,44,465600,541188,0.11659383340241793,True,53,53,0.15988372093023256,0.168,0.11764705882352941,0.19230769230769232,0.18895348837209303,0.184,0.19117647058823528,0.23076923076923078
coverage,0.1,45,465600,465600,0.1003091140826585,True,53,77,0.08139534883720931,0.076,0.10294117647058823,0.07692307692307693,0.125,0.112,0.16176470588235295,0.15384615384615385
region,0.1,45,465600,543553,0.11710335027270463,True,53,53,0.13953488372093023,0.156,0.07352941176470588,0.15384615384615385,0.19186046511627908,0.188,0.14705882352941177,0.34615384615384615
coverage,0.1,46,465600,465600,0.1003091140826585,True,53,77,0.12790697674418605,0.14,0.08823529411764706,0.11538461538461539,0.21220930232558138,0.196,0.23529411764705882,0.3076923076923077
region,0.1,46,465600,541732,0.11671103305461072,True,53,53,0.09302325581395349,0.092,0.10294117647058823,0.07692307692307693,0.1308139534883721,0.124,0.1323529411764706,0.19230769230769232
coverage,0.1,47,465600,465600,0.1003091140826585,True,53,76,0.09302325581395349,0.092,0.10294117647058823,0.07692307692307693,0.13662790697674418,0.12,0.19117647058823528,0.15384615384615385
region,0.1,47,465600,519824,0.11199116176740523,True,53,53,0.13662790697674418,0.156,0.07352941176470588,0.11538461538461539,0.1744186046511628,0.188,0.11764705882352941,0.19230769230769232
coverage,0.1,48,465600,465600,0.1003091140826585,True,53,76,0.09011627906976744,0.088,0.11764705882352941,0.038461538461538464,0.13372093023255813,0.116,0.17647058823529413,0.19230769230769232
region,0.1,48,465600,535266,0.11531799454159855,True,53,53,0.11337209302325581,0.104,0.17647058823529413,0.038461538461538464,0.1744186046511628,0.144,0.29411764705882354,0.15384615384615385
coverage,0.1,49,465600,465600,0.1003091140826585,True,53,77,0.11046511627906977,0.112,0.11764705882352941,0.07692307692307693,0.14534883720930233,0.136,0.17647058823529413,0.15384615384615385
region,0.1,49,465600,531419,0.11448919479530133,True,53,53,0.09302325581395349,0.08,0.17647058823529413,0.0,0.13372093023255813,0.104,0.23529411764705882,0.15384615384615385
coverage,0.1,50,465600,465600,0.1003091140826585,True,53,76,0.10755813953488372,0.116,0.07352941176470588,0.11538461538461539,0.13662790697674418,0.132,0.1323529411764706,0.19230769230769232
region,0.1,50,465600,533776,0.11499698814129107,True,53,53,0.11918604651162791,0.132,0.07352941176470588,0.11538461538461539,0.13662790697674418,0.14,0.10294117647058823,0.19230769230769232
coverage,0.1,51,465600,465600,0.1003091140826585,True,53,79,0.06976744186046512,0.088,0.029411764705882353,0.0,0.125,0.128,0.08823529411764706,0.19230769230769232
region,0.1,51,465600,513475,0.11062332979723598,True,53,53,0.0755813953488372,0.06,0.1323529411764706,0.07692307692307693,0.09011627906976744,0.072,0.14705882352941177,0.11538461538461539
coverage,0.1,52,465600,465600,0.1003091140826585,True,53,78,0.12209302325581395,0.12,0.1323529411764706,0.11538461538461539,0.16569767441860464,0.152,0.17647058823529413,0.2692307692307692
region,0.1,52,465600,545580,0.11754004824144507,True,53,53,0.15988372093023256,0.164,0.16176470588235295,0.11538461538461539,0.18604651162790697,0.18,0.19117647058823528,0.23076923076923078
coverage,0.1,53,465600,465600,0.1003091140826585,True,53,75,0.09883720930232558,0.088,0.1323529411764706,0.11538461538461539,0.14534883720930233,0.132,0.17647058823529413,0.19230769230769232
region,0.1,53,465600,541570,0.11667613168759744,True,53,53,0.12790697674418605,0.136,0.08823529411764706,0.15384615384615385,0.16569767441860464,0.16,0.16176470588235295,0.23076923076923078
coverage,0.1,54,465600,465600,0.1003091140826585,True,53,75,0.09883720930232558,0.1,0.11764705882352941,0.038461538461538464,0.13662790697674418,0.12,0.19117647058823528,0.15384615384615385
region,0.1,54,465600,527907,0.113732567628939,True,53,53,0.10465116279069768,0.124,0.058823529411764705,0.038461538461538464,0.125,0.136,0.08823529411764706,0.11538461538461539
coverage,0.1,55,465600,465600,0.1003091140826585,True,53,80,0.09593023255813954,0.116,0.029411764705882353,0.07692307692307693,0.15406976744186046,0.156,0.1323529411764706,0.19230769230769232
region,0.1,55,465600,534531,0.115159645746816,True,53,53,0.17732558139534885,0.18,0.17647058823529413,0.15384615384615385,0.2180232558139535,0.208,0.19117647058823528,0.38461538461538464
coverage,0.1,56,465600,465600,0.1003091140826585,True,53,77,0.10174418604651163,0.076,0.22058823529411764,0.038461538461538464,0.14825581395348839,0.112,0.2647058823529412,0.19230769230769232
region,0.1,56,465600,524139,0.11292078768507419,True,53,53,0.15406976744186046,0.144,0.16176470588235295,0.23076923076923078,0.16569767441860464,0.156,0.17647058823529413,0.23076923076923078
coverage,0.1,57,465600,465600,0.1003091140826585,True,53,76,0.07848837209302326,0.068,0.11764705882352941,0.07692307692307693,0.11046511627906977,0.092,0.16176470588235295,0.15384615384615385
region,0.1,57,465600,533940,0.1150323203893786,True,53,53,0.09302325581395349,0.072,0.17647058823529413,0.07692307692307693,0.1511627906976744,0.124,0.20588235294117646,0.2692307692307692
coverage,0.1,58,465600,465600,0.1003091140826585,True,53,78,0.0755813953488372,0.076,0.07352941176470588,0.07692307692307693,0.10174418604651163,0.092,0.14705882352941177,0.07692307692307693
region,0.1,58,465600,528260,0.11380861813854205,True,53,53,0.11627906976744186,0.1,0.16176470588235295,0.15384615384615385,0.15406976744186046,0.116,0.25,0.2692307692307692
coverage,0.1,59,465600,465600,0.1003091140826585,True,53,78,0.09302325581395349,0.088,0.1323529411764706,0.038461538461538464,0.13662790697674418,0.116,0.19117647058823528,0.19230769230769232
region,0.1,59,465600,536157,0.11550995206017169,True,53,53,0.11627906976744186,0.104,0.17647058823529413,0.07692307692307693,0.1511627906976744,0.136,0.20588235294117646,0.15384615384615385
coverage,0.1,60,465600,465600,0.1003091140826585,True,53,81,0.08139534883720931,0.076,0.11764705882352941,0.038461538461538464,0.12790697674418605,0.116,0.14705882352941177,0.19230769230769232
region,0.1,60,465600,532520,0.11472639482666946,True,53,53,0.12790697674418605,0.112,0.16176470588235295,0.19230769230769232,0.15988372093023256,0.136,0.22058823529411764,0.23076923076923078
coverage,0.1,61,465600,465600,0.1003091140826585,True,53,78,0.05813953488372093,0.052,0.10294117647058823,0.0,0.09593023255813954,0.08,0.19117647058823528,0.0
region,0.1,61,465600,525147,0.11313795174649026,True,53,53,0.1308139534883721,0.128,0.1323529411764706,0.15384615384615385,0.18023255813953487,0.164,0.19117647058823528,0.3076923076923077
coverage,0.1,62,465600,465600,0.1003091140826585,True,53,77,0.09011627906976744,0.084,0.08823529411764706,0.15384615384615385,0.14534883720930233,0.124,0.19117647058823528,0.23076923076923078
region,0.1,62,465600,517086,0.11140128557677309,True,53,53,0.11627906976744186,0.136,0.058823529411764705,0.07692307692307693,0.14825581395348839,0.16,0.10294117647058823,0.15384615384615385
coverage,0.1,63,465600,465600,0.1003091140826585,True,53,78,0.10465116279069768,0.104,0.10294117647058823,0.11538461538461539,0.15988372093023256,0.14,0.19117647058823528,0.2692307692307692
region,0.1,63,465600,525181,0.1131452767247523,True,53,53,0.11046511627906977,0.108,0.11764705882352941,0.11538461538461539,0.14825581395348839,0.14,0.19117647058823528,0.11538461538461539
coverage,0.1,64,465600,465600,0.1003091140826585,True,53,79,0.11337209302325581,0.12,0.07352941176470588,0.15384615384615385,0.1686046511627907,0.168,0.14705882352941177,0.23076923076923078
region,0.1,64,465600,553333,0.11921035872572955,True,53,53,0.1511627906976744,0.152,0.1323529411764706,0.19230769230769232,0.18023255813953487,0.18,0.16176470588235295,0.23076923076923078
coverage,0.1,65,465600,465600,0.1003091140826585,True,53,77,0.10755813953488372,0.108,0.11764705882352941,0.07692307692307693,0.16569767441860464,0.156,0.19117647058823528,0.19230769230769232
region,0.1,65,465600,542897,0.11696202128035449,True,53,53,0.14534883720930233,0.16,0.07352941176470588,0.19230769230769232,0.18895348837209303,0.204,0.10294117647058823,0.2692307692307692
coverage,0.1,66,465600,465600,0.1003091140826585,True,53,78,0.07267441860465117,0.064,0.11764705882352941,0.038461538461538464,0.12790697674418605,0.1,0.19117647058823528,0.23076923076923078
region,0.1,66,465600,542191,0.1168099202611484,True,53,53,0.15988372093023256,0.168,0.10294117647058823,0.23076923076923078,0.19476744186046513,0.188,0.17647058823529413,0.3076923076923077
coverage,0.1,67,465600,465600,0.1003091140826585,True,53,77,0.09883720930232558,0.104,0.08823529411764706,0.07692307692307693,0.14534883720930233,0.136,0.16176470588235295,0.19230769230769232
region,0.1,67,465600,504935,0.10878346761023877,True,53,53,0.06686046511627906,0.072,0.07352941176470588,0.0,0.09883720930232558,0.096,0.10294117647058823,0.11538461538461539
coverage,0.1,68,465600,465600,0.1003091140826585,True,53,77,0.10174418604651163,0.112,0.07352941176470588,0.07692307692307693,0.13662790697674418,0.132,0.14705882352941177,0.15384615384615385
region,0.1,68,465600,542761,0.1169327213673063,True,53,53,0.14534883720930233,0.14,0.14705882352941177,0.19230769230769232,0.17732558139534885,0.16,0.19117647058823528,0.3076923076923077
coverage,0.1,69,465600,465600,0.1003091140826585,True,53,78,0.09302325581395349,0.1,0.058823529411764705,0.11538461538461539,0.14534883720930233,0.12,0.19117647058823528,0.2692307692307692
region,0.1,69,465600,520562,0.11215015688379913,True,53,53,0.13372093023255813,0.12,0.17647058823529413,0.15384615384615385,0.17151162790697674,0.14,0.23529411764705882,0.3076923076923077
coverage,0.1,70,465600,465600,0.1003091140826585,True,53,75,0.10174418604651163,0.092,0.14705882352941177,0.07692307692307693,0.16279069767441862,0.132,0.23529411764705882,0.2692307692307692
region,0.1,70,465600,545587,0.11754155632520491,True,53,53,0.10755813953488372,0.096,0.16176470588235295,0.07692307692307693,0.14534883720930233,0.116,0.23529411764705882,0.19230769230769232
coverage,0.1,71,465600,465600,0.1003091140826585,True,53,75,0.13372093023255813,0.14,0.1323529411764706,0.07692307692307693,0.17151162790697674,0.172,0.16176470588235295,0.19230769230769232
region,0.1,71,465600,549887,0.11846795063481709,True,53,53,0.07267441860465117,0.064,0.1323529411764706,0.0,0.09593023255813954,0.076,0.16176470588235295,0.11538461538461539
coverage,0.1,72,465600,465600,0.1003091140826585,True,53,79,0.06976744186046512,0.072,0.07352941176470588,0.038461538461538464,0.10755813953488372,0.088,0.14705882352941177,0.19230769230769232
region,0.1,72,465600,545434,0.11750859392302568,True,53,53,0.125,0.128,0.11764705882352941,0.11538461538461539,0.1511627906976744,0.148,0.1323529411764706,0.23076923076923078
coverage,0.1,73,465600,465600,0.1003091140826585,True,53,76,0.10174418604651163,0.092,0.1323529411764706,0.11538461538461539,0.15988372093023256,0.136,0.22058823529411764,0.23076923076923078
region,0.1,73,465600,539137,0.11615196486078663,True,53,53,0.12790697674418605,0.12,0.14705882352941177,0.15384615384615385,0.17151162790697674,0.156,0.20588235294117646,0.23076923076923078
coverage,0.1,74,465600,465600,0.1003091140826585,True,53,77,0.09011627906976744,0.096,0.08823529411764706,0.038461538461538464,0.1511627906976744,0.148,0.19117647058823528,0.07692307692307693
region,0.1,74,465600,535940,0.11546320146361683,True,53,53,0.08139534883720931,0.084,0.07352941176470588,0.07692307692307693,0.10465116279069768,0.1,0.10294117647058823,0.15384615384615385
coverage,0.1,75,465600,465600,0.1003091140826585,True,53,78,0.1308139534883721,0.14,0.10294117647058823,0.11538461538461539,0.18023255813953487,0.172,0.17647058823529413,0.2692307692307692
region,0.1,75,465600,521593,0.11237227607756893,True,53,53,0.10174418604651163,0.096,0.1323529411764706,0.07692307692307693,0.14244186046511628,0.12,0.17647058823529413,0.2692307692307692
coverage,0.1,76,465600,465600,0.1003091140826585,True,53,77,0.046511627906976744,0.052,0.04411764705882353,0.0,0.09011627906976744,0.088,0.10294117647058823,0.07692307692307693
region,0.1,76,465600,529244,0.11402061162706725,True,53,53,0.11337209302325581,0.124,0.07352941176470588,0.11538461538461539,0.16279069767441862,0.164,0.08823529411764706,0.34615384615384615
coverage,0.1,77,465600,465600,0.1003091140826585,True,53,77,0.05232558139534884,0.044,0.10294117647058823,0.0,0.09593023255813954,0.068,0.19117647058823528,0.11538461538461539
region,0.1,77,465600,507412,0.1093171138206828,True,53,53,0.09011627906976744,0.06,0.22058823529411764,0.038461538461538464,0.125,0.088,0.27941176470588236,0.07692307692307693
coverage,0.1,78,465600,465600,0.1003091140826585,True,53,79,0.08430232558139535,0.08,0.1323529411764706,0.0,0.1308139534883721,0.112,0.22058823529411764,0.07692307692307693
region,0.1,78,465600,530045,0.11419317949729967,True,53,53,0.12209302325581395,0.128,0.11764705882352941,0.07692307692307693,0.18604651162790697,0.18,0.20588235294117646,0.19230769230769232
coverage,0.1,79,465600,465600,0.1003091140826585,True,53,75,0.11337209302325581,0.1,0.19117647058823528,0.038461538461538464,0.14825581395348839,0.112,0.27941176470588236,0.15384615384615385
region,0.1,79,465600,538848,0.11608970254555921,True,53,53,0.10755813953488372,0.104,0.10294117647058823,0.15384615384615385,0.15406976744186046,0.14,0.17647058823529413,0.23076923076923078
coverage,0.1,80,465600,465600,0.1003091140826585,True,53,75,0.0872093023255814,0.096,0.058823529411764705,0.07692307692307693,0.12790697674418605,0.124,0.1323529411764706,0.15384615384615385
region,0.1,80,465600,537432,0.11578463874499854,True,53,53,0.16279069767441862,0.184,0.08823529411764706,0.15384615384615385,0.20348837209302326,0.216,0.11764705882352941,0.3076923076923077
coverage,0.1,81,465600,465600,0.1003091140826585,True,53,77,0.10755813953488372,0.104,0.11764705882352941,0.11538461538461539,0.15406976744186046,0.136,0.19117647058823528,0.23076923076923078
region,0.1,81,465600,503912,0.10856307194076592,True,53,53,0.09011627906976744,0.084,0.08823529411764706,0.15384615384615385,0.12209302325581395,0.104,0.16176470588235295,0.19230769230769232
coverage,0.1,82,465600,465600,0.1003091140826585,True,53,79,0.08430232558139535,0.072,0.16176470588235295,0.0,0.125,0.1,0.22058823529411764,0.11538461538461539
region,0.1,82,465600,552085,0.11894148893540489,True,53,53,0.14534883720930233,0.144,0.1323529411764706,0.19230769230769232,0.2005813953488372,0.192,0.19117647058823528,0.3076923076923077
coverage,0.1,83,465600,465600,0.1003091140826585,True,53,78,0.09883720930232558,0.1,0.058823529411764705,0.19230769230769232,0.16569767441860464,0.148,0.16176470588235295,0.34615384615384615
region,0.1,83,465600,518561,0.11171906036902379,True,53,53,0.09593023255813954,0.092,0.1323529411764706,0.038461538461538464,0.13662790697674418,0.12,0.17647058823529413,0.19230769230769232
coverage,0.1,84,465600,465600,0.1003091140826585,True,53,76,0.06686046511627906,0.064,0.08823529411764706,0.038461538461538464,0.10755813953488372,0.088,0.16176470588235295,0.15384615384615385
region,0.1,84,465600,515880,0.11114146428900745,True,53,53,0.11627906976744186,0.108,0.1323529411764706,0.15384615384615385,0.16569767441860464,0.144,0.22058823529411764,0.23076923076923078
coverage,0.1,85,465600,465600,0.1003091140826585,True,53,78,0.10174418604651163,0.092,0.10294117647058823,0.19230769230769232,0.16279069767441862,0.14,0.23529411764705882,0.19230769230769232
region,0.1,85,465600,534363,0.11512345173658,True,53,53,0.10174418604651163,0.1,0.1323529411764706,0.038461538461538464,0.14534883720930233,0.136,0.16176470588235295,0.19230769230769232
coverage,0.1,86,465600,465600,0.1003091140826585,True,53,80,0.13372093023255813,0.124,0.14705882352941177,0.19230769230769232,0.2063953488372093,0.18,0.25,0.34615384615384615
region,0.1,86,465600,535352,0.1153365224277908,True,53,53,0.14534883720930233,0.152,0.1323529411764706,0.11538461538461539,0.1569767441860465,0.164,0.14705882352941177,0.11538461538461539
coverage,0.1,87,465600,465600,0.1003091140826585,True,53,75,0.08430232558139535,0.072,0.11764705882352941,0.11538461538461539,0.15406976744186046,0.136,0.20588235294117646,0.19230769230769232
region,0.1,87,465600,540319,0.11640661557566143,True,53,53,0.06686046511627906,0.064,0.058823529411764705,0.11538461538461539,0.08430232558139535,0.068,0.1323529411764706,0.11538461538461539
coverage,0.1,88,465600,465600,0.1003091140826585,True,53,77,0.11046511627906977,0.116,0.10294117647058823,0.07692307692307693,0.14244186046511628,0.14,0.17647058823529413,0.07692307692307693
region,0.1,88,465600,542140,0.11679893279375533,True,53,53,0.09302325581395349,0.084,0.16176470588235295,0.0,0.13953488372093023,0.124,0.20588235294117646,0.11538461538461539
coverage,0.1,89,465600,465600,0.1003091140826585,True,53,78,0.09302325581395349,0.084,0.10294117647058823,0.15384615384615385,0.14825581395348839,0.128,0.16176470588235295,0.3076923076923077
region,0.1,89,465600,525869,0.11329349981429025,True,53,53,0.06976744186046512,0.064,0.10294117647058823,0.038461538461538464,0.09883720930232558,0.084,0.16176470588235295,0.07692307692307693
coverage,0.1,90,465600,465600,0.1003091140826585,True,53,77,0.0872093023255814,0.084,0.10294117647058823,0.07692307692307693,0.13372093023255813,0.116,0.19117647058823528,0.15384615384615385
region,0.1,90,465600,541061,0.1165664724542038,True,53,53,0.11337209302325581,0.112,0.1323529411764706,0.07692307692307693,0.13372093023255813,0.124,0.17647058823529413,0.11538461538461539
coverage,0.1,91,465600,465600,0.1003091140826585,True,53,80,0.0872093023255814,0.084,0.058823529411764705,0.19230769230769232,0.13662790697674418,0.128,0.1323529411764706,0.23076923076923078
region,0.1,91,465600,535553,0.11537982597575173,True,53,53,0.11046511627906977,0.104,0.11764705882352941,0.15384615384615385,0.14825581395348839,0.128,0.22058823529411764,0.15384615384615385
coverage,0.1,92,465600,465600,0.1003091140826585,True,53,78,0.1308139534883721,0.128,0.08823529411764706,0.2692307692307692,0.1686046511627907,0.148,0.19117647058823528,0.3076923076923077
region,0.1,92,465600,532630,0.11475009328575257,True,53,53,0.13953488372093023,0.136,0.16176470588235295,0.11538461538461539,0.19476744186046513,0.188,0.22058823529411764,0.19230769230769232
coverage,0.1,93,465600,465600,0.1003091140826585,True,53,76,0.11046511627906977,0.112,0.08823529411764706,0.15384615384615385,0.1511627906976744,0.144,0.14705882352941177,0.23076923076923078
region,0.1,93,465600,529309,0.11403461526198,True,53,53,0.11918604651162791,0.124,0.08823529411764706,0.15384615384615385,0.16569767441860464,0.152,0.16176470588235295,0.3076923076923077
coverage,0.1,94,465600,465600,0.1003091140826585,True,53,76,0.09883720930232558,0.1,0.07352941176470588,0.15384615384615385,0.13662790697674418,0.128,0.11764705882352941,0.2692307692307692
region,0.1,94,465600,514807,0.11091029659267865,True,53,53,0.12790697674418605,0.132,0.08823529411764706,0.19230769230769232,0.15988372093023256,0.152,0.14705882352941177,0.2692307692307692
coverage,0.1,95,465600,465600,0.1003091140826585,True,53,76,0.09011627906976744,0.088,0.08823529411764706,0.11538461538461539,0.13372093023255813,0.116,0.19117647058823528,0.15384615384615385
region,0.1,95,465600,531847,0.1145814033451883,True,53,53,0.08430232558139535,0.072,0.1323529411764706,0.07692307692307693,0.09011627906976744,0.076,0.14705882352941177,0.07692307692307693
coverage,0.1,96,465600,465600,0.1003091140826585,True,53,78,0.10465116279069768,0.092,0.14705882352941177,0.11538461538461539,0.1569767441860465,0.14,0.19117647058823528,0.23076923076923078
region,0.1,96,465600,513759,0.1106845149097778,True,53,53,0.10465116279069768,0.1,0.11764705882352941,0.11538461538461539,0.12790697674418605,0.104,0.20588235294117646,0.15384615384615385
coverage,0.1,97,465600,465600,0.1003091140826585,True,53,77,0.09302325581395349,0.08,0.14705882352941177,0.07692307692307693,0.11918604651162791,0.096,0.19117647058823528,0.15384615384615385
region,0.1,97,465600,529260,0.11402405867566116,True,53,53,0.12209302325581395,0.128,0.11764705882352941,0.07692307692307693,0.15988372093023256,0.148,0.17647058823529413,0.23076923076923078
coverage,0.1,98,465600,465600,0.1003091140826585,True,53,79,0.10465116279069768,0.088,0.16176470588235295,0.11538461538461539,0.15988372093023256,0.12,0.29411764705882354,0.19230769230769232
region,0.1,98,465600,520761,0.11219302955068583,True,53,53,0.12209302325581395,0.124,0.14705882352941177,0.038461538461538464,0.16279069767441862,0.172,0.14705882352941177,0.11538461538461539
coverage,0.1,99,465600,465600,0.1003091140826585,True,53,76,0.08430232558139535,0.084,0.10294117647058823,0.038461538461538464,0.16569767441860464,0.148,0.23529411764705882,0.15384615384615385
region,0.1,99,465600,518725,0.11175439261711133,True,53,53,0.14244186046511628,0.156,0.10294117647058823,0.11538461538461539,0.19767441860465115,0.204,0.14705882352941177,0.2692307692307692
coverage,0.2,0,936800,936800,0.20182469517318402,True,103,163,0.1744186046511628,0.164,0.22058823529411764,0.15384615384615385,0.2616279069767442,0.232,0.3382352941176471,0.34615384615384615
region,0.2,0,936800,985139,0.2122388752969848,True,103,103,0.22965116279069767,0.212,0.27941176470588236,0.2692307692307692,0.27325581395348836,0.24,0.35294117647058826,0.38461538461538464
coverage,0.2,1,936800,936800,0.20182469517318402,True,103,160,0.2180232558139535,0.224,0.14705882352941177,0.34615384615384615,0.31976744186046513,0.292,0.3382352941176471,0.5384615384615384
region,0.2,1,936800,979400,0.2110024620544582,True,103,103,0.26453488372093026,0.284,0.14705882352941177,0.38461538461538464,0.3168604651162791,0.324,0.25,0.4230769230769231
coverage,0.2,2,936800,936800,0.20182469517318402,True,103,161,0.20348837209302326,0.204,0.19117647058823528,0.23076923076923078,0.32848837209302323,0.308,0.36764705882352944,0.4230769230769231
region,0.2,2,936800,996200,0.21462186307805928,True,103,103,0.18604651162790697,0.18,0.22058823529411764,0.15384615384615385,0.25,0.212,0.39705882352941174,0.23076923076923078
coverage,0.2,3,936800,936800,0.20182469517318402,True,103,159,0.20348837209302326,0.212,0.19117647058823528,0.15384615384615385,0.33430232558139533,0.316,0.35294117647058826,0.46153846153846156
region,0.2,3,936800,998654,0.2151505541561496,True,103,103,0.25290697674418605,0.268,0.17647058823529413,0.3076923076923077,0.313953488372093,0.304,0.27941176470588236,0.5
coverage,0.2,4,936800,936800,0.20182469517318402,True,103,167,0.18023255813953487,0.176,0.19117647058823528,0.19230769230769232,0.29069767441860467,0.276,0.27941176470588236,0.46153846153846156
region,0.2,4,936800,978759,0.21086436467016484,True,103,103,0.20930232558139536,0.204,0.23529411764705882,0.19230769230769232,0.26744186046511625,0.236,0.35294117647058826,0.34615384615384615
coverage,0.2,5,936800,936800,0.20182469517318402,True,103,159,0.18023255813953487,0.172,0.20588235294117646,0.19230769230769232,0.24709302325581395,0.216,0.35294117647058826,0.2692307692307692
region,0.2,5,936800,982766,0.21172763490240112,True,103,103,0.2238372093023256,0.216,0.20588235294117646,0.34615384615384615,0.29069767441860467,0.248,0.36764705882352944,0.5
coverage,0.2,6,936800,936800,0.20182469517318402,True,103,159,0.15988372093023256,0.12,0.27941176470588236,0.23076923076923078,0.22965116279069767,0.172,0.36764705882352944,0.4230769230769231
region,0.2,6,936800,987665,0.21278307809374766,True,103,103,0.23837209302325582,0.236,0.22058823529411764,0.3076923076923077,0.27906976744186046,0.268,0.3088235294117647,0.3076923076923077
coverage,0.2,7,936800,936800,0.20182469517318402,True,103,156,0.18604651162790697,0.204,0.14705882352941177,0.11538461538461539,0.27906976744186046,0.272,0.2647058823529412,0.38461538461538464
region,0.2,7,936800,1000301,0.21550538472078476,True,103,103,0.23546511627906977,0.228,0.23529411764705882,0.3076923076923077,0.3168604651162791,0.32,0.29411764705882354,0.34615384615384615
coverage,0.2,8,936800,936800,0.20182469517318402,True,103,157,0.18604651162790697,0.184,0.22058823529411764,0.11538461538461539,0.2877906976744186,0.248,0.4117647058823529,0.34615384615384615
region,0.2,8,936800,991185,0.21354142878440693,True,103,103,0.18313953488372092,0.176,0.20588235294117646,0.19230769230769232,0.22674418604651161,0.22,0.2647058823529412,0.19230769230769232
coverage,0.2,9,936800,936800,0.20182469517318402,True,103,159,0.20348837209302326,0.2,0.25,0.11538461538461539,0.2761627906976744,0.248,0.38235294117647056,0.2692307692307692
region,0.2,9,936800,966223,0.20816360209683965,True,103,103,0.14534883720930233,0.14,0.11764705882352941,0.2692307692307692,0.20930232558139536,0.188,0.20588235294117646,0.4230769230769231
coverage,0.2,10,936800,936800,0.20182469517318402,True,103,158,0.23837209302325582,0.216,0.2647058823529412,0.38461538461538464,0.31976744186046513,0.28,0.4117647058823529,0.46153846153846156
region,0.2,10,936800,987812,0.21281474785270416,True,103,103,0.18313953488372092,0.188,0.19117647058823528,0.11538461538461539,0.2616279069767442,0.248,0.29411764705882354,0.3076923076923077
coverage,0.2,11,936800,936800,0.20182469517318402,True,103,159,0.21220930232558138,0.22,0.17647058823529413,0.23076923076923078,0.2877906976744186,0.288,0.2647058823529412,0.34615384615384615
region,0.2,11,936800,952769,0.20526506511043913,True,103,103,0.2005813953488372,0.2,0.19117647058823528,0.23076923076923078,0.24127906976744187,0.224,0.25,0.38461538461538464
coverage,0.2,12,936800,936800,0.20182469517318402,True,103,161,0.1744186046511628,0.172,0.17647058823529413,0.19230769230769232,0.24127906976744187,0.232,0.27941176470588236,0.23076923076923078
region,0.2,12,936800,993505,0.21404125083052328,True,103,103,0.2005813953488372,0.176,0.29411764705882354,0.19230769230769232,0.26744186046511625,0.232,0.38235294117647056,0.3076923076923077
coverage,0.2,13,936800,936800,0.20182469517318402,True,103,163,0.1686046511627907,0.18,0.16176470588235295,0.07692307692307693,0.25,0.232,0.3088235294117647,0.2692307692307692
region,0.2,13,936800,985801,0.21238149693255765,True,103,103,0.22093023255813954,0.24,0.10294117647058823,0.34615384615384615,0.2877906976744186,0.288,0.19117647058823528,0.5384615384615384
coverage,0.2,14,936800,936800,0.20182469517318402,True,103,157,0.22093023255813954,0.228,0.19117647058823528,0.23076923076923078,0.2761627906976744,0.28,0.2647058823529412,0.2692307692307692
region,0.2,14,936800,955628,0.20588100960606268,True,103,103,0.2005813953488372,0.192,0.22058823529411764,0.23076923076923078,0.25290697674418605,0.22,0.3382352941176471,0.34615384615384615
coverage,0.2,15,936800,936800,0.20182469517318402,True,103,162,0.2441860465116279,0.248,0.23529411764705882,0.23076923076923078,0.32848837209302323,0.324,0.29411764705882354,0.46153846153846156
region,0.2,15,936800,992303,0.21378229130490609,True,103,103,0.15406976744186046,0.136,0.2647058823529412,0.038461538461538464,0.22093023255813954,0.188,0.35294117647058826,0.19230769230769232
coverage,0.2,16,936800,936800,0.20182469517318402,True,103,162,0.2180232558139535,0.204,0.27941176470588236,0.19230769230769232,0.3023255813953488,0.26,0.4411764705882353,0.34615384615384615
region,0.2,16,936800,987837,0.21282013386613213,True,103,103,0.18895348837209303,0.192,0.22058823529411764,0.07692307692307693,0.26453488372093026,0.24,0.35294117647058826,0.2692307692307692
coverage,0.2,17,936800,936800,0.20182469517318402,True,103,156,0.21511627906976744,0.188,0.29411764705882354,0.2692307692307692,0.3226744186046512,0.284,0.38235294117647056,0.5384615384615384
region,0.2,17,936800,1014963,0.2186641738760252,True,103,103,0.25290697674418605,0.272,0.20588235294117646,0.19230769230769232,0.29941860465116277,0.3,0.3088235294117647,0.2692307692307692
coverage,0.2,18,936800,936800,0.20182469517318402,True,103,163,0.21511627906976744,0.212,0.22058823529411764,0.23076923076923078,0.32558139534883723,0.308,0.3382352941176471,0.46153846153846156
region,0.2,18,936800,1037071,0.2234271332706545,True,103,103,0.24127906976744187,0.232,0.23529411764705882,0.34615384615384615,0.2877906976744186,0.276,0.3088235294117647,0.34615384615384615
coverage,0.2,19,936800,936800,0.20182469517318402,True,103,160,0.26744186046511625,0.288,0.17647058823529413,0.3076923076923077,0.3488372093023256,0.34,0.3088235294117647,0.5384615384615384
region,0.2,19,936800,978845,0.2108828925563571,True,103,103,0.2180232558139535,0.236,0.19117647058823528,0.11538461538461539,0.2761627906976744,0.268,0.3235294117647059,0.23076923076923078
coverage,0.2,20,936800,936800,0.20182469517318402,True,103,164,0.21220930232558138,0.22,0.17647058823529413,0.23076923076923078,0.29941860465116277,0.288,0.29411764705882354,0.4230769230769231
region,0.2,20,936800,1006287,0.21679501177597976,True,103,103,0.22965116279069767,0.22,0.27941176470588236,0.19230769230769232,0.29651162790697677,0.264,0.38235294117647056,0.38461538461538464
coverage,0.2,21,936800,936800,0.20182469517318402,True,103,163,0.18313953488372092,0.184,0.19117647058823528,0.15384615384615385,0.2819767441860465,0.248,0.36764705882352944,0.38461538461538464
region,0.2,21,936800,964259,0.20774047688193772,True,103,103,0.20348837209302326,0.196,0.23529411764705882,0.19230769230769232,0.25872093023255816,0.248,0.27941176470588236,0.3076923076923077
coverage,0.2,22,936800,936800,0.20182469517318402,True,103,164,0.18604651162790697,0.18,0.23529411764705882,0.11538461538461539,0.27906976744186046,0.256,0.3382352941176471,0.34615384615384615
region,0.2,22,936800,946390,0.2038907699241563,True,103,103,0.12209302325581395,0.12,0.14705882352941177,0.07692307692307693,0.17732558139534885,0.156,0.23529411764705882,0.23076923076923078
coverage,0.2,23,936800,936800,0.20182469517318402,True,103,163,0.1511627906976744,0.132,0.22058823529411764,0.15384615384615385,0.2441860465116279,0.196,0.36764705882352944,0.38461538461538464
region,0.2,23,936800,1024995,0.2208254733444041,True,103,103,0.17732558139534885,0.172,0.22058823529411764,0.11538461538461539,0.23837209302325582,0.216,0.27941176470588236,0.34615384615384615
coverage,0.2,24,936800,936800,0.20182469517318402,True,103,162,0.20930232558139536,0.188,0.27941176470588236,0.23076923076923078,0.28488372093023256,0.26,0.3382352941176471,0.38461538461538464
region,0.2,24,936800,945029,0.2035975553531372,True,103,103,0.18313953488372092,0.192,0.17647058823529413,0.11538461538461539,0.25,0.236,0.27941176470588236,0.3076923076923077
coverage,0.2,25,936800,936800,0.20182469517318402,True,103,161,0.23837209302325582,0.228,0.2647058823529412,0.2692307692307692,0.29651162790697677,0.26,0.4117647058823529,0.34615384615384615
region,0.2,25,936800,1006310,0.2167999669083335,True,103,103,0.2180232558139535,0.204,0.27941176470588236,0.19230769230769232,0.28488372093023256,0.256,0.3382352941176471,0.4230769230769231
coverage,0.2,26,936800,936800,0.20182469517318402,True,103,163,0.22093023255813954,0.224,0.19117647058823528,0.2692307692307692,0.2819767441860465,0.264,0.3088235294117647,0.38461538461538464
region,0.2,26,936800,995390,0.2144473562429928,True,103,103,0.18313953488372092,0.168,0.25,0.15384615384615385,0.21220930232558138,0.184,0.3235294117647059,0.19230769230769232
coverage,0.2,27,936800,936800,0.20182469517318402,True,103,161,0.23837209302325582,0.236,0.27941176470588236,0.15384615384615385,0.3226744186046512,0.296,0.39705882352941174,0.38461538461538464
region,0.2,27,936800,995251,0.21441741000833325,True,103,103,0.21511627906976744,0.24,0.14705882352941177,0.15384615384615385,0.27325581395348836,0.276,0.23529411764705882,0.34615384615384615
coverage,0.2,28,936800,936800,0.20182469517318402,True,103,162,0.16279069767441862,0.16,0.16176470588235295,0.19230769230769232,0.29651162790697677,0.276,0.36764705882352944,0.3076923076923077
region,0.2,28,936800,952936,0.20530104368013802,True,103,103,0.21511627906976744,0.196,0.25,0.3076923076923077,0.28488372093023256,0.244,0.38235294117647056,0.4230769230769231
coverage,0.2,29,936800,936800,0.20182469517318402,True,103,159,0.1744186046511628,0.152,0.25,0.19230769230769232,0.25,0.208,0.39705882352941174,0.2692307692307692
region,0.2,29,936800,979033,0.21092339537733548,True,103,103,0.15406976744186046,0.164,0.16176470588235295,0.038461538461538464,0.23837209302325582,0.22,0.3235294117647059,0.19230769230769232
coverage,0.2,30,936800,936800,0.20182469517318402,True,103,159,0.22093023255813954,0.22,0.23529411764705882,0.19230769230769232,0.313953488372093,0.292,0.36764705882352944,0.38461538461538464
region,0.2,30,936800,976133,0.21029861781969006,True,103,103,0.2180232558139535,0.216,0.20588235294117646,0.2692307692307692,0.2558139534883721,0.232,0.3382352941176471,0.2692307692307692
coverage,0.2,31,936800,936800,0.20182469517318402,True,103,162,0.20348837209302326,0.204,0.2647058823529412,0.038461538461538464,0.2936046511627907,0.268,0.36764705882352944,0.34615384615384615
region,0.2,31,936800,1061085,0.22860072232903286,True,103,103,0.22093023255813954,0.248,0.1323529411764706,0.19230769230769232,0.2936046511627907,0.296,0.25,0.38461538461538464
coverage,0.2,32,936800,936800,0.20182469517318402,True,103,164,0.2238372093023256,0.212,0.25,0.2692307692307692,0.27325581395348836,0.236,0.38235294117647056,0.34615384615384615
region,0.2,32,936800,977759,0.21064892413304573,True,103,103,0.19476744186046513,0.188,0.22058823529411764,0.19230769230769232,0.2703488372093023,0.248,0.3088235294117647,0.38461538461538464
coverage,0.2,33,936800,936800,0.20182469517318402,True,103,160,0.23255813953488372,0.244,0.20588235294117646,0.19230769230769232,0.3168604651162791,0.3,0.3382352941176471,0.4230769230769231
region,0.2,33,936800,1013257,0.21829663231969998,True,103,103,0.2180232558139535,0.216,0.23529411764705882,0.19230769230769232,0.26744186046511625,0.248,0.3382352941176471,0.2692307692307692
coverage,0.2,34,936800,936800,0.20182469517318402,True,103,162,0.2238372093023256,0.22,0.25,0.19230769230769232,0.30523255813953487,0.296,0.3382352941176471,0.3076923076923077
region,0.2,34,936800,989490,0.21317625707399004,True,103,103,0.17151162790697674,0.152,0.25,0.15384615384615385,0.2238372093023256,0.188,0.3382352941176471,0.2692307692307692
coverage,0.2,35,936800,936800,0.20182469517318402,True,103,155,0.21511627906976744,0.22,0.20588235294117646,0.19230769230769232,0.32558139534883723,0.28,0.4264705882352941,0.5
region,0.2,35,936800,987078,0.21265661449845874,True,103,103,0.19767441860465115,0.196,0.20588235294117646,0.19230769230769232,0.25290697674418605,0.228,0.3235294117647059,0.3076923076923077
coverage,0.2,36,936800,936800,0.20182469517318402,True,103,166,0.22093023255813954,0.232,0.20588235294117646,0.15384615384615385,0.33430232558139533,0.296,0.4117647058823529,0.5
region,0.2,36,936800,977805,0.2106588343977532,True,103,103,0.2703488372093023,0.26,0.2647058823529412,0.38461538461538464,0.3313953488372093,0.32,0.3088235294117647,0.5
coverage,0.2,37,936800,936800,0.20182469517318402,True,103,158,0.14244186046511628,0.14,0.19117647058823528,0.038461538461538464,0.22093023255813954,0.196,0.3235294117647059,0.19230769230769232
region,0.2,37,936800,990056,0.21329819641799946,True,103,103,0.2238372093023256,0.224,0.19117647058823528,0.3076923076923077,0.2761627906976744,0.252,0.3088235294117647,0.4230769230769231
coverage,0.2,38,936800,936800,0.20182469517318402,True,103,161,0.16279069767441862,0.164,0.14705882352941177,0.19230769230769232,0.27325581395348836,0.256,0.25,0.5
region,0.2,38,936800,971537,0.20930845311109061,True,103,103,0.18895348837209303,0.172,0.27941176470588236,0.11538461538461539,0.24127906976744187,0.22,0.3235294117647059,0.23076923076923078
coverage,0.2,39,936800,936800,0.20182469517318402,True,103,160,0.2005813953488372,0.208,0.20588235294117646,0.11538461538461539,0.2703488372093023,0.264,0.3088235294117647,0.23076923076923078
region,0.2,39,936800,952905,0.20529436502348733,True,103,103,0.26744186046511625,0.284,0.19117647058823528,0.3076923076923077,0.3546511627906977,0.344,0.3088235294117647,0.5769230769230769
coverage,0.2,40,936800,936800,0.20182469517318402,True,103,162,0.17151162790697674,0.172,0.19117647058823528,0.11538461538461539,0.25,0.24,0.25,0.34615384615384615
region,0.2,40,936800,983707,0.2119303644478302,True,103,103,0.1569767441860465,0.148,0.22058823529411764,0.07692307692307693,0.18895348837209303,0.172,0.2647058823529412,0.15384615384615385
coverage,0.2,41,936800,936800,0.20182469517318402,True,103,162,0.1511627906976744,0.152,0.16176470588235295,0.11538461538461539,0.2616279069767442,0.228,0.38235294117647056,0.2692307692307692
region,0.2,41,936800,1030624,0.2220381881278476,True,103,103,0.25,0.252,0.20588235294117646,0.34615384615384615,0.2877906976744186,0.272,0.29411764705882354,0.4230769230769231
coverage,0.2,42,936800,936800,0.20182469517318402,True,103,163,0.18895348837209303,0.192,0.20588235294117646,0.11538461538461539,0.29651162790697677,0.268,0.36764705882352944,0.38461538461538464
region,0.2,42,936800,976177,0.2103080972033233,True,103,103,0.21220930232558138,0.224,0.19117647058823528,0.15384615384615385,0.30523255813953487,0.292,0.3235294117647059,0.38461538461538464
coverage,0.2,43,936800,936800,0.20182469517318402,True,103,157,0.19476744186046513,0.192,0.17647058823529413,0.2692307692307692,0.311046511627907,0.292,0.27941176470588236,0.5769230769230769
region,0.2,43,936800,1019466,0.21963430261467254,True,103,103,0.23546511627906977,0.252,0.20588235294117646,0.15384615384615385,0.29941860465116277,0.296,0.3088235294117647,0.3076923076923077
coverage,0.2,44,936800,936800,0.20182469517318402,True,103,158,0.21511627906976744,0.196,0.29411764705882354,0.19230769230769232,0.29941860465116277,0.264,0.38235294117647056,0.4230769230769231
region,0.2,44,936800,1036945,0.22339998776297748,True,103,103,0.2558139534883721,0.264,0.22058823529411764,0.2692307692307692,0.3168604651162791,0.332,0.23529411764705882,0.38461538461538464
coverage,0.2,45,936800,936800,0.20182469517318402,True,103,162,0.1744186046511628,0.16,0.19117647058823528,0.2692307692307692,0.25290697674418605,0.224,0.3235294117647059,0.34615384615384615
region,0.2,45,936800,960836,0.207003023923379,True,103,103,0.21511627906976744,0.208,0.23529411764705882,0.23076923076923078,0.25872093023255816,0.236,0.3382352941176471,0.2692307692307692
coverage,0.2,46,936800,936800,0.20182469517318402,True,103,162,0.2238372093023256,0.228,0.22058823529411764,0.19230769230769232,0.32848837209302323,0.304,0.35294117647058826,0.5
region,0.2,46,936800,985508,0.21231837285518174,True,103,103,0.22674418604651161,0.248,0.1323529411764706,0.2692307692307692,0.28488372093023256,0.288,0.25,0.34615384615384615
coverage,0.2,47,936800,936800,0.20182469517318402,True,103,166,0.26744186046511625,0.252,0.35294117647058826,0.19230769230769232,0.3372093023255814,0.292,0.4852941176470588,0.38461538461538464
region,0.2,47,936800,991237,0.21355263169233712,True,103,103,0.16279069767441862,0.16,0.17647058823529413,0.15384615384615385,0.20930232558139536,0.188,0.2647058823529412,0.2692307692307692
coverage,0.2,48,936800,936800,0.20182469517318402,True,103,158,0.19186046511627908,0.184,0.20588235294117646,0.23076923076923078,0.27906976744186046,0.26,0.3235294117647059,0.34615384615384615
region,0.2,48,936800,969097,0.20878277820052,True,103,103,0.20930232558139536,0.216,0.14705882352941177,0.3076923076923077,0.28488372093023256,0.288,0.22058823529411764,0.4230769230769231
coverage,0.2,49,936800,936800,0.20182469517318402,True,103,160,0.2558139534883721,0.276,0.17647058823529413,0.2692307692307692,0.35174418604651164,0.344,0.3235294117647059,0.5
region,0.2,49,936800,955576,0.20586980669813248,True,103,103,0.17732558139534885,0.172,0.19117647058823528,0.19230769230769232,0.22093023255813954,0.196,0.27941176470588236,0.3076923076923077
coverage,0.2,50,936800,936800,0.20182469517318402,True,103,162,0.18023255813953487,0.192,0.14705882352941177,0.15384615384615385,0.27906976744186046,0.264,0.3235294117647059,0.3076923076923077
region,0.2,50,936800,966571,0.20823857540375712,True,103,103,0.22965116279069767,0.216,0.25,0.3076923076923077,0.3023255813953488,0.272,0.35294117647058826,0.46153846153846156
coverage,0.2,51,936800,936800,0.20182469517318402,True,103,166,0.1686046511627907,0.144,0.2647058823529412,0.15384615384615385,0.25872093023255816,0.204,0.4264705882352941,0.34615384615384615
region,0.2,51,936800,1005846,0.21670000249911023,True,103,103,0.17732558139534885,0.16,0.2647058823529412,0.11538461538461539,0.23255813953488372,0.2,0.35294117647058826,0.23076923076923078
coverage,0.2,52,936800,936800,0.20182469517318402,True,103,159,0.19476744186046513,0.196,0.20588235294117646,0.15384615384615385,0.32848837209302323,0.272,0.47058823529411764,0.5
region,0.2,52,936800,972682,0.209555132526092,True,103,103,0.2238372093023256,0.22,0.23529411764705882,0.23076923076923078,0.27325581395348836,0.264,0.27941176470588236,0.34615384615384615
coverage,0.2,53,936800,936800,0.20182469517318402,True,103,158,0.19186046511627908,0.164,0.2647058823529412,0.2692307692307692,0.29941860465116277,0.232,0.4852941176470588,0.46153846153846156
region,0.2,53,936800,943334,0.2032323836427203,True,103,103,0.16569767441860464,0.168,0.17647058823529413,0.11538461538461539,0.21220930232558138,0.188,0.27941176470588236,0.2692307692307692
coverage,0.2,54,936800,936800,0.20182469517318402,True,103,166,0.22674418604651161,0.228,0.20588235294117646,0.2692307692307692,0.31976744186046513,0.312,0.3088235294117647,0.4230769230769231
region,0.2,54,936800,1003953,0.21629217356234376,True,103,103,0.20930232558139536,0.192,0.3088235294117647,0.11538461538461539,0.25290697674418605,0.216,0.38235294117647056,0.2692307692307692
coverage,0.2,55,936800,936800,0.20182469517318402,True,103,163,0.15988372093023256,0.132,0.2647058823529412,0.15384615384615385,0.25,0.168,0.5147058823529411,0.34615384615384615
region,0.2,55,936800,1002396,0.21595673264604928,True,103,103,0.23546511627906977,0.244,0.19117647058823528,0.2692307692307692,0.311046511627907,0.28,0.38235294117647056,0.4230769230769231
coverage,0.2,56,936800,936800,0.20182469517318402,True,103,161,0.1744186046511628,0.152,0.25,0.19230769230769232,0.2761627906976744,0.232,0.39705882352941174,0.38461538461538464
region,0.2,56,936800,986367,0.21250343627656704,True,103,103,0.22674418604651161,0.212,0.23529411764705882,0.34615384615384615,0.3023255813953488,0.272,0.35294117647058826,0.46153846153846156
coverage,0.2,57,936800,936800,0.20182469517318402,True,103,160,0.20348837209302326,0.208,0.19117647058823528,0.19230769230769232,0.313953488372093,0.292,0.29411764705882354,0.5769230769230769
region,0.2,57,936800,973039,0.20963204479784353,True,103,103,0.16569767441860464,0.144,0.23529411764705882,0.19230769230769232,0.23546511627906977,0.2,0.3382352941176471,0.3076923076923077
coverage,0.2,58,936800,936800,0.20182469517318402,True,103,166,0.18895348837209303,0.176,0.20588235294117646,0.2692307692307692,0.24709302325581395,0.228,0.3088235294117647,0.2692307692307692
region,0.2,58,936800,1004064,0.21631608746196399,True,103,103,0.1686046511627907,0.156,0.22058823529411764,0.15384615384615385,0.23255813953488372,0.188,0.39705882352941174,0.23076923076923078
coverage,0.2,59,936800,936800,0.20182469517318402,True,103,164,0.18023255813953487,0.172,0.22058823529411764,0.15384615384615385,0.25872093023255816,0.216,0.35294117647058826,0.4230769230769231
region,0.2,59,936800,983794,0.21194910777455958,True,103,103,0.2180232558139535,0.22,0.22058823529411764,0.19230769230769232,0.2703488372093023,0.256,0.29411764705882354,0.34615384615384615
coverage,0.2,60,936800,936800,0.20182469517318402,True,103,155,0.15406976744186046,0.168,0.11764705882352941,0.11538461538461539,0.24709302325581395,0.228,0.2647058823529412,0.38461538461538464
region,0.2,60,936800,979487,0.21102120538118757,True,103,103,0.2005813953488372,0.18,0.3088235294117647,0.11538461538461539,0.25290697674418605,0.22,0.38235294117647056,0.23076923076923078
coverage,0.2,61,936800,936800,0.20182469517318402,True,103,158,0.2761627906976744,0.284,0.19117647058823528,0.4230769230769231,0.3633720930232558,0.36,0.35294117647058826,0.4230769230769231
region,0.2,61,936800,1005892,0.2167099127638177,True,103,103,0.2063953488372093,0.204,0.22058823529411764,0.19230769230769232,0.26453488372093026,0.236,0.36764705882352944,0.2692307692307692
coverage,0.2,62,936800,936800,0.20182469517318402,True,103,157,0.2238372093023256,0.228,0.23529411764705882,0.15384615384615385,0.2877906976744186,0.284,0.3235294117647059,0.23076923076923078
region,0.2,62,936800,960219,0.20687009711197651,True,103,103,0.1744186046511628,0.188,0.11764705882352941,0.19230769230769232,0.2238372093023256,0.22,0.22058823529411764,0.2692307692307692
coverage,0.2,63,936800,936800,0.20182469517318402,True,103,166,0.1569767441860465,0.164,0.1323529411764706,0.15384615384615385,0.2441860465116279,0.22,0.2647058823529412,0.4230769230769231
region,0.2,63,936800,995415,0.21445274225642078,True,103,103,0.2005813953488372,0.204,0.20588235294117646,0.15384615384615385,0.2819767441860465,0.264,0.29411764705882354,0.4230769230769231
coverage,0.2,64,936800,936800,0.20182469517318402,True,103,161,0.22093023255813954,0.236,0.17647058823529413,0.19230769230769232,0.311046511627907,0.316,0.25,0.4230769230769231
region,0.2,64,936800,982958,0.211768999485528,True,103,103,0.25290697674418605,0.26,0.19117647058823528,0.34615384615384615,0.3226744186046512,0.3,0.3235294117647059,0.5384615384615384
coverage,0.2,65,936800,936800,0.20182469517318402,True,103,163,0.1511627906976744,0.156,0.16176470588235295,0.07692307692307693,0.21511627906976744,0.208,0.25,0.19230769230769232
region,0.2,65,936800,1028283,0.22153384183045174,True,103,103,0.23255813953488372,0.24,0.17647058823529413,0.3076923076923077,0.3430232558139535,0.316,0.36764705882352944,0.5384615384615384
coverage,0.2,66,936800,936800,0.20182469517318402,True,103,163,0.18313953488372092,0.192,0.1323529411764706,0.23076923076923078,0.27325581395348836,0.248,0.3088235294117647,0.4230769230769231
region,0.2,66,936800,1014530,0.2185708881234526,True,103,103,0.19476744186046513,0.156,0.3088235294117647,0.2692307692307692,0.24709302325581395,0.192,0.4117647058823529,0.34615384615384615
coverage,0.2,67,936800,936800,0.20182469517318402,True,103,161,0.2063953488372093,0.216,0.1323529411764706,0.3076923076923077,0.2936046511627907,0.28,0.27941176470588236,0.46153846153846156
region,0.2,67,936800,953692,0.20546391672620007,True,103,103,0.19476744186046513,0.204,0.20588235294117646,0.07692307692307693,0.23837209302325582,0.22,0.3235294117647059,0.19230769230769232
coverage,0.2,68,936800,936800,0.20182469517318402,True,103,162,0.16569767441860464,0.152,0.20588235294117646,0.19230769230769232,0.25,0.232,0.29411764705882354,0.3076923076923077
region,0.2,68,936800,993899,0.2141261344021482,True,103,103,0.2063953488372093,0.204,0.22058823529411764,0.19230769230769232,0.25,0.244,0.29411764705882354,0.19230769230769232
coverage,0.2,69,936800,936800,0.20182469517318402,True,103,165,0.21511627906976744,0.224,0.1323529411764706,0.34615384615384615,0.311046511627907,0.296,0.29411764705882354,0.5
region,0.2,69,936800,998700,0.21516046442085707,True,103,103,0.2558139534883721,0.252,0.23529411764705882,0.34615384615384615,0.311046511627907,0.292,0.35294117647058826,0.38461538461538464
coverage,0.2,70,936800,936800,0.20182469517318402,True,103,162,0.1569767441860465,0.16,0.16176470588235295,0.11538461538461539,0.23837209302325582,0.196,0.36764705882352944,0.3076923076923077
region,0.2,70,936800,1016163,0.2189227025205681,True,103,103,0.19476744186046513,0.192,0.20588235294117646,0.19230769230769232,0.2616279069767442,0.236,0.3235294117647059,0.34615384615384615
coverage,0.2,71,936800,936800,0.20182469517318402,True,103,158,0.21220930232558138,0.22,0.16176470588235295,0.2692307692307692,0.34593023255813954,0.328,0.3235294117647059,0.5769230769230769
region,0.2,71,936800,973774,0.20979039359262608,True,103,103,0.2005813953488372,0.224,0.11764705882352941,0.19230769230769232,0.2616279069767442,0.268,0.19117647058823528,0.38461538461538464
coverage,0.2,72,936800,936800,0.20182469517318402,True,103,164,0.12790697674418605,0.136,0.1323529411764706,0.038461538461538464,0.2063953488372093,0.188,0.27941176470588236,0.19230769230769232
region,0.2,72,936800,994225,0.21419636801724903,True,103,103,0.22093023255813954,0.224,0.20588235294117646,0.23076923076923078,0.28488372093023256,0.284,0.2647058823529412,0.34615384615384615
coverage,0.2,73,936800,936800,0.20182469517318402,True,103,162,0.24127906976744187,0.26,0.20588235294117646,0.15384615384615385,0.34593023255813954,0.328,0.36764705882352944,0.46153846153846156
region,0.2,73,936800,1010429,0.21768736648072712,True,103,103,0.1744186046511628,0.164,0.25,0.07692307692307693,0.22674418604651161,0.212,0.27941176470588236,0.23076923076923078
coverage,0.2,74,936800,936800,0.20182469517318402,True,103,162,0.19476744186046513,0.188,0.19117647058823528,0.2692307692307692,0.31976744186046513,0.276,0.39705882352941174,0.5384615384615384
region,0.2,74,936800,995039,0.214371736614464,True,103,103,0.2063953488372093,0.208,0.22058823529411764,0.15384615384615385,0.25290697674418605,0.248,0.27941176470588236,0.23076923076923078
coverage,0.2,75,936800,936800,0.20182469517318402,True,103,159,0.23837209302325582,0.252,0.20588235294117646,0.19230769230769232,0.34011627906976744,0.328,0.38235294117647056,0.34615384615384615
region,0.2,75,936800,998902,0.21520398340935512,True,103,103,0.23546511627906977,0.224,0.27941176470588236,0.23076923076923078,0.27906976744186046,0.256,0.3235294117647059,0.38461538461538464
coverage,0.2,76,936800,936800,0.20182469517318402,True,103,159,0.18023255813953487,0.208,0.11764705882352941,0.07692307692307693,0.3081395348837209,0.316,0.2647058823529412,0.34615384615384615
region,0.2,76,936800,991245,0.21355435521663407,True,103,103,0.2238372093023256,0.224,0.20588235294117646,0.2692307692307692,0.3023255813953488,0.28,0.3235294117647059,0.46153846153846156
coverage,0.2,77,936800,936800,0.20182469517318402,True,103,168,0.21220930232558138,0.232,0.1323529411764706,0.23076923076923078,0.3023255813953488,0.312,0.23529411764705882,0.38461538461538464
region,0.2,77,936800,984755,0.21215614613073105,True,103,103,0.22965116279069767,0.228,0.27941176470588236,0.11538461538461539,0.26744186046511625,0.256,0.3382352941176471,0.19230769230769232
coverage,0.2,78,936800,936800,0.20182469517318402,True,103,163,0.22674418604651161,0.232,0.19117647058823528,0.2692307692307692,0.3081395348837209,0.292,0.3235294117647059,0.4230769230769231
region,0.2,78,936800,982892,0.21175478041007814,True,103,103,0.23837209302325582,0.256,0.16176470588235295,0.2692307692307692,0.3226744186046512,0.312,0.3088235294117647,0.46153846153846156
coverage,0.2,79,936800,936800,0.20182469517318402,True,103,161,0.22093023255813954,0.224,0.19117647058823528,0.2692307692307692,0.30523255813953487,0.284,0.3382352941176471,0.4230769230769231
region,0.2,79,936800,1004073,0.21631802642679804,True,103,103,0.18313953488372092,0.192,0.19117647058823528,0.07692307692307693,0.23837209302325582,0.212,0.3235294117647059,0.2692307692307692
coverage,0.2,80,936800,936800,0.20182469517318402,True,103,162,0.2180232558139535,0.244,0.11764705882352941,0.23076923076923078,0.3226744186046512,0.32,0.25,0.5384615384615384
region,0.2,80,936800,1008717,0.2173185322811792,True,103,103,0.23546511627906977,0.26,0.17647058823529413,0.15384615384615385,0.32558139534883723,0.328,0.2647058823529412,0.46153846153846156
coverage,0.2,81,936800,936800,0.20182469517318402,True,103,162,0.20348837209302326,0.188,0.20588235294117646,0.34615384615384615,0.28488372093023256,0.26,0.3382352941176471,0.38461538461538464
region,0.2,81,936800,1020095,0.21976981471252047,True,103,103,0.22093023255813954,0.2,0.29411764705882354,0.23076923076923078,0.2761627906976744,0.232,0.4264705882352941,0.3076923076923077
coverage,0.2,82,936800,936800,0.20182469517318402,True,103,164,0.15988372093023256,0.156,0.20588235294117646,0.07692307692307693,0.23837209302325582,0.2,0.38235294117647056,0.23076923076923078
region,0.2,82,936800,992144,0.21374803625950417,True,103,103,0.19186046511627908,0.196,0.16176470588235295,0.23076923076923078,0.26453488372093026,0.248,0.29411764705882354,0.34615384615384615
coverage,0.2,83,936800,936800,0.20182469517318402,True,103,159,0.19186046511627908,0.164,0.25,0.3076923076923077,0.26744186046511625,0.228,0.3088235294117647,0.5384615384615384
region,0.2,83,936800,1002180,0.21591019749003157,True,103,103,0.23255813953488372,0.236,0.20588235294117646,0.2692307692307692,0.26453488372093026,0.248,0.29411764705882354,0.34615384615384615
coverage,0.2,84,936800,936800,0.20182469517318402,True,103,159,0.15406976744186046,0.14,0.20588235294117646,0.15384615384615385,0.23546511627906977,0.204,0.3235294117647059,0.3076923076923077
region,0.2,84,936800,963052,0.20748044015363495,True,103,103,0.20348837209302326,0.192,0.23529411764705882,0.23076923076923078,0.25872093023255816,0.232,0.3235294117647059,0.34615384615384615
coverage,0.2,85,936800,936800,0.20182469517318402,True,103,154,0.22965116279069767,0.236,0.22058823529411764,0.19230769230769232,0.3226744186046512,0.316,0.3088235294117647,0.4230769230769231
region,0.2,85,936800,1019536,0.21964938345227086,True,103,103,0.19186046511627908,0.184,0.22058823529411764,0.19230769230769232,0.311046511627907,0.268,0.4117647058823529,0.46153846153846156
coverage,0.2,86,936800,936800,0.20182469517318402,True,103,170,0.19476744186046513,0.196,0.19117647058823528,0.19230769230769232,0.2819767441860465,0.248,0.36764705882352944,0.38461538461538464
region,0.2,86,936800,960056,0.2068349803044261,True,103,103,0.2063953488372093,0.224,0.16176470588235295,0.15384615384615385,0.27325581395348836,0.268,0.2647058823529412,0.34615384615384615
coverage,0.2,87,936800,936800,0.20182469517318402,True,103,159,0.20930232558139536,0.208,0.17647058823529413,0.3076923076923077,0.29651162790697677,0.276,0.29411764705882354,0.5
region,0.2,87,936800,1004676,0.21644793707068086,True,103,103,0.18604651162790697,0.188,0.17647058823529413,0.19230769230769232,0.25872093023255816,0.252,0.25,0.34615384615384615
coverage,0.2,88,936800,936800,0.20182469517318402,True,103,164,0.18313953488372092,0.192,0.14705882352941177,0.19230769230769232,0.28488372093023256,0.256,0.3235294117647059,0.46153846153846156
region,0.2,88,936800,975706,0.21020662471034018,True,103,103,0.19186046511627908,0.196,0.20588235294117646,0.11538461538461539,0.2558139534883721,0.264,0.23529411764705882,0.23076923076923078
coverage,0.2,89,936800,936800,0.20182469517318402,True,103,160,0.2703488372093023,0.296,0.14705882352941177,0.34615384615384615,0.3488372093023256,0.344,0.3235294117647059,0.46153846153846156
region,0.2,89,936800,926222,0.19954576517153808,True,103,103,0.2005813953488372,0.212,0.16176470588235295,0.19230769230769232,0.26744186046511625,0.272,0.22058823529411764,0.34615384615384615
coverage,0.2,90,936800,936800,0.20182469517318402,True,103,163,0.17732558139534885,0.192,0.1323529411764706,0.15384615384615385,0.2616279069767442,0.248,0.29411764705882354,0.3076923076923077
region,0.2,90,936800,969505,0.20887067793966457,True,103,103,0.2819767441860465,0.276,0.29411764705882354,0.3076923076923077,0.3313953488372093,0.32,0.3382352941176471,0.4230769230769231
coverage,0.2,91,936800,936800,0.20182469517318402,True,103,163,0.21220930232558138,0.216,0.20588235294117646,0.19230769230769232,0.3023255813953488,0.288,0.29411764705882354,0.46153846153846156
region,0.2,91,936800,1009603,0.21750941259706674,True,103,103,0.2441860465116279,0.256,0.19117647058823528,0.2692307692307692,0.31976744186046513,0.324,0.2647058823529412,0.4230769230769231
coverage,0.2,92,936800,936800,0.20182469517318402,True,103,159,0.25,0.248,0.23529411764705882,0.3076923076923077,0.3633720930232558,0.34,0.39705882352941174,0.5
region,0.2,92,936800,990759,0.2134496511155942,True,103,103,0.2616279069767442,0.276,0.20588235294117646,0.2692307692307692,0.3226744186046512,0.332,0.27941176470588236,0.34615384615384615
coverage,0.2,93,936800,936800,0.20182469517318402,True,103,162,0.18023255813953487,0.164,0.20588235294117646,0.2692307692307692,0.2877906976744186,0.256,0.3088235294117647,0.5384615384615384
region,0.2,93,936800,985073,0.2122246562215349,True,103,103,0.24709302325581395,0.244,0.2647058823529412,0.23076923076923078,0.29069767441860467,0.276,0.3235294117647059,0.34615384615384615
coverage,0.2,94,936800,936800,0.20182469517318402,True,103,165,0.18023255813953487,0.188,0.17647058823529413,0.11538461538461539,0.2819767441860465,0.248,0.3382352941176471,0.46153846153846156
region,0.2,94,936800,932350,0.200865984783004,True,103,103,0.25872093023255816,0.272,0.22058823529411764,0.23076923076923078,0.3226744186046512,0.316,0.3088235294117647,0.4230769230769231
coverage,0.2,95,936800,936800,0.20182469517318402,True,103,164,0.18604651162790697,0.204,0.1323529411764706,0.15384615384615385,0.2761627906976744,0.244,0.3382352941176471,0.4230769230769231
region,0.2,95,936800,972161,0.20944288800625294,True,103,103,0.2005813953488372,0.172,0.29411764705882354,0.23076923076923078,0.2616279069767442,0.216,0.38235294117647056,0.38461538461538464
coverage,0.2,96,936800,936800,0.20182469517318402,True,103,158,0.18023255813953487,0.176,0.19117647058823528,0.19230769230769232,0.23255813953488372,0.22,0.27941176470588236,0.23076923076923078
region,0.2,96,936800,976562,0.21039104181011417,True,103,103,0.14244186046511628,0.144,0.10294117647058823,0.23076923076923078,0.20930232558139536,0.208,0.1323529411764706,0.4230769230769231
coverage,0.2,97,936800,936800,0.20182469517318402,True,103,158,0.2063953488372093,0.216,0.14705882352941177,0.2692307692307692,0.3226744186046512,0.324,0.27941176470588236,0.4230769230769231
region,0.2,97,936800,1012032,0.21803271766172905,True,103,103,0.2558139534883721,0.268,0.22058823529411764,0.23076923076923078,0.3023255813953488,0.284,0.36764705882352944,0.3076923076923077
coverage,0.2,98,936800,936800,0.20182469517318402,True,103,160,0.18023255813953487,0.164,0.27941176470588236,0.07692307692307693,0.27325581395348836,0.228,0.38235294117647056,0.4230769230769231
region,0.2,98,936800,1015749,0.2188335101382008,True,103,103,0.23255813953488372,0.24,0.22058823529411764,0.19230769230769232,0.32558139534883723,0.324,0.3382352941176471,0.3076923076923077
coverage,0.2,99,936800,936800,0.20182469517318402,True,103,164,0.22674418604651161,0.244,0.16176470588235295,0.23076923076923078,0.313953488372093,0.312,0.2647058823529412,0.46153846153846156
region,0.2,99,936800,995266,0.21442064161639002,True,103,103,0.24709302325581395,0.252,0.19117647058823528,0.34615384615384615,0.29069767441860467,0.292,0.22058823529411764,0.46153846153846156
coverage,0.3,0,1396000,1396000,0.3007549898182802,True,160,249,0.28488372093023256,0.308,0.23529411764705882,0.19230769230769232,0.39244186046511625,0.364,0.47058823529411764,0.46153846153846156
region,0.3,0,1396000,1400316,0.3016848311764863,True,160,160,0.3081395348837209,0.284,0.4117647058823529,0.2692307692307692,0.35755813953488375,0.312,0.5147058823529411,0.38461538461538464
coverage,0.3,1,1396000,1396000,0.3007549898182802,True,160,246,0.25290697674418605,0.256,0.23529411764705882,0.2692307692307692,0.3546511627906977,0.312,0.45588235294117646,0.5
region,0.3,1,1396000,1422831,0.3065354748697231,True,160,160,0.36627906976744184,0.36,0.3235294117647059,0.5384615384615384,0.4331395348837209,0.416,0.39705882352941174,0.6923076923076923
coverage,0.3,2,1396000,1396000,0.3007549898182802,True,160,247,0.25872093023255816,0.236,0.35294117647058826,0.23076923076923078,0.375,0.332,0.4852941176470588,0.5
region,0.3,2,1396000,1401546,0.3019498230371428,True,160,160,0.2877906976744186,0.272,0.35294117647058826,0.2692307692307692,0.3691860465116279,0.324,0.47058823529411764,0.5384615384615384
coverage,0.3,3,1396000,1396000,0.3007549898182802,True,160,250,0.25872093023255816,0.248,0.27941176470588236,0.3076923076923077,0.3488372093023256,0.288,0.5147058823529411,0.5
region,0.3,3,1396000,1425964,0.3072104500725173,True,160,160,0.2877906976744186,0.3,0.22058823529411764,0.34615384615384615,0.36627906976744184,0.352,0.36764705882352944,0.5
coverage,0.3,4,1396000,1396000,0.3007549898182802,True,160,252,0.28488372093023256,0.276,0.3382352941176471,0.23076923076923078,0.37209302325581395,0.328,0.5441176470588235,0.34615384615384615
region,0.3,4,1396000,1449357,0.3122502505573447,True,160,160,0.29651162790697677,0.3,0.27941176470588236,0.3076923076923077,0.39244186046511625,0.396,0.3382352941176471,0.5
coverage,0.3,5,1396000,1396000,0.3007549898182802,True,160,250,0.31976744186046513,0.312,0.3382352941176471,0.34615384615384615,0.4186046511627907,0.392,0.4411764705882353,0.6153846153846154
region,0.3,5,1396000,1462316,0.31504214447787127,True,160,160,0.34011627906976744,0.356,0.35294117647058826,0.15384615384615385,0.41569767441860467,0.42,0.4411764705882353,0.3076923076923077
coverage,0.3,6,1396000,1396000,0.3007549898182802,True,160,252,0.25872093023255816,0.256,0.27941176470588236,0.23076923076923078,0.40988372093023256,0.368,0.5,0.5769230769230769
region,0.3,6,1396000,1445591,0.3114389014945541,True,160,160,0.25872093023255816,0.224,0.38235294117647056,0.2692307692307692,0.3633720930232558,0.308,0.4852941176470588,0.5769230769230769
coverage,0.3,7,1396000,1396000,0.3007549898182802,True,160,251,0.24127906976744187,0.236,0.27941176470588236,0.19230769230769232,0.33430232558139533,0.292,0.47058823529411764,0.38461538461538464
region,0.3,7,1396000,1470238,0.3167488644129288,True,160,160,0.3488372093023256,0.324,0.4117647058823529,0.4230769230769231,0.436046511627907,0.392,0.5294117647058824,0.6153846153846154
coverage,0.3,8,1396000,1396000,0.3007549898182802,True,160,256,0.311046511627907,0.316,0.2647058823529412,0.38461538461538464,0.4273255813953488,0.404,0.4411764705882353,0.6153846153846154
region,0.3,8,1396000,1445401,0.31139796779250145,True,160,160,0.3313953488372093,0.352,0.25,0.34615384615384615,0.3866279069767442,0.392,0.3235294117647059,0.5
coverage,0.3,9,1396000,1396000,0.3007549898182802,True,160,259,0.22093023255813954,0.212,0.23529411764705882,0.2692307692307692,0.3691860465116279,0.34,0.39705882352941174,0.5769230769230769
region,0.3,9,1396000,1410748,0.3039323068597129,True,160,160,0.34593023255813954,0.344,0.3235294117647059,0.4230769230769231,0.43023255813953487,0.416,0.45588235294117646,0.5
coverage,0.3,10,1396000,1396000,0.3007549898182802,True,160,255,0.2761627906976744,0.268,0.3382352941176471,0.19230769230769232,0.38953488372093026,0.332,0.5588235294117647,0.5
region,0.3,10,1396000,1477146,0.31823712764334766,True,160,160,0.29651162790697677,0.268,0.4117647058823529,0.2692307692307692,0.3546511627906977,0.3,0.5588235294117647,0.34615384615384615
coverage,0.3,11,1396000,1396000,0.3007549898182802,True,160,248,0.30523255813953487,0.288,0.35294117647058826,0.34615384615384615,0.4273255813953488,0.376,0.5588235294117647,0.5769230769230769
region,0.3,11,1396000,1465805,0.3157938165118798,True,160,160,0.3546511627906977,0.344,0.39705882352941174,0.34615384615384615,0.40988372093023256,0.368,0.5147058823529411,0.5384615384615384
coverage,0.3,12,1396000,1396000,0.3007549898182802,True,160,255,0.29069767441860467,0.292,0.3088235294117647,0.23076923076923078,0.4331395348837209,0.372,0.6029411764705882,0.5769230769230769
region,0.3,12,1396000,1463479,0.31529270182254077,True,160,160,0.3313953488372093,0.34,0.27941176470588236,0.38461538461538464,0.4011627906976744,0.384,0.4264705882352941,0.5
coverage,0.3,13,1396000,1396000,0.3007549898182802,True,160,259,0.29069767441860467,0.292,0.36764705882352944,0.07692307692307693,0.41569767441860467,0.384,0.4852941176470588,0.5384615384615384
region,0.3,13,1396000,1466269,0.3158937809211031,True,160,160,0.3372093023255814,0.328,0.39705882352941174,0.2692307692307692,0.41569767441860467,0.384,0.5147058823529411,0.46153846153846156
coverage,0.3,14,1396000,1396000,0.3007549898182802,True,160,254,0.29069767441860467,0.284,0.29411764705882354,0.34615384615384615,0.39244186046511625,0.348,0.5147058823529411,0.5
region,0.3,14,1396000,1395023,0.3005445044135148,True,160,160,0.2761627906976744,0.276,0.3088235294117647,0.19230769230769232,0.3372093023255814,0.324,0.39705882352941174,0.3076923076923077
coverage,0.3,15,1396000,1396000,0.3007549898182802,True,160,241,0.29941860465116277,0.272,0.39705882352941174,0.3076923076923077,0.42151162790697677,0.364,0.5588235294117647,0.6153846153846154
region,0.3,15,1396000,1445567,0.3114337309216632,True,160,160,0.2936046511627907,0.288,0.36764705882352944,0.15384615384615385,0.3953488372093023,0.364,0.47058823529411764,0.5
coverage,0.3,16,1396000,1396000,0.3007549898182802,True,160,249,0.31976744186046513,0.328,0.2647058823529412,0.38461538461538464,0.4273255813953488,0.412,0.45588235294117646,0.5
region,0.3,16,1396000,1421889,0.3063325298837569,True,160,160,0.313953488372093,0.324,0.25,0.38461538461538464,0.3953488372093023,0.38,0.39705882352941174,0.5384615384615384
coverage,0.3,17,1396000,1396000,0.3007549898182802,True,160,259,0.3226744186046512,0.332,0.3382352941176471,0.19230769230769232,0.44476744186046513,0.432,0.45588235294117646,0.5384615384615384
region,0.3,17,1396000,1433131,0.30875451240205,True,160,160,0.3081395348837209,0.308,0.3235294117647059,0.2692307692307692,0.39244186046511625,0.376,0.4411764705882353,0.4230769230769231
coverage,0.3,18,1396000,1396000,0.3007549898182802,True,160,256,0.32848837209302323,0.34,0.27941176470588236,0.34615384615384615,0.45348837209302323,0.42,0.5588235294117647,0.5
region,0.3,18,1396000,1423849,0.30675479333651035,True,160,160,0.3430232558139535,0.332,0.35294117647058826,0.4230769230769231,0.41569767441860467,0.384,0.4852941176470588,0.5384615384615384
coverage,0.3,19,1396000,1396000,0.3007549898182802,True,160,253,0.3430232558139535,0.344,0.29411764705882354,0.46153846153846156,0.4476744186046512,0.412,0.5147058823529411,0.6153846153846154
region,0.3,19,1396000,1480811,0.3190267172118892,True,160,160,0.35755813953488375,0.364,0.3235294117647059,0.38461538461538464,0.44476744186046513,0.448,0.4117647058823529,0.5
coverage,0.3,20,1396000,1396000,0.3007549898182802,True,160,251,0.2877906976744186,0.316,0.20588235294117646,0.23076923076923078,0.4186046511627907,0.392,0.4852941176470588,0.5
region,0.3,20,1396000,1402712,0.3022010267034237,True,160,160,0.32848837209302323,0.344,0.25,0.38461538461538464,0.40406976744186046,0.4,0.38235294117647056,0.5
coverage,0.3,21,1396000,1396000,0.3007549898182802,True,160,252,0.37209302325581395,0.368,0.36764705882352944,0.4230769230769231,0.47674418604651164,0.44,0.5147058823529411,0.7307692307692307
region,0.3,21,1396000,1397979,0.3011813466412389,True,160,160,0.2616279069767442,0.24,0.38235294117647056,0.15384615384615385,0.35174418604651164,0.328,0.4852941176470588,0.23076923076923078
coverage,0.3,22,1396000,1396000,0.3007549898182802,True,160,250,0.29069767441860467,0.26,0.4411764705882353,0.19230769230769232,0.3953488372093023,0.34,0.5735294117647058,0.46153846153846156
region,0.3,22,1396000,1447429,0.31183488120177905,True,160,160,0.2819767441860465,0.288,0.2647058823529412,0.2692307692307692,0.37790697674418605,0.36,0.39705882352941174,0.5
coverage,0.3,23,1396000,1396000,0.3007549898182802,True,160,251,0.311046511627907,0.316,0.3088235294117647,0.2692307692307692,0.44476744186046513,0.404,0.5441176470588235,0.5769230769230769
region,0.3,23,1396000,1417159,0.3053134961431835,True,160,160,0.3226744186046512,0.332,0.2647058823529412,0.38461538461538464,0.41569767441860467,0.384,0.4852941176470588,0.5384615384615384
coverage,0.3,24,1396000,1396000,0.3007549898182802,True,160,252,0.2761627906976744,0.256,0.36764705882352944,0.23076923076923078,0.4069767441860465,0.36,0.5441176470588235,0.5
region,0.3,24,1396000,1355668,0.2920658420751922,True,160,160,0.3226744186046512,0.332,0.2647058823529412,0.38461538461538464,0.39825581395348836,0.384,0.38235294117647056,0.5769230769230769
coverage,0.3,25,1396000,1396000,0.3007549898182802,True,160,251,0.3691860465116279,0.384,0.25,0.5384615384615384,0.4738372093023256,0.452,0.45588235294117646,0.7307692307692307
region,0.3,25,1396000,1495940,0.3222861170979643,True,160,160,0.30523255813953487,0.312,0.29411764705882354,0.2692307692307692,0.375,0.364,0.4117647058823529,0.38461538461538464
coverage,0.3,26,1396000,1396000,0.3007549898182802,True,160,248,0.23255813953488372,0.224,0.29411764705882354,0.15384615384615385,0.33430232558139533,0.304,0.4411764705882353,0.34615384615384615
region,0.3,26,1396000,1468507,0.31637593684317566,True,160,160,0.3313953488372093,0.332,0.3382352941176471,0.3076923076923077,0.40988372093023256,0.376,0.4852941176470588,0.5384615384615384
coverage,0.3,27,1396000,1396000,0.3007549898182802,True,160,256,0.31976744186046513,0.308,0.3382352941176471,0.38461538461538464,0.4331395348837209,0.368,0.5882352941176471,0.6538461538461539
region,0.3,27,1396000,1487913,0.32055677590650916,True,160,160,0.32848837209302323,0.32,0.38235294117647056,0.2692307692307692,0.37790697674418605,0.352,0.5,0.3076923076923077
coverage,0.3,28,1396000,1396000,0.3007549898182802,True,160,244,0.3430232558139535,0.352,0.27941176470588236,0.4230769230769231,0.43023255813953487,0.42,0.4411764705882353,0.5
region,0.3,28,1396000,1489053,0.32080237811882495,True,160,160,0.35755813953488375,0.356,0.36764705882352944,0.34615384615384615,0.4127906976744186,0.396,0.45588235294117646,0.46153846153846156
coverage,0.3,29,1396000,1396000,0.3007549898182802,True,160,253,0.29941860465116277,0.296,0.29411764705882354,0.34615384615384615,0.4069767441860465,0.38,0.45588235294117646,0.5384615384615384
region,0.3,29,1396000,1435722,0.3093127188337256,True,160,160,0.4011627906976744,0.416,0.29411764705882354,0.5384615384615384,0.44476744186046513,0.456,0.36764705882352944,0.5384615384615384
coverage,0.3,30,1396000,1396000,0.3007549898182802,True,160,251,0.29069767441860467,0.292,0.27941176470588236,0.3076923076923077,0.4331395348837209,0.392,0.5147058823529411,0.6153846153846154
region,0.3,30,1396000,1457009,0.3138988015473801,True,160,160,0.3023255813953488,0.316,0.29411764705882354,0.19230769230769232,0.3633720930232558,0.352,0.4264705882352941,0.3076923076923077
coverage,0.3,31,1396000,1396000,0.3007549898182802,True,160,251,0.29069767441860467,0.312,0.23529411764705882,0.23076923076923078,0.40406976744186046,0.376,0.47058823529411764,0.5
region,0.3,31,1396000,1504316,0.32409064703687396,True,160,160,0.36046511627906974,0.348,0.4117647058823529,0.34615384615384615,0.44476744186046513,0.416,0.5,0.5769230769230769
coverage,0.3,32,1396000,1396000,0.3007549898182802,True,160,256,0.25290697674418605,0.244,0.2647058823529412,0.3076923076923077,0.3953488372093023,0.348,0.4411764705882353,0.7307692307692307
region,0.3,32,1396000,1419804,0.30588333636386356,True,160,160,0.311046511627907,0.312,0.3088235294117647,0.3076923076923077,0.4011627906976744,0.384,0.4117647058823529,0.5384615384615384
coverage,0.3,33,1396000,1396000,0.3007549898182802,True,160,256,0.30523255813953487,0.3,0.27941176470588236,0.4230769230769231,0.41569767441860467,0.392,0.45588235294117646,0.5384615384615384
region,0.3,33,1396000,1438333,0.3098752340761436,True,160,160,0.23255813953488372,0.22,0.29411764705882354,0.19230769230769232,0.3081395348837209,0.276,0.4264705882352941,0.3076923076923077
coverage,0.3,34,1396000,1396000,0.3007549898182802,True,160,253,0.32848837209302323,0.34,0.27941176470588236,0.34615384615384615,0.42151162790697677,0.42,0.4117647058823529,0.46153846153846156
region,0.3,34,1396000,1373616,0.29593256883540603,True,160,160,0.29651162790697677,0.3,0.27941176470588236,0.3076923076923077,0.3633720930232558,0.34,0.4117647058823529,0.46153846153846156
coverage,0.3,35,1396000,1396000,0.3007549898182802,True,160,256,0.2761627906976744,0.296,0.20588235294117646,0.2692307692307692,0.36627906976744184,0.348,0.38235294117647056,0.5
region,0.3,35,1396000,1368480,0.2948260662367623,True,160,160,0.2761627906976744,0.276,0.25,0.34615384615384615,0.36046511627906974,0.356,0.3382352941176471,0.46153846153846156
coverage,0.3,36,1396000,1396000,0.3007549898182802,True,160,254,0.29941860465116277,0.288,0.29411764705882354,0.4230769230769231,0.438953488372093,0.408,0.47058823529411764,0.6538461538461539
region,0.3,36,1396000,1445787,0.31148112783982945,True,160,160,0.29651162790697677,0.284,0.35294117647058826,0.2692307692307692,0.3546511627906977,0.328,0.39705882352941174,0.5
coverage,0.3,37,1396000,1396000,0.3007549898182802,True,160,247,0.27325581395348836,0.268,0.27941176470588236,0.3076923076923077,0.3866279069767442,0.34,0.4852941176470588,0.5769230769230769
region,0.3,37,1396000,1451057,0.3126164994704472,True,160,160,0.32558139534883723,0.32,0.35294117647058826,0.3076923076923077,0.40988372093023256,0.376,0.47058823529411764,0.5769230769230769
coverage,0.3,38,1396000,1396000,0.3007549898182802,True,160,252,0.2877906976744186,0.296,0.27941176470588236,0.23076923076923078,0.40406976744186046,0.388,0.4117647058823529,0.5384615384615384
region,0.3,38,1396000,1440371,0.31031430189079234,True,160,160,0.34593023255813954,0.336,0.36764705882352944,0.38461538461538464,0.4127906976744186,0.388,0.4411764705882353,0.5769230769230769
coverage,0.3,39,1396000,1396000,0.3007549898182802,True,160,254,0.313953488372093,0.312,0.27941176470588236,0.4230769230769231,0.40406976744186046,0.372,0.47058823529411764,0.5384615384615384
region,0.3,39,1396000,1419760,0.30587385698023034,True,160,160,0.35755813953488375,0.384,0.27941176470588236,0.3076923076923077,0.436046511627907,0.436,0.39705882352941174,0.5384615384615384
coverage,0.3,40,1396000,1396000,0.3007549898182802,True,160,260,0.2936046511627907,0.272,0.38235294117647056,0.2692307692307692,0.3808139534883721,0.336,0.5294117647058824,0.4230769230769231
region,0.3,40,1396000,1473095,0.31736437802747813,True,160,160,0.26744186046511625,0.28,0.2647058823529412,0.15384615384615385,0.37790697674418605,0.368,0.4117647058823529,0.38461538461538464
coverage,0.3,41,1396000,1396000,0.3007549898182802,True,160,249,0.3168604651162791,0.312,0.3235294117647059,0.34615384615384615,0.42441860465116277,0.404,0.5,0.4230769230769231
region,0.3,41,1396000,1437806,0.3097616969130818,True,160,160,0.36046511627906974,0.376,0.27941176470588236,0.4230769230769231,0.43023255813953487,0.432,0.36764705882352944,0.5769230769230769
coverage,0.3,42,1396000,1396000,0.3007549898182802,True,160,252,0.3226744186046512,0.324,0.27941176470588236,0.4230769230769231,0.4331395348837209,0.444,0.35294117647058826,0.5384615384615384
region,0.3,42,1396000,1479657,0.31877809883205377,True,160,160,0.3168604651162791,0.3,0.36764705882352944,0.34615384615384615,0.4186046511627907,0.388,0.4852941176470588,0.5384615384615384
coverage,0.3,43,1396000,1396000,0.3007549898182802,True,160,253,0.3081395348837209,0.312,0.3088235294117647,0.2692307692307692,0.4418604651162791,0.404,0.5294117647058824,0.5769230769230769
region,0.3,43,1396000,1379335,0.2971646732671902,True,160,160,0.33430232558139533,0.336,0.3235294117647059,0.34615384615384615,0.38953488372093026,0.38,0.4117647058823529,0.4230769230769231
coverage,0.3,44,1396000,1396000,0.3007549898182802,True,160,251,0.3081395348837209,0.28,0.39705882352941174,0.34615384615384615,0.40406976744186046,0.364,0.5,0.5384615384615384
region,0.3,44,1396000,1433350,0.30880169387967904,True,160,160,0.2877906976744186,0.292,0.3088235294117647,0.19230769230769232,0.36627906976744184,0.344,0.45588235294117646,0.34615384615384615
coverage,0.3,45,1396000,1396000,0.3007549898182802,True,160,245,0.2877906976744186,0.292,0.3088235294117647,0.19230769230769232,0.4476744186046512,0.416,0.5294117647058824,0.5384615384615384
region,0.3,45,1396000,1422070,0.30637152462097544,True,160,160,0.3081395348837209,0.3,0.3235294117647059,0.34615384615384615,0.3953488372093023,0.36,0.4852941176470588,0.5
coverage,0.3,46,1396000,1396000,0.3007549898182802,True,160,252,0.2936046511627907,0.288,0.3382352941176471,0.23076923076923078,0.40988372093023256,0.396,0.45588235294117646,0.4230769230769231
region,0.3,46,1396000,1460831,0.31472221528024935,True,160,160,0.26744186046511625,0.268,0.3088235294117647,0.15384615384615385,0.38372093023255816,0.364,0.4411764705882353,0.4230769230769231
coverage,0.3,47,1396000,1396000,0.3007549898182802,True,160,251,0.3226744186046512,0.304,0.36764705882352944,0.38461538461538464,0.4941860465116279,0.444,0.6029411764705882,0.6923076923076923
region,0.3,47,1396000,1440366,0.31031322468810674,True,160,160,0.3168604651162791,0.34,0.23529411764705882,0.3076923076923077,0.38372093023255816,0.38,0.36764705882352944,0.46153846153846156
coverage,0.3,48,1396000,1396000,0.3007549898182802,True,160,252,0.26744186046511625,0.28,0.29411764705882354,0.07692307692307693,0.3866279069767442,0.376,0.4264705882352941,0.38461538461538464
region,0.3,48,1396000,1436298,0.3094368125831062,True,160,160,0.3953488372093023,0.4,0.36764705882352944,0.4230769230769231,0.4680232558139535,0.436,0.5,0.6923076923076923
coverage,0.3,49,1396000,1396000,0.3007549898182802,True,160,248,0.24709302325581395,0.22,0.36764705882352944,0.19230769230769232,0.36046511627906974,0.304,0.5147058823529411,0.5
region,0.3,49,1396000,1473292,0.3174068198132906,True,160,160,0.313953488372093,0.332,0.20588235294117646,0.4230769230769231,0.4186046511627907,0.412,0.36764705882352944,0.6153846153846154
coverage,0.3,50,1396000,1396000,0.3007549898182802,True,160,248,0.27906976744186046,0.3,0.22058823529411764,0.23076923076923078,0.41569767441860467,0.384,0.5,0.5
region,0.3,50,1396000,1428848,0.3078317805815688,True,160,160,0.313953488372093,0.284,0.4411764705882353,0.2692307692307692,0.37790697674418605,0.356,0.4852941176470588,0.3076923076923077
coverage,0.3,51,1396000,1396000,0.3007549898182802,True,160,247,0.29069767441860467,0.28,0.3382352941176471,0.2692307692307692,0.39825581395348836,0.356,0.5147058823529411,0.5
region,0.3,51,1396000,1431990,0.30850869474919707,True,160,160,0.2877906976744186,0.256,0.38235294117647056,0.34615384615384615,0.34011627906976744,0.288,0.4852941176470588,0.46153846153846156
coverage,0.3,52,1396000,1396000,0.3007549898182802,True,160,251,0.3081395348837209,0.304,0.35294117647058826,0.23076923076923078,0.4069767441860465,0.38,0.47058823529411764,0.5
region,0.3,52,1396000,1410506,0.3038801702497301,True,160,160,0.29069767441860467,0.3,0.29411764705882354,0.19230769230769232,0.34593023255813954,0.344,0.36764705882352944,0.3076923076923077
coverage,0.3,53,1396000,1396000,0.3007549898182802,True,160,257,0.2761627906976744,0.288,0.20588235294117646,0.34615384615384615,0.36627906976744184,0.36,0.35294117647058826,0.46153846153846156
region,0.3,53,1396000,1353734,0.29164918007640384,True,160,160,0.2877906976744186,0.308,0.20588235294117646,0.3076923076923077,0.3633720930232558,0.364,0.3382352941176471,0.4230769230769231
coverage,0.3,54,1396000,1396000,0.3007549898182802,True,160,255,0.2877906976744186,0.304,0.23529411764705882,0.2692307692307692,0.436046511627907,0.424,0.4264705882352941,0.5769230769230769
region,0.3,54,1396000,1410516,0.30388232465510123,True,160,160,0.26744186046511625,0.268,0.27941176470588236,0.23076923076923078,0.375,0.352,0.4264705882352941,0.46153846153846156
coverage,0.3,55,1396000,1396000,0.3007549898182802,True,160,249,0.29941860465116277,0.292,0.3235294117647059,0.3076923076923077,0.436046511627907,0.424,0.4411764705882353,0.5384615384615384
region,0.3,55,1396000,1429277,0.3079242045719929,True,160,160,0.32558139534883723,0.352,0.2647058823529412,0.23076923076923078,0.3866279069767442,0.4,0.36764705882352944,0.3076923076923077
coverage,0.3,56,1396000,1396000,0.3007549898182802,True,160,247,0.2558139534883721,0.252,0.3382352941176471,0.07692307692307693,0.39244186046511625,0.356,0.5294117647058824,0.38461538461538464
region,0.3,56,1396000,1436847,0.3095550894379846,True,160,160,0.3226744186046512,0.3,0.4264705882352941,0.2692307692307692,0.4011627906976744,0.368,0.5147058823529411,0.4230769230769231
coverage,0.3,57,1396000,1396000,0.3007549898182802,True,160,247,0.29651162790697677,0.264,0.39705882352941174,0.34615384615384615,0.44476744186046513,0.376,0.6176470588235294,0.6538461538461539
region,0.3,57,1396000,1476219,0.31803741426543825,True,160,160,0.3168604651162791,0.308,0.3382352941176471,0.34615384615384615,0.38953488372093026,0.36,0.47058823529411764,0.46153846153846156
coverage,0.3,58,1396000,1396000,0.3007549898182802,True,160,250,0.29941860465116277,0.304,0.29411764705882354,0.2692307692307692,0.42441860465116277,0.404,0.5,0.4230769230769231
region,0.3,58,1396000,1423586,0.306698132475248,True,160,160,0.313953488372093,0.316,0.3235294117647059,0.2692307692307692,0.39244186046511625,0.364,0.45588235294117646,0.5
coverage,0.3,59,1396000,1396000,0.3007549898182802,True,160,247,0.2558139534883721,0.26,0.23529411764705882,0.2692307692307692,0.3866279069767442,0.364,0.39705882352941174,0.5769230769230769
region,0.3,59,1396000,1451064,0.312618007554207,True,160,160,0.34593023255813954,0.356,0.35294117647058826,0.23076923076923078,0.43023255813953487,0.42,0.45588235294117646,0.46153846153846156
coverage,0.3,60,1396000,1396000,0.3007549898182802,True,160,249,0.2819767441860465,0.268,0.3235294117647059,0.3076923076923077,0.42151162790697677,0.372,0.5588235294117647,0.5384615384615384
region,0.3,60,1396000,1481484,0.31917170869337036,True,160,160,0.3808139534883721,0.376,0.36764705882352944,0.46153846153846156,0.45348837209302323,0.44,0.47058823529411764,0.5384615384615384
coverage,0.3,61,1396000,1396000,0.3007549898182802,True,160,247,0.3168604651162791,0.32,0.3382352941176471,0.23076923076923078,0.45348837209302323,0.424,0.5294117647058824,0.5384615384615384
region,0.3,61,1396000,1451607,0.31273499176586267,True,160,160,0.3023255813953488,0.284,0.38235294117647056,0.2692307692307692,0.35174418604651164,0.324,0.4264705882352941,0.4230769230769231
coverage,0.3,62,1396000,1396000,0.3007549898182802,True,160,258,0.3168604651162791,0.316,0.29411764705882354,0.38461538461538464,0.4273255813953488,0.396,0.4852941176470588,0.5769230769230769
region,0.3,62,1396000,1485013,0.3199319983488637,True,160,160,0.3081395348837209,0.304,0.3235294117647059,0.3076923076923077,0.4011627906976744,0.388,0.45588235294117646,0.38461538461538464
coverage,0.3,63,1396000,1396000,0.3007549898182802,True,160,252,0.3372093023255814,0.324,0.36764705882352944,0.38461538461538464,0.4331395348837209,0.388,0.5147058823529411,0.6538461538461539
region,0.3,63,1396000,1336224,0.2878768162714482,True,160,160,0.3226744186046512,0.32,0.36764705882352944,0.23076923076923078,0.41569767441860467,0.404,0.47058823529411764,0.38461538461538464
coverage,0.3,64,1396000,1396000,0.3007549898182802,True,160,251,0.3313953488372093,0.324,0.3235294117647059,0.4230769230769231,0.4418604651162791,0.42,0.4411764705882353,0.6538461538461539
region,0.3,64,1396000,1398337,0.3012584743535276,True,160,160,0.2558139534883721,0.24,0.3382352941176471,0.19230769230769232,0.30523255813953487,0.26,0.47058823529411764,0.3076923076923077
coverage,0.3,65,1396000,1396000,0.3007549898182802,True,160,252,0.3488372093023256,0.384,0.2647058823529412,0.23076923076923078,0.49709302325581395,0.496,0.45588235294117646,0.6153846153846154
region,0.3,65,1396000,1392202,0.29993674665830183,True,160,160,0.3372093023255814,0.344,0.27941176470588236,0.4230769230769231,0.42151162790697677,0.404,0.4264705882352941,0.5769230769230769
coverage,0.3,66,1396000,1396000,0.3007549898182802,True,160,249,0.29941860465116277,0.32,0.22058823529411764,0.3076923076923077,0.4273255813953488,0.416,0.4117647058823529,0.5769230769230769
region,0.3,66,1396000,1456150,0.3137137381259948,True,160,160,0.34593023255813954,0.356,0.3088235294117647,0.34615384615384615,0.40988372093023256,0.4,0.4117647058823529,0.5
coverage,0.3,67,1396000,1396000,0.3007549898182802,True,160,248,0.2936046511627907,0.284,0.3382352941176471,0.2692307692307692,0.41569767441860467,0.384,0.4852941176470588,0.5384615384615384
region,0.3,67,1396000,1503333,0.32387886898888585,True,160,160,0.35755813953488375,0.388,0.25,0.34615384615384615,0.40988372093023256,0.432,0.3382352941176471,0.38461538461538464
coverage,0.3,68,1396000,1396000,0.3007549898182802,True,160,255,0.3488372093023256,0.34,0.38235294117647056,0.34615384615384615,0.5058139534883721,0.472,0.5735294117647058,0.6538461538461539
region,0.3,68,1396000,1422164,0.30639177603146467,True,160,160,0.3313953488372093,0.312,0.38235294117647056,0.38461538461538464,0.438953488372093,0.42,0.47058823529411764,0.5384615384615384
coverage,0.3,69,1396000,1396000,0.3007549898182802,True,160,252,0.2761627906976744,0.276,0.29411764705882354,0.23076923076923078,0.37790697674418605,0.34,0.5,0.4230769230769231
region,0.3,69,1396000,1417671,0.3054238016981885,True,160,160,0.29651162790697677,0.28,0.3088235294117647,0.4230769230769231,0.37209302325581395,0.352,0.36764705882352944,0.5769230769230769
coverage,0.3,70,1396000,1396000,0.3007549898182802,True,160,254,0.2819767441860465,0.26,0.35294117647058826,0.3076923076923077,0.38953488372093026,0.348,0.4411764705882353,0.6538461538461539
region,0.3,70,1396000,1467573,0.31617471538150643,True,160,160,0.3226744186046512,0.316,0.3382352941176471,0.34615384615384615,0.4011627906976744,0.38,0.45588235294117646,0.46153846153846156
coverage,0.3,71,1396000,1396000,0.3007549898182802,True,160,253,0.3168604651162791,0.344,0.19117647058823528,0.38461538461538464,0.4273255813953488,0.432,0.35294117647058826,0.5769230769230769
region,0.3,71,1396000,1429466,0.3079649228335084,True,160,160,0.29651162790697677,0.272,0.38235294117647056,0.3076923076923077,0.38953488372093026,0.328,0.5588235294117647,0.5384615384615384
coverage,0.3,72,1396000,1396000,0.3007549898182802,True,160,257,0.31976744186046513,0.312,0.3382352941176471,0.34615384615384615,0.4273255813953488,0.408,0.4852941176470588,0.46153846153846156
region,0.3,72,1396000,1453094,0.3130553518445588,True,160,160,0.32848837209302323,0.34,0.29411764705882354,0.3076923076923077,0.42151162790697677,0.412,0.45588235294117646,0.4230769230769231
coverage,0.3,73,1396000,1396000,0.3007549898182802,True,160,247,0.27906976744186046,0.272,0.35294117647058826,0.15384615384615385,0.40406976744186046,0.36,0.5147058823529411,0.5384615384615384
region,0.3,73,1396000,1418952,0.30569978102623807,True,160,160,0.32558139534883723,0.324,0.29411764705882354,0.4230769230769231,0.3808139534883721,0.36,0.39705882352941174,0.5384615384615384
coverage,0.3,74,1396000,1396000,0.3007549898182802,True,160,248,0.24127906976744187,0.196,0.39705882352941174,0.2692307692307692,0.35755813953488375,0.288,0.5294117647058824,0.5769230769230769
region,0.3,74,1396000,1359966,0.29299180550373016,True,160,160,0.30523255813953487,0.316,0.3088235294117647,0.19230769230769232,0.375,0.368,0.36764705882352944,0.46153846153846156
coverage,0.3,75,1396000,1396000,0.3007549898182802,True,160,257,0.24709302325581395,0.256,0.25,0.15384615384615385,0.35755813953488375,0.332,0.4117647058823529,0.46153846153846156
region,0.3,75,1396000,1429443,0.3079599677011547,True,160,160,0.28488372093023256,0.28,0.35294117647058826,0.15384615384615385,0.36627906976744184,0.356,0.38235294117647056,0.4230769230769231
coverage,0.3,76,1396000,1396000,0.3007549898182802,True,160,253,0.2877906976744186,0.3,0.27941176470588236,0.19230769230769232,0.41569767441860467,0.4,0.45588235294117646,0.46153846153846156
region,0.3,76,1396000,1437425,0.3096796140684394,True,160,160,0.33430232558139533,0.332,0.38235294117647056,0.23076923076923078,0.39244186046511625,0.376,0.4411764705882353,0.4230769230769231
coverage,0.3,77,1396000,1396000,0.3007549898182802,True,160,243,0.3168604651162791,0.308,0.29411764705882354,0.46153846153846156,0.4011627906976744,0.388,0.39705882352941174,0.5384615384615384
region,0.3,77,1396000,1410280,0.30383148068834115,True,160,160,0.29941860465116277,0.3,0.3088235294117647,0.2692307692307692,0.3691860465116279,0.36,0.35294117647058826,0.5
coverage,0.3,78,1396000,1396000,0.3007549898182802,True,160,257,0.3023255813953488,0.292,0.3088235294117647,0.38461538461538464,0.3953488372093023,0.356,0.47058823529411764,0.5769230769230769
region,0.3,78,1396000,1426472,0.3073198938653738,True,160,160,0.2616279069767442,0.252,0.3235294117647059,0.19230769230769232,0.33430232558139533,0.308,0.4117647058823529,0.38461538461538464
coverage,0.3,79,1396000,1396000,0.3007549898182802,True,160,252,0.2936046511627907,0.3,0.3088235294117647,0.19230769230769232,0.39244186046511625,0.356,0.5,0.46153846153846156
region,0.3,79,1396000,1462207,0.3150186614593253,True,160,160,0.2441860465116279,0.236,0.2647058823529412,0.2692307692307692,0.3313953488372093,0.3,0.38235294117647056,0.5
coverage,0.3,80,1396000,1396000,0.3007549898182802,True,160,257,0.28488372093023256,0.256,0.3235294117647059,0.46153846153846156,0.39825581395348836,0.34,0.5147058823529411,0.6538461538461539
region,0.3,80,1396000,1421678,0.30628707193042476,True,160,160,0.23255813953488372,0.24,0.23529411764705882,0.15384615384615385,0.2877906976744186,0.264,0.35294117647058826,0.34615384615384615
coverage,0.3,81,1396000,1396000,0.3007549898182802,True,160,250,0.3081395348837209,0.284,0.3235294117647059,0.5,0.4273255813953488,0.396,0.47058823529411764,0.6153846153846154
region,0.3,81,1396000,1459809,0.31450203505131363,True,160,160,0.313953488372093,0.308,0.3382352941176471,0.3076923076923077,0.35174418604651164,0.328,0.4411764705882353,0.34615384615384615
coverage,0.3,82,1396000,1396000,0.3007549898182802,True,160,251,0.2877906976744186,0.284,0.3088235294117647,0.2692307692307692,0.39244186046511625,0.38,0.45588235294117646,0.34615384615384615
region,0.3,82,1396000,1427919,0.30763163632258517,True,160,160,0.37209302325581395,0.384,0.27941176470588236,0.5,0.438953488372093,0.436,0.39705882352941174,0.5769230769230769
coverage,0.3,83,1396000,1396000,0.3007549898182802,True,160,253,0.3081395348837209,0.308,0.27941176470588236,0.38461538461538464,0.41569767441860467,0.384,0.5147058823529411,0.46153846153846156
region,0.3,83,1396000,1425109,0.30702624841328047,True,160,160,0.32558139534883723,0.324,0.3088235294117647,0.38461538461538464,0.4331395348837209,0.412,0.4264705882352941,0.6538461538461539
coverage,0.3,84,1396000,1396000,0.3007549898182802,True,160,260,0.35755813953488375,0.364,0.3382352941176471,0.34615384615384615,0.4883720930232558,0.476,0.4852941176470588,0.6153846153846154
region,0.3,84,1396000,1467483,0.3161553257331657,True,160,160,0.3023255813953488,0.308,0.29411764705882354,0.2692307692307692,0.3633720930232558,0.348,0.38235294117647056,0.46153846153846156
coverage,0.3,85,1396000,1396000,0.3007549898182802,True,160,243,0.30523255813953487,0.3,0.3382352941176471,0.2692307692307692,0.42441860465116277,0.376,0.5441176470588235,0.5769230769230769
region,0.3,85,1396000,1480267,0.31890951755969643,True,160,160,0.311046511627907,0.3,0.36764705882352944,0.2692307692307692,0.3691860465116279,0.324,0.5294117647058824,0.38461538461538464
coverage,0.3,86,1396000,1396000,0.3007549898182802,True,160,248,0.31976744186046513,0.316,0.35294117647058826,0.2692307692307692,0.45348837209302323,0.428,0.5147058823529411,0.5384615384615384
region,0.3,86,1396000,1450021,0.31239330307399177,True,160,160,0.3372093023255814,0.336,0.38235294117647056,0.23076923076923078,0.4127906976744186,0.392,0.47058823529411764,0.46153846153846156
coverage,0.3,87,1396000,1396000,0.3007549898182802,True,160,248,0.22965116279069767,0.208,0.3088235294117647,0.23076923076923078,0.3430232558139535,0.304,0.47058823529411764,0.38461538461538464
region,0.3,87,1396000,1430597,0.3082085860809901,True,160,160,0.2441860465116279,0.228,0.3235294117647059,0.19230769230769232,0.3023255813953488,0.268,0.4411764705882353,0.2692307692307692
coverage,0.3,88,1396000,1396000,0.3007549898182802,True,160,249,0.32558139534883723,0.312,0.38235294117647056,0.3076923076923077,0.44476744186046513,0.408,0.5294117647058824,0.5769230769230769
region,0.3,88,1396000,1429116,0.3078895186455167,True,160,160,0.34011627906976744,0.316,0.38235294117647056,0.46153846153846156,0.40988372093023256,0.368,0.4852941176470588,0.6153846153846154
coverage,0.3,89,1396000,1396000,0.3007549898182802,True,160,250,0.2558139534883721,0.244,0.3088235294117647,0.23076923076923078,0.3866279069767442,0.352,0.45588235294117646,0.5384615384615384
region,0.3,89,1396000,1446870,0.3117144499415294,True,160,160,0.25872093023255816,0.244,0.3235294117647059,0.23076923076923078,0.32848837209302323,0.288,0.45588235294117646,0.38461538461538464
coverage,0.3,90,1396000,1396000,0.3007549898182802,True,160,248,0.2616279069767442,0.248,0.29411764705882354,0.3076923076923077,0.375,0.332,0.5147058823529411,0.4230769230769231
region,0.3,90,1396000,1368891,0.2949146122975182,True,160,160,0.3226744186046512,0.332,0.23529411764705882,0.46153846153846156,0.38953488372093026,0.384,0.35294117647058826,0.5384615384615384
coverage,0.3,91,1396000,1396000,0.3007549898182802,True,160,260,0.27906976744186046,0.292,0.25,0.23076923076923078,0.38953488372093026,0.348,0.4852941176470588,0.5384615384615384
region,0.3,91,1396000,1475299,0.31783920897128864,True,160,160,0.27906976744186046,0.272,0.29411764705882354,0.3076923076923077,0.36627906976744184,0.324,0.45588235294117646,0.5384615384615384
coverage,0.3,92,1396000,1396000,0.3007549898182802,True,160,251,0.311046511627907,0.3,0.35294117647058826,0.3076923076923077,0.42441860465116277,0.404,0.4852941176470588,0.46153846153846156
region,0.3,92,1396000,1455028,0.31347201384334716,True,160,160,0.35174418604651164,0.356,0.3382352941176471,0.34615384615384615,0.4273255813953488,0.416,0.4411764705882353,0.5
coverage,0.3,93,1396000,1396000,0.3007549898182802,True,160,247,0.3081395348837209,0.332,0.22058823529411764,0.3076923076923077,0.4273255813953488,0.408,0.4411764705882353,0.5769230769230769
region,0.3,93,1396000,1462492,0.3150800620124042,True,160,160,0.29941860465116277,0.292,0.29411764705882354,0.38461538461538464,0.38953488372093026,0.364,0.4264705882352941,0.5384615384615384
coverage,0.3,94,1396000,1396000,0.3007549898182802,True,160,247,0.3372093023255814,0.348,0.2647058823529412,0.4230769230769231,0.45930232558139533,0.448,0.4264705882352941,0.6538461538461539
region,0.3,94,1396000,1460800,0.3147155366235987,True,160,160,0.3023255813953488,0.284,0.38235294117647056,0.2692307692307692,0.3691860465116279,0.324,0.5147058823529411,0.4230769230769231
coverage,0.3,95,1396000,1396000,0.3007549898182802,True,160,249,0.35755813953488375,0.324,0.4411764705882353,0.46153846153846156,0.48255813953488375,0.44,0.6029411764705882,0.5769230769230769
region,0.3,95,1396000,1405320,0.30276289562423037,True,160,160,0.32848837209302323,0.332,0.3382352941176471,0.2692307692307692,0.39244186046511625,0.368,0.47058823529411764,0.4230769230769231
coverage,0.3,96,1396000,1396000,0.3007549898182802,True,160,248,0.2703488372093023,0.268,0.2647058823529412,0.3076923076923077,0.39825581395348836,0.356,0.5147058823529411,0.5
region,0.3,96,1396000,1375471,0.296332211031762,True,160,160,0.2936046511627907,0.304,0.2647058823529412,0.2692307692307692,0.34593023255813954,0.34,0.3235294117647059,0.46153846153846156
coverage,0.3,97,1396000,1396000,0.3007549898182802,True,160,254,0.2441860465116279,0.268,0.17647058823529413,0.19230769230769232,0.3808139534883721,0.376,0.36764705882352944,0.46153846153846156
region,0.3,97,1396000,1388139,0.2990614117559869,True,160,160,0.311046511627907,0.324,0.23529411764705882,0.38461538461538464,0.3866279069767442,0.396,0.3088235294117647,0.5
coverage,0.3,98,1396000,1396000,0.3007549898182802,True,160,249,0.2761627906976744,0.292,0.23529411764705882,0.23076923076923078,0.37790697674418605,0.372,0.36764705882352944,0.46153846153846156
region,0.3,98,1396000,1452506,0.31292867280873277,True,160,160,0.29651162790697677,0.296,0.3235294117647059,0.23076923076923078,0.3953488372093023,0.368,0.47058823529411764,0.46153846153846156
coverage,0.3,99,1396000,1396000,0.3007549898182802,True,160,250,0.29651162790697677,0.304,0.25,0.34615384615384615,0.40988372093023256,0.408,0.38235294117647056,0.5
region,0.3,99,1396000,1441008,0.3104515375129372,True,160,160,0.2877906976744186,0.268,0.36764705882352944,0.2692307692307692,0.36627906976744184,0.336,0.47058823529411764,0.38461538461538464
