window_id,region_id,peak_window_id,included
WIN_79a63d82d6feea9a,REG_546c03cd7959f162,WIN_546c03cd7959f162,True
WIN_4ca8acbd5df09f66,REG_546c03cd7959f162,WIN_546c03cd7959f162,True
WIN_c2a1d4ce0daf04bf,REG_546c03cd7959f162,WIN_546c03cd7959f162,True
WIN_546c03cd7959f162,REG_546c03cd7959f162,WIN_546c03cd7959f162,True
WIN_f60f633b26534df0,REG_546c03cd7959f162,WIN_546c03cd7959f162,True
WIN_1ba3ed5f5d9ee168,REG_546c03cd7959f162,WIN_546c03cd7959f162,True
WIN_465c56162dea0fe4,REG_546c03cd7959f162,WIN_546c03cd7959f162,True
WIN_05bb7ecad9a8165a,REG_3a40a15a184c85d2,WIN_3a40a15a184c85d2,True
WIN_62068c38aaed90c3,REG_3a40a15a184c85d2,WIN_3a40a15a184c85d2,True
WIN_ea1df0fc54d42b34,REG_3a40a15a184c85d2,WIN_3a40a15a184c85d2,True
WIN_3a40a15a184c85d2,REG_3a40a15a184c85d2,WIN_3a40a15a184c85d2,True
WIN_a3cb3466cbe597e1,REG_3a40a15a184c85d2,WIN_3a40a15a184c85d2,True
WIN_91dcf33c3970744c,REG_3a40a15a184c85d2,WIN_3a40a15a184c85d2,True
WIN_1b12d355fdaa5a23,REG_3a40a15a184c85d2,WIN_3a40a15a184c85d2,True
WIN_3931c560d9a1e212,REG_3931c560d9a1e212,WIN_3931c560d9a1e212,True
WIN_e8daafa255fb51d7,REG_3931c560d9a1e212,WIN_3931c560d9a1e212,True
WIN_dcb4050661158d15,REG_3931c560d9a1e212,WIN_3931c560d9a1e212,True
WIN_0f3b8b7d34f84c49,REG_3931c560d9a1e212,WIN_3931c560d9a1e212,True
WIN_2c9b8e9cedcafad1,REG_18dfbf56f068f216,WIN_18dfbf56f068f216,True
WIN_c24de159ec86a7b7,REG_18dfbf56f068f216,WIN_18dfbf56f068f216,True
WIN_6f4d44f740726e3e,REG_18dfbf56f068f216,WIN_18dfbf56f068f216,True
WIN_18dfbf56f068f216,REG_18dfbf56f068f216,WIN_18dfbf56f068f216,True
WIN_413ad38ab2c6e6ad,REG_18dfbf56f068f216,WIN_18dfbf56f068f216,True
WIN_26e0519bf8f18e42,REG_18dfbf56f068f216,WIN_18dfbf56f068f216,True
WIN_d3db49576796cf26,REG_18dfbf56f068f216,WIN_18dfbf56f068f216,True
WIN_c5fc4d7813f96628,REG_d7ad951b8768b8de,WIN_d7ad951b8768b8de,True
WIN_565a9c9c997ce276,REG_d7ad951b8768b8de,WIN_d7ad951b8768b8de,True
WIN_9f8a445e5b32c211,REG_d7ad951b8768b8de,WIN_d7ad951b8768b8de,True
WIN_d7ad951b8768b8de,REG_d7ad951b8768b8de,WIN_d7ad951b8768b8de,True
WIN_48b2f8bc45724609,REG_d7ad951b8768b8de,WIN_d7ad951b8768b8de,True
WIN_f725a752a40a2315,REG_d7ad951b8768b8de,WIN_d7ad951b8768b8de,True
WIN_0db012ad86e4aa15,REG_d7ad951b8768b8de,WIN_d7ad951b8768b8de,True
WIN_43c1190bc97ab8c3,REG_48fdbcfbdced7089,WIN_48fdbcfbdced7089,True
WIN_79e6f8258c86633d,REG_48fdbcfbdced7089,WIN_48fdbcfbdced7089,True
WIN_ccfda17c20b4febb,REG_48fdbcfbdced7089,WIN_48fdbcfbdced7089,True
WIN_48fdbcfbdced7089,REG_48fdbcfbdced7089,WIN_48fdbcfbdced7089,True
WIN_38b5170bebfd72c8,REG_48fdbcfbdced7089,WIN_48fdbcfbdced7089,True
WIN_9c291300d5674c4f,REG_48fdbcfbdced7089,WIN_48fdbcfbdced7089,True
WIN_526d122bffc5fbd4,REG_48fdbcfbdced7089,WIN_48fdbcfbdced7089,True
WIN_9f5b327682402a48,REG_505219bd315ac2f4,WIN_505219bd315ac2f4,True
WIN_e910c640ae33d47e,REG_505219bd315ac2f4,WIN_505219bd315ac2f4,True
WIN_7af38791001ac21f,REG_505219bd315ac2f4,WIN_505219bd315ac2f4,True
WIN_505219bd315ac2f4,REG_505219bd315ac2f4,WIN_505219bd315ac2f4,True
WIN_2214b3c0c0d86f57,REG_505219bd315ac2f4,WIN_505219bd315ac2f4,True
WIN_03c473633f9f5e56,REG_505219bd315ac2f4,WIN_505219bd315ac2f4,True
WIN_1e2ae8f5351b91a6,REG_505219bd315ac2f4,WIN_505219bd315ac2f4,True
WIN_800654f3b2e5c71f,REG_fe1c169ce29c009b,WIN_fe1c169ce29c009b,True
WIN_732474f1d27ead2d,REG_fe1c169ce29c009b,WIN_fe1c169ce29c009b,True
WIN_170ba20bfffcb12c,REG_fe1c169ce29c009b,WIN_fe1c169ce29c009b,True
WIN_fe1c169ce29c009b,REG_fe1c169ce29c009b,WIN_fe1c169ce29c009b,True
WIN_dad8dc9208ff99ab,REG_fe1c169ce29c009b,WIN_fe1c169ce29c009b,True
WIN_b8b2ee6b7641bef0,REG_fe1c169ce29c009b,WIN_fe1c169ce29c009b,True
WIN_6923b9d331caba92,REG_fe1c169ce29c009b,WIN_fe1c169ce29c009b,True
WIN_ec41b439b2008278,REG_053270af835e56a0,WIN_053270af835e56a0,True
WIN_839484fdf4a3308a,REG_053270af835e56a0,WIN_053270af835e56a0,True
WIN_15f78a6b3241b2a1,REG_053270af835e56a0,WIN_053270af835e56a0,True
WIN_053270af835e56a0,REG_053270af835e56a0,WIN_053270af835e56a0,True
WIN_e9b2eb2cb580cfd4,REG_053270af835e56a0,WIN_053270af835e56a0,True
WIN_3ad27c277e9823a9,REG_053270af835e56a0,WIN_053270af835e56a0,True
WIN_e0fe915948c420d4,REG_053270af835e56a0,WIN_053270af835e56a0,True
WIN_4ca48f7fb63fc1c1,REG_25491494c23a8b0b,WIN_25491494c23a8b0b,True
WIN_5f882094e010a0d9,REG_25491494c23a8b0b,WIN_25491494c23a8b0b,True
WIN_09f660e6a0188b86,REG_25491494c23a8b0b,WIN_25491494c23a8b0b,True
WIN_25491494c23a8b0b,REG_25491494c23a8b0b,WIN_25491494c23a8b0b,True
WIN_6136fab8c3725fa8,REG_25491494c23a8b0b,WIN_25491494c23a8b0b,True
WIN_647c406011cf06d7,REG_25491494c23a8b0b,WIN_25491494c23a8b0b,True
WIN_f50b815f9d79a677,REG_25491494c23a8b0b,WIN_25491494c23a8b0b,True
WIN_9ea1e13c5ddc9794,REG_be0c77abdf014970,WIN_be0c77abdf014970,True
WIN_b32ec38f24ef6726,REG_be0c77abdf014970,WIN_be0c77abdf014970,True
WIN_16e2864f7e1bcaab,REG_be0c77abdf014970,WIN_be0c77abdf014970,True
WIN_be0c77abdf014970,REG_be0c77abdf014970,WIN_be0c77abdf014970,True
WIN_2b9594fa868b0efb,REG_be0c77abdf014970,WIN_be0c77abdf014970,True
WIN_87a191af6ad90058,REG_be0c77abdf014970,WIN_be0c77abdf014970,True
WIN_e628026b6455d972,REG_be0c77abdf014970,WIN_be0c77abdf014970,True
WIN_c696500d6f097b88,REG_6aa0715331f59580,WIN_6aa0715331f59580,True
WIN_6aa0715331f59580,REG_6aa0715331f59580,WIN_6aa0715331f59580,True
WIN_fbbd36f66e82ada9,REG_6aa0715331f59580,WIN_6aa0715331f59580,True
WIN_c1b37059ef8ffb16,REG_6aa0715331f59580,WIN_6aa0715331f59580,True
WIN_bf34d40607a08e5a,REG_6aa0715331f59580,WIN_6aa0715331f59580,True
WIN_7c6d12c58d29fb31,REG_9d3d93bfa43a18d3,WIN_9d3d93bfa43a18d3,True
WIN_9d3d93bfa43a18d3,REG_9d3d93bfa43a18d3,WIN_9d3d93bfa43a18d3,True
WIN_398186e9a8764aa7,REG_9d3d93bfa43a18d3,WIN_9d3d93bfa43a18d3,True
WIN_661fe9c68bff942e,REG_9d3d93bfa43a18d3,WIN_9d3d93bfa43a18d3,True
WIN_31b6ef00454c5462,REG_9d3d93bfa43a18d3,WIN_9d3d93bfa43a18d3,True
WIN_76d0dc9e98742175,REG_bef12e4567ecea75,WIN_bef12e4567ecea75,True
WIN_3ce8ce92b481ad1a,REG_bef12e4567ecea75,WIN_bef12e4567ecea75,True
WIN_82f2371819f88fe7,REG_bef12e4567ecea75,WIN_bef12e4567ecea75,True
WIN_bef12e4567ecea75,REG_bef12e4567ecea75,WIN_bef12e4567ecea75,True
WIN_87487baf7da0e8f7,REG_758c26b5add4d8f2,WIN_758c26b5add4d8f2,True
WIN_40bfc46e0142793d,REG_758c26b5add4d8f2,WIN_758c26b5add4d8f2,True
WIN_f89cf5af83b4d190,REG_758c26b5add4d8f2,WIN_758c26b5add4d8f2,True
WIN_758c26b5add4d8f2,REG_758c26b5add4d8f2,WIN_758c26b5add4d8f2,True
WIN_edc2b5aba269fae7,REG_758c26b5add4d8f2,WIN_758c26b5add4d8f2,True
WIN_4a8c76b6a9a59938,REG_758c26b5add4d8f2,WIN_758c26b5add4d8f2,True
WIN_290fe176eb97ba67,REG_758c26b5add4d8f2,WIN_758c26b5add4d8f2,True
WIN_997c96e8ab4d2506,REG_3ddc2d5738d2996b,WIN_3ddc2d5738d2996b,True
WIN_7bce944d22a95031,REG_3ddc2d5738d2996b,WIN_3ddc2d5738d2996b,True
WIN_f34aa2a536ac6b0e,REG_3ddc2d5738d2996b,WIN_3ddc2d5738d2996b,True
WIN_3ddc2d5738d2996b,REG_3ddc2d5738d2996b,WIN_3ddc2d5738d2996b,True
WIN_46662622a2c5b283,REG_3ddc2d5738d2996b,WIN_3ddc2d5738d2996b,True
WIN_8ac97307d9e2fe81,REG_3ddc2d5738d2996b,WIN_3ddc2d5738d2996b,True
WIN_73fa20b1a46f892d,REG_3ddc2d5738d2996b,WIN_3ddc2d5738d2996b,True
WIN_cbbe036da4987455,REG_cbbe036da4987455,WIN_cbbe036da4987455,True
WIN_ff026afff3e89db8,REG_cbbe036da4987455,WIN_cbbe036da4987455,True
WIN_b3c2ea9e9fd5df45,REG_cbbe036da4987455,WIN_cbbe036da4987455,True
WIN_7a1e71cb2eb746cc,REG_cbbe036da4987455,WIN_cbbe036da4987455,True
WIN_993aca7ab60e6bf2,REG_e1034089d0a09e57,WIN_e1034089d0a09e57,True
WIN_68cf803e549445af,REG_e1034089d0a09e57,WIN_e1034089d0a09e57,True
WIN_1d00177fdfffe0d7,REG_e1034089d0a09e57,WIN_e1034089d0a09e57,True
WIN_e1034089d0a09e57,REG_e1034089d0a09e57,WIN_e1034089d0a09e57,True
WIN_49e81dff2e18af01,REG_e1034089d0a09e57,WIN_e1034089d0a09e57,True
WIN_9084a35f457368a1,REG_e1034089d0a09e57,WIN_e1034089d0a09e57,True
WIN_31f5142c29cba88f,REG_e1034089d0a09e57,WIN_e1034089d0a09e57,True
WIN_891b8fa65c46cfb1,REG_40f78fa5bc3233e9,WIN_40f78fa5bc3233e9,True
WIN_6d475c96b9abad0b,REG_40f78fa5bc3233e9,WIN_40f78fa5bc3233e9,True
WIN_40f78fa5bc3233e9,REG_40f78fa5bc3233e9,WIN_40f78fa5bc3233e9,True
WIN_a072d2eb0e106b6c,REG_40f78fa5bc3233e9,WIN_40f78fa5bc3233e9,True
WIN_05b60bc78e748f46,REG_40f78fa5bc3233e9,WIN_40f78fa5bc3233e9,True
WIN_1902f0c8f0b938d2,REG_40f78fa5bc3233e9,WIN_40f78fa5bc3233e9,True
WIN_99267f458ae7830f,REG_cc3fd40d598afa8c,WIN_cc3fd40d598afa8c,True
WIN_dbf374c456feb153,REG_cc3fd40d598afa8c,WIN_cc3fd40d598afa8c,True
WIN_7a57b49b84f45f9e,REG_cc3fd40d598afa8c,WIN_cc3fd40d598afa8c,True
WIN_cc3fd40d598afa8c,REG_cc3fd40d598afa8c,WIN_cc3fd40d598afa8c,True
WIN_0a120f721c876383,REG_bb465dfe01fdebbc,WIN_bb465dfe01fdebbc,True
WIN_7bf82a886250403e,REG_bb465dfe01fdebbc,WIN_bb465dfe01fdebbc,True
WIN_88a8d104f5d6bcc8,REG_bb465dfe01fdebbc,WIN_bb465dfe01fdebbc,True
WIN_bb465dfe01fdebbc,REG_bb465dfe01fdebbc,WIN_bb465dfe01fdebbc,True
WIN_bc440c73a5341019,REG_bb465dfe01fdebbc,WIN_bb465dfe01fdebbc,True
WIN_eab83437bdf69d55,REG_bb465dfe01fdebbc,WIN_bb465dfe01fdebbc,True
WIN_213987f64742d1d7,REG_bb465dfe01fdebbc,WIN_bb465dfe01fdebbc,True
WIN_26f0c11c94f231c5,REG_26f0c11c94f231c5,WIN_26f0c11c94f231c5,True
WIN_fe4f60fb2bc1a894,REG_77b815a00d0c9810,WIN_77b815a00d0c9810,True
WIN_fa00c77c6df7df9a,REG_77b815a00d0c9810,WIN_77b815a00d0c9810,True
WIN_be47c4343837308d,REG_77b815a00d0c9810,WIN_77b815a00d0c9810,True
WIN_77b815a00d0c9810,REG_77b815a00d0c9810,WIN_77b815a00d0c9810,True
WIN_ccf1ed4ea07bcfc6,REG_77b815a00d0c9810,WIN_77b815a00d0c9810,True
WIN_79d080ff7faf66ba,REG_77b815a00d0c9810,WIN_77b815a00d0c9810,True
WIN_3230d3b53d31e102,REG_77b815a00d0c9810,WIN_77b815a00d0c9810,True
WIN_ffa7b70e9f5e2940,REG_554bcf1977ae73bd,WIN_554bcf1977ae73bd,True
WIN_467a355dc4a94261,REG_554bcf1977ae73bd,WIN_554bcf1977ae73bd,True
WIN_ad100b29d065988f,REG_554bcf1977ae73bd,WIN_554bcf1977ae73bd,True
WIN_554bcf1977ae73bd,REG_554bcf1977ae73bd,WIN_554bcf1977ae73bd,True
WIN_ebde35254c50b4d7,REG_554bcf1977ae73bd,WIN_554bcf1977ae73bd,True
WIN_73bb8a3d230bcbd3,REG_554bcf1977ae73bd,WIN_554bcf1977ae73bd,True
WIN_91c2d747e154e278,REG_554bcf1977ae73bd,WIN_554bcf1977ae73bd,True
WIN_5469fb8446762245,REG_5d324d0121af3d35,WIN_5d324d0121af3d35,True
WIN_05e7030408c0b087,REG_5d324d0121af3d35,WIN_5d324d0121af3d35,True
WIN_6436f84c37ff5842,REG_5d324d0121af3d35,WIN_5d324d0121af3d35,True
WIN_5d324d0121af3d35,REG_5d324d0121af3d35,WIN_5d324d0121af3d35,True
WIN_22ad72c84ceb47e6,REG_f8873939ccf5e470,WIN_f8873939ccf5e470,True
WIN_7682281bc824f0b8,REG_f8873939ccf5e470,WIN_f8873939ccf5e470,True
WIN_f4212b2487d8de24,REG_f8873939ccf5e470,WIN_f8873939ccf5e470,True
WIN_f8873939ccf5e470,REG_f8873939ccf5e470,WIN_f8873939ccf5e470,True
WIN_f7d3a550505c5dd1,REG_ed8fde2899b29b68,WIN_ed8fde2899b29b68,True
WIN_9265f9d10ef04b43,REG_ed8fde2899b29b68,WIN_ed8fde2899b29b68,True
WIN_ca9c5213b57d4e56,REG_ed8fde2899b29b68,WIN_ed8fde2899b29b68,True
WIN_ed8fde2899b29b68,REG_ed8fde2899b29b68,WIN_ed8fde2899b29b68,True
WIN_1192d36746652120,REG_b24fc7e97e85cdb8,WIN_b24fc7e97e85cdb8,True
WIN_4ac36cb8a95b3025,REG_b24fc7e97e85cdb8,WIN_b24fc7e97e85cdb8,True
WIN_d50531656776c749,REG_b24fc7e97e85cdb8,WIN_b24fc7e97e85cdb8,True
WIN_b24fc7e97e85cdb8,REG_b24fc7e97e85cdb8,WIN_b24fc7e97e85cdb8,True
WIN_1c02c8ff730fdd49,REG_b24fc7e97e85cdb8,WIN_b24fc7e97e85cdb8,True
WIN_4d42c0c84061a210,REG_b24fc7e97e85cdb8,WIN_b24fc7e97e85cdb8,True
WIN_fabd20bf88160a95,REG_b24fc7e97e85cdb8,WIN_b24fc7e97e85cdb8,True
WIN_541384b0dbf63150,REG_4df9fdf7b88022be,WIN_4df9fdf7b88022be,True
WIN_8557820e0e92c74c,REG_4df9fdf7b88022be,WIN_4df9fdf7b88022be,True
WIN_e64e99a515c79097,REG_4df9fdf7b88022be,WIN_4df9fdf7b88022be,True
WIN_4df9fdf7b88022be,REG_4df9fdf7b88022be,WIN_4df9fdf7b88022be,True
WIN_d24dfb20d7f72646,REG_b460186583141765,WIN_b460186583141765,True
WIN_3847e0c565ab340b,REG_b460186583141765,WIN_b460186583141765,True
WIN_5d0e19f2d31781e4,REG_b460186583141765,WIN_b460186583141765,True
WIN_b460186583141765,REG_b460186583141765,WIN_b460186583141765,True
WIN_828a13db09e20779,REG_b460186583141765,WIN_b460186583141765,True
WIN_859863b07ad181a9,REG_b460186583141765,WIN_b460186583141765,True
WIN_808cbd70d63d345c,REG_b460186583141765,WIN_b460186583141765,True
WIN_6b064dd488ca5b7c,REG_6b064dd488ca5b7c,WIN_6b064dd488ca5b7c,True
WIN_5648e46f8cb59021,REG_6b064dd488ca5b7c,WIN_6b064dd488ca5b7c,True
WIN_51a9faa2d574c62a,REG_6b064dd488ca5b7c,WIN_6b064dd488ca5b7c,True
WIN_38163fef384ac17b,REG_6b064dd488ca5b7c,WIN_6b064dd488ca5b7c,True
WIN_417840b2d9420bb5,REG_a1ca5851774e3e7b,WIN_a1ca5851774e3e7b,True
WIN_db1f6e5ab43b9977,REG_a1ca5851774e3e7b,WIN_a1ca5851774e3e7b,True
WIN_6acfb4912b59b840,REG_a1ca5851774e3e7b,WIN_a1ca5851774e3e7b,True
WIN_a1ca5851774e3e7b,REG_a1ca5851774e3e7b,WIN_a1ca5851774e3e7b,True
WIN_24dc9cc23e8fcb84,REG_a1ca5851774e3e7b,WIN_a1ca5851774e3e7b,True
WIN_38327ce77229cf69,REG_a1ca5851774e3e7b,WIN_a1ca5851774e3e7b,True
WIN_fec5f7f008ce6573,REG_a1ca5851774e3e7b,WIN_a1ca5851774e3e7b,True
WIN_61714abc0d1d3f76,REG_53807e0b7f03a721,WIN_53807e0b7f03a721,True
WIN_076c1e79de36b8ca,REG_53807e0b7f03a721,WIN_53807e0b7f03a721,True
WIN_2a45b97417ec71aa,REG_53807e0b7f03a721,WIN_53807e0b7f03a721,True
WIN_53807e0b7f03a721,REG_53807e0b7f03a721,WIN_53807e0b7f03a721,True
WIN_f9193b1b05b963c6,REG_53807e0b7f03a721,WIN_53807e0b7f03a721,True
WIN_dfac8d9734eeab90,REG_53807e0b7f03a721,WIN_53807e0b7f03a721,True
WIN_1afaa5b782c70f5c,REG_53807e0b7f03a721,WIN_53807e0b7f03a721,True
WIN_75567d726f7f2c53,REG_6359660a7fac60e9,WIN_6359660a7fac60e9,True
WIN_44163d84fddf91bd,REG_6359660a7fac60e9,WIN_6359660a7fac60e9,True
WIN_067b8f6f4562cf14,REG_6359660a7fac60e9,WIN_6359660a7fac60e9,True
WIN_6359660a7fac60e9,REG_6359660a7fac60e9,WIN_6359660a7fac60e9,True
WIN_255bf18786bb2e16,REG_6359660a7fac60e9,WIN_6359660a7fac60e9,True
WIN_e446ecb2343a30a0,REG_6359660a7fac60e9,WIN_6359660a7fac60e9,True
WIN_a0fa7da893d2730a,REG_6359660a7fac60e9,WIN_6359660a7fac60e9,True
WIN_bd639baea5265c9e,REG_9c9883a93c7b8f6d,WIN_9c9883a93c7b8f6d,True
WIN_9e466f8e80c06a2d,REG_9c9883a93c7b8f6d,WIN_9c9883a93c7b8f6d,True
WIN_b78a820a6507b31c,REG_9c9883a93c7b8f6d,WIN_9c9883a93c7b8f6d,True
WIN_9c9883a93c7b8f6d,REG_9c9883a93c7b8f6d,WIN_9c9883a93c7b8f6d,True
WIN_6b410823b3b1935a,REG_9c9883a93c7b8f6d,WIN_9c9883a93c7b8f6d,True
WIN_cd6f53ee49e6f883,REG_9c9883a93c7b8f6d,WIN_9c9883a93c7b8f6d,True
WIN_57cd02a83ebb2154,REG_9c9883a93c7b8f6d,WIN_9c9883a93c7b8f6d,True
WIN_024d68d892811e3b,REG_c9863a47ba90e838,WIN_c9863a47ba90e838,True
WIN_7d9e9c6d63cdfccf,REG_c9863a47ba90e838,WIN_c9863a47ba90e838,True
WIN_4d6a30ecd249691f,REG_c9863a47ba90e838,WIN_c9863a47ba90e838,True
WIN_c9863a47ba90e838,REG_c9863a47ba90e838,WIN_c9863a47ba90e838,True
WIN_a9f27c1295cb09f0,REG_c9863a47ba90e838,WIN_c9863a47ba90e838,True
WIN_98dbbbf7a871b154,REG_c9863a47ba90e838,WIN_c9863a47ba90e838,True
WIN_27d9d2ea06f1aff1,REG_c9863a47ba90e838,WIN_c9863a47ba90e838,True
WIN_53c619cfeb17bf35,REG_67b9eee4c0130957,WIN_67b9eee4c0130957,True
WIN_874e056b2c5a8d46,REG_67b9eee4c0130957,WIN_67b9eee4c0130957,True
WIN_409b34fe65ed7eb9,REG_67b9eee4c0130957,WIN_67b9eee4c0130957,True
WIN_67b9eee4c0130957,REG_67b9eee4c0130957,WIN_67b9eee4c0130957,True
WIN_ce13ecaab36070b7,REG_67b9eee4c0130957,WIN_67b9eee4c0130957,True
WIN_3a46bc591627b942,REG_67b9eee4c0130957,WIN_67b9eee4c0130957,True
WIN_4e1454219e5a299c,REG_67b9eee4c0130957,WIN_67b9eee4c0130957,True
WIN_9c504da673fee4b6,REG_28cf565b57feb040,WIN_28cf565b57feb040,True
WIN_4fa46a6e3dea3f85,REG_28cf565b57feb040,WIN_28cf565b57feb040,True
WIN_095ee118ee7e1384,REG_28cf565b57feb040,WIN_28cf565b57feb040,True
WIN_28cf565b57feb040,REG_28cf565b57feb040,WIN_28cf565b57feb040,True
WIN_049503fe8e8aed22,REG_28cf565b57feb040,WIN_28cf565b57feb040,True
WIN_c8fff5abec27cab5,REG_28cf565b57feb040,WIN_28cf565b57feb040,True
WIN_5f9d18a65d331d06,REG_28cf565b57feb040,WIN_28cf565b57feb040,True
WIN_17f316653d76ad65,REG_7cd7907271e3cbee,WIN_7cd7907271e3cbee,True
WIN_74ac0530202f0617,REG_7cd7907271e3cbee,WIN_7cd7907271e3cbee,True
WIN_068a199d1295f270,REG_7cd7907271e3cbee,WIN_7cd7907271e3cbee,True
WIN_7cd7907271e3cbee,REG_7cd7907271e3cbee,WIN_7cd7907271e3cbee,True
WIN_fad592c205cdb3e2,REG_7cd7907271e3cbee,WIN_7cd7907271e3cbee,True
WIN_11fbb7378ebf0584,REG_7cd7907271e3cbee,WIN_7cd7907271e3cbee,True
WIN_65720a30717aae62,REG_7cd7907271e3cbee,WIN_7cd7907271e3cbee,True
WIN_f1862cb15d73684a,REG_f8ebc773af8962df,WIN_f8ebc773af8962df,True
WIN_c723c06552020bd5,REG_f8ebc773af8962df,WIN_f8ebc773af8962df,True
WIN_21752dcfe7a1d805,REG_f8ebc773af8962df,WIN_f8ebc773af8962df,True
WIN_f8ebc773af8962df,REG_f8ebc773af8962df,WIN_f8ebc773af8962df,True
WIN_e7db26c55870698d,REG_f8ebc773af8962df,WIN_f8ebc773af8962df,True
WIN_9743955f16471834,REG_f8ebc773af8962df,WIN_f8ebc773af8962df,True
WIN_b8b15f871644e28e,REG_f8ebc773af8962df,WIN_f8ebc773af8962df,True
WIN_97bfe9d8df0e8372,REG_879978d35676c478,WIN_879978d35676c478,True
WIN_d14b6832f67feff1,REG_879978d35676c478,WIN_879978d35676c478,True
WIN_f8961979b88ed449,REG_879978d35676c478,WIN_879978d35676c478,True
WIN_879978d35676c478,REG_879978d35676c478,WIN_879978d35676c478,True
WIN_0398b48f45f362d2,REG_879978d35676c478,WIN_879978d35676c478,True
WIN_6ab06e59576aa657,REG_879978d35676c478,WIN_879978d35676c478,True
WIN_7767ead382c4cfa8,REG_879978d35676c478,WIN_879978d35676c478,True
WIN_899b1afaaabe63e3,REG_64fbf00df2cd233b,WIN_64fbf00df2cd233b,True
WIN_dc9e59ebc0bfaf90,REG_64fbf00df2cd233b,WIN_64fbf00df2cd233b,True
WIN_335232e9ba2cd869,REG_64fbf00df2cd233b,WIN_64fbf00df2cd233b,True
WIN_64fbf00df2cd233b,REG_64fbf00df2cd233b,WIN_64fbf00df2cd233b,True
WIN_6eafaa27fbe57b67,REG_64fbf00df2cd233b,WIN_64fbf00df2cd233b,True
WIN_abde4079a42b6757,REG_64fbf00df2cd233b,WIN_64fbf00df2cd233b,True
WIN_bb825aaa1e429f0f,REG_64fbf00df2cd233b,WIN_64fbf00df2cd233b,True
WIN_72430cf14ad67026,REG_4c1a9adb33dfd5e2,WIN_4c1a9adb33dfd5e2,True
WIN_ae34e27e36ce48c7,REG_4c1a9adb33dfd5e2,WIN_4c1a9adb33dfd5e2,True
WIN_506dfabac6c696c3,REG_4c1a9adb33dfd5e2,WIN_4c1a9adb33dfd5e2,True
WIN_4c1a9adb33dfd5e2,REG_4c1a9adb33dfd5e2,WIN_4c1a9adb33dfd5e2,True
WIN_d918ee6b2f63a5cb,REG_4c1a9adb33dfd5e2,WIN_4c1a9adb33dfd5e2,True
WIN_7d31444d2a2c5cc7,REG_4c1a9adb33dfd5e2,WIN_4c1a9adb33dfd5e2,True
WIN_361cfc5798a2888b,REG_4c1a9adb33dfd5e2,WIN_4c1a9adb33dfd5e2,True
WIN_1772a25355a9b57d,REG_d65076dffb9191b1,WIN_d65076dffb9191b1,True
WIN_8a12b9f4b9531527,REG_d65076dffb9191b1,WIN_d65076dffb9191b1,True
WIN_c5d39155151bead2,REG_d65076dffb9191b1,WIN_d65076dffb9191b1,True
WIN_d65076dffb9191b1,REG_d65076dffb9191b1,WIN_d65076dffb9191b1,True
WIN_5a04e17736191114,REG_d65076dffb9191b1,WIN_d65076dffb9191b1,True
WIN_871ba842542b56ea,REG_d65076dffb9191b1,WIN_d65076dffb9191b1,True
WIN_cdab53abdafa2974,REG_d65076dffb9191b1,WIN_d65076dffb9191b1,True
WIN_5c9e03ffe32b3391,REG_17608fc6fbf11c0d,WIN_17608fc6fbf11c0d,True
WIN_17608fc6fbf11c0d,REG_17608fc6fbf11c0d,WIN_17608fc6fbf11c0d,True
WIN_61c1080c4d466931,REG_17608fc6fbf11c0d,WIN_17608fc6fbf11c0d,True
WIN_cd0f3ed095aa9c62,REG_17608fc6fbf11c0d,WIN_17608fc6fbf11c0d,True
WIN_1a9b5135c8cf14b5,REG_17608fc6fbf11c0d,WIN_17608fc6fbf11c0d,True
WIN_d53c801c2ea1c442,REG_0fe578975a286812,WIN_0fe578975a286812,True
WIN_195b319a4a82c9ad,REG_0fe578975a286812,WIN_0fe578975a286812,True
WIN_3da37fd013c0cb07,REG_0fe578975a286812,WIN_0fe578975a286812,True
WIN_0fe578975a286812,REG_0fe578975a286812,WIN_0fe578975a286812,True
WIN_b8141716bb150bf2,REG_0fe578975a286812,WIN_0fe578975a286812,True
WIN_1c1559911bd7b024,REG_0fe578975a286812,WIN_0fe578975a286812,True
WIN_b176a02622eb9bba,REG_0fe578975a286812,WIN_0fe578975a286812,True
WIN_3f3225f698e0db1c,REG_2ee28bab25ce1d59,WIN_2ee28bab25ce1d59,True
WIN_6c4e3f5b0de35848,REG_2ee28bab25ce1d59,WIN_2ee28bab25ce1d59,True
WIN_3447bae4e122c3d1,REG_2ee28bab25ce1d59,WIN_2ee28bab25ce1d59,True
WIN_2ee28bab25ce1d59,REG_2ee28bab25ce1d59,WIN_2ee28bab25ce1d59,True
WIN_16e872aa84e3e751,REG_2ee28bab25ce1d59,WIN_2ee28bab25ce1d59,True
WIN_a14ff721195f2a64,REG_2ee28bab25ce1d59,WIN_2ee28bab25ce1d59,True
WIN_569767aa8aa5c8f2,REG_2ee28bab25ce1d59,WIN_2ee28bab25ce1d59,True
WIN_0caf71c2a81ffe37,REG_808cbdaf10470756,WIN_808cbdaf10470756,True
WIN_ee3711935960a932,REG_808cbdaf10470756,WIN_808cbdaf10470756,True
WIN_f561b0addb933693,REG_808cbdaf10470756,WIN_808cbdaf10470756,True
WIN_808cbdaf10470756,REG_808cbdaf10470756,WIN_808cbdaf10470756,True
WIN_b5a35604c904a761,REG_808cbdaf10470756,WIN_808cbdaf10470756,True
WIN_b4522dc9166a8d19,REG_808cbdaf10470756,WIN_808cbdaf10470756,True
WIN_f57d05592e0b2e63,REG_808cbdaf10470756,WIN_808cbdaf10470756,True
WIN_4b59d423544034e0,REG_829bfbcea4220dc0,WIN_829bfbcea4220dc0,True
WIN_509c716947017c3a,REG_829bfbcea4220dc0,WIN_829bfbcea4220dc0,True
WIN_6bc75803e01798b4,REG_829bfbcea4220dc0,WIN_829bfbcea4220dc0,True
WIN_829bfbcea4220dc0,REG_829bfbcea4220dc0,WIN_829bfbcea4220dc0,True
WIN_37be954b78ccfa17,REG_829bfbcea4220dc0,WIN_829bfbcea4220dc0,True
WIN_ec8f6027bdccd1f9,REG_829bfbcea4220dc0,WIN_829bfbcea4220dc0,True
WIN_6c8a455a91590c82,REG_829bfbcea4220dc0,WIN_829bfbcea4220dc0,True
WIN_14fcf32802161881,REG_3f074bf8ed540e93,WIN_3f074bf8ed540e93,True
WIN_1bad0b562120e608,REG_3f074bf8ed540e93,WIN_3f074bf8ed540e93,True
WIN_769b0e64f56a9c81,REG_3f074bf8ed540e93,WIN_3f074bf8ed540e93,True
WIN_3f074bf8ed540e93,REG_3f074bf8ed540e93,WIN_3f074bf8ed540e93,True
WIN_0463e9d2441eb284,REG_3f074bf8ed540e93,WIN_3f074bf8ed540e93,True
WIN_27f3845eb4098d49,REG_3f074bf8ed540e93,WIN_3f074bf8ed540e93,True
WIN_11bf203752836c65,REG_3f074bf8ed540e93,WIN_3f074bf8ed540e93,True
WIN_eaf7512b5192e02f,REG_867a16d0abd32017,WIN_867a16d0abd32017,True
WIN_134725a95151bcf8,REG_867a16d0abd32017,WIN_867a16d0abd32017,True
WIN_9b23236a3874d2fe,REG_867a16d0abd32017,WIN_867a16d0abd32017,True
WIN_867a16d0abd32017,REG_867a16d0abd32017,WIN_867a16d0abd32017,True
WIN_b79f78d1d43808ab,REG_867a16d0abd32017,WIN_867a16d0abd32017,True
WIN_32dedf35a05817d3,REG_867a16d0abd32017,WIN_867a16d0abd32017,True
WIN_9e85850075ff2297,REG_867a16d0abd32017,WIN_867a16d0abd32017,True
WIN_4c5821ac7af8d8ed,REG_75281c7e5cc6973f,WIN_75281c7e5cc6973f,True
WIN_9d1426c094ae8141,REG_75281c7e5cc6973f,WIN_75281c7e5cc6973f,True
WIN_206e0c07ae09e556,REG_75281c7e5cc6973f,WIN_75281c7e5cc6973f,True
WIN_75281c7e5cc6973f,REG_75281c7e5cc6973f,WIN_75281c7e5cc6973f,True
WIN_a531043e990898bb,REG_75281c7e5cc6973f,WIN_75281c7e5cc6973f,True
WIN_3afe1efe02bc3253,REG_75281c7e5cc6973f,WIN_75281c7e5cc6973f,True
WIN_2dcc41a90dcc6ab1,REG_75281c7e5cc6973f,WIN_75281c7e5cc6973f,True
WIN_e59a3ea111a13db4,REG_a001c4d72fb2930e,WIN_a001c4d72fb2930e,True
WIN_c41e6969a2943773,REG_a001c4d72fb2930e,WIN_a001c4d72fb2930e,True
WIN_c99c192d1ff27d91,REG_a001c4d72fb2930e,WIN_a001c4d72fb2930e,True
WIN_a001c4d72fb2930e,REG_a001c4d72fb2930e,WIN_a001c4d72fb2930e,True
WIN_a33538aeeb936e4d,REG_a001c4d72fb2930e,WIN_a001c4d72fb2930e,True
WIN_7b36d4a0dba6764e,REG_a001c4d72fb2930e,WIN_a001c4d72fb2930e,True
WIN_7b4ec57c0e2e9408,REG_a001c4d72fb2930e,WIN_a001c4d72fb2930e,True
WIN_dcfe08cdc438419e,REG_21d6bf01838b7fca,WIN_21d6bf01838b7fca,True
WIN_147373105e43eba2,REG_21d6bf01838b7fca,WIN_21d6bf01838b7fca,True
WIN_121596aa573f9d9f,REG_21d6bf01838b7fca,WIN_21d6bf01838b7fca,True
WIN_21d6bf01838b7fca,REG_21d6bf01838b7fca,WIN_21d6bf01838b7fca,True
WIN_cd740d5f5b19a1b9,REG_21d6bf01838b7fca,WIN_21d6bf01838b7fca,True
WIN_412de84bb0f80351,REG_21d6bf01838b7fca,WIN_21d6bf01838b7fca,True
WIN_1fba74a4179e6a37,REG_21d6bf01838b7fca,WIN_21d6bf01838b7fca,True
WIN_f8fd6ab681f072fb,REG_db1493daf5c8417a,WIN_db1493daf5c8417a,True
WIN_5ddac66234224617,REG_db1493daf5c8417a,WIN_db1493daf5c8417a,True
WIN_50c67b650f5931b7,REG_db1493daf5c8417a,WIN_db1493daf5c8417a,True
WIN_db1493daf5c8417a,REG_db1493daf5c8417a,WIN_db1493daf5c8417a,True
WIN_dd5a37f121b72534,REG_db1493daf5c8417a,WIN_db1493daf5c8417a,True
WIN_2def5f9bba1f454a,REG_db1493daf5c8417a,WIN_db1493daf5c8417a,True
WIN_08a36c36ceb801d1,REG_db1493daf5c8417a,WIN_db1493daf5c8417a,True
WIN_4f168e146318639d,REG_e19c0bae91e6e115,WIN_e19c0bae91e6e115,True
WIN_7817c17e75051834,REG_e19c0bae91e6e115,WIN_e19c0bae91e6e115,True
WIN_0fa8865d8f8e76fa,REG_e19c0bae91e6e115,WIN_e19c0bae91e6e115,True
WIN_e19c0bae91e6e115,REG_e19c0bae91e6e115,WIN_e19c0bae91e6e115,True
WIN_5277a4c6824a7625,REG_e19c0bae91e6e115,WIN_e19c0bae91e6e115,True
WIN_0f4184ce14b10c96,REG_e19c0bae91e6e115,WIN_e19c0bae91e6e115,True
WIN_44d5e16200f3cedc,REG_e19c0bae91e6e115,WIN_e19c0bae91e6e115,True
WIN_d32aeabea2458b71,REG_d467611d34c06da8,WIN_d467611d34c06da8,True
WIN_c15621fcebfa3ba4,REG_d467611d34c06da8,WIN_d467611d34c06da8,True
WIN_84777c3e63880de9,REG_d467611d34c06da8,WIN_d467611d34c06da8,True
WIN_d467611d34c06da8,REG_d467611d34c06da8,WIN_d467611d34c06da8,True
WIN_b27362f55f8a8853,REG_d467611d34c06da8,WIN_d467611d34c06da8,True
WIN_3cca05ba030a2951,REG_d467611d34c06da8,WIN_d467611d34c06da8,True
WIN_253199398608c419,REG_d467611d34c06da8,WIN_d467611d34c06da8,True
WIN_91e4268738a71e37,REG_0f786383bd6e3240,WIN_0f786383bd6e3240,True
WIN_e175c405769fe702,REG_0f786383bd6e3240,WIN_0f786383bd6e3240,True
WIN_e3e1d0eb5b43b30d,REG_0f786383bd6e3240,WIN_0f786383bd6e3240,True
WIN_0f786383bd6e3240,REG_0f786383bd6e3240,WIN_0f786383bd6e3240,True
WIN_31e4c52d6848862e,REG_0f786383bd6e3240,WIN_0f786383bd6e3240,True
WIN_29a543014f9b406b,REG_0f786383bd6e3240,WIN_0f786383bd6e3240,True
WIN_a38b172fc36fd346,REG_0f786383bd6e3240,WIN_0f786383bd6e3240,True
WIN_856f94f13f59e180,REG_f010426fead29a61,WIN_f010426fead29a61,True
WIN_bdb488b5523ed70b,REG_f010426fead29a61,WIN_f010426fead29a61,True
WIN_6e88c13d3cb62736,REG_f010426fead29a61,WIN_f010426fead29a61,True
WIN_f010426fead29a61,REG_f010426fead29a61,WIN_f010426fead29a61,True
WIN_ecd0724bae212414,REG_f010426fead29a61,WIN_f010426fead29a61,True
WIN_9551edc4d25ef9fc,REG_f010426fead29a61,WIN_f010426fead29a61,True
WIN_86fbd903ec7697fa,REG_f010426fead29a61,WIN_f010426fead29a61,True
WIN_37d4d2a5f3741bb0,REG_184d74dc613b5513,WIN_184d74dc613b5513,True
WIN_633b715880602d2d,REG_184d74dc613b5513,WIN_184d74dc613b5513,True
WIN_6e50cc575e33f831,REG_184d74dc613b5513,WIN_184d74dc613b5513,True
WIN_184d74dc613b5513,REG_184d74dc613b5513,WIN_184d74dc613b5513,True
WIN_f0ce1159db03ab89,REG_184d74dc613b5513,WIN_184d74dc613b5513,True
WIN_48e275d0e86eb702,REG_184d74dc613b5513,WIN_184d74dc613b5513,True
WIN_5197750367767a6a,REG_184d74dc613b5513,WIN_184d74dc613b5513,True
WIN_e18db356284f58b6,REG_03abe8f30a005279,WIN_03abe8f30a005279,True
WIN_b8fd048c1a055c20,REG_03abe8f30a005279,WIN_03abe8f30a005279,True
WIN_1ea1327c0b16fe42,REG_03abe8f30a005279,WIN_03abe8f30a005279,True
WIN_03abe8f30a005279,REG_03abe8f30a005279,WIN_03abe8f30a005279,True
WIN_c8d176b7f405e105,REG_03abe8f30a005279,WIN_03abe8f30a005279,True
WIN_fcacfcb1a8ccdab1,REG_03abe8f30a005279,WIN_03abe8f30a005279,True
WIN_a858ed29ab739d0f,REG_03abe8f30a005279,WIN_03abe8f30a005279,True
WIN_557fae163f60bafe,REG_2a999ba0ec0f8095,WIN_2a999ba0ec0f8095,True
WIN_8c6c3e9c1bbd6c7c,REG_2a999ba0ec0f8095,WIN_2a999ba0ec0f8095,True
WIN_b3e0f9cab3b22081,REG_2a999ba0ec0f8095,WIN_2a999ba0ec0f8095,True
WIN_2a999ba0ec0f8095,REG_2a999ba0ec0f8095,WIN_2a999ba0ec0f8095,True
WIN_49e049793a48fab7,REG_2a999ba0ec0f8095,WIN_2a999ba0ec0f8095,True
WIN_3b448538fd933db6,REG_2a999ba0ec0f8095,WIN_2a999ba0ec0f8095,True
WIN_238b90286f37ed21,REG_2a999ba0ec0f8095,WIN_2a999ba0ec0f8095,True
WIN_60a3eeafa52ccc97,REG_338f8cbee1fdb74f,WIN_338f8cbee1fdb74f,True
WIN_eb1b76c61e3f6545,REG_338f8cbee1fdb74f,WIN_338f8cbee1fdb74f,True
WIN_28798a57a02746db,REG_338f8cbee1fdb74f,WIN_338f8cbee1fdb74f,True
WIN_338f8cbee1fdb74f,REG_338f8cbee1fdb74f,WIN_338f8cbee1fdb74f,True
WIN_6ef33e8e5655fe13,REG_338f8cbee1fdb74f,WIN_338f8cbee1fdb74f,True
WIN_f76f561a99f687a1,REG_338f8cbee1fdb74f,WIN_338f8cbee1fdb74f,True
WIN_2b706baa409bd62e,REG_338f8cbee1fdb74f,WIN_338f8cbee1fdb74f,True
WIN_f93e10c2d563b2c5,REG_14a4560e41d972a9,WIN_14a4560e41d972a9,True
WIN_09c85a6e5673a389,REG_14a4560e41d972a9,WIN_14a4560e41d972a9,True
WIN_d44f4c6cb381c4ca,REG_14a4560e41d972a9,WIN_14a4560e41d972a9,True
WIN_14a4560e41d972a9,REG_14a4560e41d972a9,WIN_14a4560e41d972a9,True
WIN_6f52169a410dd8f7,REG_806be52c8233158e,WIN_806be52c8233158e,True
WIN_73da6cc4ba465e25,REG_806be52c8233158e,WIN_806be52c8233158e,True
WIN_9ba3ed693553ad30,REG_806be52c8233158e,WIN_806be52c8233158e,True
WIN_806be52c8233158e,REG_806be52c8233158e,WIN_806be52c8233158e,True
WIN_d2e13eda50896509,REG_806be52c8233158e,WIN_806be52c8233158e,True
WIN_6aae64e9dfcd12ee,REG_35d3a615cfb99853,WIN_35d3a615cfb99853,True
WIN_297ff65d05a3cbb1,REG_35d3a615cfb99853,WIN_35d3a615cfb99853,True
WIN_40c2a31dc584efc6,REG_35d3a615cfb99853,WIN_35d3a615cfb99853,True
WIN_35d3a615cfb99853,REG_35d3a615cfb99853,WIN_35d3a615cfb99853,True
WIN_2956e48a09b937c2,REG_35d3a615cfb99853,WIN_35d3a615cfb99853,True
WIN_0e13eb05ebcf5926,REG_9cb28d29d6781e6b,WIN_9cb28d29d6781e6b,True
WIN_56dd180d523c3f53,REG_9cb28d29d6781e6b,WIN_9cb28d29d6781e6b,True
WIN_f5159f221d8254af,REG_9cb28d29d6781e6b,WIN_9cb28d29d6781e6b,True
WIN_9cb28d29d6781e6b,REG_9cb28d29d6781e6b,WIN_9cb28d29d6781e6b,True
WIN_7ce2852c5164c54a,REG_4085eddee1378a8d,WIN_4085eddee1378a8d,True
WIN_98984a1ead86b76b,REG_4085eddee1378a8d,WIN_4085eddee1378a8d,True
WIN_5d68d61b19b006f7,REG_4085eddee1378a8d,WIN_4085eddee1378a8d,True
WIN_4085eddee1378a8d,REG_4085eddee1378a8d,WIN_4085eddee1378a8d,True
WIN_b55eba0ae5eb0315,REG_4085eddee1378a8d,WIN_4085eddee1378a8d,True
WIN_a7000eff6dba293a,REG_4085eddee1378a8d,WIN_4085eddee1378a8d,True
WIN_e818acb29bdb1847,REG_4085eddee1378a8d,WIN_4085eddee1378a8d,True
WIN_e6e6d616b20cd2e1,REG_78fd418d3c4de398,WIN_78fd418d3c4de398,True
WIN_45b99ac439f11577,REG_78fd418d3c4de398,WIN_78fd418d3c4de398,True
WIN_e663e686528d8fa1,REG_78fd418d3c4de398,WIN_78fd418d3c4de398,True
WIN_78fd418d3c4de398,REG_78fd418d3c4de398,WIN_78fd418d3c4de398,True
WIN_480235db5833110b,REG_78fd418d3c4de398,WIN_78fd418d3c4de398,True
WIN_48ebaa9f1ef25e26,REG_78fd418d3c4de398,WIN_78fd418d3c4de398,True
WIN_881cda41d58540e7,REG_78fd418d3c4de398,WIN_78fd418d3c4de398,True
WIN_84c25ea6566af533,REG_21a5196cba4606e8,WIN_21a5196cba4606e8,True
WIN_b05e0f8dcc6e9ba3,REG_21a5196cba4606e8,WIN_21a5196cba4606e8,True
WIN_c5cabc2b18a5893b,REG_21a5196cba4606e8,WIN_21a5196cba4606e8,True
WIN_21a5196cba4606e8,REG_21a5196cba4606e8,WIN_21a5196cba4606e8,True
WIN_521ac6c4be9f3873,REG_21a5196cba4606e8,WIN_21a5196cba4606e8,True
WIN_65f6a12874137ab5,REG_21a5196cba4606e8,WIN_21a5196cba4606e8,True
WIN_589c2e85e0daaccc,REG_21a5196cba4606e8,WIN_21a5196cba4606e8,True
WIN_c2804c368dd8d64a,REG_3237bd78a8211203,WIN_3237bd78a8211203,True
WIN_885c37e92be6cb95,REG_3237bd78a8211203,WIN_3237bd78a8211203,True
WIN_3e58f2751f46bd67,REG_3237bd78a8211203,WIN_3237bd78a8211203,True
WIN_3237bd78a8211203,REG_3237bd78a8211203,WIN_3237bd78a8211203,True
WIN_e6eeb91bafc232fb,REG_3237bd78a8211203,WIN_3237bd78a8211203,True
WIN_23bf6fa177288f08,REG_3237bd78a8211203,WIN_3237bd78a8211203,True
WIN_f1244bf404ff6cb2,REG_3237bd78a8211203,WIN_3237bd78a8211203,True
WIN_7b8ba70aadd407ff,REG_708cb41149ae0942,WIN_708cb41149ae0942,True
WIN_7a20cb0092a4d264,REG_708cb41149ae0942,WIN_708cb41149ae0942,True
WIN_d42f80ab19b59b43,REG_708cb41149ae0942,WIN_708cb41149ae0942,True
WIN_708cb41149ae0942,REG_708cb41149ae0942,WIN_708cb41149ae0942,True
WIN_476296bad0ae4647,REG_708cb41149ae0942,WIN_708cb41149ae0942,True
WIN_d4a435404342d7fa,REG_708cb41149ae0942,WIN_708cb41149ae0942,True
WIN_df41b1542ec4c850,REG_708cb41149ae0942,WIN_708cb41149ae0942,True
WIN_8f3c3a4b11243428,REG_a7bd0caf4fdaf454,WIN_a7bd0caf4fdaf454,True
WIN_32d5426a2e8d829b,REG_a7bd0caf4fdaf454,WIN_a7bd0caf4fdaf454,True
WIN_84f6307e3c29c845,REG_a7bd0caf4fdaf454,WIN_a7bd0caf4fdaf454,True
WIN_a7bd0caf4fdaf454,REG_a7bd0caf4fdaf454,WIN_a7bd0caf4fdaf454,True
WIN_14a69f94f545d7fa,REG_a7bd0caf4fdaf454,WIN_a7bd0caf4fdaf454,True
WIN_a7a8913cf27e6d4e,REG_a7bd0caf4fdaf454,WIN_a7bd0caf4fdaf454,True
WIN_ace40d054f675679,REG_a7bd0caf4fdaf454,WIN_a7bd0caf4fdaf454,True
WIN_9f02a3cba795b769,REG_e917864afd3d6ccf,WIN_e917864afd3d6ccf,True
WIN_84f9be73851f3493,REG_e917864afd3d6ccf,WIN_e917864afd3d6ccf,True
WIN_1d5dbbe22f43869b,REG_e917864afd3d6ccf,WIN_e917864afd3d6ccf,True
WIN_e917864afd3d6ccf,REG_e917864afd3d6ccf,WIN_e917864afd3d6ccf,True
WIN_5c343f43851d8321,REG_e917864afd3d6ccf,WIN_e917864afd3d6ccf,True
WIN_757330fa7e97d510,REG_e917864afd3d6ccf,WIN_e917864afd3d6ccf,True
WIN_d1d7123c1046ea3d,REG_e917864afd3d6ccf,WIN_e917864afd3d6ccf,True
WIN_29f1297aa4e1d851,REG_1b1cf35756830cf3,WIN_1b1cf35756830cf3,True
WIN_27332ec108fc7937,REG_1b1cf35756830cf3,WIN_1b1cf35756830cf3,True
WIN_aa02b75009b81f84,REG_1b1cf35756830cf3,WIN_1b1cf35756830cf3,True
WIN_1b1cf35756830cf3,REG_1b1cf35756830cf3,WIN_1b1cf35756830cf3,True
WIN_9b169492f1daa7a1,REG_1b1cf35756830cf3,WIN_1b1cf35756830cf3,True
WIN_8c673d65d4dea107,REG_1b1cf35756830cf3,WIN_1b1cf35756830cf3,True
WIN_80e2417b1c75984d,REG_1b1cf35756830cf3,WIN_1b1cf35756830cf3,True
WIN_31062ef1046b9e51,REG_ee4792e447ae0388,WIN_ee4792e447ae0388,True
WIN_1989f794c54ecbc7,REG_ee4792e447ae0388,WIN_ee4792e447ae0388,True
WIN_951c3e83aa7588bc,REG_ee4792e447ae0388,WIN_ee4792e447ae0388,True
WIN_ee4792e447ae0388,REG_ee4792e447ae0388,WIN_ee4792e447ae0388,True
WIN_f6395601e0f94e9e,REG_ee4792e447ae0388,WIN_ee4792e447ae0388,True
WIN_08c51a02bf508224,REG_ee4792e447ae0388,WIN_ee4792e447ae0388,True
WIN_97142c570c6039ae,REG_ee4792e447ae0388,WIN_ee4792e447ae0388,True
WIN_e5562f2a173675be,REG_7054bdc92d336ae6,WIN_7054bdc92d336ae6,True
WIN_dbcf1224e95aa091,REG_7054bdc92d336ae6,WIN_7054bdc92d336ae6,True
WIN_2c1e4166cd226dc4,REG_7054bdc92d336ae6,WIN_7054bdc92d336ae6,True
WIN_7054bdc92d336ae6,REG_7054bdc92d336ae6,WIN_7054bdc92d336ae6,True
WIN_6c37706ac78630ad,REG_7054bdc92d336ae6,WIN_7054bdc92d336ae6,True
WIN_5ad3a9932dddcf26,REG_7054bdc92d336ae6,WIN_7054bdc92d336ae6,True
WIN_5beafa1460856c2c,REG_7054bdc92d336ae6,WIN_7054bdc92d336ae6,True
WIN_3d92bcd6798733dc,REG_29d11363eee5e415,WIN_29d11363eee5e415,True
WIN_ff8b36c91b190423,REG_29d11363eee5e415,WIN_29d11363eee5e415,True
WIN_537724a799005997,REG_29d11363eee5e415,WIN_29d11363eee5e415,True
WIN_29d11363eee5e415,REG_29d11363eee5e415,WIN_29d11363eee5e415,True
WIN_1bbee7dbcd949f83,REG_29d11363eee5e415,WIN_29d11363eee5e415,True
WIN_0d15db547586f1df,REG_29d11363eee5e415,WIN_29d11363eee5e415,True
WIN_5b96ffc49b9fe568,REG_29d11363eee5e415,WIN_29d11363eee5e415,True
WIN_060fdadf1a90ce00,REG_57b14627b1e74f27,WIN_57b14627b1e74f27,True
WIN_96477f100df2d1fe,REG_57b14627b1e74f27,WIN_57b14627b1e74f27,True
WIN_8242d65c91f18149,REG_57b14627b1e74f27,WIN_57b14627b1e74f27,True
WIN_57b14627b1e74f27,REG_57b14627b1e74f27,WIN_57b14627b1e74f27,True
WIN_6d65dd641b2eb0e0,REG_57b14627b1e74f27,WIN_57b14627b1e74f27,True
WIN_62e4abc3d31e15f6,REG_57b14627b1e74f27,WIN_57b14627b1e74f27,True
WIN_eb4bf2b63c880a7e,REG_57b14627b1e74f27,WIN_57b14627b1e74f27,True
WIN_c94e0cb6697bd8d5,REG_f81d97188da7ad77,WIN_f81d97188da7ad77,True
WIN_790d1b1086f5f94f,REG_f81d97188da7ad77,WIN_f81d97188da7ad77,True
WIN_4e4cf64c398401b7,REG_f81d97188da7ad77,WIN_f81d97188da7ad77,True
WIN_f81d97188da7ad77,REG_f81d97188da7ad77,WIN_f81d97188da7ad77,True
WIN_03338b8385bf5c99,REG_f81d97188da7ad77,WIN_f81d97188da7ad77,True
WIN_6a7c4e4459adb350,REG_f81d97188da7ad77,WIN_f81d97188da7ad77,True
WIN_77c264de512caa64,REG_f81d97188da7ad77,WIN_f81d97188da7ad77,True
WIN_2e9abf0f808ceafb,REG_17fd673be23a3776,WIN_17fd673be23a3776,True
WIN_fbefc513c7913fef,REG_17fd673be23a3776,WIN_17fd673be23a3776,True
WIN_331cd1cec1560a99,REG_17fd673be23a3776,WIN_17fd673be23a3776,True
WIN_17fd673be23a3776,REG_17fd673be23a3776,WIN_17fd673be23a3776,True
WIN_663350313e0c18d3,REG_17fd673be23a3776,WIN_17fd673be23a3776,True
WIN_b2d5e0c332052815,REG_17fd673be23a3776,WIN_17fd673be23a3776,True
WIN_e8b708d1bd77b7a5,REG_17fd673be23a3776,WIN_17fd673be23a3776,True
WIN_b40b75bb5db95b6e,REG_fc757dbc2be457cf,WIN_fc757dbc2be457cf,True
WIN_0a270193ee77c36e,REG_fc757dbc2be457cf,WIN_fc757dbc2be457cf,True
WIN_2f0107f6f517f095,REG_fc757dbc2be457cf,WIN_fc757dbc2be457cf,True
WIN_fc757dbc2be457cf,REG_fc757dbc2be457cf,WIN_fc757dbc2be457cf,True
WIN_1ca858afec463eff,REG_fc757dbc2be457cf,WIN_fc757dbc2be457cf,True
WIN_5efae1dfe1de9599,REG_fc757dbc2be457cf,WIN_fc757dbc2be457cf,True
WIN_2686e30bafff0a3b,REG_fc757dbc2be457cf,WIN_fc757dbc2be457cf,True
WIN_66dcd26c1fca2708,REG_5fdbadd6279dd42a,WIN_5fdbadd6279dd42a,True
WIN_eafb540106467dfc,REG_5fdbadd6279dd42a,WIN_5fdbadd6279dd42a,True
WIN_a2a3d020390ee60f,REG_5fdbadd6279dd42a,WIN_5fdbadd6279dd42a,True
WIN_5fdbadd6279dd42a,REG_5fdbadd6279dd42a,WIN_5fdbadd6279dd42a,True
WIN_57fc6bead4f2d661,REG_5fdbadd6279dd42a,WIN_5fdbadd6279dd42a,True
WIN_b9856b1b8fb74eac,REG_5fdbadd6279dd42a,WIN_5fdbadd6279dd42a,True
WIN_6bfe0cdc6e333ea1,REG_5fdbadd6279dd42a,WIN_5fdbadd6279dd42a,True
WIN_f2f5cde31c1ac48c,REG_d043d9b3f472970c,WIN_d043d9b3f472970c,True
WIN_d7a6c7c489cd27ce,REG_d043d9b3f472970c,WIN_d043d9b3f472970c,True
WIN_9f788429b48d1dd0,REG_d043d9b3f472970c,WIN_d043d9b3f472970c,True
WIN_d043d9b3f472970c,REG_d043d9b3f472970c,WIN_d043d9b3f472970c,True
WIN_71974126cccac327,REG_d043d9b3f472970c,WIN_d043d9b3f472970c,True
WIN_9bd1f639765fbce3,REG_d043d9b3f472970c,WIN_d043d9b3f472970c,True
WIN_fdead308f5acd91a,REG_d043d9b3f472970c,WIN_d043d9b3f472970c,True
WIN_e8596c6e7b377f23,REG_59271b3e4e56ccd3,WIN_59271b3e4e56ccd3,True
WIN_150958cf61fb6a0d,REG_59271b3e4e56ccd3,WIN_59271b3e4e56ccd3,True
WIN_6aaa06350c8d5143,REG_59271b3e4e56ccd3,WIN_59271b3e4e56ccd3,True
WIN_59271b3e4e56ccd3,REG_59271b3e4e56ccd3,WIN_59271b3e4e56ccd3,True
WIN_cddbc8a9c71b6b97,REG_59271b3e4e56ccd3,WIN_59271b3e4e56ccd3,True
WIN_54fb604ae63d7526,REG_59271b3e4e56ccd3,WIN_59271b3e4e56ccd3,True
WIN_2c6b6971393ca070,REG_59271b3e4e56ccd3,WIN_59271b3e4e56ccd3,True
WIN_28239913303f3591,REG_3e517b71381f7cdf,WIN_3e517b71381f7cdf,True
WIN_fb86d844d6b4a498,REG_3e517b71381f7cdf,WIN_3e517b71381f7cdf,True
WIN_ea232e8867c57fe3,REG_3e517b71381f7cdf,WIN_3e517b71381f7cdf,True
WIN_3e517b71381f7cdf,REG_3e517b71381f7cdf,WIN_3e517b71381f7cdf,True
WIN_0f463783c3d68458,REG_3e517b71381f7cdf,WIN_3e517b71381f7cdf,True
WIN_38885c73cf312939,REG_3e517b71381f7cdf,WIN_3e517b71381f7cdf,True
WIN_62a3fe61a1dab652,REG_3e517b71381f7cdf,WIN_3e517b71381f7cdf,True
WIN_6c68a4292d183701,REG_9d5f3b056e5a376b,WIN_9d5f3b056e5a376b,True
WIN_4faf6c65ebcbce51,REG_9d5f3b056e5a376b,WIN_9d5f3b056e5a376b,True
WIN_224940662e0d5dd9,REG_9d5f3b056e5a376b,WIN_9d5f3b056e5a376b,True
WIN_9d5f3b056e5a376b,REG_9d5f3b056e5a376b,WIN_9d5f3b056e5a376b,True
WIN_b294b425cc13b11c,REG_9d5f3b056e5a376b,WIN_9d5f3b056e5a376b,True
WIN_c615120ca1bdeebd,REG_9d5f3b056e5a376b,WIN_9d5f3b056e5a376b,True
WIN_6caa62e0e236253c,REG_9d5f3b056e5a376b,WIN_9d5f3b056e5a376b,True
WIN_1e605f7fd097691a,REG_ceefccf202222b83,WIN_ceefccf202222b83,True
WIN_498cdb5503146d39,REG_ceefccf202222b83,WIN_ceefccf202222b83,True
WIN_d38ff191dff1cafe,REG_ceefccf202222b83,WIN_ceefccf202222b83,True
WIN_ceefccf202222b83,REG_ceefccf202222b83,WIN_ceefccf202222b83,True
WIN_2ddd64b911978fc2,REG_ceefccf202222b83,WIN_ceefccf202222b83,True
WIN_4276deb1002dfa60,REG_ceefccf202222b83,WIN_ceefccf202222b83,True
WIN_97b60cdadb415aa7,REG_ceefccf202222b83,WIN_ceefccf202222b83,True
WIN_5bc3f3bae8f2da4e,REG_d5617fabe7303254,WIN_d5617fabe7303254,True
WIN_00671fe31cac191e,REG_d5617fabe7303254,WIN_d5617fabe7303254,True
WIN_1355e4a7a2699d22,REG_d5617fabe7303254,WIN_d5617fabe7303254,True
WIN_d5617fabe7303254,REG_d5617fabe7303254,WIN_d5617fabe7303254,True
WIN_2ec9558691fe9921,REG_d5617fabe7303254,WIN_d5617fabe7303254,True
WIN_350804c19a9827c6,REG_d5617fabe7303254,WIN_d5617fabe7303254,True
WIN_1487a040deed66d1,REG_d5617fabe7303254,WIN_d5617fabe7303254,True
WIN_fb13a8aecc071be5,REG_fb13a8aecc071be5,WIN_fb13a8aecc071be5,True
WIN_dce224f2a830caa1,REG_fb13a8aecc071be5,WIN_fb13a8aecc071be5,True
WIN_b9a34d7cc1da0eec,REG_fb13a8aecc071be5,WIN_fb13a8aecc071be5,True
WIN_ee93b234f40477af,REG_fb13a8aecc071be5,WIN_fb13a8aecc071be5,True
WIN_94de2164c132b693,REG_b2ea50555fa241de,WIN_b2ea50555fa241de,True
WIN_397f714b2ffab7a7,REG_b2ea50555fa241de,WIN_b2ea50555fa241de,True
WIN_7e1e74df29d3b847,REG_b2ea50555fa241de,WIN_b2ea50555fa241de,True
WIN_b2ea50555fa241de,REG_b2ea50555fa241de,WIN_b2ea50555fa241de,True
WIN_293603b7b62498f0,REG_b2ea50555fa241de,WIN_b2ea50555fa241de,True
WIN_a37d323be77b72a4,REG_b2ea50555fa241de,WIN_b2ea50555fa241de,True
WIN_4dbf72e35594a779,REG_b2ea50555fa241de,WIN_b2ea50555fa241de,True
WIN_3e060afb33768a8c,REG_91b0ff94aa71da4a,WIN_91b0ff94aa71da4a,True
WIN_033176dcf38139f9,REG_91b0ff94aa71da4a,WIN_91b0ff94aa71da4a,True
WIN_aa041ce352cbf117,REG_91b0ff94aa71da4a,WIN_91b0ff94aa71da4a,True
WIN_91b0ff94aa71da4a,REG_91b0ff94aa71da4a,WIN_91b0ff94aa71da4a,True
WIN_4dff3963a1dfdd1a,REG_91b0ff94aa71da4a,WIN_91b0ff94aa71da4a,True
WIN_759fd29aa1f8bd67,REG_91b0ff94aa71da4a,WIN_91b0ff94aa71da4a,True
WIN_de28e76026b9e7aa,REG_91b0ff94aa71da4a,WIN_91b0ff94aa71da4a,True
WIN_56d16c6792023906,REG_b6a8507ce0bbb1aa,WIN_b6a8507ce0bbb1aa,True
WIN_6792db6cb1867c9a,REG_b6a8507ce0bbb1aa,WIN_b6a8507ce0bbb1aa,True
WIN_ae9eb9b8204bcf38,REG_b6a8507ce0bbb1aa,WIN_b6a8507ce0bbb1aa,True
WIN_b6a8507ce0bbb1aa,REG_b6a8507ce0bbb1aa,WIN_b6a8507ce0bbb1aa,True
WIN_3a3bd1756aaca0e1,REG_b6a8507ce0bbb1aa,WIN_b6a8507ce0bbb1aa,True
WIN_96745d7377cde958,REG_b6a8507ce0bbb1aa,WIN_b6a8507ce0bbb1aa,True
WIN_e41e1ee2f1552d03,REG_b6a8507ce0bbb1aa,WIN_b6a8507ce0bbb1aa,True
WIN_eb73bc6d38395cf0,REG_eb73bc6d38395cf0,WIN_eb73bc6d38395cf0,True
WIN_31189869e791d7c1,REG_eb73bc6d38395cf0,WIN_eb73bc6d38395cf0,True
WIN_1534ccc1f2c775af,REG_eb73bc6d38395cf0,WIN_eb73bc6d38395cf0,True
WIN_2c883084241b99ed,REG_eb73bc6d38395cf0,WIN_eb73bc6d38395cf0,True
WIN_2711808667867ce6,REG_0a2cad41633d5fde,WIN_0a2cad41633d5fde,True
WIN_74117606e373f780,REG_0a2cad41633d5fde,WIN_0a2cad41633d5fde,True
WIN_15858a8327e81de3,REG_0a2cad41633d5fde,WIN_0a2cad41633d5fde,True
WIN_0a2cad41633d5fde,REG_0a2cad41633d5fde,WIN_0a2cad41633d5fde,True
WIN_f9c9da6756cfbc7d,REG_0a2cad41633d5fde,WIN_0a2cad41633d5fde,True
WIN_6e7db4d0bbbb1c30,REG_0a2cad41633d5fde,WIN_0a2cad41633d5fde,True
WIN_32082142c5e0b892,REG_0a2cad41633d5fde,WIN_0a2cad41633d5fde,True
WIN_39e365130d27d4bd,REG_83b58fe6fbbe77a4,WIN_83b58fe6fbbe77a4,True
WIN_e50c72c70132fcd3,REG_83b58fe6fbbe77a4,WIN_83b58fe6fbbe77a4,True
WIN_3a1682ace1c513bb,REG_83b58fe6fbbe77a4,WIN_83b58fe6fbbe77a4,True
WIN_83b58fe6fbbe77a4,REG_83b58fe6fbbe77a4,WIN_83b58fe6fbbe77a4,True
WIN_0064bafb1824a8b3,REG_c477bfbf2f20f78d,WIN_c477bfbf2f20f78d,True
WIN_0805eef8538775b1,REG_c477bfbf2f20f78d,WIN_c477bfbf2f20f78d,True
WIN_8bf7c5f9f8a8f6a6,REG_c477bfbf2f20f78d,WIN_c477bfbf2f20f78d,True
WIN_c477bfbf2f20f78d,REG_c477bfbf2f20f78d,WIN_c477bfbf2f20f78d,True
WIN_8c69ef63fc507fc0,REG_c477bfbf2f20f78d,WIN_c477bfbf2f20f78d,True
WIN_b21a871ab216c0fa,REG_c477bfbf2f20f78d,WIN_c477bfbf2f20f78d,True
WIN_8d5e36e41acc95af,REG_c477bfbf2f20f78d,WIN_c477bfbf2f20f78d,True
WIN_9ff2291ce7dfc62e,REG_cbc90cc0fbf96ffa,WIN_cbc90cc0fbf96ffa,True
WIN_4d2683f5da261aee,REG_cbc90cc0fbf96ffa,WIN_cbc90cc0fbf96ffa,True
WIN_5b4b51c081032f90,REG_cbc90cc0fbf96ffa,WIN_cbc90cc0fbf96ffa,True
WIN_cbc90cc0fbf96ffa,REG_cbc90cc0fbf96ffa,WIN_cbc90cc0fbf96ffa,True
WIN_803a07f3c9566843,REG_cbc90cc0fbf96ffa,WIN_cbc90cc0fbf96ffa,True
WIN_99e641a51e4e9b9c,REG_cbc90cc0fbf96ffa,WIN_cbc90cc0fbf96ffa,True
WIN_3bb7cbb4714d1c44,REG_cbc90cc0fbf96ffa,WIN_cbc90cc0fbf96ffa,True
WIN_7a6ab65c7555edba,REG_c6d635ffb1c55c4a,WIN_c6d635ffb1c55c4a,True
WIN_6f4a6f2a9cc8cd8b,REG_c6d635ffb1c55c4a,WIN_c6d635ffb1c55c4a,True
WIN_f626f1f1524c9ac2,REG_c6d635ffb1c55c4a,WIN_c6d635ffb1c55c4a,True
WIN_c6d635ffb1c55c4a,REG_c6d635ffb1c55c4a,WIN_c6d635ffb1c55c4a,True
WIN_b45375245e5b3061,REG_c6d635ffb1c55c4a,WIN_c6d635ffb1c55c4a,True
WIN_974e70322c3daa69,REG_c6d635ffb1c55c4a,WIN_c6d635ffb1c55c4a,True
WIN_9776a7bee501d81d,REG_c6d635ffb1c55c4a,WIN_c6d635ffb1c55c4a,True
WIN_d403945325dd5adf,REG_b31021cbec59efee,WIN_b31021cbec59efee,True
WIN_03ac604e2df707ff,REG_b31021cbec59efee,WIN_b31021cbec59efee,True
WIN_8155556640b00316,REG_b31021cbec59efee,WIN_b31021cbec59efee,True
WIN_b31021cbec59efee,REG_b31021cbec59efee,WIN_b31021cbec59efee,True
WIN_c2073460a59daa1f,REG_b31021cbec59efee,WIN_b31021cbec59efee,True
WIN_af25c10cacf23938,REG_b31021cbec59efee,WIN_b31021cbec59efee,True
WIN_5074d1ca46dd5022,REG_b31021cbec59efee,WIN_b31021cbec59efee,True
WIN_46c3c3e210bf3416,REG_d410b2f2df4dd88a,WIN_d410b2f2df4dd88a,True
WIN_49b47f4f27af2725,REG_d410b2f2df4dd88a,WIN_d410b2f2df4dd88a,True
WIN_97af0b250630530f,REG_d410b2f2df4dd88a,WIN_d410b2f2df4dd88a,True
WIN_d410b2f2df4dd88a,REG_d410b2f2df4dd88a,WIN_d410b2f2df4dd88a,True
WIN_afcb48097d24e187,REG_d410b2f2df4dd88a,WIN_d410b2f2df4dd88a,True
WIN_ec9d64de47e8b1bd,REG_d410b2f2df4dd88a,WIN_d410b2f2df4dd88a,True
WIN_088b81d897819ef2,REG_d410b2f2df4dd88a,WIN_d410b2f2df4dd88a,True
WIN_f6c5e7e893c0b1be,REG_9a86b5ba9f803e11,WIN_9a86b5ba9f803e11,True
WIN_b21d1e9c75ae6573,REG_9a86b5ba9f803e11,WIN_9a86b5ba9f803e11,True
WIN_52af660727085e9b,REG_9a86b5ba9f803e11,WIN_9a86b5ba9f803e11,True
WIN_9a86b5ba9f803e11,REG_9a86b5ba9f803e11,WIN_9a86b5ba9f803e11,True
WIN_d6e114a7f58774ba,REG_9a86b5ba9f803e11,WIN_9a86b5ba9f803e11,True
WIN_b624c32b5afc23c1,REG_9a86b5ba9f803e11,WIN_9a86b5ba9f803e11,True
WIN_907ba58bb9994a21,REG_9a86b5ba9f803e11,WIN_9a86b5ba9f803e11,True
WIN_a483910c34450cf5,REG_b3f00e255a561180,WIN_b3f00e255a561180,True
WIN_3001b00a04e4561f,REG_b3f00e255a561180,WIN_b3f00e255a561180,True
WIN_aad9a3e09e7dc694,REG_b3f00e255a561180,WIN_b3f00e255a561180,True
WIN_b3f00e255a561180,REG_b3f00e255a561180,WIN_b3f00e255a561180,True
WIN_7bf6f08093e8177f,REG_b3f00e255a561180,WIN_b3f00e255a561180,True
WIN_66872010abab870e,REG_b3f00e255a561180,WIN_b3f00e255a561180,True
WIN_fdc9015ff007fd72,REG_b3f00e255a561180,WIN_b3f00e255a561180,True
WIN_00c17a1dfc01c07d,REG_3202d448619496f0,WIN_3202d448619496f0,True
WIN_3df53af60a35366e,REG_3202d448619496f0,WIN_3202d448619496f0,True
WIN_c9edd8d658a9f663,REG_3202d448619496f0,WIN_3202d448619496f0,True
WIN_3202d448619496f0,REG_3202d448619496f0,WIN_3202d448619496f0,True
WIN_b21952e9a3bd2659,REG_3202d448619496f0,WIN_3202d448619496f0,True
WIN_357534a5cff474aa,REG_3202d448619496f0,WIN_3202d448619496f0,True
WIN_ee0987ac1000d426,REG_3202d448619496f0,WIN_3202d448619496f0,True
WIN_702afc78fa99c4c2,REG_efe66f42eb49a4b9,WIN_efe66f42eb49a4b9,True
WIN_fce9b79b4176c82c,REG_efe66f42eb49a4b9,WIN_efe66f42eb49a4b9,True
WIN_ba0c4ef6532d2dac,REG_efe66f42eb49a4b9,WIN_efe66f42eb49a4b9,True
WIN_efe66f42eb49a4b9,REG_efe66f42eb49a4b9,WIN_efe66f42eb49a4b9,True
WIN_70d6dce7a25e57a3,REG_efe66f42eb49a4b9,WIN_efe66f42eb49a4b9,True
WIN_b9c5643b6c99a4cf,REG_efe66f42eb49a4b9,WIN_efe66f42eb49a4b9,True
WIN_7fd45b00210c5d18,REG_efe66f42eb49a4b9,WIN_efe66f42eb49a4b9,True
WIN_3468bb98abc25de1,REG_806be95300853deb,WIN_806be95300853deb,True
WIN_b3efb1b8f53c8aa3,REG_806be95300853deb,WIN_806be95300853deb,True
WIN_76d13cfcdda32739,REG_806be95300853deb,WIN_806be95300853deb,True
WIN_806be95300853deb,REG_806be95300853deb,WIN_806be95300853deb,True
WIN_b9d4ee31bcc24c59,REG_806be95300853deb,WIN_806be95300853deb,True
WIN_abba5672bb89547c,REG_806be95300853deb,WIN_806be95300853deb,True
WIN_3e06801ec6be68a5,REG_806be95300853deb,WIN_806be95300853deb,True
WIN_4a0c7b39e39dc9bd,REG_3a9f12ea45186438,WIN_3a9f12ea45186438,True
WIN_24523b6a8bb33e31,REG_3a9f12ea45186438,WIN_3a9f12ea45186438,True
WIN_222a5d8fbdf97bbb,REG_3a9f12ea45186438,WIN_3a9f12ea45186438,True
WIN_3a9f12ea45186438,REG_3a9f12ea45186438,WIN_3a9f12ea45186438,True
WIN_61cbfeacbe73f34a,REG_3a9f12ea45186438,WIN_3a9f12ea45186438,True
WIN_637d684ba89d06a3,REG_3a9f12ea45186438,WIN_3a9f12ea45186438,True
WIN_26161a07f525961b,REG_3a9f12ea45186438,WIN_3a9f12ea45186438,True
WIN_646deab5646c2627,REG_c9dd120bfd8608f1,WIN_c9dd120bfd8608f1,True
WIN_33e0a76a26e63211,REG_c9dd120bfd8608f1,WIN_c9dd120bfd8608f1,True
WIN_67b7611aa4fb8d5b,REG_c9dd120bfd8608f1,WIN_c9dd120bfd8608f1,True
WIN_c9dd120bfd8608f1,REG_c9dd120bfd8608f1,WIN_c9dd120bfd8608f1,True
WIN_bbf9185d55842886,REG_c9dd120bfd8608f1,WIN_c9dd120bfd8608f1,True
WIN_d8988a81ae196a9f,REG_c9dd120bfd8608f1,WIN_c9dd120bfd8608f1,True
WIN_e1f66ccb3f9016ff,REG_c9dd120bfd8608f1,WIN_c9dd120bfd8608f1,True
WIN_e51a555277276e80,REG_a78e54a04b7ab373,WIN_a78e54a04b7ab373,True
WIN_cbc3fa5267fb7177,REG_a78e54a04b7ab373,WIN_a78e54a04b7ab373,True
WIN_9fd269ac28721a5a,REG_a78e54a04b7ab373,WIN_a78e54a04b7ab373,True
WIN_a78e54a04b7ab373,REG_a78e54a04b7ab373,WIN_a78e54a04b7ab373,True
WIN_759bcf1d6300eaeb,REG_a78e54a04b7ab373,WIN_a78e54a04b7ab373,True
WIN_b6ff410743cc2714,REG_a78e54a04b7ab373,WIN_a78e54a04b7ab373,True
WIN_543b6ef8705cf9e2,REG_a78e54a04b7ab373,WIN_a78e54a04b7ab373,True
WIN_bdf773e7c90f1bef,REG_bfa522a3cee8615b,WIN_bfa522a3cee8615b,True
WIN_083ad2204c36cc89,REG_bfa522a3cee8615b,WIN_bfa522a3cee8615b,True
WIN_5faf15ad4d87bc61,REG_bfa522a3cee8615b,WIN_bfa522a3cee8615b,True
WIN_bfa522a3cee8615b,REG_bfa522a3cee8615b,WIN_bfa522a3cee8615b,True
WIN_03d6a09dde297da1,REG_bfa522a3cee8615b,WIN_bfa522a3cee8615b,True
WIN_845f190eb4904add,REG_bfa522a3cee8615b,WIN_bfa522a3cee8615b,True
WIN_88dc64b0888f01c0,REG_bfa522a3cee8615b,WIN_bfa522a3cee8615b,True
WIN_30070ae6c416e035,REG_071433afec0c82bd,WIN_071433afec0c82bd,True
WIN_46d995b319ed4cf2,REG_071433afec0c82bd,WIN_071433afec0c82bd,True
WIN_d59ce50a708fce78,REG_071433afec0c82bd,WIN_071433afec0c82bd,True
WIN_071433afec0c82bd,REG_071433afec0c82bd,WIN_071433afec0c82bd,True
WIN_650193fd994426ac,REG_071433afec0c82bd,WIN_071433afec0c82bd,True
WIN_6239a973ed4fc858,REG_071433afec0c82bd,WIN_071433afec0c82bd,True
WIN_dc61f32aea67eb3d,REG_071433afec0c82bd,WIN_071433afec0c82bd,True
WIN_605cc8bf6e7437bb,REG_ea6e47952c629d51,WIN_ea6e47952c629d51,True
WIN_95d6d8276e88c2e9,REG_ea6e47952c629d51,WIN_ea6e47952c629d51,True
WIN_7671c8eda8aff19e,REG_ea6e47952c629d51,WIN_ea6e47952c629d51,True
WIN_ea6e47952c629d51,REG_ea6e47952c629d51,WIN_ea6e47952c629d51,True
WIN_8cc16a2dac7a68ac,REG_ea6e47952c629d51,WIN_ea6e47952c629d51,True
WIN_d1339b79ca9daf6b,REG_ea6e47952c629d51,WIN_ea6e47952c629d51,True
WIN_5a56bb95294754b6,REG_ea6e47952c629d51,WIN_ea6e47952c629d51,True
WIN_fc10510ce6073e57,REG_5618f95b54a61be8,WIN_5618f95b54a61be8,True
WIN_5a56f722a0a623f9,REG_5618f95b54a61be8,WIN_5618f95b54a61be8,True
WIN_d1cd1adbff6aed5b,REG_5618f95b54a61be8,WIN_5618f95b54a61be8,True
WIN_5618f95b54a61be8,REG_5618f95b54a61be8,WIN_5618f95b54a61be8,True
WIN_8a683ecfc291d100,REG_5618f95b54a61be8,WIN_5618f95b54a61be8,True
WIN_c64b861818fd5e20,REG_5618f95b54a61be8,WIN_5618f95b54a61be8,True
WIN_ff7b951fd4c5558b,REG_5618f95b54a61be8,WIN_5618f95b54a61be8,True
WIN_2ca87a91df1eb31b,REG_351d6cd139c94331,WIN_351d6cd139c94331,True
WIN_9e9929753cc8b1c6,REG_351d6cd139c94331,WIN_351d6cd139c94331,True
WIN_5c8160b9412728de,REG_351d6cd139c94331,WIN_351d6cd139c94331,True
WIN_351d6cd139c94331,REG_351d6cd139c94331,WIN_351d6cd139c94331,True
WIN_5ee603a7b21bf6d8,REG_f8f435eb1b7de0a2,WIN_f8f435eb1b7de0a2,True
WIN_8c7efa3d4ae83a49,REG_f8f435eb1b7de0a2,WIN_f8f435eb1b7de0a2,True
WIN_9db00b4849dca354,REG_f8f435eb1b7de0a2,WIN_f8f435eb1b7de0a2,True
WIN_f8f435eb1b7de0a2,REG_f8f435eb1b7de0a2,WIN_f8f435eb1b7de0a2,True
WIN_f7eed5889edda9e8,REG_f8f435eb1b7de0a2,WIN_f8f435eb1b7de0a2,True
WIN_97ee46d0ae2c3279,REG_f8f435eb1b7de0a2,WIN_f8f435eb1b7de0a2,True
WIN_bfa03924b75ac9eb,REG_f8f435eb1b7de0a2,WIN_f8f435eb1b7de0a2,True
WIN_0133c7ad0488d3c3,REG_0133c7ad0488d3c3,WIN_0133c7ad0488d3c3,True
WIN_9e9b66da71baf630,REG_0133c7ad0488d3c3,WIN_0133c7ad0488d3c3,True
WIN_1d93375e7dbc504d,REG_0133c7ad0488d3c3,WIN_0133c7ad0488d3c3,True
WIN_fa5067a953c55e9c,REG_0133c7ad0488d3c3,WIN_0133c7ad0488d3c3,True
WIN_acb9f847e7927662,REG_3faebfb8c70eb6a7,WIN_3faebfb8c70eb6a7,True
WIN_f228f379fd7b8bb0,REG_3faebfb8c70eb6a7,WIN_3faebfb8c70eb6a7,True
WIN_fa1e410577e4ae0b,REG_3faebfb8c70eb6a7,WIN_3faebfb8c70eb6a7,True
WIN_3faebfb8c70eb6a7,REG_3faebfb8c70eb6a7,WIN_3faebfb8c70eb6a7,True
WIN_4caa80f476fa98b4,REG_3faebfb8c70eb6a7,WIN_3faebfb8c70eb6a7,True
WIN_90b4a7fc21a6f273,REG_3faebfb8c70eb6a7,WIN_3faebfb8c70eb6a7,True
WIN_582fe8618fa6aadc,REG_3faebfb8c70eb6a7,WIN_3faebfb8c70eb6a7,True
WIN_270c85d7a104768e,REG_e00bcb1d888073d4,WIN_e00bcb1d888073d4,True
WIN_1b5ec550413e0a8c,REG_e00bcb1d888073d4,WIN_e00bcb1d888073d4,True
WIN_fc6618743a480d73,REG_e00bcb1d888073d4,WIN_e00bcb1d888073d4,True
WIN_e00bcb1d888073d4,REG_e00bcb1d888073d4,WIN_e00bcb1d888073d4,True
WIN_0d855fc9d23bcf77,REG_e00bcb1d888073d4,WIN_e00bcb1d888073d4,True
WIN_f9b390924bf3a1b4,REG_e00bcb1d888073d4,WIN_e00bcb1d888073d4,True
WIN_46c8fa2f370cdb11,REG_e00bcb1d888073d4,WIN_e00bcb1d888073d4,True
WIN_67ffb361660f57ad,REG_a1e4f382b2b3b39d,WIN_a1e4f382b2b3b39d,True
WIN_dd69ed1e11dae865,REG_a1e4f382b2b3b39d,WIN_a1e4f382b2b3b39d,True
WIN_d15010f85930e07b,REG_a1e4f382b2b3b39d,WIN_a1e4f382b2b3b39d,True
WIN_a1e4f382b2b3b39d,REG_a1e4f382b2b3b39d,WIN_a1e4f382b2b3b39d,True
WIN_54531fc0d352aeca,REG_a1e4f382b2b3b39d,WIN_a1e4f382b2b3b39d,True
WIN_4a5c8f701f2e70ad,REG_a1e4f382b2b3b39d,WIN_a1e4f382b2b3b39d,True
WIN_ebf413df53bef8c5,REG_a1e4f382b2b3b39d,WIN_a1e4f382b2b3b39d,True
WIN_7f38aa89adfbbd1d,REG_df034366b5643f31,WIN_df034366b5643f31,True
WIN_a1ec9a439e8e792a,REG_df034366b5643f31,WIN_df034366b5643f31,True
WIN_2b3a4de0bc5d0dcb,REG_df034366b5643f31,WIN_df034366b5643f31,True
WIN_df034366b5643f31,REG_df034366b5643f31,WIN_df034366b5643f31,True
WIN_95fa6113eab957d3,REG_df034366b5643f31,WIN_df034366b5643f31,True
WIN_644bbb2521a7244a,REG_df034366b5643f31,WIN_df034366b5643f31,True
WIN_1b60a3f7f973dcf7,REG_df034366b5643f31,WIN_df034366b5643f31,True
WIN_f260b14ff0e3638c,REG_f017c9fdc2169e42,WIN_f017c9fdc2169e42,True
WIN_8225d11a75aa0f10,REG_f017c9fdc2169e42,WIN_f017c9fdc2169e42,True
WIN_f961517010d1d936,REG_f017c9fdc2169e42,WIN_f017c9fdc2169e42,True
WIN_f017c9fdc2169e42,REG_f017c9fdc2169e42,WIN_f017c9fdc2169e42,True
WIN_bd99d2679230f24d,REG_f017c9fdc2169e42,WIN_f017c9fdc2169e42,True
WIN_33f2821e506dbf24,REG_f017c9fdc2169e42,WIN_f017c9fdc2169e42,True
WIN_fcba12749356f95a,REG_f017c9fdc2169e42,WIN_f017c9fdc2169e42,True
WIN_e57b6607f09bee4b,REG_8bf5f322a7fc09ed,WIN_8bf5f322a7fc09ed,True
WIN_8bf5f322a7fc09ed,REG_8bf5f322a7fc09ed,WIN_8bf5f322a7fc09ed,True
WIN_6be3cd064f88e92d,REG_8bf5f322a7fc09ed,WIN_8bf5f322a7fc09ed,True
WIN_40f76a1c06b14567,REG_8bf5f322a7fc09ed,WIN_8bf5f322a7fc09ed,True
WIN_7eaf011de1522712,REG_8bf5f322a7fc09ed,WIN_8bf5f322a7fc09ed,True
WIN_4dbb40ebe945fde8,REG_cbb3d4b0c2db5f9f,WIN_cbb3d4b0c2db5f9f,True
WIN_e5401e2153442052,REG_cbb3d4b0c2db5f9f,WIN_cbb3d4b0c2db5f9f,True
WIN_c508aafbebab070a,REG_cbb3d4b0c2db5f9f,WIN_cbb3d4b0c2db5f9f,True
WIN_cbb3d4b0c2db5f9f,REG_cbb3d4b0c2db5f9f,WIN_cbb3d4b0c2db5f9f,True
WIN_da1cb380a5f7ef05,REG_cbb3d4b0c2db5f9f,WIN_cbb3d4b0c2db5f9f,True
WIN_ee8251b4577c9efa,REG_cbb3d4b0c2db5f9f,WIN_cbb3d4b0c2db5f9f,True
WIN_74234114509d1795,REG_cbb3d4b0c2db5f9f,WIN_cbb3d4b0c2db5f9f,True
WIN_283e33f733ef5092,REG_d4cd7cef7c5621cb,WIN_d4cd7cef7c5621cb,True
WIN_7b07d645885d0754,REG_d4cd7cef7c5621cb,WIN_d4cd7cef7c5621cb,True
WIN_92c487df54e892df,REG_d4cd7cef7c5621cb,WIN_d4cd7cef7c5621cb,True
WIN_d4cd7cef7c5621cb,REG_d4cd7cef7c5621cb,WIN_d4cd7cef7c5621cb,True
WIN_25b668771d4c4e06,REG_43b5b5b6731a5198,WIN_43b5b5b6731a5198,True
WIN_52adcc40f55a4e51,REG_43b5b5b6731a5198,WIN_43b5b5b6731a5198,True
WIN_2d1d5404df33c681,REG_43b5b5b6731a5198,WIN_43b5b5b6731a5198,True
WIN_43b5b5b6731a5198,REG_43b5b5b6731a5198,WIN_43b5b5b6731a5198,True
WIN_f0daca1b67146dc2,REG_43b5b5b6731a5198,WIN_43b5b5b6731a5198,True
WIN_7692dc60c257538e,REG_43b5b5b6731a5198,WIN_43b5b5b6731a5198,True
WIN_a9c23c3a232780c6,REG_43b5b5b6731a5198,WIN_43b5b5b6731a5198,True
WIN_60d770118d3ed83e,REG_60d770118d3ed83e,WIN_60d770118d3ed83e,True
WIN_beba43e30071fad8,REG_60d770118d3ed83e,WIN_60d770118d3ed83e,True
WIN_aa504f6af6c2745c,REG_60d770118d3ed83e,WIN_60d770118d3ed83e,True
WIN_35752d5f60b5a8c3,REG_60d770118d3ed83e,WIN_60d770118d3ed83e,True
WIN_eb1fe3e4e1402b0c,REG_27651054177e688c,WIN_27651054177e688c,True
WIN_29c7a1d622512152,REG_27651054177e688c,WIN_27651054177e688c,True
WIN_619fc7ae482a183e,REG_27651054177e688c,WIN_27651054177e688c,True
WIN_27651054177e688c,REG_27651054177e688c,WIN_27651054177e688c,True
WIN_297a2f54109a6be5,REG_27651054177e688c,WIN_27651054177e688c,True
WIN_b626e42d9fa13187,REG_27651054177e688c,WIN_27651054177e688c,True
WIN_874e3cf55fca2c9f,REG_27651054177e688c,WIN_27651054177e688c,True
WIN_2036a9f198ba913c,REG_43d8a159ba5dc039,WIN_43d8a159ba5dc039,True
WIN_136b4d623816e13f,REG_43d8a159ba5dc039,WIN_43d8a159ba5dc039,True
WIN_7fd70658059c6889,REG_43d8a159ba5dc039,WIN_43d8a159ba5dc039,True
WIN_43d8a159ba5dc039,REG_43d8a159ba5dc039,WIN_43d8a159ba5dc039,True
WIN_c1d3a1a775e1b706,REG_43d8a159ba5dc039,WIN_43d8a159ba5dc039,True
WIN_43c66434acc92fe1,REG_43d8a159ba5dc039,WIN_43d8a159ba5dc039,True
WIN_f2743ba5ff2ee535,REG_43d8a159ba5dc039,WIN_43d8a159ba5dc039,True
WIN_bda63081661fa075,REG_bb57cb7f39ab7bcf,WIN_bb57cb7f39ab7bcf,True
WIN_9a260e1566a2abce,REG_bb57cb7f39ab7bcf,WIN_bb57cb7f39ab7bcf,True
WIN_7f214d3c56cba731,REG_bb57cb7f39ab7bcf,WIN_bb57cb7f39ab7bcf,True
WIN_bb57cb7f39ab7bcf,REG_bb57cb7f39ab7bcf,WIN_bb57cb7f39ab7bcf,True
WIN_57de0e48bf165354,REG_bb57cb7f39ab7bcf,WIN_bb57cb7f39ab7bcf,True
WIN_f5f89eb4da0b12d3,REG_bb57cb7f39ab7bcf,WIN_bb57cb7f39ab7bcf,True
WIN_ba08eb88be29e7ad,REG_bb57cb7f39ab7bcf,WIN_bb57cb7f39ab7bcf,True
WIN_4d70255dd563ebec,REG_4d70255dd563ebec,WIN_4d70255dd563ebec,True
WIN_eaee9200cbd7bdaf,REG_4d70255dd563ebec,WIN_4d70255dd563ebec,True
WIN_9c2278645fc8f2aa,REG_4d70255dd563ebec,WIN_4d70255dd563ebec,True
WIN_a608c2af40ab2898,REG_4d70255dd563ebec,WIN_4d70255dd563ebec,True
WIN_5c2632e26528013a,REG_5c2632e26528013a,WIN_5c2632e26528013a,True
WIN_cebff3e25f1cfe94,REG_5c2632e26528013a,WIN_5c2632e26528013a,True
WIN_72cfee6a10cc32d4,REG_5c2632e26528013a,WIN_5c2632e26528013a,True
WIN_aa48c9bf11a58086,REG_8f935851c38bd914,WIN_8f935851c38bd914,True
WIN_d7da0f5c8f291185,REG_8f935851c38bd914,WIN_8f935851c38bd914,True
WIN_9e983c0b7caa41f3,REG_8f935851c38bd914,WIN_8f935851c38bd914,True
WIN_8f935851c38bd914,REG_8f935851c38bd914,WIN_8f935851c38bd914,True
WIN_26bd719357b2f64f,REG_8f935851c38bd914,WIN_8f935851c38bd914,True
WIN_3a98c66600570cf6,REG_8f935851c38bd914,WIN_8f935851c38bd914,True
WIN_25cf33f607ef85b2,REG_8f935851c38bd914,WIN_8f935851c38bd914,True
WIN_4051261cf28b5ed1,REG_4051261cf28b5ed1,WIN_4051261cf28b5ed1,True
WIN_494ecde0b85b2c71,REG_4051261cf28b5ed1,WIN_4051261cf28b5ed1,True
WIN_81b42d4a0a21ceb6,REG_4051261cf28b5ed1,WIN_4051261cf28b5ed1,True
WIN_1364db777f0d7c00,REG_4051261cf28b5ed1,WIN_4051261cf28b5ed1,True
WIN_edcb76acd62a6a96,REG_46f0fd69c75ceac0,WIN_46f0fd69c75ceac0,True
WIN_3c5682b5a5b4b4cf,REG_46f0fd69c75ceac0,WIN_46f0fd69c75ceac0,True
WIN_faea981957ee438e,REG_46f0fd69c75ceac0,WIN_46f0fd69c75ceac0,True
WIN_46f0fd69c75ceac0,REG_46f0fd69c75ceac0,WIN_46f0fd69c75ceac0,True
WIN_c72164168b8d7d62,REG_46f0fd69c75ceac0,WIN_46f0fd69c75ceac0,True
WIN_79f02cf23e95cc13,REG_46f0fd69c75ceac0,WIN_46f0fd69c75ceac0,True
WIN_9df948dd04a313f9,REG_46f0fd69c75ceac0,WIN_46f0fd69c75ceac0,True
WIN_73b6d178bcf8deef,REG_88b405c878a0e7c8,WIN_88b405c878a0e7c8,True
WIN_9282ca383f6a0229,REG_88b405c878a0e7c8,WIN_88b405c878a0e7c8,True
WIN_01c3b8c5f82e6e92,REG_88b405c878a0e7c8,WIN_88b405c878a0e7c8,True
WIN_88b405c878a0e7c8,REG_88b405c878a0e7c8,WIN_88b405c878a0e7c8,True
WIN_20d4ff392d5c9c47,REG_88b405c878a0e7c8,WIN_88b405c878a0e7c8,True
WIN_a26aac554ccb14d3,REG_88b405c878a0e7c8,WIN_88b405c878a0e7c8,True
WIN_77834854d4d207e1,REG_88b405c878a0e7c8,WIN_88b405c878a0e7c8,True
WIN_76d157215c292a54,REG_27277cf24d6f0c35,WIN_27277cf24d6f0c35,True
WIN_ed1b5c9fc70e3fe9,REG_27277cf24d6f0c35,WIN_27277cf24d6f0c35,True
WIN_5156b78a9106a3b8,REG_27277cf24d6f0c35,WIN_27277cf24d6f0c35,True
WIN_27277cf24d6f0c35,REG_27277cf24d6f0c35,WIN_27277cf24d6f0c35,True
WIN_4de2a06801a4ed66,REG_27277cf24d6f0c35,WIN_27277cf24d6f0c35,True
WIN_218ca9da2d0a74ad,REG_27277cf24d6f0c35,WIN_27277cf24d6f0c35,True
WIN_f607022d5bab8c78,REG_27277cf24d6f0c35,WIN_27277cf24d6f0c35,True
WIN_2483d0d4f22d75aa,REG_0edbae71b9a62218,WIN_0edbae71b9a62218,True
WIN_7a3af9e8ea529dd3,REG_0edbae71b9a62218,WIN_0edbae71b9a62218,True
WIN_3e3c91503b889041,REG_0edbae71b9a62218,WIN_0edbae71b9a62218,True
WIN_0edbae71b9a62218,REG_0edbae71b9a62218,WIN_0edbae71b9a62218,True
WIN_1ca6e47ff1475b07,REG_0edbae71b9a62218,WIN_0edbae71b9a62218,True
WIN_5feac560920d18ba,REG_0edbae71b9a62218,WIN_0edbae71b9a62218,True
WIN_6d3cd04621410315,REG_0edbae71b9a62218,WIN_0edbae71b9a62218,True
WIN_41ba1950ef9e91fd,REG_970663c2c0786dd1,WIN_970663c2c0786dd1,True
WIN_ebc27e1188aef3cd,REG_970663c2c0786dd1,WIN_970663c2c0786dd1,True
WIN_8ab0cf097a396465,REG_970663c2c0786dd1,WIN_970663c2c0786dd1,True
WIN_970663c2c0786dd1,REG_970663c2c0786dd1,WIN_970663c2c0786dd1,True
WIN_c4f6d5c66d9a7991,REG_978b67b5a3cda770,WIN_978b67b5a3cda770,True
WIN_93ecc2b5aa62b78a,REG_978b67b5a3cda770,WIN_978b67b5a3cda770,True
WIN_65221e68101c83cb,REG_978b67b5a3cda770,WIN_978b67b5a3cda770,True
WIN_978b67b5a3cda770,REG_978b67b5a3cda770,WIN_978b67b5a3cda770,True
WIN_f3dbe3fd6742de8a,REG_978b67b5a3cda770,WIN_978b67b5a3cda770,True
WIN_e5ff76e22a384c3b,REG_978b67b5a3cda770,WIN_978b67b5a3cda770,True
WIN_079b768f75ee092e,REG_978b67b5a3cda770,WIN_978b67b5a3cda770,True
WIN_803b61504dcf891a,REG_bcd3194cb49ce90c,WIN_bcd3194cb49ce90c,True
WIN_98edc7e2d131bd49,REG_bcd3194cb49ce90c,WIN_bcd3194cb49ce90c,True
WIN_fb749d2fabb548db,REG_bcd3194cb49ce90c,WIN_bcd3194cb49ce90c,True
WIN_bcd3194cb49ce90c,REG_bcd3194cb49ce90c,WIN_bcd3194cb49ce90c,True
WIN_546e87f5c0a010f3,REG_bcd3194cb49ce90c,WIN_bcd3194cb49ce90c,True
WIN_8bc4d9d1b397a3f8,REG_bcd3194cb49ce90c,WIN_bcd3194cb49ce90c,True
WIN_703ca2de0bf6496f,REG_bcd3194cb49ce90c,WIN_bcd3194cb49ce90c,True
WIN_1da2f983222980c0,REG_227af4240e25fbeb,WIN_227af4240e25fbeb,True
WIN_9bf5742f23ff2f0f,REG_227af4240e25fbeb,WIN_227af4240e25fbeb,True
WIN_77b59957c8938779,REG_227af4240e25fbeb,WIN_227af4240e25fbeb,True
WIN_227af4240e25fbeb,REG_227af4240e25fbeb,WIN_227af4240e25fbeb,True
WIN_8f9247be078905d6,REG_227af4240e25fbeb,WIN_227af4240e25fbeb,True
WIN_2df3aac87f124046,REG_227af4240e25fbeb,WIN_227af4240e25fbeb,True
WIN_b8d784054b532d32,REG_227af4240e25fbeb,WIN_227af4240e25fbeb,True
WIN_fcab90bffd46cc0c,REG_fcab90bffd46cc0c,WIN_fcab90bffd46cc0c,True
WIN_c06dab5fdc1b20c5,REG_fcab90bffd46cc0c,WIN_fcab90bffd46cc0c,True
WIN_cdb4b26e0f3f3561,REG_fcab90bffd46cc0c,WIN_fcab90bffd46cc0c,True
WIN_ec55377c7e65eabe,REG_fcab90bffd46cc0c,WIN_fcab90bffd46cc0c,True
WIN_52605ed9a7cdf766,REG_bbe43200cfceb5d4,WIN_bbe43200cfceb5d4,True
WIN_c409abb80dbb4950,REG_bbe43200cfceb5d4,WIN_bbe43200cfceb5d4,True
WIN_70cbf922a28a2376,REG_bbe43200cfceb5d4,WIN_bbe43200cfceb5d4,True
WIN_bbe43200cfceb5d4,REG_bbe43200cfceb5d4,WIN_bbe43200cfceb5d4,True
WIN_45f64215e7b7a130,REG_bbe43200cfceb5d4,WIN_bbe43200cfceb5d4,True
WIN_66669bc12f29cd3e,REG_bbe43200cfceb5d4,WIN_bbe43200cfceb5d4,True
WIN_935eb1ce7e9026cb,REG_bbe43200cfceb5d4,WIN_bbe43200cfceb5d4,True
WIN_f17a1321d48fc1e1,REG_e4c6b36298179d8e,WIN_e4c6b36298179d8e,True
WIN_dc38a0c10485492d,REG_e4c6b36298179d8e,WIN_e4c6b36298179d8e,True
WIN_6a6b50e7fb31e7ae,REG_e4c6b36298179d8e,WIN_e4c6b36298179d8e,True
WIN_e4c6b36298179d8e,REG_e4c6b36298179d8e,WIN_e4c6b36298179d8e,True
WIN_32b45928d5c64f51,REG_e4c6b36298179d8e,WIN_e4c6b36298179d8e,True
WIN_0fa07169b4c7ca31,REG_e4c6b36298179d8e,WIN_e4c6b36298179d8e,True
WIN_aa50ceeabc5bd0fb,REG_e4c6b36298179d8e,WIN_e4c6b36298179d8e,True
WIN_90d5a6db31af73bf,REG_ac807ec1f970a49d,WIN_ac807ec1f970a49d,True
WIN_ea1d44ea7110fb36,REG_ac807ec1f970a49d,WIN_ac807ec1f970a49d,True
WIN_ca0ede1538ff2230,REG_ac807ec1f970a49d,WIN_ac807ec1f970a49d,True
WIN_ac807ec1f970a49d,REG_ac807ec1f970a49d,WIN_ac807ec1f970a49d,True
WIN_282a16d3fefed714,REG_ac807ec1f970a49d,WIN_ac807ec1f970a49d,True
WIN_026d253e1532fb99,REG_ac807ec1f970a49d,WIN_ac807ec1f970a49d,True
WIN_03f950179edec025,REG_ac807ec1f970a49d,WIN_ac807ec1f970a49d,True
WIN_0eb5cbd07cebbae9,REG_0eb5cbd07cebbae9,WIN_0eb5cbd07cebbae9,True
WIN_8575007e828a355e,REG_0eb5cbd07cebbae9,WIN_0eb5cbd07cebbae9,True
WIN_f235022f9b59f91c,REG_d91695ca43f9d230,WIN_d91695ca43f9d230,True
WIN_c908b91909a9c991,REG_d91695ca43f9d230,WIN_d91695ca43f9d230,True
WIN_00dd15e43a404259,REG_d91695ca43f9d230,WIN_d91695ca43f9d230,True
WIN_d91695ca43f9d230,REG_d91695ca43f9d230,WIN_d91695ca43f9d230,True
WIN_92c610546aff11de,REG_d91695ca43f9d230,WIN_d91695ca43f9d230,True
WIN_4f838cc8e8dc9265,REG_d91695ca43f9d230,WIN_d91695ca43f9d230,True
WIN_a3ee8de21e83dcd1,REG_d91695ca43f9d230,WIN_d91695ca43f9d230,True
WIN_aaaf57183890f05e,REG_9db4dc6e489b1b26,WIN_9db4dc6e489b1b26,True
WIN_e589fcdf3772513b,REG_9db4dc6e489b1b26,WIN_9db4dc6e489b1b26,True
WIN_39bbccc5aa749906,REG_9db4dc6e489b1b26,WIN_9db4dc6e489b1b26,True
WIN_9db4dc6e489b1b26,REG_9db4dc6e489b1b26,WIN_9db4dc6e489b1b26,True
WIN_42bf15a8e07d6457,REG_9db4dc6e489b1b26,WIN_9db4dc6e489b1b26,True
WIN_f7806e7b521e4b90,REG_9db4dc6e489b1b26,WIN_9db4dc6e489b1b26,True
WIN_0601ed697b35c111,REG_9db4dc6e489b1b26,WIN_9db4dc6e489b1b26,True
WIN_5044de1a5555d7aa,REG_20d89afcc97cbdd0,WIN_20d89afcc97cbdd0,True
WIN_3f2641c1f96e4278,REG_20d89afcc97cbdd0,WIN_20d89afcc97cbdd0,True
WIN_ca96619becc2edaf,REG_20d89afcc97cbdd0,WIN_20d89afcc97cbdd0,True
WIN_20d89afcc97cbdd0,REG_20d89afcc97cbdd0,WIN_20d89afcc97cbdd0,True
WIN_63c8b9e7740ca428,REG_20d89afcc97cbdd0,WIN_20d89afcc97cbdd0,True
WIN_0e2bc7c172642bde,REG_20d89afcc97cbdd0,WIN_20d89afcc97cbdd0,True
WIN_a4ff510332792776,REG_20d89afcc97cbdd0,WIN_20d89afcc97cbdd0,True
WIN_35a99bd8bf789ad3,REG_99016fad67d5f0b4,WIN_99016fad67d5f0b4,True
WIN_cde3f218ff5b0e3b,REG_99016fad67d5f0b4,WIN_99016fad67d5f0b4,True
WIN_96fad64845c747ae,REG_99016fad67d5f0b4,WIN_99016fad67d5f0b4,True
WIN_99016fad67d5f0b4,REG_99016fad67d5f0b4,WIN_99016fad67d5f0b4,True
WIN_4f39958c0455dca6,REG_99016fad67d5f0b4,WIN_99016fad67d5f0b4,True
WIN_c209e5e509fe0cfc,REG_99016fad67d5f0b4,WIN_99016fad67d5f0b4,True
WIN_9bbc5859be05a031,REG_99016fad67d5f0b4,WIN_99016fad67d5f0b4,True
WIN_ca5fc69cf770f57a,REG_789aa486ae70f0bf,WIN_789aa486ae70f0bf,True
WIN_b97ea6eb67ca8f62,REG_789aa486ae70f0bf,WIN_789aa486ae70f0bf,True
WIN_b6216a3acbd6c45b,REG_789aa486ae70f0bf,WIN_789aa486ae70f0bf,True
WIN_789aa486ae70f0bf,REG_789aa486ae70f0bf,WIN_789aa486ae70f0bf,True
WIN_67c4092ee77436eb,REG_789aa486ae70f0bf,WIN_789aa486ae70f0bf,True
WIN_d7390c99b4db18f5,REG_789aa486ae70f0bf,WIN_789aa486ae70f0bf,True
WIN_420f3e3405420edb,REG_789aa486ae70f0bf,WIN_789aa486ae70f0bf,True
WIN_b07007a54ab32e68,REG_779f55d87c353478,WIN_779f55d87c353478,True
WIN_9c79a238711858ba,REG_779f55d87c353478,WIN_779f55d87c353478,True
WIN_779f55d87c353478,REG_779f55d87c353478,WIN_779f55d87c353478,True
WIN_171c662d5e62e80f,REG_779f55d87c353478,WIN_779f55d87c353478,True
WIN_10e2a30ffeccbd65,REG_779f55d87c353478,WIN_779f55d87c353478,True
WIN_b064e10bdea14a5e,REG_779f55d87c353478,WIN_779f55d87c353478,True
WIN_fde08b8409b47707,REG_2428900da6185cbd,WIN_2428900da6185cbd,True
WIN_1f3ab49f2d974549,REG_2428900da6185cbd,WIN_2428900da6185cbd,True
WIN_b2399eb81f2d55a1,REG_2428900da6185cbd,WIN_2428900da6185cbd,True
WIN_2428900da6185cbd,REG_2428900da6185cbd,WIN_2428900da6185cbd,True
WIN_5afca77918a3ba5e,REG_2428900da6185cbd,WIN_2428900da6185cbd,True
WIN_28f52c452f3c5971,REG_2428900da6185cbd,WIN_2428900da6185cbd,True
WIN_79535997e5e3735c,REG_2428900da6185cbd,WIN_2428900da6185cbd,True
WIN_84e49c74ae71fd61,REG_2036e339584cd4a2,WIN_2036e339584cd4a2,True
WIN_955c2c7b5ab716a4,REG_2036e339584cd4a2,WIN_2036e339584cd4a2,True
WIN_2d0848dded93bdcb,REG_2036e339584cd4a2,WIN_2036e339584cd4a2,True
WIN_2036e339584cd4a2,REG_2036e339584cd4a2,WIN_2036e339584cd4a2,True
WIN_971f2b0ac11c04ba,REG_2036e339584cd4a2,WIN_2036e339584cd4a2,True
WIN_d09c6fac26de60e6,REG_2036e339584cd4a2,WIN_2036e339584cd4a2,True
WIN_b9b13bfb6867b4da,REG_2036e339584cd4a2,WIN_2036e339584cd4a2,True
WIN_8d3d031f1ec183cd,REG_a631cf77375a0672,WIN_a631cf77375a0672,True
WIN_8898f61c0ab1a5da,REG_a631cf77375a0672,WIN_a631cf77375a0672,True
WIN_2eb03c58c9ea415a,REG_a631cf77375a0672,WIN_a631cf77375a0672,True
WIN_a631cf77375a0672,REG_a631cf77375a0672,WIN_a631cf77375a0672,True
WIN_3b64fd9b4768a668,REG_a631cf77375a0672,WIN_a631cf77375a0672,True
WIN_be4e2ac4ddb569f4,REG_a631cf77375a0672,WIN_a631cf77375a0672,True
WIN_bc230aa5943de18f,REG_a631cf77375a0672,WIN_a631cf77375a0672,True
WIN_a495f9cdd97b0efc,REG_0b536d3967e5bb3e,WIN_0b536d3967e5bb3e,True
WIN_9e16dbc824303ba9,REG_0b536d3967e5bb3e,WIN_0b536d3967e5bb3e,True
WIN_a47cd9b21759e08c,REG_0b536d3967e5bb3e,WIN_0b536d3967e5bb3e,True
WIN_0b536d3967e5bb3e,REG_0b536d3967e5bb3e,WIN_0b536d3967e5bb3e,True
WIN_d424071c76bb3659,REG_0b536d3967e5bb3e,WIN_0b536d3967e5bb3e,True
WIN_171b2f27e04c9d49,REG_0b536d3967e5bb3e,WIN_0b536d3967e5bb3e,True
WIN_33019f649f98f8da,REG_0b536d3967e5bb3e,WIN_0b536d3967e5bb3e,True
WIN_6be1bc9a535f7d30,REG_cd6be24722312f3a,WIN_cd6be24722312f3a,True
WIN_9e0aa3359f2b8336,REG_cd6be24722312f3a,WIN_cd6be24722312f3a,True
WIN_df6e110ebc9ba7f8,REG_cd6be24722312f3a,WIN_cd6be24722312f3a,True
WIN_cd6be24722312f3a,REG_cd6be24722312f3a,WIN_cd6be24722312f3a,True
WIN_a2b7b595e7108d43,REG_cd6be24722312f3a,WIN_cd6be24722312f3a,True
WIN_8fac06f8127446dd,REG_cd6be24722312f3a,WIN_cd6be24722312f3a,True
WIN_2132cd3db134ad4b,REG_cd6be24722312f3a,WIN_cd6be24722312f3a,True
WIN_43705f874cf5729c,REG_43705f874cf5729c,WIN_43705f874cf5729c,True
WIN_4c2f538e45e2a733,REG_43705f874cf5729c,WIN_43705f874cf5729c,True
WIN_c57c33b37c22cc9f,REG_43705f874cf5729c,WIN_43705f874cf5729c,True
WIN_07d80b7fdfc43bb7,REG_43705f874cf5729c,WIN_43705f874cf5729c,True
WIN_bf24b67afd3b0c0e,REG_bf6995d602b15fe0,WIN_bf6995d602b15fe0,True
WIN_60c08b5c941a2067,REG_bf6995d602b15fe0,WIN_bf6995d602b15fe0,True
WIN_4263fef67d268a99,REG_bf6995d602b15fe0,WIN_bf6995d602b15fe0,True
WIN_bf6995d602b15fe0,REG_bf6995d602b15fe0,WIN_bf6995d602b15fe0,True
WIN_58932a50b77b4390,REG_bf6995d602b15fe0,WIN_bf6995d602b15fe0,True
WIN_94f2cfd0c13394ba,REG_bf6995d602b15fe0,WIN_bf6995d602b15fe0,True
WIN_c1128644d5c89f94,REG_bf6995d602b15fe0,WIN_bf6995d602b15fe0,True
WIN_644e25966f4e8c3b,REG_935c7804f2c4513e,WIN_935c7804f2c4513e,True
WIN_dcf1230be8997127,REG_935c7804f2c4513e,WIN_935c7804f2c4513e,True
WIN_05a26094f47ddeb4,REG_935c7804f2c4513e,WIN_935c7804f2c4513e,True
WIN_935c7804f2c4513e,REG_935c7804f2c4513e,WIN_935c7804f2c4513e,True
WIN_38cd5bd1fe92ffa1,REG_935c7804f2c4513e,WIN_935c7804f2c4513e,True
WIN_08ae89f2839cd0af,REG_935c7804f2c4513e,WIN_935c7804f2c4513e,True
WIN_df3816fd6e5e393e,REG_935c7804f2c4513e,WIN_935c7804f2c4513e,True
WIN_aae2d2723415e995,REG_898105b63dc62626,WIN_898105b63dc62626,True
WIN_5efd5f239a790ccb,REG_898105b63dc62626,WIN_898105b63dc62626,True
WIN_ebc04766b438c539,REG_898105b63dc62626,WIN_898105b63dc62626,True
WIN_898105b63dc62626,REG_898105b63dc62626,WIN_898105b63dc62626,True
WIN_a8da3043d97d07b6,REG_898105b63dc62626,WIN_898105b63dc62626,True
WIN_4acd08b8bfdaf658,REG_898105b63dc62626,WIN_898105b63dc62626,True
WIN_2b82f4fa5e539734,REG_898105b63dc62626,WIN_898105b63dc62626,True
WIN_97a5714c9747acd3,REG_7b7c8d91215d1290,WIN_7b7c8d91215d1290,True
WIN_f1bf5e6cc2a7b307,REG_7b7c8d91215d1290,WIN_7b7c8d91215d1290,True
WIN_89eddf46e4660ec8,REG_7b7c8d91215d1290,WIN_7b7c8d91215d1290,True
WIN_7b7c8d91215d1290,REG_7b7c8d91215d1290,WIN_7b7c8d91215d1290,True
WIN_eb6b600a02a3807f,REG_7b7c8d91215d1290,WIN_7b7c8d91215d1290,True
WIN_dcb0518454afe2bd,REG_7b7c8d91215d1290,WIN_7b7c8d91215d1290,True
WIN_fd82914f13c36602,REG_7b7c8d91215d1290,WIN_7b7c8d91215d1290,True
WIN_77db2c2f713709d1,REG_2e27d8a1d84498b4,WIN_2e27d8a1d84498b4,True
WIN_83007e1581c18456,REG_2e27d8a1d84498b4,WIN_2e27d8a1d84498b4,True
WIN_6d00486559bd1a50,REG_2e27d8a1d84498b4,WIN_2e27d8a1d84498b4,True
WIN_2e27d8a1d84498b4,REG_2e27d8a1d84498b4,WIN_2e27d8a1d84498b4,True
WIN_97e5699ae76ac687,REG_2e27d8a1d84498b4,WIN_2e27d8a1d84498b4,True
WIN_79c2f2d64534604c,REG_2e27d8a1d84498b4,WIN_2e27d8a1d84498b4,True
WIN_79912f0fd155c42a,REG_2e27d8a1d84498b4,WIN_2e27d8a1d84498b4,True
WIN_1e0ea70289bb780d,REG_1efa45bac4627891,WIN_1efa45bac4627891,True
WIN_191a7ccad2c713a1,REG_1efa45bac4627891,WIN_1efa45bac4627891,True
WIN_46b86f7900cc2d1e,REG_1efa45bac4627891,WIN_1efa45bac4627891,True
WIN_1efa45bac4627891,REG_1efa45bac4627891,WIN_1efa45bac4627891,True
WIN_f60165e3ddb2d5f8,REG_1efa45bac4627891,WIN_1efa45bac4627891,True
WIN_70dcae2f9210e93b,REG_1efa45bac4627891,WIN_1efa45bac4627891,True
WIN_8c5de734ae9f7230,REG_1efa45bac4627891,WIN_1efa45bac4627891,True
WIN_505de7e252b96bc8,REG_d0e8c2ed448e5532,WIN_d0e8c2ed448e5532,True
WIN_1d9bbf5cc51b93d8,REG_d0e8c2ed448e5532,WIN_d0e8c2ed448e5532,True
WIN_50dce2cba4860ee6,REG_d0e8c2ed448e5532,WIN_d0e8c2ed448e5532,True
WIN_d0e8c2ed448e5532,REG_d0e8c2ed448e5532,WIN_d0e8c2ed448e5532,True
WIN_512d3edcfaa4bb86,REG_4fc34f2a03781bed,WIN_4fc34f2a03781bed,True
WIN_8630a78939671acd,REG_4fc34f2a03781bed,WIN_4fc34f2a03781bed,True
WIN_dd72af7647cd16a6,REG_4fc34f2a03781bed,WIN_4fc34f2a03781bed,True
WIN_4fc34f2a03781bed,REG_4fc34f2a03781bed,WIN_4fc34f2a03781bed,True
WIN_ad47a2d1b48ed06f,REG_4fc34f2a03781bed,WIN_4fc34f2a03781bed,True
WIN_b365c617781a4458,REG_4fc34f2a03781bed,WIN_4fc34f2a03781bed,True
WIN_1f711455933a4d40,REG_4fc34f2a03781bed,WIN_4fc34f2a03781bed,True
WIN_d74db7a60f409d85,REG_6ec20c91cf517b42,WIN_6ec20c91cf517b42,True
WIN_419cce020969476a,REG_6ec20c91cf517b42,WIN_6ec20c91cf517b42,True
WIN_0e057791994bfa89,REG_6ec20c91cf517b42,WIN_6ec20c91cf517b42,True
WIN_6ec20c91cf517b42,REG_6ec20c91cf517b42,WIN_6ec20c91cf517b42,True
WIN_7b3aff01425b6702,REG_6ec20c91cf517b42,WIN_6ec20c91cf517b42,True
WIN_330f19bba836e347,REG_6ec20c91cf517b42,WIN_6ec20c91cf517b42,True
WIN_1929e38d802b22d7,REG_6ec20c91cf517b42,WIN_6ec20c91cf517b42,True
WIN_5a6c106acf42e292,REG_ab4eae40fd299851,WIN_ab4eae40fd299851,True
WIN_88e2e61c7b924a4b,REG_ab4eae40fd299851,WIN_ab4eae40fd299851,True
WIN_1974e6166ead0d59,REG_ab4eae40fd299851,WIN_ab4eae40fd299851,True
WIN_ab4eae40fd299851,REG_ab4eae40fd299851,WIN_ab4eae40fd299851,True
WIN_edb5b7faf2e48e76,REG_ab4eae40fd299851,WIN_ab4eae40fd299851,True
WIN_d2f3329ab34794c1,REG_ab4eae40fd299851,WIN_ab4eae40fd299851,True
WIN_d2c6b4aac1592a4c,REG_ab4eae40fd299851,WIN_ab4eae40fd299851,True
WIN_cad0af2940c95c98,REG_7f567955dd516383,WIN_7f567955dd516383,True
WIN_4ef62cfb3ddfabc1,REG_7f567955dd516383,WIN_7f567955dd516383,True
WIN_f6a41b86cfd504bb,REG_7f567955dd516383,WIN_7f567955dd516383,True
WIN_7f567955dd516383,REG_7f567955dd516383,WIN_7f567955dd516383,True
WIN_db4777eeeba1a49b,REG_7f567955dd516383,WIN_7f567955dd516383,True
WIN_7fe16ccf4e47062a,REG_7f567955dd516383,WIN_7f567955dd516383,True
WIN_2dbd244b0d1dcb9b,REG_7f567955dd516383,WIN_7f567955dd516383,True
WIN_03553a56a6e79544,REG_9517fdd08d297352,WIN_9517fdd08d297352,True
WIN_70ffbf76d2ff0d4c,REG_9517fdd08d297352,WIN_9517fdd08d297352,True
WIN_9517fdd08d297352,REG_9517fdd08d297352,WIN_9517fdd08d297352,True
WIN_cec52aa451a628d0,REG_9517fdd08d297352,WIN_9517fdd08d297352,True
WIN_7461a0bc97ed3190,REG_9517fdd08d297352,WIN_9517fdd08d297352,True
WIN_e9a449f27f3e34b2,REG_9517fdd08d297352,WIN_9517fdd08d297352,True
WIN_4c91bffbe6995469,REG_6e29a0a918d4113c,WIN_6e29a0a918d4113c,True
WIN_ca1e90d9b02f125f,REG_6e29a0a918d4113c,WIN_6e29a0a918d4113c,True
WIN_7f718eb92ba085b4,REG_6e29a0a918d4113c,WIN_6e29a0a918d4113c,True
WIN_6e29a0a918d4113c,REG_6e29a0a918d4113c,WIN_6e29a0a918d4113c,True
WIN_6d110827f0aacfa9,REG_6e29a0a918d4113c,WIN_6e29a0a918d4113c,True
WIN_8ad4640147225f68,REG_6e29a0a918d4113c,WIN_6e29a0a918d4113c,True
WIN_6bd442d11ecef5d7,REG_6e29a0a918d4113c,WIN_6e29a0a918d4113c,True
WIN_ff92ff4bddddb958,REG_146cba3567033eb4,WIN_146cba3567033eb4,True
WIN_b00c5074e821f641,REG_146cba3567033eb4,WIN_146cba3567033eb4,True
WIN_c3fa381269297cfe,REG_146cba3567033eb4,WIN_146cba3567033eb4,True
WIN_146cba3567033eb4,REG_146cba3567033eb4,WIN_146cba3567033eb4,True
WIN_da61f2a53c0ca9e1,REG_146cba3567033eb4,WIN_146cba3567033eb4,True
WIN_f206ef8a9840336c,REG_146cba3567033eb4,WIN_146cba3567033eb4,True
WIN_248a9e89bc8d0801,REG_146cba3567033eb4,WIN_146cba3567033eb4,True
WIN_5246067831810c1e,REG_f07cd618de28ef36,WIN_f07cd618de28ef36,True
WIN_10324c8d8d015fac,REG_f07cd618de28ef36,WIN_f07cd618de28ef36,True
WIN_8f90b2357303518e,REG_f07cd618de28ef36,WIN_f07cd618de28ef36,True
WIN_f07cd618de28ef36,REG_f07cd618de28ef36,WIN_f07cd618de28ef36,True
WIN_e99cc62f8a0c3e2f,REG_f07cd618de28ef36,WIN_f07cd618de28ef36,True
WIN_0a3b0a027f8aaa88,REG_73912acbf3ef8482,WIN_73912acbf3ef8482,True
WIN_a79be16446561341,REG_73912acbf3ef8482,WIN_73912acbf3ef8482,True
WIN_357fcceee16b5fff,REG_73912acbf3ef8482,WIN_73912acbf3ef8482,True
WIN_73912acbf3ef8482,REG_73912acbf3ef8482,WIN_73912acbf3ef8482,True
WIN_ee29ced7c3328d31,REG_f18c7d82b4ba2981,WIN_f18c7d82b4ba2981,True
WIN_70b47bb62e8fd351,REG_f18c7d82b4ba2981,WIN_f18c7d82b4ba2981,True
WIN_ca069e7e50c2b5e3,REG_f18c7d82b4ba2981,WIN_f18c7d82b4ba2981,True
WIN_f18c7d82b4ba2981,REG_f18c7d82b4ba2981,WIN_f18c7d82b4ba2981,True
WIN_3bc6fdeb488a90aa,REG_f18c7d82b4ba2981,WIN_f18c7d82b4ba2981,True
WIN_c48225dc6db79685,REG_f18c7d82b4ba2981,WIN_f18c7d82b4ba2981,True
WIN_9f898c8d7c0b91ec,REG_f18c7d82b4ba2981,WIN_f18c7d82b4ba2981,True
WIN_f202c9dca2267f5b,REG_51ec78457e05b38c,WIN_51ec78457e05b38c,True
WIN_3ae0376aa1dd915f,REG_51ec78457e05b38c,WIN_51ec78457e05b38c,True
WIN_36f5042022d5051b,REG_51ec78457e05b38c,WIN_51ec78457e05b38c,True
WIN_51ec78457e05b38c,REG_51ec78457e05b38c,WIN_51ec78457e05b38c,True
WIN_cfb5fff5508ed8ef,REG_51ec78457e05b38c,WIN_51ec78457e05b38c,True
WIN_f5c1abb8266d7c41,REG_51ec78457e05b38c,WIN_51ec78457e05b38c,True
WIN_570ecf38874f1e83,REG_51ec78457e05b38c,WIN_51ec78457e05b38c,True
WIN_be138f05c0e6ed74,REG_be138f05c0e6ed74,WIN_be138f05c0e6ed74,True
WIN_5dc4b866531094fb,REG_5dc4b866531094fb,WIN_5dc4b866531094fb,True
WIN_13dcd8951ed0582b,REG_1c966aab4fb9a96b,WIN_1c966aab4fb9a96b,True
WIN_4b68db7ab109101a,REG_1c966aab4fb9a96b,WIN_1c966aab4fb9a96b,True
WIN_cf3eb2eebfc94253,REG_1c966aab4fb9a96b,WIN_1c966aab4fb9a96b,True
WIN_1c966aab4fb9a96b,REG_1c966aab4fb9a96b,WIN_1c966aab4fb9a96b,True
WIN_a16a78cd8f414551,REG_1c966aab4fb9a96b,WIN_1c966aab4fb9a96b,True
WIN_ebfd9a02505f900c,REG_1c966aab4fb9a96b,WIN_1c966aab4fb9a96b,True
WIN_7c598f8d3c03a016,REG_1c966aab4fb9a96b,WIN_1c966aab4fb9a96b,True
WIN_08995ce828989ba6,REG_6f96cb07fe2a34c1,WIN_6f96cb07fe2a34c1,True
WIN_63d32923754a97ba,REG_6f96cb07fe2a34c1,WIN_6f96cb07fe2a34c1,True
WIN_ce9b2394ae937e3a,REG_6f96cb07fe2a34c1,WIN_6f96cb07fe2a34c1,True
WIN_6f96cb07fe2a34c1,REG_6f96cb07fe2a34c1,WIN_6f96cb07fe2a34c1,True
WIN_79ee4fc1e603d36b,REG_6f96cb07fe2a34c1,WIN_6f96cb07fe2a34c1,True
WIN_fc8e4baa5b2b226e,REG_6f96cb07fe2a34c1,WIN_6f96cb07fe2a34c1,True
WIN_be1fc1a17ff777c4,REG_6f96cb07fe2a34c1,WIN_6f96cb07fe2a34c1,True
WIN_a770d07567526c29,REG_1b85e4f3e72d7f18,WIN_1b85e4f3e72d7f18,True
WIN_bcfb38860e040873,REG_1b85e4f3e72d7f18,WIN_1b85e4f3e72d7f18,True
WIN_e5c36085426c5cdf,REG_1b85e4f3e72d7f18,WIN_1b85e4f3e72d7f18,True
WIN_1b85e4f3e72d7f18,REG_1b85e4f3e72d7f18,WIN_1b85e4f3e72d7f18,True
WIN_d9a22614cdf6fe8a,REG_aafacf3518ff7efe,WIN_aafacf3518ff7efe,True
WIN_aafacf3518ff7efe,REG_aafacf3518ff7efe,WIN_aafacf3518ff7efe,True
WIN_6f8bace3272f11a7,REG_aafacf3518ff7efe,WIN_aafacf3518ff7efe,True
WIN_6de7aac12e24b034,REG_aafacf3518ff7efe,WIN_aafacf3518ff7efe,True
WIN_138c3c0919d5959b,REG_aafacf3518ff7efe,WIN_aafacf3518ff7efe,True
WIN_38ce12e8635258b4,REG_358abcfe1356fc4e,WIN_358abcfe1356fc4e,True
WIN_316c0f40984e34aa,REG_358abcfe1356fc4e,WIN_358abcfe1356fc4e,True
WIN_59a4f7caef19ef77,REG_358abcfe1356fc4e,WIN_358abcfe1356fc4e,True
WIN_358abcfe1356fc4e,REG_358abcfe1356fc4e,WIN_358abcfe1356fc4e,True
WIN_b6361fdab09d8670,REG_358abcfe1356fc4e,WIN_358abcfe1356fc4e,True
WIN_309f310da2ff6e49,REG_358abcfe1356fc4e,WIN_358abcfe1356fc4e,True
WIN_f9e6bd3f70ebe4b1,REG_358abcfe1356fc4e,WIN_358abcfe1356fc4e,True
WIN_b3f844ae3df9b8fb,REG_9a1eb6fcbef31b0d,WIN_9a1eb6fcbef31b0d,True
WIN_eb3330cadd4b66bc,REG_9a1eb6fcbef31b0d,WIN_9a1eb6fcbef31b0d,True
WIN_349b481a9352698f,REG_9a1eb6fcbef31b0d,WIN_9a1eb6fcbef31b0d,True
WIN_9a1eb6fcbef31b0d,REG_9a1eb6fcbef31b0d,WIN_9a1eb6fcbef31b0d,True
WIN_31500784995fffa8,REG_9a1eb6fcbef31b0d,WIN_9a1eb6fcbef31b0d,True
WIN_1418fcd96d37e27c,REG_9a1eb6fcbef31b0d,WIN_9a1eb6fcbef31b0d,True
WIN_108dabd424e6f338,REG_9a1eb6fcbef31b0d,WIN_9a1eb6fcbef31b0d,True
WIN_0a89934d4ceb8c0a,REG_92a10460aa6c3396,WIN_92a10460aa6c3396,True
WIN_4356f828f2373149,REG_92a10460aa6c3396,WIN_92a10460aa6c3396,True
WIN_8b8a6face0cfd693,REG_92a10460aa6c3396,WIN_92a10460aa6c3396,True
WIN_92a10460aa6c3396,REG_92a10460aa6c3396,WIN_92a10460aa6c3396,True
WIN_facc654e8fd79f8e,REG_92a10460aa6c3396,WIN_92a10460aa6c3396,True
WIN_e5381cb4d5285f35,REG_92a10460aa6c3396,WIN_92a10460aa6c3396,True
WIN_b7ea40de291011e4,REG_92a10460aa6c3396,WIN_92a10460aa6c3396,True
WIN_744ea7a7599289b9,REG_86f6ddec5a8c02b7,WIN_86f6ddec5a8c02b7,True
WIN_46ae7e272c04e0a0,REG_86f6ddec5a8c02b7,WIN_86f6ddec5a8c02b7,True
WIN_7272b756b8284625,REG_86f6ddec5a8c02b7,WIN_86f6ddec5a8c02b7,True
WIN_86f6ddec5a8c02b7,REG_86f6ddec5a8c02b7,WIN_86f6ddec5a8c02b7,True
WIN_cbeeec9e3215df20,REG_86f6ddec5a8c02b7,WIN_86f6ddec5a8c02b7,True
WIN_4a78c38c98ce8050,REG_86f6ddec5a8c02b7,WIN_86f6ddec5a8c02b7,True
WIN_e18dadd3b70192e5,REG_86f6ddec5a8c02b7,WIN_86f6ddec5a8c02b7,True
WIN_aad245af017cbbb3,REG_2fc68de310029bd6,WIN_2fc68de310029bd6,True
WIN_c11edb700739b570,REG_2fc68de310029bd6,WIN_2fc68de310029bd6,True
WIN_5b3b8bea9d54e3b7,REG_2fc68de310029bd6,WIN_2fc68de310029bd6,True
WIN_2fc68de310029bd6,REG_2fc68de310029bd6,WIN_2fc68de310029bd6,True
WIN_5ae40f99ad8537d8,REG_2fc68de310029bd6,WIN_2fc68de310029bd6,True
WIN_0a6abc4ed55dc1f7,REG_2fc68de310029bd6,WIN_2fc68de310029bd6,True
WIN_e916c88dc018acbc,REG_2fc68de310029bd6,WIN_2fc68de310029bd6,True
WIN_a71a000e80322cde,REG_d679f5f2823f11a7,WIN_d679f5f2823f11a7,True
WIN_8e216419e5fc5374,REG_d679f5f2823f11a7,WIN_d679f5f2823f11a7,True
WIN_90340cc66fccfa09,REG_d679f5f2823f11a7,WIN_d679f5f2823f11a7,True
WIN_d679f5f2823f11a7,REG_d679f5f2823f11a7,WIN_d679f5f2823f11a7,True
WIN_a05dfdbf50704af6,REG_d679f5f2823f11a7,WIN_d679f5f2823f11a7,True
WIN_5d8ca628ed294753,REG_d679f5f2823f11a7,WIN_d679f5f2823f11a7,True
WIN_7517e7713d60ae42,REG_d679f5f2823f11a7,WIN_d679f5f2823f11a7,True
WIN_371c73df5def658e,REG_215781493ab61820,WIN_215781493ab61820,True
WIN_d75e62fe468ca720,REG_215781493ab61820,WIN_215781493ab61820,True
WIN_5e72b41a820169eb,REG_215781493ab61820,WIN_215781493ab61820,True
WIN_215781493ab61820,REG_215781493ab61820,WIN_215781493ab61820,True
WIN_be4515bda21a2303,REG_215781493ab61820,WIN_215781493ab61820,True
WIN_26d47009965554ce,REG_df04fe8c1b80ce1c,WIN_df04fe8c1b80ce1c,True
WIN_1d365237720687a6,REG_df04fe8c1b80ce1c,WIN_df04fe8c1b80ce1c,True
WIN_df04fe8c1b80ce1c,REG_df04fe8c1b80ce1c,WIN_df04fe8c1b80ce1c,True
WIN_313f51c82a667a3c,REG_df04fe8c1b80ce1c,WIN_df04fe8c1b80ce1c,True
WIN_f5cd43a87170ef45,REG_df04fe8c1b80ce1c,WIN_df04fe8c1b80ce1c,True
WIN_2546fb1183ef154c,REG_df04fe8c1b80ce1c,WIN_df04fe8c1b80ce1c,True
WIN_f1d13822aec3e667,REG_af90c4c68b856cab,WIN_af90c4c68b856cab,True
WIN_cde597761adee21b,REG_af90c4c68b856cab,WIN_af90c4c68b856cab,True
WIN_970c701d1dab76cd,REG_af90c4c68b856cab,WIN_af90c4c68b856cab,True
WIN_af90c4c68b856cab,REG_af90c4c68b856cab,WIN_af90c4c68b856cab,True
WIN_6369bfbb5c51dc76,REG_af90c4c68b856cab,WIN_af90c4c68b856cab,True
WIN_77a935a9cfbff485,REG_af90c4c68b856cab,WIN_af90c4c68b856cab,True
WIN_dc658a441a6bc2e5,REG_af90c4c68b856cab,WIN_af90c4c68b856cab,True
WIN_b7131390ec809eb5,REG_63a045fcb959bdf5,WIN_63a045fcb959bdf5,True
WIN_2d1914ba27ac8911,REG_63a045fcb959bdf5,WIN_63a045fcb959bdf5,True
WIN_499b9c954ead140c,REG_63a045fcb959bdf5,WIN_63a045fcb959bdf5,True
WIN_63a045fcb959bdf5,REG_63a045fcb959bdf5,WIN_63a045fcb959bdf5,True
WIN_bd90f8697a66af5c,REG_63a045fcb959bdf5,WIN_63a045fcb959bdf5,True
WIN_3490027f471f9a4a,REG_3490027f471f9a4a,WIN_3490027f471f9a4a,True
WIN_b59965984bb6dcec,REG_3490027f471f9a4a,WIN_3490027f471f9a4a,True
WIN_683b120ddf125083,REG_3490027f471f9a4a,WIN_3490027f471f9a4a,True
WIN_d567340cc3f1b6a0,REG_3490027f471f9a4a,WIN_3490027f471f9a4a,True
WIN_161686ab23de0902,REG_2c8ed130aa450d1e,WIN_2c8ed130aa450d1e,True
WIN_d66844c19b0ed6ae,REG_2c8ed130aa450d1e,WIN_2c8ed130aa450d1e,True
WIN_3077aacc4ffea36f,REG_2c8ed130aa450d1e,WIN_2c8ed130aa450d1e,True
WIN_2c8ed130aa450d1e,REG_2c8ed130aa450d1e,WIN_2c8ed130aa450d1e,True
WIN_773849dbd5130086,REG_2c8ed130aa450d1e,WIN_2c8ed130aa450d1e,True
WIN_dab148a72e036b66,REG_2c8ed130aa450d1e,WIN_2c8ed130aa450d1e,True
WIN_1deb5bacb021cc17,REG_2c8ed130aa450d1e,WIN_2c8ed130aa450d1e,True
WIN_fe9a5c58e3a027c2,REG_b13868cd0cb6c9d7,WIN_b13868cd0cb6c9d7,True
WIN_6ec8922c67cc3a63,REG_b13868cd0cb6c9d7,WIN_b13868cd0cb6c9d7,True
WIN_0f2d63c4a239f31b,REG_b13868cd0cb6c9d7,WIN_b13868cd0cb6c9d7,True
WIN_b13868cd0cb6c9d7,REG_b13868cd0cb6c9d7,WIN_b13868cd0cb6c9d7,True
WIN_469f934e52d660e8,REG_b13868cd0cb6c9d7,WIN_b13868cd0cb6c9d7,True
WIN_e4498e078faab8cd,REG_b13868cd0cb6c9d7,WIN_b13868cd0cb6c9d7,True
WIN_6f4f1427d19421dc,REG_b13868cd0cb6c9d7,WIN_b13868cd0cb6c9d7,True
WIN_89d3488bbd471d66,REG_2c78e9abfd051e46,WIN_2c78e9abfd051e46,True
WIN_50645c2cf9a06e8a,REG_2c78e9abfd051e46,WIN_2c78e9abfd051e46,True
WIN_cdeb75afbf915ced,REG_2c78e9abfd051e46,WIN_2c78e9abfd051e46,True
WIN_2c78e9abfd051e46,REG_2c78e9abfd051e46,WIN_2c78e9abfd051e46,True
WIN_d5b2d33cfbaaee34,REG_2c78e9abfd051e46,WIN_2c78e9abfd051e46,True
WIN_485140f824f417ea,REG_2c78e9abfd051e46,WIN_2c78e9abfd051e46,True
WIN_91f8d3cd0054811c,REG_2c78e9abfd051e46,WIN_2c78e9abfd051e46,True
WIN_fc46d3be23d0f0c8,REG_fb295770307a1de2,WIN_fb295770307a1de2,True
WIN_aa2c7743ee4384e0,REG_fb295770307a1de2,WIN_fb295770307a1de2,True
WIN_b965faadf4f59b53,REG_fb295770307a1de2,WIN_fb295770307a1de2,True
WIN_fb295770307a1de2,REG_fb295770307a1de2,WIN_fb295770307a1de2,True
WIN_94b1a46da41459fc,REG_fb295770307a1de2,WIN_fb295770307a1de2,True
WIN_d334c0d8ca0eff4d,REG_fb295770307a1de2,WIN_fb295770307a1de2,True
WIN_d696061ba1da4305,REG_fb295770307a1de2,WIN_fb295770307a1de2,True
WIN_bd1b45a58505516f,REG_32c791b2bc9d49a7,WIN_32c791b2bc9d49a7,True
WIN_723886ddfa73f382,REG_32c791b2bc9d49a7,WIN_32c791b2bc9d49a7,True
WIN_c7aa3e9a9b668a16,REG_32c791b2bc9d49a7,WIN_32c791b2bc9d49a7,True
WIN_32c791b2bc9d49a7,REG_32c791b2bc9d49a7,WIN_32c791b2bc9d49a7,True
WIN_4007b50a96f3071d,REG_32c791b2bc9d49a7,WIN_32c791b2bc9d49a7,True
WIN_b2997e00f1bfb121,REG_32c791b2bc9d49a7,WIN_32c791b2bc9d49a7,True
WIN_00ef8f0bb31d5bd5,REG_32c791b2bc9d49a7,WIN_32c791b2bc9d49a7,True
WIN_215e6edf5e932075,REG_215e6edf5e932075,WIN_215e6edf5e932075,True
WIN_0dd1024ff1e9d5f5,REG_215e6edf5e932075,WIN_215e6edf5e932075,True
WIN_118507e8b1c9748c,REG_215e6edf5e932075,WIN_215e6edf5e932075,True
WIN_d3cb7e8737f786d7,REG_215e6edf5e932075,WIN_215e6edf5e932075,True
WIN_5253f6eecbc82157,REG_26cfd32855ca06f4,WIN_26cfd32855ca06f4,True
WIN_ac90bee3f4c0f6dd,REG_26cfd32855ca06f4,WIN_26cfd32855ca06f4,True
WIN_bb883cc50133c470,REG_26cfd32855ca06f4,WIN_26cfd32855ca06f4,True
WIN_26cfd32855ca06f4,REG_26cfd32855ca06f4,WIN_26cfd32855ca06f4,True
WIN_aa3323f259a6985f,REG_26cfd32855ca06f4,WIN_26cfd32855ca06f4,True
WIN_15c677291f4b9c15,REG_26cfd32855ca06f4,WIN_26cfd32855ca06f4,True
WIN_f4cdd0181ffa30cc,REG_26cfd32855ca06f4,WIN_26cfd32855ca06f4,True
WIN_a4514b8db24da821,REG_fd17418cde8f69f3,WIN_fd17418cde8f69f3,True
WIN_44f67461661dc90d,REG_fd17418cde8f69f3,WIN_fd17418cde8f69f3,True
WIN_00849145290cb047,REG_fd17418cde8f69f3,WIN_fd17418cde8f69f3,True
WIN_fd17418cde8f69f3,REG_fd17418cde8f69f3,WIN_fd17418cde8f69f3,True
WIN_fd5652d237d3e306,REG_fd17418cde8f69f3,WIN_fd17418cde8f69f3,True
WIN_7db71a218d411ff6,REG_fd17418cde8f69f3,WIN_fd17418cde8f69f3,True
WIN_775f57757cf1601c,REG_fd17418cde8f69f3,WIN_fd17418cde8f69f3,True
WIN_f6220261c788b18c,REG_28b1ed5eda6c7f6f,WIN_28b1ed5eda6c7f6f,True
WIN_9042e137a570c2c8,REG_28b1ed5eda6c7f6f,WIN_28b1ed5eda6c7f6f,True
WIN_9b7b6a43661fd4c0,REG_28b1ed5eda6c7f6f,WIN_28b1ed5eda6c7f6f,True
WIN_28b1ed5eda6c7f6f,REG_28b1ed5eda6c7f6f,WIN_28b1ed5eda6c7f6f,True
WIN_02d895b0024c6535,REG_18d44d218267cf57,WIN_18d44d218267cf57,True
WIN_fafd7170bdd964a7,REG_18d44d218267cf57,WIN_18d44d218267cf57,True
WIN_8a98c2d84ccbe3d7,REG_18d44d218267cf57,WIN_18d44d218267cf57,True
WIN_18d44d218267cf57,REG_18d44d218267cf57,WIN_18d44d218267cf57,True
WIN_5a9e9653133bb9f8,REG_18d44d218267cf57,WIN_18d44d218267cf57,True
WIN_902b5fe3f7549ac4,REG_18d44d218267cf57,WIN_18d44d218267cf57,True
WIN_6cfac2d573d0c4cc,REG_18d44d218267cf57,WIN_18d44d218267cf57,True
WIN_206e3b722d42b3b9,REG_f1897286545a77e1,WIN_f1897286545a77e1,True
WIN_2ff9d139537f5f14,REG_f1897286545a77e1,WIN_f1897286545a77e1,True
WIN_331839a169aa4864,REG_f1897286545a77e1,WIN_f1897286545a77e1,True
WIN_f1897286545a77e1,REG_f1897286545a77e1,WIN_f1897286545a77e1,True
WIN_1726e5947555e68c,REG_4b79ed0732fae733,WIN_4b79ed0732fae733,True
WIN_c4160ce9ba181fc2,REG_4b79ed0732fae733,WIN_4b79ed0732fae733,True
WIN_7184bcaf174b580f,REG_4b79ed0732fae733,WIN_4b79ed0732fae733,True
WIN_4b79ed0732fae733,REG_4b79ed0732fae733,WIN_4b79ed0732fae733,True
WIN_06a13b950ccf883a,REG_4b79ed0732fae733,WIN_4b79ed0732fae733,True
WIN_249c111312184e5b,REG_4b79ed0732fae733,WIN_4b79ed0732fae733,True
WIN_1a379b4efa316c8a,REG_4b79ed0732fae733,WIN_4b79ed0732fae733,True
WIN_8d212b62f9e6b7af,REG_0577c330b53a7893,WIN_0577c330b53a7893,True
WIN_fd7bd00617e928ea,REG_0577c330b53a7893,WIN_0577c330b53a7893,True
WIN_8a1344541a10223c,REG_0577c330b53a7893,WIN_0577c330b53a7893,True
WIN_0577c330b53a7893,REG_0577c330b53a7893,WIN_0577c330b53a7893,True
WIN_05759798e0294304,REG_0577c330b53a7893,WIN_0577c330b53a7893,True
WIN_c4bef519bb4d33ed,REG_0577c330b53a7893,WIN_0577c330b53a7893,True
WIN_9b28f1ef5e8d539e,REG_0577c330b53a7893,WIN_0577c330b53a7893,True
WIN_ecd303957388219d,REG_3ad44e5c341ced64,WIN_3ad44e5c341ced64,True
WIN_6653b6e2cac13af1,REG_3ad44e5c341ced64,WIN_3ad44e5c341ced64,True
WIN_d83a9aa08649b517,REG_3ad44e5c341ced64,WIN_3ad44e5c341ced64,True
WIN_3ad44e5c341ced64,REG_3ad44e5c341ced64,WIN_3ad44e5c341ced64,True
WIN_529e87e922331c5c,REG_0de44fe8c155a14d,WIN_0de44fe8c155a14d,True
WIN_fe4d6f81c8201690,REG_0de44fe8c155a14d,WIN_0de44fe8c155a14d,True
WIN_e78b5f319a86416f,REG_0de44fe8c155a14d,WIN_0de44fe8c155a14d,True
WIN_0de44fe8c155a14d,REG_0de44fe8c155a14d,WIN_0de44fe8c155a14d,True
WIN_c05582f0fcd57c75,REG_0de44fe8c155a14d,WIN_0de44fe8c155a14d,True
WIN_6f6819fa59bc53e5,REG_0de44fe8c155a14d,WIN_0de44fe8c155a14d,True
WIN_44a0d095d5b5c17f,REG_0de44fe8c155a14d,WIN_0de44fe8c155a14d,True
WIN_19c313ac36db8f58,REG_882ed64baa283f4d,WIN_882ed64baa283f4d,True
WIN_4a4b15abb079cf62,REG_882ed64baa283f4d,WIN_882ed64baa283f4d,True
WIN_05ccc3a664a93fb7,REG_882ed64baa283f4d,WIN_882ed64baa283f4d,True
WIN_882ed64baa283f4d,REG_882ed64baa283f4d,WIN_882ed64baa283f4d,True
WIN_9dd5685b72ca586a,REG_882ed64baa283f4d,WIN_882ed64baa283f4d,True
WIN_78bdee9d219b5eee,REG_882ed64baa283f4d,WIN_882ed64baa283f4d,True
WIN_b6390fa529af1fd4,REG_882ed64baa283f4d,WIN_882ed64baa283f4d,True
WIN_96aeccf91a7fb64d,REG_1dc4e80337d2b575,WIN_1dc4e80337d2b575,True
WIN_c4f29199917c7368,REG_1dc4e80337d2b575,WIN_1dc4e80337d2b575,True
WIN_4a563fff5657fa83,REG_1dc4e80337d2b575,WIN_1dc4e80337d2b575,True
WIN_1dc4e80337d2b575,REG_1dc4e80337d2b575,WIN_1dc4e80337d2b575,True
WIN_1564ec49fb780aaf,REG_1dc4e80337d2b575,WIN_1dc4e80337d2b575,True
WIN_a6ee7e8692b61295,REG_1dc4e80337d2b575,WIN_1dc4e80337d2b575,True
WIN_72485e260d3052ba,REG_1dc4e80337d2b575,WIN_1dc4e80337d2b575,True
WIN_35f7be2e23928f81,REG_b9b172fa56e3a19f,WIN_b9b172fa56e3a19f,True
WIN_eebd73ebf1ed417b,REG_b9b172fa56e3a19f,WIN_b9b172fa56e3a19f,True
WIN_79dcb39ddbfd8b69,REG_b9b172fa56e3a19f,WIN_b9b172fa56e3a19f,True
WIN_b9b172fa56e3a19f,REG_b9b172fa56e3a19f,WIN_b9b172fa56e3a19f,True
WIN_ccf20bf1a404d1b4,REG_b9b172fa56e3a19f,WIN_b9b172fa56e3a19f,True
WIN_d8780e1d924a853d,REG_b9b172fa56e3a19f,WIN_b9b172fa56e3a19f,True
WIN_4e6ed23eae76fcd2,REG_b9b172fa56e3a19f,WIN_b9b172fa56e3a19f,True
WIN_8c210623cdfa8a54,REG_bb1df7d46386545b,WIN_bb1df7d46386545b,True
WIN_c27f1f167cd2e2f1,REG_bb1df7d46386545b,WIN_bb1df7d46386545b,True
WIN_016065ce8be0bf30,REG_bb1df7d46386545b,WIN_bb1df7d46386545b,True
WIN_bb1df7d46386545b,REG_bb1df7d46386545b,WIN_bb1df7d46386545b,True
WIN_c8fb07067fd0971f,REG_bb1df7d46386545b,WIN_bb1df7d46386545b,True
WIN_4c7fb5f475326f21,REG_bb1df7d46386545b,WIN_bb1df7d46386545b,True
WIN_e84a0466d932b949,REG_bb1df7d46386545b,WIN_bb1df7d46386545b,True
WIN_01b2dedb47c8ceef,REG_539c8c06d424f6f1,WIN_539c8c06d424f6f1,True
WIN_b543560c7140be6f,REG_539c8c06d424f6f1,WIN_539c8c06d424f6f1,True
WIN_bb4b6fbb8d955d09,REG_539c8c06d424f6f1,WIN_539c8c06d424f6f1,True
WIN_539c8c06d424f6f1,REG_539c8c06d424f6f1,WIN_539c8c06d424f6f1,True
WIN_655548e0d4fa94b2,REG_0253c61ace688ec4,WIN_0253c61ace688ec4,True
WIN_b759c25d19b87ec9,REG_0253c61ace688ec4,WIN_0253c61ace688ec4,True
WIN_2d9c22ebedb5387e,REG_0253c61ace688ec4,WIN_0253c61ace688ec4,True
WIN_0253c61ace688ec4,REG_0253c61ace688ec4,WIN_0253c61ace688ec4,True
WIN_887382e21942dbbb,REG_0253c61ace688ec4,WIN_0253c61ace688ec4,True
WIN_6dcd9a0c53068bc2,REG_0253c61ace688ec4,WIN_0253c61ace688ec4,True
WIN_0142856a8b1ccb51,REG_0253c61ace688ec4,WIN_0253c61ace688ec4,True
WIN_437af0cfec9e5879,REG_db9342120caec1d1,WIN_db9342120caec1d1,True
WIN_762d0d4fcaabe11d,REG_db9342120caec1d1,WIN_db9342120caec1d1,True
WIN_d992ff0e37b109d2,REG_db9342120caec1d1,WIN_db9342120caec1d1,True
WIN_db9342120caec1d1,REG_db9342120caec1d1,WIN_db9342120caec1d1,True
WIN_63b199043f91a461,REG_db9342120caec1d1,WIN_db9342120caec1d1,True
WIN_7ccf67bc2e0a9c7f,REG_db9342120caec1d1,WIN_db9342120caec1d1,True
WIN_f44b8e04e1a09fa4,REG_db9342120caec1d1,WIN_db9342120caec1d1,True
WIN_110fe685b369d6e9,REG_315e90b42b096ade,WIN_315e90b42b096ade,True
WIN_8e1f3a46861da9e9,REG_315e90b42b096ade,WIN_315e90b42b096ade,True
WIN_4478f10bd2af415a,REG_315e90b42b096ade,WIN_315e90b42b096ade,True
WIN_315e90b42b096ade,REG_315e90b42b096ade,WIN_315e90b42b096ade,True
WIN_141608954167d4bc,REG_315e90b42b096ade,WIN_315e90b42b096ade,True
WIN_b352aa7bab080f01,REG_315e90b42b096ade,WIN_315e90b42b096ade,True
WIN_f50299f46544df5f,REG_315e90b42b096ade,WIN_315e90b42b096ade,True
WIN_2efba355f75dec77,REG_733cd651fcf23d33,WIN_733cd651fcf23d33,True
WIN_2549699ce1fd4107,REG_733cd651fcf23d33,WIN_733cd651fcf23d33,True
WIN_84a081d9eb37ddb6,REG_733cd651fcf23d33,WIN_733cd651fcf23d33,True
WIN_733cd651fcf23d33,REG_733cd651fcf23d33,WIN_733cd651fcf23d33,True
WIN_67b42d3a298c1ce2,REG_733cd651fcf23d33,WIN_733cd651fcf23d33,True
WIN_8199d61867a37aa5,REG_733cd651fcf23d33,WIN_733cd651fcf23d33,True
WIN_9c8751f85ba3fb63,REG_733cd651fcf23d33,WIN_733cd651fcf23d33,True
WIN_407968e1bcb2cca7,REG_8d32856e1cfddc96,WIN_8d32856e1cfddc96,True
WIN_56f864003f284797,REG_8d32856e1cfddc96,WIN_8d32856e1cfddc96,True
WIN_8df2d817677ca8df,REG_8d32856e1cfddc96,WIN_8d32856e1cfddc96,True
WIN_8d32856e1cfddc96,REG_8d32856e1cfddc96,WIN_8d32856e1cfddc96,True
WIN_3fd1037a1922d8c1,REG_8d32856e1cfddc96,WIN_8d32856e1cfddc96,True
WIN_c9505bb0dae3e06c,REG_8d32856e1cfddc96,WIN_8d32856e1cfddc96,True
WIN_49b50304b6cd5cdf,REG_8d32856e1cfddc96,WIN_8d32856e1cfddc96,True
WIN_594388bec934e6c6,REG_098e191b84f8e320,WIN_098e191b84f8e320,True
WIN_f669463c7de2fbd8,REG_098e191b84f8e320,WIN_098e191b84f8e320,True
WIN_0e96dfc7f21f7211,REG_098e191b84f8e320,WIN_098e191b84f8e320,True
WIN_098e191b84f8e320,REG_098e191b84f8e320,WIN_098e191b84f8e320,True
WIN_66d879d98ba6b893,REG_098e191b84f8e320,WIN_098e191b84f8e320,True
WIN_420d571ef83b8eb6,REG_098e191b84f8e320,WIN_098e191b84f8e320,True
WIN_903f8af454480b5d,REG_098e191b84f8e320,WIN_098e191b84f8e320,True
WIN_2d47eb6edf5eb2dc,REG_17b7bcf21a7cfbf7,WIN_17b7bcf21a7cfbf7,True
WIN_c9f89231cc94dbdf,REG_17b7bcf21a7cfbf7,WIN_17b7bcf21a7cfbf7,True
WIN_99146d6aae08d718,REG_17b7bcf21a7cfbf7,WIN_17b7bcf21a7cfbf7,True
WIN_17b7bcf21a7cfbf7,REG_17b7bcf21a7cfbf7,WIN_17b7bcf21a7cfbf7,True
WIN_29ab233708232907,REG_17b7bcf21a7cfbf7,WIN_17b7bcf21a7cfbf7,True
WIN_bc6e46d9670ae06e,REG_17b7bcf21a7cfbf7,WIN_17b7bcf21a7cfbf7,True
WIN_7d4250e7b56a9793,REG_17b7bcf21a7cfbf7,WIN_17b7bcf21a7cfbf7,True
WIN_b2be54875da60b3d,REG_a597e7b9e81de47c,WIN_a597e7b9e81de47c,True
WIN_e8e690f22264cce6,REG_a597e7b9e81de47c,WIN_a597e7b9e81de47c,True
WIN_467516af00e3e3fe,REG_a597e7b9e81de47c,WIN_a597e7b9e81de47c,True
WIN_a597e7b9e81de47c,REG_a597e7b9e81de47c,WIN_a597e7b9e81de47c,True
WIN_7a10b40131af3ccc,REG_a597e7b9e81de47c,WIN_a597e7b9e81de47c,True
WIN_aebf0cfa1b198cc4,REG_a597e7b9e81de47c,WIN_a597e7b9e81de47c,True
WIN_b0d91d1318bdd287,REG_a597e7b9e81de47c,WIN_a597e7b9e81de47c,True
WIN_e96519cac835a46f,REG_a52cae2c2c4e00b7,WIN_a52cae2c2c4e00b7,True
WIN_3c9c3131ec9b5ddb,REG_a52cae2c2c4e00b7,WIN_a52cae2c2c4e00b7,True
WIN_adf427af4a9912e8,REG_a52cae2c2c4e00b7,WIN_a52cae2c2c4e00b7,True
WIN_a52cae2c2c4e00b7,REG_a52cae2c2c4e00b7,WIN_a52cae2c2c4e00b7,True
WIN_6368bc17af8025bc,REG_a52cae2c2c4e00b7,WIN_a52cae2c2c4e00b7,True
WIN_b7b9f92d95bf0a8a,REG_a52cae2c2c4e00b7,WIN_a52cae2c2c4e00b7,True
WIN_96995da852c3a4eb,REG_a52cae2c2c4e00b7,WIN_a52cae2c2c4e00b7,True
WIN_9f821c4f8d26b6fd,REG_3056b8cf94830724,WIN_3056b8cf94830724,True
WIN_15604fefc70cd7fa,REG_3056b8cf94830724,WIN_3056b8cf94830724,True
WIN_003faea6036fa9b7,REG_3056b8cf94830724,WIN_3056b8cf94830724,True
WIN_3056b8cf94830724,REG_3056b8cf94830724,WIN_3056b8cf94830724,True
WIN_131112c97a8bf817,REG_3056b8cf94830724,WIN_3056b8cf94830724,True
WIN_0e8b1763b36e07b0,REG_3056b8cf94830724,WIN_3056b8cf94830724,True
WIN_4bcf5b74c271457f,REG_3056b8cf94830724,WIN_3056b8cf94830724,True
WIN_8d374561f60faeb6,REG_4c715cb26d822d5b,WIN_4c715cb26d822d5b,True
WIN_4c715cb26d822d5b,REG_4c715cb26d822d5b,WIN_4c715cb26d822d5b,True
WIN_d7b17905e4931843,REG_4c715cb26d822d5b,WIN_4c715cb26d822d5b,True
WIN_26590f61a9e90dbb,REG_4c715cb26d822d5b,WIN_4c715cb26d822d5b,True
WIN_fb35c63cc0b55213,REG_4c715cb26d822d5b,WIN_4c715cb26d822d5b,True
WIN_07ce8e060751b902,REG_a122bba54d9b0602,WIN_a122bba54d9b0602,True
WIN_57d961d01665fc9b,REG_a122bba54d9b0602,WIN_a122bba54d9b0602,True
WIN_3f50b9f9d07fe902,REG_a122bba54d9b0602,WIN_a122bba54d9b0602,True
WIN_a122bba54d9b0602,REG_a122bba54d9b0602,WIN_a122bba54d9b0602,True
WIN_115f0020194ebd31,REG_a122bba54d9b0602,WIN_a122bba54d9b0602,True
WIN_bb80f3ad4d84cedd,REG_a122bba54d9b0602,WIN_a122bba54d9b0602,True
WIN_239971f28c99c17a,REG_a122bba54d9b0602,WIN_a122bba54d9b0602,True
WIN_7826bc01f52f3c0c,REG_fd9e74b77f7d4e6d,WIN_fd9e74b77f7d4e6d,True
WIN_17977e200a48867c,REG_fd9e74b77f7d4e6d,WIN_fd9e74b77f7d4e6d,True
WIN_6dc76ff5fa1a186a,REG_fd9e74b77f7d4e6d,WIN_fd9e74b77f7d4e6d,True
WIN_fd9e74b77f7d4e6d,REG_fd9e74b77f7d4e6d,WIN_fd9e74b77f7d4e6d,True
WIN_b6b8728c62f0d293,REG_fd9e74b77f7d4e6d,WIN_fd9e74b77f7d4e6d,True
WIN_62b549b89014d5a1,REG_fd9e74b77f7d4e6d,WIN_fd9e74b77f7d4e6d,True
WIN_1fa3a3a70070c36d,REG_fd9e74b77f7d4e6d,WIN_fd9e74b77f7d4e6d,True
WIN_4b9fd6dbaa801f5b,REG_c012b06c75ce368f,WIN_c012b06c75ce368f,True
WIN_78b86f1841c0af32,REG_c012b06c75ce368f,WIN_c012b06c75ce368f,True
WIN_b941d9dab55f3e2b,REG_c012b06c75ce368f,WIN_c012b06c75ce368f,True
WIN_c012b06c75ce368f,REG_c012b06c75ce368f,WIN_c012b06c75ce368f,True
WIN_7f8d1216f5e835c4,REG_c012b06c75ce368f,WIN_c012b06c75ce368f,True
WIN_f6b8f01b8cf9cb07,REG_c012b06c75ce368f,WIN_c012b06c75ce368f,True
WIN_0cc99abab23bf8e4,REG_c012b06c75ce368f,WIN_c012b06c75ce368f,True
WIN_18d7d505a9df4c92,REG_8cfbf3a4c66989b7,WIN_8cfbf3a4c66989b7,True
WIN_45a38c4b8d66cdc3,REG_8cfbf3a4c66989b7,WIN_8cfbf3a4c66989b7,True
WIN_7d0edae078f4511a,REG_8cfbf3a4c66989b7,WIN_8cfbf3a4c66989b7,True
WIN_8cfbf3a4c66989b7,REG_8cfbf3a4c66989b7,WIN_8cfbf3a4c66989b7,True
WIN_8b439402510b2913,REG_8cfbf3a4c66989b7,WIN_8cfbf3a4c66989b7,True
WIN_96ef6f5d0fd83cf2,REG_8cfbf3a4c66989b7,WIN_8cfbf3a4c66989b7,True
WIN_57f34f1109c428ca,REG_8cfbf3a4c66989b7,WIN_8cfbf3a4c66989b7,True
WIN_39c801e3aacbbcce,REG_3958c06c356d9aed,WIN_3958c06c356d9aed,True
WIN_c2d2be7750193f49,REG_3958c06c356d9aed,WIN_3958c06c356d9aed,True
WIN_df575a01e44c4a0f,REG_3958c06c356d9aed,WIN_3958c06c356d9aed,True
WIN_3958c06c356d9aed,REG_3958c06c356d9aed,WIN_3958c06c356d9aed,True
WIN_722c6b1c9d88801a,REG_e88220b7a9528961,WIN_e88220b7a9528961,True
WIN_123bb98223d444f2,REG_e88220b7a9528961,WIN_e88220b7a9528961,True
WIN_d60275d45f45e36e,REG_e88220b7a9528961,WIN_e88220b7a9528961,True
WIN_e88220b7a9528961,REG_e88220b7a9528961,WIN_e88220b7a9528961,True
WIN_933f355a4a218f61,REG_e88220b7a9528961,WIN_e88220b7a9528961,True
WIN_19f553079a64e37a,REG_e88220b7a9528961,WIN_e88220b7a9528961,True
WIN_21bd983f87814d41,REG_e88220b7a9528961,WIN_e88220b7a9528961,True
WIN_5616948d4a70a2d8,REG_44d78af8cb02ee53,WIN_44d78af8cb02ee53,True
WIN_ef3322cc1d83146d,REG_44d78af8cb02ee53,WIN_44d78af8cb02ee53,True
WIN_5d21f45143ffc073,REG_44d78af8cb02ee53,WIN_44d78af8cb02ee53,True
WIN_44d78af8cb02ee53,REG_44d78af8cb02ee53,WIN_44d78af8cb02ee53,True
WIN_c44eab138c42c329,REG_44d78af8cb02ee53,WIN_44d78af8cb02ee53,True
WIN_94d09927d2606a79,REG_44d78af8cb02ee53,WIN_44d78af8cb02ee53,True
WIN_103bdb27b694d1e9,REG_44d78af8cb02ee53,WIN_44d78af8cb02ee53,True
WIN_d704eaf863ee528a,REG_c17fa205047c5a0e,WIN_c17fa205047c5a0e,True
WIN_4373809ecd0e7078,REG_c17fa205047c5a0e,WIN_c17fa205047c5a0e,True
WIN_370434f649ae2845,REG_c17fa205047c5a0e,WIN_c17fa205047c5a0e,True
WIN_c17fa205047c5a0e,REG_c17fa205047c5a0e,WIN_c17fa205047c5a0e,True
WIN_bb47242401874f7e,REG_69ae574a90325c61,WIN_69ae574a90325c61,True
WIN_69ae574a90325c61,REG_69ae574a90325c61,WIN_69ae574a90325c61,True
WIN_ff8b0a3e8a5ceaa9,REG_6acab4c4cdf828d0,WIN_6acab4c4cdf828d0,True
WIN_2718e11b1ccdb0a3,REG_6acab4c4cdf828d0,WIN_6acab4c4cdf828d0,True
WIN_6735f14cfe279fce,REG_6acab4c4cdf828d0,WIN_6acab4c4cdf828d0,True
WIN_6acab4c4cdf828d0,REG_6acab4c4cdf828d0,WIN_6acab4c4cdf828d0,True
WIN_a3c82534510d8e3c,REG_6acab4c4cdf828d0,WIN_6acab4c4cdf828d0,True
WIN_8012549d424fbe52,REG_6acab4c4cdf828d0,WIN_6acab4c4cdf828d0,True
WIN_94931895e2654801,REG_6acab4c4cdf828d0,WIN_6acab4c4cdf828d0,True
WIN_a7b859eb3657659b,REG_d214b635cc525c3f,WIN_d214b635cc525c3f,True
WIN_2560fbc2bf297b00,REG_d214b635cc525c3f,WIN_d214b635cc525c3f,True
WIN_7ed00612d0b2ba23,REG_d214b635cc525c3f,WIN_d214b635cc525c3f,True
WIN_d214b635cc525c3f,REG_d214b635cc525c3f,WIN_d214b635cc525c3f,True
WIN_314a4dcd41bf0df1,REG_0ac0c2e7bda26d38,WIN_0ac0c2e7bda26d38,True
WIN_57aaa80268e58638,REG_0ac0c2e7bda26d38,WIN_0ac0c2e7bda26d38,True
WIN_97c305e945602f1a,REG_0ac0c2e7bda26d38,WIN_0ac0c2e7bda26d38,True
WIN_0ac0c2e7bda26d38,REG_0ac0c2e7bda26d38,WIN_0ac0c2e7bda26d38,True
WIN_1a30f5b772fc911f,REG_0ac0c2e7bda26d38,WIN_0ac0c2e7bda26d38,True
WIN_3354f6baced71ef1,REG_0ac0c2e7bda26d38,WIN_0ac0c2e7bda26d38,True
WIN_c90bf12b5e9084cb,REG_0ac0c2e7bda26d38,WIN_0ac0c2e7bda26d38,True
WIN_90c5e35d3504a9fa,REG_c0e4f6fb6d16f1bb,WIN_c0e4f6fb6d16f1bb,True
WIN_8f96f1b3aac2316f,REG_c0e4f6fb6d16f1bb,WIN_c0e4f6fb6d16f1bb,True
WIN_f3b15a45fcf555c3,REG_c0e4f6fb6d16f1bb,WIN_c0e4f6fb6d16f1bb,True
WIN_c0e4f6fb6d16f1bb,REG_c0e4f6fb6d16f1bb,WIN_c0e4f6fb6d16f1bb,True
WIN_0fb2b9ab8a41bfad,REG_c0e4f6fb6d16f1bb,WIN_c0e4f6fb6d16f1bb,True
WIN_6d1c6416e95118a6,REG_c0e4f6fb6d16f1bb,WIN_c0e4f6fb6d16f1bb,True
WIN_1ce88027c6323129,REG_c0e4f6fb6d16f1bb,WIN_c0e4f6fb6d16f1bb,True
WIN_0ad20807a4ac5f4c,REG_0ad20807a4ac5f4c,WIN_0ad20807a4ac5f4c,True
WIN_1cc151cb5c425d28,REG_0ad20807a4ac5f4c,WIN_0ad20807a4ac5f4c,True
WIN_db6f0c4e4da2b9b8,REG_0ad20807a4ac5f4c,WIN_0ad20807a4ac5f4c,True
WIN_5ae15ffb460ed923,REG_0ad20807a4ac5f4c,WIN_0ad20807a4ac5f4c,True
WIN_66968a21e92079ee,REG_116f68eacf1ae5e3,WIN_116f68eacf1ae5e3,True
WIN_76867bada0b65178,REG_116f68eacf1ae5e3,WIN_116f68eacf1ae5e3,True
WIN_63b32240be4468d9,REG_116f68eacf1ae5e3,WIN_116f68eacf1ae5e3,True
WIN_116f68eacf1ae5e3,REG_116f68eacf1ae5e3,WIN_116f68eacf1ae5e3,True
WIN_f5a6eda6058b2658,REG_116f68eacf1ae5e3,WIN_116f68eacf1ae5e3,True
WIN_f1647039021127c9,REG_116f68eacf1ae5e3,WIN_116f68eacf1ae5e3,True
WIN_48107a8cf8773b9b,REG_116f68eacf1ae5e3,WIN_116f68eacf1ae5e3,True
WIN_d39ee860ee4ba9a6,REG_9610a278955d44b3,WIN_9610a278955d44b3,True
WIN_7b4d2f8c757e420e,REG_9610a278955d44b3,WIN_9610a278955d44b3,True
WIN_06e31a3d9b9e9764,REG_9610a278955d44b3,WIN_9610a278955d44b3,True
WIN_9610a278955d44b3,REG_9610a278955d44b3,WIN_9610a278955d44b3,True
WIN_48e689ea159a0eff,REG_9610a278955d44b3,WIN_9610a278955d44b3,True
WIN_d27e1098bb8c07cf,REG_9610a278955d44b3,WIN_9610a278955d44b3,True
WIN_2f3d853ed7d5ec04,REG_9610a278955d44b3,WIN_9610a278955d44b3,True
WIN_407009683f2617c7,REG_fc119a74d86c866c,WIN_fc119a74d86c866c,True
WIN_989702bedc631035,REG_fc119a74d86c866c,WIN_fc119a74d86c866c,True
WIN_c476423da039817b,REG_fc119a74d86c866c,WIN_fc119a74d86c866c,True
WIN_fc119a74d86c866c,REG_fc119a74d86c866c,WIN_fc119a74d86c866c,True
WIN_5f9296ff930664f7,REG_fc119a74d86c866c,WIN_fc119a74d86c866c,True
WIN_3479cf4d981a8ebf,REG_fc119a74d86c866c,WIN_fc119a74d86c866c,True
WIN_e440c2aef6874797,REG_fc119a74d86c866c,WIN_fc119a74d86c866c,True
WIN_8dbe04fd956fecd6,REG_901130d381445f75,WIN_901130d381445f75,True
WIN_af266ea696d3d386,REG_901130d381445f75,WIN_901130d381445f75,True
WIN_30ae19152efd328b,REG_901130d381445f75,WIN_901130d381445f75,True
WIN_901130d381445f75,REG_901130d381445f75,WIN_901130d381445f75,True
WIN_91b3a6c29bc8b4c3,REG_901130d381445f75,WIN_901130d381445f75,True
WIN_b67d09b28ff7a803,REG_901130d381445f75,WIN_901130d381445f75,True
WIN_cd9e4d62492982de,REG_901130d381445f75,WIN_901130d381445f75,True
WIN_e0469b8bda64b783,REG_bfb483402cae5253,WIN_bfb483402cae5253,True
WIN_b7be8cff9efcc9a6,REG_bfb483402cae5253,WIN_bfb483402cae5253,True
WIN_8e60973505d87a2a,REG_bfb483402cae5253,WIN_bfb483402cae5253,True
WIN_bfb483402cae5253,REG_bfb483402cae5253,WIN_bfb483402cae5253,True
WIN_7a3e7517aba5c45f,REG_bfb483402cae5253,WIN_bfb483402cae5253,True
WIN_930d1ee8be9541ab,REG_bfb483402cae5253,WIN_bfb483402cae5253,True
WIN_84ac08faba7a79e0,REG_bfb483402cae5253,WIN_bfb483402cae5253,True
WIN_b9e6a9e13ff868b7,REG_71956fe389c2b6a5,WIN_71956fe389c2b6a5,True
WIN_597fb0bd1c035270,REG_71956fe389c2b6a5,WIN_71956fe389c2b6a5,True
WIN_c1952b8ffa752d41,REG_71956fe389c2b6a5,WIN_71956fe389c2b6a5,True
WIN_71956fe389c2b6a5,REG_71956fe389c2b6a5,WIN_71956fe389c2b6a5,True
WIN_d12a0368a0290409,REG_71956fe389c2b6a5,WIN_71956fe389c2b6a5,True
WIN_af9fffefe3ff52f6,REG_71956fe389c2b6a5,WIN_71956fe389c2b6a5,True
WIN_f07e7371df06ae4f,REG_71956fe389c2b6a5,WIN_71956fe389c2b6a5,True
WIN_e96df3f946b7ccae,REG_ca7281d0b322c3ba,WIN_ca7281d0b322c3ba,True
WIN_2e60a3ad6781ed7e,REG_ca7281d0b322c3ba,WIN_ca7281d0b322c3ba,True
WIN_832e019277e35bbd,REG_ca7281d0b322c3ba,WIN_ca7281d0b322c3ba,True
WIN_ca7281d0b322c3ba,REG_ca7281d0b322c3ba,WIN_ca7281d0b322c3ba,True
WIN_7e8e3b25ba5d1cde,REG_ca7281d0b322c3ba,WIN_ca7281d0b322c3ba,True
WIN_648c6a0ce2ebd4ed,REG_ca7281d0b322c3ba,WIN_ca7281d0b322c3ba,True
WIN_d7a3b1d1912ad675,REG_ca7281d0b322c3ba,WIN_ca7281d0b322c3ba,True
WIN_1cea8bb63d2f83d7,REG_bbf55f6d89e629e6,WIN_bbf55f6d89e629e6,True
WIN_1680ad3ed11cd547,REG_bbf55f6d89e629e6,WIN_bbf55f6d89e629e6,True
WIN_fbe0ed7c42f067ef,REG_bbf55f6d89e629e6,WIN_bbf55f6d89e629e6,True
WIN_bbf55f6d89e629e6,REG_bbf55f6d89e629e6,WIN_bbf55f6d89e629e6,True
WIN_cc8cc4f6be4f4d1d,REG_bbf55f6d89e629e6,WIN_bbf55f6d89e629e6,True
WIN_e97ea5e04bb083a8,REG_bbf55f6d89e629e6,WIN_bbf55f6d89e629e6,True
WIN_3a3363bf9c91aee9,REG_bbf55f6d89e629e6,WIN_bbf55f6d89e629e6,True
WIN_fa012f3d20ad6e14,REG_56dc693cdb7ca07d,WIN_56dc693cdb7ca07d,True
WIN_eb4a939dc76b085e,REG_56dc693cdb7ca07d,WIN_56dc693cdb7ca07d,True
WIN_edbaac555aa3fa6d,REG_56dc693cdb7ca07d,WIN_56dc693cdb7ca07d,True
WIN_56dc693cdb7ca07d,REG_56dc693cdb7ca07d,WIN_56dc693cdb7ca07d,True
WIN_99ecfa43962be09e,REG_56dc693cdb7ca07d,WIN_56dc693cdb7ca07d,True
WIN_8303941ce13d2ff1,REG_56dc693cdb7ca07d,WIN_56dc693cdb7ca07d,True
WIN_2d69aeb12b4d8da8,REG_56dc693cdb7ca07d,WIN_56dc693cdb7ca07d,True
WIN_dacbf15e42ed82e5,REG_35f992f36c1ccf33,WIN_35f992f36c1ccf33,True
WIN_f5ac969dcc5da560,REG_35f992f36c1ccf33,WIN_35f992f36c1ccf33,True
WIN_1978f20bde966d9d,REG_35f992f36c1ccf33,WIN_35f992f36c1ccf33,True
WIN_35f992f36c1ccf33,REG_35f992f36c1ccf33,WIN_35f992f36c1ccf33,True
WIN_2dcbaa3f4637e7fc,REG_35f992f36c1ccf33,WIN_35f992f36c1ccf33,True
WIN_3566e205f73562b4,REG_35f992f36c1ccf33,WIN_35f992f36c1ccf33,True
WIN_952546476c3ac8a6,REG_35f992f36c1ccf33,WIN_35f992f36c1ccf33,True
WIN_aedcdc10f11812a6,REG_aedcdc10f11812a6,WIN_aedcdc10f11812a6,True
WIN_54dedbab8c09ef43,REG_aedcdc10f11812a6,WIN_aedcdc10f11812a6,True
WIN_32c374235e34890a,REG_aedcdc10f11812a6,WIN_aedcdc10f11812a6,True
WIN_fc98484ce79bddff,REG_aedcdc10f11812a6,WIN_aedcdc10f11812a6,True
WIN_b22e65b79bc8b535,REG_88930fbeb0fe534b,WIN_88930fbeb0fe534b,True
WIN_991d620cb6565c4f,REG_88930fbeb0fe534b,WIN_88930fbeb0fe534b,True
WIN_ef589bad5da3526f,REG_88930fbeb0fe534b,WIN_88930fbeb0fe534b,True
WIN_88930fbeb0fe534b,REG_88930fbeb0fe534b,WIN_88930fbeb0fe534b,True
WIN_6c567ef85711d18a,REG_88930fbeb0fe534b,WIN_88930fbeb0fe534b,True
WIN_78b162a6b1b1804c,REG_88930fbeb0fe534b,WIN_88930fbeb0fe534b,True
WIN_bc1444ff40d89c32,REG_88930fbeb0fe534b,WIN_88930fbeb0fe534b,True
WIN_1e946de0ec7f1aad,REG_6a0edaa912436ad8,WIN_6a0edaa912436ad8,True
WIN_6a0edaa912436ad8,REG_6a0edaa912436ad8,WIN_6a0edaa912436ad8,True
WIN_b76d948105b80174,REG_6a0edaa912436ad8,WIN_6a0edaa912436ad8,True
WIN_83046e10712ced08,REG_6a0edaa912436ad8,WIN_6a0edaa912436ad8,True
WIN_925df32fe578a4c1,REG_6a0edaa912436ad8,WIN_6a0edaa912436ad8,True
WIN_9d48df1a6ee0d32f,REG_f4262ee1df5d5e3f,WIN_f4262ee1df5d5e3f,True
WIN_86f4a4de4eb42e73,REG_f4262ee1df5d5e3f,WIN_f4262ee1df5d5e3f,True
WIN_ac000fd97273c8b7,REG_f4262ee1df5d5e3f,WIN_f4262ee1df5d5e3f,True
WIN_f4262ee1df5d5e3f,REG_f4262ee1df5d5e3f,WIN_f4262ee1df5d5e3f,True
WIN_a14dd0d9fdcbd295,REG_f4262ee1df5d5e3f,WIN_f4262ee1df5d5e3f,True
WIN_363c129c92cfb528,REG_f4262ee1df5d5e3f,WIN_f4262ee1df5d5e3f,True
WIN_c8e7427baf156327,REG_f4262ee1df5d5e3f,WIN_f4262ee1df5d5e3f,True
WIN_0d8dd3b076237ecf,REG_a181560c292181fa,WIN_a181560c292181fa,True
WIN_c2f2b253563db641,REG_a181560c292181fa,WIN_a181560c292181fa,True
WIN_fd0812fd2464121b,REG_a181560c292181fa,WIN_a181560c292181fa,True
WIN_a181560c292181fa,REG_a181560c292181fa,WIN_a181560c292181fa,True
WIN_75ed36183f8196b0,REG_a181560c292181fa,WIN_a181560c292181fa,True
WIN_f299fe4be489d218,REG_a181560c292181fa,WIN_a181560c292181fa,True
WIN_86cb908585b4d0ed,REG_a181560c292181fa,WIN_a181560c292181fa,True
WIN_2d7a51735f142035,REG_5094f4789b062ea3,WIN_5094f4789b062ea3,True
WIN_bf7b033e58e0a335,REG_5094f4789b062ea3,WIN_5094f4789b062ea3,True
WIN_60daa72c97f039d0,REG_5094f4789b062ea3,WIN_5094f4789b062ea3,True
WIN_5094f4789b062ea3,REG_5094f4789b062ea3,WIN_5094f4789b062ea3,True
WIN_aa70f82a72357dad,REG_22c462408d6c6907,WIN_22c462408d6c6907,True
WIN_1385c8e911d6d4e1,REG_22c462408d6c6907,WIN_22c462408d6c6907,True
WIN_9b8ba97ad8cd40b4,REG_22c462408d6c6907,WIN_22c462408d6c6907,True
WIN_22c462408d6c6907,REG_22c462408d6c6907,WIN_22c462408d6c6907,True
WIN_b6d12cc49715414d,REG_22c462408d6c6907,WIN_22c462408d6c6907,True
WIN_55b069c9bef5b211,REG_22c462408d6c6907,WIN_22c462408d6c6907,True
WIN_b21fae68e7e52d3a,REG_22c462408d6c6907,WIN_22c462408d6c6907,True
WIN_e9021b28c33679e1,REG_94c5e72333c68f3d,WIN_94c5e72333c68f3d,True
WIN_2262309d64a45ce1,REG_94c5e72333c68f3d,WIN_94c5e72333c68f3d,True
WIN_5251dd8d62f20f31,REG_94c5e72333c68f3d,WIN_94c5e72333c68f3d,True
WIN_94c5e72333c68f3d,REG_94c5e72333c68f3d,WIN_94c5e72333c68f3d,True
WIN_e7b585d45380b9e4,REG_94c5e72333c68f3d,WIN_94c5e72333c68f3d,True
WIN_51e11bfd96d8cc75,REG_94c5e72333c68f3d,WIN_94c5e72333c68f3d,True
WIN_8ef4e2d16d763017,REG_94c5e72333c68f3d,WIN_94c5e72333c68f3d,True
WIN_d3797db183219a20,REG_c8fe0f38b68a971e,WIN_c8fe0f38b68a971e,True
WIN_a7388232687e3eee,REG_c8fe0f38b68a971e,WIN_c8fe0f38b68a971e,True
WIN_cc6423c3f098d467,REG_c8fe0f38b68a971e,WIN_c8fe0f38b68a971e,True
WIN_c8fe0f38b68a971e,REG_c8fe0f38b68a971e,WIN_c8fe0f38b68a971e,True
WIN_33d2074c5bf7599d,REG_c8fe0f38b68a971e,WIN_c8fe0f38b68a971e,True
WIN_ab425a8f662f8c7e,REG_c8fe0f38b68a971e,WIN_c8fe0f38b68a971e,True
WIN_1e075c328cdb3d82,REG_c8fe0f38b68a971e,WIN_c8fe0f38b68a971e,True
WIN_a92fc6c9d08d7487,REG_0b0f253b826dc74f,WIN_0b0f253b826dc74f,True
WIN_89b37c678a80d045,REG_0b0f253b826dc74f,WIN_0b0f253b826dc74f,True
WIN_ef624749f2dc5eb2,REG_0b0f253b826dc74f,WIN_0b0f253b826dc74f,True
WIN_0b0f253b826dc74f,REG_0b0f253b826dc74f,WIN_0b0f253b826dc74f,True
WIN_0c5e713b5f222c63,REG_ce5eb97de406aa43,WIN_ce5eb97de406aa43,True
WIN_ccf8ce648becd4f8,REG_ce5eb97de406aa43,WIN_ce5eb97de406aa43,True
WIN_ff3fa5f8918222ef,REG_ce5eb97de406aa43,WIN_ce5eb97de406aa43,True
WIN_ce5eb97de406aa43,REG_ce5eb97de406aa43,WIN_ce5eb97de406aa43,True
WIN_9e8ed74f6927618c,REG_ce5eb97de406aa43,WIN_ce5eb97de406aa43,True
WIN_1e82ed70ed5b0b38,REG_ce5eb97de406aa43,WIN_ce5eb97de406aa43,True
WIN_35483d54b4a1117b,REG_ce5eb97de406aa43,WIN_ce5eb97de406aa43,True
WIN_78d1612d55fd12e8,REG_fb0ff2c7d0301da2,WIN_fb0ff2c7d0301da2,True
WIN_127e88aefcc64aee,REG_fb0ff2c7d0301da2,WIN_fb0ff2c7d0301da2,True
WIN_53e58a5b7573cfaf,REG_fb0ff2c7d0301da2,WIN_fb0ff2c7d0301da2,True
WIN_fb0ff2c7d0301da2,REG_fb0ff2c7d0301da2,WIN_fb0ff2c7d0301da2,True
WIN_03069b70763b19e5,REG_fb0ff2c7d0301da2,WIN_fb0ff2c7d0301da2,True
WIN_dcef2c3bbe30db15,REG_fb0ff2c7d0301da2,WIN_fb0ff2c7d0301da2,True
WIN_e3d42a48d053438e,REG_fb0ff2c7d0301da2,WIN_fb0ff2c7d0301da2,True
WIN_d224492fa0870917,REG_caa85bed7e35d6dd,WIN_caa85bed7e35d6dd,True
WIN_0e2c6634b7f90c83,REG_caa85bed7e35d6dd,WIN_caa85bed7e35d6dd,True
WIN_1234bb353edc9cfb,REG_caa85bed7e35d6dd,WIN_caa85bed7e35d6dd,True
WIN_caa85bed7e35d6dd,REG_caa85bed7e35d6dd,WIN_caa85bed7e35d6dd,True
WIN_b3201a6d32bd0aeb,REG_caa85bed7e35d6dd,WIN_caa85bed7e35d6dd,True
WIN_79728ff87a7e4776,REG_2005829208f7e88e,WIN_2005829208f7e88e,True
WIN_c552ff0bef90c7a1,REG_2005829208f7e88e,WIN_2005829208f7e88e,True
WIN_74f4f9f2f04cce90,REG_2005829208f7e88e,WIN_2005829208f7e88e,True
WIN_2005829208f7e88e,REG_2005829208f7e88e,WIN_2005829208f7e88e,True
WIN_a5670e7876018533,REG_2005829208f7e88e,WIN_2005829208f7e88e,True
WIN_7a49dbe20e2e206c,REG_2005829208f7e88e,WIN_2005829208f7e88e,True
WIN_17c3b93eecfa61ab,REG_2005829208f7e88e,WIN_2005829208f7e88e,True
WIN_720d7e4c99252eb7,REG_bd3f5b245c3d7a7a,WIN_bd3f5b245c3d7a7a,True
WIN_2840f88d482f044f,REG_bd3f5b245c3d7a7a,WIN_bd3f5b245c3d7a7a,True
WIN_670893ae07c4ee49,REG_bd3f5b245c3d7a7a,WIN_bd3f5b245c3d7a7a,True
WIN_bd3f5b245c3d7a7a,REG_bd3f5b245c3d7a7a,WIN_bd3f5b245c3d7a7a,True
WIN_38f7cf74cfc8116c,REG_38f7cf74cfc8116c,WIN_38f7cf74cfc8116c,True
WIN_70f2b4ca0510eb37,REG_38f7cf74cfc8116c,WIN_38f7cf74cfc8116c,True
WIN_cda7985af6e4412e,REG_38f7cf74cfc8116c,WIN_38f7cf74cfc8116c,True
WIN_18dc44e84da0aeb0,REG_38f7cf74cfc8116c,WIN_38f7cf74cfc8116c,True
WIN_43a9ce2fb37ffc49,REG_be24b18b49bddb40,WIN_be24b18b49bddb40,True
WIN_c643674608325554,REG_be24b18b49bddb40,WIN_be24b18b49bddb40,True
WIN_a30d33b2d81b54ef,REG_be24b18b49bddb40,WIN_be24b18b49bddb40,True
WIN_be24b18b49bddb40,REG_be24b18b49bddb40,WIN_be24b18b49bddb40,True
WIN_352a38a77e1d5aa6,REG_be24b18b49bddb40,WIN_be24b18b49bddb40,True
WIN_4a8bac0cfefa3597,REG_be24b18b49bddb40,WIN_be24b18b49bddb40,True
WIN_784c207990cc1877,REG_be24b18b49bddb40,WIN_be24b18b49bddb40,True
WIN_b6b4a335a9fbf2b0,REG_ad697f658532e676,WIN_ad697f658532e676,True
WIN_3b0d3a506d3e3305,REG_ad697f658532e676,WIN_ad697f658532e676,True
WIN_4385109779dca100,REG_ad697f658532e676,WIN_ad697f658532e676,True
WIN_ad697f658532e676,REG_ad697f658532e676,WIN_ad697f658532e676,True
WIN_90e28d812e111c0f,REG_ad697f658532e676,WIN_ad697f658532e676,True
WIN_63121b2864ff6b00,REG_ad697f658532e676,WIN_ad697f658532e676,True
WIN_4fb03043bd77e8c6,REG_ad697f658532e676,WIN_ad697f658532e676,True
WIN_516664898f4a74aa,REG_c8fc11143c62fbfa,WIN_c8fc11143c62fbfa,True
WIN_c659e022e592dd07,REG_c8fc11143c62fbfa,WIN_c8fc11143c62fbfa,True
WIN_47485362ff29b56e,REG_c8fc11143c62fbfa,WIN_c8fc11143c62fbfa,True
WIN_c8fc11143c62fbfa,REG_c8fc11143c62fbfa,WIN_c8fc11143c62fbfa,True
WIN_9fe71182fd838df6,REG_7da50efd642dd2d5,WIN_7da50efd642dd2d5,True
WIN_9e1966aab0060a9d,REG_7da50efd642dd2d5,WIN_7da50efd642dd2d5,True
WIN_437b3cafb8291899,REG_7da50efd642dd2d5,WIN_7da50efd642dd2d5,True
WIN_7da50efd642dd2d5,REG_7da50efd642dd2d5,WIN_7da50efd642dd2d5,True
WIN_8d8cc1ad34730d7b,REG_7da50efd642dd2d5,WIN_7da50efd642dd2d5,True
WIN_032f695c558b339f,REG_7da50efd642dd2d5,WIN_7da50efd642dd2d5,True
WIN_6e6de37d374856b9,REG_3372701ca21880b0,WIN_3372701ca21880b0,True
WIN_07ac233ab8b88295,REG_3372701ca21880b0,WIN_3372701ca21880b0,True
WIN_fd7828c011c0bc4b,REG_3372701ca21880b0,WIN_3372701ca21880b0,True
WIN_3372701ca21880b0,REG_3372701ca21880b0,WIN_3372701ca21880b0,True
WIN_83d97e74fecab427,REG_3372701ca21880b0,WIN_3372701ca21880b0,True
WIN_a3a084468bf898d1,REG_3372701ca21880b0,WIN_3372701ca21880b0,True
WIN_78c563a08ae8cedf,REG_3372701ca21880b0,WIN_3372701ca21880b0,True
WIN_7369b0e53f5c1a5d,REG_11156812b27dd17f,WIN_11156812b27dd17f,True
WIN_47a4986fa1d742f9,REG_11156812b27dd17f,WIN_11156812b27dd17f,True
WIN_d27e01756194e52b,REG_11156812b27dd17f,WIN_11156812b27dd17f,True
WIN_11156812b27dd17f,REG_11156812b27dd17f,WIN_11156812b27dd17f,True
WIN_81fb1c2b1c27ea51,REG_11156812b27dd17f,WIN_11156812b27dd17f,True
WIN_6ea038bc2ae5cd67,REG_11156812b27dd17f,WIN_11156812b27dd17f,True
WIN_00d2799df43c4784,REG_11156812b27dd17f,WIN_11156812b27dd17f,True
WIN_ffebb6df9f592ac4,REG_88f9c717b54e7465,WIN_88f9c717b54e7465,True
WIN_9a00324d78dc8ccc,REG_88f9c717b54e7465,WIN_88f9c717b54e7465,True
WIN_2a992f3a3589dfb5,REG_88f9c717b54e7465,WIN_88f9c717b54e7465,True
WIN_88f9c717b54e7465,REG_88f9c717b54e7465,WIN_88f9c717b54e7465,True
WIN_702ec82a68458460,REG_88f9c717b54e7465,WIN_88f9c717b54e7465,True
WIN_3fcb39e64ad061ac,REG_88f9c717b54e7465,WIN_88f9c717b54e7465,True
WIN_84c056e05ea9e179,REG_88f9c717b54e7465,WIN_88f9c717b54e7465,True
WIN_052e306149951ee7,REG_052e306149951ee7,WIN_052e306149951ee7,True
WIN_96506e7aa4e27c0f,REG_052e306149951ee7,WIN_052e306149951ee7,True
WIN_b4cdf72d6aa18b5b,REG_052e306149951ee7,WIN_052e306149951ee7,True
WIN_7dea969d051ee122,REG_052e306149951ee7,WIN_052e306149951ee7,True
WIN_3be56f371c8ec09e,REG_e8d50f7c748c7246,WIN_e8d50f7c748c7246,True
WIN_632b9a3c5eed8cb7,REG_e8d50f7c748c7246,WIN_e8d50f7c748c7246,True
WIN_61e3a7419f935530,REG_e8d50f7c748c7246,WIN_e8d50f7c748c7246,True
WIN_e8d50f7c748c7246,REG_e8d50f7c748c7246,WIN_e8d50f7c748c7246,True
WIN_94df5ac54e7f2034,REG_e8d50f7c748c7246,WIN_e8d50f7c748c7246,True
WIN_e7401f43c100e203,REG_e8d50f7c748c7246,WIN_e8d50f7c748c7246,True
WIN_98236bcf44ec256f,REG_e8d50f7c748c7246,WIN_e8d50f7c748c7246,True
WIN_7eae6a27d63e2393,REG_d97bfdf10e263280,WIN_d97bfdf10e263280,True
WIN_dfa3cd6bb7d4ac21,REG_d97bfdf10e263280,WIN_d97bfdf10e263280,True
WIN_5093c8c50954797d,REG_d97bfdf10e263280,WIN_d97bfdf10e263280,True
WIN_d97bfdf10e263280,REG_d97bfdf10e263280,WIN_d97bfdf10e263280,True
WIN_e6aac704ffd472b1,REG_d97bfdf10e263280,WIN_d97bfdf10e263280,True
WIN_f8824c6d7c729d04,REG_d97bfdf10e263280,WIN_d97bfdf10e263280,True
WIN_2cbca57adf3e32ff,REG_d97bfdf10e263280,WIN_d97bfdf10e263280,True
WIN_ebd249aaff8f2bd6,REG_54cf79bf0a256605,WIN_54cf79bf0a256605,True
WIN_fd3810d8687a811b,REG_54cf79bf0a256605,WIN_54cf79bf0a256605,True
WIN_f3cdaf40c0415a73,REG_54cf79bf0a256605,WIN_54cf79bf0a256605,True
WIN_54cf79bf0a256605,REG_54cf79bf0a256605,WIN_54cf79bf0a256605,True
WIN_3bdbc6bbf0362f78,REG_54cf79bf0a256605,WIN_54cf79bf0a256605,True
WIN_8e6c7b0d112bf4e8,REG_54cf79bf0a256605,WIN_54cf79bf0a256605,True
WIN_85d145aecbc33bb6,REG_54cf79bf0a256605,WIN_54cf79bf0a256605,True
WIN_247c29364edefd58,REG_7718d72dc504dd29,WIN_7718d72dc504dd29,True
WIN_d03b14fbf061b2be,REG_7718d72dc504dd29,WIN_7718d72dc504dd29,True
WIN_f79cec638ff05b25,REG_7718d72dc504dd29,WIN_7718d72dc504dd29,True
WIN_7718d72dc504dd29,REG_7718d72dc504dd29,WIN_7718d72dc504dd29,True
WIN_d8090f7b46cebe6c,REG_7718d72dc504dd29,WIN_7718d72dc504dd29,True
WIN_a185db95ff280e23,REG_7718d72dc504dd29,WIN_7718d72dc504dd29,True
WIN_0cd9274b197797da,REG_7718d72dc504dd29,WIN_7718d72dc504dd29,True
WIN_cb3da3dfb69cebb3,REG_2a968dfe7d09c947,WIN_2a968dfe7d09c947,True
WIN_2eadb008772ce73b,REG_2a968dfe7d09c947,WIN_2a968dfe7d09c947,True
WIN_527c19dc68a606b6,REG_2a968dfe7d09c947,WIN_2a968dfe7d09c947,True
WIN_2a968dfe7d09c947,REG_2a968dfe7d09c947,WIN_2a968dfe7d09c947,True
WIN_17c4ebfe6b2b194c,REG_2a968dfe7d09c947,WIN_2a968dfe7d09c947,True
WIN_cc1bacb9c958c135,REG_2a968dfe7d09c947,WIN_2a968dfe7d09c947,True
WIN_8275081c24fb7229,REG_2a968dfe7d09c947,WIN_2a968dfe7d09c947,True
WIN_8e3890581b348e50,REG_e9db160d3e901d0a,WIN_e9db160d3e901d0a,True
WIN_dcc772c667dfe3f8,REG_e9db160d3e901d0a,WIN_e9db160d3e901d0a,True
WIN_40c0dbc0081c1ba8,REG_e9db160d3e901d0a,WIN_e9db160d3e901d0a,True
WIN_e9db160d3e901d0a,REG_e9db160d3e901d0a,WIN_e9db160d3e901d0a,True
WIN_4ff0109b8c274513,REG_e9db160d3e901d0a,WIN_e9db160d3e901d0a,True
WIN_154f34daff384ffa,REG_e9db160d3e901d0a,WIN_e9db160d3e901d0a,True
WIN_62d60d61a9da2b6e,REG_e9db160d3e901d0a,WIN_e9db160d3e901d0a,True
WIN_b134956f639d5129,REG_50ca9423a3e45969,WIN_50ca9423a3e45969,True
WIN_7029d425851808d2,REG_50ca9423a3e45969,WIN_50ca9423a3e45969,True
WIN_b76e0f94498d426e,REG_50ca9423a3e45969,WIN_50ca9423a3e45969,True
WIN_50ca9423a3e45969,REG_50ca9423a3e45969,WIN_50ca9423a3e45969,True
WIN_2b4b0f14e5a31132,REG_50ca9423a3e45969,WIN_50ca9423a3e45969,True
WIN_aad26aa9d7aebf93,REG_50ca9423a3e45969,WIN_50ca9423a3e45969,True
WIN_2af899ef05a6104f,REG_50ca9423a3e45969,WIN_50ca9423a3e45969,True
WIN_add565025a133121,REG_3f2b46144752f021,WIN_3f2b46144752f021,True
WIN_af0735f5f21b43db,REG_3f2b46144752f021,WIN_3f2b46144752f021,True
WIN_c8834e92d50c9920,REG_3f2b46144752f021,WIN_3f2b46144752f021,True
WIN_3f2b46144752f021,REG_3f2b46144752f021,WIN_3f2b46144752f021,True
WIN_429b0eea344aa410,REG_3f2b46144752f021,WIN_3f2b46144752f021,True
WIN_7b1f81e416a529c4,REG_3f2b46144752f021,WIN_3f2b46144752f021,True
WIN_dcd582da16fcbb55,REG_3f2b46144752f021,WIN_3f2b46144752f021,True
WIN_a21e289ea417e5e2,REG_fce3066cdfaf06c9,WIN_fce3066cdfaf06c9,True
WIN_0a1bd0f2776a382d,REG_fce3066cdfaf06c9,WIN_fce3066cdfaf06c9,True
WIN_d588f2c55a7a950a,REG_fce3066cdfaf06c9,WIN_fce3066cdfaf06c9,True
WIN_fce3066cdfaf06c9,REG_fce3066cdfaf06c9,WIN_fce3066cdfaf06c9,True
WIN_20b9886f4800eb62,REG_fce3066cdfaf06c9,WIN_fce3066cdfaf06c9,True
WIN_afeed1b0d027cc14,REG_fce3066cdfaf06c9,WIN_fce3066cdfaf06c9,True
WIN_37b928e4725251c6,REG_fce3066cdfaf06c9,WIN_fce3066cdfaf06c9,True
WIN_22bc86dcc7e1062c,REG_f25e99e3c04687c3,WIN_f25e99e3c04687c3,True
WIN_5fdefdfd6beb7020,REG_f25e99e3c04687c3,WIN_f25e99e3c04687c3,True
WIN_cb1fe0933b2b0546,REG_f25e99e3c04687c3,WIN_f25e99e3c04687c3,True
WIN_f25e99e3c04687c3,REG_f25e99e3c04687c3,WIN_f25e99e3c04687c3,True
WIN_32ef6e78a966183c,REG_f25e99e3c04687c3,WIN_f25e99e3c04687c3,True
WIN_28558b36e52971a7,REG_f25e99e3c04687c3,WIN_f25e99e3c04687c3,True
WIN_8e0c82a1aa680bf5,REG_f25e99e3c04687c3,WIN_f25e99e3c04687c3,True
WIN_1ba75261d9ee271d,REG_1ba75261d9ee271d,WIN_1ba75261d9ee271d,True
WIN_7ce6bc5d62d7aaeb,REG_1ba75261d9ee271d,WIN_1ba75261d9ee271d,True
WIN_bcf382117d68c6e3,REG_1ba75261d9ee271d,WIN_1ba75261d9ee271d,True
WIN_e15c472d33742f59,REG_1ba75261d9ee271d,WIN_1ba75261d9ee271d,True
WIN_8d0882c29f2ad07b,REG_c3e3b04cc308c1e5,WIN_c3e3b04cc308c1e5,True
WIN_e5c9be082e5ed098,REG_c3e3b04cc308c1e5,WIN_c3e3b04cc308c1e5,True
WIN_a6c93eb05428d18b,REG_c3e3b04cc308c1e5,WIN_c3e3b04cc308c1e5,True
WIN_c3e3b04cc308c1e5,REG_c3e3b04cc308c1e5,WIN_c3e3b04cc308c1e5,True
WIN_b319db500bdf8493,REG_c3e3b04cc308c1e5,WIN_c3e3b04cc308c1e5,True
WIN_f5a60d7c61d029ee,REG_c3e3b04cc308c1e5,WIN_c3e3b04cc308c1e5,True
WIN_028f42a0c149da12,REG_c3e3b04cc308c1e5,WIN_c3e3b04cc308c1e5,True
WIN_c863bce2fc55e9ed,REG_725842b14e3b6a3a,WIN_725842b14e3b6a3a,True
WIN_6c55d0284eeeef92,REG_725842b14e3b6a3a,WIN_725842b14e3b6a3a,True
WIN_6a26cd1ad53f8b7d,REG_725842b14e3b6a3a,WIN_725842b14e3b6a3a,True
WIN_725842b14e3b6a3a,REG_725842b14e3b6a3a,WIN_725842b14e3b6a3a,True
WIN_9211f9d036767701,REG_67542bba0e7611a2,WIN_67542bba0e7611a2,True
WIN_b9b844cf6cffc488,REG_67542bba0e7611a2,WIN_67542bba0e7611a2,True
WIN_f94a1ff520a84329,REG_67542bba0e7611a2,WIN_67542bba0e7611a2,True
WIN_67542bba0e7611a2,REG_67542bba0e7611a2,WIN_67542bba0e7611a2,True
WIN_c0f0db666bda690a,REG_67542bba0e7611a2,WIN_67542bba0e7611a2,True
WIN_75ba97c599d5e63b,REG_67542bba0e7611a2,WIN_67542bba0e7611a2,True
WIN_139f19d875f8a8d3,REG_67542bba0e7611a2,WIN_67542bba0e7611a2,True
WIN_00e3a7eb86316b3a,REG_517d0ada5523b54b,WIN_517d0ada5523b54b,True
WIN_9a0194dd78dc0a0d,REG_517d0ada5523b54b,WIN_517d0ada5523b54b,True
WIN_7e1f49f1131e1c89,REG_517d0ada5523b54b,WIN_517d0ada5523b54b,True
WIN_517d0ada5523b54b,REG_517d0ada5523b54b,WIN_517d0ada5523b54b,True
WIN_0c086ebcd83a87a2,REG_0c086ebcd83a87a2,WIN_0c086ebcd83a87a2,True
WIN_3aba45e2f23f2b65,REG_0c086ebcd83a87a2,WIN_0c086ebcd83a87a2,True
WIN_39ed8ccb535550ac,REG_0c086ebcd83a87a2,WIN_0c086ebcd83a87a2,True
WIN_291f75a7e42f0d19,REG_0c086ebcd83a87a2,WIN_0c086ebcd83a87a2,True
WIN_331bc60cc2c8689d,REG_9365f94c75919dbf,WIN_9365f94c75919dbf,True
WIN_2c928133d28e7829,REG_9365f94c75919dbf,WIN_9365f94c75919dbf,True
WIN_5df8b25803143e73,REG_9365f94c75919dbf,WIN_9365f94c75919dbf,True
WIN_9365f94c75919dbf,REG_9365f94c75919dbf,WIN_9365f94c75919dbf,True
WIN_2ec09330e1e049b0,REG_9365f94c75919dbf,WIN_9365f94c75919dbf,True
WIN_0e23c83a011dd51b,REG_9365f94c75919dbf,WIN_9365f94c75919dbf,True
WIN_3f33e11ab81a825d,REG_9365f94c75919dbf,WIN_9365f94c75919dbf,True
WIN_7767a4aa7c071ad5,REG_3d4bc4ea31dc6e13,WIN_3d4bc4ea31dc6e13,True
WIN_f5d592f7336f2ef3,REG_3d4bc4ea31dc6e13,WIN_3d4bc4ea31dc6e13,True
WIN_f664a20c1e711256,REG_3d4bc4ea31dc6e13,WIN_3d4bc4ea31dc6e13,True
WIN_3d4bc4ea31dc6e13,REG_3d4bc4ea31dc6e13,WIN_3d4bc4ea31dc6e13,True
WIN_72f5252d46539ece,REG_3d4bc4ea31dc6e13,WIN_3d4bc4ea31dc6e13,True
WIN_3e4645284e2bdeed,REG_3d4bc4ea31dc6e13,WIN_3d4bc4ea31dc6e13,True
WIN_95dbe331130f7196,REG_3d4bc4ea31dc6e13,WIN_3d4bc4ea31dc6e13,True
WIN_d93b871a4f1a72ab,REG_e4bd9a10f4a179b5,WIN_e4bd9a10f4a179b5,True
WIN_e4bd9a10f4a179b5,REG_e4bd9a10f4a179b5,WIN_e4bd9a10f4a179b5,True
WIN_69ed30d05380b2dd,REG_ed71ccdde8a341eb,WIN_ed71ccdde8a341eb,True
WIN_72c745b248bd7c77,REG_ed71ccdde8a341eb,WIN_ed71ccdde8a341eb,True
WIN_cea92558a148b99e,REG_ed71ccdde8a341eb,WIN_ed71ccdde8a341eb,True
WIN_ed71ccdde8a341eb,REG_ed71ccdde8a341eb,WIN_ed71ccdde8a341eb,True
WIN_d59144f3d5e6dd94,REG_d7c42d0900fbc342,WIN_d7c42d0900fbc342,True
WIN_cf4284cead000540,REG_d7c42d0900fbc342,WIN_d7c42d0900fbc342,True
WIN_5de68f35bd7a51db,REG_d7c42d0900fbc342,WIN_d7c42d0900fbc342,True
WIN_d7c42d0900fbc342,REG_d7c42d0900fbc342,WIN_d7c42d0900fbc342,True
WIN_dba4b7d74a38343c,REG_d7c42d0900fbc342,WIN_d7c42d0900fbc342,True
WIN_33c60fb4556810e3,REG_d7c42d0900fbc342,WIN_d7c42d0900fbc342,True
WIN_715175349af38476,REG_d7c42d0900fbc342,WIN_d7c42d0900fbc342,True
WIN_04c6d7a43015649e,REG_9999ef85fcf5601a,WIN_9999ef85fcf5601a,True
WIN_9a39b928c867f824,REG_9999ef85fcf5601a,WIN_9999ef85fcf5601a,True
WIN_66dad03e57ba2da4,REG_9999ef85fcf5601a,WIN_9999ef85fcf5601a,True
WIN_9999ef85fcf5601a,REG_9999ef85fcf5601a,WIN_9999ef85fcf5601a,True
WIN_a642f510ad7f67a9,REG_9999ef85fcf5601a,WIN_9999ef85fcf5601a,True
WIN_d7cc1643fe22a887,REG_9999ef85fcf5601a,WIN_9999ef85fcf5601a,True
WIN_601eeff432dfec32,REG_9999ef85fcf5601a,WIN_9999ef85fcf5601a,True
WIN_ae571e1b248a3abd,REG_936cc733e86b2199,WIN_936cc733e86b2199,True
WIN_c9c24f8d6128e640,REG_936cc733e86b2199,WIN_936cc733e86b2199,True
WIN_7d7197e2c2eabe07,REG_936cc733e86b2199,WIN_936cc733e86b2199,True
WIN_936cc733e86b2199,REG_936cc733e86b2199,WIN_936cc733e86b2199,True
WIN_4a23c6ff0e809fa1,REG_7596489d46ef98f0,WIN_7596489d46ef98f0,True
WIN_02de8e9c71725585,REG_7596489d46ef98f0,WIN_7596489d46ef98f0,True
WIN_df16dd6757397011,REG_7596489d46ef98f0,WIN_7596489d46ef98f0,True
WIN_7596489d46ef98f0,REG_7596489d46ef98f0,WIN_7596489d46ef98f0,True
WIN_2bd3869fc4d14adb,REG_7596489d46ef98f0,WIN_7596489d46ef98f0,True
WIN_68fa291ca234c45c,REG_7596489d46ef98f0,WIN_7596489d46ef98f0,True
WIN_4f9915ddb006726f,REG_7596489d46ef98f0,WIN_7596489d46ef98f0,True
WIN_ae5ba8d3270c73f6,REG_a04fa8892658cb5d,WIN_a04fa8892658cb5d,True
WIN_0bb84dff77f162c6,REG_a04fa8892658cb5d,WIN_a04fa8892658cb5d,True
WIN_e011723bd1aee14e,REG_a04fa8892658cb5d,WIN_a04fa8892658cb5d,True
WIN_a04fa8892658cb5d,REG_a04fa8892658cb5d,WIN_a04fa8892658cb5d,True
WIN_55cedddac622d038,REG_c3cd512679565c20,WIN_c3cd512679565c20,True
WIN_da8efdfa388af1da,REG_c3cd512679565c20,WIN_c3cd512679565c20,True
WIN_b1647ecbb09b5e96,REG_c3cd512679565c20,WIN_c3cd512679565c20,True
WIN_c3cd512679565c20,REG_c3cd512679565c20,WIN_c3cd512679565c20,True
WIN_7121bab194611bfc,REG_c3cd512679565c20,WIN_c3cd512679565c20,True
WIN_51b7c73d8e219d84,REG_c3cd512679565c20,WIN_c3cd512679565c20,True
WIN_11faf99c50c2706b,REG_c3cd512679565c20,WIN_c3cd512679565c20,True
WIN_4b82da7e6a16e013,REG_ad3df89c77406d8c,WIN_ad3df89c77406d8c,True
WIN_12ac4c4121936139,REG_ad3df89c77406d8c,WIN_ad3df89c77406d8c,True
WIN_f567147ff8ef2703,REG_ad3df89c77406d8c,WIN_ad3df89c77406d8c,True
WIN_ad3df89c77406d8c,REG_ad3df89c77406d8c,WIN_ad3df89c77406d8c,True
WIN_6f21a7f5b825f940,REG_ad3df89c77406d8c,WIN_ad3df89c77406d8c,True
WIN_25afe6bb3e5fc083,REG_ad3df89c77406d8c,WIN_ad3df89c77406d8c,True
WIN_09ea9858198eb099,REG_ad3df89c77406d8c,WIN_ad3df89c77406d8c,True
WIN_47cc15677cc3d7e7,REG_3dc4adbfbe9144d3,WIN_3dc4adbfbe9144d3,True
WIN_a8e106f3a5d4c334,REG_3dc4adbfbe9144d3,WIN_3dc4adbfbe9144d3,True
WIN_05bf26f42bd9b136,REG_3dc4adbfbe9144d3,WIN_3dc4adbfbe9144d3,True
WIN_3dc4adbfbe9144d3,REG_3dc4adbfbe9144d3,WIN_3dc4adbfbe9144d3,True
WIN_c5197ce856f4efc6,REG_3dc4adbfbe9144d3,WIN_3dc4adbfbe9144d3,True
WIN_dc2302e2390ed1c9,REG_3dc4adbfbe9144d3,WIN_3dc4adbfbe9144d3,True
WIN_034689f70f49c722,REG_3dc4adbfbe9144d3,WIN_3dc4adbfbe9144d3,True
WIN_3a427a060e54b309,REG_8103de5069b1830e,WIN_8103de5069b1830e,True
WIN_e685389b75543ca3,REG_8103de5069b1830e,WIN_8103de5069b1830e,True
WIN_9320606c014a2572,REG_8103de5069b1830e,WIN_8103de5069b1830e,True
WIN_8103de5069b1830e,REG_8103de5069b1830e,WIN_8103de5069b1830e,True
WIN_020cfe4bc166b661,REG_8103de5069b1830e,WIN_8103de5069b1830e,True
WIN_89fd2cc9a8386382,REG_8103de5069b1830e,WIN_8103de5069b1830e,True
WIN_44bab8629cf38b6c,REG_8103de5069b1830e,WIN_8103de5069b1830e,True
WIN_3a447d589581a1e8,REG_22507209d1227f04,WIN_22507209d1227f04,True
WIN_37b1e5b231185009,REG_22507209d1227f04,WIN_22507209d1227f04,True
WIN_8a47955a5e605bd4,REG_22507209d1227f04,WIN_22507209d1227f04,True
WIN_22507209d1227f04,REG_22507209d1227f04,WIN_22507209d1227f04,True
WIN_72cccb0d181aa4eb,REG_22507209d1227f04,WIN_22507209d1227f04,True
WIN_ddd27045a0159290,REG_22507209d1227f04,WIN_22507209d1227f04,True
WIN_389eeccf96c5aa20,REG_22507209d1227f04,WIN_22507209d1227f04,True
WIN_02d52074f5706093,REG_7df36dded1234d48,WIN_7df36dded1234d48,True
WIN_720ea4a59ea05748,REG_7df36dded1234d48,WIN_7df36dded1234d48,True
WIN_47fdaf70537222b9,REG_7df36dded1234d48,WIN_7df36dded1234d48,True
WIN_7df36dded1234d48,REG_7df36dded1234d48,WIN_7df36dded1234d48,True
WIN_12f093142824860d,REG_7df36dded1234d48,WIN_7df36dded1234d48,True
WIN_3dd6acaf5bda993f,REG_7df36dded1234d48,WIN_7df36dded1234d48,True
WIN_4f52bf5e73a216a7,REG_7df36dded1234d48,WIN_7df36dded1234d48,True
WIN_080410534b5f5749,REG_329f328dd1c33115,WIN_329f328dd1c33115,True
WIN_1c317245405526c4,REG_329f328dd1c33115,WIN_329f328dd1c33115,True
WIN_02b034133df11b1f,REG_329f328dd1c33115,WIN_329f328dd1c33115,True
WIN_329f328dd1c33115,REG_329f328dd1c33115,WIN_329f328dd1c33115,True
WIN_00530cf281fe068e,REG_329f328dd1c33115,WIN_329f328dd1c33115,True
WIN_aedc3629c36f3d3b,REG_329f328dd1c33115,WIN_329f328dd1c33115,True
WIN_31720e0d515fa39f,REG_329f328dd1c33115,WIN_329f328dd1c33115,True
WIN_4fcaafbf8efbf328,REG_4fcaafbf8efbf328,WIN_4fcaafbf8efbf328,True
WIN_8ed48a6afa2c05b7,REG_4fcaafbf8efbf328,WIN_4fcaafbf8efbf328,True
WIN_475683f07184a995,REG_4fcaafbf8efbf328,WIN_4fcaafbf8efbf328,True
WIN_7c09c82fe50606ca,REG_4fcaafbf8efbf328,WIN_4fcaafbf8efbf328,True
WIN_d3e50cf9f27486e6,REG_d3e50cf9f27486e6,WIN_d3e50cf9f27486e6,True
WIN_f479e49dd7a23075,REG_d3e50cf9f27486e6,WIN_d3e50cf9f27486e6,True
WIN_6df844e81d0e4625,REG_d3e50cf9f27486e6,WIN_d3e50cf9f27486e6,True
WIN_6ad75b419f87308d,REG_d3e50cf9f27486e6,WIN_d3e50cf9f27486e6,True
WIN_aca1ede43dc59348,REG_4262a2e0e40b7e5d,WIN_4262a2e0e40b7e5d,True
WIN_2baa3b10ff1b0b58,REG_4262a2e0e40b7e5d,WIN_4262a2e0e40b7e5d,True
WIN_325871aae579a2fe,REG_4262a2e0e40b7e5d,WIN_4262a2e0e40b7e5d,True
WIN_4262a2e0e40b7e5d,REG_4262a2e0e40b7e5d,WIN_4262a2e0e40b7e5d,True
WIN_671e3a9d987ec1ea,REG_4262a2e0e40b7e5d,WIN_4262a2e0e40b7e5d,True
WIN_18e0d32fcbb8b1e5,REG_4262a2e0e40b7e5d,WIN_4262a2e0e40b7e5d,True
WIN_962b281c7bc7f373,REG_4262a2e0e40b7e5d,WIN_4262a2e0e40b7e5d,True
WIN_8972c5d048969118,REG_c9add1edfeac9690,WIN_c9add1edfeac9690,True
WIN_e9668057c5c3878b,REG_c9add1edfeac9690,WIN_c9add1edfeac9690,True
WIN_2aebd852f7150662,REG_c9add1edfeac9690,WIN_c9add1edfeac9690,True
WIN_c9add1edfeac9690,REG_c9add1edfeac9690,WIN_c9add1edfeac9690,True
WIN_f94f7c7f38192f32,REG_c9add1edfeac9690,WIN_c9add1edfeac9690,True
WIN_f883710e387dfe6f,REG_c9add1edfeac9690,WIN_c9add1edfeac9690,True
WIN_6078246d5d939d57,REG_c9add1edfeac9690,WIN_c9add1edfeac9690,True
WIN_28347038d0846947,REG_2cea80758c9e00d3,WIN_2cea80758c9e00d3,True
WIN_afd1d35a70c3e13c,REG_2cea80758c9e00d3,WIN_2cea80758c9e00d3,True
WIN_9927df4384b62b6e,REG_2cea80758c9e00d3,WIN_2cea80758c9e00d3,True
WIN_2cea80758c9e00d3,REG_2cea80758c9e00d3,WIN_2cea80758c9e00d3,True
WIN_52fd307379cf3e01,REG_2cea80758c9e00d3,WIN_2cea80758c9e00d3,True
WIN_10f3f04eeb04a1d5,REG_2cea80758c9e00d3,WIN_2cea80758c9e00d3,True
WIN_873fdda9dc8ec5dd,REG_2cea80758c9e00d3,WIN_2cea80758c9e00d3,True
WIN_94ddea22d1d8a417,REG_b84ce8291337f5b0,WIN_b84ce8291337f5b0,True
WIN_8370d57078707cd4,REG_b84ce8291337f5b0,WIN_b84ce8291337f5b0,True
WIN_b053dc144df658c0,REG_b84ce8291337f5b0,WIN_b84ce8291337f5b0,True
WIN_b84ce8291337f5b0,REG_b84ce8291337f5b0,WIN_b84ce8291337f5b0,True
WIN_02bb2101072b63bf,REG_b84ce8291337f5b0,WIN_b84ce8291337f5b0,True
WIN_5f509383b669dff7,REG_b84ce8291337f5b0,WIN_b84ce8291337f5b0,True
WIN_8dc611b3f39f01ec,REG_b84ce8291337f5b0,WIN_b84ce8291337f5b0,True
WIN_8780187819267e6d,REG_d5dbc9b12f3de4db,WIN_d5dbc9b12f3de4db,True
WIN_a0a1f21a47b106d2,REG_d5dbc9b12f3de4db,WIN_d5dbc9b12f3de4db,True
WIN_b94bd5e783ae5dc2,REG_d5dbc9b12f3de4db,WIN_d5dbc9b12f3de4db,True
WIN_d5dbc9b12f3de4db,REG_d5dbc9b12f3de4db,WIN_d5dbc9b12f3de4db,True
WIN_7a62e128a91b4994,REG_d5dbc9b12f3de4db,WIN_d5dbc9b12f3de4db,True
WIN_490c00e17ed8f79b,REG_d5dbc9b12f3de4db,WIN_d5dbc9b12f3de4db,True
WIN_d3a54d5114a976d5,REG_d5dbc9b12f3de4db,WIN_d5dbc9b12f3de4db,True
WIN_6843c22274c25823,REG_bfe82f0ee7d2e3b0,WIN_bfe82f0ee7d2e3b0,True
WIN_6eac3e44c6142332,REG_bfe82f0ee7d2e3b0,WIN_bfe82f0ee7d2e3b0,True
WIN_53fdd7a2176578fb,REG_bfe82f0ee7d2e3b0,WIN_bfe82f0ee7d2e3b0,True
WIN_bfe82f0ee7d2e3b0,REG_bfe82f0ee7d2e3b0,WIN_bfe82f0ee7d2e3b0,True
WIN_db96b4765b196f08,REG_6388dd60b4d36dce,WIN_6388dd60b4d36dce,True
WIN_63cf40f549b52d1e,REG_6388dd60b4d36dce,WIN_6388dd60b4d36dce,True
WIN_faccb6fd92488f1f,REG_6388dd60b4d36dce,WIN_6388dd60b4d36dce,True
WIN_6388dd60b4d36dce,REG_6388dd60b4d36dce,WIN_6388dd60b4d36dce,True
WIN_f24bfd92279c8903,REG_6388dd60b4d36dce,WIN_6388dd60b4d36dce,True
WIN_4dd618392ee5f5a5,REG_6388dd60b4d36dce,WIN_6388dd60b4d36dce,True
WIN_b3b046b055ca2181,REG_6388dd60b4d36dce,WIN_6388dd60b4d36dce,True
WIN_d1dcd95eed390de0,REG_4656cdf7ad733e1b,WIN_4656cdf7ad733e1b,True
WIN_5e3657db5182ad49,REG_4656cdf7ad733e1b,WIN_4656cdf7ad733e1b,True
WIN_f470996132f88f89,REG_4656cdf7ad733e1b,WIN_4656cdf7ad733e1b,True
WIN_4656cdf7ad733e1b,REG_4656cdf7ad733e1b,WIN_4656cdf7ad733e1b,True
WIN_ad5366146d568245,REG_4656cdf7ad733e1b,WIN_4656cdf7ad733e1b,True
WIN_a5009ce4f8c8ba47,REG_4656cdf7ad733e1b,WIN_4656cdf7ad733e1b,True
WIN_5821c3af06a56783,REG_4656cdf7ad733e1b,WIN_4656cdf7ad733e1b,True
WIN_887daf00215661bb,REG_887daf00215661bb,WIN_887daf00215661bb,True
WIN_62a8734d12a5f80b,REG_887daf00215661bb,WIN_887daf00215661bb,True
WIN_1a98541d28b31e15,REG_887daf00215661bb,WIN_887daf00215661bb,True
WIN_4b2d8e252f92f5b0,REG_887daf00215661bb,WIN_887daf00215661bb,True
WIN_aac49e53cdae3045,REG_e4bc09e904bc3114,WIN_e4bc09e904bc3114,True
WIN_f309f9f174f539fb,REG_e4bc09e904bc3114,WIN_e4bc09e904bc3114,True
WIN_77e47ecc35aa76ae,REG_e4bc09e904bc3114,WIN_e4bc09e904bc3114,True
WIN_e4bc09e904bc3114,REG_e4bc09e904bc3114,WIN_e4bc09e904bc3114,True
WIN_2845159bdd30f1c1,REG_e4bc09e904bc3114,WIN_e4bc09e904bc3114,True
WIN_271787ed7f05628b,REG_e4bc09e904bc3114,WIN_e4bc09e904bc3114,True
WIN_a042dca29eb2d17c,REG_e4bc09e904bc3114,WIN_e4bc09e904bc3114,True
WIN_50664e698f24a3c5,REG_50664e698f24a3c5,WIN_50664e698f24a3c5,True
WIN_17a426b650e55047,REG_50664e698f24a3c5,WIN_50664e698f24a3c5,True
WIN_a8df30fa099a4f51,REG_50664e698f24a3c5,WIN_50664e698f24a3c5,True
WIN_e6af3df178daf8f5,REG_50664e698f24a3c5,WIN_50664e698f24a3c5,True
WIN_f837ae5b36d49b40,REG_b49ad90763bebb4a,WIN_b49ad90763bebb4a,True
WIN_18e174a5d0aa5ce1,REG_b49ad90763bebb4a,WIN_b49ad90763bebb4a,True
WIN_b49ad90763bebb4a,REG_b49ad90763bebb4a,WIN_b49ad90763bebb4a,True
WIN_2419bd66a5c2f9af,REG_b49ad90763bebb4a,WIN_b49ad90763bebb4a,True
WIN_769ea1178bee38ae,REG_b49ad90763bebb4a,WIN_b49ad90763bebb4a,True
WIN_a5492d40d5714665,REG_b49ad90763bebb4a,WIN_b49ad90763bebb4a,True
WIN_a00e8bb6bc375c0e,REG_e791745e50904ac3,WIN_e791745e50904ac3,True
WIN_ea31557e83feb4df,REG_e791745e50904ac3,WIN_e791745e50904ac3,True
WIN_ffcf5c1ddab14903,REG_e791745e50904ac3,WIN_e791745e50904ac3,True
WIN_e791745e50904ac3,REG_e791745e50904ac3,WIN_e791745e50904ac3,True
WIN_a656e63765e388b3,REG_e791745e50904ac3,WIN_e791745e50904ac3,True
WIN_abbe999909d6c402,REG_e791745e50904ac3,WIN_e791745e50904ac3,True
WIN_217011f6824dd3f7,REG_e791745e50904ac3,WIN_e791745e50904ac3,True
WIN_3ce2f41b500a1a0e,REG_43942a9c98b7659d,WIN_43942a9c98b7659d,True
WIN_84a114e5a2966c5f,REG_43942a9c98b7659d,WIN_43942a9c98b7659d,True
WIN_43942a9c98b7659d,REG_43942a9c98b7659d,WIN_43942a9c98b7659d,True
WIN_eb20be363a79cb1c,REG_43942a9c98b7659d,WIN_43942a9c98b7659d,True
WIN_57e1536d11679c0c,REG_43942a9c98b7659d,WIN_43942a9c98b7659d,True
WIN_cf01ef4113e60873,REG_43942a9c98b7659d,WIN_43942a9c98b7659d,True
WIN_bd9aef7940047191,REG_210603b4131e5b66,WIN_210603b4131e5b66,True
WIN_fc5409d7e1e286a4,REG_210603b4131e5b66,WIN_210603b4131e5b66,True
WIN_aa7d252cda959d72,REG_210603b4131e5b66,WIN_210603b4131e5b66,True
WIN_210603b4131e5b66,REG_210603b4131e5b66,WIN_210603b4131e5b66,True
WIN_b7379e2d9bc49b26,REG_210603b4131e5b66,WIN_210603b4131e5b66,True
WIN_445a7ba6ffa64e1f,REG_210603b4131e5b66,WIN_210603b4131e5b66,True
WIN_98d5fd9524ab7e3f,REG_210603b4131e5b66,WIN_210603b4131e5b66,True
WIN_3cb36bd6a3ced8e2,REG_b1dc3aac61a03092,WIN_b1dc3aac61a03092,True
WIN_968d8d6d24f0838c,REG_b1dc3aac61a03092,WIN_b1dc3aac61a03092,True
WIN_cf9e41b32e5287c1,REG_b1dc3aac61a03092,WIN_b1dc3aac61a03092,True
WIN_b1dc3aac61a03092,REG_b1dc3aac61a03092,WIN_b1dc3aac61a03092,True
WIN_daaae94df62c0967,REG_b1dc3aac61a03092,WIN_b1dc3aac61a03092,True
WIN_8b4c18a7b646efa9,REG_b1dc3aac61a03092,WIN_b1dc3aac61a03092,True
WIN_33b037e2ed7e29ec,REG_b1dc3aac61a03092,WIN_b1dc3aac61a03092,True
WIN_56d52789d6ad1b41,REG_8a068a99022b36eb,WIN_8a068a99022b36eb,True
WIN_7b51806fd2bf35a4,REG_8a068a99022b36eb,WIN_8a068a99022b36eb,True
WIN_d8749a2d63220f47,REG_8a068a99022b36eb,WIN_8a068a99022b36eb,True
WIN_8a068a99022b36eb,REG_8a068a99022b36eb,WIN_8a068a99022b36eb,True
WIN_a407a529597bfa1b,REG_8a068a99022b36eb,WIN_8a068a99022b36eb,True
WIN_9882b5fb863ccf09,REG_8a068a99022b36eb,WIN_8a068a99022b36eb,True
WIN_b605ea55b9095bf9,REG_8a068a99022b36eb,WIN_8a068a99022b36eb,True
WIN_0935f53726466445,REG_5face4c7f61786ca,WIN_5face4c7f61786ca,True
WIN_9853e63292c13839,REG_5face4c7f61786ca,WIN_5face4c7f61786ca,True
WIN_6d7826a05434ac22,REG_5face4c7f61786ca,WIN_5face4c7f61786ca,True
WIN_5face4c7f61786ca,REG_5face4c7f61786ca,WIN_5face4c7f61786ca,True
WIN_576779185c1c9a0c,REG_344dc50d11738443,WIN_344dc50d11738443,True
WIN_344dc50d11738443,REG_344dc50d11738443,WIN_344dc50d11738443,True
WIN_d7f0100a11c39708,REG_344dc50d11738443,WIN_344dc50d11738443,True
WIN_d87b8aa45b3c2dae,REG_344dc50d11738443,WIN_344dc50d11738443,True
WIN_f111d517533a95fe,REG_f111d517533a95fe,WIN_f111d517533a95fe,True
WIN_25e6bf2fd518f612,REG_f111d517533a95fe,WIN_f111d517533a95fe,True
WIN_e283ed80d253d851,REG_f111d517533a95fe,WIN_f111d517533a95fe,True
WIN_68a40e9583e99071,REG_f111d517533a95fe,WIN_f111d517533a95fe,True
WIN_3b2a23773ce549af,REG_0e1a8caad1b8cb7e,WIN_0e1a8caad1b8cb7e,True
WIN_2bf4e9e2a96ba227,REG_0e1a8caad1b8cb7e,WIN_0e1a8caad1b8cb7e,True
WIN_75d7458fcb897bf0,REG_0e1a8caad1b8cb7e,WIN_0e1a8caad1b8cb7e,True
WIN_0e1a8caad1b8cb7e,REG_0e1a8caad1b8cb7e,WIN_0e1a8caad1b8cb7e,True
WIN_8639d596a56de292,REG_0e1a8caad1b8cb7e,WIN_0e1a8caad1b8cb7e,True
WIN_f064f5b188cc263b,REG_0e1a8caad1b8cb7e,WIN_0e1a8caad1b8cb7e,True
WIN_a2bd62715b4dad22,REG_0e1a8caad1b8cb7e,WIN_0e1a8caad1b8cb7e,True
WIN_003c5df36d16be7d,REG_003c5df36d16be7d,WIN_003c5df36d16be7d,True
WIN_f5178beec5fbab10,REG_003c5df36d16be7d,WIN_003c5df36d16be7d,True
WIN_53d8cc40d0befa26,REG_003c5df36d16be7d,WIN_003c5df36d16be7d,True
WIN_ab49f5c3fea1c174,REG_003c5df36d16be7d,WIN_003c5df36d16be7d,True
WIN_17839158fa590be7,REG_141f8c9bbaefaf4c,WIN_141f8c9bbaefaf4c,True
WIN_081d8595341a4ce3,REG_141f8c9bbaefaf4c,WIN_141f8c9bbaefaf4c,True
WIN_1460725965f6d60e,REG_141f8c9bbaefaf4c,WIN_141f8c9bbaefaf4c,True
WIN_141f8c9bbaefaf4c,REG_141f8c9bbaefaf4c,WIN_141f8c9bbaefaf4c,True
WIN_4c9aa430a4b1952d,REG_ab36e6fae2467684,WIN_ab36e6fae2467684,True
WIN_e96dd37a619adcac,REG_ab36e6fae2467684,WIN_ab36e6fae2467684,True
WIN_ab36e6fae2467684,REG_ab36e6fae2467684,WIN_ab36e6fae2467684,True
WIN_6093b71d038f2eb6,REG_ab36e6fae2467684,WIN_ab36e6fae2467684,True
WIN_c3ad82c1132fd222,REG_ab36e6fae2467684,WIN_ab36e6fae2467684,True
WIN_3661e2bbf520e749,REG_ab36e6fae2467684,WIN_ab36e6fae2467684,True
WIN_48cb815581f76df2,REG_1de152c51b75e3d3,WIN_1de152c51b75e3d3,True
WIN_c526dbb4c7819113,REG_1de152c51b75e3d3,WIN_1de152c51b75e3d3,True
WIN_4176fd8c4d3df731,REG_1de152c51b75e3d3,WIN_1de152c51b75e3d3,True
WIN_1de152c51b75e3d3,REG_1de152c51b75e3d3,WIN_1de152c51b75e3d3,True
WIN_3f396fdcde15d819,REG_1ce8c0106e6311fd,WIN_1ce8c0106e6311fd,True
WIN_8842e74e5ba16d42,REG_1ce8c0106e6311fd,WIN_1ce8c0106e6311fd,True
WIN_1ce8c0106e6311fd,REG_1ce8c0106e6311fd,WIN_1ce8c0106e6311fd,True
WIN_e159d168a3b21bbb,REG_1ce8c0106e6311fd,WIN_1ce8c0106e6311fd,True
WIN_42b14904961f4bce,REG_1ce8c0106e6311fd,WIN_1ce8c0106e6311fd,True
WIN_5641ce485628ed7e,REG_1ce8c0106e6311fd,WIN_1ce8c0106e6311fd,True
WIN_6ef8d1c7cfbee8bf,REG_263da987da5a14c7,WIN_263da987da5a14c7,True
WIN_263da987da5a14c7,REG_263da987da5a14c7,WIN_263da987da5a14c7,True
WIN_35fef197ec381d82,REG_263da987da5a14c7,WIN_263da987da5a14c7,True
WIN_c52c0c192073ff5c,REG_263da987da5a14c7,WIN_263da987da5a14c7,True
WIN_0c9d64286c397a08,REG_263da987da5a14c7,WIN_263da987da5a14c7,True
WIN_d9cabfe1df910edd,REG_d9cabfe1df910edd,WIN_d9cabfe1df910edd,True
WIN_fbe9d78a70450e6d,REG_d9cabfe1df910edd,WIN_d9cabfe1df910edd,True
WIN_05116a78e60d1685,REG_d9cabfe1df910edd,WIN_d9cabfe1df910edd,True
WIN_47a0268623733718,REG_d9cabfe1df910edd,WIN_d9cabfe1df910edd,True
WIN_109d4dda136c9611,REG_d5500293a1d77beb,WIN_d5500293a1d77beb,True
WIN_b065dc584da114ff,REG_d5500293a1d77beb,WIN_d5500293a1d77beb,True
WIN_8df4248e6e8513f0,REG_d5500293a1d77beb,WIN_d5500293a1d77beb,True
WIN_d5500293a1d77beb,REG_d5500293a1d77beb,WIN_d5500293a1d77beb,True
WIN_115e5ff5e738b725,REG_93abf706ff4a410d,WIN_93abf706ff4a410d,True
WIN_76252ebe3ce6ce3c,REG_93abf706ff4a410d,WIN_93abf706ff4a410d,True
WIN_95b222ab73b40c26,REG_93abf706ff4a410d,WIN_93abf706ff4a410d,True
WIN_93abf706ff4a410d,REG_93abf706ff4a410d,WIN_93abf706ff4a410d,True
WIN_7188db6965b7db07,REG_93abf706ff4a410d,WIN_93abf706ff4a410d,True
WIN_aa7aaa4bba5e3efe,REG_93abf706ff4a410d,WIN_93abf706ff4a410d,True
WIN_93868a0b9cca932f,REG_c817f72b1f98f6fe,WIN_c817f72b1f98f6fe,True
WIN_9b3b1673143e6727,REG_c817f72b1f98f6fe,WIN_c817f72b1f98f6fe,True
WIN_6dd69f5797317aed,REG_c817f72b1f98f6fe,WIN_c817f72b1f98f6fe,True
WIN_c817f72b1f98f6fe,REG_c817f72b1f98f6fe,WIN_c817f72b1f98f6fe,True
WIN_3b5168cf516445fe,REG_c817f72b1f98f6fe,WIN_c817f72b1f98f6fe,True
WIN_2b6fa048b0498e1b,REG_c817f72b1f98f6fe,WIN_c817f72b1f98f6fe,True
WIN_0373cd90fbcba18e,REG_c817f72b1f98f6fe,WIN_c817f72b1f98f6fe,True
WIN_16c7e7426e11713f,REG_16c7e7426e11713f,WIN_16c7e7426e11713f,True
WIN_b13439350e2574ee,REG_16c7e7426e11713f,WIN_16c7e7426e11713f,True
WIN_d06f13a501d9be4b,REG_16c7e7426e11713f,WIN_16c7e7426e11713f,True
WIN_15a0fe5ffed386c8,REG_16c7e7426e11713f,WIN_16c7e7426e11713f,True
WIN_932e9c76e2298cb4,REG_e094ac4d00b73de6,WIN_e094ac4d00b73de6,True
WIN_3978e9ca4fdad327,REG_e094ac4d00b73de6,WIN_e094ac4d00b73de6,True
WIN_ccaa3a9da165f1d7,REG_e094ac4d00b73de6,WIN_e094ac4d00b73de6,True
WIN_e094ac4d00b73de6,REG_e094ac4d00b73de6,WIN_e094ac4d00b73de6,True
WIN_0caabb34c0746654,REG_2efb3f84b13e0e2e,WIN_2efb3f84b13e0e2e,True
WIN_2d5a6c662217eb75,REG_2efb3f84b13e0e2e,WIN_2efb3f84b13e0e2e,True
WIN_deef999cc3cfee8e,REG_2efb3f84b13e0e2e,WIN_2efb3f84b13e0e2e,True
WIN_2efb3f84b13e0e2e,REG_2efb3f84b13e0e2e,WIN_2efb3f84b13e0e2e,True
WIN_8ec4681ea7d7b07e,REG_2efb3f84b13e0e2e,WIN_2efb3f84b13e0e2e,True
WIN_0a8ce64310dee5a4,REG_0a8ce64310dee5a4,WIN_0a8ce64310dee5a4,True
WIN_12eab5c16092d585,REG_0a8ce64310dee5a4,WIN_0a8ce64310dee5a4,True
WIN_f2643d1be141ae2c,REG_0a8ce64310dee5a4,WIN_0a8ce64310dee5a4,True
WIN_145d23a732a0f7c5,REG_0a8ce64310dee5a4,WIN_0a8ce64310dee5a4,True
WIN_09495bcb7effde90,REG_130e7d978c154261,WIN_130e7d978c154261,True
WIN_0b78eb806b234c94,REG_130e7d978c154261,WIN_130e7d978c154261,True
WIN_80f395ef340561bc,REG_130e7d978c154261,WIN_130e7d978c154261,True
WIN_130e7d978c154261,REG_130e7d978c154261,WIN_130e7d978c154261,True
WIN_3294879e774461c7,REG_130e7d978c154261,WIN_130e7d978c154261,True
WIN_350d3b1b3758500b,REG_130e7d978c154261,WIN_130e7d978c154261,True
WIN_c5f7d34209f52bc4,REG_130e7d978c154261,WIN_130e7d978c154261,True
WIN_6b630d3438de7fe0,REG_2ef23a83a92de13a,WIN_2ef23a83a92de13a,True
WIN_01bea023b46814ca,REG_2ef23a83a92de13a,WIN_2ef23a83a92de13a,True
WIN_e555075d5a2d90b0,REG_2ef23a83a92de13a,WIN_2ef23a83a92de13a,True
WIN_2ef23a83a92de13a,REG_2ef23a83a92de13a,WIN_2ef23a83a92de13a,True
WIN_8e9e21a6362db5ee,REG_1cb56c573146ba20,WIN_1cb56c573146ba20,True
WIN_32d6431d989233d0,REG_1cb56c573146ba20,WIN_1cb56c573146ba20,True
WIN_c9b6d03e10435d3a,REG_1cb56c573146ba20,WIN_1cb56c573146ba20,True
WIN_1cb56c573146ba20,REG_1cb56c573146ba20,WIN_1cb56c573146ba20,True
WIN_dbb2b702953982a4,REG_19cf6f4bee6d033f,WIN_19cf6f4bee6d033f,True
WIN_df359fbb4000ec6f,REG_19cf6f4bee6d033f,WIN_19cf6f4bee6d033f,True
WIN_4eeb384302a91cee,REG_19cf6f4bee6d033f,WIN_19cf6f4bee6d033f,True
WIN_19cf6f4bee6d033f,REG_19cf6f4bee6d033f,WIN_19cf6f4bee6d033f,True
WIN_4af4908928b6ad3b,REG_4af4908928b6ad3b,WIN_4af4908928b6ad3b,True
WIN_4a5d709fa80f7c96,REG_4af4908928b6ad3b,WIN_4af4908928b6ad3b,True
WIN_9124fc4bc283a617,REG_4af4908928b6ad3b,WIN_4af4908928b6ad3b,True
WIN_6f937a11640471d5,REG_4af4908928b6ad3b,WIN_4af4908928b6ad3b,True
WIN_29feda1ea8fb61d3,REG_6ce396d1432e744a,WIN_6ce396d1432e744a,True
WIN_d75aafdaebe3e291,REG_6ce396d1432e744a,WIN_6ce396d1432e744a,True
WIN_f452dc345ed59554,REG_6ce396d1432e744a,WIN_6ce396d1432e744a,True
WIN_6ce396d1432e744a,REG_6ce396d1432e744a,WIN_6ce396d1432e744a,True
WIN_b8398ef44df5ecc0,REG_6ce396d1432e744a,WIN_6ce396d1432e744a,True
WIN_2f6713b567dd8792,REG_6ce396d1432e744a,WIN_6ce396d1432e744a,True
WIN_290271ba02e12a0a,REG_6ce396d1432e744a,WIN_6ce396d1432e744a,True
WIN_34075af70611c52f,REG_043e6389dc03d801,WIN_043e6389dc03d801,True
WIN_30f15a5cc2954812,REG_043e6389dc03d801,WIN_043e6389dc03d801,True
WIN_043e6389dc03d801,REG_043e6389dc03d801,WIN_043e6389dc03d801,True
WIN_f20a6d6ce4874cf8,REG_043e6389dc03d801,WIN_043e6389dc03d801,True
WIN_063105ae0141891a,REG_043e6389dc03d801,WIN_043e6389dc03d801,True
WIN_2634a48eb6f133bd,REG_043e6389dc03d801,WIN_043e6389dc03d801,True
WIN_838a05f3651a0b03,REG_1c7fa175f31a8045,WIN_1c7fa175f31a8045,True
WIN_fb0a2cc0dde0ba56,REG_1c7fa175f31a8045,WIN_1c7fa175f31a8045,True
WIN_7821815ec26f2d04,REG_1c7fa175f31a8045,WIN_1c7fa175f31a8045,True
WIN_1c7fa175f31a8045,REG_1c7fa175f31a8045,WIN_1c7fa175f31a8045,True
WIN_f3ffa412dd5ed8a9,REG_1c7fa175f31a8045,WIN_1c7fa175f31a8045,True
WIN_c8fde04fa322b3d4,REG_1c7fa175f31a8045,WIN_1c7fa175f31a8045,True
WIN_4fc763cbb6a3c5f4,REG_1c7fa175f31a8045,WIN_1c7fa175f31a8045,True
WIN_ec1366aa0c2d64ac,REG_0ed7d81cb946f96a,WIN_0ed7d81cb946f96a,True
WIN_8b273050e3b398f3,REG_0ed7d81cb946f96a,WIN_0ed7d81cb946f96a,True
WIN_30aeb254aca17de3,REG_0ed7d81cb946f96a,WIN_0ed7d81cb946f96a,True
WIN_0ed7d81cb946f96a,REG_0ed7d81cb946f96a,WIN_0ed7d81cb946f96a,True
WIN_2d790ff113c64911,REG_0ed7d81cb946f96a,WIN_0ed7d81cb946f96a,True
WIN_fe8a12f37fe1ccb3,REG_0ed7d81cb946f96a,WIN_0ed7d81cb946f96a,True
WIN_b7227ea22efa135d,REG_0ed7d81cb946f96a,WIN_0ed7d81cb946f96a,True
WIN_3e885543a948d194,REG_2cfd41a33d4c93d4,WIN_2cfd41a33d4c93d4,True
WIN_42a1521fdb4d2313,REG_2cfd41a33d4c93d4,WIN_2cfd41a33d4c93d4,True
WIN_fb7852c41ec10c94,REG_2cfd41a33d4c93d4,WIN_2cfd41a33d4c93d4,True
WIN_2cfd41a33d4c93d4,REG_2cfd41a33d4c93d4,WIN_2cfd41a33d4c93d4,True
WIN_654fa2ba33b3095d,REG_2cfd41a33d4c93d4,WIN_2cfd41a33d4c93d4,True
WIN_69d31a861fa8ebbc,REG_2cfd41a33d4c93d4,WIN_2cfd41a33d4c93d4,True
WIN_a7a888a8e131ec48,REG_2cfd41a33d4c93d4,WIN_2cfd41a33d4c93d4,True
WIN_457511acf41393cf,REG_91d8760064a850f2,WIN_91d8760064a850f2,True
WIN_8133e6f2255e2680,REG_91d8760064a850f2,WIN_91d8760064a850f2,True
WIN_50652851a7dd6a7d,REG_91d8760064a850f2,WIN_91d8760064a850f2,True
WIN_91d8760064a850f2,REG_91d8760064a850f2,WIN_91d8760064a850f2,True
WIN_4a23439492cc0d5a,REG_91d8760064a850f2,WIN_91d8760064a850f2,True
WIN_548874c6a5384e3e,REG_91d8760064a850f2,WIN_91d8760064a850f2,True
WIN_492976f0683ffab4,REG_91d8760064a850f2,WIN_91d8760064a850f2,True
WIN_c30f8f6d0137bc52,REG_355d300299afdfb0,WIN_355d300299afdfb0,True
WIN_28a943947649dfa3,REG_355d300299afdfb0,WIN_355d300299afdfb0,True
WIN_3fcb294e76c65318,REG_355d300299afdfb0,WIN_355d300299afdfb0,True
WIN_355d300299afdfb0,REG_355d300299afdfb0,WIN_355d300299afdfb0,True
WIN_592e311263f2c529,REG_355d300299afdfb0,WIN_355d300299afdfb0,True
WIN_58c00fa0fb47fb93,REG_355d300299afdfb0,WIN_355d300299afdfb0,True
WIN_6c1aadf4b65db106,REG_355d300299afdfb0,WIN_355d300299afdfb0,True
WIN_69e8f6cd73fe755f,REG_e00442684277eedc,WIN_e00442684277eedc,True
WIN_9f5de8354736066f,REG_e00442684277eedc,WIN_e00442684277eedc,True
WIN_61c2d89c23f6ef96,REG_e00442684277eedc,WIN_e00442684277eedc,True
WIN_e00442684277eedc,REG_e00442684277eedc,WIN_e00442684277eedc,True
WIN_b5d47fb4891c38f7,REG_e00442684277eedc,WIN_e00442684277eedc,True
WIN_902d1c3601e1bfea,REG_e00442684277eedc,WIN_e00442684277eedc,True
WIN_0033f61d081dbfcd,REG_e00442684277eedc,WIN_e00442684277eedc,True
WIN_598846a7d6cf6680,REG_0bc80b9f602472b5,WIN_0bc80b9f602472b5,True
WIN_942c6848be20e1b6,REG_0bc80b9f602472b5,WIN_0bc80b9f602472b5,True
WIN_d6c80f1e534ca56b,REG_0bc80b9f602472b5,WIN_0bc80b9f602472b5,True
WIN_0bc80b9f602472b5,REG_0bc80b9f602472b5,WIN_0bc80b9f602472b5,True
WIN_e4925a0d9ee47346,REG_0bc80b9f602472b5,WIN_0bc80b9f602472b5,True
WIN_d533a4e455c081e8,REG_0bc80b9f602472b5,WIN_0bc80b9f602472b5,True
WIN_b493a9cc1a1b2461,REG_0bc80b9f602472b5,WIN_0bc80b9f602472b5,True
WIN_eac855860b8ffd4f,REG_e2a7770ea714c0f7,WIN_e2a7770ea714c0f7,True
WIN_3cde815580ddccf3,REG_e2a7770ea714c0f7,WIN_e2a7770ea714c0f7,True
WIN_031d4d2bf60b999c,REG_e2a7770ea714c0f7,WIN_e2a7770ea714c0f7,True
WIN_e2a7770ea714c0f7,REG_e2a7770ea714c0f7,WIN_e2a7770ea714c0f7,True
WIN_9a7a76a93fe5d5f2,REG_e2a7770ea714c0f7,WIN_e2a7770ea714c0f7,True
WIN_37f15df57a126a76,REG_e2a7770ea714c0f7,WIN_e2a7770ea714c0f7,True
WIN_7c4ea76c7c3f7eb1,REG_e2a7770ea714c0f7,WIN_e2a7770ea714c0f7,True
WIN_4a832933b7421221,REG_4a832933b7421221,WIN_4a832933b7421221,True
WIN_15d3e652523a7b4c,REG_4a832933b7421221,WIN_4a832933b7421221,True
WIN_24b70b1fd5aa9b75,REG_24b70b1fd5aa9b75,WIN_24b70b1fd5aa9b75,True
WIN_71c486c5c2ffacbe,REG_24b70b1fd5aa9b75,WIN_24b70b1fd5aa9b75,True
WIN_2b204556ec1360df,REG_2b204556ec1360df,WIN_2b204556ec1360df,True
WIN_79b5dff1297cd1c4,REG_2b204556ec1360df,WIN_2b204556ec1360df,True
WIN_7cdcb318f38919e9,REG_2b204556ec1360df,WIN_2b204556ec1360df,True
WIN_38b4d73fe535ef08,REG_2b204556ec1360df,WIN_2b204556ec1360df,True
WIN_faeebeb49452c670,REG_4d525d876fd587ea,WIN_4d525d876fd587ea,True
WIN_1d295c34c6d88eaa,REG_4d525d876fd587ea,WIN_4d525d876fd587ea,True
WIN_e60dc2bfa23092fd,REG_4d525d876fd587ea,WIN_4d525d876fd587ea,True
WIN_4d525d876fd587ea,REG_4d525d876fd587ea,WIN_4d525d876fd587ea,True
WIN_607827b271b36504,REG_4d525d876fd587ea,WIN_4d525d876fd587ea,True
WIN_5c8f70ba529a0851,REG_4d525d876fd587ea,WIN_4d525d876fd587ea,True
WIN_be143f3befe70d37,REG_4d525d876fd587ea,WIN_4d525d876fd587ea,True
WIN_9a0737b153dbd1f7,REG_2d5a9173244d00d3,WIN_2d5a9173244d00d3,True
WIN_78b4864312e51c47,REG_2d5a9173244d00d3,WIN_2d5a9173244d00d3,True
WIN_bb629b11f8a1091c,REG_2d5a9173244d00d3,WIN_2d5a9173244d00d3,True
WIN_2d5a9173244d00d3,REG_2d5a9173244d00d3,WIN_2d5a9173244d00d3,True
WIN_d4189351a91b3cb3,REG_2d5a9173244d00d3,WIN_2d5a9173244d00d3,True
WIN_1fc62eb1213185ea,REG_a899a2dfc42fc00a,WIN_a899a2dfc42fc00a,True
WIN_80551049e9428e9b,REG_a899a2dfc42fc00a,WIN_a899a2dfc42fc00a,True
WIN_a899a2dfc42fc00a,REG_a899a2dfc42fc00a,WIN_a899a2dfc42fc00a,True
WIN_a11079548ec09ed0,REG_a899a2dfc42fc00a,WIN_a899a2dfc42fc00a,True
WIN_b5df8c529e93382e,REG_a899a2dfc42fc00a,WIN_a899a2dfc42fc00a,True
WIN_a369b901f482d1d0,REG_a899a2dfc42fc00a,WIN_a899a2dfc42fc00a,True
WIN_4b13aad85247a8b7,REG_799182d317eb3105,WIN_799182d317eb3105,True
WIN_1bce6538c8bafda2,REG_799182d317eb3105,WIN_799182d317eb3105,True
WIN_f27bf3658a170ecc,REG_799182d317eb3105,WIN_799182d317eb3105,True
WIN_799182d317eb3105,REG_799182d317eb3105,WIN_799182d317eb3105,True
WIN_0d790e0a95672462,REG_799182d317eb3105,WIN_799182d317eb3105,True
WIN_b06251ce61b9dbc9,REG_799182d317eb3105,WIN_799182d317eb3105,True
WIN_dfe2bfdceff37b24,REG_799182d317eb3105,WIN_799182d317eb3105,True
WIN_28fd567c38f7adc7,REG_f4f94d895cad31f1,WIN_f4f94d895cad31f1,True
WIN_cde3339248138185,REG_f4f94d895cad31f1,WIN_f4f94d895cad31f1,True
WIN_f4f94d895cad31f1,REG_f4f94d895cad31f1,WIN_f4f94d895cad31f1,True
WIN_e6e94d0252bed096,REG_88fd5893c1a99685,WIN_88fd5893c1a99685,True
WIN_f3f178b900b10233,REG_88fd5893c1a99685,WIN_88fd5893c1a99685,True
WIN_e30086c2e2e99289,REG_88fd5893c1a99685,WIN_88fd5893c1a99685,True
WIN_88fd5893c1a99685,REG_88fd5893c1a99685,WIN_88fd5893c1a99685,True
WIN_9e6d6e195232d0dc,REG_88fd5893c1a99685,WIN_88fd5893c1a99685,True
WIN_0494afab1838c633,REG_88fd5893c1a99685,WIN_88fd5893c1a99685,True
WIN_0b9cf45699b1376f,REG_88fd5893c1a99685,WIN_88fd5893c1a99685,True
WIN_99329106a62a875b,REG_e4db7b40e5bbf985,WIN_e4db7b40e5bbf985,True
WIN_8d462ca43e309908,REG_e4db7b40e5bbf985,WIN_e4db7b40e5bbf985,True
WIN_7c63dad8b660e3e9,REG_e4db7b40e5bbf985,WIN_e4db7b40e5bbf985,True
WIN_e4db7b40e5bbf985,REG_e4db7b40e5bbf985,WIN_e4db7b40e5bbf985,True
WIN_56da705b9990a491,REG_e4db7b40e5bbf985,WIN_e4db7b40e5bbf985,True
WIN_d30bfde2f16fd82e,REG_e4db7b40e5bbf985,WIN_e4db7b40e5bbf985,True
WIN_22e3b5ca5e9bc1bc,REG_e4db7b40e5bbf985,WIN_e4db7b40e5bbf985,True
WIN_441e4d08df9c7b2b,REG_d9d76674b97e0733,WIN_d9d76674b97e0733,True
WIN_c55dcebceb846ae8,REG_d9d76674b97e0733,WIN_d9d76674b97e0733,True
WIN_d9d76674b97e0733,REG_d9d76674b97e0733,WIN_d9d76674b97e0733,True
WIN_46f6d451440d202c,REG_d9d76674b97e0733,WIN_d9d76674b97e0733,True
WIN_62c42fd02e0f312d,REG_d9d76674b97e0733,WIN_d9d76674b97e0733,True
WIN_81fcf36be6ac7b25,REG_d9d76674b97e0733,WIN_d9d76674b97e0733,True
WIN_2d0e8a7a9e329d1b,REG_6f93a151ced4026e,WIN_6f93a151ced4026e,True
WIN_1152dc1608724e1f,REG_6f93a151ced4026e,WIN_6f93a151ced4026e,True
WIN_bcfe277537712da2,REG_6f93a151ced4026e,WIN_6f93a151ced4026e,True
WIN_6f93a151ced4026e,REG_6f93a151ced4026e,WIN_6f93a151ced4026e,True
WIN_2a14151a84e931ac,REG_6f93a151ced4026e,WIN_6f93a151ced4026e,True
WIN_481fc9b0a9b508ae,REG_6f93a151ced4026e,WIN_6f93a151ced4026e,True
WIN_7f43f7c54bcb86d7,REG_6f93a151ced4026e,WIN_6f93a151ced4026e,True
WIN_e5a513e868c94999,REG_e5a513e868c94999,WIN_e5a513e868c94999,True
WIN_fcad2a029de40b8e,REG_e5a513e868c94999,WIN_e5a513e868c94999,True
WIN_dc65815f3460decc,REG_e5a513e868c94999,WIN_e5a513e868c94999,True
WIN_bd74385965b6a44f,REG_e5a513e868c94999,WIN_e5a513e868c94999,True
WIN_c8fddef551ec3ca5,REG_e5fe7d0f846977bf,WIN_e5fe7d0f846977bf,True
WIN_4b4526d0de612c74,REG_e5fe7d0f846977bf,WIN_e5fe7d0f846977bf,True
WIN_93a5855070453e83,REG_e5fe7d0f846977bf,WIN_e5fe7d0f846977bf,True
WIN_e5fe7d0f846977bf,REG_e5fe7d0f846977bf,WIN_e5fe7d0f846977bf,True
WIN_661cd87ee3f73995,REG_e5fe7d0f846977bf,WIN_e5fe7d0f846977bf,True
WIN_2db407d98d79a820,REG_e5fe7d0f846977bf,WIN_e5fe7d0f846977bf,True
WIN_19cc21d90b5ba197,REG_e5fe7d0f846977bf,WIN_e5fe7d0f846977bf,True
WIN_edd9ee308276274d,REG_10cc4c71e58aaf7c,WIN_10cc4c71e58aaf7c,True
WIN_791da6d47f31c83e,REG_10cc4c71e58aaf7c,WIN_10cc4c71e58aaf7c,True
WIN_9f00c563c7bbd962,REG_10cc4c71e58aaf7c,WIN_10cc4c71e58aaf7c,True
WIN_10cc4c71e58aaf7c,REG_10cc4c71e58aaf7c,WIN_10cc4c71e58aaf7c,True
WIN_d070bf5b0be4ef20,REG_10cc4c71e58aaf7c,WIN_10cc4c71e58aaf7c,True
WIN_c3321b4cf766d730,REG_10cc4c71e58aaf7c,WIN_10cc4c71e58aaf7c,True
WIN_a21e93c854166c78,REG_10cc4c71e58aaf7c,WIN_10cc4c71e58aaf7c,True
WIN_865aa7367a9374ed,REG_e1c5f071cf5f4c51,WIN_e1c5f071cf5f4c51,True
WIN_e1c5f071cf5f4c51,REG_e1c5f071cf5f4c51,WIN_e1c5f071cf5f4c51,True
WIN_094a88539209b164,REG_e1c5f071cf5f4c51,WIN_e1c5f071cf5f4c51,True
WIN_665e292477734a76,REG_e1c5f071cf5f4c51,WIN_e1c5f071cf5f4c51,True
WIN_7dab38995a184a32,REG_e1c5f071cf5f4c51,WIN_e1c5f071cf5f4c51,True
WIN_7864e706443afe5f,REG_feaaef8e59daf070,WIN_feaaef8e59daf070,True
WIN_d1af0f594a83275a,REG_feaaef8e59daf070,WIN_feaaef8e59daf070,True
WIN_13e093e9ce16ca90,REG_feaaef8e59daf070,WIN_feaaef8e59daf070,True
WIN_feaaef8e59daf070,REG_feaaef8e59daf070,WIN_feaaef8e59daf070,True
WIN_13ca6247819dad68,REG_feaaef8e59daf070,WIN_feaaef8e59daf070,True
WIN_487ad80792b40415,REG_feaaef8e59daf070,WIN_feaaef8e59daf070,True
WIN_a597c34d87110515,REG_feaaef8e59daf070,WIN_feaaef8e59daf070,True
WIN_2cbaa1127bf9e142,REG_7b692ac6dcefcc8a,WIN_7b692ac6dcefcc8a,True
WIN_eba19ca97baf2379,REG_7b692ac6dcefcc8a,WIN_7b692ac6dcefcc8a,True
WIN_d6ce4ac988361b71,REG_7b692ac6dcefcc8a,WIN_7b692ac6dcefcc8a,True
WIN_7b692ac6dcefcc8a,REG_7b692ac6dcefcc8a,WIN_7b692ac6dcefcc8a,True
WIN_7103654096b9e3bd,REG_7b692ac6dcefcc8a,WIN_7b692ac6dcefcc8a,True
WIN_6b685e4f52595298,REG_7b692ac6dcefcc8a,WIN_7b692ac6dcefcc8a,True
WIN_5868fe34e69db1d5,REG_ae5ff7d1cee355d4,WIN_ae5ff7d1cee355d4,True
WIN_627280e568a92689,REG_ae5ff7d1cee355d4,WIN_ae5ff7d1cee355d4,True
WIN_dc2ff1ff3ea26bbf,REG_ae5ff7d1cee355d4,WIN_ae5ff7d1cee355d4,True
WIN_ae5ff7d1cee355d4,REG_ae5ff7d1cee355d4,WIN_ae5ff7d1cee355d4,True
WIN_98ad84b95f72e0a7,REG_417f54f826f02d21,WIN_417f54f826f02d21,True
WIN_b9620d8966bda16e,REG_417f54f826f02d21,WIN_417f54f826f02d21,True
WIN_e203e3c173f1d71e,REG_417f54f826f02d21,WIN_417f54f826f02d21,True
WIN_417f54f826f02d21,REG_417f54f826f02d21,WIN_417f54f826f02d21,True
WIN_4b498e459b18075c,REG_417f54f826f02d21,WIN_417f54f826f02d21,True
WIN_a7604b3d24ed346b,REG_417f54f826f02d21,WIN_417f54f826f02d21,True
WIN_ca0e4fe1dbf6ad53,REG_417f54f826f02d21,WIN_417f54f826f02d21,True
WIN_32fa41442ca0caab,REG_38e2bf965c4a4480,WIN_38e2bf965c4a4480,True
WIN_1a261bcb9f1b7ef8,REG_38e2bf965c4a4480,WIN_38e2bf965c4a4480,True
WIN_a4b039fbacd264d0,REG_38e2bf965c4a4480,WIN_38e2bf965c4a4480,True
WIN_38e2bf965c4a4480,REG_38e2bf965c4a4480,WIN_38e2bf965c4a4480,True
WIN_bc9fc5e7c2f5556c,REG_37964cba0f9514ff,WIN_37964cba0f9514ff,True
WIN_37964cba0f9514ff,REG_37964cba0f9514ff,WIN_37964cba0f9514ff,True
WIN_c1443815c4baac57,REG_37964cba0f9514ff,WIN_37964cba0f9514ff,True
WIN_be523cbb05f9ce07,REG_37964cba0f9514ff,WIN_37964cba0f9514ff,True
WIN_1ddd2b187be4b081,REG_37964cba0f9514ff,WIN_37964cba0f9514ff,True
WIN_13be7a7511f35bf9,REG_a55728a694543975,WIN_a55728a694543975,True
WIN_120ede3092c9df45,REG_a55728a694543975,WIN_a55728a694543975,True
WIN_a55728a694543975,REG_a55728a694543975,WIN_a55728a694543975,True
WIN_97c780d5ebf2342b,REG_a55728a694543975,WIN_a55728a694543975,True
WIN_f5b612ee4df8e2cb,REG_a55728a694543975,WIN_a55728a694543975,True
WIN_8b97e96e657d83a6,REG_a55728a694543975,WIN_a55728a694543975,True
WIN_4297c12bbd41fa3a,REG_1379df5fbeedfe5d,WIN_1379df5fbeedfe5d,True
WIN_8ec7c0cbfe41c198,REG_1379df5fbeedfe5d,WIN_1379df5fbeedfe5d,True
WIN_63ebfde294ef6fe2,REG_1379df5fbeedfe5d,WIN_1379df5fbeedfe5d,True
WIN_1379df5fbeedfe5d,REG_1379df5fbeedfe5d,WIN_1379df5fbeedfe5d,True
WIN_610e889ee3e0a5fb,REG_1379df5fbeedfe5d,WIN_1379df5fbeedfe5d,True
WIN_076cc3a20ff4b28b,REG_1379df5fbeedfe5d,WIN_1379df5fbeedfe5d,True
WIN_f71864eaae908be4,REG_1379df5fbeedfe5d,WIN_1379df5fbeedfe5d,True
WIN_1776dc02b3062c85,REG_1776dc02b3062c85,WIN_1776dc02b3062c85,True
WIN_bfa6d6a3aee7c7cc,REG_1776dc02b3062c85,WIN_1776dc02b3062c85,True
WIN_01be705487acca2f,REG_1776dc02b3062c85,WIN_1776dc02b3062c85,True
WIN_46470fa8129cdc4d,REG_1776dc02b3062c85,WIN_1776dc02b3062c85,True
WIN_ff764f795a47b144,REG_ff764f795a47b144,WIN_ff764f795a47b144,True
WIN_33aab666d4736813,REG_ff764f795a47b144,WIN_ff764f795a47b144,True
WIN_24c9f3e4f9ed59e5,REG_ff764f795a47b144,WIN_ff764f795a47b144,True
WIN_687f49ceb736143a,REG_ff764f795a47b144,WIN_ff764f795a47b144,True
WIN_934ca9a4d8341711,REG_6b2deb25597c10a1,WIN_6b2deb25597c10a1,True
WIN_efa14f95438aea8c,REG_6b2deb25597c10a1,WIN_6b2deb25597c10a1,True
WIN_e7292bd3ee29fe5d,REG_6b2deb25597c10a1,WIN_6b2deb25597c10a1,True
WIN_6b2deb25597c10a1,REG_6b2deb25597c10a1,WIN_6b2deb25597c10a1,True
WIN_a47f1b23aeafb436,REG_6b2deb25597c10a1,WIN_6b2deb25597c10a1,True
WIN_2f692d26c48c896a,REG_6b2deb25597c10a1,WIN_6b2deb25597c10a1,True
WIN_725447946897a16b,REG_6b2deb25597c10a1,WIN_6b2deb25597c10a1,True
WIN_f9a8e47a881c630f,REG_841071ba4182d291,WIN_841071ba4182d291,True
WIN_b4a46fb11b449aa4,REG_841071ba4182d291,WIN_841071ba4182d291,True
WIN_885471a47174fd71,REG_841071ba4182d291,WIN_841071ba4182d291,True
WIN_841071ba4182d291,REG_841071ba4182d291,WIN_841071ba4182d291,True
WIN_29fa9ee0e17b5298,REG_841071ba4182d291,WIN_841071ba4182d291,True
WIN_9719c5029a10f266,REG_841071ba4182d291,WIN_841071ba4182d291,True
WIN_95e143eaa250e400,REG_841071ba4182d291,WIN_841071ba4182d291,True
WIN_1a4c58bcc44d6e09,REG_1a4c58bcc44d6e09,WIN_1a4c58bcc44d6e09,True
WIN_895a779480ff8546,REG_1a4c58bcc44d6e09,WIN_1a4c58bcc44d6e09,True
WIN_16e1fe2d75905179,REG_1a4c58bcc44d6e09,WIN_1a4c58bcc44d6e09,True
WIN_b32b6f5f5d76e0a8,REG_1a4c58bcc44d6e09,WIN_1a4c58bcc44d6e09,True
WIN_6211321a7f317dc0,REG_1988899c47d556de,WIN_1988899c47d556de,True
WIN_cf0dd26d562f6d8a,REG_1988899c47d556de,WIN_1988899c47d556de,True
WIN_86cae7c553dd7095,REG_1988899c47d556de,WIN_1988899c47d556de,True
WIN_1988899c47d556de,REG_1988899c47d556de,WIN_1988899c47d556de,True
WIN_7f57d22cd92212d6,REG_1988899c47d556de,WIN_1988899c47d556de,True
WIN_5602dadf73dc6bf9,REG_1988899c47d556de,WIN_1988899c47d556de,True
WIN_0f9032ef1ff8146a,REG_1988899c47d556de,WIN_1988899c47d556de,True
WIN_7449439312456ad5,REG_7449439312456ad5,WIN_7449439312456ad5,True
WIN_4b94a5cdc35dc791,REG_589599ea4da21e3c,WIN_589599ea4da21e3c,True
WIN_49b58446db1a2403,REG_589599ea4da21e3c,WIN_589599ea4da21e3c,True
WIN_ecc98415ec374fb3,REG_589599ea4da21e3c,WIN_589599ea4da21e3c,True
WIN_589599ea4da21e3c,REG_589599ea4da21e3c,WIN_589599ea4da21e3c,True
WIN_15bb10e3adae25df,REG_0d734e37450dda03,WIN_0d734e37450dda03,True
WIN_20a47485bc05a03f,REG_0d734e37450dda03,WIN_0d734e37450dda03,True
WIN_e202d0ba2c0b7b53,REG_0d734e37450dda03,WIN_0d734e37450dda03,True
WIN_0d734e37450dda03,REG_0d734e37450dda03,WIN_0d734e37450dda03,True
WIN_eadfcecb7e3c944b,REG_0d734e37450dda03,WIN_0d734e37450dda03,True
WIN_83f4f77d72549ce4,REG_0d734e37450dda03,WIN_0d734e37450dda03,True
WIN_52e399bee3f409ac,REG_0d734e37450dda03,WIN_0d734e37450dda03,True
WIN_370c9dad60ca4cb2,REG_370c9dad60ca4cb2,WIN_370c9dad60ca4cb2,True
WIN_ffa2bd7ef97ffd07,REG_370c9dad60ca4cb2,WIN_370c9dad60ca4cb2,True
WIN_0426ba2ca93aa40c,REG_370c9dad60ca4cb2,WIN_370c9dad60ca4cb2,True
WIN_e37384c9f32f408d,REG_370c9dad60ca4cb2,WIN_370c9dad60ca4cb2,True
WIN_6fe19a8654c2b202,REG_5e931dfc0d4629ac,WIN_5e931dfc0d4629ac,True
WIN_1b4f814ae5ee0680,REG_5e931dfc0d4629ac,WIN_5e931dfc0d4629ac,True
WIN_aef778ba14112a48,REG_5e931dfc0d4629ac,WIN_5e931dfc0d4629ac,True
WIN_5e931dfc0d4629ac,REG_5e931dfc0d4629ac,WIN_5e931dfc0d4629ac,True
WIN_5d8219d26006b627,REG_5e931dfc0d4629ac,WIN_5e931dfc0d4629ac,True
WIN_2e42444e1287e6b0,REG_5e931dfc0d4629ac,WIN_5e931dfc0d4629ac,True
WIN_c01abe8511647b3c,REG_5e931dfc0d4629ac,WIN_5e931dfc0d4629ac,True
WIN_62c691074baf0a12,REG_1fd187370ef3bd25,WIN_1fd187370ef3bd25,True
WIN_15d7086ce0ef90eb,REG_1fd187370ef3bd25,WIN_1fd187370ef3bd25,True
WIN_aba27fec829671a2,REG_1fd187370ef3bd25,WIN_1fd187370ef3bd25,True
WIN_1fd187370ef3bd25,REG_1fd187370ef3bd25,WIN_1fd187370ef3bd25,True
WIN_229c46040cf2a049,REG_1fd187370ef3bd25,WIN_1fd187370ef3bd25,True
WIN_6c5c0e8e3c1cf357,REG_1fd187370ef3bd25,WIN_1fd187370ef3bd25,True
WIN_f9ad9d8ed9339827,REG_1fd187370ef3bd25,WIN_1fd187370ef3bd25,True
WIN_745f92f2ec133f9b,REG_ddb7cb39403287fc,WIN_ddb7cb39403287fc,True
WIN_bcb0f872d1ad5e1a,REG_ddb7cb39403287fc,WIN_ddb7cb39403287fc,True
WIN_d8b2c66b9a3e03b5,REG_ddb7cb39403287fc,WIN_ddb7cb39403287fc,True
WIN_ddb7cb39403287fc,REG_ddb7cb39403287fc,WIN_ddb7cb39403287fc,True
WIN_155a3400a3965b2e,REG_ddb7cb39403287fc,WIN_ddb7cb39403287fc,True
WIN_3c79ee5988f5199c,REG_ddb7cb39403287fc,WIN_ddb7cb39403287fc,True
WIN_786cc1758856796f,REG_ddb7cb39403287fc,WIN_ddb7cb39403287fc,True
WIN_9e4cfbea623977ba,REG_7b09911fdde42c38,WIN_7b09911fdde42c38,True
WIN_ec402fe0a4448bc3,REG_7b09911fdde42c38,WIN_7b09911fdde42c38,True
WIN_deae860a4285d46d,REG_7b09911fdde42c38,WIN_7b09911fdde42c38,True
WIN_7b09911fdde42c38,REG_7b09911fdde42c38,WIN_7b09911fdde42c38,True
WIN_b3076aef840c1fa8,REG_358505a7be9940f8,WIN_358505a7be9940f8,True
WIN_1ceb403dc33315f3,REG_358505a7be9940f8,WIN_358505a7be9940f8,True
WIN_08083e1ba817a8b2,REG_358505a7be9940f8,WIN_358505a7be9940f8,True
WIN_358505a7be9940f8,REG_358505a7be9940f8,WIN_358505a7be9940f8,True
WIN_735d027b85e1f6ec,REG_358505a7be9940f8,WIN_358505a7be9940f8,True
WIN_a0deef56005757c0,REG_358505a7be9940f8,WIN_358505a7be9940f8,True
WIN_7e934dbd97a13ee7,REG_358505a7be9940f8,WIN_358505a7be9940f8,True
WIN_7cae3f49e9bf8666,REG_671af24fb112f01d,WIN_671af24fb112f01d,True
WIN_f3cbbc1f064bc7d8,REG_671af24fb112f01d,WIN_671af24fb112f01d,True
WIN_2731afb5321c7002,REG_671af24fb112f01d,WIN_671af24fb112f01d,True
WIN_671af24fb112f01d,REG_671af24fb112f01d,WIN_671af24fb112f01d,True
WIN_07ef6fd28d8009b3,REG_07ef6fd28d8009b3,WIN_07ef6fd28d8009b3,True
WIN_97e0d753e4756555,REG_07ef6fd28d8009b3,WIN_07ef6fd28d8009b3,True
WIN_42b42c5e98a16c75,REG_07ef6fd28d8009b3,WIN_07ef6fd28d8009b3,True
WIN_09b9e383fe2cd41d,REG_07ef6fd28d8009b3,WIN_07ef6fd28d8009b3,True
WIN_29337ce6f03659f1,REG_e183864cf940760e,WIN_e183864cf940760e,True
WIN_f288f6f248b0ea97,REG_e183864cf940760e,WIN_e183864cf940760e,True
WIN_cd54ef3c9bc3000e,REG_e183864cf940760e,WIN_e183864cf940760e,True
WIN_e183864cf940760e,REG_e183864cf940760e,WIN_e183864cf940760e,True
WIN_e39991c1617a0c41,REG_e183864cf940760e,WIN_e183864cf940760e,True
WIN_3b12877ec7c9977b,REG_e183864cf940760e,WIN_e183864cf940760e,True
WIN_798ac4bda1305a72,REG_e183864cf940760e,WIN_e183864cf940760e,True
WIN_722fe6aaa8abc26e,REG_08b75f46bc676a9e,WIN_08b75f46bc676a9e,True
WIN_71ab4a1758111394,REG_08b75f46bc676a9e,WIN_08b75f46bc676a9e,True
WIN_3926b3711d1349d0,REG_08b75f46bc676a9e,WIN_08b75f46bc676a9e,True
WIN_08b75f46bc676a9e,REG_08b75f46bc676a9e,WIN_08b75f46bc676a9e,True
WIN_93ec9773b7735400,REG_08b75f46bc676a9e,WIN_08b75f46bc676a9e,True
WIN_ed48d1c03a5aa0ba,REG_08b75f46bc676a9e,WIN_08b75f46bc676a9e,True
WIN_d775b8f821cd51da,REG_08b75f46bc676a9e,WIN_08b75f46bc676a9e,True
WIN_ae8912f27f36e2a9,REG_ae8912f27f36e2a9,WIN_ae8912f27f36e2a9,True
WIN_2ed56bf73c5e8511,REG_ae8912f27f36e2a9,WIN_ae8912f27f36e2a9,True
WIN_292f01d714cfd931,REG_ae8912f27f36e2a9,WIN_ae8912f27f36e2a9,True
WIN_9988270c80dd63e1,REG_ae8912f27f36e2a9,WIN_ae8912f27f36e2a9,True
WIN_7240bf94d163b27c,REG_7240bf94d163b27c,WIN_7240bf94d163b27c,True
WIN_e7644e432cfef60c,REG_7240bf94d163b27c,WIN_7240bf94d163b27c,True
WIN_b74fa0e6f7eb5721,REG_7240bf94d163b27c,WIN_7240bf94d163b27c,True
WIN_5ac92e7fd756b9ea,REG_23136141a11af0cd,WIN_23136141a11af0cd,True
WIN_9bfb0a02410098aa,REG_23136141a11af0cd,WIN_23136141a11af0cd,True
WIN_67a503a1e6367924,REG_23136141a11af0cd,WIN_23136141a11af0cd,True
WIN_23136141a11af0cd,REG_23136141a11af0cd,WIN_23136141a11af0cd,True
WIN_57d6bfc99fcf0051,REG_23136141a11af0cd,WIN_23136141a11af0cd,True
WIN_3d759411a66886f2,REG_23136141a11af0cd,WIN_23136141a11af0cd,True
WIN_fd79e30979510f71,REG_23136141a11af0cd,WIN_23136141a11af0cd,True
WIN_75be54c83c6ad958,REG_adbacb34c1ae66b3,WIN_adbacb34c1ae66b3,True
WIN_aff7bfb45d564e47,REG_adbacb34c1ae66b3,WIN_adbacb34c1ae66b3,True
WIN_6862066787642b6e,REG_adbacb34c1ae66b3,WIN_adbacb34c1ae66b3,True
WIN_adbacb34c1ae66b3,REG_adbacb34c1ae66b3,WIN_adbacb34c1ae66b3,True
WIN_a2d5d10f02718f90,REG_adbacb34c1ae66b3,WIN_adbacb34c1ae66b3,True
WIN_0fe1b83d0946b9c7,REG_adbacb34c1ae66b3,WIN_adbacb34c1ae66b3,True
WIN_4c77873af0e46a9e,REG_adbacb34c1ae66b3,WIN_adbacb34c1ae66b3,True
WIN_6ecbde544fd18c26,REG_5930188ddcbf4f38,WIN_5930188ddcbf4f38,True
WIN_cc67349cf61eac38,REG_5930188ddcbf4f38,WIN_5930188ddcbf4f38,True
WIN_6ec7aeab2f1c7152,REG_5930188ddcbf4f38,WIN_5930188ddcbf4f38,True
WIN_5930188ddcbf4f38,REG_5930188ddcbf4f38,WIN_5930188ddcbf4f38,True
WIN_6ad88cc66a35c70e,REG_5930188ddcbf4f38,WIN_5930188ddcbf4f38,True
WIN_ef8aff6ca6ecddb0,REG_5930188ddcbf4f38,WIN_5930188ddcbf4f38,True
WIN_d21f866b22213da9,REG_5930188ddcbf4f38,WIN_5930188ddcbf4f38,True
WIN_336fd6a0ef096a1d,REG_35516db1c4f264aa,WIN_35516db1c4f264aa,True
WIN_3f058c8f8767563a,REG_35516db1c4f264aa,WIN_35516db1c4f264aa,True
WIN_59284fb4cb6b67da,REG_35516db1c4f264aa,WIN_35516db1c4f264aa,True
WIN_35516db1c4f264aa,REG_35516db1c4f264aa,WIN_35516db1c4f264aa,True
WIN_3b423db1f5b66f98,REG_35516db1c4f264aa,WIN_35516db1c4f264aa,True
WIN_479c2496237777dc,REG_35516db1c4f264aa,WIN_35516db1c4f264aa,True
WIN_9d54889128bf38f4,REG_35516db1c4f264aa,WIN_35516db1c4f264aa,True
WIN_b67ea8b234a97844,REG_3961f24a41839d6b,WIN_3961f24a41839d6b,True
WIN_b4efdc3b2c1987a8,REG_3961f24a41839d6b,WIN_3961f24a41839d6b,True
WIN_220c608142f12a7e,REG_3961f24a41839d6b,WIN_3961f24a41839d6b,True
WIN_3961f24a41839d6b,REG_3961f24a41839d6b,WIN_3961f24a41839d6b,True
WIN_4d73b4badfb7a39c,REG_3961f24a41839d6b,WIN_3961f24a41839d6b,True
WIN_3c5d01b11e9d974a,REG_3961f24a41839d6b,WIN_3961f24a41839d6b,True
WIN_28300dc69679594c,REG_3961f24a41839d6b,WIN_3961f24a41839d6b,True
WIN_7b14785920d9edb4,REG_40d575c93199d20f,WIN_40d575c93199d20f,True
WIN_01637b5b184033ff,REG_40d575c93199d20f,WIN_40d575c93199d20f,True
WIN_d66afcb65e965d01,REG_40d575c93199d20f,WIN_40d575c93199d20f,True
WIN_40d575c93199d20f,REG_40d575c93199d20f,WIN_40d575c93199d20f,True
WIN_12f9bc09ce9c9a67,REG_40d575c93199d20f,WIN_40d575c93199d20f,True
WIN_7bc760a885e56354,REG_40d575c93199d20f,WIN_40d575c93199d20f,True
WIN_174527ac25cbd9b4,REG_40d575c93199d20f,WIN_40d575c93199d20f,True
WIN_aefb5c062ddad307,REG_38c49d0ec265e667,WIN_38c49d0ec265e667,True
WIN_eec7bc34fa864e60,REG_38c49d0ec265e667,WIN_38c49d0ec265e667,True
WIN_805f398e7e7789ef,REG_38c49d0ec265e667,WIN_38c49d0ec265e667,True
WIN_38c49d0ec265e667,REG_38c49d0ec265e667,WIN_38c49d0ec265e667,True
WIN_70df95f6ea8d2b15,REG_38c49d0ec265e667,WIN_38c49d0ec265e667,True
WIN_4ff9474e871ac165,REG_38c49d0ec265e667,WIN_38c49d0ec265e667,True
WIN_28cee24524d9a535,REG_38c49d0ec265e667,WIN_38c49d0ec265e667,True
WIN_504730119635078d,REG_d9b55474a809c343,WIN_d9b55474a809c343,True
WIN_00283783ff199744,REG_d9b55474a809c343,WIN_d9b55474a809c343,True
WIN_c50803351ee4f286,REG_d9b55474a809c343,WIN_d9b55474a809c343,True
WIN_d9b55474a809c343,REG_d9b55474a809c343,WIN_d9b55474a809c343,True
WIN_782b3e034a4ba6ea,REG_d9b55474a809c343,WIN_d9b55474a809c343,True
WIN_c5cc25d0949920fa,REG_d9b55474a809c343,WIN_d9b55474a809c343,True
WIN_a9ffd8b32c8d6783,REG_d9b55474a809c343,WIN_d9b55474a809c343,True
WIN_1f22b43d0503fe42,REG_94b477d8564ed9c0,WIN_94b477d8564ed9c0,True
WIN_11cefa6b6d81ee7b,REG_94b477d8564ed9c0,WIN_94b477d8564ed9c0,True
WIN_cf7f297fea21b675,REG_94b477d8564ed9c0,WIN_94b477d8564ed9c0,True
WIN_94b477d8564ed9c0,REG_94b477d8564ed9c0,WIN_94b477d8564ed9c0,True
WIN_b0c499f7a9c4d761,REG_73879cc944d57b86,WIN_73879cc944d57b86,True
WIN_4a7b79c05cae606d,REG_73879cc944d57b86,WIN_73879cc944d57b86,True
WIN_bc8ebbecfaad7c5d,REG_73879cc944d57b86,WIN_73879cc944d57b86,True
WIN_73879cc944d57b86,REG_73879cc944d57b86,WIN_73879cc944d57b86,True
WIN_d0815837a9b7c8c6,REG_13600e0701e583b0,WIN_13600e0701e583b0,True
WIN_149dbff8b87d1065,REG_13600e0701e583b0,WIN_13600e0701e583b0,True
WIN_43af9a7efd0ca126,REG_13600e0701e583b0,WIN_13600e0701e583b0,True
WIN_13600e0701e583b0,REG_13600e0701e583b0,WIN_13600e0701e583b0,True
WIN_ef495fba12867b71,REG_13600e0701e583b0,WIN_13600e0701e583b0,True
WIN_b4478cd3a8884c29,REG_13600e0701e583b0,WIN_13600e0701e583b0,True
WIN_b560fae231f16df9,REG_13600e0701e583b0,WIN_13600e0701e583b0,True
WIN_78c62f2e08c3e99a,REG_df4d6b3a1344d8e5,WIN_df4d6b3a1344d8e5,True
WIN_73a9a9a0aa8b1858,REG_df4d6b3a1344d8e5,WIN_df4d6b3a1344d8e5,True
WIN_4106f3e0d2c5c005,REG_df4d6b3a1344d8e5,WIN_df4d6b3a1344d8e5,True
WIN_df4d6b3a1344d8e5,REG_df4d6b3a1344d8e5,WIN_df4d6b3a1344d8e5,True
WIN_bdb471d162744966,REG_63749d6c60f86d40,WIN_63749d6c60f86d40,True
WIN_1b8bb5efdc9f3d2b,REG_63749d6c60f86d40,WIN_63749d6c60f86d40,True
WIN_f0040dab8e9083fc,REG_63749d6c60f86d40,WIN_63749d6c60f86d40,True
WIN_63749d6c60f86d40,REG_63749d6c60f86d40,WIN_63749d6c60f86d40,True
WIN_ad7f937f4019e576,REG_63749d6c60f86d40,WIN_63749d6c60f86d40,True
WIN_b101d30f43857cf1,REG_63749d6c60f86d40,WIN_63749d6c60f86d40,True
WIN_fb7dceaa8b99310c,REG_63749d6c60f86d40,WIN_63749d6c60f86d40,True
WIN_b0a87ea4dfd7e428,REG_3c8c370773c8186f,WIN_3c8c370773c8186f,True
WIN_61f00a8f57ca7082,REG_3c8c370773c8186f,WIN_3c8c370773c8186f,True
WIN_40d381109b936f29,REG_3c8c370773c8186f,WIN_3c8c370773c8186f,True
WIN_3c8c370773c8186f,REG_3c8c370773c8186f,WIN_3c8c370773c8186f,True
WIN_c62ed660ddd5e982,REG_12d768f96a16c450,WIN_12d768f96a16c450,True
WIN_477f2a518da5f8ec,REG_12d768f96a16c450,WIN_12d768f96a16c450,True
WIN_d25c42a32f689348,REG_12d768f96a16c450,WIN_12d768f96a16c450,True
WIN_12d768f96a16c450,REG_12d768f96a16c450,WIN_12d768f96a16c450,True
WIN_4f2c31b133df5cba,REG_12d768f96a16c450,WIN_12d768f96a16c450,True
WIN_f9c99e8dd8620372,REG_12d768f96a16c450,WIN_12d768f96a16c450,True
WIN_754dd658313af391,REG_12d768f96a16c450,WIN_12d768f96a16c450,True
WIN_8cd475d210b08eb2,REG_e16ccdd09b67ec67,WIN_e16ccdd09b67ec67,True
WIN_e2e6dc11c2dafcd4,REG_e16ccdd09b67ec67,WIN_e16ccdd09b67ec67,True
WIN_e16ccdd09b67ec67,REG_e16ccdd09b67ec67,WIN_e16ccdd09b67ec67,True
WIN_5fed2b18cd2d9800,REG_e16ccdd09b67ec67,WIN_e16ccdd09b67ec67,True
WIN_3e657c9b3ede49fb,REG_e16ccdd09b67ec67,WIN_e16ccdd09b67ec67,True
WIN_987092b5fffded1b,REG_e16ccdd09b67ec67,WIN_e16ccdd09b67ec67,True
WIN_5fdcb54304c3063a,REG_0e0075ad0a518069,WIN_0e0075ad0a518069,True
WIN_dccdc6cf5a7c12c2,REG_0e0075ad0a518069,WIN_0e0075ad0a518069,True
WIN_0e0075ad0a518069,REG_0e0075ad0a518069,WIN_0e0075ad0a518069,True
WIN_255665a50d7896e2,REG_0e0075ad0a518069,WIN_0e0075ad0a518069,True
WIN_14b84baee0c2051b,REG_0e0075ad0a518069,WIN_0e0075ad0a518069,True
WIN_f6c5e262f4b379f0,REG_0e0075ad0a518069,WIN_0e0075ad0a518069,True
WIN_2e89decef5046863,REG_3a30a0557732ebf9,WIN_3a30a0557732ebf9,True
WIN_714bf5209ae20abd,REG_3a30a0557732ebf9,WIN_3a30a0557732ebf9,True
WIN_95f6f1c147c993df,REG_3a30a0557732ebf9,WIN_3a30a0557732ebf9,True
WIN_3a30a0557732ebf9,REG_3a30a0557732ebf9,WIN_3a30a0557732ebf9,True
WIN_43b64c967b2a9baa,REG_3a30a0557732ebf9,WIN_3a30a0557732ebf9,True
WIN_ac9dc3b86d75150f,REG_3a30a0557732ebf9,WIN_3a30a0557732ebf9,True
WIN_1355e1f975b6165f,REG_3a30a0557732ebf9,WIN_3a30a0557732ebf9,True
WIN_325afcc6c315d65f,REG_72bf6e94bb16bfb3,WIN_72bf6e94bb16bfb3,True
WIN_c2160f0146768f34,REG_72bf6e94bb16bfb3,WIN_72bf6e94bb16bfb3,True
WIN_da88fd8e1dfa3d98,REG_72bf6e94bb16bfb3,WIN_72bf6e94bb16bfb3,True
WIN_72bf6e94bb16bfb3,REG_72bf6e94bb16bfb3,WIN_72bf6e94bb16bfb3,True
WIN_ea33377959e99d1e,REG_72bf6e94bb16bfb3,WIN_72bf6e94bb16bfb3,True
WIN_959b6888e67f7b5d,REG_72bf6e94bb16bfb3,WIN_72bf6e94bb16bfb3,True
WIN_7f51d0e346052b0a,REG_72bf6e94bb16bfb3,WIN_72bf6e94bb16bfb3,True
WIN_02c1a25558f1c32f,REG_bbf840582eb93ba5,WIN_bbf840582eb93ba5,True
WIN_ae662abc715064e2,REG_bbf840582eb93ba5,WIN_bbf840582eb93ba5,True
WIN_028371951d56b765,REG_bbf840582eb93ba5,WIN_bbf840582eb93ba5,True
WIN_bbf840582eb93ba5,REG_bbf840582eb93ba5,WIN_bbf840582eb93ba5,True
WIN_b0b3fac787b1e9b7,REG_467c95a0f69124aa,WIN_467c95a0f69124aa,True
WIN_467c95a0f69124aa,REG_467c95a0f69124aa,WIN_467c95a0f69124aa,True
WIN_276bfa5edb48b81f,REG_467c95a0f69124aa,WIN_467c95a0f69124aa,True
WIN_d66ac99777b2ca8d,REG_467c95a0f69124aa,WIN_467c95a0f69124aa,True
WIN_a34f6331275a46de,REG_467c95a0f69124aa,WIN_467c95a0f69124aa,True
WIN_1b40544d3122bc0d,REG_1b40544d3122bc0d,WIN_1b40544d3122bc0d,True
WIN_0bce7a73e3d28be5,REG_1b40544d3122bc0d,WIN_1b40544d3122bc0d,True
WIN_32d06ed8fc187de9,REG_1b40544d3122bc0d,WIN_1b40544d3122bc0d,True
WIN_4f6556998b9c1195,REG_1b40544d3122bc0d,WIN_1b40544d3122bc0d,True
WIN_e3daa7ab1b7794b6,REG_6ac76b2f462a4eae,WIN_6ac76b2f462a4eae,True
WIN_6ac76b2f462a4eae,REG_6ac76b2f462a4eae,WIN_6ac76b2f462a4eae,True
WIN_08529cc4fb838a78,REG_08529cc4fb838a78,WIN_08529cc4fb838a78,True
WIN_ea7e3814627a0b75,REG_08529cc4fb838a78,WIN_08529cc4fb838a78,True
WIN_daa3d57c2fbdd940,REG_08529cc4fb838a78,WIN_08529cc4fb838a78,True
WIN_83ad8c8ead06f0fd,REG_08529cc4fb838a78,WIN_08529cc4fb838a78,True
WIN_b45677bc6e08ef74,REG_2580edc47a4fb5d1,WIN_2580edc47a4fb5d1,True
WIN_4ba71cfb518dbee9,REG_2580edc47a4fb5d1,WIN_2580edc47a4fb5d1,True
WIN_b68f3e8b9a6977eb,REG_2580edc47a4fb5d1,WIN_2580edc47a4fb5d1,True
WIN_2580edc47a4fb5d1,REG_2580edc47a4fb5d1,WIN_2580edc47a4fb5d1,True
WIN_40a0c8af10950b9f,REG_cb5e75e220999294,WIN_cb5e75e220999294,True
WIN_e5018b12e05feb15,REG_cb5e75e220999294,WIN_cb5e75e220999294,True
WIN_ea8cf313fc6ee63f,REG_cb5e75e220999294,WIN_cb5e75e220999294,True
WIN_cb5e75e220999294,REG_cb5e75e220999294,WIN_cb5e75e220999294,True
WIN_33474cd533e36f1c,REG_cb5e75e220999294,WIN_cb5e75e220999294,True
WIN_e8932b26178c4556,REG_e8932b26178c4556,WIN_e8932b26178c4556,True
WIN_e397138b626e98db,REG_33eec28648b12bd1,WIN_33eec28648b12bd1,True
WIN_5bacda0274fdc93c,REG_33eec28648b12bd1,WIN_33eec28648b12bd1,True
WIN_0165375ba84df57b,REG_33eec28648b12bd1,WIN_33eec28648b12bd1,True
WIN_33eec28648b12bd1,REG_33eec28648b12bd1,WIN_33eec28648b12bd1,True
WIN_7f11e40a8c110847,REG_33eec28648b12bd1,WIN_33eec28648b12bd1,True
WIN_8ad5ee36b1134b54,REG_33eec28648b12bd1,WIN_33eec28648b12bd1,True
WIN_ca1547afca0d3084,REG_33eec28648b12bd1,WIN_33eec28648b12bd1,True
WIN_2002fd1ac6539cab,REG_7a99ed19e96d255d,WIN_7a99ed19e96d255d,True
WIN_81c57dbddf04f0e4,REG_7a99ed19e96d255d,WIN_7a99ed19e96d255d,True
WIN_954fd33e027cf698,REG_7a99ed19e96d255d,WIN_7a99ed19e96d255d,True
WIN_7a99ed19e96d255d,REG_7a99ed19e96d255d,WIN_7a99ed19e96d255d,True
WIN_7cb85edeb7501fad,REG_7cb85edeb7501fad,WIN_7cb85edeb7501fad,True
WIN_f3b9a8ab6d970ff5,REG_7cb85edeb7501fad,WIN_7cb85edeb7501fad,True
WIN_8ca555fa6548cd14,REG_7609bed4af7692b2,WIN_7609bed4af7692b2,True
WIN_96dcafbd0bcd21b2,REG_7609bed4af7692b2,WIN_7609bed4af7692b2,True
WIN_2a3e2656da952d26,REG_7609bed4af7692b2,WIN_7609bed4af7692b2,True
WIN_7609bed4af7692b2,REG_7609bed4af7692b2,WIN_7609bed4af7692b2,True
WIN_11c9b12683b88634,REG_7609bed4af7692b2,WIN_7609bed4af7692b2,True
WIN_6d51c78a6610ebe4,REG_7609bed4af7692b2,WIN_7609bed4af7692b2,True
WIN_94a7a23d9cb441a4,REG_7609bed4af7692b2,WIN_7609bed4af7692b2,True
WIN_4f456b30e5b87d95,REG_4215f990b911602e,WIN_4215f990b911602e,True
WIN_81909387e5531e61,REG_4215f990b911602e,WIN_4215f990b911602e,True
WIN_37ea292a32651f0d,REG_4215f990b911602e,WIN_4215f990b911602e,True
WIN_4215f990b911602e,REG_4215f990b911602e,WIN_4215f990b911602e,True
WIN_7f5a49292c573eaa,REG_4215f990b911602e,WIN_4215f990b911602e,True
WIN_5354628c36b2c759,REG_4215f990b911602e,WIN_4215f990b911602e,True
WIN_46ea0bc61d8e9326,REG_4215f990b911602e,WIN_4215f990b911602e,True
WIN_8385837874d12052,REG_031dd3d6a2c9021d,WIN_031dd3d6a2c9021d,True
WIN_3c82f06beed5f3b0,REG_031dd3d6a2c9021d,WIN_031dd3d6a2c9021d,True
WIN_4628ab6b65f7a764,REG_031dd3d6a2c9021d,WIN_031dd3d6a2c9021d,True
WIN_031dd3d6a2c9021d,REG_031dd3d6a2c9021d,WIN_031dd3d6a2c9021d,True
WIN_f9826c91ae6c739d,REG_031dd3d6a2c9021d,WIN_031dd3d6a2c9021d,True
WIN_59af6234d040f9ad,REG_031dd3d6a2c9021d,WIN_031dd3d6a2c9021d,True
WIN_131c8f0c779b6143,REG_031dd3d6a2c9021d,WIN_031dd3d6a2c9021d,True
WIN_d4301095621202d5,REG_2b11c47c46e4a3dc,WIN_2b11c47c46e4a3dc,True
WIN_3d2e1b61b1825c40,REG_2b11c47c46e4a3dc,WIN_2b11c47c46e4a3dc,True
WIN_64af4353bdc57823,REG_2b11c47c46e4a3dc,WIN_2b11c47c46e4a3dc,True
WIN_2b11c47c46e4a3dc,REG_2b11c47c46e4a3dc,WIN_2b11c47c46e4a3dc,True
WIN_774d3395cfb9a0c4,REG_2b11c47c46e4a3dc,WIN_2b11c47c46e4a3dc,True
WIN_7fb670e79ff3aa2f,REG_2b11c47c46e4a3dc,WIN_2b11c47c46e4a3dc,True
WIN_632b04a8ad4a9da4,REG_2b11c47c46e4a3dc,WIN_2b11c47c46e4a3dc,True
WIN_6aba393b9fb6e77e,REG_f1ae1b2c248b89ac,WIN_f1ae1b2c248b89ac,True
WIN_53f78613b9c18e54,REG_f1ae1b2c248b89ac,WIN_f1ae1b2c248b89ac,True
WIN_cbf77213d913a5d5,REG_f1ae1b2c248b89ac,WIN_f1ae1b2c248b89ac,True
WIN_f1ae1b2c248b89ac,REG_f1ae1b2c248b89ac,WIN_f1ae1b2c248b89ac,True
WIN_ba151ee098228bb4,REG_f1ae1b2c248b89ac,WIN_f1ae1b2c248b89ac,True
WIN_d858569c970f65ca,REG_f1ae1b2c248b89ac,WIN_f1ae1b2c248b89ac,True
WIN_be938c35b9975efe,REG_f1ae1b2c248b89ac,WIN_f1ae1b2c248b89ac,True
WIN_8a976660705783e5,REG_8e504c7a9e02b3af,WIN_8e504c7a9e02b3af,True
WIN_c3c606c57733c1cd,REG_8e504c7a9e02b3af,WIN_8e504c7a9e02b3af,True
WIN_2e140f19f66577b3,REG_8e504c7a9e02b3af,WIN_8e504c7a9e02b3af,True
WIN_8e504c7a9e02b3af,REG_8e504c7a9e02b3af,WIN_8e504c7a9e02b3af,True
WIN_769127a9243b851d,REG_8e504c7a9e02b3af,WIN_8e504c7a9e02b3af,True
WIN_9850aca6359c7a2a,REG_8e504c7a9e02b3af,WIN_8e504c7a9e02b3af,True
WIN_ae48118095a15abb,REG_8e504c7a9e02b3af,WIN_8e504c7a9e02b3af,True
WIN_5b70c3e322432ea8,REG_b197f8744d0cb81e,WIN_b197f8744d0cb81e,True
WIN_20682739aa12a36f,REG_b197f8744d0cb81e,WIN_b197f8744d0cb81e,True
WIN_857fb3eabcdca8c9,REG_b197f8744d0cb81e,WIN_b197f8744d0cb81e,True
WIN_b197f8744d0cb81e,REG_b197f8744d0cb81e,WIN_b197f8744d0cb81e,True
WIN_a6ec21fa2a07e75d,REG_b197f8744d0cb81e,WIN_b197f8744d0cb81e,True
WIN_9bf8acae794170aa,REG_b197f8744d0cb81e,WIN_b197f8744d0cb81e,True
WIN_16d5c570624dd17f,REG_af04126cdbf2591a,WIN_af04126cdbf2591a,True
WIN_52f7249cbc701c8e,REG_af04126cdbf2591a,WIN_af04126cdbf2591a,True
WIN_1b2efa4545c20222,REG_af04126cdbf2591a,WIN_af04126cdbf2591a,True
WIN_af04126cdbf2591a,REG_af04126cdbf2591a,WIN_af04126cdbf2591a,True
WIN_88309eca45913be8,REG_d5a63ebe52c4180e,WIN_d5a63ebe52c4180e,True
WIN_d5e024dd917ed492,REG_d5a63ebe52c4180e,WIN_d5a63ebe52c4180e,True
WIN_1b251e906dce0722,REG_d5a63ebe52c4180e,WIN_d5a63ebe52c4180e,True
WIN_d5a63ebe52c4180e,REG_d5a63ebe52c4180e,WIN_d5a63ebe52c4180e,True
WIN_19792165239f4bcb,REG_d5a63ebe52c4180e,WIN_d5a63ebe52c4180e,True
WIN_ae0a0b536681816e,REG_d5a63ebe52c4180e,WIN_d5a63ebe52c4180e,True
WIN_6cfbdd572defae14,REG_d5a63ebe52c4180e,WIN_d5a63ebe52c4180e,True
WIN_3aba776873191154,REG_fb6f2b4293b967c4,WIN_fb6f2b4293b967c4,True
WIN_9a263ef1c9999b37,REG_fb6f2b4293b967c4,WIN_fb6f2b4293b967c4,True
WIN_dd07eacdadb7c163,REG_fb6f2b4293b967c4,WIN_fb6f2b4293b967c4,True
WIN_fb6f2b4293b967c4,REG_fb6f2b4293b967c4,WIN_fb6f2b4293b967c4,True
WIN_b5630ca42ce15d9f,REG_110384c750012718,WIN_110384c750012718,True
WIN_e18547363e7d8d3a,REG_110384c750012718,WIN_110384c750012718,True
WIN_9535bba3e4895159,REG_110384c750012718,WIN_110384c750012718,True
WIN_110384c750012718,REG_110384c750012718,WIN_110384c750012718,True
WIN_16003f011264e018,REG_110384c750012718,WIN_110384c750012718,True
WIN_1f58ba3a9b47ba24,REG_110384c750012718,WIN_110384c750012718,True
WIN_987e05e52d4774f0,REG_110384c750012718,WIN_110384c750012718,True
WIN_7c1b13d1bcf86136,REG_32b3e2ef4bf03137,WIN_32b3e2ef4bf03137,True
WIN_32b3e2ef4bf03137,REG_32b3e2ef4bf03137,WIN_32b3e2ef4bf03137,True
WIN_a36f53e9921a86af,REG_32b3e2ef4bf03137,WIN_32b3e2ef4bf03137,True
WIN_4b27493895341447,REG_32b3e2ef4bf03137,WIN_32b3e2ef4bf03137,True
WIN_da5f208658d1b348,REG_32b3e2ef4bf03137,WIN_32b3e2ef4bf03137,True
WIN_80495c121da04aa7,REG_80495c121da04aa7,WIN_80495c121da04aa7,True
WIN_753bd2dc38062ef4,REG_80495c121da04aa7,WIN_80495c121da04aa7,True
WIN_50e2a68616573a58,REG_80495c121da04aa7,WIN_80495c121da04aa7,True
WIN_5bea3340fd809c9d,REG_80495c121da04aa7,WIN_80495c121da04aa7,True
WIN_bd9172a3b94d9f71,REG_5d505f45f6e52580,WIN_5d505f45f6e52580,True
WIN_130d6ac9ad226adb,REG_5d505f45f6e52580,WIN_5d505f45f6e52580,True
WIN_b7e0c236cbf9fc39,REG_5d505f45f6e52580,WIN_5d505f45f6e52580,True
WIN_5d505f45f6e52580,REG_5d505f45f6e52580,WIN_5d505f45f6e52580,True
WIN_9c1fbb57449a2bf7,REG_5d505f45f6e52580,WIN_5d505f45f6e52580,True
WIN_66fc3cb9b76490de,REG_5d505f45f6e52580,WIN_5d505f45f6e52580,True
WIN_a464488e37a4f651,REG_5d505f45f6e52580,WIN_5d505f45f6e52580,True
WIN_c13f130a08487822,REG_417da2498552b7bc,WIN_417da2498552b7bc,True
WIN_be758dd7ec160d0e,REG_417da2498552b7bc,WIN_417da2498552b7bc,True
WIN_2a656ae4a7d881fa,REG_417da2498552b7bc,WIN_417da2498552b7bc,True
WIN_417da2498552b7bc,REG_417da2498552b7bc,WIN_417da2498552b7bc,True
WIN_c129648be38becc5,REG_922c4ca780485705,WIN_922c4ca780485705,True
WIN_5420d91ff68ecd82,REG_922c4ca780485705,WIN_922c4ca780485705,True
WIN_3f8b8ec03b33a2ef,REG_922c4ca780485705,WIN_922c4ca780485705,True
WIN_922c4ca780485705,REG_922c4ca780485705,WIN_922c4ca780485705,True
WIN_7069f7727e810a3f,REG_ed844fad41a63fba,WIN_ed844fad41a63fba,True
WIN_6452f18be8b65a57,REG_ed844fad41a63fba,WIN_ed844fad41a63fba,True
WIN_a88cd5ba0ed94103,REG_ed844fad41a63fba,WIN_ed844fad41a63fba,True
WIN_ed844fad41a63fba,REG_ed844fad41a63fba,WIN_ed844fad41a63fba,True
WIN_55af9ba9f93d2ddf,REG_ed844fad41a63fba,WIN_ed844fad41a63fba,True
WIN_1ef687c621c15f4b,REG_ed844fad41a63fba,WIN_ed844fad41a63fba,True
WIN_1bc2ed7de69cc456,REG_ed844fad41a63fba,WIN_ed844fad41a63fba,True
WIN_92447b7b4f3fe614,REG_2ed9a4b91ed62a37,WIN_2ed9a4b91ed62a37,True
WIN_9091f6a3f6e6075f,REG_2ed9a4b91ed62a37,WIN_2ed9a4b91ed62a37,True
WIN_83319244d4832e0c,REG_2ed9a4b91ed62a37,WIN_2ed9a4b91ed62a37,True
WIN_2ed9a4b91ed62a37,REG_2ed9a4b91ed62a37,WIN_2ed9a4b91ed62a37,True
WIN_ac2f884df403f8ca,REG_833550cf4a7ccab7,WIN_833550cf4a7ccab7,True
WIN_14c184f7ff7041b0,REG_833550cf4a7ccab7,WIN_833550cf4a7ccab7,True
WIN_365f2bca560129cc,REG_833550cf4a7ccab7,WIN_833550cf4a7ccab7,True
WIN_833550cf4a7ccab7,REG_833550cf4a7ccab7,WIN_833550cf4a7ccab7,True
WIN_5284a26719284d69,REG_833550cf4a7ccab7,WIN_833550cf4a7ccab7,True
WIN_2bc9404c06ed2e3a,REG_833550cf4a7ccab7,WIN_833550cf4a7ccab7,True
WIN_77e01d5a5e99029f,REG_833550cf4a7ccab7,WIN_833550cf4a7ccab7,True
WIN_eef1bba3225d1f3c,REG_44890eb87c9b1ea2,WIN_44890eb87c9b1ea2,True
WIN_a5551eecab1e82fd,REG_44890eb87c9b1ea2,WIN_44890eb87c9b1ea2,True
WIN_f881c0736407c352,REG_44890eb87c9b1ea2,WIN_44890eb87c9b1ea2,True
WIN_44890eb87c9b1ea2,REG_44890eb87c9b1ea2,WIN_44890eb87c9b1ea2,True
WIN_d311151d7ea8ff52,REG_44890eb87c9b1ea2,WIN_44890eb87c9b1ea2,True
WIN_a72a0eed6083a207,REG_44890eb87c9b1ea2,WIN_44890eb87c9b1ea2,True
WIN_a7a652b282cdaee3,REG_44890eb87c9b1ea2,WIN_44890eb87c9b1ea2,True
WIN_18da3cd162b78e13,REG_18da3cd162b78e13,WIN_18da3cd162b78e13,True
WIN_d19e7fd8e4413785,REG_d19e7fd8e4413785,WIN_d19e7fd8e4413785,True
WIN_a34f107eb7808d33,REG_d19e7fd8e4413785,WIN_d19e7fd8e4413785,True
WIN_20afa0a07ab89255,REG_d19e7fd8e4413785,WIN_d19e7fd8e4413785,True
WIN_8b796592dc84b890,REG_d19e7fd8e4413785,WIN_d19e7fd8e4413785,True
WIN_10d983115c86daef,REG_3253833bc9b98ae6,WIN_3253833bc9b98ae6,True
WIN_fe62aa38833edf14,REG_3253833bc9b98ae6,WIN_3253833bc9b98ae6,True
WIN_7389160424ec2bf3,REG_3253833bc9b98ae6,WIN_3253833bc9b98ae6,True
WIN_3253833bc9b98ae6,REG_3253833bc9b98ae6,WIN_3253833bc9b98ae6,True
WIN_c0ea76067bcf4189,REG_3253833bc9b98ae6,WIN_3253833bc9b98ae6,True
WIN_16175a5de38a1ba2,REG_3253833bc9b98ae6,WIN_3253833bc9b98ae6,True
WIN_5e1a8fd537396e0f,REG_3253833bc9b98ae6,WIN_3253833bc9b98ae6,True
WIN_f7a16b3e5e5d9501,REG_f7a16b3e5e5d9501,WIN_f7a16b3e5e5d9501,True
WIN_1ee701d34d50c1bb,REG_f7a16b3e5e5d9501,WIN_f7a16b3e5e5d9501,True
WIN_4d3034179051cf13,REG_f7a16b3e5e5d9501,WIN_f7a16b3e5e5d9501,True
WIN_bd2e80b86eeca4e5,REG_f7a16b3e5e5d9501,WIN_f7a16b3e5e5d9501,True
WIN_73f8360edf221bad,REG_88ff0d1077b0c62d,WIN_88ff0d1077b0c62d,True
WIN_ee74300fa22aae8e,REG_88ff0d1077b0c62d,WIN_88ff0d1077b0c62d,True
WIN_2e075b9e180b0800,REG_88ff0d1077b0c62d,WIN_88ff0d1077b0c62d,True
WIN_88ff0d1077b0c62d,REG_88ff0d1077b0c62d,WIN_88ff0d1077b0c62d,True
WIN_f01a4de8a8179dd3,REG_88ff0d1077b0c62d,WIN_88ff0d1077b0c62d,True
WIN_f4c7851810ac6d93,REG_d53384ed14acefdb,WIN_d53384ed14acefdb,True
WIN_018fbfba4e70e50b,REG_d53384ed14acefdb,WIN_d53384ed14acefdb,True
WIN_c69f6b07eb764f13,REG_d53384ed14acefdb,WIN_d53384ed14acefdb,True
WIN_d53384ed14acefdb,REG_d53384ed14acefdb,WIN_d53384ed14acefdb,True
WIN_e0e088953b66975a,REG_597b98e9ad0f9c3b,WIN_597b98e9ad0f9c3b,True
WIN_571794f7f621ab8a,REG_597b98e9ad0f9c3b,WIN_597b98e9ad0f9c3b,True
WIN_08ae707fbc202588,REG_597b98e9ad0f9c3b,WIN_597b98e9ad0f9c3b,True
WIN_597b98e9ad0f9c3b,REG_597b98e9ad0f9c3b,WIN_597b98e9ad0f9c3b,True
WIN_84f88a2201c8c048,REG_597b98e9ad0f9c3b,WIN_597b98e9ad0f9c3b,True
WIN_504456916721d12f,REG_597b98e9ad0f9c3b,WIN_597b98e9ad0f9c3b,True
WIN_e68cc5e87b7efa0e,REG_597b98e9ad0f9c3b,WIN_597b98e9ad0f9c3b,True
WIN_bb18a6ae3838af8c,REG_bb18a6ae3838af8c,WIN_bb18a6ae3838af8c,True
WIN_7fa042f9e6660500,REG_bb18a6ae3838af8c,WIN_bb18a6ae3838af8c,True
WIN_f9e7cb04bb321c91,REG_bb18a6ae3838af8c,WIN_bb18a6ae3838af8c,True
WIN_bf0cd83f2339572d,REG_bb18a6ae3838af8c,WIN_bb18a6ae3838af8c,True
WIN_a886283067228caf,REG_d64a619c123b37bf,WIN_d64a619c123b37bf,True
WIN_cf3bb92a699941d0,REG_d64a619c123b37bf,WIN_d64a619c123b37bf,True
WIN_9fe921dcb2cdfacb,REG_d64a619c123b37bf,WIN_d64a619c123b37bf,True
WIN_d64a619c123b37bf,REG_d64a619c123b37bf,WIN_d64a619c123b37bf,True
WIN_9847d00ad92057a2,REG_3d19fa5397e2029c,WIN_3d19fa5397e2029c,True
WIN_299639eec8504826,REG_3d19fa5397e2029c,WIN_3d19fa5397e2029c,True
WIN_b6e01c65093ab849,REG_3d19fa5397e2029c,WIN_3d19fa5397e2029c,True
WIN_3d19fa5397e2029c,REG_3d19fa5397e2029c,WIN_3d19fa5397e2029c,True
WIN_924127f94ba4f924,REG_3d19fa5397e2029c,WIN_3d19fa5397e2029c,True
WIN_e403ee2053f7c14d,REG_3d19fa5397e2029c,WIN_3d19fa5397e2029c,True
WIN_ad6df645b17daca8,REG_3d19fa5397e2029c,WIN_3d19fa5397e2029c,True
WIN_b14792f3a11fdc68,REG_b14792f3a11fdc68,WIN_b14792f3a11fdc68,True
WIN_459ff8bca49979c6,REG_b14792f3a11fdc68,WIN_b14792f3a11fdc68,True
WIN_b8e6cf7c99779119,REG_b14792f3a11fdc68,WIN_b14792f3a11fdc68,True
WIN_a27f4de23e808318,REG_718cf90a476d1dc3,WIN_718cf90a476d1dc3,True
WIN_42341273958009c9,REG_718cf90a476d1dc3,WIN_718cf90a476d1dc3,True
WIN_c6c513639c656587,REG_718cf90a476d1dc3,WIN_718cf90a476d1dc3,True
WIN_718cf90a476d1dc3,REG_718cf90a476d1dc3,WIN_718cf90a476d1dc3,True
WIN_2cdf9591ea154fde,REG_718cf90a476d1dc3,WIN_718cf90a476d1dc3,True
WIN_933f38256619b573,REG_718cf90a476d1dc3,WIN_718cf90a476d1dc3,True
WIN_6e8e586aaf326aac,REG_718cf90a476d1dc3,WIN_718cf90a476d1dc3,True
WIN_6415e68a69509873,REG_6fb13564821c565b,WIN_6fb13564821c565b,True
WIN_60670e5b946e3439,REG_6fb13564821c565b,WIN_6fb13564821c565b,True
WIN_d8f54cc840ffefc9,REG_6fb13564821c565b,WIN_6fb13564821c565b,True
WIN_6fb13564821c565b,REG_6fb13564821c565b,WIN_6fb13564821c565b,True
WIN_b35a00502b90de1e,REG_6fb13564821c565b,WIN_6fb13564821c565b,True
WIN_c3dd5d63ca604be3,REG_6fb13564821c565b,WIN_6fb13564821c565b,True
WIN_001f1012bba91089,REG_6fb13564821c565b,WIN_6fb13564821c565b,True
WIN_8b4ae61df626e9c9,REG_8b4ae61df626e9c9,WIN_8b4ae61df626e9c9,True
WIN_87f9684fb0807cf4,REG_8b4ae61df626e9c9,WIN_8b4ae61df626e9c9,True
WIN_6f16fe48f8314437,REG_8b4ae61df626e9c9,WIN_8b4ae61df626e9c9,True
WIN_039f5c9d66dbaae7,REG_8b4ae61df626e9c9,WIN_8b4ae61df626e9c9,True
WIN_51fa113e1aa91496,REG_95d413cbb7961235,WIN_95d413cbb7961235,True
WIN_9f718cd40e5dc392,REG_95d413cbb7961235,WIN_95d413cbb7961235,True
WIN_254930642a4883e9,REG_95d413cbb7961235,WIN_95d413cbb7961235,True
WIN_95d413cbb7961235,REG_95d413cbb7961235,WIN_95d413cbb7961235,True
WIN_36d6f06bb59ddde8,REG_95d413cbb7961235,WIN_95d413cbb7961235,True
WIN_ffdb5ef36e07136d,REG_95d413cbb7961235,WIN_95d413cbb7961235,True
WIN_de48ec3c62ad2c66,REG_95d413cbb7961235,WIN_95d413cbb7961235,True
WIN_29a5f6e44b378e30,REG_29a5f6e44b378e30,WIN_29a5f6e44b378e30,True
WIN_cbdce168cabb7722,REG_29a5f6e44b378e30,WIN_29a5f6e44b378e30,True
WIN_a524cea27e297634,REG_29a5f6e44b378e30,WIN_29a5f6e44b378e30,True
WIN_1cba4e3fc3a548ac,REG_29a5f6e44b378e30,WIN_29a5f6e44b378e30,True
WIN_64ea1f8f1e9c44bd,REG_c962cbe1b4ba8356,WIN_c962cbe1b4ba8356,True
WIN_202774084c8dd706,REG_c962cbe1b4ba8356,WIN_c962cbe1b4ba8356,True
WIN_b52a599f3d18626b,REG_c962cbe1b4ba8356,WIN_c962cbe1b4ba8356,True
WIN_c962cbe1b4ba8356,REG_c962cbe1b4ba8356,WIN_c962cbe1b4ba8356,True
WIN_9c2b2a5c60db8f99,REG_9c2b2a5c60db8f99,WIN_9c2b2a5c60db8f99,True
WIN_5bb716aac8ea5a54,REG_5bb716aac8ea5a54,WIN_5bb716aac8ea5a54,True
WIN_c75055ef81185e47,REG_5bb716aac8ea5a54,WIN_5bb716aac8ea5a54,True
WIN_93f27ed2149d4017,REG_5bb716aac8ea5a54,WIN_5bb716aac8ea5a54,True
WIN_f087524741464cdc,REG_5bb716aac8ea5a54,WIN_5bb716aac8ea5a54,True
WIN_7de79740c0276540,REG_9d1c6db833842df0,WIN_9d1c6db833842df0,True
WIN_e683b504ec5d2544,REG_9d1c6db833842df0,WIN_9d1c6db833842df0,True
WIN_33e3b057c3a70e5e,REG_9d1c6db833842df0,WIN_9d1c6db833842df0,True
WIN_9d1c6db833842df0,REG_9d1c6db833842df0,WIN_9d1c6db833842df0,True
WIN_178f1d79527314d8,REG_9d1c6db833842df0,WIN_9d1c6db833842df0,True
WIN_efc3e725ccaab227,REG_9d1c6db833842df0,WIN_9d1c6db833842df0,True
WIN_e501e91a5ea1b6c6,REG_9d1c6db833842df0,WIN_9d1c6db833842df0,True
WIN_e78cf95b68174005,REG_e78cf95b68174005,WIN_e78cf95b68174005,True
WIN_785618ada3eca046,REG_e2ac7a50c2d00c92,WIN_e2ac7a50c2d00c92,True
WIN_95aff6fd6b3338d8,REG_e2ac7a50c2d00c92,WIN_e2ac7a50c2d00c92,True
WIN_f1293e5ed6297ced,REG_e2ac7a50c2d00c92,WIN_e2ac7a50c2d00c92,True
WIN_e2ac7a50c2d00c92,REG_e2ac7a50c2d00c92,WIN_e2ac7a50c2d00c92,True
WIN_b008ee60e26e6b5a,REG_d15da013e2383caa,WIN_d15da013e2383caa,True
WIN_e0327401a321d52c,REG_d15da013e2383caa,WIN_d15da013e2383caa,True
WIN_1e64d5c1003a8a51,REG_d15da013e2383caa,WIN_d15da013e2383caa,True
WIN_d15da013e2383caa,REG_d15da013e2383caa,WIN_d15da013e2383caa,True
WIN_e962e82682702572,REG_d15da013e2383caa,WIN_d15da013e2383caa,True
WIN_b4b36d26747b9559,REG_d15da013e2383caa,WIN_d15da013e2383caa,True
WIN_cfdfdba338d32dbd,REG_d15da013e2383caa,WIN_d15da013e2383caa,True
WIN_1978b91615570a2a,REG_26fe8de26ea1b91b,WIN_26fe8de26ea1b91b,True
WIN_7fffc348d0f98564,REG_26fe8de26ea1b91b,WIN_26fe8de26ea1b91b,True
WIN_26fe8de26ea1b91b,REG_26fe8de26ea1b91b,WIN_26fe8de26ea1b91b,True
WIN_18634846019a334d,REG_26fe8de26ea1b91b,WIN_26fe8de26ea1b91b,True
WIN_dbfc70e76f800e79,REG_26fe8de26ea1b91b,WIN_26fe8de26ea1b91b,True
WIN_aea3221a87548273,REG_26fe8de26ea1b91b,WIN_26fe8de26ea1b91b,True
WIN_874a8ebf64f0d009,REG_3af8001eabcf24da,WIN_3af8001eabcf24da,True
WIN_750e3a984aa61756,REG_3af8001eabcf24da,WIN_3af8001eabcf24da,True
WIN_3af8001eabcf24da,REG_3af8001eabcf24da,WIN_3af8001eabcf24da,True
WIN_5298174b9c86617e,REG_3af8001eabcf24da,WIN_3af8001eabcf24da,True
WIN_08ad03cf0dced6b0,REG_3af8001eabcf24da,WIN_3af8001eabcf24da,True
WIN_defdf7d34829f155,REG_3af8001eabcf24da,WIN_3af8001eabcf24da,True
WIN_8dba2a3c2b2920c9,REG_3a1770356b6a1ce5,WIN_3a1770356b6a1ce5,True
WIN_6a76e624d8555bbb,REG_3a1770356b6a1ce5,WIN_3a1770356b6a1ce5,True
WIN_dbdf54ff8220e62f,REG_3a1770356b6a1ce5,WIN_3a1770356b6a1ce5,True
WIN_3a1770356b6a1ce5,REG_3a1770356b6a1ce5,WIN_3a1770356b6a1ce5,True
WIN_55a4e733d7b5a58a,REG_a47445e0faedd92d,WIN_a47445e0faedd92d,True
WIN_7a76ed5157799911,REG_a47445e0faedd92d,WIN_a47445e0faedd92d,True
WIN_798bc7c09a707301,REG_a47445e0faedd92d,WIN_a47445e0faedd92d,True
WIN_a47445e0faedd92d,REG_a47445e0faedd92d,WIN_a47445e0faedd92d,True
WIN_fd926bac1c7b1701,REG_fd926bac1c7b1701,WIN_fd926bac1c7b1701,True
WIN_511d5b086880ecff,REG_fd926bac1c7b1701,WIN_fd926bac1c7b1701,True
WIN_8ca08c980c42281d,REG_fd926bac1c7b1701,WIN_fd926bac1c7b1701,True
WIN_a2a2e6d6a7d15e71,REG_fd926bac1c7b1701,WIN_fd926bac1c7b1701,True
WIN_16efdb3fd5185d59,REG_6cae113ee00db69b,WIN_6cae113ee00db69b,True
WIN_c8f350b34af413db,REG_6cae113ee00db69b,WIN_6cae113ee00db69b,True
WIN_6cae113ee00db69b,REG_6cae113ee00db69b,WIN_6cae113ee00db69b,True
WIN_61ceacb718a23062,REG_6cae113ee00db69b,WIN_6cae113ee00db69b,True
WIN_fffb31ec260ae5ce,REG_6cae113ee00db69b,WIN_6cae113ee00db69b,True
WIN_e1d25fd4f77db170,REG_6cae113ee00db69b,WIN_6cae113ee00db69b,True
WIN_7d029531dc1a5db1,REG_0c39267aed79da5a,WIN_0c39267aed79da5a,True
WIN_7b3121b07396d898,REG_0c39267aed79da5a,WIN_0c39267aed79da5a,True
WIN_7bd6807f1482dd4c,REG_0c39267aed79da5a,WIN_0c39267aed79da5a,True
WIN_0c39267aed79da5a,REG_0c39267aed79da5a,WIN_0c39267aed79da5a,True
WIN_67fdabd0872476ec,REG_6543891109be84ad,WIN_6543891109be84ad,True
WIN_2a7b22c26f43afe8,REG_6543891109be84ad,WIN_6543891109be84ad,True
WIN_b10a85f90bce45cf,REG_6543891109be84ad,WIN_6543891109be84ad,True
WIN_6543891109be84ad,REG_6543891109be84ad,WIN_6543891109be84ad,True
WIN_0ee6d06c25325199,REG_6543891109be84ad,WIN_6543891109be84ad,True
WIN_97bcf94e0aae9b39,REG_6543891109be84ad,WIN_6543891109be84ad,True
WIN_73690e87619de648,REG_6543891109be84ad,WIN_6543891109be84ad,True
WIN_cbb86a0a87ccd885,REG_a8edd4b487f7dc5e,WIN_a8edd4b487f7dc5e,True
WIN_240dccb757d6a818,REG_a8edd4b487f7dc5e,WIN_a8edd4b487f7dc5e,True
WIN_f310bb3334e03fb9,REG_a8edd4b487f7dc5e,WIN_a8edd4b487f7dc5e,True
WIN_a8edd4b487f7dc5e,REG_a8edd4b487f7dc5e,WIN_a8edd4b487f7dc5e,True
WIN_4345771708506ede,REG_a8edd4b487f7dc5e,WIN_a8edd4b487f7dc5e,True
WIN_44a36ea707c3b2d9,REG_a8edd4b487f7dc5e,WIN_a8edd4b487f7dc5e,True
WIN_cf2d7b1b338eba6d,REG_a8edd4b487f7dc5e,WIN_a8edd4b487f7dc5e,True
WIN_bf95d6dbe013bf5a,REG_1b60e489d8b308d4,WIN_1b60e489d8b308d4,True
WIN_e071e3e7771101d4,REG_1b60e489d8b308d4,WIN_1b60e489d8b308d4,True
WIN_4a0ce79c600112c1,REG_1b60e489d8b308d4,WIN_1b60e489d8b308d4,True
WIN_1b60e489d8b308d4,REG_1b60e489d8b308d4,WIN_1b60e489d8b308d4,True
WIN_b39c642a51749bb9,REG_1b60e489d8b308d4,WIN_1b60e489d8b308d4,True
WIN_98f2d90e7d04682b,REG_1b60e489d8b308d4,WIN_1b60e489d8b308d4,True
WIN_3bf9e264f64156ea,REG_1b60e489d8b308d4,WIN_1b60e489d8b308d4,True
WIN_c8ec12a1aad9f5f5,REG_a6b2e92fafdf37eb,WIN_a6b2e92fafdf37eb,True
WIN_233dd895af034310,REG_a6b2e92fafdf37eb,WIN_a6b2e92fafdf37eb,True
WIN_109daa722e459903,REG_a6b2e92fafdf37eb,WIN_a6b2e92fafdf37eb,True
WIN_a6b2e92fafdf37eb,REG_a6b2e92fafdf37eb,WIN_a6b2e92fafdf37eb,True
WIN_b74ddc249434f1bf,REG_a6b2e92fafdf37eb,WIN_a6b2e92fafdf37eb,True
WIN_c8a67d899b6e850a,REG_a6b2e92fafdf37eb,WIN_a6b2e92fafdf37eb,True
WIN_d1e6cc16890c4d6a,REG_a6b2e92fafdf37eb,WIN_a6b2e92fafdf37eb,True
WIN_46f89b357917ce93,REG_2386e5fba290e6b8,WIN_2386e5fba290e6b8,True
WIN_7485745736a28ce6,REG_2386e5fba290e6b8,WIN_2386e5fba290e6b8,True
WIN_2386e5fba290e6b8,REG_2386e5fba290e6b8,WIN_2386e5fba290e6b8,True
WIN_c49c20a3a6a15af8,REG_c49c20a3a6a15af8,WIN_c49c20a3a6a15af8,True
WIN_fc490592be19de35,REG_c49c20a3a6a15af8,WIN_c49c20a3a6a15af8,True
WIN_a6a98cd878ff6ca9,REG_c49c20a3a6a15af8,WIN_c49c20a3a6a15af8,True
WIN_540f33c1c681cc52,REG_c49c20a3a6a15af8,WIN_c49c20a3a6a15af8,True
WIN_ed30c7ea1e2207bd,REG_59e20ca82a12f597,WIN_59e20ca82a12f597,True
WIN_cb666db74584d1cf,REG_59e20ca82a12f597,WIN_59e20ca82a12f597,True
WIN_17e2deeda5cf15a9,REG_59e20ca82a12f597,WIN_59e20ca82a12f597,True
WIN_59e20ca82a12f597,REG_59e20ca82a12f597,WIN_59e20ca82a12f597,True
WIN_f3a927158ef293c7,REG_59e20ca82a12f597,WIN_59e20ca82a12f597,True
WIN_800c711416936d5b,REG_59e20ca82a12f597,WIN_59e20ca82a12f597,True
WIN_a1c622fc1f1635f6,REG_59e20ca82a12f597,WIN_59e20ca82a12f597,True
WIN_492bc47529786388,REG_da76742f6f317551,WIN_da76742f6f317551,True
WIN_da76742f6f317551,REG_da76742f6f317551,WIN_da76742f6f317551,True
WIN_209be9ef99d722e8,REG_da76742f6f317551,WIN_da76742f6f317551,True
WIN_21aaf07a35964311,REG_da76742f6f317551,WIN_da76742f6f317551,True
WIN_2b306665bdde2d94,REG_6bbe790e432eb291,WIN_6bbe790e432eb291,True
WIN_b941f748afcef4a9,REG_6bbe790e432eb291,WIN_6bbe790e432eb291,True
WIN_0d4abea7ff5a5aab,REG_6bbe790e432eb291,WIN_6bbe790e432eb291,True
WIN_6bbe790e432eb291,REG_6bbe790e432eb291,WIN_6bbe790e432eb291,True
WIN_2f5298dc04a419b7,REG_6bbe790e432eb291,WIN_6bbe790e432eb291,True
WIN_26825880f3a3be12,REG_6bbe790e432eb291,WIN_6bbe790e432eb291,True
WIN_d61df4eb5742c847,REG_6bbe790e432eb291,WIN_6bbe790e432eb291,True
WIN_c35badae88d2a9fd,REG_6115e3767a2ff228,WIN_6115e3767a2ff228,True
WIN_257d7fb762f788f8,REG_6115e3767a2ff228,WIN_6115e3767a2ff228,True
WIN_736ca09d340820a6,REG_6115e3767a2ff228,WIN_6115e3767a2ff228,True
WIN_6115e3767a2ff228,REG_6115e3767a2ff228,WIN_6115e3767a2ff228,True
WIN_d0d169cc0e05378e,REG_22c6efae5967d8b3,WIN_22c6efae5967d8b3,True
WIN_d398cbdee9e13024,REG_22c6efae5967d8b3,WIN_22c6efae5967d8b3,True
WIN_fb0abaf75651580c,REG_22c6efae5967d8b3,WIN_22c6efae5967d8b3,True
WIN_22c6efae5967d8b3,REG_22c6efae5967d8b3,WIN_22c6efae5967d8b3,True
WIN_587b85be17f4e190,REG_22c6efae5967d8b3,WIN_22c6efae5967d8b3,True
WIN_3f81524824645a6e,REG_22c6efae5967d8b3,WIN_22c6efae5967d8b3,True
WIN_b42c594a2ae0e867,REG_22c6efae5967d8b3,WIN_22c6efae5967d8b3,True
WIN_1d46dba2b1cb33f7,REG_1d46dba2b1cb33f7,WIN_1d46dba2b1cb33f7,True
WIN_db8f2873558f5b2f,REG_1d46dba2b1cb33f7,WIN_1d46dba2b1cb33f7,True
WIN_3d60f68d254837a8,REG_1d46dba2b1cb33f7,WIN_1d46dba2b1cb33f7,True
WIN_9811716fd804144e,REG_1d46dba2b1cb33f7,WIN_1d46dba2b1cb33f7,True
WIN_46c39f409c506455,REG_4b808c25b47b4345,WIN_4b808c25b47b4345,True
WIN_e3a3bade7d4f307c,REG_4b808c25b47b4345,WIN_4b808c25b47b4345,True
WIN_cc7990d72eb820b5,REG_4b808c25b47b4345,WIN_4b808c25b47b4345,True
WIN_4b808c25b47b4345,REG_4b808c25b47b4345,WIN_4b808c25b47b4345,True
WIN_5d765dada4b410e2,REG_9cdeb115223f6bb5,WIN_9cdeb115223f6bb5,True
WIN_8ab28eb55681cc9b,REG_9cdeb115223f6bb5,WIN_9cdeb115223f6bb5,True
WIN_cba3d13bb075a92a,REG_9cdeb115223f6bb5,WIN_9cdeb115223f6bb5,True
WIN_9cdeb115223f6bb5,REG_9cdeb115223f6bb5,WIN_9cdeb115223f6bb5,True
WIN_8dc9fcedb4e2bf06,REG_9cdeb115223f6bb5,WIN_9cdeb115223f6bb5,True
WIN_67461b248938fbd0,REG_9cdeb115223f6bb5,WIN_9cdeb115223f6bb5,True
WIN_d2e2d93ffe2911b3,REG_9cdeb115223f6bb5,WIN_9cdeb115223f6bb5,True
WIN_7a53c35bb8299edd,REG_9fe7e12bb3ece36f,WIN_9fe7e12bb3ece36f,True
WIN_178fd118eec1a633,REG_9fe7e12bb3ece36f,WIN_9fe7e12bb3ece36f,True
WIN_924348a542c5adf8,REG_9fe7e12bb3ece36f,WIN_9fe7e12bb3ece36f,True
WIN_9fe7e12bb3ece36f,REG_9fe7e12bb3ece36f,WIN_9fe7e12bb3ece36f,True
WIN_2b07f3e880da879e,REG_2b07f3e880da879e,WIN_2b07f3e880da879e,True
WIN_0011164b940ebb7f,REG_2b07f3e880da879e,WIN_2b07f3e880da879e,True
WIN_3a251f032b6791f4,REG_2b07f3e880da879e,WIN_2b07f3e880da879e,True
WIN_9e99e907b37a1ad6,REG_2b07f3e880da879e,WIN_2b07f3e880da879e,True
WIN_3b9ec91b963e5eda,REG_ba98c72127b0f4c0,WIN_ba98c72127b0f4c0,True
WIN_18e0fd715a5c9761,REG_ba98c72127b0f4c0,WIN_ba98c72127b0f4c0,True
WIN_7d23e8bdce2959c6,REG_ba98c72127b0f4c0,WIN_ba98c72127b0f4c0,True
WIN_ba98c72127b0f4c0,REG_ba98c72127b0f4c0,WIN_ba98c72127b0f4c0,True
WIN_73d2d0c5ec12a5fb,REG_ba98c72127b0f4c0,WIN_ba98c72127b0f4c0,True
WIN_6895a135ed7d573f,REG_359361ef90d1777f,WIN_359361ef90d1777f,True
WIN_3cb82dc4a5b7a149,REG_359361ef90d1777f,WIN_359361ef90d1777f,True
WIN_71aef2d474f98735,REG_359361ef90d1777f,WIN_359361ef90d1777f,True
WIN_359361ef90d1777f,REG_359361ef90d1777f,WIN_359361ef90d1777f,True
WIN_912f1fcf8279b4d7,REG_912f1fcf8279b4d7,WIN_912f1fcf8279b4d7,True
WIN_8cb1b92f27eb6c8a,REG_2a5eed155831f6a0,WIN_2a5eed155831f6a0,True
WIN_7cc981f9c5f5cdd0,REG_2a5eed155831f6a0,WIN_2a5eed155831f6a0,True
WIN_11abdc550f661100,REG_2a5eed155831f6a0,WIN_2a5eed155831f6a0,True
WIN_2a5eed155831f6a0,REG_2a5eed155831f6a0,WIN_2a5eed155831f6a0,True
WIN_5ce98b3a860f9d07,REG_2a5eed155831f6a0,WIN_2a5eed155831f6a0,True
WIN_8fb1ef210c1c4fd0,REG_2a5eed155831f6a0,WIN_2a5eed155831f6a0,True
WIN_7177ed4cb8eebd83,REG_2a5eed155831f6a0,WIN_2a5eed155831f6a0,True
WIN_912fa47e4a08102c,REG_912fa47e4a08102c,WIN_912fa47e4a08102c,True
WIN_cf73d4f34f5cfbe1,REG_912fa47e4a08102c,WIN_912fa47e4a08102c,True
WIN_9d77f8dadb6fb61a,REG_912fa47e4a08102c,WIN_912fa47e4a08102c,True
WIN_8f1ad12e401906da,REG_912fa47e4a08102c,WIN_912fa47e4a08102c,True
WIN_b0cd4bf2ec99c815,REG_f328e661aba6324f,WIN_f328e661aba6324f,True
WIN_f328e661aba6324f,REG_f328e661aba6324f,WIN_f328e661aba6324f,True
WIN_c0b11bfcb03e76ee,REG_f328e661aba6324f,WIN_f328e661aba6324f,True
WIN_9217836fab682c7e,REG_f328e661aba6324f,WIN_f328e661aba6324f,True
WIN_1ab68afd263feda1,REG_f328e661aba6324f,WIN_f328e661aba6324f,True
WIN_d23621202d5540ff,REG_fab8b68c2f78d74b,WIN_fab8b68c2f78d74b,True
WIN_fab8b68c2f78d74b,REG_fab8b68c2f78d74b,WIN_fab8b68c2f78d74b,True
WIN_5620c9412942debc,REG_ecd77db211d13704,WIN_ecd77db211d13704,True
WIN_ece91fffcaacbc70,REG_ecd77db211d13704,WIN_ecd77db211d13704,True
WIN_a20bc33f72e4e5e1,REG_ecd77db211d13704,WIN_ecd77db211d13704,True
WIN_ecd77db211d13704,REG_ecd77db211d13704,WIN_ecd77db211d13704,True
WIN_fd8baa2257d9b09a,REG_ecd77db211d13704,WIN_ecd77db211d13704,True
WIN_a406547008b4a8c3,REG_ecd77db211d13704,WIN_ecd77db211d13704,True
WIN_6b5f637fd8a431ec,REG_ecd77db211d13704,WIN_ecd77db211d13704,True
WIN_23f53a079119ebcd,REG_7a3a520c14f6b77f,WIN_7a3a520c14f6b77f,True
WIN_5757e9a4cabc6d7b,REG_7a3a520c14f6b77f,WIN_7a3a520c14f6b77f,True
WIN_06efa0df786e5a63,REG_7a3a520c14f6b77f,WIN_7a3a520c14f6b77f,True
WIN_7a3a520c14f6b77f,REG_7a3a520c14f6b77f,WIN_7a3a520c14f6b77f,True
WIN_9d4573fab1cf7afa,REG_7a3a520c14f6b77f,WIN_7a3a520c14f6b77f,True
WIN_1747be1edf5ef767,REG_7a3a520c14f6b77f,WIN_7a3a520c14f6b77f,True
WIN_3a1bb21c9aa0b862,REG_7a3a520c14f6b77f,WIN_7a3a520c14f6b77f,True
WIN_34b9c165126e124e,REG_aebd9be568b00ca6,WIN_aebd9be568b00ca6,True
WIN_5989bb708326615f,REG_aebd9be568b00ca6,WIN_aebd9be568b00ca6,True
WIN_f6c36c4de519b059,REG_aebd9be568b00ca6,WIN_aebd9be568b00ca6,True
WIN_aebd9be568b00ca6,REG_aebd9be568b00ca6,WIN_aebd9be568b00ca6,True
WIN_aecf9df2231bf51b,REG_aebd9be568b00ca6,WIN_aebd9be568b00ca6,True
WIN_fc8766210a185e12,REG_aebd9be568b00ca6,WIN_aebd9be568b00ca6,True
WIN_79775bbc166d19d6,REG_aebd9be568b00ca6,WIN_aebd9be568b00ca6,True
WIN_69f596974833dc35,REG_69f596974833dc35,WIN_69f596974833dc35,True
WIN_f5ada457428d7a3b,REG_69f596974833dc35,WIN_69f596974833dc35,True
WIN_112d0d766ecba5ff,REG_69f596974833dc35,WIN_69f596974833dc35,True
WIN_e95189c9cb34a9df,REG_69f596974833dc35,WIN_69f596974833dc35,True
WIN_3e9eb5607b62c440,REG_3e9eb5607b62c440,WIN_3e9eb5607b62c440,True
WIN_d7d1c1f55fda96be,REG_3e9eb5607b62c440,WIN_3e9eb5607b62c440,True
WIN_6aa9fdd99044e643,REG_3e9eb5607b62c440,WIN_3e9eb5607b62c440,True
WIN_64924efc9395e616,REG_3e9eb5607b62c440,WIN_3e9eb5607b62c440,True
WIN_c44367facede8af8,REG_4e562d95d5a5c73c,WIN_4e562d95d5a5c73c,True
WIN_142fd1fb48059508,REG_4e562d95d5a5c73c,WIN_4e562d95d5a5c73c,True
WIN_d118a8bd873016ab,REG_4e562d95d5a5c73c,WIN_4e562d95d5a5c73c,True
WIN_4e562d95d5a5c73c,REG_4e562d95d5a5c73c,WIN_4e562d95d5a5c73c,True
WIN_82a53f9dcc66faa9,REG_19e4570bc81c0d3b,WIN_19e4570bc81c0d3b,True
WIN_a6cf246504811bf9,REG_19e4570bc81c0d3b,WIN_19e4570bc81c0d3b,True
WIN_fecb905128c24187,REG_19e4570bc81c0d3b,WIN_19e4570bc81c0d3b,True
WIN_19e4570bc81c0d3b,REG_19e4570bc81c0d3b,WIN_19e4570bc81c0d3b,True
WIN_79e10d0863d7fa83,REG_19e4570bc81c0d3b,WIN_19e4570bc81c0d3b,True
WIN_fd33ac9ff5c80e96,REG_fd33ac9ff5c80e96,WIN_fd33ac9ff5c80e96,True
WIN_c602a7574feb15ce,REG_fd33ac9ff5c80e96,WIN_fd33ac9ff5c80e96,True
WIN_6e1820a51eb0626a,REG_fd33ac9ff5c80e96,WIN_fd33ac9ff5c80e96,True
WIN_c4ef160b433bcc17,REG_fd33ac9ff5c80e96,WIN_fd33ac9ff5c80e96,True
WIN_1fc32389464876f9,REG_c84c7e57d3192bb8,WIN_c84c7e57d3192bb8,True
WIN_c84c7e57d3192bb8,REG_c84c7e57d3192bb8,WIN_c84c7e57d3192bb8,True
WIN_6b4a798ebda4c25a,REG_c84c7e57d3192bb8,WIN_c84c7e57d3192bb8,True
WIN_f52faade06648fd8,REG_c84c7e57d3192bb8,WIN_c84c7e57d3192bb8,True
WIN_c72dcbfdff38f202,REG_c84c7e57d3192bb8,WIN_c84c7e57d3192bb8,True
WIN_e6c661fdd790d7ff,REG_339c7bef2419d887,WIN_339c7bef2419d887,True
WIN_2f63a0d5df3bcb7f,REG_339c7bef2419d887,WIN_339c7bef2419d887,True
WIN_1e4ac2fb43356fa3,REG_339c7bef2419d887,WIN_339c7bef2419d887,True
WIN_339c7bef2419d887,REG_339c7bef2419d887,WIN_339c7bef2419d887,True
WIN_bfbd95cf17f6a5f9,REG_339c7bef2419d887,WIN_339c7bef2419d887,True
WIN_00bef5ec8457550d,REG_339c7bef2419d887,WIN_339c7bef2419d887,True
WIN_ddf3ea23eca9cff9,REG_339c7bef2419d887,WIN_339c7bef2419d887,True
WIN_e79fd4c7f6d8c04c,REG_20bf30d0d5492a1c,WIN_20bf30d0d5492a1c,True
WIN_291eebceb367403b,REG_20bf30d0d5492a1c,WIN_20bf30d0d5492a1c,True
WIN_b3fc1080d70e18b6,REG_20bf30d0d5492a1c,WIN_20bf30d0d5492a1c,True
WIN_20bf30d0d5492a1c,REG_20bf30d0d5492a1c,WIN_20bf30d0d5492a1c,True
WIN_2c1992de67546518,REG_20bf30d0d5492a1c,WIN_20bf30d0d5492a1c,True
WIN_5b78c1c055e0e359,REG_04d5cf581065de8f,WIN_04d5cf581065de8f,True
WIN_f6a0efe85cdaabe8,REG_04d5cf581065de8f,WIN_04d5cf581065de8f,True
WIN_04d5cf581065de8f,REG_04d5cf581065de8f,WIN_04d5cf581065de8f,True
WIN_67d1d246ca10198d,REG_04d5cf581065de8f,WIN_04d5cf581065de8f,True
WIN_73d06516c1e3b78c,REG_04d5cf581065de8f,WIN_04d5cf581065de8f,True
WIN_be79c3cdd25b0b2c,REG_04d5cf581065de8f,WIN_04d5cf581065de8f,True
WIN_ed4d9b00021ea4f3,REG_97890ee795f422d7,WIN_97890ee795f422d7,True
WIN_aac448344b21b13a,REG_97890ee795f422d7,WIN_97890ee795f422d7,True
WIN_5b96b3b1334d2b8f,REG_97890ee795f422d7,WIN_97890ee795f422d7,True
WIN_97890ee795f422d7,REG_97890ee795f422d7,WIN_97890ee795f422d7,True
WIN_ae16def56526d66c,REG_97890ee795f422d7,WIN_97890ee795f422d7,True
WIN_0a75a4f5ca9f4636,REG_97890ee795f422d7,WIN_97890ee795f422d7,True
WIN_43fb811ad78c997e,REG_97890ee795f422d7,WIN_97890ee795f422d7,True
WIN_735cef35f7b03eb3,REG_f286da43f9c8a4fd,WIN_f286da43f9c8a4fd,True
WIN_5f6313d32181f448,REG_f286da43f9c8a4fd,WIN_f286da43f9c8a4fd,True
WIN_2c15b7ef670861dc,REG_f286da43f9c8a4fd,WIN_f286da43f9c8a4fd,True
WIN_f286da43f9c8a4fd,REG_f286da43f9c8a4fd,WIN_f286da43f9c8a4fd,True
WIN_c58dfbe78f1bbcf0,REG_f286da43f9c8a4fd,WIN_f286da43f9c8a4fd,True
WIN_aa2919a0f89e3c08,REG_f286da43f9c8a4fd,WIN_f286da43f9c8a4fd,True
WIN_8be1ec8046bb7c38,REG_f286da43f9c8a4fd,WIN_f286da43f9c8a4fd,True
WIN_06d776392e080071,REG_06d776392e080071,WIN_06d776392e080071,True
WIN_6b20a65990976635,REG_06d776392e080071,WIN_06d776392e080071,True
WIN_3584d31ae8598917,REG_06d776392e080071,WIN_06d776392e080071,True
WIN_2da863f1d531702a,REG_06d776392e080071,WIN_06d776392e080071,True
WIN_b402d208ce13835c,REG_f519887ff7c01e86,WIN_f519887ff7c01e86,True
WIN_1b54f031b92e230f,REG_f519887ff7c01e86,WIN_f519887ff7c01e86,True
WIN_51dd220fc2b48e82,REG_f519887ff7c01e86,WIN_f519887ff7c01e86,True
WIN_f519887ff7c01e86,REG_f519887ff7c01e86,WIN_f519887ff7c01e86,True
WIN_a15aa9b7de6d0ed8,REG_f519887ff7c01e86,WIN_f519887ff7c01e86,True
WIN_b43c5c9215f439e6,REG_f519887ff7c01e86,WIN_f519887ff7c01e86,True
WIN_5b0463e100f54d9b,REG_f519887ff7c01e86,WIN_f519887ff7c01e86,True
WIN_42e94d081c2e9aea,REG_f54e39382bb68a13,WIN_f54e39382bb68a13,True
WIN_d75089e4d5a9a401,REG_f54e39382bb68a13,WIN_f54e39382bb68a13,True
WIN_f54e39382bb68a13,REG_f54e39382bb68a13,WIN_f54e39382bb68a13,True
WIN_587aba2864b04b80,REG_f54e39382bb68a13,WIN_f54e39382bb68a13,True
WIN_600874a3936eb56f,REG_f54e39382bb68a13,WIN_f54e39382bb68a13,True
WIN_5e5c1ceeab0895ee,REG_f54e39382bb68a13,WIN_f54e39382bb68a13,True
WIN_35977bb25be77dfa,REG_07ac7aab7325cab6,WIN_07ac7aab7325cab6,True
WIN_07ac7aab7325cab6,REG_07ac7aab7325cab6,WIN_07ac7aab7325cab6,True
WIN_1663f97b22dc8776,REG_07ac7aab7325cab6,WIN_07ac7aab7325cab6,True
WIN_1ccc825c0c2923f6,REG_07ac7aab7325cab6,WIN_07ac7aab7325cab6,True
WIN_762187a2aa64df3c,REG_07ac7aab7325cab6,WIN_07ac7aab7325cab6,True
WIN_f0380c6afe0833a2,REG_beb2b11f8fbbf899,WIN_beb2b11f8fbbf899,True
WIN_0fa3a3a8a260b6d0,REG_beb2b11f8fbbf899,WIN_beb2b11f8fbbf899,True
WIN_aeceadf15c0e10c9,REG_beb2b11f8fbbf899,WIN_beb2b11f8fbbf899,True
WIN_beb2b11f8fbbf899,REG_beb2b11f8fbbf899,WIN_beb2b11f8fbbf899,True
WIN_0a33749115022eb7,REG_beb2b11f8fbbf899,WIN_beb2b11f8fbbf899,True
WIN_b422806284f8f892,REG_beb2b11f8fbbf899,WIN_beb2b11f8fbbf899,True
WIN_cebb60c3912185eb,REG_beb2b11f8fbbf899,WIN_beb2b11f8fbbf899,True
WIN_4a00f9639340cf1c,REG_604e0dcc3c764874,WIN_604e0dcc3c764874,True
WIN_492071cd17435dc7,REG_604e0dcc3c764874,WIN_604e0dcc3c764874,True
WIN_2f277a6f65c858bd,REG_604e0dcc3c764874,WIN_604e0dcc3c764874,True
WIN_604e0dcc3c764874,REG_604e0dcc3c764874,WIN_604e0dcc3c764874,True
WIN_5274dbae599e1b84,REG_604e0dcc3c764874,WIN_604e0dcc3c764874,True
WIN_e22aba3fc79c8a30,REG_5d01c7c5ab6423bc,WIN_5d01c7c5ab6423bc,True
WIN_3c430d8b2099ab9e,REG_5d01c7c5ab6423bc,WIN_5d01c7c5ab6423bc,True
WIN_e6094e643165b826,REG_5d01c7c5ab6423bc,WIN_5d01c7c5ab6423bc,True
WIN_5d01c7c5ab6423bc,REG_5d01c7c5ab6423bc,WIN_5d01c7c5ab6423bc,True
WIN_18d6ca74c63df42e,REG_5d01c7c5ab6423bc,WIN_5d01c7c5ab6423bc,True
WIN_ef81a4f9c43f3f16,REG_8266898afdb65c99,WIN_8266898afdb65c99,True
WIN_6754f0d2c8f25857,REG_8266898afdb65c99,WIN_8266898afdb65c99,True
WIN_1441e515827390c1,REG_8266898afdb65c99,WIN_8266898afdb65c99,True
WIN_8266898afdb65c99,REG_8266898afdb65c99,WIN_8266898afdb65c99,True
WIN_b9d1a113ed4a7e34,REG_79f1c84b37f05881,WIN_79f1c84b37f05881,True
WIN_12d05d72954cb13b,REG_79f1c84b37f05881,WIN_79f1c84b37f05881,True
WIN_79f1c84b37f05881,REG_79f1c84b37f05881,WIN_79f1c84b37f05881,True
WIN_0445a71459c7e837,REG_79f1c84b37f05881,WIN_79f1c84b37f05881,True
WIN_234161256a08f4f2,REG_79f1c84b37f05881,WIN_79f1c84b37f05881,True
WIN_fc8c434173ffae83,REG_79f1c84b37f05881,WIN_79f1c84b37f05881,True
WIN_ab94ec7d2ffa0f2a,REG_ab94ec7d2ffa0f2a,WIN_ab94ec7d2ffa0f2a,True
WIN_7d80b2a81b227e7c,REG_ab94ec7d2ffa0f2a,WIN_ab94ec7d2ffa0f2a,True
WIN_8db1766962fdced1,REG_ab94ec7d2ffa0f2a,WIN_ab94ec7d2ffa0f2a,True
WIN_a9da56eefd052697,REG_ab94ec7d2ffa0f2a,WIN_ab94ec7d2ffa0f2a,True
WIN_be3c1c7a7bbeb4ee,REG_d0a6f6209983a449,WIN_d0a6f6209983a449,True
WIN_078815a9a1a92cbe,REG_d0a6f6209983a449,WIN_d0a6f6209983a449,True
WIN_15ad2a6832be4440,REG_d0a6f6209983a449,WIN_d0a6f6209983a449,True
WIN_d0a6f6209983a449,REG_d0a6f6209983a449,WIN_d0a6f6209983a449,True
WIN_9fe358fca4d41ed9,REG_d0a6f6209983a449,WIN_d0a6f6209983a449,True
WIN_083ee9eedf54c722,REG_d0a6f6209983a449,WIN_d0a6f6209983a449,True
WIN_42407a992db034ca,REG_d0a6f6209983a449,WIN_d0a6f6209983a449,True
WIN_cf90471057367650,REG_2808ffa834a0f728,WIN_2808ffa834a0f728,True
WIN_5dd61c0a7832507f,REG_2808ffa834a0f728,WIN_2808ffa834a0f728,True
WIN_2808ffa834a0f728,REG_2808ffa834a0f728,WIN_2808ffa834a0f728,True
WIN_24bb46b971a1d75d,REG_2808ffa834a0f728,WIN_2808ffa834a0f728,True
WIN_7d2b786ea2e47bff,REG_153fae1e5b1f6f9c,WIN_153fae1e5b1f6f9c,True
WIN_aa3a06374fc59a7b,REG_153fae1e5b1f6f9c,WIN_153fae1e5b1f6f9c,True
WIN_7609cddb824e1a9d,REG_153fae1e5b1f6f9c,WIN_153fae1e5b1f6f9c,True
WIN_153fae1e5b1f6f9c,REG_153fae1e5b1f6f9c,WIN_153fae1e5b1f6f9c,True
WIN_b011406a04b9faca,REG_153fae1e5b1f6f9c,WIN_153fae1e5b1f6f9c,True
WIN_c58f4a55ee881ce9,REG_153fae1e5b1f6f9c,WIN_153fae1e5b1f6f9c,True
WIN_f89e2afeb467e533,REG_153fae1e5b1f6f9c,WIN_153fae1e5b1f6f9c,True
WIN_7c90ca6b3883bf53,REG_b30b071f0961235c,WIN_b30b071f0961235c,True
WIN_c5a6f8551bff59fb,REG_b30b071f0961235c,WIN_b30b071f0961235c,True
WIN_d2788d649b048d04,REG_b30b071f0961235c,WIN_b30b071f0961235c,True
WIN_b30b071f0961235c,REG_b30b071f0961235c,WIN_b30b071f0961235c,True
WIN_b8f17bf6d040637c,REG_b30b071f0961235c,WIN_b30b071f0961235c,True
WIN_16b7e93809e5122d,REG_b30b071f0961235c,WIN_b30b071f0961235c,True
WIN_5834cd3b1308ed34,REG_b30b071f0961235c,WIN_b30b071f0961235c,True
WIN_ff39fc1c435e7c0b,REG_ff39fc1c435e7c0b,WIN_ff39fc1c435e7c0b,True
WIN_859a8b410e4d8737,REG_317379025ab3d438,WIN_317379025ab3d438,True
WIN_f961e45fa43a1431,REG_317379025ab3d438,WIN_317379025ab3d438,True
WIN_c7c6e8fad1917fd0,REG_317379025ab3d438,WIN_317379025ab3d438,True
WIN_317379025ab3d438,REG_317379025ab3d438,WIN_317379025ab3d438,True
WIN_bd94bcc771b690d6,REG_317379025ab3d438,WIN_317379025ab3d438,True
WIN_6738b74b00e0e8ee,REG_317379025ab3d438,WIN_317379025ab3d438,True
WIN_4c989d7e726db59a,REG_950e4756fce68603,WIN_950e4756fce68603,True
WIN_a93cf123f0106880,REG_950e4756fce68603,WIN_950e4756fce68603,True
WIN_b831659b85e2e117,REG_950e4756fce68603,WIN_950e4756fce68603,True
WIN_950e4756fce68603,REG_950e4756fce68603,WIN_950e4756fce68603,True
WIN_e2a74c0cb8950438,REG_950e4756fce68603,WIN_950e4756fce68603,True
WIN_57d444cb2efc7fa1,REG_950e4756fce68603,WIN_950e4756fce68603,True
WIN_1032259b1014b747,REG_950e4756fce68603,WIN_950e4756fce68603,True
WIN_44e7af757d954216,REG_66ad72b1b38927d8,WIN_66ad72b1b38927d8,True
WIN_66ad72b1b38927d8,REG_66ad72b1b38927d8,WIN_66ad72b1b38927d8,True
WIN_fdd915b8d287be60,REG_66ad72b1b38927d8,WIN_66ad72b1b38927d8,True
WIN_e195e697512bb5bd,REG_66ad72b1b38927d8,WIN_66ad72b1b38927d8,True
WIN_b668d5ae37c29879,REG_66ad72b1b38927d8,WIN_66ad72b1b38927d8,True
WIN_bf9c0babec7270c5,REG_4afe66f046dc880c,WIN_4afe66f046dc880c,True
WIN_8700ca7c96270604,REG_4afe66f046dc880c,WIN_4afe66f046dc880c,True
WIN_77a8e3c7e4ab2619,REG_4afe66f046dc880c,WIN_4afe66f046dc880c,True
WIN_4afe66f046dc880c,REG_4afe66f046dc880c,WIN_4afe66f046dc880c,True
WIN_57c66358c4da9765,REG_4afe66f046dc880c,WIN_4afe66f046dc880c,True
WIN_8161eeb99d99e9f3,REG_4afe66f046dc880c,WIN_4afe66f046dc880c,True
WIN_8accf245a150cb24,REG_4afe66f046dc880c,WIN_4afe66f046dc880c,True
WIN_5b30afd7f49e4352,REG_7c37f320dd0a649c,WIN_7c37f320dd0a649c,True
WIN_c5a7a4dadc9ae949,REG_7c37f320dd0a649c,WIN_7c37f320dd0a649c,True
WIN_b4e840b036cb2367,REG_7c37f320dd0a649c,WIN_7c37f320dd0a649c,True
WIN_7c37f320dd0a649c,REG_7c37f320dd0a649c,WIN_7c37f320dd0a649c,True
WIN_a6ab1dd635ede511,REG_7c37f320dd0a649c,WIN_7c37f320dd0a649c,True
WIN_964f6ddd66b50ce4,REG_7c37f320dd0a649c,WIN_7c37f320dd0a649c,True
WIN_0e31326647b7d4a8,REG_7c37f320dd0a649c,WIN_7c37f320dd0a649c,True
WIN_01c77719d2673a9d,REG_01c77719d2673a9d,WIN_01c77719d2673a9d,True
WIN_ed7eee789b494650,REG_01c77719d2673a9d,WIN_01c77719d2673a9d,True
WIN_90bfd7acc135eb57,REG_01c77719d2673a9d,WIN_01c77719d2673a9d,True
WIN_3faad7ff77562832,REG_01c77719d2673a9d,WIN_01c77719d2673a9d,True
WIN_f3f9c19668fd6289,REG_ef120308ba769833,WIN_ef120308ba769833,True
WIN_d07141c344c83725,REG_ef120308ba769833,WIN_ef120308ba769833,True
WIN_b548387f8ab2dfaf,REG_ef120308ba769833,WIN_ef120308ba769833,True
WIN_ef120308ba769833,REG_ef120308ba769833,WIN_ef120308ba769833,True
WIN_d59c2140f7fa0af8,REG_ef120308ba769833,WIN_ef120308ba769833,True
WIN_74edfc953685b59d,REG_00f11f02601c3e3f,WIN_00f11f02601c3e3f,True
WIN_04565ab6c343eaba,REG_00f11f02601c3e3f,WIN_00f11f02601c3e3f,True
WIN_00f11f02601c3e3f,REG_00f11f02601c3e3f,WIN_00f11f02601c3e3f,True
WIN_28a2c2c009726382,REG_00f11f02601c3e3f,WIN_00f11f02601c3e3f,True
WIN_feb80dfcb9fca1fd,REG_00f11f02601c3e3f,WIN_00f11f02601c3e3f,True
WIN_1ccb2f4452656e11,REG_00f11f02601c3e3f,WIN_00f11f02601c3e3f,True
WIN_23bef994fbf8d1d5,REG_257507350f5c771d,WIN_257507350f5c771d,True
WIN_eb9db5358e8feec8,REG_257507350f5c771d,WIN_257507350f5c771d,True
WIN_dc1cad4a3eaa396e,REG_257507350f5c771d,WIN_257507350f5c771d,True
WIN_257507350f5c771d,REG_257507350f5c771d,WIN_257507350f5c771d,True
WIN_f1c87ce78e6b42e1,REG_257507350f5c771d,WIN_257507350f5c771d,True
WIN_90f615104e6625b9,REG_257507350f5c771d,WIN_257507350f5c771d,True
WIN_1f078c6d3c3a219c,REG_257507350f5c771d,WIN_257507350f5c771d,True
WIN_7f655328d6366935,REG_7f655328d6366935,WIN_7f655328d6366935,True
WIN_53b23a61b47327d7,REG_7f655328d6366935,WIN_7f655328d6366935,True
WIN_9a8103d34673ce40,REG_7f655328d6366935,WIN_7f655328d6366935,True
WIN_cd54c3763cafd138,REG_7f655328d6366935,WIN_7f655328d6366935,True
WIN_50b9630d9a581450,REG_50b9630d9a581450,WIN_50b9630d9a581450,True
WIN_f5d49d8909af7590,REG_50b9630d9a581450,WIN_50b9630d9a581450,True
WIN_ad1003ffac261b45,REG_50b9630d9a581450,WIN_50b9630d9a581450,True
WIN_aaced40ef2610c8b,REG_50b9630d9a581450,WIN_50b9630d9a581450,True
WIN_33627759b8c3f1e7,REG_33627759b8c3f1e7,WIN_33627759b8c3f1e7,True
WIN_46a3b9a883b59865,REG_33627759b8c3f1e7,WIN_33627759b8c3f1e7,True
WIN_50eb777bc5a78818,REG_33627759b8c3f1e7,WIN_33627759b8c3f1e7,True
WIN_64f0775e8fe06f21,REG_33627759b8c3f1e7,WIN_33627759b8c3f1e7,True
WIN_2eb350cd94607c96,REG_fb807c79e7d10b64,WIN_fb807c79e7d10b64,True
WIN_13b56c8acdb6d2b3,REG_fb807c79e7d10b64,WIN_fb807c79e7d10b64,True
WIN_f8efc9cd630bc795,REG_fb807c79e7d10b64,WIN_fb807c79e7d10b64,True
WIN_fb807c79e7d10b64,REG_fb807c79e7d10b64,WIN_fb807c79e7d10b64,True
WIN_9ca96f2cd0bc1765,REG_fb807c79e7d10b64,WIN_fb807c79e7d10b64,True
WIN_3461a5d2cd128e6d,REG_fb807c79e7d10b64,WIN_fb807c79e7d10b64,True
WIN_6f9b7993f00fe524,REG_fb807c79e7d10b64,WIN_fb807c79e7d10b64,True
WIN_365a8279aba8ac2f,REG_365a8279aba8ac2f,WIN_365a8279aba8ac2f,True
WIN_950f87e1833c347d,REG_365a8279aba8ac2f,WIN_365a8279aba8ac2f,True
WIN_df8a59cb9f1386a1,REG_365a8279aba8ac2f,WIN_365a8279aba8ac2f,True
WIN_f6d1998b5f8337d0,REG_365a8279aba8ac2f,WIN_365a8279aba8ac2f,True
WIN_808df57c95677d9f,REG_01651ecfb3ae5bb5,WIN_01651ecfb3ae5bb5,True
WIN_2c7b508342baae56,REG_01651ecfb3ae5bb5,WIN_01651ecfb3ae5bb5,True
WIN_d4e071d79ad11ccf,REG_01651ecfb3ae5bb5,WIN_01651ecfb3ae5bb5,True
WIN_01651ecfb3ae5bb5,REG_01651ecfb3ae5bb5,WIN_01651ecfb3ae5bb5,True
WIN_c9729e6e4db327ce,REG_01651ecfb3ae5bb5,WIN_01651ecfb3ae5bb5,True
WIN_c12031391e396f2a,REG_01651ecfb3ae5bb5,WIN_01651ecfb3ae5bb5,True
WIN_9543b03a69f991e8,REG_01651ecfb3ae5bb5,WIN_01651ecfb3ae5bb5,True
WIN_0bce46fcac3eab5a,REG_b8b8c4d442744887,WIN_b8b8c4d442744887,True
WIN_237c5904291786ad,REG_b8b8c4d442744887,WIN_b8b8c4d442744887,True
WIN_6e311ac26cf49400,REG_b8b8c4d442744887,WIN_b8b8c4d442744887,True
WIN_b8b8c4d442744887,REG_b8b8c4d442744887,WIN_b8b8c4d442744887,True
WIN_0aa6bbe33081e3da,REG_b8b8c4d442744887,WIN_b8b8c4d442744887,True
WIN_b7312ef14bfaf3a9,REG_01658d08fa862a3e,WIN_01658d08fa862a3e,True
WIN_99ae14878db15a34,REG_01658d08fa862a3e,WIN_01658d08fa862a3e,True
WIN_fd338f962c2166f3,REG_01658d08fa862a3e,WIN_01658d08fa862a3e,True
WIN_01658d08fa862a3e,REG_01658d08fa862a3e,WIN_01658d08fa862a3e,True
WIN_52bb9d6c98a5ee08,REG_cc28ab98c52fa17b,WIN_cc28ab98c52fa17b,True
WIN_7a51f069fff61397,REG_cc28ab98c52fa17b,WIN_cc28ab98c52fa17b,True
WIN_2ea565715f07e338,REG_cc28ab98c52fa17b,WIN_cc28ab98c52fa17b,True
WIN_cc28ab98c52fa17b,REG_cc28ab98c52fa17b,WIN_cc28ab98c52fa17b,True
WIN_3c54e722840b39a8,REG_cc28ab98c52fa17b,WIN_cc28ab98c52fa17b,True
WIN_2f232415dcefc017,REG_cc28ab98c52fa17b,WIN_cc28ab98c52fa17b,True
WIN_e60bd36df300d546,REG_cc28ab98c52fa17b,WIN_cc28ab98c52fa17b,True
WIN_317f780ceb021a02,REG_317f780ceb021a02,WIN_317f780ceb021a02,True
WIN_3cf95b7cd6ade000,REG_acfc529b3ff02d34,WIN_acfc529b3ff02d34,True
WIN_cc967ba9f0298d03,REG_acfc529b3ff02d34,WIN_acfc529b3ff02d34,True
WIN_5f1f0e561682ede8,REG_acfc529b3ff02d34,WIN_acfc529b3ff02d34,True
WIN_acfc529b3ff02d34,REG_acfc529b3ff02d34,WIN_acfc529b3ff02d34,True
WIN_6f070422a953eefd,REG_acfc529b3ff02d34,WIN_acfc529b3ff02d34,True
WIN_3c5a7d09a0e4ea05,REG_acfc529b3ff02d34,WIN_acfc529b3ff02d34,True
WIN_93063f933cdfdef2,REG_acfc529b3ff02d34,WIN_acfc529b3ff02d34,True
WIN_19e92f4933bc02e0,REG_1a8cb2ed6604315c,WIN_1a8cb2ed6604315c,True
WIN_cde0109b3094464f,REG_1a8cb2ed6604315c,WIN_1a8cb2ed6604315c,True
WIN_4ac31d68027c507c,REG_1a8cb2ed6604315c,WIN_1a8cb2ed6604315c,True
WIN_1a8cb2ed6604315c,REG_1a8cb2ed6604315c,WIN_1a8cb2ed6604315c,True
WIN_fd01373d0ea7e986,REG_d734eaf0c65746b7,WIN_d734eaf0c65746b7,True
WIN_3d80474fcad5f451,REG_d734eaf0c65746b7,WIN_d734eaf0c65746b7,True
WIN_3e58ed55ff3887e3,REG_d734eaf0c65746b7,WIN_d734eaf0c65746b7,True
WIN_d734eaf0c65746b7,REG_d734eaf0c65746b7,WIN_d734eaf0c65746b7,True
WIN_5cb63c94994c02ea,REG_d734eaf0c65746b7,WIN_d734eaf0c65746b7,True
WIN_6a978e6c7b530c43,REG_d734eaf0c65746b7,WIN_d734eaf0c65746b7,True
WIN_b08e30cbb99ac7a1,REG_d734eaf0c65746b7,WIN_d734eaf0c65746b7,True
WIN_98e039ef5716b806,REG_31540890a1247068,WIN_31540890a1247068,True
WIN_31540890a1247068,REG_31540890a1247068,WIN_31540890a1247068,True
WIN_1eb19945b53bf24d,REG_31540890a1247068,WIN_31540890a1247068,True
WIN_cf38b89082014090,REG_31540890a1247068,WIN_31540890a1247068,True
WIN_c2d3dc66d723964e,REG_31540890a1247068,WIN_31540890a1247068,True
WIN_205bd060e9689a40,REG_fc3cc08eb0a8990e,WIN_fc3cc08eb0a8990e,True
WIN_a6969dc20c7f02b7,REG_fc3cc08eb0a8990e,WIN_fc3cc08eb0a8990e,True
WIN_a23ec4e1a8d15d51,REG_fc3cc08eb0a8990e,WIN_fc3cc08eb0a8990e,True
WIN_fc3cc08eb0a8990e,REG_fc3cc08eb0a8990e,WIN_fc3cc08eb0a8990e,True
WIN_197e881aa190040b,REG_fc3cc08eb0a8990e,WIN_fc3cc08eb0a8990e,True
WIN_f2c58734228933a4,REG_fc3cc08eb0a8990e,WIN_fc3cc08eb0a8990e,True
WIN_bf419f6c486f7ad3,REG_fc3cc08eb0a8990e,WIN_fc3cc08eb0a8990e,True
WIN_1feb2dcded6869e6,REG_82508e6589c7e190,WIN_82508e6589c7e190,True
WIN_dea0e1d3326666f9,REG_82508e6589c7e190,WIN_82508e6589c7e190,True
WIN_2120a14f32fc1a89,REG_82508e6589c7e190,WIN_82508e6589c7e190,True
WIN_82508e6589c7e190,REG_82508e6589c7e190,WIN_82508e6589c7e190,True
WIN_bd34b27e7294e0ec,REG_82508e6589c7e190,WIN_82508e6589c7e190,True
WIN_6b1dc0eef5a80414,REG_82508e6589c7e190,WIN_82508e6589c7e190,True
WIN_4ac797dfbdc08bf4,REG_82508e6589c7e190,WIN_82508e6589c7e190,True
WIN_9a8023e13172c6aa,REG_014e5e3c79c4418f,WIN_014e5e3c79c4418f,True
WIN_014e5e3c79c4418f,REG_014e5e3c79c4418f,WIN_014e5e3c79c4418f,True
WIN_0a85a0ba6b5e5c41,REG_014e5e3c79c4418f,WIN_014e5e3c79c4418f,True
WIN_4146038910c048c6,REG_014e5e3c79c4418f,WIN_014e5e3c79c4418f,True
WIN_4acc80578f43f20a,REG_014e5e3c79c4418f,WIN_014e5e3c79c4418f,True
WIN_a0b5c2bd4668bbc5,REG_4ba7d3cadf0991da,WIN_4ba7d3cadf0991da,True
WIN_4ba7d3cadf0991da,REG_4ba7d3cadf0991da,WIN_4ba7d3cadf0991da,True
WIN_f56c45f5b739e6c6,REG_52c1004df6befcbe,WIN_52c1004df6befcbe,True
WIN_52c1004df6befcbe,REG_52c1004df6befcbe,WIN_52c1004df6befcbe,True
WIN_6aaf110f50871d43,REG_52c1004df6befcbe,WIN_52c1004df6befcbe,True
WIN_f067ea1f44e8ea4e,REG_52c1004df6befcbe,WIN_52c1004df6befcbe,True
WIN_9e4f08f1c3616382,REG_52c1004df6befcbe,WIN_52c1004df6befcbe,True
WIN_506ca5ed603b4aae,REG_9646f011c44a6515,WIN_9646f011c44a6515,True
WIN_9646f011c44a6515,REG_9646f011c44a6515,WIN_9646f011c44a6515,True
WIN_b9a6884fc0376bc4,REG_9646f011c44a6515,WIN_9646f011c44a6515,True
WIN_d16198909ef1612e,REG_9646f011c44a6515,WIN_9646f011c44a6515,True
WIN_f289a0041a8d8127,REG_9646f011c44a6515,WIN_9646f011c44a6515,True
WIN_a7a6d16189c506da,REG_363a6a73564eb05a,WIN_363a6a73564eb05a,True
WIN_bc77c2916722c51b,REG_363a6a73564eb05a,WIN_363a6a73564eb05a,True
WIN_88cf92ec8ab32e4d,REG_363a6a73564eb05a,WIN_363a6a73564eb05a,True
WIN_363a6a73564eb05a,REG_363a6a73564eb05a,WIN_363a6a73564eb05a,True
WIN_145a6126b1319da4,REG_145a6126b1319da4,WIN_145a6126b1319da4,True
WIN_6db8ab8eaf2e467e,REG_145a6126b1319da4,WIN_145a6126b1319da4,True
WIN_bf3cd8aa460ca77f,REG_145a6126b1319da4,WIN_145a6126b1319da4,True
WIN_eb86bd3c5613b252,REG_145a6126b1319da4,WIN_145a6126b1319da4,True
WIN_93ac7311bbc870c4,REG_649e8b52a945ebcb,WIN_649e8b52a945ebcb,True
WIN_6180b1f4962ba9e1,REG_649e8b52a945ebcb,WIN_649e8b52a945ebcb,True
WIN_b7987fb3cc018307,REG_649e8b52a945ebcb,WIN_649e8b52a945ebcb,True
WIN_649e8b52a945ebcb,REG_649e8b52a945ebcb,WIN_649e8b52a945ebcb,True
WIN_843d046cad692c1b,REG_649e8b52a945ebcb,WIN_649e8b52a945ebcb,True
WIN_4e30e3413bf6e9f1,REG_649e8b52a945ebcb,WIN_649e8b52a945ebcb,True
WIN_6558dc076a0a0a7c,REG_649e8b52a945ebcb,WIN_649e8b52a945ebcb,True
WIN_ede98d2b5ec2dfd0,REG_aa23474d859bab0e,WIN_aa23474d859bab0e,True
WIN_6174a7727ed98158,REG_aa23474d859bab0e,WIN_aa23474d859bab0e,True
WIN_6ef4b482ecb79a87,REG_aa23474d859bab0e,WIN_aa23474d859bab0e,True
WIN_aa23474d859bab0e,REG_aa23474d859bab0e,WIN_aa23474d859bab0e,True
WIN_120f8f18fa737b31,REG_aa23474d859bab0e,WIN_aa23474d859bab0e,True
WIN_ba4149cc92dd730f,REG_aa23474d859bab0e,WIN_aa23474d859bab0e,True
WIN_a07ecca2e1f7a270,REG_aa23474d859bab0e,WIN_aa23474d859bab0e,True
WIN_e7b19c3dabbdc678,REG_21bf4c175aa09477,WIN_21bf4c175aa09477,True
WIN_0ec85b2cb8ab66c1,REG_21bf4c175aa09477,WIN_21bf4c175aa09477,True
WIN_a4eafb75d95babea,REG_21bf4c175aa09477,WIN_21bf4c175aa09477,True
WIN_21bf4c175aa09477,REG_21bf4c175aa09477,WIN_21bf4c175aa09477,True
WIN_670e5775aa578181,REG_21bf4c175aa09477,WIN_21bf4c175aa09477,True
WIN_a85854474f4a7b42,REG_21bf4c175aa09477,WIN_21bf4c175aa09477,True
WIN_615c71d1eba8f8ca,REG_21bf4c175aa09477,WIN_21bf4c175aa09477,True
WIN_ab0793061a5deb3a,REG_ab0793061a5deb3a,WIN_ab0793061a5deb3a,True
WIN_d2a5ecf934876532,REG_ddb059078eb166fa,WIN_ddb059078eb166fa,True
WIN_1ee983e17133d62c,REG_ddb059078eb166fa,WIN_ddb059078eb166fa,True
WIN_d486690591bbc521,REG_ddb059078eb166fa,WIN_ddb059078eb166fa,True
WIN_ddb059078eb166fa,REG_ddb059078eb166fa,WIN_ddb059078eb166fa,True
WIN_ae3fcdfa34671bfd,REG_ddb059078eb166fa,WIN_ddb059078eb166fa,True
WIN_3fda941df0135bca,REG_ddb059078eb166fa,WIN_ddb059078eb166fa,True
WIN_129495cf92054ef0,REG_129495cf92054ef0,WIN_129495cf92054ef0,True
WIN_5c7445f741344b36,REG_129495cf92054ef0,WIN_129495cf92054ef0,True
WIN_ecb2999d3b5778a6,REG_129495cf92054ef0,WIN_129495cf92054ef0,True
WIN_fdf94e845109c676,REG_129495cf92054ef0,WIN_129495cf92054ef0,True
WIN_2e055d66b475f963,REG_c1f00e053add45cd,WIN_c1f00e053add45cd,True
WIN_2d5a47366fbbbe74,REG_c1f00e053add45cd,WIN_c1f00e053add45cd,True
WIN_2e38bf8d1d6d6941,REG_c1f00e053add45cd,WIN_c1f00e053add45cd,True
WIN_c1f00e053add45cd,REG_c1f00e053add45cd,WIN_c1f00e053add45cd,True
WIN_358041ff5f6ebb60,REG_6a5e9abb6a35a0b1,WIN_6a5e9abb6a35a0b1,True
WIN_7940b3bfbdfe1ab0,REG_6a5e9abb6a35a0b1,WIN_6a5e9abb6a35a0b1,True
WIN_6a5e9abb6a35a0b1,REG_6a5e9abb6a35a0b1,WIN_6a5e9abb6a35a0b1,True
WIN_7dfb6d1a1a583d2c,REG_6a5e9abb6a35a0b1,WIN_6a5e9abb6a35a0b1,True
WIN_266df5f134989011,REG_6a5e9abb6a35a0b1,WIN_6a5e9abb6a35a0b1,True
WIN_2041e7c75cc4947c,REG_6a5e9abb6a35a0b1,WIN_6a5e9abb6a35a0b1,True
WIN_0ee584bd7eee1a51,REG_d36a9c97275d0269,WIN_d36a9c97275d0269,True
WIN_986072003bc4c5d2,REG_d36a9c97275d0269,WIN_d36a9c97275d0269,True
WIN_5f1b6363566cc903,REG_d36a9c97275d0269,WIN_d36a9c97275d0269,True
WIN_d36a9c97275d0269,REG_d36a9c97275d0269,WIN_d36a9c97275d0269,True
WIN_c60127dc72801c5a,REG_c60127dc72801c5a,WIN_c60127dc72801c5a,True
WIN_bae4595c3eb5b914,REG_c60127dc72801c5a,WIN_c60127dc72801c5a,True
WIN_f81bca5d51d19d33,REG_c60127dc72801c5a,WIN_c60127dc72801c5a,True
WIN_12fadf8798ac6de4,REG_c60127dc72801c5a,WIN_c60127dc72801c5a,True
WIN_a04a23542c20969d,REG_9b0882aa759fc3af,WIN_9b0882aa759fc3af,True
WIN_df59dc5982f82f52,REG_9b0882aa759fc3af,WIN_9b0882aa759fc3af,True
WIN_3bf384130099b67e,REG_9b0882aa759fc3af,WIN_9b0882aa759fc3af,True
WIN_9b0882aa759fc3af,REG_9b0882aa759fc3af,WIN_9b0882aa759fc3af,True
WIN_d9ab1f5858ddcf5e,REG_e893c310e9150bb8,WIN_e893c310e9150bb8,True
WIN_c8be2569bf2b2999,REG_e893c310e9150bb8,WIN_e893c310e9150bb8,True
WIN_1063396fc462f12c,REG_e893c310e9150bb8,WIN_e893c310e9150bb8,True
WIN_e893c310e9150bb8,REG_e893c310e9150bb8,WIN_e893c310e9150bb8,True
WIN_00f74e7c4bd9cea7,REG_e893c310e9150bb8,WIN_e893c310e9150bb8,True
WIN_9227f6620c915bcc,REG_e893c310e9150bb8,WIN_e893c310e9150bb8,True
WIN_5bc40f5d63134137,REG_e893c310e9150bb8,WIN_e893c310e9150bb8,True
WIN_662b168e55b4de0d,REG_d7a5133fa6add581,WIN_d7a5133fa6add581,True
WIN_4a9d5eff3da6d59b,REG_d7a5133fa6add581,WIN_d7a5133fa6add581,True
WIN_d7a5133fa6add581,REG_d7a5133fa6add581,WIN_d7a5133fa6add581,True
WIN_e130b4167a15ef59,REG_d7a5133fa6add581,WIN_d7a5133fa6add581,True
WIN_18bf53f478664873,REG_d7a5133fa6add581,WIN_d7a5133fa6add581,True
WIN_3d13ca3b030eb6ac,REG_75b2ddc863b98357,WIN_75b2ddc863b98357,True
WIN_bee367a4a2103b1c,REG_75b2ddc863b98357,WIN_75b2ddc863b98357,True
WIN_7e50058b2fc55c40,REG_75b2ddc863b98357,WIN_75b2ddc863b98357,True
WIN_75b2ddc863b98357,REG_75b2ddc863b98357,WIN_75b2ddc863b98357,True
WIN_58f35219dd75365e,REG_75b2ddc863b98357,WIN_75b2ddc863b98357,True
WIN_40d74ba453b078de,REG_75b2ddc863b98357,WIN_75b2ddc863b98357,True
WIN_20398de39447ab14,REG_75b2ddc863b98357,WIN_75b2ddc863b98357,True
WIN_6e6ea58aef45f0b5,REG_37abc68473a342a1,WIN_37abc68473a342a1,True
WIN_a1bd5bbef547d3f9,REG_37abc68473a342a1,WIN_37abc68473a342a1,True
WIN_9351aac0282defd2,REG_37abc68473a342a1,WIN_37abc68473a342a1,True
WIN_37abc68473a342a1,REG_37abc68473a342a1,WIN_37abc68473a342a1,True
WIN_e89a298be72677c7,REG_88521bda2930e282,WIN_88521bda2930e282,True
WIN_92ee49219c4fe40a,REG_88521bda2930e282,WIN_88521bda2930e282,True
WIN_5382659abd3e3b26,REG_88521bda2930e282,WIN_88521bda2930e282,True
WIN_88521bda2930e282,REG_88521bda2930e282,WIN_88521bda2930e282,True
WIN_8548bdea9044546c,REG_88521bda2930e282,WIN_88521bda2930e282,True
WIN_090f4899062ca4f9,REG_88521bda2930e282,WIN_88521bda2930e282,True
WIN_b59d13384bb1c64b,REG_88521bda2930e282,WIN_88521bda2930e282,True
WIN_4af5ebc5b7c86f3d,REG_9bc42537bf619fa3,WIN_9bc42537bf619fa3,True
WIN_b38ee338899df374,REG_9bc42537bf619fa3,WIN_9bc42537bf619fa3,True
WIN_f5bb19c1d7474d78,REG_9bc42537bf619fa3,WIN_9bc42537bf619fa3,True
WIN_9bc42537bf619fa3,REG_9bc42537bf619fa3,WIN_9bc42537bf619fa3,True
WIN_473ba8cfab307cc0,REG_9bc42537bf619fa3,WIN_9bc42537bf619fa3,True
WIN_4a681066c54326fc,REG_9bc42537bf619fa3,WIN_9bc42537bf619fa3,True
WIN_238c451ff56d666c,REG_9bc42537bf619fa3,WIN_9bc42537bf619fa3,True
WIN_ec5851795315eba0,REG_59fde7abe6a88c1d,WIN_59fde7abe6a88c1d,True
WIN_2ad970ba7efd3377,REG_59fde7abe6a88c1d,WIN_59fde7abe6a88c1d,True
WIN_be9ce460cd21a514,REG_59fde7abe6a88c1d,WIN_59fde7abe6a88c1d,True
WIN_59fde7abe6a88c1d,REG_59fde7abe6a88c1d,WIN_59fde7abe6a88c1d,True
WIN_a49ef39990e15ec5,REG_59fde7abe6a88c1d,WIN_59fde7abe6a88c1d,True
WIN_c66c9aa9e3f62d50,REG_59fde7abe6a88c1d,WIN_59fde7abe6a88c1d,True
WIN_49b13e99826dc5c0,REG_59fde7abe6a88c1d,WIN_59fde7abe6a88c1d,True
WIN_f0b73b041c923dcd,REG_f0b73b041c923dcd,WIN_f0b73b041c923dcd,True
WIN_2a0ad7364825ea83,REG_f0b73b041c923dcd,WIN_f0b73b041c923dcd,True
WIN_3c290ade9b744595,REG_f0b73b041c923dcd,WIN_f0b73b041c923dcd,True
WIN_56e9a0ad26577b70,REG_f0b73b041c923dcd,WIN_f0b73b041c923dcd,True
WIN_676dccd4aff14507,REG_676dccd4aff14507,WIN_676dccd4aff14507,True
WIN_4e9b2eeccdf45e80,REG_676dccd4aff14507,WIN_676dccd4aff14507,True
WIN_fa1aad19f6726c46,REG_676dccd4aff14507,WIN_676dccd4aff14507,True
WIN_5d9eebbdaadb795d,REG_676dccd4aff14507,WIN_676dccd4aff14507,True
WIN_25e818572f9ba422,REG_c66b2f194095b994,WIN_c66b2f194095b994,True
WIN_34e1f06b4fc7ce59,REG_c66b2f194095b994,WIN_c66b2f194095b994,True
WIN_d40d9dc334e71458,REG_c66b2f194095b994,WIN_c66b2f194095b994,True
WIN_c66b2f194095b994,REG_c66b2f194095b994,WIN_c66b2f194095b994,True
WIN_7e6bb711a5373707,REG_c66b2f194095b994,WIN_c66b2f194095b994,True
WIN_48f42893b1efd630,REG_c66b2f194095b994,WIN_c66b2f194095b994,True
WIN_148ab35974af9495,REG_c66b2f194095b994,WIN_c66b2f194095b994,True
WIN_acd78e0e1e3c89c9,REG_4da9de30c11e5e54,WIN_4da9de30c11e5e54,True
WIN_348d3c58fa2453d2,REG_4da9de30c11e5e54,WIN_4da9de30c11e5e54,True
WIN_633ad4d59a302115,REG_4da9de30c11e5e54,WIN_4da9de30c11e5e54,True
WIN_4da9de30c11e5e54,REG_4da9de30c11e5e54,WIN_4da9de30c11e5e54,True
WIN_88b0a9f0ad4b77c0,REG_d2792a9c48d6d370,WIN_d2792a9c48d6d370,True
WIN_d2792a9c48d6d370,REG_d2792a9c48d6d370,WIN_d2792a9c48d6d370,True
WIN_0b2f0366ae955754,REG_c52f3139e2fcf446,WIN_c52f3139e2fcf446,True
WIN_a788c3473568e059,REG_c52f3139e2fcf446,WIN_c52f3139e2fcf446,True
WIN_5f14eedda4d1fb33,REG_c52f3139e2fcf446,WIN_c52f3139e2fcf446,True
WIN_c52f3139e2fcf446,REG_c52f3139e2fcf446,WIN_c52f3139e2fcf446,True
WIN_cc7158e4be7bb481,REG_7ff41824b7a72a1c,WIN_7ff41824b7a72a1c,True
WIN_6a8b5292090f5032,REG_7ff41824b7a72a1c,WIN_7ff41824b7a72a1c,True
WIN_7ff41824b7a72a1c,REG_7ff41824b7a72a1c,WIN_7ff41824b7a72a1c,True
WIN_391afd6a104c9a46,REG_7ff41824b7a72a1c,WIN_7ff41824b7a72a1c,True
WIN_25aed10b910b92ff,REG_4ca0e2b7d9c63a6b,WIN_4ca0e2b7d9c63a6b,True
WIN_5ce81f6b4564c9f9,REG_4ca0e2b7d9c63a6b,WIN_4ca0e2b7d9c63a6b,True
WIN_4ca0e2b7d9c63a6b,REG_4ca0e2b7d9c63a6b,WIN_4ca0e2b7d9c63a6b,True
WIN_896512a787dd4f38,REG_4ca0e2b7d9c63a6b,WIN_4ca0e2b7d9c63a6b,True
WIN_553f237e5022b9ec,REG_4ca0e2b7d9c63a6b,WIN_4ca0e2b7d9c63a6b,True
WIN_1534dbc51523d4d6,REG_4ca0e2b7d9c63a6b,WIN_4ca0e2b7d9c63a6b,True
WIN_3cd20899fd7f1725,REG_a2d41357e44a1418,WIN_a2d41357e44a1418,True
WIN_a2d41357e44a1418,REG_a2d41357e44a1418,WIN_a2d41357e44a1418,True
WIN_5480f9722c3c7293,REG_183df54b189ecb6f,WIN_183df54b189ecb6f,True
WIN_e260fda02291647d,REG_183df54b189ecb6f,WIN_183df54b189ecb6f,True
WIN_8e70ebc662fa496f,REG_183df54b189ecb6f,WIN_183df54b189ecb6f,True
WIN_183df54b189ecb6f,REG_183df54b189ecb6f,WIN_183df54b189ecb6f,True
WIN_eb66a2561e4ccb07,REG_183df54b189ecb6f,WIN_183df54b189ecb6f,True
WIN_5bf4dd032dfa0888,REG_183df54b189ecb6f,WIN_183df54b189ecb6f,True
WIN_81204774c9857baa,REG_183df54b189ecb6f,WIN_183df54b189ecb6f,True
WIN_9c1a8d779a0daf8d,REG_952d80eeeabc63e7,WIN_952d80eeeabc63e7,True
WIN_4be83e75529b9785,REG_952d80eeeabc63e7,WIN_952d80eeeabc63e7,True
WIN_d28a73c3625fda07,REG_952d80eeeabc63e7,WIN_952d80eeeabc63e7,True
WIN_952d80eeeabc63e7,REG_952d80eeeabc63e7,WIN_952d80eeeabc63e7,True
WIN_f66b369e80d40b49,REG_952d80eeeabc63e7,WIN_952d80eeeabc63e7,True
WIN_45363550b0679de4,REG_952d80eeeabc63e7,WIN_952d80eeeabc63e7,True
WIN_44f96f9cb0deabaa,REG_952d80eeeabc63e7,WIN_952d80eeeabc63e7,True
WIN_599687379ad0acc1,REG_ccd3a9b886a5c2c0,WIN_ccd3a9b886a5c2c0,True
WIN_46c8b5af71bca272,REG_ccd3a9b886a5c2c0,WIN_ccd3a9b886a5c2c0,True
WIN_98fe101b94490020,REG_ccd3a9b886a5c2c0,WIN_ccd3a9b886a5c2c0,True
WIN_ccd3a9b886a5c2c0,REG_ccd3a9b886a5c2c0,WIN_ccd3a9b886a5c2c0,True
WIN_9846a116ba415372,REG_9846a116ba415372,WIN_9846a116ba415372,True
WIN_1258f8f573e74548,REG_9846a116ba415372,WIN_9846a116ba415372,True
WIN_730b1abaee6d079e,REG_9846a116ba415372,WIN_9846a116ba415372,True
WIN_324b0e113bacccc6,REG_324b0e113bacccc6,WIN_324b0e113bacccc6,True
WIN_b1629584c4b199e7,REG_b1629584c4b199e7,WIN_b1629584c4b199e7,True
WIN_ab75ca29d27ae6a2,REG_b1629584c4b199e7,WIN_b1629584c4b199e7,True
WIN_9d48f754c1772daa,REG_b1629584c4b199e7,WIN_b1629584c4b199e7,True
WIN_3fb60c124b6dfc0e,REG_3a5b57635bc1e011,WIN_3a5b57635bc1e011,True
WIN_76f57528310b840f,REG_3a5b57635bc1e011,WIN_3a5b57635bc1e011,True
WIN_b99db300e7309349,REG_3a5b57635bc1e011,WIN_3a5b57635bc1e011,True
WIN_3a5b57635bc1e011,REG_3a5b57635bc1e011,WIN_3a5b57635bc1e011,True
WIN_c93dd044a54c2268,REG_3a5b57635bc1e011,WIN_3a5b57635bc1e011,True
WIN_4df6ba8805e50946,REG_3a5b57635bc1e011,WIN_3a5b57635bc1e011,True
WIN_80c9272c40238996,REG_3a5b57635bc1e011,WIN_3a5b57635bc1e011,True
WIN_4d9333225c70c361,REG_1fbb4a262b25a9ea,WIN_1fbb4a262b25a9ea,True
WIN_b374d550cd4f6f78,REG_1fbb4a262b25a9ea,WIN_1fbb4a262b25a9ea,True
WIN_85aa73364696fcbc,REG_1fbb4a262b25a9ea,WIN_1fbb4a262b25a9ea,True
WIN_1fbb4a262b25a9ea,REG_1fbb4a262b25a9ea,WIN_1fbb4a262b25a9ea,True
WIN_ab7dfa27c0a53eac,REG_45d5536b2361508e,WIN_45d5536b2361508e,True
WIN_413809b71a0c1258,REG_45d5536b2361508e,WIN_45d5536b2361508e,True
WIN_fcff187284a4b600,REG_45d5536b2361508e,WIN_45d5536b2361508e,True
WIN_45d5536b2361508e,REG_45d5536b2361508e,WIN_45d5536b2361508e,True
WIN_df6385d548a572b3,REG_45d5536b2361508e,WIN_45d5536b2361508e,True
WIN_d49c98b9504a5af3,REG_45d5536b2361508e,WIN_45d5536b2361508e,True
WIN_b5056af13efa68dc,REG_45d5536b2361508e,WIN_45d5536b2361508e,True
WIN_927f83591fd2de38,REG_7ed2918e35b06197,WIN_7ed2918e35b06197,True
WIN_7630741f2da2774d,REG_7ed2918e35b06197,WIN_7ed2918e35b06197,True
WIN_77911bf9a27ad9d1,REG_7ed2918e35b06197,WIN_7ed2918e35b06197,True
WIN_7ed2918e35b06197,REG_7ed2918e35b06197,WIN_7ed2918e35b06197,True
WIN_3b8ad863a6dfb499,REG_7c70c11bdf1ee532,WIN_7c70c11bdf1ee532,True
WIN_82bdb1e349d4b809,REG_7c70c11bdf1ee532,WIN_7c70c11bdf1ee532,True
WIN_4ea85f7d6fce3bb1,REG_7c70c11bdf1ee532,WIN_7c70c11bdf1ee532,True
WIN_7c70c11bdf1ee532,REG_7c70c11bdf1ee532,WIN_7c70c11bdf1ee532,True
WIN_3ed987344ba59015,REG_ec68f4191c9d9093,WIN_ec68f4191c9d9093,True
WIN_d431011a648ed037,REG_ec68f4191c9d9093,WIN_ec68f4191c9d9093,True
WIN_f8f19c24df740a7d,REG_ec68f4191c9d9093,WIN_ec68f4191c9d9093,True
WIN_ec68f4191c9d9093,REG_ec68f4191c9d9093,WIN_ec68f4191c9d9093,True
WIN_b218be486ad6318a,REG_ec68f4191c9d9093,WIN_ec68f4191c9d9093,True
WIN_f659826311fd4c17,REG_ec68f4191c9d9093,WIN_ec68f4191c9d9093,True
WIN_264d5fc0b622e0a7,REG_ec68f4191c9d9093,WIN_ec68f4191c9d9093,True
WIN_1c988da3850e0057,REG_30c040d1ed173af4,WIN_30c040d1ed173af4,True
WIN_123448ccf008077f,REG_30c040d1ed173af4,WIN_30c040d1ed173af4,True
WIN_9b1fdf0f83a03541,REG_30c040d1ed173af4,WIN_30c040d1ed173af4,True
WIN_30c040d1ed173af4,REG_30c040d1ed173af4,WIN_30c040d1ed173af4,True
WIN_ea193ec02521f9ec,REG_30c040d1ed173af4,WIN_30c040d1ed173af4,True
WIN_2f27ea7b515b186a,REG_30c040d1ed173af4,WIN_30c040d1ed173af4,True
WIN_2ae796ee5a76430b,REG_30c040d1ed173af4,WIN_30c040d1ed173af4,True
WIN_545daf01231bbd53,REG_e62f73c3f069458e,WIN_e62f73c3f069458e,True
WIN_cbdb5cd470a0ab86,REG_e62f73c3f069458e,WIN_e62f73c3f069458e,True
WIN_b6ff0dd43ccbc0ea,REG_e62f73c3f069458e,WIN_e62f73c3f069458e,True
WIN_e62f73c3f069458e,REG_e62f73c3f069458e,WIN_e62f73c3f069458e,True
WIN_d5e018d2b1cff9af,REG_e62f73c3f069458e,WIN_e62f73c3f069458e,True
WIN_9bb69b56d3d8ff5c,REG_e62f73c3f069458e,WIN_e62f73c3f069458e,True
WIN_af63c3b3df8f6de7,REG_e62f73c3f069458e,WIN_e62f73c3f069458e,True
WIN_74504c967861d742,REG_37fde327c86e8061,WIN_37fde327c86e8061,True
WIN_2b18280105a0243a,REG_37fde327c86e8061,WIN_37fde327c86e8061,True
WIN_46bf23a657b357e4,REG_37fde327c86e8061,WIN_37fde327c86e8061,True
WIN_37fde327c86e8061,REG_37fde327c86e8061,WIN_37fde327c86e8061,True
WIN_66c3611ad03a6bf3,REG_37fde327c86e8061,WIN_37fde327c86e8061,True
WIN_690e23e005590b60,REG_37fde327c86e8061,WIN_37fde327c86e8061,True
WIN_5e3ce6cb2adf1530,REG_37fde327c86e8061,WIN_37fde327c86e8061,True
WIN_f276d7eae3074f1a,REG_f276d7eae3074f1a,WIN_f276d7eae3074f1a,True
WIN_59e1167faeeb9d06,REG_f276d7eae3074f1a,WIN_f276d7eae3074f1a,True
WIN_ddf61ec47ced9043,REG_f276d7eae3074f1a,WIN_f276d7eae3074f1a,True
WIN_6c39a078fb35e71c,REG_f276d7eae3074f1a,WIN_f276d7eae3074f1a,True
WIN_2245fead91dc1508,REG_d68ec52007016837,WIN_d68ec52007016837,True
WIN_7d964fe0b72b49db,REG_d68ec52007016837,WIN_d68ec52007016837,True
WIN_43a2b6514dfed26e,REG_d68ec52007016837,WIN_d68ec52007016837,True
WIN_d68ec52007016837,REG_d68ec52007016837,WIN_d68ec52007016837,True
WIN_c509a3f5a62853f8,REG_d68ec52007016837,WIN_d68ec52007016837,True
WIN_b3ed1fa5fbfab87c,REG_d68ec52007016837,WIN_d68ec52007016837,True
WIN_2041f26b065c70ce,REG_d68ec52007016837,WIN_d68ec52007016837,True
WIN_2e7ba7141ff47e03,REG_73b3a373b7c60f27,WIN_73b3a373b7c60f27,True
WIN_425a119db161bb9a,REG_73b3a373b7c60f27,WIN_73b3a373b7c60f27,True
WIN_7436f86181dd74b1,REG_73b3a373b7c60f27,WIN_73b3a373b7c60f27,True
WIN_73b3a373b7c60f27,REG_73b3a373b7c60f27,WIN_73b3a373b7c60f27,True
WIN_488438ebb64b1bd6,REG_3dafbf3dfc82a45e,WIN_3dafbf3dfc82a45e,True
WIN_a6cf8ba68c75ccee,REG_3dafbf3dfc82a45e,WIN_3dafbf3dfc82a45e,True
WIN_c35ae27df9fdd8dc,REG_3dafbf3dfc82a45e,WIN_3dafbf3dfc82a45e,True
WIN_3dafbf3dfc82a45e,REG_3dafbf3dfc82a45e,WIN_3dafbf3dfc82a45e,True
WIN_a1b372555650eac8,REG_3dafbf3dfc82a45e,WIN_3dafbf3dfc82a45e,True
WIN_dbac81e4445077bb,REG_3dafbf3dfc82a45e,WIN_3dafbf3dfc82a45e,True
WIN_ae3c6eda1559079f,REG_3dafbf3dfc82a45e,WIN_3dafbf3dfc82a45e,True
WIN_e89bcc4fc917ec63,REG_5b0ba302e7a66c4b,WIN_5b0ba302e7a66c4b,True
WIN_f7f4fbd8546ae7c9,REG_5b0ba302e7a66c4b,WIN_5b0ba302e7a66c4b,True
WIN_4523f905a1c6688c,REG_5b0ba302e7a66c4b,WIN_5b0ba302e7a66c4b,True
WIN_5b0ba302e7a66c4b,REG_5b0ba302e7a66c4b,WIN_5b0ba302e7a66c4b,True
WIN_98cf2797222637b3,REG_5b0ba302e7a66c4b,WIN_5b0ba302e7a66c4b,True
WIN_9ee77a7fa88b5d75,REG_5b0ba302e7a66c4b,WIN_5b0ba302e7a66c4b,True
WIN_97d9180e65fd310d,REG_5b0ba302e7a66c4b,WIN_5b0ba302e7a66c4b,True
WIN_e83875ccbff69002,REG_286c3ed609ea526e,WIN_286c3ed609ea526e,True
WIN_8d9509885b1f110d,REG_286c3ed609ea526e,WIN_286c3ed609ea526e,True
WIN_3be7a45dcf2dd69e,REG_286c3ed609ea526e,WIN_286c3ed609ea526e,True
WIN_286c3ed609ea526e,REG_286c3ed609ea526e,WIN_286c3ed609ea526e,True
WIN_0a95ff456b02f971,REG_0a95ff456b02f971,WIN_0a95ff456b02f971,True
WIN_a2df2786fb95a6ba,REG_0a95ff456b02f971,WIN_0a95ff456b02f971,True
WIN_f64396be4167bd60,REG_0a95ff456b02f971,WIN_0a95ff456b02f971,True
WIN_5c092ae317ea7787,REG_0a95ff456b02f971,WIN_0a95ff456b02f971,True
WIN_8c07edff0668b099,REG_8c07edff0668b099,WIN_8c07edff0668b099,True
WIN_8bcf932053f12c47,REG_b6463a20f690d760,WIN_b6463a20f690d760,True
WIN_9a4ae8eb8e983966,REG_b6463a20f690d760,WIN_b6463a20f690d760,True
WIN_2bbb5bdbfe1631dc,REG_b6463a20f690d760,WIN_b6463a20f690d760,True
WIN_b6463a20f690d760,REG_b6463a20f690d760,WIN_b6463a20f690d760,True
WIN_cfd99cb3ae431ca7,REG_b6463a20f690d760,WIN_b6463a20f690d760,True
WIN_b98d8b9f41838190,REG_b6463a20f690d760,WIN_b6463a20f690d760,True
WIN_404cd9fcc98030f7,REG_b6463a20f690d760,WIN_b6463a20f690d760,True
WIN_23f85fec60018be9,REG_23f85fec60018be9,WIN_23f85fec60018be9,True
WIN_f8558b6ead3c9dcd,REG_11f586673eb4a6d3,WIN_11f586673eb4a6d3,True
WIN_6acd85802287fce3,REG_11f586673eb4a6d3,WIN_11f586673eb4a6d3,True
WIN_18435dce1b5ea2ed,REG_11f586673eb4a6d3,WIN_11f586673eb4a6d3,True
WIN_11f586673eb4a6d3,REG_11f586673eb4a6d3,WIN_11f586673eb4a6d3,True
WIN_67adec4337e5f3d1,REG_3337b148d3c00fce,WIN_3337b148d3c00fce,True
WIN_c7a52da148db84c4,REG_3337b148d3c00fce,WIN_3337b148d3c00fce,True
WIN_1aaa72f55f2d0b15,REG_3337b148d3c00fce,WIN_3337b148d3c00fce,True
WIN_3337b148d3c00fce,REG_3337b148d3c00fce,WIN_3337b148d3c00fce,True
WIN_97a614dbde41c6f5,REG_97a614dbde41c6f5,WIN_97a614dbde41c6f5,True
WIN_a908a123dd640368,REG_97a614dbde41c6f5,WIN_97a614dbde41c6f5,True
WIN_bbce5dfe675ce71b,REG_97a614dbde41c6f5,WIN_97a614dbde41c6f5,True
WIN_b30513819d92940d,REG_97a614dbde41c6f5,WIN_97a614dbde41c6f5,True
WIN_47282f1e0a5cb185,REG_37d5f301092eac80,WIN_37d5f301092eac80,True
WIN_925be2642c8bb39d,REG_37d5f301092eac80,WIN_37d5f301092eac80,True
WIN_3060de3ee4c8fbab,REG_37d5f301092eac80,WIN_37d5f301092eac80,True
WIN_37d5f301092eac80,REG_37d5f301092eac80,WIN_37d5f301092eac80,True
WIN_4bfbee9ec504188a,REG_11367546803c19ee,WIN_11367546803c19ee,True
WIN_11367546803c19ee,REG_11367546803c19ee,WIN_11367546803c19ee,True
WIN_2a0382036f229887,REG_2a0382036f229887,WIN_2a0382036f229887,True
WIN_677d36a673e4a2d6,REG_1be1df3293b8ff8d,WIN_1be1df3293b8ff8d,True
WIN_45d5836d912b1aa5,REG_1be1df3293b8ff8d,WIN_1be1df3293b8ff8d,True
WIN_a89e0a6a760b1f8e,REG_1be1df3293b8ff8d,WIN_1be1df3293b8ff8d,True
WIN_1be1df3293b8ff8d,REG_1be1df3293b8ff8d,WIN_1be1df3293b8ff8d,True
WIN_43387f50a564dc2d,REG_4a120f521d956662,WIN_4a120f521d956662,True
WIN_f6c7f4df3f8ed624,REG_4a120f521d956662,WIN_4a120f521d956662,True
WIN_9b18392fc9eecfa4,REG_4a120f521d956662,WIN_4a120f521d956662,True
WIN_4a120f521d956662,REG_4a120f521d956662,WIN_4a120f521d956662,True
WIN_6ad6a1d688cc0b91,REG_4a120f521d956662,WIN_4a120f521d956662,True
WIN_c28e9a69eb9f833e,REG_4a120f521d956662,WIN_4a120f521d956662,True
WIN_c7791bfa8e70643e,REG_4a120f521d956662,WIN_4a120f521d956662,True
WIN_7c6f6b39acd4201f,REG_f4e8d135dc68d5ec,WIN_f4e8d135dc68d5ec,True
WIN_793a04ec155376f6,REG_f4e8d135dc68d5ec,WIN_f4e8d135dc68d5ec,True
WIN_62b36a9fffc30aef,REG_f4e8d135dc68d5ec,WIN_f4e8d135dc68d5ec,True
WIN_f4e8d135dc68d5ec,REG_f4e8d135dc68d5ec,WIN_f4e8d135dc68d5ec,True
WIN_89a1c478c0e1089c,REG_f4e8d135dc68d5ec,WIN_f4e8d135dc68d5ec,True
WIN_ab8189c56ac9d170,REG_f4e8d135dc68d5ec,WIN_f4e8d135dc68d5ec,True
WIN_6e9f4b869f691637,REG_f4e8d135dc68d5ec,WIN_f4e8d135dc68d5ec,True
WIN_86b506598412c1b0,REG_357210c5afb63a5c,WIN_357210c5afb63a5c,True
WIN_357210c5afb63a5c,REG_357210c5afb63a5c,WIN_357210c5afb63a5c,True
WIN_6683d3be8e58633c,REG_71f8f23914c944b5,WIN_71f8f23914c944b5,True
WIN_6387e8d5eae3d5f4,REG_71f8f23914c944b5,WIN_71f8f23914c944b5,True
WIN_36159bc67f3d8cc7,REG_71f8f23914c944b5,WIN_71f8f23914c944b5,True
WIN_71f8f23914c944b5,REG_71f8f23914c944b5,WIN_71f8f23914c944b5,True
WIN_072196ce6fe24e49,REG_85c364ba8654aa63,WIN_85c364ba8654aa63,True
WIN_95c599023d64c63f,REG_85c364ba8654aa63,WIN_85c364ba8654aa63,True
WIN_7f610d3079c0cb6a,REG_85c364ba8654aa63,WIN_85c364ba8654aa63,True
WIN_85c364ba8654aa63,REG_85c364ba8654aa63,WIN_85c364ba8654aa63,True
WIN_cfcb33142db2c42b,REG_85c364ba8654aa63,WIN_85c364ba8654aa63,True
WIN_ffe7901a7ee34b2d,REG_85c364ba8654aa63,WIN_85c364ba8654aa63,True
WIN_6f5750699a1e98fd,REG_85c364ba8654aa63,WIN_85c364ba8654aa63,True
WIN_f98985cfbb5371d1,REG_930da18a0fe9188c,WIN_930da18a0fe9188c,True
WIN_4fd0a26ea64192a1,REG_930da18a0fe9188c,WIN_930da18a0fe9188c,True
WIN_5cca9bf7b72f9ae1,REG_930da18a0fe9188c,WIN_930da18a0fe9188c,True
WIN_930da18a0fe9188c,REG_930da18a0fe9188c,WIN_930da18a0fe9188c,True
WIN_69ddbf5553d3b77d,REG_930da18a0fe9188c,WIN_930da18a0fe9188c,True
WIN_8a799e25e57e62c2,REG_930da18a0fe9188c,WIN_930da18a0fe9188c,True
WIN_2e91423da2c2288d,REG_952861233885f994,WIN_952861233885f994,True
WIN_e4d5867e7211c3be,REG_952861233885f994,WIN_952861233885f994,True
WIN_49b8c4ba57a14d72,REG_952861233885f994,WIN_952861233885f994,True
WIN_952861233885f994,REG_952861233885f994,WIN_952861233885f994,True
WIN_a289b1e1c7b0069d,REG_952861233885f994,WIN_952861233885f994,True
WIN_a6925c363778e28c,REG_952861233885f994,WIN_952861233885f994,True
WIN_d4c28ab03f2c5ef3,REG_952861233885f994,WIN_952861233885f994,True
WIN_9a84195036a39c83,REG_9a84195036a39c83,WIN_9a84195036a39c83,True
WIN_581ed68d11cd3bb9,REG_9a84195036a39c83,WIN_9a84195036a39c83,True
WIN_91296ecce62a8239,REG_9a84195036a39c83,WIN_9a84195036a39c83,True
WIN_58db3266882a3b14,REG_9a84195036a39c83,WIN_9a84195036a39c83,True
WIN_79ba1726fd1be1b8,REG_79ba1726fd1be1b8,WIN_79ba1726fd1be1b8,True
WIN_869441a54cedaee4,REG_e02fb110d5dc0a53,WIN_e02fb110d5dc0a53,True
WIN_e02fb110d5dc0a53,REG_e02fb110d5dc0a53,WIN_e02fb110d5dc0a53,True
WIN_9b75edb80f0d7e95,REG_9b75edb80f0d7e95,WIN_9b75edb80f0d7e95,True
WIN_8122129719c58b69,REG_9b75edb80f0d7e95,WIN_9b75edb80f0d7e95,True
WIN_fd80c79a11c44f6a,REG_9b75edb80f0d7e95,WIN_9b75edb80f0d7e95,True
WIN_8b7a258c9511504a,REG_9b75edb80f0d7e95,WIN_9b75edb80f0d7e95,True
WIN_aa9fb9a7893ec9c0,REG_b6834d35b57fa5e4,WIN_b6834d35b57fa5e4,True
WIN_eb9b648a593bcff0,REG_b6834d35b57fa5e4,WIN_b6834d35b57fa5e4,True
WIN_0bee56eb18874c7c,REG_b6834d35b57fa5e4,WIN_b6834d35b57fa5e4,True
WIN_b6834d35b57fa5e4,REG_b6834d35b57fa5e4,WIN_b6834d35b57fa5e4,True
WIN_8b3114fb8c42891a,REG_b6834d35b57fa5e4,WIN_b6834d35b57fa5e4,True
WIN_a9f05121fe615be8,REG_820f28089fecc80c,WIN_820f28089fecc80c,True
WIN_f420c99b4ea7892e,REG_820f28089fecc80c,WIN_820f28089fecc80c,True
WIN_0494cbbd83d4c4aa,REG_820f28089fecc80c,WIN_820f28089fecc80c,True
WIN_820f28089fecc80c,REG_820f28089fecc80c,WIN_820f28089fecc80c,True
WIN_0e7db4c83ed0179c,REG_820f28089fecc80c,WIN_820f28089fecc80c,True
WIN_fa6759e6c9a3d8c2,REG_820f28089fecc80c,WIN_820f28089fecc80c,True
WIN_3103b5a11b36fd4e,REG_820f28089fecc80c,WIN_820f28089fecc80c,True
WIN_d003b398346c52c7,REG_ca24fb6b2c5a0229,WIN_ca24fb6b2c5a0229,True
WIN_04c2556117e6ac44,REG_ca24fb6b2c5a0229,WIN_ca24fb6b2c5a0229,True
WIN_8f9a82b50fe421ab,REG_ca24fb6b2c5a0229,WIN_ca24fb6b2c5a0229,True
WIN_ca24fb6b2c5a0229,REG_ca24fb6b2c5a0229,WIN_ca24fb6b2c5a0229,True
WIN_5c712bdf017a705f,REG_ca24fb6b2c5a0229,WIN_ca24fb6b2c5a0229,True
WIN_0b5217611e185c4f,REG_ca24fb6b2c5a0229,WIN_ca24fb6b2c5a0229,True
WIN_77b5b17cbb7a616c,REG_ca24fb6b2c5a0229,WIN_ca24fb6b2c5a0229,True
WIN_0c138fd6a1816851,REG_04ca74f18176a991,WIN_04ca74f18176a991,True
WIN_d9fbc3ade629b138,REG_04ca74f18176a991,WIN_04ca74f18176a991,True
WIN_26973b133cfe1094,REG_04ca74f18176a991,WIN_04ca74f18176a991,True
WIN_04ca74f18176a991,REG_04ca74f18176a991,WIN_04ca74f18176a991,True
WIN_3f29031ec9bbc9f3,REG_04ca74f18176a991,WIN_04ca74f18176a991,True
WIN_1307b4064ad473a8,REG_04ca74f18176a991,WIN_04ca74f18176a991,True
WIN_d4462b9176b5580e,REG_04ca74f18176a991,WIN_04ca74f18176a991,True
WIN_f21f4db726239e1d,REG_f21f4db726239e1d,WIN_f21f4db726239e1d,True
WIN_fbb6ee9498d8d169,REG_f21f4db726239e1d,WIN_f21f4db726239e1d,True
WIN_fb98f733f6dbad4a,REG_f21f4db726239e1d,WIN_f21f4db726239e1d,True
WIN_8b8eca3ef4e8aaf6,REG_f21f4db726239e1d,WIN_f21f4db726239e1d,True
WIN_e128c3e7f4d8baca,REG_e1c7061a19547250,WIN_e1c7061a19547250,True
WIN_84d4cf226882de47,REG_e1c7061a19547250,WIN_e1c7061a19547250,True
WIN_e1c7061a19547250,REG_e1c7061a19547250,WIN_e1c7061a19547250,True
WIN_2f14867845802607,REG_2f14867845802607,WIN_2f14867845802607,True
WIN_e569b6cc8b82f7fa,REG_79894a9105b67d73,WIN_79894a9105b67d73,True
WIN_6e0fcfee83d92b79,REG_79894a9105b67d73,WIN_79894a9105b67d73,True
WIN_0a16a191e726ac45,REG_79894a9105b67d73,WIN_79894a9105b67d73,True
WIN_79894a9105b67d73,REG_79894a9105b67d73,WIN_79894a9105b67d73,True
WIN_5a354ea8f4e73c75,REG_79894a9105b67d73,WIN_79894a9105b67d73,True
WIN_ade98090791e73f9,REG_79894a9105b67d73,WIN_79894a9105b67d73,True
WIN_66cd874c3f0d0042,REG_79894a9105b67d73,WIN_79894a9105b67d73,True
WIN_5b2fc85fe6976595,REG_25bc0efe94ea5a58,WIN_25bc0efe94ea5a58,True
WIN_4371c2e0ed39aeb7,REG_25bc0efe94ea5a58,WIN_25bc0efe94ea5a58,True
WIN_25bc0efe94ea5a58,REG_25bc0efe94ea5a58,WIN_25bc0efe94ea5a58,True
WIN_309a3ce5ad74422d,REG_25bc0efe94ea5a58,WIN_25bc0efe94ea5a58,True
WIN_7eb0df746a9ab5e0,REG_25bc0efe94ea5a58,WIN_25bc0efe94ea5a58,True
WIN_f7a369e0d6589384,REG_25bc0efe94ea5a58,WIN_25bc0efe94ea5a58,True
WIN_8b3faa4052392f60,REG_8b3faa4052392f60,WIN_8b3faa4052392f60,True
WIN_e2d2b05aabc78f44,REG_8b3faa4052392f60,WIN_8b3faa4052392f60,True
WIN_c6cc1b753fc8939f,REG_8b3faa4052392f60,WIN_8b3faa4052392f60,True
WIN_f01d6a6bee1eff51,REG_8b3faa4052392f60,WIN_8b3faa4052392f60,True
WIN_288a1894a0bad1a3,REG_288a1894a0bad1a3,WIN_288a1894a0bad1a3,True
WIN_8ea7c92c0ddffa3f,REG_288a1894a0bad1a3,WIN_288a1894a0bad1a3,True
WIN_7209e53c3ea80563,REG_a8d32bd35f64b007,WIN_a8d32bd35f64b007,True
WIN_9bab7e2ffdd5528f,REG_a8d32bd35f64b007,WIN_a8d32bd35f64b007,True
WIN_83f71b72b8bf8768,REG_a8d32bd35f64b007,WIN_a8d32bd35f64b007,True
WIN_a8d32bd35f64b007,REG_a8d32bd35f64b007,WIN_a8d32bd35f64b007,True
WIN_9929a56fcf1bd62f,REG_0822b70ddf83643e,WIN_0822b70ddf83643e,True
WIN_0822b70ddf83643e,REG_0822b70ddf83643e,WIN_0822b70ddf83643e,True
WIN_f3491c8c856f7216,REG_f3491c8c856f7216,WIN_f3491c8c856f7216,True
WIN_c5a11e2fe774ebf6,REG_d7cb974cbcfba6b4,WIN_d7cb974cbcfba6b4,True
WIN_dd411fc20a0a0127,REG_d7cb974cbcfba6b4,WIN_d7cb974cbcfba6b4,True
WIN_0950eceeae3b0d49,REG_d7cb974cbcfba6b4,WIN_d7cb974cbcfba6b4,True
WIN_d7cb974cbcfba6b4,REG_d7cb974cbcfba6b4,WIN_d7cb974cbcfba6b4,True
WIN_c0e618bbef095825,REG_d7cb974cbcfba6b4,WIN_d7cb974cbcfba6b4,True
WIN_40d9fd9a19ecf903,REG_d7cb974cbcfba6b4,WIN_d7cb974cbcfba6b4,True
WIN_8728cfd814a02cb3,REG_d7cb974cbcfba6b4,WIN_d7cb974cbcfba6b4,True
WIN_12afc0e1cb33335b,REG_4db0d2d15a8f931d,WIN_4db0d2d15a8f931d,True
WIN_bb7e892946c1c19a,REG_4db0d2d15a8f931d,WIN_4db0d2d15a8f931d,True
WIN_cc813d93f759ac55,REG_4db0d2d15a8f931d,WIN_4db0d2d15a8f931d,True
WIN_4db0d2d15a8f931d,REG_4db0d2d15a8f931d,WIN_4db0d2d15a8f931d,True
WIN_f0b46bfe18f2ee61,REG_8be628f4a2203e3c,WIN_8be628f4a2203e3c,True
WIN_7905ced993ae912a,REG_8be628f4a2203e3c,WIN_8be628f4a2203e3c,True
WIN_e2a59c34b3ca8da2,REG_8be628f4a2203e3c,WIN_8be628f4a2203e3c,True
WIN_8be628f4a2203e3c,REG_8be628f4a2203e3c,WIN_8be628f4a2203e3c,True
WIN_f7e2bef9c974ded4,REG_8be628f4a2203e3c,WIN_8be628f4a2203e3c,True
WIN_73708c226d26e302,REG_8be628f4a2203e3c,WIN_8be628f4a2203e3c,True
WIN_38edabd7a7f76591,REG_8be628f4a2203e3c,WIN_8be628f4a2203e3c,True
WIN_533bed9b608a1b71,REG_ccf8ee303d60b6b3,WIN_ccf8ee303d60b6b3,True
WIN_ccf8ee303d60b6b3,REG_ccf8ee303d60b6b3,WIN_ccf8ee303d60b6b3,True
WIN_8eee7adc0f1ff7fd,REG_ccf8ee303d60b6b3,WIN_ccf8ee303d60b6b3,True
WIN_da39de3fce1a568f,REG_ccf8ee303d60b6b3,WIN_ccf8ee303d60b6b3,True
WIN_637f7c0f64cb7f74,REG_ccf8ee303d60b6b3,WIN_ccf8ee303d60b6b3,True
WIN_8d88b4f0bbd03b43,REG_8d88b4f0bbd03b43,WIN_8d88b4f0bbd03b43,True
WIN_1e2eb400f4d0e54e,REG_8d88b4f0bbd03b43,WIN_8d88b4f0bbd03b43,True
WIN_75834b8f52f53a9d,REG_75834b8f52f53a9d,WIN_75834b8f52f53a9d,True
WIN_1514e5af6993ea11,REG_1514e5af6993ea11,WIN_1514e5af6993ea11,True
WIN_5a2df5ed9c7722d4,REG_1514e5af6993ea11,WIN_1514e5af6993ea11,True
WIN_c97ff48854e0026f,REG_50a4801961032cd5,WIN_50a4801961032cd5,True
WIN_50a4801961032cd5,REG_50a4801961032cd5,WIN_50a4801961032cd5,True
WIN_14a9e6951856cb65,REG_14a9e6951856cb65,WIN_14a9e6951856cb65,True
WIN_31e8c816e1fd07dd,REG_14a9e6951856cb65,WIN_14a9e6951856cb65,True
WIN_e447fb23107b99ad,REG_14a9e6951856cb65,WIN_14a9e6951856cb65,True
WIN_5e972756232670f4,REG_14a9e6951856cb65,WIN_14a9e6951856cb65,True
WIN_fbfa6a0b1a6adb2f,REG_8c1d930f22e9e875,WIN_8c1d930f22e9e875,True
WIN_110c883f30971801,REG_8c1d930f22e9e875,WIN_8c1d930f22e9e875,True
WIN_8c1d930f22e9e875,REG_8c1d930f22e9e875,WIN_8c1d930f22e9e875,True
WIN_7b5857c356a36c42,REG_8c1d930f22e9e875,WIN_8c1d930f22e9e875,True
WIN_b8d48bee649b278e,REG_8c1d930f22e9e875,WIN_8c1d930f22e9e875,True
WIN_54ae9d7791b3ad09,REG_8c1d930f22e9e875,WIN_8c1d930f22e9e875,True
WIN_3b43a14c38a8415d,REG_3b43a14c38a8415d,WIN_3b43a14c38a8415d,True
WIN_29e084a1265ae5c3,REG_190fb81ecb4cfe07,WIN_190fb81ecb4cfe07,True
WIN_190fb81ecb4cfe07,REG_190fb81ecb4cfe07,WIN_190fb81ecb4cfe07,True
WIN_7d3bc0e0b1316ca2,REG_beec525016b2c84a,WIN_beec525016b2c84a,True
WIN_beec525016b2c84a,REG_beec525016b2c84a,WIN_beec525016b2c84a,True
WIN_a8a03c34eddefa01,REG_beec525016b2c84a,WIN_beec525016b2c84a,True
WIN_287826391d5ef11a,REG_beec525016b2c84a,WIN_beec525016b2c84a,True
WIN_c9202df42369700a,REG_beec525016b2c84a,WIN_beec525016b2c84a,True
WIN_6ac727289d5693e4,REG_6ac727289d5693e4,WIN_6ac727289d5693e4,True
WIN_fa032f044cd968d5,REG_19ac4f7596275ae7,WIN_19ac4f7596275ae7,True
WIN_6721a54fe26a382c,REG_19ac4f7596275ae7,WIN_19ac4f7596275ae7,True
WIN_19ac4f7596275ae7,REG_19ac4f7596275ae7,WIN_19ac4f7596275ae7,True
WIN_7ccb7dab21fd7a2b,REG_19ac4f7596275ae7,WIN_19ac4f7596275ae7,True
WIN_29107028df918828,REG_19ac4f7596275ae7,WIN_19ac4f7596275ae7,True
WIN_556d1a14215687c8,REG_4837de62297fea7d,WIN_4837de62297fea7d,True
WIN_33225c9b9ce05e7e,REG_4837de62297fea7d,WIN_4837de62297fea7d,True
WIN_63e79afb68e79fe0,REG_4837de62297fea7d,WIN_4837de62297fea7d,True
WIN_4837de62297fea7d,REG_4837de62297fea7d,WIN_4837de62297fea7d,True
WIN_5656956007755103,REG_4837de62297fea7d,WIN_4837de62297fea7d,True
WIN_e905db2d7642dbb9,REG_4837de62297fea7d,WIN_4837de62297fea7d,True
WIN_b6a2afa0ca504019,REG_4837de62297fea7d,WIN_4837de62297fea7d,True
WIN_c4f2330c8260df36,REG_c4f2330c8260df36,WIN_c4f2330c8260df36,True
WIN_e7d41901eab42211,REG_c4f2330c8260df36,WIN_c4f2330c8260df36,True
WIN_8ce5614905ae8f33,REG_ae6197e4d0f9e104,WIN_ae6197e4d0f9e104,True
WIN_057f8be27793b715,REG_ae6197e4d0f9e104,WIN_ae6197e4d0f9e104,True
WIN_af70ba75de80139c,REG_ae6197e4d0f9e104,WIN_ae6197e4d0f9e104,True
WIN_ae6197e4d0f9e104,REG_ae6197e4d0f9e104,WIN_ae6197e4d0f9e104,True
WIN_70215e5a0c7bdce2,REG_ae6197e4d0f9e104,WIN_ae6197e4d0f9e104,True
WIN_1a739cff66ce71fd,REG_ae6197e4d0f9e104,WIN_ae6197e4d0f9e104,True
WIN_df725f86982e4a48,REG_ae6197e4d0f9e104,WIN_ae6197e4d0f9e104,True
WIN_eec8ee26af13f09c,REG_c984e3c59e7a4b2d,WIN_c984e3c59e7a4b2d,True
WIN_8a933cc0aedcc41d,REG_c984e3c59e7a4b2d,WIN_c984e3c59e7a4b2d,True
WIN_c984e3c59e7a4b2d,REG_c984e3c59e7a4b2d,WIN_c984e3c59e7a4b2d,True
WIN_178657bc12633e46,REG_c984e3c59e7a4b2d,WIN_c984e3c59e7a4b2d,True
WIN_3a3074ffc2d7fd74,REG_c984e3c59e7a4b2d,WIN_c984e3c59e7a4b2d,True
WIN_6dd8a169de343e92,REG_c984e3c59e7a4b2d,WIN_c984e3c59e7a4b2d,True
WIN_d06659fafff6c4da,REG_d06659fafff6c4da,WIN_d06659fafff6c4da,True
WIN_40535c211c5184ca,REG_d06659fafff6c4da,WIN_d06659fafff6c4da,True
WIN_ab729d531f01ed5a,REG_d06659fafff6c4da,WIN_d06659fafff6c4da,True
WIN_4723b83da8ff8b58,REG_d06659fafff6c4da,WIN_d06659fafff6c4da,True
WIN_3983adb46f01c82f,REG_60c01be6e8eb9823,WIN_60c01be6e8eb9823,True
WIN_fc7bd849d1cd69c5,REG_60c01be6e8eb9823,WIN_60c01be6e8eb9823,True
WIN_0280aec24a9d3348,REG_60c01be6e8eb9823,WIN_60c01be6e8eb9823,True
WIN_60c01be6e8eb9823,REG_60c01be6e8eb9823,WIN_60c01be6e8eb9823,True
WIN_a6c102612c8fe524,REG_60c01be6e8eb9823,WIN_60c01be6e8eb9823,True
WIN_69d40f59cf0ac886,REG_60c01be6e8eb9823,WIN_60c01be6e8eb9823,True
WIN_cae6757a49ece24f,REG_60c01be6e8eb9823,WIN_60c01be6e8eb9823,True
WIN_86efc414461e071b,REG_eb8ebbcdadcfbefd,WIN_eb8ebbcdadcfbefd,True
WIN_f5624f8f277a7ffc,REG_eb8ebbcdadcfbefd,WIN_eb8ebbcdadcfbefd,True
WIN_a2070413fbca764c,REG_eb8ebbcdadcfbefd,WIN_eb8ebbcdadcfbefd,True
WIN_eb8ebbcdadcfbefd,REG_eb8ebbcdadcfbefd,WIN_eb8ebbcdadcfbefd,True
WIN_551f309fe62b356e,REG_eb8ebbcdadcfbefd,WIN_eb8ebbcdadcfbefd,True
WIN_d85132efc3251d9e,REG_eb8ebbcdadcfbefd,WIN_eb8ebbcdadcfbefd,True
WIN_734fbd5aefbe15b8,REG_eb8ebbcdadcfbefd,WIN_eb8ebbcdadcfbefd,True
WIN_c0e6ffae82e73b7a,REG_8131a29e73806370,WIN_8131a29e73806370,True
WIN_ef05251fe7c6a0c7,REG_8131a29e73806370,WIN_8131a29e73806370,True
WIN_f46d8786d4c7bcd9,REG_8131a29e73806370,WIN_8131a29e73806370,True
WIN_8131a29e73806370,REG_8131a29e73806370,WIN_8131a29e73806370,True
WIN_4c06abb1283774d0,REG_8131a29e73806370,WIN_8131a29e73806370,True
WIN_200f3476c067b8f5,REG_8131a29e73806370,WIN_8131a29e73806370,True
WIN_a54ef4e03e39d3f1,REG_c9c078470f545702,WIN_c9c078470f545702,True
WIN_1994ec8ef678355f,REG_c9c078470f545702,WIN_c9c078470f545702,True
WIN_03a58783adf7c052,REG_c9c078470f545702,WIN_c9c078470f545702,True
WIN_c9c078470f545702,REG_c9c078470f545702,WIN_c9c078470f545702,True
WIN_03526c21829fd010,REG_03526c21829fd010,WIN_03526c21829fd010,True
WIN_f34129a1448f1674,REG_03526c21829fd010,WIN_03526c21829fd010,True
WIN_9bc3b7ddcb80768c,REG_03526c21829fd010,WIN_03526c21829fd010,True
WIN_d553174ada6415d7,REG_03526c21829fd010,WIN_03526c21829fd010,True
WIN_54a6c36bed0e5397,REG_efa0e8f25912dfeb,WIN_efa0e8f25912dfeb,True
WIN_a7a9e0d43169a54c,REG_efa0e8f25912dfeb,WIN_efa0e8f25912dfeb,True
WIN_e319d3b46632635d,REG_efa0e8f25912dfeb,WIN_efa0e8f25912dfeb,True
WIN_efa0e8f25912dfeb,REG_efa0e8f25912dfeb,WIN_efa0e8f25912dfeb,True
WIN_6ae5e7478e302747,REG_38f5fdd20a00bb33,WIN_38f5fdd20a00bb33,True
WIN_38f5fdd20a00bb33,REG_38f5fdd20a00bb33,WIN_38f5fdd20a00bb33,True
WIN_56416754ac77ac8c,REG_38f5fdd20a00bb33,WIN_38f5fdd20a00bb33,True
WIN_600178d7a7733de5,REG_38f5fdd20a00bb33,WIN_38f5fdd20a00bb33,True
WIN_ee69984337ba74eb,REG_38f5fdd20a00bb33,WIN_38f5fdd20a00bb33,True
WIN_7228cf5a0b470f9d,REG_2392d11fab12eb02,WIN_2392d11fab12eb02,True
WIN_e48691dec50a1d02,REG_2392d11fab12eb02,WIN_2392d11fab12eb02,True
WIN_c555cc9e7ea6b1b6,REG_2392d11fab12eb02,WIN_2392d11fab12eb02,True
WIN_2392d11fab12eb02,REG_2392d11fab12eb02,WIN_2392d11fab12eb02,True
WIN_d45142aa67a318d9,REG_2392d11fab12eb02,WIN_2392d11fab12eb02,True
WIN_fb25eaf8f30e4375,REG_2392d11fab12eb02,WIN_2392d11fab12eb02,True
WIN_f258763cb4687ec6,REG_2392d11fab12eb02,WIN_2392d11fab12eb02,True
WIN_96348be875fa71a6,REG_35821dade45457fc,WIN_35821dade45457fc,True
WIN_8d593b46b40fe879,REG_35821dade45457fc,WIN_35821dade45457fc,True
WIN_e8482231fb4f5690,REG_35821dade45457fc,WIN_35821dade45457fc,True
WIN_35821dade45457fc,REG_35821dade45457fc,WIN_35821dade45457fc,True
WIN_74019b2d72461031,REG_35821dade45457fc,WIN_35821dade45457fc,True
WIN_3ae2bdb5e5a83782,REG_35821dade45457fc,WIN_35821dade45457fc,True
WIN_2e575c800cf8519a,REG_35821dade45457fc,WIN_35821dade45457fc,True
WIN_8f5d96e0220fa39c,REG_8f5d96e0220fa39c,WIN_8f5d96e0220fa39c,True
WIN_5c23210b43e85cdb,REG_8f5d96e0220fa39c,WIN_8f5d96e0220fa39c,True
WIN_3c5a264fbf8f8dbb,REG_8f5d96e0220fa39c,WIN_8f5d96e0220fa39c,True
WIN_60e9664d1ab3bf43,REG_8f5d96e0220fa39c,WIN_8f5d96e0220fa39c,True
WIN_c99db52e1357bf82,REG_364337ed5755e9af,WIN_364337ed5755e9af,True
WIN_364337ed5755e9af,REG_364337ed5755e9af,WIN_364337ed5755e9af,True
WIN_10b85909d5846ca5,REG_c820cf2edcff704f,WIN_c820cf2edcff704f,True
WIN_e556547b8d9139fb,REG_c820cf2edcff704f,WIN_c820cf2edcff704f,True
WIN_979ae754d615a982,REG_c820cf2edcff704f,WIN_c820cf2edcff704f,True
WIN_c820cf2edcff704f,REG_c820cf2edcff704f,WIN_c820cf2edcff704f,True
WIN_8e3b4f2103a36a70,REG_c820cf2edcff704f,WIN_c820cf2edcff704f,True
WIN_2ed4ed555114d426,REG_c820cf2edcff704f,WIN_c820cf2edcff704f,True
WIN_409eda404ed686fb,REG_c820cf2edcff704f,WIN_c820cf2edcff704f,True
WIN_4f5661e4411ac7a2,REG_4f5661e4411ac7a2,WIN_4f5661e4411ac7a2,True
WIN_88929efb82ada3be,REG_4f5661e4411ac7a2,WIN_4f5661e4411ac7a2,True
WIN_c54b2fbbd0902030,REG_4f5661e4411ac7a2,WIN_4f5661e4411ac7a2,True
WIN_89a0e99cc02b1258,REG_8258699bf76edfaa,WIN_8258699bf76edfaa,True
WIN_eb7c351df58bc704,REG_8258699bf76edfaa,WIN_8258699bf76edfaa,True
WIN_30b9d771a1f1c754,REG_8258699bf76edfaa,WIN_8258699bf76edfaa,True
WIN_8258699bf76edfaa,REG_8258699bf76edfaa,WIN_8258699bf76edfaa,True
WIN_10ed86ccd1ccd1a0,REG_8258699bf76edfaa,WIN_8258699bf76edfaa,True
WIN_0fec8410c7d3e0d6,REG_8258699bf76edfaa,WIN_8258699bf76edfaa,True
WIN_9e47599e59a1cb7d,REG_8258699bf76edfaa,WIN_8258699bf76edfaa,True
WIN_b8e39709a60ff7c2,REG_f1751c07e4494c17,WIN_f1751c07e4494c17,True
WIN_cfd545983c350cf3,REG_f1751c07e4494c17,WIN_f1751c07e4494c17,True
WIN_059d937196c0b5e1,REG_f1751c07e4494c17,WIN_f1751c07e4494c17,True
WIN_f1751c07e4494c17,REG_f1751c07e4494c17,WIN_f1751c07e4494c17,True
WIN_9cc7f8a7a95c084a,REG_f1751c07e4494c17,WIN_f1751c07e4494c17,True
WIN_91419a2db1e8c4e1,REG_9e454958a0fe47ea,WIN_9e454958a0fe47ea,True
WIN_128c6d72080ac8f5,REG_9e454958a0fe47ea,WIN_9e454958a0fe47ea,True
WIN_9e454958a0fe47ea,REG_9e454958a0fe47ea,WIN_9e454958a0fe47ea,True
WIN_47e04b77fc1a0d46,REG_d106f879f4262c98,WIN_d106f879f4262c98,True
WIN_85967028b637b9a7,REG_d106f879f4262c98,WIN_d106f879f4262c98,True
WIN_05d4a3e751e3c3b4,REG_d106f879f4262c98,WIN_d106f879f4262c98,True
WIN_d106f879f4262c98,REG_d106f879f4262c98,WIN_d106f879f4262c98,True
WIN_5e41fcfecde2be1c,REG_88b3e232ce50fc00,WIN_88b3e232ce50fc00,True
WIN_88b3e232ce50fc00,REG_88b3e232ce50fc00,WIN_88b3e232ce50fc00,True
WIN_3c7d921cbf52d26f,REG_88b3e232ce50fc00,WIN_88b3e232ce50fc00,True
WIN_d0621a1926003543,REG_88b3e232ce50fc00,WIN_88b3e232ce50fc00,True
WIN_0124409ef87d8169,REG_64973071e1f1938c,WIN_64973071e1f1938c,True
WIN_e2792d02f507a582,REG_64973071e1f1938c,WIN_64973071e1f1938c,True
WIN_7e11d3b85c28fa40,REG_64973071e1f1938c,WIN_64973071e1f1938c,True
WIN_64973071e1f1938c,REG_64973071e1f1938c,WIN_64973071e1f1938c,True
WIN_baec787051db47e3,REG_baec787051db47e3,WIN_baec787051db47e3,True
WIN_52b04e24979284f4,REG_baec787051db47e3,WIN_baec787051db47e3,True
WIN_0c857582200da5a4,REG_5879bc7e847c601f,WIN_5879bc7e847c601f,True
WIN_1db08feba8d20311,REG_5879bc7e847c601f,WIN_5879bc7e847c601f,True
WIN_ffd82b9bf437e132,REG_5879bc7e847c601f,WIN_5879bc7e847c601f,True
WIN_5879bc7e847c601f,REG_5879bc7e847c601f,WIN_5879bc7e847c601f,True
WIN_a297ba3798518fc7,REG_5879bc7e847c601f,WIN_5879bc7e847c601f,True
WIN_a8c8ee2f81977586,REG_a8c8ee2f81977586,WIN_a8c8ee2f81977586,True
WIN_1a0b92c5a03b42c0,REG_a8c8ee2f81977586,WIN_a8c8ee2f81977586,True
WIN_ef7ab1792693c942,REG_a8c8ee2f81977586,WIN_a8c8ee2f81977586,True
WIN_c8d9d0369b1e9067,REG_a8c8ee2f81977586,WIN_a8c8ee2f81977586,True
WIN_16e0253c9f4ace15,REG_16e0253c9f4ace15,WIN_16e0253c9f4ace15,True
WIN_d9c25ca4c18b5780,REG_16e0253c9f4ace15,WIN_16e0253c9f4ace15,True
WIN_f935b1626dbb1499,REG_16e0253c9f4ace15,WIN_16e0253c9f4ace15,True
WIN_407ee10fbc6096c1,REG_16e0253c9f4ace15,WIN_16e0253c9f4ace15,True
WIN_04ac4439b4bbdea6,REG_4720382fbccdedb0,WIN_4720382fbccdedb0,True
WIN_4720382fbccdedb0,REG_4720382fbccdedb0,WIN_4720382fbccdedb0,True
WIN_56eac16ecc8a38e8,REG_4720382fbccdedb0,WIN_4720382fbccdedb0,True
WIN_02c90dbf8e9dadd1,REG_4720382fbccdedb0,WIN_4720382fbccdedb0,True
WIN_fde28596ef0a9646,REG_4720382fbccdedb0,WIN_4720382fbccdedb0,True
WIN_61fd4b24b0bf778a,REG_df3051f2f9982d08,WIN_df3051f2f9982d08,True
WIN_db8aa5039f2922be,REG_df3051f2f9982d08,WIN_df3051f2f9982d08,True
WIN_6d31c6368861f68f,REG_df3051f2f9982d08,WIN_df3051f2f9982d08,True
WIN_df3051f2f9982d08,REG_df3051f2f9982d08,WIN_df3051f2f9982d08,True
WIN_e2c8bf4b44e4d1d7,REG_df3051f2f9982d08,WIN_df3051f2f9982d08,True
WIN_58d3b1d83abe604a,REG_df3051f2f9982d08,WIN_df3051f2f9982d08,True
WIN_27990fccdff21fd8,REG_df3051f2f9982d08,WIN_df3051f2f9982d08,True
WIN_6e297b6183befb45,REG_6e297b6183befb45,WIN_6e297b6183befb45,True
WIN_8d2a17f8351a04fb,REG_78a6da706eb4888a,WIN_78a6da706eb4888a,True
WIN_890fd70a12b71567,REG_78a6da706eb4888a,WIN_78a6da706eb4888a,True
WIN_3f76d2467036885c,REG_78a6da706eb4888a,WIN_78a6da706eb4888a,True
WIN_78a6da706eb4888a,REG_78a6da706eb4888a,WIN_78a6da706eb4888a,True
WIN_b34669ddfd8eb550,REG_b34669ddfd8eb550,WIN_b34669ddfd8eb550,True
WIN_1ff9e6ecbf30d5e8,REG_b34669ddfd8eb550,WIN_b34669ddfd8eb550,True
WIN_71d2f760e2393c88,REG_b34669ddfd8eb550,WIN_b34669ddfd8eb550,True
WIN_db08db4d75d44c1d,REG_b34669ddfd8eb550,WIN_b34669ddfd8eb550,True
WIN_d493a22c4060aaa3,REG_af0193b5c7214aaf,WIN_af0193b5c7214aaf,True
WIN_60c35088597adac9,REG_af0193b5c7214aaf,WIN_af0193b5c7214aaf,True
WIN_dea9c9c812475bb5,REG_af0193b5c7214aaf,WIN_af0193b5c7214aaf,True
WIN_af0193b5c7214aaf,REG_af0193b5c7214aaf,WIN_af0193b5c7214aaf,True
WIN_16fa5642b7679bf4,REG_af0193b5c7214aaf,WIN_af0193b5c7214aaf,True
WIN_96beb98fec9fb97e,REG_af0193b5c7214aaf,WIN_af0193b5c7214aaf,True
WIN_4df7b896084028dc,REG_d9fcfe90b2e1754c,WIN_d9fcfe90b2e1754c,True
WIN_1b0126b5c5331845,REG_d9fcfe90b2e1754c,WIN_d9fcfe90b2e1754c,True
WIN_f00630f40d55733a,REG_d9fcfe90b2e1754c,WIN_d9fcfe90b2e1754c,True
WIN_d9fcfe90b2e1754c,REG_d9fcfe90b2e1754c,WIN_d9fcfe90b2e1754c,True
WIN_c71508c77446d37e,REG_d9fcfe90b2e1754c,WIN_d9fcfe90b2e1754c,True
WIN_f2dcbc6ce0271b36,REG_d9fcfe90b2e1754c,WIN_d9fcfe90b2e1754c,True
WIN_58a779fb5de2cd8c,REG_d9fcfe90b2e1754c,WIN_d9fcfe90b2e1754c,True
WIN_db4d040605601015,REG_c4f082120351962b,WIN_c4f082120351962b,True
WIN_a70be54f4c85266c,REG_c4f082120351962b,WIN_c4f082120351962b,True
WIN_c4f082120351962b,REG_c4f082120351962b,WIN_c4f082120351962b,True
WIN_fc628020915288dc,REG_c4f082120351962b,WIN_c4f082120351962b,True
WIN_ee74a61793d85e6b,REG_c4f082120351962b,WIN_c4f082120351962b,True
WIN_3515e59c28c8b89d,REG_c4f082120351962b,WIN_c4f082120351962b,True
WIN_52c0695a092396ff,REG_52c0695a092396ff,WIN_52c0695a092396ff,True
WIN_f3401e34f2512b69,REG_3738428f6d5fd67d,WIN_3738428f6d5fd67d,True
WIN_e22ea69021f266e3,REG_3738428f6d5fd67d,WIN_3738428f6d5fd67d,True
WIN_1b7686708062ac44,REG_3738428f6d5fd67d,WIN_3738428f6d5fd67d,True
WIN_3738428f6d5fd67d,REG_3738428f6d5fd67d,WIN_3738428f6d5fd67d,True
WIN_a02ab5b834b3c822,REG_a02ab5b834b3c822,WIN_a02ab5b834b3c822,True
WIN_a447dd65cd4ef7a3,REG_a02ab5b834b3c822,WIN_a02ab5b834b3c822,True
WIN_5e0e53cefef1a562,REG_a02ab5b834b3c822,WIN_a02ab5b834b3c822,True
WIN_738771515783a9c6,REG_a02ab5b834b3c822,WIN_a02ab5b834b3c822,True
WIN_0c4e4194f1a1bba0,REG_0c4e4194f1a1bba0,WIN_0c4e4194f1a1bba0,True
WIN_9987f70326d2dc89,REG_0c4e4194f1a1bba0,WIN_0c4e4194f1a1bba0,True
WIN_f6c0b285fa93da50,REG_0c4e4194f1a1bba0,WIN_0c4e4194f1a1bba0,True
WIN_98ecebf31c5aaa95,REG_0c4e4194f1a1bba0,WIN_0c4e4194f1a1bba0,True
WIN_da05099afbeb6428,REG_da05099afbeb6428,WIN_da05099afbeb6428,True
WIN_aa17d841d18adb24,REG_da05099afbeb6428,WIN_da05099afbeb6428,True
WIN_4ad09fda470be3a5,REG_da05099afbeb6428,WIN_da05099afbeb6428,True
WIN_813132abb921a297,REG_da05099afbeb6428,WIN_da05099afbeb6428,True
WIN_62f14eaff8ebfbb7,REG_62f14eaff8ebfbb7,WIN_62f14eaff8ebfbb7,True
WIN_3a8e0f0ff4856cfa,REG_0126049cd72fb510,WIN_0126049cd72fb510,True
WIN_27855369d3977c03,REG_0126049cd72fb510,WIN_0126049cd72fb510,True
WIN_dcfe4096aa612ec1,REG_0126049cd72fb510,WIN_0126049cd72fb510,True
WIN_0126049cd72fb510,REG_0126049cd72fb510,WIN_0126049cd72fb510,True
WIN_9cfb3032577ec462,REG_0126049cd72fb510,WIN_0126049cd72fb510,True
WIN_0d21bebea7e3eb4e,REG_0126049cd72fb510,WIN_0126049cd72fb510,True
WIN_97ae676c03505049,REG_0126049cd72fb510,WIN_0126049cd72fb510,True
WIN_4a94477b02800d06,REG_14750db2a4336ea6,WIN_14750db2a4336ea6,True
WIN_2cdc39c4e6460e61,REG_14750db2a4336ea6,WIN_14750db2a4336ea6,True
WIN_becee767f8cf21cf,REG_14750db2a4336ea6,WIN_14750db2a4336ea6,True
WIN_14750db2a4336ea6,REG_14750db2a4336ea6,WIN_14750db2a4336ea6,True
WIN_d5a76a1f4de0f083,REG_14750db2a4336ea6,WIN_14750db2a4336ea6,True
WIN_401e6cb38718560c,REG_14750db2a4336ea6,WIN_14750db2a4336ea6,True
WIN_82c273570a2c5c1b,REG_14750db2a4336ea6,WIN_14750db2a4336ea6,True
WIN_3998b24f6ce57e63,REG_3998b24f6ce57e63,WIN_3998b24f6ce57e63,True
WIN_307d90a6ce33a77b,REG_3998b24f6ce57e63,WIN_3998b24f6ce57e63,True
WIN_15258979676851ad,REG_3998b24f6ce57e63,WIN_3998b24f6ce57e63,True
WIN_d7aa64a21895d38f,REG_3998b24f6ce57e63,WIN_3998b24f6ce57e63,True
WIN_29165d10614bfc49,REG_fbdc135687bc0b56,WIN_fbdc135687bc0b56,True
WIN_cdc4932e9ad17295,REG_fbdc135687bc0b56,WIN_fbdc135687bc0b56,True
WIN_55083ebd365d1730,REG_fbdc135687bc0b56,WIN_fbdc135687bc0b56,True
WIN_fbdc135687bc0b56,REG_fbdc135687bc0b56,WIN_fbdc135687bc0b56,True
WIN_a6d003af0d141d4e,REG_a90d51d0f6b6f985,WIN_a90d51d0f6b6f985,True
WIN_f7ef1f9d489194a8,REG_a90d51d0f6b6f985,WIN_a90d51d0f6b6f985,True
WIN_b819798a21f00bc8,REG_a90d51d0f6b6f985,WIN_a90d51d0f6b6f985,True
WIN_a90d51d0f6b6f985,REG_a90d51d0f6b6f985,WIN_a90d51d0f6b6f985,True
WIN_ebd231a53eeade95,REG_a90d51d0f6b6f985,WIN_a90d51d0f6b6f985,True
WIN_7c0ab56f21bf379a,REG_a90d51d0f6b6f985,WIN_a90d51d0f6b6f985,True
WIN_0786da98b956ca7d,REG_d7ab5c0efb228dd3,WIN_d7ab5c0efb228dd3,True
WIN_4a9c4f4e0d036e13,REG_d7ab5c0efb228dd3,WIN_d7ab5c0efb228dd3,True
WIN_8397208705576ce5,REG_d7ab5c0efb228dd3,WIN_d7ab5c0efb228dd3,True
WIN_d7ab5c0efb228dd3,REG_d7ab5c0efb228dd3,WIN_d7ab5c0efb228dd3,True
WIN_1fec50e72db631ee,REG_d7ab5c0efb228dd3,WIN_d7ab5c0efb228dd3,True
WIN_5a05dc37e8fc34c1,REG_ad8477159d9b5fe4,WIN_ad8477159d9b5fe4,True
WIN_9598f0739993c582,REG_ad8477159d9b5fe4,WIN_ad8477159d9b5fe4,True
WIN_8c0c4997d5d2c575,REG_ad8477159d9b5fe4,WIN_ad8477159d9b5fe4,True
WIN_ad8477159d9b5fe4,REG_ad8477159d9b5fe4,WIN_ad8477159d9b5fe4,True
WIN_01149a9aad5adb61,REG_11b9163316a421fa,WIN_11b9163316a421fa,True
WIN_a786ca773dcf7228,REG_11b9163316a421fa,WIN_11b9163316a421fa,True
WIN_58774a2561fabff5,REG_11b9163316a421fa,WIN_11b9163316a421fa,True
WIN_11b9163316a421fa,REG_11b9163316a421fa,WIN_11b9163316a421fa,True
WIN_6a64ce44236ad62d,REG_22e11f044131b0dd,WIN_22e11f044131b0dd,True
WIN_d6f186091fcffa89,REG_22e11f044131b0dd,WIN_22e11f044131b0dd,True
WIN_22e11f044131b0dd,REG_22e11f044131b0dd,WIN_22e11f044131b0dd,True
WIN_65a0659f09e5b309,REG_22e11f044131b0dd,WIN_22e11f044131b0dd,True
WIN_1ba8d32330beaa86,REG_22e11f044131b0dd,WIN_22e11f044131b0dd,True
WIN_b0bb0c8d956086b2,REG_22e11f044131b0dd,WIN_22e11f044131b0dd,True
WIN_16268cac14e1e7a6,REG_d77a30f0fa894edc,WIN_d77a30f0fa894edc,True
WIN_4450c662e66f6ccf,REG_d77a30f0fa894edc,WIN_d77a30f0fa894edc,True
WIN_8eaeaa83a1b4a9f4,REG_d77a30f0fa894edc,WIN_d77a30f0fa894edc,True
WIN_d77a30f0fa894edc,REG_d77a30f0fa894edc,WIN_d77a30f0fa894edc,True
WIN_a9cabaf87aeb67db,REG_d77a30f0fa894edc,WIN_d77a30f0fa894edc,True
WIN_0dc841d355a9a55d,REG_9d9f69613e82021f,WIN_9d9f69613e82021f,True
WIN_2def65f7032013d2,REG_9d9f69613e82021f,WIN_9d9f69613e82021f,True
WIN_ae0417a63c773381,REG_9d9f69613e82021f,WIN_9d9f69613e82021f,True
WIN_9d9f69613e82021f,REG_9d9f69613e82021f,WIN_9d9f69613e82021f,True
WIN_0d56390c49450bd5,REG_9d9f69613e82021f,WIN_9d9f69613e82021f,True
WIN_1ef9449ce9a4b06d,REG_9d9f69613e82021f,WIN_9d9f69613e82021f,True
WIN_fdbde0d22f5277bc,REG_9d9f69613e82021f,WIN_9d9f69613e82021f,True
WIN_8d0cdf002ba77947,REG_83b2257189c9fa24,WIN_83b2257189c9fa24,True
WIN_f8c7b5cef3c93df2,REG_83b2257189c9fa24,WIN_83b2257189c9fa24,True
WIN_83b2257189c9fa24,REG_83b2257189c9fa24,WIN_83b2257189c9fa24,True
WIN_d63e0466a0f547d9,REG_83b2257189c9fa24,WIN_83b2257189c9fa24,True
WIN_7d85aca7c7decebe,REG_83b2257189c9fa24,WIN_83b2257189c9fa24,True
WIN_4308598b5394af1e,REG_83b2257189c9fa24,WIN_83b2257189c9fa24,True
WIN_2aa802846b72c2f1,REG_7a77ac616666b467,WIN_7a77ac616666b467,True
WIN_6b26c4ae31be7b17,REG_7a77ac616666b467,WIN_7a77ac616666b467,True
WIN_0f1acd8d85388b67,REG_7a77ac616666b467,WIN_7a77ac616666b467,True
WIN_7a77ac616666b467,REG_7a77ac616666b467,WIN_7a77ac616666b467,True
WIN_e5a18762fa59182a,REG_7a77ac616666b467,WIN_7a77ac616666b467,True
WIN_d8b70177d6ab2469,REG_7a77ac616666b467,WIN_7a77ac616666b467,True
WIN_946ab54d5922714c,REG_7a77ac616666b467,WIN_7a77ac616666b467,True
WIN_69014528db673cd1,REG_69014528db673cd1,WIN_69014528db673cd1,True
WIN_27556388d7dfcf78,REG_ec0cd199a5e3d857,WIN_ec0cd199a5e3d857,True
WIN_142797ac8d14a4d8,REG_ec0cd199a5e3d857,WIN_ec0cd199a5e3d857,True
WIN_37233ab33a9cd21b,REG_ec0cd199a5e3d857,WIN_ec0cd199a5e3d857,True
WIN_ec0cd199a5e3d857,REG_ec0cd199a5e3d857,WIN_ec0cd199a5e3d857,True
WIN_d6a0e7d9d3545a16,REG_cb2be224429bac7b,WIN_cb2be224429bac7b,True
WIN_329fec87fe49dba9,REG_cb2be224429bac7b,WIN_cb2be224429bac7b,True
WIN_588d7c7e737661d8,REG_cb2be224429bac7b,WIN_cb2be224429bac7b,True
WIN_cb2be224429bac7b,REG_cb2be224429bac7b,WIN_cb2be224429bac7b,True
WIN_9306ec4fc294a42e,REG_cb2be224429bac7b,WIN_cb2be224429bac7b,True
WIN_799b89c85e94bd56,REG_cb2be224429bac7b,WIN_cb2be224429bac7b,True
WIN_dfdedae4fc73fc1f,REG_9b7160ea78e43776,WIN_9b7160ea78e43776,True
WIN_2b04cf39dca72ea6,REG_9b7160ea78e43776,WIN_9b7160ea78e43776,True
WIN_db0a2bf5b4fe7959,REG_9b7160ea78e43776,WIN_9b7160ea78e43776,True
WIN_9b7160ea78e43776,REG_9b7160ea78e43776,WIN_9b7160ea78e43776,True
WIN_2d1df0a30d5b0ca1,REG_9b7160ea78e43776,WIN_9b7160ea78e43776,True
WIN_9b339ea54c275b9a,REG_9b7160ea78e43776,WIN_9b7160ea78e43776,True
WIN_cb5b7dbc06630698,REG_f3e2d1d3b6d1b720,WIN_f3e2d1d3b6d1b720,True
WIN_1028f5320d827ad7,REG_f3e2d1d3b6d1b720,WIN_f3e2d1d3b6d1b720,True
WIN_5a31afadda1a29cb,REG_f3e2d1d3b6d1b720,WIN_f3e2d1d3b6d1b720,True
WIN_f3e2d1d3b6d1b720,REG_f3e2d1d3b6d1b720,WIN_f3e2d1d3b6d1b720,True
WIN_d8fbb266c3abd298,REG_f3e2d1d3b6d1b720,WIN_f3e2d1d3b6d1b720,True
WIN_75f9430cc1c9015b,REG_f3e2d1d3b6d1b720,WIN_f3e2d1d3b6d1b720,True
WIN_752d046a61c9da50,REG_f3e2d1d3b6d1b720,WIN_f3e2d1d3b6d1b720,True
WIN_92748ecdb45b6168,REG_41931bf07f628aaa,WIN_41931bf07f628aaa,True
WIN_96e430b9efa9d7df,REG_41931bf07f628aaa,WIN_41931bf07f628aaa,True
WIN_937d11662fd843d5,REG_41931bf07f628aaa,WIN_41931bf07f628aaa,True
WIN_41931bf07f628aaa,REG_41931bf07f628aaa,WIN_41931bf07f628aaa,True
WIN_6ff3093d96cb6f7f,REG_6ff3093d96cb6f7f,WIN_6ff3093d96cb6f7f,True
WIN_06b26c8c302a83c2,REG_06b26c8c302a83c2,WIN_06b26c8c302a83c2,True
WIN_6171870447605ceb,REG_06b26c8c302a83c2,WIN_06b26c8c302a83c2,True
WIN_58940db319d45e3e,REG_06b26c8c302a83c2,WIN_06b26c8c302a83c2,True
WIN_043ea09091415c44,REG_06b26c8c302a83c2,WIN_06b26c8c302a83c2,True
WIN_ce8ac776680825b3,REG_0a49f79d9feaec7c,WIN_0a49f79d9feaec7c,True
WIN_a16996302c263800,REG_0a49f79d9feaec7c,WIN_0a49f79d9feaec7c,True
WIN_0a49f79d9feaec7c,REG_0a49f79d9feaec7c,WIN_0a49f79d9feaec7c,True
WIN_c9ebaaa6bf26359f,REG_3906c8beccc30514,WIN_3906c8beccc30514,True
WIN_3a0522049cefdcd5,REG_3906c8beccc30514,WIN_3906c8beccc30514,True
WIN_5db4f020db17854d,REG_3906c8beccc30514,WIN_3906c8beccc30514,True
WIN_3906c8beccc30514,REG_3906c8beccc30514,WIN_3906c8beccc30514,True
WIN_63ec888795815d9b,REG_3906c8beccc30514,WIN_3906c8beccc30514,True
WIN_8063274c7ae75ec3,REG_3906c8beccc30514,WIN_3906c8beccc30514,True
WIN_6572f9ee889d8b83,REG_3906c8beccc30514,WIN_3906c8beccc30514,True
WIN_86a8bf65d87c66cb,REG_bf6783d1a6e328de,WIN_bf6783d1a6e328de,True
WIN_2403fb8f7d5ae1a7,REG_bf6783d1a6e328de,WIN_bf6783d1a6e328de,True
WIN_e0e173b5a4f08ac7,REG_bf6783d1a6e328de,WIN_bf6783d1a6e328de,True
WIN_bf6783d1a6e328de,REG_bf6783d1a6e328de,WIN_bf6783d1a6e328de,True
WIN_0cf772a653d4b700,REG_bf6783d1a6e328de,WIN_bf6783d1a6e328de,True
WIN_4c996e3b46e0eceb,REG_bf6783d1a6e328de,WIN_bf6783d1a6e328de,True
WIN_45327cb88e28547a,REG_bf6783d1a6e328de,WIN_bf6783d1a6e328de,True
WIN_283805b1ad19df41,REG_4d6c27ce88e1c2dc,WIN_4d6c27ce88e1c2dc,True
WIN_e2f42bc38121f00f,REG_4d6c27ce88e1c2dc,WIN_4d6c27ce88e1c2dc,True
WIN_54b8bd369fae2e28,REG_4d6c27ce88e1c2dc,WIN_4d6c27ce88e1c2dc,True
WIN_4d6c27ce88e1c2dc,REG_4d6c27ce88e1c2dc,WIN_4d6c27ce88e1c2dc,True
WIN_6c9e9db9fce8475d,REG_6c9e9db9fce8475d,WIN_6c9e9db9fce8475d,True
WIN_5f58dccf56d3b61d,REG_6c9e9db9fce8475d,WIN_6c9e9db9fce8475d,True
WIN_6dedd535b0b0d247,REG_6c9e9db9fce8475d,WIN_6c9e9db9fce8475d,True
WIN_96afe060363195e3,REG_6c9e9db9fce8475d,WIN_6c9e9db9fce8475d,True
WIN_b9fc7ce07f3af2cf,REG_5512d5a2ce0fd1d5,WIN_5512d5a2ce0fd1d5,True
WIN_aef9af49c7087ab1,REG_5512d5a2ce0fd1d5,WIN_5512d5a2ce0fd1d5,True
WIN_0e7cf2e07b115511,REG_5512d5a2ce0fd1d5,WIN_5512d5a2ce0fd1d5,True
WIN_5512d5a2ce0fd1d5,REG_5512d5a2ce0fd1d5,WIN_5512d5a2ce0fd1d5,True
WIN_6f80e9cfc3335524,REG_1060d60a0d95719d,WIN_1060d60a0d95719d,True
WIN_b13c726a85df700f,REG_1060d60a0d95719d,WIN_1060d60a0d95719d,True
WIN_a4f85d275fe08d03,REG_1060d60a0d95719d,WIN_1060d60a0d95719d,True
WIN_1060d60a0d95719d,REG_1060d60a0d95719d,WIN_1060d60a0d95719d,True
WIN_0d41d8eed2a75f7d,REG_1060d60a0d95719d,WIN_1060d60a0d95719d,True
WIN_0dbfc9d704c41048,REG_312ab1ba9beaa5a7,WIN_312ab1ba9beaa5a7,True
WIN_0619adc5f816fa19,REG_312ab1ba9beaa5a7,WIN_312ab1ba9beaa5a7,True
WIN_98156e6a3f4029b3,REG_312ab1ba9beaa5a7,WIN_312ab1ba9beaa5a7,True
WIN_312ab1ba9beaa5a7,REG_312ab1ba9beaa5a7,WIN_312ab1ba9beaa5a7,True
WIN_a47a59542ae89c45,REG_312ab1ba9beaa5a7,WIN_312ab1ba9beaa5a7,True
WIN_742e3f8c236a74ac,REG_312ab1ba9beaa5a7,WIN_312ab1ba9beaa5a7,True
WIN_f8f540e6f3d9a65b,REG_312ab1ba9beaa5a7,WIN_312ab1ba9beaa5a7,True
WIN_c6a463f5034b92f7,REG_c6a463f5034b92f7,WIN_c6a463f5034b92f7,True
WIN_4d7a18c13019fa21,REG_f236e687fa0d81bb,WIN_f236e687fa0d81bb,True
WIN_f236e687fa0d81bb,REG_f236e687fa0d81bb,WIN_f236e687fa0d81bb,True
WIN_a2c6a4dcc1dd3028,REG_f236e687fa0d81bb,WIN_f236e687fa0d81bb,True
WIN_425ff276ae1fca15,REG_1657689d6c51bf12,WIN_1657689d6c51bf12,True
WIN_3bd022964ca2ed42,REG_1657689d6c51bf12,WIN_1657689d6c51bf12,True
WIN_16a8c42b5ce82e65,REG_1657689d6c51bf12,WIN_1657689d6c51bf12,True
WIN_1657689d6c51bf12,REG_1657689d6c51bf12,WIN_1657689d6c51bf12,True
WIN_f426eda0a64deb4f,REG_70f2aa4fde8c5b8d,WIN_70f2aa4fde8c5b8d,True
WIN_e364f9f85098ed97,REG_70f2aa4fde8c5b8d,WIN_70f2aa4fde8c5b8d,True
WIN_e217bef1fb4dbfd6,REG_70f2aa4fde8c5b8d,WIN_70f2aa4fde8c5b8d,True
WIN_70f2aa4fde8c5b8d,REG_70f2aa4fde8c5b8d,WIN_70f2aa4fde8c5b8d,True
WIN_7b8822ef0c6d6101,REG_70f2aa4fde8c5b8d,WIN_70f2aa4fde8c5b8d,True
WIN_d0f98dd8313f87db,REG_fc40fc9674131aac,WIN_fc40fc9674131aac,True
WIN_396dbd5a81b0fc0b,REG_fc40fc9674131aac,WIN_fc40fc9674131aac,True
WIN_cdff181cd9a52c07,REG_fc40fc9674131aac,WIN_fc40fc9674131aac,True
WIN_fc40fc9674131aac,REG_fc40fc9674131aac,WIN_fc40fc9674131aac,True
WIN_b1496461995f1a7b,REG_fc40fc9674131aac,WIN_fc40fc9674131aac,True
WIN_7a320bb12d7805f3,REG_fc40fc9674131aac,WIN_fc40fc9674131aac,True
WIN_39691fe43e6efb15,REG_fc40fc9674131aac,WIN_fc40fc9674131aac,True
WIN_10ef7ac93d0c7804,REG_10ef7ac93d0c7804,WIN_10ef7ac93d0c7804,True
WIN_58b5af37322c96c6,REG_10ef7ac93d0c7804,WIN_10ef7ac93d0c7804,True
WIN_b8446b2e4afb0943,REG_c9c33a781d8f8dc8,WIN_c9c33a781d8f8dc8,True
WIN_f6b5b059ade29be7,REG_c9c33a781d8f8dc8,WIN_c9c33a781d8f8dc8,True
WIN_50fa518d2702ae1d,REG_c9c33a781d8f8dc8,WIN_c9c33a781d8f8dc8,True
WIN_c9c33a781d8f8dc8,REG_c9c33a781d8f8dc8,WIN_c9c33a781d8f8dc8,True
WIN_21881ec731274215,REG_c9c33a781d8f8dc8,WIN_c9c33a781d8f8dc8,True
WIN_36d144379547e53e,REG_c9c33a781d8f8dc8,WIN_c9c33a781d8f8dc8,True
WIN_1fd838dee356c9ad,REG_c9c33a781d8f8dc8,WIN_c9c33a781d8f8dc8,True
WIN_c402adca38e219ac,REG_c402adca38e219ac,WIN_c402adca38e219ac,True
WIN_e093c4cc7f1abd53,REG_c402adca38e219ac,WIN_c402adca38e219ac,True
WIN_f6fe19c41eab8a19,REG_c402adca38e219ac,WIN_c402adca38e219ac,True
WIN_c576b6b7180cd1d9,REG_c402adca38e219ac,WIN_c402adca38e219ac,True
WIN_dbe749080504385f,REG_e06b876949d55e0d,WIN_e06b876949d55e0d,True
WIN_e06b876949d55e0d,REG_e06b876949d55e0d,WIN_e06b876949d55e0d,True
WIN_67cc1dc74173da85,REG_e06b876949d55e0d,WIN_e06b876949d55e0d,True
WIN_edbf6ef908ab16fd,REG_e06b876949d55e0d,WIN_e06b876949d55e0d,True
WIN_af359926c82456ed,REG_e06b876949d55e0d,WIN_e06b876949d55e0d,True
WIN_126af4a263e0983b,REG_126af4a263e0983b,WIN_126af4a263e0983b,True
WIN_a174bed8b2a82d54,REG_126af4a263e0983b,WIN_126af4a263e0983b,True
WIN_6b28515ba72484e2,REG_126af4a263e0983b,WIN_126af4a263e0983b,True
WIN_c4eddaf4159ff592,REG_126af4a263e0983b,WIN_126af4a263e0983b,True
WIN_eee1903cb75c15fc,REG_b1614bd845a229b9,WIN_b1614bd845a229b9,True
WIN_60a27277be915498,REG_b1614bd845a229b9,WIN_b1614bd845a229b9,True
WIN_cb1a62994f6a181d,REG_b1614bd845a229b9,WIN_b1614bd845a229b9,True
WIN_b1614bd845a229b9,REG_b1614bd845a229b9,WIN_b1614bd845a229b9,True
WIN_15f4473a0743036b,REG_b1614bd845a229b9,WIN_b1614bd845a229b9,True
WIN_90ba152b73925cd1,REG_b1614bd845a229b9,WIN_b1614bd845a229b9,True
WIN_676b1f554dbce5f0,REG_b1614bd845a229b9,WIN_b1614bd845a229b9,True
WIN_087c73039871f68e,REG_087c73039871f68e,WIN_087c73039871f68e,True
WIN_0881e33c0be90a75,REG_087c73039871f68e,WIN_087c73039871f68e,True
WIN_960c6992b707d1ff,REG_087c73039871f68e,WIN_087c73039871f68e,True
WIN_a5c6375ab0510b8d,REG_087c73039871f68e,WIN_087c73039871f68e,True
WIN_5f853bfcec91e5c3,REG_5f853bfcec91e5c3,WIN_5f853bfcec91e5c3,True
WIN_bfa42b58893dc1f2,REG_5f853bfcec91e5c3,WIN_5f853bfcec91e5c3,True
WIN_0887e48de17a3a44,REG_0887e48de17a3a44,WIN_0887e48de17a3a44,True
WIN_e8da97722db9bcb7,REG_0887e48de17a3a44,WIN_0887e48de17a3a44,True
WIN_5578e1407dc19872,REG_0887e48de17a3a44,WIN_0887e48de17a3a44,True
WIN_3ed92b76cc84763b,REG_0887e48de17a3a44,WIN_0887e48de17a3a44,True
WIN_80dd46802195b150,REG_1df3bb4efb0dba9c,WIN_1df3bb4efb0dba9c,True
WIN_10278e69f66abfdd,REG_1df3bb4efb0dba9c,WIN_1df3bb4efb0dba9c,True
WIN_3260536b7a0d7d4a,REG_1df3bb4efb0dba9c,WIN_1df3bb4efb0dba9c,True
WIN_1df3bb4efb0dba9c,REG_1df3bb4efb0dba9c,WIN_1df3bb4efb0dba9c,True
WIN_bb6b3bf2d72a3271,REG_1df3bb4efb0dba9c,WIN_1df3bb4efb0dba9c,True
WIN_4c755e4c423b5190,REG_1df3bb4efb0dba9c,WIN_1df3bb4efb0dba9c,True
WIN_2a03a31e38cfce34,REG_1df3bb4efb0dba9c,WIN_1df3bb4efb0dba9c,True
WIN_31f22721f27c03f8,REG_31f22721f27c03f8,WIN_31f22721f27c03f8,True
WIN_7cd50c7d3cc4c42b,REG_31f22721f27c03f8,WIN_31f22721f27c03f8,True
WIN_5789cfcf13e3e246,REG_31f22721f27c03f8,WIN_31f22721f27c03f8,True
WIN_6e00fb1a6ed88a3d,REG_31f22721f27c03f8,WIN_31f22721f27c03f8,True
WIN_870bfe7dbc611efb,REG_2acfef7833b2faf7,WIN_2acfef7833b2faf7,True
WIN_0a591db99d969cc9,REG_2acfef7833b2faf7,WIN_2acfef7833b2faf7,True
WIN_b69fc0b0068aa102,REG_2acfef7833b2faf7,WIN_2acfef7833b2faf7,True
WIN_2acfef7833b2faf7,REG_2acfef7833b2faf7,WIN_2acfef7833b2faf7,True
WIN_01176d4bca2145b7,REG_2acfef7833b2faf7,WIN_2acfef7833b2faf7,True
WIN_299a086a1f1c8cd2,REG_2acfef7833b2faf7,WIN_2acfef7833b2faf7,True
WIN_1f6552ab13b0cde7,REG_2acfef7833b2faf7,WIN_2acfef7833b2faf7,True
WIN_d91397dc39b67dcc,REG_d91397dc39b67dcc,WIN_d91397dc39b67dcc,True
WIN_72e7850232d153af,REG_d91397dc39b67dcc,WIN_d91397dc39b67dcc,True
WIN_d1c8e8aa65828199,REG_d91397dc39b67dcc,WIN_d91397dc39b67dcc,True
WIN_7e1f3b2d64ecb8c5,REG_d91397dc39b67dcc,WIN_d91397dc39b67dcc,True
WIN_44938b4ccb54b4c1,REG_274b29547412cf1a,WIN_274b29547412cf1a,True
WIN_377615a3970f4e81,REG_274b29547412cf1a,WIN_274b29547412cf1a,True
WIN_2a1f916510a964bd,REG_274b29547412cf1a,WIN_274b29547412cf1a,True
WIN_274b29547412cf1a,REG_274b29547412cf1a,WIN_274b29547412cf1a,True
WIN_24153ae583b36c26,REG_274b29547412cf1a,WIN_274b29547412cf1a,True
WIN_4e49e7c531732ffe,REG_274b29547412cf1a,WIN_274b29547412cf1a,True
WIN_af34fd531e5e2ea5,REG_274b29547412cf1a,WIN_274b29547412cf1a,True
WIN_d6f9395370a848e0,REG_8183db3d2ca4e157,WIN_8183db3d2ca4e157,True
WIN_d1666b057a4aabf4,REG_8183db3d2ca4e157,WIN_8183db3d2ca4e157,True
WIN_99971b671c363799,REG_8183db3d2ca4e157,WIN_8183db3d2ca4e157,True
WIN_8183db3d2ca4e157,REG_8183db3d2ca4e157,WIN_8183db3d2ca4e157,True
WIN_8efb3441f959e7cf,REG_8183db3d2ca4e157,WIN_8183db3d2ca4e157,True
WIN_c2b0139998acedaa,REG_8183db3d2ca4e157,WIN_8183db3d2ca4e157,True
WIN_0d099c655e30e6f5,REG_8183db3d2ca4e157,WIN_8183db3d2ca4e157,True
WIN_1192f1d28ab56582,REG_4096bf79e7b3d79e,WIN_4096bf79e7b3d79e,True
WIN_5bef466c6e63b949,REG_4096bf79e7b3d79e,WIN_4096bf79e7b3d79e,True
WIN_3f82ca10badedab5,REG_4096bf79e7b3d79e,WIN_4096bf79e7b3d79e,True
WIN_4096bf79e7b3d79e,REG_4096bf79e7b3d79e,WIN_4096bf79e7b3d79e,True
WIN_72ee12926ca935fd,REG_38bc6cc539306db2,WIN_38bc6cc539306db2,True
WIN_1a1c4f299d5293cc,REG_38bc6cc539306db2,WIN_38bc6cc539306db2,True
WIN_38bc6cc539306db2,REG_38bc6cc539306db2,WIN_38bc6cc539306db2,True
WIN_ba8f50d8abcd96a4,REG_daaaaeccef75e6ad,WIN_daaaaeccef75e6ad,True
WIN_e9b1a2980b49cade,REG_daaaaeccef75e6ad,WIN_daaaaeccef75e6ad,True
WIN_d441d31468d034f2,REG_daaaaeccef75e6ad,WIN_daaaaeccef75e6ad,True
WIN_daaaaeccef75e6ad,REG_daaaaeccef75e6ad,WIN_daaaaeccef75e6ad,True
WIN_290d46ca23f37c36,REG_290d46ca23f37c36,WIN_290d46ca23f37c36,True
WIN_5f1286471899fa85,REG_6ed0ac23a35a168a,WIN_6ed0ac23a35a168a,True
WIN_75da2cfb1c9bb3c0,REG_6ed0ac23a35a168a,WIN_6ed0ac23a35a168a,True
WIN_9f98995784bd07e7,REG_6ed0ac23a35a168a,WIN_6ed0ac23a35a168a,True
WIN_6ed0ac23a35a168a,REG_6ed0ac23a35a168a,WIN_6ed0ac23a35a168a,True
WIN_ae10201b2a808b56,REG_6ed0ac23a35a168a,WIN_6ed0ac23a35a168a,True
WIN_767bbd9052b4c0a6,REG_30207a111a236784,WIN_30207a111a236784,True
WIN_9cadcbcddbea83af,REG_30207a111a236784,WIN_30207a111a236784,True
WIN_30207a111a236784,REG_30207a111a236784,WIN_30207a111a236784,True
WIN_683bc17b92cbe87c,REG_30207a111a236784,WIN_30207a111a236784,True
WIN_416f4015dcef0bd4,REG_30207a111a236784,WIN_30207a111a236784,True
WIN_29d34d6ce9e249e1,REG_30207a111a236784,WIN_30207a111a236784,True
WIN_6e2995f70bfd013e,REG_cf3be768b3a6a9ab,WIN_cf3be768b3a6a9ab,True
WIN_595e2519e7d7a3d6,REG_cf3be768b3a6a9ab,WIN_cf3be768b3a6a9ab,True
WIN_9a0d5ad4c1964593,REG_cf3be768b3a6a9ab,WIN_cf3be768b3a6a9ab,True
WIN_cf3be768b3a6a9ab,REG_cf3be768b3a6a9ab,WIN_cf3be768b3a6a9ab,True
WIN_2c8773a0c7d44550,REG_cf3be768b3a6a9ab,WIN_cf3be768b3a6a9ab,True
WIN_70ccead1acdfa7f6,REG_cf3be768b3a6a9ab,WIN_cf3be768b3a6a9ab,True
WIN_ae75637a7c34f9ce,REG_cf3be768b3a6a9ab,WIN_cf3be768b3a6a9ab,True
WIN_60d2dd7c9dc084c5,REG_16f5b18d42cab9f7,WIN_16f5b18d42cab9f7,True
WIN_16f5b18d42cab9f7,REG_16f5b18d42cab9f7,WIN_16f5b18d42cab9f7,True
WIN_01365dc9f0ceb296,REG_16f5b18d42cab9f7,WIN_16f5b18d42cab9f7,True
WIN_04526cb780ac97ab,REG_16f5b18d42cab9f7,WIN_16f5b18d42cab9f7,True
WIN_f1a403179c79c8a4,REG_f1a403179c79c8a4,WIN_f1a403179c79c8a4,True
WIN_e9466360202a01f1,REG_f1a403179c79c8a4,WIN_f1a403179c79c8a4,True
WIN_f6288889ffb642af,REG_f1a403179c79c8a4,WIN_f1a403179c79c8a4,True
WIN_cdb6b7252504fab6,REG_f1a403179c79c8a4,WIN_f1a403179c79c8a4,True
WIN_6d2b2e115c751878,REG_67bae682b3f912f3,WIN_67bae682b3f912f3,True
WIN_a20d8d6eb3d542b7,REG_67bae682b3f912f3,WIN_67bae682b3f912f3,True
WIN_52f7bb9c41fd35e3,REG_67bae682b3f912f3,WIN_67bae682b3f912f3,True
WIN_67bae682b3f912f3,REG_67bae682b3f912f3,WIN_67bae682b3f912f3,True
WIN_2c5d2b0b0806f88d,REG_67bae682b3f912f3,WIN_67bae682b3f912f3,True
WIN_79d690e546aabbf6,REG_67bae682b3f912f3,WIN_67bae682b3f912f3,True
WIN_214c942fac6b4266,REG_67bae682b3f912f3,WIN_67bae682b3f912f3,True
WIN_308dc5924bfc2ed9,REG_c6b670b82e976605,WIN_c6b670b82e976605,True
WIN_c6b670b82e976605,REG_c6b670b82e976605,WIN_c6b670b82e976605,True
WIN_d3755a0ca8e390f7,REG_c6b670b82e976605,WIN_c6b670b82e976605,True
WIN_370fe28556ce3c44,REG_95209a7e42b5d990,WIN_95209a7e42b5d990,True
WIN_1d57a1518a42dfae,REG_95209a7e42b5d990,WIN_95209a7e42b5d990,True
WIN_ef729b8a8f8e80c4,REG_95209a7e42b5d990,WIN_95209a7e42b5d990,True
WIN_95209a7e42b5d990,REG_95209a7e42b5d990,WIN_95209a7e42b5d990,True
WIN_4d15683e73d24819,REG_95209a7e42b5d990,WIN_95209a7e42b5d990,True
WIN_7ed303dec331e972,REG_95209a7e42b5d990,WIN_95209a7e42b5d990,True
WIN_93cb691a118a20a3,REG_62e79ea9285e42f6,WIN_62e79ea9285e42f6,True
WIN_5f7ddbf778f502b2,REG_62e79ea9285e42f6,WIN_62e79ea9285e42f6,True
WIN_82126d76bbc8dc2c,REG_62e79ea9285e42f6,WIN_62e79ea9285e42f6,True
WIN_62e79ea9285e42f6,REG_62e79ea9285e42f6,WIN_62e79ea9285e42f6,True
WIN_8eaa88b6b8eaf7bf,REG_8eaa88b6b8eaf7bf,WIN_8eaa88b6b8eaf7bf,True
WIN_f8a8221dbaa34ba2,REG_8eaa88b6b8eaf7bf,WIN_8eaa88b6b8eaf7bf,True
WIN_d7ab8abdccee21e2,REG_8eaa88b6b8eaf7bf,WIN_8eaa88b6b8eaf7bf,True
WIN_80335d54b1251286,REG_8eaa88b6b8eaf7bf,WIN_8eaa88b6b8eaf7bf,True
WIN_b01573cffc9a659c,REG_4d0198e04e60f7d8,WIN_4d0198e04e60f7d8,True
WIN_e4824119630babd5,REG_4d0198e04e60f7d8,WIN_4d0198e04e60f7d8,True
WIN_0bec04edd2d799ea,REG_4d0198e04e60f7d8,WIN_4d0198e04e60f7d8,True
WIN_4d0198e04e60f7d8,REG_4d0198e04e60f7d8,WIN_4d0198e04e60f7d8,True
WIN_84dce4ea626741fe,REG_15ca2d95174aef02,WIN_15ca2d95174aef02,True
WIN_094f55f3c34af426,REG_15ca2d95174aef02,WIN_15ca2d95174aef02,True
WIN_c3aeb2a07a495952,REG_15ca2d95174aef02,WIN_15ca2d95174aef02,True
WIN_15ca2d95174aef02,REG_15ca2d95174aef02,WIN_15ca2d95174aef02,True
WIN_5335f9bd319d0b1e,REG_15ca2d95174aef02,WIN_15ca2d95174aef02,True
WIN_873199cc64c3a26f,REG_15ca2d95174aef02,WIN_15ca2d95174aef02,True
WIN_833c893b1ff57012,REG_15ca2d95174aef02,WIN_15ca2d95174aef02,True
WIN_34834e467468a5e3,REG_34834e467468a5e3,WIN_34834e467468a5e3,True
WIN_cb165891456fb458,REG_34834e467468a5e3,WIN_34834e467468a5e3,True
WIN_9b3a91bd056384a8,REG_34834e467468a5e3,WIN_34834e467468a5e3,True
WIN_168a0c54ff37c66b,REG_34834e467468a5e3,WIN_34834e467468a5e3,True
WIN_2b51701fbe0860cc,REG_af67935e65135e71,WIN_af67935e65135e71,True
WIN_7cf3439bb094f230,REG_af67935e65135e71,WIN_af67935e65135e71,True
WIN_af67935e65135e71,REG_af67935e65135e71,WIN_af67935e65135e71,True
WIN_7f69b68ec5950a55,REG_af67935e65135e71,WIN_af67935e65135e71,True
WIN_0bf2d67142e42afa,REG_af67935e65135e71,WIN_af67935e65135e71,True
WIN_61febbc8301ef605,REG_15b14ed6b3e54b57,WIN_15b14ed6b3e54b57,True
WIN_896799be8950aa18,REG_15b14ed6b3e54b57,WIN_15b14ed6b3e54b57,True
WIN_15b14ed6b3e54b57,REG_15b14ed6b3e54b57,WIN_15b14ed6b3e54b57,True
WIN_a0b32f303f82b899,REG_15b14ed6b3e54b57,WIN_15b14ed6b3e54b57,True
WIN_23b21a77e56e3700,REG_93705cbc6c5e57ed,WIN_93705cbc6c5e57ed,True
WIN_829ed56bb9ba6c66,REG_93705cbc6c5e57ed,WIN_93705cbc6c5e57ed,True
WIN_35b2da31669c3fcf,REG_93705cbc6c5e57ed,WIN_93705cbc6c5e57ed,True
WIN_93705cbc6c5e57ed,REG_93705cbc6c5e57ed,WIN_93705cbc6c5e57ed,True
WIN_8e1fe649f18064a9,REG_8e1fe649f18064a9,WIN_8e1fe649f18064a9,True
WIN_66b376eacb76d527,REG_8e1fe649f18064a9,WIN_8e1fe649f18064a9,True
WIN_b5b5457da3343513,REG_0d2247da6be839d3,WIN_0d2247da6be839d3,True
WIN_147d260059485acb,REG_0d2247da6be839d3,WIN_0d2247da6be839d3,True
WIN_dd5131373c1e3cad,REG_0d2247da6be839d3,WIN_0d2247da6be839d3,True
WIN_0d2247da6be839d3,REG_0d2247da6be839d3,WIN_0d2247da6be839d3,True
WIN_01a9232996d27628,REG_161dec65671dd569,WIN_161dec65671dd569,True
WIN_f347f369f1a0a7f5,REG_161dec65671dd569,WIN_161dec65671dd569,True
WIN_1a13786e23553f7a,REG_161dec65671dd569,WIN_161dec65671dd569,True
WIN_161dec65671dd569,REG_161dec65671dd569,WIN_161dec65671dd569,True
WIN_17fa051f88067a4a,REG_17fa051f88067a4a,WIN_17fa051f88067a4a,True
WIN_5b88401b8f196516,REG_17fa051f88067a4a,WIN_17fa051f88067a4a,True
WIN_69ae848b8ba7ca60,REG_17fa051f88067a4a,WIN_17fa051f88067a4a,True
WIN_8eaf3878d5221aa1,REG_17fa051f88067a4a,WIN_17fa051f88067a4a,True
WIN_9fd973fafcf9269d,REG_3eb0b78c98893875,WIN_3eb0b78c98893875,True
WIN_a0bea5736bef290a,REG_3eb0b78c98893875,WIN_3eb0b78c98893875,True
WIN_208e97df85d121b2,REG_3eb0b78c98893875,WIN_3eb0b78c98893875,True
WIN_3eb0b78c98893875,REG_3eb0b78c98893875,WIN_3eb0b78c98893875,True
WIN_1ba33962c97bd64b,REG_3eb0b78c98893875,WIN_3eb0b78c98893875,True
WIN_89e0972c6d225b9e,REG_3eb0b78c98893875,WIN_3eb0b78c98893875,True
WIN_69864a13cf255cdc,REG_3eb0b78c98893875,WIN_3eb0b78c98893875,True
WIN_551c13ad527fcc51,REG_67fa0be739b39abe,WIN_67fa0be739b39abe,True
WIN_c1a367ba81c422e7,REG_67fa0be739b39abe,WIN_67fa0be739b39abe,True
WIN_23c48af3ccc5e674,REG_67fa0be739b39abe,WIN_67fa0be739b39abe,True
WIN_67fa0be739b39abe,REG_67fa0be739b39abe,WIN_67fa0be739b39abe,True
WIN_20242859229c7974,REG_67fa0be739b39abe,WIN_67fa0be739b39abe,True
WIN_fe76426c8d647f6a,REG_67fa0be739b39abe,WIN_67fa0be739b39abe,True
WIN_2116f9562458840c,REG_67fa0be739b39abe,WIN_67fa0be739b39abe,True
WIN_b243439c7c6ee599,REG_d915eca97c146b75,WIN_d915eca97c146b75,True
WIN_df8de45f1c79b740,REG_d915eca97c146b75,WIN_d915eca97c146b75,True
WIN_e9e3c0dc58e58f44,REG_d915eca97c146b75,WIN_d915eca97c146b75,True
WIN_d915eca97c146b75,REG_d915eca97c146b75,WIN_d915eca97c146b75,True
WIN_139cadfd28312cf0,REG_d915eca97c146b75,WIN_d915eca97c146b75,True
WIN_68481cec27539f1e,REG_d915eca97c146b75,WIN_d915eca97c146b75,True
WIN_f6d67c042f8c2553,REG_d915eca97c146b75,WIN_d915eca97c146b75,True
WIN_2edcaf397bc51a8a,REG_5b17a1cb03216547,WIN_5b17a1cb03216547,True
WIN_f77d489bcd21de1f,REG_5b17a1cb03216547,WIN_5b17a1cb03216547,True
WIN_9c150734cda48ec6,REG_5b17a1cb03216547,WIN_5b17a1cb03216547,True
WIN_5b17a1cb03216547,REG_5b17a1cb03216547,WIN_5b17a1cb03216547,True
WIN_68057c09c5253198,REG_5b17a1cb03216547,WIN_5b17a1cb03216547,True
WIN_306f1910d4ec5b68,REG_5b17a1cb03216547,WIN_5b17a1cb03216547,True
WIN_baa045e9d4e001ea,REG_5b17a1cb03216547,WIN_5b17a1cb03216547,True
WIN_0998d367e8354a1f,REG_4c034e7afe70f7c2,WIN_4c034e7afe70f7c2,True
WIN_dbcbde1f8ae17de6,REG_4c034e7afe70f7c2,WIN_4c034e7afe70f7c2,True
WIN_1a5d20b80af56919,REG_4c034e7afe70f7c2,WIN_4c034e7afe70f7c2,True
WIN_4c034e7afe70f7c2,REG_4c034e7afe70f7c2,WIN_4c034e7afe70f7c2,True
WIN_62ce9dd1ec36c488,REG_483b43ca73aebf00,WIN_483b43ca73aebf00,True
WIN_64865e64ed1620d2,REG_483b43ca73aebf00,WIN_483b43ca73aebf00,True
WIN_f3caf3cc941c59ed,REG_483b43ca73aebf00,WIN_483b43ca73aebf00,True
WIN_483b43ca73aebf00,REG_483b43ca73aebf00,WIN_483b43ca73aebf00,True
WIN_98c2bd17421f8257,REG_483b43ca73aebf00,WIN_483b43ca73aebf00,True
WIN_22e05ba1669709c9,REG_483b43ca73aebf00,WIN_483b43ca73aebf00,True
WIN_0c50cf9cf2158eb6,REG_483b43ca73aebf00,WIN_483b43ca73aebf00,True
WIN_c02575fca3ceff52,REG_c02575fca3ceff52,WIN_c02575fca3ceff52,True
WIN_c88ea0ecc57c4dbf,REG_c02575fca3ceff52,WIN_c02575fca3ceff52,True
WIN_0d1368fce34db1e9,REG_3c78b06cb258ffde,WIN_3c78b06cb258ffde,True
WIN_1fae208b48d0cab9,REG_3c78b06cb258ffde,WIN_3c78b06cb258ffde,True
WIN_e1a4f485c6fd14cb,REG_3c78b06cb258ffde,WIN_3c78b06cb258ffde,True
WIN_3c78b06cb258ffde,REG_3c78b06cb258ffde,WIN_3c78b06cb258ffde,True
WIN_b0bad5bf01313455,REG_3c78b06cb258ffde,WIN_3c78b06cb258ffde,True
WIN_683461d611bfe0ba,REG_3c78b06cb258ffde,WIN_3c78b06cb258ffde,True
WIN_9ee595c840de8ab6,REG_3c78b06cb258ffde,WIN_3c78b06cb258ffde,True
WIN_97d51e4207ecb625,REG_da874374283c442a,WIN_da874374283c442a,True
WIN_a55ff04e709e764f,REG_da874374283c442a,WIN_da874374283c442a,True
WIN_542d70da7e8c05b9,REG_da874374283c442a,WIN_da874374283c442a,True
WIN_da874374283c442a,REG_da874374283c442a,WIN_da874374283c442a,True
WIN_d7dfe8793ff23de1,REG_da874374283c442a,WIN_da874374283c442a,True
WIN_cbeebdecb920b1fa,REG_da874374283c442a,WIN_da874374283c442a,True
WIN_fc13127eba5661dd,REG_fc13127eba5661dd,WIN_fc13127eba5661dd,True
WIN_b2dd7fbc85ed61fa,REG_31cd74f24d775cd9,WIN_31cd74f24d775cd9,True
WIN_35542f419e01babd,REG_31cd74f24d775cd9,WIN_31cd74f24d775cd9,True
WIN_8fc1939ae81aa90f,REG_31cd74f24d775cd9,WIN_31cd74f24d775cd9,True
WIN_31cd74f24d775cd9,REG_31cd74f24d775cd9,WIN_31cd74f24d775cd9,True
WIN_7ca82545bf59c90c,REG_7ca82545bf59c90c,WIN_7ca82545bf59c90c,True
WIN_ec99d3cdff4a37cd,REG_7ca82545bf59c90c,WIN_7ca82545bf59c90c,True
WIN_d74c3985bd13888f,REG_7ca82545bf59c90c,WIN_7ca82545bf59c90c,True
WIN_db037a188c2f826f,REG_7ca82545bf59c90c,WIN_7ca82545bf59c90c,True
WIN_1c227859718d5a51,REG_b0038967512013f2,WIN_b0038967512013f2,True
WIN_b0038967512013f2,REG_b0038967512013f2,WIN_b0038967512013f2,True
WIN_73b6f8295395f8ce,REG_73b6f8295395f8ce,WIN_73b6f8295395f8ce,True
WIN_398aee7de8eeaef2,REG_398aee7de8eeaef2,WIN_398aee7de8eeaef2,True
WIN_4acc8a1e9317bd7f,REG_4acc8a1e9317bd7f,WIN_4acc8a1e9317bd7f,True
WIN_1ca0b312ccc67fdc,REG_4acc8a1e9317bd7f,WIN_4acc8a1e9317bd7f,True
WIN_d0cbce810fef5504,REG_5dff19f8102f9ddd,WIN_5dff19f8102f9ddd,True
WIN_dd9324e5633ad995,REG_5dff19f8102f9ddd,WIN_5dff19f8102f9ddd,True
WIN_d36a0b3a356a5522,REG_5dff19f8102f9ddd,WIN_5dff19f8102f9ddd,True
WIN_5dff19f8102f9ddd,REG_5dff19f8102f9ddd,WIN_5dff19f8102f9ddd,True
WIN_6fe5bef3b4d4b44c,REG_5dff19f8102f9ddd,WIN_5dff19f8102f9ddd,True
WIN_c84c15cf43323dc3,REG_c84c15cf43323dc3,WIN_c84c15cf43323dc3,True
WIN_e0b557768ae34543,REG_c84c15cf43323dc3,WIN_c84c15cf43323dc3,True
WIN_ba69287a3c9837c9,REG_c84c15cf43323dc3,WIN_c84c15cf43323dc3,True
WIN_a5e8da87bc5eb0fc,REG_c84c15cf43323dc3,WIN_c84c15cf43323dc3,True
WIN_6d69ee7f5db9695f,REG_67d2f4203e6a3af4,WIN_67d2f4203e6a3af4,True
WIN_67d2f4203e6a3af4,REG_67d2f4203e6a3af4,WIN_67d2f4203e6a3af4,True
WIN_214620b808a4a019,REG_67d2f4203e6a3af4,WIN_67d2f4203e6a3af4,True
WIN_4a12915ca67e721d,REG_67d2f4203e6a3af4,WIN_67d2f4203e6a3af4,True
WIN_e2689c3cdb9be394,REG_67d2f4203e6a3af4,WIN_67d2f4203e6a3af4,True
WIN_b0154107b7f9d4f3,REG_b0154107b7f9d4f3,WIN_b0154107b7f9d4f3,True
WIN_a9c6d9774d9ddd5c,REG_b0154107b7f9d4f3,WIN_b0154107b7f9d4f3,True
WIN_dc0cbc365a230410,REG_b0154107b7f9d4f3,WIN_b0154107b7f9d4f3,True
WIN_2660649a5a80e60e,REG_b0154107b7f9d4f3,WIN_b0154107b7f9d4f3,True
WIN_b5cd11aded7b299f,REG_265fe41c5d25e60a,WIN_265fe41c5d25e60a,True
WIN_265fe41c5d25e60a,REG_265fe41c5d25e60a,WIN_265fe41c5d25e60a,True
WIN_9e932b4360e6dc1a,REG_5a829b1db96a521b,WIN_5a829b1db96a521b,True
WIN_4c815d759ecb4f0c,REG_5a829b1db96a521b,WIN_5a829b1db96a521b,True
WIN_f5391a914080f00e,REG_5a829b1db96a521b,WIN_5a829b1db96a521b,True
WIN_5a829b1db96a521b,REG_5a829b1db96a521b,WIN_5a829b1db96a521b,True
WIN_11073b8d9b34ab13,REG_618fb7ad944c81d4,WIN_618fb7ad944c81d4,True
WIN_c5a24daab124d1b5,REG_618fb7ad944c81d4,WIN_618fb7ad944c81d4,True
WIN_ae24bf387a858f68,REG_618fb7ad944c81d4,WIN_618fb7ad944c81d4,True
WIN_618fb7ad944c81d4,REG_618fb7ad944c81d4,WIN_618fb7ad944c81d4,True
WIN_8bb8244ba88451ba,REG_8834c6a769c9a6ab,WIN_8834c6a769c9a6ab,True
WIN_c74e48c0bf0a365f,REG_8834c6a769c9a6ab,WIN_8834c6a769c9a6ab,True
WIN_c00f583724768b38,REG_8834c6a769c9a6ab,WIN_8834c6a769c9a6ab,True
WIN_8834c6a769c9a6ab,REG_8834c6a769c9a6ab,WIN_8834c6a769c9a6ab,True
WIN_0aa3e807d65e65d9,REG_aa12e0a0e4556178,WIN_aa12e0a0e4556178,True
WIN_1a4d69408c6263e0,REG_aa12e0a0e4556178,WIN_aa12e0a0e4556178,True
WIN_aa12e0a0e4556178,REG_aa12e0a0e4556178,WIN_aa12e0a0e4556178,True
WIN_9b130ffa82ce549e,REG_aa12e0a0e4556178,WIN_aa12e0a0e4556178,True
WIN_32708f677fdeabf6,REG_aa12e0a0e4556178,WIN_aa12e0a0e4556178,True
WIN_3dd618b614e0414b,REG_aa12e0a0e4556178,WIN_aa12e0a0e4556178,True
WIN_8143c300b68aba1a,REG_d3d260866124298c,WIN_d3d260866124298c,True
WIN_ff2399d103ae15c8,REG_d3d260866124298c,WIN_d3d260866124298c,True
WIN_d3d260866124298c,REG_d3d260866124298c,WIN_d3d260866124298c,True
WIN_14cb3a139eccd092,REG_14cb3a139eccd092,WIN_14cb3a139eccd092,True
WIN_f260b8621507f6f7,REG_14cb3a139eccd092,WIN_14cb3a139eccd092,True
WIN_bdb2445fb2c78df2,REG_14cb3a139eccd092,WIN_14cb3a139eccd092,True
WIN_f62066ef83e72eb2,REG_14cb3a139eccd092,WIN_14cb3a139eccd092,True
WIN_a0001db908ef2149,REG_a0001db908ef2149,WIN_a0001db908ef2149,True
WIN_5ae6c13d094e51f3,REG_5ae6c13d094e51f3,WIN_5ae6c13d094e51f3,True
WIN_a481d1bf84cb98bb,REG_5ae6c13d094e51f3,WIN_5ae6c13d094e51f3,True
WIN_e09ea069bf3edfac,REG_5ae6c13d094e51f3,WIN_5ae6c13d094e51f3,True
WIN_e1ad66c0ba2c9a81,REG_5ae6c13d094e51f3,WIN_5ae6c13d094e51f3,True
WIN_c71aa1c92f910440,REG_d86180102a3b5a13,WIN_d86180102a3b5a13,True
WIN_2248c561a2364a38,REG_d86180102a3b5a13,WIN_d86180102a3b5a13,True
WIN_b6ae4e076792ae93,REG_d86180102a3b5a13,WIN_d86180102a3b5a13,True
WIN_d86180102a3b5a13,REG_d86180102a3b5a13,WIN_d86180102a3b5a13,True
WIN_94091a7b201b8c37,REG_d86180102a3b5a13,WIN_d86180102a3b5a13,True
WIN_1e9230da00dfaa9f,REG_d86180102a3b5a13,WIN_d86180102a3b5a13,True
WIN_6c34532ef6975980,REG_08d98d1d4966e7b4,WIN_08d98d1d4966e7b4,True
WIN_08d98d1d4966e7b4,REG_08d98d1d4966e7b4,WIN_08d98d1d4966e7b4,True
WIN_cb88a9e582b05121,REG_08b8be7d04d1c8ae,WIN_08b8be7d04d1c8ae,True
WIN_725ee03085b4af1e,REG_08b8be7d04d1c8ae,WIN_08b8be7d04d1c8ae,True
WIN_00dc2223d94df240,REG_08b8be7d04d1c8ae,WIN_08b8be7d04d1c8ae,True
WIN_08b8be7d04d1c8ae,REG_08b8be7d04d1c8ae,WIN_08b8be7d04d1c8ae,True
WIN_da6248b698996529,REG_08b8be7d04d1c8ae,WIN_08b8be7d04d1c8ae,True
WIN_f8520bfe01f7e9d7,REG_3d496d0bce174924,WIN_3d496d0bce174924,True
WIN_6081c2a9c75b5436,REG_3d496d0bce174924,WIN_3d496d0bce174924,True
WIN_3d496d0bce174924,REG_3d496d0bce174924,WIN_3d496d0bce174924,True
WIN_08ea40022889b17e,REG_3d496d0bce174924,WIN_3d496d0bce174924,True
WIN_fda0116a57f0799e,REG_d33cf0e3095a1132,WIN_d33cf0e3095a1132,True
WIN_090153510463ccbd,REG_d33cf0e3095a1132,WIN_d33cf0e3095a1132,True
WIN_43289d332425f1a2,REG_d33cf0e3095a1132,WIN_d33cf0e3095a1132,True
WIN_d33cf0e3095a1132,REG_d33cf0e3095a1132,WIN_d33cf0e3095a1132,True
WIN_21a1df7f20cbb4c3,REG_d33cf0e3095a1132,WIN_d33cf0e3095a1132,True
WIN_05fb4bc9b89b041e,REG_d33cf0e3095a1132,WIN_d33cf0e3095a1132,True
WIN_1ec44993534a65dd,REG_d33cf0e3095a1132,WIN_d33cf0e3095a1132,True
WIN_604e9fb4eec94500,REG_7b5b7022f8f609bb,WIN_7b5b7022f8f609bb,True
WIN_0d1786b29d133ce9,REG_7b5b7022f8f609bb,WIN_7b5b7022f8f609bb,True
WIN_ab03d0640fa9aed5,REG_7b5b7022f8f609bb,WIN_7b5b7022f8f609bb,True
WIN_7b5b7022f8f609bb,REG_7b5b7022f8f609bb,WIN_7b5b7022f8f609bb,True
WIN_bc9f1d25759a121c,REG_7b5b7022f8f609bb,WIN_7b5b7022f8f609bb,True
WIN_78f1bb069368b780,REG_7b5b7022f8f609bb,WIN_7b5b7022f8f609bb,True
WIN_a05f4549cbaf4a16,REG_7b5b7022f8f609bb,WIN_7b5b7022f8f609bb,True
WIN_709b82537d249ff3,REG_b219e913dbfd59dc,WIN_b219e913dbfd59dc,True
WIN_8b760415da047ace,REG_b219e913dbfd59dc,WIN_b219e913dbfd59dc,True
WIN_2f4f20291dffc0d1,REG_b219e913dbfd59dc,WIN_b219e913dbfd59dc,True
WIN_b219e913dbfd59dc,REG_b219e913dbfd59dc,WIN_b219e913dbfd59dc,True
WIN_c3643b14d12fc726,REG_2011ffe707eee3b3,WIN_2011ffe707eee3b3,True
WIN_2011ffe707eee3b3,REG_2011ffe707eee3b3,WIN_2011ffe707eee3b3,True
WIN_79997e46bff55490,REG_2011ffe707eee3b3,WIN_2011ffe707eee3b3,True
WIN_90d9a3e6d0066e63,REG_2011ffe707eee3b3,WIN_2011ffe707eee3b3,True
WIN_e9300696b8fc4722,REG_2011ffe707eee3b3,WIN_2011ffe707eee3b3,True
WIN_dd931e9538b324ad,REG_6313afd0712a4a57,WIN_6313afd0712a4a57,True
WIN_45d88628925388f2,REG_6313afd0712a4a57,WIN_6313afd0712a4a57,True
WIN_f3af8d752b488f38,REG_6313afd0712a4a57,WIN_6313afd0712a4a57,True
WIN_6313afd0712a4a57,REG_6313afd0712a4a57,WIN_6313afd0712a4a57,True
WIN_07fad6c353c2f7a6,REG_6313afd0712a4a57,WIN_6313afd0712a4a57,True
WIN_89fc2248bf034652,REG_6313afd0712a4a57,WIN_6313afd0712a4a57,True
WIN_363612998dd18b47,REG_6313afd0712a4a57,WIN_6313afd0712a4a57,True
WIN_3816bce986702f94,REG_3816bce986702f94,WIN_3816bce986702f94,True
WIN_d3642ece3c349bd4,REG_3816bce986702f94,WIN_3816bce986702f94,True
WIN_06bc1a1a7153edcd,REG_3816bce986702f94,WIN_3816bce986702f94,True
WIN_c92b92c935f69161,REG_3816bce986702f94,WIN_3816bce986702f94,True
WIN_528d42626893825e,REG_762c617a7add4888,WIN_762c617a7add4888,True
WIN_6d2bbe10174d12b3,REG_762c617a7add4888,WIN_762c617a7add4888,True
WIN_86e5b23a927bbcf0,REG_762c617a7add4888,WIN_762c617a7add4888,True
WIN_762c617a7add4888,REG_762c617a7add4888,WIN_762c617a7add4888,True
WIN_abd09aa3480b5567,REG_762c617a7add4888,WIN_762c617a7add4888,True
WIN_8ddb04ac74ca5a37,REG_762c617a7add4888,WIN_762c617a7add4888,True
WIN_495375bd7b87d3c0,REG_762c617a7add4888,WIN_762c617a7add4888,True
WIN_db7468b445ecdba0,REG_327840494867db10,WIN_327840494867db10,True
WIN_7b00909410f4d46c,REG_327840494867db10,WIN_327840494867db10,True
WIN_661df55c0695e326,REG_327840494867db10,WIN_327840494867db10,True
WIN_327840494867db10,REG_327840494867db10,WIN_327840494867db10,True
WIN_679d333acecdd16d,REG_27fb05c299f17e80,WIN_27fb05c299f17e80,True
WIN_13316860b9488c8b,REG_27fb05c299f17e80,WIN_27fb05c299f17e80,True
WIN_4b3542f16979533d,REG_27fb05c299f17e80,WIN_27fb05c299f17e80,True
WIN_27fb05c299f17e80,REG_27fb05c299f17e80,WIN_27fb05c299f17e80,True
WIN_c818abd027a11ca0,REG_27fb05c299f17e80,WIN_27fb05c299f17e80,True
WIN_d632d9811e40ba6a,REG_27fb05c299f17e80,WIN_27fb05c299f17e80,True
WIN_1cbb173794b5ff3c,REG_27fb05c299f17e80,WIN_27fb05c299f17e80,True
WIN_dd83aa274e4d7021,REG_bf53e22a65b9e842,WIN_bf53e22a65b9e842,True
WIN_bf53e22a65b9e842,REG_bf53e22a65b9e842,WIN_bf53e22a65b9e842,True
WIN_5c654684b432451e,REG_bf53e22a65b9e842,WIN_bf53e22a65b9e842,True
WIN_26d89d02c6984df2,REG_bf53e22a65b9e842,WIN_bf53e22a65b9e842,True
WIN_abf2f06647888d10,REG_bf53e22a65b9e842,WIN_bf53e22a65b9e842,True
WIN_675b79c3c3d8bad4,REG_90991a8ef4f9a5fd,WIN_90991a8ef4f9a5fd,True
WIN_64f4202a54fd60aa,REG_90991a8ef4f9a5fd,WIN_90991a8ef4f9a5fd,True
WIN_c9f92abe89ad963d,REG_90991a8ef4f9a5fd,WIN_90991a8ef4f9a5fd,True
WIN_90991a8ef4f9a5fd,REG_90991a8ef4f9a5fd,WIN_90991a8ef4f9a5fd,True
WIN_d661160231393964,REG_90991a8ef4f9a5fd,WIN_90991a8ef4f9a5fd,True
WIN_6bd8da24886392b9,REG_90991a8ef4f9a5fd,WIN_90991a8ef4f9a5fd,True
WIN_88f619bee17e1f1a,REG_90991a8ef4f9a5fd,WIN_90991a8ef4f9a5fd,True
WIN_7e05828ae9d1f7bd,REG_741f83fdf22f153c,WIN_741f83fdf22f153c,True
WIN_8eee1577f3ce96a5,REG_741f83fdf22f153c,WIN_741f83fdf22f153c,True
WIN_b67aeb375e9b6862,REG_741f83fdf22f153c,WIN_741f83fdf22f153c,True
WIN_741f83fdf22f153c,REG_741f83fdf22f153c,WIN_741f83fdf22f153c,True
WIN_16ac3aa81a52c699,REG_35fa0570a36466ce,WIN_35fa0570a36466ce,True
WIN_9f5c45c8f038b911,REG_35fa0570a36466ce,WIN_35fa0570a36466ce,True
WIN_35fa0570a36466ce,REG_35fa0570a36466ce,WIN_35fa0570a36466ce,True
WIN_70229b7407b8d713,REG_70229b7407b8d713,WIN_70229b7407b8d713,True
WIN_d4d040cbf41b2936,REG_70229b7407b8d713,WIN_70229b7407b8d713,True
WIN_3865785d4e788694,REG_70229b7407b8d713,WIN_70229b7407b8d713,True
WIN_31fbcff4801eaa64,REG_70229b7407b8d713,WIN_70229b7407b8d713,True
WIN_046517060d642464,REG_046517060d642464,WIN_046517060d642464,True
WIN_c649f6e80241eecc,REG_046517060d642464,WIN_046517060d642464,True
WIN_83178c47eb03f767,REG_046517060d642464,WIN_046517060d642464,True
WIN_3a3724b746ba7ff6,REG_046517060d642464,WIN_046517060d642464,True
WIN_aa454237592edaa9,REG_aa454237592edaa9,WIN_aa454237592edaa9,True
WIN_deddd577db1e2f0a,REG_3fdad3e0adeeba9c,WIN_3fdad3e0adeeba9c,True
WIN_37a5dc5d3c0bdab2,REG_3fdad3e0adeeba9c,WIN_3fdad3e0adeeba9c,True
WIN_132b3a051f524fce,REG_3fdad3e0adeeba9c,WIN_3fdad3e0adeeba9c,True
WIN_3fdad3e0adeeba9c,REG_3fdad3e0adeeba9c,WIN_3fdad3e0adeeba9c,True
WIN_24726aa325e98277,REG_3fdad3e0adeeba9c,WIN_3fdad3e0adeeba9c,True
WIN_101772ea1f5ac4b4,REG_3fdad3e0adeeba9c,WIN_3fdad3e0adeeba9c,True
WIN_e0672d07b1d66f92,REG_3fdad3e0adeeba9c,WIN_3fdad3e0adeeba9c,True
WIN_19f1609d4376f6f2,REG_19f1609d4376f6f2,WIN_19f1609d4376f6f2,True
WIN_3e766eeb7e5a49df,REG_19f1609d4376f6f2,WIN_19f1609d4376f6f2,True
WIN_6e32e7e7050dda64,REG_19f1609d4376f6f2,WIN_19f1609d4376f6f2,True
WIN_068e4612e0bb8ee4,REG_19f1609d4376f6f2,WIN_19f1609d4376f6f2,True
WIN_d987dbad6c24d3a8,REG_8e3c486793907a2e,WIN_8e3c486793907a2e,True
WIN_3d9f28d41d563522,REG_8e3c486793907a2e,WIN_8e3c486793907a2e,True
WIN_2f7582c190a7b26e,REG_8e3c486793907a2e,WIN_8e3c486793907a2e,True
WIN_8e3c486793907a2e,REG_8e3c486793907a2e,WIN_8e3c486793907a2e,True
WIN_6972017020a36789,REG_6972017020a36789,WIN_6972017020a36789,True
WIN_7b42298c8070410d,REG_4d8dffd581d75a62,WIN_4d8dffd581d75a62,True
WIN_1c203cd596ef9315,REG_4d8dffd581d75a62,WIN_4d8dffd581d75a62,True
WIN_5d71c3c42bc13e59,REG_4d8dffd581d75a62,WIN_4d8dffd581d75a62,True
WIN_4d8dffd581d75a62,REG_4d8dffd581d75a62,WIN_4d8dffd581d75a62,True
WIN_10a14adc7434aca8,REG_10a14adc7434aca8,WIN_10a14adc7434aca8,True
WIN_2f30f1b33c61769a,REG_10a14adc7434aca8,WIN_10a14adc7434aca8,True
WIN_f76886eeb2b83dba,REG_10a14adc7434aca8,WIN_10a14adc7434aca8,True
WIN_7266749fc1216a8c,REG_a1b7b4eae08f5372,WIN_a1b7b4eae08f5372,True
WIN_a1b7b4eae08f5372,REG_a1b7b4eae08f5372,WIN_a1b7b4eae08f5372,True
WIN_b52e53dea64d7b33,REG_a6e6741de68dcf36,WIN_a6e6741de68dcf36,True
WIN_55a0880f1e86fe4e,REG_a6e6741de68dcf36,WIN_a6e6741de68dcf36,True
WIN_b893636d44eec352,REG_a6e6741de68dcf36,WIN_a6e6741de68dcf36,True
WIN_a6e6741de68dcf36,REG_a6e6741de68dcf36,WIN_a6e6741de68dcf36,True
WIN_7510edb198d49fd8,REG_a6e6741de68dcf36,WIN_a6e6741de68dcf36,True
WIN_c9b752fe7b65cee8,REG_a6e6741de68dcf36,WIN_a6e6741de68dcf36,True
WIN_cc8cacf1b5f18f28,REG_a6e6741de68dcf36,WIN_a6e6741de68dcf36,True
WIN_ab962aca04bc9410,REG_ab962aca04bc9410,WIN_ab962aca04bc9410,True
WIN_e1dc2cd9d126ac37,REG_7340f67d697ec8cb,WIN_7340f67d697ec8cb,True
WIN_7340f67d697ec8cb,REG_7340f67d697ec8cb,WIN_7340f67d697ec8cb,True
WIN_670658a72d37d7b5,REG_670658a72d37d7b5,WIN_670658a72d37d7b5,True
WIN_3339ebfe325eb36b,REG_670658a72d37d7b5,WIN_670658a72d37d7b5,True
WIN_dcfa20dec0c95945,REG_4d5796ebec3ef3cd,WIN_4d5796ebec3ef3cd,True
WIN_4d5796ebec3ef3cd,REG_4d5796ebec3ef3cd,WIN_4d5796ebec3ef3cd,True
WIN_d64b5db50ce24c94,REG_4d5796ebec3ef3cd,WIN_4d5796ebec3ef3cd,True
WIN_dfe3fef460da736c,REG_4d5796ebec3ef3cd,WIN_4d5796ebec3ef3cd,True
WIN_05ba7b2a569a655f,REG_4d5796ebec3ef3cd,WIN_4d5796ebec3ef3cd,True
WIN_b6caaec03f167eb0,REG_b6caaec03f167eb0,WIN_b6caaec03f167eb0,True
WIN_35cc41fc4dd7607c,REG_b6caaec03f167eb0,WIN_b6caaec03f167eb0,True
WIN_36ba695d1a281131,REG_b6caaec03f167eb0,WIN_b6caaec03f167eb0,True
WIN_2e07e3882f88d4bd,REG_b6caaec03f167eb0,WIN_b6caaec03f167eb0,True
WIN_6dc958c2b726779e,REG_6dc958c2b726779e,WIN_6dc958c2b726779e,True
WIN_7b193034fea90456,REG_75280fc62fa7cf5e,WIN_75280fc62fa7cf5e,True
WIN_84550d5f2d858187,REG_75280fc62fa7cf5e,WIN_75280fc62fa7cf5e,True
WIN_75280fc62fa7cf5e,REG_75280fc62fa7cf5e,WIN_75280fc62fa7cf5e,True
WIN_156622ec85953419,REG_75280fc62fa7cf5e,WIN_75280fc62fa7cf5e,True
WIN_c15d2517882902f7,REG_75280fc62fa7cf5e,WIN_75280fc62fa7cf5e,True
WIN_b9cd6f37654a6751,REG_75280fc62fa7cf5e,WIN_75280fc62fa7cf5e,True
WIN_720c100d38e5f0c9,REG_f774723b84159daf,WIN_f774723b84159daf,True
WIN_75f7cd4d30d8b491,REG_f774723b84159daf,WIN_f774723b84159daf,True
WIN_7001191a6d4988cf,REG_f774723b84159daf,WIN_f774723b84159daf,True
WIN_f774723b84159daf,REG_f774723b84159daf,WIN_f774723b84159daf,True
WIN_1aec1c84e41c0769,REG_f774723b84159daf,WIN_f774723b84159daf,True
WIN_f7eec0415602326f,REG_f774723b84159daf,WIN_f774723b84159daf,True
WIN_b708eb6118c3172c,REG_f774723b84159daf,WIN_f774723b84159daf,True
WIN_d353a3b50a610a97,REG_90d936e62fd94e58,WIN_90d936e62fd94e58,True
WIN_732925560fbf2fd2,REG_90d936e62fd94e58,WIN_90d936e62fd94e58,True
WIN_c5d1535a0120b0bb,REG_90d936e62fd94e58,WIN_90d936e62fd94e58,True
WIN_90d936e62fd94e58,REG_90d936e62fd94e58,WIN_90d936e62fd94e58,True
WIN_ceb85db0ee01c541,REG_90fdb990d989ad2d,WIN_90fdb990d989ad2d,True
WIN_7bcb83cb65d1ed03,REG_90fdb990d989ad2d,WIN_90fdb990d989ad2d,True
WIN_d19c0c55675933a1,REG_90fdb990d989ad2d,WIN_90fdb990d989ad2d,True
WIN_90fdb990d989ad2d,REG_90fdb990d989ad2d,WIN_90fdb990d989ad2d,True
WIN_d94be1a4366265e0,REG_90fdb990d989ad2d,WIN_90fdb990d989ad2d,True
WIN_77bd827791993d8e,REG_90fdb990d989ad2d,WIN_90fdb990d989ad2d,True
WIN_d365719da45d923c,REG_82859afe9a554717,WIN_82859afe9a554717,True
WIN_be803515416da33a,REG_82859afe9a554717,WIN_82859afe9a554717,True
WIN_8b59c7871391e799,REG_82859afe9a554717,WIN_82859afe9a554717,True
WIN_82859afe9a554717,REG_82859afe9a554717,WIN_82859afe9a554717,True
WIN_49855f81bc389b4e,REG_82859afe9a554717,WIN_82859afe9a554717,True
WIN_e37f30b338b7dd71,REG_9b22ca6220205d6d,WIN_9b22ca6220205d6d,True
WIN_7038e58836018bc3,REG_9b22ca6220205d6d,WIN_9b22ca6220205d6d,True
WIN_9e78bef7063d937b,REG_9b22ca6220205d6d,WIN_9b22ca6220205d6d,True
WIN_9b22ca6220205d6d,REG_9b22ca6220205d6d,WIN_9b22ca6220205d6d,True
WIN_0a0e2da78e723fa9,REG_9b22ca6220205d6d,WIN_9b22ca6220205d6d,True
WIN_8b16e2129090cd8f,REG_9b22ca6220205d6d,WIN_9b22ca6220205d6d,True
WIN_16baccf50b43c0ba,REG_9b22ca6220205d6d,WIN_9b22ca6220205d6d,True
WIN_d2547bebebaea307,REG_d2547bebebaea307,WIN_d2547bebebaea307,True
WIN_7f1cd72f667b04a8,REG_a80b523047fe1065,WIN_a80b523047fe1065,True
WIN_9f605f78e9ebe894,REG_a80b523047fe1065,WIN_a80b523047fe1065,True
WIN_6c7447c12326bd6c,REG_a80b523047fe1065,WIN_a80b523047fe1065,True
WIN_a80b523047fe1065,REG_a80b523047fe1065,WIN_a80b523047fe1065,True
WIN_ecf7db9052bfa69a,REG_a80b523047fe1065,WIN_a80b523047fe1065,True
WIN_cd26d84669bfc235,REG_a80b523047fe1065,WIN_a80b523047fe1065,True
WIN_d11b91609bb4f673,REG_a80b523047fe1065,WIN_a80b523047fe1065,True
WIN_7ae70b4c0aff3ddf,REG_a81b727b55fca15b,WIN_a81b727b55fca15b,True
WIN_7ac8f09911707357,REG_a81b727b55fca15b,WIN_a81b727b55fca15b,True
WIN_89b2bf757d1f3809,REG_a81b727b55fca15b,WIN_a81b727b55fca15b,True
WIN_a81b727b55fca15b,REG_a81b727b55fca15b,WIN_a81b727b55fca15b,True
WIN_fe5afcc63008ca75,REG_a81b727b55fca15b,WIN_a81b727b55fca15b,True
WIN_d0c40cebfb0601c5,REG_a81b727b55fca15b,WIN_a81b727b55fca15b,True
WIN_3cd30f18c34d2a34,REG_a81b727b55fca15b,WIN_a81b727b55fca15b,True
WIN_2bad8172e4480439,REG_2bad8172e4480439,WIN_2bad8172e4480439,True
WIN_bc7d0a4fcfb9dec2,REG_2bad8172e4480439,WIN_2bad8172e4480439,True
WIN_3f1c62aaf7933c70,REG_2bad8172e4480439,WIN_2bad8172e4480439,True
WIN_6c7a7c02c81d5e0c,REG_2bad8172e4480439,WIN_2bad8172e4480439,True
WIN_f0a5edf3c784d2b7,REG_52a96ed1af1ac783,WIN_52a96ed1af1ac783,True
WIN_d62c7296b226d427,REG_52a96ed1af1ac783,WIN_52a96ed1af1ac783,True
WIN_b28e53236f961709,REG_52a96ed1af1ac783,WIN_52a96ed1af1ac783,True
WIN_52a96ed1af1ac783,REG_52a96ed1af1ac783,WIN_52a96ed1af1ac783,True
WIN_d0fd89c58edab835,REG_52a96ed1af1ac783,WIN_52a96ed1af1ac783,True
WIN_a0c44627cd1f5631,REG_a0c44627cd1f5631,WIN_a0c44627cd1f5631,True
WIN_274547c6a4fa0a63,REG_a0c44627cd1f5631,WIN_a0c44627cd1f5631,True
WIN_1e314707240e8a61,REG_a0c44627cd1f5631,WIN_a0c44627cd1f5631,True
WIN_b2c968aa1545aa33,REG_a0c44627cd1f5631,WIN_a0c44627cd1f5631,True
WIN_47c01b494eda3421,REG_ca77129bf5f44a99,WIN_ca77129bf5f44a99,True
WIN_ca77129bf5f44a99,REG_ca77129bf5f44a99,WIN_ca77129bf5f44a99,True
WIN_5b03de36e20b8377,REG_5b03de36e20b8377,WIN_5b03de36e20b8377,True
WIN_8cfa90ffc37916c3,REG_5b03de36e20b8377,WIN_5b03de36e20b8377,True
WIN_9cee68ee047a8c6c,REG_5b03de36e20b8377,WIN_5b03de36e20b8377,True
WIN_1926559a6d57a899,REG_5b03de36e20b8377,WIN_5b03de36e20b8377,True
WIN_22552dc7fe71849d,REG_dbeb004dbe07cd27,WIN_dbeb004dbe07cd27,True
WIN_4888024abb16f66d,REG_dbeb004dbe07cd27,WIN_dbeb004dbe07cd27,True
WIN_54b3dc2b7ce20d36,REG_dbeb004dbe07cd27,WIN_dbeb004dbe07cd27,True
WIN_dbeb004dbe07cd27,REG_dbeb004dbe07cd27,WIN_dbeb004dbe07cd27,True
WIN_69cafaada2f84fe4,REG_dbeb004dbe07cd27,WIN_dbeb004dbe07cd27,True
WIN_cb11cb5a50266669,REG_dbeb004dbe07cd27,WIN_dbeb004dbe07cd27,True
WIN_98edea91bdd70242,REG_dbeb004dbe07cd27,WIN_dbeb004dbe07cd27,True
WIN_db2f85a52a78f661,REG_f104da8178cf594d,WIN_f104da8178cf594d,True
WIN_77a888f4cf2390a7,REG_f104da8178cf594d,WIN_f104da8178cf594d,True
WIN_3fd9c15683a9a243,REG_f104da8178cf594d,WIN_f104da8178cf594d,True
WIN_f104da8178cf594d,REG_f104da8178cf594d,WIN_f104da8178cf594d,True
WIN_bd23520bc496ad4a,REG_f104da8178cf594d,WIN_f104da8178cf594d,True
WIN_863f0066af9e42b6,REG_f104da8178cf594d,WIN_f104da8178cf594d,True
WIN_85476ba3d0b598e9,REG_f104da8178cf594d,WIN_f104da8178cf594d,True
WIN_57f05fca06956400,REG_57f05fca06956400,WIN_57f05fca06956400,True
WIN_126956eb0e65ef0f,REG_4c82dc28efa061c7,WIN_4c82dc28efa061c7,True
WIN_56d0a2bd3554275d,REG_4c82dc28efa061c7,WIN_4c82dc28efa061c7,True
WIN_4c3e2db0f3e1ca73,REG_4c82dc28efa061c7,WIN_4c82dc28efa061c7,True
WIN_4c82dc28efa061c7,REG_4c82dc28efa061c7,WIN_4c82dc28efa061c7,True
WIN_f155197a703b893e,REG_f155197a703b893e,WIN_f155197a703b893e,True
WIN_d7949687764c1388,REG_6151e40bafacda80,WIN_6151e40bafacda80,True
WIN_6151e40bafacda80,REG_6151e40bafacda80,WIN_6151e40bafacda80,True
WIN_106ab32e46743b11,REG_106ab32e46743b11,WIN_106ab32e46743b11,True
WIN_cac30df11812a68d,REG_106ab32e46743b11,WIN_106ab32e46743b11,True
WIN_fd4b804d948436c8,REG_106ab32e46743b11,WIN_106ab32e46743b11,True
WIN_e100c4588ec233f2,REG_e100c4588ec233f2,WIN_e100c4588ec233f2,True
WIN_0db19710a692a63e,REG_e100c4588ec233f2,WIN_e100c4588ec233f2,True
WIN_eae9526ae27e1d3f,REG_eae9526ae27e1d3f,WIN_eae9526ae27e1d3f,True
WIN_1068117f5dbe1367,REG_9209257ce8f8d434,WIN_9209257ce8f8d434,True
WIN_1ae118a4cda024e8,REG_9209257ce8f8d434,WIN_9209257ce8f8d434,True
WIN_dc3c5ace48081023,REG_9209257ce8f8d434,WIN_9209257ce8f8d434,True
WIN_9209257ce8f8d434,REG_9209257ce8f8d434,WIN_9209257ce8f8d434,True
WIN_accb8cb6619e3783,REG_9209257ce8f8d434,WIN_9209257ce8f8d434,True
WIN_669389f5012a2fd9,REG_9209257ce8f8d434,WIN_9209257ce8f8d434,True
WIN_abc478e38ba73e1e,REG_9209257ce8f8d434,WIN_9209257ce8f8d434,True
WIN_a9b7f9820d242f87,REG_a9b7f9820d242f87,WIN_a9b7f9820d242f87,True
WIN_a3676d24907dda9e,REG_a9b7f9820d242f87,WIN_a9b7f9820d242f87,True
WIN_9b9f16464b1e5a3f,REG_a9b7f9820d242f87,WIN_a9b7f9820d242f87,True
WIN_52970676dc03c179,REG_a9b7f9820d242f87,WIN_a9b7f9820d242f87,True
WIN_580dc408c630d321,REG_580dc408c630d321,WIN_580dc408c630d321,True
WIN_ccf0f41fcb91ee9e,REG_0015106ad33abbd0,WIN_0015106ad33abbd0,True
WIN_8ce02051f0452f3b,REG_0015106ad33abbd0,WIN_0015106ad33abbd0,True
WIN_29c33e899148c67f,REG_0015106ad33abbd0,WIN_0015106ad33abbd0,True
WIN_0015106ad33abbd0,REG_0015106ad33abbd0,WIN_0015106ad33abbd0,True
WIN_ee87c36aae8ce030,REG_d0e25a49d46199e0,WIN_d0e25a49d46199e0,True
WIN_e2d3185ecc35dab9,REG_d0e25a49d46199e0,WIN_d0e25a49d46199e0,True
WIN_309854eaea2f1a81,REG_d0e25a49d46199e0,WIN_d0e25a49d46199e0,True
WIN_d0e25a49d46199e0,REG_d0e25a49d46199e0,WIN_d0e25a49d46199e0,True
WIN_63d47ec195ef619c,REG_d0e25a49d46199e0,WIN_d0e25a49d46199e0,True
WIN_9ddf9c602fb8ef96,REG_d0e25a49d46199e0,WIN_d0e25a49d46199e0,True
WIN_d82ae1794761e1bf,REG_d0e25a49d46199e0,WIN_d0e25a49d46199e0,True
WIN_f7d14a7576e3f230,REG_08af8496f4abe5d7,WIN_08af8496f4abe5d7,True
WIN_19a6d342288cb6da,REG_08af8496f4abe5d7,WIN_08af8496f4abe5d7,True
WIN_08af8496f4abe5d7,REG_08af8496f4abe5d7,WIN_08af8496f4abe5d7,True
WIN_d955dd5738405c3b,REG_07b3945006dabd3e,WIN_07b3945006dabd3e,True
WIN_72dc779867e4cc8f,REG_07b3945006dabd3e,WIN_07b3945006dabd3e,True
WIN_b0725dfab9f3907e,REG_07b3945006dabd3e,WIN_07b3945006dabd3e,True
WIN_07b3945006dabd3e,REG_07b3945006dabd3e,WIN_07b3945006dabd3e,True
WIN_0bf74e3a06b4940d,REG_07b3945006dabd3e,WIN_07b3945006dabd3e,True
WIN_56bbd7b814b81c15,REG_a865e514df1b6e43,WIN_a865e514df1b6e43,True
WIN_6ab2c4fa00193e76,REG_a865e514df1b6e43,WIN_a865e514df1b6e43,True
WIN_937719fba1a64329,REG_a865e514df1b6e43,WIN_a865e514df1b6e43,True
WIN_a865e514df1b6e43,REG_a865e514df1b6e43,WIN_a865e514df1b6e43,True
WIN_ebf1ac583a77f63e,REG_3f67342394f0d194,WIN_3f67342394f0d194,True
WIN_3f67342394f0d194,REG_3f67342394f0d194,WIN_3f67342394f0d194,True
WIN_c550b0b2472fe98a,REG_6bb6b79168e94d85,WIN_6bb6b79168e94d85,True
WIN_2d90eb0d3402d983,REG_6bb6b79168e94d85,WIN_6bb6b79168e94d85,True
WIN_d624f4c50d8763af,REG_6bb6b79168e94d85,WIN_6bb6b79168e94d85,True
WIN_6bb6b79168e94d85,REG_6bb6b79168e94d85,WIN_6bb6b79168e94d85,True
WIN_f1a7654ee6fec5e6,REG_6bb6b79168e94d85,WIN_6bb6b79168e94d85,True
WIN_c4e155ef11b4d733,REG_c9ff671be8c3972c,WIN_c9ff671be8c3972c,True
WIN_1ff4937f56ea68c3,REG_c9ff671be8c3972c,WIN_c9ff671be8c3972c,True
WIN_d83a42ca0754c2df,REG_c9ff671be8c3972c,WIN_c9ff671be8c3972c,True
WIN_c9ff671be8c3972c,REG_c9ff671be8c3972c,WIN_c9ff671be8c3972c,True
WIN_c7999471fae79bc0,REG_c9ff671be8c3972c,WIN_c9ff671be8c3972c,True
WIN_e38266e035ea3c80,REG_c9ff671be8c3972c,WIN_c9ff671be8c3972c,True
WIN_bfcf5bf269b7d2c5,REG_c9ff671be8c3972c,WIN_c9ff671be8c3972c,True
WIN_973e1659475b6ace,REG_37985c0473f566ac,WIN_37985c0473f566ac,True
WIN_37985c0473f566ac,REG_37985c0473f566ac,WIN_37985c0473f566ac,True
WIN_c228f620a4b86797,REG_37985c0473f566ac,WIN_37985c0473f566ac,True
WIN_030706a5a5cd214c,REG_37985c0473f566ac,WIN_37985c0473f566ac,True
WIN_3a731276c5308258,REG_37985c0473f566ac,WIN_37985c0473f566ac,True
WIN_ac2cec6f2abc8d8f,REG_ac2cec6f2abc8d8f,WIN_ac2cec6f2abc8d8f,True
WIN_426092f29e8f6127,REG_ac2cec6f2abc8d8f,WIN_ac2cec6f2abc8d8f,True
WIN_0601b0f495562569,REG_ac2cec6f2abc8d8f,WIN_ac2cec6f2abc8d8f,True
WIN_152fa76cf9ab3c17,REG_ac2cec6f2abc8d8f,WIN_ac2cec6f2abc8d8f,True
WIN_5645340572351fd0,REG_5645340572351fd0,WIN_5645340572351fd0,True
WIN_daa0ca1d6fe01a7e,REG_daa0ca1d6fe01a7e,WIN_daa0ca1d6fe01a7e,True
WIN_120f6bb6d8fd5dc8,REG_daa0ca1d6fe01a7e,WIN_daa0ca1d6fe01a7e,True
WIN_fc27192fe5d48146,REG_daa0ca1d6fe01a7e,WIN_daa0ca1d6fe01a7e,True
WIN_b4987719f58c708a,REG_daa0ca1d6fe01a7e,WIN_daa0ca1d6fe01a7e,True
WIN_97de72bd0fab71bc,REG_97de72bd0fab71bc,WIN_97de72bd0fab71bc,True
WIN_a7dfc8b5ff382900,REG_97de72bd0fab71bc,WIN_97de72bd0fab71bc,True
WIN_ca8fcc170c3bd205,REG_97de72bd0fab71bc,WIN_97de72bd0fab71bc,True
WIN_e5a3d40b31d6a521,REG_97de72bd0fab71bc,WIN_97de72bd0fab71bc,True
WIN_50a9b010f84ed49c,REG_50a9b010f84ed49c,WIN_50a9b010f84ed49c,True
WIN_df98bc522707fc1f,REG_50a9b010f84ed49c,WIN_50a9b010f84ed49c,True
WIN_1e15788fc220a87d,REG_1e15788fc220a87d,WIN_1e15788fc220a87d,True
WIN_e0814595e88dee50,REG_09e519bade2cf3df,WIN_09e519bade2cf3df,True
WIN_ad21127b692a4695,REG_09e519bade2cf3df,WIN_09e519bade2cf3df,True
WIN_09e519bade2cf3df,REG_09e519bade2cf3df,WIN_09e519bade2cf3df,True
WIN_c9b43fc0409602f5,REG_09e519bade2cf3df,WIN_09e519bade2cf3df,True
WIN_339992eb1f7f79c1,REG_09e519bade2cf3df,WIN_09e519bade2cf3df,True
WIN_5a5b87c25199b443,REG_09e519bade2cf3df,WIN_09e519bade2cf3df,True
WIN_99accb452cc81d6b,REG_6ce08324affde953,WIN_6ce08324affde953,True
WIN_6ce08324affde953,REG_6ce08324affde953,WIN_6ce08324affde953,True
WIN_0108e13f4481c350,REG_6ce08324affde953,WIN_6ce08324affde953,True
WIN_10d75a71791eaf85,REG_6ce08324affde953,WIN_6ce08324affde953,True
WIN_f377735202ba8bf6,REG_6ce08324affde953,WIN_6ce08324affde953,True
WIN_d47867e89960c864,REG_11502f10e07d7b9e,WIN_11502f10e07d7b9e,True
WIN_76d6f24b7f7d6858,REG_11502f10e07d7b9e,WIN_11502f10e07d7b9e,True
WIN_4f2af64a114ffe85,REG_11502f10e07d7b9e,WIN_11502f10e07d7b9e,True
WIN_11502f10e07d7b9e,REG_11502f10e07d7b9e,WIN_11502f10e07d7b9e,True
WIN_d75956d8ae32cf8a,REG_9a3edcddb6878e0f,WIN_9a3edcddb6878e0f,True
WIN_1108dc49cb55612b,REG_9a3edcddb6878e0f,WIN_9a3edcddb6878e0f,True
WIN_a97df81a22b77a2d,REG_9a3edcddb6878e0f,WIN_9a3edcddb6878e0f,True
WIN_9a3edcddb6878e0f,REG_9a3edcddb6878e0f,WIN_9a3edcddb6878e0f,True
WIN_a8e74416000f0836,REG_1e03be443febaf30,WIN_1e03be443febaf30,True
WIN_1e03be443febaf30,REG_1e03be443febaf30,WIN_1e03be443febaf30,True
WIN_88e49d03085c4446,REG_e5ee1333799573a2,WIN_e5ee1333799573a2,True
WIN_b01528bc2d486dab,REG_e5ee1333799573a2,WIN_e5ee1333799573a2,True
WIN_99a7c0ee080bfce5,REG_e5ee1333799573a2,WIN_e5ee1333799573a2,True
WIN_e5ee1333799573a2,REG_e5ee1333799573a2,WIN_e5ee1333799573a2,True
WIN_cbdc0df05564bcb4,REG_e5ee1333799573a2,WIN_e5ee1333799573a2,True
WIN_7a04827cd5c62689,REG_355c136d0593cfac,WIN_355c136d0593cfac,True
WIN_355c136d0593cfac,REG_355c136d0593cfac,WIN_355c136d0593cfac,True
WIN_4dfcccb98fda60d3,REG_355c136d0593cfac,WIN_355c136d0593cfac,True
WIN_0514b51634b648ac,REG_57fc860297b9ca3c,WIN_57fc860297b9ca3c,True
WIN_91a9d93b137be9ae,REG_57fc860297b9ca3c,WIN_57fc860297b9ca3c,True
WIN_57fc860297b9ca3c,REG_57fc860297b9ca3c,WIN_57fc860297b9ca3c,True
WIN_2dafb78f5d2c3c86,REG_57fc860297b9ca3c,WIN_57fc860297b9ca3c,True
WIN_5afc29f2410771b7,REG_57fc860297b9ca3c,WIN_57fc860297b9ca3c,True
WIN_83acc22659307a4c,REG_57fc860297b9ca3c,WIN_57fc860297b9ca3c,True
WIN_5184f327d12325c2,REG_5184f327d12325c2,WIN_5184f327d12325c2,True
WIN_e146ee0f748b2505,REG_5184f327d12325c2,WIN_5184f327d12325c2,True
WIN_848f152c33e7687d,REG_5184f327d12325c2,WIN_5184f327d12325c2,True
WIN_b26532a2cfb42655,REG_b26532a2cfb42655,WIN_b26532a2cfb42655,True
WIN_aefdf83a7d024acf,REG_b26532a2cfb42655,WIN_b26532a2cfb42655,True
WIN_9c91e88daf170f1f,REG_b26532a2cfb42655,WIN_b26532a2cfb42655,True
WIN_474f3a32b744a110,REG_b26532a2cfb42655,WIN_b26532a2cfb42655,True
WIN_5121ad441a87d362,REG_5121ad441a87d362,WIN_5121ad441a87d362,True
WIN_265cee92e63f23ae,REG_265cee92e63f23ae,WIN_265cee92e63f23ae,True
WIN_e28b63ed614a5490,REG_265cee92e63f23ae,WIN_265cee92e63f23ae,True
WIN_d2b0019cbbf896b9,REG_d2b0019cbbf896b9,WIN_d2b0019cbbf896b9,True
WIN_8c3769aa1738e939,REG_d2b0019cbbf896b9,WIN_d2b0019cbbf896b9,True
WIN_4d9fbc5564b607db,REG_d2b0019cbbf896b9,WIN_d2b0019cbbf896b9,True
WIN_47087b5812b2f2d3,REG_d2b0019cbbf896b9,WIN_d2b0019cbbf896b9,True
WIN_432919080ba088c6,REG_13c2d97a63e4306a,WIN_13c2d97a63e4306a,True
WIN_928ea99a527f3f2e,REG_13c2d97a63e4306a,WIN_13c2d97a63e4306a,True
WIN_2e972a6bb54eead5,REG_13c2d97a63e4306a,WIN_13c2d97a63e4306a,True
WIN_13c2d97a63e4306a,REG_13c2d97a63e4306a,WIN_13c2d97a63e4306a,True
WIN_84be5997fe9a33be,REG_13c2d97a63e4306a,WIN_13c2d97a63e4306a,True
WIN_d603f49e9854f5ad,REG_5f2885e96a227d38,WIN_5f2885e96a227d38,True
WIN_ab5801a3f24457fc,REG_5f2885e96a227d38,WIN_5f2885e96a227d38,True
WIN_68230210778a6834,REG_5f2885e96a227d38,WIN_5f2885e96a227d38,True
WIN_5f2885e96a227d38,REG_5f2885e96a227d38,WIN_5f2885e96a227d38,True
WIN_5595c782a593acc1,REG_5f2885e96a227d38,WIN_5f2885e96a227d38,True
WIN_7e9109bd3517bf18,REG_5f2885e96a227d38,WIN_5f2885e96a227d38,True
WIN_9e9ae060f43292d3,REG_5f2885e96a227d38,WIN_5f2885e96a227d38,True
WIN_f23a19829d3fc150,REG_f23a19829d3fc150,WIN_f23a19829d3fc150,True
WIN_67289a8fb4748ccb,REG_f23a19829d3fc150,WIN_f23a19829d3fc150,True
WIN_84e43be8a08ab49e,REG_f23a19829d3fc150,WIN_f23a19829d3fc150,True
WIN_a32bbe6224053f9c,REG_f23a19829d3fc150,WIN_f23a19829d3fc150,True
WIN_c25eb2ee6165c754,REG_d51a852b283e8f18,WIN_d51a852b283e8f18,True
WIN_18010660395497cc,REG_d51a852b283e8f18,WIN_d51a852b283e8f18,True
WIN_d51a852b283e8f18,REG_d51a852b283e8f18,WIN_d51a852b283e8f18,True
WIN_6215cfb077627153,REG_d51a852b283e8f18,WIN_d51a852b283e8f18,True
WIN_aecacfa8f0b0bfde,REG_aecacfa8f0b0bfde,WIN_aecacfa8f0b0bfde,True
WIN_165bf8630aee70ee,REG_aecacfa8f0b0bfde,WIN_aecacfa8f0b0bfde,True
WIN_ea45bd515bb63274,REG_aecacfa8f0b0bfde,WIN_aecacfa8f0b0bfde,True
WIN_3f5e01219fddb787,REG_aecacfa8f0b0bfde,WIN_aecacfa8f0b0bfde,True
WIN_29a08f731423b8b2,REG_29a08f731423b8b2,WIN_29a08f731423b8b2,True
WIN_f6b0462c3afb2200,REG_29a08f731423b8b2,WIN_29a08f731423b8b2,True
WIN_b32612335341e59c,REG_29a08f731423b8b2,WIN_29a08f731423b8b2,True
WIN_1d96a80328124b13,REG_29a08f731423b8b2,WIN_29a08f731423b8b2,True
WIN_6023a8a425b50b1a,REG_6023a8a425b50b1a,WIN_6023a8a425b50b1a,True
WIN_6da5382762500a53,REG_6023a8a425b50b1a,WIN_6023a8a425b50b1a,True
WIN_51f49eb1b52da196,REG_290b02099f79222d,WIN_290b02099f79222d,True
WIN_e32381e5ac1126ca,REG_290b02099f79222d,WIN_290b02099f79222d,True
WIN_f57a059b4a0aee32,REG_290b02099f79222d,WIN_290b02099f79222d,True
WIN_290b02099f79222d,REG_290b02099f79222d,WIN_290b02099f79222d,True
WIN_e0d1fb94e51050e1,REG_e0d1fb94e51050e1,WIN_e0d1fb94e51050e1,True
WIN_c0f93b824e067efa,REG_e0d1fb94e51050e1,WIN_e0d1fb94e51050e1,True
WIN_cafbe60e6409cd7a,REG_e0d1fb94e51050e1,WIN_e0d1fb94e51050e1,True
WIN_b1eddffa654e64e9,REG_e0d1fb94e51050e1,WIN_e0d1fb94e51050e1,True
WIN_1b313bc03d57d902,REG_c042791962f8d195,WIN_c042791962f8d195,True
WIN_deac9eae7c3e6fe1,REG_c042791962f8d195,WIN_c042791962f8d195,True
WIN_aac9cbb1b7f6c49b,REG_c042791962f8d195,WIN_c042791962f8d195,True
WIN_c042791962f8d195,REG_c042791962f8d195,WIN_c042791962f8d195,True
WIN_b31770212cf7d640,REG_b31770212cf7d640,WIN_b31770212cf7d640,True
WIN_7e34c96c0a69bc49,REG_395d9cfecfed2c7f,WIN_395d9cfecfed2c7f,True
WIN_01612ac81c8d3c27,REG_395d9cfecfed2c7f,WIN_395d9cfecfed2c7f,True
WIN_4ed4469eee8b0bf6,REG_395d9cfecfed2c7f,WIN_395d9cfecfed2c7f,True
WIN_395d9cfecfed2c7f,REG_395d9cfecfed2c7f,WIN_395d9cfecfed2c7f,True
WIN_2ca149d09793b3b7,REG_2ca149d09793b3b7,WIN_2ca149d09793b3b7,True
WIN_82a9a9ffe0c55ce5,REG_82a9a9ffe0c55ce5,WIN_82a9a9ffe0c55ce5,True
WIN_b6f6edba6f62f032,REG_d83480afe639f468,WIN_d83480afe639f468,True
WIN_f405641e0bfb41c2,REG_d83480afe639f468,WIN_d83480afe639f468,True
WIN_d83480afe639f468,REG_d83480afe639f468,WIN_d83480afe639f468,True
WIN_b61074c455189a0e,REG_b61074c455189a0e,WIN_b61074c455189a0e,True
WIN_9ce72b7b4845148a,REG_b61074c455189a0e,WIN_b61074c455189a0e,True
WIN_51db4fd52d9fdf1e,REG_b61074c455189a0e,WIN_b61074c455189a0e,True
WIN_3f8885f8e43fd2da,REG_b61074c455189a0e,WIN_b61074c455189a0e,True
WIN_6a1a9d298d56450a,REG_6a1a9d298d56450a,WIN_6a1a9d298d56450a,True
WIN_898c294c76fbd690,REG_898c294c76fbd690,WIN_898c294c76fbd690,True
WIN_7296df95045f0135,REG_4103827681fc01ba,WIN_4103827681fc01ba,True
WIN_3d32246d6d36f061,REG_4103827681fc01ba,WIN_4103827681fc01ba,True
WIN_a1dd0888bcf07b51,REG_4103827681fc01ba,WIN_4103827681fc01ba,True
WIN_4103827681fc01ba,REG_4103827681fc01ba,WIN_4103827681fc01ba,True
WIN_194af9becd8952f2,REG_4103827681fc01ba,WIN_4103827681fc01ba,True
WIN_c6bdaf4fd559d637,REG_4103827681fc01ba,WIN_4103827681fc01ba,True
WIN_d4a8d648db9b19e1,REG_4103827681fc01ba,WIN_4103827681fc01ba,True
WIN_01c7a4aa007ff62d,REG_01c7a4aa007ff62d,WIN_01c7a4aa007ff62d,True
WIN_c071c4a410baa346,REG_01c7a4aa007ff62d,WIN_01c7a4aa007ff62d,True
WIN_96723548f91ca7e0,REG_01c7a4aa007ff62d,WIN_01c7a4aa007ff62d,True
WIN_d9b86bc44c373246,REG_01c7a4aa007ff62d,WIN_01c7a4aa007ff62d,True
WIN_863d5c8dbd2f0c19,REG_6387182e9ea42b00,WIN_6387182e9ea42b00,True
WIN_d3ad022cce3a3bda,REG_6387182e9ea42b00,WIN_6387182e9ea42b00,True
WIN_391980e8616176dd,REG_6387182e9ea42b00,WIN_6387182e9ea42b00,True
WIN_6387182e9ea42b00,REG_6387182e9ea42b00,WIN_6387182e9ea42b00,True
WIN_e32b4adc03c8f580,REG_6387182e9ea42b00,WIN_6387182e9ea42b00,True
WIN_eb4c6cd7ece062a9,REG_6387182e9ea42b00,WIN_6387182e9ea42b00,True
WIN_899f4e85db35bf7a,REG_6387182e9ea42b00,WIN_6387182e9ea42b00,True
WIN_94adea02c3fdbdce,REG_c80aff93d9b5c6aa,WIN_c80aff93d9b5c6aa,True
WIN_c82acb37a991b215,REG_c80aff93d9b5c6aa,WIN_c80aff93d9b5c6aa,True
WIN_c80aff93d9b5c6aa,REG_c80aff93d9b5c6aa,WIN_c80aff93d9b5c6aa,True
WIN_c4550fa89e0d9cac,REG_c80aff93d9b5c6aa,WIN_c80aff93d9b5c6aa,True
WIN_c91c2f8e7df024f4,REG_c80aff93d9b5c6aa,WIN_c80aff93d9b5c6aa,True
WIN_af460bcdc83f3496,REG_c80aff93d9b5c6aa,WIN_c80aff93d9b5c6aa,True
WIN_d838c093631b867d,REG_d838c093631b867d,WIN_d838c093631b867d,True
WIN_32412e36895ccaae,REG_900cda0630e810d0,WIN_900cda0630e810d0,True
WIN_900cda0630e810d0,REG_900cda0630e810d0,WIN_900cda0630e810d0,True
WIN_af421dbb5ea86363,REG_6624b09ed558e270,WIN_6624b09ed558e270,True
WIN_3a8eb889bcb62a2c,REG_6624b09ed558e270,WIN_6624b09ed558e270,True
WIN_6624b09ed558e270,REG_6624b09ed558e270,WIN_6624b09ed558e270,True
WIN_151aa8553d92b2ae,REG_6624b09ed558e270,WIN_6624b09ed558e270,True
WIN_e40fb6ec93295149,REG_e40fb6ec93295149,WIN_e40fb6ec93295149,True
WIN_ed4e5daf6178919e,REG_e40fb6ec93295149,WIN_e40fb6ec93295149,True
WIN_9aaa816ab79242ea,REG_df1c95c545e4b2fc,WIN_df1c95c545e4b2fc,True
WIN_01cc63e958350405,REG_df1c95c545e4b2fc,WIN_df1c95c545e4b2fc,True
WIN_386f26ad0111dd1e,REG_df1c95c545e4b2fc,WIN_df1c95c545e4b2fc,True
WIN_df1c95c545e4b2fc,REG_df1c95c545e4b2fc,WIN_df1c95c545e4b2fc,True
WIN_9e4a45bb5cb8d4a7,REG_df1c95c545e4b2fc,WIN_df1c95c545e4b2fc,True
WIN_832dbc77fdd61b11,REG_df1c95c545e4b2fc,WIN_df1c95c545e4b2fc,True
WIN_45f285152c3fe57c,REG_df1c95c545e4b2fc,WIN_df1c95c545e4b2fc,True
WIN_97493004a1ecfb87,REG_c9cfb08881d82f8a,WIN_c9cfb08881d82f8a,True
WIN_c9cfb08881d82f8a,REG_c9cfb08881d82f8a,WIN_c9cfb08881d82f8a,True
WIN_3a52c9aedd67b893,REG_c9cfb08881d82f8a,WIN_c9cfb08881d82f8a,True
WIN_b927bc40a7baa6c6,REG_c9cfb08881d82f8a,WIN_c9cfb08881d82f8a,True
WIN_645a4817c9c2cbc5,REG_645a4817c9c2cbc5,WIN_645a4817c9c2cbc5,True
WIN_7cc98faef6e0c6d6,REG_645a4817c9c2cbc5,WIN_645a4817c9c2cbc5,True
WIN_f2867aeacdd11c32,REG_645a4817c9c2cbc5,WIN_645a4817c9c2cbc5,True
WIN_4c7164231014445b,REG_645a4817c9c2cbc5,WIN_645a4817c9c2cbc5,True
WIN_7c4e42c0c0486e4d,REG_00f363f6a9a8989b,WIN_00f363f6a9a8989b,True
WIN_00f363f6a9a8989b,REG_00f363f6a9a8989b,WIN_00f363f6a9a8989b,True
WIN_7372a338249e608e,REG_00f363f6a9a8989b,WIN_00f363f6a9a8989b,True
WIN_04a2aff3c9fa4349,REG_04a2aff3c9fa4349,WIN_04a2aff3c9fa4349,True
WIN_bbaa13bb64ee7af7,REG_bbaa13bb64ee7af7,WIN_bbaa13bb64ee7af7,True
WIN_c49b70a57f9cb45f,REG_bbaa13bb64ee7af7,WIN_bbaa13bb64ee7af7,True
WIN_8d5c6b08d59d63f0,REG_bbaa13bb64ee7af7,WIN_bbaa13bb64ee7af7,True
WIN_288aa95b26d03c26,REG_bbaa13bb64ee7af7,WIN_bbaa13bb64ee7af7,True
WIN_4765b033ee517550,REG_21fa82d5e8709a53,WIN_21fa82d5e8709a53,True
WIN_ee8d7b8c0f22d329,REG_21fa82d5e8709a53,WIN_21fa82d5e8709a53,True
WIN_6e33589eff07bd95,REG_21fa82d5e8709a53,WIN_21fa82d5e8709a53,True
WIN_21fa82d5e8709a53,REG_21fa82d5e8709a53,WIN_21fa82d5e8709a53,True
WIN_86a2d41dc474d447,REG_21fa82d5e8709a53,WIN_21fa82d5e8709a53,True
WIN_75f51f6924c05f91,REG_21fa82d5e8709a53,WIN_21fa82d5e8709a53,True
WIN_eb80a5f9e47862a6,REG_eb80a5f9e47862a6,WIN_eb80a5f9e47862a6,True
WIN_2bd7b5c27acd9f90,REG_eb80a5f9e47862a6,WIN_eb80a5f9e47862a6,True
WIN_a050e833b6b0fb66,REG_eb80a5f9e47862a6,WIN_eb80a5f9e47862a6,True
WIN_1836cd78d623ac5a,REG_eb80a5f9e47862a6,WIN_eb80a5f9e47862a6,True
WIN_ac1ffd3f89ad25fa,REG_ac1ffd3f89ad25fa,WIN_ac1ffd3f89ad25fa,True
WIN_38a25ece3e383a94,REG_ac1ffd3f89ad25fa,WIN_ac1ffd3f89ad25fa,True
WIN_41c845e20ed9d1d4,REG_ac1ffd3f89ad25fa,WIN_ac1ffd3f89ad25fa,True
WIN_df7efb31f12cf2f7,REG_ac1ffd3f89ad25fa,WIN_ac1ffd3f89ad25fa,True
WIN_b2aa02f94a9d2b8c,REG_b2aa02f94a9d2b8c,WIN_b2aa02f94a9d2b8c,True
WIN_163ed297e4f9dd2a,REG_b2aa02f94a9d2b8c,WIN_b2aa02f94a9d2b8c,True
WIN_42303dadc3c108b5,REG_d3a831778a2ac570,WIN_d3a831778a2ac570,True
WIN_75e928973435d9e8,REG_d3a831778a2ac570,WIN_d3a831778a2ac570,True
WIN_92df802e752315e9,REG_d3a831778a2ac570,WIN_d3a831778a2ac570,True
WIN_d3a831778a2ac570,REG_d3a831778a2ac570,WIN_d3a831778a2ac570,True
WIN_06a650cfb395f883,REG_95878e9f1df0aa56,WIN_95878e9f1df0aa56,True
WIN_05a1c3fd6e08d771,REG_95878e9f1df0aa56,WIN_95878e9f1df0aa56,True
WIN_95878e9f1df0aa56,REG_95878e9f1df0aa56,WIN_95878e9f1df0aa56,True
WIN_80e2a3895406fbdf,REG_80e2a3895406fbdf,WIN_80e2a3895406fbdf,True
WIN_20e72aed5f481ab3,REG_80e2a3895406fbdf,WIN_80e2a3895406fbdf,True
WIN_358095076fca1046,REG_80e2a3895406fbdf,WIN_80e2a3895406fbdf,True
WIN_9208eaa400938fdc,REG_80e2a3895406fbdf,WIN_80e2a3895406fbdf,True
WIN_db677ca7e1389a40,REG_a6c491d723ba765a,WIN_a6c491d723ba765a,True
WIN_d91ae616da56bb09,REG_a6c491d723ba765a,WIN_a6c491d723ba765a,True
WIN_0b0b0d03da9ffe49,REG_a6c491d723ba765a,WIN_a6c491d723ba765a,True
WIN_a6c491d723ba765a,REG_a6c491d723ba765a,WIN_a6c491d723ba765a,True
WIN_420f9f85c93e059e,REG_04eff638b763814f,WIN_04eff638b763814f,True
WIN_04eff638b763814f,REG_04eff638b763814f,WIN_04eff638b763814f,True
WIN_1b7fb766c9ad891c,REG_04eff638b763814f,WIN_04eff638b763814f,True
WIN_e0a052d5f1f04eb2,REG_04eff638b763814f,WIN_04eff638b763814f,True
WIN_21f95728b94bdf2a,REG_21f95728b94bdf2a,WIN_21f95728b94bdf2a,True
WIN_f9861f66a99cf030,REG_21f95728b94bdf2a,WIN_21f95728b94bdf2a,True
WIN_4f62c8324bac2206,REG_21f95728b94bdf2a,WIN_21f95728b94bdf2a,True
WIN_8290f1d9c0e34777,REG_21f95728b94bdf2a,WIN_21f95728b94bdf2a,True
WIN_1e7809ff0da114cc,REG_1e7809ff0da114cc,WIN_1e7809ff0da114cc,True
WIN_2c2cf3017a852c70,REG_7909fcf44e5bdcca,WIN_7909fcf44e5bdcca,True
WIN_7909fcf44e5bdcca,REG_7909fcf44e5bdcca,WIN_7909fcf44e5bdcca,True
WIN_57861113adeed40b,REG_7ec975b264096dba,WIN_7ec975b264096dba,True
WIN_2bec341269c19eb2,REG_7ec975b264096dba,WIN_7ec975b264096dba,True
WIN_7ec975b264096dba,REG_7ec975b264096dba,WIN_7ec975b264096dba,True
WIN_8f330131dc87c3b7,REG_82f03dde40730549,WIN_82f03dde40730549,True
WIN_82f03dde40730549,REG_82f03dde40730549,WIN_82f03dde40730549,True
WIN_49f52d843028538d,REG_0e4e84b33ebedf93,WIN_0e4e84b33ebedf93,True
WIN_9df535889ff03d0d,REG_0e4e84b33ebedf93,WIN_0e4e84b33ebedf93,True
WIN_09ca9bff8943811e,REG_0e4e84b33ebedf93,WIN_0e4e84b33ebedf93,True
WIN_0e4e84b33ebedf93,REG_0e4e84b33ebedf93,WIN_0e4e84b33ebedf93,True
WIN_bdef2dc490c85e62,REG_bddebae75ac50530,WIN_bddebae75ac50530,True
WIN_1750cc410fdb5df6,REG_bddebae75ac50530,WIN_bddebae75ac50530,True
WIN_59103f7fa528c010,REG_bddebae75ac50530,WIN_bddebae75ac50530,True
WIN_bddebae75ac50530,REG_bddebae75ac50530,WIN_bddebae75ac50530,True
WIN_92a001a3b2f5233d,REG_bddebae75ac50530,WIN_bddebae75ac50530,True
WIN_0697fef5ae413fce,REG_bddebae75ac50530,WIN_bddebae75ac50530,True
WIN_53e9074f3ce4f8b7,REG_0086bdab89bcd151,WIN_0086bdab89bcd151,True
WIN_f004fc78ec25f5cd,REG_0086bdab89bcd151,WIN_0086bdab89bcd151,True
WIN_7f89f9d0d8af78ca,REG_0086bdab89bcd151,WIN_0086bdab89bcd151,True
WIN_0086bdab89bcd151,REG_0086bdab89bcd151,WIN_0086bdab89bcd151,True
WIN_e1b705817d9314ae,REG_e1b705817d9314ae,WIN_e1b705817d9314ae,True
WIN_7f352e7f625a28e2,REG_e1b705817d9314ae,WIN_e1b705817d9314ae,True
WIN_acdc881825c66cf7,REG_e1b705817d9314ae,WIN_e1b705817d9314ae,True
WIN_0fd37a5b9eb2f7f4,REG_e1b705817d9314ae,WIN_e1b705817d9314ae,True
WIN_0d4c51caa0c671f6,REG_0d4c51caa0c671f6,WIN_0d4c51caa0c671f6,True
WIN_a63d6397df7670d8,REG_18cef6d4028af0b8,WIN_18cef6d4028af0b8,True
WIN_4bf42b77b0d2d06a,REG_18cef6d4028af0b8,WIN_18cef6d4028af0b8,True
WIN_18cef6d4028af0b8,REG_18cef6d4028af0b8,WIN_18cef6d4028af0b8,True
WIN_285b29665db0d108,REG_8aeb400603309ee8,WIN_8aeb400603309ee8,True
WIN_b15b60a76bd1e39c,REG_8aeb400603309ee8,WIN_8aeb400603309ee8,True
WIN_a6c815b6c5bb5b10,REG_8aeb400603309ee8,WIN_8aeb400603309ee8,True
WIN_8aeb400603309ee8,REG_8aeb400603309ee8,WIN_8aeb400603309ee8,True
WIN_f967c5365aedc48c,REG_8aeb400603309ee8,WIN_8aeb400603309ee8,True
WIN_79abf09b89961eae,REG_8aeb400603309ee8,WIN_8aeb400603309ee8,True
WIN_03559080c291a069,REG_8aeb400603309ee8,WIN_8aeb400603309ee8,True
WIN_ff28e8b8eaa67e19,REG_e05889aaf372493f,WIN_e05889aaf372493f,True
WIN_1a53dccc7506e1ff,REG_e05889aaf372493f,WIN_e05889aaf372493f,True
WIN_f068f46c624a8df4,REG_e05889aaf372493f,WIN_e05889aaf372493f,True
WIN_e05889aaf372493f,REG_e05889aaf372493f,WIN_e05889aaf372493f,True
WIN_e58a4f62b2655292,REG_e05889aaf372493f,WIN_e05889aaf372493f,True
WIN_95c0920d52afe952,REG_e05889aaf372493f,WIN_e05889aaf372493f,True
WIN_b4abac12e8ec673b,REG_0946d5c52aadc171,WIN_0946d5c52aadc171,True
WIN_0946d5c52aadc171,REG_0946d5c52aadc171,WIN_0946d5c52aadc171,True
WIN_e64efe7a5967158c,REG_0946d5c52aadc171,WIN_0946d5c52aadc171,True
WIN_30352bb5ca492387,REG_30352bb5ca492387,WIN_30352bb5ca492387,True
WIN_e57dd9a2ff6edd0f,REG_30352bb5ca492387,WIN_30352bb5ca492387,True
WIN_da46a069e8e238f1,REG_30352bb5ca492387,WIN_30352bb5ca492387,True
WIN_7bc53dd63cec67bd,REG_30352bb5ca492387,WIN_30352bb5ca492387,True
WIN_b9576e5890f9cf86,REG_279a41ae6d40f09d,WIN_279a41ae6d40f09d,True
WIN_279a41ae6d40f09d,REG_279a41ae6d40f09d,WIN_279a41ae6d40f09d,True
WIN_09dd93533ae63df9,REG_09dd93533ae63df9,WIN_09dd93533ae63df9,True
WIN_f5a3d8569a6fd93e,REG_f5a3d8569a6fd93e,WIN_f5a3d8569a6fd93e,True
WIN_2976c469f4ea675a,REG_0cbabe3de2a52a66,WIN_0cbabe3de2a52a66,True
WIN_37362e2862d16003,REG_0cbabe3de2a52a66,WIN_0cbabe3de2a52a66,True
WIN_0cbabe3de2a52a66,REG_0cbabe3de2a52a66,WIN_0cbabe3de2a52a66,True
WIN_44f6aaf5c292e79b,REG_bf05f2b7a68afce2,WIN_bf05f2b7a68afce2,True
WIN_79c8b9831751a878,REG_bf05f2b7a68afce2,WIN_bf05f2b7a68afce2,True
WIN_bf05f2b7a68afce2,REG_bf05f2b7a68afce2,WIN_bf05f2b7a68afce2,True
WIN_52ab7092c7225cef,REG_d645b50ffc88e768,WIN_d645b50ffc88e768,True
WIN_81941ec8a2b6dbba,REG_d645b50ffc88e768,WIN_d645b50ffc88e768,True
WIN_34880929463ea16b,REG_d645b50ffc88e768,WIN_d645b50ffc88e768,True
WIN_d645b50ffc88e768,REG_d645b50ffc88e768,WIN_d645b50ffc88e768,True
WIN_50de953f47815004,REG_d645b50ffc88e768,WIN_d645b50ffc88e768,True
WIN_a4a1d1c62d4988a1,REG_d645b50ffc88e768,WIN_d645b50ffc88e768,True
WIN_af91927d4dce0057,REG_d645b50ffc88e768,WIN_d645b50ffc88e768,True
WIN_09daa9f2d57b0d8a,REG_f21392332ea6ffd8,WIN_f21392332ea6ffd8,True
WIN_f21392332ea6ffd8,REG_f21392332ea6ffd8,WIN_f21392332ea6ffd8,True
WIN_b680948d9cfbc05a,REG_119a8db0224e612f,WIN_119a8db0224e612f,True
WIN_119a8db0224e612f,REG_119a8db0224e612f,WIN_119a8db0224e612f,True
WIN_5b4b62eb87ea9356,REG_5b4b62eb87ea9356,WIN_5b4b62eb87ea9356,True
WIN_67a6bc9f3cd8ce2f,REG_5b4b62eb87ea9356,WIN_5b4b62eb87ea9356,True
WIN_a82b9d4a281c3a15,REG_5b4b62eb87ea9356,WIN_5b4b62eb87ea9356,True
WIN_eda5be92163dfb1b,REG_eda5be92163dfb1b,WIN_eda5be92163dfb1b,True
WIN_beaaf444db370ac3,REG_29f47896b6a6a346,WIN_29f47896b6a6a346,True
WIN_29f47896b6a6a346,REG_29f47896b6a6a346,WIN_29f47896b6a6a346,True
WIN_dfcfe8f71fb4bf79,REG_dfcfe8f71fb4bf79,WIN_dfcfe8f71fb4bf79,True
WIN_72049d3ef663e4bf,REG_dfcfe8f71fb4bf79,WIN_dfcfe8f71fb4bf79,True
WIN_81dcb1082b7fc6b7,REG_dfcfe8f71fb4bf79,WIN_dfcfe8f71fb4bf79,True
WIN_8df41c8aa4470605,REG_dfcfe8f71fb4bf79,WIN_dfcfe8f71fb4bf79,True
WIN_543892f09ca7ee54,REG_117538fcb6e7a7a8,WIN_117538fcb6e7a7a8,True
WIN_f9b64ca8bec7984e,REG_117538fcb6e7a7a8,WIN_117538fcb6e7a7a8,True
WIN_117538fcb6e7a7a8,REG_117538fcb6e7a7a8,WIN_117538fcb6e7a7a8,True
WIN_d2d02f6d23f5edc1,REG_117538fcb6e7a7a8,WIN_117538fcb6e7a7a8,True
WIN_6744a3193a416a6a,REG_8dbb47635e8a2f2b,WIN_8dbb47635e8a2f2b,True
WIN_8dbb47635e8a2f2b,REG_8dbb47635e8a2f2b,WIN_8dbb47635e8a2f2b,True
WIN_4fbeed7cc655cafb,REG_4fbeed7cc655cafb,WIN_4fbeed7cc655cafb,True
WIN_70ac02b0be0008df,REG_4fbeed7cc655cafb,WIN_4fbeed7cc655cafb,True
WIN_e735ffcb936ab3e2,REG_4fbeed7cc655cafb,WIN_4fbeed7cc655cafb,True
WIN_d1b3536cb5b299d3,REG_4fbeed7cc655cafb,WIN_4fbeed7cc655cafb,True
WIN_7c4a17591096d50b,REG_7c4a17591096d50b,WIN_7c4a17591096d50b,True
WIN_1ed6e0ebdf508538,REG_7c4a17591096d50b,WIN_7c4a17591096d50b,True
WIN_f4d683a329818038,REG_7c4a17591096d50b,WIN_7c4a17591096d50b,True
WIN_3c50c17504b84eba,REG_7c4a17591096d50b,WIN_7c4a17591096d50b,True
WIN_d23ba3034b1e8e40,REG_d23ba3034b1e8e40,WIN_d23ba3034b1e8e40,True
WIN_55c7c8a1e74d8ad4,REG_55c7c8a1e74d8ad4,WIN_55c7c8a1e74d8ad4,True
WIN_a4407df876a45fce,REG_b2cb83f5215ef528,WIN_b2cb83f5215ef528,True
WIN_de51efe739cdb8f5,REG_b2cb83f5215ef528,WIN_b2cb83f5215ef528,True
WIN_509d147ebdb801e8,REG_b2cb83f5215ef528,WIN_b2cb83f5215ef528,True
WIN_b2cb83f5215ef528,REG_b2cb83f5215ef528,WIN_b2cb83f5215ef528,True
WIN_020ffa23567ed07c,REG_47b72ebd24398346,WIN_47b72ebd24398346,True
WIN_47b72ebd24398346,REG_47b72ebd24398346,WIN_47b72ebd24398346,True
WIN_a65a7dcd056de545,REG_47b72ebd24398346,WIN_47b72ebd24398346,True
WIN_5bfece011583e5c5,REG_47b72ebd24398346,WIN_47b72ebd24398346,True
WIN_868aebfaf8527180,REG_47b72ebd24398346,WIN_47b72ebd24398346,True
WIN_048531edb8a24d9d,REG_74579eacce62ff34,WIN_74579eacce62ff34,True
WIN_60e36f3ab04fd0ba,REG_74579eacce62ff34,WIN_74579eacce62ff34,True
WIN_70e9903a0f3084ae,REG_74579eacce62ff34,WIN_74579eacce62ff34,True
WIN_74579eacce62ff34,REG_74579eacce62ff34,WIN_74579eacce62ff34,True
WIN_c00e85e235b4d7b6,REG_485b53be9c22e54c,WIN_485b53be9c22e54c,True
WIN_485b53be9c22e54c,REG_485b53be9c22e54c,WIN_485b53be9c22e54c,True
WIN_f1496e35c1bf2289,REG_fb8ca1b0a2ee4cb5,WIN_fb8ca1b0a2ee4cb5,True
WIN_1f02935ec5e5e951,REG_fb8ca1b0a2ee4cb5,WIN_fb8ca1b0a2ee4cb5,True
WIN_0c57bf77cb330e06,REG_fb8ca1b0a2ee4cb5,WIN_fb8ca1b0a2ee4cb5,True
WIN_fb8ca1b0a2ee4cb5,REG_fb8ca1b0a2ee4cb5,WIN_fb8ca1b0a2ee4cb5,True
WIN_f8f7405bc72f7007,REG_fb8ca1b0a2ee4cb5,WIN_fb8ca1b0a2ee4cb5,True
WIN_67d7bad5a077edb7,REG_fb8ca1b0a2ee4cb5,WIN_fb8ca1b0a2ee4cb5,True
WIN_710e0b4469e77ad2,REG_fb8ca1b0a2ee4cb5,WIN_fb8ca1b0a2ee4cb5,True
WIN_b9484fa0ad4cc66e,REG_e4b830abbad6d680,WIN_e4b830abbad6d680,True
WIN_415a7811eaab0049,REG_e4b830abbad6d680,WIN_e4b830abbad6d680,True
WIN_b478dda984f6d010,REG_e4b830abbad6d680,WIN_e4b830abbad6d680,True
WIN_e4b830abbad6d680,REG_e4b830abbad6d680,WIN_e4b830abbad6d680,True
WIN_ebd78cda59646a85,REG_ebd78cda59646a85,WIN_ebd78cda59646a85,True
WIN_0c5220cf6604cce1,REG_ebd78cda59646a85,WIN_ebd78cda59646a85,True
WIN_078f490d93d8e29f,REG_ebd78cda59646a85,WIN_ebd78cda59646a85,True
WIN_bc716a5249462b22,REG_ebd78cda59646a85,WIN_ebd78cda59646a85,True
WIN_f96afcb87224b2d7,REG_45d51762df93c4de,WIN_45d51762df93c4de,True
WIN_1ba7279b6bc042b6,REG_45d51762df93c4de,WIN_45d51762df93c4de,True
WIN_6f8dec63a1616bb3,REG_45d51762df93c4de,WIN_45d51762df93c4de,True
WIN_45d51762df93c4de,REG_45d51762df93c4de,WIN_45d51762df93c4de,True
WIN_0ed9cdc8f2c1c57f,REG_0ed9cdc8f2c1c57f,WIN_0ed9cdc8f2c1c57f,True
WIN_36df11bc88cd40fa,REG_420204454f093a47,WIN_420204454f093a47,True
WIN_771067d8b27dcdb0,REG_420204454f093a47,WIN_420204454f093a47,True
WIN_4f759213b0f81f04,REG_420204454f093a47,WIN_420204454f093a47,True
WIN_420204454f093a47,REG_420204454f093a47,WIN_420204454f093a47,True
WIN_301f21a28d97640b,REG_420204454f093a47,WIN_420204454f093a47,True
WIN_a8d0ccbc92f9e265,REG_a8d0ccbc92f9e265,WIN_a8d0ccbc92f9e265,True
WIN_bf1230795e25304f,REG_a8d0ccbc92f9e265,WIN_a8d0ccbc92f9e265,True
WIN_7b447614b747fa17,REG_a8d0ccbc92f9e265,WIN_a8d0ccbc92f9e265,True
WIN_7726d191e8355249,REG_a8d0ccbc92f9e265,WIN_a8d0ccbc92f9e265,True
WIN_9e80feec6430dafc,REG_b4d47ca7dcdd92ad,WIN_b4d47ca7dcdd92ad,True
WIN_ede94a9ea7a8491b,REG_b4d47ca7dcdd92ad,WIN_b4d47ca7dcdd92ad,True
WIN_b4d47ca7dcdd92ad,REG_b4d47ca7dcdd92ad,WIN_b4d47ca7dcdd92ad,True
WIN_996e2bfd51a9c35e,REG_b4d47ca7dcdd92ad,WIN_b4d47ca7dcdd92ad,True
WIN_c5a33593b0a252f5,REG_b4d47ca7dcdd92ad,WIN_b4d47ca7dcdd92ad,True
WIN_eae38eeb32788911,REG_b4d47ca7dcdd92ad,WIN_b4d47ca7dcdd92ad,True
WIN_5bbcb04a306f7007,REG_09b4e359969bcfc0,WIN_09b4e359969bcfc0,True
WIN_590f11f571114bef,REG_09b4e359969bcfc0,WIN_09b4e359969bcfc0,True
WIN_3f19b4143c302cf0,REG_09b4e359969bcfc0,WIN_09b4e359969bcfc0,True
WIN_09b4e359969bcfc0,REG_09b4e359969bcfc0,WIN_09b4e359969bcfc0,True
WIN_068b26bd39b48e79,REG_9d1e77b09a912fac,WIN_9d1e77b09a912fac,True
WIN_9d1e77b09a912fac,REG_9d1e77b09a912fac,WIN_9d1e77b09a912fac,True
WIN_2958f8ce01b1cadd,REG_6b09ee8f99cff9ae,WIN_6b09ee8f99cff9ae,True
WIN_8391603dd16feebd,REG_6b09ee8f99cff9ae,WIN_6b09ee8f99cff9ae,True
WIN_e877459590f683ca,REG_6b09ee8f99cff9ae,WIN_6b09ee8f99cff9ae,True
WIN_6b09ee8f99cff9ae,REG_6b09ee8f99cff9ae,WIN_6b09ee8f99cff9ae,True
WIN_7c41dfdee1e9d0e8,REG_6b09ee8f99cff9ae,WIN_6b09ee8f99cff9ae,True
WIN_e62f0a52ad1ae07c,REG_6b09ee8f99cff9ae,WIN_6b09ee8f99cff9ae,True
WIN_c7ccf7ab1579a4ed,REG_6b09ee8f99cff9ae,WIN_6b09ee8f99cff9ae,True
WIN_a0fd35ddd57309db,REG_a0fd35ddd57309db,WIN_a0fd35ddd57309db,True
WIN_0d85eb609970de1b,REG_a0fd35ddd57309db,WIN_a0fd35ddd57309db,True
WIN_82aee250beea5c75,REG_82aee250beea5c75,WIN_82aee250beea5c75,True
WIN_85e1903475c09fb7,REG_82aee250beea5c75,WIN_82aee250beea5c75,True
WIN_7ed6493b220dc498,REG_82aee250beea5c75,WIN_82aee250beea5c75,True
WIN_9f2a2320b55a836d,REG_9f2a2320b55a836d,WIN_9f2a2320b55a836d,True
WIN_f82df4b30f080869,REG_f82df4b30f080869,WIN_f82df4b30f080869,True
WIN_f18149b23e5ebde1,REG_b33b082236974845,WIN_b33b082236974845,True
WIN_f34234b919e85c8f,REG_b33b082236974845,WIN_b33b082236974845,True
WIN_ddea0c66550ff8a4,REG_b33b082236974845,WIN_b33b082236974845,True
WIN_b33b082236974845,REG_b33b082236974845,WIN_b33b082236974845,True
WIN_5ef26a9fea0c6471,REG_b33b082236974845,WIN_b33b082236974845,True
WIN_a9d62d85167f76b4,REG_b33b082236974845,WIN_b33b082236974845,True
WIN_ac6ffaaebb2544d6,REG_b33b082236974845,WIN_b33b082236974845,True
WIN_5dd13b1716e72e62,REG_efc67dbe0bbdfc4e,WIN_efc67dbe0bbdfc4e,True
WIN_9cdedfacd47f0b57,REG_efc67dbe0bbdfc4e,WIN_efc67dbe0bbdfc4e,True
WIN_e8b1393560060982,REG_efc67dbe0bbdfc4e,WIN_efc67dbe0bbdfc4e,True
WIN_efc67dbe0bbdfc4e,REG_efc67dbe0bbdfc4e,WIN_efc67dbe0bbdfc4e,True
WIN_8e5c090e1d8e4a85,REG_efc67dbe0bbdfc4e,WIN_efc67dbe0bbdfc4e,True
WIN_cc73dda520a873c9,REG_efc67dbe0bbdfc4e,WIN_efc67dbe0bbdfc4e,True
WIN_cbe2c90b3f9c5e37,REG_efc67dbe0bbdfc4e,WIN_efc67dbe0bbdfc4e,True
WIN_5a478a411bbd105e,REG_5a478a411bbd105e,WIN_5a478a411bbd105e,True
WIN_d44afd09a51e35f7,REG_5a478a411bbd105e,WIN_5a478a411bbd105e,True
WIN_6f7db65c64a405c2,REG_5a478a411bbd105e,WIN_5a478a411bbd105e,True
WIN_c5350af6674d8a79,REG_5a478a411bbd105e,WIN_5a478a411bbd105e,True
WIN_41944ec052ccb444,REG_a56f5a768cb39769,WIN_a56f5a768cb39769,True
WIN_57437176402e5e06,REG_a56f5a768cb39769,WIN_a56f5a768cb39769,True
WIN_28e468d4b0dabc96,REG_a56f5a768cb39769,WIN_a56f5a768cb39769,True
WIN_a56f5a768cb39769,REG_a56f5a768cb39769,WIN_a56f5a768cb39769,True
WIN_f1874ba4fd6d7b66,REG_f8fdaff97aa06b95,WIN_f8fdaff97aa06b95,True
WIN_72f62cf4a94ae566,REG_f8fdaff97aa06b95,WIN_f8fdaff97aa06b95,True
WIN_aa62540001b9a128,REG_f8fdaff97aa06b95,WIN_f8fdaff97aa06b95,True
WIN_f8fdaff97aa06b95,REG_f8fdaff97aa06b95,WIN_f8fdaff97aa06b95,True
WIN_3f00327579a1596b,REG_f8fdaff97aa06b95,WIN_f8fdaff97aa06b95,True
WIN_051df32489b2ae33,REG_f8fdaff97aa06b95,WIN_f8fdaff97aa06b95,True
WIN_f8310538752f8d1b,REG_f8fdaff97aa06b95,WIN_f8fdaff97aa06b95,True
WIN_2b1db7a7698e967c,REG_2b1db7a7698e967c,WIN_2b1db7a7698e967c,True
WIN_f65c6718e841ec07,REG_f65c6718e841ec07,WIN_f65c6718e841ec07,True
WIN_500fcee29a595287,REG_98eff2f7f60acabd,WIN_98eff2f7f60acabd,True
WIN_09a0079a4c012536,REG_98eff2f7f60acabd,WIN_98eff2f7f60acabd,True
WIN_bcacd2e68c56cf08,REG_98eff2f7f60acabd,WIN_98eff2f7f60acabd,True
WIN_98eff2f7f60acabd,REG_98eff2f7f60acabd,WIN_98eff2f7f60acabd,True
WIN_028bc20a0355e7b6,REG_028bc20a0355e7b6,WIN_028bc20a0355e7b6,True
WIN_ab9966400a741895,REG_3c2ddf5a4973cbaa,WIN_3c2ddf5a4973cbaa,True
WIN_4b5f4cf747eb9526,REG_3c2ddf5a4973cbaa,WIN_3c2ddf5a4973cbaa,True
WIN_2fe7f031e36b6f6c,REG_3c2ddf5a4973cbaa,WIN_3c2ddf5a4973cbaa,True
WIN_3c2ddf5a4973cbaa,REG_3c2ddf5a4973cbaa,WIN_3c2ddf5a4973cbaa,True
WIN_2a6f602ad43dead2,REG_dc5a0866a75881a0,WIN_dc5a0866a75881a0,True
WIN_dc5a0866a75881a0,REG_dc5a0866a75881a0,WIN_dc5a0866a75881a0,True
WIN_ff3ae1ed6ebc6858,REG_1ceb6a3831ceb863,WIN_1ceb6a3831ceb863,True
WIN_39664e2520e60115,REG_1ceb6a3831ceb863,WIN_1ceb6a3831ceb863,True
WIN_54da02b3421ac371,REG_1ceb6a3831ceb863,WIN_1ceb6a3831ceb863,True
WIN_1ceb6a3831ceb863,REG_1ceb6a3831ceb863,WIN_1ceb6a3831ceb863,True
WIN_9ea8d37dea0536ce,REG_1ceb6a3831ceb863,WIN_1ceb6a3831ceb863,True
WIN_f7792c4c01e0e31f,REG_1ceb6a3831ceb863,WIN_1ceb6a3831ceb863,True
WIN_95713201e06a520c,REG_1ceb6a3831ceb863,WIN_1ceb6a3831ceb863,True
WIN_43c4e1aae23b9283,REG_43c4e1aae23b9283,WIN_43c4e1aae23b9283,True
WIN_aaa0ac09c33f580c,REG_61d0baf14e20394b,WIN_61d0baf14e20394b,True
WIN_a89b672d30c14802,REG_61d0baf14e20394b,WIN_61d0baf14e20394b,True
WIN_61d0baf14e20394b,REG_61d0baf14e20394b,WIN_61d0baf14e20394b,True
WIN_a6ee51a43fe017a6,REG_a6ee51a43fe017a6,WIN_a6ee51a43fe017a6,True
WIN_2bece3c716a8a652,REG_a6ee51a43fe017a6,WIN_a6ee51a43fe017a6,True
WIN_478405b5b322eb72,REG_1e6b2e5fdc556497,WIN_1e6b2e5fdc556497,True
WIN_c70b8bf888c47db1,REG_1e6b2e5fdc556497,WIN_1e6b2e5fdc556497,True
WIN_1e6b2e5fdc556497,REG_1e6b2e5fdc556497,WIN_1e6b2e5fdc556497,True
WIN_df3d0b3578a03bbf,REG_1e6b2e5fdc556497,WIN_1e6b2e5fdc556497,True
WIN_b3bc6a96a6a8ae09,REG_1e6b2e5fdc556497,WIN_1e6b2e5fdc556497,True
WIN_044c0b1c2c8fab7f,REG_044c0b1c2c8fab7f,WIN_044c0b1c2c8fab7f,True
WIN_805519933aa71eae,REG_044c0b1c2c8fab7f,WIN_044c0b1c2c8fab7f,True
WIN_90360da8b29630fe,REG_044c0b1c2c8fab7f,WIN_044c0b1c2c8fab7f,True
WIN_1312fefebf4dbe7d,REG_1312fefebf4dbe7d,WIN_1312fefebf4dbe7d,True
WIN_f686edde0a254fc0,REG_4e46f1a82f9bd8c2,WIN_4e46f1a82f9bd8c2,True
WIN_c0b8a781dfe83c5d,REG_4e46f1a82f9bd8c2,WIN_4e46f1a82f9bd8c2,True
WIN_6708ea9d9208fc21,REG_4e46f1a82f9bd8c2,WIN_4e46f1a82f9bd8c2,True
WIN_4e46f1a82f9bd8c2,REG_4e46f1a82f9bd8c2,WIN_4e46f1a82f9bd8c2,True
WIN_1e1cd373f71c3bca,REG_1e1cd373f71c3bca,WIN_1e1cd373f71c3bca,True
WIN_57261dd359d2b9f0,REG_1e1cd373f71c3bca,WIN_1e1cd373f71c3bca,True
WIN_05144ec9ea15d2b8,REG_1e1cd373f71c3bca,WIN_1e1cd373f71c3bca,True
WIN_aa1b3579d930b46f,REG_1e1cd373f71c3bca,WIN_1e1cd373f71c3bca,True
WIN_1f7dec5a1201ea6a,REG_1f7dec5a1201ea6a,WIN_1f7dec5a1201ea6a,True
WIN_b29256d309228b2e,REG_35ffd99411115405,WIN_35ffd99411115405,True
WIN_dcb85edbbfd2b47d,REG_35ffd99411115405,WIN_35ffd99411115405,True
WIN_e0f6db1cf6b95b56,REG_35ffd99411115405,WIN_35ffd99411115405,True
WIN_35ffd99411115405,REG_35ffd99411115405,WIN_35ffd99411115405,True
WIN_3c79450e06fe5687,REG_35ffd99411115405,WIN_35ffd99411115405,True
WIN_0d1130cfdb218264,REG_3b1ea34abe6b3cf8,WIN_3b1ea34abe6b3cf8,True
WIN_6288af779cd3c233,REG_3b1ea34abe6b3cf8,WIN_3b1ea34abe6b3cf8,True
WIN_3b1ea34abe6b3cf8,REG_3b1ea34abe6b3cf8,WIN_3b1ea34abe6b3cf8,True
WIN_51d9d06e71ca258a,REG_e0c8bcd7d24788ea,WIN_e0c8bcd7d24788ea,True
WIN_46e9a24b4773e4cf,REG_e0c8bcd7d24788ea,WIN_e0c8bcd7d24788ea,True
WIN_ebde0d4dbdf2f54c,REG_e0c8bcd7d24788ea,WIN_e0c8bcd7d24788ea,True
WIN_e0c8bcd7d24788ea,REG_e0c8bcd7d24788ea,WIN_e0c8bcd7d24788ea,True
WIN_3061aaeda1d31c25,REG_e0c8bcd7d24788ea,WIN_e0c8bcd7d24788ea,True
WIN_c18d7ec30945dec9,REG_e0c8bcd7d24788ea,WIN_e0c8bcd7d24788ea,True
WIN_3668bb680681e3d7,REG_e0c8bcd7d24788ea,WIN_e0c8bcd7d24788ea,True
WIN_4bb483fe2cea20fa,REG_4bb483fe2cea20fa,WIN_4bb483fe2cea20fa,True
WIN_5f2003cbb4b576bc,REG_3be5a8baecdd9e7f,WIN_3be5a8baecdd9e7f,True
WIN_bd3b7361831f5e71,REG_3be5a8baecdd9e7f,WIN_3be5a8baecdd9e7f,True
WIN_3be5a8baecdd9e7f,REG_3be5a8baecdd9e7f,WIN_3be5a8baecdd9e7f,True
WIN_48f7b1ec17051df7,REG_48f7b1ec17051df7,WIN_48f7b1ec17051df7,True
WIN_07675a7589584fb4,REG_48f7b1ec17051df7,WIN_48f7b1ec17051df7,True
WIN_b855806a8925d77e,REG_f421c9bcdb4fbcf7,WIN_f421c9bcdb4fbcf7,True
WIN_66cf61672a4c26a9,REG_f421c9bcdb4fbcf7,WIN_f421c9bcdb4fbcf7,True
WIN_dfb40997023a637d,REG_f421c9bcdb4fbcf7,WIN_f421c9bcdb4fbcf7,True
WIN_f421c9bcdb4fbcf7,REG_f421c9bcdb4fbcf7,WIN_f421c9bcdb4fbcf7,True
WIN_501264b3f1ceac59,REG_501264b3f1ceac59,WIN_501264b3f1ceac59,True
WIN_84b7cffae679cfc3,REG_84b7cffae679cfc3,WIN_84b7cffae679cfc3,True
WIN_0537d791fe026c9f,REG_0537d791fe026c9f,WIN_0537d791fe026c9f,True
WIN_af10a543e5820d01,REG_0537d791fe026c9f,WIN_0537d791fe026c9f,True
WIN_836da3a4744d7526,REG_0537d791fe026c9f,WIN_0537d791fe026c9f,True
WIN_a62c9ed3a29ad5ff,REG_a62c9ed3a29ad5ff,WIN_a62c9ed3a29ad5ff,True
WIN_5e87683a9e5328e5,REG_a62c9ed3a29ad5ff,WIN_a62c9ed3a29ad5ff,True
WIN_bf6a4faddb7d68fa,REG_bf6a4faddb7d68fa,WIN_bf6a4faddb7d68fa,True
WIN_36ce7a0c343b32f0,REG_bf6a4faddb7d68fa,WIN_bf6a4faddb7d68fa,True
WIN_53b3e9aa058c441b,REG_53b3e9aa058c441b,WIN_53b3e9aa058c441b,True
WIN_939a7aeb5214172c,REG_939a7aeb5214172c,WIN_939a7aeb5214172c,True
WIN_0a5fbbb60645536a,REG_0a5fbbb60645536a,WIN_0a5fbbb60645536a,True
WIN_8aa15c7f9b57dbaf,REG_8aa15c7f9b57dbaf,WIN_8aa15c7f9b57dbaf,True
WIN_29f7db69f5e42618,REG_8aa15c7f9b57dbaf,WIN_8aa15c7f9b57dbaf,True
WIN_972a13dc15cd4391,REG_8aa15c7f9b57dbaf,WIN_8aa15c7f9b57dbaf,True
WIN_a8d67ee7268a663f,REG_a8d67ee7268a663f,WIN_a8d67ee7268a663f,True
WIN_d9db0728ae625790,REG_d9db0728ae625790,WIN_d9db0728ae625790,True
WIN_34d4c5d6182e68c8,REG_34d4c5d6182e68c8,WIN_34d4c5d6182e68c8,True
WIN_c35910f33ca843d6,REG_34d4c5d6182e68c8,WIN_34d4c5d6182e68c8,True
WIN_a7884b06f847517a,REG_34d4c5d6182e68c8,WIN_34d4c5d6182e68c8,True
WIN_a9e502452b5ba393,REG_f44d73f65efdd87d,WIN_f44d73f65efdd87d,True
WIN_cddd5337cc54b056,REG_f44d73f65efdd87d,WIN_f44d73f65efdd87d,True
WIN_aeea257b80a10f82,REG_f44d73f65efdd87d,WIN_f44d73f65efdd87d,True
WIN_f44d73f65efdd87d,REG_f44d73f65efdd87d,WIN_f44d73f65efdd87d,True
WIN_cffbf2715d5e4ef5,REG_4b3e2b9a992bdd12,WIN_4b3e2b9a992bdd12,True
WIN_4b3e2b9a992bdd12,REG_4b3e2b9a992bdd12,WIN_4b3e2b9a992bdd12,True
WIN_b532c4b93046d148,REG_4b3e2b9a992bdd12,WIN_4b3e2b9a992bdd12,True
WIN_265dc372d444c82a,REG_4b3e2b9a992bdd12,WIN_4b3e2b9a992bdd12,True
WIN_397c813e2e72bdd5,REG_4b3e2b9a992bdd12,WIN_4b3e2b9a992bdd12,True
WIN_8b1c2f747a04c815,REG_8b1c2f747a04c815,WIN_8b1c2f747a04c815,True
WIN_8be1c002575db699,REG_8be1c002575db699,WIN_8be1c002575db699,True
WIN_aefa05f00f61a693,REG_8be1c002575db699,WIN_8be1c002575db699,True
WIN_1539086e9ccc2375,REG_8be1c002575db699,WIN_8be1c002575db699,True
WIN_15a84f2943b4afca,REG_8be1c002575db699,WIN_8be1c002575db699,True
WIN_2973cc0303c6879a,REG_34da6f5701d6b528,WIN_34da6f5701d6b528,True
WIN_b99780a939c80cf6,REG_34da6f5701d6b528,WIN_34da6f5701d6b528,True
WIN_4a03638b5163863d,REG_34da6f5701d6b528,WIN_34da6f5701d6b528,True
WIN_34da6f5701d6b528,REG_34da6f5701d6b528,WIN_34da6f5701d6b528,True
WIN_a50a73e97005dc41,REG_34da6f5701d6b528,WIN_34da6f5701d6b528,True
WIN_7565c255e6775323,REG_34da6f5701d6b528,WIN_34da6f5701d6b528,True
WIN_0059c28d5a698315,REG_7804c625a5ffd184,WIN_7804c625a5ffd184,True
WIN_92709161df9a636f,REG_7804c625a5ffd184,WIN_7804c625a5ffd184,True
WIN_7804c625a5ffd184,REG_7804c625a5ffd184,WIN_7804c625a5ffd184,True
WIN_0cc5332aec8e77b6,REG_7804c625a5ffd184,WIN_7804c625a5ffd184,True
WIN_d9dcd5a73aedba94,REG_cf319b2e5d64b268,WIN_cf319b2e5d64b268,True
WIN_02e1bcd11fa9c9bc,REG_cf319b2e5d64b268,WIN_cf319b2e5d64b268,True
WIN_a869fae4d5bcc6e2,REG_cf319b2e5d64b268,WIN_cf319b2e5d64b268,True
WIN_cf319b2e5d64b268,REG_cf319b2e5d64b268,WIN_cf319b2e5d64b268,True
WIN_7c907b55edd5ce76,REG_7c907b55edd5ce76,WIN_7c907b55edd5ce76,True
WIN_49511e3ea7b15671,REG_2e846de1207ae475,WIN_2e846de1207ae475,True
WIN_e9265fa752a4bcdc,REG_2e846de1207ae475,WIN_2e846de1207ae475,True
WIN_79e27f1bae7ed2f5,REG_2e846de1207ae475,WIN_2e846de1207ae475,True
WIN_2e846de1207ae475,REG_2e846de1207ae475,WIN_2e846de1207ae475,True
WIN_fb37e435d382fb66,REG_2e846de1207ae475,WIN_2e846de1207ae475,True
WIN_cac4164e6a920508,REG_2e846de1207ae475,WIN_2e846de1207ae475,True
WIN_acc17214de1d86bb,REG_2e846de1207ae475,WIN_2e846de1207ae475,True
WIN_5eeeb6d25d732d2c,REG_be817fbc756e79cb,WIN_be817fbc756e79cb,True
WIN_c61327f5b1659042,REG_be817fbc756e79cb,WIN_be817fbc756e79cb,True
WIN_11c4bb549eb0e6fd,REG_be817fbc756e79cb,WIN_be817fbc756e79cb,True
WIN_be817fbc756e79cb,REG_be817fbc756e79cb,WIN_be817fbc756e79cb,True
WIN_2376209a847f19b8,REG_be817fbc756e79cb,WIN_be817fbc756e79cb,True
WIN_3aaa142630877d9b,REG_be817fbc756e79cb,WIN_be817fbc756e79cb,True
WIN_064288be90535ffd,REG_064288be90535ffd,WIN_064288be90535ffd,True
WIN_34a68a5a3253f6ea,REG_34a68a5a3253f6ea,WIN_34a68a5a3253f6ea,True
WIN_74e2026a4a7c0277,REG_d9a7053217eb73ec,WIN_d9a7053217eb73ec,True
WIN_03d97e25abb673c4,REG_d9a7053217eb73ec,WIN_d9a7053217eb73ec,True
WIN_7709faef881f36f6,REG_d9a7053217eb73ec,WIN_d9a7053217eb73ec,True
WIN_d9a7053217eb73ec,REG_d9a7053217eb73ec,WIN_d9a7053217eb73ec,True
WIN_ac6511e85e394dbe,REG_d9a7053217eb73ec,WIN_d9a7053217eb73ec,True
WIN_a40c598ace0ec58f,REG_a40c598ace0ec58f,WIN_a40c598ace0ec58f,True
WIN_072d63404adaa98e,REG_072d63404adaa98e,WIN_072d63404adaa98e,True
WIN_d0657e4bd5f9bc5f,REG_d0657e4bd5f9bc5f,WIN_d0657e4bd5f9bc5f,True
WIN_9d53f57ada48a577,REG_9d53f57ada48a577,WIN_9d53f57ada48a577,True
WIN_25f6b609c0c9bd88,REG_25f6b609c0c9bd88,WIN_25f6b609c0c9bd88,True
WIN_df144de99d6320c2,REG_25f6b609c0c9bd88,WIN_25f6b609c0c9bd88,True
WIN_a032ea2087f4af6c,REG_25f6b609c0c9bd88,WIN_25f6b609c0c9bd88,True
WIN_75ba6e025e2f85ac,REG_25f6b609c0c9bd88,WIN_25f6b609c0c9bd88,True
WIN_a98b36898a4dc811,REG_8dea6911a0c459ec,WIN_8dea6911a0c459ec,True
WIN_b025b9fc55e5933a,REG_8dea6911a0c459ec,WIN_8dea6911a0c459ec,True
WIN_21b0a525b78e95c9,REG_8dea6911a0c459ec,WIN_8dea6911a0c459ec,True
WIN_8dea6911a0c459ec,REG_8dea6911a0c459ec,WIN_8dea6911a0c459ec,True
WIN_c82d3ae45cda434b,REG_c82d3ae45cda434b,WIN_c82d3ae45cda434b,True
WIN_4ec63dceee69da82,REG_90c1de5d7a0cac72,WIN_90c1de5d7a0cac72,True
WIN_5797d6eabed90e06,REG_90c1de5d7a0cac72,WIN_90c1de5d7a0cac72,True
WIN_5cf709b63a904052,REG_90c1de5d7a0cac72,WIN_90c1de5d7a0cac72,True
WIN_90c1de5d7a0cac72,REG_90c1de5d7a0cac72,WIN_90c1de5d7a0cac72,True
WIN_65ca4b970c9b9e35,REG_65ca4b970c9b9e35,WIN_65ca4b970c9b9e35,True
WIN_5d74f6e90e9325d7,REG_65ca4b970c9b9e35,WIN_65ca4b970c9b9e35,True
WIN_ba3baaca1393fe62,REG_ba3baaca1393fe62,WIN_ba3baaca1393fe62,True
WIN_c76cc4c5de813361,REG_ba3baaca1393fe62,WIN_ba3baaca1393fe62,True
WIN_d868507fd01ae701,REG_ba3baaca1393fe62,WIN_ba3baaca1393fe62,True
WIN_fdd32c0769cd7915,REG_ba3baaca1393fe62,WIN_ba3baaca1393fe62,True
WIN_ec3e4f0950a054a6,REG_5253c5415028a020,WIN_5253c5415028a020,True
WIN_f0edd608088ebeba,REG_5253c5415028a020,WIN_5253c5415028a020,True
WIN_c9081f7220ecd31d,REG_5253c5415028a020,WIN_5253c5415028a020,True
WIN_5253c5415028a020,REG_5253c5415028a020,WIN_5253c5415028a020,True
WIN_62bc8d53b1346af0,REG_62bc8d53b1346af0,WIN_62bc8d53b1346af0,True
WIN_056ed9c9e99b78e1,REG_056ed9c9e99b78e1,WIN_056ed9c9e99b78e1,True
WIN_7e6f510d1d3c4648,REG_a922a3ee10f30074,WIN_a922a3ee10f30074,True
WIN_fe262f93094dda25,REG_a922a3ee10f30074,WIN_a922a3ee10f30074,True
WIN_3b706593b2d67e92,REG_a922a3ee10f30074,WIN_a922a3ee10f30074,True
WIN_a922a3ee10f30074,REG_a922a3ee10f30074,WIN_a922a3ee10f30074,True
WIN_b49433ca462d1f23,REG_b49433ca462d1f23,WIN_b49433ca462d1f23,True
WIN_dbad261382e540a6,REG_4052c3431603483d,WIN_4052c3431603483d,True
WIN_19e74c9b3890b367,REG_4052c3431603483d,WIN_4052c3431603483d,True
WIN_4052c3431603483d,REG_4052c3431603483d,WIN_4052c3431603483d,True
WIN_4174a6e19fefc217,REG_4052c3431603483d,WIN_4052c3431603483d,True
WIN_b7fe395739c1ec48,REG_4052c3431603483d,WIN_4052c3431603483d,True
WIN_281e71909137db60,REG_4052c3431603483d,WIN_4052c3431603483d,True
WIN_c2496819a0504e46,REG_c2496819a0504e46,WIN_c2496819a0504e46,True
WIN_7a4df4f33c4511a5,REG_c2496819a0504e46,WIN_c2496819a0504e46,True
WIN_68b2a68ac9b2b1f9,REG_c2496819a0504e46,WIN_c2496819a0504e46,True
WIN_9460f2811f2abe6a,REG_c2496819a0504e46,WIN_c2496819a0504e46,True
WIN_12b349d6af42de21,REG_f239591aa105764b,WIN_f239591aa105764b,True
WIN_eb28905580938806,REG_f239591aa105764b,WIN_f239591aa105764b,True
WIN_ca6eed6cc45674d5,REG_f239591aa105764b,WIN_f239591aa105764b,True
WIN_f239591aa105764b,REG_f239591aa105764b,WIN_f239591aa105764b,True
WIN_b0ae3f1cc46fe2c8,REG_f239591aa105764b,WIN_f239591aa105764b,True
WIN_4fb3f95a393f5895,REG_f239591aa105764b,WIN_f239591aa105764b,True
WIN_cce17b1f56f3ba3c,REG_cce17b1f56f3ba3c,WIN_cce17b1f56f3ba3c,True
WIN_1403cc5922209fc4,REG_cce17b1f56f3ba3c,WIN_cce17b1f56f3ba3c,True
WIN_9c0c73add8490fae,REG_c332a4ecd0d0a168,WIN_c332a4ecd0d0a168,True
WIN_c332a4ecd0d0a168,REG_c332a4ecd0d0a168,WIN_c332a4ecd0d0a168,True
WIN_51ae28809d7e3af5,REG_51ae28809d7e3af5,WIN_51ae28809d7e3af5,True
WIN_5b9771766543311e,REG_5b9771766543311e,WIN_5b9771766543311e,True
WIN_4ed6545739586218,REG_5b9771766543311e,WIN_5b9771766543311e,True
WIN_bcd6daf2b4a8004a,REG_5b9771766543311e,WIN_5b9771766543311e,True
WIN_7e143d4774aa4d82,REG_5b9771766543311e,WIN_5b9771766543311e,True
WIN_12be3cf05b0c606f,REG_3bd4d89459e5a2b0,WIN_3bd4d89459e5a2b0,True
WIN_dffc212f079f4642,REG_3bd4d89459e5a2b0,WIN_3bd4d89459e5a2b0,True
WIN_3bd4d89459e5a2b0,REG_3bd4d89459e5a2b0,WIN_3bd4d89459e5a2b0,True
WIN_96ccfc0eda981eca,REG_96ccfc0eda981eca,WIN_96ccfc0eda981eca,True
WIN_6f21cd65bdcc3990,REG_96ccfc0eda981eca,WIN_96ccfc0eda981eca,True
WIN_0d73be2cfe915747,REG_96ccfc0eda981eca,WIN_96ccfc0eda981eca,True
WIN_04b27db254361976,REG_04b27db254361976,WIN_04b27db254361976,True
WIN_fd33d71ab0460b17,REG_fd33d71ab0460b17,WIN_fd33d71ab0460b17,True
WIN_0f2cfefd96d5aca0,REG_fd33d71ab0460b17,WIN_fd33d71ab0460b17,True
WIN_a7bd91373618bb51,REG_fd33d71ab0460b17,WIN_fd33d71ab0460b17,True
WIN_f27172b1851da2eb,REG_5c7b04a49a41d9f1,WIN_5c7b04a49a41d9f1,True
WIN_4543812e8c715de4,REG_5c7b04a49a41d9f1,WIN_5c7b04a49a41d9f1,True
WIN_5a3b7e571769b4ec,REG_5c7b04a49a41d9f1,WIN_5c7b04a49a41d9f1,True
WIN_5c7b04a49a41d9f1,REG_5c7b04a49a41d9f1,WIN_5c7b04a49a41d9f1,True
WIN_5ef286aeda24d255,REG_5c7b04a49a41d9f1,WIN_5c7b04a49a41d9f1,True
WIN_1bd12c1a36e40efb,REG_5c7b04a49a41d9f1,WIN_5c7b04a49a41d9f1,True
WIN_28b69fe5a18cc9f1,REG_5c7b04a49a41d9f1,WIN_5c7b04a49a41d9f1,True
WIN_ae9c9b8004a21b8a,REG_ae9c9b8004a21b8a,WIN_ae9c9b8004a21b8a,True
WIN_441b858790dea370,REG_56075bc43f74372f,WIN_56075bc43f74372f,True
WIN_56075bc43f74372f,REG_56075bc43f74372f,WIN_56075bc43f74372f,True
WIN_58d6faa76b48d3a9,REG_aed77f985b8d4ad3,WIN_aed77f985b8d4ad3,True
WIN_40f5b018f424e321,REG_aed77f985b8d4ad3,WIN_aed77f985b8d4ad3,True
WIN_c2007289b931c4fc,REG_aed77f985b8d4ad3,WIN_aed77f985b8d4ad3,True
WIN_aed77f985b8d4ad3,REG_aed77f985b8d4ad3,WIN_aed77f985b8d4ad3,True
WIN_90198debd5f209ff,REG_b43a7b483f8ebf3d,WIN_b43a7b483f8ebf3d,True
WIN_bdef9c4ff83e804d,REG_b43a7b483f8ebf3d,WIN_b43a7b483f8ebf3d,True
WIN_986b744b07cc214c,REG_b43a7b483f8ebf3d,WIN_b43a7b483f8ebf3d,True
WIN_b43a7b483f8ebf3d,REG_b43a7b483f8ebf3d,WIN_b43a7b483f8ebf3d,True
WIN_6e9a0e0b3523c0dd,REG_b43a7b483f8ebf3d,WIN_b43a7b483f8ebf3d,True
WIN_8e369911d0d1a6cc,REG_b43a7b483f8ebf3d,WIN_b43a7b483f8ebf3d,True
WIN_8fece8efdb7105c4,REG_8fece8efdb7105c4,WIN_8fece8efdb7105c4,True
WIN_eb8e3be39538f222,REG_8fece8efdb7105c4,WIN_8fece8efdb7105c4,True
WIN_e81c424429d89555,REG_8fece8efdb7105c4,WIN_8fece8efdb7105c4,True
WIN_a784a12836dc1dbb,REG_cffbe57356f3ab85,WIN_cffbe57356f3ab85,True
WIN_e6b237de1ca6da65,REG_cffbe57356f3ab85,WIN_cffbe57356f3ab85,True
WIN_7c8ba456ee1818c9,REG_cffbe57356f3ab85,WIN_cffbe57356f3ab85,True
WIN_cffbe57356f3ab85,REG_cffbe57356f3ab85,WIN_cffbe57356f3ab85,True
WIN_1fcf10f278fda488,REG_1aeefec86fbdc0f2,WIN_1aeefec86fbdc0f2,True
WIN_18f8abdadbe5b80e,REG_1aeefec86fbdc0f2,WIN_1aeefec86fbdc0f2,True
WIN_e0af3c69052ef7d2,REG_1aeefec86fbdc0f2,WIN_1aeefec86fbdc0f2,True
WIN_1aeefec86fbdc0f2,REG_1aeefec86fbdc0f2,WIN_1aeefec86fbdc0f2,True
WIN_bc812ebce804255f,REG_1aeefec86fbdc0f2,WIN_1aeefec86fbdc0f2,True
WIN_7745808989a8a65e,REG_1aeefec86fbdc0f2,WIN_1aeefec86fbdc0f2,True
WIN_e2d23984443087cd,REG_1aeefec86fbdc0f2,WIN_1aeefec86fbdc0f2,True
WIN_a33197b596caa7be,REG_a33197b596caa7be,WIN_a33197b596caa7be,True
WIN_80000bc9f5c771f0,REG_a33197b596caa7be,WIN_a33197b596caa7be,True
WIN_e32c10f75caaa785,REG_6f1848a97152a8f4,WIN_6f1848a97152a8f4,True
WIN_3b0822a0c5df89c6,REG_6f1848a97152a8f4,WIN_6f1848a97152a8f4,True
WIN_9f8f4fd5dcf47543,REG_6f1848a97152a8f4,WIN_6f1848a97152a8f4,True
WIN_6f1848a97152a8f4,REG_6f1848a97152a8f4,WIN_6f1848a97152a8f4,True
WIN_2970d255e8696f36,REG_7c08cc8c583d8010,WIN_7c08cc8c583d8010,True
WIN_c649407b8dc6da32,REG_7c08cc8c583d8010,WIN_7c08cc8c583d8010,True
WIN_ab468568f20ee195,REG_7c08cc8c583d8010,WIN_7c08cc8c583d8010,True
WIN_7c08cc8c583d8010,REG_7c08cc8c583d8010,WIN_7c08cc8c583d8010,True
WIN_f38259fa2ae1f64b,REG_7c08cc8c583d8010,WIN_7c08cc8c583d8010,True
WIN_efbf6102e2d6cdcb,REG_7c08cc8c583d8010,WIN_7c08cc8c583d8010,True
WIN_515276170158bd60,REG_7c08cc8c583d8010,WIN_7c08cc8c583d8010,True
WIN_ffc6aa1c1b3b1e60,REG_74a5a4c1e1fae2f6,WIN_74a5a4c1e1fae2f6,True
WIN_74a5a4c1e1fae2f6,REG_74a5a4c1e1fae2f6,WIN_74a5a4c1e1fae2f6,True
WIN_2aaa7b8cd90ef406,REG_2aaa7b8cd90ef406,WIN_2aaa7b8cd90ef406,True
WIN_d53d66509e501531,REG_da094cc4ab12ddc5,WIN_da094cc4ab12ddc5,True
WIN_da094cc4ab12ddc5,REG_da094cc4ab12ddc5,WIN_da094cc4ab12ddc5,True
WIN_f9a2f72ef88e4750,REG_f9a2f72ef88e4750,WIN_f9a2f72ef88e4750,True
WIN_9af573a61f4fd5f2,REG_f9a2f72ef88e4750,WIN_f9a2f72ef88e4750,True
WIN_702ca2ce0e4b3cc8,REG_764d116ac81c49ab,WIN_764d116ac81c49ab,True
WIN_9fd55f76120c1e36,REG_764d116ac81c49ab,WIN_764d116ac81c49ab,True
WIN_feb3724ab6376061,REG_764d116ac81c49ab,WIN_764d116ac81c49ab,True
WIN_764d116ac81c49ab,REG_764d116ac81c49ab,WIN_764d116ac81c49ab,True
WIN_82dc703fb0d1f891,REG_42ce72a28cc90dfb,WIN_42ce72a28cc90dfb,True
WIN_5fef62435e73bfec,REG_42ce72a28cc90dfb,WIN_42ce72a28cc90dfb,True
WIN_42ce72a28cc90dfb,REG_42ce72a28cc90dfb,WIN_42ce72a28cc90dfb,True
WIN_d94ef2f6d9be6cd2,REG_42ce72a28cc90dfb,WIN_42ce72a28cc90dfb,True
WIN_53aa279563e2d259,REG_aae25df9e308e896,WIN_aae25df9e308e896,True
WIN_aae25df9e308e896,REG_aae25df9e308e896,WIN_aae25df9e308e896,True
WIN_b9c29e1d1443adbf,REG_b9c29e1d1443adbf,WIN_b9c29e1d1443adbf,True
WIN_0b951c4972ed14f4,REG_b9c29e1d1443adbf,WIN_b9c29e1d1443adbf,True
WIN_ee2314e7e926d47c,REG_b9c29e1d1443adbf,WIN_b9c29e1d1443adbf,True
WIN_e622512cb2dfeb75,REG_052a56d9a0dc1ad8,WIN_052a56d9a0dc1ad8,True
WIN_052a56d9a0dc1ad8,REG_052a56d9a0dc1ad8,WIN_052a56d9a0dc1ad8,True
WIN_f397a144cfabc545,REG_137c29dd3b346274,WIN_137c29dd3b346274,True
WIN_137c29dd3b346274,REG_137c29dd3b346274,WIN_137c29dd3b346274,True
WIN_3bf585b35dc9ab49,REG_af25af5b2a0806ad,WIN_af25af5b2a0806ad,True
WIN_af25af5b2a0806ad,REG_af25af5b2a0806ad,WIN_af25af5b2a0806ad,True
WIN_40575c6474be79a8,REG_af25af5b2a0806ad,WIN_af25af5b2a0806ad,True
WIN_04732648c52f4f26,REG_af25af5b2a0806ad,WIN_af25af5b2a0806ad,True
WIN_aadc710a8c71a1e4,REG_af25af5b2a0806ad,WIN_af25af5b2a0806ad,True
WIN_fa6ff3b20db7b6c6,REG_078fb0ce3eae9561,WIN_078fb0ce3eae9561,True
WIN_078fb0ce3eae9561,REG_078fb0ce3eae9561,WIN_078fb0ce3eae9561,True
WIN_c14b42068f588c16,REG_078fb0ce3eae9561,WIN_078fb0ce3eae9561,True
WIN_7f7646718c4a8e17,REG_078fb0ce3eae9561,WIN_078fb0ce3eae9561,True
WIN_fea1d33e1ee9ef68,REG_fea1d33e1ee9ef68,WIN_fea1d33e1ee9ef68,True
WIN_04fa5a93118e737d,REG_fea1d33e1ee9ef68,WIN_fea1d33e1ee9ef68,True
WIN_c7716c69f5e75fc9,REG_fea1d33e1ee9ef68,WIN_fea1d33e1ee9ef68,True
WIN_c0f2ab82cd3c4248,REG_fea1d33e1ee9ef68,WIN_fea1d33e1ee9ef68,True
WIN_6c83adedc45a9b1e,REG_407cc1cc3d9c2ea8,WIN_407cc1cc3d9c2ea8,True
WIN_7e264bd2ac8341ed,REG_407cc1cc3d9c2ea8,WIN_407cc1cc3d9c2ea8,True
WIN_ba3ae1531ed4278f,REG_407cc1cc3d9c2ea8,WIN_407cc1cc3d9c2ea8,True
WIN_407cc1cc3d9c2ea8,REG_407cc1cc3d9c2ea8,WIN_407cc1cc3d9c2ea8,True
WIN_ae469fb0ec62c353,REG_ae469fb0ec62c353,WIN_ae469fb0ec62c353,True
WIN_061b35022164cb2b,REG_ae469fb0ec62c353,WIN_ae469fb0ec62c353,True
WIN_4a4b97748bc032d9,REG_ae469fb0ec62c353,WIN_ae469fb0ec62c353,True
WIN_0d8f024631694308,REG_ae469fb0ec62c353,WIN_ae469fb0ec62c353,True
WIN_74d4b681e6eaca26,REG_74d4b681e6eaca26,WIN_74d4b681e6eaca26,True
WIN_74acd740db7d8b80,REG_74d4b681e6eaca26,WIN_74d4b681e6eaca26,True
WIN_13ddab18d47e5926,REG_74d4b681e6eaca26,WIN_74d4b681e6eaca26,True
WIN_7f324887f4d69d6b,REG_74d4b681e6eaca26,WIN_74d4b681e6eaca26,True
WIN_f8e7f672c170f210,REG_bc45ea2eb9b560b3,WIN_bc45ea2eb9b560b3,True
WIN_42b43eb83477e1a0,REG_bc45ea2eb9b560b3,WIN_bc45ea2eb9b560b3,True
WIN_1dcebc02cda72729,REG_bc45ea2eb9b560b3,WIN_bc45ea2eb9b560b3,True
WIN_bc45ea2eb9b560b3,REG_bc45ea2eb9b560b3,WIN_bc45ea2eb9b560b3,True
WIN_8099a9cce2aaf269,REG_8099a9cce2aaf269,WIN_8099a9cce2aaf269,True
WIN_fd6d89db3ca71e15,REG_8f41534b161fbcce,WIN_8f41534b161fbcce,True
WIN_8f41534b161fbcce,REG_8f41534b161fbcce,WIN_8f41534b161fbcce,True
WIN_f56c6afdc2dca859,REG_68dfa5088a730cd0,WIN_68dfa5088a730cd0,True
WIN_68dfa5088a730cd0,REG_68dfa5088a730cd0,WIN_68dfa5088a730cd0,True
WIN_8ab53bbdcae7e615,REG_10f9a5b9df37db79,WIN_10f9a5b9df37db79,True
WIN_78c3bbc3ab652553,REG_10f9a5b9df37db79,WIN_10f9a5b9df37db79,True
WIN_b1b472009c07ae4b,REG_10f9a5b9df37db79,WIN_10f9a5b9df37db79,True
WIN_10f9a5b9df37db79,REG_10f9a5b9df37db79,WIN_10f9a5b9df37db79,True
WIN_9210fd1500f13764,REG_10f9a5b9df37db79,WIN_10f9a5b9df37db79,True
WIN_d920852b2b7e251f,REG_10f9a5b9df37db79,WIN_10f9a5b9df37db79,True
WIN_0686f962df6da4f2,REG_10f9a5b9df37db79,WIN_10f9a5b9df37db79,True
WIN_05501e77e7199f94,REG_05501e77e7199f94,WIN_05501e77e7199f94,True
WIN_deb40eed7e96ddce,REG_05501e77e7199f94,WIN_05501e77e7199f94,True
WIN_38575dbcf8040479,REG_586d5f565f3d9934,WIN_586d5f565f3d9934,True
WIN_2790698adad5f653,REG_586d5f565f3d9934,WIN_586d5f565f3d9934,True
WIN_586d5f565f3d9934,REG_586d5f565f3d9934,WIN_586d5f565f3d9934,True
WIN_231827b145ff3a5a,REG_231827b145ff3a5a,WIN_231827b145ff3a5a,True
WIN_147e3a38e2d0b776,REG_dd00e6f7a954d821,WIN_dd00e6f7a954d821,True
WIN_3483ba65a07f8cb9,REG_dd00e6f7a954d821,WIN_dd00e6f7a954d821,True
WIN_c3fb9b5412819144,REG_dd00e6f7a954d821,WIN_dd00e6f7a954d821,True
WIN_dd00e6f7a954d821,REG_dd00e6f7a954d821,WIN_dd00e6f7a954d821,True
WIN_221c0d48bbcb0fe8,REG_9d763579dfa4c701,WIN_9d763579dfa4c701,True
WIN_004a0e5b850adf28,REG_9d763579dfa4c701,WIN_9d763579dfa4c701,True
WIN_9d763579dfa4c701,REG_9d763579dfa4c701,WIN_9d763579dfa4c701,True
WIN_2e1007ac609cc3d0,REG_9d763579dfa4c701,WIN_9d763579dfa4c701,True
WIN_c1689c4d8f8a764f,REG_9d763579dfa4c701,WIN_9d763579dfa4c701,True
WIN_d70f225bf750cb26,REG_9d763579dfa4c701,WIN_9d763579dfa4c701,True
WIN_fd31620abff4aab3,REG_fd31620abff4aab3,WIN_fd31620abff4aab3,True
WIN_43786296080da1c5,REG_43786296080da1c5,WIN_43786296080da1c5,True
WIN_a5f559892d3ab498,REG_a5f559892d3ab498,WIN_a5f559892d3ab498,True
WIN_141885da429719ba,REG_a5f559892d3ab498,WIN_a5f559892d3ab498,True
WIN_045daf90102cdefb,REG_a5f559892d3ab498,WIN_a5f559892d3ab498,True
WIN_c1492139ad209fa0,REG_c1492139ad209fa0,WIN_c1492139ad209fa0,True
WIN_04df5e5e36f7f8a4,REG_04df5e5e36f7f8a4,WIN_04df5e5e36f7f8a4,True
WIN_888ac2de5a473cbb,REG_888ac2de5a473cbb,WIN_888ac2de5a473cbb,True
WIN_5b1f69f39c80c5b0,REG_888ac2de5a473cbb,WIN_888ac2de5a473cbb,True
WIN_fd590b65be267a31,REG_fd590b65be267a31,WIN_fd590b65be267a31,True
WIN_6031293228e811d9,REG_fd590b65be267a31,WIN_fd590b65be267a31,True
WIN_658fc901aae56a18,REG_d1569fbcd0236000,WIN_d1569fbcd0236000,True
WIN_a5207380cb861812,REG_d1569fbcd0236000,WIN_d1569fbcd0236000,True
WIN_d5a56f2e328e5f3b,REG_d1569fbcd0236000,WIN_d1569fbcd0236000,True
WIN_d1569fbcd0236000,REG_d1569fbcd0236000,WIN_d1569fbcd0236000,True
WIN_667fb26ac14a182a,REG_667fb26ac14a182a,WIN_667fb26ac14a182a,True
WIN_d39cfcc58d737e28,REG_846b09203ea4be63,WIN_846b09203ea4be63,True
WIN_846b09203ea4be63,REG_846b09203ea4be63,WIN_846b09203ea4be63,True
WIN_4811fc149516f2aa,REG_846b09203ea4be63,WIN_846b09203ea4be63,True
WIN_6fdfd8bfe404a30a,REG_6378114b82add343,WIN_6378114b82add343,True
WIN_6378114b82add343,REG_6378114b82add343,WIN_6378114b82add343,True
WIN_3d75fffd2ef0f3f5,REG_6378114b82add343,WIN_6378114b82add343,True
WIN_9d901f3333e99ae2,REG_4e71e0a2a3aefafc,WIN_4e71e0a2a3aefafc,True
WIN_812931153bdb44b5,REG_4e71e0a2a3aefafc,WIN_4e71e0a2a3aefafc,True
WIN_e45b7bdf7f5f7a0d,REG_4e71e0a2a3aefafc,WIN_4e71e0a2a3aefafc,True
WIN_4e71e0a2a3aefafc,REG_4e71e0a2a3aefafc,WIN_4e71e0a2a3aefafc,True
WIN_be941ec67bd66d4e,REG_4e71e0a2a3aefafc,WIN_4e71e0a2a3aefafc,True
WIN_5e82a50f474e7fc2,REG_4e71e0a2a3aefafc,WIN_4e71e0a2a3aefafc,True
WIN_a48d3210b28f8329,REG_4e71e0a2a3aefafc,WIN_4e71e0a2a3aefafc,True
WIN_c5b5d99689d8e30e,REG_c5b5d99689d8e30e,WIN_c5b5d99689d8e30e,True
WIN_bfe287769f9bd8a4,REG_bfe287769f9bd8a4,WIN_bfe287769f9bd8a4,True
WIN_1977a5ec2d9c2bca,REG_a676b63530566530,WIN_a676b63530566530,True
WIN_7561c9893c9d7019,REG_a676b63530566530,WIN_a676b63530566530,True
WIN_a676b63530566530,REG_a676b63530566530,WIN_a676b63530566530,True
WIN_2f985a2746988828,REG_3f94fdab9da079bb,WIN_3f94fdab9da079bb,True
WIN_3f94fdab9da079bb,REG_3f94fdab9da079bb,WIN_3f94fdab9da079bb,True
WIN_f9a9bd9c07ab0035,REG_f9a9bd9c07ab0035,WIN_f9a9bd9c07ab0035,True
WIN_561d24543fefce59,REG_561d24543fefce59,WIN_561d24543fefce59,True
WIN_2de678687956f1ae,REG_5d3a05abf5b7a832,WIN_5d3a05abf5b7a832,True
WIN_5d3a05abf5b7a832,REG_5d3a05abf5b7a832,WIN_5d3a05abf5b7a832,True
WIN_8ced93f8c71ae000,REG_5d3a05abf5b7a832,WIN_5d3a05abf5b7a832,True
WIN_5f39ee5f872dce03,REG_5d3a05abf5b7a832,WIN_5d3a05abf5b7a832,True
WIN_a6b0eab5a4cb9710,REG_5d3a05abf5b7a832,WIN_5d3a05abf5b7a832,True
WIN_1b79c41f96f5c324,REG_730115b9fc452f84,WIN_730115b9fc452f84,True
WIN_730115b9fc452f84,REG_730115b9fc452f84,WIN_730115b9fc452f84,True
WIN_65794288ac6fbb16,REG_65794288ac6fbb16,WIN_65794288ac6fbb16,True
WIN_c7c81d9cb2f71b8f,REG_65794288ac6fbb16,WIN_65794288ac6fbb16,True
WIN_71e76a127946e8b0,REG_65794288ac6fbb16,WIN_65794288ac6fbb16,True
WIN_53e1c876661dd27f,REG_65794288ac6fbb16,WIN_65794288ac6fbb16,True
WIN_60fd331a3fd85c75,REG_60fd331a3fd85c75,WIN_60fd331a3fd85c75,True
WIN_fa803faab761523f,REG_60fd331a3fd85c75,WIN_60fd331a3fd85c75,True
WIN_be6e0b7af70e7638,REG_60fd331a3fd85c75,WIN_60fd331a3fd85c75,True
WIN_f1da73ca923ffa4e,REG_60fd331a3fd85c75,WIN_60fd331a3fd85c75,True
WIN_1f2def74266b5039,REG_c5356e8a31796cc3,WIN_c5356e8a31796cc3,True
WIN_c5356e8a31796cc3,REG_c5356e8a31796cc3,WIN_c5356e8a31796cc3,True
WIN_f62ade6810341fc4,REG_c5356e8a31796cc3,WIN_c5356e8a31796cc3,True
WIN_8fe5a7b48cb0df0a,REG_c5356e8a31796cc3,WIN_c5356e8a31796cc3,True
WIN_b24be7aaef7ab9ca,REG_c5356e8a31796cc3,WIN_c5356e8a31796cc3,True
WIN_897feacc08222847,REG_897feacc08222847,WIN_897feacc08222847,True
WIN_f49fc7f1e5426756,REG_c5953c925eda3c16,WIN_c5953c925eda3c16,True
WIN_b4cfd6b419fb632c,REG_c5953c925eda3c16,WIN_c5953c925eda3c16,True
WIN_c5953c925eda3c16,REG_c5953c925eda3c16,WIN_c5953c925eda3c16,True
WIN_a0ab33d9a5ce95cb,REG_c5953c925eda3c16,WIN_c5953c925eda3c16,True
WIN_927fd276b924ec8b,REG_927fd276b924ec8b,WIN_927fd276b924ec8b,True
WIN_8f22c776705eeb5d,REG_8f22c776705eeb5d,WIN_8f22c776705eeb5d,True
WIN_a90c87150051c90c,REG_8f22c776705eeb5d,WIN_8f22c776705eeb5d,True
WIN_0bddb3a0b909e5e9,REG_8f22c776705eeb5d,WIN_8f22c776705eeb5d,True
WIN_7e94fe2f54e39253,REG_8f22c776705eeb5d,WIN_8f22c776705eeb5d,True
WIN_63edcf51cff32e50,REG_63edcf51cff32e50,WIN_63edcf51cff32e50,True
WIN_12e3bf5d2c4f9725,REG_16f4a513d9c46d18,WIN_16f4a513d9c46d18,True
WIN_16f4a513d9c46d18,REG_16f4a513d9c46d18,WIN_16f4a513d9c46d18,True
WIN_5c0f0ecef0f66098,REG_16f4a513d9c46d18,WIN_16f4a513d9c46d18,True
WIN_3e9f29c89d106124,REG_3e9f29c89d106124,WIN_3e9f29c89d106124,True
WIN_a99a74fcc64a22d0,REG_a99a74fcc64a22d0,WIN_a99a74fcc64a22d0,True
WIN_52ae04a86220c8a5,REG_a99a74fcc64a22d0,WIN_a99a74fcc64a22d0,True
WIN_73884b2b55242449,REG_73884b2b55242449,WIN_73884b2b55242449,True
WIN_fc4a9bbd6868f7a7,REG_73884b2b55242449,WIN_73884b2b55242449,True
WIN_7db76f67502a9e8c,REG_73884b2b55242449,WIN_73884b2b55242449,True
WIN_26fc8e13211d172b,REG_26fc8e13211d172b,WIN_26fc8e13211d172b,True
WIN_bf5acdab1d696894,REG_26fc8e13211d172b,WIN_26fc8e13211d172b,True
WIN_ea0996289819a194,REG_26fc8e13211d172b,WIN_26fc8e13211d172b,True
WIN_1d79e392a106c5be,REG_1d79e392a106c5be,WIN_1d79e392a106c5be,True
WIN_3e8b69bb21dcb629,REG_3e8b69bb21dcb629,WIN_3e8b69bb21dcb629,True
WIN_5bc0ffa48ed967ea,REG_3e8b69bb21dcb629,WIN_3e8b69bb21dcb629,True
WIN_e9ece7c77d29d920,REG_3e8b69bb21dcb629,WIN_3e8b69bb21dcb629,True
WIN_387eedf39fc939ed,REG_379d0a2ef3626ba4,WIN_379d0a2ef3626ba4,True
WIN_379d0a2ef3626ba4,REG_379d0a2ef3626ba4,WIN_379d0a2ef3626ba4,True
WIN_99fa13554afaa504,REG_40c7e3c21cd570e1,WIN_40c7e3c21cd570e1,True
WIN_6315b8c9e3cacb82,REG_40c7e3c21cd570e1,WIN_40c7e3c21cd570e1,True
WIN_40c7e3c21cd570e1,REG_40c7e3c21cd570e1,WIN_40c7e3c21cd570e1,True
WIN_3948b0d281288ea9,REG_7e95e9ef6bf17d8a,WIN_7e95e9ef6bf17d8a,True
WIN_67d48f4a7155127e,REG_7e95e9ef6bf17d8a,WIN_7e95e9ef6bf17d8a,True
WIN_705a7edfdbab1a67,REG_7e95e9ef6bf17d8a,WIN_7e95e9ef6bf17d8a,True
WIN_7e95e9ef6bf17d8a,REG_7e95e9ef6bf17d8a,WIN_7e95e9ef6bf17d8a,True
WIN_e3a947f781cea0e3,REG_7e95e9ef6bf17d8a,WIN_7e95e9ef6bf17d8a,True
WIN_a801a0f4c0949773,REG_7e95e9ef6bf17d8a,WIN_7e95e9ef6bf17d8a,True
WIN_7aa5b4e181ded530,REG_7aa5b4e181ded530,WIN_7aa5b4e181ded530,True
WIN_16a2579e1440e9d1,REG_7aa5b4e181ded530,WIN_7aa5b4e181ded530,True
WIN_28834c7cb2286699,REG_7aa5b4e181ded530,WIN_7aa5b4e181ded530,True
WIN_69152d1336b21305,REG_7aa5b4e181ded530,WIN_7aa5b4e181ded530,True
WIN_24b76a813849c3c3,REG_24b76a813849c3c3,WIN_24b76a813849c3c3,True
WIN_a8cf541c916eea36,REG_24b76a813849c3c3,WIN_24b76a813849c3c3,True
WIN_3a1bcec88085f564,REG_24b76a813849c3c3,WIN_24b76a813849c3c3,True
WIN_dea65cc7e594c6e2,REG_24b76a813849c3c3,WIN_24b76a813849c3c3,True
WIN_30457c907f555a83,REG_c3d90b639a04e3f7,WIN_c3d90b639a04e3f7,True
WIN_f60d0545a35e0cec,REG_c3d90b639a04e3f7,WIN_c3d90b639a04e3f7,True
WIN_c3d90b639a04e3f7,REG_c3d90b639a04e3f7,WIN_c3d90b639a04e3f7,True
WIN_eb03001eaf0babc2,REG_c3d90b639a04e3f7,WIN_c3d90b639a04e3f7,True
WIN_6e8e100beef345f4,REG_c3d90b639a04e3f7,WIN_c3d90b639a04e3f7,True
WIN_4d206e1ba3d431c5,REG_a654c0c4f8dd59c2,WIN_a654c0c4f8dd59c2,True
WIN_72e4ce90c7962e5b,REG_a654c0c4f8dd59c2,WIN_a654c0c4f8dd59c2,True
WIN_dc0c36ca29763bf7,REG_a654c0c4f8dd59c2,WIN_a654c0c4f8dd59c2,True
WIN_a654c0c4f8dd59c2,REG_a654c0c4f8dd59c2,WIN_a654c0c4f8dd59c2,True
WIN_927e6e813b2f4c3b,REG_a654c0c4f8dd59c2,WIN_a654c0c4f8dd59c2,True
WIN_590a223093599df3,REG_a654c0c4f8dd59c2,WIN_a654c0c4f8dd59c2,True
WIN_75c9c63108828d59,REG_d3b51ea6b23f8814,WIN_d3b51ea6b23f8814,True
WIN_d3b51ea6b23f8814,REG_d3b51ea6b23f8814,WIN_d3b51ea6b23f8814,True
WIN_e7cd036fab7925ce,REG_e7cd036fab7925ce,WIN_e7cd036fab7925ce,True
WIN_0efc2ce0b4546c85,REG_0efc2ce0b4546c85,WIN_0efc2ce0b4546c85,True
WIN_1ce5a2963d9839f4,REG_c05bdcc936b2db0f,WIN_c05bdcc936b2db0f,True
WIN_c05bdcc936b2db0f,REG_c05bdcc936b2db0f,WIN_c05bdcc936b2db0f,True
WIN_9159d0f8dd59908b,REG_c05bdcc936b2db0f,WIN_c05bdcc936b2db0f,True
WIN_9d99b6ce300647f7,REG_9d99b6ce300647f7,WIN_9d99b6ce300647f7,True
WIN_1194b5792ee29645,REG_9d99b6ce300647f7,WIN_9d99b6ce300647f7,True
WIN_2ff9fcbe7e83a627,REG_9d99b6ce300647f7,WIN_9d99b6ce300647f7,True
WIN_39d9a8a104ecb534,REG_9d99b6ce300647f7,WIN_9d99b6ce300647f7,True
WIN_ea7a0e4aef669e25,REG_ea7a0e4aef669e25,WIN_ea7a0e4aef669e25,True
WIN_3c199cf53cdfcab1,REG_ea7a0e4aef669e25,WIN_ea7a0e4aef669e25,True
WIN_3f2d75d23e7343c4,REG_ea7a0e4aef669e25,WIN_ea7a0e4aef669e25,True
WIN_d1b5ddbc92185daa,REG_ea7a0e4aef669e25,WIN_ea7a0e4aef669e25,True
WIN_78872dd83073c64e,REG_b921de2e3ccf44b7,WIN_b921de2e3ccf44b7,True
WIN_c998cafc1367d02a,REG_b921de2e3ccf44b7,WIN_b921de2e3ccf44b7,True
WIN_b921de2e3ccf44b7,REG_b921de2e3ccf44b7,WIN_b921de2e3ccf44b7,True
WIN_7235e6d5b5b3b46d,REG_b921de2e3ccf44b7,WIN_b921de2e3ccf44b7,True
WIN_7e93f3ce472199cb,REG_b921de2e3ccf44b7,WIN_b921de2e3ccf44b7,True
WIN_4f5df029b3332fc3,REG_4f5df029b3332fc3,WIN_4f5df029b3332fc3,True
WIN_fdfacc97afdde72d,REG_fdfacc97afdde72d,WIN_fdfacc97afdde72d,True
WIN_56a0c3889fc85e3b,REG_fa003fa73c188bc9,WIN_fa003fa73c188bc9,True
WIN_15aa6b4af2bceee3,REG_fa003fa73c188bc9,WIN_fa003fa73c188bc9,True
WIN_20063dab08fa91b2,REG_fa003fa73c188bc9,WIN_fa003fa73c188bc9,True
WIN_fa003fa73c188bc9,REG_fa003fa73c188bc9,WIN_fa003fa73c188bc9,True
WIN_dc9cde90071463c7,REG_1dcd15d62b4d2e51,WIN_1dcd15d62b4d2e51,True
WIN_1dcd15d62b4d2e51,REG_1dcd15d62b4d2e51,WIN_1dcd15d62b4d2e51,True
WIN_9add244242983175,REG_9add244242983175,WIN_9add244242983175,True
WIN_22b6ff0a856ef57c,REG_9add244242983175,WIN_9add244242983175,True
WIN_97c7775a9eb2b037,REG_9add244242983175,WIN_9add244242983175,True
WIN_b2c2c2341b3025cd,REG_b2c2c2341b3025cd,WIN_b2c2c2341b3025cd,True
WIN_42a0aef4d828f91b,REG_dfa9bc721fc6f08b,WIN_dfa9bc721fc6f08b,True
WIN_dfa9bc721fc6f08b,REG_dfa9bc721fc6f08b,WIN_dfa9bc721fc6f08b,True
WIN_25c8ffaa5591c79a,REG_dfa9bc721fc6f08b,WIN_dfa9bc721fc6f08b,True
WIN_3c3a42afb71f9cdc,REG_3c3a42afb71f9cdc,WIN_3c3a42afb71f9cdc,True
WIN_f4bca0eff1ef942c,REG_66bed98e10474a3e,WIN_66bed98e10474a3e,True
WIN_c7449cde32a92401,REG_66bed98e10474a3e,WIN_66bed98e10474a3e,True
WIN_5b691f73ae4f60b5,REG_66bed98e10474a3e,WIN_66bed98e10474a3e,True
WIN_66bed98e10474a3e,REG_66bed98e10474a3e,WIN_66bed98e10474a3e,True
WIN_b72dc66b4741df62,REG_850aa3551ba0431d,WIN_850aa3551ba0431d,True
WIN_850aa3551ba0431d,REG_850aa3551ba0431d,WIN_850aa3551ba0431d,True
WIN_f4350dfebeccfbc2,REG_850aa3551ba0431d,WIN_850aa3551ba0431d,True
WIN_0134c1a3a2f5973e,REG_850aa3551ba0431d,WIN_850aa3551ba0431d,True
WIN_0007bc99dba4909f,REG_850aa3551ba0431d,WIN_850aa3551ba0431d,True
WIN_d4dd69e36a2bd89d,REG_cca9812bc382881a,WIN_cca9812bc382881a,True
WIN_cca9812bc382881a,REG_cca9812bc382881a,WIN_cca9812bc382881a,True
WIN_3556846841f7c963,REG_3556846841f7c963,WIN_3556846841f7c963,True
WIN_753c02d698a54b51,REG_c45edb9e3e8c0924,WIN_c45edb9e3e8c0924,True
WIN_9603030b6d2eaaaf,REG_c45edb9e3e8c0924,WIN_c45edb9e3e8c0924,True
WIN_da0e7e7826262478,REG_c45edb9e3e8c0924,WIN_c45edb9e3e8c0924,True
WIN_c45edb9e3e8c0924,REG_c45edb9e3e8c0924,WIN_c45edb9e3e8c0924,True
WIN_dc76d3ad16c95a48,REG_c45edb9e3e8c0924,WIN_c45edb9e3e8c0924,True
WIN_947450e0606448b1,REG_947450e0606448b1,WIN_947450e0606448b1,True
WIN_34bdd80d5180e0ba,REG_34bdd80d5180e0ba,WIN_34bdd80d5180e0ba,True
WIN_f5310d10348d912e,REG_690ce6506d0bf2c8,WIN_690ce6506d0bf2c8,True
WIN_3aa932a0a84ab2d0,REG_690ce6506d0bf2c8,WIN_690ce6506d0bf2c8,True
WIN_e4752b9f0f5cd14a,REG_690ce6506d0bf2c8,WIN_690ce6506d0bf2c8,True
WIN_690ce6506d0bf2c8,REG_690ce6506d0bf2c8,WIN_690ce6506d0bf2c8,True
WIN_c95c11437adad055,REG_0f8f48b35ef5decc,WIN_0f8f48b35ef5decc,True
WIN_0f8f48b35ef5decc,REG_0f8f48b35ef5decc,WIN_0f8f48b35ef5decc,True
WIN_d1ca2063d0fb579b,REG_3f59af919d9dab7b,WIN_3f59af919d9dab7b,True
WIN_06659f2b0af0a19e,REG_3f59af919d9dab7b,WIN_3f59af919d9dab7b,True
WIN_45a05986755d82d5,REG_3f59af919d9dab7b,WIN_3f59af919d9dab7b,True
WIN_3f59af919d9dab7b,REG_3f59af919d9dab7b,WIN_3f59af919d9dab7b,True
WIN_a4dd770927102434,REG_3f59af919d9dab7b,WIN_3f59af919d9dab7b,True
WIN_9a89bae3018fe6e9,REG_3f59af919d9dab7b,WIN_3f59af919d9dab7b,True
WIN_47f64d0afe20e75b,REG_744ca2d5e3b8d87b,WIN_744ca2d5e3b8d87b,True
WIN_01a293ac1d6bfd6c,REG_744ca2d5e3b8d87b,WIN_744ca2d5e3b8d87b,True
WIN_23e2353907e91d7e,REG_744ca2d5e3b8d87b,WIN_744ca2d5e3b8d87b,True
WIN_744ca2d5e3b8d87b,REG_744ca2d5e3b8d87b,WIN_744ca2d5e3b8d87b,True
WIN_45bfee80f3b20677,REG_744ca2d5e3b8d87b,WIN_744ca2d5e3b8d87b,True
WIN_d0cf94ca2209bb94,REG_744ca2d5e3b8d87b,WIN_744ca2d5e3b8d87b,True
WIN_472bf798695e5af1,REG_744ca2d5e3b8d87b,WIN_744ca2d5e3b8d87b,True
WIN_de7f5c2a0821f7f4,REG_de7f5c2a0821f7f4,WIN_de7f5c2a0821f7f4,True
WIN_7c67f8100bc2b566,REG_34ee872c435a0b51,WIN_34ee872c435a0b51,True
WIN_34ee872c435a0b51,REG_34ee872c435a0b51,WIN_34ee872c435a0b51,True
WIN_245e3eaff2ea8971,REG_34ee872c435a0b51,WIN_34ee872c435a0b51,True
WIN_5c54a5c161d0bcac,REG_34ee872c435a0b51,WIN_34ee872c435a0b51,True
WIN_a74c876e7350ba82,REG_34ee872c435a0b51,WIN_34ee872c435a0b51,True
WIN_bdd059ca89a1c1ed,REG_bdd059ca89a1c1ed,WIN_bdd059ca89a1c1ed,True
WIN_f25a6cb72736ea98,REG_bdd059ca89a1c1ed,WIN_bdd059ca89a1c1ed,True
WIN_e5d0402a874e87f2,REG_bdd059ca89a1c1ed,WIN_bdd059ca89a1c1ed,True
WIN_b5961d496ba0f37f,REG_bde95a546e936260,WIN_bde95a546e936260,True
WIN_0d7d7557e257555b,REG_bde95a546e936260,WIN_bde95a546e936260,True
WIN_bde95a546e936260,REG_bde95a546e936260,WIN_bde95a546e936260,True
WIN_d63162a6e3d2c533,REG_bde95a546e936260,WIN_bde95a546e936260,True
WIN_6d489abacf6778ec,REG_bde95a546e936260,WIN_bde95a546e936260,True
WIN_b57f7f43ddb125f8,REG_98616e4898b9084a,WIN_98616e4898b9084a,True
WIN_98616e4898b9084a,REG_98616e4898b9084a,WIN_98616e4898b9084a,True
WIN_d801d8223f617eac,REG_d801d8223f617eac,WIN_d801d8223f617eac,True
WIN_0868c5ce98dd4728,REG_d801d8223f617eac,WIN_d801d8223f617eac,True
WIN_118b371d9108285f,REG_d801d8223f617eac,WIN_d801d8223f617eac,True
WIN_378b429515dbd099,REG_d801d8223f617eac,WIN_d801d8223f617eac,True
WIN_aa9d4cd141010c71,REG_aa9d4cd141010c71,WIN_aa9d4cd141010c71,True
WIN_1fbbbde5c1a6bfc5,REG_aa9d4cd141010c71,WIN_aa9d4cd141010c71,True
WIN_9137fb9098285b25,REG_aa9d4cd141010c71,WIN_aa9d4cd141010c71,True
WIN_56f68847d9f7069b,REG_aa9d4cd141010c71,WIN_aa9d4cd141010c71,True
WIN_e6b0bd4bc8fe1b66,REG_e239b079825c8f2a,WIN_e239b079825c8f2a,True
WIN_f1a3c4e99af8e26b,REG_e239b079825c8f2a,WIN_e239b079825c8f2a,True
WIN_eae6adce214161bf,REG_e239b079825c8f2a,WIN_e239b079825c8f2a,True
WIN_e239b079825c8f2a,REG_e239b079825c8f2a,WIN_e239b079825c8f2a,True
WIN_ccc111cd0fdab39b,REG_1d33a2a7d7c26269,WIN_1d33a2a7d7c26269,True
WIN_1d33a2a7d7c26269,REG_1d33a2a7d7c26269,WIN_1d33a2a7d7c26269,True
WIN_8244101567214ecd,REG_8244101567214ecd,WIN_8244101567214ecd,True
WIN_b4553e2295241e95,REG_8244101567214ecd,WIN_8244101567214ecd,True
WIN_f553fd68f89a1eeb,REG_8244101567214ecd,WIN_8244101567214ecd,True
WIN_8e8b1091db4f349c,REG_8244101567214ecd,WIN_8244101567214ecd,True
WIN_a062a7b8f545f43a,REG_628c7cd4a63a39f2,WIN_628c7cd4a63a39f2,True
WIN_5607d02c8f6fb8a5,REG_628c7cd4a63a39f2,WIN_628c7cd4a63a39f2,True
WIN_d7d03314ad0add6a,REG_628c7cd4a63a39f2,WIN_628c7cd4a63a39f2,True
WIN_628c7cd4a63a39f2,REG_628c7cd4a63a39f2,WIN_628c7cd4a63a39f2,True
WIN_5b8917efb33b033b,REG_888b25d5add9feee,WIN_888b25d5add9feee,True
WIN_50656faad52b0cf3,REG_888b25d5add9feee,WIN_888b25d5add9feee,True
WIN_be13ff0eda325f44,REG_888b25d5add9feee,WIN_888b25d5add9feee,True
WIN_888b25d5add9feee,REG_888b25d5add9feee,WIN_888b25d5add9feee,True
WIN_08943bde7c0c4f71,REG_888b25d5add9feee,WIN_888b25d5add9feee,True
WIN_74496f4ffb39b9da,REG_7e2a08246b79a636,WIN_7e2a08246b79a636,True
WIN_0f85a62aacf1e57c,REG_7e2a08246b79a636,WIN_7e2a08246b79a636,True
WIN_b770704857d40c1a,REG_7e2a08246b79a636,WIN_7e2a08246b79a636,True
WIN_7e2a08246b79a636,REG_7e2a08246b79a636,WIN_7e2a08246b79a636,True
WIN_636662864a2ba79e,REG_e7bc20cd7034f150,WIN_e7bc20cd7034f150,True
WIN_afcc7c6b46a53e1f,REG_e7bc20cd7034f150,WIN_e7bc20cd7034f150,True
WIN_647d453091fc7e36,REG_e7bc20cd7034f150,WIN_e7bc20cd7034f150,True
WIN_e7bc20cd7034f150,REG_e7bc20cd7034f150,WIN_e7bc20cd7034f150,True
WIN_187fe77f66e6a562,REG_187fe77f66e6a562,WIN_187fe77f66e6a562,True
WIN_b338659c92e96c6f,REG_1c21ddd9fd52eb43,WIN_1c21ddd9fd52eb43,True
WIN_d61ad9868fc2afcd,REG_1c21ddd9fd52eb43,WIN_1c21ddd9fd52eb43,True
WIN_1c21ddd9fd52eb43,REG_1c21ddd9fd52eb43,WIN_1c21ddd9fd52eb43,True
WIN_3f86c86b2d0c9d0a,REG_1c21ddd9fd52eb43,WIN_1c21ddd9fd52eb43,True
WIN_3a9b503ffd31dce4,REG_3a9b503ffd31dce4,WIN_3a9b503ffd31dce4,True
WIN_c081282ef4e3d0ee,REG_e15f9b3da2953036,WIN_e15f9b3da2953036,True
WIN_e15f9b3da2953036,REG_e15f9b3da2953036,WIN_e15f9b3da2953036,True
WIN_e477d8d4aaba6f41,REG_e477d8d4aaba6f41,WIN_e477d8d4aaba6f41,True
WIN_cb40fff2b91d5a61,REG_e477d8d4aaba6f41,WIN_e477d8d4aaba6f41,True
WIN_ae6faa02e94f5f2f,REG_e477d8d4aaba6f41,WIN_e477d8d4aaba6f41,True
WIN_1ef1274c681174ef,REG_e477d8d4aaba6f41,WIN_e477d8d4aaba6f41,True
WIN_ed2da9a69ad95ba9,REG_ed2da9a69ad95ba9,WIN_ed2da9a69ad95ba9,True
WIN_137fffa03f51200b,REG_ed2da9a69ad95ba9,WIN_ed2da9a69ad95ba9,True
WIN_c200460ddcdcdbaa,REG_ed2da9a69ad95ba9,WIN_ed2da9a69ad95ba9,True
WIN_9fe71b1cd5626d1e,REG_9fe71b1cd5626d1e,WIN_9fe71b1cd5626d1e,True
WIN_9254427f00f614d4,REG_9fe71b1cd5626d1e,WIN_9fe71b1cd5626d1e,True
WIN_848868affcc54308,REG_9fe71b1cd5626d1e,WIN_9fe71b1cd5626d1e,True
WIN_832a4f011698ae74,REG_832a4f011698ae74,WIN_832a4f011698ae74,True
WIN_c118bee107794325,REG_c118bee107794325,WIN_c118bee107794325,True
WIN_aada8990edff8398,REG_7d9e97d359cf83be,WIN_7d9e97d359cf83be,True
WIN_5d0d5ee5b24826f7,REG_7d9e97d359cf83be,WIN_7d9e97d359cf83be,True
WIN_7d9e97d359cf83be,REG_7d9e97d359cf83be,WIN_7d9e97d359cf83be,True
WIN_5385d173d17fc644,REG_5385d173d17fc644,WIN_5385d173d17fc644,True
WIN_d00930d3d8f2b016,REG_5c7bece71005a21f,WIN_5c7bece71005a21f,True
WIN_1b13c27f01f9ca20,REG_5c7bece71005a21f,WIN_5c7bece71005a21f,True
WIN_5c7bece71005a21f,REG_5c7bece71005a21f,WIN_5c7bece71005a21f,True
WIN_aba9c24f44122d98,REG_aba9c24f44122d98,WIN_aba9c24f44122d98,True
WIN_495ac361118bd1aa,REG_6fb7fcf56c877cc8,WIN_6fb7fcf56c877cc8,True
WIN_6229d19133c62ff6,REG_6fb7fcf56c877cc8,WIN_6fb7fcf56c877cc8,True
WIN_0c3402600a61d2ab,REG_6fb7fcf56c877cc8,WIN_6fb7fcf56c877cc8,True
WIN_6fb7fcf56c877cc8,REG_6fb7fcf56c877cc8,WIN_6fb7fcf56c877cc8,True
WIN_68bf239468f21eb5,REG_68bf239468f21eb5,WIN_68bf239468f21eb5,True
WIN_b13a8c8304bd2c9d,REG_b13a8c8304bd2c9d,WIN_b13a8c8304bd2c9d,True
WIN_5d6cfbd7b59b0dbd,REG_a3a730c567a48ed5,WIN_a3a730c567a48ed5,True
WIN_41afd9341fec319b,REG_a3a730c567a48ed5,WIN_a3a730c567a48ed5,True
WIN_486f4f2f1f063e1e,REG_a3a730c567a48ed5,WIN_a3a730c567a48ed5,True
WIN_a3a730c567a48ed5,REG_a3a730c567a48ed5,WIN_a3a730c567a48ed5,True
WIN_97f8d2f37843f95e,REG_168cceeee734a7ae,WIN_168cceeee734a7ae,True
WIN_364d8bf4e926f800,REG_168cceeee734a7ae,WIN_168cceeee734a7ae,True
WIN_17657ba40c5e649d,REG_168cceeee734a7ae,WIN_168cceeee734a7ae,True
WIN_168cceeee734a7ae,REG_168cceeee734a7ae,WIN_168cceeee734a7ae,True
WIN_0876cf085a103fd5,REG_ce7d41b4c0865436,WIN_ce7d41b4c0865436,True
WIN_39cd75dba99b1f70,REG_ce7d41b4c0865436,WIN_ce7d41b4c0865436,True
WIN_5288fd207361eb72,REG_ce7d41b4c0865436,WIN_ce7d41b4c0865436,True
WIN_ce7d41b4c0865436,REG_ce7d41b4c0865436,WIN_ce7d41b4c0865436,True
WIN_353f7b597b84e24d,REG_ee0db364c11e258e,WIN_ee0db364c11e258e,True
WIN_cd440ed28e1d6259,REG_ee0db364c11e258e,WIN_ee0db364c11e258e,True
WIN_9cd7eed0a5720794,REG_ee0db364c11e258e,WIN_ee0db364c11e258e,True
WIN_ee0db364c11e258e,REG_ee0db364c11e258e,WIN_ee0db364c11e258e,True
WIN_4933314492c3ea9b,REG_55b3b4a7072f34a6,WIN_55b3b4a7072f34a6,True
WIN_cedd52cac17614e7,REG_55b3b4a7072f34a6,WIN_55b3b4a7072f34a6,True
WIN_c6a2636856c1e89a,REG_55b3b4a7072f34a6,WIN_55b3b4a7072f34a6,True
WIN_55b3b4a7072f34a6,REG_55b3b4a7072f34a6,WIN_55b3b4a7072f34a6,True
WIN_6a955ee589755133,REG_1c49966d4bd744d8,WIN_1c49966d4bd744d8,True
WIN_1c49966d4bd744d8,REG_1c49966d4bd744d8,WIN_1c49966d4bd744d8,True
WIN_4deec163425a213f,REG_4deec163425a213f,WIN_4deec163425a213f,True
WIN_0372abc3674b9700,REG_4deec163425a213f,WIN_4deec163425a213f,True
WIN_465342eb241ef3ef,REG_4deec163425a213f,WIN_4deec163425a213f,True
WIN_81a5b5d6adc53a90,REG_4deec163425a213f,WIN_4deec163425a213f,True
WIN_f6d9c6a22ea73c15,REG_748440f911ccf0b3,WIN_748440f911ccf0b3,True
WIN_748440f911ccf0b3,REG_748440f911ccf0b3,WIN_748440f911ccf0b3,True
WIN_48debe35d3936f15,REG_16a1b5dbf475d66a,WIN_16a1b5dbf475d66a,True
WIN_16a1b5dbf475d66a,REG_16a1b5dbf475d66a,WIN_16a1b5dbf475d66a,True
WIN_21c6d376594499d2,REG_22e3bc42b0ec6869,WIN_22e3bc42b0ec6869,True
WIN_22e3bc42b0ec6869,REG_22e3bc42b0ec6869,WIN_22e3bc42b0ec6869,True
WIN_b00e89783d045df9,REG_22e3bc42b0ec6869,WIN_22e3bc42b0ec6869,True
WIN_f43779038b0a9e52,REG_22e3bc42b0ec6869,WIN_22e3bc42b0ec6869,True
WIN_35eb0164f8689992,REG_34da870fe59af8ae,WIN_34da870fe59af8ae,True
WIN_1ff9a972f0efc1c7,REG_34da870fe59af8ae,WIN_34da870fe59af8ae,True
WIN_b16e55a41aeda836,REG_34da870fe59af8ae,WIN_34da870fe59af8ae,True
WIN_34da870fe59af8ae,REG_34da870fe59af8ae,WIN_34da870fe59af8ae,True
WIN_10594cf7ecffacb9,REG_10594cf7ecffacb9,WIN_10594cf7ecffacb9,True
WIN_5b2e2a300ca0a2c0,REG_10594cf7ecffacb9,WIN_10594cf7ecffacb9,True
WIN_9053a7b121da586e,REG_10594cf7ecffacb9,WIN_10594cf7ecffacb9,True
WIN_852639367d5c0ad1,REG_10594cf7ecffacb9,WIN_10594cf7ecffacb9,True
WIN_69be483f287e2ca5,REG_9a0923d9ee70b3a7,WIN_9a0923d9ee70b3a7,True
WIN_9a0923d9ee70b3a7,REG_9a0923d9ee70b3a7,WIN_9a0923d9ee70b3a7,True
WIN_045fa4dc9ae0a664,REG_9a0923d9ee70b3a7,WIN_9a0923d9ee70b3a7,True
WIN_7b201feacc6a1e20,REG_9528ad8d67759d6d,WIN_9528ad8d67759d6d,True
WIN_9528ad8d67759d6d,REG_9528ad8d67759d6d,WIN_9528ad8d67759d6d,True
WIN_cdf3e28f12508b69,REG_9c75fd040e5502e4,WIN_9c75fd040e5502e4,True
WIN_03923d81ababbdb4,REG_9c75fd040e5502e4,WIN_9c75fd040e5502e4,True
WIN_9c75fd040e5502e4,REG_9c75fd040e5502e4,WIN_9c75fd040e5502e4,True
WIN_6d5684e29274b813,REG_9c75fd040e5502e4,WIN_9c75fd040e5502e4,True
WIN_61819ed151b23429,REG_9c75fd040e5502e4,WIN_9c75fd040e5502e4,True
WIN_891b178da74df042,REG_891b178da74df042,WIN_891b178da74df042,True
WIN_a28dde2c39ddebbb,REG_891b178da74df042,WIN_891b178da74df042,True
WIN_98ddd75642c8fc81,REG_891b178da74df042,WIN_891b178da74df042,True
WIN_da546e89f3cf3372,REG_891b178da74df042,WIN_891b178da74df042,True
WIN_790f8de041591bdf,REG_790f8de041591bdf,WIN_790f8de041591bdf,True
WIN_f023d2f14b6eef38,REG_f023d2f14b6eef38,WIN_f023d2f14b6eef38,True
WIN_f2808da4abdd8dc4,REG_f023d2f14b6eef38,WIN_f023d2f14b6eef38,True
WIN_3b2efeb434622435,REG_f023d2f14b6eef38,WIN_f023d2f14b6eef38,True
WIN_e16f0b583f928710,REG_f023d2f14b6eef38,WIN_f023d2f14b6eef38,True
WIN_7e74a75f01c82fe4,REG_7e74a75f01c82fe4,WIN_7e74a75f01c82fe4,True
WIN_9601a6ccc8783806,REG_7e74a75f01c82fe4,WIN_7e74a75f01c82fe4,True
WIN_abba731a3f368bc1,REG_7e74a75f01c82fe4,WIN_7e74a75f01c82fe4,True
WIN_a9c3717a42db2e51,REG_2e78ef72fb74aed9,WIN_2e78ef72fb74aed9,True
WIN_2e78ef72fb74aed9,REG_2e78ef72fb74aed9,WIN_2e78ef72fb74aed9,True
WIN_e1e742536ebb0f15,REG_2e78ef72fb74aed9,WIN_2e78ef72fb74aed9,True
WIN_81e595da5c894af3,REG_81e595da5c894af3,WIN_81e595da5c894af3,True
WIN_862ccf28ee8356d6,REG_862ccf28ee8356d6,WIN_862ccf28ee8356d6,True
