structure_id,type,chrom,start,end,center,length_bp,small_best_density,small_best_shape,small_best_or,small_best_rank,medium_best_density,medium_best_shape,medium_best_or,medium_best_rank,large_best_density,large_best_shape,large_best_or,large_best_rank,best_multiscale_score,best_scale,selected_at_5pct,selected_at_10pct,selected_at_20pct,selected_at_30pct,selected_small_at_5pct,selected_medium_at_5pct,selected_large_at_5pct,rescue_category_at_5pct,selected_small_at_10pct,selected_medium_at_10pct,selected_large_at_10pct,rescue_category_at_10pct,selected_small_at_20pct,selected_medium_at_20pct,selected_large_at_20pct,rescue_category_at_20pct,selected_small_at_30pct,selected_medium_at_30pct,selected_large_at_30pct,rescue_category_at_30pct
CHIN_d2deb5271c6a5cdd,CHIN,MG1655,58260,59420,58840.0,1160,0.6415384628522429,1.456962535803843,1.456962535803843,1082,0.911517314018822,0.21360581708102588,0.911517314018822,1240,0.09844209775768573,0.9070920767000354,0.9070920767000354,699,1.456962535803843,small,False,False,False,False,False,False,False,missed_all_scales,False,False,False,missed_all_scales,False,False,False,missed_all_scales,False,False,False,missed_all_scales
CHIN_e75b43fe8984729d,CHIN,MG1655,83460,85860,84660.0,2400,0.3706907533704378,1.3164349610344335,1.3164349610344335,1430,1.2044180571583936,0.06203540844673777,1.2044180571583936,705,0.08568911489935824,1.5971976975558384,1.5971976975558384,244,1.5971976975558384,large,False,False,False,True,False,False,False,missed_all_scales,False,False,False,missed_all_scales,False,False,False,missed_all_scales,True,False,True,multiple_scales
CHIN_ec0a221413a0122f,CHIN,MG1655,150060,152600,151330.0,2540,0.3627060568755217,2.13417683444189,2.13417683444189,322,0.2620032646666612,0.7388330700083545,0.7388330700083545,1836,0.1926343739848674,0.6511503962105982,0.6511503962105982,1160,2.13417683444189,small,False,False,False,False,False,False,False,missed_all_scales,False,False,False,missed_all_scales,False,False,False,missed_all_scales,True,False,False,small_only
CHIN_813ba6e5d823057e,CHIN,MG1655,150060,153540,151800.0,3480,0.3627060568755217,2.13417683444189,2.13417683444189,322,0.2620032646666612,0.7388330700083545,0.7388330700083545,1836,0.1926343739848674,0.6511503962105982,0.6511503962105982,1160,2.13417683444189,small,False,False,False,False,False,False,False,missed_all_scales,False,False,False,missed_all_scales,False,False,False,missed_all_scales,True,False,False,small_only
CHIN_72b6b435a0910cba,CHIN,MG1655,150060,154620,152340.0,4560,0.3627060568755217,2.13417683444189,2.13417683444189,322,0.2620032646666612,0.7388330700083545,0.7388330700083545,1836,0.1926343739848674,0.6511503962105982,0.6511503962105982,1160,2.13417683444189,small,False,False,False,False,False,False,False,missed_all_scales,False,False,False,missed_all_scales,False,False,False,missed_all_scales,True,False,False,small_only
CHIN_8bc99ad127e36986,CHIN,MG1655,153540,155700,154620.0,2160,0.3627060568755217,2.13417683444189,2.13417683444189,322,0.2620032646666612,0.7388330700083545,0.7388330700083545,1836,0.1926343739848674,0.6511503962105982,0.6511503962105982,1160,2.13417683444189,small,False,False,True,True,False,False,False,missed_all_scales,True,False,False,small_only,True,False,False,small_only,True,False,False,small_only
CHIN_7f578107de94ae33,CHIN,MG1655,156170,157290,156730.0,1120,0.26481957888480434,1.1723821434151054,1.1723821434151054,1921,0.2620032646666612,0.7388330700083545,0.7388330700083545,1836,0.1926343739848674,0.6511503962105982,0.6511503962105982,1160,1.1723821434151054,small,False,False,False,False,False,False,False,missed_all_scales,False,False,False,missed_all_scales,False,False,False,missed_all_scales,False,False,False,missed_all_scales
CHIN_ebff8dd814b0e30d,CHIN,MG1655,179740,181020,180380.0,1280,0.9686488614736788,0.05111281175484923,0.9686488614736788,2717,0.39408981724858305,1.3573324964312685,1.3573324964312685,478,0.23331091646272667,1.1099747497920323,1.1099747497920323,490,1.3573324964312685,medium,False,False,False,False,False,False,False,missed_all_scales,False,False,False,missed_all_scales,False,False,False,missed_all_scales,False,True,False,medium_only
CHIN_5e96eb45b53473d8,CHIN,MG1655,237000,238940,237970.0,1940,0.6430223691532944,0.05633273970291011,0.6430223691532944,4945,0.48735962534044525,0.388580515739622,0.48735962534044525,3285,0.1388579488088777,0.43388349073635124,0.43388349073635124,1868,0.6430223691532944,small,False,False,False,False,False,False,False,missed_all_scales,False,False,False,missed_all_scales,False,False,False,missed_all_scales,False,False,False,missed_all_scales
CHIN_6f0fc226dcac97e0,CHIN,MG1655,252280,253840,253060.0,1560,0.4233447137621577,0.5966589714807944,0.5966589714807944,5440,0.3613320414600405,0.7700119001010443,0.7700119001010443,1705,0.21132523779553344,0.610633770755989,0.610633770755989,1279,0.7700119001010443,medium,False,False,False,False,False,False,False,missed_all_scales,False,False,False,missed_all_scales,False,False,False,missed_all_scales,False,False,False,missed_all_scales
CHIN_95865e7aff35770d,CHIN,MG1655,252280,260520,256400.0,8240,0.449408115473306,0.7687049877280219,0.7687049877280219,3829,0.3613320414600405,0.7700119001010443,0.7700119001010443,1705,0.21132523779553344,0.610633770755989,0.610633770755989,1279,0.7700119001010443,medium,False,False,False,False,False,False,False,missed_all_scales,False,False,False,missed_all_scales,False,False,False,missed_all_scales,False,False,False,missed_all_scales
CHIN_347c5b87a6218f43,CHIN,MG1655,258700,260480,259590.0,1780,0.6641054388888568,0.02960259454482636,0.6641054388888568,4742,0.3805398919822649,0.06669592997389165,0.3805398919822649,4147,0.2809690514634763,0.27547135931274463,0.2809690514634763,2513,0.6641054388888568,small,False,False,False,False,False,False,False,missed_all_scales,False,False,False,missed_all_scales,False,False,False,missed_all_scales,False,False,False,missed_all_scales
CHIN_5a72ba4e9470db3b,CHIN,MG1655,262320,263560,262940.0,1240,0.4406213911935457,0.27005948105426253,0.4406213911935457,7242,0.0477785813978079,0.9158173998997807,0.9158173998997807,1223,0.02724691514086233,2.1702617153949575,2.1702617153949575,28,2.1702617153949575,large,False,True,True,True,False,False,True,large_only,False,False,True,large_only,False,False,True,large_only,False,False,True,large_only
CHIN_4c5f156d9cc89829,CHIN,MG1655,292430,295450,293940.0,3020,0.7701014378201069,0.03741627015186402,0.7701014378201069,3816,0.3963448308551098,0.11176842673714099,0.3963448308551098,3998,0.12500924468293573,0.39612844280958476,0.39612844280958476,2073,0.7701014378201069,small,False,False,False,False,False,False,False,missed_all_scales,False,False,False,missed_all_scales,False,False,False,missed_all_scales,False,False,False,missed_all_scales
CHIN_845f263abdb730a3,CHIN,MG1655,294940,296400,295670.0,1460,0.7701014378201069,0.03741627015186402,0.7701014378201069,3816,0.3963448308551098,0.11176842673714099,0.3963448308551098,3998,0.12500924468293573,0.39612844280958476,0.39612844280958476,2073,0.7701014378201069,small,False,False,False,False,False,False,False,missed_all_scales,False,False,False,missed_all_scales,False,False,False,missed_all_scales,False,False,False,missed_all_scales
CHIN_041bcc227cd53ba1,CHIN,MG1655,296440,298020,297230.0,1580,0.4663559628454942,0.26028649196289844,0.4663559628454942,6945,0.05116577646764674,0.5284859386308696,0.5284859386308696,2977,0.12500924468293573,0.39612844280958476,0.39612844280958476,2073,0.5284859386308696,medium,False,False,False,False,False,False,False,missed_all_scales,False,False,False,missed_all_scales,False,False,False,missed_all_scales,False,False,False,missed_all_scales
CHIN_532567826674af80,CHIN,MG1655,302620,304120,303370.0,1500,0.06901665237315383,0.8402652487824122,0.8402652487824122,3346,0.05398957752124807,0.795542775758481,0.795542775758481,1628,0.056318363088120604,0.41904815540274104,0.41904815540274104,1944,0.8402652487824122,small,False,False,False,False,False,False,False,missed_all_scales,False,False,False,missed_all_scales,False,False,False,missed_all_scales,False,False,False,missed_all_scales
CHIN_7398738e11297691,CHIN,MG1655,312500,314520,313510.0,2020,0.5900940186728845,0.06333308497893461,0.5900940186728845,5502,0.03079327064181423,0.4129620160898222,0.4129620160898222,3864,0.9739132387651245,0.03039403168970648,0.9739132387651245,612,0.9739132387651245,large,False,False,False,False,False,False,False,missed_all_scales,False,False,False,missed_all_scales,False,False,False,missed_all_scales,False,False,False,missed_all_scales
CHIN_b10a121ad52a995a,CHIN,MG1655,318290,319970,319130.0,1680,0.3251074428021279,1.517890526937825,1.517890526937825,939,2.635483746814912,0.021643210438477042,2.635483746814912,50,0.9739132387651245,0.03039403168970648,0.9739132387651245,612,2.635483746814912,medium,False,False,False,True,False,True,False,medium_only,False,True,False,medium_only,True,True,False,multiple_scales,True,True,False,multiple_scales
CHIN_312a74a025dbb29e,CHIN,MG1655,335190,336930,336060.0,1740,0.09315055772437233,1.6826318409459178,1.6826318409459178,602,0.04668808464288738,1.7859987446469028,1.7859987446469028,208,0.08598351196309512,1.068201724066995,1.068201724066995,539,1.7859987446469028,medium,False,False,False,False,False,False,False,missed_all_scales,False,False,False,missed_all_scales,False,True,False,medium_only,False,True,False,medium_only
CHIN_28ce20abf9be7e23,CHIN,MG1655,343740,345280,344510.0,1540,0.6670875823671361,0.07406239394109612,0.6670875823671361,4714,0.0394398786644426,0.4714979350034068,0.4714979350034068,3398,0.05300307363861406,0.4640314416799768,0.4640314416799768,1722,0.6670875823671361,small,False,False,False,False,False,False,False,missed_all_scales,False,False,False,missed_all_scales,False,False,False,missed_all_scales,False,False,False,missed_all_scales
CHIN_0dd4c64ce8f39b0c,CHIN,MG1655,431650,432910,432280.0,1260,1.5534928333244022,0.04989421210421733,1.5534928333244022,864,1.4893557111366742,0.0920583447246125,1.4893557111366742,358,1.1495653728158448,0.24864532634595266,1.1495653728158448,460,1.5534928333244022,small,False,False,False,True,False,False,False,missed_all_scales,False,False,False,missed_all_scales,True,True,False,multiple_scales,True,True,False,multiple_scales
CHIN_fba1a86abad8c7a7,CHIN,MG1655,479730,481550,480640.0,1820,0.6167256373801553,1.5456491908627406,1.5456491908627406,874,0.5527577103989478,0.9300951301263072,0.9300951301263072,1191,0.18801404561741109,0.9619414617258168,0.9619414617258168,634,1.5456491908627406,small,False,False,False,False,False,False,False,missed_all_scales,False,False,False,missed_all_scales,False,False,False,missed_all_scales,False,False,False,missed_all_scales
CHIN_71efee1581148a83,CHIN,MG1655,515700,516920,516310.0,1220,0.3567990389844501,1.1137438602891818,1.1137438602891818,2141,0.2654603847891651,0.8201681248046622,0.8201681248046622,1521,0.18126281041558756,1.3436554585072855,1.3436554585072855,331,1.3436554585072855,large,False,False,False,False,False,False,False,missed_all_scales,False,False,False,missed_all_scales,False,False,False,missed_all_scales,False,False,True,large_only
CHIN_80c12c16922655e6,CHIN,MG1655,526710,529470,528090.0,2760,0.03751433658213735,2.8727374618017207,2.8727374618017207,166,0.11762882790098123,0.9814150574958928,0.9814150574958928,1088,0.07696716975875392,0.924580868477821,0.924580868477821,676,2.8727374618017207,small,True,True,True,True,True,False,False,small_only,True,False,False,small_only,True,False,False,small_only,True,False,False,small_only
CHIN_8eb17f66486b0cb3,CHIN,MG1655,535810,538250,537030.0,2440,0.17436064461466602,1.1923461168650809,1.1923461168650809,1850,0.04945972972478428,0.9044345562473342,0.9044345562473342,1259,0.07696716975875392,0.924580868477821,0.924580868477821,676,1.1923461168650809,small,False,False,False,False,False,False,False,missed_all_scales,False,False,False,missed_all_scales,False,False,False,missed_all_scales,False,False,False,missed_all_scales
CHIN_756380c51ed71de1,CHIN,MG1655,537490,539170,538330.0,1680,0.17436064461466602,1.1923461168650809,1.1923461168650809,1850,0.04553414548920438,1.1861211560201654,1.1861211560201654,736,0.07696716975875392,0.924580868477821,0.924580868477821,676,1.1923461168650809,small,False,False,False,False,False,False,False,missed_all_scales,False,False,False,missed_all_scales,False,False,False,missed_all_scales,False,False,False,missed_all_scales
CHIN_765ae5aaa92eba4c,CHIN,MG1655,545170,546710,545940.0,1540,0.06207972027474444,1.0748791518300087,1.0748791518300087,2285,0.05857631464264758,1.3031627590368493,1.3031627590368493,573,0.056318363088120604,0.8897110235704293,0.8897110235704293,725,1.3031627590368493,medium,False,False,False,False,False,False,False,missed_all_scales,False,False,False,missed_all_scales,False,False,False,missed_all_scales,False,True,False,medium_only
CHIN_0665f54cdc25bc86,CHIN,MG1655,558190,560310,559250.0,2120,0.2864126482863387,1.4032275735773876,1.4032275735773876,1222,0.13993940926846357,0.861719458585021,0.861719458585021,1372,0.13088834825815382,0.5470124249970569,0.5470124249970569,1469,1.4032275735773876,small,False,False,False,False,False,False,False,missed_all_scales,False,False,False,missed_all_scales,False,False,False,missed_all_scales,True,False,False,small_only
CHIN_24c69819d9eb0ea3,CHIN,MG1655,558190,561210,559700.0,3020,0.2864126482863387,1.4032275735773876,1.4032275735773876,1222,0.13993940926846357,0.861719458585021,0.861719458585021,1372,0.13088834825815382,0.5470124249970569,0.5470124249970569,1469,1.4032275735773876,small,False,False,False,False,False,False,False,missed_all_scales,False,False,False,missed_all_scales,False,False,False,missed_all_scales,True,False,False,small_only
CHIN_7f52b12dfe4fe133,CHIN,MG1655,562020,564760,563390.0,2740,0.2864126482863387,1.4032275735773876,1.4032275735773876,1222,0.231547180813246,0.36672531079512594,0.36672531079512594,4274,0.13088834825815382,0.5470124249970569,0.5470124249970569,1469,1.4032275735773876,small,False,False,False,False,False,False,False,missed_all_scales,False,False,False,missed_all_scales,False,False,False,missed_all_scales,False,False,False,missed_all_scales
CHIN_7a803da6ac58d221,CHIN,MG1655,563970,568970,566470.0,5000,0.1251457458871809,0.7130386747758077,0.7130386747758077,4284,0.231547180813246,0.36672531079512594,0.36672531079512594,4274,0.13088834825815382,0.5470124249970569,0.5470124249970569,1469,0.7130386747758077,small,False,False,False,False,False,False,False,missed_all_scales,False,False,False,missed_all_scales,False,False,False,missed_all_scales,False,False,False,missed_all_scales
CHIN_a63720d7766d7461,CHIN,MG1655,568090,570890,569490.0,2800,0.18124742592358373,0.5481966574355512,0.5481966574355512,5952,0.2997769786790946,0.21165423884705822,0.2997769786790946,4800,0.14543953911030738,0.08048581981236352,0.14543953911030738,2756,0.5481966574355512,small,False,False,False,False,False,False,False,missed_all_scales,False,False,False,missed_all_scales,False,False,False,missed_all_scales,False,False,False,missed_all_scales
CHIN_8df27ebe669975c4,CHIN,MG1655,569420,572480,570950.0,3060,0.16304834585497407,0.7475030634514781,0.7475030634514781,3992,0.2997769786790946,0.21165423884705822,0.2997769786790946,4800,0.14543953911030738,0.08048581981236352,0.14543953911030738,2756,0.7475030634514781,small,False,False,False,False,False,False,False,missed_all_scales,False,False,False,missed_all_scales,False,False,False,missed_all_scales,False,False,False,missed_all_scales
CHIN_33fec0705cfb277a,CHIN,MG1655,570750,572390,571570.0,1640,0.16304834585497407,0.7475030634514781,0.7475030634514781,3992,0.2997769786790946,0.21165423884705822,0.2997769786790946,4800,0.14543953911030738,0.08048581981236352,0.14543953911030738,2756,0.7475030634514781,small,False,False,False,False,False,False,False,missed_all_scales,False,False,False,missed_all_scales,False,False,False,missed_all_scales,False,False,False,missed_all_scales
CHIN_a1e86caa5ea8ad7a,CHIN,MG1655,582900,585780,584340.0,2880,0.21257290757205857,0.9902759694767767,0.9902759694767767,2627,0.050631838317626326,0.8820959785115905,0.8820959785115905,1312,0.051339101964150334,0.5501119243936012,0.5501119243936012,1456,0.9902759694767767,small,False,False,False,False,False,False,False,missed_all_scales,False,False,False,missed_all_scales,False,False,False,missed_all_scales,False,False,False,missed_all_scales
CHIN_037eac2ae9ec84b3,CHIN,MG1655,617720,619520,618620.0,1800,0.04874296463296575,0.3501424961665362,0.3501424961665362,8447,0.04443198911774304,0.6946773105757379,0.6946773105757379,2016,0.056318363088120604,0.45716880277270167,0.45716880277270167,1752,0.6946773105757379,medium,False,False,False,False,False,False,False,missed_all_scales,False,False,False,missed_all_scales,False,False,False,missed_all_scales,False,False,False,missed_all_scales
CHIN_79b92fd133c7aa25,CHIN,MG1655,636260,638180,637220.0,1920,0.06734352281154737,0.917505303803914,0.917505303803914,2967,0.1829637827768063,0.4612923686059544,0.4612923686059544,3486,0.1595843588542459,0.6232009174746767,0.6232009174746767,1239,0.917505303803914,small,False,False,False,False,False,False,False,missed_all_scales,False,False,False,missed_all_scales,False,False,False,missed_all_scales,False,False,False,missed_all_scales
CHIN_03da8349566fc478,CHIN,MG1655,655540,657040,656290.0,1500,0.17840982856432008,1.2543429120970744,1.2543429120970744,1606,0.7090913124746382,0.107233323912881,0.7090913124746382,1963,0.0596850544176048,0.6926584466239865,0.6926584466239865,1005,1.2543429120970744,small,False,False,False,False,False,False,False,missed_all_scales,False,False,False,missed_all_scales,False,False,False,missed_all_scales,True,False,False,small_only
CHIN_f93cc107dd51e45a,CHIN,MG1655,660590,662490,661540.0,1900,0.27713495566169744,1.2683824518485203,1.2683824518485203,1561,0.23845593267531356,1.689436445469672,1.689436445469672,237,0.22580708576319175,1.2923242875587118,1.2923242875587118,366,1.689436445469672,medium,False,False,False,False,False,False,False,missed_all_scales,False,False,False,missed_all_scales,False,False,False,missed_all_scales,False,False,True,large_only
CHIN_5112515e92b132f5,CHIN,MG1655,676260,677580,676920.0,1320,0.1712089602472967,1.5401815932641951,1.5401815932641951,886,0.15047776727194195,0.823033445712667,0.823033445712667,1514,0.21132523779553344,0.7035180714706046,0.7035180714706046,959,1.5401815932641951,small,False,False,False,False,False,False,False,missed_all_scales,False,False,False,missed_all_scales,False,False,False,missed_all_scales,True,False,False,small_only
CHIN_12300449726e7c4d,CHIN,MG1655,676260,680280,678270.0,4020,0.10340787337080345,1.714752289073262,1.714752289073262,563,0.15047776727194195,0.823033445712667,0.823033445712667,1514,0.21132523779553344,0.7035180714706046,0.7035180714706046,959,1.714752289073262,small,False,False,True,True,False,False,False,missed_all_scales,False,False,False,missed_all_scales,True,False,False,small_only,True,False,False,small_only
CHIN_f6dd7eecdc24d3c3,CHIN,MG1655,715620,717120,716370.0,1500,0.7865527734197998,0.16911001152133082,0.7865527734197998,3701,0.10979170460156745,0.9527397543694622,0.9527397543694622,1149,0.8181864569750579,0.31622131016084165,0.8181864569750579,789,0.9527397543694622,medium,False,False,False,False,False,False,False,missed_all_scales,False,False,False,missed_all_scales,False,False,False,missed_all_scales,False,False,False,missed_all_scales
CHIN_71544cab6749d657,CHIN,MG1655,720100,721340,720720.0,1240,0.07901837038478135,0.592855945363324,0.592855945363324,5472,0.10979170460156745,0.9527397543694622,0.9527397543694622,1149,0.008893713159982502,1.2961677018918571,1.2961677018918571,365,1.2961677018918571,large,False,False,False,False,False,False,False,missed_all_scales,False,False,False,missed_all_scales,False,False,False,missed_all_scales,False,False,True,large_only
CHIN_101609e6a031b5b2,CHIN,MG1655,732990,736410,734700.0,3420,0.09701398773103756,3.0232524596337114,3.0232524596337114,46,0.03411701779219049,2.1839387533189405,2.1839387533189405,154,0.02724691514086233,2.1702617153949575,2.1702617153949575,97,3.0232524596337114,small,True,True,True,True,True,True,False,multiple_scales,True,True,False,multiple_scales,True,True,True,multiple_scales,True,True,True,multiple_scales
CHIN_31f753a6c5032426,CHIN,MG1655,735680,739080,737380.0,3400,0.09701398773103756,3.0232524596337114,3.0232524596337114,46,0.03411701779219049,2.1839387533189405,2.1839387533189405,154,0.02724691514086233,2.1702617153949575,2.1702617153949575,97,3.0232524596337114,small,False,False,False,True,False,True,False,medium_only,False,True,False,medium_only,True,True,True,multiple_scales,True,True,True,multiple_scales
CHIN_d09cbcfd88a8bdfb,CHIN,MG1655,748180,749460,748820.0,1280,0.08982299385460032,1.3256766638814401,1.3256766638814401,1406,0.13444393361835166,1.189436445469672,1.189436445469672,727,0.15354983765148256,1.0091520680279977,1.0091520680279977,593,1.3256766638814401,small,False,False,False,False,False,False,False,missed_all_scales,False,False,False,missed_all_scales,False,False,False,missed_all_scales,True,True,False,multiple_scales
CHIN_d42479337ed2ab90,CHIN,MG1655,751750,753190,752470.0,1440,0.10706187951019105,0.820801407600193,0.820801407600193,3469,0.13444393361835166,1.189436445469672,1.189436445469672,727,0.15354983765148256,1.0091520680279977,1.0091520680279977,593,1.189436445469672,medium,False,False,False,False,False,False,False,missed_all_scales,False,False,False,missed_all_scales,False,False,False,missed_all_scales,False,True,False,medium_only
CHIN_0f74c85e412d80b9,CHIN,MG1655,799970,802230,801100.0,2260,0.1101253010366992,1.374919864502946,1.374919864502946,1277,0.24366771663338965,1.0563025007672873,1.0563025007672873,946,0.1902642962307493,2.1702617153949575,2.1702617153949575,48,2.1702617153949575,large,False,True,True,True,False,False,False,missed_all_scales,False,False,True,large_only,False,False,True,large_only,True,False,True,multiple_scales
CHIN_ca0f2dc213c43b19,CHIN,MG1655,820280,821760,821020.0,1480,0.08177542642719396,1.0824460233945372,1.0824460233945372,2261,0.1505429249416621,0.6653500510919061,0.6653500510919061,2136,0.1368379599080077,0.9317010880351261,0.9317010880351261,671,1.0824460233945372,small,False,False,False,False,False,False,False,missed_all_scales,False,False,False,missed_all_scales,False,False,False,missed_all_scales,False,False,False,missed_all_scales
CHIN_8110991a73e48713,CHIN,MG1655,872520,876840,874680.0,4320,0.21953299066572152,1.918494952362396,1.918494952362396,417,0.21231519075000946,1.1962228490643088,1.1962228490643088,716,0.14909211311318207,1.9317010880351262,1.9317010880351262,166,1.9317010880351262,large,False,False,True,True,False,False,False,missed_all_scales,False,False,False,missed_all_scales,False,False,True,large_only,False,False,True,large_only
CHIN_be03a3bd16796038,CHIN,MG1655,997460,998920,998190.0,1460,0.09384104779477895,0.7732715268356163,0.7732715268356163,3784,0.0383959196098232,1.4546198288061158,1.4546198288061158,392,0.0596850544176048,0.7391960257384388,0.7391960257384388,885,1.4546198288061158,medium,False,False,False,False,False,False,False,missed_all_scales,False,False,False,missed_all_scales,False,False,False,missed_all_scales,False,False,False,missed_all_scales
CHIN_3b157ef6413ebd3b,CHIN,MG1655,998130,999910,999020.0,1780,0.017644918768439967,0.9964059902412349,0.9964059902412349,2603,0.051801445653148176,1.7464081216230904,1.7464081216230904,213,0.0596850544176048,0.7391960257384388,0.7391960257384388,885,1.7464081216230904,medium,False,False,False,False,False,False,False,missed_all_scales,False,False,False,missed_all_scales,False,False,False,missed_all_scales,False,False,False,missed_all_scales
CHIN_a61eedfc4b0326fc,CHIN,MG1655,1049000,1051220,1050110.0,2220,0.2175187956285228,0.7992860268376214,0.7992860268376214,3605,0.020587810048676998,0.5735579263313693,0.5735579263313693,2671,0.12500924468293573,1.3692317197309762,1.3692317197309762,309,1.3692317197309762,large,False,False,False,False,False,False,False,missed_all_scales,False,False,False,missed_all_scales,False,False,False,missed_all_scales,False,False,False,missed_all_scales
CHIN_04e54383f38f765c,CHIN,MG1655,1050610,1052710,1051660.0,2100,0.1447101485445118,0.8966561746944897,0.8966561746944897,3054,0.14207101776711695,0.6108747354798213,0.6108747354798213,2439,0.12500924468293573,1.3692317197309762,1.3692317197309762,309,1.3692317197309762,large,False,False,False,False,False,False,False,missed_all_scales,False,False,False,missed_all_scales,False,False,False,missed_all_scales,False,False,True,large_only
CHIN_bc4243d412e56afc,CHIN,MG1655,1064050,1065830,1064940.0,1780,0.5824089512488808,0.13401186521913355,0.5824089512488808,5587,0.06377647577372325,0.807147223872487,0.807147223872487,1579,0.10054257831587342,1.0655042081236419,1.0655042081236419,542,1.0655042081236419,large,False,False,False,False,False,False,False,missed_all_scales,False,False,False,missed_all_scales,False,False,False,missed_all_scales,False,False,False,missed_all_scales
CHIN_73e1a314282c7e31,CHIN,MG1655,1086240,1089040,1087640.0,2800,0.19559486399331016,1.2022181459629593,1.2022181459629593,1807,0.029736590985114674,0.7519058137738219,0.7519058137738219,1775,0.05300307363861406,0.31904644717219477,0.31904644717219477,2409,1.2022181459629593,small,False,False,False,False,False,False,False,missed_all_scales,False,False,False,missed_all_scales,False,False,False,missed_all_scales,False,False,False,missed_all_scales
CHIN_a305212f1c632ac0,CHIN,MG1655,1086240,1093920,1090080.0,7680,0.19559486399331016,1.2022181459629593,1.2022181459629593,1807,0.023245704198114545,2.03342375548695,2.03342375548695,166,0.05300307363861406,0.31904644717219477,0.31904644717219477,2409,2.03342375548695,medium,False,False,False,False,False,False,False,missed_all_scales,False,False,False,missed_all_scales,False,False,False,missed_all_scales,False,False,False,missed_all_scales
CHIN_f8eacba8473838ef,CHIN,MG1655,1087590,1089310,1088450.0,1720,0.19559486399331016,1.2022181459629593,1.2022181459629593,1807,0.04054777515422255,0.43036515082288895,0.43036515082288895,3721,0.05300307363861406,0.31904644717219477,0.31904644717219477,2409,1.2022181459629593,small,False,False,False,False,False,False,False,missed_all_scales,False,False,False,missed_all_scales,False,False,False,missed_all_scales,False,False,False,missed_all_scales
CHIN_f03aad61ac30b982,CHIN,MG1655,1090720,1094340,1092530.0,3620,0.19559486399331016,1.2022181459629593,1.2022181459629593,1807,0.023245704198114545,2.03342375548695,2.03342375548695,166,0.05300307363861406,0.31904644717219477,0.31904644717219477,2409,2.03342375548695,medium,False,False,False,False,False,False,False,missed_all_scales,False,False,False,missed_all_scales,False,False,False,missed_all_scales,False,False,False,missed_all_scales
CHIN_f2eb436a00c8388f,CHIN,MG1655,1092650,1096790,1094720.0,4140,0.20324988891791018,0.795107409192366,0.795107409192366,3642,0.023245704198114545,2.03342375548695,2.03342375548695,166,0.17905825096306,0.4183663738663668,0.4183663738663668,1948,2.03342375548695,medium,False,False,True,True,False,False,False,missed_all_scales,False,True,False,medium_only,False,True,False,medium_only,False,True,False,medium_only
CHIN_ed327955a26354f8,CHIN,MG1655,1101500,1103860,1102680.0,2360,0.3823563841852784,1.1091804059818182,1.1091804059818182,2160,0.22724709493228723,1.2406933907326994,1.2406933907326994,654,0.19715843847356596,1.9317010880351262,1.9317010880351262,167,1.9317010880351262,large,False,False,False,False,False,False,False,missed_all_scales,False,False,False,missed_all_scales,False,False,True,large_only,False,False,True,large_only
CHIN_5d2c28e9756edcc4,CHIN,MG1655,1103980,1105420,1104700.0,1440,0.1718055189767651,1.8035861127185802,1.8035861127185802,488,0.22386404085168193,1.3976481526526974,1.3976481526526974,445,0.19715843847356596,1.9317010880351262,1.9317010880351262,167,1.9317010880351262,large,False,False,False,False,False,False,False,missed_all_scales,False,False,False,missed_all_scales,False,True,True,multiple_scales,False,True,True,multiple_scales
CHIN_81761ead4e5babcc,CHIN,MG1655,1117780,1119480,1118630.0,1700,0.15246710195254473,1.1188095259538056,1.1188095259538056,2123,0.23928790206578515,1.712934726807784,1.712934726807784,220,0.2160192059556325,2.1702617153949575,2.1702617153949575,132,2.1702617153949575,large,False,False,True,True,False,False,False,missed_all_scales,False,False,False,missed_all_scales,False,False,True,large_only,False,False,True,large_only
CHIN_eece7eddb47ce44c,CHIN,MG1655,1118940,1121440,1120190.0,2500,0.20239892968515427,1.9309067442249122,1.9309067442249122,408,0.24366771663338965,2.03342375548695,2.03342375548695,167,0.2160192059556325,2.1702617153949575,2.1702617153949575,132,2.1702617153949575,large,False,False,True,True,False,False,False,missed_all_scales,False,True,False,medium_only,False,True,True,multiple_scales,False,True,True,multiple_scales
CHIN_c7e63e408c4c9165,CHIN,MG1655,1180270,1181990,1181130.0,1720,0.6482606944794271,1.83864453092864,1.83864453092864,460,0.5221709075170098,0.9819497714842629,0.9819497714842629,1085,0.25917767571094863,0.6267261124416896,0.6267261124416896,1229,1.83864453092864,small,False,False,False,False,False,False,False,missed_all_scales,False,False,False,missed_all_scales,False,False,False,missed_all_scales,False,False,False,missed_all_scales
CHIN_30fa1007486e99c0,CHIN,MG1655,1196620,1200380,1198500.0,3760,0.25578273505783067,1.3841043555880743,1.3841043555880743,1256,0.3184971689200753,1.4743740994479526,1.4743740994479526,377,0.18358231545175852,0.6888403747943361,0.6888403747943361,1009,1.4743740994479526,medium,False,False,False,False,False,False,False,missed_all_scales,False,False,False,missed_all_scales,False,False,False,missed_all_scales,True,False,False,small_only
CHIN_0b96404ea31c5cc5,CHIN,MG1655,1197850,1200030,1198940.0,2180,1.35855351995319,0.028310512060706235,1.35855351995319,1328,0.23324365226191568,0.800639392786808,0.800639392786808,1602,0.18358231545175852,0.6888403747943361,0.6888403747943361,1009,1.35855351995319,small,False,False,False,False,False,False,False,missed_all_scales,False,False,False,missed_all_scales,False,False,False,missed_all_scales,True,False,False,small_only
CHIN_887aeb65ed02a486,CHIN,MG1655,1201850,1203350,1202600.0,1500,0.19950962825945442,0.9976761984100209,0.9976761984100209,2599,0.19086091636842228,0.9565163233146852,0.9565163233146852,1144,0.18358231545175852,0.6888403747943361,0.6888403747943361,1009,0.9976761984100209,small,False,False,False,False,False,False,False,missed_all_scales,False,False,False,missed_all_scales,False,False,False,missed_all_scales,False,False,False,missed_all_scales
CHIN_a67bc4a756886582,CHIN,MG1655,1209910,1212870,1211390.0,2960,1.055725665018179,2.8727374618017207,2.8727374618017207,159,0.24905895592773514,1.3137574085718184,1.3137574085718184,552,0.18358231545175852,0.6888403747943361,0.6888403747943361,1009,2.8727374618017207,small,False,False,False,False,False,False,False,missed_all_scales,False,False,False,missed_all_scales,False,False,False,missed_all_scales,False,False,False,missed_all_scales
CHIN_66b05ab570831b8a,CHIN,MG1655,1214260,1217180,1215720.0,2920,0.4793085348872448,1.2724489984242968,1.2724489984242968,1548,0.6400924009133432,0.084040602480081,0.6400924009133432,2262,0.4428392853907023,0.2837709902224755,0.4428392853907023,1806,1.2724489984242968,small,False,False,False,False,False,False,False,missed_all_scales,False,False,False,missed_all_scales,False,False,False,missed_all_scales,True,False,False,small_only
CHIN_3ae2b7f708e898a3,CHIN,MG1655,1215940,1218880,1217410.0,2940,0.4793085348872448,1.2724489984242968,1.2724489984242968,1548,0.6400924009133432,0.084040602480081,0.6400924009133432,2262,0.4428392853907023,0.2837709902224755,0.4428392853907023,1806,1.2724489984242968,small,False,False,False,False,False,False,False,missed_all_scales,False,False,False,missed_all_scales,False,False,False,missed_all_scales,False,False,False,missed_all_scales
CHIN_48fed281505db35a,CHIN,MG1655,1215940,1221040,1218490.0,5100,0.1807077799287688,1.6858218892648056,1.6858218892648056,600,0.6400924009133432,0.084040602480081,0.6400924009133432,2262,0.4428392853907023,0.2837709902224755,0.4428392853907023,1806,1.6858218892648056,small,False,False,False,False,False,False,False,missed_all_scales,False,False,False,missed_all_scales,False,False,False,missed_all_scales,False,False,False,missed_all_scales
CHIN_1da809bfbf2865bd,CHIN,MG1655,1217950,1220390,1219170.0,2440,0.1807077799287688,1.6858218892648056,1.6858218892648056,600,0.6400924009133432,0.084040602480081,0.6400924009133432,2262,0.4428392853907023,0.2837709902224755,0.4428392853907023,1806,1.6858218892648056,small,False,False,False,False,False,False,False,missed_all_scales,False,False,False,missed_all_scales,False,False,False,missed_all_scales,False,False,False,missed_all_scales
CHIN_39d26f4e365a3b6a,CHIN,MG1655,1219500,1220780,1220140.0,1280,0.1807077799287688,1.6858218892648056,1.6858218892648056,600,0.6400924009133432,0.084040602480081,0.6400924009133432,2262,0.4428392853907023,0.2837709902224755,0.4428392853907023,1806,1.6858218892648056,small,False,False,False,True,False,False,False,missed_all_scales,False,False,False,missed_all_scales,True,False,False,small_only,True,False,False,small_only
CHIN_f6588d529a4d5c83,CHIN,MG1655,1228980,1230740,1229860.0,1760,0.37894901443822715,1.3166025775930854,1.3166025775930854,1429,0.3086556305675199,0.6686388923359647,0.6686388923359647,2124,0.2838076179093215,0.5863078103942173,0.5863078103942173,1347,1.3166025775930854,small,False,False,False,False,False,False,False,missed_all_scales,False,False,False,missed_all_scales,False,False,False,missed_all_scales,False,False,False,missed_all_scales
CHIN_6de429ae4e16dc37,CHIN,MG1655,1314540,1316520,1315530.0,1980,0.3040619888279602,1.578881979292265,1.578881979292265,808,0.0861376616607999,1.1632424107398278,1.1632424107398278,775,0.13085212384553307,1.693140460675295,1.693140460675295,215,1.693140460675295,large,False,False,False,True,False,False,False,missed_all_scales,False,False,False,missed_all_scales,False,False,True,large_only,False,False,True,large_only
CHIN_8d5285e73ae7443e,CHIN,MG1655,1369780,1372400,1371090.0,2620,0.020008741864136353,0.7449685486894192,0.7449685486894192,4015,0.01639041618816937,0.6408033399267883,0.6408033399267883,2261,0.063051745747089,0.3743955959190396,0.3743955959190396,2191,0.7449685486894192,small,False,False,False,False,False,False,False,missed_all_scales,False,False,False,missed_all_scales,False,False,False,missed_all_scales,False,False,False,missed_all_scales
CHIN_a4b9b499b72e0971,CHIN,MG1655,1381410,1383750,1382580.0,2340,0.12291625482248739,0.9793085348872448,0.9793085348872448,2666,0.2616768676357719,0.5949722035892452,0.5949722035892452,2532,0.22577904324478873,0.7900504736833514,0.7900504736833514,816,0.9793085348872448,small,False,False,False,False,False,False,False,missed_all_scales,False,False,False,missed_all_scales,False,False,False,missed_all_scales,False,False,False,missed_all_scales
CHIN_ca43f16bb916c0f9,CHIN,MG1655,1393890,1396230,1395060.0,2340,0.24987628096370898,1.178331755064959,1.178331755064959,1904,0.7613897333118118,0.014308707844885669,0.7613897333118118,1733,0.2564801597675956,0.6429551881165135,0.6429551881165135,1186,1.178331755064959,small,False,False,False,False,False,False,False,missed_all_scales,False,False,False,missed_all_scales,False,False,False,missed_all_scales,False,False,False,missed_all_scales
CHIN_fc815dfb8c7f111c,CHIN,MG1655,1411210,1412610,1411910.0,1400,0.10204520351959101,0.5899227436079056,0.5899227436079056,5503,0.13374055571382,1.3098447398158402,1.3098447398158402,564,0.07517993957960484,2.1702617153949575,2.1702617153949575,111,2.1702617153949575,large,False,False,True,True,False,False,False,missed_all_scales,False,False,False,missed_all_scales,False,False,True,large_only,False,False,True,large_only
CHIN_ca2ad0322ec77659,CHIN,MG1655,1412520,1414160,1413340.0,1640,0.10204520351959101,0.5899227436079056,0.5899227436079056,5503,0.13374055571382,1.3098447398158402,1.3098447398158402,564,0.07517993957960484,2.1702617153949575,2.1702617153949575,111,2.1702617153949575,large,False,False,True,True,False,False,False,missed_all_scales,False,False,False,missed_all_scales,False,False,True,large_only,False,False,True,large_only
CHIN_c194cc436f91eadf,CHIN,MG1655,1417480,1419240,1418360.0,1760,0.5276926072163828,0.1598102400517437,0.5276926072163828,6186,0.11833800830582378,0.6376661495161371,0.6376661495161371,2291,0.06647145801224175,1.747712695387829,1.747712695387829,205,1.747712695387829,large,False,False,False,False,False,False,False,missed_all_scales,False,False,False,missed_all_scales,False,False,False,missed_all_scales,False,False,False,missed_all_scales
CHIN_080a3fd4b9cab15f,CHIN,MG1655,1419250,1420750,1420000.0,1500,0.5276926072163828,0.1598102400517437,0.5276926072163828,6186,0.30289032092165624,0.10474996756745711,0.30289032092165624,4785,0.1595843588542459,0.5547819375206728,0.5547819375206728,1437,0.5547819375206728,large,False,False,False,False,False,False,False,missed_all_scales,False,False,False,missed_all_scales,False,False,False,missed_all_scales,False,False,False,missed_all_scales
CHIN_b62b5345635fb8d8,CHIN,MG1655,1475330,1477350,1476340.0,2020,0.4418463356103278,0.9697832342646223,0.9697832342646223,2711,0.055724212167316184,0.5249331868341595,0.5249331868341595,3011,0.02108629653537895,2.1702617153949575,2.1702617153949575,6,2.1702617153949575,large,False,True,True,True,False,False,True,large_only,False,False,True,large_only,False,False,True,large_only,False,False,True,large_only
CHIN_20739850c2069452,CHIN,MG1655,1475330,1479670,1477500.0,4340,0.4418463356103278,0.9697832342646223,0.9697832342646223,2711,0.0410911964394854,1.4743740994479526,1.4743740994479526,376,0.02108629653537895,2.1702617153949575,2.1702617153949575,6,2.1702617153949575,large,False,False,False,False,False,False,False,missed_all_scales,False,False,False,missed_all_scales,False,False,False,missed_all_scales,False,False,False,missed_all_scales
CHIN_9c9130eaf8d782b3,CHIN,MG1655,1519960,1521340,1520650.0,1380,0.3629197263010626,0.8325144144961965,0.8325144144961965,3395,0.12247056681078815,0.8975029522187002,0.8975029522187002,1273,0.14915121419976646,2.1702617153949575,2.1702617153949575,1,2.1702617153949575,large,False,True,True,True,False,False,True,large_only,False,False,True,large_only,False,False,True,large_only,False,False,True,large_only
CHIN_db627b41dbbead17,CHIN,MG1655,1526710,1530630,1528670.0,3920,0.029258536907061948,1.1383423307519154,1.1383423307519154,2048,0.04555710687294841,1.1220129328353974,1.1220129328353974,851,0.12500924468293573,0.5736994162177267,0.5736994162177267,1384,1.1383423307519154,small,False,False,False,False,False,False,False,missed_all_scales,False,False,False,missed_all_scales,False,False,False,missed_all_scales,False,False,False,missed_all_scales
CHIN_a8c0513faced91e6,CHIN,MG1655,1529440,1532720,1531080.0,3280,0.0083121098407749,0.961342966624213,0.961342966624213,2760,0.037318263596755746,0.20503637453609236,0.20503637453609236,5380,0.010396468229845104,0.41795833007398053,0.41795833007398053,1968,0.961342966624213,small,False,False,False,False,False,False,False,missed_all_scales,False,False,False,missed_all_scales,False,False,False,missed_all_scales,False,False,False,missed_all_scales
CHIN_bdc62f0b6d196924,CHIN,MG1655,1566010,1567870,1566940.0,1860,0.016573847953201284,0.6481834755884772,0.6481834755884772,4899,0.007094816764600562,0.6340984327643152,0.6340984327643152,2309,0.005908859610520279,1.1200764428361758,1.1200764428361758,476,1.1200764428361758,large,False,False,False,False,False,False,False,missed_all_scales,False,False,False,missed_all_scales,False,False,False,missed_all_scales,False,False,False,missed_all_scales
CHIN_d45c7c6f4a11fa68,CHIN,MG1655,1575090,1577150,1576120.0,2060,0.018072159158070714,1.7543429120970744,1.7543429120970744,523,0.01691303314549438,2.007847494263259,2.007847494263259,175,0.008893713159982502,0.6076838006046923,0.6076838006046923,1285,2.007847494263259,medium,False,False,True,True,False,False,False,missed_all_scales,True,True,False,multiple_scales,True,True,False,multiple_scales,True,True,False,multiple_scales
CHIN_a836f1c637e50e10,CHIN,MG1655,1577970,1580910,1579440.0,2940,0.4191608181069155,1.9564830054486027,1.9564830054486027,401,0.01691303314549438,2.007847494263259,2.007847494263259,175,0.23602766588446406,0.4385391995097435,0.4385391995097435,1835,2.007847494263259,medium,False,False,False,False,False,False,False,missed_all_scales,False,False,False,missed_all_scales,False,False,False,missed_all_scales,False,False,False,missed_all_scales
CHIN_76e05e2f594dedf6,CHIN,MG1655,1581250,1584230,1582740.0,2980,0.4191608181069155,1.9564830054486027,1.9564830054486027,401,0.5335595149417948,0.21508579739136524,0.5335595149417948,2937,0.23602766588446406,0.4385391995097435,0.4385391995097435,1835,1.9564830054486027,small,False,False,True,True,False,False,False,missed_all_scales,True,False,False,small_only,True,False,False,small_only,True,False,False,small_only
CHIN_65f6e92014e70d27,CHIN,MG1655,1586080,1590460,1588270.0,4380,1.0387776191430402,0.07193232991921523,1.0387776191430402,2428,0.020062665316428016,1.4672538798906474,1.4672538798906474,380,0.05300307363861406,1.0286111010431824,1.0286111010431824,582,1.4672538798906474,medium,False,False,False,False,False,False,False,missed_all_scales,False,False,False,missed_all_scales,False,False,False,missed_all_scales,False,False,False,missed_all_scales
CHIN_bc406ed7cc5a05e9,CHIN,MG1655,1596300,1598600,1597450.0,2300,0.013801563835017539,0.7809388512928198,0.7809388512928198,3740,0.02059804445519483,1.4400161932632225,1.4400161932632225,408,0.06475487009304476,1.1724441180961824,1.1724441180961824,446,1.4400161932632225,medium,False,False,False,False,False,False,False,missed_all_scales,False,False,False,missed_all_scales,False,False,False,missed_all_scales,False,False,False,missed_all_scales
CHIN_43f7d66b2dcd0645,CHIN,MG1655,1615310,1617130,1616220.0,1820,0.045779229248530354,1.1481525957191203,1.1481525957191203,2010,0.05870435496869755,1.8344537511509311,1.8344537511509311,199,0.05799518409191452,1.7811860902031356,1.7811860902031356,197,1.8344537511509311,medium,False,False,True,True,False,False,False,missed_all_scales,False,True,False,medium_only,False,True,True,multiple_scales,False,True,True,multiple_scales
CHIN_db385658b1636eac,CHIN,MG1655,1630880,1632680,1631780.0,1800,0.0992379985790829,0.7310868474499461,0.7310868474499461,4138,0.21967681916036264,0.579030501688255,0.579030501688255,2633,0.13285349507237004,2.1702617153949575,2.1702617153949575,15,2.1702617153949575,large,False,True,True,True,False,False,True,large_only,False,False,True,large_only,False,False,True,large_only,False,False,True,large_only
CHIN_a11de8d01a5ecd10,CHIN,MG1655,1636990,1639070,1638030.0,2080,0.23874995343985186,0.7673508715666335,0.7673508715666335,3840,0.19967393113152052,0.27319427154767506,0.27319427154767506,4975,0.03682849478436696,2.1702617153949575,2.1702617153949575,51,2.1702617153949575,large,False,True,True,True,False,False,False,missed_all_scales,False,False,True,large_only,False,False,True,large_only,False,False,True,large_only
CHIN_437d690d7167424d,CHIN,MG1655,1646300,1649960,1648130.0,3660,0.10379015281103651,0.7839764261506812,0.7839764261506812,3721,0.23416870851943195,0.4069972399970031,0.4069972399970031,3918,0.19512798138816315,0.45554708320406356,0.45554708320406356,1763,0.7839764261506812,small,False,False,False,False,False,False,False,missed_all_scales,False,False,False,missed_all_scales,False,False,False,missed_all_scales,False,False,False,missed_all_scales
CHIN_ea1e5b49df376026,CHIN,MG1655,1753290,1755370,1754330.0,2080,1.0052575811654982,0.16155335955684963,1.0052575811654982,2563,0.04665346364260253,1.4904664411336532,1.4904664411336532,355,0.18358231545175852,0.5028338705863116,0.5028338705863116,1577,1.4904664411336532,medium,False,False,False,True,False,False,False,missed_all_scales,False,False,False,missed_all_scales,False,True,False,medium_only,False,True,False,medium_only
CHIN_c6c62ce7bb03095b,CHIN,MG1655,1771840,1774000,1772920.0,2160,0.22641784498392753,1.307490167539986,1.307490167539986,1448,0.18678017698412194,0.7120060843050001,0.7120060843050001,1950,0.12302615107413503,1.3982276932198197,1.3982276932198197,297,1.3982276932198197,large,False,False,False,False,False,False,False,missed_all_scales,False,False,False,missed_all_scales,False,False,False,missed_all_scales,False,False,False,missed_all_scales
CHIN_4fb329424e3dad09,CHIN,MG1655,1775480,1776960,1776220.0,1480,0.2120283549617479,0.9605118267834145,0.9605118267834145,2765,0.03999312034192731,1.0238656102634134,1.0238656102634134,997,0.1813085015763982,1.068201724066995,1.068201724066995,541,1.068201724066995,large,False,False,False,False,False,False,False,missed_all_scales,False,False,False,missed_all_scales,False,False,False,missed_all_scales,False,False,False,missed_all_scales
CHIN_0aff14c0f8d8b7e0,CHIN,MG1655,1802700,1805220,1803960.0,2520,2.8727374618017207,0.026523321962073784,2.8727374618017207,170,1.7257117790439778,0.028028723600243537,1.7257117790439778,217,1.3296410967071637,0.063051745747089,1.3296410967071637,337,2.8727374618017207,small,False,False,False,False,False,False,False,missed_all_scales,False,False,False,missed_all_scales,False,True,False,medium_only,True,True,True,multiple_scales
CHIN_1181d296a9d4466d,CHIN,MG1655,1843870,1845130,1844500.0,1260,0.23017493694628388,0.966748989633244,0.966748989633244,2732,0.22386404085168193,0.9175615638226915,0.9175615638226915,1219,0.10580372616803892,2.1702617153949575,2.1702617153949575,55,2.1702617153949575,large,False,True,True,True,False,False,False,missed_all_scales,False,False,True,large_only,False,False,True,large_only,False,False,True,large_only
CHIN_2f14634f1542e0cf,CHIN,MG1655,1852690,1854510,1853600.0,1820,0.21049283082533515,1.807570577554218,1.807570577554218,482,0.24455222800281295,1.3513828847814147,1.3513828847814147,497,0.24864532634595266,1.113290039241539,1.113290039241539,485,1.807570577554218,small,False,False,False,False,False,False,False,missed_all_scales,False,False,False,missed_all_scales,False,False,False,missed_all_scales,False,False,False,missed_all_scales
CHIN_2a056e8d00f0d57e,CHIN,MG1655,1856500,1858100,1857300.0,1600,0.20375837996187046,1.8191324769777866,1.8191324769777866,477,0.24455222800281295,1.3513828847814147,1.3513828847814147,497,0.24864532634595266,1.113290039241539,1.113290039241539,485,1.8191324769777866,small,False,False,True,True,False,False,False,missed_all_scales,True,False,False,small_only,True,True,False,multiple_scales,True,True,False,multiple_scales
CHIN_1b43b15c8ca43bcc,CHIN,MG1655,1869840,1872100,1870970.0,2260,0.44346435169449205,1.6211827434660362,1.6211827434660362,718,0.2517277147349666,1.2881811473481277,1.2881811473481277,592,0.2233253759974167,1.1702617153949573,1.1702617153949573,448,1.6211827434660362,small,False,False,False,False,False,False,False,missed_all_scales,False,False,False,missed_all_scales,False,False,False,missed_all_scales,False,False,False,missed_all_scales
CHIN_413c7aed4a1f2e45,CHIN,MG1655,1869840,1873960,1871900.0,4120,0.44346435169449205,1.6211827434660362,1.6211827434660362,718,0.2517277147349666,1.2881811473481277,1.2881811473481277,592,0.2233253759974167,1.1702617153949573,1.1702617153949573,448,1.6211827434660362,small,False,False,False,True,False,False,False,missed_all_scales,False,False,False,missed_all_scales,True,False,False,small_only,True,False,False,small_only
CHIN_e79e0f2a30775d13,CHIN,MG1655,2010930,2012450,2011690.0,1520,0.24567015589413815,1.1383423307519154,1.1383423307519154,2046,0.2401652658490604,0.9911356165197842,0.9911356165197842,1062,0.19715843847356596,2.1702617153949575,2.1702617153949575,43,2.1702617153949575,large,False,True,True,True,False,False,False,missed_all_scales,False,False,True,large_only,False,False,True,large_only,False,False,True,large_only
CHIN_75bef55d7e6d8415,CHIN,MG1655,2023320,2024820,2024070.0,1500,0.3710158128719495,1.6000839035688088,1.6000839035688088,759,0.22558021451953408,0.5599981307836062,0.5599981307836062,2760,0.1388579488088777,2.1702617153949575,2.1702617153949575,80,2.1702617153949575,large,False,True,True,True,False,False,False,missed_all_scales,False,False,True,large_only,False,False,True,large_only,False,False,True,large_only
CHIN_3316498dc3a118cd,CHIN,MG1655,2035550,2037570,2036560.0,2020,0.16646351102305007,1.9080279989445745,1.9080279989445745,423,0.1150125644341427,1.1772567725399496,1.1772567725399496,746,0.1388579488088777,2.1702617153949575,2.1702617153949575,80,2.1702617153949575,large,False,True,True,True,False,False,False,missed_all_scales,True,False,True,multiple_scales,True,False,True,multiple_scales,True,False,True,multiple_scales
CHIN_ac3eded02b4ccf68,CHIN,MG1655,2052200,2053560,2052880.0,1360,0.5354538483733375,1.47306718707493,1.47306718707493,1042,0.04221039833882812,0.9838857181046676,0.9838857181046676,1078,0.2513097430984862,0.9176867262350044,0.9176867262350044,688,1.47306718707493,small,False,False,False,False,False,False,False,missed_all_scales,False,False,False,missed_all_scales,False,False,False,missed_all_scales,False,False,False,missed_all_scales
CHIN_ae3487f724c72e24,CHIN,MG1655,2056360,2057820,2057090.0,1460,0.5354538483733375,1.47306718707493,1.47306718707493,1042,0.3811784916002059,0.6671766158273065,0.6671766158273065,2130,0.2513097430984862,0.9176867262350044,0.9176867262350044,688,1.47306718707493,small,False,False,False,False,False,False,False,missed_all_scales,False,False,False,missed_all_scales,False,False,False,missed_all_scales,False,False,False,missed_all_scales
CHIN_9336b6dd24567a55,CHIN,MG1655,2102940,2104420,2103680.0,1480,1.5316649236148048,0.03380264196701965,1.5316649236148048,918,1.475410603759385,0.08832855756910615,1.475410603759385,371,1.1617450457455671,0.061388178763560564,1.1617450457455671,451,1.5316649236148048,small,False,False,False,True,False,False,False,missed_all_scales,False,False,False,missed_all_scales,True,False,False,small_only,True,False,False,small_only
CHIN_4c5b118b76314438,CHIN,MG1655,2102940,2105920,2104430.0,2980,1.5316649236148048,0.03380264196701965,1.5316649236148048,918,1.475410603759385,0.07438400206861848,1.475410603759385,370,1.1617450457455671,0.061388178763560564,1.1617450457455671,451,1.5316649236148048,small,False,False,False,True,False,False,False,missed_all_scales,False,False,False,missed_all_scales,True,False,False,small_only,True,False,False,small_only
CHIN_27fcb8c59cdd19ed,CHIN,MG1655,2102940,2106440,2104690.0,3500,1.5316649236148048,0.03380264196701965,1.5316649236148048,918,1.475410603759385,0.07438400206861848,1.475410603759385,370,1.1617450457455671,0.061388178763560564,1.1617450457455671,451,1.5316649236148048,small,False,False,False,True,False,False,False,missed_all_scales,False,False,False,missed_all_scales,True,False,False,small_only,True,False,False,small_only
CHIN_cb62ec523cd9aabf,CHIN,MG1655,2103970,2107410,2105690.0,3440,1.5316649236148048,0.03380264196701965,1.5316649236148048,918,1.475410603759385,0.07438400206861848,1.475410603759385,370,1.1617450457455671,0.061388178763560564,1.1617450457455671,451,1.5316649236148048,small,False,False,False,True,False,False,False,missed_all_scales,False,False,False,missed_all_scales,True,True,False,multiple_scales,True,True,False,multiple_scales
CHIN_4bd6df699a4a442d,CHIN,MG1655,2105150,2107890,2106520.0,2740,1.5316649236148048,0.03380264196701965,1.5316649236148048,918,1.475410603759385,0.07438400206861848,1.475410603759385,370,1.1617450457455671,0.061388178763560564,1.1617450457455671,451,1.5316649236148048,small,False,False,False,False,False,False,False,missed_all_scales,False,False,False,missed_all_scales,True,True,False,multiple_scales,True,True,False,multiple_scales
CHIN_6a1a24c637d17f3b,CHIN,MG1655,2105150,2108710,2106930.0,3560,1.5316649236148048,0.03380264196701965,1.5316649236148048,918,1.475410603759385,0.07438400206861848,1.475410603759385,370,1.1617450457455671,0.061388178763560564,1.1617450457455671,451,1.5316649236148048,small,False,False,False,False,False,False,False,missed_all_scales,False,False,False,missed_all_scales,True,True,False,multiple_scales,True,True,False,multiple_scales
CHIN_aafbbc0179d18cd3,CHIN,MG1655,2106480,2109140,2107810.0,2660,1.5234697155207204,0.036257438645191514,1.5234697155207204,926,1.475410603759385,0.07438400206861848,1.475410603759385,370,1.1617450457455671,0.061388178763560564,1.1617450457455671,451,1.5234697155207204,small,False,False,False,False,False,False,False,missed_all_scales,False,False,False,missed_all_scales,True,True,False,multiple_scales,True,True,False,multiple_scales
CHIN_ca9b1395fa31ca60,CHIN,MG1655,2108740,2110960,2109850.0,2220,1.467957604484087,0.030258258269631043,1.467957604484087,1051,1.475410603759385,0.07438400206861848,1.475410603759385,370,1.1617450457455671,0.061388178763560564,1.1617450457455671,451,1.475410603759385,medium,False,False,False,False,False,False,False,missed_all_scales,False,False,False,missed_all_scales,True,True,False,multiple_scales,True,True,False,multiple_scales
CHIN_838823b66ebc9485,CHIN,MG1655,2114070,2115310,2114690.0,1240,0.5645312158122353,1.1018542620459213,1.1018542620459213,2189,0.8269835762544626,0.12918955541363397,0.8269835762544626,1501,1.1617450457455671,0.061388178763560564,1.1617450457455671,451,1.1617450457455671,large,False,False,False,False,False,False,False,missed_all_scales,False,False,False,missed_all_scales,False,False,False,missed_all_scales,False,False,False,missed_all_scales
CHIN_efd3b9f350308704,CHIN,MG1655,2128380,2130680,2129530.0,2300,0.5219016709414752,0.08636437537735855,0.5219016709414752,6251,0.0394398786644426,0.6705444849865205,0.6705444849865205,2111,0.06136187542139872,0.5863078103942173,0.5863078103942173,1348,0.6705444849865205,medium,False,False,False,False,False,False,False,missed_all_scales,False,False,False,missed_all_scales,False,False,False,missed_all_scales,False,False,False,missed_all_scales
CHIN_7342c9e2862bcb5d,CHIN,MG1655,2167780,2170120,2168950.0,2340,0.3021521586146748,0.44294917413148926,0.44294917413148926,7205,0.37938177061867445,0.01586905401466197,0.37938177061867445,4157,0.10778149000018486,0.877531350640707,0.877531350640707,735,0.877531350640707,large,False,False,False,False,False,False,False,missed_all_scales,False,False,False,missed_all_scales,False,False,False,missed_all_scales,False,False,False,missed_all_scales
CHIN_ce6a7185cf5fa235,CHIN,MG1655,2169510,2173210,2171360.0,3700,1.1267066595454214,0.2588956399256516,1.1267066595454214,2094,1.43478347642414,0.023230164451373436,1.43478347642414,412,0.7310008176443541,0.06475487009304476,0.7310008176443541,910,1.43478347642414,medium,False,False,False,False,False,False,False,missed_all_scales,False,False,False,missed_all_scales,False,True,False,medium_only,False,True,False,medium_only
CHIN_1c70d1a650016e04,CHIN,MG1655,2172240,2175080,2173660.0,2840,3.0232524596337114,0.018931298719755678,3.0232524596337114,120,1.5417233863966806,0.02006011297014429,1.5417233863966806,328,1.0563183630881205,0.056318363088120604,1.0563183630881205,546,3.0232524596337114,small,False,False,False,True,False,False,False,missed_all_scales,False,False,False,missed_all_scales,True,True,False,multiple_scales,True,True,False,multiple_scales
CHIN_2d7af64b36b410f4,CHIN,MG1655,2178150,2180190,2179170.0,2040,3.0232524596337114,0.021302572350957387,3.0232524596337114,35,1.5417233863966806,0.02006011297014429,1.5417233863966806,328,1.0563183630881205,0.056318363088120604,1.0563183630881205,546,3.0232524596337114,small,False,False,False,False,False,False,False,missed_all_scales,False,False,False,missed_all_scales,False,True,False,medium_only,True,True,False,multiple_scales
CHIN_a291d6c5e031b26b,CHIN,MG1655,2187330,2188810,2188070.0,1480,0.13839952112703624,1.1960679141460684,1.1960679141460684,1835,0.15119324482516636,0.9527397543694622,0.9527397543694622,1151,0.755609828979445,0.13285349507237004,0.755609828979445,870,1.1960679141460684,small,False,False,False,False,False,False,False,missed_all_scales,False,False,False,missed_all_scales,False,False,False,missed_all_scales,False,False,False,missed_all_scales
CHIN_adea01451cb1d0a7,CHIN,MG1655,2187330,2192810,2190070.0,5480,0.13839952112703624,1.1960679141460684,1.1960679141460684,1835,0.15119324482516636,0.9527397543694622,0.9527397543694622,1151,0.755609828979445,0.13285349507237004,0.755609828979445,870,1.1960679141460684,small,False,False,False,False,False,False,False,missed_all_scales,False,False,False,missed_all_scales,False,False,False,missed_all_scales,False,False,False,missed_all_scales
CHIN_c6b545edf6771073,CHIN,MG1655,2188010,2189870,2188940.0,1860,0.13839952112703624,1.1960679141460684,1.1960679141460684,1835,0.8458778566991625,0.08528296429284049,0.8458778566991625,1430,0.755609828979445,0.13285349507237004,0.755609828979445,870,1.1960679141460684,small,False,False,False,False,False,False,False,missed_all_scales,False,False,False,missed_all_scales,False,False,False,missed_all_scales,False,False,False,missed_all_scales
CHIN_21ff4711ee55e68c,CHIN,MG1655,2190110,2192670,2191390.0,2560,0.9304813822065239,0.06367940509526654,0.9304813822065239,2909,0.8458778566991625,0.08528296429284049,0.8458778566991625,1430,0.20180387492233046,0.64029077136398,0.64029077136398,1190,0.9304813822065239,small,False,False,False,False,False,False,False,missed_all_scales,False,False,False,missed_all_scales,False,False,False,missed_all_scales,False,False,False,missed_all_scales
CHIN_170b0a1b9643a8db,CHIN,MG1655,2233020,2234220,2233620.0,1200,0.7708132299286035,0.9109859283306686,0.9109859283306686,2996,0.6803316627806277,0.3776395295429623,0.6803316627806277,2081,0.22577904324478873,0.6960552325056568,0.6960552325056568,982,0.9109859283306686,small,False,False,False,False,False,False,False,missed_all_scales,False,False,False,missed_all_scales,False,False,False,missed_all_scales,False,False,False,missed_all_scales
CHIN_a50686a688e4cb02,CHIN,MG1655,2237570,2239470,2238520.0,1900,0.2715845951388987,2.1270566148845846,2.1270566148845846,324,0.3099659495543775,1.7859987446469028,1.7859987446469028,209,0.1702617153949574,2.1702617153949575,2.1702617153949575,36,2.1702617153949575,large,False,True,True,True,False,False,False,missed_all_scales,True,True,True,multiple_scales,True,True,True,multiple_scales,True,True,True,multiple_scales
CHIN_57f596abaeaccae4,CHIN,MG1655,2254830,2256110,2255470.0,1280,0.20967198344632354,0.851962170942898,0.851962170942898,3275,0.10914639286082019,1.3317562352075778,1.3317562352075778,522,0.1368379599080077,1.9317010880351262,1.9317010880351262,163,1.9317010880351262,large,False,False,True,True,False,False,False,missed_all_scales,False,False,False,missed_all_scales,False,True,True,multiple_scales,False,True,True,multiple_scales
CHIN_072974e2927b123b,CHIN,MG1655,2257770,2259530,2258650.0,1760,1.789078794427633,0.05087002370449491,1.789078794427633,495,1.4080613168106568,0.07983568357378083,1.4080613168106568,435,0.1368379599080077,1.9317010880351262,1.9317010880351262,163,1.9317010880351262,large,False,False,True,True,False,False,False,missed_all_scales,False,False,False,missed_all_scales,True,True,True,multiple_scales,True,True,True,multiple_scales
CHIN_13ce252fbae0cbfe,CHIN,MG1655,2343360,2344660,2344010.0,1300,0.12400448133884062,0.7307704050734163,0.7307704050734163,4141,0.15766873035192902,0.8436010626724122,0.8436010626724122,1438,0.1595430171614125,2.1702617153949575,2.1702617153949575,77,2.1702617153949575,large,False,True,True,True,False,False,False,missed_all_scales,False,False,True,large_only,False,False,True,large_only,False,False,True,large_only
CHIN_dd92f5d829bb4be0,CHIN,MG1655,2383080,2385200,2384140.0,2120,0.32786259866690537,1.149935360164922,1.149935360164922,2002,0.13786803673248593,1.2392879020657852,1.2392879020657852,660,1.4801560945391543,0.025690297428790844,1.4801560945391543,266,1.4801560945391543,large,False,False,False,False,False,False,False,missed_all_scales,False,False,False,missed_all_scales,False,False,False,missed_all_scales,False,False,True,large_only
CHIN_91904b7e5910e56c,CHIN,MG1655,2385750,2387030,2386390.0,1280,0.42669016045648067,0.983661836609899,0.983661836609899,2650,1.0680765616546821,0.06611614783103811,1.0680765616546821,924,2.1702617153949575,0.02104260273957747,2.1702617153949575,52,2.1702617153949575,large,False,False,False,False,False,False,False,missed_all_scales,False,False,False,missed_all_scales,False,False,False,missed_all_scales,False,False,True,large_only
CHIN_0d7c2ca69d1c63c8,CHIN,MG1655,2385750,2388850,2387300.0,3100,1.6267066595454214,0.0185013040427104,1.6267066595454214,700,2.635483746814912,0.030184048897486673,2.635483746814912,82,2.1702617153949575,0.11395921462767011,2.1702617153949575,47,2.635483746814912,medium,False,False,False,False,False,False,False,missed_all_scales,False,False,False,missed_all_scales,False,False,False,missed_all_scales,False,False,True,large_only
CHIN_8996a4742f03d7bd,CHIN,MG1655,2454600,2456380,2455490.0,1780,0.05554770294631595,0.8790048837469338,0.8790048837469338,3145,0.0984597122835956,0.9259190929439243,0.9259190929439243,1203,0.15119017040998617,1.0971976975558384,1.0971976975558384,493,1.0971976975558384,large,False,False,False,False,False,False,False,missed_all_scales,False,False,False,missed_all_scales,False,False,False,missed_all_scales,False,False,False,missed_all_scales
CHIN_ec6956bb3f5f4be0,CHIN,MG1655,2462580,2464380,2463480.0,1800,0.3676405044174834,1.0615009261626591,1.0615009261626591,2342,0.12638323556676645,0.883044517109804,0.883044517109804,1311,0.16814403221522364,0.7915637009984453,0.7915637009984453,815,1.0615009261626591,small,False,False,False,False,False,False,False,missed_all_scales,False,False,False,missed_all_scales,False,False,False,missed_all_scales,False,False,False,missed_all_scales
CHIN_d39507f936616600,CHIN,MG1655,2480930,2483750,2482340.0,2820,0.06567711420202765,1.3464866800948303,1.3464866800948303,1366,0.14132915279646932,1.3829087576549592,1.3829087576549592,457,0.12500924468293573,1.247712695387829,1.247712695387829,397,1.3829087576549592,medium,False,False,False,False,False,False,False,missed_all_scales,False,False,False,missed_all_scales,False,False,False,missed_all_scales,False,False,False,missed_all_scales
CHIN_22e07f81f47f41b7,CHIN,MG1655,2480930,2486830,2483880.0,5900,0.06567711420202765,1.3464866800948303,1.3464866800948303,1366,0.14132915279646932,1.3829087576549592,1.3829087576549592,457,0.12500924468293573,1.247712695387829,1.247712695387829,397,1.3829087576549592,medium,False,False,False,False,False,False,False,missed_all_scales,False,False,False,missed_all_scales,False,False,False,missed_all_scales,True,False,False,small_only
CHIN_a5786a3ebf4f757f,CHIN,MG1655,2482490,2486530,2484510.0,4040,1.228389331506593,0.04143597747675495,1.228389331506593,1691,0.9793950685950228,0.07858892097491864,0.9793950685950228,1093,0.12500924468293573,1.247712695387829,1.247712695387829,397,1.247712695387829,large,False,False,False,False,False,False,False,missed_all_scales,False,False,False,missed_all_scales,False,False,False,missed_all_scales,True,False,False,small_only
CHIN_7166ae9780b2f33d,CHIN,MG1655,2485190,2488290,2486740.0,3100,0.2962372766315806,1.468463186181518,1.468463186181518,1047,0.27677332845372465,1.263337255253574,1.263337255253574,627,0.2334270690415602,0.940565471515342,0.940565471515342,660,1.468463186181518,small,False,False,False,False,False,False,False,missed_all_scales,False,False,False,missed_all_scales,False,False,False,missed_all_scales,False,False,False,missed_all_scales
CHIN_dc7847370035ae4b,CHIN,MG1655,2488280,2490700,2489490.0,2420,0.2962372766315806,1.468463186181518,1.468463186181518,1047,0.3099659495543775,1.3969231194550809,1.3969231194550809,446,0.2334270690415602,0.940565471515342,0.940565471515342,660,1.468463186181518,small,False,False,False,False,False,False,False,missed_all_scales,False,False,False,missed_all_scales,True,False,False,small_only,True,False,False,small_only
CHIN_327765acd5ab2895,CHIN,MG1655,2491890,2493890,2492890.0,2000,0.2722657252503071,1.2222767575669506,1.2222767575669506,1716,0.3099659495543775,1.3969231194550809,1.3969231194550809,446,0.2334270690415602,0.940565471515342,0.940565471515342,660,1.3969231194550809,medium,False,False,False,False,False,False,False,missed_all_scales,False,False,False,missed_all_scales,False,True,False,medium_only,False,True,False,medium_only
CHIN_bfb5f6f7a0a0aa2e,CHIN,MG1655,2628290,2630530,2629410.0,2240,0.2196000242470476,1.0110301510680368,1.0110301510680368,2538,0.2709418682931062,0.837185199001682,0.837185199001682,1459,0.1995059990777559,1.5426254628433043,1.5426254628433043,256,1.5426254628433043,large,False,False,False,False,False,False,False,missed_all_scales,False,False,False,missed_all_scales,False,False,False,missed_all_scales,False,False,False,missed_all_scales
CHIN_7c7199f99f57f610,CHIN,MG1655,2653160,2654340,2653750.0,1180,0.6571923451194155,0.9034775992134749,0.9034775992134749,3023,0.7998973254573705,1.0599521201380369,1.0599521201380369,939,0.6651117370750513,0.3346752940374158,0.6651117370750513,1083,1.0599521201380369,medium,False,False,False,False,False,False,False,missed_all_scales,False,False,False,missed_all_scales,False,False,False,missed_all_scales,False,False,False,missed_all_scales
CHIN_d1bcd25223375bb6,CHIN,MG1655,2699740,2700840,2700290.0,1100,0.3784446071476546,1.2252840064991246,1.2252840064991246,1702,0.30003627005480704,0.7801712392845137,0.7801712392845137,1673,0.21844545735283857,0.7900504736833514,0.7900504736833514,821,1.2252840064991246,small,False,False,False,False,False,False,False,missed_all_scales,False,False,False,missed_all_scales,False,False,False,missed_all_scales,True,False,False,small_only
CHIN_31f41fb4b7695a7a,CHIN,MG1655,2757510,2759670,2758590.0,2160,1.1373485201341587,0.04100031263962183,1.1373485201341587,2051,0.8537432041177068,0.11831994957231498,0.8537432041177068,1404,1.0563183630881205,0.17248799065738868,1.0563183630881205,556,1.1373485201341587,small,False,False,False,False,False,False,False,missed_all_scales,False,False,False,missed_all_scales,False,False,False,missed_all_scales,False,False,False,missed_all_scales
CHIN_63b64d89cb555a98,CHIN,MG1655,2757510,2761530,2759520.0,4020,1.1373485201341587,0.04100031263962183,1.1373485201341587,2051,0.096161104010065,1.059492549086175,1.059492549086175,941,1.0563183630881205,0.17248799065738868,1.0563183630881205,556,1.1373485201341587,small,False,False,False,False,False,False,False,missed_all_scales,False,False,False,missed_all_scales,False,False,False,missed_all_scales,False,False,False,missed_all_scales
CHIN_f37a01bb149bdd2c,CHIN,MG1655,2773010,2775530,2774270.0,2520,0.055991619470123294,0.3792027766903438,0.3792027766903438,8019,0.06436725091755516,0.9044345562473343,0.9044345562473343,1258,0.07170417485132424,1.0219291202641918,1.0219291202641918,589,1.0219291202641918,large,False,False,False,False,False,False,False,missed_all_scales,False,False,False,missed_all_scales,False,False,False,missed_all_scales,False,False,False,missed_all_scales
CHIN_78a1a7d17ac8e4e2,CHIN,MG1655,2781040,2785900,2783470.0,4860,0.30625160180581545,2.061112816602771,2.061112816602771,357,0.04166135318930209,1.0614910864730094,1.0614910864730094,937,0.09011750882931334,0.6395354758513607,0.6395354758513607,1193,2.061112816602771,small,False,False,False,False,False,False,False,missed_all_scales,False,False,False,missed_all_scales,False,False,False,missed_all_scales,False,False,False,missed_all_scales
CHIN_776dbab456673217,CHIN,MG1655,2784290,2786430,2785360.0,2140,0.30625160180581545,2.061112816602771,2.061112816602771,357,0.5812350611407826,0.20012381996751527,0.5812350611407826,2618,0.10209171712843547,0.5488668106556192,0.5488668106556192,1461,2.061112816602771,small,False,False,True,True,False,False,False,missed_all_scales,True,False,False,small_only,True,False,False,small_only,True,False,False,small_only
CHIN_fa05997ad11be666,CHIN,MG1655,2784290,2789230,2786760.0,4940,0.30625160180581545,2.061112816602771,2.061112816602771,357,0.04331267096434489,0.6572314516565634,0.6572314516565634,2177,0.10209171712843547,0.5488668106556192,0.5488668106556192,1461,2.061112816602771,small,False,False,True,True,False,False,False,missed_all_scales,True,False,False,small_only,True,False,False,small_only,True,False,False,small_only
CHIN_58d99e489f853d61,CHIN,MG1655,2787400,2788660,2788030.0,1260,0.3832912914923362,1.5800070970474707,1.5800070970474707,805,0.04331267096434489,0.6572314516565634,0.6572314516565634,2177,0.10209171712843547,0.5488668106556192,0.5488668106556192,1461,1.5800070970474707,small,False,False,False,True,False,False,False,missed_all_scales,False,False,False,missed_all_scales,True,False,False,small_only,True,False,False,small_only
CHIN_c51ed1b8c285d019,CHIN,MG1655,2797390,2798750,2798070.0,1360,0.12103075950842948,1.2580245378413732,1.2580245378413732,1597,0.04946849703349711,0.4788243790656182,0.4788243790656182,3344,0.10209171712843547,0.5488668106556192,0.5488668106556192,1461,1.2580245378413732,small,False,False,False,False,False,False,False,missed_all_scales,False,False,False,missed_all_scales,False,False,False,missed_all_scales,False,False,False,missed_all_scales
CHIN_0f07f9fdd2a69572,CHIN,MG1655,2804290,2805810,2805050.0,1520,0.6559005384831902,1.033478272281664,1.033478272281664,2448,0.49588990759883833,1.2903857068006552,1.2903857068006552,589,0.2895985541842291,0.6511503962105982,0.6511503962105982,1158,1.2903857068006552,medium,False,False,False,False,False,False,False,missed_all_scales,False,False,False,missed_all_scales,False,False,False,missed_all_scales,False,True,False,medium_only
CHIN_1f7c5c2fafc1afc3,CHIN,MG1655,2882580,2884780,2883680.0,2200,0.2575864603974559,1.37590914749399,1.37590914749399,1274,0.03834593559035483,1.7692868669034278,1.7692868669034278,211,0.056318363088120604,1.0320308133083353,1.0320308133083353,578,1.7692868669034278,medium,False,False,False,False,False,False,False,missed_all_scales,False,False,False,missed_all_scales,False,False,False,missed_all_scales,False,False,False,missed_all_scales
CHIN_f18d969785c78f39,CHIN,MG1655,2899270,2900870,2900070.0,1600,0.1913944605059934,1.0738898688389646,1.0738898688389646,2290,0.05456026705065263,0.8314347736522723,0.8314347736522723,1483,0.08586570523786649,0.7716279449795991,0.7716279449795991,837,1.0738898688389646,small,False,False,False,False,False,False,False,missed_all_scales,False,False,False,missed_all_scales,False,False,False,missed_all_scales,False,False,False,missed_all_scales
CHIN_c2a33174c23c2960,CHIN,MG1655,2903620,2906340,2904980.0,2720,0.09461607121661628,0.8959059299281752,0.8959059299281752,3061,0.7384140689310251,0.11119681745670157,0.7384140689310251,1840,0.08586570523786649,0.7716279449795991,0.7716279449795991,837,0.8959059299281752,small,False,False,False,False,False,False,False,missed_all_scales,False,False,False,missed_all_scales,False,False,False,missed_all_scales,False,False,False,missed_all_scales
CHIN_f5a8f41398ecafac,CHIN,MG1655,2933470,2934890,2934180.0,1420,0.4720098799710297,1.1000839035688088,1.1000839035688088,2199,0.629149479866747,0.2228421083341162,0.629149479866747,2335,0.8697752675515833,0.20050208908564815,0.8697752675515833,740,1.1000839035688088,small,False,False,False,False,False,False,False,missed_all_scales,False,False,False,missed_all_scales,False,False,False,missed_all_scales,False,False,False,missed_all_scales
CHIN_4f3e820755d8686d,CHIN,MG1655,2986330,2988010,2987170.0,1680,0.20834386162445354,1.1623471520274382,1.1623471520274382,1953,0.10786149419494842,1.108177219536468,1.108177219536468,869,0.09473008871808228,2.1702617153949575,2.1702617153949575,134,2.1702617153949575,large,False,False,True,True,False,False,False,missed_all_scales,False,False,False,missed_all_scales,False,False,True,large_only,False,False,True,large_only
CHIN_7547f8c089f6bd2d,CHIN,MG1655,2986330,2990830,2988580.0,4500,0.3932835904581199,1.7184552550211014,1.7184552550211014,559,1.2257117790439778,0.17228422416550287,1.2257117790439778,677,0.09473008871808228,2.1702617153949575,2.1702617153949575,134,2.1702617153949575,large,False,False,True,True,False,False,False,missed_all_scales,False,False,False,missed_all_scales,True,False,False,small_only,True,False,False,small_only
CHIN_093ecf60a3c47f13,CHIN,MG1655,2986330,2997430,2991880.0,11100,0.3932835904581199,1.7184552550211014,1.7184552550211014,559,1.2257117790439778,0.17228422416550287,1.2257117790439778,677,0.09473008871808228,2.1702617153949575,2.1702617153949575,134,2.1702617153949575,large,False,False,False,False,False,False,False,missed_all_scales,False,False,False,missed_all_scales,False,False,False,missed_all_scales,True,True,False,multiple_scales
CHIN_6c72f6379b7c7f83,CHIN,MG1655,2993620,2996420,2995020.0,2800,0.6467675271191694,1.1024476035494937,1.1024476035494937,2186,1.2257117790439778,0.17228422416550287,1.2257117790439778,677,0.55148984632352,0.22583513190348925,0.55148984632352,1454,1.2257117790439778,medium,False,False,False,False,False,False,False,missed_all_scales,False,False,False,missed_all_scales,False,False,False,missed_all_scales,False,True,False,medium_only
CHIN_bedc2ff69136d27c,CHIN,MG1655,2995130,2999070,2997100.0,3940,0.4715712781343768,0.8433536841165112,0.8433536841165112,3333,1.2257117790439778,0.17228422416550287,1.2257117790439778,677,0.55148984632352,0.22583513190348925,0.55148984632352,1454,1.2257117790439778,medium,False,False,False,False,False,False,False,missed_all_scales,False,False,False,missed_all_scales,False,False,False,missed_all_scales,False,False,False,missed_all_scales
CHIN_faf91596d8b88128,CHIN,MG1655,3053730,3055230,3054480.0,1500,1.8108116413181778,0.029816452947435113,1.8108116413181778,480,2.635483746814912,0.03999312034192731,2.635483746814912,67,2.1702617153949575,0.063051745747089,2.1702617153949575,44,2.635483746814912,medium,True,True,True,True,False,True,False,medium_only,True,True,True,multiple_scales,True,True,True,multiple_scales,True,True,True,multiple_scales
CHIN_bae49c2f837ce4c1,CHIN,MG1655,3076900,3079440,3078170.0,2540,0.7702436097081451,0.2697241184533161,0.7702436097081451,3815,1.1662238842266661,0.03724090047059841,1.1662238842266661,772,1.0112300479135765,0.06475487009304476,1.0112300479135765,591,1.1662238842266661,medium,False,False,False,False,False,False,False,missed_all_scales,False,False,False,missed_all_scales,False,False,False,missed_all_scales,False,False,False,missed_all_scales
CHIN_d0ab3e0d05bbc705,CHIN,MG1655,3185610,3187830,3186720.0,2220,0.8049246985525345,0.05314318344735837,0.8049246985525345,3569,0.6632917679944901,0.09211168780708925,0.6632917679944901,2149,1.0736994162177265,0.03993986202744482,1.0736994162177265,536,1.0736994162177265,large,False,False,False,False,False,False,False,missed_all_scales,False,False,False,missed_all_scales,False,False,False,missed_all_scales,False,False,False,missed_all_scales
CHIN_1886affd5bea50b1,CHIN,MG1655,3187520,3189020,3188270.0,1500,0.7697565502719039,0.05952236459485092,0.7697565502719039,3820,0.6632917679944901,0.09211168780708925,0.6632917679944901,2149,0.7388979512359701,0.03198486108280109,0.7388979512359701,888,0.7697565502719039,small,False,False,False,False,False,False,False,missed_all_scales,False,False,False,missed_all_scales,False,False,False,missed_all_scales,False,False,False,missed_all_scales
CHIN_409ced35971a8cee,CHIN,MG1655,3187520,3191480,3189500.0,3960,0.8011519652016317,0.08940354330662977,0.8011519652016317,3592,0.6632917679944901,0.09211168780708925,0.6632917679944901,2149,0.7388979512359701,0.03198486108280109,0.7388979512359701,888,0.8011519652016317,small,False,False,False,False,False,False,False,missed_all_scales,False,False,False,missed_all_scales,False,False,False,missed_all_scales,False,False,False,missed_all_scales
CHIN_57ae8a9564d86914,CHIN,MG1655,3188660,3192060,3190360.0,3400,0.8011519652016317,0.08940354330662977,0.8011519652016317,3592,0.6632917679944901,0.09211168780708925,0.6632917679944901,2149,0.7388979512359701,0.03198486108280109,0.7388979512359701,888,0.8011519652016317,small,False,False,False,False,False,False,False,missed_all_scales,False,False,False,missed_all_scales,False,False,False,missed_all_scales,False,False,False,missed_all_scales
CHIN_d00f6b0d05aa0dba,CHIN,MG1655,3189930,3192250,3191090.0,2320,0.8011519652016317,0.08940354330662977,0.8011519652016317,3592,0.6632917679944901,0.09211168780708925,0.6632917679944901,2149,0.31917573996610177,0.4687014548070484,0.4687014548070484,1685,0.8011519652016317,small,False,False,False,False,False,False,False,missed_all_scales,False,False,False,missed_all_scales,False,False,False,missed_all_scales,False,False,False,missed_all_scales
CHIN_5fda4207a4e790f9,CHIN,MG1655,3190810,3192830,3191820.0,2020,0.8011519652016317,0.08940354330662977,0.8011519652016317,3592,0.6632917679944901,0.09211168780708925,0.6632917679944901,2149,0.31917573996610177,0.4687014548070484,0.4687014548070484,1685,0.8011519652016317,small,False,False,False,False,False,False,False,missed_all_scales,False,False,False,missed_all_scales,False,False,False,missed_all_scales,False,False,False,missed_all_scales
CHIN_6575437f6319ebfd,CHIN,MG1655,3205500,3206720,3206110.0,1220,0.41103772872236266,0.7632072955772902,0.7632072955772902,3864,0.34213384600288754,0.9682568712394466,0.9682568712394466,1122,0.21604601591195421,0.8969903836558919,0.8969903836558919,711,0.9682568712394466,medium,False,False,False,False,False,False,False,missed_all_scales,False,False,False,missed_all_scales,False,False,False,missed_all_scales,False,False,False,missed_all_scales
CHIN_0a55e534fdc7545d,CHIN,MG1655,3225680,3228200,3226940.0,2520,0.07607559490876399,0.4765696378592592,0.4765696378592592,6816,0.09578457730498455,1.0988078956214617,1.0988078956214617,881,0.07162143633214774,1.6702617153949575,1.6702617153949575,228,1.6702617153949575,large,False,False,False,True,False,False,False,missed_all_scales,False,False,False,missed_all_scales,False,False,True,large_only,False,False,True,large_only
CHIN_ee3355b18d634b8e,CHIN,MG1655,3262150,3263750,3262950.0,1600,2.72222246396973,0.0453580909897059,2.72222246396973,185,2.635483746814912,0.05301600168624998,2.635483746814912,21,2.1702617153949575,0.03682849478436696,2.1702617153949575,17,2.72222246396973,small,True,True,True,True,True,True,False,multiple_scales,True,True,False,multiple_scales,True,True,False,multiple_scales,True,True,True,multiple_scales
CHIN_9549903c064709e2,CHIN,MG1655,3264890,3266490,3265690.0,1600,2.72222246396973,0.0453580909897059,2.72222246396973,185,2.635483746814912,0.05301600168624998,2.635483746814912,21,2.1702617153949575,0.024133679716719363,2.1702617153949575,9,2.72222246396973,small,True,True,True,True,True,True,True,multiple_scales,True,True,True,multiple_scales,True,True,True,multiple_scales,True,True,True,multiple_scales
CHIN_f1c1419569298f23,CHIN,MG1655,3267680,3269860,3268770.0,2180,2.5717074661377395,0.018931298719755678,2.5717074661377395,210,2.635483746814912,0.05301600168624998,2.635483746814912,21,2.1702617153949575,0.024133679716719363,2.1702617153949575,9,2.635483746814912,medium,False,False,False,True,False,True,True,multiple_scales,False,True,True,multiple_scales,True,True,True,multiple_scales,True,True,True,multiple_scales
CHIN_e60512525b58312d,CHIN,MG1655,3286970,3288890,3287930.0,1920,0.14366830579426135,0.7489349297263357,0.7489349297263357,3977,0.2663670551708993,0.5802562345844045,0.5802562345844045,2626,0.19253811010610963,1.5971976975558384,1.5971976975558384,242,1.5971976975558384,large,False,False,False,True,False,False,False,missed_all_scales,False,False,False,missed_all_scales,False,False,False,missed_all_scales,False,False,True,large_only
CHIN_9461e74755c3f236,CHIN,MG1655,3320530,3322310,3321420.0,1780,1.5839915618831082,0.038294182896021274,1.5839915618831082,791,2.3969231194550806,0.06671491358862733,2.3969231194550806,142,1.6702617153949575,0.06645799443900052,1.6702617153949575,231,2.3969231194550806,medium,False,False,False,False,False,False,False,missed_all_scales,False,False,False,missed_all_scales,False,False,False,missed_all_scales,True,True,True,multiple_scales
CHIN_23a574b35aa4cad2,CHIN,MG1655,3329880,3331180,3330530.0,1300,1.2539655927302835,0.05246568900956369,1.2539655927302835,1609,1.5751967812119871,0.06261214461443194,1.5751967812119871,296,1.6702617153949575,0.06645799443900052,1.6702617153949575,231,1.6702617153949575,large,False,False,False,False,False,False,False,missed_all_scales,False,False,False,missed_all_scales,False,True,False,medium_only,True,True,True,multiple_scales
CHIN_890c4e23088449cc,CHIN,MG1655,3360590,3362710,3361650.0,2120,0.18994667542419646,1.1819092205088273,1.1819092205088273,1891,0.21967681916036264,0.38330949242145324,0.38330949242145324,4120,0.8296410967071637,0.063051745747089,0.8296410967071637,773,1.1819092205088273,small,False,False,False,False,False,False,False,missed_all_scales,False,False,False,missed_all_scales,False,False,False,missed_all_scales,False,False,False,missed_all_scales
CHIN_0134e150bffadd1b,CHIN,MG1655,3412610,3414130,3413370.0,1520,0.24443871542029816,0.4289710075547586,0.4289710075547586,7397,0.113692588209734,0.906467150566659,0.906467150566659,1256,0.12500924468293573,1.8207767132269481,1.8207767132269481,189,1.8207767132269481,large,False,False,True,True,False,False,False,missed_all_scales,False,False,False,missed_all_scales,False,False,True,large_only,False,False,True,large_only
CHIN_5b1d05bc659d52ce,CHIN,MG1655,3581640,3583480,3582560.0,1840,0.4563170151349091,0.022168132357888934,0.4563170151349091,7053,0.41807159868066524,0.37820987048476906,0.41807159868066524,3812,0.614126831186322,0.4301863527583172,0.614126831186322,1274,0.614126831186322,large,False,False,False,False,False,False,False,missed_all_scales,False,False,False,missed_all_scales,False,False,False,missed_all_scales,False,False,False,missed_all_scales
CHIN_db88dbeee4f734c5,CHIN,MG1655,3582640,3585100,3583870.0,2460,0.26671227831099276,0.6890408628404829,0.6890408628404829,4496,0.40429972405365,0.3049751617622757,0.40429972405365,3930,0.12500924468293573,0.7855730523568882,0.7855730523568882,825,0.7855730523568882,large,False,False,False,False,False,False,False,missed_all_scales,False,False,False,missed_all_scales,False,False,False,missed_all_scales,False,False,False,missed_all_scales
CHIN_5d54f5e6e2eeaaf5,CHIN,MG1655,3631380,3633920,3632650.0,2540,1.4469554206699766,0.02368784173822429,1.4469554206699766,1109,1.0347851846546863,0.05011679652430231,1.0347851846546863,977,1.1617450457455671,0.063051745747089,1.1617450457455671,453,1.4469554206699766,small,False,False,False,False,False,False,False,missed_all_scales,False,False,False,missed_all_scales,True,False,False,small_only,True,False,False,small_only
CHIN_276dc2f80d3fd17b,CHIN,MG1655,3631380,3634760,3633070.0,3380,1.4469554206699766,0.02368784173822429,1.4469554206699766,1109,1.0347851846546863,0.05011679652430231,1.0347851846546863,977,1.1617450457455671,0.063051745747089,1.1617450457455671,453,1.4469554206699766,small,False,False,False,False,False,False,False,missed_all_scales,False,False,False,missed_all_scales,True,False,False,small_only,True,False,False,small_only
CHIN_597d783bf467e297,CHIN,MG1655,3631380,3636320,3633850.0,4940,1.4469554206699766,0.02368784173822429,1.4469554206699766,1109,1.5578157280823812,0.04165289548843237,1.5578157280823812,313,1.241595467179323,0.0918206331752691,1.241595467179323,401,1.5578157280823812,medium,False,False,False,False,False,False,False,missed_all_scales,False,False,False,missed_all_scales,True,False,False,small_only,True,False,False,small_only
CHIN_c4faaae576113acc,CHIN,MG1655,3634410,3635870,3635140.0,1460,1.4469554206699766,0.02368784173822429,1.4469554206699766,1109,1.2485905243243154,0.04275516811394914,1.2485905243243154,647,1.241595467179323,0.0918206331752691,1.241595467179323,401,1.4469554206699766,small,False,False,False,False,False,False,False,missed_all_scales,False,False,False,missed_all_scales,False,False,False,missed_all_scales,False,False,False,missed_all_scales
CHIN_07ca371a77ef3fd4,CHIN,MG1655,3651080,3654040,3652560.0,2960,0.5786296291872217,1.1525584633940769,1.1525584633940769,1991,0.3135798152892978,0.7077847484878778,0.7077847484878778,1968,1.179126098875173,0.05799518409191452,1.179126098875173,439,1.179126098875173,large,False,False,False,False,False,False,False,missed_all_scales,False,False,False,missed_all_scales,False,False,False,missed_all_scales,False,False,False,missed_all_scales
CHIN_f9636cb1066c7698,CHIN,MG1655,3653170,3655470,3654320.0,2300,1.176345032689003,0.04053753680033745,1.176345032689003,1914,0.5984780238104397,0.10023577470279424,0.5984780238104397,2509,0.3101820636919789,0.0698911702773945,0.3101820636919789,2437,1.176345032689003,small,False,False,False,False,False,False,False,missed_all_scales,False,False,False,missed_all_scales,False,False,False,missed_all_scales,False,False,False,missed_all_scales
CHIN_5fb265845cdfb063,CHIN,MG1655,3655000,3658720,3656860.0,3720,1.176345032689003,0.04053753680033745,1.176345032689003,1914,0.13316187181205616,0.722835614599432,0.722835614599432,1903,0.25950495119257083,0.15115039621059817,0.25950495119257083,2566,1.176345032689003,small,False,False,False,False,False,False,False,missed_all_scales,False,False,False,missed_all_scales,False,False,False,missed_all_scales,False,False,False,missed_all_scales
CHIN_8f4f3c87efab8e46,CHIN,MG1655,3656690,3658770,3657730.0,2080,1.176345032689003,0.04053753680033745,1.176345032689003,1914,0.13316187181205616,0.722835614599432,0.722835614599432,1903,0.25950495119257083,0.15115039621059817,0.25950495119257083,2566,1.176345032689003,small,False,False,False,False,False,False,False,missed_all_scales,False,False,False,missed_all_scales,False,False,False,missed_all_scales,False,False,False,missed_all_scales
CHIN_a0a5873995d492e4,CHIN,MG1655,3664320,3665980,3665150.0,1660,0.5873259420391155,0.09373016938848654,0.5873259420391155,5537,0.2130960961313772,0.2532126215751652,0.2532126215751652,5112,0.24132420263317617,0.2547750167336321,0.2547750167336321,2575,0.5873259420391155,small,False,False,False,False,False,False,False,missed_all_scales,False,False,False,missed_all_scales,False,False,False,missed_all_scales,False,False,False,missed_all_scales
CHIN_27ec42e89ade22e5,CHIN,MG1655,3673940,3675060,3674500.0,1120,0.3221338085871847,0.8004503579969127,0.8004503579969127,3598,0.3388240955292623,0.41432226894212487,0.41432226894212487,3852,0.19715843847356596,0.7565770788680448,0.7565770788680448,866,0.8004503579969127,small,False,False,False,False,False,False,False,missed_all_scales,False,False,False,missed_all_scales,False,False,False,missed_all_scales,False,False,False,missed_all_scales
CHIN_9d5f1985493ba5cc,CHIN,MG1655,3720060,3722320,3721190.0,2260,1.0510111235586272,0.04901565649884054,1.0510111235586272,2372,0.8159896671430711,0.09080677214771034,0.8159896671430711,1539,0.5197467175629668,0.31904644717219477,0.5197467175629668,1541,1.0510111235586272,small,False,False,False,False,False,False,False,missed_all_scales,False,False,False,missed_all_scales,False,False,False,missed_all_scales,False,False,False,missed_all_scales
CHIN_17d8930e9adab5f0,CHIN,MG1655,3730830,3733310,3732070.0,2480,0.41799555224848306,1.081819499772897,1.081819499772897,2264,1.2471331548207067,0.04053936071441167,1.2471331548207067,650,0.9739132387651245,0.14713122529889644,0.9739132387651245,620,1.2471331548207067,medium,False,False,False,False,False,False,False,missed_all_scales,False,False,False,missed_all_scales,False,False,False,missed_all_scales,False,False,False,missed_all_scales
CHIN_71cfdc3af27cb741,CHIN,MG1655,3743830,3746470,3745150.0,2640,0.2596560550865419,0.5586298730493588,0.5586298730493588,5827,0.9728285609593815,0.07201725121732566,0.9728285609593815,1111,0.16596162951399862,1.9317010880351262,1.9317010880351262,156,1.9317010880351262,large,False,False,True,True,False,False,False,missed_all_scales,False,False,False,missed_all_scales,False,False,True,large_only,False,False,True,large_only
CHIN_cfc9f22558808905,CHIN,MG1655,3766010,3768530,3767270.0,2520,0.07655413665654175,3.0232524596337114,3.0232524596337114,69,0.5914157024646365,0.086487416089409,0.5914157024646365,2549,0.1270106159097727,1.9317010880351262,1.9317010880351262,155,3.0232524596337114,small,True,True,True,True,True,False,False,small_only,True,False,False,small_only,True,False,True,multiple_scales,True,False,True,multiple_scales
CHIN_f860adadaee690b7,CHIN,MG1655,3767450,3770090,3768770.0,2640,0.07655413665654175,3.0232524596337114,3.0232524596337114,69,0.6420531116698898,0.1538070890291433,0.6420531116698898,2258,0.1270106159097727,1.9317010880351262,1.9317010880351262,155,3.0232524596337114,small,False,False,False,False,False,False,False,missed_all_scales,False,False,False,missed_all_scales,False,False,True,large_only,False,False,True,large_only
CHIN_9f11e380cfc90784,CHIN,MG1655,3788920,3790480,3789700.0,1560,1.2604061973812062,0.06469803744373445,1.2604061973812062,1587,0.8951928534003276,0.1801822152585886,0.8951928534003276,1277,0.8976081571620453,0.2597671271869326,0.8976081571620453,708,1.2604061973812062,small,False,False,False,False,False,False,False,missed_all_scales,False,False,False,missed_all_scales,False,False,False,missed_all_scales,False,False,False,missed_all_scales
CHIN_9d23c5f02dd7374e,CHIN,MG1655,3796820,3799260,3798040.0,2440,1.3744816257246315,0.03536566227498289,1.3744816257246315,1279,1.5431380314061127,0.04609596079220678,1.5431380314061127,323,1.3692317197309762,0.05300307363861406,1.3692317197309762,310,1.5431380314061127,medium,False,False,False,False,False,False,False,missed_all_scales,False,False,False,missed_all_scales,False,True,False,medium_only,False,True,True,multiple_scales
CHIN_98acb48ba1e7481b,CHIN,MG1655,3796820,3800060,3798440.0,3240,1.3822814929132992,0.0344706733451353,1.3822814929132992,1260,1.5474381172870715,0.04442056745412484,1.5474381172870715,318,1.3692317197309762,0.05300307363861406,1.3692317197309762,310,1.5474381172870715,medium,False,False,False,False,False,False,False,missed_all_scales,False,False,False,missed_all_scales,False,True,False,medium_only,False,True,True,multiple_scales
CHIN_20cbe6301103e773,CHIN,MG1655,3796820,3801260,3799040.0,4440,1.5585429967765652,0.028715856364516158,1.5585429967765652,858,1.5474381172870715,0.04442056745412484,1.5474381172870715,318,1.3692317197309762,0.05300307363861406,1.3692317197309762,310,1.5585429967765652,small,False,False,False,False,False,False,False,missed_all_scales,False,False,False,missed_all_scales,False,True,False,medium_only,False,True,True,multiple_scales
CHIN_4be9a90f7551ea66,CHIN,MG1655,3796820,3802940,3799880.0,6120,1.5585429967765652,0.028715856364516158,1.5585429967765652,858,1.5474381172870715,0.04442056745412484,1.5474381172870715,318,1.3692317197309762,0.05300307363861406,1.3692317197309762,310,1.5585429967765652,small,False,False,False,False,False,False,False,missed_all_scales,False,False,False,missed_all_scales,False,True,False,medium_only,True,True,True,multiple_scales
CHIN_b70b5bec64024ebb,CHIN,MG1655,3796820,3804000,3800410.0,7180,1.5585429967765652,0.028715856364516158,1.5585429967765652,858,1.5474381172870715,0.04442056745412484,1.5474381172870715,318,1.3692317197309762,0.05300307363861406,1.3692317197309762,310,1.5585429967765652,small,False,False,False,False,False,False,False,missed_all_scales,False,False,False,missed_all_scales,False,True,False,medium_only,True,True,True,multiple_scales
CHIN_8cf1c5b9776a09cc,CHIN,MG1655,3796820,3806500,3801660.0,9680,1.5585429967765652,0.028715856364516158,1.5585429967765652,858,1.5474381172870715,0.04442056745412484,1.5474381172870715,318,1.3692317197309762,0.05300307363861406,1.3692317197309762,310,1.5585429967765652,small,False,False,False,True,False,False,False,missed_all_scales,False,False,False,missed_all_scales,True,True,False,multiple_scales,True,True,True,multiple_scales
CHIN_de804d8b4eb4fa33,CHIN,MG1655,3796820,3807720,3802270.0,10900,1.5585429967765652,0.028715856364516158,1.5585429967765652,858,1.5474381172870715,0.04442056745412484,1.5474381172870715,318,1.3692317197309762,0.05300307363861406,1.3692317197309762,310,1.5585429967765652,small,False,False,False,True,False,False,False,missed_all_scales,False,False,False,missed_all_scales,True,True,False,multiple_scales,True,True,True,multiple_scales
CHIN_7480d77a14ad4716,CHIN,MG1655,3796820,3808240,3802530.0,11420,1.5585429967765652,0.028715856364516158,1.5585429967765652,858,1.5474381172870715,0.04442056745412484,1.5474381172870715,318,1.3692317197309762,0.05300307363861406,1.3692317197309762,310,1.5585429967765652,small,False,False,False,True,False,False,False,missed_all_scales,False,False,False,missed_all_scales,True,True,False,multiple_scales,True,True,True,multiple_scales
CHIN_3ed028798e697d9f,CHIN,MG1655,3798700,3807820,3803260.0,9120,1.5585429967765652,0.028715856364516158,1.5585429967765652,858,1.5474381172870715,0.04442056745412484,1.5474381172870715,318,1.3692317197309762,0.05300307363861406,1.3692317197309762,310,1.5585429967765652,small,False,False,False,True,False,False,False,missed_all_scales,False,False,False,missed_all_scales,True,True,False,multiple_scales,True,True,True,multiple_scales
CHIN_2162125d7d40a72a,CHIN,MG1655,3803270,3807830,3805550.0,4560,1.5585429967765652,0.028715856364516158,1.5585429967765652,858,1.5474381172870715,0.04442056745412484,1.5474381172870715,318,1.3692317197309762,0.05300307363861406,1.3692317197309762,310,1.5585429967765652,small,False,False,False,False,False,False,False,missed_all_scales,False,False,False,missed_all_scales,True,True,False,multiple_scales,True,True,True,multiple_scales
CHIN_4290884d21f50f71,CHIN,MG1655,3803910,3808030,3805970.0,4120,1.5585429967765652,0.028715856364516158,1.5585429967765652,858,1.5474381172870715,0.04442056745412484,1.5474381172870715,318,1.3692317197309762,0.05300307363861406,1.3692317197309762,310,1.5585429967765652,small,False,False,False,False,False,False,False,missed_all_scales,False,False,False,missed_all_scales,True,True,False,multiple_scales,True,True,True,multiple_scales
CHIN_b60bcb6a563a796c,CHIN,MG1655,3836700,3838100,3837400.0,1400,0.6712802203859592,1.1081185591668907,1.1081185591668907,2164,0.3329390158741219,0.6506826143906426,0.6506826143906426,2214,0.23848133313183612,0.9176867262350044,0.9176867262350044,682,1.1081185591668907,small,False,False,False,False,False,False,False,missed_all_scales,False,False,False,missed_all_scales,False,False,False,missed_all_scales,False,False,False,missed_all_scales
CHIN_4c746ab4abe6056d,CHIN,MG1655,3842940,3844140,3843540.0,1200,0.32259183084956033,0.8530304022136523,0.8530304022136523,3266,0.2635173077736466,0.9902438401495757,0.9902438401495757,1065,0.17905825096306,2.1702617153949575,2.1702617153949575,135,2.1702617153949575,large,False,False,True,True,False,False,False,missed_all_scales,False,False,False,missed_all_scales,False,False,True,large_only,False,False,True,large_only
CHIN_12faf31bfcc0dac1,CHIN,MG1655,3874630,3876290,3875460.0,1660,0.6521845973619752,2.191873543792924,2.191873543792924,305,0.6716959194693568,1.4453781259591092,1.4453781259591092,405,1.0910804693473326,0.32516367538070057,1.0910804693473326,513,2.191873543792924,small,False,True,True,True,True,False,False,small_only,True,False,False,small_only,True,True,False,multiple_scales,True,True,False,multiple_scales
CHIN_ffb342e7762c971b,CHIN,MG1655,3900640,3902720,3901680.0,2080,0.38344636083568356,0.673732716686338,0.673732716686338,4647,0.5300570641574656,0.24523148193160924,0.5300570641574656,2968,2.1702617153949575,0.03832537696234556,2.1702617153949575,88,2.1702617153949575,large,False,False,False,False,False,False,False,missed_all_scales,False,False,False,missed_all_scales,False,False,False,missed_all_scales,False,False,False,missed_all_scales
CHIN_1eda231c69a32156,CHIN,MG1655,3905540,3906960,3906250.0,1420,0.39882951695734825,0.8195910057138922,0.8195910057138922,3478,0.5300570641574656,0.24523148193160924,0.5300570641574656,2968,0.7400927121094605,0.14372249365324755,0.7400927121094605,884,0.8195910057138922,small,False,False,False,False,False,False,False,missed_all_scales,False,False,False,missed_all_scales,False,False,False,missed_all_scales,False,False,False,missed_all_scales
CHIN_7993abe94866773d,CHIN,MG1655,4061600,4065400,4063500.0,3800,1.2400337135361763,0.03514168366724315,1.2400337135361763,1653,0.6726214833468809,0.08894809362688036,0.6726214833468809,2105,0.24864532634595266,0.5180164515082135,0.5180164515082135,1542,1.2400337135361763,small,False,False,False,False,False,False,False,missed_all_scales,False,False,False,missed_all_scales,False,False,False,missed_all_scales,True,False,False,small_only
CHIN_74d847ba17a94412,CHIN,MG1655,4063250,4065170,4064210.0,1920,1.2400337135361763,0.03514168366724315,1.2400337135361763,1653,0.6726214833468809,0.08894809362688036,0.6726214833468809,2105,0.24864532634595266,0.5180164515082135,0.5180164515082135,1542,1.2400337135361763,small,False,False,False,False,False,False,False,missed_all_scales,False,False,False,missed_all_scales,False,False,False,missed_all_scales,True,False,False,small_only
CHIN_a93b99b46d39efb8,CHIN,MG1655,4063900,4065500,4064700.0,1600,1.2400337135361763,0.03514168366724315,1.2400337135361763,1653,0.6726214833468809,0.08894809362688036,0.6726214833468809,2105,0.24864532634595266,0.5180164515082135,0.5180164515082135,1542,1.2400337135361763,small,False,False,False,False,False,False,False,missed_all_scales,False,False,False,missed_all_scales,False,False,False,missed_all_scales,True,False,False,small_only
CHIN_e5de6e56d385e2ef,CHIN,MG1655,4214840,4216080,4215460.0,1240,0.5658165508636863,0.289827543041139,0.5658165508636863,5750,0.41408713384502754,0.7226084561408982,0.7226084561408982,1904,0.07888324987475781,1.3000803706478354,1.3000803706478354,356,1.3000803706478354,large,False,False,False,False,False,False,False,missed_all_scales,False,False,False,missed_all_scales,False,False,False,missed_all_scales,False,False,True,large_only
CHIN_7be712b5421ea380,CHIN,MG1655,4220330,4222730,4221530.0,2400,1.374919864502946,0.03785942794026938,1.374919864502946,1278,0.41408713384502754,0.7226084561408982,0.7226084561408982,1904,0.07888324987475781,1.3000803706478354,1.3000803706478354,356,1.374919864502946,small,False,False,False,False,False,False,False,missed_all_scales,False,False,False,missed_all_scales,False,False,False,missed_all_scales,True,False,True,multiple_scales
CHIN_992805e6506de16e,CHIN,MG1655,4250240,4252640,4251440.0,2400,3.0232524596337114,0.014654166316259097,3.0232524596337114,104,2.635483746814912,2.2859987446469026,2.635483746814912,4,2.1702617153949575,0.04685245478993143,2.1702617153949575,65,3.0232524596337114,small,False,False,True,True,False,True,False,medium_only,True,True,False,multiple_scales,True,True,True,multiple_scales,True,True,True,multiple_scales
CHIN_c1610920a984ce60,CHIN,MG1655,4259950,4261730,4260840.0,1780,1.3614201918296613,0.04943513618954777,1.3614201918296613,1318,1.3684706937868447,0.11175479949138342,1.3684706937868447,471,2.019746717562967,0.17464867754870997,2.019746717562967,142,2.019746717562967,large,False,False,False,False,False,False,False,missed_all_scales,False,False,False,missed_all_scales,False,False,False,missed_all_scales,False,False,True,large_only
CHIN_40431770bb3161b3,CHIN,MG1655,4268140,4269400,4268770.0,1260,1.5763715786047396,0.0353697951984099,1.5763715786047396,816,1.334997298971538,0.06087727061177558,1.334997298971538,517,1.0576070745320258,0.2516885434404274,1.0576070745320258,545,1.5763715786047396,small,False,False,False,False,False,False,False,missed_all_scales,False,False,False,missed_all_scales,False,False,False,missed_all_scales,True,True,False,multiple_scales
CHIN_155c0872526c85bb,CHIN,MG1655,4281710,4283310,4282510.0,1600,0.7656003992785502,0.7728598731749836,0.7728598731749836,3788,1.2129347268077837,0.11239230144447135,1.2129347268077837,692,0.09477609936365153,1.568201724066995,1.568201724066995,254,1.568201724066995,large,False,False,False,True,False,False,False,missed_all_scales,False,False,False,missed_all_scales,False,False,False,missed_all_scales,False,False,True,large_only
CHIN_08c97d9eff842e36,CHIN,MG1655,4310500,4312380,4311440.0,1880,0.2960129675012296,0.7876726386427235,0.7876726386427235,3694,0.17118341689265,0.5530100605039913,0.5530100605039913,2791,0.15556982655235257,0.8969903836558919,0.8969903836558919,710,0.8969903836558919,large,False,False,False,False,False,False,False,missed_all_scales,False,False,False,missed_all_scales,False,False,False,missed_all_scales,False,False,False,missed_all_scales
CHIN_d2f86a32da053e28,CHIN,MG1655,4336710,4338650,4337680.0,1940,0.3367817368008371,0.884298937109999,0.884298937109999,3120,0.23420634028160747,0.6229742606735322,0.6229742606735322,2365,0.2411134531280147,0.9317010880351261,0.9317010880351261,672,0.9317010880351261,large,False,False,False,False,False,False,False,missed_all_scales,False,False,False,missed_all_scales,False,False,False,missed_all_scales,False,False,False,missed_all_scales
CHIN_016dd7404328fa8e,CHIN,MG1655,4359540,4361040,4360290.0,1500,0.9418209629727484,0.060412097502062875,0.9418209629727484,2858,1.7257117790439778,0.023761736910104376,1.7257117790439778,219,2.1702617153949575,0.03039403168970648,2.1702617153949575,4,2.1702617153949575,large,False,False,False,False,False,False,True,large_only,False,False,True,large_only,False,False,True,large_only,False,False,True,large_only
CHIN_278875092b882687,CHIN,MG1655,4383690,4384710,4384200.0,1020,0.4903692658223371,0.9798590618203993,0.9798590618203993,2664,1.0401778479081096,0.1473867333625312,1.0401778479081096,968,1.1099747497920325,0.28817364919979205,1.1099747497920325,487,1.1099747497920325,large,False,False,False,False,False,False,False,missed_all_scales,False,False,False,missed_all_scales,False,False,False,missed_all_scales,False,False,False,missed_all_scales
CHIN_e1d457f01594d475,CHIN,MG1655,4409780,4412680,4411230.0,2900,0.6879347447595459,0.9715045375788287,0.9715045375788287,2704,1.1586039009482978,0.084040602480081,1.1586039009482978,779,1.358637070196007,0.07335170238690096,1.358637070196007,327,1.358637070196007,large,False,False,False,False,False,False,False,missed_all_scales,False,False,False,missed_all_scales,False,False,False,missed_all_scales,False,False,False,missed_all_scales
CHIN_05391e6f08c9897f,CHIN,MG1655,4426690,4427830,4427260.0,1140,0.5255752857435658,0.754985863554552,0.754985863554552,3919,0.47236703636279215,0.22950866681030202,0.47236703636279215,3391,0.645265286934886,0.17464867754870997,0.645265286934886,1181,0.754985863554552,small,False,False,False,False,False,False,False,missed_all_scales,False,False,False,missed_all_scales,False,False,False,missed_all_scales,False,False,False,missed_all_scales
CHIN_c36249e67a41eb04,CHIN,MG1655,4475240,4477300,4476270.0,2060,0.33109009210508555,1.337533800931661,1.337533800931661,1386,0.36182411824416905,1.520259286125775,1.520259286125775,348,1.8207767132269481,0.025690297428790844,1.8207767132269481,187,1.8207767132269481,large,False,False,False,False,False,False,False,missed_all_scales,False,False,False,missed_all_scales,False,False,False,missed_all_scales,False,False,False,missed_all_scales
CHIN_58e00648c4307690,CHIN,MG1655,4479470,4480810,4480140.0,1340,0.7012745737528403,0.2795418539539743,0.7012745737528403,4381,0.7816986587659439,0.33668002641336214,0.7816986587659439,1665,0.6200764428361759,0.3863957341209229,0.6200764428361759,1247,0.7816986587659439,medium,False,False,False,False,False,False,False,missed_all_scales,False,False,False,missed_all_scales,False,False,False,missed_all_scales,False,False,False,missed_all_scales
CHIN_42b69aefb1e2f90e,CHIN,MG1655,4495410,4497470,4496440.0,2060,0.3359882624430901,1.1370916062722516,1.1370916062722516,2054,0.24017933252270346,1.0801888916652875,1.0801888916652875,909,0.42598635714473526,0.3346752940374158,0.42598635714473526,1913,1.1370916062722516,small,False,False,False,False,False,False,False,missed_all_scales,False,False,False,missed_all_scales,False,False,False,missed_all_scales,False,False,False,missed_all_scales
CHIN_2cf23c80facc9bd4,CHIN,MG1655,4503670,4504910,4504290.0,1240,1.212664318746194,0.0291554258282875,1.212664318746194,1765,0.5962734643579121,0.09335651725929753,0.5962734643579121,2521,0.30202362438110897,0.10483762384352803,0.30202362438110897,2465,1.212664318746194,small,False,False,False,False,False,False,False,missed_all_scales,False,False,False,missed_all_scales,False,False,False,missed_all_scales,False,False,False,missed_all_scales
CHIN_e2127c2e68c0c686,CHIN,MG1655,4503670,4505470,4504570.0,1800,0.2520376954416322,1.5193785706333414,1.5193785706333414,930,0.5962734643579121,0.09335651725929753,0.5962734643579121,2521,0.30202362438110897,0.10483762384352803,0.30202362438110897,2465,1.5193785706333414,small,False,False,False,False,False,False,False,missed_all_scales,False,False,False,missed_all_scales,False,False,False,missed_all_scales,False,False,False,missed_all_scales
CHIN_2f0656ffb562f4fc,CHIN,MG1655,4524820,4526100,4525460.0,1280,0.2595212913568381,0.6323317060512386,0.6323317060512386,5080,0.19787495618008455,0.4100821602030891,0.4100821602030891,3895,0.15556982655235257,1.5971976975558384,1.5971976975558384,243,1.5971976975558384,large,False,False,False,True,False,False,False,missed_all_scales,False,False,False,missed_all_scales,False,False,False,missed_all_scales,False,False,True,large_only
CHIN_4b3800cf2fefec7c,CHIN,MG1655,4537470,4539730,4538600.0,2260,0.3650554880913903,0.7011562991480317,0.7011562991480317,4384,0.669526088274289,0.11657535225825402,0.669526088274289,2116,0.21377890504290548,0.49816385745923997,0.49816385745923997,1599,0.7011562991480317,small,False,False,False,False,False,False,False,missed_all_scales,False,False,False,missed_all_scales,False,False,False,missed_all_scales,False,False,False,missed_all_scales
CHIN_487a371c98e2d168,CHIN,MG1655,4537470,4542770,4540120.0,5300,0.3650554880913903,0.7011562991480317,0.7011562991480317,4384,0.669526088274289,0.11657535225825402,0.669526088274289,2116,0.20177876684102225,0.6173363782023856,0.6173363782023856,1254,0.7011562991480317,small,False,False,False,False,False,False,False,missed_all_scales,False,False,False,missed_all_scales,False,False,False,missed_all_scales,False,False,False,missed_all_scales
CHIN_4cef58bf54385ad0,CHIN,MG1655,4540460,4542540,4541500.0,2080,0.6786690919201839,0.11791647546965227,0.6786690919201839,4607,0.6643556716051796,0.13478998507159148,0.6643556716051796,2145,0.20177876684102225,0.6173363782023856,0.6173363782023856,1254,0.6786690919201839,small,False,False,False,False,False,False,False,missed_all_scales,False,False,False,missed_all_scales,False,False,False,missed_all_scales,False,False,False,missed_all_scales
CHIN_4512d3902e0a850f,CHIN,MG1655,4544360,4546580,4545470.0,2220,0.10299491335204783,0.6376351540928586,0.6376351540928586,5019,0.4904664411336531,0.13103894434015873,0.4904664411336531,3264,0.20177876684102225,0.6173363782023856,0.6173363782023856,1254,0.6376351540928586,small,False,False,False,False,False,False,False,missed_all_scales,False,False,False,missed_all_scales,False,False,False,missed_all_scales,False,False,False,missed_all_scales
CHIN_34efc001937deb79,CHIN,MG1655,4555270,4556750,4556010.0,1480,0.13984274164523608,0.48973936152425,0.48973936152425,6640,0.12977465618584827,1.0400378883538273,1.0400378883538273,969,0.1368379599080077,1.6495653728158448,1.6495653728158448,233,1.6495653728158448,large,False,False,False,False,False,False,False,missed_all_scales,False,False,False,missed_all_scales,False,False,False,missed_all_scales,False,False,False,missed_all_scales
CHIN_aa90853f07faf5ba,CHIN,MG1655,4576950,4579290,4578120.0,2340,0.7578453628814037,0.1458612530385427,0.7578453628814037,3901,0.48735962534044525,0.15788047804394123,0.48735962534044525,3283,0.1926343739848674,0.7275811053792014,0.7275811053792014,913,0.7578453628814037,small,False,False,False,False,False,False,False,missed_all_scales,False,False,False,missed_all_scales,False,False,False,missed_all_scales,False,False,False,missed_all_scales
CHIN_6230ca4ce9b8e644,CHIN,MG1655,4594330,4596410,4595370.0,2080,0.42894990856937,0.9242264837715392,0.9242264837715392,2936,0.24017933252270346,0.8402300158106204,0.8402300158106204,1449,0.20417709243456128,1.4545798333154636,1.4545798333154636,279,1.4545798333154636,large,False,False,False,False,False,False,False,missed_all_scales,False,False,False,missed_all_scales,False,False,False,missed_all_scales,False,False,True,large_only
CHIN_67d1ad42ef37c115,CHIN,MG1655,4602820,4604820,4603820.0,2000,0.26689692365215156,0.678722403571735,0.678722403571735,4603,0.22148266791146964,0.42920307726766604,0.42920307726766604,3727,0.20417709243456128,1.4545798333154636,1.4545798333154636,279,1.4545798333154636,large,False,False,False,False,False,False,False,missed_all_scales,False,False,False,missed_all_scales,False,False,False,missed_all_scales,False,False,True,large_only
CHIN_623e8fe7b2afd1a8,CHIN,MG1655,4616400,4617480,4616940.0,1080,0.4190264065492414,0.2881722163704255,0.4190264065492414,7525,0.34433840545541505,0.6969421184895868,0.6969421184895868,1999,0.1368379599080077,1.7811860902031356,1.7811860902031356,194,1.7811860902031356,large,False,False,True,True,False,False,False,missed_all_scales,False,False,False,missed_all_scales,False,False,True,large_only,False,False,True,large_only
OPCID_a48ec8c6b5e6e38b,OPCID,MG1655,49660,59940,54800.0,10280,0.6415384628522429,1.456962535803843,1.456962535803843,1082,0.9977129026142573,0.3291765753807697,0.9977129026142573,1048,0.06136187542139872,1.6702617153949575,1.6702617153949575,220,1.6702617153949575,large,False,False,False,False,False,False,False,missed_all_scales,False,False,False,missed_all_scales,False,False,False,missed_all_scales,True,False,False,small_only
OPCID_eaf35ae5cddf4c0d,OPCID,MG1655,87820,93270,90545.0,5450,1.6615246236161185,0.03358482348059992,1.6615246236161185,642,1.594091061656687,0.07922313805912767,1.594091061656687,272,1.4712917110589385,0.176875848261835,1.4712917110589385,275,1.6615246236161185,small,False,False,False,True,False,False,False,missed_all_scales,False,True,False,medium_only,True,True,False,multiple_scales,True,True,True,multiple_scales
OPCID_a3c7ad9c66cf12f1,OPCID,MG1655,106140,108980,107560.0,2840,2.8727374618017207,0.028724763745080553,2.8727374618017207,154,2.635483746814912,0.033435970362799834,2.635483746814912,30,2.1702617153949575,0.14295518811651353,2.1702617153949575,24,2.8727374618017207,small,True,True,True,True,True,True,True,multiple_scales,True,True,True,multiple_scales,True,True,True,multiple_scales,True,True,True,multiple_scales
OPCID_07d051796dc7059b,OPCID,MG1655,121910,129450,125680.0,7540,2.72222246396973,0.05477352817769763,2.72222246396973,190,2.635483746814912,0.10658415380024064,2.635483746814912,55,1.8207767132269481,0.07189735408331396,1.8207767132269481,186,2.72222246396973,small,True,True,True,True,True,True,False,multiple_scales,True,True,False,multiple_scales,True,True,True,multiple_scales,True,True,True,multiple_scales
OPCID_ef9d936de4b62940,OPCID,MG1655,182460,184370,183415.0,1910,1.3645342113661618,0.1051366217094223,1.3645342113661618,1303,0.7367807219767211,0.10638085463646674,0.7367807219767211,1846,0.6941077105638948,0.27646064230378864,0.6941077105638948,991,1.3645342113661618,small,False,False,False,False,False,False,False,missed_all_scales,False,False,False,missed_all_scales,False,False,False,missed_all_scales,True,False,False,small_only
OPCID_1612f8f2ea7e9f06,OPCID,MG1655,192730,193950,193340.0,1220,1.1600926535783238,0.14581351834047737,1.1600926535783238,1964,1.3137574085718184,0.11763282807121317,1.3137574085718184,555,1.4317010880351262,0.2953549227484885,1.4317010880351262,291,1.4317010880351262,large,False,False,False,False,False,False,False,missed_all_scales,False,False,False,missed_all_scales,False,False,False,missed_all_scales,False,True,True,multiple_scales
OPCID_4c1cd6d81f6b0f95,OPCID,MG1655,194470,198740,196605.0,4270,1.5918886954747242,0.03715335545908821,1.5918886954747242,777,1.5578157280823812,0.09017663034908802,1.5578157280823812,309,1.4317010880351262,0.2953549227484885,1.4317010880351262,291,1.5918886954747242,small,False,False,False,False,False,False,False,missed_all_scales,False,False,False,missed_all_scales,True,True,False,multiple_scales,True,True,True,multiple_scales
OPCID_d003e176e8d23c63,OPCID,MG1655,199310,201910,200610.0,2600,1.6167957813122835,0.04461766762819197,1.6167957813122835,727,1.5578157280823812,0.09017663034908802,1.5578157280823812,309,1.4317010880351262,0.2953549227484885,1.4317010880351262,291,1.6167957813122835,small,False,False,False,True,False,False,False,missed_all_scales,False,False,False,missed_all_scales,True,True,False,multiple_scales,True,True,True,multiple_scales
OPCID_36e0565260f2141f,OPCID,MG1655,243140,249010,246075.0,5870,0.2628620490566688,0.8788149867160717,0.8788149867160717,3149,0.16943466640978833,0.47075429678505104,0.47075429678505104,3410,0.21132523779553344,0.610633770755989,0.610633770755989,1279,0.8788149867160717,small,False,False,False,False,False,False,False,missed_all_scales,False,False,False,missed_all_scales,False,False,False,missed_all_scales,False,False,False,missed_all_scales
OPCID_392028707b8a2532,OPCID,MG1655,321350,325140,323245.0,3790,3.0232524596337114,0.10896310945228159,3.0232524596337114,16,2.635483746814912,0.021643210438477042,2.635483746814912,50,0.08598351196309512,1.068201724066995,1.068201724066995,539,3.0232524596337114,small,True,True,True,True,True,True,False,multiple_scales,True,True,False,multiple_scales,True,True,False,multiple_scales,True,True,False,multiple_scales
OPCID_4421803242064dec,OPCID,MG1655,426840,441690,434265.0,14850,1.5534928333244022,0.04989421210421733,1.5534928333244022,864,1.4893557111366742,0.0920583447246125,1.4893557111366742,358,0.17244411809618243,2.1702617153949575,2.1702617153949575,42,2.1702617153949575,large,False,False,False,False,False,False,False,missed_all_scales,False,False,False,missed_all_scales,False,False,False,missed_all_scales,True,True,False,multiple_scales
OPCID_10f9269e6bda4947,OPCID,MG1655,629820,632900,631360.0,3080,1.485478978937446,0.03895168657330415,1.485478978937446,1010,0.6355706230877058,0.0725967718894694,0.6355706230877058,2303,0.21844545735283857,0.5845447649234532,0.5845447649234532,1360,1.485478978937446,small,False,False,False,False,False,False,False,missed_all_scales,False,False,False,missed_all_scales,True,False,False,small_only,True,False,False,small_only
OPCID_9dc38e719d08f155,OPCID,MG1655,699160,708860,704010.0,9700,0.5265012787947672,1.5690099501943866,1.5690099501943866,826,1.2668874254625435,0.2880495828236841,1.2668874254625435,614,1.2187167218989856,0.3525198419875013,1.2187167218989856,411,1.5690099501943866,small,False,False,False,False,False,False,False,missed_all_scales,False,False,False,missed_all_scales,False,False,False,missed_all_scales,True,True,False,multiple_scales
OPCID_69a72fb00fdc2938,OPCID,MG1655,762610,765260,763935.0,2650,1.2804627211413722,0.5193487096082832,1.2804627211413722,1519,0.9686593685575616,0.2580726813106846,0.9686593685575616,1117,1.8692317197309762,0.024133679716719363,1.8692317197309762,180,1.8692317197309762,large,False,False,False,False,False,False,False,missed_all_scales,False,False,False,missed_all_scales,False,False,True,large_only,True,False,True,multiple_scales
OPCID_17d26e5c8bdd11fa,OPCID,MG1655,771270,774550,772910.0,3280,3.0232524596337114,0.022819249010511244,3.0232524596337114,4,2.635483746814912,0.01586905401466197,2.635483746814912,27,2.019746717562967,0.025690297428790844,2.019746717562967,141,3.0232524596337114,small,True,True,True,True,True,True,False,multiple_scales,True,True,False,multiple_scales,True,True,True,multiple_scales,True,True,True,multiple_scales
OPCID_b1757a56703936d1,OPCID,MG1655,932320,940780,936550.0,8460,0.5022109300427332,1.7803917463929215,1.7803917463929215,502,1.4603597376478308,0.10145949729727799,1.4603597376478308,385,1.2671717284030137,0.18139991275053352,1.2671717284030137,385,1.7803917463929215,small,False,False,False,False,False,False,False,missed_all_scales,False,False,False,missed_all_scales,True,True,False,multiple_scales,True,True,False,multiple_scales
OPCID_a6f2fecc54bc432d,OPCID,MG1655,950090,955440,952765.0,5350,2.149158446130611,0.045305205640941905,2.149158446130611,319,1.37231410811999,0.0377885608893998,1.37231410811999,469,0.7885477186134887,0.08241885126391627,0.7885477186134887,824,2.149158446130611,small,False,False,True,True,False,False,False,missed_all_scales,True,False,False,small_only,True,True,False,multiple_scales,True,True,False,multiple_scales
OPCID_9ac65fd4bf038173,OPCID,MG1655,961460,964210,962835.0,2750,0.31475589742470317,2.63417683444189,2.63417683444189,201,0.27382159853614024,1.6839387533189405,1.6839387533189405,239,0.7885477186134887,0.08241885126391627,0.7885477186134887,824,2.63417683444189,small,False,False,False,False,False,False,False,missed_all_scales,False,False,False,missed_all_scales,False,False,False,missed_all_scales,False,False,False,missed_all_scales
OPCID_430b7c0bb5fc530a,OPCID,MG1655,1140560,1145010,1142785.0,4450,0.557658329634428,2.546131204914049,2.546131204914049,222,0.5968361398488667,1.8634497246397743,1.8634497246397743,197,0.6200764428361759,2.1702617153949575,2.1702617153949575,8,2.546131204914049,small,False,False,True,True,False,False,False,missed_all_scales,False,False,True,large_only,True,True,True,multiple_scales,True,True,True,multiple_scales
OPCID_0f71385a399dc767,OPCID,MG1655,1186860,1190410,1188635.0,3550,0.8685971017396237,0.7098770327920149,0.8685971017396237,3194,0.3184971689200753,1.4743740994479526,1.4743740994479526,377,0.2727738433693916,0.5924418985150692,0.5924418985150692,1328,1.4743740994479526,medium,False,False,False,False,False,False,False,missed_all_scales,False,False,False,missed_all_scales,False,False,False,missed_all_scales,False,False,False,missed_all_scales
OPCID_304b6ccbb191eb65,OPCID,MG1655,1224080,1226150,1225115.0,2070,0.37894901443822715,1.3166025775930854,1.3166025775930854,1429,0.6065746495988625,0.08648048478912429,0.6065746495988625,2467,0.33779976867591655,0.5369107319529134,0.5369107319529134,1494,1.3166025775930854,small,False,False,False,False,False,False,False,missed_all_scales,False,False,False,missed_all_scales,False,False,False,missed_all_scales,True,False,False,small_only
OPCID_7a866c11603150e7,OPCID,MG1655,1247430,1251440,1249435.0,4010,0.583188798525399,1.6134804918627772,1.6134804918627772,736,0.2709580769398967,1.317741873407456,1.317741873407456,542,0.22577904324478873,1.9317010880351262,1.9317010880351262,173,1.9317010880351262,large,False,False,False,True,False,False,False,missed_all_scales,False,False,False,missed_all_scales,True,False,True,multiple_scales,True,False,True,multiple_scales
OPCID_3045d21bebe98beb,OPCID,MG1655,1295210,1310880,1303045.0,15670,3.0232524596337114,1.5073463239685263,3.0232524596337114,7,2.635483746814912,0.15686213314609343,2.635483746814912,6,2.1702617153949575,0.03198486108280109,2.1702617153949575,23,3.0232524596337114,small,True,True,True,True,True,True,True,multiple_scales,True,True,True,multiple_scales,True,True,True,multiple_scales,True,True,True,multiple_scales
OPCID_414cf80847bd9929,OPCID,MG1655,1337800,1341950,1339875.0,4150,1.5189523737527528,0.03715428147196237,1.5189523737527528,934,1.0584239840569887,0.08343489151285863,1.0584239840569887,943,0.672005879317868,0.2619091235616997,0.672005879317868,1062,1.5189523737527528,small,False,False,False,True,False,False,False,missed_all_scales,False,False,False,missed_all_scales,True,False,False,small_only,True,False,False,small_only
OPCID_129f719ef537ae3f,OPCID,MG1655,1350060,1357740,1353900.0,7680,0.3809716763841948,1.4610003472165705,1.4610003472165705,1078,0.38202838403915307,1.9849687489829217,1.9849687489829217,178,0.2090027852726517,0.940565471515342,0.940565471515342,655,1.9849687489829217,medium,False,False,True,True,False,False,False,missed_all_scales,False,True,False,medium_only,True,True,False,multiple_scales,True,True,False,multiple_scales
OPCID_fa9e2c77b6424ea9,OPCID,MG1655,1666390,1668580,1667485.0,2190,1.0503458963400423,0.05501066858739921,1.0503458963400423,2374,0.5618620670432277,0.09144406640562988,0.5618620670432277,2744,0.12888697703131685,0.5848376135733028,0.5848376135733028,1357,1.0503458963400423,small,False,False,False,False,False,False,False,missed_all_scales,False,False,False,missed_all_scales,False,False,False,missed_all_scales,False,False,False,missed_all_scales
OPCID_1734fe040179910f,OPCID,MG1655,1695830,1705800,1700815.0,9970,0.40469684013399654,2.1069980032805935,2.1069980032805935,334,0.3196401316272245,1.3478898243510815,1.3478898243510815,498,0.1533086968816135,1.8692317197309762,1.8692317197309762,179,2.1069980032805935,small,False,False,False,False,False,False,False,missed_all_scales,False,False,False,missed_all_scales,False,False,False,missed_all_scales,True,True,False,multiple_scales
OPCID_029d6f79d3b495d7,OPCID,MG1655,1732990,1737920,1735455.0,4930,0.44473573480311035,1.0436840440485244,1.0436840440485244,2406,0.7426053468335906,0.10342329390010119,0.7426053468335906,1823,0.7088989863983275,0.304467332801588,0.7088989863983275,943,1.0436840440485244,small,False,False,False,False,False,False,False,missed_all_scales,False,False,False,missed_all_scales,False,False,False,missed_all_scales,False,False,False,missed_all_scales
OPCID_33579465745b0522,OPCID,MG1655,1741110,1747490,1744300.0,6380,1.2621608008243683,0.05268365981065199,1.2621608008243683,1579,1.0360178118488077,0.11180736643794498,1.0360178118488077,974,0.7088989863983275,0.304467332801588,0.7088989863983275,943,1.2621608008243683,small,False,False,False,False,False,False,False,missed_all_scales,False,False,False,missed_all_scales,False,False,False,missed_all_scales,False,False,False,missed_all_scales
OPCID_ae970230ebbec9d2,OPCID,MG1655,1798820,1802930,1800875.0,4110,3.0232524596337114,0.031371679490629,3.0232524596337114,61,1.7257117790439778,0.028028723600243537,1.7257117790439778,217,1.3296410967071637,0.063051745747089,1.3296410967071637,337,3.0232524596337114,small,True,True,True,True,True,False,False,small_only,True,True,False,multiple_scales,True,True,False,multiple_scales,True,True,True,multiple_scales
OPCID_9d9e69ad0ce51f11,OPCID,MG1655,2139120,2147740,2143430.0,8620,0.3390011678241647,1.807570577554218,1.807570577554218,481,1.0449909564215467,0.07922313805912767,1.0449909564215467,960,0.06136187542139872,0.5863078103942173,0.5863078103942173,1348,1.807570577554218,small,False,False,False,False,False,False,False,missed_all_scales,False,False,False,missed_all_scales,False,False,False,missed_all_scales,True,False,False,small_only
OPCID_8d5d9994a513fc11,OPCID,MG1655,2211940,2215000,2213470.0,3060,0.9386798591381122,0.34987261438954076,0.9386798591381122,2876,0.05978349779710322,0.755272505103306,0.755272505103306,1757,0.18578687490428608,1.0971976975558384,1.0971976975558384,495,1.0971976975558384,large,False,False,False,False,False,False,False,missed_all_scales,False,False,False,missed_all_scales,False,False,False,missed_all_scales,False,False,False,missed_all_scales
OPCID_c4aea9eca44028ce,OPCID,MG1655,2259040,2263960,2261500.0,4920,1.789078794427633,0.05087002370449491,1.789078794427633,495,1.4080613168106568,0.07983568357378083,1.4080613168106568,435,0.1368379599080077,1.9317010880351262,1.9317010880351262,163,1.9317010880351262,large,False,False,True,True,False,False,False,missed_all_scales,True,False,False,small_only,True,True,False,multiple_scales,True,True,False,multiple_scales
OPCID_3a4aa0d0d21262a8,OPCID,MG1655,2389410,2393000,2391205.0,3590,3.0232524596337114,0.04167032876957802,3.0232524596337114,5,2.635483746814912,0.08648048478912429,2.635483746814912,16,2.1702617153949575,0.22111857610039592,2.1702617153949575,12,3.0232524596337114,small,True,True,True,True,True,True,True,multiple_scales,True,True,True,multiple_scales,True,True,True,multiple_scales,True,True,True,multiple_scales
OPCID_33b4f3a14ebbc59e,OPCID,MG1655,2393000,2397570,2395285.0,4570,3.0232524596337114,0.03693076396282752,3.0232524596337114,1,2.635483746814912,0.08648048478912429,2.635483746814912,16,2.1702617153949575,0.22111857610039592,2.1702617153949575,12,3.0232524596337114,small,True,True,True,True,True,True,True,multiple_scales,True,True,True,multiple_scales,True,True,True,multiple_scales,True,True,True,multiple_scales
OPCID_6abc058ae2242c3c,OPCID,MG1655,2440390,2441890,2441140.0,1500,1.5918886954747242,0.025431352912936578,1.5918886954747242,773,0.36602729986307525,0.9523656849557656,0.9523656849557656,1152,0.755609828979445,0.1638431030423713,0.755609828979445,876,1.5918886954747242,small,False,False,False,True,False,False,False,missed_all_scales,False,False,False,missed_all_scales,True,False,False,small_only,True,False,False,small_only
OPCID_c0709bc7c08ec44f,OPCID,MG1655,2529590,2532260,2530925.0,2670,2.2512184374585735,0.024123880521189425,2.2512184374585735,285,2.635483746814912,0.02058653078177749,2.635483746814912,56,2.1702617153949575,0.024133679716719363,2.1702617153949575,84,2.635483746814912,medium,True,True,True,True,False,True,False,medium_only,False,True,True,multiple_scales,True,True,True,multiple_scales,True,True,True,multiple_scales
OPCID_c8522caa8fd83322,OPCID,MG1655,2532990,2536410,2534700.0,3420,3.0232524596337114,0.02347015025036659,3.0232524596337114,26,2.635483746814912,0.02058653078177749,2.635483746814912,56,2.1702617153949575,0.024133679716719363,2.1702617153949575,84,3.0232524596337114,small,True,True,True,True,True,True,False,multiple_scales,True,True,True,multiple_scales,True,True,True,multiple_scales,True,True,True,multiple_scales
OPCID_630c92ecf870fece,OPCID,MG1655,2543000,2544750,2543875.0,1750,1.2175501407779148,0.04030322978053232,1.2175501407779148,1741,0.1666245250062801,0.7941405076900281,0.7941405076900281,1635,1.1724441180961824,0.036734547569250944,1.1724441180961824,445,1.2175501407779148,small,False,False,False,False,False,False,False,missed_all_scales,False,False,False,missed_all_scales,False,False,False,missed_all_scales,True,False,False,small_only
OPCID_adee45e8dfb40894,OPCID,MG1655,2563220,2565610,2564415.0,2390,2.1570555797222273,0.03872607902994337,2.1570555797222273,313,1.3455919485065069,0.05628139025616127,1.3455919485065069,503,0.9466826997238478,0.1553669799790296,0.9466826997238478,648,2.1570555797222273,small,False,False,True,True,False,False,False,missed_all_scales,True,False,False,small_only,True,True,False,multiple_scales,True,True,False,multiple_scales
OPCID_079060fd1545272e,OPCID,MG1655,2637380,2643140,2640260.0,5760,1.5611128166027706,0.071908420291251,1.5611128166027706,853,1.2834084883950125,0.09652376566319082,1.2834084883950125,598,0.799292176530358,0.21612646564709542,0.799292176530358,806,1.5611128166027706,small,False,False,False,True,False,False,False,missed_all_scales,False,False,False,missed_all_scales,True,False,False,small_only,True,True,False,multiple_scales
OPCID_3808275a8edee593,OPCID,MG1655,2647290,2653520,2650405.0,6230,0.8460061593389931,1.9800725442963372,1.9800725442963372,388,0.7518315880882755,1.0988078956214617,1.0988078956214617,880,0.799292176530358,0.21612646564709542,0.799292176530358,806,1.9800725442963372,small,False,False,True,True,False,False,False,missed_all_scales,True,False,False,small_only,True,False,False,small_only,True,True,False,multiple_scales
OPCID_e946d7d808213e3f,OPCID,MG1655,2661520,2663750,2662635.0,2230,0.642145826169427,0.10481202406602969,0.642145826169427,4960,0.26377590504898607,0.8415160724967341,0.8415160724967341,1447,0.3815158154763447,0.442382613842889,0.442382613842889,1813,0.8415160724967341,medium,False,False,False,False,False,False,False,missed_all_scales,False,False,False,missed_all_scales,False,False,False,missed_all_scales,False,False,False,missed_all_scales
OPCID_ee3461cf21068a4c,OPCID,MG1655,2683840,2691680,2687760.0,7840,0.45077864279852464,1.2108021585314663,1.2108021585314663,1773,0.3613320414600405,0.8031627590368493,0.8031627590368493,1593,0.2136727983997234,0.6685314493402041,0.6685314493402041,1070,1.2108021585314663,small,False,False,False,False,False,False,False,missed_all_scales,False,False,False,missed_all_scales,False,False,False,missed_all_scales,False,False,False,missed_all_scales
OPCID_210f8ff672fa4c9a,OPCID,MG1655,2708310,2710490,2709400.0,2180,1.340321351932434,0.04532203140029882,1.340321351932434,1379,0.8094573226908596,0.10537665556650565,0.8094573226908596,1575,0.316051265327601,0.49826218086637675,0.49826218086637675,1598,1.340321351932434,small,False,False,False,False,False,False,False,missed_all_scales,False,False,False,missed_all_scales,False,False,False,missed_all_scales,True,False,False,small_only
OPCID_e04790b97d37c16e,OPCID,MG1655,2866350,2870610,2868480.0,4260,1.4001263034840505,0.07003644972431367,1.4001263034840505,1227,0.12162551571041691,0.9774985740864532,0.9774985740864532,1098,0.056318363088120604,1.0320308133083353,1.0320308133083353,578,1.4001263034840505,small,False,False,False,False,False,False,False,missed_all_scales,False,False,False,missed_all_scales,False,False,False,missed_all_scales,True,False,False,small_only
OPCID_149d0308ae463e46,OPCID,MG1655,2917350,2922640,2919995.0,5290,2.3956162070820586,0.06184070292430327,2.3956162070820586,252,2.135483746814912,0.04478492892607497,2.135483746814912,156,1.630671092371145,0.11577635695521718,1.630671092371145,236,2.3956162070820586,small,True,True,True,True,True,True,False,multiple_scales,True,True,False,multiple_scales,True,True,False,multiple_scales,True,True,True,multiple_scales
OPCID_8429a777f942f05d,OPCID,MG1655,2939250,2942980,2941115.0,3730,0.5802441142523209,1.1478054994426488,1.1478054994426488,2011,0.40633105075590376,0.6319300553278834,0.6319300553278834,2321,0.2041263274452122,0.6704789712819663,0.6704789712819663,1064,1.1478054994426488,small,False,False,False,False,False,False,False,missed_all_scales,False,False,False,missed_all_scales,False,False,False,missed_all_scales,False,False,False,missed_all_scales
OPCID_bb60f5d218faa929,OPCID,MG1655,2964460,2969080,2966770.0,4620,1.2384484758602992,0.5012080749333953,1.2384484758602992,1658,0.3290918184550443,1.3991055221563058,1.3991055221563058,443,0.13889553379226044,0.7678513760343761,0.7678513760343761,841,1.3991055221563058,medium,False,False,False,False,False,False,False,missed_all_scales,False,False,False,missed_all_scales,False,False,False,missed_all_scales,True,False,False,small_only
OPCID_dee7d45a8897305b,OPCID,MG1655,3012260,3016260,3014260.0,4000,1.4166264335355132,0.07379666906737917,1.4166264335355132,1185,0.7754040951119336,0.07978527214210888,0.7754040951119336,1689,0.054654391413656876,0.7581987984366829,0.7581987984366829,860,1.4166264335355132,small,False,False,False,False,False,False,False,missed_all_scales,False,False,False,missed_all_scales,False,False,False,missed_all_scales,True,False,False,small_only
OPCID_ad7cb00f8c882c61,OPCID,MG1655,3040170,3043170,3041670.0,3000,1.84812845046663,0.026306734679293904,1.84812845046663,456,1.594091061656687,0.05514745952825026,1.594091061656687,284,2.1702617153949575,0.08957771427746994,2.1702617153949575,106,2.1702617153949575,large,False,False,True,True,False,False,False,missed_all_scales,True,False,False,small_only,True,True,True,multiple_scales,True,True,True,multiple_scales
OPCID_b7f0a78b5bc75834,OPCID,MG1655,3046160,3051090,3048625.0,4930,2.5717074661377395,0.03874846599256989,2.5717074661377395,206,2.635483746814912,0.0846480077459216,2.635483746814912,14,2.1702617153949575,0.063051745747089,2.1702617153949575,44,2.635483746814912,medium,True,True,True,True,True,True,False,multiple_scales,True,True,True,multiple_scales,True,True,True,multiple_scales,True,True,True,multiple_scales
OPCID_725a69a69963ad59,OPCID,MG1655,3269380,3278780,3274080.0,9400,3.0232524596337114,0.020226415328001866,3.0232524596337114,8,2.635483746814912,0.01851508132809352,2.635483746814912,25,2.1702617153949575,0.024133679716719363,2.1702617153949575,9,3.0232524596337114,small,True,True,True,True,True,True,True,multiple_scales,True,True,True,multiple_scales,True,True,True,multiple_scales,True,True,True,multiple_scales
OPCID_3b8eefccce2e36fc,OPCID,MG1655,3375910,3384990,3380450.0,9080,1.389784004054125,0.06130160994259087,1.389784004054125,1247,0.8872957198087117,0.0852571168155806,0.8872957198087117,1296,0.6860202411179899,0.2894857211128664,0.6860202411179899,1025,1.389784004054125,small,False,False,False,False,False,False,False,missed_all_scales,False,False,False,missed_all_scales,False,False,False,missed_all_scales,False,False,False,missed_all_scales
OPCID_5c038f6d802a0373,OPCID,MG1655,3439610,3448700,3444155.0,9090,3.0232524596337114,0.011893969608196456,3.0232524596337114,19,2.635483746814912,0.1581213513253806,2.635483746814912,9,2.1702617153949575,0.024133679716719363,2.1702617153949575,3,3.0232524596337114,small,True,True,True,True,True,True,True,multiple_scales,True,True,True,multiple_scales,True,True,True,multiple_scales,True,True,True,multiple_scales
OPCID_3ca243441c0a5a91,OPCID,MG1655,3547440,3552940,3550190.0,5500,3.0232524596337114,0.14301219149838867,3.0232524596337114,22,2.635483746814912,0.01955406532436242,2.635483746814912,13,2.1702617153949575,0.02104260273957747,2.1702617153949575,11,3.0232524596337114,small,True,True,True,True,True,True,False,multiple_scales,True,True,True,multiple_scales,True,True,True,multiple_scales,True,True,True,multiple_scales
OPCID_6e5625e30f0c3e40,OPCID,MG1655,3552940,3556260,3554600.0,3320,3.0232524596337114,0.02786599350025142,3.0232524596337114,25,2.635483746814912,0.01955406532436242,2.635483746814912,13,2.1702617153949575,0.02104260273957747,2.1702617153949575,11,3.0232524596337114,small,True,True,True,True,True,True,True,multiple_scales,True,True,True,multiple_scales,True,True,True,multiple_scales,True,True,True,multiple_scales
OPCID_f124da0b3913d5c3,OPCID,MG1655,3638960,3642850,3640905.0,3890,3.0232524596337114,0.024562762791008663,3.0232524596337114,41,2.007847494263259,0.038921447637681295,2.007847494263259,173,1.241595467179323,0.0918206331752691,1.241595467179323,401,3.0232524596337114,small,True,True,True,True,True,False,False,small_only,True,True,False,multiple_scales,True,True,False,multiple_scales,True,True,False,multiple_scales
OPCID_a2fcb5ddde5dbcf6,OPCID,MG1655,3735170,3740140,3737655.0,4970,2.3331468387779086,0.0485154948316229,2.3331468387779086,270,1.594091061656687,0.036694617815312025,1.594091061656687,280,0.9739132387651245,0.14713122529889644,0.9739132387651245,620,2.3331468387779086,small,True,True,True,True,True,False,False,small_only,True,True,False,multiple_scales,True,True,False,multiple_scales,True,True,False,multiple_scales
OPCID_7a387ab67a4e089c,OPCID,MG1655,3864340,3869140,3866740.0,4800,1.7740971827389114,0.030258258269631043,1.7740971827389114,505,1.526741774707959,0.06319352981032822,1.526741774707959,338,0.8407792940627399,0.09701165107213,0.8407792940627399,763,1.7740971827389114,small,False,False,True,True,False,False,False,missed_all_scales,True,False,False,small_only,True,True,False,multiple_scales,True,True,False,multiple_scales
OPCID_22365f72e65106b5,OPCID,MG1655,3911270,3927110,3919190.0,15840,2.3331468387779086,0.0407551492796546,2.3331468387779086,266,2.635483746814912,0.07558371363384578,2.635483746814912,40,2.1702617153949575,0.19314046067529494,2.1702617153949575,64,2.635483746814912,medium,True,True,True,True,False,True,False,medium_only,True,True,True,multiple_scales,True,True,True,multiple_scales,True,True,True,multiple_scales
OPCID_092946eccc52a81c,OPCID,MG1655,3986190,4002850,3994520.0,16660,1.671177201213812,0.049945280500871145,1.671177201213812,629,1.594091061656687,0.084040602480081,1.594091061656687,283,1.4712917110589385,0.2314608755303214,1.4712917110589385,270,1.671177201213812,small,False,False,False,False,False,False,False,missed_all_scales,False,False,False,missed_all_scales,False,True,False,medium_only,True,True,True,multiple_scales
OPCID_f235f321095064d1,OPCID,MG1655,4015990,4027660,4021825.0,11670,1.893216765641174,0.026741008143383222,1.893216765641174,430,1.7903857068006552,0.07082413150714456,1.7903857068006552,207,1.8692317197309762,0.20200484415551073,1.8692317197309762,178,1.893216765641174,small,False,False,True,True,False,False,False,missed_all_scales,True,True,False,multiple_scales,True,True,True,multiple_scales,True,True,True,multiple_scales
OPCID_52757c7e517094bd,OPCID,MG1655,4115250,4120550,4117900.0,5300,1.4917735425914564,0.06188973063708146,1.4917735425914564,994,1.0182251050585687,0.09829863739713854,1.0182251050585687,1010,0.6860202411179899,0.2282607530105638,0.6860202411179899,1023,1.4917735425914564,small,False,False,False,True,False,False,False,missed_all_scales,False,False,False,missed_all_scales,True,False,False,small_only,True,False,False,small_only
OPCID_4a51b9db831f2860,OPCID,MG1655,4252060,4260210,4256135.0,8150,2.1201624726417676,0.03026296793355284,2.1201624726417676,329,2.635483746814912,0.024823583725032152,2.635483746814912,72,2.1702617153949575,0.04685245478993143,2.1702617153949575,65,2.635483746814912,medium,False,False,False,False,False,False,False,missed_all_scales,False,False,False,missed_all_scales,False,True,False,medium_only,True,True,True,multiple_scales
OPCID_b9f55508e75e487b,OPCID,MG1655,4276470,4282120,4279295.0,5650,0.7116846937800118,1.757513001112584,1.757513001112584,516,1.2129347268077837,0.11239230144447135,1.2129347268077837,692,0.09477609936365153,1.568201724066995,1.568201724066995,254,1.757513001112584,small,False,False,True,True,False,False,False,missed_all_scales,True,False,False,small_only,True,False,False,small_only,True,True,False,multiple_scales
OPCID_1d111d2805e7745b,OPCID,MG1655,4480430,4488410,4484420.0,7980,1.1720371914109489,0.4947314719775504,1.1720371914109489,1925,0.8328312237443574,0.37633208591826106,0.8328312237443574,1477,0.6200764428361759,0.3863957341209229,0.6200764428361759,1247,1.1720371914109489,small,False,False,False,False,False,False,False,missed_all_scales,False,False,False,missed_all_scales,False,False,False,missed_all_scales,False,False,False,missed_all_scales
OPCID_54d272e23bb92a3b,OPCID,MG1655,4583060,4587140,4585100.0,4080,1.0159921902547495,2.0828456634933157,2.0828456634933157,347,0.7788224943213983,0.7921656121837655,0.7921656121837655,1639,0.28668378235386716,0.5075038837133833,0.5075038837133833,1566,2.0828456634933157,small,False,False,True,True,False,False,False,missed_all_scales,True,False,False,small_only,True,False,False,small_only,True,False,False,small_only
CHID_10c0edbfd02353c9,CHID,MG1655,149900,157060,153480.0,7160,0.3627060568755217,2.13417683444189,2.13417683444189,322,0.2620032646666612,0.7388330700083545,0.7388330700083545,1836,0.1926343739848674,0.6511503962105982,0.6511503962105982,1160,2.13417683444189,small,False,False,True,True,False,False,False,missed_all_scales,True,False,False,small_only,True,False,False,small_only,True,False,False,small_only
CHID_d5d6186c6918f2bb,CHID,MG1655,310750,320090,315420.0,9340,1.600703439626583,0.03872724496060815,1.600703439626583,753,2.635483746814912,0.021643210438477042,2.635483746814912,50,0.9739132387651245,0.03039403168970648,0.9739132387651245,612,2.635483746814912,medium,False,False,False,False,False,False,False,missed_all_scales,False,False,False,missed_all_scales,False,False,False,missed_all_scales,False,False,False,missed_all_scales
CHID_21f48d066f082128,CHID,MG1655,558100,572380,565240.0,14280,0.2864126482863387,1.4032275735773876,1.4032275735773876,1222,0.13993940926846357,0.861719458585021,0.861719458585021,1372,0.13088834825815382,0.5470124249970569,0.5470124249970569,1469,1.4032275735773876,small,False,False,False,False,False,False,False,missed_all_scales,False,False,False,missed_all_scales,False,False,False,missed_all_scales,False,False,False,missed_all_scales
CHID_85b41ba2b9c36824,CHID,MG1655,574340,585760,580050.0,11420,0.21257290757205857,0.9902759694767767,0.9902759694767767,2627,0.050631838317626326,0.8820959785115905,0.8820959785115905,1312,0.051339101964150334,0.5501119243936012,0.5501119243936012,1456,0.9902759694767767,small,False,False,False,False,False,False,False,missed_all_scales,False,False,False,missed_all_scales,False,False,False,missed_all_scales,False,False,False,missed_all_scales
CHID_c16193a866007239,CHID,MG1655,872940,876560,874750.0,3620,0.21953299066572152,1.918494952362396,1.918494952362396,417,0.20256176921749314,1.126967077165522,1.126967077165522,843,0.14909211311318207,1.9317010880351262,1.9317010880351262,166,1.9317010880351262,large,False,False,True,True,False,False,False,missed_all_scales,False,False,False,missed_all_scales,False,False,True,large_only,False,False,True,large_only
CHID_ddb48e888603fa31,CHID,MG1655,1085960,1104240,1095100.0,18280,0.39749418348787185,1.2679799545304054,1.2679799545304054,1564,0.023245704198114545,2.03342375548695,2.03342375548695,166,0.19715843847356596,1.9317010880351262,1.9317010880351262,167,2.03342375548695,medium,False,False,True,True,False,False,False,missed_all_scales,False,True,False,medium_only,False,True,False,medium_only,False,True,False,medium_only
CHID_9ee02f36e2c46f9c,CHID,MG1655,1207850,1221040,1214445.0,13190,1.055725665018179,2.8727374618017207,2.8727374618017207,159,0.24905895592773514,1.3137574085718184,1.3137574085718184,552,0.18358231545175852,0.6888403747943361,0.6888403747943361,1009,2.8727374618017207,small,False,False,False,False,False,False,False,missed_all_scales,False,False,False,missed_all_scales,False,False,False,missed_all_scales,True,False,False,small_only
CHID_98a77fbf535246a2,CHID,MG1655,1543310,1546830,1545070.0,3520,0.5625236769438171,0.042364233090573904,0.5625236769438171,5781,0.01639041618816937,0.2765071044553785,0.2765071044553785,4953,0.036734547569250944,0.2779530690785197,0.2779530690785197,2523,0.5625236769438171,small,False,False,False,False,False,False,False,missed_all_scales,False,False,False,missed_all_scales,False,False,False,missed_all_scales,False,False,False,missed_all_scales
CHID_5977802645c5a666,CHID,MG1655,1586640,1590260,1588450.0,3620,1.0387776191430402,0.07193232991921523,1.0387776191430402,2428,0.020062665316428016,1.4672538798906474,1.4672538798906474,380,0.05300307363861406,1.0286111010431824,1.0286111010431824,582,1.4672538798906474,medium,False,False,False,False,False,False,False,missed_all_scales,False,False,False,missed_all_scales,False,False,False,missed_all_scales,False,False,False,missed_all_scales
CHID_2ca33fd28f8ff17d,CHID,MG1655,1770410,1779620,1775015.0,9210,0.22118967445894455,1.4225538974734857,1.4225538974734857,1170,0.04166135318930209,1.070316862567409,1.070316862567409,918,0.1348365886811707,1.9317010880351262,1.9317010880351262,161,1.9317010880351262,large,False,False,False,False,False,False,False,missed_all_scales,False,False,False,missed_all_scales,False,False,False,missed_all_scales,False,False,False,missed_all_scales
CHID_e99742d9fb1834b2,CHID,MG1655,2101300,2110960,2106130.0,9660,1.5316649236148048,0.03380264196701965,1.5316649236148048,918,1.475410603759385,0.07438400206861848,1.475410603759385,370,1.1617450457455671,0.061388178763560564,1.1617450457455671,451,1.5316649236148048,small,False,False,False,True,False,False,False,missed_all_scales,False,False,False,missed_all_scales,True,True,False,multiple_scales,True,True,False,multiple_scales
CHID_3dbc3a51ad1f4a2e,CHID,MG1655,2187180,2192430,2189805.0,5250,0.13839952112703624,1.1960679141460684,1.1960679141460684,1835,0.14838223805034084,0.9527397543694622,0.9527397543694622,1150,1.0563183630881205,0.056318363088120604,1.0563183630881205,546,1.1960679141460684,small,False,False,False,False,False,False,False,missed_all_scales,False,False,False,missed_all_scales,False,False,False,missed_all_scales,False,False,False,missed_all_scales
CHID_22cd1a298e3f8de6,CHID,MG1655,2382590,2389020,2385805.0,6430,1.6267066595454214,0.0185013040427104,1.6267066595454214,700,2.635483746814912,0.030184048897486673,2.635483746814912,82,2.1702617153949575,0.11395921462767011,2.1702617153949575,47,2.635483746814912,medium,False,False,False,False,False,False,False,missed_all_scales,False,False,False,missed_all_scales,False,False,False,missed_all_scales,False,False,True,large_only
CHID_a3539b4c5da95bec,CHID,MG1655,2480590,2492350,2486470.0,11760,0.2962372766315806,1.468463186181518,1.468463186181518,1047,0.3099659495543775,1.3969231194550809,1.3969231194550809,446,0.12500924468293573,1.247712695387829,1.247712695387829,397,1.468463186181518,small,False,False,False,False,False,False,False,missed_all_scales,False,False,False,missed_all_scales,False,False,False,missed_all_scales,False,False,False,missed_all_scales
CHID_242423613227795b,CHID,MG1655,2757490,2761220,2759355.0,3730,1.1373485201341587,0.04100031263962183,1.1373485201341587,2051,0.096161104010065,1.059492549086175,1.059492549086175,941,1.0563183630881205,0.17248799065738868,1.0563183630881205,556,1.1373485201341587,small,False,False,False,False,False,False,False,missed_all_scales,False,False,False,missed_all_scales,False,False,False,missed_all_scales,False,False,False,missed_all_scales
CHID_bb5176753cf7c269,CHID,MG1655,2780610,2788810,2784710.0,8200,0.30625160180581545,2.061112816602771,2.061112816602771,357,0.04166135318930209,1.0614910864730094,1.0614910864730094,937,0.09011750882931334,0.6395354758513607,0.6395354758513607,1193,2.061112816602771,small,False,False,True,True,False,False,False,missed_all_scales,True,False,False,small_only,True,False,False,small_only,True,False,False,small_only
CHID_f834d1ac36e1b8fa,CHID,MG1655,2986150,2998700,2992425.0,12550,0.3932835904581199,1.7184552550211014,1.7184552550211014,559,1.2257117790439778,0.17228422416550287,1.2257117790439778,677,0.09473008871808228,2.1702617153949575,2.1702617153949575,134,2.1702617153949575,large,False,False,False,False,False,False,False,missed_all_scales,False,False,False,missed_all_scales,False,False,False,missed_all_scales,True,True,False,multiple_scales
CHID_0fd794b4635bec68,CHID,MG1655,3183500,3193050,3188275.0,9550,0.6938843564093997,1.2922032690661336,1.2922032690661336,1491,1.023217215511869,0.22233617929247215,1.023217215511869,1003,1.3251636753807006,0.18153710170378679,1.3251636753807006,342,1.3251636753807006,large,False,False,False,False,False,False,False,missed_all_scales,False,False,False,missed_all_scales,False,False,False,missed_all_scales,False,False,False,missed_all_scales
CHID_73f567423cf41748,CHID,MG1655,3631260,3635950,3633605.0,4690,1.4469554206699766,0.02368784173822429,1.4469554206699766,1109,1.2485905243243154,0.04275516811394914,1.2485905243243154,647,1.241595467179323,0.0918206331752691,1.241595467179323,401,1.4469554206699766,small,False,False,False,False,False,False,False,missed_all_scales,False,False,False,missed_all_scales,True,False,False,small_only,True,False,False,small_only
CHID_f06b787cca3dcb95,CHID,MG1655,3650910,3658770,3654840.0,7860,1.176345032689003,0.04053753680033745,1.176345032689003,1914,0.13316187181205616,0.722835614599432,0.722835614599432,1903,1.179126098875173,0.05799518409191452,1.179126098875173,439,1.179126098875173,large,False,False,False,False,False,False,False,missed_all_scales,False,False,False,missed_all_scales,False,False,False,missed_all_scales,False,False,False,missed_all_scales
CHID_829be93d3f3a9719,CHID,MG1655,3765970,3769680,3767825.0,3710,0.07655413665654175,3.0232524596337114,3.0232524596337114,69,0.6420531116698898,0.1538070890291433,0.6420531116698898,2258,0.1270106159097727,1.9317010880351262,1.9317010880351262,155,3.0232524596337114,small,True,True,True,True,True,False,False,small_only,True,False,False,small_only,True,False,True,multiple_scales,True,False,True,multiple_scales
CHID_2dad41c5a944685a,CHID,MG1655,3797060,3808210,3802635.0,11150,1.5585429967765652,0.028715856364516158,1.5585429967765652,858,1.5474381172870715,0.04442056745412484,1.5474381172870715,318,1.3692317197309762,0.05300307363861406,1.3692317197309762,310,1.5585429967765652,small,False,False,False,True,False,False,False,missed_all_scales,False,False,False,missed_all_scales,True,True,False,multiple_scales,True,True,True,multiple_scales
CHID_719d61be1e7fecf1,CHID,MG1655,4061010,4065490,4063250.0,4480,1.2400337135361763,0.03514168366724315,1.2400337135361763,1653,0.6726214833468809,0.08894809362688036,0.6726214833468809,2105,0.24864532634595266,0.5180164515082135,0.5180164515082135,1542,1.2400337135361763,small,False,False,False,False,False,False,False,missed_all_scales,False,False,False,missed_all_scales,False,False,False,missed_all_scales,True,False,False,small_only
CHID_0def30026dacfa28,CHID,MG1655,4503590,4507480,4505535.0,3890,0.2520376954416322,1.5193785706333414,1.5193785706333414,930,0.5962734643579121,0.09335651725929753,0.5962734643579121,2521,0.30202362438110897,0.10483762384352803,0.30202362438110897,2465,1.5193785706333414,small,False,False,False,True,False,False,False,missed_all_scales,False,False,False,missed_all_scales,True,False,False,small_only,True,False,False,small_only
CHID_52339c707e099308,CHID,MG1655,4533730,4546660,4540195.0,12930,0.3650554880913903,0.7011562991480317,0.7011562991480317,4384,0.669526088274289,0.11657535225825402,0.669526088274289,2116,0.20177876684102225,0.6173363782023856,0.6173363782023856,1254,0.7011562991480317,small,False,False,False,False,False,False,False,missed_all_scales,False,False,False,missed_all_scales,False,False,False,missed_all_scales,False,False,False,missed_all_scales
CHID_299eef69ee510b9f,CHID,MG1655,4576950,4581280,4579115.0,4330,0.7578453628814037,0.1458612530385427,0.7578453628814037,3901,0.6943353463460862,0.1791708150093312,0.6943353463460862,2019,0.1926343739848674,0.7275811053792014,0.7275811053792014,913,0.7578453628814037,small,False,False,False,False,False,False,False,missed_all_scales,False,False,False,missed_all_scales,False,False,False,missed_all_scales,False,False,False,missed_all_scales
