region_id,chrom,start,end,center,peak_scale,peak_window_id,peak_score,peak_window_bp,density_anomaly,shape_anomaly,dominant_branch,rep1_peak_score,rep2_peak_score,support_small_count,support_medium_count,support_large_count,support_union_start,support_union_end,member_window_count,tie_key,union_length_bp,cumulative_union_bp,region_rank
MSREG_small_b293b008e469f997,MG1655,2393200,2396400,2394800.0,small,WIN_small_b293b008e469f997,3.0232524596337114,3200,3.0232524596337114,0.03693076396282752,density,3.0232524596337114,3.0232524596337114,7,8,8,2382400,2406400,23,024370d75a4b19b82122695ad2ae378383b5273db3d622275dc85263f4e0c64f,3200,3200,1
MSREG_small_79de058fe4118b43,MG1655,4464400,4467600,4466000.0,small,WIN_small_79de058fe4118b43,3.0232524596337114,3200,3.0232524596337114,0.025880141397492402,density,3.0232524596337114,3.0232524596337114,7,8,8,4454400,4478400,23,0485c519a1698e28feb13792da0462b6f3ccc6ea64785d66d335c3c4ffe6d64d,3200,6400,2
MSREG_small_168905fe23143e2a,MG1655,770400,773600,772000.0,small,WIN_small_168905fe23143e2a,3.0232524596337114,3200,3.0232524596337114,0.022819249010511244,density,3.0232524596337114,3.0232524596337114,7,7,8,760000,784000,22,05e17b1b38438878d84d8ed0c7afe0147a7ea3b23632c3b3aca4a4e37e74253c,3200,9600,3
MSREG_small_d936ad791b73acf1,MG1655,4366800,4370000,4368400.0,small,WIN_small_d936ad791b73acf1,3.0232524596337114,3200,3.0232524596337114,0.021302572350957387,density,3.0232524596337114,3.0232524596337114,7,8,8,4356800,4380800,23,1172a3239cdb7430467b43b52d8229ed929baf5ffda09a5681d0d459df92e434,3200,12800,4
MSREG_small_3ec20958545f0cac,MG1655,1300400,1303600,1302000.0,small,WIN_small_3ec20958545f0cac,3.0232524596337114,3200,3.0232524596337114,1.5073463239685263,mixed,3.0232524596337114,3.0232524596337114,7,8,8,1289600,1313600,23,126b3d04aff4748e2c906490f4d40231a5257a586991e7efaddab04b61530a96,3200,16000,5
MSREG_small_ecb1ec0c7e4ced2d,MG1655,3275600,3278800,3277200.0,small,WIN_small_ecb1ec0c7e4ced2d,3.0232524596337114,3200,3.0232524596337114,0.020226415328001866,density,3.0232524596337114,3.0232524596337114,7,8,8,3265600,3289600,23,13f333ca0e53f6d816111baed7a452a868b7be433c9fc742a08d051f054e58cb,3200,19200,6
MSREG_small_a679272d078d8547,MG1655,3272800,3276000,3274400.0,small,WIN_small_a679272d078d8547,3.0232524596337114,3200,3.0232524596337114,0.01529399060974863,density,3.0232524596337114,3.0232524596337114,7,3,2,3262400,3277200,12,171cd383513b6b092f30fa16ec8a3d830e2a27f9474e19590515724f3f81998a,3200,22000,7
MSREG_small_afe20ef3ca213727,MG1655,2402400,2405600,2404000.0,small,WIN_small_afe20ef3ca213727,3.0232524596337114,3200,3.0232524596337114,0.028058166086016526,density,3.0232524596337114,3.0232524596337114,7,7,6,2395200,2416000,20,1768276aecd594c786999719a4ab7d65c2a04949c735ec4e95720bddaab6b3b3,3200,25200,8
MSREG_small_4e3eaf398b367ecc,MG1655,3887600,3890800,3889200.0,small,WIN_small_4e3eaf398b367ecc,3.0232524596337114,3200,3.0232524596337114,0.11534508330902796,density,3.0232524596337114,3.0232524596337114,7,8,8,3876800,3900800,23,17d6ea5a7d2dfe5828597b1aeb1f91fa1d2077d42205867fdf7f6c8222f6f911,3200,28400,9
MSREG_small_05030236209f1a6f,MG1655,4242800,4246000,4244400.0,small,WIN_small_05030236209f1a6f,3.0232524596337114,3200,3.0232524596337114,0.014654166316259097,density,3.0232524596337114,3.0232524596337114,7,8,8,4232000,4256000,23,181b385fc763aeb86f28db19ea7d32dcf79247a31642ca1432ec0d5b674bf15f,3200,31600,10
MSREG_small_98c8304011c7e0dd,MG1655,1902400,1905600,1904000.0,small,WIN_small_98c8304011c7e0dd,3.0232524596337114,3200,3.0232524596337114,0.19456388455468754,density,3.0232524596337114,3.0232524596337114,7,7,7,1892800,1915200,21,18fe8285bab46fa06d6bdb191c32846e39e8d56dd8fd32611144d11d73587fe1,3200,34800,11
MSREG_small_92edc61495a0dcab,MG1655,4462000,4465200,4463600.0,small,WIN_small_92edc61495a0dcab,3.0232524596337114,3200,3.0232524596337114,0.016149332338366185,density,3.0232524596337114,3.0232524596337114,6,3,2,4451200,4466000,11,19407f1dd866bb8ebe8f356a72c237be946d96b0bedda1ca306808499e30537d,3200,37200,12
MSREG_small_45234869311bd001,MG1655,321200,324400,322800.0,small,WIN_small_45234869311bd001,3.0232524596337114,3200,3.0232524596337114,0.10896310945228159,density,3.0232524596337114,3.0232524596337114,7,8,8,310400,334400,23,1ba686d45bedda59ca5d4e15fb4ad6d292527672dac09794a53ba65eb12db7f6,3200,40400,13
MSREG_small_328fb9c4df683256,MG1655,1303600,1306800,1305200.0,small,WIN_small_328fb9c4df683256,3.0232524596337114,3200,3.0232524596337114,0.04302182770378825,density,3.0232524596337114,3.0232524596337114,7,4,2,1302400,1316800,13,21950d19bfafae590a07b040010ccb2cc8343bdd91295013c179aebc60d11d4c,3200,43600,14
MSREG_small_b4e257ac686da3fd,MG1655,3441200,3444400,3442800.0,small,WIN_small_b4e257ac686da3fd,3.0232524596337114,3200,3.0232524596337114,0.011893969608196456,density,3.0232524596337114,3.0232524596337114,7,8,8,3430400,3454400,23,22d158c38d5184e8dd3dbd6c6529ff195e0cb9cca48e3590c45241b85fb1dab1,3200,46800,15
MSREG_small_8ba042239130aa35,MG1655,3548400,3551600,3550000.0,small,WIN_small_8ba042239130aa35,3.0232524596337114,3200,3.0232524596337114,0.14301219149838867,density,3.0232524596337114,3.0232524596337114,7,8,8,3537600,3561600,23,276f2ba569425a919acd6e49593bfec67c77092c19a03a0c07a55a1b19d34384,3200,50000,16
MSREG_small_a0382aa57a210cf0,MG1655,3551200,3554400,3552800.0,small,WIN_small_a0382aa57a210cf0,3.0232524596337114,3200,3.0232524596337114,0.02786599350025142,density,3.0232524596337114,3.0232524596337114,7,3,2,3550000,3564800,12,2f185cdef8c9a33744adc0f9d11b2b36915cff17a7bea19f79923144f4b2d0b0,3200,52800,17
MSREG_small_ca5a33a75d4afa7e,MG1655,2532800,2536000,2534400.0,small,WIN_small_ca5a33a75d4afa7e,3.0232524596337114,3200,3.0232524596337114,0.02347015025036659,density,3.0232524596337114,3.0232524596337114,7,7,7,2523200,2545600,21,2f4de80e5bc9d459e17bc926fa290409e89cf845ffa1b5a0a001eb8f50cdfd80,3200,56000,18
MSREG_small_c14c16dfca74b9c8,MG1655,2400800,2404000,2402400.0,small,WIN_small_c14c16dfca74b9c8,3.0232524596337114,3200,3.0232524596337114,0.03335812340656484,density,3.0232524596337114,3.0232524596337114,4,2,0,2396800,2404000,6,3038eb9832a92894e3174d83cb7633e8ede68fd928a2d0ebc85c935e5971baab,3200,57600,19
MSREG_small_04b8f436dfdec1f2,MG1655,3270400,3273600,3272000.0,small,WIN_small_04b8f436dfdec1f2,3.0232524596337114,3200,3.0232524596337114,0.10045169481085968,density,3.0232524596337114,3.0232524596337114,6,3,1,3260800,3274400,10,343a8a5b4af22f7448e8d9d8ff1d99fffee0481549249a5a1f0fe7845333af9c,3200,60000,20
MSREG_small_f563efa3c06c7b27,MG1655,3438800,3442000,3440400.0,small,WIN_small_f563efa3c06c7b27,3.0232524596337114,3200,3.0232524596337114,0.020007886155301923,density,3.0232524596337114,3.0232524596337114,6,3,1,3428800,3442800,10,3493b7ae475052b020a989a27af1b651c1df7e980d3d7e609bedae8a386df6a7,3200,62400,21
MSREG_small_33b5a3dbd68465df,MG1655,2175200,2178400,2176800.0,small,WIN_small_33b5a3dbd68465df,3.0232524596337114,3200,3.0232524596337114,0.021302572350957387,density,3.0232524596337114,3.0232524596337114,7,7,8,2164800,2188800,22,3ca28b5534b758e5e06e8e42fed1df4fc387847bc0c45e63281f8a878667b948,3200,65600,22
MSREG_small_3161fe02bfafc972,MG1655,2391600,2394800,2393200.0,small,WIN_small_3161fe02bfafc972,3.0232524596337114,3200,3.0232524596337114,0.07282538995221974,density,3.0232524596337114,3.0232524596337114,4,2,1,2380800,2394800,7,41a1adb8326117f59bb2bae455854ac262944844e7ebe396ce4417ee6417dfba,3200,67200,23
MSREG_small_94bf5c53ac335fff,MG1655,3640000,3643200,3641600.0,small,WIN_small_94bf5c53ac335fff,3.0232524596337114,3200,3.0232524596337114,0.024562762791008663,density,3.0232524596337114,3.0232524596337114,7,7,7,3630400,3652800,21,4a2bf9ae637a42e02ebaaca52ede20ee54b8ce619c07dc67c44b84dffe444704,3200,70400,24
MSREG_small_7755745f1f34005f,MG1655,732800,736000,734400.0,small,WIN_small_7755745f1f34005f,3.0232524596337114,3200,0.09701398773103756,3.0232524596337114,shape,3.0232524596337114,3.0232524596337114,7,7,7,723200,745600,21,54b7e7c5a9d47756ab016954a2e64342ad36ac50ebebe46fdb55786d5c7067d3,3200,73600,25
MSREG_small_2d9ecc8960ed36a0,MG1655,3890000,3893200,3891600.0,small,WIN_small_2d9ecc8960ed36a0,3.0232524596337114,3200,3.0232524596337114,0.021086612869256928,density,3.0232524596337114,3.0232524596337114,6,3,2,3889200,3904000,11,5678860d46091350e915711747bfd262c42795a9b51a0f698867cbeeee7bffdd,3200,76000,26
MSREG_small_a71e4aa90980b9f2,MG1655,4364800,4368000,4366400.0,small,WIN_small_a71e4aa90980b9f2,3.0232524596337114,3200,3.0232524596337114,0.013164664457725402,density,3.0232524596337114,3.0232524596337114,5,2,1,4355200,4368400,8,56acc91fa871670f71c581abaa81a0fb49932cb7b3d4faa9fa8108d0a16835e4,3200,78000,27
MSREG_small_dbe19a0701bfdf59,MG1655,1302000,1305200,1303600.0,small,WIN_small_dbe19a0701bfdf59,3.0232524596337114,3200,3.0232524596337114,2.1570555797222273,mixed,3.0232524596337114,3.0232524596337114,1,0,0,1302000,1305200,1,5abe14cb8e31108ea09ff21444d480822463d9cb494003e67a345f59da45eca5,3200,78000,28
MSREG_small_e6cc729c5c490e19,MG1655,4245600,4248800,4247200.0,small,WIN_small_e6cc729c5c490e19,3.0232524596337114,3200,3.0232524596337114,0.015512225061915328,density,3.0232524596337114,3.0232524596337114,7,3,2,4244400,4259200,12,613ebca5a33e03e4bc1ee57e1e2d37c4b020febc74b06a894aff5b4e4b3e7ee2,3200,80800,29
MSREG_small_217f2591736e3a16,MG1655,1799200,1802400,1800800.0,small,WIN_small_217f2591736e3a16,3.0232524596337114,3200,3.0232524596337114,0.031371679490629,density,3.0232524596337114,3.0232524596337114,7,7,8,1788800,1812800,22,6bddaf9f4f0624f6be20873a679f20715845c0a06e24fe5d36ce14e247e064af,3200,84000,30
MSREG_small_9d0ce6b7983936ba,MG1655,3764800,3768000,3766400.0,small,WIN_small_9d0ce6b7983936ba,3.0232524596337114,3200,0.07655413665654175,3.0232524596337114,shape,3.0232524596337114,3.0232524596337114,7,7,7,3755200,3777600,21,79f8a57f2cf00fef46c62611662856e73af0b5a4f5b2a2a6df32103580c6234c,3200,87200,31
MSREG_small_394ba7abda043431,MG1655,3444800,3448000,3446400.0,small,WIN_small_394ba7abda043431,3.0232524596337114,3200,3.0232524596337114,0.046450162945884076,density,3.0232524596337114,3.0232524596337114,7,4,2,3443200,3457600,13,85165e4d08949980a1297b631be26c9a8acabb6fe16ba908a858b39cc6844ab9,3200,90400,32
MSREG_small_5ba72c398bf0c382,MG1655,3553200,3556400,3554800.0,small,WIN_small_5ba72c398bf0c382,3.0232524596337114,3200,3.0232524596337114,0.014020383861122167,density,3.0232524596337114,3.0232524596337114,5,3,1,3552800,3566400,9,8c1f30cd474aaf4bcdced0e3852d9c8a3d40ccd91fcc97ce13b79c956cdfc8a1,3200,92400,33
MSREG_small_636d7666805cba32,MG1655,772000,775200,773600.0,small,WIN_small_636d7666805cba32,3.0232524596337114,3200,3.0232524596337114,0.028295843088456993,density,3.0232524596337114,3.0232524596337114,4,2,1,772000,785600,7,8e15b862c7ad32e61d371ff2cca297348eb3708e6fb8ed0e25498812dae5dc8e,3200,94000,34
MSREG_small_7cbfff2e2db14ed3,MG1655,2394800,2398000,2396400.0,small,WIN_small_7cbfff2e2db14ed3,3.0232524596337114,3200,3.0232524596337114,0.0435080500573006,density,3.0232524596337114,3.0232524596337114,4,2,0,2394800,2402400,6,93acc6de059056c3fdd9f9525cd4b201431239628a13bf7e208b91004a0b8bca,3200,95600,35
MSREG_small_ad8cd786dccb0ded,MG1655,2399200,2402400,2400800.0,small,WIN_small_ad8cd786dccb0ded,3.0232524596337114,3200,3.0232524596337114,0.0329156480944688,density,3.0232524596337114,3.0232524596337114,4,0,0,2398000,2402400,4,a496fd9c66b65714165c323c64286d081647a80796a9b1f42c9433a0ce2b0025,3200,97200,36
MSREG_small_945b8cc5abe8e21f,MG1655,4247600,4250800,4249200.0,small,WIN_small_945b8cc5abe8e21f,3.0232524596337114,3200,3.0232524596337114,0.014654166316259097,density,3.0232524596337114,3.0232524596337114,5,3,1,4247200,4260800,9,b4b37a7a4edb3ffe107f07ae61dd5ffd0a271d1055be6e245e6aff0fe8d3ff95,3200,99200,37
MSREG_small_66ca3b1dd825bae4,MG1655,3442800,3446000,3444400.0,small,WIN_small_66ca3b1dd825bae4,3.0232524596337114,3200,3.0232524596337114,0.038294182896021274,density,3.0232524596337114,3.0232524596337114,2,0,0,3442800,3446400,2,bcbaaa3cdc7dfa9e6f93ee670cf30df032a6ef93a7ac084b4f5915aed282cd44,3200,99600,38
MSREG_small_1e0010964edcdb3f,MG1655,2390000,2393200,2391600.0,small,WIN_small_1e0010964edcdb3f,3.0232524596337114,3200,3.0232524596337114,0.05290657908766819,density,3.0232524596337114,3.0232524596337114,4,2,1,2379200,2393200,7,c1b4988d315c49acb0a16f2eb2425343a21f64eeac2483ff49e12db8a6eeebab,3200,101200,39
MSREG_small_e5dd1e43f7c41b09,MG1655,105600,108800,107200.0,small,WIN_small_e5dd1e43f7c41b09,2.8727374618017207,3200,2.8727374618017207,0.028724763745080553,density,3.0232524596337114,2.72222246396973,7,7,7,96000,118400,21,08d9243c495cc37dee666b1cd3acb243de3f97a48cb3f5e1fe2a5817e2f79c09,3200,104400,40
MSREG_small_ee561395d50ae395,MG1655,1157200,1160400,1158800.0,small,WIN_small_ee561395d50ae395,2.8727374618017207,3200,2.8727374618017207,0.018931298719755678,density,3.0232524596337114,2.72222246396973,7,8,8,1147200,1171200,23,25b0e7f4b3ad850df6be0f2b33c05654c2fc94bfeebc90f275880bbdb5886d4b,3200,107600,41
MSREG_small_ade118f03cdac258,MG1655,1207200,1210400,1208800.0,small,WIN_small_ade118f03cdac258,2.8727374618017207,3200,1.055725665018179,2.8727374618017207,shape,2.72222246396973,3.0232524596337114,7,7,8,1196800,1220800,22,5ab2cc9d3e2338b42bcc8421503fbecb4698485e978db15e4165cfa37f8fafd6,3200,110800,42
MSREG_small_08e983931f487aac,MG1655,525600,528800,527200.0,small,WIN_small_08e983931f487aac,2.8727374618017207,3200,0.03751433658213735,2.8727374618017207,shape,2.72222246396973,3.0232524596337114,7,7,8,515200,539200,22,9be6883c55ad178e5db256dc2fe26ea45e0c4cfc3f5d6f5a18fec25fa7ac50c5,3200,114000,43
MSREG_small_2ba0b6d1d3618003,MG1655,1295200,1298400,1296800.0,small,WIN_small_2ba0b6d1d3618003,2.8727374618017207,3200,2.8727374618017207,0.03782691443643251,density,3.0232524596337114,2.72222246396973,7,6,3,1284800,1301600,16,add6877d4b151449858c414cbc7d286fa45c1553af4240aeb365403607bb8509,3200,117200,44
MSREG_small_c7d9ff7433cc1203,MG1655,4178000,4181200,4179600.0,small,WIN_small_c7d9ff7433cc1203,2.8727374618017207,3200,2.8727374618017207,0.036038987592618886,density,3.0232524596337114,2.72222246396973,7,8,8,4168000,4192000,23,c9a6fdb602f6318468bc1c4e8b4e7d005f06dd375fb4b766531e43a5f6570d1c,3200,120400,45
MSREG_small_34080cbc56c1aa59,MG1655,3532800,3536000,3534400.0,small,WIN_small_34080cbc56c1aa59,2.72222246396973,3200,2.72222246396973,0.0439346881008658,density,2.72222246396973,2.72222246396973,7,7,7,3523200,3545600,21,027b9ba5678711856713c50a898628485496d9947327833e062f32cc59c5870b,3200,123600,46
MSREG_small_821563fe0c4ac1c5,MG1655,3262800,3266000,3264400.0,small,WIN_small_821563fe0c4ac1c5,2.72222246396973,3200,2.72222246396973,0.0453580909897059,density,2.421192468305749,3.0232524596337114,7,8,5,3252800,3272000,20,0ded8f96154193a4c681eda38baca67295f78510808f0e42908fea98e55f5613,3200,126800,47
MSREG_small_8aba6d4b7eede23f,MG1655,2404000,2407200,2405600.0,small,WIN_small_8aba6d4b7eede23f,2.72222246396973,3200,2.72222246396973,0.021735136719002145,density,3.0232524596337114,2.421192468305749,4,2,1,2404000,2417600,7,8d43d91125e4c5608b160142205d767846776de770d089492cd799efbc3d4ccb,3200,128400,48
MSREG_small_2809346160f8ba3f,MG1655,126000,129200,127600.0,small,WIN_small_2809346160f8ba3f,2.72222246396973,3200,2.72222246396973,0.05477352817769763,density,3.0232524596337114,2.421192468305749,7,8,8,115200,139200,23,8eda6a3d339df6a11fde7764d71026df01a16558b48def8fd6ece2e0eef4f31b,3200,131600,49
MSREG_small_e38100101a92cbc1,MG1655,2061600,2064800,2063200.0,small,WIN_small_e38100101a92cbc1,2.72222246396973,3200,0.2876564950121494,2.72222246396973,shape,2.72222246396973,2.72222246396973,7,7,8,2051200,2075200,22,a976e9b018587e37662d3061775122faff2a4ba5e3aa9cfcefaef50660057101,3200,134800,50
MSREG_small_f259243f31b1d667,MG1655,4241200,4244400,4242800.0,small,WIN_small_f259243f31b1d667,2.72222246396973,3200,2.72222246396973,0.022601993123502397,density,3.0232524596337114,2.421192468305749,4,2,1,4230400,4244400,7,f33a52f7c5ac55faea123c3e21fa1e1f5152856c6485dd9e0c48dbaa4252d014,3200,136400,51
MSREG_medium_e425b8f74a27fd9c,MG1655,3045600,3052000,3048800.0,medium,WIN_medium_e425b8f74a27fd9c,2.635483746814912,6400,2.635483746814912,0.0846480077459216,density,2.635483746814912,2.635483746814912,15,7,8,3036800,3060800,30,2bbf971b3e8ba0a6e051101632b48d12ea2a35e8032e29d82475c99b60475763,6400,142800,52
MSREG_medium_7d86971d008e2a5d,MG1655,3916800,3923200,3920000.0,medium,WIN_medium_7d86971d008e2a5d,2.635483746814912,6400,2.635483746814912,0.07558371363384578,density,2.635483746814912,2.635483746814912,15,7,7,3908800,3931200,29,5d42ccdcc3b4bb6c8464b35af5f8ca2956099ad8f59bac8b331e9f47787c80e9,6400,149200,53
MSREG_medium_ee2a837fe1ac2ca6,MG1655,4400000,4406400,4403200.0,medium,WIN_medium_ee2a837fe1ac2ca6,2.635483746814912,6400,2.635483746814912,0.07438400206861848,density,2.635483746814912,2.635483746814912,15,7,7,4392000,4414400,29,7a1e7172276c9c01664154e723848f54e9bb16656ed1407b8b9792b523b06ad2,6400,155600,54
MSREG_medium_ffbf8acacea368be,MG1655,3050400,3056800,3053600.0,medium,WIN_medium_ffbf8acacea368be,2.635483746814912,6400,2.635483746814912,0.03999312034192731,density,2.635483746814912,2.635483746814912,12,6,3,3048800,3065600,21,883120fed4f30747c8f0c29e925232250a113dd6c11dedf77b80a760372f960b,6400,160400,55
MSREG_medium_778a30e6e30c6b94,MG1655,2528000,2534400,2531200.0,medium,WIN_medium_778a30e6e30c6b94,2.635483746814912,6400,2.635483746814912,0.023230164451373436,density,2.635483746814912,2.635483746814912,12,4,2,2520000,2534400,18,88cbf5e161ce716bb11b0c63cf92e44e5a52365697d27db2dad14f74dc3d6c4e,6400,165200,56
MSREG_small_9921680e39d7e4d7,MG1655,964000,967200,965600.0,small,WIN_small_9921680e39d7e4d7,2.63417683444189,3200,0.31475589742470317,2.63417683444189,shape,2.245101209250068,3.0232524596337114,7,7,8,953600,977600,22,8db2511ef63acc2db5484097c259f745aa3e0f24f67baf2e548eb27151919ece,3200,168400,57
MSREG_small_3f321f8974318292,MG1655,2407600,2410800,2409200.0,small,WIN_small_3f321f8974318292,2.63417683444189,3200,0.6378816677573242,2.63417683444189,shape,2.245101209250068,3.0232524596337114,7,5,2,2405600,2420800,14,f03131c1b6311380ee4cee7cd883e705defd4e0ec2d574e2a8787e49f5a1c48a,3200,171600,58
MSREG_small_aff4e11093397121,MG1655,3886000,3889200,3887600.0,small,WIN_small_aff4e11093397121,2.5717074661377395,3200,2.5717074661377395,0.024123880521189425,density,2.72222246396973,2.421192468305749,4,2,1,3875200,3889200,7,759b17f12d86bd358d0947667b808bbe8d883627499be8b6b1342dc5986686f5,3200,173200,59
MSREG_small_d564895a69f14a02,MG1655,3546800,3550000,3548400.0,small,WIN_small_d564895a69f14a02,2.5717074661377395,3200,2.5717074661377395,0.022818382154392816,density,2.72222246396973,2.421192468305749,4,2,1,3536000,3550000,7,c43d69fa9fa49fa05a7feec2be0a6127f9878ffe8843d68b563565e4b9f07765,3200,174800,60
MSREG_small_de0cd8d8e67c60f2,MG1655,1161200,1164400,1162800.0,small,WIN_small_de0cd8d8e67c60f2,2.546131204914049,3200,0.5391020662018811,2.546131204914049,shape,2.0690099501943866,3.0232524596337114,7,5,2,1159200,1174400,14,69539348534d7b3b6f8ef875c102c8a65772945b786097f9568ced088cf60b43,3200,178000,61
MSREG_small_2e9842a77308c4a9,MG1655,1137600,1140800,1139200.0,small,WIN_small_2e9842a77308c4a9,2.546131204914049,3200,0.557658329634428,2.546131204914049,shape,2.0690099501943866,3.0232524596337114,7,7,7,1128000,1150400,21,a3a20332ae1bf67a194485d3c5db524be73fd3e8a670cc9b0ecfbb14594b21b7,3200,181200,62
MSREG_small_c491605cffc495b3,MG1655,1720800,1724000,1722400.0,small,WIN_small_c491605cffc495b3,2.546131204914049,3200,0.30987893455678794,2.546131204914049,shape,2.0690099501943866,3.0232524596337114,7,7,8,1710400,1734400,22,d89008979894967148ae976b8616209f2b452b74811d57dcbdb6c136eaaa66de,3200,184400,63
MSREG_small_4c4435ea1ed625d1,MG1655,3307600,3310800,3309200.0,small,WIN_small_4c4435ea1ed625d1,2.4836618366098993,3200,2.4836618366098993,0.022168132357888934,density,2.421192468305749,2.546131204914049,7,8,8,3297600,3321600,23,c410f1a0157b522e50a87850401fd821fbc91e3a07189c66b04ae5e72ec17e6c,3200,187600,64
MSREG_small_9fb331bbf0d6498b,MG1655,3264800,3268000,3266400.0,small,WIN_small_9fb331bbf0d6498b,2.435206830105871,3200,2.435206830105871,0.03335812340656484,density,2.3242824552976926,2.546131204914049,5,2,0,3264400,3272000,7,1e6137d666e5f0b19ebe6c57a4d63a05d7417dd598ca42547e097a6f2a907754,3200,189600,65
MSREG_small_d9f48ebec2d5b6c6,MG1655,4342000,4345200,4343600.0,small,WIN_small_d9f48ebec2d5b6c6,2.435206830105871,3200,0.46967970999587044,2.435206830105871,shape,2.546131204914049,2.3242824552976926,7,8,8,4331200,4355200,23,2e42f3d78e0672155019624d5dbfbf9922fd1179b3e331be84892d906b105d5e,3200,192800,66
MSREG_small_465d10fe1c310eb7,MG1655,1942800,1946000,1944400.0,small,WIN_small_465d10fe1c310eb7,2.435206830105871,3200,0.46514291177451655,2.435206830105871,shape,2.3242824552976926,2.546131204914049,7,8,8,1932800,1956800,23,834a02feceb4bfc2594570a4affb589321d2d7d2caa6d4708a66d06e30d41605,3200,196000,67
MSREG_small_5648f44128c40998,MG1655,1847600,1850800,1849200.0,small,WIN_small_5648f44128c40998,2.4352068301058707,3200,0.7093903563773755,2.4352068301058707,shape,3.0232524596337114,1.8471612005780302,7,8,8,1836800,1860800,23,7cc41d661b5dccb69181b3102561a5f676c5bd8f335aeff03960a9c79d10a348,3200,199200,68
MSREG_small_69f378fc65c51c2e,MG1655,448400,451600,450000.0,small,WIN_small_69f378fc65c51c2e,2.4211924683057493,3200,0.5361117801947962,2.4211924683057493,shape,2.72222246396973,2.120162472641768,7,8,8,438400,462400,23,d9d0aafeb82c28ea722d864a33c2fa9f3ae7a4500a68c2ae52d05c1ff3ea8e18,3200,202400,69
MSREG_small_65b91cc1831ec2a8,MG1655,2396400,2399600,2398000.0,small,WIN_small_65b91cc1831ec2a8,2.421192468305749,3200,2.421192468305749,0.050066124725294925,density,2.421192468305749,2.421192468305749,4,0,0,2396400,2400800,4,37594299a72f29cbb23fc586ab0b12fd360370966dbf4f888b8460b6a8acee91,3200,203600,70
MSREG_small_25e0455573d4f273,MG1655,3070800,3074000,3072400.0,small,WIN_small_25e0455573d4f273,2.421192468305749,3200,2.421192468305749,0.03650380526767984,density,2.421192468305749,2.421192468305749,7,8,8,3060800,3084800,23,994dd550769a0eae2415766756ef5f63cf74ef4f5e2d22c730d230d3d3698656,3200,206800,71
MSREG_medium_d0ca04a9f7988351,MG1655,3321600,3328000,3324800.0,medium,WIN_medium_d0ca04a9f7988351,2.3969231194550806,6400,2.3969231194550806,0.06671491358862733,density,2.635483746814912,2.1583624920952498,15,7,7,3313600,3336000,29,ebf8e707e367be657bd5e4193fec931ae67798852695b36ab4523c51929b4f81,6400,213200,72
MSREG_small_a5b3e8d1f9c5dad3,MG1655,2918400,2921600,2920000.0,small,WIN_small_a5b3e8d1f9c5dad3,2.3956162070820586,3200,2.3956162070820586,0.06184070292430327,density,2.0690099501943866,2.72222246396973,7,7,7,2908800,2931200,21,1c86ff0ad3b546148d922d87cd15ba70b2d663ea82b7b950ad40dad1579f1f4e,3200,216400,73
MSREG_small_3078d21d6980657b,MG1655,1501200,1504400,1502800.0,small,WIN_small_3078d21d6980657b,2.3520411192226085,3200,0.29243042584411943,2.3520411192226085,shape,2.72222246396973,1.9818597744754864,7,8,8,1491200,1515200,23,4e560fbd2fb98c52cd62dabd49fcc2d2a4e1d1a7d4761dc5ebbeda8f6b45deb2,3200,219600,74
MSREG_small_78a22d652b4b7295,MG1655,1106800,1110000,1108400.0,small,WIN_small_78a22d652b4b7295,2.342388541624915,3200,0.1730944763569685,2.342388541624915,shape,1.6615246236161185,3.0232524596337114,7,8,8,1096000,1120000,23,40e7eee44307484d474a54b0efdbfa0883e29921a1a853e86b7b3799de434830,3200,222800,75
MSREG_small_e581aade2eef8006,MG1655,3736800,3740000,3738400.0,small,WIN_small_e581aade2eef8006,2.3331468387779086,3200,2.3331468387779086,0.0485154948316229,density,2.421192468305749,2.245101209250068,7,7,8,3726400,3750400,22,d3f1f41a0fbb0d8f18fe2afed242ecdfd87745f0bf9587bc4589e0ae4d151f13,3200,226000,76
MSREG_small_3d8e61cf3f13f385,MG1655,124400,127600,126000.0,small,WIN_small_3d8e61cf3f13f385,2.3157657856483023,3200,2.3157657856483023,0.1339395498170866,density,2.72222246396973,1.9093091073268746,4,2,1,113600,127600,7,7b75caee525fc0bb3d20feb72ad8f24d99965db5258f23ad4be1bec6f1bbc9be,3200,227600,77
MSREG_small_452ec069fbc315d3,MG1655,3567600,3570800,3569200.0,small,WIN_small_452ec069fbc315d3,2.2846918322738805,3200,0.901932060724904,2.2846918322738805,shape,2.3242824552976926,2.245101209250068,7,8,8,3556800,3580800,23,32691bd96fb4df4ec35da9d1f9f62712a5d6d7b043b969407d13a8f9cfbaeb8c,3200,230800,78
MSREG_small_41db40a42c371690,MG1655,880400,883600,882000.0,small,WIN_small_41db40a42c371690,2.2846918322738805,3200,0.2814203056931238,2.2846918322738805,shape,2.3242824552976926,2.245101209250068,7,8,8,870400,894400,23,74979c7db2d001e057d1ca2231e3f06bcbb6a3380709970350041cca705f4467,3200,234000,79
MSREG_small_6ea83beb31f28fa5,MG1655,2319600,2322800,2321200.0,small,WIN_small_6ea83beb31f28fa5,2.28469183227388,3200,0.47072229496321566,2.28469183227388,shape,1.546131204914049,3.0232524596337114,7,8,8,2308800,2332800,23,4878808aca87765484f53e421affe6179787ff6b170cb6aafe370d4f65d88772,3200,237200,80
MSREG_small_50b4106b82f49d4b,MG1655,1877200,1880400,1878800.0,small,WIN_small_50b4106b82f49d4b,2.263995489694768,3200,0.4280445861170663,2.263995489694768,shape,1.9818597744754864,2.546131204914049,7,8,8,1867200,1891200,23,98c7f0da1c81707e8d4f7d7c7be89c7c07e9dd39c29039dc08ea69725686946f,3200,240400,81
MSREG_small_9dd48531fc037c84,MG1655,2060000,2063200,2061600.0,small,WIN_small_9dd48531fc037c84,2.2575130011125837,3200,0.32578858823979806,2.2575130011125837,shape,2.72222246396973,1.7928035382554375,4,2,1,2049600,2063200,7,1f64d93c18e64258089233f8f880bd260185c8486070061443a0397b050b6943,3200,242000,82
MSREG_small_ba5b6e6d790ca92a,MG1655,2546800,2550000,2548400.0,small,WIN_small_ba5b6e6d790ca92a,2.2512184374585735,3200,0.4317642507259808,2.2512184374585735,shape,2.1781544196194544,2.3242824552976926,7,8,8,2536000,2560000,23,6a0e86c6b1fb282a18522b02ea87d2e69c69a2c93dfe1d007ee6c73faf9e9481,3200,245200,83
MSREG_medium_7a7e2500d2d731a8,MG1655,3345600,3352000,3348800.0,medium,WIN_medium_7a7e2500d2d731a8,2.2464081216230904,6400,2.2464081216230904,0.10082363376545933,density,2.1583624920952498,2.334453751150931,15,7,7,3337600,3360000,29,71f7d900a5840f5487f26bbd77b6f926426dde20e7dbe7679266893bef0db9d0,6400,251600,84
MSREG_small_f43e634f836b500b,MG1655,122000,125200,123600.0,small,WIN_small_f43e634f836b500b,2.22222246396973,3200,2.22222246396973,0.05408367789060266,density,2.72222246396973,1.7222224639697303,6,3,1,112000,126000,10,f919d44cdbb1dd3caf1ab9902c65d06a258fa468ae5a566b9fa7c9d58278bda1,3200,254000,85
MSREG_small_579f841240675e74,MG1655,4031200,4034400,4032800.0,small,WIN_small_579f841240675e74,2.2116278144347614,3200,0.8032153051248958,2.2116278144347614,shape,1.400003169235811,3.0232524596337114,7,7,8,4020800,4044800,22,575785bf8d1d2dfd28067ec17286836d2f3090195f37be3a2cb5bbc31d1bf40f,3200,257200,86
MSREG_small_b3393eb2356c1109,MG1655,3554800,3558000,3556400.0,small,WIN_small_b3393eb2356c1109,2.2116278144347614,3200,2.2116278144347614,0.022818382154392816,density,2.1781544196194544,2.245101209250068,4,2,1,3554800,3568000,7,b2d96bf12471c7d0bfd1297aff1751de35ac3a29febbf0dfc995061313b5831f,3200,258800,87
MSREG_small_3d5549cf6a1f93e7,MG1655,1298800,1302000,1300400.0,small,WIN_small_3d5549cf6a1f93e7,2.201526121390618,3200,2.201526121390618,0.022168132357888934,density,2.421192468305749,1.9818597744754864,4,0,0,1297600,1302000,4,3790c0690e034a71880d5bbf90363c61a8559f21402aa3abca3f3f27d85226c3,3200,260400,88
MSREG_small_58169ea1b5a87570,MG1655,1900800,1904000,1902400.0,small,WIN_small_58169ea1b5a87570,2.201526121390618,3200,2.201526121390618,0.022168132357888934,density,2.421192468305749,1.9818597744754864,4,2,1,1891200,1904000,7,b9f32c0f051d851827ba0f36105c740f1e301d713cfe8ee1e267d7f458c93f05,3200,262000,89
MSREG_small_54c4689eb2a63189,MG1655,4179600,4182800,4181200.0,small,WIN_small_54c4689eb2a63189,2.201526121390618,3200,2.201526121390618,0.026303431357965486,density,2.421192468305749,1.9818597744754864,4,2,1,4179600,4193600,7,f1b03386d57a100f639ad83d4472a6e5fec4a45e1b5c48c8834789d572dcd54a,3200,263600,90
MSREG_small_337ade292685f47a,MG1655,1126400,1129600,1128000.0,small,WIN_small_337ade292685f47a,2.19664620274604,3200,0.6448697653412254,2.19664620274604,shape,2.546131204914049,1.8471612005780302,7,7,7,1116800,1139200,21,3c6ec9d5d08976d2c5ffbb5eaf2b703a12e8d99c59c6d136497c0b7bdd260d9b,3200,266800,91
MSREG_small_264f237bb36dd9fb,MG1655,3875200,3878400,3876800.0,small,WIN_small_264f237bb36dd9fb,2.191873543792924,3200,0.6521845973619752,2.191873543792924,shape,2.72222246396973,1.6615246236161185,7,7,6,3865600,3886400,20,2410c4874e07caa961071c42cd37d188c35d564751a3a87bdedbc2c6173fe087,3200,270000,92
MSREG_small_ea7f3d8a2dee81ea,MG1655,2078000,2081200,2079600.0,small,WIN_small_ea7f3d8a2dee81ea,2.191873543792924,3200,0.3734378040747399,2.191873543792924,shape,2.72222246396973,1.6615246236161185,7,8,8,2067200,2091200,23,e9b00be752d0aae23ec846f7ada29f017aaf09c0ec775017a3e83ed34d76efc5,3200,273200,93
MSREG_large_330baf2302459de6,MG1655,1508800,1521600,1515200.0,large,WIN_large_330baf2302459de6,2.1702617153949575,12800,0.14915121419976646,2.1702617153949575,shape,2.1702617153949575,2.1702617153949575,31,15,7,1504000,1526400,53,01655171491b2e821d4f7ea1f307d668207ffa3f66dbef35fa2d5b6d0013079a,12800,286000,94
MSREG_large_9bb3913524a24d1b,MG1655,1464000,1476800,1470400.0,large,WIN_large_9bb3913524a24d1b,2.1702617153949575,12800,0.02108629653537895,2.1702617153949575,shape,2.1702617153949575,2.1702617153949575,31,15,7,1459200,1481600,53,09486081fd4b0dbdaf6d0056a1c929d7c74c47e16cf257999306c259b85c304b,12800,298800,95
MSREG_large_840c9773180d910c,MG1655,1619200,1632000,1625600.0,large,WIN_large_840c9773180d910c,2.1702617153949575,12800,0.13285349507237004,2.1702617153949575,shape,2.1702617153949575,2.1702617153949575,31,15,7,1614400,1636800,53,19e03f2b1c352601f495204b465c64ff3d9898af2fa0956afb24b7b02ab78c35,12800,311600,96
MSREG_large_a656ef91c04deb84,MG1655,1427200,1440000,1433600.0,large,WIN_large_a656ef91c04deb84,2.1702617153949575,12800,0.014968157949779987,2.1702617153949575,shape,2.1702617153949575,2.1702617153949575,31,15,7,1422400,1444800,53,2195964f4f9eb1a68b6a0f1a3e662576da5aa0db2ff1f2541699bb00f174f27c,12800,324400,97
MSREG_large_70e734eccd7094f2,MG1655,262400,275200,268800.0,large,WIN_large_70e734eccd7094f2,2.1702617153949575,12800,0.02724691514086233,2.1702617153949575,shape,2.1702617153949575,2.1702617153949575,31,15,7,257600,280000,53,30dee7fb4684bba480fdccfb96fa0112317cf2f1a48f090fee069c3e7aeabdb3,12800,337200,98
MSREG_large_30adab270e4a6cbb,MG1655,409600,422400,416000.0,large,WIN_large_30adab270e4a6cbb,2.1702617153949575,12800,0.1348365886811707,2.1702617153949575,shape,2.1702617153949575,2.1702617153949575,31,15,7,404800,427200,53,39c5b607b4ab879bd3bad8dc7ae57032418cba82f0a74f9156510ad93151bf3d,12800,350000,99
MSREG_large_275b6c987c11dfd1,MG1655,4136000,4148800,4142400.0,large,WIN_large_275b6c987c11dfd1,2.1702617153949575,12800,0.12888697703131685,2.1702617153949575,shape,2.1702617153949575,2.1702617153949575,31,15,7,4131200,4153600,53,3ff2c084f357e62cafcf788c9b0c75df0a89005c280da8bd1de4cda4fb0f2a00,12800,362800,100
MSREG_large_fb2374e25563edc4,MG1655,2238400,2251200,2244800.0,large,WIN_large_fb2374e25563edc4,2.1702617153949575,12800,0.1702617153949574,2.1702617153949575,shape,2.1702617153949575,2.1702617153949575,31,15,7,2233600,2256000,53,44446b0cd01343430fbb2ab0211326e826d1991a4d6bece98ca551ec60fc7466,12800,375600,101
MSREG_large_b12fe68bd5129184,MG1655,4558400,4571200,4564800.0,large,WIN_large_b12fe68bd5129184,2.1702617153949575,12800,0.12493873660829995,2.1702617153949575,shape,2.1702617153949575,2.1702617153949575,31,15,7,4553600,4576000,53,498b83f7c777a7b7ab7aeb703a35e7c4e5fbf65f911d20650704ee20fabc8d00,12800,388400,102
MSREG_large_8a051bad7e65da5d,MG1655,2001600,2014400,2008000.0,large,WIN_large_8a051bad7e65da5d,2.1702617153949575,12800,0.19715843847356596,2.1702617153949575,shape,2.1702617153949575,2.1702617153949575,31,15,7,1996800,2019200,53,4d3d991d0e7ea30e5d6ae7126d9543f9fbe44d97bd63fdd82229d1712bd6e700,12800,401200,103
MSREG_large_19639d02a0421e81,MG1655,788800,801600,795200.0,large,WIN_large_19639d02a0421e81,2.1702617153949575,12800,0.1902642962307493,2.1702617153949575,shape,2.1702617153949575,2.1702617153949575,31,15,7,784000,806400,53,5e1bfd36963f149d2af2685c28071bc3ef7f4eb3ed3501e79486e734dde66ac0,12800,414000,104
MSREG_large_3bc1cf6ce996ba94,MG1655,1628800,1641600,1635200.0,large,WIN_large_3bc1cf6ce996ba94,2.1702617153949575,12800,0.03682849478436696,2.1702617153949575,shape,2.1702617153949575,2.1702617153949575,24,12,6,1625600,1646400,42,637d0eb2b60d5833156bb4beb83686cb9330bf2a7375785b40b7ad0fd1d522da,12800,423600,105
MSREG_large_f5299ead993b981c,MG1655,1832000,1844800,1838400.0,large,WIN_large_f5299ead993b981c,2.1702617153949575,12800,0.10580372616803892,2.1702617153949575,shape,2.1702617153949575,2.1702617153949575,31,15,6,1827200,1848000,52,689c12022a3f74c8428c862af409588aff29b5ecb39a1282f27635638b3fc03e,12800,436400,106
MSREG_large_e9ff7aaf7c143cbe,MG1655,4129600,4142400,4136000.0,large,WIN_large_e9ff7aaf7c143cbe,2.1702617153949575,12800,0.1388579488088777,2.1702617153949575,shape,2.1702617153949575,2.1702617153949575,16,8,4,4124800,4142400,28,6d36c088127ba864662fb3a5e6d011341ceffbbff4ff56bde21bb54fc2b58ec4,12800,442800,107
MSREG_large_6903841199ca5f52,MG1655,2336000,2348800,2342400.0,large,WIN_large_6903841199ca5f52,2.1702617153949575,12800,0.1595430171614125,2.1702617153949575,shape,2.1702617153949575,2.1702617153949575,31,15,7,2331200,2353600,53,8c1959cc9e28551220ecd00016abb031971dfc56ded6f736c02d665508a84298,12800,455600,108
MSREG_large_970c16aa8f5f1d82,MG1655,2024000,2036800,2030400.0,large,WIN_large_970c16aa8f5f1d82,2.1702617153949575,12800,0.1388579488088777,2.1702617153949575,shape,2.1702617153949575,2.1702617153949575,31,15,7,2019200,2041600,53,90f0d185fc2f18683d0daa1ec7c4755456051002dbcd698ffeb899ad10dd13b6,12800,468400,109
MSREG_large_46678b7ab01f3ca4,MG1655,1140800,1153600,1147200.0,large,WIN_large_46678b7ab01f3ca4,2.1702617153949575,12800,2.1702617153949575,0.1348365886811707,density,2.1702617153949575,2.1702617153949575,31,14,5,1139200,1158400,50,98054787bd5b6cec61bf12a833509eec293de3310d23e80a9c9b2e49789e3bfd,12800,481200,110
MSREG_large_467f40b0697e02c5,MG1655,1401600,1414400,1408000.0,large,WIN_large_467f40b0697e02c5,2.1702617153949575,12800,0.07517993957960484,2.1702617153949575,shape,2.1702617153949575,2.1702617153949575,31,15,7,1396800,1419200,53,c498d124015a1c72feb3942459206f3e28c3439440d32d17537517ae82f6eace,12800,494000,111
MSREG_large_2eb7b9fd30f34e19,MG1655,969600,982400,976000.0,large,WIN_large_2eb7b9fd30f34e19,2.1702617153949575,12800,0.4107416960707851,2.1702617153949575,shape,2.1702617153949575,2.1702617153949575,31,15,6,966400,987200,52,e4f0125fdc2bb2ba4ed648e4a3b4b16a722a4a69fb22804cf25bcf3c0e044ec5,12800,506800,112
MSREG_large_ba6ad105005ad321,MG1655,1113600,1126400,1120000.0,large,WIN_large_ba6ad105005ad321,2.1702617153949575,12800,0.2160192059556325,2.1702617153949575,shape,2.1702617153949575,2.1702617153949575,31,14,5,1108800,1128000,50,f498174047d1edffaf15b9b83ac00c07257b52663fdbbc0c667348fae8ebaa99,12800,519600,113
MSREG_large_4fbcbbcd14482e07,MG1655,2974400,2987200,2980800.0,large,WIN_large_4fbcbbcd14482e07,2.1702617153949575,12800,0.09473008871808228,2.1702617153949575,shape,2.1702617153949575,2.1702617153949575,31,15,7,2969600,2992000,53,f50f164aed11b546c8d092fa91b2113b874d490ca67e2c9ce87e034980705725,12800,532400,114
MSREG_large_054b79e2e0e60523,MG1655,3838400,3851200,3844800.0,large,WIN_large_054b79e2e0e60523,2.1702617153949575,12800,0.17905825096306,2.1702617153949575,shape,2.1702617153949575,2.1702617153949575,31,15,7,3833600,3856000,53,f57ea5954ac9383530cb9a46cb978c54efe9688986f8c4dc6353781efa758c87,12800,545200,115
MSREG_small_da683e7e2eb31316,MG1655,2562800,2566000,2564400.0,small,WIN_small_da683e7e2eb31316,2.1570555797222273,3200,2.1570555797222273,0.03872607902994337,density,2.0690099501943866,2.245101209250068,7,8,8,2552000,2576000,23,330fec5f9b36f1b44a0dedd827cbbe62ddd77dd3d36ed8c68e1f2cde558358aa,3200,548400,116
MSREG_small_1fc5c9afe3919ca7,MG1655,174800,178000,176400.0,small,WIN_small_1fc5c9afe3919ca7,2.1570555797222273,3200,0.439939730626415,2.1570555797222273,shape,2.546131204914049,1.7679799545304054,7,8,8,164800,188800,23,f11462011712d8c056b71cd35a8fe608800c9a468105edcd7c16e57686f449c3,3200,551600,117
MSREG_small_8ddfdea63d23dbed,MG1655,951200,954400,952800.0,small,WIN_small_8ddfdea63d23dbed,2.149158446130611,3200,2.149158446130611,0.045305205640941905,density,2.421192468305749,1.8771244239554734,7,7,8,940800,964800,22,d0dc33492151d7db395825ff52ec1eaad297770255f57b2a50d91b79230edae5,3200,554800,118
MSREG_small_047ca442a0238e95,MG1655,3392400,3395600,3394000.0,small,WIN_small_047ca442a0238e95,2.149158446130611,3200,0.772366916684158,2.149158446130611,shape,2.421192468305749,1.8771244239554734,7,8,8,3382400,3406400,23,d6cfbbfe6664870be2cc4e3c91a834c89b42165e86740020a76cbc3876a213e1,3200,558000,119
MSREG_small_6921f8a4f68672bf,MG1655,152400,155600,154000.0,small,WIN_small_6921f8a4f68672bf,2.13417683444189,3200,0.3627060568755217,2.13417683444189,shape,1.9440712135860867,2.3242824552976926,7,8,8,142400,166400,23,a050693017e80782abdd642fb059a5750528af6a943e9b83de13e0285d9dea16,3200,561200,120
MSREG_small_508eb1dde6cb66a5,MG1655,3446400,3449600,3448000.0,small,WIN_small_508eb1dde6cb66a5,2.1235821849069207,3200,2.1235821849069207,0.029824286489504876,density,2.0690099501943866,2.1781544196194544,4,2,1,3446400,3459200,7,4d3de28502fce121d9ec980082611b483cb1e1d599abb5c2945adf25c7b9aaba,3200,562800,121
MSREG_small_eb818afe422d3dce,MG1655,4249200,4252400,4250800.0,small,WIN_small_eb818afe422d3dce,2.1201624726417676,3200,2.1201624726417676,0.03026296793355284,density,2.421192468305749,1.8191324769777866,4,2,1,4249200,4262400,7,f66a5e7f0a1fdaa0ecd9cdc70fbcf0044a4a536b9df791d2a9b8dd9ede2055a1,3200,564400,122
MSREG_small_5bebc985f37d34f6,MG1655,1704800,1708000,1706400.0,small,WIN_small_5bebc985f37d34f6,2.1069980032805935,3200,0.40469684013399654,2.1069980032805935,shape,1.1907435469274752,3.0232524596337114,7,7,8,1694400,1718400,22,937dd13613907b1b40ef66988a338ed6e7e697f3fec3ea28b0484df6f6236335,3200,567600,123
MSREG_medium_2074db0063e642ec,MG1655,606400,612800,609600.0,medium,WIN_medium_2074db0063e642ec,2.0958931237911,6400,0.009657337646554,2.0958931237911,shape,2.1583624920952498,2.03342375548695,15,7,7,598400,620800,29,cc3696dabdd8e3b41596c9af1cb883ed9790d52a12f2d9228eeae452901ae3ae,6400,574000,124
MSREG_small_c47195ada6c207c8,MG1655,1240400,1243600,1242000.0,small,WIN_small_c47195ada6c207c8,2.0886365997682232,3200,0.37298406389337624,2.0886365997682232,shape,2.72222246396973,1.4550507355667164,7,8,8,1230400,1254400,23,1a2e154e7f6dfcd248bc7a0b11e40aa0c69182be68b01b5c728951306ad8949a,3200,577200,125
MSREG_small_725a0d423f727a3a,MG1655,446800,450000,448400.0,small,WIN_small_725a0d423f727a3a,2.0857218279378613,3200,0.5822749739639113,2.0857218279378613,shape,2.3242824552976926,1.8471612005780302,4,2,1,436800,450000,7,42787054dbf8b29e87125dfc8bd3a946119b9f0621e633caeda1671c8fa899ae,3200,578800,126
MSREG_small_6cbccdc4b027ea9f,MG1655,4583600,4586800,4585200.0,small,WIN_small_6cbccdc4b027ea9f,2.0828456634933157,3200,1.0159921902547495,2.0828456634933157,shape,2.72222246396973,1.4434688630169012,7,8,8,4572800,4596800,23,6b3476c3cbbd6cc779f5f4d8479013f8b3de3442dd5c14ccd6ee0fa0c5ac4f5b,3200,582000,127
MSREG_small_b8075a58487df1bd,MG1655,2784000,2787200,2785600.0,small,WIN_small_b8075a58487df1bd,2.061112816602771,3200,0.30625160180581545,2.061112816602771,shape,1.400003169235811,2.72222246396973,7,7,7,2774400,2796800,21,c5a9a1f87ece63fd2acdc2d4c4cf115403fdb6291ca446fe55016531df6c9b44,3200,585200,128
MSREG_small_62e9940f6291a66a,MG1655,331200,334400,332800.0,small,WIN_small_62e9940f6291a66a,2.0560032340119276,3200,0.06417068865539496,2.0560032340119276,shape,2.72222246396973,1.389784004054125,7,7,6,323200,344000,20,6c5fc05d28cbec0cf44d213e4db153a67ad587320db5feea7425b05eabae66cf,3200,588400,129
MSREG_small_245abed6a762e826,MG1655,1110800,1114000,1112400.0,small,WIN_small_245abed6a762e826,2.0510111235586272,3200,0.6989748818023761,2.0510111235586272,shape,1.078769787483543,3.0232524596337114,7,3,0,1108800,1116800,10,a78a2a1ff3dba47778a0d2731e9ebcd6b2b6f9e61cc57b4469f745da0ce78f31,3200,591200,130
MSREG_medium_69f8ce840bdff13b,MG1655,1093600,1100000,1096800.0,medium,WIN_medium_69f8ce840bdff13b,2.03342375548695,6400,0.023245704198114545,2.03342375548695,shape,2.03342375548695,2.03342375548695,15,7,7,1084800,1107200,29,2f4e7cfa163b3c9a2df82d6fca10d1b565f726e1b7768fe63b4b428558f40c0b,6400,597600,131
MSREG_small_694b02ebc30fcd1b,MG1655,928800,932000,930400.0,small,WIN_small_694b02ebc30fcd1b,2.0126578100987427,3200,0.5586196505071788,2.0126578100987427,shape,2.3242824552976926,1.7010331648997923,7,7,8,918400,942400,22,f15db9db094f88d7758750b410b79a0247da902336f217a99755af7bb6cf3940,3200,600800,132
MSREG_medium_4c05b52b2a077f7d,MG1655,1572000,1578400,1575200.0,medium,WIN_medium_4c05b52b2a077f7d,2.007847494263259,6400,0.01691303314549438,2.007847494263259,shape,1.8573324964312685,2.1583624920952498,15,7,8,1563200,1587200,30,bb2f95ca903ce72f7ccfe0a2470b47c39325acc42b4896fd11df0e301fc6c0df,6400,607200,133
MSREG_small_65b2983ab4e78dfd,MG1655,1786800,1790000,1788400.0,small,WIN_small_65b2983ab4e78dfd,2.002556117054599,3200,0.27073515787158303,2.002556117054599,shape,1.9818597744754864,2.0232524596337114,7,8,8,1776000,1800000,23,c96e0b80bbeca6b72616b17b01cfefc2c575e8127820d0316d08f57e33adc159,3200,610400,134
MSREG_small_8fcc130649820e9c,MG1655,1135200,1138400,1136800.0,small,WIN_small_8fcc130649820e9c,2.000590970240383,3200,0.7347479685681468,2.000590970240383,shape,2.546131204914049,1.4550507355667164,6,3,0,1131200,1139200,9,706dd868c75d41d27e6fb35d7a466f5b8638989d17b75487f7de74cd6d41bebb,3200,612800,135
MSREG_small_9111912a5bddd2da,MG1655,2222000,2225200,2223600.0,small,WIN_small_9111912a5bddd2da,2.000590970240383,3200,0.32735104531640846,2.000590970240383,shape,2.546131204914049,1.4550507355667164,7,8,8,2211200,2235200,23,7b508642abdd30e54346f211e1c6d73e9b91a12ea49c2a6ded2aa933677575e1,3200,616000,136
MSREG_small_d445c9f4fc217e45,MG1655,1014800,1018000,1016400.0,small,WIN_small_d445c9f4fc217e45,1.9986434482986206,3200,0.5754362298565213,1.9986434482986206,shape,0.9740344369635299,3.0232524596337114,7,8,8,1004800,1028800,23,a80388f2bed50b79005b281c47725283a0f8da380bb038d6f8ab63423b627e8b,3200,619200,137
MSREG_medium_edaf651bfe63d055,MG1655,1350400,1356800,1353600.0,medium,WIN_medium_edaf651bfe63d055,1.9849687489829217,6400,0.38202838403915307,1.9849687489829217,shape,1.9365137424788934,2.03342375548695,15,7,7,1342400,1364800,29,25beb78a40506336ba90cfc353436b867d7b8157f337e999cd0e9ce65c97e391,6400,625600,138
MSREG_small_493c26e6fed394d7,MG1655,2534400,2537600,2536000.0,small,WIN_small_493c26e6fed394d7,1.9818597744754864,3200,1.9818597744754864,0.022384954383843074,density,1.9818597744754864,1.9818597744754864,4,2,1,2534400,2547200,7,0a7615a563505e70b33adb56573900851007663bc5acee60c9d8ccd1cfb49369,3200,627200,139
MSREG_small_b9489368a2996a22,MG1655,1390400,1393600,1392000.0,small,WIN_small_b9489368a2996a22,1.9818597744754864,3200,0.21312195272158463,1.9818597744754864,shape,1.9818597744754864,1.9818597744754864,7,7,7,1380800,1403200,21,45f3a2076b4a0c9028a4895ba31817a087365bceddadf970e2272be3d7c793eb,3200,630400,140
MSREG_small_ab7998c9375b0a2f,MG1655,3485200,3488400,3486800.0,small,WIN_small_ab7998c9375b0a2f,1.9818597744754864,3200,1.9818597744754864,0.03513961936535957,density,1.9818597744754864,1.9818597744754864,7,8,8,3475200,3499200,23,74c94b78834717a7ee35107926b25ba614a9c7208d7ce2ba9d5acaee88f976a5,3200,633600,141
MSREG_small_f19a8c0cbcf93e4f,MG1655,2648000,2651200,2649600.0,small,WIN_small_f19a8c0cbcf93e4f,1.9800725442963372,3200,0.8460061593389931,1.9800725442963372,shape,2.72222246396973,1.2379226246229444,7,7,7,2638400,2660800,21,3b174e1ddb7dd5e60ec97dbcc7ee86d0cc9abc0173f43e96c3a85190bb7b202b,3200,636800,142
MSREG_small_e7f485f43a77d04f,MG1655,1820400,1823600,1822000.0,small,WIN_small_e7f485f43a77d04f,1.966280783480293,3200,0.29376592439012655,1.966280783480293,shape,1.9093091073268746,2.0232524596337114,7,8,8,1809600,1833600,23,f964ec276a4679b31adb94521d4a1b7b2cd017f587b35288978c99bc8ed7cf10,3200,640000,143
MSREG_small_a2b31baecdae3c98,MG1655,2623600,2626800,2625200.0,small,WIN_small_a2b31baecdae3c98,1.9629654940307866,3200,0.3890746497116969,1.9629654940307866,shape,1.9818597744754864,1.9440712135860867,7,8,8,2612800,2636800,23,6ca820d2828f971636c0454ed6737f3d2f5a329b46e785316c1ad1c759dabebd,3200,643200,144
MSREG_small_fbb8c6290e63761a,MG1655,3724800,3728000,3726400.0,small,WIN_small_fbb8c6290e63761a,1.9580855753862085,3200,0.4206719393127023,1.9580855753862085,shape,2.546131204914049,1.3700399458583679,7,7,7,3715200,3737600,21,c96d5d307efc35476e397f4593d3b00364cfd0bcf39413979193f55d9ca6f7df,3200,646400,145
MSREG_small_5d5814dd01885a4c,MG1655,1579600,1582800,1581200.0,small,WIN_small_5d5814dd01885a4c,1.9564830054486027,3200,0.4191608181069155,1.9564830054486027,shape,2.72222246396973,1.1907435469274752,7,8,4,1575200,1593600,19,6ae70e60b0d995e7fa5076240a1f4f23433a7fa92e3528c9b0d3c52181cc6574,3200,649600,146
MSREG_large_e33d2a2816df80a1,MG1655,3092800,3105600,3099200.0,large,WIN_large_e33d2a2816df80a1,1.9317010880351262,12800,0.17244411809618243,1.9317010880351262,shape,2.1702617153949575,1.693140460675295,31,15,7,3088000,3110400,53,0f183e948e3ddf4270b9f937f32a876ab8ae0ebcb6cbde3a61ae2c0160dcceca,12800,662400,147
MSREG_large_91b747360b11f681,MG1655,832000,844800,838400.0,large,WIN_large_91b747360b11f681,1.9317010880351262,12800,0.09473008871808228,1.9317010880351262,shape,2.1702617153949575,1.693140460675295,31,15,7,827200,849600,53,215feeb95561593e271435c8f9eb9ab9b4fc86aeb68cfae8278c4e4a716bf86b,12800,675200,148
MSREG_large_b9077dcda2c0f4d9,MG1655,3744000,3756800,3750400.0,large,WIN_large_b9077dcda2c0f4d9,1.9317010880351262,12800,0.16596162951399862,1.9317010880351262,shape,1.693140460675295,2.1702617153949575,31,15,7,3739200,3761600,53,3ad9f1777f11a93c4897c1a4806967960e9056a11dbee0ed4191b060f0d9a873,12800,688000,149
MSREG_large_349f5a3dd7192e00,MG1655,1758400,1771200,1764800.0,large,WIN_large_349f5a3dd7192e00,1.9317010880351262,12800,0.1348365886811707,1.9317010880351262,shape,1.693140460675295,2.1702617153949575,31,15,7,1753600,1776000,53,5525e46f37cc551911e5a883c4a56399ab8fa1ebe9d655eca5ad93732213dd3a,12800,700800,150
MSREG_large_5df49e88674c6360,MG1655,2246400,2259200,2252800.0,large,WIN_large_5df49e88674c6360,1.9317010880351262,12800,0.1368379599080077,1.9317010880351262,shape,1.693140460675295,2.1702617153949575,20,10,5,2244800,2264000,35,7ff1410d8993110a2724724deae0eb2fd8288dd52e9d2b171a01b16212b61066,12800,708800,151
MSREG_large_4f37ad10f8e6adc7,MG1655,3086400,3099200,3092800.0,large,WIN_large_4f37ad10f8e6adc7,1.9317010880351262,12800,0.176831080249935,1.9317010880351262,shape,1.693140460675295,2.1702617153949575,16,8,4,3081600,3099200,28,8c28756f169d2c3ddefaec7bdc2498443153e7599e8ed496c4f65d0316338b43,12800,715200,152
MSREG_large_660f52497dcc31c3,MG1655,862400,875200,868800.0,large,WIN_large_660f52497dcc31c3,1.9317010880351262,12800,0.14909211311318207,1.9317010880351262,shape,1.693140460675295,2.1702617153949575,31,15,7,857600,880000,53,a0e1b89bd4c72810eab7dcc25f82e493feae3967fdfc8e67aa75d5264707ff34,12800,728000,153
MSREG_large_8f32c8affeab8647,MG1655,209600,222400,216000.0,large,WIN_large_8f32c8affeab8647,1.9317010880351262,12800,0.176831080249935,1.9317010880351262,shape,2.1702617153949575,1.693140460675295,31,15,7,204800,227200,53,de145be0e5a91fef113e585c98a3cacc55ac6cce57f1bf8c3d389855b1e049ba,12800,740800,154
MSREG_small_48be3a717f70a283,MG1655,4460400,4463600,4462000.0,small,WIN_small_48be3a717f70a283,1.92949209921548,3200,1.92949209921548,0.022601560128438676,density,1.9818597744754864,1.8771244239554734,4,2,1,4449600,4463600,7,734913aa2ed9ba7445686bab13a0dbca78be0a462b34b2ab72fe07d8d38b0091,3200,742400,155
MSREG_small_ede0581a54913cb5,MG1655,464000,467200,465600.0,small,WIN_small_ede0581a54913cb5,1.9145104875267585,3200,0.37051335997690127,1.9145104875267585,shape,2.3242824552976926,1.504738519755824,7,7,7,454400,476800,21,3f3f75e37dea3ed9ab5fc426bd66747344193b5f13b4b256dcce49721d76b106,3200,745600,156
MSREG_small_8ff0f825f1effc9c,MG1655,1880000,1883200,1881600.0,small,WIN_small_8ff0f825f1effc9c,1.9145104875267585,3200,0.43917025144463095,1.9145104875267585,shape,1.9818597744754864,1.8471612005780302,7,3,1,1878800,1892800,11,623582a81ec396571cc12589c6232a775d25bd753cf0bb38c86379e11cd2fb64,3200,748400,157
MSREG_small_c1c627b64ddf19ef,MG1655,166800,170000,168400.0,small,WIN_small_c1c627b64ddf19ef,1.9029778354924116,3200,0.2613408712705094,1.9029778354924116,shape,2.72222246396973,1.083733207015093,7,8,5,156800,176000,20,ded597ed970e9d7ed03f18dba436ece0196937dbd2228a7fae36f1954b932132,3200,751600,158
MSREG_small_d415f1ca214888aa,MG1655,104000,107200,105600.0,small,WIN_small_d415f1ca214888aa,1.893216765641174,3200,1.893216765641174,0.022818382154392816,density,1.9093091073268746,1.8771244239554734,4,2,1,94400,107200,7,e6cea40142070243e7a67bb8cbf7c8cf89e7c3d83b64499ad283e5eec2d79562,3200,753200,159
MSREG_small_8f40f2a503ea0fe7,MG1655,4020000,4023200,4021600.0,small,WIN_small_8f40f2a503ea0fe7,1.893216765641174,3200,1.893216765641174,0.026741008143383222,density,1.9093091073268746,1.8771244239554734,7,7,7,4009600,4032000,21,ec2227f12fccc7a4721297167b39e9d2aa4b8203023d127e54fde91d208d359f,3200,756400,160
MSREG_small_e508fd728dc9fe44,MG1655,1305200,1308400,1306800.0,small,WIN_small_e508fd728dc9fe44,1.887331656365462,3200,1.887331656365462,0.04870878013735006,density,1.9818597744754864,1.7928035382554375,4,2,1,1305200,1318400,7,3600e881a774c5483b0ae8aab7eb37f0edc9bf1fc85874e4ecff85935f5cff7c,3200,758000,161
MSREG_small_bb62354d03a8ec98,MG1655,3566000,3569200,3567600.0,small,WIN_small_bb62354d03a8ec98,1.874919864502946,3200,0.8595525560148618,1.874919864502946,shape,1.7679799545304054,1.9818597744754864,4,2,0,3561600,3569200,6,041e93e7fbeeb38e63dfde77a43d447339c052a33170eefd7778fe20f3f199b4,3200,759600,162
MSREG_small_6e986bcc13bc70c0,MG1655,3638400,3641600,3640000.0,small,WIN_small_6e986bcc13bc70c0,1.874919864502946,3200,1.874919864502946,0.033363583277099366,density,1.9818597744754864,1.7679799545304054,4,2,1,3628800,3641600,7,0b68deb027305bc61e9b603e6e1df779edc08fdd0d6d68fc9ac09411e142bc3f,3200,761200,163
MSREG_small_313c034a83cbd433,MG1655,2277600,2280800,2279200.0,small,WIN_small_313c034a83cbd433,1.874919864502946,3200,0.492142028586848,1.874919864502946,shape,2.546131204914049,1.2037085240918428,7,7,8,2267200,2291200,22,0bc3bbcad6cc25d6d7b57b136900c7e246201c89a9fa8b31db425e37d6f14bd5,3200,764400,164
MSREG_small_82c3326405a1c651,MG1655,1911200,1914400,1912800.0,small,WIN_small_82c3326405a1c651,1.8727374618017207,3200,0.671177201213812,1.8727374618017207,shape,2.3242824552976926,1.421192468305749,7,7,6,1904000,1924800,20,aa7a5b1d91613b4179425b275742ede969deb969c944a2127ad8e2b89b17f624,3200,767600,165
MSREG_large_2ee3774b1494295b,MG1655,1684800,1697600,1691200.0,large,WIN_large_2ee3774b1494295b,1.8692317197309762,12800,0.1533086968816135,1.8692317197309762,shape,1.568201724066995,2.1702617153949575,31,15,7,1680000,1702400,53,48b6e2b95c6e8b205f308b4f09e4dd17d95f4710bb6dde7583f8e4149400e891,12800,780400,166
MSREG_large_88e37d1fe8754a7c,MG1655,1881600,1894400,1888000.0,large,WIN_large_88e37d1fe8754a7c,1.8692317197309762,12800,0.12493873660829995,1.8692317197309762,shape,2.1702617153949575,1.568201724066995,28,12,4,1881600,1899200,44,fcc66814fc41e144a65f6949f4648996a011e25b219a2925d66070e36a92548c,12800,791600,167
MSREG_small_b1f2233d6cd45485,MG1655,173200,176400,174800.0,small,WIN_small_b1f2233d6cd45485,1.868437375920762,3200,0.43596091504491147,1.868437375920762,shape,1.315682283535775,2.421192468305749,4,2,0,168800,176400,6,5a82b7ee425484fd4dbdb61088acf1072681453171eb724ab0edf208bc762fe1,3200,793200,168
MSREG_small_8ee13e0cc071706f,MG1655,3697600,3700800,3699200.0,small,WIN_small_8ee13e0cc071706f,1.861111231984865,3200,0.6571963689353898,1.861111231984865,shape,0.6989700043360187,3.0232524596337114,7,7,7,3688000,3710400,21,925530e1e140709e1345cfe707b9cdecc8b44817fb2011b40f2ba6d9a1ce4b1b,3200,796400,169
MSREG_small_d7838cf548101819,MG1655,1258400,1261600,1260000.0,small,WIN_small_d7838cf548101819,1.856025584058246,3200,1.856025584058246,0.022168132357888934,density,1.9440712135860867,1.7679799545304054,7,7,8,1248000,1272000,22,4dd6de28cbbf78a1c6ceea6c94fcd171aab9e8cc62432c22f6a5a9cbb9c6459a,3200,799600,170
MSREG_small_2c82f8470f303e8d,MG1655,3040000,3043200,3041600.0,small,WIN_small_2c82f8470f303e8d,1.84812845046663,3200,1.84812845046663,0.026306734679293904,density,1.8191324769777866,1.8771244239554734,7,7,4,3030400,3048000,18,b456b750c88d9899437dae5c1267f8f67ec1a5d7eb83152ea3327dc2f0f81bf3,3200,802800,171
MSREG_small_db5281228f188a36,MG1655,1679600,1682800,1681200.0,small,WIN_small_db5281228f188a36,1.8442850361334848,3200,0.34564934049060947,1.8442850361334848,shape,2.546131204914049,1.1424388673529202,7,8,7,1668800,1691200,22,02eef6089a20cf5c60341423e6b425c4af00b79138acd08d517874c35b113e20,3200,806000,172
MSREG_small_3237cee8d080f178,MG1655,1177200,1180400,1178800.0,small,WIN_small_3237cee8d080f178,1.83864453092864,3200,0.6482606944794271,1.83864453092864,shape,2.546131204914049,1.131157856943231,7,8,8,1166400,1190400,23,4893d54e2de6a5a066a8df31e51644b022c210f78c7b48e979251c70e9217648,3200,809200,173
MSREG_small_612929a706b9d23b,MG1655,1970000,1973200,1971600.0,small,WIN_small_612929a706b9d23b,1.8349639811054554,3200,0.4502753180673862,1.8349639811054554,shape,2.72222246396973,0.9477054982411807,7,8,8,1960000,1984000,23,59a11ee9d0f2356d18cfd388c427a7bf597841d33a4de09e8278f65942a52c8f,3200,812400,174
MSREG_small_216d1e8f200b53cd,MG1655,3964000,3967200,3965600.0,small,WIN_small_216d1e8f200b53cd,1.8349639811054554,3200,1.8349639811054554,0.04213505392317751,density,1.8771244239554734,1.7928035382554375,7,7,8,3953600,3977600,22,7f6b5d179dd7204ee5eb497e1a4aec4dc565db8c8fe625b2ae1c3a8ea8771179,3200,815600,175
MSREG_medium_df0e1cc36a1cc71d,MG1655,1616000,1622400,1619200.0,medium,WIN_medium_df0e1cc36a1cc71d,1.8344537511509311,6400,0.05870435496869755,1.8344537511509311,shape,1.9365137424788934,1.7323937598229686,8,4,4,1608000,1625600,16,63243dde4c7b17978068d10f0e48b793334c7999f403d4a11320d723c4214673,6400,818800,176
MSREG_small_435f49e6c6e31204,MG1655,1928000,1931200,1929600.0,small,WIN_small_435f49e6c6e31204,1.8331468387779086,3200,0.23971338520186844,1.8331468387779086,shape,1.546131204914049,2.120162472641768,7,7,7,1918400,1940800,21,016a068f65029042193d649182bc3cc75784ed76dcc8e1bb8b77cd08c71e1b6d,3200,822000,177
MSREG_small_4ca15e1dda73f494,MG1655,1808800,1812000,1810400.0,small,WIN_small_4ca15e1dda73f494,1.8331468387779084,3200,0.5971711114374172,1.8331468387779084,shape,0.9440712135860867,2.72222246396973,7,7,5,1801600,1820800,19,8f29002e08dee84024eef34b027cc1b70b905dde44bd2eb988bcd13daaeac4f2,3200,825200,178
MSREG_small_5f3626d5dbb50be4,MG1655,2920000,2923200,2921600.0,small,WIN_small_5f3626d5dbb50be4,1.8242824552976926,3200,1.8242824552976926,0.025437275095462435,density,1.6253124509616739,2.0232524596337114,4,2,1,2920000,2932800,7,f7f26f5e11c6f4c32107f08c783f1afbb39982ab9b3bbc4c093a83408238c8c2,3200,826800,179
MSREG_small_06bd8ebc840cca2b,MG1655,3433200,3436400,3434800.0,small,WIN_small_06bd8ebc840cca2b,1.8216921990458026,3200,0.6218655969877236,1.8216921990458026,shape,1.9818597744754864,1.6615246236161185,7,7,4,3422400,3440000,18,d789e18e87215840859b91323aaefc9dbb510b6802f8f4384abdba19148e19c0,3200,830000,180
MSREG_large_e3e61cde604d2c99,MG1655,3409600,3422400,3416000.0,large,WIN_large_e3e61cde604d2c99,1.8207767132269481,12800,0.12500924468293573,1.8207767132269481,shape,1.4712917110589385,2.1702617153949575,31,15,7,3404800,3427200,53,ceee3f5919f089a3e7f97c4c30bcf69a23183707ffc88d1fa78e54e1b8a5a3c6,12800,842800,181
MSREG_small_a86b1dee4bfc9e9d,MG1655,1857200,1860400,1858800.0,small,WIN_small_a86b1dee4bfc9e9d,1.8191324769777866,3200,0.20375837996187046,1.8191324769777866,shape,0.9160424899858431,2.72222246396973,7,8,6,1849600,1870400,21,2c5e9d6b8ffde80d6e4fecdd1e127f145398d5d0b493c13dac20577908d13c33,3200,846000,182
MSREG_small_bdaf40521cdc6b5a,MG1655,2144000,2147200,2145600.0,small,WIN_small_bdaf40521cdc6b5a,1.807570577554218,3200,0.3390011678241647,1.807570577554218,shape,1.5918886954747242,2.0232524596337114,7,7,7,2134400,2156800,21,0db0752c0d2d91f5a19814ad820d9e816c893aade3bb1c46e8abf7b7e45490fd,3200,849200,183
MSREG_small_5352bc36f0a70a5a,MG1655,1854000,1857200,1855600.0,small,WIN_small_5352bc36f0a70a5a,1.807570577554218,3200,0.21049283082533515,1.807570577554218,shape,1.5918886954747242,2.0232524596337114,7,4,0,1849600,1858400,11,10ce24fd6e96f8e95b93f097199cad7f689c3070e2d441cd322eb8180047969a,3200,852400,184
MSREG_small_53ddd747ea71bc00,MG1655,1104800,1108000,1106400.0,small,WIN_small_53ddd747ea71bc00,1.8035861127185802,3200,0.1718055189767651,1.8035861127185802,shape,2.3242824552976926,1.2828897701394677,5,2,0,1100800,1108400,7,bb52c3f69d137c4d1cb8d443cecfe1f7c07d28e8aecdcd0815835526c0bdd8c8,3200,854400,185
MSREG_small_ea6007e198ed957c,MG1655,2259200,2262400,2260800.0,small,WIN_small_ea6007e198ed957c,1.789078794427633,3200,1.789078794427633,0.05087002370449491,density,1.7010331648997923,1.8771244239554734,7,6,5,2252800,2272000,18,1dc660bec2121bef409eb35330e95b4ce312106a248d5ae085d349007f456d1a,3200,857600,186
MSREG_small_173187143c7e153d,MG1655,1309600,1312800,1311200.0,small,WIN_small_173187143c7e153d,1.7890787944276327,3200,0.4647361927177006,1.7890787944276327,shape,1.400003169235811,2.1781544196194544,7,5,3,1307200,1323200,15,09488c275abb273a10c75c70d0665c3cfd2e72335cb6209cdebc0e00ee0c03fa,3200,860800,187
MSREG_large_6aff5827c4204a95,MG1655,4606400,4619200,4612800.0,large,WIN_large_6aff5827c4204a95,1.7811860902031356,12800,0.1368379599080077,1.7811860902031356,shape,1.3921104650113136,2.1702617153949575,31,15,7,4601600,4624000,53,69d9fd31180e0bbb41c4e24bacca609bf5e6a638711979da53417a0e80ae1644,12800,873600,188
MSREG_small_d3ca2b54291d97ca,MG1655,3864400,3867600,3866000.0,small,WIN_small_d3ca2b54291d97ca,1.7740971827389114,3200,1.7740971827389114,0.030258258269631043,density,1.8471612005780302,1.7010331648997923,7,8,7,3854400,3876800,22,adc7cc45c6bceccbde5122158d4d5a4940e4e8ac9603e2fbd1dfe412af13415b,3200,876800,189
MSREG_small_bb029553d76cd6f4,MG1655,405600,408800,407200.0,small,WIN_small_bb029553d76cd6f4,1.7699999434312754,3200,0.28095023433813116,1.7699999434312754,shape,2.546131204914049,0.9938686819485018,7,7,6,395200,416000,20,1a23a243a81c053b0cce396b587c697eca375cc239655678cd7c1f547790376a,3200,880000,190
MSREG_medium_4203e6e1784331a9,MG1655,2876800,2883200,2880000.0,medium,WIN_medium_4203e6e1784331a9,1.7692868669034278,6400,0.03834593559035483,1.7692868669034278,shape,1.8573324964312685,1.6812412373755872,15,7,7,2868800,2891200,29,37529c212e23bfc9c99ed5a6111ea6b0c8b42891cfc8925442228911482da79a,6400,886400,191
MSREG_small_5e707a6e5550a5a1,MG1655,2735200,2738400,2736800.0,small,WIN_small_5e707a6e5550a5a1,1.7679799545304054,3200,1.7679799545304054,0.023905751682202783,density,1.7679799545304054,1.7679799545304054,7,7,8,2724800,2748800,22,294eedfa8c19a04f2c4dc56f81bbcbce45fa11e04424a34089c6449170803596,3200,889600,192
MSREG_small_83a3ebd26575e473,MG1655,322800,326000,324400.0,small,WIN_small_83a3ebd26575e473,1.7600828209387895,3200,1.7600828209387895,0.020007886155301923,density,1.8191324769777866,1.7010331648997923,4,2,0,322800,330400,6,f24f2c69b9c548f754ae4facad5cfd82eacd6f6cbdbbda9efbca6a2a541d85fb,3200,891200,193
MSREG_small_3091c78db270b5e4,MG1655,4276400,4279600,4278000.0,small,WIN_small_3091c78db270b5e4,1.757513001112584,3200,0.7116846937800118,1.757513001112584,shape,2.0232524596337114,1.4917735425914564,7,8,8,4265600,4289600,23,895811b167813328ce5ba89d2c7da98157265ce2c534d7721517f36a1e474768,3200,894400,194
MSREG_small_728ec58c20bb3aa9,MG1655,1904000,1907200,1905600.0,small,WIN_small_728ec58c20bb3aa9,1.7543429120970744,3200,1.7543429120970744,0.03291360484611002,density,1.8471612005780302,1.6615246236161185,4,2,0,1904000,1911200,6,3f40626a7cc344573df62f81da58b005d54cb34aaa5aa7cd5a735f0fd2cdb162,3200,896000,195
MSREG_medium_aad1fc1e5f65ee1c,MG1655,999200,1005600,1002400.0,medium,WIN_medium_aad1fc1e5f65ee1c,1.7464081216230904,6400,0.051801445653148176,1.7464081216230904,shape,1.8573324964312685,1.6354837468149122,15,7,8,990400,1014400,30,a107e80e558b84c0fd5f49fd0a6d19fe362a67decd54512973a1a7c6eac51a96,6400,902400,196
MSREG_small_f20264af2ad19a2a,MG1655,2738800,2742000,2740400.0,small,WIN_small_f20264af2ad19a2a,1.7432991471156554,3200,0.31953321174428084,1.7432991471156554,shape,2.546131204914049,0.9404670893172614,7,5,2,2736800,2752000,14,4881ae3f022acadf7f721b26dbc5ccdc399ce2eee3e1f2adb9b9a9b7e4c043ce,3200,905600,197
MSREG_small_5f67f9e4db621569,MG1655,786400,789600,788000.0,small,WIN_small_5f67f9e4db621569,1.7403285502969528,3200,0.5333758684877588,1.7403285502969528,shape,1.3604946279521375,2.120162472641768,6,5,5,776000,795200,16,4fe9608692bc31d834036bc97b61ad6d0526a8b0c083f3aff3404884fecd8821,3200,908000,198
MSREG_small_10911837ea9ce07b,MG1655,984000,987200,985600.0,small,WIN_small_10911837ea9ce07b,1.7345065597150988,3200,1.7345065597150988,0.025211688279226967,density,1.7679799545304054,1.7010331648997923,7,7,6,976000,996800,20,7ba553c7ff86c85f82995a0335936d6ba6778d2ae951f32de96f85f77c9c5755,3200,911200,199
MSREG_small_2d59358833940ecf,MG1655,1162800,1166000,1164400.0,small,WIN_small_2d59358833940ecf,1.730522094879461,3200,0.5269602380872459,1.730522094879461,shape,1.2828897701394677,2.1781544196194544,4,2,1,1162800,1176000,7,6960aa00b2472e4ad3d72a180176ec1a4d7b918d3234aa5015b0643634c35baf,3200,912800,200
MSREG_small_e654b4abcd25c228,MG1655,3600000,3603200,3601600.0,small,WIN_small_e654b4abcd25c228,1.7222224639697303,3200,1.7222224639697303,0.03269440789096824,density,1.7222224639697303,1.7222224639697303,7,7,7,3590400,3612800,21,eda3c923d5ac2c3b9cb7d6b6366588a1fcc4fc594909e8d988aac5ad9dd39ef9,3200,916000,201
MSREG_small_959f99c71cc39064,MG1655,4472000,4475200,4473600.0,small,WIN_small_959f99c71cc39064,1.7205999365631568,3200,0.298288129912005,1.7205999365631568,shape,1.9093091073268746,1.5318907657994387,7,7,4,4467200,4484800,18,ac53cfcf3a832ec0deb6db0576641c6fb9e9a26b81d4ec888a269ac7bb7a6d1e,3200,919200,202
MSREG_small_a9884e8075ecf0a2,MG1655,3911600,3914800,3913200.0,small,WIN_small_a9884e8075ecf0a2,1.7195249480263772,3200,1.081251497249318,1.7195249480263772,shape,2.0690099501943866,1.3700399458583679,7,8,5,3900800,3920000,20,a04534eac5fdf787641780ec88c85eba7604e1cc9b07d967caa5dcc2ba21ebe5,3200,922400,203
MSREG_small_5eb32857ebbb13e1,MG1655,2988400,2991600,2990000.0,small,WIN_small_5eb32857ebbb13e1,1.7184552550211014,3200,0.3932835904581199,1.7184552550211014,shape,1.9818597744754864,1.4550507355667164,7,8,6,2980800,3001600,21,fc045c4ced9c7aae70571c4f17911fc6638480d021cb49570047dc480e9997ac,3200,925600,204
MSREG_small_19dfffd7b087e7ef,MG1655,677600,680800,679200.0,small,WIN_small_19dfffd7b087e7ef,1.714752289073262,3200,0.10340787337080345,1.714752289073262,shape,1.7679799545304054,1.6615246236161185,7,7,8,667200,691200,22,a13b16d3767a30d55ea738dde2dbc604c090c151b1004fd01cc0baa82abba5c8,3200,928800,205
MSREG_small_03057b3ff37bd1f0,MG1655,3735200,3738400,3736800.0,small,WIN_small_03057b3ff37bd1f0,1.7126643187461938,3200,1.7126643187461938,0.036038987592618886,density,1.7444988586808825,1.6808297788115052,4,2,0,3731200,3738400,6,6c35e33cbb79eea8a3049d6c95ed50867b712e858d561e258cc405a3c1bf6f17,3200,930400,206
MSREG_small_f4eb3abac767d226,MG1655,902400,905600,904000.0,small,WIN_small_f4eb3abac767d226,1.7055105862262554,3200,0.3739176009215696,1.7055105862262554,shape,2.120162472641768,1.290858699810743,7,7,7,892800,915200,21,abcbf695e4d5b07ee8f67d04f08caed15ac5032a30868ac5b96e4e7d636f22e2,3200,933600,207
MSREG_small_bcc64aa240b335ff,MG1655,3966000,3969200,3967600.0,small,WIN_small_bcc64aa240b335ff,1.7030117411485004,3200,1.7030117411485004,0.03852586500849239,density,1.7444988586808825,1.6615246236161185,5,3,1,3965600,3979200,9,31d9f139d60c4f54a96fb716544c8fb6fc97963531cd46965844fb45f91e0fad,3200,935600,208
MSREG_small_ed7cdfa12bf19497,MG1655,2173600,2176800,2175200.0,small,WIN_small_ed7cdfa12bf19497,1.7030117411485004,3200,1.7030117411485004,0.026959796313984458,density,1.7444988586808825,1.6615246236161185,4,2,1,2163200,2176800,7,fc3368a7c97114c86ce58be7478cb0548101d03a5061aff5c644d19c89678637,3200,937200,209
MSREG_small_db5debd78fcb427f,MG1655,107200,110400,108800.0,small,WIN_small_db5debd78fcb427f,1.7010331648997923,3200,1.7010331648997923,0.028058166086016526,density,1.7010331648997923,1.7010331648997923,4,2,1,107200,120000,7,43b8d1fc8251a815b0dad755fe69c3f87fe610948d23906c101feca721aee638,3200,938800,210
MSREG_small_9f8d5f5e1ef01a8b,MG1655,1155600,1158800,1157200.0,small,WIN_small_9f8d5f5e1ef01a8b,1.7010331648997923,3200,1.7010331648997923,0.022384954383843074,density,1.7010331648997923,1.7010331648997923,4,2,0,1151200,1158800,6,eef751b34cc25dadb884464ce8b036ea61484e4b9903f45d6462cdbc1a83e8fa,3200,940400,211
MSREG_small_62fc44f87092f7ab,MG1655,1697600,1700800,1699200.0,small,WIN_small_62fc44f87092f7ab,1.6976134526346394,3200,0.42097542956608974,1.6976134526346394,shape,1.2170724856498243,2.1781544196194544,7,6,2,1691200,1705600,15,4bc219c9b86b8c547dd33fa875a54dc30e4a47da5f8632be67a61a530af25cba,3200,943600,212
MSREG_large_90ea040468604a09,MG1655,3499200,3512000,3505600.0,large,WIN_large_90ea040468604a09,1.693140460675295,12800,0.1348365886811707,1.693140460675295,shape,1.693140460675295,1.693140460675295,31,15,7,3494400,3516800,53,42d29e8ac38582676cdda95f3fb7b801e9c5016241f5b2ab7d817f18a00edef2,12800,956400,213
MSREG_large_4801f24b32ecfa12,MG1655,1315200,1328000,1321600.0,large,WIN_large_4801f24b32ecfa12,1.693140460675295,12800,0.13085212384553307,1.693140460675295,shape,1.2160192059556325,2.1702617153949575,31,15,6,1312000,1332800,52,abed3b756d70008e7af60fb8f9f64395300a4905977aa9e12d898022e9f1c885,12800,969200,214
MSREG_large_ca4a23657eb2f01e,MG1655,488000,500800,494400.0,large,WIN_large_ca4a23657eb2f01e,1.693140460675295,12800,0.20417709243456128,1.693140460675295,shape,2.1702617153949575,1.2160192059556325,31,15,7,483200,505600,53,ad6d52cfa4a1a5b0fe827370021d9645987c911e01bd6a9a180cf21df47b25e0,12800,982000,215
MSREG_medium_b1c6ba4fc68e30ab,MG1655,662400,668800,665600.0,medium,WIN_medium_b1c6ba4fc68e30ab,1.689436445469672,6400,0.23845593267531356,1.689436445469672,shape,1.8573324964312685,1.5215403945080754,15,7,7,654400,676800,29,47056c409dfb9a4d15a2a47f1865bff84945258a01cc59349f79ddf7470e9a75,6400,988400,216
MSREG_small_1bf0ab103a1dc51d,MG1655,4466000,4469200,4467600.0,small,WIN_small_1bf0ab103a1dc51d,1.6881295330966495,3200,1.6881295330966495,0.03492114371452807,density,1.7679799545304054,1.6082791116628934,4,2,0,4466000,4473600,6,8c21841e6185abacf8ebda68a62a8c13cb88e9672b951a0a1a0a34712c0b26e8,3200,990000,217
MSREG_small_7e425661cca091c7,MG1655,1220000,1223200,1221600.0,small,WIN_small_7e425661cca091c7,1.6858218892648056,3200,0.1807077799287688,1.6858218892648056,shape,1.9818597744754864,1.389784004054125,7,7,8,1209600,1233600,22,95ec499883055fc41ff21f817fd11a99b6cbf3ba77b3f69d71517505ed95221e,3200,993200,218
MSREG_medium_935ecc5549da3f55,MG1655,3974400,3980800,3977600.0,medium,WIN_medium_935ecc5549da3f55,1.6839387533189405,6400,0.4626498789972354,1.6839387533189405,shape,1.6354837468149122,1.7323937598229686,15,7,6,3968000,3988800,28,d54e19d49f4deb00491f1ab1dc9177261e285d1bfc80a7742c156f26d5a989c1,6400,999600,219
MSREG_small_b1f8d684ffa46e9e,MG1655,332800,336000,334400.0,small,WIN_small_b1f8d684ffa46e9e,1.6821799214467954,3200,0.0968828841008645,1.6821799214467954,shape,1.9093091073268746,1.4550507355667164,4,2,1,332800,345600,7,cf49c1f51d63fc78f4af577ef16d10d576bc90e45dfab22d3116b35cfa4b11ea,3200,1001200,220
MSREG_small_d4288c06abb7fde8,MG1655,3055200,3058400,3056800.0,small,WIN_small_d4288c06abb7fde8,1.6812788942579555,3200,1.6812788942579555,0.025431352912936578,density,1.6615246236161185,1.7010331648997923,4,4,2,3053600,3068800,10,2eabe3734d6d77addfb2374744f09348134e2244d760b7360a5b1f903d958e2a,3200,1002800,221
MSREG_small_1307c6d9a2fc39b7,MG1655,4433600,4436800,4435200.0,small,WIN_small_1307c6d9a2fc39b7,1.6759498601669272,3200,0.33231422974174013,1.6759498601669272,shape,1.9818597744754864,1.3700399458583679,7,7,7,4424000,4446400,21,24d5cf25b6a5d7d1d45d2085b7c9e7da137fc2c78efa6b60a162c8913280a084,3200,1006000,222
MSREG_small_b4c1fc8b710bb725,MG1655,3915200,3918400,3916800.0,small,WIN_small_b4c1fc8b710bb725,1.673767457465702,3200,1.673767457465702,0.09370283409180191,density,1.6253124509616739,1.7222224639697303,4,1,0,3913600,3920000,5,f4e672b718616504d031ec72bb75489338411370e71457d84f0f3b9fe31e92d5,3200,1007600,223
MSREG_small_50ad503e2bca10f0,MG1655,1797600,1800800,1799200.0,small,WIN_small_50ad503e2bca10f0,1.6720371914109489,3200,1.6720371914109489,0.03180627332384294,density,1.7010331648997923,1.6430412179221054,4,2,0,1793600,1800800,6,3d34ff49934cf7b8ff8d08d444abe91574aa2eef3b87c9d4e70d9026d40e7d3f,3200,1009200,224
MSREG_small_da2472400aadad4b,MG1655,1991600,1994800,1993200.0,small,WIN_small_da2472400aadad4b,1.671177201213812,3200,1.671177201213812,0.025647727062192104,density,1.6808297788115052,1.6615246236161185,7,8,8,1980800,2004800,23,2fee0be1afac3114ea0da4eb279695aff556993580ee02e541ab9b0da6675d92,3200,1012400,225
MSREG_small_b94cdc2653dfa5a9,MG1655,3986400,3989600,3988000.0,small,WIN_small_b94cdc2653dfa5a9,1.671177201213812,3200,1.671177201213812,0.049945280500871145,density,1.6615246236161185,1.6808297788115052,7,7,7,3977600,4000000,21,ffe35a11c3b9eca3066c8caa3e15f8af5985af0ec14c5e3aac626d439ea744d7,3200,1015600,226
MSREG_large_f80bd2a5cab5ad62,MG1655,38400,51200,44800.0,large,WIN_large_f80bd2a5cab5ad62,1.6702617153949575,12800,0.06136187542139872,1.6702617153949575,shape,1.1702617153949573,2.1702617153949575,31,15,7,33600,56000,53,342b64464ccab8c94136e4909415e372eb656e697a8bd072d00db97ae4f9828f,12800,1028400,227
MSREG_large_9abef0aed6a73c31,MG1655,3216000,3228800,3222400.0,large,WIN_large_9abef0aed6a73c31,1.6702617153949575,12800,0.07162143633214774,1.6702617153949575,shape,1.1702617153949573,2.1702617153949575,31,15,7,3211200,3233600,53,e8a5ca2b5d77e3c9d7519d64411257f7aa5b12985151c75ed196a613cbced171,12800,1041200,228
MSREG_small_6921119c2e5009c1,MG1655,4440400,4443600,4442000.0,small,WIN_small_6921119c2e5009c1,1.6694673715847435,3200,0.5323997711551928,1.6694673715847435,shape,2.245101209250068,1.0938335339194187,7,8,5,4435200,4454400,20,cea11ef706c43d06577212d4cb3ec4bdc63848b68074c0883ea9c77bc2aa1d27,3200,1044400,229
MSREG_small_e7d4e924b22990d1,MG1655,3938000,3941200,3939600.0,small,WIN_small_e7d4e924b22990d1,1.6694673715847432,3200,0.8192682364326318,1.6694673715847432,shape,2.0232524596337114,1.315682283535775,7,8,8,3928000,3952000,23,0ab47cae173d64c7dc02b7027e6b06e9b6f24810c12f8d75cef25579f4268cc0,3200,1047600,230
MSREG_small_8a5be04bbca7bd55,MG1655,2081200,2084400,2082800.0,small,WIN_small_8a5be04bbca7bd55,1.6652507878163119,3200,0.18207340547796436,1.6652507878163119,shape,1.3072491159989124,2.0232524596337114,7,4,2,2080000,2094400,13,1f0e228be2127a63ce6025ad56ce3e1f8f4c4f577b117e82fcdd73249bdba693,3200,1050800,231
MSREG_medium_f21a545d21ec35ac,MG1655,3348800,3355200,3352000.0,medium,WIN_medium_f21a545d21ec35ac,1.6632424107398278,6400,1.6632424107398278,0.05456475484656456,density,1.7323937598229686,1.594091061656687,8,4,2,3348800,3363200,14,f170cebfd0990db5ee1d285136e3fdbd62e93832e608717bce43327494310d95,6400,1054000,232
MSREG_small_f1a043d58f00d739,MG1655,3934400,3937600,3936000.0,small,WIN_small_f1a043d58f00d739,1.663172807930733,3200,1.663172807930733,0.15976503909227988,density,1.6253124509616739,1.7010331648997923,7,4,2,3924800,3939200,13,23c9e2c4380edbcb1465bf341137306bb6b5342037ef2e76b8ab8ce089616f40,3200,1057200,233
MSREG_small_54c2dc2743ae7133,MG1655,88000,91200,89600.0,small,WIN_small_54c2dc2743ae7133,1.6615246236161185,3200,1.6615246236161185,0.03358482348059992,density,1.6615246236161185,1.6615246236161185,7,7,7,78400,100800,21,07b3c7a3f370e706b6772bba792ed5df8a93f7274d5f5a9a092418454cdc61c5,3200,1060400,234
MSREG_small_148180ef78a76dbc,MG1655,4363200,4366400,4364800.0,small,WIN_small_148180ef78a76dbc,1.6615246236161185,3200,1.6615246236161185,0.03204085487676013,density,1.6615246236161185,1.6615246236161185,4,2,1,4353600,4366400,7,99ddbf4b162555324440dd10a9af0daf2a8a64bf5c8c3200a6e93c65a23e5393,3200,1062000,235
MSREG_small_b4e5bb1b539d1a3a,MG1655,4200800,4204000,4202400.0,small,WIN_small_b4e5bb1b539d1a3a,1.6570555797222273,3200,0.7550363717227047,1.6570555797222273,shape,1.4669499588664243,1.8471612005780302,7,7,8,4190400,4214400,22,86ae2aacb1f59c5460ccfe4728195c7a54e385874d8f2153365c6bd31b34af57,3200,1065200,236
MSREG_small_b4411c9ee0af96d6,MG1655,1939200,1942400,1940800.0,small,WIN_small_b4411c9ee0af96d6,1.6570555797222273,3200,0.5977272961828916,1.6570555797222273,shape,2.0232524596337114,1.290858699810743,7,4,2,1929600,1944000,13,b706b72797f59904e34a1fabd4e31f85086424571557b1f99187f70e2be8f5bf,3200,1068400,237
MSREG_small_bf98a6b237d026cc,MG1655,3705600,3708800,3707200.0,small,WIN_small_bf98a6b237d026cc,1.652282920769112,3200,1.652282920769112,0.03648095615432637,density,1.6430412179221054,1.6615246236161185,7,7,5,3699200,3718400,19,2c8dca6e87a798849779172e49824d1f7e24a1d5b948fac5632339349a34366a,3200,1071600,238
MSREG_small_d86e0f82e0364dd8,MG1655,2814000,2817200,2815600.0,small,WIN_small_d86e0f82e0364dd8,1.6487710290056308,3200,0.518155502249474,1.6487710290056308,shape,1.9818597744754864,1.315682283535775,7,8,8,2803200,2827200,23,4999c9f18b3808a645b17b6f89dca82798910bf4be3300d931bf4cea5af1188a,3200,1074800,239
MSREG_small_fb830be03241bf0f,MG1655,3306000,3309200,3307600.0,small,WIN_small_fb830be03241bf0f,1.643418537288896,3200,1.643418537288896,0.031591575449624695,density,1.6253124509616739,1.6615246236161185,4,2,1,3296000,3309200,7,2aaf323619679654fd8c5e1afaa9a1701d37333342a0128d56439e83843dcf18,3200,1076400,240
MSREG_small_d800c25b4ba41ebd,MG1655,2720000,2723200,2721600.0,small,WIN_small_d800c25b4ba41ebd,1.643418537288896,3200,1.643418537288896,0.055729699843558037,density,1.6253124509616739,1.6615246236161185,7,7,7,2710400,2732800,21,33e3fa1d6a3fb2dd04c713c6f113654bdef06227ab753f99fff9c6953e639bc7,3200,1079600,241
MSREG_small_db63073fda7a32fc,MG1655,1296800,1300000,1298400.0,small,WIN_small_db63073fda7a32fc,1.643418537288896,3200,1.643418537288896,0.02325332822441245,density,1.6615246236161185,1.6253124509616739,2,0,0,1296800,1300400,2,a2a2e10c77cdc0e255b18c8de76c27d17b46014612028593f4728b8c4772b607,3200,1080000,242
MSREG_small_1985680bead99726,MG1655,3266400,3269600,3268000.0,small,WIN_small_1985680bead99726,1.6430412179221054,3200,1.6430412179221054,0.023035854755106847,density,1.6430412179221054,1.6430412179221054,4,0,0,3266400,3270800,4,98abcdb998c4fabdce95cfe4d6a817052da5a888df387f2b4e51d5f89242b9af,3200,1081600,243
MSREG_small_842c715017d9d82e,MG1655,890400,893600,892000.0,small,WIN_small_842c715017d9d82e,1.6363592371431146,3200,0.3784691308375023,1.6363592371431146,shape,1.9818597744754864,1.290858699810743,7,7,6,883200,904000,20,81db6dfbcd9c2dd61bdc170b608d252c243437d528777bc7977ffb418a9fa91e,3200,1084800,244
MSREG_small_be8d173b363b7a02,MG1655,1256800,1260000,1258400.0,small,WIN_small_be8d173b363b7a02,1.634901867639506,3200,1.634901867639506,0.03291723730092889,density,1.6615246236161185,1.6082791116628934,4,2,1,1246400,1260000,7,3fe94908eedca40990a155f4672b606e024d65ccd2f2986ef805d7ab37dcc5ac,3200,1086400,245
MSREG_small_8b7729c76d110bbf,MG1655,3175200,3178400,3176800.0,small,WIN_small_8b7729c76d110bbf,1.6341768344418897,3200,1.6341768344418897,0.035811092669021036,density,1.6253124509616739,1.6430412179221054,7,7,8,3164800,3188800,22,30dd4c6a348488915f4f2143d852f1f9dd34fe2d09a2a974701ee9abb2476f8e,3200,1089600,246
MSREG_small_115d16d5b0a1a5c6,MG1655,3394000,3397200,3395600.0,small,WIN_small_115d16d5b0a1a5c6,1.6309438133172738,3200,0.6486433328884833,1.6309438133172738,shape,1.7010331648997923,1.5608544617347553,4,2,1,3394000,3408000,7,db69b4ad0e59e599c63f8fbe1995b3240237407d695774f3858847a7d5f3abb3,3200,1091200,247
MSREG_small_1f0443971f8ceafc,MG1655,985600,988800,987200.0,small,WIN_small_1f0443971f8ceafc,1.6267066595454214,3200,1.6267066595454214,0.02959856994164694,density,1.6615246236161185,1.5918886954747242,4,2,1,985600,998400,7,2bc6f715f73415a817bf8e1cbf05b1305f3b512b7e73a855ba291538eb6d9034,3200,1092800,248
MSREG_small_ba08e1cff1a34a90,MG1655,1265200,1268400,1266800.0,small,WIN_small_ba08e1cff1a34a90,1.6246186892183534,3200,0.44473573480311035,1.6246186892183534,shape,1.2673776039612201,1.9818597744754864,7,8,4,1260800,1278400,19,ce9482b54cbca7f9b099cb4cec0101836137b487451ac2d6fb7da8e11c5b0f0d,3200,1096000,249
MSREG_small_ce07f915d1122182,MG1655,2916800,2920000,2918400.0,small,WIN_small_ce07f915d1122182,1.6235821849069207,3200,1.6235821849069207,0.029190237081412555,density,1.546131204914049,1.7010331648997923,4,2,1,2907200,2920000,7,a1613a9a9a3c0b7cf91016eff52e4517dab14c58f0e84e1686ef7f7c32abb634,3200,1097600,250
MSREG_small_b163f6f18d4e1fa7,MG1655,2914400,2917600,2916000.0,small,WIN_small_b163f6f18d4e1fa7,1.6235821849069207,3200,0.493732166206544,1.6235821849069207,shape,2.546131204914049,0.7010331648997922,6,3,2,2904000,2918400,11,d8d2b776ec639da233b0d961f127d6a584fad6c408ef83d7ad0771d2610cf2f4,3200,1100000,251
MSREG_small_183d368c4e70f7d0,MG1655,1871200,1874400,1872800.0,small,WIN_small_183d368c4e70f7d0,1.6211827434660362,3200,0.44346435169449205,1.6211827434660362,shape,1.9093091073268746,1.3330563796051977,7,7,4,1860800,1878400,18,f109e3a344dd99476b765f25f8fac60d1505f1536c09f5858431fb778d345151,3200,1103200,252
MSREG_small_045f11520ecf5749,MG1655,3261200,3264400,3262800.0,small,WIN_small_045f11520ecf5749,1.6188095259538053,3200,1.6188095259538053,0.030929405001775854,density,1.5760944282914922,1.6615246236161185,4,2,1,3251200,3264400,7,d60850d98de1177581fa01457b4a719047b6af8c0a70a9741b467e8e24dd136e,3200,1104800,253
MSREG_small_d58184d535208718,MG1655,3069200,3072400,3070800.0,small,WIN_small_d58184d535208718,1.6174649566984147,3200,1.6174649566984147,0.031371679490629,density,1.5918886954747242,1.6430412179221054,4,2,1,3059200,3072400,7,7ceb2bb539fd5f9d3baa6968d1fd044411c6cb97eff5a455bfa8a78c6ba5332d,3200,1106400,254
MSREG_small_da0c80a6b2988a39,MG1655,4021600,4024800,4023200.0,small,WIN_small_da0c80a6b2988a39,1.6167957813122835,3200,1.6167957813122835,0.033587100786234225,density,1.6253124509616739,1.6082791116628934,4,2,0,4021600,4028800,6,0251a46b11f5cc009db1b3cda6db0390f6fde8ff47d085668be49c8bb2b2a146,3200,1108000,255
MSREG_small_1275a2024481ef21,MG1655,198800,202000,200400.0,small,WIN_small_1275a2024481ef21,1.6167957813122835,3200,1.6167957813122835,0.04461766762819197,density,1.6253124509616739,1.6082791116628934,7,8,8,188800,212800,23,09cecfbd8065f169023a6e6505ee1ef187785d271dd3db786992fdd9e8e06b03,3200,1111200,256
MSREG_small_80799b5aeb1f12a5,MG1655,3531200,3534400,3532800.0,small,WIN_small_80799b5aeb1f12a5,1.6167957813122835,3200,1.6167957813122835,0.03181169431383746,density,1.6253124509616739,1.6082791116628934,4,2,1,3521600,3534400,7,3e921fe268109ecedac3ad3d37e22f3e96e67099d4e7edb5e3c7fa3132a0a6a7,3200,1112800,257
MSREG_small_2c51d24f72533aac,MG1655,90000,93200,91600.0,small,WIN_small_2c51d24f72533aac,1.6167957813122835,3200,1.6167957813122835,0.05484208136492526,density,1.6253124509616739,1.6082791116628934,5,3,2,89600,104000,10,7ea9ef0ff4eaeadc297b5d76501e75d71e03c2467c323888288ff9077951f6e6,3200,1114800,258
MSREG_small_ff6a8e6a2fd34f8c,MG1655,1247200,1250400,1248800.0,small,WIN_small_ff6a8e6a2fd34f8c,1.6134804918627772,3200,0.583188798525399,1.6134804918627772,shape,1.9818597744754864,1.245101209250068,7,7,2,1243200,1257600,16,c407ab9acb9d4489037ece7a07ed34eb72fa22c6c7a2fe656c8396f169cf7d46,3200,1118000,259
MSREG_small_f8db67f5d361f4ea,MG1655,3560400,3563600,3562000.0,small,WIN_small_f8db67f5d361f4ea,1.6069980032805935,3200,0.49241691999863524,1.6069980032805935,shape,1.7222224639697303,1.4917735425914564,7,6,0,3556800,3567200,13,2c095af2ea8ebd9d6ed7d388eeb2e7fbcbefb02566025a03fb1d56ff202ca8b6,3200,1121200,260
MSREG_small_7f090329787c2752,MG1655,4186000,4189200,4187600.0,small,WIN_small_7f090329787c2752,1.6069980032805933,3200,1.5021616623758283,1.6069980032805933,mixed,2.3242824552976926,1.5608544617347553,7,8,4,4181600,4200000,19,36d6aedf470b44ecb450d48974137b841328f92969dacda49cb27de8ea70c63b,3200,1124400,261
MSREG_small_f3e7d7005d86996e,MG1655,2260800,2264000,2262400.0,small,WIN_small_f3e7d7005d86996e,1.6038279142650838,3200,1.6038279142650838,0.05252134147953773,density,1.546131204914049,1.6615246236161185,4,2,1,2260800,2273600,7,eb358fbd1545bd5ee3c5b2b26061ff7a1265cacf5ee25853b3dbb4cf12347dec,3200,1126000,262
MSREG_small_512b81ff14e5143c,MG1655,1712400,1715600,1714000.0,small,WIN_small_512b81ff14e5143c,1.602885842327808,3200,0.5140582629418382,1.602885842327808,shape,2.546131204914049,0.6596404797415671,7,8,2,1707200,1721600,17,82f83272134bd5a8743f2f2e7b255ace69a13469255afef8a80fd9a0adc6ce25,3200,1129200,263
MSREG_small_bdf8083fa51f1e8b,MG1655,1491600,1494800,1493200.0,small,WIN_small_bdf8083fa51f1e8b,1.602885842327808,3200,0.38936397403181383,1.602885842327808,shape,2.0690099501943866,1.1367617344612295,7,8,6,1481600,1502400,21,f268fd22f7704fc337e8ef2f1245a299cc2f6b6f7e8cb25c3e81688b09303374,3200,1132400,264
MSREG_small_a364a45254a2ee7c,MG1655,200400,203600,202000.0,small,WIN_small_a364a45254a2ee7c,1.6000839035688088,3200,1.6000839035688088,0.037155670498677906,density,1.5918886954747242,1.6082791116628934,4,2,1,200400,214400,7,472ebab95ea1b9415c9ec66015c89029c7998da1eb9a61d6caa7cb5d744986dd,3200,1134000,265
MSREG_small_4092ee8a8c7f6563,MG1655,2139200,2142400,2140800.0,small,WIN_small_4092ee8a8c7f6563,1.6000839035688088,3200,1.6000839035688088,0.05042266298270538,density,1.6082791116628934,1.5918886954747242,7,6,3,2129600,2145600,16,a01e6790323de7e0c9bb9cae6571f19991a1ccfdbeae59759b956403825d6f37,3200,1137200,266
MSREG_large_288f242ef1f4ecc2,MG1655,3281600,3294400,3288000.0,large,WIN_large_288f242ef1f4ecc2,1.5971976975558384,12800,0.19253811010610963,1.5971976975558384,shape,2.1702617153949575,1.0241336797167193,31,15,6,3278400,3299200,52,726820c6fde9904832687a14712939c9b231de8f2f06ab814cbe2794c489d19c,12800,1150000,267
MSREG_large_6dcb88d38a185c7d,MG1655,4520000,4532800,4526400.0,large,WIN_large_6dcb88d38a185c7d,1.5971976975558384,12800,0.15556982655235257,1.5971976975558384,shape,2.1702617153949575,1.0241336797167193,31,15,7,4515200,4537600,53,cb33bacd5f735334fe9eceb22e7cbcfb36e227b5b251841b4046e45cc8ebe30f,12800,1162800,268
MSREG_large_5811fdbe28f125dc,MG1655,72000,84800,78400.0,large,WIN_large_5811fdbe28f125dc,1.5971976975558384,12800,0.08568911489935824,1.5971976975558384,shape,1.0241336797167193,2.1702617153949575,31,15,7,67200,89600,53,da84be04cb6970bf00de84f16bfb0b689c52a7cd970458be5e3a1b32d3e9dbab,12800,1175600,269
MSREG_small_a7dfd4d1eb0e9940,MG1655,2512000,2515200,2513600.0,small,WIN_small_a7dfd4d1eb0e9940,1.5957959484797837,3200,0.035003648033973336,1.5957959484797837,shape,2.72222246396973,0.4693694329898371,7,7,7,2502400,2524800,21,5b0e3403ea13a1a8e60488fbef58ba1b99108e4986b14f6abf5b943b8183259e,3200,1178800,270
MSREG_small_2251acf8a80a3ddf,MG1655,1133600,1136800,1135200.0,small,WIN_small_2251acf8a80a3ddf,1.5945862114180773,3200,0.7346847164949185,1.5945862114180773,shape,1.546131204914049,1.6430412179221054,4,2,0,1129600,1136800,6,bbf65873befd81056559adca1fbfcf3cc5368f5f8d309937b111d7b73efa59a5,3200,1180400,271
MSREG_medium_c6af0b58ee351b0f,MG1655,3041600,3048000,3044800.0,medium,WIN_medium_c6af0b58ee351b0f,1.594091061656687,6400,1.594091061656687,0.05514745952825026,density,1.594091061656687,1.594091061656687,7,2,0,3041600,3048800,9,a52d318fb9696de8d53084fb3ccf9e625d69499966d660d81d83be9411290927,6400,1182800,272
MSREG_small_57711c0e4bac63a0,MG1655,1906800,1910000,1908400.0,small,WIN_small_57711c0e4bac63a0,1.5930834563482146,3200,1.5930834563482146,0.03070096431685843,density,1.6253124509616739,1.5608544617347553,7,2,0,1905600,1912800,9,30db487ebc58f35d65959a13b3548f8c2c035c5f3ed19295cdcda5b530531d27,3200,1185600,273
MSREG_small_eecfcf10f1bfd6e0,MG1655,2825600,2828800,2827200.0,small,WIN_small_eecfcf10f1bfd6e0,1.5921867699771928,3200,1.5921867699771928,0.039190381032524146,density,1.6082791116628934,1.5760944282914922,7,7,7,2816000,2838400,21,640b9edeeb677f0f8dbc217fc452606397ec0e1669f99be8f5feb968ce58dd51,3200,1188800,274
MSREG_small_ebab66b6453f275d,MG1655,2439200,2442400,2440800.0,small,WIN_small_ebab66b6453f275d,1.5918886954747242,3200,1.5918886954747242,0.025431352912936578,density,1.5918886954747242,1.5918886954747242,7,7,8,2428800,2452800,22,4066101989cd9052cced962f47c91f4fcd5d0b18af4a1b0d6ceecff7bc3ebaad,3200,1192000,275
MSREG_small_5d8635ffa2271b8f,MG1655,1109200,1112400,1110800.0,small,WIN_small_5d8635ffa2271b8f,1.5857218279378613,3200,0.5691762253070449,1.5857218279378613,shape,1.8471612005780302,1.3242824552976926,3,0,0,1108400,1112400,3,ac2425df6f2c6a41c593edccf1383bb1e26f813c8f6184e5b67f58719368b8bd,3200,1192800,276
MSREG_small_6700b0fb6d461b61,MG1655,1990000,1993200,1991600.0,small,WIN_small_6700b0fb6d461b61,1.5839915618831082,3200,1.5839915618831082,0.030479498473131597,density,1.5918886954747242,1.5760944282914922,4,2,1,1979200,1993200,7,1ccb0602cea7ac72ff44e67c5c75280fd071ebaf51a59f28c2736227a16f8ac6,3200,1194400,277
MSREG_small_d5c8537017226859,MG1655,1397200,1400400,1398800.0,small,WIN_small_d5c8537017226859,1.5839915618831082,3200,1.5839915618831082,0.029611985575668284,density,1.5918886954747242,1.5760944282914922,7,8,3,1392000,1408000,18,578f174eed2379d07765da653647a3e8f6040536871e9bbe448fbcfe6040d7ba,3200,1197600,278
MSREG_large_b532634bc73b6bdd,MG1655,825600,838400,832000.0,large,WIN_large_b532634bc73b6bdd,1.5822160858671168,12800,0.20889898639832738,1.5822160858671168,shape,1.693140460675295,1.4712917110589385,16,8,4,820800,838400,28,35fae9c65b87c8a6e1b1db5358b6d858e115cd764d839cc4a9a370f702afbcb7,12800,1204000,279
MSREG_medium_a6baeab96e16b0aa,MG1655,2272800,2279200,2276000.0,medium,WIN_medium_a6baeab96e16b0aa,1.581878761990978,6400,0.36599591067830395,1.581878761990978,shape,1.4313637641589874,1.7323937598229686,12,4,2,2264000,2279200,18,45f644a5cb75c0424441a3ccf61afef163d54b1571ef138e8d3c0d8317091eaf,6400,1208800,280
MSREG_small_eab99793ed4adbcd,MG1655,1175600,1178800,1177200.0,small,WIN_small_eab99793ed4adbcd,1.5814217420569028,3200,0.5684637483681645,1.5814217420569028,shape,1.8471612005780302,1.315682283535775,4,2,1,1164800,1178800,7,cecc60f5c15abdfe44a6603a39792a6b6c3fd56090fa2522bbb36b510074e854,3200,1210400,281
MSREG_small_a6f609fceb87db5e,MG1655,2786000,2789200,2787600.0,small,WIN_small_a6f609fceb87db5e,1.5800070970474707,3200,0.3832912914923362,1.5800070970474707,shape,1.1781544196194547,1.9818597744754864,5,3,2,2785600,2800000,10,330728e6ea5cf3964d0b6b6b64d55eb1d165701077c643928771d6166a9c26d6,3200,1212400,282
MSREG_small_e3781551fdbe37d1,MG1655,1312000,1315200,1313600.0,small,WIN_small_e3781551fdbe37d1,1.578881979292265,3200,0.3040619888279602,1.578881979292265,shape,1.7679799545304054,1.389784004054125,6,2,0,1311200,1318400,8,831a7de4168c788a2e5b2dd6307c6191079b7735aad51c24ca09e52c432a5f9e,3200,1214800,283
MSREG_small_60c27885e5f175a6,MG1655,1442400,1445600,1444000.0,small,WIN_small_60c27885e5f175a6,1.5769269426950614,3200,0.37392196757732954,1.5769269426950614,shape,1.1719941109146361,1.9818597744754864,7,7,7,1433600,1456000,21,b828c2826db8a16052232fa1c99694b4fa3690584b82ee8f9563115765af332f,3200,1218000,284
MSREG_small_8944f47b78080fcf,MG1655,4268800,4272000,4270400.0,small,WIN_small_8944f47b78080fcf,1.5763715786047396,3200,1.5763715786047396,0.0353697951984099,density,1.5918886954747242,1.5608544617347553,7,7,4,4259200,4276800,18,99970f8c34a46c664eb20552b27789850ccb59e93c643411e9270276cd8924ff,3200,1221200,285
MSREG_small_2c491e3402a6b45c,MG1655,696000,699200,697600.0,small,WIN_small_2c491e3402a6b45c,1.5690099501943866,3200,0.5265012787947672,1.5690099501943866,shape,1.8471612005780302,1.290858699810743,7,7,7,686400,708800,21,96e8ebab2cd56e9529f84b7ee73b418392ac2d99199ee5dd9fc15468ea28831d,3200,1224400,286
MSREG_small_2ecd3d04842ad952,MG1655,3988000,3991200,3989600.0,small,WIN_small_2ecd3d04842ad952,1.5684744450131238,3200,1.5684744450131238,0.10132350392890022,density,1.5608544617347553,1.5760944282914922,4,2,1,3988000,4001600,7,0f8587d221aa0db072fa6f85c46d8785b44e1e0a09b3fc8244c09ea29ddb2ba8,3200,1226000,287
MSREG_large_a8f8e98196078a73,MG1655,3456000,3468800,3462400.0,large,WIN_large_a8f8e98196078a73,1.568201724066995,12800,0.08215818765561482,1.568201724066995,shape,1.2671717284030137,1.8692317197309762,31,15,7,3451200,3473600,53,3c47382b9aae1fde470fdae10a29ce4cffe795d6417aba473958e3b9376b4be3,12800,1238800,288
MSREG_large_3aac8bec5b9b34a7,MG1655,4281600,4294400,4288000.0,large,WIN_large_3aac8bec5b9b34a7,1.568201724066995,12800,0.09477609936365153,1.568201724066995,shape,0.9661417327390326,2.1702617153949575,31,15,6,4278400,4299200,52,cbee07a82704b01542eb5e1d64c627555f0df7f472aa9ee903bf3bbe47270e92,12800,1251600,289
MSREG_small_45d3eadc99a35282,MG1655,1708800,1712000,1710400.0,small,WIN_small_45d3eadc99a35282,1.5642372912412714,3200,0.31230988954110317,1.5642372912412714,shape,1.3604946279521375,1.7679799545304054,7,2,0,1706400,1713600,9,320b1a4a0288381582dd9146efb552e78492b541829e12f34e321a763c5aa759,3200,1254800,290
MSREG_small_a314ba884488a7c3,MG1655,1192800,1196000,1194400.0,small,WIN_small_a314ba884488a7c3,1.5611128166027706,3200,0.2673802773816899,1.5611128166027706,shape,2.0232524596337114,1.0989731735718298,7,7,8,1182400,1206400,22,01b6d14fec1e4711d6c9f75e629c6d62f0e92d8c93829a84afd74a56d1c9f48d,3200,1258000,291
MSREG_small_7abe51109e40d40d,MG1655,4414800,4418000,4416400.0,small,WIN_small_7abe51109e40d40d,1.5611128166027706,3200,1.5611128166027706,0.03202728834643592,density,1.546131204914049,1.5760944282914922,7,8,8,4404800,4428800,23,0bc104792445cf513c9fa66ff70daa35ad2de02cb3e996d768104ef305ad9f84,3200,1261200,292
MSREG_small_ddad769541101a46,MG1655,1864000,1867200,1865600.0,small,WIN_small_ddad769541101a46,1.5611128166027706,3200,0.2716091278542541,1.5611128166027706,shape,2.0232524596337114,1.0989731735718298,7,7,1,1859200,1872000,15,1c88f0498eb3816e5dc69b7a0fec349c7b34881b694bf2f12b8d2966465c71d1,3200,1264400,293
MSREG_small_64c8690bab023e88,MG1655,3268800,3272000,3270400.0,small,WIN_small_64c8690bab023e88,1.5611128166027706,3200,1.5611128166027706,0.027837160097259735,density,1.546131204914049,1.5760944282914922,3,0,0,3268000,3272000,3,1c8d6b12f5a8fca3105d5ace54e9b15d4cf993ddc9223c67b003b9fe86548cc7,3200,1265200,294
MSREG_small_347a59ebbcf4b94e,MG1655,2640000,2643200,2641600.0,small,WIN_small_347a59ebbcf4b94e,1.5611128166027706,3200,1.5611128166027706,0.071908420291251,density,1.546131204914049,1.5760944282914922,7,7,5,2630400,2649600,19,a71e3be133c175afeb806175afa20ec07691ab17c3cb5f463276c6b619057e2b,3200,1268400,295
MSREG_small_91687fe9754daed2,MG1655,3483600,3486800,3485200.0,small,WIN_small_91687fe9754daed2,1.5608544617347553,3200,1.5608544617347553,0.027837160097259735,density,1.5608544617347553,1.5608544617347553,4,2,1,3473600,3486800,7,00524c74d3c8ecc74395461259ecc903fb41e269a32c03b1ba00c0d3dcb0fbf6,3200,1270000,296
MSREG_small_e25a31e3ac4700ee,MG1655,4470400,4473600,4472000.0,small,WIN_small_e25a31e3ac4700ee,1.559310754468358,3200,0.37270706331583203,1.559310754468358,shape,1.9818597744754864,1.1367617344612295,4,0,0,4469200,4473600,4,d7a67532c2c482070fa70fa879d5a33fd6dd599f3a01bf6c1543fe481bc10896,3200,1271600,297
MSREG_small_5debe0087248064d,MG1655,3801200,3804400,3802800.0,small,WIN_small_5debe0087248064d,1.5585429967765652,3200,1.5585429967765652,0.028715856364516158,density,1.6253124509616739,1.4917735425914564,7,8,8,3790400,3814400,23,1f855dd160550a9a7d0ed68f9201db7f6b5a3cf2b47b150909d5742e505c8b3e,3200,1274800,298
MSREG_small_d0b5d25c46133d87,MG1655,1941200,1944400,1942800.0,small,WIN_small_d0b5d25c46133d87,1.555750883906884,3200,0.513378693364854,1.555750883906884,shape,1.410468602913976,1.7010331648997923,2,0,0,1940800,1944400,2,1f95b7757d8cc62af46c1f0d3304ee851307704d7558b92209d4ba22a0ecec78,3200,1275200,299
MSREG_small_143fe6ef4fce6286,MG1655,429600,432800,431200.0,small,WIN_small_143fe6ef4fce6286,1.5534928333244022,3200,1.5534928333244022,0.04989421210421733,density,1.546131204914049,1.5608544617347553,7,7,8,419200,443200,22,5c591292c5bdb7d5e9c72651b282f4eef1f8bfc4857b105da43bc2b2ef953b18,3200,1278400,300
MSREG_small_48bafae9902d4c27,MG1655,1232400,1235600,1234000.0,small,WIN_small_48bafae9902d4c27,1.5524967433165098,3200,0.7290605754443475,1.5524967433165098,shape,1.4434688630169012,1.6615246236161185,7,8,5,1222400,1241600,20,92f83cc8e28dad2d7511b88d2c6277836d1a3c28d1f640d0724b40929a753523,3200,1281600,301
MSREG_small_fc6e335d2121aa4e,MG1655,734400,737600,736000.0,small,WIN_small_fc6e335d2121aa4e,1.5510111235586272,3200,0.007473905172884841,1.5510111235586272,shape,1.078769787483543,2.0232524596337114,4,2,1,734400,747200,7,3c677c95ac7fe0b9031e401096142c6e5e178af4695aa6ca642e3bcc910c3d42,3200,1283200,302
MSREG_medium_0c90ab16054fbc5c,MG1655,326400,332800,329600.0,medium,WIN_medium_0c90ab16054fbc5c,1.5474381172870715,6400,0.060920396943604946,1.5474381172870715,shape,1.4593924877592308,1.6354837468149122,12,3,0,324800,332800,15,8cf53a8dd2f034cb1f89fec03aa6b71867185669fa5376c30c7eeeb4a856a306,6400,1288000,303
MSREG_small_c6360e5f2e88b79f,MG1655,2736800,2740000,2738400.0,small,WIN_small_c6360e5f2e88b79f,1.546131204914049,3200,1.546131204914049,0.024557519778176558,density,1.546131204914049,1.546131204914049,2,0,0,2736800,2740400,2,7ef51fe062afe77769379051bcdb7c032d5ce3de12293925b35477b67ecbee1e,3200,1288400,304
MSREG_small_e7c1479e3eb9facd,MG1655,481200,484400,482800.0,small,WIN_small_e7c1479e3eb9facd,1.5456491908627406,3200,0.6167256373801553,1.5456491908627406,shape,1.6808297788115052,1.410468602913976,7,8,8,470400,494400,23,bf24a4f61516e940a895d001177042f7a82098ad88112022c618f7eb7083b403,3200,1291600,305
MSREG_small_1447d1c18a950bdd,MG1655,2269600,2272800,2271200.0,small,WIN_small_1447d1c18a950bdd,1.5418311190330902,3200,1.5418311190330902,0.02346971552072031,density,1.5918886954747242,1.4917735425914564,7,6,1,2262400,2276000,14,7441a3ee596bd2272023d23d00d297d3e6f6c3f224359947415cdc4b260733ef,3200,1294800,306
MSREG_small_c660e6f2280d68fc,MG1655,3143200,3146400,3144800.0,small,WIN_small_c660e6f2280d68fc,1.5418311190330902,3200,0.9246949190900784,1.5418311190330902,shape,1.5918886954747242,1.4917735425914564,7,7,8,3132800,3156800,22,bdabeef2890f07317e85505f2038f6a593c546340bc80aa0c2b8e15d8bc6d1d6,3200,1298000,307
MSREG_medium_cd921bd5db6d9880,MG1655,4080000,4086400,4083200.0,medium,WIN_medium_cd921bd5db6d9880,1.5417233863966806,6400,1.5417233863966806,0.119951280423863,density,1.594091061656687,1.4893557111366742,15,7,7,4072000,4094400,29,a25d18f348576ad86901e99eac3c4f662b527c4cd9af94b5cf20ec9fb8e0d8aa,6400,1304400,308
MSREG_small_e82a4480b49cc7ba,MG1655,2545200,2548400,2546800.0,small,WIN_small_e82a4480b49cc7ba,1.5404164740236581,3200,0.3904450240122746,1.5404164740236581,shape,1.400003169235811,1.6808297788115052,4,2,0,2540800,2548400,6,ae9214e5112d1f64f74670ef717b69bd82080ef8752ef0a2e7f89148e6e4a37d,3200,1306000,309
MSREG_small_e583ca740188b29e,MG1655,685600,688800,687200.0,small,WIN_small_e583ca740188b29e,1.5401815932641951,3200,0.04830020387828937,1.5401815932641951,shape,0.05711072689467889,3.0232524596337114,7,7,4,680000,697600,18,1e6f014696a4bce4c0a833b30de4f67902f79177eeb938811bd275eb02329472,3200,1309200,310
MSREG_small_914b268c08e94ce7,MG1655,1387200,1390400,1388800.0,small,WIN_small_914b268c08e94ce7,1.539712592561463,3200,0.5496630814374235,1.539712592561463,shape,2.0690099501943866,1.0104152349285394,7,4,2,1377600,1392000,13,c04186bfbd7066d02ae1ea90f94c10a2d947816dd7415612387cbb93040dc060,3200,1312400,311
MSREG_small_cfd73dc48447ec94,MG1655,1922400,1925600,1924000.0,small,WIN_small_cfd73dc48447ec94,1.539010985356744,3200,1.539010985356744,0.05549328475112361,density,1.546131204914049,1.5318907657994387,7,7,3,1913600,1929600,17,10d394c088dd575ff4dc52a0016ab12cbff1769a28cabfbb2a3458cde6d6cafb,3200,1315600,312
MSREG_small_283bd5222d65bd55,MG1655,1293600,1296800,1295200.0,small,WIN_small_283bd5222d65bd55,1.539010985356744,3200,1.539010985356744,0.034256067418354526,density,1.546131204914049,1.5318907657994387,4,2,1,1283200,1296800,7,5edc9b69271e31d23d5e9f1e797eecf3c5a3786d2318efe444ccd861e313a71b,3200,1317200,313
MSREG_small_256b5dc2f7859e9c,MG1655,427600,430800,429200.0,small,WIN_small_256b5dc2f7859e9c,1.539010985356744,3200,1.539010985356744,0.04972562437577339,density,1.546131204914049,1.5318907657994387,5,3,1,417600,431200,9,5efd9e82140fb8ef0da14dc4d0b03c9d15b3f8b26a8cd6de3b6ee9f3b6773496,3200,1319200,314
MSREG_small_4764c9f3f38706d1,MG1655,2722400,2725600,2724000.0,small,WIN_small_4764c9f3f38706d1,1.53553655537908,3200,1.53553655537908,0.0940527453445563,density,1.5918886954747242,1.4791844152834357,6,3,2,2721600,2736000,11,7bc35b56c00661098d968293b182a929e0d2efe0c8d0f34518a2ac24904cb75e,3200,1321600,315
MSREG_small_5d8cc4a3184ef47f,MG1655,127600,130800,129200.0,small,WIN_small_5d8cc4a3184ef47f,1.53553655537908,3200,1.53553655537908,0.030258258269631043,density,1.5918886954747242,1.4791844152834357,4,2,1,127600,140800,7,c8f7e86724a357c5503587e546f5d9d9c022854fbf16b631ad24f7a45a653b0d,3200,1323200,316
MSREG_small_2248731d0c86a21f,MG1655,1499600,1502800,1501200.0,small,WIN_small_2248731d0c86a21f,1.535306891432815,3200,0.26397574993374767,1.535306891432815,shape,1.0887540083901437,1.9818597744754864,4,2,0,1495200,1502800,6,eda26f2b63bfc1e87c0aaeaff065876a9cf6eedde84b5af33e040990ca518205,3200,1324800,317
MSREG_small_27ed462432bad4b2,MG1655,2103200,2106400,2104800.0,small,WIN_small_27ed462432bad4b2,1.5316649236148048,3200,1.5316649236148048,0.03380264196701965,density,1.6082791116628934,1.4550507355667164,7,7,8,2092800,2116800,22,c6aa8ca3e2d8cfccc699a0b32661c14ce30bbd97cb702b9158082ef55d922b76,3200,1328000,318
MSREG_medium_41567cbcd9bfe5dc,MG1655,1612800,1619200,1616000.0,medium,WIN_medium_41567cbcd9bfe5dc,1.5228291059519807,6400,0.04331267096434489,1.5228291059519807,shape,1.3132644520809929,1.7323937598229686,8,4,2,1604800,1619200,14,6f8c9d79705de9b64892050f131442060c570676d96b8a6f3d1189ff3a2157c6,6400,1331200,319
MSREG_small_c5a9dcfa0c5b97a0,MG1655,4505200,4508400,4506800.0,small,WIN_small_c5a9dcfa0c5b97a0,1.5193785706333414,3200,0.2520376954416322,1.5193785706333414,shape,3.0232524596337114,0.22667812642328178,7,8,8,4494400,4518400,23,5cfa7bab6d4b8bb9fb1d6be6fff4f842c9d4151cb7ce1fde71f8e01c857ba783,3200,1334400,320
MSREG_small_9cb1b3c50a6cc10f,MG1655,3883600,3886800,3885200.0,small,WIN_small_9cb1b3c50a6cc10f,1.5189523737527528,3200,1.5189523737527528,0.3226814820368465,density,1.546131204914049,1.4917735425914564,6,3,0,3879200,3887600,9,8d88501a533246f0f34d5edc82c2cf87a67f4137c0783c1442bfdddb4333a9d6,3200,1336800,321
MSREG_small_81e9b584b7c6ed32,MG1655,1338800,1342000,1340400.0,small,WIN_small_81e9b584b7c6ed32,1.5189523737527528,3200,1.5189523737527528,0.03715428147196237,density,1.546131204914049,1.4917735425914564,7,8,8,1328000,1352000,23,9616c983279af30ca6d56a5e13befed6dc1fc1298f2d61fa1c773dfdc7e90e48,3200,1340000,322
MSREG_small_b7e37a0affcd30a8,MG1655,452400,455600,454000.0,small,WIN_small_b7e37a0affcd30a8,1.5183146427776313,3200,0.6107829759194241,1.5183146427776313,shape,1.9818597744754864,1.0547695110797763,7,5,2,450400,465600,14,1edff9014d08b7f6541892f7f52e696561aa008a3110e4508a71b1b3700eafb8,3200,1343200,323
MSREG_small_83f2daa7236440dc,MG1655,316400,319600,318000.0,small,WIN_small_83f2daa7236440dc,1.517890526937825,3200,0.3251074428021279,1.517890526937825,shape,1.410468602913976,1.6253124509616739,7,6,3,305600,322400,16,c0f6a36b8087003a92e8bb4c12777a2288c68890006689a5abde58a78e3fca81,3200,1346400,324
MSREG_small_e157c904aa747419,MG1655,99200,102400,100800.0,small,WIN_small_e157c904aa747419,1.5176787792458128,3200,0.868299041849371,1.5176787792458128,shape,1.7444988586808825,1.290858699810743,7,6,1,92800,105600,14,bfba26e9d44c258ecf6f66c19d160059c0331d1a53a05b2cdb03d3f2e6ceb1f6,3200,1349600,325
MSREG_small_bca0b8ad599f929d,MG1655,4274400,4277600,4276000.0,small,WIN_small_bca0b8ad599f929d,1.516412610988115,3200,0.4609840454830728,1.516412610988115,shape,1.6430412179221054,1.389784004054125,5,2,0,4270400,4278000,7,51aca4009b85e7d93bb1ad1c634a15264b15bc16139a39a4b2d17f197e650a3f,3200,1351600,326
MSREG_small_daf7f1cf5ef0e616,MG1655,3707200,3710400,3708800.0,small,WIN_small_daf7f1cf5ef0e616,1.5126578100987422,3200,1.5126578100987422,0.031805369838667726,density,1.546131204914049,1.4791844152834357,4,2,1,3707200,3720000,7,1ccc6f282b9e31987b4b2f55c1689d8e84a14c6c6b03ddbd5d16360323bd4d3a,3200,1353200,327
MSREG_small_8ee456030b95a3dd,MG1655,4017200,4020400,4018800.0,small,WIN_small_8ee456030b95a3dd,1.5118321541954476,3200,1.5118321541954476,0.5819901906562712,density,1.4917735425914564,1.5318907657994387,7,4,2,4006400,4021600,13,367ac54dfc0d3e7d40fc6c58a42d8e4dce13c73e3c6fe08b38c0f52afe3cb5c7,3200,1356000,328
MSREG_small_11bbba4fdefd6731,MG1655,4075200,4078400,4076800.0,small,WIN_small_11bbba4fdefd6731,1.5118321541954476,3200,1.5118321541954476,0.1636249445772048,density,1.4917735425914564,1.5318907657994387,7,7,4,4065600,4083200,18,f6194cef049de3fe211e7e21957343142fe27ad340b6b85c8a06802c9b7c3bfd,3200,1359200,329
MSREG_large_18be99f9aee56efa,MG1655,465600,478400,472000.0,large,WIN_large_18be99f9aee56efa,1.5091520680279977,12800,0.18578687490428608,1.5091520680279977,shape,1.3251636753807006,1.693140460675295,28,12,3,465600,481600,43,24a44a323778639737bf5978a37efa41d2adfda974a87757c60ba21956ffed6d,12800,1370400,330
MSREG_small_f3e6ccc66a12abef,MG1655,3512000,3515200,3513600.0,small,WIN_small_f3e6ccc66a12abef,1.5089668332874426,3200,0.6938652992115331,1.5089668332874426,shape,2.245101209250068,0.7728324573248175,7,6,5,3505600,3524800,18,fb3e47948e2923093ca5457ee0b6223d18dd244bf4a9bec4a0f5bbb30d83b448,3200,1373600,331
MSREG_small_a65abe69bc0249dc,MG1655,1250800,1254000,1252400.0,small,WIN_small_a65abe69bc0249dc,1.506741737292256,3200,0.29380064391680216,1.506741737292256,shape,1.9093091073268746,1.1041743672576376,7,5,0,1248800,1258400,12,d5d8a84cf3b7b9ed906c5a45f3536af800769b0970e5ecde4597c40e117339a4,3200,1376800,332
MSREG_small_34cdcecae1fdf402,MG1655,3534400,3537600,3536000.0,small,WIN_small_34cdcecae1fdf402,1.504738519755824,3200,1.504738519755824,0.0355871140612813,density,1.504738519755824,1.504738519755824,4,2,1,3534400,3547200,7,e9afbe48637f89fcc7a81e75b2dad217813ce0fdbdab77c1aa9e4648842d23cd,3200,1378400,333
MSREG_small_070d0128101d23de,MG1655,2740800,2744000,2742400.0,small,WIN_small_070d0128101d23de,1.5017679229371215,3200,0.4940394474052088,1.5017679229371215,shape,2.245101209250068,0.758434636624175,5,2,1,2740400,2753600,8,659a00cc82c39689eadcea9ed33fc99d3c46f332681d99e00084f8950685abde,3200,1380400,334
MSREG_large_6ab0be11655b79aa,MG1655,3224000,3236800,3230400.0,large,WIN_large_6ab0be11655b79aa,1.4990503749838542,12800,0.063051745747089,1.4990503749838542,shape,0.8278390345727511,2.1702617153949575,20,10,5,3222400,3241600,35,90cb6c8a6de99e55160d34cf3343db69e91b68a55c3f6448e9adf004a8bbeb4a,12800,1388400,335
MSREG_small_1186bd4d8fc24dbb,MG1655,4116000,4119200,4117600.0,small,WIN_small_1186bd4d8fc24dbb,1.4917735425914564,3200,1.4917735425914564,0.06188973063708146,density,1.4917735425914564,1.4917735425914564,7,7,8,4105600,4129600,22,9afac3b182e98e5f4a02ffbc8644f2d8303df517bd0834e6d1e52671d4b95db5,3200,1391600,336
MSREG_medium_44d38e87e24ca9a2,MG1655,1748000,1754400,1751200.0,medium,WIN_medium_44d38e87e24ca9a2,1.4904664411336532,6400,0.04665346364260253,1.4904664411336532,shape,1.4593924877592308,1.5215403945080754,15,7,8,1739200,1763200,30,8ff6289ac8ce86e0d348ea9359b308f8e1bc5eea71d9ee9a994def71cd08dc75,6400,1398000,337
MSREG_small_d81c0d27448fb05c,MG1655,727600,730800,729200.0,small,WIN_small_d81c0d27448fb05c,1.4902759694767767,3200,0.0083121098407749,1.4902759694767767,shape,1.9440712135860867,1.0364807253674666,7,7,4,716800,734400,18,46c3b78488cac953b53795dec9e30df8d4d98b01c3c7778fd564842790d39515,3200,1401200,338
MSREG_medium_a2002fab7ad0b632,MG1655,3396000,3402400,3399200.0,medium,WIN_medium_a2002fab7ad0b632,1.4871511516841465,6400,0.5980755264923248,1.4871511516841465,shape,1.6812412373755872,1.293061065992706,13,4,2,3395600,3411200,19,87c3a3b4ebb296b06d6f5ef3dc4cd9d682a87f7e1322bfa46b80413583af899f,6400,1406400,339
MSREG_small_7e2f8ec9919821da,MG1655,3598400,3601600,3600000.0,small,WIN_small_7e2f8ec9919821da,1.485478978937446,3200,1.485478978937446,0.032693047110391296,density,1.4917735425914564,1.4791844152834357,4,2,1,3588800,3601600,7,72c0441531db5812b4e8a102839efd6b5544bf58ec60d7864923236d1534ee38,3200,1408000,340
MSREG_small_cf3dedf49e94ebe0,MG1655,630000,633200,631600.0,small,WIN_small_cf3dedf49e94ebe0,1.485478978937446,3200,1.485478978937446,0.03895168657330415,density,1.4917735425914564,1.4791844152834357,7,8,8,619200,643200,23,73fb77cb7dd5bff16f72a7a29289c6adee469a4adc20f3da2aae182b1822d84b,3200,1411200,341
MSREG_small_e52c65c516c97e78,MG1655,736400,739600,738000.0,small,WIN_small_e52c65c516c97e78,1.483661836609899,3200,0.010626159899908914,1.483661836609899,shape,1.546131204914049,1.421192468305749,5,3,2,736000,750400,10,ece6abf6f04c0fa479a7af25582581dee5373d96e6fab7b13d25f9477c08b54d,3200,1413200,342
MSREG_small_974862bec5f1a0c3,MG1655,3326400,3329600,3328000.0,small,WIN_small_974862bec5f1a0c3,1.4807856721653534,3200,1.4807856721653534,0.039401266942908714,density,1.5181024813138055,1.4434688630169012,4,4,2,3324800,3339200,10,b658b4d3af97026d009ce0e28b7fe1ec284bc255ac2141acc9ed851b367d1af5,3200,1414800,343
MSREG_large_3ad3a5be063f324b,MG1655,3585600,3598400,3592000.0,large,WIN_large_3ad3a5be063f324b,1.4801560945391543,12800,0.1408969050190974,1.4801560945391543,shape,1.2671717284030137,1.693140460675295,31,14,5,3580800,3600000,50,a15da40564294384c5f6af571be84778c3961e41a4dddb1d949c933230610bf6,12800,1427600,344
MSREG_small_3adb5074807f8aaf,MG1655,102400,105600,104000.0,small,WIN_small_3adb5074807f8aaf,1.4793617507289403,3200,1.4793617507289403,0.11822496006132967,density,1.4917735425914564,1.4669499588664243,4,0,0,101200,105600,4,b8e43bfbd36e227b36a6db197b23d2cf7999422a41388b1ae0a61c45dbeee765,3200,1429200,345
MSREG_small_d274d07f5b7f007f,MG1655,230800,234000,232400.0,small,WIN_small_d274d07f5b7f007f,1.4793617507289403,3200,0.5579613110310624,1.4793617507289403,shape,1.6430412179221054,1.315682283535775,7,8,8,220800,244800,23,c6874a2006c449b170b0ce17ce8b566992363297b52b967b065add5f908bef10,3200,1432400,346
MSREG_small_6ab83ca2c93b8f9e,MG1655,2614800,2618000,2616400.0,small,WIN_small_6ab83ca2c93b8f9e,1.4779471057195082,3200,0.37590914749398985,1.4779471057195082,shape,1.078769787483543,1.8771244239554734,7,8,5,2604800,2624000,20,a1ab2330fe4d9e7cbe1af6a94e7b5fb8335d670c36097b07d38eb339071f9657,3200,1435600,347
MSREG_small_b3a6f35a8c1ad39a,MG1655,4379200,4382400,4380800.0,small,WIN_small_b3a6f35a8c1ad39a,1.476541617052594,3200,1.476541617052594,0.415037544195586,density,1.421192468305749,1.5318907657994387,7,7,7,4369600,4392000,21,7db888909c37144ac21b006a9d5f18f1a06338637546923fa045dd018a22aac2,3200,1438800,348
MSREG_medium_9720ac0560f3e3b6,MG1655,2104800,2111200,2108000.0,medium,WIN_medium_9720ac0560f3e3b6,1.475410603759385,6400,1.475410603759385,0.07438400206861848,density,1.594091061656687,1.356730145862083,12,4,2,2104800,2120000,18,a8ff064e365c7bf7e511625cdb3fb7c424eb143a1db4eff30fb05144f121ce7e,6400,1443600,349
MSREG_small_96063a9b433ba6a5,MG1655,1916000,1919200,1917600.0,small,WIN_small_96063a9b433ba6a5,1.475145166960509,3200,0.3794075676656738,1.475145166960509,shape,0.8301278612792499,2.120162472641768,7,6,0,1912800,1923200,13,2be0c7010e487bd879eac4555300a1f0f9831fae301ee1495bd5240cb3255c75,3200,1446800,350
MSREG_medium_5aee5f2b276f152d,MG1655,1478400,1484800,1481600.0,medium,WIN_medium_5aee5f2b276f152d,1.4743740994479526,6400,0.0410911964394854,1.4743740994479526,shape,1.4593924877592308,1.4893557111366742,15,7,7,1470400,1492800,29,88d85a935f60ab5984f33f80d060f74199e4cad5a766a351dad91f49c72b7f4e,6400,1453200,351
MSREG_small_10e79367677e6a4d,MG1655,4176400,4179600,4178000.0,small,WIN_small_10e79367677e6a4d,1.4741036913863628,3200,1.4741036913863628,0.02216856448955189,density,1.504738519755824,1.4434688630169012,4,2,1,4166400,4179600,7,3776fbb0cc881d219cefef7e763563b3b1c2ff278962638442da29a02656f9e6,3200,1454800,352
MSREG_small_3f079494be9b0ca7,MG1655,937200,940400,938800.0,small,WIN_small_3f079494be9b0ca7,1.4734121390790864,3200,1.4734121390790864,0.03447113066618961,density,1.4917735425914564,1.4550507355667164,7,8,5,931200,950400,20,0890ba43a2fe8b922196dea0c9df790799e1969ff0a2207fcb18baa9fc322d19,3200,1458000,353
MSREG_small_58221bf5792c2bad,MG1655,756000,759200,757600.0,small,WIN_small_58221bf5792c2bad,1.4730671870749301,3200,0.5333144493837001,1.4730671870749301,shape,2.0690099501943866,0.8771244239554734,7,7,8,745600,769600,22,0794c9c9a9b306096d92651d951926638a39861c497855e496c7064db4ce3cf9,3200,1461200,354
MSREG_small_b3b3ef9a9a40b359,MG1655,3804400,3807600,3806000.0,small,WIN_small_b3b3ef9a9a40b359,1.4730671870749301,3200,1.4730671870749301,0.03204469888111934,density,1.546131204914049,1.400003169235811,7,4,2,3803200,3817600,13,8b46de40e33a4f5db2caf4abfe85226094bbb439a84c125872be8f84fc27768b,3200,1464400,355
MSREG_small_38130989fc36fe9c,MG1655,2053200,2056400,2054800.0,small,WIN_small_38130989fc36fe9c,1.47306718707493,3200,0.5354538483733375,1.47306718707493,shape,2.0232524596337114,0.9228819145161485,7,8,4,2043200,2060800,19,5958f190cc033c033b7d70735c1f2a9be9776888b6b88a52ce12b3365bdecf8c,3200,1467600,356
MSREG_small_5f7bfc25caec9b47,MG1655,1678000,1681200,1679600.0,small,WIN_small_5f7bfc25caec9b47,1.4696474748097774,3200,0.35210429851922853,1.4696474748097774,shape,1.421192468305749,1.5181024813138055,4,2,1,1667200,1681200,7,cf02c1a62e32aab3871ea80063c8084fd3c9ed2998f8bbdb34bbff0b7d1e33f1,3200,1469200,357
MSREG_small_f11a54ba730e01a1,MG1655,2488000,2491200,2489600.0,small,WIN_small_f11a54ba730e01a1,1.468463186181518,3200,0.2962372766315806,1.468463186181518,shape,1.9818597744754864,0.9550665978875499,7,7,7,2478400,2500800,21,86f61a05b60d2c8f686aeaf8797bfb8ecbf649f145cbacaf46e15503c00f9834,3200,1472400,358
MSREG_small_99c416b122e9cd4e,MG1655,3866000,3869200,3867600.0,small,WIN_small_99c416b122e9cd4e,1.4676212028041788,3200,1.4676212028041788,0.05361766646434585,density,1.4917735425914564,1.4434688630169012,4,2,0,3866000,3873600,6,e9285487e9decbe478f068448a89b39a356fbd04a9918f094fcf500bfa63ebd4,3200,1474000,359
MSREG_medium_1aee286a3752ddc3,MG1655,1589600,1596000,1592800.0,medium,WIN_medium_1aee286a3752ddc3,1.4672538798906474,6400,0.020062665316428016,1.4672538798906474,shape,1.1441220529806395,1.7903857068006552,15,7,7,1582400,1604800,29,e5f3924015380746b4786b587823c3bfcde47ef4a55a1628e4a935ecdcbf099a,6400,1480400,360
MSREG_small_bc69e939fc211c1c,MG1655,3932800,3936000,3934400.0,small,WIN_small_bc69e939fc211c1c,1.467117575425076,3200,1.467117575425076,0.049442485528419455,density,1.4550507355667164,1.4791844152834357,4,2,1,3923200,3936000,7,05a16a6319c54a34e1552be45dcb2a3c71703e2f5145afb6f093a5f8c60a40f7,3200,1482000,361
MSREG_small_0883d9bbb9fc0510,MG1655,3913600,3916800,3915200.0,small,WIN_small_0883d9bbb9fc0510,1.4619806975993344,3200,1.4619806975993344,0.12733698579629338,density,1.4321878526072123,1.4917735425914564,2,0,0,3913200,3916800,2,2508d81f788cf10148fafd0b162efd15a680f05dbaed86de0bc5c25fc20ef27d,3200,1482400,362
MSREG_small_cca1b97cf7b3d2f1,MG1655,3862800,3866000,3864400.0,small,WIN_small_cca1b97cf7b3d2f1,1.4619806975993344,3200,1.4619806975993344,0.03625697754658663,density,1.4917735425914564,1.4321878526072123,4,2,1,3852800,3866000,7,d62e1f3699f46b869d6e50c3198b6d39e7a0c9da5ccfcb69a131016d0c2e5802,3200,1484000,363
MSREG_small_46ef2936459ac11a,MG1655,195600,198800,197200.0,small,WIN_small_46ef2936459ac11a,1.4613266391501685,3200,1.4613266391501685,0.06565177169853251,density,1.4791844152834357,1.4434688630169012,7,4,2,185600,200000,13,1abcbea4a23bc309d05d6c8f19d98ff272da1b71211d4a503fa0e5656832b70b,3200,1487200,364
MSREG_small_2ef2871631bf7207,MG1655,3772800,3776000,3774400.0,small,WIN_small_2ef2871631bf7207,1.4610003472165705,3200,1.082845663493316,1.4610003472165705,shape,1.1540207399027353,1.7679799545304054,7,7,5,3766400,3785600,19,50148bd5ce2c37c77b3d06f151999fd6e0092dd5b095fdb0d2edae908aa88321,3200,1490400,365
MSREG_small_174699799ba3bdde,MG1655,120400,123600,122000.0,small,WIN_small_174699799ba3bdde,1.457764113830903,3200,1.457764113830903,0.04463084596489278,density,1.6082791116628934,1.3072491159989124,4,2,1,110400,123600,7,6a954a02e90c4f0c50a455ca6f851126d7bcda3cd79015235e2f71c51e14d767,3200,1492000,366
MSREG_small_7aea722bde7eea2d,MG1655,55600,58800,57200.0,small,WIN_small_7aea722bde7eea2d,1.456962535803843,3200,0.6415384628522429,1.456962535803843,shape,1.6615246236161185,1.2524004479915674,7,8,8,44800,68800,23,d9e7576409560460ba26de725fa85832b79aacc74e4b5a4ae0106f991699c392,3200,1495200,367
MSREG_small_64b1ea0f8548ce7d,MG1655,4184400,4187600,4186000.0,small,WIN_small_64b1ea0f8548ce7d,1.455686133945324,3200,1.455686133945324,0.9371261834218674,density,1.4321878526072123,1.4791844152834357,4,0,0,4183200,4187600,4,7267891509a00fdccb49f1a3e8a9bf673b590720479d03fb40e4796be7d1dd50,3200,1496800,368
MSREG_small_3a7994991a80791c,MG1655,460800,464000,462400.0,small,WIN_small_3a7994991a80791c,1.455209410941663,3200,1.455209410941663,0.09408042561916864,density,1.4669499588664243,1.4434688630169012,7,4,0,456800,465600,11,0642ef89f88ebe641b246c011337c01c25da216a3d2a6d5d1cca063fe6014889,3200,1500000,369
MSREG_small_990e16b5bf1ebd0c,MG1655,853200,856400,854800.0,small,WIN_small_990e16b5bf1ebd0c,1.455209410941663,3200,0.211008278376987,1.455209410941663,shape,1.4669499588664243,1.4434688630169012,7,8,8,843200,867200,23,448d551de43033f1bcff46a8d504322ecd712ffcce85fd554ce16613a50bbcb5,3200,1503200,370
MSREG_medium_6518576628f7c007,MG1655,503200,509600,506400.0,medium,WIN_medium_6518576628f7c007,1.4546198288061158,6400,0.2912515882605481,1.4546198288061158,shape,1.6354837468149122,1.2737559107973193,15,7,8,494400,518400,30,7a6d2416ceedc137b4dfbd1fac4a42350fd8c214d20f89be1d86f0606fd101ae,6400,1509600,371
MSREG_large_7a3d50c8c4e74980,MG1655,4590400,4603200,4596800.0,large,WIN_large_7a3d50c8c4e74980,1.4545798333154636,12800,0.20417709243456128,1.4545798333154636,shape,1.693140460675295,1.2160192059556325,31,15,7,4585600,4608000,53,fec700c532923ff34cd20e5f9840c4e4e12c990f16ceadcbcdaa10b068ec4b64,12800,1522400,372
MSREG_small_ecf61048e196f251,MG1655,4468000,4471200,4469600.0,small,WIN_small_ecf61048e196f251,1.452214229097069,3200,0.7284563626048106,1.452214229097069,shape,1.7444988586808825,1.1599295995132555,4,0,0,4467600,4472000,4,791d908f45eb7496b1fefefbedd4106b5053a816cf2f59200258fdc30e23676d,3200,1523600,373
MSREG_small_8e7054f45b7984cf,MG1655,773600,776800,775200.0,small,WIN_small_8e7054f45b7984cf,1.4511210727527162,3200,1.4511210727527162,0.030258258269631043,density,1.4917735425914564,1.410468602913976,4,2,1,773600,787200,7,f627fe3f26351ee06f124b8c3a0a8130e8cdb76a7f67c92d9b9f1aa3e4c5b023,3200,1525200,374
MSREG_small_b0c99bcf2f0f8c2b,MG1655,4398400,4401600,4400000.0,small,WIN_small_b0c99bcf2f0f8c2b,1.4492597992918088,3200,1.4492597992918088,0.05665768091804357,density,1.4434688630169012,1.4550507355667164,4,4,2,4388800,4403200,10,4847c7181f269d9c64ec3187e4e2940661f418d5cc7aa681a2d763e0f1576eee,3200,1526800,375
MSREG_small_6bc0575dce7ca070,MG1655,2884800,2888000,2886400.0,small,WIN_small_6bc0575dce7ca070,1.4472612619049745,3200,0.21911516790852353,1.4472612619049745,shape,1.9818597744754864,0.9126627493344625,7,7,4,2880000,2897600,18,94779a716fe34eeecd5c1c26f5fe3cc463930cc546213a7076f0b6c6632c680b,3200,1530000,376
MSREG_small_22a87eae65b517c5,MG1655,3631600,3634800,3633200.0,small,WIN_small_22a87eae65b517c5,1.4469554206699766,3200,1.4469554206699766,0.02368784173822429,density,1.5608544617347553,1.3330563796051977,7,8,5,3620800,3640000,20,51cf65227ae72f417a597bcbfc64b78756eac6560bedebdb3b79db01cd1dc0d1,3200,1533200,377
MSREG_medium_ab2e46bfcfa47baf,MG1655,1600000,1606400,1603200.0,medium,WIN_medium_ab2e46bfcfa47baf,1.4453781259591092,6400,0.0890041840965866,1.4453781259591092,shape,1.9365137424788934,0.9542425094393249,15,7,6,1593600,1614400,28,66535391df70798486bf252a56207bca15f011c12638d20b0031cab78b052b43,6400,1539600,378
MSREG_small_d8a3a68ae6eeda17,MG1655,1503200,1506400,1504800.0,small,WIN_small_d8a3a68ae6eeda17,1.4440712135860867,3200,0.472826046305061,1.4440712135860867,shape,1.421192468305749,1.4669499588664243,5,2,0,1502800,1510400,7,b0cf2b5a7a743fe9919d7c08c0d1da318e440abca5b1fdcb721284a4d7910e0f,3200,1541600,379
MSREG_small_61e66b0d9aabad21,MG1655,3344000,3347200,3345600.0,small,WIN_small_61e66b0d9aabad21,1.4436192940869643,3200,1.4436192940869643,0.3282231733924549,density,1.4321878526072123,1.4550507355667164,4,4,2,3334400,3348800,10,bd16901f03f0b4dbc4a72855df281372e0cb887c901b3f132cee7fc3f0744c22,3200,1543200,380
MSREG_small_43b8c24f44bfc48c,MG1655,2257600,2260800,2259200.0,small,WIN_small_43b8c24f44bfc48c,1.4436192940869643,3200,1.4436192940869643,0.02630409201821108,density,1.4321878526072123,1.4550507355667164,1,0,0,2257600,2260800,1,e6f9d75bd3eb808b805be99e9588f5d3d0f93f41a2f376cd0ceef9fc7f1db3b5,3200,1543200,381
MSREG_small_f082045020590cec,MG1655,3449200,3452400,3450800.0,small,WIN_small_f082045020590cec,1.4387092808902002,3200,1.0147357899843215,1.4387092808902002,shape,1.4669499588664243,1.410468602913976,7,4,2,3448000,3462400,13,469269741b840cb4c8008968a90ca486e6ad15a7b2ba9a16616526910f530985,3200,1546000,382
MSREG_small_0f1ff37a3aaadfda,MG1655,4252800,4256000,4254400.0,small,WIN_small_0f1ff37a3aaadfda,1.4378283578120568,3200,1.4378283578120568,0.11529896129745638,density,1.4434688630169012,1.4321878526072123,7,4,2,4251200,4265600,13,544172def83f2892bd0a02f046859f5dc319b46c0c2b681ff22f8abf685f3b7e,3200,1549200,383
MSREG_small_2d8ad4e235f38fa9,MG1655,3072400,3075600,3074000.0,small,WIN_small_2d8ad4e235f38fa9,1.432330665661325,3200,1.432330665661325,0.028058166086016526,density,1.421192468305749,1.4434688630169012,4,2,1,3072400,3086400,7,67b6be060b08a91915aac93f17437430df920211bc1ed919275125603df5e75d,3200,1550800,384
MSREG_small_4540acba4b0948ea,MG1655,934400,937600,936000.0,small,WIN_small_4540acba4b0948ea,1.432330665661325,3200,1.432330665661325,0.2230862542768349,density,1.421192468305749,1.4434688630169012,7,3,0,930400,938800,10,c0e914d213e8f8bf92bfe7fabcd43adbee2b23204791c21ff3336a214da1e602,3200,1553600,385
MSREG_small_1e224b860da21373,MG1655,2753200,2756400,2754800.0,small,WIN_small_1e224b860da21373,1.4321878526072123,3200,1.4321878526072123,0.041210369933394164,density,1.4321878526072123,1.4321878526072123,7,8,8,2742400,2766400,23,052f213682cb1d380d01b8ae2e4e86d9c0d3a09021cf8b00aba97311601de6e8,3200,1556800,386
MSREG_small_45f9945b71ae213b,MG1655,3030800,3034000,3032400.0,small,WIN_small_45f9945b71ae213b,1.4283669814602746,3200,0.24841983945205642,1.4283669814602746,shape,1.4669499588664243,1.389784004054125,7,8,6,3020800,3041600,21,ff716cf6da15c932d5af67fd82528e896e669c18ba9fc2ccc6b15df9ebc5b1c3,3200,1560000,387
MSREG_small_34f5e06adcd6edc4,MG1655,932400,935600,934000.0,small,WIN_small_34f5e06adcd6edc4,1.4266901604564808,3200,1.4266901604564808,0.09770006498389253,density,1.421192468305749,1.4321878526072123,5,0,0,931200,936000,5,c452d0ee298c15440e2130be692064aad86c1c07b9183b5a1152c775e0b83f25,3200,1562000,388
MSREG_small_454fbf16d607c3a7,MG1655,91600,94800,93200.0,small,WIN_small_454fbf16d607c3a7,1.4266901604564808,3200,1.4266901604564808,0.05430678712520404,density,1.421192468305749,1.4321878526072123,4,2,0,91600,99200,6,ce8d66794adbc51808aa2cb2a2071078fdacfa0ccaf3ad65a045756e6a9cd75d,3200,1563600,389
MSREG_small_1fd06bd91bd013a2,MG1655,2990400,2993600,2992000.0,small,WIN_small_1fd06bd91bd013a2,1.4266901604564808,3200,1.4266901604564808,0.32070740261435027,density,1.546131204914049,1.3072491159989124,5,2,1,2990000,3003200,8,eac66768d76188b64835356ae5a632901a8da6461c6f29be1326a7aa7a58ef6d,3200,1565600,390
MSREG_small_3cd1a13bfd2b3da9,MG1655,4490000,4493200,4491600.0,small,WIN_small_3cd1a13bfd2b3da9,1.4246121805709018,3200,0.20305298813431993,1.4246121805709018,shape,1.0020631605637733,1.8471612005780302,7,8,8,4480000,4504000,23,c293b863729df2fc79b225dcb3a8021cf569c2b7fd8428cc80a00e63ddb1c456,3200,1568800,391
MSREG_small_1b519e753026f193,MG1655,1926400,1929600,1928000.0,small,WIN_small_1b519e753026f193,1.4224173698104208,3200,0.21538577155696934,1.4224173698104208,shape,1.4550507355667164,1.389784004054125,4,0,0,1925200,1929600,4,b1580d623a2b7f50cc57d827944283a2809c4e0c5dee1f95f3c7456d5fdf6871,3200,1570400,392
MSREG_small_1ca3e13597b01c6e,MG1655,882800,886000,884400.0,small,WIN_small_1ca3e13597b01c6e,1.4217360161263561,3200,0.13397389663024928,1.4217360161263561,shape,1.2673776039612201,1.5760944282914922,6,3,0,882000,890400,9,a77c84778367d078b5cfc2ef8b75a546cbf95a408969b5558cbfa3b9b85b8824,3200,1572800,393
MSREG_small_4a4e49bd5183f65a,MG1655,3882000,3885200,3883600.0,small,WIN_small_4a4e49bd5183f65a,1.421328227760594,3200,1.421328227760594,0.0906578172904518,density,1.4321878526072123,1.410468602913976,4,2,0,3877600,3885200,6,1416e203e9abbd841dec0f07740008d3c8f64d0216b5336a00a37daf4c26d819,3200,1574400,394
MSREG_small_70722f5adf5434b8,MG1655,4024800,4028000,4026400.0,small,WIN_small_70722f5adf5434b8,1.421328227760594,3200,1.421328227760594,0.1822882963821436,density,1.4321878526072123,1.410468602913976,7,4,0,4023200,4032000,11,f71a3a97ac79b206fd54aef11cf0a71d7801dbd38cec8e3b4981cdb9d44b4f20,3200,1577600,395
MSREG_small_ed953d9fa8ed495e,MG1655,1153600,1156800,1155200.0,small,WIN_small_ed953d9fa8ed495e,1.418494952362396,3200,0.5601841740999871,1.418494952362396,shape,1.546131204914049,1.290858699810743,5,1,0,1150400,1157200,6,7dcc15ce47b529b5f7e25760f00ca347278965aa8bc6a8f90eba1e05203132c3,3200,1579600,396
MSREG_small_ddd721fb6b387e95,MG1655,3012800,3016000,3014400.0,small,WIN_small_ddd721fb6b387e95,1.4166264335355132,3200,1.4166264335355132,0.07379666906737917,density,1.4434688630169012,1.389784004054125,7,7,7,3003200,3025600,21,0cf8e1519ebe9e3b1385deed537c8d6b8aec79887a8d774690fc4cb4b6974081,3200,1582800,397
MSREG_small_146833a5202494df,MG1655,4404800,4408000,4406400.0,small,WIN_small_146833a5202494df,1.4158305356098624,3200,1.4158305356098624,0.06829000169745764,density,1.421192468305749,1.410468602913976,4,4,1,4403200,4416000,9,06659c94b162e245636d0748748fb10badd5cf23597b769861b4bdf4df161790,3200,1584400,398
MSREG_small_5512d75ba0dfa420,MG1655,3930000,3933200,3931600.0,small,WIN_small_5512d75ba0dfa420,1.4109859283306685,3200,0.3558155755813458,1.4109859283306685,shape,1.4321878526072123,1.389784004054125,7,4,2,3920000,3934400,13,57ac648dc79e84c106d0b276b1a34074488ad13fa206551e41a995116979fd60,3200,1587200,399
MSREG_small_06be27e6fd465cf5,MG1655,3431200,3434400,3432800.0,small,WIN_small_06be27e6fd465cf5,1.4105978187707802,3200,1.4105978187707802,0.038507228159924856,density,1.421192468305749,1.400003169235811,5,2,1,3420800,3434800,8,e2c8d571e03326aad0f60b9e6842fb58783d4ac56fd2ff50edb5b54701ddef39,3200,1589200,400
MSREG_small_cdd006b73b7bfb4b,MG1655,3782000,3785200,3783600.0,small,WIN_small_cdd006b73b7bfb4b,1.410468602913976,3200,1.410468602913976,0.09256053699772746,density,1.410468602913976,1.410468602913976,7,8,6,3774400,3795200,21,72d8464d359e6e562c356b7066d77a305c63570877ac63b525870ad5ba2c4e80,3200,1592400,401
MSREG_small_403740e5b82de38e,MG1655,3793600,3796800,3795200.0,small,WIN_small_403740e5b82de38e,1.410468602913976,3200,1.410468602913976,0.056440493410955125,density,1.410468602913976,1.410468602913976,7,7,4,3784000,3801600,18,a131e5531da262c0ab9cd47796232d38fb88df3e04d49ae21afe92bb9b04b855,3200,1595600,402
MSREG_small_3c784ce0371b2c15,MG1655,4388000,4391200,4389600.0,small,WIN_small_3c784ce0371b2c15,1.4090522802822092,3200,0.81982063368029,1.4090522802822092,shape,1.351154601697994,1.4669499588664243,7,7,5,4380800,4400000,19,62913009065d4b5e5e8b325d8ca4a921317d5041b3dcf393f718cfd39d879c7b,3200,1598800,403
MSREG_small_dec1054a317720de,MG1655,3036800,3040000,3038400.0,small,WIN_small_dec1054a317720de,1.4080279989445745,3200,0.4748739024143619,1.4080279989445745,shape,1.3242824552976926,1.4917735425914564,7,4,0,3032800,3041600,11,763728b67efb262bba837b89fe25d42646a8c8ee00fab3a7766e539dabc4db9d,3200,1602000,404
MSREG_small_9b362680032a7e67,MG1655,3989600,3992800,3991200.0,small,WIN_small_9b362680032a7e67,1.405488236179937,3200,1.405488236179937,0.12694736827468972,density,1.421192468305749,1.389784004054125,4,2,1,3989600,4003200,7,5f1dad97a286e995ad560ac54132b6435703cd0e6fc82ed32a7811df8baa9d81,3200,1603600,405
MSREG_small_93168e794789ea27,MG1655,559200,562400,560800.0,small,WIN_small_93168e794789ea27,1.4032275735773876,3200,0.2864126482863387,1.4032275735773876,shape,1.6808297788115052,1.12562536834327,7,7,8,548800,572800,22,bf0fb319f27b5d08356e18a13215c701f76830923bc79179a89698266d8b8cab,3200,1606800,406
MSREG_small_d9331cf891c300f9,MG1655,1242400,1245600,1244000.0,small,WIN_small_d9331cf891c300f9,1.4014854087176805,3200,0.36611866031935025,1.4014854087176805,shape,1.6430412179221054,1.1599295995132555,5,1,0,1242000,1248800,6,f28b9bce16ce41c8843c15d4d81c61549b63fbe325015a2a65717e16963eb353,3200,1608800,407
MSREG_small_66dd169cdd14a9ab,MG1655,3570800,3574000,3572400.0,small,WIN_small_66dd169cdd14a9ab,1.4004961257266366,3200,0.7954874359623607,1.4004961257266366,shape,0.8057685154198052,2.120162472641768,7,4,2,3569600,3584000,13,c93792adb6bf0d9eef85ae32c1b779343075b070acf1e4195719f78b38ab076c,3200,1612000,408
MSREG_small_6dfdb087885f8686,MG1655,2866400,2869600,2868000.0,small,WIN_small_6dfdb087885f8686,1.4001263034840505,3200,1.4001263034840505,0.07003644972431367,density,1.389784004054125,1.410468602913976,7,7,8,2856000,2880000,22,153c33c95ad18d9e5d1bfe222758804bd678cf52025a543de162e31b90defe4d,3200,1615200,409
MSREG_small_910857da12e47e01,MG1655,3309200,3312400,3310800.0,small,WIN_small_910857da12e47e01,1.4001263034840505,3200,1.4001263034840505,0.23575673764496413,density,1.389784004054125,1.410468602913976,4,2,1,3309200,3323200,7,a5efddf94a8cc77102591b1ca0b6b77eb2a0b0122b5b4a91bd3613090fc12a67,3200,1616800,410
MSREG_medium_7edf7c94d54d559e,MG1655,2968800,2975200,2972000.0,medium,WIN_medium_7edf7c94d54d559e,1.3991055221563058,6400,0.3290918184550443,1.3991055221563058,shape,1.594091061656687,1.2041199826559248,14,7,6,2960000,2980800,27,7737c75d059c6ab652b11369b95efad086f08cde3c87ac6d8a1caf0517f70a4f,6400,1622400,411
MSREG_medium_67f5cdfb55cd06d7,MG1655,2489600,2496000,2492800.0,medium,WIN_medium_67f5cdfb55cd06d7,1.3969231194550809,6400,0.3099659495543775,1.3969231194550809,shape,1.8573324964312685,0.9365137424788933,12,4,2,2489600,2504000,18,845551328374e0d7a41f674bea9a7bf32bef62940f5a5d001ddaf6820c39a555,6400,1627200,412
MSREG_large_901b8929bc6ca23a,MG1655,2577600,2590400,2584000.0,large,WIN_large_901b8929bc6ca23a,1.3921104650113136,12800,0.06820172406699498,1.3921104650113136,shape,1.0910804693473326,1.693140460675295,31,15,7,2572800,2595200,53,8d943b3478f487fbf914ecd2e268b6750ba09c1331757a591614fca4d72ac624,12800,1640000,413
MSREG_small_b8df259c5c145edd,MG1655,2042400,2045600,2044000.0,small,WIN_small_b8df259c5c145edd,1.391671227152603,3200,1.391671227152603,0.027398477758032422,density,1.4321878526072123,1.351154601697994,7,7,7,2032000,2054400,21,ff0acd35405f6391b2327fd38fc04b135b121cb1db134ff1404919abedbe4368,3200,1643200,414
MSREG_small_a3282b20d6c802c1,MG1655,2317600,2320800,2319200.0,small,WIN_small_a3282b20d6c802c1,1.3913161212010996,3200,0.3974333494096055,1.3913161212010996,shape,0.8385610288161127,1.9440712135860867,5,2,1,2307200,2321200,8,0143f69812caeb143ed69d350d3c7ea70e6cc276198010dddc3b7198589ece5e,3200,1645200,415
MSREG_small_50c5eb1c72b93825,MG1655,1845600,1848800,1847200.0,small,WIN_small_50c5eb1c72b93825,1.3913161212010996,3200,1.0194639104815422,1.3913161212010996,shape,1.4917735425914564,1.290858699810743,5,2,0,1841600,1849200,7,86206cda0d6e03408adc2183ac95e490400b7e4102242315fdcf715a8dd4558c,3200,1647200,416
MSREG_small_2586aa7b83d0196a,MG1655,3376000,3379200,3377600.0,small,WIN_small_2586aa7b83d0196a,1.389784004054125,3200,1.389784004054125,0.06130160994259087,density,1.389784004054125,1.389784004054125,7,7,7,3366400,3388800,21,5c8761118ade63e517ae307123cba247d308a78640a22dfa706d63703ff04fee,3200,1650400,417
MSREG_small_8a43d7eb45c1c977,MG1655,1289200,1292400,1290800.0,small,WIN_small_8a43d7eb45c1c977,1.387331656365462,3200,0.5704624455160903,1.387331656365462,shape,1.4917735425914564,1.2828897701394677,7,6,3,1278400,1295200,16,daa7e57dc568dfd8c7f12769087f750353d498a2d1270362d25d18a4fc7886c4,3200,1653600,418
MSREG_small_62051aac37a2f60d,MG1655,3435600,3438800,3437200.0,small,WIN_small_62051aac37a2f60d,1.386058061858522,3200,0.4862650497003822,1.386058061858522,shape,1.504738519755824,1.2673776039612201,6,0,0,3434800,3440000,6,18b39df1c628f683d99de53075d6dfbdc1cb4082cc6e8c16625e6cc299d47ac7,3200,1656000,419
MSREG_small_be1b805146d9f7dd,MG1655,1252800,1256000,1254400.0,small,WIN_small_be1b805146d9f7dd,1.3829632744496734,3200,0.19889002951518525,1.3829632744496734,shape,1.4669499588664243,1.2989765900329224,5,0,0,1252400,1257200,5,0da12b1b95581875057cb1145a479e49466ba6375165fa415a175b6a1b38b99a,3200,1658000,420
MSREG_medium_2096edc374721e03,MG1655,2475200,2481600,2478400.0,medium,WIN_medium_2096edc374721e03,1.3829087576549592,6400,0.14132915279646932,1.3829087576549592,shape,1.334453751150931,1.4313637641589874,15,7,7,2467200,2489600,29,aee058bc3f0779ad75a280db573d4a0c830c8c60eadff32ffba0fb173c3bd8f3,6400,1664400,421
MSREG_small_ee571ab9c09898da,MG1655,922000,925200,923600.0,small,WIN_small_ee571ab9c09898da,1.3826221161062051,3200,1.3826221161062051,0.07192173328199022,density,1.4321878526072123,1.3330563796051977,7,8,4,912000,929600,19,a13023f5fb3b4d62239d50e1f41987207e7ad3400ee2d11a3b9f50d42f75b7a2,3200,1667600,422
MSREG_small_cfd90d75d9cdb425,MG1655,3799600,3802800,3801200.0,small,WIN_small_cfd90d75d9cdb425,1.3822814929132992,3200,1.3822814929132992,0.0344706733451353,density,1.504738519755824,1.2598244660707743,4,2,0,3795200,3802800,6,b133d59646211a7029028d3249717c3061577eadcedd2e2818db4235f852d4ac,3200,1669200,423
MSREG_small_7f708c03da1cac36,MG1655,1897600,1900800,1899200.0,small,WIN_small_7f708c03da1cac36,1.3809243182394535,3200,0.4121023690468146,1.3809243182394535,shape,1.7679799545304054,0.9938686819485018,7,4,2,1888000,1902400,13,f3f795f9ae8624f9cbf2f11b48d4a4292594f4c748439bc612bd342ecec54dca,3200,1672400,424
MSREG_small_0b56c77019356ae5,MG1655,2018000,2021200,2019600.0,small,WIN_small_0b56c77019356ae5,1.3769029581117467,3200,0.5376771829280116,1.3769029581117467,shape,0.9858259616930879,1.7679799545304054,7,8,7,2008000,2030400,22,2c5f487c4b91190c312d929b29086464975eca3fc6c0602d057a497aa9032063,3200,1675600,425
MSREG_small_8fb727f1bd4093c7,MG1655,4220000,4223200,4221600.0,small,WIN_small_8fb727f1bd4093c7,1.374919864502946,3200,1.374919864502946,0.03785942794026938,density,1.4669499588664243,1.2828897701394677,7,7,8,4209600,4233600,22,5e319a769100ad1953c5690e1dc56377cf1a844d62c01f66546867a191b77bcf,3200,1678800,426
MSREG_small_d0e22150fdb482d5,MG1655,1806800,1810000,1808400.0,small,WIN_small_d0e22150fdb482d5,1.3697184843030623,3200,1.3697184843030623,0.04166087422550548,density,1.4321878526072123,1.3072491159989124,5,3,0,1802400,1810400,8,2973622962f0f1e86dbffbdfffbd7dc293d912422f5552de2e5eaed36c4e661e,3200,1680800,427
MSREG_small_9cd22df6183e6766,MG1655,319600,322800,321200.0,small,WIN_small_9cd22df6183e6766,1.3697184843030623,3200,1.3697184843030623,0.05760109072723736,density,1.4321878526072123,1.3072491159989124,4,0,0,318400,322800,4,b07ffccede92b36bafd2ef9f53b5a97a8b41549213fa97a639c6c71c0bc195b0,3200,1682400,428
MSREG_small_8cf7aedfa5bb5cca,MG1655,110800,114000,112400.0,small,WIN_small_8cf7aedfa5bb5cca,1.3692906078277707,3200,0.6370182581070714,1.3692906078277707,shape,0.9194487386777547,1.8191324769777866,7,5,1,108800,121600,13,525b576f4e188ff96a8243c8fedac762af51975c2b140adb80088573873bf0c8,3200,1685600,429
MSREG_large_c07203f86b2adf36,MG1655,1051200,1064000,1057600.0,large,WIN_large_c07203f86b2adf36,1.3692317197309762,12800,0.12500924468293573,1.3692317197309762,shape,1.1702617153949573,1.568201724066995,31,15,7,1046400,1068800,53,03cadc41c32f39ae3520f4e1059e00e8e9182c18c521d2cedd45d36d52d10220,12800,1698400,430
MSREG_large_fee0534d188aee98,MG1655,4612800,4625600,4619200.0,large,WIN_large_fee0534d188aee98,1.3692317197309762,12800,0.1995059990777559,1.3692317197309762,shape,1.2671717284030137,1.4712917110589385,16,8,4,4612800,4630400,28,310f3df79d93986896bcc8eb78874927e07b366683ff2d1457696e756a51e5a7,12800,1704800,431
MSREG_small_d3f5a7360cafc256,MG1655,904000,907200,905600.0,small,WIN_small_d3f5a7360cafc256,1.3652672869052527,3200,0.3619195756066699,1.3652672869052527,shape,1.0690099501943866,1.6615246236161185,4,2,1,904000,916800,7,accbb5f9ec8769b19c8dac4de3c6e620fd7b207acf58b74ee8f62fdda90545d6,3200,1706400,432
MSREG_small_dc73631a06c29418,MG1655,182400,185600,184000.0,small,WIN_small_dc73631a06c29418,1.3645342113661618,3200,1.3645342113661618,0.1051366217094223,density,1.197177656932885,1.5318907657994387,7,7,4,177600,195200,18,59a584b33083824245075f6447ac0cfb916b25ce96c73267bbeb60ddc34b2dea,3200,1709600,433
MSREG_small_1b4274ba9f547492,MG1655,3173600,3176800,3175200.0,small,WIN_small_1b4274ba9f547492,1.3630754432248755,3200,1.3630754432248755,0.04305893461085043,density,1.315682283535775,1.410468602913976,4,2,1,3163200,3176800,7,37c3cc7838bc7efe19531c41b2417903e98f1b5b27cfae430b92d5e5956a96d4,3200,1711200,434
MSREG_small_bb3387718e8e2306,MG1655,4256800,4260000,4258400.0,small,WIN_small_bb3387718e8e2306,1.3614201918296613,3200,1.3614201918296613,0.04943513618954777,density,1.3330563796051977,1.389784004054125,7,5,3,4254400,4270400,15,29a601feceb0b717fc996f929abb8205f7cbda34b62579b9a3392dcd742b15bf,3200,1714400,435
MSREG_small_e9c1111aeff044a7,MG1655,3623200,3626400,3624800.0,small,WIN_small_e9c1111aeff044a7,1.361317156363457,3200,0.017863835356532506,1.361317156363457,shape,1.4917735425914564,1.2308607701354575,7,7,5,3612800,3632000,19,c398391994fbbc40b8b990c9995fde288796fc3f4419cc87b0c78b9a56df18ac,3200,1717600,436
MSREG_small_a1bce5d5e3f20700,MG1655,3515200,3518400,3516800.0,small,WIN_small_a1bce5d5e3f20700,1.3605972737781808,3200,1.3605972737781808,0.10266442120185293,density,1.3700399458583679,1.351154601697994,7,4,2,3513600,3528000,13,0b66ec56a6a65961b330d8df9d38a032019268c6a29d48e107d5370be5954e99,3200,1720800,437
MSREG_small_058ccc12882da731,MG1655,1196800,1200000,1198400.0,small,WIN_small_058ccc12882da731,1.35855351995319,3200,1.35855351995319,0.028310512060706235,density,1.4791844152834357,1.2379226246229444,7,5,1,1194400,1208000,13,d803771ba5035a41f03d501aaf5b47aad525a63725cc9bafcfa9527957ecf1fb,3200,1724000,438
MSREG_small_f6145e35984951f8,MG1655,2808000,2811200,2809600.0,small,WIN_small_f6145e35984951f8,1.3554232334890606,3200,0.4913044405707143,1.3554232334890606,shape,1.4434688630169012,1.2673776039612201,7,7,3,2798400,2815200,17,ef435174158a660bf5bf94f915d7a14766344ee4085161273e852dbebba34213,3200,1727200,439
MSREG_small_0c3ee184a47f43c8,MG1655,952800,956000,954400.0,small,WIN_small_0c3ee184a47f43c8,1.3544230141206404,3200,1.3544230141206404,0.025431352912936578,density,1.4917735425914564,1.2170724856498243,4,2,0,952800,960000,6,02fbcee8bd0aee64ef437fbb1271c3abdaeaa7d0611bd5acce8d43e2b6a292cb,3200,1728800,440
MSREG_small_07e93baf19c56589,MG1655,394400,397600,396000.0,small,WIN_small_07e93baf19c56589,1.353725591779142,3200,0.08657646190244817,1.353725591779142,shape,1.2524004479915674,1.4550507355667164,7,7,7,384000,406400,21,834579f8ad9747262b036cafd3fb637127477d1904eaf9322d6f7ebbb8c7a2ec,3200,1732000,441
MSREG_small_f378df053691c7d4,MG1655,768800,772000,770400.0,small,WIN_small_f378df053691c7d4,1.3536261426173617,3200,1.3536261426173617,0.022819249010511244,density,1.4321878526072123,1.2750644326275111,4,2,1,758400,772000,7,3aa270873f8c1b587360d028deba14b6bc99c82bc0586eb7a65309e74e99f550,3200,1733600,442
MSREG_small_77ef209d33d83bdd,MG1655,1822000,1825200,1823600.0,small,WIN_small_77ef209d33d83bdd,1.3536261426173617,3200,0.29876256316253613,1.3536261426173617,shape,1.5760944282914922,1.131157856943231,4,2,1,1822000,1835200,7,eff58997b87ed5cb64d0ec0f5b91770944dc3bd5d97453d1977d46b5f8f7c116,3200,1735200,443
MSREG_small_5b77cad4c536ee4b,MG1655,2745600,2748800,2747200.0,small,WIN_small_5b77cad4c536ee4b,1.35273314379495,3200,1.35273314379495,0.2052935474865961,density,1.315682283535775,1.389784004054125,7,6,0,2742400,2752800,13,ff59a8798803c5b370dfe6bfcad57233a2c7b3c3bf9724ddb35c7b1eb6ea625e,3200,1738400,444
MSREG_small_7c2eb188608f9ee4,MG1655,3647200,3650400,3648800.0,small,WIN_small_7c2eb188608f9ee4,1.3512529251051308,3200,0.3969715665305468,1.3512529251051308,shape,1.8191324769777866,0.883373373232475,7,7,5,3641600,3660800,19,e2914fd16a229d73921374109b17863943ba059fd326a1e430500621e4606f5c,3200,1741600,445
MSREG_small_4e965069fa14b568,MG1655,3738400,3741600,3740000.0,small,WIN_small_4e965069fa14b568,1.351154601697994,3200,1.351154601697994,0.039861624970278745,density,1.351154601697994,1.351154601697994,4,2,0,3738400,3745600,6,f5bab24b404b527a7db8d078a42c027b15b2cc9b18d3d2ccd2be685537382ae3,3200,1743200,446
MSREG_small_81203d9bb0f8ecd0,MG1655,2223600,2226800,2225200.0,small,WIN_small_81203d9bb0f8ecd0,1.3489053645009408,3200,0.2874306101130184,1.3489053645009408,shape,1.4669499588664243,1.2308607701354575,4,2,1,2223600,2236800,7,e81a58c9dbfa51fdd36188bb61f4bfecf3245876dc58ce94230fd5a3407e036b,3200,1744800,447
MSREG_small_bbed15bf5232338c,MG1655,672400,675600,674000.0,small,WIN_small_bbed15bf5232338c,1.3460061593389931,3200,0.6262525591414763,1.3460061593389931,shape,1.5608544617347553,1.131157856943231,7,7,1,665600,679200,15,9395fc43b91f9a37c529ff9a1a093e1e0e83e1f4f9f884d47fc8d3393e94cca0,3200,1748000,448
MSREG_small_5603ec08bb9802d2,MG1655,1238400,1241600,1240000.0,small,WIN_small_5603ec08bb9802d2,1.345430934523277,3200,0.37961143130242003,1.345430934523277,shape,1.400003169235811,1.290858699810743,5,2,0,1234400,1242000,7,4049524138ab81050f84bc5726a4ab7f2f9a58ffbaef94628e8d0f6a83a2fee7,3200,1750000,449
MSREG_small_e3fb416d7211bd54,MG1655,3471200,3474400,3472800.0,small,WIN_small_e3fb416d7211bd54,1.342388541624915,3200,1.342388541624915,0.5575235242892089,density,1.3604946279521375,1.3242824552976926,7,7,7,3462400,3484800,21,0016add8c5d4c9a8e00ef2eea9f7e5a731d86a6df8dc16fc7da2c4d50810f9a5,3200,1753200,450
MSREG_small_876651001f4517d3,MG1655,2707200,2710400,2708800.0,small,WIN_small_876651001f4517d3,1.340321351932434,3200,1.340321351932434,0.04532203140029882,density,1.389784004054125,1.290858699810743,7,7,7,2697600,2720000,21,f486305755fce402bcd8310dd688162d05f2394d6cc5fa44d30086e735871436,3200,1756400,451
MSREG_small_dfa0b37bb516d3ae,MG1655,1287600,1290800,1289200.0,small,WIN_small_dfa0b37bb516d3ae,1.338923103437598,3200,0.5433622119322126,1.338923103437598,shape,1.7444988586808825,0.9333473481943135,4,2,1,1276800,1290800,7,c8ccf8d3142ab018bf380ffa510d4728a897d73ba80424db4d1442393cf2438f,3200,1758000,452
MSREG_small_efabd36c665cb52a,MG1655,2748400,2751600,2750000.0,small,WIN_small_efabd36c665cb52a,1.3380884557439563,3200,0.6554929302261259,1.3380884557439563,shape,1.3604946279521375,1.315682283535775,7,2,0,2747200,2754400,9,6d7fb7c1be3f1d3bc14e53385c74463509417ce982dff2391a4b4b10e9a4a745,3200,1760800,453
MSREG_small_26040cd39570c5b6,MG1655,4254400,4257600,4256000.0,small,WIN_small_26040cd39570c5b6,1.3331468387779084,3200,1.3331468387779084,0.2693616173210557,density,1.3242824552976926,1.3420112222581242,3,0,0,4254400,4258400,3,af2ff923a3e66c320b5db4fa81d77c27d2c4bc11906f05979e44f5eabd130e27,3200,1761600,454
MSREG_small_87b4ceca1fcd0844,MG1655,3066800,3070000,3068400.0,small,WIN_small_87b4ceca1fcd0844,1.3318838267530464,3200,0.4328484357590579,1.3318838267530464,shape,1.4917735425914564,1.1719941109146361,6,3,1,3057600,3070800,10,0595b27feb5cec07cb7f48f4660e438f3bd294f27e9baeb37f04eefb483b849b,3200,1764000,455
MSREG_medium_f3bba8377013330a,MG1655,484800,491200,488000.0,medium,WIN_medium_f3bba8377013330a,1.3275087209867116,6400,0.3184669066050725,1.3275087209867116,shape,0.8646317351727679,1.7903857068006552,8,3,0,483200,491200,11,d242148fabc920a748a8b910f594abd51b68a6320151bfef96440a2ac6206805,6400,1767200,456
MSREG_small_08168bc4c8719c6c,MG1655,3967600,3970800,3969200.0,small,WIN_small_08168bc4c8719c6c,1.3264648579989178,3200,1.3264648579989178,0.5425276739039837,density,1.3700399458583679,1.2828897701394677,4,2,0,3967600,3975200,6,c27bb35a8ef81b9fa47d8972c3d1ef58e69478ee146ca8070b3d79811b553118,3200,1768800,457
MSREG_small_c597296dbac5d18c,MG1655,746800,750000,748400.0,small,WIN_small_c597296dbac5d18c,1.3256766638814401,3200,0.08982299385460032,1.3256766638814401,shape,1.7679799545304054,0.883373373232475,7,8,4,739200,756800,19,c4ea825c4c35ba232c291cfe77ce9e3957f4f3f0e2fad5a00c23bdbd22ede418,3200,1772000,458
MSREG_medium_e8ad3ce6d4c94cb4,MG1655,3920000,3926400,3923200.0,medium,WIN_medium_e8ad3ce6d4c94cb4,1.3248956059273946,6400,1.3248956059273946,0.07378662276214674,density,1.356730145862083,1.293061065992706,8,4,0,3920000,3928800,12,46a93a9d58d9968b9f44b6977940d42c1ebe7663e8577f3370c0ad0b558c9714,6400,1775200,459
MSREG_small_09880233ea3ff346,MG1655,3429600,3432800,3431200.0,small,WIN_small_09880233ea3ff346,1.3246301691285183,3200,1.3246301691285183,0.03962710912754251,density,1.3072491159989124,1.3420112222581242,4,2,1,3419200,3432800,7,143b95d8d40075ae8224e1c2819a74a97da683d13176a8bf3a908be651d8aaf8,3200,1776800,460
MSREG_small_40584ec5528a2225,MG1655,1672000,1675200,1673600.0,small,WIN_small_40584ec5528a2225,1.3235886935543721,3200,0.39538952720929127,1.3235886935543721,shape,1.1424388673529202,1.504738519755824,7,7,3,1662400,1679200,17,4ad135f2a27b404888b89346ba59f4e5f0f92c9a0e843c0d8208f12627d87202,3200,1780000,461
MSREG_medium_d80f913cea9c699e,MG1655,219200,225600,222400.0,medium,WIN_medium_d80f913cea9c699e,1.322827521334075,6400,0.08466519078668702,1.322827521334075,shape,0.08038929823659297,2.635483746814912,8,4,3,216000,232000,15,abd92350ea885e5d07b7c6a0132351c27db3a80f03228d70b80b42a307ff2342,6400,1783200,462
MSREG_small_b183d8397bc66788,MG1655,4172800,4176000,4174400.0,small,WIN_small_b183d8397bc66788,1.3225521892429395,3200,1.3225521892429395,0.030479498473131597,density,1.421192468305749,1.2239119101801297,7,4,2,4163200,4177600,13,a0e70c527181818c162387f0ef0ce2d6c54a89d433d52b55c4b43575b8869879,3200,1786400,463
MSREG_small_8a6f2bb46a8d1946,MG1655,675200,678400,676800.0,small,WIN_small_8a6f2bb46a8d1946,1.319982369416734,3200,0.23950283840941222,1.319982369416734,shape,1.4917735425914564,1.1481911962420115,6,0,0,674000,679200,6,7fd961d85bd4de54efc8efbe571a648cfdbd6d2855979603140166adcaf77918,3200,1788400,464
MSREG_small_636726740420b9ed,MG1655,2518000,2521200,2519600.0,small,WIN_small_636726740420b9ed,1.3189628969293778,3200,1.3189628969293778,0.03897129540253054,density,1.400003169235811,1.2379226246229444,7,8,4,2513600,2531200,19,ecf06b0536d63a8c95143776bba59ea41c574b6bfd28eaede5311d80bc5663ff,3200,1791600,465
MSREG_small_b47fbd7837dde396,MG1655,1792000,1795200,1793600.0,small,WIN_small_b47fbd7837dde396,1.3174426066520963,3200,0.6403362553560616,1.3174426066520963,shape,1.546131204914049,1.0887540083901437,7,6,0,1788800,1799200,13,a176973da668757d1288b5929ffb0bfd78874730a8bcb643bc9c9597c30119c5,3200,1794800,466
MSREG_small_1f4cbef9ffede61c,MG1655,1226000,1229200,1227600.0,small,WIN_small_1f4cbef9ffede61c,1.3166025775930854,3200,0.37894901443822715,1.3166025775930854,shape,1.1540207399027353,1.4791844152834357,7,8,0,1221600,1233600,15,926dbf7f667d6f4b35c25447b1b66845fdf445ee97a4c7f8120cdf6690f363f1,3200,1798000,467
MSREG_large_4cd697fff4fd6bec,MG1655,3156800,3169600,3163200.0,large,WIN_large_4cd697fff4fd6bec,1.3164766273459891,12800,0.14295518811651353,1.3164766273459891,shape,1.693140460675295,0.9398127940166834,31,15,7,3152000,3174400,53,b9525d0ce55583ddc5a22df2f36940265167b3d2873f92e395f979ef2f05f026,12800,1810800,468
MSREG_small_5ffbfd297b3542eb,MG1655,84400,87600,86000.0,small,WIN_small_5ffbfd297b3542eb,1.3164349610344335,3200,0.3706907533704378,1.3164349610344335,shape,1.3420112222581242,1.290858699810743,7,3,0,81600,89600,10,be7c6ddae748d282ef94afd091d8c45306fcd5887fca4d8abda0590d38ea3501,3200,1813600,469
MSREG_small_2ec7a54792f12e51,MG1655,4370400,4373600,4372000.0,small,WIN_small_2ec7a54792f12e51,1.3157657856483025,3200,1.3157657856483025,0.06024338542648172,density,1.3072491159989124,1.3242824552976926,7,4,0,4368800,4377600,11,3877d804e3549c507ded418b17ea3fdcf7ab05475b5e5e4d2bd4b04f570018a9,3200,1816800,470
MSREG_small_b074547972393b26,MG1655,2638400,2641600,2640000.0,small,WIN_small_b074547972393b26,1.3138533143385347,3200,1.3138533143385347,0.2803406589345159,density,1.2379226246229444,1.389784004054125,4,2,1,2628800,2641600,7,d1723797a8fd17740aac2e85f7b2b4e4a7a3587300bb7271f319ef141e09fa2e,3200,1818400,471
MSREG_small_30d65a03c76f402e,MG1655,3320000,3323200,3321600.0,small,WIN_small_30d65a03c76f402e,1.310322387094791,3200,1.310322387094791,0.03203000158469481,density,1.389784004054125,1.2308607701354575,4,4,1,3312000,3324800,9,63d7a087b87bec66861881d25a8b5bb65264e10471b1d003a659370d9d1b24ee,3200,1820000,472
MSREG_medium_114657ff6e6522b1,MG1655,2601600,2608000,2604800.0,medium,WIN_medium_114657ff6e6522b1,1.3098447398158402,6400,0.04834333396829285,1.3098447398158402,shape,1.4313637641589874,1.188325715472693,15,7,7,2593600,2616000,29,16ea243cf60598e469cd948fc062482c1414cb2e5e44df22c77dc689658178e7,6400,1826400,473
MSREG_small_e615fcb0630adc87,MG1655,95600,98800,97200.0,small,WIN_small_e615fcb0630adc87,1.3087803146159243,3200,1.0125337614001666,1.3087803146159243,shape,1.8471612005780302,1.0104152349285394,7,2,0,93600,100800,9,da04eccb850b7f0ec83ecb2537d18d2847eeaa341caf840fe269f26497444fa4,3200,1829600,474
MSREG_large_f78d629ba92a9fa2,MG1655,272000,284800,278400.0,large,WIN_large_f78d629ba92a9fa2,1.308123780594563,12800,0.014968157949779987,1.308123780594563,shape,2.1702617153949575,0.44598584579416833,24,12,6,268800,289600,42,7f72aad50f3ea05aafedc5e2fd9ce65e17ec066899b75b0bf6df2b7eecde724a,12800,1839200,475
MSREG_small_e2021a048a0e55ab,MG1655,4002800,4006000,4004400.0,small,WIN_small_e2021a048a0e55ab,1.307490167539986,3200,0.3211641353196419,1.307490167539986,shape,1.4550507355667164,1.1599295995132555,7,8,8,3992000,4016000,23,793d41ca7a11d07164c6a76d1707da88981ded733410ef187c5702dd7caeae48,3200,1842400,476
MSREG_small_6bce2670d6863d2f,MG1655,1494800,1498000,1496400.0,small,WIN_small_6bce2670d6863d2f,1.307490167539986,3200,0.1188176185483622,1.307490167539986,shape,1.4550507355667164,1.1599295995132555,7,2,0,1493600,1500800,9,e5b77660e59b3a8c1326102db59bdf77511be8ad6d946fb812479ff169c7fe58,3200,1845600,477
MSREG_large_78bcfa394ccb3a9e,MG1655,4600000,4612800,4606400.0,large,WIN_large_78bcfa394ccb3a9e,1.304064835483473,12800,0.13088834825815382,1.304064835483473,shape,1.3921104650113136,1.2160192059556325,9,5,3,4596800,4612800,17,84b3a6c55abfaa7cf3dc15e9c51cd4b65ed5a54a712cd9e4b0d712f3e41d1272,12800,1848800,478
MSREG_small_ab93d7f3e7dd6151,MG1655,4395200,4398400,4396800.0,small,WIN_small_ab93d7f3e7dd6151,1.3034282448519745,3200,0.6430449878722084,1.3034282448519745,shape,1.2170724856498243,1.389784004054125,7,4,0,4391200,4400000,11,a3a68812df3892442ed3b59856be97ce63365284514ffdda7157ec9769c553f4,3200,1852000,479
MSREG_medium_92edf821dbe41d04,MG1655,540800,547200,544000.0,medium,WIN_medium_92edf821dbe41d04,1.3031627590368493,6400,0.05857631464264758,1.3031627590368493,shape,0.8159398112730434,1.7903857068006552,15,7,7,532800,555200,29,a7a3bd5c00417e5473cad769a694aab313b61aee8b97e713fc232d277f82c1c4,6400,1858400,480
MSREG_small_8d7ac65e69e54dc1,MG1655,1699600,1702800,1701200.0,small,WIN_small_8d7ac65e69e54dc1,1.3004503579969127,3200,0.4640638738132946,1.3004503579969127,shape,1.3700399458583679,1.2308607701354575,5,2,0,1699200,1706400,7,7b102ffe29a36b8d3e91a90ecd4f380e75d2b18eac0e42b2ee98e4c8eeb1ed49,3200,1860400,481
MSREG_small_3572af83c3426a2e,MG1655,2510400,2513600,2512000.0,small,WIN_small_3572af83c3426a2e,1.3004503579969127,3200,0.21050568925474614,1.3004503579969127,shape,2.0690099501943866,0.5318907657994388,4,2,1,2500800,2513600,7,a1e2460aa4ce64fd003971156e171a516f289c0ac9be73ee85ccbc806eed8f1c,3200,1862000,482
MSREG_small_084a7fe0641f1f84,MG1655,3118800,3122000,3120400.0,small,WIN_small_084a7fe0641f1f84,1.2992860268376214,3200,0.13959436394815522,1.2992860268376214,shape,1.315682283535775,1.2828897701394677,7,8,8,3108800,3132800,23,1790d782ff5bb99562fdd4e860427122b711e5c1e4c78e5f2bc51a4e0b136a14,3200,1865200,483
MSREG_small_1d5c63b4f0d70641,MG1655,1817200,1820400,1818800.0,small,WIN_small_1d5c63b4f0d70641,1.2977432335559829,3200,0.25585117459433826,1.2977432335559829,shape,1.6253124509616739,0.9701740161502918,7,4,0,1812800,1821600,11,586624a5ba95a894a7d8cbcda3cc05deb313a51bcccb2f1c17f3992c156bb1d2,3200,1868400,484
MSREG_small_42102e40bf2ebddb,MG1655,2921600,2924800,2923200.0,small,WIN_small_42102e40bf2ebddb,1.2967462640729839,3200,1.2967462640729839,0.048196657435551155,density,1.2037085240918428,1.389784004054125,4,2,1,2921600,2934400,7,dcb919e347783bdc09cb43e15733a02e3c676ba4bde5e41a723bfdfbf8842c09,3200,1870000,485
MSREG_small_ba6401a5bf9b0346,MG1655,2910800,2914000,2912400.0,small,WIN_small_ba6401a5bf9b0346,1.296440422837986,3200,1.296440422837986,0.2614559564727896,density,1.2598244660707743,1.3330563796051977,7,5,2,2900800,2916000,14,a920d2f4dc5fd85ccfcb1a997653ed2be17830803990dbfa0cdbdd967161c6eb,3200,1873200,486
MSREG_medium_1bdb68154a3a4f8c,MG1655,2442400,2448800,2445600.0,medium,WIN_medium_1bdb68154a3a4f8c,1.2948631281271186,6400,0.27425316810741873,1.2948631281271186,shape,0.9542425094393249,1.6354837468149122,15,6,3,2440800,2457600,24,9c70baf1aaee67adff3ec8a6e847ab683f25eb1f102ce053aaa135f76e55ed6e,6400,1879600,487
MSREG_small_3a7a90944401e3b8,MG1655,2388400,2391600,2390000.0,small,WIN_small_3a7a90944401e3b8,1.2945386131604693,3200,1.2945386131604693,0.022168132357888934,density,1.351154601697994,1.2379226246229444,4,2,1,2377600,2391600,7,ca22c1d0c4e9c825f5c1ced4abbf6cdb8f980507bfbe71bd420b4dc4e651731b,3200,1881200,488
MSREG_small_71f28b6dd828bcb7,MG1655,3180800,3184000,3182400.0,small,WIN_small_71f28b6dd828bcb7,1.2922032690661336,3200,0.6938843564093997,1.2922032690661336,shape,1.7679799545304054,0.8164265836018618,7,7,3,3176800,3193600,17,b59d816069b3286f433165f47ce88aa1b90459f05f671029632978230df22544,3200,1884400,489
MSREG_medium_fafdf037e6c7c460,MG1655,2873600,2880000,2876800.0,medium,WIN_medium_fafdf037e6c7c460,1.2881811473481277,6400,0.05286158375225666,1.2881811473481277,shape,0.8951210573206683,1.6812412373755872,8,4,0,2871200,2880000,12,e2a49bb85cc0b10439a65818a270a5a7ae3cf9e1bb5b630ab24f8f8168798159,6400,1887600,490
MSREG_small_9f7bd651218c83b9,MG1655,2347200,2350400,2348800.0,small,WIN_small_9f7bd651218c83b9,1.2876066041042422,3200,0.3456320899252965,1.2876066041042422,shape,1.421192468305749,1.1540207399027353,4,4,4,2342400,2360000,12,3deef8f7aecbda2fa0b27b977d00d24b7f3e2303a3facf790c9f126fcd4a0d4e,3200,1889200,491
MSREG_small_9562c65720e17c60,MG1655,2597200,2600400,2598800.0,small,WIN_small_9562c65720e17c60,1.2873133599800664,3200,1.2873133599800664,0.12289117181066311,density,1.2673776039612201,1.3072491159989124,7,8,4,2587200,2604800,19,24588e1c69d70290d76f1bb75e6b321df0d8f3d543a835a0760ba16d2d40ed99,3200,1892400,492
MSREG_small_611083d4670ded96,MG1655,900800,904000,902400.0,small,WIN_small_611083d4670ded96,1.286071471617396,3200,0.5630212164399406,1.286071471617396,shape,1.9818597744754864,0.5902831687593058,4,2,0,896800,904000,6,20e1175a2053b638482b2b5d931a9501d89aff04e5d9ba732363dc3b607e7f46,3200,1894000,493
MSREG_small_00d5a6a18d67a950,MG1655,3402400,3405600,3404000.0,small,WIN_small_00d5a6a18d67a950,1.2835367910348432,3200,0.34727897457029266,1.2835367910348432,shape,1.3072491159989124,1.2598244660707743,7,6,3,3399200,3416000,16,176bb13e902e44a4a360fc1fd84057fdc8783a0cb551f20cf17e54b0ca5fb7be,3200,1897200,494
MSREG_large_dd927139aea9a16e,MG1655,4620800,4633600,4627200.0,large,WIN_large_dd927139aea9a16e,1.2811860902031356,12800,0.19715843847356596,1.2811860902031356,shape,1.3921104650113136,1.1702617153949573,20,10,5,4619200,4638400,35,c8fd88b4a957a89fa82b75f5408432063d83be21f26fdc9c857154ea9f74b0ce,12800,1905200,495
MSREG_small_f420ff91718f506f,MG1655,703200,706400,704800.0,small,WIN_small_f420ff91718f506f,1.280746852344425,3200,1.280746852344425,0.14784866343244485,density,1.210339102990856,1.351154601697994,7,7,5,697600,716800,19,8d6d38d9d5ed952d2a3ecbaa4bb4e386f7ec82f4ba3023c94e32c960f9beb5e7,3200,1908400,496
MSREG_small_727bb005673e6d1d,MG1655,762000,765200,763600.0,small,WIN_small_727bb005673e6d1d,1.2804627211413722,3200,1.2804627211413722,0.5193487096082832,density,0.8994008186666257,1.6615246236161185,7,8,0,757600,769600,15,962b368024aeae6acfb5dda4623ae32d894ee4e1093b0d346efe6dfb24db4b6c,3200,1911600,497
MSREG_small_f32fe850a84404a6,MG1655,4261600,4264800,4263200.0,small,WIN_small_f32fe850a84404a6,1.2803917463929215,3200,0.6649169718536437,1.2803917463929215,shape,1.3700399458583679,1.1907435469274752,7,6,0,4258400,4268800,13,aea157f8eebe3bdd6fed1f8fbeebfd02c0df386d62e4bfc4f7daf75487c5e309,3200,1914800,498
MSREG_small_63b6ea4e58f47ee0,MG1655,2924000,2927200,2925600.0,small,WIN_small_63b6ea4e58f47ee0,1.2798247819952397,3200,1.2798247819952397,0.04256754460723963,density,1.2524004479915674,1.3072491159989124,6,3,2,2923200,2937600,11,5994a1130282d25fbe943d488ab5bd47b4879010efa46728f50c690acbe70e29,3200,1917200,499
MSREG_small_5956ea5f7a6a56d4,MG1655,3382000,3385200,3383600.0,small,WIN_small_5956ea5f7a6a56d4,1.2791181518859815,3200,0.6214419749113618,1.2791181518859815,shape,1.2673776039612201,1.290858699810743,7,8,3,3377600,3393600,18,14bc751b28febc313c15bda90ee446d8285aa44d1b8500de9111ec9877815ef7,3200,1920400,500
MSREG_small_fda996e58db17272,MG1655,2702800,2706000,2704400.0,small,WIN_small_fda996e58db17272,1.2791181518859815,3200,0.4705859473253367,1.2791181518859815,shape,1.2673776039612201,1.290858699810743,7,6,3,2692800,2708800,16,4d3d07140b55dc1e12cade2b4d4a07234b2aa0714dc72b65e1b1040ab2573b8a,3200,1923600,501
MSREG_small_1ae8d9b8c6bf6b18,MG1655,197200,200400,198800.0,small,WIN_small_1ae8d9b8c6bf6b18,1.2789771013834894,3200,1.2789771013834894,0.11176785211112636,density,1.2828897701394677,1.2750644326275111,1,0,0,197200,200400,1,ab10c05e56b8f38d341166a52741142afeca7946e8aa123e1c5a75793d7a18a1,3200,1923600,502
MSREG_small_50dfe3687fc5e741,MG1655,949600,952800,951200.0,small,WIN_small_50dfe3687fc5e741,1.2788361424425112,3200,1.2788361424425112,0.030699166524565894,density,1.3604946279521375,1.197177656932885,4,2,1,939200,952800,7,69a37c01593cb60ba70b0b2d511149f846e7f65742094ee1c444121385d74680,3200,1925200,503
MSREG_small_25d2580d2790c3b7,MG1655,1212800,1216000,1214400.0,small,WIN_small_25d2580d2790c3b7,1.2724489984242968,3200,0.4793085348872448,1.2724489984242968,shape,0.883373373232475,1.6615246236161185,7,7,0,1208800,1220000,14,1abe97cb318158453cda9ebc5b6cc49f3508406ce37fb42523edc82fcc193b0b,3200,1928400,504
MSREG_small_eff11009496b232d,MG1655,2176800,2180000,2178400.0,small,WIN_small_eff11009496b232d,1.2716295739011552,3200,1.2716295739011552,0.03136221205026238,density,1.290858699810743,1.2524004479915674,4,2,1,2176800,2190400,7,0546cfc340619c7eb90c27058432d8ae5777813b3d4c037b2e903fc94416df3f,3200,1930000,505
MSREG_small_c38412227feb1cf4,MG1655,431200,434400,432800.0,small,WIN_small_c38412227feb1cf4,1.2716295739011552,3200,1.2716295739011552,0.06613722499994759,density,1.290858699810743,1.2524004479915674,4,2,1,431200,444800,7,396a658ca5a2d68625d2285141002fdf920314d233146555fcd1fff76ac0909c,3200,1931600,506
MSREG_small_39f50fb1b6434648,MG1655,52400,55600,54000.0,small,WIN_small_39f50fb1b6434648,1.2697970968579524,3200,1.2697970968579524,0.40048132073764514,density,1.2239119101801297,1.315682283535775,7,4,0,48000,56800,11,d881ba0813fdbd6924b2060c3e1a4b7a02b42a51b687c09ea6f84a964fc475de,3200,1934800,507
MSREG_small_8001a07c060d7104,MG1655,1306800,1310000,1308400.0,small,WIN_small_8001a07c060d7104,1.269054943067185,3200,1.269054943067185,0.04075797379387429,density,1.3072491159989124,1.2308607701354575,4,0,0,1306800,1311200,4,21ed7d8dfe9466eb8051ab9024a15b8dacac1e8946bfd20242942f3170530d60,3200,1936000,508
MSREG_small_a45fe060a05929dc,MG1655,4458400,4461600,4460000.0,small,WIN_small_a45fe060a05929dc,1.2689876001480682,3200,0.6948920020270625,1.2689876001480682,shape,1.1481911962420115,1.389784004054125,5,2,1,4448000,4462000,8,a83a267208fcd20f44598fcb349b9a3b4fd7791863f331bfc23d5781cbb0a510,3200,1938000,509
MSREG_small_1935dcb1455582e4,MG1655,1936400,1939600,1938000.0,small,WIN_small_1935dcb1455582e4,1.2676451090655174,3200,1.2676451090655174,0.3511005427948968,density,1.2828897701394677,1.2524004479915674,7,4,0,1932000,1940800,11,d1ac264818fdf1f0fbbc4f79f3b1babd931a7ea0f2966f08dcbcb86d26751c26,3200,1940800,510
MSREG_small_4ee226517610fbff,MG1655,4454000,4457200,4455600.0,small,WIN_small_4ee226517610fbff,1.2669102615251298,3200,0.45213596373635456,1.2669102615251298,shape,1.078769787483543,1.4550507355667164,7,6,3,4443200,4460000,16,958c7d5f0d4ea79eefb6832ef07b570f503787869c5297bf891f4bb44a905118,3200,1944000,511
MSREG_small_59f0f049c3bda943,MG1655,2405600,2408800,2407200.0,small,WIN_small_59f0f049c3bda943,1.2663773845927997,3200,1.2663773845927997,0.042127000317391305,density,1.315682283535775,1.2170724856498243,2,0,0,2405600,2409200,2,6ebfdd6d94b8bf7a4d8790005865a9b7dc1fe7ca407ff9bfd4aeea4feac6c902,3200,1944400,512
MSREG_small_07665d95bb52862e,MG1655,4267200,4270400,4268800.0,small,WIN_small_07665d95bb52862e,1.2663773845927997,3200,1.2663773845927997,0.03922800751849623,density,1.315682283535775,1.2170724856498243,4,2,0,4263200,4270400,6,8a9cd32d05746dff3147977a565b879c3cf8f206615f842341317ffdbfb1c016,3200,1946000,513
MSREG_small_cada0aac62ffa33a,MG1655,2925600,2928800,2927200.0,small,WIN_small_cada0aac62ffa33a,1.265580513089521,3200,1.265580513089521,0.06305407853412662,density,1.2239119101801297,1.3072491159989124,4,2,1,2925600,2939200,7,cf7abd4c91d48cb5485c9fb56f0aacdfde4dd27556c4eb20cc1e2bf4abfc9379,3200,1947600,514
MSREG_small_5260d94d20cc0c7b,MG1655,1740800,1744000,1742400.0,small,WIN_small_5260d94d20cc0c7b,1.2621608008243683,3200,1.2621608008243683,0.05268365981065199,density,1.3072491159989124,1.2170724856498243,7,7,5,1731200,1750400,19,d5c5da43aef15ad8dab02202c3829218ee0bb8b8c43917610281b1d873247a35,3200,1950800,515
MSREG_medium_7e6537ad44cc912c,MG1655,15200,21600,18400.0,medium,WIN_medium_7e6537ad44cc912c,1.261389733311812,6400,0.17352254803153533,1.261389733311812,shape,0.19300397775046352,2.334453751150931,15,7,8,6400,30400,30,4c6fdf2702b2bbf12d48e5e4c059acf2d116c005422a7aea4ffe6cf7bcf38b1a,6400,1957200,516
MSREG_small_4272dc2e93abf1a7,MG1655,2827600,2830800,2829200.0,small,WIN_small_4272dc2e93abf1a7,1.2608597349731,3200,1.2608597349731,0.08344306798723175,density,1.290858699810743,1.2308607701354575,5,3,2,2827200,2841600,10,cd13925adcf339230f5a985e1d1c009d432d717cf90190be06c2fe5bcaed5c94,3200,1959200,517
MSREG_small_253d26e5c1c0f02d,MG1655,1017600,1020800,1019200.0,small,WIN_small_253d26e5c1c0f02d,1.2604061973812062,3200,1.2604061973812062,0.06661687213585119,density,1.2828897701394677,1.2379226246229444,7,3,1,1016400,1030400,11,73d1e29897fb5bf9ca2ce46cda65f05c14ec998e20b2206495ea159e6ebe82f2,3200,1962000,518
MSREG_small_940aab7ed73fa721,MG1655,3790000,3793200,3791600.0,small,WIN_small_940aab7ed73fa721,1.2604061973812062,3200,1.2604061973812062,0.06469803744373445,density,1.2828897701394677,1.2379226246229444,7,5,0,3785600,3795200,12,f945927b6b7e5ac84d64de44723364c1f41a5a0902b93546eae93421c5f2431b,3200,1965200,519
MSREG_small_697b18f704e2d512,MG1655,2944000,2947200,2945600.0,small,WIN_small_697b18f704e2d512,1.2600828209387895,3200,0.2890300525586488,1.2600828209387895,shape,1.421192468305749,1.0989731735718298,7,7,7,2934400,2956800,21,7db2b17428d02139e3997dcc6049150af1e2f24598693161c890a38943996853,3200,1968400,520
MSREG_small_b31b9e9008c9115a,MG1655,3962400,3965600,3964000.0,small,WIN_small_b31b9e9008c9115a,1.2580245378413735,3200,1.2580245378413735,0.2608778961947469,density,1.2170724856498243,1.2989765900329224,4,2,1,3952000,3965600,7,9cd416c384783c76939dd34708159ee204fba30e1ea773bf8c8a1e3fbc8707b7,3200,1970000,521
MSREG_small_cf5c3b70a38f529d,MG1655,2794400,2797600,2796000.0,small,WIN_small_cf5c3b70a38f529d,1.2580245378413732,3200,0.12103075950842948,1.2580245378413732,shape,1.8191324769777866,0.69691659870496,7,7,5,2788800,2808000,19,b899c77705a5a530fc4dbac72f53c531ab4be9dbe1168917ab7d16a54006956f,3200,1973200,522
MSREG_small_6e2e03f5914ac2f5,MG1655,916400,919600,918000.0,small,WIN_small_6e2e03f5914ac2f5,1.2572576839274363,3200,0.37735277015657986,1.2572576839274363,shape,1.4550507355667164,1.0594646322881562,7,7,4,905600,923200,18,7e291d7fd3bee1f16703fcd7c9945390ca56c6ed808022c836fce352bb4f699d,3200,1976400,523
MSREG_small_d88cff43c26bbace,MG1655,3641600,3644800,3643200.0,small,WIN_small_d88cff43c26bbace,1.2568752701374626,3200,1.2568752701374626,0.0554847201662344,density,1.2828897701394677,1.2308607701354575,4,2,0,3641600,3648800,6,fef3b92a1ef9381b23f0fea0e25c73ca6288c66965907c97226a21a518f2f73f,3200,1978000,524
MSREG_small_98a2d053c135dc70,MG1655,3176800,3180000,3178400.0,small,WIN_small_98a2d053c135dc70,1.256493528625228,3200,1.256493528625228,0.3152677537361904,density,1.2379226246229444,1.2750644326275111,4,0,0,3176800,3181200,4,50bec75441c8397236ed764ffe275335e85588863c4ab866c7b4581fef86f666,3200,1979600,525
MSREG_medium_9223b5702008cbc5,MG1655,456000,462400,459200.0,medium,WIN_medium_9223b5702008cbc5,1.2556498244700969,6400,1.2556498244700969,0.10916178096021106,density,1.2737559107973193,1.2375437381428744,12,3,0,454400,462400,15,e56fce0d8715bd672fa2591265ed82b489b656ef040ca5ef002fca1ec7fd8d4d,6400,1984400,526
MSREG_small_5debb44710a65cd4,MG1655,653600,656800,655200.0,small,WIN_small_5debb44710a65cd4,1.2543429120970744,3200,0.17840982856432008,1.2543429120970744,shape,0.6615246236161186,1.8471612005780302,7,7,7,643200,665600,21,c4cae4135098d6a73c6f2e6ec4972f74c5d63aea232976b6519d7b2807301422,3200,1987600,527
MSREG_small_51e08d4d1eeb57f1,MG1655,2816400,2819600,2818000.0,small,WIN_small_51e08d4d1eeb57f1,1.2539655927302835,3200,1.2539655927302835,0.03648903384895018,density,1.290858699810743,1.2170724856498243,6,3,0,2815600,2824000,9,1396a0ca545316615a6a0c149a003acde096a814f9faf4ebc1ee5dc7e3f06db9,3200,1990000,528
MSREG_small_376cc72428d278c7,MG1655,100800,104000,102400.0,small,WIN_small_376cc72428d278c7,1.2539655927302835,3200,1.2539655927302835,0.3108328672738421,density,1.2170724856498243,1.290858699810743,1,0,0,100800,104000,1,751937c431dc81864a3b2a3d2cf1fb64b115e88a7692663a7de6fc92e5e96a5f,3200,1990000,529
MSREG_small_161065d993f34d0d,MG1655,4015600,4018800,4017200.0,small,WIN_small_161065d993f34d0d,1.2534008401597987,3200,1.2534008401597987,0.9850232657776358,density,1.3700399458583679,1.2828897701394677,4,2,1,4004800,4018800,7,00186d5f1f75da747a6c22137ebeef42fb55ff944ca8466cd5b06cf7fa71cdc6,3200,1991600,530
MSREG_small_9351335e2534ff5d,MG1655,1980400,1983600,1982000.0,small,WIN_small_9351335e2534ff5d,1.2530877222382746,3200,0.1621157066293148,1.2530877222382746,shape,0.48292298484283774,2.0232524596337114,7,8,4,1972800,1990400,19,b248a012b10a0e5bc5bc661a6c25d51e1f0e01b11e467cfd5baf9f0736ae8b75,3200,1994800,531
MSREG_small_3be44bac8afae3a6,MG1655,3247200,3250400,3248800.0,small,WIN_small_3be44bac8afae3a6,1.2514667476525287,3200,0.8031758947469312,1.2514667476525287,shape,0.841408871688939,1.6615246236161185,7,7,8,3236800,3260800,22,b96f34ee18c1d2acd55b3c9bc3f9d1a40ede5576cade864973658daee88e164e,3200,1998000,532
MSREG_small_62de3ea39521d2f9,MG1655,1800800,1804000,1802400.0,small,WIN_small_62de3ea39521d2f9,1.2505989014007994,3200,1.2505989014007994,0.02827628600011814,density,1.290858699810743,1.210339102990856,4,2,0,1800800,1808000,6,cf63304bbca047f90a0354453a1e41f01331a0d4a8a6696bba11af83a13881b6,3200,1999600,533
MSREG_small_22d55080e71ad774,MG1655,1273200,1276400,1274800.0,small,WIN_small_22d55080e71ad774,1.247283611951293,3200,0.40469684013399654,1.247283611951293,shape,1.2037085240918428,1.290858699810743,7,8,5,1267200,1286400,20,0d1b05cf234b5bdc6480dc29e14cbe53d540ea30dcc79a1a122d123d599e43b4,3200,2002800,534
MSREG_small_ca3ee9f66fee7066,MG1655,4456400,4459600,4458000.0,small,WIN_small_ca3ee9f66fee7066,1.2457657304670915,3200,0.6665071880867403,1.2457657304670915,shape,1.0364807253674666,1.4550507355667164,4,0,0,4455600,4460000,4,d77e2bc4b44275ef1cb1c4684764f11ab88e253bee942f147b4fe7b42b354fa7,3200,2004000,535
MSREG_small_d2d69218226824d1,MG1655,145200,148400,146800.0,small,WIN_small_d2d69218226824d1,1.2435385597539665,3200,0.5677482708149402,1.2435385597539665,shape,1.1540207399027353,1.3330563796051977,7,8,5,134400,153600,20,630e04dd11db9300db6f96d4defdf1a8a2e03254f4e8ad52578a57bb962fc68c,3200,2007200,536
MSREG_medium_27353dc91728e5f4,MG1655,1505600,1512000,1508800.0,medium,WIN_medium_27353dc91728e5f4,1.2435319571785446,6400,0.14202625529227195,1.2435319571785446,shape,1.4313637641589874,1.0557001501981018,7,2,0,1504800,1512000,9,51e1e85ddbb2d3d6c26420459c6a8d8325aa3e6efb5fb542e9bfd44c2e0f8402,6400,2009600,537
MSREG_small_e45da0c90aac282e,MG1655,3936000,3939200,3937600.0,small,WIN_small_e45da0c90aac282e,1.2432991471156551,3200,1.2432991471156551,0.08038136386783967,density,1.2037085240918428,1.2828897701394677,2,0,0,3936000,3939600,2,53842e1fb494b0f960b14515cd997e382b09df1eab15c9c271782e2ddb20c532,3200,2010000,538
MSREG_small_2b6b86f8a3eed50b,MG1655,982400,985600,984000.0,small,WIN_small_2b6b86f8a3eed50b,1.2422250448055223,3200,1.2422250448055223,0.0776231511816419,density,1.2673776039612201,1.2170724856498243,4,1,0,979200,985600,5,857b607cdca703efe511064b6849dccb57888a202520372662da599cdf4b58e3,3200,2011600,539
MSREG_small_cf78c0cc1a5dc585,MG1655,3543200,3546400,3544800.0,small,WIN_small_cf78c0cc1a5dc585,1.242106027405474,3200,0.4190922578168105,1.242106027405474,shape,0.8588996038492743,1.6253124509616739,7,4,0,3539200,3548000,11,262c5aa7cd332ecddfebf3cdecee1a43bcf76b15480dbec46e83483cfdedb064,3200,2014800,540
MSREG_small_0e1161cd221e3ebc,MG1655,3993200,3996400,3994800.0,small,WIN_small_0e1161cd221e3ebc,1.2418681881254519,3200,1.2418681881254519,0.1444625946791989,density,1.2239119101801297,1.2598244660707743,7,5,0,3991200,4000800,12,5f31efe2f186d1b8c2462a989aef854b9f0e1bb6ec15199b9b70ca11b5b5e896,3200,2018000,541
MSREG_small_594d2b404f75234e,MG1655,4061600,4064800,4063200.0,small,WIN_small_594d2b404f75234e,1.2400337135361763,3200,1.2400337135361763,0.03514168366724315,density,1.2828897701394677,1.197177656932885,7,7,8,4051200,4075200,22,2ef44ec68cb4dcc48a4c799b96bd4cbbc041303543e072efbf2f7e8ae602d69f,3200,2021200,542
MSREG_medium_84bc682dd61b891b,MG1655,2376800,2383200,2380000.0,medium,WIN_medium_84bc682dd61b891b,1.2392879020657852,6400,0.13786803673248593,1.2392879020657852,shape,0.8430920573166583,1.6354837468149122,15,7,6,2368000,2388800,28,de2c6350cef8820be01d1a2715d7ca57fff583365345103b1166de955785e965,6400,2027600,543
MSREG_small_fb474ecbda6bd687,MG1655,2965600,2968800,2967200.0,small,WIN_small_fb474ecbda6bd687,1.2384484758602992,3200,1.2384484758602992,0.5012080749333953,density,1.2170724856498243,1.2598244660707743,7,6,3,2955200,2972000,16,fa407e735bf5e9a6bdac2957ab4005eafbde56716f62e2c6409032f04715d812,3200,2030800,544
MSREG_small_82eddfc49000fab5,MG1655,3606000,3609200,3607600.0,small,WIN_small_82eddfc49000fab5,1.2376310343535994,3200,0.7334978502785596,1.2376310343535994,shape,1.3604946279521375,1.1147674407550616,7,8,4,3601600,3619200,19,6e872f427cbc9d1789d1db55b9b65faa8c92361dcf693ce5bfd234528c2f28e6,3200,2034000,545
MSREG_small_45c41cad0adff5a1,MG1655,4372800,4376000,4374400.0,small,WIN_small_45c41cad0adff5a1,1.235081784530815,3200,1.235081784530815,0.04739068530903078,density,1.2598244660707743,1.210339102990856,6,3,0,4372000,4380000,9,344895a61c2c3b69a697164f6c2c41cdcb1f46ba108bb5a0405b4a097e12c21c,3200,2036400,546
MSREG_small_73b6a16e3244c522,MG1655,744400,747600,746000.0,small,WIN_small_73b6a16e3244c522,1.234966617601066,3200,0.4534026262130861,1.234966617601066,shape,1.6615246236161185,0.8084086115860136,6,3,0,740000,748400,9,692f1afb45cf94a21c500c61dfe2340f34dbcd0cb8f1990cdefe3ba5129b6d55,3200,2038800,547
MSREG_small_6b99a0e251b8f2db,MG1655,4435200,4438400,4436800.0,small,WIN_small_6b99a0e251b8f2db,1.2321071182742145,3200,0.4441677449239518,1.2321071182742145,shape,1.7010331648997923,0.7631810716486367,4,1,0,4435200,4441600,5,77bc369251df99b52bb660cb158021590a9f6f8b453a53ab03d213a1e22a10b1,3200,2040400,548
MSREG_small_4fdfc0c0edf95e99,MG1655,708000,711200,709600.0,small,WIN_small_4fdfc0c0edf95e99,1.2309172674015372,3200,1.2309172674015372,0.05691565167702976,density,1.2239119101801297,1.2379226246229444,7,6,3,704800,721600,16,2e5e65f15afe2a09b30e184cbae40f4e95db035d2070c5f46c0b0563d1ace28f,3200,2043600,549
MSREG_small_1a26146948203a6e,MG1655,2744000,2747200,2745600.0,small,WIN_small_1a26146948203a6e,1.2309172674015372,3200,1.2309172674015372,0.52338713267606,density,1.2239119101801297,1.2379226246229444,4,0,0,2742800,2747200,4,f460e73472deae42f42a74777c5245552afc5b044fd0e73b65232ac60e6598ba,3200,2045200,550
MSREG_small_5029395add229f91,MG1655,3328400,3331600,3330000.0,small,WIN_small_5029395add229f91,1.2285569480652447,3200,0.6701326046094043,1.2285569480652447,shape,1.0020631605637733,1.4550507355667164,5,3,2,3328000,3342400,10,86a8bb691fd18fa447b2c7d7745f0c38761d24710ac5f296a18e3b69974496c4,3200,2047200,551
MSREG_small_85f50bda7c6347dd,MG1655,2482800,2486000,2484400.0,small,WIN_small_85f50bda7c6347dd,1.228389331506593,3200,1.228389331506593,0.04143597747675495,density,1.290858699810743,1.165919963202443,7,7,0,2478400,2489600,14,17f3cad6759530a6c5646c984450bb0f28420254b5b7eac206854126a28555b0,3200,2050400,552
MSREG_small_61e87f1eee2db523,MG1655,3437200,3440400,3438800.0,small,WIN_small_61e87f1eee2db523,1.2273863401577936,3200,1.2273863401577936,0.03718900980568715,density,1.2239119101801297,1.2308607701354575,1,0,0,3437200,3440400,1,6fb11fcba9427c5a096a3338108952cae1b2b9e824d1e9a3c4652c1fb5c42a9d,3200,2050400,553
MSREG_small_15e30352b911740d,MG1655,3526000,3529200,3527600.0,small,WIN_small_15e30352b911740d,1.2257249147540596,3200,0.6034505948982931,1.2257249147540596,shape,1.410468602913976,1.0409812265941432,7,7,3,3516800,3532800,17,b8b6a622b54e229a8daaf4e35be792cb34b9641000943f547bd890140bf4fa6f,3200,2053600,554
MSREG_small_d800e0f5add53049,MG1655,2698000,2701200,2699600.0,small,WIN_small_d800e0f5add53049,1.2252840064991246,3200,0.3784446071476546,1.2252840064991246,shape,1.2598244660707743,1.1907435469274752,7,6,3,2688000,2704000,16,895445c5be3a04bdaec960f4595911ec47f8447205d7314d84e8e02e65367988,3200,2056800,555
MSREG_small_e3f961b1a95d15f7,MG1655,450400,453600,452000.0,small,WIN_small_e3f961b1a95d15f7,1.2250638876349118,3200,0.5669395278281306,1.2250638876349118,shape,1.351154601697994,1.0989731735718298,3,0,0,450000,454000,3,eadf54d1ae29f92766f04a00590596e6403bfb953cca6ac95aa9a334a1a3970d,3200,2057600,556
MSREG_small_fde62a750502d473,MG1655,1947200,1950400,1948800.0,small,WIN_small_fde62a750502d473,1.224459708757609,3200,0.678877970689572,1.224459708757609,shape,0.9938686819485018,1.4550507355667164,7,5,2,1944800,1960000,14,9a2755fb085c5eec88f2ba60f0186492cc793f28d4cb6094ac43fbe9a1d1f000,3200,2060800,557
MSREG_small_419d8835dc69fed1,MG1655,2465600,2468800,2467200.0,small,WIN_small_419d8835dc69fed1,1.223420070239503,3200,0.43280547968664396,1.223420070239503,shape,1.4321878526072123,1.0146522878717938,7,7,7,2456000,2478400,21,30cbceadc8b49d75ea0ca66c553da963af7353b3bf6057c2121ecca2bb1c7069,3200,2064000,558
MSREG_small_d396d5ef167dbb30,MG1655,801200,804400,802800.0,small,WIN_small_d396d5ef167dbb30,1.2224397198567392,3200,0.07498521741480521,1.2224397198567392,shape,1.1540207399027353,1.290858699810743,7,6,5,795200,814400,18,94374af5d75e6cbf2e9c7429a5b65d57dfeda98e61fa65ae7c85f94857c5935c,3200,2066800,559
MSREG_medium_2574e5587cf2080a,MG1655,1356800,1363200,1360000.0,medium,WIN_medium_2574e5587cf2080a,1.2217991102879995,6400,0.025901135899741853,1.2217991102879995,shape,1.255272505103306,1.188325715472693,15,7,4,1353600,1371200,26,19854140fc6215d50310995a9330bfd4b273ec61e4297b7c64ea35ba01d946aa,6400,2073200,560
MSREG_small_406656cac0b00b16,MG1655,2142400,2145600,2144000.0,small,WIN_small_406656cac0b00b16,1.2212474934275963,3200,0.4211978970546325,1.2212474934275963,shape,1.410468602913976,1.0320263839412167,4,0,0,2141200,2145600,4,a74beaf91cae7c63cfba3d374eb59d3e82043ee36fdd5c56b988ac594bc1e537,3200,2074800,561
MSREG_small_424bf41a4fda38bd,MG1655,956400,959600,958000.0,small,WIN_small_424bf41a4fda38bd,1.2206538259395225,3200,0.24519532678141842,1.2206538259395225,shape,1.315682283535775,1.12562536834327,7,5,0,954400,964000,12,b6685edc611bcab61ed7b77e01c66b5d46975eb8b65839e173735944df3f0c2f,3200,2078000,562
MSREG_small_3f7cc21df4028e4e,MG1655,1973600,1976800,1975200.0,small,WIN_small_3f7cc21df4028e4e,1.2195249480263772,3200,0.4970363164921069,1.2195249480263772,shape,1.1481911962420115,1.290858699810743,7,4,0,1972000,1980800,11,21b246456433419bbec392bd06665693fcd5306a7779709a3538bfd63b3a4c26,3200,2081200,563
MSREG_small_998314d95c61b8d1,MG1655,150400,153600,152000.0,small,WIN_small_998314d95c61b8d1,1.2179223780887716,3200,1.2179223780887716,0.028935529869291803,density,1.245101209250068,1.1907435469274752,5,1,0,147200,154000,6,31c7108f4d27fb7631f5464abb786e1fcfff5e7e938ab7a5be69fa7a2b6ca9d5,3200,2083200,564
MSREG_small_229299bc550d36ce,MG1655,1702400,1705600,1704000.0,small,WIN_small_229299bc550d36ce,1.2179223780887716,3200,0.6002571955675926,1.2179223780887716,shape,1.315682283535775,1.1201624726417678,6,0,0,1701200,1706400,6,7150bdc4785f21fd619bd8e0a1952d6b83d23bfdb939d81c7017091765708ce5,3200,2085200,565
MSREG_small_312da9db06aa90bc,MG1655,958400,961600,960000.0,small,WIN_small_312da9db06aa90bc,1.2179223780887716,3200,0.20902989501907265,1.2179223780887716,shape,1.546131204914049,0.8897135512634939,5,2,0,958000,965600,7,f2e90b46bf949f53df902915bb053c8b7867787f3c094e3fc636ef4d8082a1ff,3200,2087200,566
MSREG_small_a9b769b5f80c041d,MG1655,2543200,2546400,2544800.0,small,WIN_small_a9b769b5f80c041d,1.2175501407779148,3200,1.2175501407779148,0.04030322978053232,density,1.197177656932885,1.2379226246229444,5,2,0,2539200,2546800,7,c5e8debe9561eb2db75bb754be9afa9015458a5e08e08b6192ebe7188c460c59,3200,2089200,567
MSREG_small_c7c4fcdf11d49be7,MG1655,2039600,2042800,2041200.0,small,WIN_small_c7c4fcdf11d49be7,1.2155404831907395,3200,0.19686828901134124,1.2155404831907395,shape,1.6253124509616739,0.8057685154198052,7,4,1,2030400,2044000,12,2ac730cef90c477b68ce2c27d3d8b583ca2aa29f27eb1562b1eb2afb57778998,3200,2092000,568
MSREG_medium_6ce85c5bb3e2c889,MG1655,893600,900000,896800.0,medium,WIN_medium_6ce85c5bb3e2c889,1.214179127009631,6400,0.04890955916774687,1.214179127009631,shape,1.255272505103306,1.173085748915956,15,6,0,892000,902400,21,9b86032e9f0f08e3cdc44813ef49436736763ec5daac250776c31f7e6e965ba9,6400,2098400,569
MSREG_small_cb3606da2caa7236,MG1655,1223600,1226800,1225200.0,small,WIN_small_cb3606da2caa7236,1.2138102171359861,3200,1.2138102171359861,0.048068084945495665,density,1.2037085240918428,1.2239119101801297,6,0,0,1222400,1227600,6,c1ef023b6bb5e455295deeb9d93453e4be8bdcff03ab7f931173a5f529c2c9b3,3200,2100800,570
MSREG_small_0a5f9a88b3f6e21b,MG1655,3057600,3060800,3059200.0,small,WIN_small_0a5f9a88b3f6e21b,1.2138102171359861,3200,0.6358772230918063,1.2138102171359861,shape,1.7679799545304054,0.6596404797415671,6,3,0,3056800,3064800,9,eb2f52537b8a76f82f099ad22b24cf917629d2cd3b6a8424361d9cbcc4be100d,3200,2103200,571
MSREG_small_7a890be82f460312,MG1655,888400,891600,890000.0,small,WIN_small_7a890be82f460312,1.2123528476323777,3200,0.45932442911378435,1.2123528476323777,shape,0.7631810716486367,1.6615246236161185,5,2,0,884800,892000,7,418c0636379898faba6bcf241fecaed0d74ac6659f45a6054ab1ed2457b8e49d,3200,2105200,572
MSREG_small_1e9451afff73c654,MG1655,2688800,2692000,2690400.0,small,WIN_small_1e9451afff73c654,1.2108021585314663,3200,0.45077864279852464,1.2108021585314663,shape,1.5318907657994387,0.8897135512634939,7,7,6,2678400,2699200,20,b160607e30a151c1c1610bed07d99341107f6e66729431c2d69e8c854cb92494,3200,2108400,573
MSREG_small_8a1aadbea8e6c55b,MG1655,3601600,3604800,3603200.0,small,WIN_small_8a1aadbea8e6c55b,1.2103905048708334,3200,1.2103905048708334,0.48438505420272315,density,1.2037085240918428,1.2170724856498243,4,0,0,3601600,3606000,4,c578818de0cd275a52a37d75c7cdc519bdec32fd9d44ddcb9b3153e4580b2435,3200,2110000,574
MSREG_small_0027d3d26ecae550,MG1655,3562400,3565600,3564000.0,small,WIN_small_0027d3d26ecae550,1.2090579946085558,3200,0.4761287296043244,1.2090579946085558,shape,1.4917735425914564,0.926342446625655,5,0,0,3562000,3566800,5,ca1fbb042d0f86b60427206619147d21e918fd2ef97bc6ef2f6604b5f738e9f3,3200,2112000,575
MSREG_small_037030cea30c6d33,MG1655,1917600,1920800,1919200.0,small,WIN_small_037030cea30c6d33,1.2080385221211993,3200,0.3022164913321962,1.2080385221211993,shape,0.9368926289589632,1.4791844152834357,4,1,0,1917600,1924000,5,5578b1e98d399c2ef6e06de9a3d36dea31d54e8ae4fa054730cde5367de494a9,3200,2113600,576
MSREG_small_0c16ce5b6f4e0052,MG1655,784400,787600,786000.0,small,WIN_small_0c16ce5b6f4e0052,1.2076320695159568,3200,0.49050555051078515,1.2076320695159568,shape,0.883373373232475,1.5318907657994387,5,3,0,780000,788000,8,edf41f96e17945ba91b0e0948902c1e463d096a711f1733aa13f7ee99cda8aa7,3200,2115600,577
MSREG_small_2547dd0eef7aaf6d,MG1655,4181200,4184400,4182800.0,small,WIN_small_2547dd0eef7aaf6d,1.2073277285538024,3200,1.2073277285538024,0.8703296687044846,density,1.2239119101801297,1.1907435469274752,4,0,0,4181200,4185600,4,570d2dea41b71f08efca2a561d818fc0ac06e3ebbd228e4ff4a2a095f2a4db43,3200,2117200,578
MSREG_small_ce78fbeff8883a46,MG1655,1180800,1184000,1182400.0,small,WIN_small_ce78fbeff8883a46,1.2073277285538024,3200,0.22883211962006453,1.2073277285538024,shape,1.400003169235811,1.0146522878717938,7,4,2,1179200,1193600,13,93fa4831c7e592b3c52190425a5ac075e5f8c2e5de7184fa9d3a717632ac9a40,3200,2120400,579
MSREG_small_ba9c777388d46bd2,MG1655,4182800,4186000,4184400.0,small,WIN_small_ba9c777388d46bd2,1.2070238135413494,3200,1.2070238135413494,1.0659222443391005,density,1.2037085240918428,1.3072491159989124,1,0,0,4182800,4186000,1,322079cd6de293d4e5bc593be767d43572d51723203363258054041ee9fb29e6,3200,2120400,580
MSREG_small_a4b3c248aa9afd11,MG1655,1957600,1960800,1959200.0,small,WIN_small_a4b3c248aa9afd11,1.2055105862262554,3200,0.3110338002215672,1.2055105862262554,shape,1.421192468305749,0.9898287041467617,7,7,7,1948800,1971200,21,4bbc0fa8327bda562457e22604773bc99d59a8ecbea759081041db3c05c1dd83,3200,2123600,581
MSREG_small_cb8cf32b81bde424,MG1655,1088400,1091600,1090000.0,small,WIN_small_cb8cf32b81bde424,1.2022181459629593,3200,0.19559486399331016,1.2022181459629593,shape,1.0887540083901437,1.315682283535775,7,8,4,1078400,1096000,19,fb10d61122bee21ed58bea9c91c2f8d49e48cb6ea7009c60ccb0a86f3b452a56,3200,2126800,582
MSREG_small_41d17742d3c01856,MG1655,1022000,1025200,1023600.0,small,WIN_small_41d17742d3c01856,1.1995609745764015,3200,0.202072637751556,1.1995609745764015,shape,0.9440712135860867,1.4550507355667164,7,6,3,1019200,1035200,16,0d146e737647ea6ad1d6f83c0fa57f912febb19b06b928fb2eb08079f9af46bd,3200,2130000,583
MSREG_small_05866955427bf961,MG1655,4041600,4044800,4043200.0,small,WIN_small_05866955427bf961,1.1992677304522257,3200,0.32048707772329826,1.1992677304522257,shape,1.7444988586808825,0.6540366022235686,7,7,6,4033600,4054400,20,82b59fb697af51968b9aeee4a76f5a78672666c57d444cb77b732aef8c7f4aab,3200,2133200,584
MSREG_medium_1a6e64e8b70a8f67,MG1655,2365600,2372000,2368800.0,medium,WIN_medium_1a6e64e8b70a8f67,1.197953115119062,6400,0.03127919398947113,1.197953115119062,shape,0.7604224834232121,1.6354837468149122,15,7,7,2356800,2379200,29,11c466fd66788feb4ce3c731971114d20c15a2b08f44e41f9949c561a7b7447c,6400,2139600,585
MSREG_medium_20433116e6c13c83,MG1655,2200000,2206400,2203200.0,medium,WIN_medium_20433116e6c13c83,1.197953115119062,6400,0.019008550426262108,1.197953115119062,shape,0.7604224834232121,1.6354837468149122,15,7,7,2192000,2214400,29,613d4881c84a1cbb0f90e0e75f601b03cabd00cc837595f5e4db02c66ac293d0,6400,2146000,586
MSREG_small_d2ea2af696f3fba6,MG1655,657200,660400,658800.0,small,WIN_small_d2ea2af696f3fba6,1.197953010547383,3200,1.197953010547383,0.04030322978053232,density,1.2239119101801297,1.1719941109146361,7,5,0,655200,664800,12,7f1826e427e4059d1ecbd01a64d63c6fa9d255bdd6ab9628d003219348aaea49,3200,2149200,587
MSREG_small_a618203a9d7f3f4d,MG1655,3545200,3548400,3546800.0,small,WIN_small_a618203a9d7f3f4d,1.197953010547383,3200,1.197953010547383,0.04211373620601746,density,1.2239119101801297,1.1719941109146361,2,0,0,3544800,3548400,2,a16c8a5a3b283ac70f74cfd463dc1d1df1dce091ee0559006456ef60b5ba991e,3200,2149600,588
MSREG_small_fa07591e7e1a020e,MG1655,4503600,4506800,4505200.0,small,WIN_small_fa07591e7e1a020e,1.1976134526346396,3200,1.1976134526346396,0.028937313119265753,density,1.2750644326275111,1.1201624726417678,4,2,1,4492800,4506800,7,cf71abeea190952d7a58917baddc83ca307bb1ad3adb49ff2a89a4c11a0b9a22,3200,2151200,589
MSREG_small_e97f3c1f2180a2d3,MG1655,2412000,2415200,2413600.0,small,WIN_small_e97f3c1f2180a2d3,1.1975165335341904,3200,1.1975165335341904,0.27474614645754175,density,1.290858699810743,1.1041743672576376,7,5,3,2409600,2425600,15,cc91f7e1c32a6d4ca1e9fc69d7d8f51305a7e15b6c1ebd71415bd38d329f9d16,3200,2154400,590
MSREG_small_4d5635a866da3aee,MG1655,2185200,2188400,2186800.0,small,WIN_small_4d5635a866da3aee,1.1960679141460684,3200,0.13839952112703624,1.1960679141460684,shape,1.6430412179221054,0.7490946103700316,7,8,5,2179200,2198400,20,24273eadb13085d8e9da484a9b749e12fc2f6defa7279c00b21c046f4757912c,3200,2157600,591
MSREG_small_7620d2bfff5c51e5,MG1655,700400,703600,702000.0,small,WIN_small_7620d2bfff5c51e5,1.1949159366912863,3200,1.1949159366912863,0.3102409517887734,density,1.1147674407550616,1.2750644326275111,7,2,0,697600,704800,9,107c96b6d42ecf66ab41b2b64d2da7b8ff12b2208c46cbcd4d038c3bd169b4eb,3200,2160400,592
MSREG_small_9453692f102ed390,MG1655,1788400,1791600,1790000.0,small,WIN_small_9453692f102ed390,1.1942467613051553,3200,0.2994300652828026,1.1942467613051553,shape,0.7631810716486367,1.6253124509616739,4,0,0,1788400,1792800,4,e279846a33c0e289349e3b61a51692edb5a38c4949120076726024a1d76c98d8,3200,2162000,593
MSREG_small_95295dd2be2eda1e,MG1655,4160800,4164000,4162400.0,small,WIN_small_95295dd2be2eda1e,1.1940559464941494,3200,1.1940559464941494,0.08828182465868772,density,1.2037085240918428,1.1844033688964561,7,7,8,4150400,4174400,22,7e3e839d5d04d44369da81baca5cad8bc8199bbe207a951571e6c25fc6f02890,3200,2165200,594
MSREG_small_a01d92ce78ff8165,MG1655,3342400,3345600,3344000.0,small,WIN_small_a01d92ce78ff8165,1.19396060193018,3200,1.19396060193018,0.8634496200680952,density,1.1907435469274752,1.197177656932885,4,2,1,3332800,3345600,7,a2f7567b0be7c03ab597f87acf124285fc29efaa5fcab31287484673719ee962,3200,2166800,595
MSREG_small_3f2c17c36dd8b2dd,MG1655,536400,539600,538000.0,small,WIN_small_3f2c17c36dd8b2dd,1.1923461168650809,3200,0.17436064461466602,1.1923461168650809,shape,1.546131204914049,0.8385610288161127,7,8,3,528000,544000,18,26816ab12c9d02668e4bc26f84f8749dea05f6b49ce0eb01ffd13ba302171c03,3200,2170000,596
MSREG_small_29941448789bb2ef,MG1655,1208800,1212000,1210400.0,small,WIN_small_29941448789bb2ef,1.1923461168650809,3200,0.34268236115176687,1.1923461168650809,shape,1.0146522878717938,1.3700399458583679,4,0,0,1208800,1213200,4,d7d277b8b92319fd7ca405eb7a96caf8eacb57ff0f3d25eef45cc1382804ecc5,3200,2171600,597
MSREG_small_9f2da4efa3de2561,MG1655,4491600,4494800,4493200.0,small,WIN_small_9f2da4efa3de2561,1.1914962244261336,3200,0.26943244985210907,1.1914962244261336,shape,1.2170724856498243,1.165919963202443,4,2,0,4491600,4499200,6,35e30851c5e22556fe28ded58ccfbc0748bf271022a3e55d4db9afd09a957cce,3200,2173200,598
MSREG_small_0a8012a29a430514,MG1655,194000,197200,195600.0,small,WIN_small_0a8012a29a430514,1.1907905129146705,3200,1.1907905129146705,0.06901102252908843,density,1.197177656932885,1.1844033688964561,4,2,1,184000,197200,7,98bf463dfb5d97db61823f3fd27917146428b47af3dc900999249690b4fa8f74,3200,2174800,599
MSREG_small_ecffdb19bca22a2a,MG1655,1675600,1678800,1677200.0,small,WIN_small_ecffdb19bca22a2a,1.1860515532110707,3200,0.6581682894181765,1.1860515532110707,shape,1.0020631605637733,1.3700399458583679,6,0,0,1674400,1679600,6,07cfe022d8a757cdede067fd67a3d4542b176077172641b2835de66c7022a58e,3200,2177200,600
MSREG_small_d3a351150fbe01ca,MG1655,1950000,1953200,1951600.0,small,WIN_small_d3a351150fbe01ca,1.1855466127762797,3200,0.37735277015657986,1.1855466127762797,shape,0.9160424899858431,1.4550507355667164,7,4,0,1948800,1957600,11,412f19f00a0421c0a9a18c843c88cea091cc95f5e642575f113aebc87db20546,3200,2180000,601
MSREG_small_3615dff777f59a14,MG1655,4023200,4026400,4024800.0,small,WIN_small_3615dff777f59a14,1.184448983273465,3200,1.184448983273465,0.4123419826936907,density,1.1907435469274752,1.1781544196194547,1,0,0,4023200,4026400,1,ea7af07adffd024c342adda74dbe6b7f6bd26fa926445bb9d1ecabd0d6a266f1,3200,2180000,602
MSREG_small_12913e4dfdbd2cfe,MG1655,1326800,1330000,1328400.0,small,WIN_small_12913e4dfdbd2cfe,1.1831753887665248,3200,0.33831071496597187,1.1831753887665248,shape,0.9228819145161485,1.4434688630169012,5,5,4,1321600,1339200,14,da57c56b4bcfc6daee63167924050ef8635547ce7f5e5d0cbe0bb33d18985ba7,3200,2182000,603
MSREG_small_54703f4ea3e78fb0,MG1655,3362400,3365600,3364000.0,small,WIN_small_54703f4ea3e78fb0,1.1819092205088273,3200,0.18994667542419646,1.1819092205088273,shape,0.9740344369635299,1.389784004054125,7,7,8,3352000,3376000,22,75ad19f52d7ba4b61a123d61810de5c5f2b16d95cf0830ee949fa745c60c02ef,3200,2185200,604
MSREG_small_a60d76338c1bd091,MG1655,1261200,1264400,1262800.0,small,WIN_small_a60d76338c1bd091,1.1815488100676639,3200,1.1815488100676639,0.29340547139472617,density,1.197177656932885,1.165919963202443,7,1,0,1260000,1266400,8,a8dde3649d33097dbc8ff745885fde9c9e45d8baa4b69d9f5a50d6d54880298a,3200,2188000,605
MSREG_medium_7d4151aa243c9809,MG1655,3022400,3028800,3025600.0,medium,WIN_medium_7d4151aa243c9809,1.1785768206230536,6400,0.044979505319875074,1.1785768206230536,shape,1.334453751150931,1.0226998900951765,15,7,4,3014400,3032000,26,69757aaa3a7d08899b6b8719cb09ac2102aa0e6d09b3de9efcd1ef5b063f32b2,6400,2194400,606
MSREG_small_2ee38b54a0356320,MG1655,3486800,3490000,3488400.0,small,WIN_small_2ee38b54a0356320,1.1775348835616803,3200,1.1775348835616803,0.07688524108350947,density,1.131157856943231,1.2239119101801297,4,2,1,3486800,3500800,7,60edcb114119c2e47fe8fdc3c6b1e3d3467cdbcc775006420130502aa23f7e44,3200,2196000,607
MSREG_small_d527a2cf95ab7908,MG1655,3655200,3658400,3656800.0,small,WIN_small_d527a2cf95ab7908,1.176345032689003,3200,1.176345032689003,0.04053753680033745,density,1.2379226246229444,1.1147674407550616,7,7,5,3649600,3668800,19,a49b36206b42370e71736cda3f983412989fa16e4f16a6ecf9c41c99d748d4e6,3200,2199200,608
MSREG_small_fe4f7cad82f72996,MG1655,3696000,3699200,3697600.0,small,WIN_small_fe4f7cad82f72996,1.173854333738496,3200,0.698293100266002,1.173854333738496,shape,1.4917735425914564,0.8559351248855354,4,2,1,3686400,3699200,7,7629243704f4371c1a3aed81a7218b95a6418037be543d8f55eeaa07cce3ac93,3200,2200800,609
MSREG_small_9ab8985365eb9d4c,MG1655,3991200,3994400,3992800.0,small,WIN_small_9ab8985365eb9d4c,1.1720371914109489,3200,1.1720371914109489,0.511330041362104,density,1.1781544196194547,1.165919963202443,2,0,0,3991200,3994800,2,1b8307d7263a37fa369a725f4ebe6dd5d678e0bf39d279fbf6da1ca5ced26b9c,3200,2201200,610
MSREG_small_eae7120cec23e31f,MG1655,3178400,3181600,3180000.0,small,WIN_small_eae7120cec23e31f,1.1720371914109489,3200,1.1720371914109489,1.0009042010786144,density,1.4917735425914564,1.2239119101801297,3,0,0,3178400,3182400,3,b48e3be01e7672b3a42a9dd27a4b65126916ff4d3fce92952a30cdd5f6f469c3,3200,2202000,611
MSREG_small_79a45396f76902bb,MG1655,4485200,4488400,4486800.0,small,WIN_small_79a45396f76902bb,1.1720371914109489,3200,1.1720371914109489,0.4947314719775504,density,1.165919963202443,1.1781544196194547,7,6,3,4475200,4491200,16,d2f78c5260552ba48c8581a60a0180220c43b0ceee76f99eff959ebab4851e87,3200,2205200,612
MSREG_medium_82f74ef6f07f91c3,MG1655,3757600,3764000,3760800.0,medium,WIN_medium_82f74ef6f07f91c3,1.1717985652954004,6400,0.017959527898416257,1.1717985652954004,shape,0.01743565010281939,2.334453751150931,15,7,3,3750400,3766400,25,24fefa7097d2e6a712ad453f21d9a2415206bee5d6fb6109e69486de3dff08cf,6400,2211600,613
MSREG_small_c08ff26548ad42da,MG1655,154000,157200,155600.0,small,WIN_small_c08ff26548ad42da,1.1694673715847435,3200,0.2686754019862581,1.1694673715847435,shape,1.0232524596337116,1.315682283535775,4,2,1,154000,168000,7,cc23ba9dd69517bf144a9e109b98a5a9fd1d75bf668de3a251a241aea2f3b537,3200,2213200,614
MSREG_small_0512e3b6c7a5a50f,MG1655,4482400,4485600,4484000.0,small,WIN_small_0512e3b6c7a5a50f,1.1643756130283536,3200,0.671069941522349,1.1643756130283536,shape,0.671069941522349,1.6615246236161185,7,3,1,4473600,4486800,11,749225890f90097deddc0b43575458117658f40d4d6f91ff5084648a8712a354,3200,2216000,615
MSREG_small_9af884ef816bc3fc,MG1655,3294000,3297200,3295600.0,small,WIN_small_9af884ef816bc3fc,1.1643756130283536,3200,0.7919336883475225,1.1643756130283536,shape,0.7537395154157952,1.6615246236161185,7,6,5,3288000,3307200,18,ac5bc2c1e9c36218d117d0d03c510042b9b9ca340187d5690a83343312ec792b,3200,2218800,616
MSREG_small_f1b73ca02b01869a,MG1655,3852400,3855600,3854000.0,small,WIN_small_f1b73ca02b01869a,1.163172807930733,3200,1.163172807930733,0.05114836449381803,density,1.1481911962420115,1.1781544196194547,7,8,5,3844800,3864000,20,ebc38bd0ced27b575599f17d0c4d95934d5e8f6dd058fff4259cba42a8128f1e,3200,2222000,617
MSREG_small_d8439888c7e7a200,MG1655,476800,480000,478400.0,small,WIN_small_d8439888c7e7a200,1.1610735575204982,3200,0.403217578537412,1.1610735575204982,shape,1.2673776039612201,1.0547695110797763,4,2,0,475200,482400,6,57d786071338e5642bca8f43e6daac0e5d62ab23f8fffce933a7954bf1a00ad4,3200,2223600,618
MSREG_small_1ef5275ef16a0212,MG1655,3244400,3247600,3246000.0,small,WIN_small_1ef5275ef16a0212,1.1600926535783238,3200,1.1600926535783238,0.20311114478537107,density,1.1481911962420115,1.1719941109146361,7,4,2,3233600,3248800,13,3870994ee216694153d2cb342a9becbb1745dddab9a3a4604d9599612adb55d2,3200,2226400,619
MSREG_large_59f41f03b58e2865,MG1655,4227200,4240000,4233600.0,large,WIN_large_59f41f03b58e2865,1.1596670658599884,12800,0.23579262622850175,1.1596670658599884,shape,1.3251636753807006,0.9941704563392761,31,15,5,4222400,4242400,51,cd7755165f804bbba83bb261c9163424c788fd3f4e78274b02fd2fb6d9d11576,12800,2239200,620
MSREG_small_0d94e46ba35c1c4e,MG1655,683600,686800,685200.0,small,WIN_small_0d94e46ba35c1c4e,1.1592379824234522,3200,0.31428173945436194,1.1592379824234522,shape,0.8137374450910805,1.504738519755824,5,3,0,679200,687200,8,148f8d26dc57efbb89045517df92e894d9b5b51002c3d1fd5fe310e713da7b6a,3200,2241200,621
MSREG_medium_30b23b469bb70258,MG1655,2045600,2052000,2048800.0,medium,WIN_medium_30b23b469bb70258,1.1586039009482978,6400,0.04164443811697012,1.1586039009482978,shape,1.1441220529806395,1.173085748915956,15,6,0,2044000,2054400,21,d7ff983a3ff7705822cd2acc031bac3cf73781284082aa4f7a21308099aa20a6,6400,2247600,622
MSREG_small_d1bde1a5e9702ee2,MG1655,438400,441600,440000.0,small,WIN_small_d1bde1a5e9702ee2,1.1563329592851368,3200,0.7090069071501501,1.1563329592851368,shape,0.9228819145161485,1.389784004054125,7,7,2,433600,448000,16,71927ea186031099cf359d40a614e0df1cc47fdac2b0e6992a6bafe76eceaba0,3200,2250800,623
MSREG_small_2d526fa61dd3f6d2,MG1655,2498800,2502000,2500400.0,small,WIN_small_2d526fa61dd3f6d2,1.1510668459677813,3200,0.3242963531658501,1.1510668459677813,shape,1.064211067312618,1.2379226246229444,7,8,5,2492800,2512000,20,57d05106b6369be85027e7a4adda5ec5b578ffc7e9207b3d0ded905e89b181d1,3200,2254000,624
MSREG_small_1ca4fbc85cc9b603,MG1655,3137600,3140800,3139200.0,small,WIN_small_1ca4fbc85cc9b603,1.1507541226144316,3200,0.29206693920714755,1.1507541226144316,shape,0.9858259616930879,1.315682283535775,7,7,3,3128000,3144800,17,7d1dfe6bbb7d85fcecf30b8341865697eca8829d24bd1966394f9812c723370e,3200,2257200,625
MSREG_small_fa1eef65ec4eee4d,MG1655,3880400,3883600,3882000.0,small,WIN_small_fa1eef65ec4eee4d,1.1506760120952613,3200,0.9003974448610657,1.1506760120952613,shape,1.197177656932885,1.1041743672576376,4,1,0,3876800,3883600,5,5e0453903cb512b2b66df61742ccede5f5bb0a20caa3ba75f1a30f4501c63189,3200,2258800,626
MSREG_small_dda2b6173d577eaa,MG1655,2382400,2385600,2384000.0,small,WIN_small_dda2b6173d577eaa,1.149935360164922,3200,0.32786259866690537,1.149935360164922,shape,1.245101209250068,1.0547695110797763,6,5,0,2380000,2389600,11,a5253a7d081d7c72bf5b4f128750505f84199115862fda036a171d3cc42aaa35,3200,2261200,627
MSREG_small_0299f3a2d0d97777,MG1655,1998000,2001200,1999600.0,small,WIN_small_0299f3a2d0d97777,1.1487710290056308,3200,0.2739318002168639,1.1487710290056308,shape,1.2828897701394677,1.0146522878717938,7,7,2,1993600,2008000,16,4c4a744abb3c66600b291a51cd2483db5d2f601a5b85947e4c40910ad7183b61,3200,2264400,628
MSREG_small_70226c1bf5284182,MG1655,2939200,2942400,2940800.0,small,WIN_small_70226c1bf5284182,1.1478054994426488,3200,0.5802441142523209,1.1478054994426488,shape,1.6615246236161185,0.634086375269179,7,6,3,2929600,2945600,16,7104c62d0dfb1e950fe4bf438b08ef37a4248e4b67a4e411b8d807e97611f373,3200,2267600,629
MSREG_small_c3b7322972a33d5a,MG1655,2732400,2735600,2734000.0,small,WIN_small_c3b7322972a33d5a,1.1478054994426488,3200,0.47861791311063684,1.1478054994426488,shape,1.4791844152834357,0.8164265836018618,7,4,0,2728000,2736800,11,ac104fa32243575f7b44a727d15de58b02a9403e6359fc53bb1edbafe9098bfa,3200,2270400,630
MSREG_medium_9c14f801bf4845e4,MG1655,941600,948000,944800.0,medium,WIN_medium_9c14f801bf4845e4,1.1450277779264904,6400,0.056408084118560735,1.1450277779264904,shape,1.173085748915956,1.1169698069370246,15,7,0,939200,950400,22,ab64890aec569898a12d2b64589917dd069ba9047952cd49b33789a9da88643b,6400,2276800,631
MSREG_small_35f835e5e9bc2b1c,MG1655,2097200,2100400,2098800.0,small,WIN_small_35f835e5e9bc2b1c,1.1447443422680612,3200,0.5036644174456909,1.1447443422680612,shape,0.9194487386777547,1.3700399458583679,7,8,4,2086400,2104800,19,7100f5d0f20af7dc7386888951e5e582b1b180fa1a6ac5dba2f5474d078aae04,3200,2280000,632
MSREG_small_f49c98f4ea0f03cc,MG1655,2704400,2707600,2706000.0,small,WIN_small_f49c98f4ea0f03cc,1.1430412179221054,3200,0.4328484357590579,1.1430412179221054,shape,0.6430412179221054,1.6430412179221054,4,0,0,2704400,2708800,4,f35adef923b386bd2421ef245ed5aabf3c9a1658cdcc77d733379bbb3bed51e1,3200,2281200,633
MSREG_small_3b82876f261e1eec,MG1655,4187600,4190800,4189200.0,small,WIN_small_3b82876f261e1eec,1.141688271234143,3200,1.141688271234143,0.19241709161353154,density,1.0989731735718298,1.1844033688964561,4,2,1,4187600,4201600,7,fc36e01daf8324a74a56f78f443450b6ed535b4c1af2b3141b02c2c1a33eab98,3200,2282800,634
MSREG_medium_2a82930058d226ff,MG1655,2203200,2209600,2206400.0,medium,WIN_medium_2a82930058d226ff,1.1409814389656436,6400,0.0377885608893998,1.1409814389656436,shape,0.8225703901720565,1.4593924877592308,8,4,2,2203200,2217600,14,80e542b7168aca6e2aa8856e932e226cd95859f2a661a92b1e682ea6e6ece906,6400,2286000,635
MSREG_small_295cfe9a70bf2fc9,MG1655,1999600,2002800,2001200.0,small,WIN_small_295cfe9a70bf2fc9,1.1397487776588093,3200,0.5695252805838642,1.1397487776588093,shape,1.0887540083901437,1.1907435469274752,2,0,0,1999600,2003200,2,20e93a59138375daf9b3428805ea35a37b90c31fb9f122b8cf70c60c20f47929,3200,2286400,636
MSREG_small_178cafd5ce0f987c,MG1655,97200,100400,98800.0,small,WIN_small_178cafd5ce0f987c,1.139600300907075,3200,1.139600300907075,0.566133785749841,density,1.1367617344612295,1.1424388673529202,2,0,0,97200,100800,2,195b2cefd6ad20abbedb386000b915cd6ed938e570aea14b4dc9481f92be63c5,3200,2286800,637
MSREG_medium_e5802df12686a963,MG1655,2362400,2368800,2365600.0,medium,WIN_medium_e5802df12686a963,1.1389861975992412,6400,0.057998026042676495,1.1389861975992412,shape,1.255272505103306,1.0226998900951765,8,4,2,2353600,2368800,14,0a9d4b2b3605dd1330fb007c1c2662c0aed21e94449a31700509aa5ec3ff5dd1,6400,2290000,638
MSREG_small_1fe1acbe438c963e,MG1655,3211200,3214400,3212800.0,small,WIN_small_1fe1acbe438c963e,1.1384899495481862,3200,0.3793090648381048,1.1384899495481862,shape,0.7852063565049161,1.4917735425914564,7,7,6,3201600,3222400,20,0f34341eadcf8d1baae57aa281d1c11751158c075f09d33720562ef2544d31b0,3200,2293200,639
MSREG_small_2960d7ae03984ee6,MG1655,1524400,1527600,1526000.0,small,WIN_small_2960d7ae03984ee6,1.1383423307519154,3200,0.029258536907061948,1.1383423307519154,shape,0.9858259616930879,1.290858699810743,7,8,7,1515200,1537600,22,d43bf99a52613e103a73f4ebd5997116e2fedec57baba2f7a70decdbd0edfc29,3200,2296400,640
MSREG_small_ecf224d87a5d084e,MG1655,3873600,3876800,3875200.0,small,WIN_small_ecf224d87a5d084e,1.137238376971284,3200,0.5499035410108406,1.137238376971284,shape,1.2598244660707743,1.0146522878717938,4,2,0,3869600,3876800,6,627ac20d6cf84d27b1fc5346971e0acde4e02674d1f3d868005f36f0da478bc4,3200,2298000,641
MSREG_small_4a596255a9e8667e,MG1655,2268000,2271200,2269600.0,small,WIN_small_4a596255a9e8667e,1.1370182581070711,3200,1.1370182581070711,0.036298941529618926,density,1.2239119101801297,1.0501246060340128,4,2,0,2264000,2271200,6,9d78f1f7646ac024a6920944fd5531bb079b9920e9780e943cfadab13292561d,3200,2299600,642
MSREG_small_93a5f9494b9ee544,MG1655,1802400,1805600,1804000.0,small,WIN_small_93a5f9494b9ee544,1.1370182581070711,3200,1.1370182581070711,0.03291723730092889,density,1.2239119101801297,1.0501246060340128,4,0,0,1802400,1806800,4,ef2d7e7989527e9bc319d47f82b2cea10c13d1a3ed0b9a3b3ffee3b55c208e64,3200,2301200,643
MSREG_small_4ef78d4d77f0362c,MG1655,705600,708800,707200.0,small,WIN_small_4ef78d4d77f0362c,1.135483642243233,3200,1.135483642243233,0.08383679910631067,density,1.0989731735718298,1.1719941109146361,5,0,0,704800,709600,5,8b6aaf0616db1a91d9eff147dafd8e2eab28c7fa436276d4cb06d8f7cf386a60,3200,2302800,644
MSREG_small_e29e61c9fb66f64b,MG1655,289200,292400,290800.0,small,WIN_small_e29e61c9fb66f64b,1.134901867639506,3200,0.012528594241938348,1.134901867639506,shape,0.6615246236161186,1.6082791116628934,7,8,8,278400,302400,23,d16d1a5b629f025f04c061db47c6a7c0f60cd49dafa9c6ffc4b3fd1274f57a61,3200,2306000,645
MSREG_medium_65005a7a37a1ef49,MG1655,1656800,1663200,1660000.0,medium,WIN_medium_65005a7a37a1ef49,1.132893490563022,6400,0.0394398786644426,1.132893490563022,shape,0.6716959194693568,1.594091061656687,15,7,8,1648000,1672000,30,1392f563c11ed3ffd8c37c729888f6208145f198153d0da8dfd0809dcd13072a,6400,2312400,646
MSREG_small_35ea28a6a410ae3a,MG1655,965600,968800,967200.0,small,WIN_small_35ea28a6a410ae3a,1.1320519833854465,3200,0.36207457671319243,1.1320519833854465,shape,1.1041743672576376,1.1599295995132555,4,2,0,965600,972800,6,5ca263d3e30f20ad565a7928bfc4dcf16af38ba7a0a5067ce7fc085c8ffdc0c7,3200,2314000,647
MSREG_small_fabd1c0bf690ca26,MG1655,4174800,4178000,4176400.0,small,WIN_small_fabd1c0bf690ca26,1.1315865781899994,3200,1.1315865781899994,0.027402461790243145,density,1.2037085240918428,1.0594646322881562,2,0,0,4174400,4178000,2,714b4a26308ed5a6d9abfb543ff4f3e0888ae183818e00685ebca4d27d9ca33b,3200,2314400,648
MSREG_small_8ce51963a152b7e9,MG1655,3994800,3998000,3996400.0,small,WIN_small_8ce51963a152b7e9,1.1291329109426274,3200,1.1291329109426274,0.4860216120899391,density,1.0738624529887988,1.1844033688964561,4,2,0,3994800,4002400,6,063e6dc4be6866aa284ab5206db06f1000db53e928eb9e0963a820d83f5e1ef6,3200,2316000,649
MSREG_small_4c00fa5acf53b064,MG1655,146800,150000,148400.0,small,WIN_small_4c00fa5acf53b064,1.126846574009638,3200,0.414731695533469,1.126846574009638,shape,1.5608544617347553,0.6928386862845206,4,0,0,146800,151200,4,d7c61f9f67a5f774904c224f170124222d3f487fc7a59eae4d2dcec1704aa269,3200,2317600,650
MSREG_small_fb2380a7e01d472c,MG1655,3564000,3567200,3565600.0,small,WIN_small_fb2380a7e01d472c,1.1256601647924995,3200,0.6234374683131261,1.1256601647924995,shape,1.3420112222581242,0.9093091073268748,2,0,0,3564000,3567600,2,4a8f36cd43599ff0b8ce45a30203a5a5fe94ed43ac8705666424632285e900e5,3200,2318000,651
MSREG_small_28ca41e499eccb52,MG1655,2516400,2519600,2518000.0,small,WIN_small_28ca41e499eccb52,1.1253819491990895,3200,1.1253819491990895,0.03962617250917696,density,1.1719941109146361,1.078769787483543,4,0,0,2515200,2519600,4,20493a5a9dd10595b770ccd3befba5d17253cc59b60f9e60038cdc192be8083e,3200,2319600,652
MSREG_small_02f436b3497d4bae,MG1655,946400,949600,948000.0,small,WIN_small_02f436b3497d4bae,1.1233066173052788,3200,0.2258937991503837,1.1233066173052788,shape,0.8031443715936564,1.4434688630169012,4,1,0,944800,951200,5,5a67d6c4560df172608c969564ec0dcd27a84190027f978b56276a558c2458b5,3200,2321200,653
MSREG_small_80b4d0b016ce0c99,MG1655,3336400,3339600,3338000.0,small,WIN_small_80b4d0b016ce0c99,1.1229626488491462,3200,1.1229626488491462,0.6401650534775598,density,1.1147674407550616,1.131157856943231,7,8,1,3331200,3344000,16,9a6a0ca94fd2180ac7e7e2287cc66d736ae70080f60d8c28bb3251262b28d5ef,3200,2324400,654
MSREG_small_f7b19df04103393f,MG1655,3201600,3204800,3203200.0,small,WIN_small_f7b19df04103393f,1.120706020462375,3200,0.4168923824247903,1.120706020462375,shape,0.841408871688939,1.400003169235811,7,7,6,3192000,3212800,20,25396e618b7c159f4593af4836a7d42baa1823be2f8ba1375150b186a909192f,3200,2327600,655
MSREG_large_e70566afa40a7895,MG1655,1560000,1572800,1566400.0,large,WIN_large_e70566afa40a7895,1.1200764428361758,12800,0.005908859610520279,1.1200764428361758,shape,1.693140460675295,0.5470124249970569,30,15,5,1555200,1575200,50,538072fa4ca6ab18ce3aaeb61d2b18275a6e25a7ac7bddac0a39bece37ee1271,12800,2339600,656
MSREG_medium_d2685ba9403b74b0,MG1655,1445600,1452000,1448800.0,medium,WIN_medium_d2685ba9403b74b0,1.1197795146891,6400,0.0302121292331282,1.1197795146891,shape,1.0020152912353255,1.2375437381428744,15,6,3,1444000,1460800,24,3f7fd812ab3f844f5714a9f79a646b569e2eec0b739cbc720e8c8862cdaec07b,6400,2346000,657
MSREG_medium_6ba0a3593d578173,MG1655,1603200,1609600,1606400.0,medium,WIN_medium_6ba0a3593d578173,1.1171692991338316,6400,0.029187545835588646,1.1171692991338316,shape,1.4313637641589874,0.8029748341086758,8,4,1,1603200,1616000,13,7c6bd01f305fe8cff395a13b2fa5edabcef725acbea402902323a43a5891e77e,6400,2349200,658
MSREG_small_5418ed9bca60c938,MG1655,1722400,1725600,1724000.0,small,WIN_small_5418ed9bca60c938,1.1157293716013963,3200,0.47866388629038903,1.1157293716013963,shape,1.3604946279521375,0.870964115250655,4,2,1,1722400,1736000,7,c5dbb70cb38fedcc15c19ef3869ca1576879a4b4875cd153fce6ab55338d8964,3200,2350800,659
MSREG_small_060f20a09955a3ae,MG1655,4250800,4254000,4252400.0,small,WIN_small_060f20a09955a3ae,1.1150655152575304,3200,1.1150655152575304,0.17173580726686855,density,1.2239119101801297,1.006219120334931,2,0,0,4250800,4254400,2,216b4110b982b3fda7d2a04c89463f6fa0456b11473c7d204fa97695652bcace,3200,2351200,660
MSREG_small_ee9a2aa6330123d2,MG1655,516000,519200,517600.0,small,WIN_small_ee9a2aa6330123d2,1.1137438602891818,3200,0.3567990389844501,1.1137438602891818,shape,1.2170724856498243,1.0104152349285394,7,7,5,507200,526400,19,2aad24c64fbd93ad40c3f685a56fe6c9102e46cd95715a325ca639c12caa69d5,3200,2354400,661
MSREG_small_fa183d47f5f58fc0,MG1655,109200,112400,110800.0,small,WIN_small_fa183d47f5f58fc0,1.1108642283959387,3200,0.9239926445131277,1.1108642283959387,shape,1.421192468305749,0.9550665978875499,2,0,0,108800,112400,2,8857b5fcf4d1b01a4941a5754ae2fb84a2f68ee8c8ff253c0855f45089194a38,3200,2354800,662
MSREG_small_22b435a9ecc7ab3c,MG1655,782400,785600,784000.0,small,WIN_small_22b435a9ecc7ab3c,1.1107667290718648,3200,0.35861048407758594,1.1107667290718648,shape,1.410468602913976,0.8110648552297536,5,2,0,778400,786000,7,fd8a95c3fe5fbfae8b78d23cba80bf59a6ec117a780ae17b38dce1bfff7adf78,3200,2356800,663
MSREG_small_3c6b658aafa4db1d,MG1655,2685200,2688400,2686800.0,small,WIN_small_3c6b658aafa4db1d,1.1099559326666872,3200,0.35823235931025166,1.1099559326666872,shape,1.0887540083901437,1.131157856943231,7,5,2,2675200,2690400,14,eb7c8e66306f00527c079a26f0d2b348ea25f637670e6ae1060f522c7b03789b,3200,2360000,664
MSREG_small_5c76a0443147344f,MG1655,1098400,1101600,1100000.0,small,WIN_small_5c76a0443147344f,1.1091804059818182,3200,0.3823563841852784,1.1091804059818182,shape,0.8385610288161127,1.379799783147524,4,4,0,1096800,1105600,8,baae00b7de6be6c4dde94fcac059ec204b1367f47c058e4bb43ed6778ccbab0a,3200,2361600,665
MSREG_small_535ea6e296fb969f,MG1655,1244000,1247200,1245600.0,small,WIN_small_535ea6e296fb969f,1.1085684056393013,3200,0.2669969776745417,1.1085684056393013,shape,0.8273528072244777,1.389784004054125,4,0,0,1244000,1248400,4,59c59bb9203e78f848883af467a4ec16eddf3517d21c01fb5268f3bc3a57b875,3200,2363200,666
MSREG_small_e2d208e33175e50f,MG1655,4444800,4448000,4446400.0,small,WIN_small_e2d208e33175e50f,1.1085684056393013,3200,0.7550363717227047,1.1085684056393013,shape,0.8273528072244777,1.389784004054125,7,5,0,4442400,4452000,12,8392203ab9047060396b3276bacc422c4577dcad37b90139fb4587fbf99b75c0,3200,2366400,667
MSREG_medium_7ed7607c60f4ec59,MG1655,856800,863200,860000.0,medium,WIN_medium_7ed7607c60f4ec59,1.1068409246058049,6400,0.0377885608893998,1.1068409246058049,shape,0.42329614241095426,1.7903857068006552,14,6,1,855200,868800,21,e538be2c3e5e7bed6edfdd1584eb15ce7c5aac43a14c246e332af2e175467e37,6400,2372000,668
MSREG_small_6b51cee880dae133,MG1655,2536800,2540000,2538400.0,small,WIN_small_6b51cee880dae133,1.1019478398284304,3200,0.19690693590638453,1.1019478398284304,shape,1.083733207015093,1.1201624726417678,6,3,0,2536000,2544000,9,5946f13482350b127dbdf964d6f1b3ae9e9e8b7e51d2f65846c0d27f20e92a4d,3200,2374400,669
MSREG_small_b632a52fad107609,MG1655,2111600,2114800,2113200.0,small,WIN_small_b632a52fad107609,1.1018542620459213,3200,0.5645312158122353,1.1018542620459213,shape,0.6989700043360187,1.504738519755824,7,7,3,2108000,2124800,17,7ad97e6df50aff6fe5f617bb0261dd4328dba4a8476578700ac011f9766a86fa,3200,2377600,670
MSREG_small_fa3539f1ebe9a340,MG1655,2930400,2933600,2932000.0,small,WIN_small_fa3539f1ebe9a340,1.1000839035688088,3200,0.4720098799710297,1.1000839035688088,shape,1.245101209250068,0.9550665978875499,7,6,1,2927200,2940800,14,7ee253609c0d4e3869958ba387d162995ac6102f702c7f9953fd52f7dd25f9e8,3200,2380800,671
MSREG_small_cd76af5208da5bc7,MG1655,4340400,4343600,4342000.0,small,WIN_small_cd76af5208da5bc7,1.0994661300626554,3200,0.5567493800077787,1.0994661300626554,shape,1.2828897701394677,0.9160424899858431,4,2,1,4329600,4343600,7,6cd0f17ea7d8eaa6e87d6f011c372145b6ad6754f2961adc023b45d006de06ff,3200,2382400,672
MSREG_small_36ed2b32625c291a,MG1655,1554000,1557200,1555600.0,small,WIN_small_36ed2b32625c291a,1.0984813336312031,3200,0.07557710452247078,1.0984813336312031,shape,0.5886835555995128,1.6082791116628934,7,8,7,1544000,1566400,22,b0b814030cb3b591f853ec9ff4efe50a0bcb5512e30c6d07b7cbcface1a87596,3200,2385600,673
MSREG_small_29545113a617ff27,MG1655,670800,674000,672400.0,small,WIN_small_29545113a617ff27,1.094918217827944,3200,0.7092624647187216,1.094918217827944,shape,1.064211067312618,1.12562536834327,4,2,0,666400,674000,6,8c3f9328489df32716c4f437f41cd392fbfe10418f3099fec70e47fcb63b30a8,3200,2387200,674
MSREG_small_60b3a1d475303932,MG1655,4377600,4380800,4379200.0,small,WIN_small_60b3a1d475303932,1.0915910295734834,3200,1.0915910295734834,0.11198013291362087,density,1.0232524596337116,1.1599295995132555,4,1,0,4374400,4380800,5,1954c1d2a74c7f3015fa2f95cb3d3b56a019f4ab487cbd8490e863e3c18e7f4a,3200,2388800,675
MSREG_large_392a98f1b6de384f,MG1655,3492800,3505600,3499200.0,large,WIN_large_392a98f1b6de384f,1.0910804693473326,12800,0.13085212384553307,1.0910804693473326,shape,1.2160192059556325,0.9661417327390326,16,8,3,3489600,3505600,27,33ef28d16fe2e99b46203b89932bbfd3978072a46dcee41c35fe4d33a1f42dff,12800,2395200,676
MSREG_small_04a0b3161a98a96d,MG1655,3984800,3988000,3986400.0,small,WIN_small_04a0b3161a98a96d,1.0892242787221909,3200,1.0892242787221909,0.04032437048747188,density,1.0690099501943866,1.1094386072499949,4,2,0,3980800,3988000,6,abe0760eada6dd2b74357effffa862f0304b22d9e5224864e973405964b7436c,3200,2396800,677
MSREG_small_93545d85fc2d97d7,MG1655,767200,770400,768800.0,small,WIN_small_93545d85fc2d97d7,1.087116036521609,3200,0.1838112522983436,1.087116036521609,shape,0.883373373232475,1.290858699810743,4,1,0,764000,770400,5,f87337165725e269053bfe6cc47cd77eb805d2827b9b9f65405d93c0b0a37cb0,3200,2398400,678
MSREG_small_1c6324086870085e,MG1655,86400,89600,88000.0,small,WIN_small_1c6324086870085e,1.0868248372813065,3200,1.0868248372813065,0.04969815231772738,density,1.1094386072499949,1.064211067312618,2,0,0,86000,89600,2,10be433f4d7dc6c2ae93a14f1d6b6f77d9df6879169442dd63ab086d780a7cb9,3200,2398800,679
MSREG_small_55593bffa4067af9,MG1655,3681600,3684800,3683200.0,small,WIN_small_55593bffa4067af9,1.086621229914348,3200,1.086621229914348,0.368300105621344,density,1.1367617344612295,1.0364807253674666,7,7,7,3672000,3694400,21,99202be4194d4b09d2188e63adaa82a2a2c30780660c4df9c5ddb7ac5523f6be,3200,2402000,680
MSREG_small_c5283270a8205a6b,MG1655,760400,763600,762000.0,small,WIN_small_c5283270a8205a6b,1.0854035786436076,3200,1.0854035786436076,0.5050617892173253,density,0.9228819145161485,1.4550507355667164,4,0,0,759200,763600,4,93ee400b23725a95ef3b0c921a7cd50d24b25b41ea7a572fa3eb49722765bb19,3200,2403600,681
MSREG_small_16633f3b031814c4,MG1655,4112800,4116000,4114400.0,small,WIN_small_16633f3b031814c4,1.084999207500771,3200,0.5014652293400699,1.084999207500771,shape,0.7802144109474171,1.389784004054125,7,4,2,4102400,4117600,13,df4aac34622d6cffb67879e2c1d78d194c0abd832a9f7dac97dd6ed5a5ae92eb,3200,2406800,682
MSREG_small_2bda3b4472cc9e53,MG1655,775200,778400,776800.0,small,WIN_small_2bda3b4472cc9e53,1.0831315716859713,3200,0.5536326512648131,1.0831315716859713,shape,0.883373373232475,1.2828897701394677,4,2,0,775200,782400,6,e51eb707b6a444f765bba020d71011341a6fa2c52374a2b4a1c021ac6f370450,3200,2408400,683
MSREG_small_25fe078ab46e157a,MG1655,820800,824000,822400.0,small,WIN_small_25fe078ab46e157a,1.0824460233945372,3200,0.08177542642719396,1.0824460233945372,shape,1.1147674407550616,1.0501246060340128,7,7,6,811200,832000,20,80ed3645bff0b9dd1e76d7322650885b5b2640611b2b3eb55010c5238283e297,3200,2411600,684
MSREG_small_2bae269b870087a0,MG1655,3732800,3736000,3734400.0,small,WIN_small_2bae269b870087a0,1.081819499772897,3200,0.41799555224848306,1.081819499772897,shape,0.8031443715936564,1.3604946279521375,6,3,0,3728800,3736800,9,8975bbb4880fa31a4c037711bed6eea0bc32e82074cdead50d77087e2330ca4f,3200,2414000,685
MSREG_small_2cc7569f5be1d52a,MG1655,1165200,1168400,1166800.0,small,WIN_small_2cc7569f5be1d52a,1.0790223006160182,3200,1.0790223006160182,0.0755154951397346,density,1.210339102990856,0.9477054982411807,6,3,0,1164400,1172800,9,d22a673c039ecdcdca46fdd71af144a6ab13828100ce5fa90b6041747d1e076f,3200,2416400,686
MSREG_small_f556a6ae9741cda6,MG1655,2715600,2718800,2717200.0,small,WIN_small_f556a6ae9741cda6,1.0780419502332543,3200,0.320401740558129,1.0780419502332543,shape,1.546131204914049,0.6099526955524597,7,6,1,2708800,2721600,14,88e95f3e3bdd78b98f78985ad7027bcd7639693989a45ea9f54c297dc54d8c45,3200,2419600,687
MSREG_small_6ecc219abf4b7c20,MG1655,1717200,1720400,1718800.0,small,WIN_small_6ecc219abf4b7c20,1.0768991407308786,3200,0.6081185591668905,1.0768991407308786,shape,1.1599295995132555,0.9938686819485018,7,3,0,1714400,1722400,10,5b3274e6641f2f8f6c4b0285019d6382b6131b1b2eeb46a8967958319a5ee614,3200,2422800,688
MSREG_small_6e64ad2580dc3b18,MG1655,2964000,2967200,2965600.0,small,WIN_small_6e64ad2580dc3b18,1.076871342325803,3200,1.076871342325803,0.10668719433230266,density,1.0547695110797763,1.0989731735718298,4,2,1,2953600,2967200,7,e16f055eadd794af1cf53ac1fef0560098a712fbe1446d09d6c7a54605e822d7,3200,2424400,689
MSREG_small_fb037fc8fbc72823,MG1655,4199200,4202400,4200800.0,small,WIN_small_fb037fc8fbc72823,1.0764825378513807,3200,0.8559351248855354,1.0764825378513807,shape,0.8559351248855354,1.389784004054125,4,2,0,4195200,4202400,6,94de731c702d52f81728522a78e6b69208b81429196f73be039d9c421469fffc,3200,2426000,690
MSREG_small_9c8b537440d2a24d,MG1655,2900000,2903200,2901600.0,small,WIN_small_9c8b537440d2a24d,1.0738898688389646,3200,0.1913944605059934,1.0738898688389646,shape,1.078769787483543,1.0690099501943866,7,7,7,2889600,2912000,21,2f6defd9aad162bbfa22abbdd87ec3043c1d79ceb38db4c03249dd7c858bf8b6,3200,2429200,691
MSREG_small_ac67e12ea97bc93a,MG1655,2508000,2511200,2509600.0,small,WIN_small_ac67e12ea97bc93a,1.0711111308108974,3200,0.3502472145382221,1.0711111308108974,shape,0.7422190923859839,1.400003169235811,6,3,0,2504000,2512000,9,76a310e23292ad6f655c41757dbd12ee35a8de59a2d6a08f04c2e2c4d918bb1c,3200,2431600,692
MSREG_medium_4bd3f533b41bc138,MG1655,1778400,1784800,1781600.0,medium,WIN_medium_4bd3f533b41bc138,1.070316862567409,6400,0.04166135318930209,1.070316862567409,shape,1.2041199826559248,0.9365137424788933,15,7,4,1769600,1787200,26,ad917d59c3c670c0b16ed8765c67a73b2492e0b6c89116c1df782b7d1aca29b1,6400,2438000,693
MSREG_large_67afbe57d0a3e976,MG1655,1764800,1777600,1771200.0,large,WIN_large_67afbe57d0a3e976,1.068201724066995,12800,0.1813085015763982,1.068201724066995,shape,1.1702617153949573,0.9661417327390326,16,8,3,1764800,1780800,27,d6b4b56f76e9e0e690c5bd02a133685761140de25ab77427473d205f693bdbd8,12800,2444400,694
MSREG_small_766407f13c11f1b5,MG1655,1983600,1986800,1985200.0,small,WIN_small_766407f13c11f1b5,1.0664779806804525,3200,0.12893675023211348,1.0664779806804525,shape,0.8500661912214375,1.2828897701394677,7,4,0,1982400,1991200,11,95728d006bb913e82d74f05b9e4c9b18fe5d6dc073c8c69bc24ce4c354ed08cf,3200,2447600,695
MSREG_small_3f7fe76e6547f2b5,MG1655,118800,122000,120400.0,small,WIN_small_3f7fe76e6547f2b5,1.0659222443391005,3200,1.0659222443391005,0.3289177276454004,density,1.12562536834327,1.006219120334931,4,2,0,114400,122000,6,fb155c9f9502893a200f42c55c86fd799289cb5eb330f09d6cf98fb5da6f2821,3200,2449200,696
MSREG_small_0211f4cbd0167ed2,MG1655,2464000,2467200,2465600.0,small,WIN_small_0211f4cbd0167ed2,1.0615009261626591,3200,0.3676405044174834,1.0615009261626591,shape,1.389784004054125,0.7332178482711935,4,2,1,2454400,2467200,7,a3d8319d0392d1136d333aa7588407ff2e3b1f4e9977cd3e0ec427a2f71f2088,3200,2450800,697
MSREG_medium_349666190d736cf9,MG1655,2776000,2782400,2779200.0,medium,WIN_medium_349666190d736cf9,1.0614910864730094,6400,0.04166135318930209,1.0614910864730094,shape,1.0557001501981018,1.0672820227479172,15,7,4,2768000,2785600,26,93cdeedda881ec24f5fa77aaf3974dd512d1286b3b2a3a74ef8e402f13acc8ad,6400,2457200,698
MSREG_medium_a23892c279fccae1,MG1655,2760000,2766400,2763200.0,medium,WIN_medium_a23892c279fccae1,1.059492549086175,6400,0.096161104010065,1.059492549086175,shape,1.0020152912353255,1.1169698069370246,15,7,5,2755200,2774400,27,36c523c76a6397531ef617ac7e7d4c6fcd401ee731e8683627e00743663924ba,6400,2463600,699
MSREG_small_41c0a479fc2231eb,MG1655,4117600,4120800,4119200.0,small,WIN_small_41c0a479fc2231eb,1.059490289196197,3200,1.059490289196197,0.049895194075515056,density,1.0547695110797763,1.064211067312618,4,2,1,4117600,4131200,7,b4b7cf8f90c12ce80ee39f5ea1df5dc49e2853f99fbade305d1fb49762a58556,3200,2465200,700
MSREG_small_81f32e12c4fb3167,MG1655,2082800,2086000,2084400.0,small,WIN_small_81f32e12c4fb3167,1.0591057535176103,3200,0.1855227719049154,1.0591057535176103,shape,0.8273528072244777,1.290858699810743,4,2,1,2082800,2096000,7,00e2ef0e06ab4f04f5dbfcfcfdbd0dfd59a98104468e49654367bcaa5372bb01,3200,2466800,701
MSREG_small_273b56cf092ef4f3,MG1655,2410400,2413600,2412000.0,small,WIN_small_273b56cf092ef4f3,1.0585429967765652,3200,1.0585429967765652,0.09039082141941304,density,1.0938335339194187,1.0232524596337116,4,0,0,2409200,2413600,4,c84b3789da93d4a7903d6f55f7f6fe4ddedb5dc7e528fe13c3e9714d7158b4e4,3200,2468000,702
MSREG_small_c7e234f0a2b83b92,MG1655,3802800,3806000,3804400.0,small,WIN_small_c7e234f0a2b83b92,1.0580326622503615,3200,1.0580326622503615,0.04760118930841885,density,1.1719941109146361,0.9440712135860867,1,0,0,3802800,3806000,1,ec38877f4940229f6cfb1b18204a4cf3ff74de6df197f321688e5c25741fbaff,3200,2468000,703
MSREG_medium_a8a91b5fc8233ec2,MG1655,2608000,2614400,2611200.0,medium,WIN_medium_a8a91b5fc8233ec2,1.0563025007672873,6400,0.04553988560752299,1.0563025007672873,shape,1.4593924877592308,0.6532125137753437,15,6,0,2605600,2616000,21,88428ba8a2874492db976a55a4b1e357ade154f3e2c00187ff7c01fa01fa15be,6400,2474400,704
MSREG_small_ee6739ae3707cc7a,MG1655,3277200,3280400,3278800.0,small,WIN_small_ee6739ae3707cc7a,1.0553980857123797,3200,1.0553980857123797,0.07056799511568065,density,0.9740344369635299,1.1367617344612295,4,2,0,3277200,3284800,6,2a35d51881ce475c41bd168ff17c7cafa0d46ef2f3ee5b66c68db072cce0c8be,3200,2476000,705
MSREG_small_9edfddf28aa5272b,MG1655,3242000,3245200,3243600.0,small,WIN_small_9edfddf28aa5272b,1.0525961469533804,3200,0.8002169917832089,1.0525961469533804,shape,0.9740344369635299,1.131157856943231,6,3,1,3232000,3246000,10,804468f481a5cd7416e27ae667fb5f3e7b0ede5b31854b394bcd5483eceb28e0,3200,2478400,706
MSREG_small_bf085ef09cf49c86,MG1655,2818000,2821200,2819600.0,small,WIN_small_bf085ef09cf49c86,1.0525961469533804,3200,1.0525961469533804,0.16430990899902254,density,1.064211067312618,1.0409812265941432,4,2,0,2818000,2825600,6,c2e1a33587769b511b7810bc06dc23482db477985d0ae2f1bd80b4f3a947a15c,3200,2480000,707
MSREG_small_c8d6776d9c0cc978,MG1655,3719600,3722800,3721200.0,small,WIN_small_c8d6776d9c0cc978,1.0510111235586272,3200,1.0510111235586272,0.04901565649884054,density,1.078769787483543,1.0232524596337116,7,7,4,3708800,3726400,18,f64d0c41a8fb050b533e0333afe95b2352f726d98a8b25e1d8684350e60201bc,3200,2483200,708
MSREG_small_91eda3d93814aa79,MG1655,1666000,1669200,1667600.0,small,WIN_small_91eda3d93814aa79,1.0503458963400423,3200,1.0503458963400423,0.05501066858739921,density,1.0364807253674666,1.064211067312618,7,8,1,1660800,1673600,16,0e9695730abb2db9f1e921ae5dc26ece53da0ec294424a14cbbaed7bd524ae15,3200,2486400,709
MSREG_small_feeeafac5cda3009,MG1655,192400,195600,194000.0,small,WIN_small_feeeafac5cda3009,1.0501246060340128,3200,1.0501246060340128,0.2617149586159756,density,1.0501246060340128,1.0501246060340128,4,2,0,188000,195600,6,430d42ce13db0b3a5e9be6129d0597b72c5ae9a7240214e5c6dfe05d733a9c99,3200,2488000,710
MSREG_small_42e2cf4f102026c7,MG1655,3766400,3769600,3768000.0,small,WIN_small_42e2cf4f102026c7,1.0499280926803733,3200,1.0499280926803733,0.03450085860083861,density,1.2037085240918428,0.8961476612689038,4,2,0,3766400,3773600,6,c9eb6a4f983a93dcb1dd15a861ce4714d4901c056fa10cb1813b4cf55a407bb1,3200,2489600,711
MSREG_small_e6b22825d5032056,MG1655,884800,888000,886400.0,small,WIN_small_e6b22825d5032056,1.0497808242847988,3200,0.13760867971723995,1.0497808242847988,shape,1.1481911962420115,0.9513704523275861,5,0,0,884400,889200,5,7464452131f6903c9d15c5a09b3a9b5d38c9241abd9799695639416c4296609d,3200,2491600,712
MSREG_small_466a1257f9469e28,MG1655,2180400,2183600,2182000.0,small,WIN_small_466a1257f9469e28,1.049045976744411,3200,0.1751371902841824,1.049045976744411,shape,0.6430412179221054,1.4550507355667164,7,3,0,2178400,2186400,10,a16dfb4c53edf5584fd7487156abfa8404eb06a71dbd169c94d0676c9f44a125,3200,2494800,713
MSREG_small_7aa5847fe5df94ce,MG1655,4368400,4371600,4370000.0,small,WIN_small_7aa5847fe5df94ce,1.048850436667306,3200,1.048850436667306,0.17718871389450302,density,1.078769787483543,1.018931085851069,2,0,0,4368400,4372000,2,4c6c8d594713a51856027123df2d4b7b0629a41122458517fe1c3d9cf31ab202,3200,2495200,714
MSREG_small_fdb045c2a0e5eb77,MG1655,4361600,4364800,4363200.0,small,WIN_small_fdb045c2a0e5eb77,1.0467110376776683,3200,0.703957917987353,1.0467110376776683,shape,1.6808297788115052,0.6634169772938235,4,2,1,4352000,4364800,7,30a0031d6bb26e5ec74232af575a1df2fafdcc279b0211bf0540e190851c28db,3200,2496800,715
MSREG_small_1d616e928b3c454c,MG1655,3472800,3476000,3474400.0,small,WIN_small_1d616e928b3c454c,1.045552916314078,3200,1.045552916314078,0.24259501011110854,density,1.0409812265941432,1.0501246060340128,4,2,0,3472800,3480000,6,1e2bd26cec8569c89fb750611f72f44b3257800d6d6daacc2e639597af99ec96,3200,2498400,716
MSREG_small_4fb894f2d43943d0,MG1655,1736000,1739200,1737600.0,small,WIN_small_4fb894f2d43943d0,1.0436840440485244,3200,0.44473573480311035,1.0436840440485244,shape,1.1540207399027353,0.9333473481943135,7,6,3,1726400,1742400,16,37e273b4a7ef85524b79e2de141ef3109129b13ae9726cd83c046f275ac82d1c,3200,2501600,717
MSREG_small_1f6f0f40ead4da2b,MG1655,961200,964400,962800.0,small,WIN_small_1f6f0f40ead4da2b,1.0435409486621587,3200,1.0435409486621587,0.5836901777390279,density,1.0594646322881562,1.0276172650361615,7,0,0,960000,965600,7,548e9dfd0976752670f3b529b247ccd2c1f068b1fa141a019925b8905b13b7ef,3200,2504000,718
MSREG_small_40138c96efbaaa07,MG1655,3338800,3342000,3340400.0,small,WIN_small_40138c96efbaaa07,1.0426606047274936,3200,0.8178301139545212,1.0426606047274936,shape,1.2524004479915674,0.83292076146342,6,0,0,3338000,3343200,6,a7a61eb813edfce6817dcd9f1c1f839b97cfb79687db8dabd4d9b78977a5d838,3200,2506400,719
MSREG_large_daf5ab9ce83f9076,MG1655,2948800,2961600,2955200.0,large,WIN_large_daf5ab9ce83f9076,1.0426254628433043,12800,0.12888697703131685,1.0426254628433043,shape,1.1702617153949573,0.9149892102916513,31,15,5,2945600,2964800,51,99d5cd2c87ccc42240492f2d0f730a9d0a4995c29cfbd3a7220b82d191c17527,12800,2519200,720
MSREG_medium_168c6a8939fbfae9,MG1655,1726400,1732800,1729600.0,medium,WIN_medium_168c6a8939fbfae9,1.0417233863966806,6400,0.06378896231758407,1.0417233863966806,shape,0.7903857068006552,1.293061065992706,15,7,1,1724000,1737600,23,852e311454cc0544a35dd93e2eec0c5a430290d2b5941834ac8dc80f57364deb,6400,2525600,721
MSREG_small_5aad49a2ea3ae221,MG1655,3259600,3262800,3261200.0,small,WIN_small_5aad49a2ea3ae221,1.039291356268453,3200,0.8530799848696393,1.039291356268453,shape,1.5918886954747242,0.8618844573987365,4,2,1,3249600,3262800,7,3fce38f45fb86ab5f3080b40155a5ca55d6be86bd4ba27c81b55140a45984f83,3200,2527200,722
MSREG_small_dad44432f28c18cf,MG1655,1586800,1590000,1588400.0,small,WIN_small_dad44432f28c18cf,1.0387776191430402,3200,1.0387776191430402,0.07193232991921523,density,1.0455288543448638,1.0320263839412167,7,6,0,1582400,1592800,13,0dc0dec5c6c77084f428ff7821d7f2ba27450756ba93af912af2feca672e801c,3200,2530000,723
MSREG_small_3eaea5cf19d500ca,MG1655,3256800,3260000,3258400.0,small,WIN_small_3eaea5cf19d500ca,1.0367809555809273,3200,0.43891534485017164,1.0367809555809273,shape,1.1147674407550616,0.958794470406793,7,3,0,3252800,3261200,10,978c8f0998895a92c6275e14d8124a651046c40f3d08877fb91976904f120d94,3200,2532800,724
MSREG_small_5468c2ed66af67e6,MG1655,2908400,2911600,2910000.0,small,WIN_small_5468c2ed66af67e6,1.0365730596905127,3200,1.0365730596905127,0.22893959830366772,density,1.0276172650361615,1.0455288543448638,6,3,0,2904000,2912400,9,2718bc71a7f1de7b30b44811ac86f6bd3b33624b624cbc80e01eb0957ca841c2,3200,2535200,725
MSREG_small_7f89308378d861a6,MG1655,2050400,2053600,2052000.0,small,WIN_small_7f89308378d861a6,1.0352609877774381,3200,0.1422960542988072,1.0352609877774381,shape,1.1041743672576376,0.9663476082972389,4,0,0,2050400,2054800,4,ec8a3a6a36e69eba2afcafc8a5f97ff0290f40ac9809277e668a31f28bf73d32,3200,2536400,726
MSREG_small_fef269312df9a305,MG1655,2805600,2808800,2807200.0,small,WIN_small_fef269312df9a305,1.033478272281664,3200,0.6559005384831902,1.033478272281664,shape,1.546131204914049,0.6577644747428119,6,3,1,2796800,2809600,10,b7022482a4fe8d28186c81ca91492cd28e4a2730d269ce5eee9a92fad7ded08a,3200,2538800,727
MSREG_small_d51d8d654b102238,MG1655,93200,96400,94800.0,small,WIN_small_d51d8d654b102238,1.0326603909345344,3200,0.9583591923735415,1.0326603909345344,shape,0.8802376593796164,1.2239119101801297,3,0,0,93200,97200,3,71cbaf7c658d017580f2a410859238020e7f0b5a65c4af297da8dec9e965ce3f,3200,2539600,728
MSREG_small_da9191b2806c2274,MG1655,4272000,4275200,4273600.0,small,WIN_small_da9191b2806c2274,1.0321168431139274,3200,0.6513095167141928,1.0321168431139274,shape,0.9440712135860867,1.1201624726417678,6,0,0,4270800,4276000,6,3af430b48e3169347624f64914220f91944cfe39629b8845a3080fc65ecb4113,3200,2542000,729
MSREG_small_947420df880df500,MG1655,4389600,4392800,4391200.0,small,WIN_small_947420df880df500,1.032048995201814,3200,1.032048995201814,0.4022266089287393,density,1.0276172650361615,1.0364807253674666,4,2,0,4389600,4396800,6,1132dba5684a823262e86fb085d7c7a49a8cc95554d4413107021f0349c1d774,3200,2543600,730
MSREG_small_eada8c7017166bae,MG1655,3332400,3335600,3334000.0,small,WIN_small_eada8c7017166bae,1.0320263839412167,3200,1.0320263839412167,0.7707317640709788,density,1.0320263839412167,1.0320263839412167,7,2,0,3330400,3337600,9,32b81b22f6c89c50f44c5a4fd6dd08ae9c3e2911f22a5bd9e1dd986370857c93,3200,2546800,731
MSREG_small_bc312c185c0bf7d6,MG1655,742800,746000,744400.0,small,WIN_small_bc312c185c0bf7d6,1.031394222676837,3200,0.4879380376079976,1.031394222676837,shape,0.7877240127261625,1.2750644326275111,4,2,0,738400,746000,6,d996f218c4c388bda723619e13c8e4a954918a72950f4282087f06562fc67469,3200,2548400,732
MSREG_medium_0ee9b49adbe446f8,MG1655,590400,596800,593600.0,medium,WIN_medium_0ee9b49adbe446f8,1.0307262395435965,6400,0.033435970362799834,1.0307262395435965,shape,0.8573324964312684,1.2041199826559248,15,7,7,582400,604800,29,cd39ae7b453d0dc8dce0f55c001ae51d26df0601b237820e8828d3ad6cec505a,6400,2554800,733
MSREG_small_d59d2141460e8244,MG1655,3797200,3800400,3798800.0,small,WIN_small_d59d2141460e8244,1.0302026471061467,3200,1.0302026471061467,0.039186875791287254,density,1.210339102990856,0.8500661912214375,6,0,0,3796000,3801200,6,a1e3c6a8e3110cafdece64d1521dafcd1bea340130fe2fafc8e41a24e9f4add8,3200,2557200,734
MSREG_small_91dfd15432089f13,MG1655,517600,520800,519200.0,small,WIN_small_91dfd15432089f13,1.0298665925005892,3200,0.3449212180632507,1.0298665925005892,shape,1.0364807253674666,1.0232524596337116,4,2,0,517600,524800,6,e5b21cf9a1d9489526374617a81d730b558a10972120f5ed6e50e742924c575f,3200,2558800,735
MSREG_small_686b3952eded7b82,MG1655,2494400,2497600,2496000.0,small,WIN_small_686b3952eded7b82,1.027728071407373,3200,0.22572160460793325,1.027728071407373,shape,0.8245953726792888,1.2308607701354575,4,2,0,2492800,2500000,6,ff782d477848a9ea071248b792080ec4bf366018454b8ca9ea657459a0323c75,3200,2560400,736
MSREG_small_6ed92fee427af700,MG1655,1873600,1876800,1875200.0,small,WIN_small_6ed92fee427af700,1.0275508083436913,3200,0.20424757420139322,1.0275508083436913,shape,0.9663476082972389,1.0887540083901437,6,0,0,1872800,1878000,6,5c54691dcd53fbe25d720b11552f35dda3084edb79667010a86f098e354779ca,3200,2562800,737
MSREG_medium_8f127cd4c92d9ae7,MG1655,689600,696000,692800.0,medium,WIN_medium_8f127cd4c92d9ae7,1.0254297027948844,6400,0.24460605948867764,1.0254297027948844,shape,0.7164056544388382,1.334453751150931,15,6,0,687200,697600,21,dbaf04f2afef671e48dd9a7cadd289b9275957c0030d221a43a56793ab28a98f,6400,2569200,738
MSREG_small_943af9b96b005340,MG1655,2281600,2284800,2283200.0,small,WIN_small_943af9b96b005340,1.0246466682174589,3200,0.3749198645029459,1.0246466682174589,shape,1.290858699810743,0.758434636624175,7,5,2,2279200,2294400,14,ac519e878402f54d71d35a1362cb10e5c150321c123f5a1aadd7e5e15292c169,3200,2572400,739
MSREG_small_9ce07a162d2e6277,MG1655,25600,28800,27200.0,small,WIN_small_9ce07a162d2e6277,1.024035600201477,3200,0.6921664179250544,1.024035600201477,shape,1.0501246060340128,0.9979465943689413,7,7,5,19200,38400,19,48974c6005d159422196245efbeb1cffcff6c2bb008314dbb94d84f54e9e7177,3200,2575600,740
MSREG_small_7f817e6c878db705,MG1655,3038400,3041600,3040000.0,small,WIN_small_7f817e6c878db705,1.018931085851069,3200,1.018931085851069,0.06094123468574993,density,1.018931085851069,1.018931085851069,1,0,0,3038400,3041600,1,5a2a92dbccc28dec5d8abcaa68b9107579d9dfceb88d6b11980b24d177e22bba,3200,2575600,741
MSREG_small_ec8d51225d666156,MG1655,710000,713200,711600.0,small,WIN_small_ec8d51225d666156,1.0169181926855462,3200,1.0169181926855462,0.059116767398432885,density,1.0276172650361615,1.006219120334931,5,3,1,709600,723200,9,85ede22241b0e6401e8a2e436f7626e64a4a63f34c6d75316f075d6a99f61a29,3200,2577600,742
MSREG_small_9671deba5d466fa5,MG1655,2550000,2553200,2551600.0,small,WIN_small_9671deba5d466fa5,1.016749534625843,3200,0.2889060316935408,1.016749534625843,shape,0.6730044412995486,1.3604946279521375,7,4,2,2548800,2563200,13,f042109acdb9cd814fca9f48c07ffb54f93c28907e160d57dde478112369d444,3200,2580800,743
MSREG_medium_d63a33c5440300a1,MG1655,841600,848000,844800.0,medium,WIN_medium_d63a33c5440300a1,1.016711877743475,6400,0.10468212201072444,1.016711877743475,shape,1.0791812460476249,0.9542425094393249,8,4,3,838400,854400,15,fe8e0db093abe210d19a3c4dc0ab62f023cc13c5f7cee0fb24969ef483a22d16,6400,2584000,744
MSREG_small_e6821710008f9f2b,MG1655,1875600,1878800,1877200.0,small,WIN_small_e6821710008f9f2b,1.0154049653704524,3200,0.29578736629275815,1.0154049653704524,shape,1.2170724856498243,0.8137374450910805,2,0,0,1875200,1878800,2,291711608d95fde15555daff17d3a4e9f6c6ab4de754b692f30e72ce396730e1,3200,2584400,745
MSREG_small_df247e2e24becb10,MG1655,2626400,2629600,2628000.0,small,WIN_small_df247e2e24becb10,1.0110301510680368,3200,0.2196000242470476,1.0110301510680368,shape,1.1719941109146361,0.8500661912214375,7,3,2,2625200,2640000,12,9fc8900560cbce877622ba97e5a3dd9d11dcec37dfae5cb7f51c2c26e1281735,3200,2587200,746
MSREG_small_52503dbef4a48a6b,MG1655,116000,119200,117600.0,small,WIN_small_52503dbef4a48a6b,1.0101084286217403,3200,0.40905228028220914,1.0101084286217403,shape,1.2170724856498243,0.8031443715936564,7,2,0,112800,120400,9,93cf97bdb6a85bd2813f39532e5fd3b72886895000c928ac811c7af934a031c3,3200,2590000,747
MSREG_small_17998e6db84adf95,MG1655,2560400,2563600,2562000.0,small,WIN_small_17998e6db84adf95,1.0097816456541968,3200,1.0097816456541968,0.05834739691413162,density,0.9740344369635299,1.0455288543448638,6,3,0,2556000,2564400,9,b4c9c464a4fed4349f9f9874bd7aa69156b15fac04e4eaa68752feae1d99de3a,3200,2592400,748
MSREG_small_75b1a566bab12604,MG1655,3891600,3894800,3893200.0,small,WIN_small_75b1a566bab12604,1.0091702499214765,3200,1.0091702499214765,0.11604008908872124,density,0.9818597744754864,1.0364807253674666,4,2,1,3891600,3905600,7,5cfc1a71231a621dd2544f473dc632788ab806e3bd7bbe06f02696ff1d323c9b,3200,2594000,749
MSREG_medium_f3e600a343f43060,MG1655,419200,425600,422400.0,medium,WIN_medium_f3e600a343f43060,1.008814744151859,6400,0.22135364016415654,1.008814744151859,shape,0.8872957198087117,1.130333768495006,8,4,1,416000,428800,13,c2f36fe1c75cd185d103bb10debf764b9980e0c005159a126a2157feb4743e34,6400,2597200,750
MSREG_small_34aee0dbed47015f,MG1655,426000,429200,427600.0,small,WIN_small_34aee0dbed47015f,1.008438840110005,3200,1.008438840110005,0.05477051534728976,density,0.9979465943689413,1.018931085851069,4,1,0,422400,429200,5,d039bcf22d3a0da1dc9c34c58fa041dc75bf60809f6ca09352d9587c19fb3a00,3200,2598800,751
MSREG_small_2000c6feec2ef371,MG1655,1194400,1197600,1196000.0,small,WIN_small_2000c6feec2ef371,1.0083577242177837,3200,0.2587684131170124,1.0083577242177837,shape,0.9228819145161485,1.0938335339194187,3,0,0,1194400,1198400,3,3c21e1f94d7487fcce1cb0fe75c4b1686229390991c6dee2d70721e27492caee,3200,2599600,752
MSREG_small_71457e18105fa324,MG1655,511200,514400,512800.0,small,WIN_small_71457e18105fa324,1.0083577242177837,3200,0.12188166989802723,1.0083577242177837,shape,1.0020631605637733,1.0146522878717938,7,6,0,507200,517600,13,d0e5a0cb565a281b7bd36220af44f2f5dc805f96876f8ce1169a17b18fe796f9,3200,2602800,753
MSREG_small_06a8dd477f96c3b6,MG1655,1103200,1106400,1104800.0,small,WIN_small_06a8dd477f96c3b6,1.007669459803382,3200,0.20734597698786097,1.007669459803382,shape,0.8245953726792888,1.1907435469274752,4,1,0,1100000,1106400,5,63f42ae36714038f32645b3b9b68bfba9567a4f0d8459dfc2023fb012d300757,3200,2604400,754
MSREG_small_bd11589198ff20c2,MG1655,21600,24800,23200.0,small,WIN_small_bd11589198ff20c2,1.0065405818902367,3200,0.6711385816212121,1.0065405818902367,shape,0.8648899675384618,1.1481911962420115,7,4,0,18400,27200,11,c41ceb11ddca5d020acbc71e6ccb3d2e9b01bcfc970703c2bd9a6a3d61ed2500,3200,2607600,755
MSREG_small_d5cbb257ee4cf9c9,MG1655,1755200,1758400,1756800.0,small,WIN_small_d5cbb257ee4cf9c9,1.0052575811654982,3200,1.0052575811654982,0.16155335955684963,density,0.9740344369635299,1.0364807253674666,7,6,1,1751200,1764800,14,9650bd8568f8476cec0ad03d49226a2093f70e34898ac932a7c88b0c27dae5b9,3200,2610800,756
MSREG_small_fbe888535e3e14a7,MG1655,4111200,4114400,4112800.0,small,WIN_small_fbe888535e3e14a7,1.0049779323941352,3200,0.4708723763144489,1.0049779323941352,shape,0.5549051292215542,1.4550507355667164,4,2,1,4100800,4114400,7,a8b75adcf443387bd019b0da8bd671c9820716e39d5799fe4a521bc3fa4a25d9,3200,2612400,757
MSREG_small_16e240782ad75279,MG1655,698800,702000,700400.0,small,WIN_small_16e240782ad75279,1.004738519755824,3200,1.004738519755824,0.19948664860303914,density,0.9404670893172614,1.0690099501943866,4,0,0,697600,702000,4,dd0fc62dbabc147a95a6d73aab37097774dfc9ca8a3eb48042a4753638da3fec,3200,2613600,758
MSREG_small_14aaff3ffe7d3d93,MG1655,2558800,2562000,2560400.0,small,WIN_small_14aaff3ffe7d3d93,1.003664417445691,3200,0.37735277015657986,1.003664417445691,shape,0.8648899675384618,1.1424388673529202,4,2,0,2554400,2562000,6,85e9aa26e9bea0a93890b966bf04fd748e2e5710c3aa5a0af2991c8c719540db,3200,2615200,759
MSREG_small_a3d091cb3f896fb8,MG1655,4348400,4351600,4350000.0,small,WIN_small_a3d091cb3f896fb8,1.0030304104523733,3200,0.5219016709414752,1.0030304104523733,shape,0.9740344369635299,1.0320263839412167,7,8,4,4344000,4361600,19,94dec104e29924c76885c29b8e05ba316da277d0f00423fe0897331c4b014e4c,3200,2618400,760
MSREG_small_1301dd22ac82c56d,MG1655,3826800,3830000,3828400.0,small,WIN_small_1301dd22ac82c56d,1.0027931342594494,3200,0.5461698122998653,1.0027931342594494,shape,1.410468602913976,0.5951176656049226,7,8,8,3816000,3840000,23,5e92f60dca43bf22bc39ff618c6b47edf5624fd0662f3f6d769e85e2ad5f2706,3200,2621600,761
MSREG_small_a74685a978b3db68,MG1655,954800,958000,956400.0,small,WIN_small_a74685a978b3db68,1.0023982491879935,3200,0.26638204159949774,1.0023982491879935,shape,0.9160424899858431,1.0887540083901437,2,0,0,954400,958000,2,ca9170631959ad33e402feec7dc598a358f6c4ceff694d8845c0e84d634c7d79,3200,2622000,762
MSREG_small_8e20acde35e0bd4c,MG1655,3821200,3824400,3822800.0,small,WIN_small_8e20acde35e0bd4c,1.0003954301632776,3200,1.0003954301632776,0.6624089674401871,density,0.9818597744754864,1.018931085851069,7,7,3,3811200,3828000,17,0af86437db87c13b56a0c7f9dae07da49b902e71c70265daf2b4eed6b35e78cb,3200,2625200,763
MSREG_small_957e1384fc29bf53,MG1655,2220000,2223200,2221600.0,small,WIN_small_957e1384fc29bf53,0.9992453141646841,3200,0.2056951392533544,0.9992453141646841,shape,0.8385610288161127,1.1599295995132555,5,2,1,2209600,2223600,8,18140562c17c77da8bf5b9e2b016fec737e1f9c39a38178d14ca7ebd746b7d55,3200,2627200,764
MSREG_small_9d03cd3138eed04e,MG1655,4582000,4585200,4583600.0,small,WIN_small_9d03cd3138eed04e,0.9980239122408465,3200,0.6792384254466932,0.9980239122408465,shape,1.3072491159989124,0.7136222922078127,4,2,1,4571200,4585200,7,be0fb5cf45fdb5c2ae821936baa6d1c8ff506da3c54d8ca452c1d0a9eb6534c5,3200,2628800,765
MSREG_medium_3f4c35c8571a5422,MG1655,3018400,3024800,3021600.0,medium,WIN_medium_3f4c35c8571a5422,0.9978280695440063,6400,0.04442056745412484,0.9978280695440063,shape,1.173085748915956,0.8225703901720565,10,5,0,3016000,3025600,15,4240de7c8db9a786ac4ec6584968683b93d5b2b27e8e0bf2a41645f8e2eb119c,6400,2632800,766
MSREG_small_b4e31a6a1b0a965e,MG1655,1198800,1202000,1200400.0,small,WIN_small_b4e31a6a1b0a965e,0.9976761984100209,3200,0.19950962825945442,0.9976761984100209,shape,1.1481911962420115,0.8471612005780302,5,3,0,1198400,1206400,8,62a3ba278a012ae71a74ab0d84e3dae86f2038ac630cef3f93c52aa007c1521b,3200,2634800,767
MSREG_medium_b7cb262481f3391a,MG1655,2501600,2508000,2504800.0,medium,WIN_medium_b7cb262481f3391a,0.9951945616308739,6400,0.09102961244678817,0.9951945616308739,shape,1.3802112417116061,0.6101778815501419,15,4,0,2500400,2509600,19,36009796c01cee708bcac3d24fd2b50157fb32b58dccd302b85c195ffe8f8e74,6400,2640800,768
MSREG_small_4336ee44101c082d,MG1655,2718400,2721600,2720000.0,small,WIN_small_4336ee44101c082d,0.9940394474052088,3200,0.9940394474052088,0.07156066994591606,density,0.9818597744754864,1.006219120334931,4,0,0,2717200,2721600,4,ba0bd67dc31f1aa9679190ffa2e6414aae9feab63a763a865db6b34609fc4711,3200,2642000,769
MSREG_small_20248286b587b774,MG1655,2140800,2144000,2142400.0,small,WIN_small_20248286b587b774,0.9940394474052088,3200,0.9940394474052088,0.04877593335116698,density,0.9818597744754864,1.006219120334931,1,0,0,2140800,2144000,1,dffc1fddd89ba51251dc792876e189815e62c26bbe60b4501403a1186fc2333f,3200,2642000,770
MSREG_small_e4a932d91c055bc8,MG1655,582000,585200,583600.0,small,WIN_small_e4a932d91c055bc8,0.9902759694767767,3200,0.21257290757205857,0.9902759694767767,shape,0.7354507297034854,1.245101209250068,7,8,7,571200,593600,22,70e4a9bd89f8d1d6aead04381e106194a43e66e71db141f90b166637c9dee91d,3200,2645200,771
MSREG_large_16e47b78601922d2,MG1655,2417600,2430400,2424000.0,large,WIN_large_16e47b78601922d2,0.989397797386161,12800,0.17244411809618243,0.989397797386161,shape,1.1702617153949573,0.8085338793773645,31,15,6,2414400,2435200,52,6dbdbc722e57fe9fb4acbd73feb9903704216f4bc15f5819e85ee9037597256f,12800,2658000,772
MSREG_medium_52a6f3b4e083e8ee,MG1655,2604800,2611200,2608000.0,medium,WIN_medium_52a6f3b4e083e8ee,0.9878101726481032,6400,0.04055618992010494,0.9878101726481032,shape,0.4862646341595322,1.4893557111366742,1,1,0,2604800,2611200,2,4988998b1e3333d71559c8c021d51e71d10e47550da77fb7efdcb4c040c31677,6400,2658000,773
MSREG_small_b574c2efad33aa18,MG1655,886800,890000,888400.0,small,WIN_small_b574c2efad33aa18,0.9871642873942283,3200,0.2390835296753032,0.9871642873942283,shape,1.4669499588664243,0.5073786159220324,2,0,0,886400,890000,2,6c3a963244ac4f36adc68b34cfaa17257f12295cb8abb383b880c0a2358873b7,3200,2658400,774
MSREG_small_7382268fb7dab6fe,MG1655,3704000,3707200,3705600.0,small,WIN_small_7382268fb7dab6fe,0.9859356504852594,3200,0.9859356504852594,0.05761126543030309,density,0.926342446625655,1.0455288543448638,4,2,0,3700000,3707200,6,ba462f3a6dd79d1524e20d1b0b8efff6259acb15adca58794327006bac2e780e,3200,2660000,775
MSREG_small_78d11eab5e673ddc,MG1655,2754800,2758000,2756400.0,small,WIN_small_78d11eab5e673ddc,0.9858442393111241,3200,0.9858442393111241,0.034259037086039806,density,0.9818597744754864,0.9898287041467617,4,2,0,2754800,2762400,6,81ce868aef06351a5adf3ef30b10097e3b8e85425917e132a101ef4a3697c950,3200,2661600,776
MSREG_small_abe99ccf265784e8,MG1655,1899200,1902400,1900800.0,small,WIN_small_abe99ccf265784e8,0.9838428680842872,3200,0.9838428680842872,0.04213079021231847,density,0.9818597744754864,0.9858259616930879,1,0,0,1899200,1902400,1,9e69c8444b210bd19bd8dd0628fe4129ff6b1cc6c3284f5f49263ba440ccc087,3200,2661600,777
MSREG_small_9610df8a60624148,MG1655,2384400,2387600,2386000.0,small,WIN_small_9610df8a60624148,0.983661836609899,3200,0.42669016045648067,0.983661836609899,shape,1.421192468305749,0.5461312049140491,5,0,0,2384000,2388800,5,e3f2f67d20b29815681dcae7bb317cd833fdd443f7630f3626e866a60cbcf751,3200,2663600,778
MSREG_small_0527533056181a8d,MG1655,2858800,2862000,2860400.0,small,WIN_small_0527533056181a8d,0.9828490574665303,3200,0.2014392798613853,0.9828490574665303,shape,0.8057685154198052,1.1599295995132555,7,8,5,2848000,2867200,20,5e5724c000f9c8f37c39b6a6012fbcc87579816cf8ec37f6a5d94d4da72a4db9,3200,2666800,779
MSREG_small_8e68af5e47a26930,MG1655,1710800,1714000,1712400.0,small,WIN_small_8e68af5e47a26930,0.9825427975662444,3200,0.510085946543416,0.9825427975662444,shape,1.4550507355667164,0.5100348595657724,2,0,0,1710400,1714000,2,b9cbc198aca9cde0ae18697e44b2567700816272f780b31e16f93d4485a493f5,3200,2667200,780
MSREG_medium_5b482104674166f1,MG1655,1828800,1835200,1832000.0,medium,WIN_medium_5b482104674166f1,0.9823784927310314,6400,0.03614695739651064,0.9823784927310314,shape,0.6716959194693568,1.293061065992706,8,4,2,1824000,1838400,14,727e1eb8357fdabc8e3de29f2b42774c5142f2292efd5fda6ba5e372bb52e475,6400,2670400,781
MSREG_small_da129dad9fa7be05,MG1655,644400,647600,646000.0,small,WIN_small_da129dad9fa7be05,0.9822549469975623,3200,0.06780691531144736,0.9822549469975623,shape,0.7265872693721803,1.2379226246229444,7,8,6,633600,654400,21,bb1d269c623598be1e34dab48dbcf006c3ecf91d166a79cbc4d9d7a555882c09,3200,2673600,782
MSREG_medium_4fb50faf5499587f,MG1655,528000,534400,531200.0,medium,WIN_medium_4fb50faf5499587f,0.9814150574958928,6400,0.11762882790098123,0.9814150574958928,shape,1.356730145862083,0.6060999691297024,14,5,0,527200,536800,19,61a48bffc02e579b9a2009d74c7750817d8651cb1cc142c338f6c08b25941558,6400,2679200,783
MSREG_small_78883bea450b61cf,MG1655,54000,57200,55600.0,small,WIN_small_78883bea450b61cf,0.9801081451228704,3200,0.9801081451228704,0.20424857368468835,density,0.9938686819485018,0.9663476082972389,1,0,0,54000,57200,1,2d969866308c75ee024229d2925a11cd96836e0fabb0220c6a6a96efbbb33b02,3200,2679200,784
MSREG_small_f9f60a5ff56389d5,MG1655,4375600,4378800,4377200.0,small,WIN_small_f9f60a5ff56389d5,0.9799301993283088,3200,0.8192088312271156,0.9799301993283088,shape,1.5760944282914922,0.8110648552297536,5,0,0,4374400,4379200,5,4d48d03e5e7fe7f263fb83895e5090713e219cf44be3165b73363de30019ff2b,3200,2680800,785
MSREG_small_bd5104a5def08aba,MG1655,4382400,4385600,4384000.0,small,WIN_small_bd5104a5def08aba,0.9798590618203993,3200,0.4903692658223371,0.9798590618203993,shape,0.870964115250655,1.0887540083901437,7,4,0,4380800,4389600,11,2b0ad151eca0e38c2e6918abf884e0389cca32ed5666742668597643f2bb5fd7,3200,2684000,786
MSREG_small_ec2113b59f203cf6,MG1655,1382800,1386000,1384400.0,small,WIN_small_ec2113b59f203cf6,0.9793085348872448,3200,0.12291625482248739,0.9793085348872448,shape,1.2989765900329224,0.6596404797415671,7,6,3,1372800,1388800,16,f9c02a8a4ab3cdbbefd330584d2ca267ed0b6b204409945e5c1dae5476bb2fd7,3200,2687200,787
MSREG_small_171d07ba8b0edc37,MG1655,1654400,1657600,1656000.0,small,WIN_small_171d07ba8b0edc37,0.9790958018396632,3200,0.3509286266740086,0.9790958018396632,shape,1.2673776039612201,0.6908139997181062,6,5,2,1644800,1660000,13,a445bce8d1ff6e560bde457f2f1206d6bfedbf6bd479d1d1fa944e929fab3bb7,3200,2689600,788
MSREG_small_9c0435d9aafee1d7,MG1655,3340800,3344000,3342400.0,small,WIN_small_9c0435d9aafee1d7,0.9779471057195082,3200,0.9779471057195082,0.8378109512449086,density,0.9740344369635299,0.9818597744754864,2,0,0,3340400,3344000,2,86a2352ae590772cd9e6da605a919b6a0f3ec609000065e973beb36c224b81c3,3200,2690000,789
MSREG_small_4f13d391aff1e719,MG1655,3315200,3318400,3316800.0,small,WIN_small_4f13d391aff1e719,0.9779118574050161,3200,0.9779118574050161,0.06185237518525158,density,0.9368926289589632,1.018931085851069,7,6,0,3311200,3321600,13,fdfe54bbcea75cdc200e4a86f227c55ad35a20e9cd5e851faeed8151fe86adc7,3200,2693200,790
MSREG_small_ca1b027022239b29,MG1655,2440800,2444000,2442400.0,small,WIN_small_ca1b027022239b29,0.9760168953128892,3200,0.9760168953128892,0.03536566227498289,density,0.9818597744754864,0.9701740161502918,1,0,0,2440800,2444000,1,a69473416196188cb18f747d3553fbaba938d93577f5778c258156aedbb6c30c,3200,2693200,791
MSREG_small_c41bfebfad309c0e,MG1655,434800,438000,436400.0,small,WIN_small_c41bfebfad309c0e,0.9743115872767774,3200,0.7110082783769871,0.9743115872767774,shape,0.8648899675384618,1.083733207015093,7,2,0,432800,440000,9,ef38adbbd28e7e2562c8d5f9d1f5c17830fd860778c9327504ee8c333ebdb61d,3200,2696400,792
MSREG_small_cd59318fc50aa673,MG1655,3834400,3837600,3836000.0,small,WIN_small_cd59318fc50aa673,0.9733776192092177,3200,0.2551791208034506,0.9733776192092177,shape,0.6558965386076925,1.290858699810743,7,7,3,3828800,3844800,17,d16e0f3dde803d1f6468232aec9d93dc3e5217abc392d4888c7c9d38f64d8224,3200,2699600,793
MSREG_small_4f3f64f63bff221f,MG1655,1159600,1162800,1161200.0,small,WIN_small_4f3f64f63bff221f,0.972619567138044,3200,0.49691895260223645,0.972619567138044,shape,0.9938686819485018,0.9513704523275861,3,0,0,1158800,1162800,3,cde9a51b03aef8a07a5cba82d651d8a5fec9f7153f20cd5764f20a8746a2de22,3200,2700400,794
MSREG_small_733a086cee822e4c,MG1655,2523600,2526800,2525200.0,small,WIN_small_733a086cee822e4c,0.9725679780090858,3200,0.11889923573379828,0.9725679780090858,shape,0.7852063565049161,1.1599295995132555,7,7,0,2520000,2531200,14,20919c8aaefa39ffa012cf3d690b4025a53d38f264166f4430bc589a2b10ed3d,3200,2703600,795
MSREG_small_3524003dcde469bc,MG1655,2548400,2551600,2550000.0,small,WIN_small_3524003dcde469bc,0.9724476510171558,3200,0.3562790704018254,0.9724476510171558,shape,0.8301278612792499,1.1147674407550616,1,0,0,2548400,2551600,1,3eeba912fb3b20e0b2dec04ed91af590e1160a7703d24d3b3ec80e7502085a90,3200,2703600,796
MSREG_small_b362f9399804d74d,MG1655,4406800,4410000,4408400.0,small,WIN_small_b362f9399804d74d,0.9715045375788287,3200,0.6879347447595459,0.9715045375788287,shape,0.6768994851830729,1.4550507355667164,5,3,0,4406400,4414400,8,2e28521b39d06344cf30ed15fed7f560fd43815a7c52a8f76e72944541e8268f,3200,2705600,797
MSREG_small_7322da732d3b06a5,MG1655,3374400,3377600,3376000.0,small,WIN_small_7322da732d3b06a5,0.9704462797903188,3200,0.9704462797903188,0.04053753680033745,density,0.9550665978875499,0.9858259616930879,4,2,1,3364800,3377600,7,6e47cb5524370f359893976c981b877ecd297c8fb85488cd5a60bb8ff981a9cd,3200,2707200,798
MSREG_small_0cbb7d43b610ab21,MG1655,4158000,4161200,4159600.0,small,WIN_small_0cbb7d43b610ab21,0.9696135482038257,3200,0.5894892540338399,0.9696135482038257,shape,1.1540207399027353,0.7852063565049161,7,4,2,4147200,4162400,13,f9edf0ca23f105cda925d04ca7a2c6edd59f9d1ccbb3c5b4b0f7ebe64bb15701,3200,2710000,799
MSREG_small_50ef3f8cdffba3a0,MG1655,180800,184000,182400.0,small,WIN_small_50ef3f8cdffba3a0,0.9686488614736788,3200,0.9686488614736788,0.05111281175484923,density,0.8005359884861282,1.1367617344612295,4,2,0,176800,184000,6,1a48f682be33bad700c104c1dd9dba7d3b305bc4beb448e60f585b569b289218,3200,2711600,800
MSREG_small_cec1fd2bf1585baa,MG1655,1384400,1387600,1386000.0,small,WIN_small_cec1fd2bf1585baa,0.9677052543790434,3200,0.17388561770728023,0.9677052543790434,shape,1.0020631605637733,0.9333473481943135,4,0,0,1384400,1388800,4,9903c3a016ad086af1b781a4500811d3e0d08518d496201839dc1a785f8ebd3e,3200,2712800,801
MSREG_small_fb0d3e0341dcbd36,MG1655,3081200,3084400,3082800.0,small,WIN_small_fb0d3e0341dcbd36,0.9673524561845391,3200,0.511369098654837,0.9673524561845391,shape,0.8559351248855354,1.078769787483543,7,8,4,3075200,3092800,19,e811ed87d0e7b3a326cf731c905886ffdaff78ec638e1d454508c55e46f39d5b,3200,2716000,802
MSREG_small_bb9e46986604451d,MG1655,3877200,3880400,3878800.0,small,WIN_small_bb9e46986604451d,0.9671511142684437,3200,0.7456447570706749,0.9671511142684437,shape,0.8031443715936564,1.131157856943231,5,0,0,3876800,3881600,5,15bc660aee695599e5f87d90001d70ba70be4d64485f8d1031b9b01256addf14,3200,2718000,803
MSREG_small_36a1b4e932835da8,MG1655,2750400,2753600,2752000.0,small,WIN_small_36a1b4e932835da8,0.9639547770218304,3200,0.5188714908265177,0.9639547770218304,shape,0.8588996038492743,1.0690099501943866,5,0,0,2750000,2754800,5,d603270ea2efe85558863b5758663b709819e8eb927ac57d012aed40c678a18e,3200,2719600,804
MSREG_small_f04fce428f861dbe,MG1655,1744400,1747600,1746000.0,small,WIN_small_f04fce428f861dbe,0.9631629903981538,3200,0.5632952193039957,0.9631629903981538,shape,0.8273528072244777,1.0989731735718298,7,4,0,1742400,1751200,11,dd6aa0749ceac4364aaca2cd019f8d0435052cfbf718d2e2bd77cffc4b53abe2,3200,2722800,805
MSREG_small_67dfdbadf40c4365,MG1655,3065200,3068400,3066800.0,small,WIN_small_67dfdbadf40c4365,0.9629654940307866,3200,0.2610505035989481,0.9629654940307866,shape,0.8057685154198052,1.1201624726417678,4,2,0,3060800,3068400,6,3e29b0003498dcfb568dae4c4d1009f6f32052370bd165045fc2d7468a96bbef,3200,2724400,806
MSREG_small_3fe2667106d502bb,MG1655,1861600,1864800,1863200.0,small,WIN_small_3fe2667106d502bb,0.9629654940307866,3200,0.9629654940307866,0.06856619038145512,density,0.9818597744754864,0.9440712135860867,6,1,0,1859200,1865600,7,ece2700f4ffb089481c5813cad25d14e355b703b4ab8b71e79d361c5abd4c258,3200,2726800,807
MSREG_small_ee245724d69ac553,MG1655,757600,760800,759200.0,small,WIN_small_ee245724d69ac553,0.9628174895441174,3200,0.5217937974179343,0.9628174895441174,shape,0.6099526955524597,1.315682283535775,4,0,0,757600,762000,4,9399484ef6a8174f83d67a5816989ae6efc1c25edb3aba1bcf826be3a92dcca7,3200,2728000,808
MSREG_small_18a589b2992417af,MG1655,923600,926800,925200.0,small,WIN_small_18a589b2992417af,0.962456124914508,3200,0.962456124914508,0.3278555345558765,density,1.018931085851069,0.9059811639779471,4,1,0,923600,930400,5,5664da30c6e65691ac8ee4ddda7d816342116730c4162d8797d79133e28d63b1,3200,2729600,809
MSREG_small_23cbe10b8943531c,MG1655,1531600,1534800,1533200.0,small,WIN_small_23cbe10b8943531c,0.961342966624213,3200,0.0083121098407749,0.961342966624213,shape,0.417947413492602,1.504738519755824,7,8,5,1526400,1545600,20,85990d830418deeb85abc50b845878ce86be659eb3bb0a73754aa6ee5ff7f6eb,3200,2732800,810
MSREG_small_6d701078489dd108,MG1655,3558800,3562000,3560400.0,small,WIN_small_6d701078489dd108,0.9590528252748082,3200,0.5067296627118826,0.9590528252748082,shape,0.5034244658579927,1.4791844152834357,4,0,0,3557600,3562000,4,b0b5f411c937ff7e231e8d739e86d2478043bbf906e9398ef4bfc549617eb171,3200,2734400,811
MSREG_medium_956dd9b0dc45ad45,MG1655,2675200,2681600,2678400.0,medium,WIN_medium_956dd9b0dc45ad45,0.9582374465201939,6400,0.04553414548920438,0.9582374465201939,shape,1.173085748915956,0.7433891441244317,15,7,5,2667200,2686400,27,e7a8ce30012a9560b1e26a052a73a4e3093eec190974ed10720bb3ce80c501c5,6400,2740800,812
MSREG_small_d77536eaa56d2f7a,MG1655,4571200,4574400,4572800.0,small,WIN_small_d77536eaa56d2f7a,0.9576998785868458,3200,0.5850280661945408,0.9576998785868458,shape,0.883373373232475,1.0320263839412167,7,6,4,4564800,4582400,17,9803d2132802ac69c70d43a87ce58371145c206ea072cebf66bb4883ce6e4f10,3200,2744000,813
MSREG_small_cd9f8d4da231942d,MG1655,1681600,1684800,1683200.0,small,WIN_small_cd9f8d4da231942d,0.9565468816782005,3200,0.6205428132085803,0.9565468816782005,shape,1.2037085240918428,0.7093852392645581,5,1,0,1681200,1688000,6,47852d58b0aa50a49e116f2e97a297e960ae8cd9a7e5ded681f1f5e235891349,3200,2746000,814
MSREG_small_2be41808f74e2811,MG1655,1706800,1710000,1708400.0,small,WIN_small_2be41808f74e2811,0.953218525107568,3200,0.21318859808110469,0.953218525107568,shape,0.6540366022235686,1.2524004479915674,3,0,0,1706400,1710400,3,dd5df3df9b05d0d9c4858726bf64dc96d4bc16755b93b96466949a88c82f6d35,3200,2746800,815
MSREG_medium_266652e715d63616,MG1655,716000,722400,719200.0,medium,WIN_medium_266652e715d63616,0.9527397543694622,6400,0.10979170460156745,0.9527397543694622,shape,1.173085748915956,0.7323937598229685,15,7,3,712000,728000,25,9b0f839f286ab7cc9f55ac1d045e7a1b70250b722267ddc33ff2de620c9833af,6400,2753200,816
MSREG_small_4db617a599abe542,MG1655,777600,780800,779200.0,small,WIN_small_4db617a599abe542,0.951932605717503,3200,0.951932605717503,0.4855081771680873,density,0.9740344369635299,0.9298307744714763,6,2,0,776800,784000,8,ecedf70c45a461d45d59d12abadbc33da1bfe4138323132e0c6dba992ee8ae1d,3200,2755600,817
MSREG_small_69e7ef9533bcb2a5,MG1655,4069600,4072800,4071200.0,small,WIN_small_69e7ef9533bcb2a5,0.9510743459496197,3200,0.3823563841852784,0.9510743459496197,shape,0.7422190923859839,1.1599295995132555,7,7,1,4064000,4076800,15,7de357ea408316c0d14ccef871797d3e057efba3a854860bfc86ac82243371e5,3200,2758800,818
MSREG_medium_2ae6ad29b71e86e8,MG1655,2574400,2580800,2577600.0,medium,WIN_medium_2ae6ad29b71e86e8,0.9508758181098407,6400,0.10979170460156745,0.9508758181098407,shape,1.1583624920952496,0.7433891441244317,8,4,4,2566400,2584000,16,3fded6828a0a15ba7cf90e0a0c41fafa1c57d141ebdf519fea816301b788aa6b,6400,2762000,819
MSREG_small_12c5e68a2864d7b3,MG1655,4078400,4081600,4080000.0,small,WIN_small_12c5e68a2864d7b3,0.9499714030549331,3200,0.9499714030549331,0.0663640711927033,density,1.0320263839412167,0.8679164221686496,4,1,0,4076800,4083200,5,b296059426c0b72d0ecee6205bb651349597c7755adffb15751f3080d47b2689,3200,2763600,820
MSREG_small_bee4ebf14143706e,MG1655,3717600,3720800,3719200.0,small,WIN_small_bee4ebf14143706e,0.9496307798620272,3200,0.9496307798620272,0.13320726832840618,density,0.958794470406793,0.9404670893172614,5,2,0,3713600,3721200,7,4e97b9d6fbf141271a3274c9b72d33f8503827deed18c83bf36043206dbec8d2,3200,2765600,821
MSREG_small_9792aef5e17c70d4,MG1655,134400,137600,136000.0,small,WIN_small_9792aef5e17c70d4,0.9492289128340439,3200,0.3444527232947868,0.9492289128340439,shape,0.8245953726792888,1.0738624529887988,7,7,3,129600,145600,17,5c069c4692520a1f4df8c9c0c13e37e7d4864867a017b6fe8bfbf37a0e3dbce9,3200,2768800,822
MSREG_medium_2fc2677b2521db1c,MG1655,2851200,2857600,2854400.0,medium,WIN_medium_2fc2677b2521db1c,0.9475605286603341,6400,0.04553414548920438,0.9475605286603341,shape,0.9920310703287247,0.9030899869919435,15,7,3,2843200,2860000,25,96707f17d8bb7ec1b7a11e02ec4f555736943e331d0687b35a0bbc35e596a8d9,6400,2775200,823
MSREG_large_3d2c5b1f8523af91,MG1655,1275200,1288000,1281600.0,large,WIN_large_3d2c5b1f8523af91,0.9466826997238478,12800,0.12500924468293573,0.9466826997238478,shape,1.1702617153949573,0.7231036840527382,29,10,1,1274800,1289200,40,e79dfc6fc8ad69318e8d4fb2aeb836b8c270929c3c69c13b311687a8a92ac49d,12800,2786400,824
MSREG_small_41a15ac61a0f254a,MG1655,4007200,4010400,4008800.0,small,WIN_small_41a15ac61a0f254a,0.9466042349560588,3200,0.6634542476145613,0.9466042349560588,shape,0.6691440204863106,1.389784004054125,7,5,0,4004800,4014400,12,15ac64f9992f045cb672699a0603f353cf27195832fbdee997c640cb10736744,3200,2789600,825
MSREG_small_51bd58c86ffba4bf,MG1655,1292000,1295200,1293600.0,small,WIN_small_51bd58c86ffba4bf,0.9450081716087028,3200,0.9450081716087028,0.05406966296604947,density,0.9938686819485018,0.8961476612689038,4,0,0,1290800,1295200,4,37c7079dcc2334c7a837685260594885e91ef3bf7a07f44efcb6968c873495c2,3200,2790800,826
MSREG_small_e56db8ad8f961022,MG1655,1913200,1916400,1914800.0,small,WIN_small_e56db8ad8f961022,0.9433485931489962,3200,0.9433485931489962,0.6231586440919281,density,0.9740344369635299,0.9126627493344625,5,0,0,1912800,1917600,5,7ebacf2531f967d7c16a75a09b8ba5ccfe2f07f2b885c86aef85927d57ba845e,3200,2792400,827
MSREG_small_5c0d4de43e781df5,MG1655,4358400,4361600,4360000.0,small,WIN_small_5c0d4de43e781df5,0.9418209629727484,3200,0.9418209629727484,0.060412097502062875,density,1.0364807253674666,0.8471612005780302,7,4,1,4350400,4363200,12,c759bd0eb23f3364d63203ec9d5660243efee7ef27ed846a15434e6d5be0b2f4,3200,2795600,828
MSREG_small_d8c15dcdaeff0d98,MG1655,1855600,1858800,1857200.0,small,WIN_small_d8c15dcdaeff0d98,0.9413736976427336,3200,0.29979678759852574,0.9413736976427336,shape,0.8137374450910805,1.0690099501943866,1,0,0,1855600,1858800,1,aa7473f82ff3478aebc78cbe19f4893a037b35e67bd58fe98ea343496c63df92,3200,2795600,829
MSREG_large_df28d218eaa17b07,MG1655,4552000,4564800,4558400.0,large,WIN_large_df28d218eaa17b07,0.940565471515342,12800,0.1388579488088777,0.940565471515342,shape,1.2671717284030137,0.6139592146276701,16,8,4,4547200,4564800,28,c438e0287cdbfd2d1bfc66740d48d35da7496a9e43e09cf7c68cbd2d8e74c573,12800,2802000,830
MSREG_small_2a14cf84859f19f3,MG1655,3516800,3520000,3518400.0,small,WIN_small_2a14cf84859f19f3,0.940481921272525,3200,0.940481921272525,0.11459143782603948,density,0.9368926289589632,0.9440712135860867,4,2,0,3516800,3524000,6,4f725f7f89a2231b23e790978bf25b22b3e0a63cfa5b610ad1204c37927302fb,3200,2803600,831
MSREG_small_778e67a5fe86befc,MG1655,1804400,1807600,1806000.0,small,WIN_small_778e67a5fe86befc,0.9395199452121674,3200,0.4803717728000004,0.9395199452121674,shape,0.7852063565049161,1.0938335339194187,4,0,0,1804000,1808400,4,203b4bf4e58021134348ec3284ec157fefa1e14fcc90b7b08562dac269f24a41,3200,2804800,832
MSREG_small_d90a1c4cb05d9cad,MG1655,3390400,3393600,3392000.0,small,WIN_small_d90a1c4cb05d9cad,0.9390921268742788,3200,0.6890967829852492,0.9390921268742788,shape,1.2989765900329224,0.7051891246709499,5,2,0,3386400,3394000,7,03e3fffec4ad1b027b960f0f958b8097014852b7c21873ce6b28e5bf476e9084,3200,2806800,833
MSREG_small_350bcc1666eb712b,MG1655,2212000,2215200,2213600.0,small,WIN_small_350bcc1666eb712b,0.9386798591381122,3200,0.9386798591381122,0.34987261438954076,density,0.9368926289589632,0.9404670893172614,7,7,2,2206400,2220800,16,a4b325eb5d5336d0f4adc422e71183e0a342391c667103be59daa3c2c1387576,3200,2810000,834
MSREG_small_97efa26896f5a909,MG1655,2891600,2894800,2893200.0,small,WIN_small_97efa26896f5a909,0.9376379612711858,3200,0.12427263776511341,0.9376379612711858,shape,0.8110648552297536,1.064211067312618,7,8,2,2886400,2900800,17,7e2acbc859db2d292e4f0a003c941905ead84a1bacdab2f318a131e176ab003f,3200,2813200,835
MSREG_small_3ec46a09ac879386,MG1655,3818400,3821600,3820000.0,small,WIN_small_3ec46a09ac879386,0.9375208770917897,3200,0.4727744081039651,0.9375208770917897,shape,0.8385610288161127,1.0364807253674666,7,3,2,3808000,3822800,12,d65d4a43a12c430d0bb4a844e39538684101cc59205985c13162fb7eb1393e47,3200,2816000,836
MSREG_small_a2600c8f47cb5017,MG1655,1139200,1142400,1140800.0,small,WIN_small_a2600c8f47cb5017,0.9373892328070959,3200,0.9373892328070959,0.13018778982182946,density,0.9818597744754864,0.8929186911387054,1,0,0,1139200,1142400,1,871e3fb1d73d8a239aaa99120c95cb2c16baaad5a54126d1bc4313ba97ab7932,3200,2816000,837
MSREG_small_54b796d7c541b0b9,MG1655,2594800,2598000,2596400.0,small,WIN_small_54b796d7c541b0b9,0.9367759458605341,3200,0.5682873297572961,0.9367759458605341,shape,0.6828083447935931,1.1907435469274752,6,3,2,2584000,2598800,11,6bc9174bf5bc4fa772686e678162064c93c59a4ec546ea171d801aec700ae961,3200,2818400,838
MSREG_small_5ef6d16443d55ccd,MG1655,50800,54000,52400.0,small,WIN_small_5ef6d16443d55ccd,0.9344986385362533,3200,0.9344986385362533,0.15633295928513677,density,0.8500661912214375,1.018931085851069,4,0,0,49600,54000,4,938316774b98fe77fa72932cecf15aa5a8658c4d2a1493b0dcd46e3eefcd5153,3200,2819600,839
MSREG_small_2201b110a4506eeb,MG1655,3003600,3006800,3005200.0,small,WIN_small_2201b110a4506eeb,0.9341958334763956,3200,0.9341958334763956,0.06831618845106599,density,0.9818597744754864,0.8865318924773047,7,8,6,2993600,3014400,21,98475e30a0ff20c063ac69f29e3db03e040b2089714216c1fce9994f8620863d,3200,2822800,840
MSREG_small_216231bde49fdee1,MG1655,3636800,3640000,3638400.0,small,WIN_small_216231bde49fdee1,0.9334765640511176,3200,0.9334765640511176,0.08216158546056433,density,0.9740344369635299,0.8929186911387054,4,1,0,3633600,3640000,5,dbe6865d94f3d4f7ec030cc4c3ae8d2243f104d005dce41bb21081c6743335b1,3200,2824400,841
MSREG_small_359b8241b68b8442,MG1655,1392800,1396000,1394400.0,small,WIN_small_359b8241b68b8442,0.9329315082687955,3200,0.9329315082687955,0.0607006282999679,density,0.9979465943689413,0.8679164221686496,6,1,0,1392000,1398400,7,4df94d18dd57b4446a22d82be942b79827e9aea5f5f4ae451489f2bda02d4d80,3200,2826800,842
MSREG_medium_d1614b03c8c7c486,MG1655,2880000,2886400,2883200.0,medium,WIN_medium_d1614b03c8c7c486,0.932725193326724,6400,0.11833800830582378,0.932725193326724,shape,0.911207877214123,0.9542425094393249,5,1,0,2880000,2886400,6,df73d7c7879501fd5c2d888868dac90a85f268ef4d6b4eca7591cf216459e68e,6400,2828400,843
MSREG_small_b6233b340b761857,MG1655,1152000,1155200,1153600.0,small,WIN_small_b6233b340b761857,0.9324163985995784,3200,0.9324163985995784,0.04622870178203297,density,0.9938686819485018,0.870964115250655,1,0,0,1152000,1155200,1,82c2b9970230763a4d29e3d4df582c61782a2c73507dc1f37d794600d24d9135,3200,2828400,844
MSREG_small_c92e8e75d560fc88,MG1655,918400,921600,920000.0,small,WIN_small_c92e8e75d560fc88,0.931589061332895,3200,0.3399009311990684,0.931589061332895,shape,0.8084086115860136,1.0547695110797763,5,0,0,918000,922800,5,4a8fb002235229d36120353ecaab24ffbc72871a0fe8645b698e2a95b1d651f6,3200,2830400,845
MSREG_small_fccb88f6ee0b8b09,MG1655,3400800,3404000,3402400.0,small,WIN_small_fccb88f6ee0b8b09,0.9309777189733628,3200,0.4996013938073196,0.9309777189733628,shape,0.8164265836018618,1.0455288543448638,1,0,0,3400800,3404000,1,f6d35e1d75ab58e5d086246259e32b2bed1e2cdc63513e067662cf0e49330c29,3200,2830400,846
MSREG_small_df64e918b811d56d,MG1655,2188400,2191600,2190000.0,small,WIN_small_df64e918b811d56d,0.9304813822065239,3200,0.9304813822065239,0.06367940509526654,density,1.0020631605637733,0.8588996038492743,7,4,2,2187200,2201600,13,edea852edc54926b7b2d2ba206dd9ca9aa2b63903998bbc8f22f6fd032771d3c,3200,2833600,847
MSREG_small_97e5b131001de1db,MG1655,1340400,1343600,1342000.0,small,WIN_small_97e5b131001de1db,0.9303964096987083,3200,0.9303964096987083,0.05066667564686521,density,0.9898287041467617,0.870964115250655,4,2,1,1340400,1353600,7,3044076f92ec5d69ed3274b12a61ea8f284da6afbbbe36cff9b7dd3c6a4beb17,3200,2835200,848
MSREG_small_06d00ee829cb3b03,MG1655,3513600,3516800,3515200.0,small,WIN_small_06d00ee829cb3b03,0.929957913997508,3200,0.929957913997508,0.27559687402451893,density,0.9194487386777547,0.9404670893172614,1,0,0,3513600,3516800,1,2907551b70fdbe867c1d1970ad6e827a3b5d928d7b345581727c7a0f9af41201,3200,2835200,849
MSREG_medium_51ab1940852bc60f,MG1655,996000,1002400,999200.0,medium,WIN_medium_51ab1940852bc60f,0.9296738938332969,6400,0.041103850338906345,0.9296738938332969,shape,1.0020152912353255,0.8573324964312684,8,4,2,987200,1002400,14,c37a0ba931a8d49588aa05325e0f1810a02a7cfc6a824cb144c730650eaf047f,6400,2838400,850
MSREG_small_49b5a265493dbfa4,MG1655,2413600,2416800,2415200.0,small,WIN_small_49b5a265493dbfa4,0.9282968547873087,3200,0.9282968547873087,0.32126005143962144,density,1.0455288543448638,0.8110648552297536,4,2,0,2413600,2420800,6,57b8df11f0add14c57f150948f8b2d7df36de6bf6c00fda7fbc7a2d738c81a8f,3200,2840000,851
MSREG_small_d08ed761e60844e5,MG1655,388400,391600,390000.0,small,WIN_small_d08ed761e60844e5,0.9263980434360342,3200,0.15233721436633238,0.9263980434360342,shape,0.9333473481943135,0.9194487386777547,7,8,4,377600,396000,19,d652e7028f3f9f308dbf25d7db27779339ea4c6cede74cd5a9c0cda9362169d9,3200,2843200,852
MSREG_small_13c3a3359597fc1b,MG1655,1972000,1975200,1973600.0,small,WIN_small_13c3a3359597fc1b,0.9263563444938124,3200,0.3772485435592824,0.9263563444938124,shape,0.9298307744714763,0.9228819145161485,2,0,0,1971600,1975200,2,7bdb709df060aae91e9dc611810d45d0f1a53b306e1dd9874fe850638ee772f9,3200,2843600,853
MSREG_medium_81df846af152f4c2,MG1655,2449600,2456000,2452800.0,medium,WIN_medium_81df846af152f4c2,0.9259190929439243,6400,0.0984597122835956,0.9259190929439243,shape,0.7604224834232121,1.0914157024646365,15,7,4,2446400,2464000,26,f7489033834618dbc465787a859999eb6d1fb8e2838599db25979abc07af17ec,6400,2850000,854
MSREG_small_d72b71ef3b257ecf,MG1655,190800,194000,192400.0,small,WIN_small_d72b71ef3b257ecf,0.9233748710069742,3200,0.9233748710069742,0.2081046425881133,density,0.9026785284278617,0.9440712135860867,4,2,0,186400,194000,6,9c6dc904e70f5d62916839497cbd1422d72868bc77e5336271b7d98c921753f0,3200,2851600,855
MSREG_small_836ffdfa762173cc,MG1655,141200,144400,142800.0,small,WIN_small_836ffdfa762173cc,0.9225538974734857,3200,0.4296049322868426,0.9225538974734857,shape,1.1481911962420115,0.69691659870496,7,5,0,136800,146400,12,7b1be2d62370c6c0df37beb27884450b2ef0f6506333fe03b437af7c0dacfe21,3200,2854800,856
MSREG_small_8b6cedaaa6febf7b,MG1655,363200,366400,364800.0,small,WIN_small_8b6cedaaa6febf7b,0.9223900745755219,3200,0.6422134159663919,0.9223900745755219,shape,1.006219120334931,0.8385610288161127,7,7,7,353600,376000,21,1cc6a9b527d0d0ec772ee95a77fb3b382b63f3dcb664f1934e1bca328e526cf5,3200,2858000,857
MSREG_small_fd89fa6b2ad74821,MG1655,4009600,4012800,4011200.0,small,WIN_small_fd89fa6b2ad74821,0.9211110533547416,3200,0.48732617832656117,0.9211110533547416,shape,0.5432455166765608,1.2989765900329224,6,3,0,4008800,4016800,9,f2d7f3c93a4aa902218ae1128fd3df7e1804ab4a4f64dd0180d107d939488cfe,3200,2860400,858
MSREG_small_b828d03455d50a87,MG1655,927200,930400,928800.0,small,WIN_small_b828d03455d50a87,0.9205961329789069,3200,0.8373307819503631,0.9205961329789069,shape,1.5760944282914922,0.8500661912214375,4,0,0,926000,930400,4,27c525d4bbaa354eadef9b990e352b5a00eb9cfd7d71f1f28764b2e53907977f,3200,2862000,859
MSREG_small_a59fc70bc92de122,MG1655,3237200,3240400,3238800.0,small,WIN_small_a59fc70bc92de122,0.9181734908070904,3200,0.9181734908070904,0.13075847935123405,density,0.8301278612792499,1.006219120334931,7,5,1,3230400,3243200,13,453f59c762048df56ce4d29c54cec4aa9627dae3452ad746a58b1d3f69db8284,3200,2865200,860
MSREG_small_ac7c44dc5f0576f9,MG1655,634400,637600,636000.0,small,WIN_small_ac7c44dc5f0576f9,0.917505303803914,3200,0.06734352281154737,0.917505303803914,shape,0.7093852392645581,1.12562536834327,7,5,1,632000,644800,13,08d6101539d559194eb028eb04e9d90f623f7fd7c749c38909f61a3189fb5a89,3200,2868400,861
MSREG_small_67e9b0906c6bb195,MG1655,4265200,4268400,4266800.0,small,WIN_small_67e9b0906c6bb195,0.9168923824247903,3200,0.9168923824247903,0.5615786313847987,density,0.8897135512634939,0.9440712135860867,5,0,0,4264000,4268800,5,d19e573222fc321c8e9fed6f36b9e6a3014c633c7dd2a1451c77c88cafd2c2da,3200,2870400,862
MSREG_small_5a2499328a8f720b,MG1655,3783600,3786800,3785200.0,small,WIN_small_5a2499328a8f720b,0.9166928902279834,3200,0.9166928902279834,0.1222780552713977,density,0.9404670893172614,0.8929186911387054,4,2,0,3783600,3791200,6,c8f7b7e84647cc68d7756d6a85f9bad8e743877ace5b6ca845d95234dffbb105,3200,2872000,863
MSREG_small_c826dee09d9f4c42,MG1655,1714000,1717200,1715600.0,small,WIN_small_c826dee09d9f4c42,0.9154336779161806,3200,0.454464642792691,0.9154336779161806,shape,1.2308607701354575,0.6000065856969037,4,0,0,1714000,1718400,4,cbf9c0269e9402628478a363dba29e600ef6530a57b135d8b79f2cbfc7d892d6,3200,2873600,864
MSREG_small_33be99673975a461,MG1655,433200,436400,434800.0,small,WIN_small_33be99673975a461,0.9141028966911251,3200,0.7562394066056439,0.9141028966911251,shape,1.2379226246229444,0.7679799545304054,2,0,0,432800,436400,2,56cfd49fd3e97309ae5a010de4d9b1106573d875b0171b8afbfe02ec1cfff583,3200,2874000,865
MSREG_medium_64c1ccfc7271d3ce,MG1655,2358400,2364800,2361600.0,medium,WIN_medium_64c1ccfc7271d3ce,0.9131491313456499,6400,0.0394398786644426,0.9131491313456499,shape,0.8720557532519748,0.9542425094393249,10,5,2,2350400,2365600,17,2935cc708de07800c5c80825374b02be0482d43c747b5ea1dcbb2fa4ed5ee319,6400,2878000,866
MSREG_small_84ddbee22417e7a4,MG1655,3635200,3638400,3636800.0,small,WIN_small_84ddbee22417e7a4,0.912675798656359,3200,0.47505470778779824,0.912675798656359,shape,0.6082791116628935,1.2170724856498243,4,0,0,3634000,3638400,4,fc73eb24cb5e488993cdf1ba6ff868b59cc0802d82dd501204986086f851a2e2,3200,2879600,867
MSREG_small_ddfdce898d5d44c5,MG1655,2636800,2640000,2638400.0,small,WIN_small_ddfdce898d5d44c5,0.9111024965937979,3200,0.9111024965937979,0.4933931443531385,density,0.844275512340542,0.977929480847054,4,2,0,2632800,2640000,6,67c3ec1e6aeeb0e33f583c610075cd9a6d75e437f822b3be43e49f4ae8be3ebc,3200,2881200,868
MSREG_small_93caa08bc76425ea,MG1655,2233200,2236400,2234800.0,small,WIN_small_93caa08bc76425ea,0.9109859283306686,3200,0.7708132299286035,0.9109859283306686,shape,1.131157856943231,0.7114985985779572,7,8,5,2225600,2244800,20,9144d37dc4e72775004635a2958430e394563acc7f1d9e42eccc466e53001e48,3200,2884400,869
MSREG_small_fe85c9993fc2b19b,MG1655,1742400,1745600,1744000.0,small,WIN_small_fe85c9993fc2b19b,0.91059781877078,3200,0.91059781877078,0.4401617762119037,density,0.9740344369635299,0.8471612005780302,2,0,0,1742400,1746000,2,bd01254855839b3906ba5ae8e286553713eca1a4689e9a1f6fa45315fce03d2c,3200,2884800,870
MSREG_small_55b2f5e72d961272,MG1655,113600,116800,115200.0,small,WIN_small_55b2f5e72d961272,0.9087957566363674,3200,0.23783627309896815,0.9087957566363674,shape,0.8771244239554734,0.9404670893172614,6,0,0,112400,117600,6,a01198591ba262d1c473e973551faee75f8a1423e97bc64ee16414ae6d883d18,3200,2886800,871
MSREG_small_cbfc433d92a1a119,MG1655,500400,503600,502000.0,small,WIN_small_cbfc433d92a1a119,0.9071611425400743,3200,0.7083438616244535,0.9071611425400743,shape,1.4917735425914564,0.7051891246709499,7,4,0,497600,506400,11,52b1929b1008525135930fd31508e44111aa75d09fa9bcca28324c53a658158e,3200,2889200,872
MSREG_large_140fef506f5083cd,MG1655,28800,41600,35200.0,large,WIN_large_140fef506f5083cd,0.9070920767000354,12800,0.11146036954991526,0.9070920767000354,shape,0.7231036840527382,1.0910804693473326,24,11,4,27200,44800,39,6d71b03f79695433b48094fc2214813f55fcecd394dca34569d134598365450b,12800,2898800,873
MSREG_large_58b105f3ce23805c,MG1655,59200,72000,65600.0,large,WIN_large_58b105f3ce23805c,0.9070920767000354,12800,0.09844209775768573,0.9070920767000354,shape,0.7231036840527382,1.0910804693473326,31,14,5,57600,76800,50,f9caf3b0e1fb2008afe491d44610325ee5449bfddae2b12d2fe986f36454fc07,12800,2911600,874
MSREG_small_b7af18ad23e72efa,MG1655,3311600,3314800,3313200.0,small,WIN_small_b7af18ad23e72efa,0.9065005794631442,3200,0.659705599901282,0.9065005794631442,shape,0.9938686819485018,0.8191324769777867,6,0,0,3310800,3316000,6,24085c4d931e0d1bdd5ca209358c527fbba1d38c259225222c7c5f3ce100fac5,3200,2914000,875
MSREG_medium_37bb3ee5ff092fd5,MG1655,2215200,2221600,2218400.0,medium,WIN_medium_37bb3ee5ff092fd5,0.9051851523661113,6400,0.13933956991636587,0.9051851523661113,shape,1.0557001501981018,0.7546701545341208,12,3,0,2213600,2221600,15,15766dfb18fdbb4501bda9131468d051d4f3629a092ae28860e724d029a2a2af,6400,2918800,876
MSREG_small_b3641e17bd3a121f,MG1655,482800,486000,484400.0,small,WIN_small_b3641e17bd3a121f,0.9042168565684315,3200,0.5469046598402532,0.9042168565684315,shape,0.6828083447935931,1.12562536834327,2,0,0,482800,486400,2,be280b63d5ba7d275566b3b457c713d461fffae6c903fc9bbc50b210a3ebfb8d,3200,2919200,877
MSREG_small_ca7010cf917750df,MG1655,4380800,4384000,4382400.0,small,WIN_small_ca7010cf917750df,0.904028671063152,3200,0.904028671063152,0.28139463918181173,density,0.8529907442387541,0.9550665978875499,1,0,0,4380800,4384000,1,b6c87fd3fadec4902b516b3184a941263ab177cf2cc368e1df34c497a43189f8,3200,2919200,878
MSREG_small_381270c0ae296c86,MG1655,2650000,2653200,2651600.0,small,WIN_small_381270c0ae296c86,0.9034775992134749,3200,0.6571923451194155,0.9034775992134749,shape,1.1201624726417678,0.686792725785182,5,3,2,2649600,2664000,10,052a33f38749427d3ba2b20380d153bcb061dba2bd89a8eba2a3a99f33458698,3200,2921200,879
MSREG_large_548a5f216820d065,MG1655,4089600,4102400,4096000.0,large,WIN_large_548a5f216820d065,0.9032486623668898,12800,0.12106100425991881,0.9032486623668898,shape,0.9149892102916513,0.8915081144421284,31,15,7,4084800,4107200,53,0902a3084bac6161eede5d19bbc960b442abb3ef7d216ea77027baa806414f74,12800,2934000,880
MSREG_small_b6ac721483972c6e,MG1655,1475600,1478800,1477200.0,small,WIN_small_b6ac721483972c6e,0.9029903155775296,3200,0.9029903155775296,0.058210122631026165,density,0.9194487386777547,0.8865318924773047,5,3,0,1473600,1481600,8,fb79285d79e4db2ede7a150e8be297d6f902f108a41ba60275a2cf4c2fe36b9f,3200,2935600,881
MSREG_small_9979060581a68ebd,MG1655,3254400,3257600,3256000.0,small,WIN_small_9979060581a68ebd,0.9025165758583298,3200,0.617471658877182,0.9025165758583298,shape,1.2989765900329224,0.5060565616837371,6,3,0,3250400,3258400,9,448c28cb60d7ad40d39bd0f3573974307faa8ee794c554e46b32a9d95d2ddde4,3200,2938000,882
MSREG_small_8fdc4665b89a8ffe,MG1655,1342400,1345600,1344000.0,small,WIN_small_8fdc4665b89a8ffe,0.9017334352905644,3200,0.3662640424995778,0.9017334352905644,shape,1.0232524596337116,0.7802144109474171,5,2,0,1342000,1349600,7,c3d8dfce148fd5e112c0ccf92dfc23b2bf06c2575c298fed436049889c7171ca,3200,2940000,883
MSREG_small_9c919128cafb7c6d,MG1655,2266400,2269600,2268000.0,small,WIN_small_9c919128cafb7c6d,0.9007800832701218,3200,0.28620262998308715,0.9007800832701218,shape,0.7467906554604673,1.0547695110797763,4,2,0,2262400,2269600,6,b778e570b47a8213ce78bca8b4102b808cb1d759f05f395c6fe87258d6601bfc,3200,2941600,884
MSREG_small_d8dee760b1508dcf,MG1655,2430800,2434000,2432400.0,small,WIN_small_d8dee760b1508dcf,0.900003169235811,3200,0.900003169235811,0.16204163033707986,density,0.8771244239554734,0.9228819145161485,7,7,3,2424000,2440000,17,6c44b9dc2897a6895ed930f50648a0556a388dc05175a3d88780a7e5f59269b3,3200,2944800,885
MSREG_small_21b516e3decb606b,MG1655,3378400,3381600,3380000.0,small,WIN_small_21b516e3decb606b,0.8998185986841535,3200,0.5855279296642844,0.8998185986841535,shape,0.9938686819485018,0.8057685154198052,6,0,0,3377600,3382800,6,a6dd29e14382a320312f38610474200d931ef0a6b4916598d99474c165421ad4,3200,2947200,886
MSREG_medium_9c260e5171a1110a,MG1655,2767200,2773600,2770400.0,medium,WIN_medium_9c260e5171a1110a,0.8986672833779915,6400,0.06672757025384733,0.8986672833779915,shape,0.6670007982609769,1.130333768495006,15,7,3,2763200,2779200,25,4c24c2c6f36d314eba3b500a4d96259f9e491aecee370c7b096d6907878b9ccf,6400,2953600,887
MSREG_small_c1effddcc87176ac,MG1655,2149600,2152800,2151200.0,small,WIN_small_c1effddcc87176ac,0.8973117323574478,3200,0.08130823068947121,0.8973117323574478,shape,1.1424388673529202,0.6521845973619752,7,7,4,2145600,2163200,18,267d8aeed3cdd4a4de5394abfaf0142409f2d1fe3e109aeccfaeec6b0ef043c9,3200,2956800,888
MSREG_large_d08e49c6c43ca466,MG1655,4299200,4312000,4305600.0,large,WIN_large_d08e49c6c43ca466,0.8969903836558919,12800,0.15556982655235257,0.8969903836558919,shape,0.8278390345727511,0.9661417327390326,31,15,7,4294400,4316800,53,48fb485d611abc5c6f127daec1d127784f420fd32348ca153a67395c5c4961e1,12800,2969600,889
MSREG_small_e75aab7bc450ad8a,MG1655,3524400,3527600,3526000.0,small,WIN_small_e75aab7bc450ad8a,0.8964865378702092,3200,0.54548073840384,0.8964865378702092,shape,0.6270531125379751,1.165919963202443,4,2,0,3520000,3527600,6,c11f3788a2e834f69381445760639e4ee2c089437f9e419035db0306f3b009b3,3200,2971200,890
MSREG_small_3863c045226ba14d,MG1655,2541600,2544800,2543200.0,small,WIN_small_3863c045226ba14d,0.8963412402796749,3200,0.8963412402796749,0.037379188007812765,density,0.8301278612792499,0.9625546192800998,4,1,0,2538400,2544800,5,f49075455d7080de9c1f75f96fb81195627b8cd29e8a1cce24995b0e5982fd60,3200,2972800,891
MSREG_small_dd8a97e08577c1d3,MG1655,1489200,1492400,1490800.0,small,WIN_small_dd8a97e08577c1d3,0.8947733833532456,3200,0.8947733833532456,0.06279835493268535,density,0.9093091073268748,0.8802376593796164,6,3,0,1484800,1493200,9,dec23285fd9c1230ede2350876444996a1c9899423e8f3a75c514cfc34fa3053,3200,2975200,892
MSREG_small_268dbcf86cb68f23,MG1655,4114400,4117600,4116000.0,small,WIN_small_268dbcf86cb68f23,0.8941733629633144,3200,0.8941733629633144,0.10459905312361528,density,0.844275512340542,0.9440712135860867,1,0,0,4114400,4117600,1,3e055426abdb5cba6642a1c23e9dd1af0b30beefe69c370d57a7bd75d31aa838,3200,2975200,893
MSREG_small_0f15476d33575699,MG1655,4121200,4124400,4122800.0,small,WIN_small_0f15476d33575699,0.8934794100902004,3200,0.5454230133444313,0.8934794100902004,shape,0.8500661912214375,0.9368926289589632,7,5,2,4119200,4134400,14,349ac8adb4f8c39af5c286d35e928232660b2dfeb5750b80eab41abc231530ee,3200,2978400,894
MSREG_large_433adda4183b0d22,MG1655,3609600,3622400,3616000.0,large,WIN_large_433adda4183b0d22,0.8921104650113137,12800,0.041542431965050516,0.8921104650113137,shape,1.4712917110589385,0.3129292189636889,31,14,3,3608000,3624800,48,fc69a4d1e3ce7131967875ff60eda77d1b305306b2debbb6ae17538ff901c947,12800,2991200,895
MSREG_small_91fd5ed2ebf7e386,MG1655,1263200,1266400,1264800.0,small,WIN_small_91fd5ed2ebf7e386,0.8899014761916675,3200,0.7366425460765005,0.8899014761916675,shape,0.7444988586808825,1.2828897701394677,3,0,0,1262800,1266800,3,e6be5b64e7e70fa2cef2eaf67c17caebade283b614bb67f2bd9126191aeaf295,3200,2992000,896
MSREG_small_f4e049377fc16081,MG1655,1919600,1922800,1921200.0,small,WIN_small_f4e049377fc16081,0.8894085197008419,3200,0.36003536932134594,0.8894085197008419,shape,0.8559351248855354,0.9228819145161485,5,0,0,1919200,1924000,5,2ab99f298b266939994743b290ca2c5b42f36739be917c4c7a7489812c8efe38,3200,2993600,897
MSREG_small_7724b73c0c4f1bca,MG1655,2564400,2567600,2566000.0,small,WIN_small_7724b73c0c4f1bca,0.8888114302674277,3200,0.8888114302674277,0.052799071581081575,density,0.844275512340542,0.9333473481943135,4,2,1,2564400,2577600,7,b5c14e74c377fd7600b8bda516b11faf442466af7eacc9b1833eaa7e016a1638,3200,2995200,898
MSREG_small_ceb96b619681978c,MG1655,7600,10800,9200.0,small,WIN_small_ceb96b619681978c,0.8882626213110496,3200,0.8882626213110496,0.1325309591248639,density,0.8771244239554734,0.8994008186666257,7,8,4,0,17600,19,16653d96785cbfb879dd468c5da35d02f889a4acd80a7dc54ffd9b1fcf5fa26f,3200,2998400,899
MSREG_small_adc261fd5327d3fd,MG1655,454400,457600,456000.0,small,WIN_small_adc261fd5327d3fd,0.8855967823628057,3200,0.8855967823628057,0.06301965170235388,density,0.9093091073268748,0.8618844573987365,2,0,0,454000,457600,2,88dd3ec01a5b90bf981eb6926c58c30e777ada22ed17867d0d404df95b64a49e,3200,2998800,900
MSREG_medium_84093158da014f0d,MG1655,2156000,2162400,2159200.0,medium,WIN_medium_84093158da014f0d,0.8855714988951222,6400,0.050046458314248594,0.8855714988951222,shape,1.173085748915956,0.5980572488742885,15,7,5,2152000,2171200,27,631b33de165c437074edb9a26384ab4e8c538136e117821be00ad40108b8b515,6400,3005200,901
MSREG_small_c69bbb5d49430d56,MG1655,23200,26400,24800.0,small,WIN_small_c69bbb5d49430d56,0.8850215575470894,3200,0.8145664422075507,0.8850215575470894,shape,0.7877240127261625,0.9898287041467617,3,0,0,23200,27200,3,3b1b2980eab18c93481b1e116c0001aae4297580acf5c1c7b9ba54033e35eacd,3200,3006000,902
MSREG_small_4dee470fe0dc1d2d,MG1655,4044800,4048000,4046400.0,small,WIN_small_4dee470fe0dc1d2d,0.884539543495781,3200,0.4057307684921396,0.884539543495781,shape,1.1367617344612295,0.6323173525303324,7,4,2,4043200,4057600,13,728e9614d349eb9dfa991007edbc95b4e411dc95abe863a08605f6aacd73b57f,3200,3009200,903
MSREG_small_4c2d5d3caf9c0820,MG1655,4337200,4340400,4338800.0,small,WIN_small_4c2d5d3caf9c0820,0.884298937109999,3200,0.3367817368008371,0.884298937109999,shape,0.3788138701658729,1.389784004054125,7,4,2,4326400,4341600,13,983096ff9f8965bf93caab74e6da2707098c904a4013364bea98fffe7e08d597,3200,3012400,904
MSREG_medium_a9e5b69b7ef41401,MG1655,909600,916000,912800.0,medium,WIN_medium_a9e5b69b7ef41401,0.8842701868226956,6400,0.019533695158511086,0.8842701868226956,shape,0.911207877214123,0.8573324964312684,15,6,0,907200,917600,21,17fd8695e6b3b18bb9f837b6be6f9b2473b6f37400713af0dcffd5e097f0c92a,6400,3018800,905
MSREG_medium_37ad2dee83bb4f12,MG1655,2457600,2464000,2460800.0,medium,WIN_medium_37ad2dee83bb4f12,0.883044517109804,6400,0.12638323556676645,0.883044517109804,shape,1.0226998900951765,0.7433891441244317,15,6,1,2452800,2465600,22,b9a65694aed31a43a31443dc7a2ed6e3536e62a5c1b45123417496780667f24a,6400,3025200,906
MSREG_medium_4f17110a06a237c8,MG1655,584000,590400,587200.0,medium,WIN_medium_4f17110a06a237c8,0.8820959785115905,6400,0.050631838317626326,0.8820959785115905,shape,0.9920310703287247,0.7721608866944562,13,4,0,583600,592800,17,f26ae398c825cef5ab34417261f82c622fbe11ab61ebb47696ccd250d018000a,6400,3030400,907
MSREG_small_5d55c881813f1323,MG1655,1366400,1369600,1368000.0,small,WIN_small_5d55c881813f1323,0.8807214716661306,3200,0.2494961730085345,0.8807214716661306,shape,0.6466755025771995,1.1147674407550616,7,7,5,1360000,1379200,19,ef0ddba81413685064068907000ed9080da52df754df9935e76473233ecfa7dd,3200,3033600,908
MSREG_small_5ac25bd6f9d74872,MG1655,938800,942000,940400.0,small,WIN_small_5ac25bd6f9d74872,0.8804175566536775,3200,0.8804175566536775,0.03760154393801378,density,0.8929186911387054,0.8679164221686496,4,0,0,938800,943200,4,f64f6c6ee19edf0595d8aa581791a94ec74eb3a26dbfce29e65407f7b867ded3,3200,3034800,909
MSREG_small_f07698a02b1253e4,MG1655,3014400,3017600,3016000.0,small,WIN_small_f07698a02b1253e4,0.8801590011631926,3200,0.8801590011631926,0.037410475649413986,density,0.9160424899858431,0.844275512340542,4,2,0,3014400,3021600,6,322e675731abe1f82022376c5e08868c4c8238c6ac23f0ad36ed59d99f3e9dee,3200,3036400,910
MSREG_medium_c7a47653579265f9,MG1655,1128800,1135200,1132000.0,medium,WIN_medium_c7a47653579265f9,0.8791415487063303,6400,0.7756524053058889,0.8791415487063303,shape,0.9920310703287247,0.7966346560776568,11,2,0,1128000,1135200,13,fecacbcb2f321f1e5babeb233f8b805035a1494e88099f81a95ee2cae14a6df0,6400,3040400,911
MSREG_small_81101479c92588e0,MG1655,202000,205200,203600.0,small,WIN_small_81101479c92588e0,0.8790048837469338,3200,0.8506636513623596,0.8790048837469338,shape,0.8385610288161127,0.9194487386777547,4,2,1,202000,216000,7,01e74fe2a66c71945c54a0890f693af1365ed3f3c86dc87d4e12ce897a7f2387,3200,3042000,912
MSREG_small_a2591aad33127044,MG1655,3604000,3607200,3605600.0,small,WIN_small_a2591aad33127044,0.8789043293385836,3200,0.8789043293385836,0.3724553537190331,density,0.8929186911387054,0.8648899675384618,4,0,0,3603200,3607600,4,b5f9c403fadfa0f7ecfb87aff95a7309b0fe7839a452d42d6c16cf01f2002c36,3200,3043200,913
MSREG_small_b98178496d1d2ac3,MG1655,245200,248400,246800.0,small,WIN_small_b98178496d1d2ac3,0.8788149867160717,3200,0.2628620490566688,0.8788149867160717,shape,1.006219120334931,0.7514108530972125,7,8,8,235200,259200,23,0e94e8339aaab57b7eb445412c0fe118260f2543a32f6dba38c5ff0bab195608,3200,3046400,914
MSREG_small_881aff3a8051d8d5,MG1655,4438400,4441600,4440000.0,small,WIN_small_881aff3a8051d8d5,0.8754689096524719,3200,0.8754689096524719,0.09632125476468181,density,0.926342446625655,0.8245953726792888,5,0,0,4437200,4442000,5,49d484b19f356a116f1abdc697d295e6d02276cb061859c0ca62997dbd2d176c,3200,3048400,915
MSREG_medium_ecb8d889be168988,MG1655,2668000,2674400,2671200.0,medium,WIN_medium_ecb8d889be168988,0.8729613432964896,6400,0.0377885608893998,0.8729613432964896,shape,0.8094089441140857,0.9365137424788933,15,7,5,2659200,2678400,27,9426eaa8fc33a05371d7d1f8fb0f8034940a4bbfaff73a6d40535d18c214dea2,6400,3054800,916
MSREG_small_b52bd007a807e9e4,MG1655,1610000,1613200,1611600.0,small,WIN_small_b52bd007a807e9e4,0.8721302991586315,3200,0.22224092226970005,0.8721302991586315,shape,0.6847959660291066,1.0594646322881562,7,5,0,1606400,1616000,12,90dcba4b4f2705956e04edc72d339701049a958f83e0da4d3a46eb851daa8491,3200,3057600,917
MSREG_small_61959133bdd5ecd8,MG1655,1440800,1444000,1442400.0,small,WIN_small_61959133bdd5ecd8,0.8703511450412592,3200,0.5022109300427332,0.8703511450412592,shape,1.1599295995132555,0.580772690569263,4,2,0,1436800,1444000,6,2c3856bceec297c39305fbf119776ac7c1fc928ab8bd531702b456e250faa9bc,3200,3059200,918
MSREG_small_06315c33a795ce78,MG1655,1186800,1190000,1188400.0,small,WIN_small_06315c33a795ce78,0.8685971017396237,3200,0.8685971017396237,0.7098770327920149,density,0.844275512340542,0.8929186911387054,7,8,0,1182400,1194400,15,447f59890d33f950a71b7ccd8c704d0c5779df0bf6b1923e01b5a4b62e3ebf0f,3200,3062400,919
MSREG_small_ce5796a99ea633da,MG1655,1651600,1654800,1653200.0,small,WIN_small_ce5796a99ea633da,0.8683096798036145,3200,0.03230964685959485,0.8683096798036145,shape,0.8137374450910805,0.9228819145161485,7,4,2,1641600,1656000,13,6c10619caadf976f4d8b3dc71e7313bc77b78ac9bd57c23f9020927f27350aca,3200,3065200,920
MSREG_small_47accb97b0e3149e,MG1655,4270400,4273600,4272000.0,small,WIN_small_47accb97b0e3149e,0.8671637814138222,3200,0.8671637814138222,0.21806080034233086,density,0.841408871688939,0.8929186911387054,1,0,0,4270400,4273600,1,e0a0d3651ffcfbc0c60be711d353c5b9576521cf9084850b484cb8729ac60a18,3200,3065200,921
MSREG_small_df61ee57dfa8cdb5,MG1655,3949200,3952400,3950800.0,small,WIN_small_df61ee57dfa8cdb5,0.8651519253005269,3200,0.8651519253005269,0.10272797446120259,density,0.8802376593796164,0.8500661912214375,7,8,7,3940800,3963200,22,cbebf540bbb127bb8f9565ed8b2d36d3827be0ec64af29eae171000c002fd342,3200,3068400,922
MSREG_small_10fcea35807cd57e,MG1655,3972400,3975600,3974000.0,small,WIN_small_10fcea35807cd57e,0.8642207921523306,3200,0.39815716203089935,0.8642207921523306,shape,0.6082791116628935,1.1201624726417678,5,3,0,3969600,3977600,8,3438cade4894606c7aed27016f50c6af9c52035f14f79eb08f4b64d3d796a4d4,3200,3070400,923
MSREG_small_ce6569e605726b9c,MG1655,1234000,1237200,1235600.0,small,WIN_small_ce6569e605726b9c,0.8639495276061837,3200,0.5396938535865676,0.8639495276061837,shape,1.0738624529887988,0.6540366022235686,4,0,0,1234000,1238400,4,70adf8036194fd9c29be6d48e4d89bb70fec1dfa728c5dc351f6e038b648caf2,3200,3072000,924
MSREG_small_a23e356c5148bddd,MG1655,2315600,2318800,2317200.0,small,WIN_small_a23e356c5148bddd,0.8635953075884555,3200,0.6759498601669272,0.8635953075884555,shape,0.8500661912214375,0.8771244239554734,5,3,1,2305600,2319200,9,c8f0cf90d053ee7609d362eb3da70149237e0302a4e57399bccace008d0e02c4,3200,3074000,925
MSREG_small_cfeb357d06090a60,MG1655,2447200,2450400,2448800.0,small,WIN_small_cfeb357d06090a60,0.8621428122667518,3200,0.3283257991448372,0.8621428122667518,shape,0.926342446625655,0.7979431779078486,3,2,0,2445600,2452800,5,84840cabd7a96ce8333aa5929f2d6e2602af2563b77ac141f3b5e38d43cdcffa,3200,3074800,926
MSREG_medium_db6f6765992c320d,MG1655,552800,559200,556000.0,medium,WIN_medium_db6f6765992c320d,0.861719458585021,6400,0.13993940926846357,0.861719458585021,shape,1.0122344564170116,0.7112044607530305,15,6,3,544000,560800,24,8350e0474eb13cca2f9da375b78964fb24a4ea5bfd019666944cc959e9b41031,6400,3081200,927
MSREG_medium_dc003a722f98f655,MG1655,719200,725600,722400.0,medium,WIN_medium_dc003a722f98f655,0.8609821158020181,6400,0.05058776987689636,0.8609821158020181,shape,1.1583624920952496,0.5636017395087867,8,4,0,719200,728000,12,30aad55d1167dedb49a35774d40507470f66b94300322adf7916d4f3f2035604,6400,3084400,928
MSREG_small_9ef23cbd12bc9e04,MG1655,3867600,3870800,3869200.0,small,WIN_small_9ef23cbd12bc9e04,0.8603920306240054,3200,0.8603920306240054,0.06565124376115898,density,0.8588996038492743,0.8618844573987365,4,2,0,3867600,3875200,6,0e31dcbba41c4bbca93cdc360b7d3df20061a646dcf357806529dc201ae69d8b,3200,3086000,929
MSREG_small_0f6e3d47259a9a07,MG1655,1696000,1699200,1697600.0,small,WIN_small_0f6e3d47259a9a07,0.858909791142136,3200,0.5687929114547272,0.858909791142136,shape,1.083733207015093,0.634086375269179,1,0,0,1696000,1699200,1,10297d3d7c54ad1f04b5e143e3f8ed83b8a3614b72464d6ea24959c9de40182b,3200,3086000,930
MSREG_medium_187ae673da1fbd97,MG1655,804000,810400,807200.0,medium,WIN_medium_187ae673da1fbd97,0.8582997463198683,6400,0.03290864224482167,0.8582997463198683,shape,0.5282737771670437,1.188325715472693,15,5,3,802800,819200,23,906df9c4f86a090a8d7e22e6b988567cfc3f1660a209ce5da5d7969feecb0d22,6400,3092000,931
MSREG_medium_204cb9a1710bb79e,MG1655,2196000,2202400,2199200.0,medium,WIN_medium_204cb9a1710bb79e,0.8573324964312685,6400,0.03507217245944694,0.8573324964312685,shape,0.7604224834232121,0.9542425094393249,10,5,1,2190400,2203200,16,5eca0e530a0f81e6d93deded1e6a75c44ac6510a8fb34987d3a222675b907ef0,6400,3096000,932
MSREG_small_11f57371e05e3c02,MG1655,4047600,4050800,4049200.0,small,WIN_small_11f57371e05e3c02,0.8555235092890193,3200,0.7267257861732181,0.8555235092890193,shape,0.7157564217204986,1.3242824552976926,7,4,2,4046400,4060800,13,5dfdd607f910e21528c48bd906028827830ae4532949e6b1e70889deb3b6d59e,3200,3098800,933
MSREG_small_94951d83834dfc93,MG1655,4442400,4445600,4444000.0,small,WIN_small_94951d83834dfc93,0.8553029636211555,3200,0.6004523145135783,0.8553029636211555,shape,0.6116327536704813,1.0989731735718298,4,0,0,4442000,4446400,4,c05346f59147a53241f8609b0009902fffef5e0eac7cf3d50db1711cea705512,3200,3100000,934
MSREG_small_8c84cd4feeef7921,MG1655,3450800,3454000,3452400.0,small,WIN_small_8c84cd4feeef7921,0.8553029636211555,3200,0.8544828975353559,0.8553029636211555,shape,0.8588996038492743,0.9228819145161485,4,2,0,3450800,3458400,6,d0f4b69ed2b4ab6e25b92130acff7f9b8da427f2cbf6dcc0962b3dc17d914c22,3200,3101600,935
MSREG_small_660381e41a58f7ca,MG1655,3572400,3575600,3574000.0,small,WIN_small_660381e41a58f7ca,0.8544629345621447,3200,0.8544629345621447,0.40883293378555063,density,0.8529907442387541,0.8559351248855354,4,2,1,3572400,3585600,7,311d128aebb14768f245ca1a08e6900015ade9e0d66b119ad2861aa4174a5b1b,3200,3103200,936
MSREG_small_494e9a378b14badd,MG1655,2098800,2102000,2100400.0,small,WIN_small_494e9a378b14badd,0.8540142521772502,3200,0.8540142521772502,0.03625697754658663,density,0.9126627493344625,0.7953657550200379,4,0,0,2098800,2103200,4,8b20633ee24886a24d019a8687becf8397fc768bc43823c77f108ca6aea167f4,3200,3104800,937
MSREG_small_1b1bb672a9e9adcd,MG1655,1013200,1016400,1014800.0,small,WIN_small_1b1bb672a9e9adcd,0.8528123729268886,3200,0.4541453341280089,0.8528123729268886,shape,0.6691440204863106,1.0364807253674666,4,2,1,1003200,1016400,7,b13f3ef6ef4b56283366b0aef84397a2d10e51a9e44d421163b2b49fbd962f05,3200,3106400,938
MSREG_medium_1f9640527561ec79,MG1655,1952800,1959200,1956000.0,medium,WIN_medium_1f9640527561ec79,0.852265000717377,6400,0.12494701093302713,0.852265000717377,shape,0.8094089441140857,0.8951210573206683,12,2,0,1951600,1959200,14,96b1621a1728f53c5fc884b1e8073ff842a930b5523becc1468963f5d39838d0,6400,3110800,939
MSREG_small_1c7887b4ef530424,MG1655,753200,756400,754800.0,small,WIN_small_1c7887b4ef530424,0.8497827282842162,3200,0.40104338422899855,0.8497827282842162,shape,0.9663476082972389,0.7332178482711935,7,4,0,748800,757600,11,5d4f330adadc87958b2416fb2288a46fc7f23cde5b4f1e2a2621a9ec9ecbffdc,3200,3113600,940
MSREG_small_d5d476a9262ffb6c,MG1655,3569200,3572400,3570800.0,small,WIN_small_d5d476a9262ffb6c,0.8490221417239499,3200,0.7740971827389111,0.8490221417239499,shape,0.7953657550200379,0.9026785284278617,1,0,0,3569200,3572400,1,44c778a97a14a67ba5ae6e3340888942ac59540433f18dac320439ea4295786a,3200,3113600,941
MSREG_small_a9a845b0788b13eb,MG1655,4413200,4416400,4414800.0,small,WIN_small_a9a845b0788b13eb,0.8490221417239497,3200,0.8490221417239497,0.030258258269631043,density,0.8301278612792499,0.8679164221686496,4,2,0,4408800,4416400,6,9c422731a3712b584a8f181df9146e5ae9cf9cea0befd815433ffee4b5612cfb,3200,3115200,942
MSREG_small_7e49486fcbaa6eab,MG1655,4391200,4394400,4392800.0,small,WIN_small_7e49486fcbaa6eab,0.8486136958997339,3200,0.8486136958997339,0.5122796828940162,density,0.8500661912214375,0.8471612005780302,4,0,0,4391200,4395600,4,1310946abde3beaa1d5a058db7713848f3e2d6afab8df0681610c6d3a83eb6b7,3200,3116800,943
MSREG_medium_19a9bb9d649570f6,MG1655,304800,311200,308000.0,medium,WIN_medium_19a9bb9d649570f6,0.8483523319613987,6400,0.04553414548920438,0.8483523319613987,shape,0.8094089441140857,0.8872957198087117,15,7,6,296000,316800,28,14f01a0c2eddb3f96d9eae1206d9085d5a790fe729325b07fe187f13e77d3319,6400,3123200,944
MSREG_small_5675fb2c96b3bef5,MG1655,176400,179600,178000.0,small,WIN_small_5675fb2c96b3bef5,0.8477410333416495,3200,0.3875826238186785,0.8477410333416495,shape,0.8897135512634939,0.8057685154198052,4,0,0,176400,180800,4,5eda1b8a33cd617214986e582822cfae6e4270a230d1619342d33c0d5e0fddb6,3200,3124800,945
MSREG_small_47db350c88e91b49,MG1655,3182400,3185600,3184000.0,small,WIN_small_47db350c88e91b49,0.8470454195883762,3200,0.8470454195883762,0.08140783372480315,density,0.8961476612689038,0.7979431779078486,4,2,1,3182400,3195200,7,0114ecf3573f31013450c681952e0011e2609e975b01e80a39092f808b625218,3200,3126400,946
MSREG_small_9066e55b77308bcc,MG1655,765200,768400,766800.0,small,WIN_small_9066e55b77308bcc,0.8464193431422602,3200,0.2238200154513137,0.8464193431422602,shape,0.9938686819485018,0.6989700043360187,5,0,0,764000,768800,5,1d3bce77124c88f96e5b4276077366acf6d2615faa25b2b8e9dcda203f0f3d2e,3200,3128400,947
MSREG_small_823ff1a0037fc5f2,MG1655,3680000,3683200,3681600.0,small,WIN_small_823ff1a0037fc5f2,0.845430934523277,3200,0.845430934523277,0.4920009524258123,density,0.8929186911387054,0.7979431779078486,4,2,1,3670400,3683200,7,44c71f2bc9375420eb34adbc254f3105b1581a1bc190cbd655469c6d4ac6273f,3200,3130000,948
MSREG_small_9f319cef7d38c966,MG1655,4360000,4363200,4361600.0,small,WIN_small_9f319cef7d38c966,0.8443993542413903,3200,0.6238581026580869,0.8443993542413903,shape,0.6808297788115053,1.290858699810743,1,0,0,4360000,4363200,1,56118c11dcb1ae84a1b5b262b0cb70ecce7e32d87963f06512480b12ed0077ac,3200,3130000,949
MSREG_small_2f90c96f8a360a2b,MG1655,2992000,2995200,2993600.0,small,WIN_small_2f90c96f8a360a2b,0.8433536841165112,3200,0.4715712781343768,0.8433536841165112,shape,0.6928386862845206,0.9938686819485018,4,2,1,2992000,3004800,7,8e1fa947563b0245a0e65dd7af3cbe74458b0b36f803ff9f1a4f8f86536c21eb,3200,3131600,950
MSREG_small_809956d9cf2b720a,MG1655,2013600,2016800,2015200.0,small,WIN_small_809956d9cf2b720a,0.8432020052552307,3200,0.46040449961938334,0.8432020052552307,shape,0.4277562378081373,1.2673776039612201,6,3,0,2011200,2019200,9,105414fdf3b4c0cb28f35d2b70aaac9e0294460450feb2a914d71617145c95aa,3200,3134000,951
MSREG_small_cd70133fc8795eeb,MG1655,4055600,4058800,4057200.0,small,WIN_small_cd70133fc8795eeb,0.841559302759002,3200,0.841559302759002,0.43450873931397693,density,0.8301278612792499,0.8529907442387541,7,8,1,4049600,4063200,16,3e90e3277956c4a987ebadb9afeb86ce085653a616e08ebfbadc2e31930dfee8,3200,3137200,952
MSREG_small_6a44252955fb014d,MG1655,989200,992400,990800.0,small,WIN_small_6a44252955fb014d,0.8415310889941403,3200,0.5590135661925357,0.8415310889941403,shape,0.7703994286538183,0.9126627493344625,7,5,0,987200,996800,12,60c83e37eabd05fea64997768e736a276f0230e0591cbb1664457e89fac24946,3200,3140400,953
MSREG_medium_3112bb58cde202fb,MG1655,2655200,2661600,2658400.0,medium,WIN_medium_3112bb58cde202fb,0.8415160724967341,6400,0.26377590504898607,0.8415160724967341,shape,0.9920310703287247,0.6910010746647435,15,7,4,2652800,2670400,26,9c2e6f44eadfd0ee80385d0dda0c1107034b0216ea4d31aa843816d7e461d3a4,6400,3146800,954
MSREG_small_856cc2ff533d4b7c,MG1655,303200,306400,304800.0,small,WIN_small_856cc2ff533d4b7c,0.8402652487824122,3200,0.06901665237315383,0.8402652487824122,shape,0.6485041136236076,1.0320263839412167,4,4,2,292800,308000,10,b2dc28982b1e8af1db477087dae073801236c3da8af5ac649e9f28c09d77564b,3200,3148400,955
MSREG_small_7f69eb04efe8f0f2,MG1655,980800,984000,982400.0,small,WIN_small_7f69eb04efe8f0f2,0.838588859285994,3200,0.838588859285994,0.08124554109790634,density,0.8740333469783316,0.8031443715936564,1,0,0,980800,984000,1,e23dd19dfa183734283336178091d1f0827f0031dd24dc943cecde36eded4493,3200,3148400,956
MSREG_small_c3c4fa2a24ea4ca8,MG1655,1987200,1990400,1988800.0,small,WIN_small_c3c4fa2a24ea4ca8,0.8383663153352301,3200,0.45637445896248763,0.8383663153352301,shape,0.870964115250655,0.8057685154198052,7,0,0,1986000,1991600,7,affb9f9e61d0cafa53d41468e9c933ecca33b3d0a5fd210080124fc1943c22a2,3200,3151200,957
MSREG_small_88b320d59e582e21,MG1655,1893200,1896400,1894800.0,small,WIN_small_88b320d59e582e21,0.8366492895622377,3200,0.229187225571568,0.8366492895622377,shape,0.8084086115860136,0.8648899675384618,5,3,0,1891200,1899200,8,dfcdbe0f1986c1ed9f3b08da15052d45e20f8fd393a5d826292d272575e8968a,3200,3153200,958
MSREG_small_a0a0cafce23a9e9e,MG1655,667600,670800,669200.0,small,WIN_small_a0a0cafce23a9e9e,0.8343808394567083,3200,0.2716091278542541,0.8343808394567083,shape,0.841408871688939,0.8273528072244777,5,1,0,665600,672000,6,bfd395bf65bd8da62251a6ec6a9c3ff47b3b4b244375551735fc88dd66ae3238,3200,3155200,959
MSREG_small_f96a013b4f43956f,MG1655,2019600,2022800,2021200.0,small,WIN_small_f96a013b4f43956f,0.8322889943150978,3200,0.4963887204687391,0.8322889943150978,shape,0.5389526202869257,1.12562536834327,4,2,0,2019600,2027200,6,76b8eb7cb19ffb72fb28afa422c41d60840e6e7826d3af1e4a3e001b7a67cd2c,3200,3156800,960
MSREG_medium_d955bbe6a063c246,MG1655,2893600,2900000,2896800.0,medium,WIN_medium_d955bbe6a063c246,0.8314347736522723,6400,0.05456026705065263,0.8314347736522723,shape,0.9194804031801129,0.7433891441244317,13,3,0,2893200,2901600,16,2cb64df9b4d0c705cf12f4f01b96e77f41dc4ee25a1b16cedae7310262a85e79,6400,3162000,961
MSREG_medium_3c368e89fc0c11b9,MG1655,2297600,2304000,2300800.0,medium,WIN_medium_3c368e89fc0c11b9,0.8308466606126184,6400,0.04442056745412484,0.8308466606126184,shape,0.7164056544388382,0.9452876667863984,15,7,7,2289600,2312000,29,230c1eac051eef333d50e36dd71a9637db33d50e92d2364c022fa9f68e2745d7,6400,3168400,962
MSREG_small_ba779bdce1fcd096,MG1655,2598800,2602000,2600400.0,small,WIN_small_ba779bdce1fcd096,0.8290064787158112,3200,0.8290064787158112,0.30944206417963105,density,0.8137374450910805,0.844275512340542,4,0,0,2598800,2603200,4,d1950a5fffab27113e7a7950883ea6b669ae70ed9163b01cae0d5f03e097f556,3200,3169600,963
MSREG_small_29844862bea5761a,MG1655,1668800,1672000,1670400.0,small,WIN_small_29844862bea5761a,0.8285808040076725,3200,0.19590674984190837,0.8285808040076725,shape,0.9663476082972389,0.6908139997181062,7,0,0,1667600,1673200,7,026015d3ac9d64f5f738ec94196869e3a8331f693c7a67f41ea2e3734c2603d4,3200,3172400,964
MSREG_small_7270bff2ca180af6,MG1655,2109600,2112800,2111200.0,small,WIN_small_7270bff2ca180af6,0.8271326794346561,3200,0.8271326794346561,0.5365730596905126,density,0.8588996038492743,0.7953657550200379,2,0,0,2109600,2113200,2,d7971deb76d026b185c7b6586a33e3514f00fef440634d6b078b22d5c04e9121,3200,3172800,965
MSREG_small_896f779f3e144808,MG1655,3453200,3456400,3454800.0,small,WIN_small_896f779f3e144808,0.8268336633008834,3200,0.3610865341772122,0.8268336633008834,shape,0.958794470406793,0.6948728561949737,6,1,0,3452400,3459200,7,e8f9fa625bf8d555d84904c96d189d793fce7d3bb46feb2a9bed4b317348bdd1,3200,3174800,966
MSREG_small_5b3181501a065930,MG1655,2231600,2234800,2233200.0,small,WIN_small_5b3181501a065930,0.8264473114560653,3200,0.8264473114560653,0.20253424445728452,density,0.8897135512634939,0.7631810716486367,4,2,0,2227200,2234800,6,29567b111623f9951b143f04887cbb9d31065e86e136efe9b9884ce08b4b4078,3200,3176400,967
MSREG_small_2bb53f921566cf9e,MG1655,763600,766800,765200.0,small,WIN_small_2bb53f921566cf9e,0.8258865693989466,3200,0.8258865693989466,0.07052209768128576,density,0.6016485327638804,1.0501246060340128,1,0,0,763600,766800,1,1c9438a36a32185eeff3a68d51beab0c4b7b1a6f982d8e80764fad1d1fc142cf,3200,3176400,968
MSREG_medium_9408711da59e6243,MG1655,2352800,2359200,2356000.0,medium,WIN_medium_9408711da59e6243,0.824739814524597,6400,0.08721991401169218,0.824739814524597,shape,0.9633858888791946,0.6860937401699994,14,7,1,2348800,2361600,22,7c746804af6342be5bcf2e9952c9f29728bfca58e9d02de8594469ecc1cf9878,6400,3182000,969
MSREG_small_ecca8a7d103c08ec,MG1655,3334000,3337200,3335600.0,small,WIN_small_ecca8a7d103c08ec,0.823398297013501,3200,0.823398297013501,0.5741642178848733,density,0.8110648552297536,0.8357317387972484,3,0,0,3334000,3338000,3,a5f1e3c15736e8469d142e0a88774c301eb68b4538628f7fec6709c4aa919513,3200,3182800,970
MSREG_small_22d91b2a042532f9,MG1655,4106000,4109200,4107600.0,small,WIN_small_22d91b2a042532f9,0.8232772224405558,3200,0.8232772224405558,0.4304813822065239,density,0.8301278612792499,0.8164265836018618,7,7,3,4096000,4112800,17,c399345bb9e250cf8ef66eea9651acbf0b482ae92cd90b85dd8de80a166cc009,3200,3186000,971
MSREG_small_32990c29776f4619,MG1655,1934000,1937200,1935600.0,small,WIN_small_32990c29776f4619,0.8228971412470958,3200,0.547074220971816,0.8228971412470958,shape,0.8897135512634939,0.7560807312306976,6,3,0,1929600,1938000,9,795021d986622d258559df7d857506ab513f3e2ca2f6004f8ab2cd56c561bbab,3200,3188400,972
MSREG_medium_92fd99823e90a933,MG1655,3122400,3128800,3125600.0,medium,WIN_medium_92fd99823e90a933,0.8210339646046088,6400,0.17884179593470287,0.8210339646046088,shape,1.0672820227479172,0.5747859064613003,15,6,3,3120800,3137600,24,eb025465eb4ed1d29272d4a8913a16f5a9463893b13a97766a4246b1ff680cf4,6400,3194800,973
MSREG_small_41d417e63a2dcec7,MG1655,749600,752800,751200.0,small,WIN_small_41d417e63a2dcec7,0.820801407600193,3200,0.10706187951019105,0.820801407600193,shape,0.4816732156871305,1.1599295995132555,7,0,0,748400,754000,7,c6ab3ab1d77dd4ac0d84bf162c8ee1286aa822f65833a4abdac08fb6c74cb375,3200,3197600,974
MSREG_small_fd19eca292dcfae6,MG1655,1734400,1737600,1736000.0,small,WIN_small_fd19eca292dcfae6,0.8196250093533214,3200,0.6666500398263571,0.8196250093533214,shape,1.0887540083901437,0.6485041136236076,4,2,0,1730400,1737600,6,a69c5904297f8c3d2fe9b2f0e100927d3c5889cde267d813fb0fdb5842fe4ad1,3200,3199200,975
MSREG_small_bb6b10553e2ee551,MG1655,3902800,3906000,3904400.0,small,WIN_small_bb6b10553e2ee551,0.8195910057138922,3200,0.39882951695734825,0.8195910057138922,shape,0.6412354170588431,0.9979465943689413,7,8,4,3894400,3912000,19,f1ab650b06df5a8f62ec4a0f57a0e881005c1da93f504e780622309c371b04e0,3200,3202400,976
MSREG_small_bd56f9e03f3e44bd,MG1655,1858800,1862000,1860400.0,small,WIN_small_bd56f9e03f3e44bd,0.8193191681183236,3200,0.2286072582730504,0.8193191681183236,shape,0.5549051292215542,1.083733207015093,4,0,0,1858800,1863200,4,7a922c0c9c25fea64a6cbb644589dd0434adf7b818f1a8642f9bceb2570886c9,3200,3203600,977
MSREG_small_b0696f1853374acf,MG1655,2289200,2292400,2290800.0,small,WIN_small_b0696f1853374acf,0.8189205226018061,3200,0.012740548617918925,0.8189205226018061,shape,0.012952502993899504,1.6253124509616739,7,8,4,2283200,2300800,19,bf8703673466dbde5e6768d4c91a2297cf8f47eb83a56234dfff07f34d77d4ec,3200,3206800,978
MSREG_small_be9f60b11e6188c1,MG1655,3084000,3087200,3085600.0,small,WIN_small_be9f60b11e6188c1,0.8187087749097939,3200,0.424483998135907,0.8187087749097939,shape,0.5684075996252013,1.0690099501943866,6,1,0,3082800,3089600,7,90ad2acea41f45e9991a5e606932a23c310760fcb5c1f5f7b26b135d7a975b2c,3200,3208800,979
MSREG_small_cfa577b3c1441cda,MG1655,1235600,1238800,1237200.0,small,WIN_small_cfa577b3c1441cda,0.8180494460995329,3200,0.2447432115694304,0.8180494460995329,shape,0.5951176656049226,1.0409812265941432,4,0,0,1235600,1240000,4,ee8b02774dff452c996a3e6e63f2451385cec837a207fb8825862233f23878cc,3200,3210000,980
MSREG_small_1f56ba535e436916,MG1655,4086000,4089200,4087600.0,small,WIN_small_1f56ba535e436916,0.8171650376583477,3200,0.5898725678861574,0.8171650376583477,shape,0.6485041136236076,0.9858259616930879,7,5,1,4083200,4096000,13,dc3b860faedd2a91940e353984b7b59904797746f2fab16f86c28e9c55ad8ee6,3200,3212800,981
MSREG_small_a6fb0ce8c3cd24b1,MG1655,2646400,2649600,2648000.0,small,WIN_small_a6fb0ce8c3cd24b1,0.8171062049721882,3200,0.7189787462001551,0.8171062049721882,shape,0.7444988586808825,0.8897135512634939,4,2,0,2642400,2649600,6,406640d690742616a2a52695765afb6ac642b01ea3e539b91dff9224c6b72bc1,3200,3214400,982
MSREG_small_b2f0a712ba4e66cd,MG1655,2193600,2196800,2195200.0,small,WIN_small_b2f0a712ba4e66cd,0.8165606613221414,3200,0.24517420711888355,0.8165606613221414,shape,0.8273528072244777,0.8057685154198052,6,4,0,2190400,2199200,10,6860b47d434475eadebe240aeb2669a619d32bd35b11ea3eef5aea23d4b71316,3200,3216800,983
MSREG_small_1a15fba8465c6b5c,MG1655,4494800,4498000,4496400.0,small,WIN_small_1a15fba8465c6b5c,0.8158994558531709,3200,0.5667590362838837,0.8158994558531709,shape,0.7157564217204986,0.9160424899858431,7,4,0,4493600,4502400,11,47389dcb0807e4806f05aef81cecb6693f7474aff6e0cc72b62e3ed6afdd32f4,3200,3220000,984
MSREG_small_e2cbee3df5829dff,MG1655,1584400,1587600,1586000.0,small,WIN_small_e2cbee3df5829dff,0.8153652680291579,3200,0.050414788231784934,0.8153652680291579,shape,0.8529907442387541,0.7777397918195617,6,1,0,1581600,1588400,7,95668ec8336e065969be40b00125e06468d6895986cfba6068c9e235ef2f73f5,3200,3222400,985
MSREG_medium_5ce63891986a3084,MG1655,601600,608000,604800.0,medium,WIN_medium_5ce63891986a3084,0.8152430283297012,6400,0.0761959798285472,0.8152430283297012,shape,0.6577601415260643,0.9727259151333381,12,6,3,593600,609600,21,8f18c7378b4db19cc3d4763de1c249002d4ac3271ff70e8ad35460dd2913096f,6400,3227200,986
MSREG_small_6ecedf354c42e6bc,MG1655,920400,923600,922000.0,small,WIN_small_6ecedf354c42e6bc,0.8144086890288351,3200,0.8144086890288351,0.04213079021231847,density,0.8385610288161127,0.7902563492415576,2,0,0,920000,923600,2,4dabc5af04b3577a0596c44a307f07a652434f207be7d3e95a1c47faca555e2c,3200,3227600,987
MSREG_small_e95921ec536dd77e,MG1655,3529200,3532400,3530800.0,small,WIN_small_e95921ec536dd77e,0.8141349687553294,3200,0.4975835686801523,0.8141349687553294,shape,0.6503404566636048,0.977929480847054,5,0,0,3528000,3532800,5,86a04586486b6eeef7a03d634e30b99bb47c341fd62951a82bde8628d3ef4cc1,3200,3229600,988
MSREG_small_d18be3eb4c08f6be,MG1655,2497200,2500400,2498800.0,small,WIN_small_d18be3eb4c08f6be,0.8140355195935491,3200,0.5140582629418382,0.8140355195935491,shape,1.2239119101801297,0.5167474272288394,4,0,0,2496000,2500400,4,8188ff3db1b120eba9fde55829710bbf34b856a351884c751f6b2eb9c2bb16d6,3200,3230800,989
MSREG_small_1204531a1711870c,MG1655,3807200,3810400,3808800.0,small,WIN_small_1204531a1711870c,0.8135389558259332,3200,0.37881833640111595,0.8135389558259332,shape,0.9026785284278617,0.7243993832240048,7,3,1,3806000,3819200,11,a6902d993f081272cd288a21caba282b3b4831fcedc8005769b4f90f8a9251ec,3200,3233600,990
MSREG_small_0db29dd4ef869021,MG1655,188800,192000,190400.0,small,WIN_small_0db29dd4ef869021,0.8124175975939377,3200,0.6415384628522429,0.8124175975939377,shape,0.8084086115860136,0.8164265836018618,5,2,0,184800,192400,7,11908a705d3b949c7f045ed980bd96c65a860c90e1bf8605714843d4f30c9e8b,3200,3235600,991
MSREG_small_c2e5a15be0c83bf3,MG1655,408000,411200,409600.0,small,WIN_small_c2e5a15be0c83bf3,0.8119575397079704,3200,0.20338971729432906,0.8119575397079704,shape,0.7679799545304054,0.8559351248855354,3,0,0,407200,411200,3,2210cf3c5a21f35b1ef1bc6eaf94badb806816e60d7751c4297c4cb40a18c407,3200,3236400,992
MSREG_small_2df31a2bc42df411,MG1655,1924000,1927200,1925600.0,small,WIN_small_2df31a2bc42df411,0.8113592811222579,3200,0.8113592811222579,0.44246664781904127,density,0.8273528072244777,0.7953657550200379,3,0,0,1924000,1928000,3,0163ce1cd1f1d5074c015ad0ea771eb1b00412d26647a8d8866321236ea32575,3200,3237200,993
MSREG_small_17e7b18176453626,MG1655,2641600,2644800,2643200.0,small,WIN_small_17e7b18176453626,0.8110648552297536,3200,0.8110648552297536,0.062076604349950104,density,0.8110648552297536,0.8110648552297536,4,1,0,2641600,2648000,5,801463ca8e5c827311a44408c8adaf13002be98b9a23195577ae6b8e3bb6b450,3200,3238800,994
MSREG_small_ee486f69825c9e08,MG1655,3628000,3631200,3629600.0,small,WIN_small_ee486f69825c9e08,0.8102002455854578,3200,0.7456447570706749,0.8102002455854578,shape,1.2828897701394677,0.7010331648997922,7,3,0,3624800,3632800,10,ff73a7db9d20bca85184948293c8f95bef4d1389c61f2f35924711216e392fb7,3200,3242000,995
MSREG_medium_b9800b3a39d0d184,MG1655,2291200,2297600,2294400.0,medium,WIN_medium_b9800b3a39d0d184,0.8094573226908597,6400,0.13787681869681495,0.8094573226908597,shape,1.104004829772657,0.5149098156090622,13,4,0,2290800,2300000,17,b72a675f2a85e1a7cbe9b02733a79cdc011ca502abb2709dd56eaa5d6eee2f9a,6400,3247200,996
MSREG_small_6d95bf1a364ead26,MG1655,3251600,3254800,3253200.0,small,WIN_small_6d95bf1a364ead26,0.8089259370027062,3200,0.3043518194425765,0.8089259370027062,shape,0.7051891246709499,0.9126627493344625,7,2,0,3248800,3256000,9,7fcaced3a5c7bb2d0f08614da0b08569ad2739dce891550bc231415f666181ed,3200,3250000,997
MSREG_small_b8c4689b18e3ab07,MG1655,440800,444000,442400.0,small,WIN_small_b8c4689b18e3ab07,0.8085782231718806,3200,0.34184729274487613,0.8085782231718806,shape,0.926342446625655,0.6908139997181062,6,3,0,440000,448000,9,539b2814e7c61874d701d2a3d477ff3e2c84a8e19268e17990e401298266a821,3200,3252400,998
MSREG_small_7ffbe20e67e34d42,MG1655,4396800,4400000,4398400.0,small,WIN_small_7ffbe20e67e34d42,0.807667108892083,3200,0.807667108892083,0.21423364380434523,density,0.7852063565049161,0.8301278612792499,1,0,0,4396800,4400000,1,5624ae6bdcfc61eb304f4bfb9ed8c34687d9e13fdc9b13116e0301bd6858d87f,3200,3252400,999
MSREG_small_c0a8e7e7236d6e68,MG1655,3130400,3133600,3132000.0,small,WIN_small_c0a8e7e7236d6e68,0.8074580118697138,3200,0.009997062938604098,0.8074580118697138,shape,0.0083121098407749,1.6082791116628934,7,7,1,3126400,3139200,15,499934519d88d2a08ad8c75a07180c5b8d2b7847dbe7d041cc14f13a8f82f1a1,3200,3255600,1000
MSREG_small_e02ce335780dc19d,MG1655,1896000,1899200,1897600.0,small,WIN_small_e02ce335780dc19d,0.8058403114994646,3200,0.541462423831556,0.8058403114994646,shape,0.7467906554604673,0.8648899675384618,4,0,0,1894800,1899200,4,86726ad2cddfd7c6a98c9b73c4815e81b545b703860552b7de80b1c1506a0abf,3200,3256800,1001
MSREG_small_3597507bcebc8b5d,MG1655,3771200,3774400,3772800.0,small,WIN_small_3597507bcebc8b5d,0.8058004218579409,3200,0.8058004218579409,0.277851983628284,density,0.8005359884861282,0.8110648552297536,4,1,0,3768000,3774400,5,e8902eac5c6c8f8eb15af4b3d4f85b15f234aba5a20a9fa0b7599406a5dbe216,3200,3258400,1002
MSREG_small_e90745134cb67cd7,MG1655,712400,715600,714000.0,small,WIN_small_e90745134cb67cd7,0.8045516000555593,3200,0.8045516000555593,0.3505459882649524,density,0.8137374450910805,0.7953657550200379,6,2,0,711600,719200,8,c787a34cdf40ffd9617d673378cfc7bf2185fa3c6199343476bdc1b2d0b8c6ad,3200,3260800,1003
MSREG_small_1d51eb05fc0a4c3d,MG1655,1738000,1741200,1739600.0,small,WIN_small_1d51eb05fc0a4c3d,0.8039417356110137,3200,0.3711882272213557,0.8039417356110137,shape,1.0938335339194187,0.5140499373026086,5,0,0,1737600,1742400,5,4459dd75ef64f07eb1174e6afb36ad37dacfdbc7ada32cc159fe9c58d43f4a7e,3200,3262400,1004
MSREG_small_0760a1c636475d01,MG1655,1815200,1818400,1816800.0,small,WIN_small_0760a1c636475d01,0.8031758947469312,3200,0.14058511083180042,0.8031758947469312,shape,0.7979431779078486,0.8084086115860136,5,2,0,1811200,1818800,7,87a6a1fdd40958ea00457ab9775c9df28d8f56eb82644faa6da3f6ba21dd94c2,3200,3264400,1005
MSREG_small_cc6718802b7b4e95,MG1655,3722400,3725600,3724000.0,small,WIN_small_cc6718802b7b4e95,0.8031758947469312,3200,0.8031758947469312,0.417593386788047,density,0.7979431779078486,0.8084086115860136,6,0,0,3721200,3726400,6,e09c1b44398528ffe6c81d64cb6eda2b5518e4ee1f33ac7001942b98d8034cd6,3200,3266400,1006
MSREG_small_d7a7c0a95afd9a09,MG1655,4239600,4242800,4241200.0,small,WIN_small_d7a7c0a95afd9a09,0.8030734612260675,3200,0.8030734612260675,0.13190437774102648,density,0.8500661912214375,0.7560807312306976,4,0,0,4238400,4242800,4,13547f210a719b81f049a48b68f497ab4d2d16d441a069764c8683b8f41b05bb,3200,3267600,1007
MSREG_small_ad0cb4379cf6c429,MG1655,3836800,3840000,3838400.0,small,WIN_small_ad0cb4379cf6c429,0.8027979186011027,3200,0.7869912481752703,0.8027979186011027,shape,0.8084086115860136,0.883373373232475,3,0,0,3836000,3840000,3,2938d63e373fd455ceb9c44d99078e045a05020eeb743a72616eb210974bc93d,3200,3268400,1008
MSREG_small_b4ec9666e1a92d13,MG1655,3189600,3192800,3191200.0,small,WIN_small_b4ec9666e1a92d13,0.8011519652016317,3200,0.8011519652016317,0.08940354330662977,density,0.8929186911387054,0.7093852392645581,7,7,5,3184000,3203200,19,9eb3ef9f06c0faf132753c677bcbadf83f4ed73e0acb8e826a6a73c97e993622,3200,3271600,1009
MSREG_small_cf45193d7d0150cd,MG1655,2940800,2944000,2942400.0,small,WIN_small_cf45193d7d0150cd,0.8008710502323746,3200,0.5266953355066468,0.8008710502323746,shape,0.6788601859486008,0.9228819145161485,4,0,0,2940800,2945200,4,de54e77d28d916f57df515728b2b1dfa0720f45efbc03605ab1a83b4ac805469,3200,3273200,1010
MSREG_small_fec92a10f15f1498,MG1655,3318400,3321600,3320000.0,small,WIN_small_fec92a10f15f1498,0.8006528117808877,3200,0.5488944178349588,0.8006528117808877,shape,0.7655738847645269,0.8357317387972484,4,0,0,3317200,3321600,4,eaf1d4744468f0210f657bd390383fcb60b7fb779f6c59617f92e0b6566dca94,3200,3274800,1011
MSREG_small_16a0cbf8b3fbf504,MG1655,3670800,3674000,3672400.0,small,WIN_small_16a0cbf8b3fbf504,0.8004503579969127,3200,0.3221338085871847,0.8004503579969127,shape,0.5461312049140491,1.0547695110797763,7,8,6,3660800,3681600,21,8786b51bbce77956cdabdb87a2cd93c26832b3bed160ef6c9506cec06834c419,3200,3278000,1012
MSREG_medium_be0080cccb08c6aa,MG1655,1483200,1489600,1486400.0,medium,WIN_medium_be0080cccb08c6aa,0.7994810243034363,6400,0.14066096579329285,0.7994810243034363,shape,1.0672820227479172,0.5316800258589552,12,4,0,1481600,1490800,16,5856aac5b56e458996e9caefccfcf35c14daaa913d269c731f776d3f09b721e3,6400,3282400,1013
MSREG_small_2a6aed526d0e912e,MG1655,2172000,2175200,2173600.0,small,WIN_small_2a6aed526d0e912e,0.7990539079048276,3200,0.7990539079048276,0.07606728658269475,density,0.8301278612792499,0.7679799545304054,4,2,1,2161600,2175200,7,4f8add05f9f3232b791a190f6931cc5f2d6e0f84a7311355b8d5bc09eb85b5aa,3200,3284000,1014
MSREG_small_aff68681247f901a,MG1655,987200,990400,988800.0,small,WIN_small_aff68681247f901a,0.7980509165560283,3200,0.7980509165560283,0.6300471269462521,density,0.83292076146342,0.7631810716486367,2,0,0,987200,990800,2,e39c286d165975461d84fbd694af9467ba07c313516ae7544be10b56ab85a4ca,3200,3284400,1015
MSREG_small_2b053e8000f2d12e,MG1655,1674000,1677200,1675600.0,small,WIN_small_2b053e8000f2d12e,0.7978508730218884,3200,0.7978508730218884,0.34903966372519263,density,0.8301278612792499,0.7655738847645269,2,0,0,1673600,1677200,2,a45f35ee67286adeb316f7eb593800514360d1ece902eb425cdf676c6c62ab78,3200,3284800,1016
MSREG_medium_73c4f5cce7ddae99,MG1655,1202400,1208800,1205600.0,medium,WIN_medium_73c4f5cce7ddae99,0.7970455308283435,6400,0.06788878821336296,0.7970455308283435,shape,0.6398485522173621,0.9542425094393249,12,3,0,1200800,1208800,15,e540af987934a35d77abd9c778f39f061a5a0ae49b786d56f8de5bcc55f54454,6400,3289600,1017
MSREG_small_7c2d3232748175fa,MG1655,3947600,3950800,3949200.0,small,WIN_small_7c2d3232748175fa,0.7966544664639432,3200,0.7966544664639432,0.06792851981763416,density,0.8301278612792499,0.7631810716486367,4,2,0,3943200,3950800,6,b3c1339e92d29d273b53320a0adee2dabc2a21c77a0c92c30a5fcd1fb85cb928,3200,3291200,1018
MSREG_small_6c985f814af04ad5,MG1655,1850800,1854000,1852400.0,small,WIN_small_6c985f814af04ad5,0.7957614676415317,3200,0.23454332849831355,0.7957614676415317,shape,0.6788601859486008,0.9126627493344625,7,0,0,1849600,1855200,7,7aaba7304f1ed37838cb619822679a29d13a4ceb605a595daf069147969bbe59,3200,3294400,1019
MSREG_small_ef2a5c0893f832ee,MG1655,4278400,4281600,4280000.0,small,WIN_small_ef2a5c0893f832ee,0.7956396330885853,3200,0.7956396330885853,0.433433483554805,density,0.7802144109474171,0.8110648552297536,5,1,0,4278000,4284800,6,234191d8d500a2a205318221932234f4e3f3c1f6c86b8c7ace5d684859806200,3200,3296400,1020
MSREG_small_997b00ae78bceb6b,MG1655,436400,439600,438000.0,small,WIN_small_997b00ae78bceb6b,0.7956396330885853,3200,0.7956396330885853,0.6160154549909972,density,0.7953657550200379,0.8110648552297536,2,0,0,436400,440000,2,7045c556a8375e665869f6761cdef20a4667b61eda22959ae9d9a6879b2836ff,3200,3296800,1021
MSREG_small_d85b1a7480dca708,MG1655,2906800,2910000,2908400.0,small,WIN_small_d85b1a7480dca708,0.7947659528158024,3200,0.7947659528158024,0.6251735211802543,density,0.7703994286538183,0.8191324769777867,4,2,0,2902400,2910000,6,9fe41d8cad37a3e1b201084f81a52093d00efcab04bdcf2ca6f812f2d33667db,3200,3298400,1022
MSREG_small_97bff84892f7dfa3,MG1655,1776800,1780000,1778400.0,small,WIN_small_97bff84892f7dfa3,0.794621943401003,3200,0.07442104817832496,0.794621943401003,shape,0.6558965386076925,0.9333473481943135,3,2,0,1774400,1781600,5,45d53efa57c81fc1d253a779b6e6d1c9fa5e41b6552777108e6a83e3ac8f43bd,3200,3299200,1023
MSREG_small_9dcb1735e6b334d1,MG1655,2781600,2784800,2783200.0,small,WIN_small_9dcb1735e6b334d1,0.7945764865783644,3200,0.7945764865783644,0.03782598555070978,density,0.8559351248855354,0.7332178482711935,5,1,0,2779200,2785600,6,a504efa59669b34e665c4b931aee123dc3008e22c7e5bfaf76c3a262f7823c06,3200,3300800,1024
MSREG_small_c2bd729aa17e127e,MG1655,2314000,2317200,2315600.0,small,WIN_small_c2bd729aa17e127e,0.7930742017027876,3200,0.7930742017027876,0.43229066853761394,density,0.8084086115860136,0.7777397918195617,4,2,1,2304000,2317200,7,25e1429a0e9715c6035f6bf81614b7c438552dcf65a17b497013f73f468b8ed7,3200,3302400,1025
MSREG_small_35ad012066efc4b9,MG1655,3239200,3242400,3240800.0,small,WIN_small_35ad012066efc4b9,0.7929538651849107,3200,0.48970214627780473,0.7929538651849107,shape,1.1201624726417678,0.5100348595657724,5,0,0,3238800,3243600,5,d8d6a9649ebb90284c21638dde2602237a641b692b6a8fb019c1f50060006a3f,3200,3304000,1026
MSREG_small_9164dfceafb99540,MG1655,3141600,3144800,3143200.0,small,WIN_small_9164dfceafb99540,0.7927509484066617,3200,0.734782477466265,0.7927509484066617,shape,0.8301278612792499,0.8865318924773047,4,0,0,3140400,3144800,4,011b4039a85eaf23a1e466698ecda83eb850ea5cb2277d0a55760f9739d9cb75,3200,3305600,1027
MSREG_small_67393f2dc146f44c,MG1655,4073600,4076800,4075200.0,small,WIN_small_67393f2dc146f44c,0.7915299437484976,3200,0.7915299437484976,0.24444593173209417,density,0.7928035382554376,0.7902563492415576,4,0,0,4072400,4076800,4,5e3576e157d7147a3d161acbf4efd8b65dd636e756b1583cbd338fc126167ae6,3200,3307200,1028
MSREG_small_54e701db088b86fe,MG1655,925200,928400,926800.0,small,WIN_small_54e701db088b86fe,0.7907693571882312,3200,0.7907693571882312,0.3080681731492907,density,0.8301278612792499,0.7514108530972125,2,0,0,925200,928800,2,b7d3ecb3a3be410bcb907256346ffee9f9d18a8228a073b0a08f515e1bc9dc60,3200,3307600,1029
MSREG_small_27ad51fe71575e98,MG1655,3489600,3492800,3491200.0,small,WIN_small_27ad51fe71575e98,0.7906577305775626,3200,0.46038499128759847,0.7906577305775626,shape,0.7072821141767938,0.8740333469783316,7,2,0,3488400,3496000,9,38ca2a8212712969a66c6cb124eb8df6742faa36d709b4deb7802456c00ce267,3200,3310400,1030
MSREG_large_364f26ded3bb3bd9,MG1655,4513600,4526400,4520000.0,large,WIN_large_364f26ded3bb3bd9,0.7900504736833514,12800,0.21124654700251733,0.7900504736833514,shape,0.9149892102916513,0.6651117370750513,16,8,4,4508800,4526400,28,49fbdf08551adc6cbec82154fc94e85d2ee7a3c780f751ea776098f69ea55279,12800,3316800,1031
MSREG_small_e0a18d87c7998e04,MG1655,4632000,4635200,4633600.0,small,WIN_small_e0a18d87c7998e04,0.7896556649278037,3200,0.7896556649278037,0.06689279797789564,density,0.7655738847645269,0.8137374450910805,4,4,2,4627200,4641600,10,eac9888cb917fe19e8f81608e09a06c67aa565c1df261ca97a7ebec57954cde8,3200,3318400,1032
MSREG_small_5fbf661934cf966d,MG1655,1124800,1128000,1126400.0,small,WIN_small_5fbf661934cf966d,0.7894632044323433,3200,0.5425324200324129,0.7894632044323433,shape,0.958794470406793,0.6201319384578935,1,0,0,1124800,1128000,1,f63da3272b844e7a967008acaa06d1ec0e0ff5bea4101e2d5b9b7a8f019bf9b2,3200,3318400,1033
MSREG_small_384c2d388adb8996,MG1655,4635600,4638800,4637200.0,small,WIN_small_384c2d388adb8996,0.7881942830582095,3200,0.24846639261783696,0.7881942830582095,shape,1.0690099501943866,0.5073786159220324,7,3,0,4633600,4641600,10,942b95ccfc75433bd832690abf58297b0400b67363c3026f00b0a399473c58f6,3200,3321600,1034
MSREG_medium_a94ef2ffddfa961c,MG1655,2160000,2166400,2163200.0,medium,WIN_medium_a94ef2ffddfa961c,0.7876991332968193,6400,0.10915216327030247,0.7876991332968193,shape,0.552698376498462,1.0226998900951765,10,5,1,2159200,2172800,16,a1feda9a603e0d9975dafd1fb20ea10d4c6c74eebb94d6c74a92334de6a74c15,6400,3325600,1035
MSREG_small_062b49d34189cda6,MG1655,4311600,4314800,4313200.0,small,WIN_small_062b49d34189cda6,0.7876726386427235,3200,0.2960129675012296,0.7876726386427235,shape,0.9194487386777547,0.6558965386076925,7,6,5,4305600,4324800,18,90e3db57949c3dcd4e7374e5d5dac1a006e86f1da6744e2926f19121f91f9666,3200,3328400,1036
MSREG_small_42bd7ef27e48bcf9,MG1655,4076800,4080000,4078400.0,small,WIN_small_42bd7ef27e48bcf9,0.7869912481752703,3200,0.7869912481752703,0.11884661948906503,density,0.8084086115860136,0.7655738847645269,1,0,0,4076800,4080000,1,61342b68d62c04fad65ea5ae5fc5e56a4820e06159d683f9a6bcd1b9c5f75a45,3200,3328400,1037
MSREG_small_b94ac33f8619d48d,MG1655,3666400,3669600,3668000.0,small,WIN_small_b94ac33f8619d48d,0.7860132044295637,3200,0.017000882979621032,0.7860132044295637,shape,1.4917735425914564,0.08025286626767093,7,5,2,3657600,3672000,14,3d5992f088c976688530fad1af0cc5615bf8a28c3573949b05fbc42aac1674a4,3200,3331600,1038
MSREG_small_0cbd9718492b09b8,MG1655,4147600,4150800,4149200.0,small,WIN_small_0cbd9718492b09b8,0.7856930140698781,3200,0.2945613364185207,0.7856930140698781,shape,0.6485041136236076,0.9228819145161485,5,5,3,4142400,4158400,13,bd2b0dc2be07a38baa464e2007411f52906b6db6590b246f9bebc72de728e4a6,3200,3333600,1039
MSREG_small_4f7174442f238185,MG1655,2927200,2930400,2928800.0,small,WIN_small_4f7174442f238185,0.7854677085699733,3200,0.7854677085699733,0.3543491806457016,density,0.8005359884861282,0.7703994286538183,4,0,0,2927200,2931600,4,4078fdb8a566f00cb3145a4b58799a0bd5fab4cf979f0ef0ab06ad9958cb9871,3200,3335200,1040
MSREG_small_ad6feee8f792b3c3,MG1655,443600,446800,445200.0,small,WIN_small_ad6feee8f792b3c3,0.7854168654714967,3200,0.2040377845657722,0.7854168654714967,shape,1.0232524596337116,0.5475812713092818,7,0,0,442400,448000,7,765067f9edaaef8d27946d63e37e0394d7a425187123da7c8c3cdd8e6a7ad5e2,3200,3338000,1041
MSREG_medium_32a59de772e9d630,MG1655,1600,8000,4800.0,medium,WIN_medium_32a59de772e9d630,0.7853049829035821,6400,0.3445089176282532,0.7853049829035821,shape,0.8796088911424207,0.6910010746647435,15,4,0,0,9200,19,67dfc20d2a8423eeb8d36fddf97db0723a31e7c6c004463ad9fd5372c250b807,6400,3344000,1042
MSREG_medium_cb87b97b105d5858,MG1655,597600,604000,600800.0,medium,WIN_medium_cb87b97b105d5858,0.7840101237241343,6400,0.03888665118845186,0.7840101237241343,shape,0.3949344985323124,1.173085748915956,10,5,0,595200,604800,15,b0632d5073fce7df2ead1591272a0bc86faaa76a10d6614225f52dbb28e2f545,6400,3348000,1043
MSREG_small_c00cc7c8aa31e7d1,MG1655,1644400,1647600,1646000.0,small,WIN_small_c00cc7c8aa31e7d1,0.7839764261506812,3200,0.10379015281103651,0.7839764261506812,shape,0.6485041136236076,0.9194487386777547,7,8,4,1635200,1652800,19,f9ec1a7dc84d6a8e89714be24a7847ab59c421f95c1b28d978017fb2e1a6fc0d,3200,3351200,1044
MSREG_small_1f8d289878ebc80f,MG1655,3366800,3370000,3368400.0,small,WIN_small_1f8d289878ebc80f,0.7834648045462173,3200,0.20436904511100096,0.7834648045462173,shape,1.1781544196194547,0.38877518947297984,7,6,0,3364000,3374400,13,8744785c30bd554d4790b30e8dee9cb5b61779d4eab2c1f25a530a173932260b,3200,3354400,1045
MSREG_small_d7697ff5ba620934,MG1655,3780400,3783600,3782000.0,small,WIN_small_d7697ff5ba620934,0.7810740635009044,3200,0.7810740635009044,0.0878211895275121,density,0.7537395154157952,0.8084086115860136,4,2,0,3776000,3783600,6,906d5d5afa0009d141a89882840c25221e6a93358b7084e69cb65134a8cf5850,3200,3356000,1046
MSREG_small_ae7b3a08b8fd4362,MG1655,1217200,1220400,1218800.0,small,WIN_small_ae7b3a08b8fd4362,0.7786530325083727,3200,0.7786530325083727,0.05600727399817784,density,0.8218553353132599,0.7354507297034854,7,2,0,1214400,1221600,9,b883867d5bc3730bdc198e7da093752cfd926314bf97fae58905d154c6546e4c,3200,3358800,1047
MSREG_small_da984f5e643ea82b,MG1655,4351600,4354800,4353200.0,small,WIN_small_da984f5e643ea82b,0.7781678342162645,3200,0.6006196989825878,0.7781678342162645,shape,0.8929186911387054,0.6634169772938235,7,4,0,4350400,4359200,11,089ee47e310ce8d56813e9751a83b3b15de006158a207976f6bfa196a14fb60e,3200,3362000,1048
MSREG_small_22eab6be7b3f677d,MG1655,1335600,1338800,1337200.0,small,WIN_small_22eab6be7b3f677d,0.7770119545692731,3200,0.3539843729558819,0.7770119545692731,shape,0.6768994851830729,0.8771244239554734,7,4,0,1331200,1340000,11,978394fbdf121dd75c8ef8adc6fd466b7e87b2f7515b54a3c38ee5bc29ace05e,3200,3365200,1049
MSREG_small_4dea4eeb5e39ff6b,MG1655,1598400,1601600,1600000.0,small,WIN_small_4dea4eeb5e39ff6b,0.7755496780606148,3200,0.077051539207525,0.7755496780606148,shape,0.7010331648997922,0.8500661912214375,4,4,0,1594400,1603200,8,aa7fae428c4ac71ba25cb1b2f186d8422ff2a780eb21fbe44bd44d30e5d633bd,3200,3366800,1050
MSREG_small_79bb584a7e8f95f2,MG1655,3774400,3777600,3776000.0,small,WIN_small_79bb584a7e8f95f2,0.7732440589662544,3200,0.7157616911974503,0.7732440589662544,shape,0.8961476612689038,0.7136222922078127,4,2,0,3774400,3781600,6,e45c8de93c547f1d6f4acce7a18b621ee81681a91538f100ded8ad4847044275,3200,3368400,1051
MSREG_small_23a5f45a98782518,MG1655,3645600,3648800,3647200.0,small,WIN_small_23a5f45a98782518,0.772175513198031,3200,0.4025987828371924,0.772175513198031,shape,0.6672266024405887,0.8771244239554734,4,0,0,3644400,3648800,4,0a505bd84c951b38d47b684eeafe808b46442d97e1e809e86be903f2bb71f340,3200,3370000,1052
MSREG_small_03cb9e5d585f44a3,MG1655,851200,854400,852800.0,small,WIN_small_03cb9e5d585f44a3,0.7719842782751019,3200,0.281495896931817,0.7719842782751019,shape,0.9740344369635299,0.5699341195866738,5,2,0,847200,854800,7,ddfbd21679cd5501d7d510fb4e0cffefeb5a229c5e088c9348efe8a4e19e17f0,3200,3372000,1053
MSREG_small_3eba403d87d42466,MG1655,1993200,1996400,1994800.0,small,WIN_small_3eba403d87d42466,0.7716977412980268,3200,0.7716977412980268,0.32295238445567503,density,0.7802144109474171,0.7631810716486367,4,0,0,1993200,1997600,4,ba7a315e4af7543d6bc5daeff25236dda5c7c913b2a5787cde62f399cedc1b96,3200,3373600,1054
MSREG_small_cca97d0714553a6b,MG1655,4416400,4419600,4418000.0,small,WIN_small_cca97d0714553a6b,0.7716568382920443,3200,0.7716568382920443,0.11081287329537376,density,0.7655738847645269,0.7777397918195617,4,2,1,4416400,4430400,7,b2fe316a531b172c1c9f3e22b3118185a7b62363764f790138eca34e1eccbcb9,3200,3375200,1055
MSREG_small_c4dbeb75ccf2947e,MG1655,1996400,1999600,1998000.0,small,WIN_small_c4dbeb75ccf2947e,0.770365545457321,3200,0.22463694337774615,0.770365545457321,shape,0.5549051292215542,0.9858259616930879,4,0,0,1995200,1999600,4,a230e37f2857fe53b379dee022cd1298067706ec533e7048bdb892f42c1c70aa,3200,3376800,1056
MSREG_small_a09546821ff8a27a,MG1655,3076800,3080000,3078400.0,small,WIN_small_a09546821ff8a27a,0.7702436097081451,3200,0.7702436097081451,0.2697241184533161,density,0.8005359884861282,0.7399512309301619,7,3,0,3074400,3082400,10,f477d0bb9c827bd16c3d094e47ad663000b36aa987ff8b7b3d43469b7b3f3665,3200,3380000,1057
MSREG_small_67d49becf81a57eb,MG1655,292400,295600,294000.0,small,WIN_small_67d49becf81a57eb,0.7701014378201069,3200,0.7701014378201069,0.03741627015186402,density,0.83292076146342,0.7072821141767938,7,4,1,291200,304000,12,5399a877f07061247d49f246b230cc7a57676088005fb90476c50b974d903ca9,3200,3383200,1058
MSREG_medium_cfdf4597fafe1f4e,MG1655,251200,257600,254400.0,medium,WIN_medium_cfdf4597fafe1f4e,0.7700119001010443,6400,0.3613320414600405,0.7700119001010443,shape,0.9727259151333381,0.5672978850687505,15,7,4,248000,265600,26,22b2294077dd985b6508d87a172ad987cf191e4ec6041c9697be792127166564,6400,3389600,1059
MSREG_small_481f0ccdad7d2722,MG1655,4150000,4153200,4151600.0,small,WIN_small_481f0ccdad7d2722,0.7699323068504602,3200,0.7699323068504602,0.7565253147982995,density,0.8057685154198052,0.7953657550200379,6,3,0,4149200,4157600,9,b890f4b1c25f9daacf90a70485fb3ce9accdcb0732e5abd1bb324e9310e537f1,3200,3392000,1060
MSREG_small_6d7a2191b3211042,MG1655,3188000,3191200,3189600.0,small,WIN_small_6d7a2191b3211042,0.7697565502719039,3200,0.7697565502719039,0.05952236459485092,density,0.8301278612792499,0.7093852392645581,4,2,0,3184000,3191200,6,7885d2d5a4262c07ca7a9bfa72728101b637d2fa3f06399d5d9b548b8ce6d100,3200,3393600,1061
MSREG_small_e27e6d3e5574c36b,MG1655,2262400,2265600,2264000.0,small,WIN_small_e27e6d3e5574c36b,0.769432449852109,3200,0.769432449852109,0.08671079363636502,density,0.6887987084827806,0.8500661912214375,4,0,0,2262400,2266800,4,07049467417b20b785c2f59e7e822051d45e4ddbf8e9db7f0129f9bbefd141a1,3200,3395200,1062
MSREG_small_bde1df0a3addded7,MG1655,2945600,2948800,2947200.0,small,WIN_small_bde1df0a3addded7,0.7677388137605363,3200,0.36541839842210355,0.7677388137605363,shape,0.8385610288161127,0.69691659870496,4,1,0,2945600,2952000,5,b1c24939d6bd1be34780e7bde2576155a29a85b62f2f5375e97d189fa5d7c51b,3200,3396800,1063
MSREG_small_91ca378cb57892b8,MG1655,4585200,4588400,4586800.0,small,WIN_small_91ca378cb57892b8,0.7676584929750999,3200,0.7322776304470526,0.7676584929750999,shape,1.006219120334931,0.7200564022132226,4,2,0,4585200,4592800,6,24ac88b63b854f508c7322abcf3f47ca1b46b04497a8a8c9155b4d77210a8652,3200,3398400,1064
MSREG_small_9e3f0f5cb341cae4,MG1655,1867200,1870400,1868800.0,small,WIN_small_9e3f0f5cb341cae4,0.7667769196474662,3200,0.2857948416173251,0.7667769196474662,shape,0.4645438891005458,1.0690099501943866,7,2,0,1865600,1872800,9,52004f5b2411757d35978b1a6d7292ad7a1cc0dc44924502ed72f361f4a72ecd,3200,3401600,1065
MSREG_small_897cfba6edddd07e,MG1655,3203200,3206400,3204800.0,small,WIN_small_897cfba6edddd07e,0.7632072955772902,3200,0.41103772872236266,0.7632072955772902,shape,0.6430412179221054,0.883373373232475,4,2,0,3203200,3210400,6,044415df371b4c69953a9cef7e70369c693af36bd17ad839be173aae8c85e084,3200,3403200,1066
MSREG_small_8a0d06c53f1cc540,MG1655,1793600,1796800,1795200.0,small,WIN_small_8a0d06c53f1cc540,0.7632072955772902,3200,0.7632072955772902,0.6396003009070749,density,0.8357317387972484,0.7679799545304054,4,0,0,1793600,1798000,4,5c1192e2e577b229dd964935be4c9dee0e863326ade5b16d5510ac1038f2ccbc,3200,3404800,1067
MSREG_small_60d35636b0eec67f,MG1655,914400,917600,916000.0,small,WIN_small_60d35636b0eec67f,0.7626768773006474,3200,0.11578356544287954,0.7626768773006474,shape,0.8385610288161127,0.686792725785182,2,0,0,914400,918000,2,c876839e830ceb4d228ceeb67eaa95f8f13316e67fd1aa28bea56ee7aad2ed12,3200,3405200,1068
MSREG_medium_babf614d269791be,MG1655,807200,813600,810400.0,medium,WIN_medium_babf614d269791be,0.7610023161868313,6400,0.036149706008781826,0.7610023161868313,shape,0.6268835750529945,0.8951210573206683,8,4,2,807200,822400,14,583da8a9484d1324b0819ad026a453eea99a780810a2622df93e346eaf89e995,6400,3408400,1069
MSREG_medium_3721aa205a20bd43,MG1655,1962400,1968800,1965600.0,medium,WIN_medium_3721aa205a20bd43,0.7601138711972366,6400,0.1687780690137353,0.7601138711972366,shape,1.0020152912353255,0.5182124511591478,15,7,0,1960000,1971200,22,1cdbe1e21238db2c198a295fdb7afbba2a3bdd82453cf8ae32cf1704b4e108db,6400,3414800,1070
MSREG_small_cf265e46122feb84,MG1655,2484400,2487600,2486000.0,small,WIN_small_cf265e46122feb84,0.7588969254252859,3200,0.7588969254252859,0.09678080005274647,density,0.8084086115860136,0.7093852392645581,4,0,0,2484400,2488800,4,f29c9473627becd014cb843c9bb919039eaee54e0f368f7e53a38cd5b1fbb075,3200,3416400,1071
MSREG_small_05fab22c9e8b4ae7,MG1655,1331600,1334800,1333200.0,small,WIN_small_05fab22c9e8b4ae7,0.7581782341372449,3200,0.3643252149679769,0.7581782341372449,shape,0.6749475965855508,0.841408871688939,7,3,0,1328800,1336800,10,f117fcdf6be3e03b55650ed07cc616ded11d336846f93a14966f8b59a6699758,3200,3419600,1072
MSREG_small_2d9bbf1e106be126,MG1655,3726800,3730000,3728400.0,small,WIN_small_2d9bbf1e106be126,0.7580245378413735,3200,0.23296159161666746,0.7580245378413735,shape,0.9160424899858431,0.6000065856969037,5,3,0,3726400,3734400,8,53bc7aeca6eae346c986fb2dc669536fd7684a6ad83dd1845f8b18b14327b094,3200,3421600,1073
MSREG_small_4c97cd10f4ddb75c,MG1655,4577200,4580400,4578800.0,small,WIN_small_4c97cd10f4ddb75c,0.7578453628814037,3200,0.7578453628814037,0.1458612530385427,density,0.8084086115860136,0.7072821141767938,7,6,0,4572800,4583200,13,9ac37413560ce64cdf3ad6c6c05300d72e09d7bbebc8924a7b4b09c2a14f4c4e,3200,3424800,1074
MSREG_large_99e7b2641cee16ee,MG1655,3100800,3113600,3107200.0,large,WIN_large_99e7b2641cee16ee,0.7565770788680448,12800,0.18351306102892573,0.7565770788680448,shape,0.8480424206610382,0.6651117370750513,20,10,5,3099200,3118400,35,226141cdb053e123824e3c240cc8dcf665a18f01528ff782e5779cb3ec5e43c9,12800,3432800,1075
MSREG_small_43fb05960bbae873,MG1655,651600,654800,653200.0,small,WIN_small_43fb05960bbae873,0.7564681030364215,3200,0.09853507439714987,0.7564681030364215,shape,0.8588996038492743,0.6540366022235686,5,3,0,647200,655200,8,0b49cbd1dc8b6409e7b59dbbf56e87e920658214351b9b8cbcd5f0aa5bf4ace8,3200,3434800,1076
MSREG_small_bea31aa21e922d2d,MG1655,2863600,2866800,2865200.0,small,WIN_small_bea31aa21e922d2d,0.7556117305279654,3200,0.14160960894712024,0.7556117305279654,shape,0.977929480847054,0.5332939802088768,7,2,0,2860800,2868000,9,49873b9b47d0c03fd949633a61cb18aaa0beaa29b6792d69177905e7d31131c0,3200,3437600,1077
MSREG_small_e98808f01e671f74,MG1655,4427600,4430800,4429200.0,small,WIN_small_e98808f01e671f74,0.754985863554552,3200,0.5255752857435658,0.754985863554552,shape,0.8559351248855354,0.6540366022235686,7,8,3,4419200,4435200,18,101e8d634c1fe1ca7bedc4bd11351b2bf374cb2e27f1299a6dfebb1e43079611,3200,3440800,1078
MSREG_small_383acffdefbbf19b,MG1655,2696400,2699600,2698000.0,small,WIN_small_383acffdefbbf19b,0.7535575685974589,3200,0.4217387372867764,0.7535575685974589,shape,0.926342446625655,0.580772690569263,4,2,0,2692000,2699600,6,7d993d3af57bd05d4964f6ccd960f3f99e4b4e8b8b4d67a3528f50c1f1850c39,3200,3442400,1079
MSREG_small_835992c2e12fec32,MG1655,158800,162000,160400.0,small,WIN_small_835992c2e12fec32,0.7534133742728185,3200,0.610890235610887,0.7534133742728185,shape,0.870964115250655,0.635862633294982,7,6,0,156000,166400,13,4b3a95e3651d448b23dbb55877ffef8d77848b647588da59b8f7c55b0057ed1a,3200,3445600,1080
MSREG_small_ec97dd991ba26cf1,MG1655,3316800,3320000,3318400.0,small,WIN_small_ec97dd991ba26cf1,0.7526501142920823,3200,0.7526501142920823,0.11461359575840813,density,0.7444988586808825,0.7608013699032821,1,0,0,3316800,3320000,1,6180738302ec73e35341bd29110d6ce7a8bf27c7b3131c3930480ced9eb9b5c2,3200,3445600,1081
MSREG_medium_6d021b8c69851149,MG1655,1080800,1087200,1084000.0,medium,WIN_medium_6d021b8c69851149,0.7519058137738219,6400,0.029736590985114674,0.7519058137738219,shape,0.7604224834232121,0.7433891441244317,15,7,4,1072000,1089600,26,e53ff108f8bb66053d2c6f01c93f24a46159e7c81a029629e6f50b508db57a6d,6400,3452000,1082
MSREG_small_39a6593d0af04958,MG1655,2824000,2827200,2825600.0,small,WIN_small_39a6593d0af04958,0.7517402172233305,3200,0.7517402172233305,0.13481001708150556,density,0.7877240127261625,0.7157564217204986,4,2,0,2820000,2827200,6,9c9eb43afc4cceb568a24e968adbb7e67b19e82a0e10ec2982c77e64482b1f4f,3200,3453600,1083
MSREG_small_4bf9cb7e6ade1fe8,MG1655,462400,465600,464000.0,small,WIN_small_4bf9cb7e6ade1fe8,0.7515661512893993,3200,0.7515661512893993,0.05923180618864757,density,0.7631810716486367,0.7399512309301619,1,0,0,462400,465600,1,380930fa50bd601bfca0053094cb13db4a7cebba82c77459d9035dcca66254d8,3200,3453600,1084
MSREG_small_8b651cf8d1fe170a,MG1655,2652000,2655200,2653600.0,small,WIN_small_8b651cf8d1fe170a,0.7502650854381312,3200,0.7502650854381312,0.1209783054396835,density,0.7537395154157952,0.7467906554604673,5,1,0,2651600,2658400,6,187f84699a4ec24c25d3d27e73644849f6ab423e63845379b22474d40ad8b2b4,3200,3455600,1085
MSREG_small_a3c277e5eafbd998,MG1655,4330400,4333600,4332000.0,small,WIN_small_a3c277e5eafbd998,0.7494881714038204,3200,0.7301276402006905,0.7494881714038204,shape,0.7679799545304054,0.7309963882772355,7,7,4,4320000,4337600,18,02ae063a192b880f78d24acdc42b0d46400a876b1685892f9755098913e41abb,3200,3458800,1086
MSREG_small_fa114535a57f3f19,MG1655,2986800,2990000,2988400.0,small,WIN_small_fa114535a57f3f19,0.7486772318599193,3200,0.7486772318599193,0.10715868780903684,density,0.8301278612792499,0.6672266024405887,4,0,0,2985600,2990000,4,ee22228e9547936061d2b10c399eb4332da1a691a92375350c4a796b2eb6336b,3200,3460000,1087
MSREG_small_ca4ab7ea39d501c2,MG1655,3878800,3882000,3880400.0,small,WIN_small_ca4ab7ea39d501c2,0.7479793039008895,3200,0.7479793039008895,0.609842662371883,density,0.7537395154157952,0.83292076146342,1,0,0,3878800,3882000,1,4f3a3ee6637bcabfd7e206b6f76e8caeb7af11686652e758c3456eff3e2b3562,3200,3460000,1088
MSREG_medium_1eef9e55d849281d,MG1655,2131200,2137600,2134400.0,medium,WIN_medium_1eef9e55d849281d,0.7477149294244336,6400,0.0394398786644426,0.7477149294244336,shape,1.0122344564170116,0.4831954024318556,15,7,4,2123200,2140800,26,0b178c2fbdbd7082e254ff12c4c709cd916643cb55ecd0e2d2367cae71f759fb,6400,3466400,1089
MSREG_large_37c644ef8ccefc25,MG1655,3684800,3697600,3691200.0,large,WIN_large_37c644ef8ccefc25,0.747712695387829,12800,0.19253811010610963,0.747712695387829,shape,0.7723217067229198,0.7231036840527382,28,11,2,3683200,3697600,41,cf5f8b3b486a47a47a4d937defb082be723513baad2356a2691240bea31fe0bf,12800,3477600,1090
MSREG_small_e106537f36a90034,MG1655,571200,574400,572800.0,small,WIN_small_e106537f36a90034,0.7475030634514781,3200,0.16304834585497407,0.7475030634514781,shape,0.9126627493344625,0.5823433775684937,7,7,6,561600,582400,20,ebdcd186acd0cb771a6968385a49cbf3adc9c8f5a21a815c10fb897c340d53fc,3200,3480800,1091
MSREG_medium_4c7abd10258bf679,MG1655,594400,600800,597600.0,medium,WIN_medium_4c7abd10258bf679,0.7472421188980712,6400,0.03235152822276568,0.7472421188980712,shape,0.492468946560817,1.0020152912353255,3,2,0,593600,600800,5,047fec5a299a3db06d44cbc4ad08aea1f88da73c4f2a87637d61533566926592,6400,3481600,1092
MSREG_small_d6bd49fb27b3e399,MG1655,3475600,3478800,3477200.0,small,WIN_small_d6bd49fb27b3e399,0.7468149727415982,3200,0.7468149727415982,0.30724750988620597,density,0.7514108530972125,0.7422190923859839,7,4,0,3474400,3483200,11,a190c4c0e22343635d9aa477e9fea0625dc2621933702d71ee9907e1fbc54fcd,3200,3484400,1093
MSREG_small_f26f37cca612675c,MG1655,2436400,2439600,2438000.0,small,WIN_small_f26f37cca612675c,0.7465901417294962,3200,0.24554319147436515,0.7465901417294962,shape,0.5418098311314065,0.9513704523275861,7,3,0,2432800,2440800,10,90b76041687f9af1a95985b15a7b39b2698dcac528f2dbd4c5a6cd13ada9a97a,3200,3487200,1094
MSREG_small_31e2585e4602396d,MG1655,2912400,2915600,2914000.0,small,WIN_small_31e2585e4602396d,0.7459836525603776,3200,0.7459836525603776,0.6324142572136594,density,0.8679164221686496,0.7631810716486367,2,0,0,2912400,2916000,2,87acf61bc15d6755ba7d2ad19b1d24813ae330309098cfa1f73ebc2cd9fa2dd9,3200,3487600,1095
MSREG_small_805db124aea4c12e,MG1655,1019200,1022400,1020800.0,small,WIN_small_805db124aea4c12e,0.7457173330208664,3200,0.7457173330208664,0.08815295910317636,density,0.7537395154157952,0.7376951506259377,4,0,0,1019200,1023600,4,08b4fba4132e430d51a43b967960ea16b322a2c63ece48522eaa127315104fb3,3200,3488800,1096
MSREG_small_3c7244313e4d38e4,MG1655,2137600,2140800,2139200.0,small,WIN_small_3c7244313e4d38e4,0.7457173330208664,3200,0.7457173330208664,0.06808435844433937,density,0.7537395154157952,0.7376951506259377,4,1,0,2134400,2140800,5,cc57ca20c86e3877345ab86b89d1813e2bacc98f8f50dff2556fbebbcf61c4b1,3200,3490400,1097
MSREG_small_51651d000de0aced,MG1655,1399600,1402800,1401200.0,small,WIN_small_51651d000de0aced,0.7451012092500678,3200,0.1994553610657912,0.7451012092500678,shape,0.7679799545304054,0.7222224639697303,4,0,0,1398800,1403200,4,49d1747c5a67b63905f13d6af17970cbd79f46360d0dac4948732da39260075c,3200,3491600,1098
MSREG_small_cdc0d754db3a4967,MG1655,1371200,1374400,1372800.0,small,WIN_small_cdc0d754db3a4967,0.7449685486894192,3200,0.020008741864136353,0.7449685486894192,shape,0.38576273012120077,1.1041743672576376,7,6,3,1368000,1384000,16,3bf99f5f64a95d777da235ed1125a3737078910f3b1525041c73b23a760ea994,3200,3494800,1099
MSREG_small_69abbb307cd2fd0b,MG1655,3074800,3078000,3076400.0,small,WIN_small_69abbb307cd2fd0b,0.7449625205891772,3200,0.21917779009319993,0.7449625205891772,shape,0.6788601859486008,0.8110648552297536,4,0,0,3074000,3078400,4,d2d47b05a6ae97fa2a3e7511034dcacd601f1044874b337f47a6385a8b7ea5ba,3200,3496000,1100
MSREG_small_0a0ee2339556e407,MG1655,3404400,3407600,3406000.0,small,WIN_small_0a0ee2339556e407,0.7448600684801988,3200,0.46394816685635454,0.7448600684801988,shape,0.6000065856969037,0.8897135512634939,5,3,0,3404000,3412000,8,a5ef7f5b657af7f5c92e13aca4c19740d132478ae4bb68e1c96f47b1542e0677,3200,3498000,1101
MSREG_small_cd8361e96a03f177,MG1655,2742400,2745600,2744000.0,small,WIN_small_cd8361e96a03f177,0.7444988586808825,3200,0.7444988586808825,0.595468654728387,density,0.7631810716486367,0.7444988586808825,1,0,0,2742400,2745600,1,a501788e5e86828d2e6619da6d926700f3733cbaf2276781a5ab7520b4f4fa9b,3200,3498000,1102
MSREG_small_b10be288b2f63425,MG1655,2283600,2286800,2285200.0,small,WIN_small_b10be288b2f63425,0.7442944395226581,3200,0.7442944395226581,0.28389419717725073,density,0.7728324573248175,0.7157564217204986,5,2,0,2283200,2290400,7,354209d4a607e4f1f4251d98cea993289c92dfa4d603bfca5457af75be08bb38,3200,3500000,1103
MSREG_small_93cb5ba06c678ba4,MG1655,3330800,3334000,3332400.0,small,WIN_small_93cb5ba06c678ba4,0.7422429030432025,3200,0.7422429030432025,0.25522461810411506,density,0.7467906554604673,0.7376951506259377,3,0,0,3330000,3334000,3,f886658fcb5248cfeef843ce6838be1dd7e7a882f79c32ab273d3caff9c66e0e,3200,3500800,1104
MSREG_small_6f0504d2bb7bd441,MG1655,655200,658400,656800.0,small,WIN_small_6f0504d2bb7bd441,0.7406237879236046,3200,0.7406237879236046,0.04508730967971549,density,0.7802144109474171,0.7010331648997922,2,0,0,655200,658800,2,7ac46a14085c41ac1faafb6fe46c88e460519f7d68dfbbd1c26f16bdeca859cb,3200,3501200,1105
MSREG_small_4e26faadb7b42b22,MG1655,4334800,4338000,4336400.0,small,WIN_small_4e26faadb7b42b22,0.7381561790858485,3200,0.2663135271475662,0.7381561790858485,shape,0.5534304436555485,0.9228819145161485,6,1,0,4332000,4338800,7,86fe21626aafcc61b4cfac930f7c2123a826f31f42a459c2fa560f65dc18f574,3200,3503600,1106
MSREG_small_3e01f21de80a87dc,MG1655,1355200,1358400,1356800.0,small,WIN_small_3e01f21de80a87dc,0.7374562679530579,3200,0.13452056089671374,0.7374562679530579,shape,0.8057685154198052,0.6691440204863106,1,1,0,1353600,1360000,2,6beabc9f4f79785528fb18be95c9a247448efbd402d4e5c8bed4214a7b8cd616,3200,3503600,1107
MSREG_small_22af9d9f98d06c76,MG1655,3894000,3897200,3895600.0,small,WIN_small_22af9d9f98d06c76,0.73726418723204,3200,0.6091546027329078,0.73726418723204,shape,0.6032967111439537,1.083733207015093,6,3,0,3893200,3901600,9,98385aba7bd03882102ac1c5cd6997bf00180d4d215fdd6350778873dfce4e93,3200,3506000,1108
MSREG_small_089e3ca95f8d12c7,MG1655,2714000,2717200,2715600.0,small,WIN_small_089e3ca95f8d12c7,0.7372118310555473,3200,0.20991960479908855,0.7372118310555473,shape,0.8385610288161127,0.635862633294982,4,2,0,2709600,2717200,6,f9e87be950951e278b70ed8dc3e392954a8370573058f91a6364a6ca6119a8e5,3200,3507600,1109
MSREG_small_ecb975fcc1517290,MG1655,846400,849600,848000.0,small,WIN_small_ecb975fcc1517290,0.7371943818015743,3200,0.31106975905811474,0.7371943818015743,shape,0.9059811639779471,0.5684075996252013,4,3,0,844800,852800,7,236853a0b355d9d88d807f775c4ed3de0858c15d0e67a3dd3c8ff81bbe6f12f5,3200,3509200,1110
MSREG_small_6a2fb12f645412a3,MG1655,3999600,4002800,4001200.0,small,WIN_small_6a2fb12f645412a3,0.7370780892611315,3200,0.5500361530164932,0.7370780892611315,shape,0.6412354170588431,0.83292076146342,7,2,0,3996800,4004000,9,bb8e3a4e5500f8ad110f1377575ccb34dedff4e3a8ab9287c20a104d56eaf0b6,3200,3512400,1111
MSREG_small_688f452905015d39,MG1655,679200,682400,680800.0,small,WIN_small_688f452905015d39,0.7369328111123049,3200,0.061622676690142666,0.7369328111123049,shape,0.40000316923581103,1.0738624529887988,4,0,0,679200,683600,4,c1abb1972937390e5241cbeab58c93646100d6fa66723f3f6a8a534bc4f3d8b8,3200,3514000,1112
MSREG_small_96b811095cfc3c91,MG1655,1715600,1718800,1717200.0,small,WIN_small_96b811095cfc3c91,0.7368631121096356,3200,0.38290865308328004,0.7368631121096356,shape,0.8084086115860136,0.6653176126332576,1,0,0,1715600,1718800,1,d1f6193f1aecc7b6f30d678e61e6b17c062d2e6204773a0edb87855a9691bca1,3200,3514000,1113
MSREG_small_348bfd136ef0903a,MG1655,2271200,2274400,2272800.0,small,WIN_small_348bfd136ef0903a,0.7354564994485656,3200,0.7354564994485656,0.6797735347390526,density,0.7376951506259377,0.7332178482711935,1,0,0,2271200,2274400,1,2b79062834ebac389c8e6991cbf6f74af700c6a9a47cc894a433bec34414b994,3200,3514000,1114
MSREG_small_88a0fadfc3e93f8f,MG1655,4436800,4440000,4438400.0,small,WIN_small_88a0fadfc3e93f8f,0.7352315929127152,3200,0.7352315929127152,0.08248167565806028,density,0.7631810716486367,0.7072821141767938,1,0,0,4436800,4440000,1,a20cd41ae5c48250835baca5f1685c10a88bb6dc889522cd3c6023e2d1ac5c7e,3200,3514000,1115
MSREG_small_51fa14c1f2f51b1b,MG1655,4393600,4396800,4395200.0,small,WIN_small_51fa14c1f2f51b1b,0.7348917918377351,3200,0.5361509508691402,0.7348917918377351,shape,0.530492070606874,1.0364807253674666,3,0,0,4392800,4396800,3,111134ee2acc5e5f1cdd601617c979aadefb1dd4e2d145e25f7158d14d672109,3200,3514800,1116
MSREG_small_181ddd43b775e7a0,MG1655,1189600,1192800,1191200.0,small,WIN_small_181ddd43b775e7a0,0.7325165726525126,3200,0.4675741481292176,0.7325165726525126,shape,0.7136222922078127,0.7514108530972125,7,0,0,1188400,1194000,7,783c6a2ed309b3cfbb9439021c6cd43e9fb5449b0462e22e39746ce47510b332,3200,3517600,1117
MSREG_small_90d0abf704bd8052,MG1655,3969200,3972400,3970800.0,small,WIN_small_90d0abf704bd8052,0.7321753070770833,3200,0.7321753070770833,0.09775789711034621,density,0.7243993832240048,0.7399512309301619,4,0,0,3969200,3973600,4,7eae1a4e372da34012ca045aadfca3bed0971c293baa2a8cfd99cebafa750bb6,3200,3519200,1118
MSREG_small_7040a84e08a86895,MG1655,2087600,2090800,2089200.0,small,WIN_small_7040a84e08a86895,0.7313584512889222,3200,0.7313584512889222,0.5186800460908465,density,0.7490946103700316,0.7136222922078127,7,6,1,2084800,2097600,14,66ef4a71982aa910a7557ee0d7f169b054cc955b0732a06371c8cbcd73e7ddd8,3200,3522400,1119
MSREG_small_cea9effa378917e0,MG1655,2868000,2871200,2869600.0,small,WIN_small_cea9effa378917e0,0.7311999744339851,3200,0.7311999744339851,0.46150957702194173,density,0.7179010901870877,0.7444988586808825,4,2,0,2868000,2875200,6,2675be76612c99b2dd8a176b6e70d5c5cdfd8570c08a62714ef48f8daea4764b,3200,3524000,1120
MSREG_small_28b15473877abca1,MG1655,2434400,2437600,2436000.0,small,WIN_small_28b15473877abca1,0.7308325270137488,3200,0.3452184869498386,0.7308325270137488,shape,0.6558965386076925,0.8057685154198052,5,0,0,2433200,2438000,5,c81a36773b3b3560193500c7ed90ac3c8c4912286246126e5e37781420eb6ab3,3200,3526000,1121
MSREG_small_58db24c43c00352d,MG1655,4163200,4166400,4164800.0,small,WIN_small_58db24c43c00352d,0.7305108147962944,3200,0.7305108147962944,0.38364720333301394,density,0.7537395154157952,0.7072821141767938,6,3,0,4162400,4170400,9,64ab827d586191c5555f3eee5aa3be28d48eb027a1d47bc627b14cd6288acb69,3200,3528400,1122
MSREG_small_7e5158e1c9220d1d,MG1655,2829200,2832400,2830800.0,small,WIN_small_7e5158e1c9220d1d,0.7301276402006905,3200,0.7301276402006905,0.03670932452250743,density,0.7444988586808825,0.7157564217204986,4,2,1,2829200,2843200,7,08cf647bc2d1a8eb7e9fd166eb1a6a03a70fac1a8d061b81ae4a40034d422994,3200,3530000,1123
MSREG_small_d3a55d324576fe98,MG1655,1254400,1257600,1256000.0,small,WIN_small_d3a55d324576fe98,0.7279708552912195,3200,0.34559471840107525,0.7279708552912195,shape,0.8559351248855354,0.6000065856969037,3,0,0,1254400,1258400,3,1c80f20683953acd71782219cd72b2cd87d7c025d061dd219c95c7e37dfd31ec,3200,3530800,1124
MSREG_small_391ba96b187613dc,MG1655,2311200,2314400,2312800.0,small,WIN_small_391ba96b187613dc,0.7275810037664839,3200,0.7275810037664839,0.08875400839014376,density,0.7802144109474171,0.6749475965855508,7,3,2,2300800,2315600,12,b5de8079da2de563098d8cc33a2e8e0d91af7afeca0eb869cc8f29e08461d8f8,3200,3533600,1125
MSREG_small_8ca51d1ec7a8f0c8,MG1655,3699200,3702400,3700800.0,small,WIN_small_8ca51d1ec7a8f0c8,0.7262220089985023,3200,0.42416043305263446,0.7262220089985023,shape,0.9477054982411807,0.504738519755824,4,1,0,3699200,3705600,5,4ac94af604ba6d072596703bde768b7d4febe06fff0b6bfd46a03412966066cb,3200,3535200,1126
MSREG_small_07856432a720aa5b,MG1655,143600,146800,145200.0,small,WIN_small_07856432a720aa5b,0.7258904864288381,3200,0.7258904864288381,0.28213233357358397,density,0.7444988586808825,0.7072821141767938,3,0,0,142800,146800,3,b9ee870cc9b64e4bae96377e00f104346d07c949c47dbe00906c7b98d223df45,3200,3536000,1127
MSREG_small_0812ffcb2bcdd959,MG1655,522000,525200,523600.0,small,WIN_small_0812ffcb2bcdd959,0.7254767937128357,3200,0.0298171243828253,0.7254767937128357,shape,0.7560807312306976,0.6948728561949737,7,3,0,519200,527200,10,1bec8a0074a3173dc7442cdf69b16682f3dd1a7dd2e75e4f6263f214d13b34ff,3200,3539200,1128
MSREG_small_c6bf4c05412c94e8,MG1655,1640400,1643600,1642000.0,small,WIN_small_c6bf4c05412c94e8,0.7250638876349119,3200,0.20963150908731543,0.7250638876349119,shape,0.5730033513143504,0.8771244239554734,5,2,0,1638400,1645600,7,be426beb4c47ca41501f341737d60569abd0f1bedaeb2eb41f40cc8f63024941,3200,3541200,1129
MSREG_small_229e9c67da37b97a,MG1655,2967200,2970400,2968800.0,small,WIN_small_229e9c67da37b97a,0.7249484144915623,3200,0.7249484144915623,0.12883396917013218,density,0.7031061735226575,0.7467906554604673,1,0,0,2967200,2970400,1,4b8cd8fa3f8c5bb54c8f3f680e9adf5dc17bdf7d88266e5644a498d1f6a0b3fc,3200,3541200,1130
MSREG_small_57be6e8e56da6282,MG1655,2432400,2435600,2434000.0,small,WIN_small_57be6e8e56da6282,0.7245968746019474,3200,0.7245968746019474,0.33343656162402524,density,0.7376951506259377,0.7114985985779572,2,0,0,2432400,2436000,2,3d32a49fc6a97e31f391f1bd7de5e3fd47626c9439f528f5bab263f668b3b2fd,3200,3541600,1131
MSREG_small_8df2a570aff9e81c,MG1655,2590800,2594000,2592400.0,small,WIN_small_8df2a570aff9e81c,0.7244542239256175,3200,0.41650951913262674,0.7244542239256175,shape,0.8218553353132599,0.6270531125379751,7,4,0,2587200,2596000,11,45f91f937b89bae087bd74178ec1acfcdfa95bd445385c49d5a7cc9b911126dc,3200,3544800,1132
MSREG_small_f4acbe14e083b809,MG1655,3596800,3600000,3598400.0,small,WIN_small_f4acbe14e083b809,0.7239775730898987,3200,0.6016485327638804,0.7239775730898987,shape,0.6016485327638804,1.0146522878717938,1,0,0,3596800,3600000,1,bf97b840110149b73147e54faddd642fb96168cf64618d4c5dd64685be88d329,3200,3544800,1133
MSREG_small_178ab8cd3fe42a33,MG1655,740000,743200,741600.0,small,WIN_small_178ab8cd3fe42a33,0.7229783647716697,3200,0.10109092765679668,0.7229783647716697,shape,0.5332939802088768,0.9126627493344625,7,0,0,738800,744400,7,6bf3d21bbbf3cee0cee0a223dd1a0d6c59668efd4023d483e30f664b020ef957,3200,3547600,1134
MSREG_medium_04dec0ab5e8017b2,MG1655,3657600,3664000,3660800.0,medium,WIN_medium_04dec0ab5e8017b2,0.722835614599432,6400,0.13316187181205616,0.722835614599432,shape,0.3899710790007623,1.0557001501981018,14,5,0,3656800,3666400,19,50094f9ff764a5f1fa15d7a6167f0b42deeaa176d8d7d87085930817763ee301,6400,3553200,1135
MSREG_medium_4911fbb688e7d7fe,MG1655,4214400,4220800,4217600.0,medium,WIN_medium_4911fbb688e7d7fe,0.7226084561408982,6400,0.41408713384502754,0.7226084561408982,shape,0.6226465221097399,0.8225703901720565,14,5,2,4206400,4221600,21,8fabf9db217449b6e989f13698f425ea7a22fa935ce1ba4a46b2c559e0a5e96a,6400,3558800,1136
MSREG_small_59ae78937a5b8ff4,MG1655,1646400,1649600,1648000.0,small,WIN_small_59ae78937a5b8ff4,0.7213664219401396,3200,0.7213664219401396,0.07708937729881726,density,0.7354507297034854,0.7072821141767938,5,1,0,1646000,1652800,6,9b063134efa142c584a9c3b76b0b7e5d66a3b15eae5239a226df47a65fd08a00,3200,3560800,1137
MSREG_small_d4b289557d72c637,MG1655,2182000,2185200,2183600.0,small,WIN_small_d4b289557d72c637,0.720379129835905,3200,0.1154237455960507,0.720379129835905,shape,0.4705842435215183,0.9701740161502918,4,0,0,2182000,2186400,4,50bc9189aa7781a0e1663f0d11f89bfce4dc448edcf0ac2ec3a1c2d3fa592bf4,3200,3562400,1138
MSREG_small_62413f9c5ac048b9,MG1655,2644000,2647200,2645600.0,small,WIN_small_62413f9c5ac048b9,0.7203306901046669,3200,0.28095023433813116,0.7203306901046669,shape,0.8471612005780302,0.5935001796313034,5,0,0,2643200,2648000,5,741e409f7ab751cf2b48295ce15fb91d11e27192c8fd3c9a4c47c7b65e0dd5d6,3200,3564000,1139
MSREG_small_1d8b557f40c52094,MG1655,1520400,1523600,1522000.0,small,WIN_small_1d8b557f40c52094,0.719814670872494,3200,0.055488750517044716,0.719814670872494,shape,0.44576065979648616,0.9938686819485018,5,2,0,1518400,1525600,7,e99de7905af02a48b41486d13d6008239bd9bb1fe04375f17c3753bcebbff59c,3200,3566000,1140
MSREG_medium_663bf955d1fda4ab,MG1655,875200,881600,878400.0,medium,WIN_medium_663bf955d1fda4ab,0.7196768191603626,6400,0.07023002103817659,0.7196768191603626,shape,0.8720557532519748,0.5672978850687505,13,4,1,868800,882000,18,b90aa6e5100f0dc345b33a127d0393d7d3e1bdc9d322784604465be823a1a081,6400,3571200,1141
MSREG_small_853e42ea32c9d1f2,MG1655,399200,402400,400800.0,small,WIN_small_853e42ea32c9d1f2,0.7190108377159088,3200,0.7190108377159088,0.12525964717335486,density,0.7243993832240048,0.7136222922078127,7,6,0,396000,406400,13,ac5c66d397dfa715e031c87af30f9298b4d772ce259b48086b0bd2e6c2a4f55b,3200,3574400,1142
MSREG_small_c527c31895b9365a,MG1655,3683200,3686400,3684800.0,small,WIN_small_c527c31895b9365a,0.7166487835818316,3200,0.7166487835818316,0.31384172463115345,density,0.7444988586808825,0.6887987084827806,1,0,0,3683200,3686400,1,aa1c841c94a1d158abab0737cf4de52dbbd9bd199ff75af35b85b5c4c1c76df1,3200,3574400,1143
MSREG_medium_911bca094534fe11,MG1655,354400,360800,357600.0,medium,WIN_medium_911bca094534fe11,0.7160592014462844,6400,0.0410911964394854,0.7160592014462844,shape,0.6716959194693568,0.7604224834232121,15,7,5,345600,364800,27,31a55be46cb0f6373f5cd7c6788bac28fa28f82cb56df0fa35f6900651a6ffb9,6400,3580800,1144
MSREG_small_b91f5a28b3baa7fd,MG1655,4486800,4490000,4488400.0,small,WIN_small_b91f5a28b3baa7fd,0.7158038516171442,3200,0.7158038516171442,0.08163644072831536,density,0.7093852392645581,0.7222224639697303,4,0,0,4486800,4491200,4,65504dc05c2ceac573eb7f99872dd8999f96b05d47271de5482f321806ca33a0,3200,3582400,1145
MSREG_small_8389380886023ffc,MG1655,3792000,3795200,3793600.0,small,WIN_small_8389380886023ffc,0.7146474123549946,3200,0.7146474123549946,0.46364431655783284,density,0.7444988586808825,0.6847959660291066,2,0,0,3791600,3795200,2,d01fd5440e3ffd558a290b595c84cd939dd02249412e4b3890aa102110ac6249,3200,3582800,1146
MSREG_small_6359a5c531c73863,MG1655,2694400,2697600,2696000.0,small,WIN_small_6359a5c531c73863,0.7140296686361716,3200,0.13481255787875934,0.7140296686361716,shape,0.5153965879378806,0.9126627493344625,5,2,0,2690400,2698000,7,48c49cc1d7ff1caa4853e0f7a76afa85375f2f78960cacb4ffe1aa93b41d11e2,3200,3584800,1147
MSREG_small_244a7ce749f47c12,MG1655,3608000,3611200,3609600.0,small,WIN_small_244a7ce749f47c12,0.7138102171359864,3200,0.6666500398263571,0.7138102171359864,shape,0.8929186911387054,0.6485041136236076,2,0,0,3607600,3611200,2,6a33cdaef6a521ee24d904f9e7930e7fc19b8a8df00f291841f35de683f69de6,3200,3585200,1148
MSREG_small_eb7e0e7b941948bb,MG1655,560800,564000,562400.0,small,WIN_small_eb7e0e7b941948bb,0.7130386747758077,3200,0.1251457458871809,0.7130386747758077,shape,0.9160424899858431,0.5100348595657724,4,2,0,560800,568000,6,0e9941dec75cd3005993b2a19f979473bc6097d96585f5da1f725de9ecb17481,3200,3586800,1149
MSREG_large_fdc58453f3c3d166,MG1655,4123200,4136000,4129600.0,large,WIN_large_fdc58453f3c3d166,0.7120347411199948,12800,0.21361976451474812,0.7120347411199948,shape,0.7723217067229198,0.6517477755170699,14,5,1,4122800,4136000,20,9695c68609e704e7db65dacfc39c302fd356b87cacc184ed294134568aa4e502,12800,3592000,1150
MSREG_small_91009a562e67f1f2,MG1655,1982000,1985200,1983600.0,small,WIN_small_91009a562e67f1f2,0.7097744839159879,3200,0.10683041752192214,0.7097744839159879,shape,0.4754777542458889,0.9440712135860867,1,0,0,1982000,1985200,1,3b1a19df95d4f6ba009c3cf809e432b619550564005bfa9a14686de59f73acae,3200,3592000,1151
MSREG_medium_35e25df5678b8ac7,MG1655,2330400,2336800,2333600.0,medium,WIN_medium_35e25df5678b8ac7,0.7097017056831678,6400,0.035600674741224254,0.7097017056831678,shape,0.4741157445799372,0.9452876667863984,14,7,6,2321600,2342400,27,8088a03fd435a662b9bf610ace3ab9a28b33ed6d53ac34c3aa89e1e5382782ee,6400,3597600,1152
MSREG_small_b128b770ec865012,MG1655,3710800,3714000,3712400.0,small,WIN_small_b128b770ec865012,0.7091806535692367,3200,0.27743156289491844,0.7091806535692367,shape,0.6099526955524597,0.8084086115860136,7,5,0,3708800,3718400,12,399936caed88b37caa86b314300609d3f98ebb5d3534df94e7ba066731069533,3200,3600800,1153
MSREG_small_99ae8a15f2f8fde5,MG1655,2084400,2087600,2086000.0,small,WIN_small_99ae8a15f2f8fde5,0.7087006345451432,3200,0.1847192168288566,0.7087006345451432,shape,0.7265872693721803,0.6908139997181062,4,0,0,2084400,2088800,4,9325b00a33a125a12b547f0138d7097d220dc11f1cbff67901a8c0c410b63b98,3200,3602400,1154
MSREG_small_15794b337b88ddb5,MG1655,1200400,1203600,1202000.0,small,WIN_small_15794b337b88ddb5,0.7086751313163921,3200,0.3256661739299417,0.7086751313163921,shape,0.511369098654837,0.9059811639779471,2,0,0,1200400,1204000,2,17a01aea9dc8eaf4be1e5bb373eaa6e90773786f09d6b8a21600860fae049960,3200,3602800,1155
MSREG_small_b36287fc9fcf6596,MG1655,990800,994000,992400.0,small,WIN_small_b36287fc9fcf6596,0.708547660082352,3200,0.708547660082352,0.41633691977455967,density,0.6948728561949737,0.7222224639697303,4,2,0,990800,998400,6,3ba5d6e3238d1597cb37e9816f7191ca7809371b5e70c33a8f6bf3ab270cdc52,3200,3604400,1156
MSREG_small_d7c77f958a6021e2,MG1655,1027200,1030400,1028800.0,small,WIN_small_d7c77f958a6021e2,0.7083947933101453,3200,0.18950590383462385,0.7083947933101453,shape,0.7157564217204986,0.7010331648997922,7,6,3,1024000,1040000,16,c86b1baed1322a8f8eabbfd3d2c5a5dca8e7409a81262b5dab253f934df34dd7,3200,3607600,1157
MSREG_small_5dae0e77374f2a9d,MG1655,930800,934000,932400.0,small,WIN_small_5dae0e77374f2a9d,0.7074494137578564,3200,0.7074494137578564,0.1792117045654743,density,0.7399512309301619,0.6749475965855508,2,0,0,930400,934000,2,5a4b88e6edf8bbb95ba9cf8f57c38d1863ab023ff2456a5166656d4ebdfd07cc,3200,3608000,1158
MSREG_small_65b3003a04ebf8c4,MG1655,2079600,2082800,2081200.0,small,WIN_small_65b3003a04ebf8c4,0.7056815564361473,3200,0.21845098681261294,0.7056815564361473,shape,0.7422190923859839,0.6691440204863106,1,0,0,2079600,2082800,1,b30b4dbbfb42b27d5c392536c9deb55872a467d846bb5e16819955af12eb5abf,3200,3608000,1159
MSREG_small_1b51bded2bc15306,MG1655,1581200,1584400,1582800.0,small,WIN_small_1b51bded2bc15306,0.7055105862262554,3200,0.7055105862262554,0.05761126543030309,density,0.7399512309301619,0.671069941522349,4,0,0,1581200,1585600,4,7a70fb5b7d5cda4173fb177ab4bc403d4b4625c7e136e3270ac581b20cc2072b,3200,3609600,1160
MSREG_small_18a926e0a52f194a,MG1655,2022400,2025600,2024000.0,small,WIN_small_18a926e0a52f194a,0.7047078228685462,3200,0.22293914551099475,0.7047078228685462,shape,0.5902831687593058,0.8191324769777867,4,0,0,2021200,2025600,4,8af6cd75102f2ad9151095bc85b833894de6eb8532a7c40191eee2efeef9f4e1,3200,3610800,1161
MSREG_small_e42fab8682369c4d,MG1655,1337200,1340400,1338800.0,small,WIN_small_e42fab8682369c4d,0.7042975540025096,3200,0.7042975540025096,0.1084188889626542,density,0.7157564217204986,0.6928386862845206,1,0,0,1337200,1340400,1,8857221a05e40bfedb545b399bf2cebd8fb3d28b5e13c5d9a80ceef009dfe7ca,3200,3610800,1162
MSREG_small_b7df5f8414a52317,MG1655,1344400,1347600,1346000.0,small,WIN_small_b7df5f8414a52317,0.7032304892461667,3200,0.16373314974268277,0.7032304892461667,shape,0.8897135512634939,0.5167474272288394,5,3,0,1344000,1352000,8,055d85f9c48c9e79540e212c3c93ddc9a35d66cc5b3ce44594d56f8e03b9425b,3200,3612800,1163
MSREG_small_a388b9b03b37910b,MG1655,4197600,4200800,4199200.0,small,WIN_small_a388b9b03b37910b,0.7031260592564063,3200,0.7031260592564063,0.09590363896467036,density,0.6989700043360187,0.7072821141767938,4,2,0,4193600,4200800,6,16da8870a9872d8ed0ec8c3808ca3abc0b118add2ee6f9339c5818fd2cfe04ce,3200,3614400,1164
MSREG_small_4bc72c306ee27d3b,MG1655,4480800,4484000,4482400.0,small,WIN_small_4bc72c306ee27d3b,0.7012745737528403,3200,0.7012745737528403,0.2795418539539743,density,0.7157564217204986,0.686792725785182,4,2,0,4476800,4484000,6,adc73dadc904fced8452ef32a89b10ecf12d3a496de225fc2f769affdb128bb0,3200,3616000,1165
MSREG_small_665971c084fd722e,MG1655,4534400,4537600,4536000.0,small,WIN_small_665971c084fd722e,0.7011562991480317,3200,0.3650554880913903,0.7011562991480317,shape,0.7114985985779572,0.6908139997181062,7,7,6,4526400,4547200,20,3c86c2fc22107356dcb92ec81edd86bc960655d19800a5183e66afc44f7fbe8b,3200,3619200,1166
MSREG_small_5095f40335c15e46,MG1655,404000,407200,405600.0,small,WIN_small_5095f40335c15e46,0.701052861687955,3200,0.36385570723706306,0.701052861687955,shape,0.7051891246709499,0.69691659870496,4,1,0,400800,407200,5,00d3a45824bba478012b2b3e4fd71fee0ac6a816709387733cc449b0d5bc4e69,3200,3620800,1167
MSREG_medium_45452ca3756ca937,MG1655,2472000,2478400,2475200.0,medium,WIN_medium_45452ca3756ca937,0.6989106711507842,6400,0.09899137450094689,0.6989106711507842,shape,0.5182124511591478,0.8796088911424207,8,4,0,2469600,2478400,12,a2425a837b22304bbb457e435ef924707ccd7f6b97f90035778deb20e892074a,6400,3624000,1168
MSREG_medium_7cd110ac840bb9f3,MG1655,2373600,2380000,2376800.0,medium,WIN_medium_7cd110ac840bb9f3,0.697374826519091,6400,0.14560715566895938,0.697374826519091,shape,0.6623558932152135,0.7323937598229685,8,4,0,2371200,2380000,12,517568842478030d0d0429a1c1e9e3595d3acfbdfe10389f729083bd933d1935,6400,3627200,1169
MSREG_small_b414aaf1ed2a192b,MG1655,4511600,4514800,4513200.0,small,WIN_small_b414aaf1ed2a192b,0.6971534716857751,3200,0.6971534716857751,0.501072749538044,density,0.7114985985779572,0.6828083447935931,5,5,1,4507200,4520000,11,9bc437ef4a2ac895ccdec991fda4dbc7fa09b3b7b8c9141b5397d52a8d69bc22,3200,3629200,1170
MSREG_small_d7a398b4b8c05540,MG1655,2279200,2282400,2280800.0,small,WIN_small_d7a398b4b8c05540,0.6959716822628399,3200,0.3039409446918897,0.6959716822628399,shape,0.635862633294982,0.7560807312306976,3,0,0,2279200,2283200,3,3e3cba78676ae8a1aee07f50764b09872ad41ee6df101a6cf51a073eaf5698d9,3200,3630000,1171
MSREG_small_4e79c70c81b0b7c4,MG1655,2191600,2194800,2193200.0,small,WIN_small_4e79c70c81b0b7c4,0.6953759945772537,3200,0.2761772505887683,0.6953759945772537,shape,0.883373373232475,0.5073786159220324,5,0,0,2190400,2195200,5,afdc9ac952406865075ee1e6a0c7a783c37385486d3019b50be3f8d6bf9175f8,3200,3632000,1172
MSREG_medium_e7b4ca085c7b2298,MG1655,659200,665600,662400.0,medium,WIN_medium_e7b4ca085c7b2298,0.695305647105294,6400,0.28668601639047187,0.695305647105294,shape,0.6184504075161318,0.7721608866944562,6,1,0,658800,665600,7,bbafb479236f7d95dcaedee8263fca3fc0eae948d512dd7e8f80959311b8e6ee,6400,3634000,1173
MSREG_medium_032cde52178c33a0,MG1655,619200,625600,622400.0,medium,WIN_medium_032cde52178c33a0,0.6946773105757379,6400,0.04443198911774304,0.6946773105757379,shape,0.6623558932152135,0.7269987279362623,15,7,5,611200,630400,27,d09cafe1ca6355ad36a68061800a5070ffedd3d126d191514965c786f236c555,6400,3640400,1174
MSREG_small_b4a34b4483523e13,MG1655,4259200,4262400,4260800.0,small,WIN_small_b4a34b4483523e13,0.6940178036447713,3200,0.6940178036447713,0.2682690062752223,density,0.7376951506259377,0.6503404566636048,5,0,0,4258400,4263200,5,d171d30749429d0a43fbfd05d2332b118c2cb6ce992393ec0cd6cddff446932c,3200,3642000,1175
MSREG_small_7b3fdd39964f9924,MG1655,3653600,3656800,3655200.0,small,WIN_small_7b3fdd39964f9924,0.6930284339730637,3200,0.60122521939134,0.6930284339730637,shape,0.6577644747428119,0.8084086115860136,4,2,0,3649600,3656800,6,fa09677aaed76b5e1e3a3ed2d8e82b9f4da79b5b882cdd1c4d92ee844f9b71fd,3200,3643600,1176
MSREG_small_d1ef219ec381df5e,MG1655,1908800,1912000,1910400.0,small,WIN_small_d1ef219ec381df5e,0.6925638463138382,3200,0.5308313439310735,0.6925638463138382,shape,0.6672266024405887,0.7179010901870877,4,0,0,1908400,1912800,4,e8ae968014a6579fefb181826cab212050269320b205407ccafc402b6586d547,3200,3644800,1177
MSREG_small_362758f37f5d4fd8,MG1655,3728400,3731600,3730000.0,small,WIN_small_362758f37f5d4fd8,0.6897502509504215,3200,0.2632151633734813,0.6897502509504215,shape,0.3474741179596264,1.0320263839412167,4,0,0,3728400,3732800,4,28a0f1cee342d8897a42f59eb92eaedf9a16cef3029ce0210f16b3153a13452e,3200,3646400,1178
MSREG_small_ab73ce3c5902b0bb,MG1655,1865600,1868800,1867200.0,small,WIN_small_ab73ce3c5902b0bb,0.6893579342385558,3200,0.19363674319609728,0.6893579342385558,shape,0.7979431779078486,0.580772690569263,1,0,0,1865600,1868800,1,27623bda2c877b324a9882dfb8b090eeec3cb7fb615d8665e8ec8f471b57977d,3200,3646400,1179
MSREG_small_42b62389031427db,MG1655,3168000,3171200,3169600.0,small,WIN_small_42b62389031427db,0.68663138597469,3200,0.17428923723045897,0.68663138597469,shape,0.8385610288161127,0.5347017431332672,4,4,0,3166400,3175200,8,5e8fd039d21193f2e0d8dc55a6f7af848bf7a37388586feba5cd33bd6eef1bb2,3200,3648000,1180
MSREG_small_8e368fa5387d6c2a,MG1655,2321200,2324400,2322800.0,small,WIN_small_8e368fa5387d6c2a,0.6836521117701861,3200,0.2382800648760669,0.6836521117701861,shape,0.511369098654837,0.8559351248855354,4,2,0,2321200,2328800,6,bfd59b30e88a5d697cb95328195ae3374bb0fb1ccb008514ef69574a4fa80396,3200,3649600,1181
MSREG_small_892af705c0c28a4c,MG1655,1270800,1274000,1272400.0,small,WIN_small_892af705c0c28a4c,0.6832615754082405,3200,0.6832615754082405,0.14452255882278797,density,0.7031061735226575,0.6634169772938235,6,2,0,1267200,1274800,8,216ebc87759c5a7b7cc8674e3ca0cd9a012fd244b69f9c0f23fc33e151f35991,3200,3652000,1182
MSREG_small_69d3d563f278d86f,MG1655,824000,827200,825600.0,small,WIN_small_69d3d563f278d86f,0.6830983033883038,3200,0.6830983033883038,0.28446611649516157,density,0.6989700043360187,0.6672266024405887,4,1,0,822400,828800,5,3a3312f76338faa7fccf0a54f6a01489df4ab3c801991a126748f2ad38d5620f,3200,3653600,1183
MSREG_small_d0f3caea23cfb92c,MG1655,1578000,1581200,1579600.0,small,WIN_small_d0f3caea23cfb92c,0.6825232944598028,3200,0.6825232944598028,0.12400586273973158,density,0.7072821141767938,0.6577644747428119,4,0,0,1576800,1581200,4,24b40896af4416bf220a28d6f5ca577e3dcc803e15beee1c9e4f8f4085a332f3,3200,3654800,1184
MSREG_small_804dfaa1c2517eaa,MG1655,4633600,4636800,4635200.0,small,WIN_small_804dfaa1c2517eaa,0.6818731525341657,3200,0.6818731525341657,0.14105528661222044,density,0.6749475965855508,0.6887987084827806,2,0,0,4633600,4637200,2,13e721f3d658659f245a3b8b632bad75b08c6a86845c5fb57414431c9eaf3983,3200,3655200,1185
MSREG_medium_a20d08d0bc04be7b,MG1655,367200,373600,370400.0,medium,WIN_medium_a20d08d0bc04be7b,0.6814558097655286,6400,0.04275233460675007,0.6814558097655286,shape,0.5599367854223813,0.8029748341086758,15,7,4,364800,382400,26,0cb703656814dead8cbfcd7771491db8c5a1319fcfb5a02e69f4c7961bb0aab8,6400,3661600,1186
MSREG_medium_52674b8fc87bbd9c,MG1655,3111200,3117600,3114400.0,medium,WIN_medium_52674b8fc87bbd9c,0.6814021467871382,6400,0.05971914924818514,0.6814021467871382,shape,0.4831954024318556,0.8796088911424207,10,5,1,3107200,3120000,16,3424141b62020b95496d4ca2350832d8ea32ab229c98db426e6694a66a7abb5c,6400,3665600,1187
MSREG_small_34634f762ea1c530,MG1655,4446400,4449600,4448000.0,small,WIN_small_34634f762ea1c530,0.6808477256060897,3200,0.6808477256060897,0.43774632037218086,density,0.6847959660291066,0.6768994851830729,4,2,0,4446400,4453600,6,768fc4f71b6103c17074ed5e1072ab90717ae4f0e4685ff2318a3249d0663902,3200,3667200,1188
MSREG_small_7b96f6e8a142258e,MG1655,873600,876800,875200.0,small,WIN_small_7b96f6e8a142258e,0.6801667879993918,3200,0.6801667879993918,0.05245674619279875,density,0.69691659870496,0.6634169772938235,1,1,0,872000,878400,2,b7e4253ed209497f138f20b41b598862f11866e7b3adef61277585772edc06fe,3200,3667200,1189
MSREG_small_910df3514afce0b8,MG1655,818000,821200,819600.0,small,WIN_small_910df3514afce0b8,0.6791315616448556,3200,0.1614425418759798,0.6791315616448556,shape,0.7679799545304054,0.5902831687593058,7,4,0,813600,822400,11,39a82190d51b852eda35fa830810bc5d832915156b48d00cd35ba42963e9651e,3200,3670000,1190
MSREG_small_a18afd651ba3a643,MG1655,4538400,4541600,4540000.0,small,WIN_small_a18afd651ba3a643,0.6786690919201839,3200,0.6786690919201839,0.11791647546965227,density,0.7179010901870877,0.6394370936532802,7,5,3,4536000,4552000,15,dc0a9f72496eaadc5cf9743a509a987fac3ab7993fb20172744f863e485725dd,3200,3673200,1191
MSREG_small_5a8d15c314cdae57,MG1655,2903200,2906400,2904800.0,small,WIN_small_5a8d15c314cdae57,0.6760112842348477,3200,0.6760112842348477,0.04552909495135818,density,0.6847959660291066,0.6672266024405887,7,1,0,2901600,2908000,8,0a29a6478de178ab5c1966b81c6dcfe7d1372cb9d4058423013eb1fea0938ca9,3200,3676400,1192
MSREG_small_9a02d99c51d85e45,MG1655,2870800,2874000,2872400.0,small,WIN_small_9a02d99c51d85e45,0.6755116213886128,3200,0.16157552988112756,0.6755116213886128,shape,0.6288007788074952,0.7222224639697303,7,2,0,2869600,2876800,9,c4daef9868c96acb62420aa818639857fa7f152a8a228a3eccdecce77e7921e6,3200,3678800,1193
MSREG_small_b636bfa426729517,MG1655,3808800,3812000,3810400.0,small,WIN_small_b636bfa426729517,0.6750174736170909,3200,0.6750174736170909,0.09322277477861632,density,0.6828083447935931,0.6672266024405887,4,2,0,3808800,3816000,6,96b750c6e53f36d2af52d8d5f6127576d5670ee7f7132356a21a2722d8b05227,3200,3680400,1194
MSREG_small_9402f2b6ef28940e,MG1655,4026400,4029600,4028000.0,small,WIN_small_9402f2b6ef28940e,0.6749650637354749,3200,0.6749650637354749,0.06780851492869056,density,0.6788601859486008,0.671069941522349,4,1,0,4026400,4032800,5,96196a60b8c84851d33bb047f603c93dc748cee44fac017ec88dec13dfaf2e8d,3200,3682000,1195
MSREG_small_1a3939c36ca67212,MG1655,1718800,1722000,1720400.0,small,WIN_small_1a3939c36ca67212,0.674289237230459,3200,0.674289237230459,0.14357342794132888,density,0.6908139997181062,0.6577644747428119,2,0,0,1718800,1722400,2,0facbf0d0c5200afcc41ae7f571dc91bfa4f226c2f3f49e94754fafeff63aade,3200,3682400,1196
MSREG_small_f7383465e85fc03a,MG1655,1844000,1847200,1845600.0,small,WIN_small_f7383465e85fc03a,0.674028190626047,3200,0.674028190626047,0.07365502720513428,density,0.6808297788115053,0.6672266024405887,3,0,0,1843200,1847200,3,5baa29fe21fcef5e20f2056726a3a4a7e6c2d2568b55aa87cd1d7adc43017758,3200,3683200,1197
MSREG_small_dc28aa75d9f3fefb,MG1655,694400,697600,696000.0,small,WIN_small_dc28aa75d9f3fefb,0.6727276442691416,3200,0.49907040699376837,0.6727276442691416,shape,0.8273528072244777,0.5181024813138054,1,0,0,694400,697600,1,e38ef0eb1b3c382f017aec77e99ec01fd697c65c1277301550f8ccb23a829035,3200,3683200,1198
MSREG_small_fd1504987ac0b21a,MG1655,184800,188000,186400.0,small,WIN_small_fd1504987ac0b21a,0.6717917469886077,3200,0.33587278929974057,0.6717917469886077,shape,0.40311640465995396,0.9404670893172614,6,1,0,184000,190400,7,a479ce74501d512931bc05a001e44e0f41be7398cc4533d1f5cb081b76b4907b,3200,3685600,1199
MSREG_small_6bc4638180c2e1b0,MG1655,4548000,4551200,4549600.0,small,WIN_small_6bc4638180c2e1b0,0.6714090631188891,3200,0.12162635391848298,0.6714090631188891,shape,0.6184187430137734,0.7243993832240048,7,7,4,4540800,4558400,18,17ac5885eebbc2a4a2420897cccbec060fb29b614e497fb8c7672f33461e2668,3200,3688800,1200
MSREG_small_5161bf91e1bc7bc3,MG1655,2757600,2760800,2759200.0,small,WIN_small_5161bf91e1bc7bc3,0.6714047671292369,3200,0.6714047671292369,0.07584114529273522,density,0.7157564217204986,0.6270531125379751,6,1,0,2756400,2763200,7,0471360585ce91e5828a8e61d0c9078f2f41429b091e1c940f8110590fd37362,3200,3690800,1201
MSREG_small_81722de771c7bdf3,MG1655,1670400,1673600,1672000.0,small,WIN_small_81722de771c7bdf3,0.6696590566708569,3200,0.2678191642668931,0.6696590566708569,shape,0.6485041136236076,0.6908139997181062,1,0,0,1670400,1673600,1,efa7972dc12bb6cb3415c33e94da6112b0c9a04a70512684318a845c607cf415,3200,3690800,1202
MSREG_small_4328ca3fb61c48f8,MG1655,2928800,2932000,2930400.0,small,WIN_small_4328ca3fb61c48f8,0.6686259616255703,3200,0.5550282634697936,0.6686259616255703,shape,0.5446859640398681,0.8218553353132599,1,0,0,2928800,2932000,1,4e869dd112e8cb3fefcda501ef4330affdeaed1ff7b0f408b9567d4b4a6dc435,3200,3690800,1203
MSREG_small_dc279279bd29b1c2,MG1655,3811200,3814400,3812800.0,small,WIN_small_dc279279bd29b1c2,0.6673319799629424,3200,0.6673319799629424,0.18176949046551122,density,0.6768994851830729,0.6577644747428119,6,3,0,3810400,3818400,9,7b4afd16fd1d30a1f9fccc49107bf67072d853e4c7ce972f9d20d52b5bfb1e3c,3200,3693200,1204
MSREG_small_226c282ef6dfc6e3,MG1655,4051600,4054800,4053200.0,small,WIN_small_226c282ef6dfc6e3,0.6673319799629424,3200,0.6673319799629424,0.2884533665154281,density,0.6768994851830729,0.6577644747428119,7,2,0,4049600,4056800,9,c3a30bea86e486160a0fab8c361b6db5799ea5830d4974f64f06b76d4fb8f7ed,3200,3696400,1205
MSREG_small_cd64d43258205b80,MG1655,343600,346800,345200.0,small,WIN_small_cd64d43258205b80,0.6670875823671361,3200,0.6670875823671361,0.07406239394109612,density,0.7157564217204986,0.6184187430137734,7,8,7,334400,356800,22,37281841a40c15caa505af5449043b86060545a2c0a1db672ad0a0ef1766fbef,3200,3699600,1206
MSREG_small_f33143c2512862f9,MG1655,2797200,2800400,2798800.0,small,WIN_small_f33143c2512862f9,0.6664567922544749,3200,0.6664567922544749,0.17344544983074356,density,0.7179010901870877,0.6150124943218619,7,4,0,2796000,2804800,11,dd8ff2ec7166d16ea479478496609c86d5d45749bd39f1d9bba174ba28be455c,3200,3702400,1207
MSREG_small_43fa92e041882c76,MG1655,1452000,1455200,1453600.0,small,WIN_small_43fa92e041882c76,0.6659199632024431,3200,0.017214715828955375,0.6659199632024431,shape,0.7679799545304054,0.5638599718744807,7,6,3,1448800,1465600,16,45dfc525bda2552e8904c88155f01f0697fb9c7959dd5573823e5a691b8d29c8,3200,3705600,1208
MSREG_small_d669f1d004d53bca,MG1655,4263600,4266800,4265200.0,small,WIN_small_d669f1d004d53bca,0.6646669462175565,3200,0.6646669462175565,0.43554729421660726,density,0.6808297788115053,0.6485041136236076,2,0,0,4263200,4266800,2,1832f09db784c65be909f2fc6f258482baf99f1e2492383236e08dde706b45fd,3200,3706000,1209
MSREG_small_67e4e27834523b88,MG1655,3353600,3356800,3355200.0,small,WIN_small_67e4e27834523b88,0.6643756130283537,3200,0.6643756130283537,0.1424836097073778,density,0.6672266024405887,0.6615246236161186,4,4,0,3352000,3360800,8,33d2c77dc3edc6b8ed2e5c578a4b9634d5584afb2229405f7e6e226e79ae523c,3200,3707600,1210
MSREG_small_40002d37245f657e,MG1655,257200,260400,258800.0,small,WIN_small_40002d37245f657e,0.6641054388888568,3200,0.6641054388888568,0.02960259454482636,density,0.7114985985779572,0.6167122791997564,7,6,2,254400,268800,15,c5d4206ba1233677db56d59dee63bc889fc8af13f4062762c7a970482b9aec34,3200,3710400,1211
MSREG_small_663ea2a7302a406e,MG1655,3360000,3363200,3361600.0,small,WIN_small_663ea2a7302a406e,0.6637526406943524,3200,0.6637526406943524,0.05128124500029013,density,0.6808297788115053,0.6466755025771995,6,3,0,3356000,3364000,9,fef73ba397461af563fb4e9e688c7d4a5596e0e3fe2958e689d4fd4594a9de70,3200,3712800,1212
MSREG_medium_79fc9dd01160b007,MG1655,3954400,3960800,3957600.0,medium,WIN_medium_79fc9dd01160b007,0.6636375832619037,6400,0.33018027808218164,0.6636375832619037,shape,0.5491239161401639,0.7781512503836436,15,7,0,3952000,3963200,22,9780383adb27417058c8e0fda146ed7e46d274f7635239b751d512e43070b3b5,6400,3719200,1213
MSREG_small_3427d01aaae5fc05,MG1655,2632400,2635600,2634000.0,small,WIN_small_3427d01aaae5fc05,0.6633383165065441,3200,0.37121733564741627,0.6633383165065441,shape,0.6908139997181062,0.635862633294982,7,6,0,2628000,2638400,13,1c88ee1e04bef099f7bea9fff5fedab9deab6a666ff9b42468098150399f2251,3200,3722400,1214
MSREG_small_8df1c20596b540f1,MG1655,4536800,4540000,4538400.0,small,WIN_small_8df1c20596b540f1,0.6628586887562276,3200,0.6628586887562276,0.15955300526783164,density,0.69691659870496,0.6288007788074952,3,0,0,4536000,4540000,3,babf59dcad65e843351585257c91a524c35cc1917d5f8d14c5f2aa33a76733b9,3200,3723200,1215
MSREG_small_45d7443f18709972,MG1655,1795200,1798400,1796800.0,small,WIN_small_45d7443f18709972,0.6616724489815767,3200,0.6616724489815767,0.17000110216883846,density,0.6503404566636048,0.6730044412995486,3,0,0,1795200,1799200,3,419a92f492e7059e18c281e4adb52b58cc76f41f527e034c28bddd0ffda35749,3200,3724000,1216
MSREG_small_361fb35f7c166a94,MG1655,4053600,4056800,4055200.0,small,WIN_small_361fb35f7c166a94,0.6616724489815767,3200,0.6616724489815767,0.09633949630039076,density,0.6503404566636048,0.6730044412995486,3,0,0,4053200,4057200,3,d8ff35e72e02aa805697db8438dfa5f750efd73b38a8ed8df9ce5d4196c006c1,3200,3724800,1217
MSREG_small_5f4fcc81ae40d428,MG1655,4574000,4577200,4575600.0,small,WIN_small_5f4fcc81ae40d428,0.6614425418759797,3200,0.19916616485591576,0.6614425418759797,shape,0.44576065979648616,0.8771244239554734,7,0,0,4572800,4578400,7,c9bd24fd51a2e791d56310a9f34a205a4d43b72a46ca3494f100b7690fc7474a,3200,3727600,1218
MSREG_small_6747402f9032da2d,MG1655,1960400,1963600,1962000.0,small,WIN_small_6747402f9032da2d,0.6612825716688543,3200,0.13874261044515096,0.6612825716688543,shape,0.40311640465995396,0.9194487386777547,5,1,0,1959200,1965600,6,da3e93712909d9f4bc4dd0a8bd8c4baea7907dda64732b701b5e0d31cffe397f,3200,3729200,1219
MSREG_small_5b6adbf2ab2caa93,MG1655,3904400,3907600,3906000.0,small,WIN_small_5b6adbf2ab2caa93,0.6612702711482203,3200,0.5762717637369967,0.6612702711482203,shape,0.7631810716486367,0.5638599718744807,4,2,0,3904400,3912000,6,bb4f722f0ba2778adf71011bf8b1d5ce7d61b5e558f63c15a177b017f778ce17,3200,3730800,1220
MSREG_small_45dc898d4935cad1,MG1655,2349200,2352400,2350800.0,small,WIN_small_45dc898d4935cad1,0.6611227192234366,3200,0.6611227192234366,0.37271574816328956,density,0.6828083447935931,0.6394370936532802,5,2,0,2348800,2356000,7,f21317322ada94ba9d415b2c5b70ff202399acbdc956ecbe0307d7311f158b0c,3200,3732800,1221
MSREG_small_556cb2f53815221e,MG1655,812800,816000,814400.0,small,WIN_small_556cb2f53815221e,0.6609629843664744,3200,0.18980074313311834,0.6609629843664744,shape,0.6948728561949737,0.6270531125379751,6,4,0,810400,819200,10,6ba7aaee65729fb029f519446feee28c7b0ea5a06f558fb2309a75fc941cf4c7,3200,3735200,1222
MSREG_small_a5806e8584e8ecdc,MG1655,1724800,1728000,1726400.0,small,WIN_small_a5806e8584e8ecdc,0.6609507019353531,3200,0.2110495258347901,0.6609507019353531,shape,0.8897135512634939,0.43218785260721226,3,0,0,1724000,1728000,3,81a7ce55388553f306d97303fe7a73fa4a785faad02f1e4e5a616db5d9bbc83e,3200,3736000,1223
MSREG_small_5553fdb584f23b79,MG1655,2622000,2625200,2623600.0,small,WIN_small_5553fdb584f23b79,0.6606316023320786,3200,0.2864622655971034,0.6606316023320786,shape,0.6672266024405887,0.6540366022235686,4,2,0,2617600,2625200,6,a30c18b3b463f4ff11bf20cbf13793ff421fe8a1f3fae4f7c9fe55af56b84135,3200,3737600,1224
MSREG_small_dcaad2b6d99562e2,MG1655,2036000,2039200,2037600.0,small,WIN_small_dcaad2b6d99562e2,0.6604109615940931,3200,0.45757146507574,0.6604109615940931,shape,0.9228819145161485,0.4233693875600236,6,2,0,2033600,2040800,8,7d3da2f92ae0eb6ee299e380ef3b586f2b6ba84c5c78beafc3a4809df90f7a09,3200,3740000,1225
MSREG_small_9c79f3ae7f1174d5,MG1655,479600,482800,481200.0,small,WIN_small_9c79f3ae7f1174d5,0.6592379824234523,3200,0.6592379824234523,0.40817622057859315,density,0.6808297788115053,0.6376461860353994,4,0,0,478400,482800,4,051a53759424583c2ac744397674509c33e1797b439c188c7b9e3f11a1e3d342,3200,3741200,1226
MSREG_small_d9022a92f3884e62,MG1655,1812800,1816000,1814400.0,small,WIN_small_d9022a92f3884e62,0.659221735575893,3200,0.09732193506531775,0.659221735575893,shape,0.8084086115860136,0.5100348595657724,6,1,0,1810400,1816800,7,c165bbfedc67163a70230d4663cedaebb031e5a5bdd8ade168955936fbebd0bc,3200,3743600,1227
MSREG_small_449b14a641c511f2,MG1655,3829600,3832800,3831200.0,small,WIN_small_449b14a641c511f2,0.6581682894181765,3200,0.6581682894181765,0.14110460208662937,density,0.6768994851830729,0.6394370936532802,7,2,0,3828400,3836000,9,f76892546abff366874aa59e5bbf0dd8b6a821b3e203b9f16bb5820d63ef85ae,3200,3746400,1228
MSREG_small_7a9a1c2564f81f66,MG1655,2481200,2484400,2482800.0,small,WIN_small_7a9a1c2564f81f66,0.6578411417678875,3200,0.6578411417678875,0.1038184732859318,density,0.6989700043360187,0.6167122791997564,4,0,0,2480000,2484400,4,4973f07466aa15eb0184ed6ad6d4b9d180a360bbc2b0801819abbf79c947462c,3200,3747600,1229
MSREG_small_ec1b547c1cf3e3f2,MG1655,2618800,2622000,2620400.0,small,WIN_small_ec1b547c1cf3e3f2,0.6577967522963386,3200,0.10947090400634962,0.6577967522963386,shape,0.6288007788074952,0.686792725785182,7,1,0,2616800,2623200,8,c2d2e434048315fc4234f4d7e4b3a3dd4e95656ee72384ae874fdefc0b1a4878,3200,3750800,1230
MSREG_medium_853356b969573979,MG1655,2788000,2794400,2791200.0,medium,WIN_medium_853356b969573979,0.6572314516565634,6400,0.04331267096434489,0.6572314516565634,shape,0.5980572488742885,0.7164056544388382,13,3,0,2787600,2796000,16,d0b78a3f34fef3bbfd6b018c8a94ecec278fde89f3e5ab206b2029f27f0dac8c,6400,3756000,1231
MSREG_small_8aac41ac3bf9076b,MG1655,3011200,3014400,3012800.0,small,WIN_small_8aac41ac3bf9076b,0.6571923451194155,3200,0.6571923451194155,0.11382820569360277,density,0.6749475965855508,0.6394370936532802,4,2,0,3007200,3014400,6,c5056c1664b95ff7c45a85ae6904a9f0c861463a0292beef8059237ebb852e6a,3200,3757600,1232
MSREG_small_ec86fa9fbc9ff36b,MG1655,2557200,2560400,2558800.0,small,WIN_small_ec86fa9fbc9ff36b,0.6560405805630812,3200,0.6560405805630812,0.05981947958643083,density,0.6448545586855737,0.6672266024405887,4,2,0,2552800,2560400,6,c9c0385197493a76c51fff865cab05b47f018dd06eb2bb166ee54bf494015c63,3200,3759200,1233
MSREG_small_4a2dc4b280734c79,MG1655,4424800,4428000,4426400.0,small,WIN_small_4a2dc4b280734c79,0.655964546513411,3200,0.655964546513411,0.22019081377089672,density,0.69691659870496,0.6150124943218619,7,3,0,4420800,4429200,10,ebb4dae4adc32fa7ac3a9b26e45a1615f017ad5ee39942e3ae62e023ae092b3d,3200,3762000,1234
MSREG_small_74b26c9f1d49dfcb,MG1655,2665200,2668400,2666800.0,small,WIN_small_74b26c9f1d49dfcb,0.6556926425927755,3200,0.6290268561219836,0.6556926425927755,shape,0.6150124943218619,0.7031061735226575,7,6,0,2660800,2671200,13,fd09c7ed24f3785cd523c03eb934b45208901ce9e7c2aac49b31eab25f0bd1c6,3200,3764800,1235
MSREG_small_9e4e96772cef963d,MG1655,3313600,3316800,3315200.0,small,WIN_small_9e4e96772cef963d,0.6549665704156306,3200,0.6549665704156306,0.20368958186213887,density,0.6540366022235686,0.6558965386076925,2,0,0,3313200,3316800,2,9bfdcf09f0a7bdff3065118d7f2134c3c91e53bda269cf44eaba63a3e87dc3da,3200,3765200,1236
MSREG_small_66731bcf7b65e718,MG1655,2634400,2637600,2636000.0,small,WIN_small_66731bcf7b65e718,0.6533951032608549,3200,0.3874780187944929,0.6533951032608549,shape,0.6376461860353994,0.6691440204863106,4,0,0,2634000,2638400,4,f466290e8a7b49d8df35d9b8e9ce51db39e8864cdf6fb0953b8702349073391d,3200,3766400,1237
MSREG_small_50a53583eca05c69,MG1655,3854000,3857200,3855600.0,small,WIN_small_50a53583eca05c69,0.6531895911508462,3200,0.6531895911508462,0.25781018516580545,density,0.6448545586855737,0.6615246236161186,4,2,0,3854000,3861600,6,25313475ef88964c031782532f6105038b49e28f690b6471a1592152ddb916b9,3200,3768000,1238
MSREG_small_4529ceb81ca23ee3,MG1655,3850800,3854000,3852400.0,small,WIN_small_4529ceb81ca23ee3,0.6522475192135704,3200,0.6522475192135704,0.0946477451873759,density,0.6448545586855737,0.6596404797415671,4,0,0,3849600,3854000,4,b36bbf18b63d921c63c759774fd00b3e0b2cbdc5a2ea845e8fe4487375097178,3200,3769200,1239
MSREG_medium_7781792b93f235d2,MG1655,4475200,4481600,4478400.0,medium,WIN_medium_7781792b93f235d2,0.6513356892917843,6400,0.6513356892917843,0.11316487682922606,density,0.7164056544388382,0.5862657241447305,14,4,0,4473600,4482400,18,f02dceac9a612cff95bcd187567b57ef8f87472aadc59555e4552431c4f51264,6400,3774800,1240
MSREG_small_f0a91e0fe63aef43,MG1655,3576800,3580000,3578400.0,small,WIN_small_f0a91e0fe63aef43,0.6503755486466332,3200,0.5871014672813772,0.6503755486466332,shape,0.6448545586855737,0.6558965386076925,7,5,3,3574400,3590400,15,6d0777bb2540c6a930dd2e280f73bdf312c1241f8f71c140b5c0612b36f38636,3200,3778000,1241
MSREG_medium_bdd3de6d1a679188,MG1655,1361600,1368000,1364800.0,medium,WIN_medium_bdd3de6d1a679188,0.6492897472611756,6400,0.04553414548920438,0.6492897472611756,shape,0.6716959194693568,0.6268835750529945,9,3,0,1360000,1368000,12,e2ae9790e92bc4cedb7545553e8e624061932543da5bd7cbee17550d804b6f5e,6400,3781200,1242
MSREG_small_63cf06695b6f616d,MG1655,3996400,3999600,3998000.0,small,WIN_small_63cf06695b6f616d,0.648817482581795,3200,0.648817482581795,0.6173142123390449,density,0.8057685154198052,0.6653176126332576,4,0,0,3996400,4000800,4,6281068066483b44a7e576d2d0549bc9ce2c086178e36192f0be502024e5f87c,3200,3782800,1243
MSREG_small_4dd7d4ce9b25701e,MG1655,4488400,4491600,4490000.0,small,WIN_small_4dd7d4ce9b25701e,0.648538910072837,3200,0.2697126333456846,0.648538910072837,shape,0.6082791116628935,0.6887987084827806,1,0,0,4488400,4491600,1,4d03561c384500743dcc23c3db201d4ee3ba8612e4c444094d21a7340f77396e,3200,3782800,1244
MSREG_small_751fc0e44e299e0e,MG1655,1248800,1252000,1250400.0,small,WIN_small_751fc0e44e299e0e,0.6485041136236076,3200,0.6485041136236076,0.5579052658014438,density,0.83292076146342,0.6485041136236076,2,0,0,1248800,1252400,2,9775be951516674ec72c790e313fc19c89683398869caf97127b9a1d1de91983,3200,3783200,1245
MSREG_small_cd52343c7bf232a2,MG1655,1167600,1170800,1169200.0,small,WIN_small_cd52343c7bf232a2,0.6460133102503721,3200,0.23867264161572085,0.6460133102503721,shape,0.7752791932719049,0.5167474272288394,6,3,0,1166800,1175200,9,087e46daa7ad0b68eaaea8fa0b11bbcc3cf9a7fc312db3bd8f28b4c933d5ef05,3200,3785600,1246
MSREG_small_8ee34710af70e2df,MG1655,628400,631600,630000.0,small,WIN_small_8ee34710af70e2df,0.6459254250059954,3200,0.6459254250059954,0.04807733572679161,density,0.634086375269179,0.6577644747428119,4,2,0,624000,631600,6,51d9db31017494938a23741a7d838af064b76e9530bb44c8a013d5377f9d8e53,3200,3787200,1247
MSREG_small_c27b98653f6ec759,MG1655,27200,30400,28800.0,small,WIN_small_c27b98653f6ec759,0.6448887751584425,3200,0.6448887751584425,0.309558098267086,density,0.6503404566636048,0.6394370936532802,1,0,0,27200,30400,1,8351c6a059c000cb1d9bb7685424cb530eed26fac68895fb4ca68920fb91704d,3200,3787200,1248
MSREG_small_253b1e17bb98a4a6,MG1655,3822800,3826000,3824400.0,small,WIN_small_253b1e17bb98a4a6,0.6430751498295035,3200,0.6430751498295035,0.2783575653257151,density,0.6376461860353994,0.6485041136236076,4,0,0,3822800,3827200,4,ff767f15bd19a66788b4446635d356896386a67b848a891416e25be72f9c5483,3200,3788800,1249
MSREG_small_dca0ef3ec5af6f39,MG1655,2683600,2686800,2685200.0,small,WIN_small_dca0ef3ec5af6f39,0.6430449878722084,3200,0.6430449878722084,0.24063796943098636,density,0.6412354170588431,0.6448545586855737,4,2,0,2679200,2686800,6,8a4644b36eab6798e3d774f28fe31a5645236c1cba7daf0754bcec30ae61a2c2,3200,3790400,1250
MSREG_small_0365e525feedff3c,MG1655,236000,239200,237600.0,small,WIN_small_0365e525feedff3c,0.6430223691532944,3200,0.6430223691532944,0.05633273970291011,density,0.7114985985779572,0.5745461397286317,7,6,1,232800,246400,14,d871b74d25732e99b224c04d34135d6f4f87f279e629e5bab10a4f5c9220368f,3200,3793600,1251
MSREG_small_7b70b04b65dbbda0,MG1655,3029200,3032400,3030800.0,small,WIN_small_7b70b04b65dbbda0,0.6424990272759955,3200,0.1585420828675807,0.6424990272759955,shape,0.4201080870135292,0.8648899675384618,4,1,0,3025600,3032400,5,af3709ad8a7223213790ee77bb2bd25f6c31c40135082dd83a82ab2e6c781ce7,3200,3795200,1252
MSREG_small_443e2193d92e89d0,MG1655,3788400,3791600,3790000.0,small,WIN_small_443e2193d92e89d0,0.6422134159663919,3200,0.6422134159663919,0.10647970428627263,density,0.6503404566636048,0.634086375269179,4,0,0,3787200,3791600,4,88572d3ec890586e0dc2b547bc2c8179b8fb1cc8b0930dc90d24d0ef30ef1dc4,3200,3796800,1253
MSREG_small_72620fe979a283e8,MG1655,2660800,2664000,2662400.0,small,WIN_small_72620fe979a283e8,0.642145826169427,3200,0.642145826169427,0.10481202406602969,density,0.6448545586855737,0.6394370936532802,6,3,0,2658400,2666400,9,ae0a40b4db64d107f0a3da7a3fcc71a7d9061e68d67a5c4b7f931c4f5da2b283,3200,3799200,1254
MSREG_small_e9de107eaf64dd33,MG1655,2186800,2190000,2188400.0,small,WIN_small_e9de107eaf64dd33,0.6403809389231893,3200,0.42546866930384764,0.6403809389231893,shape,0.4879583395909409,0.7928035382554376,1,0,0,2186800,2190000,1,7de3e0dbea7bd0ab7fd82b32c1e894bcb8d79c52de89e0a927b30b2d307eaaff,3200,3799200,1255
MSREG_small_c829f087d00dd3b1,MG1655,4104400,4107600,4106000.0,small,WIN_small_c829f087d00dd3b1,0.6403585959902779,3200,0.6403585959902779,0.5596134845705825,density,0.6448545586855737,0.635862633294982,4,2,0,4100000,4107600,6,9717146ce2af51ff05b8fc6be57ebb1d4b0322a71aed182be00c125d40f3acf7,3200,3800800,1256
MSREG_small_3127b34dce5d4957,MG1655,4014000,4017200,4015600.0,small,WIN_small_3127b34dce5d4957,0.6403362553560616,3200,0.6403362553560616,0.07216341081495242,density,0.6412354170588431,0.6394370936532802,4,0,0,4012800,4017200,4,672ca63f40f8c185eac4ab852a69182af37dda8a87f765a295858c15c2494362,3200,3802400,1257
MSREG_small_8a2abf2164695053,MG1655,4580000,4583200,4581600.0,small,WIN_small_8a2abf2164695053,0.6399530991015792,3200,0.2949358550976119,0.6399530991015792,shape,0.7114985985779572,0.5684075996252013,5,0,0,4578800,4583600,5,cfcae88c8eba1e9143431c76eeffc29933c83b6fd9a17f594df1d378fdfda23a,3200,3804000,1258
MSREG_small_c9e3d0d0286bd396,MG1655,171600,174800,173200.0,small,WIN_small_c9e3d0d0286bd396,0.6396745265926214,3200,0.37926094902105323,0.6396745265926214,shape,0.5461312049140491,0.7332178482711935,4,0,0,170400,174800,4,6175b5422a094d735e162d4ab34410646b6cf3982127414133fc6b959a3ac098,3200,3805600,1259
MSREG_small_89692c875b17c7fb,MG1655,3910000,3913200,3911600.0,small,WIN_small_89692c875b17c7fb,0.6394370936532802,3200,0.6394370936532802,0.1063895668710847,density,0.6394370936532802,0.6394370936532802,4,1,0,3906400,3913200,5,33fb1920816afe5f7bce81b4a0d9b9f7394510050b244e1913d78c86985a887f,3200,3807200,1260
MSREG_small_9bfa952a34bef92a,MG1655,1869600,1872800,1871200.0,small,WIN_small_9bfa952a34bef92a,0.639148072830205,3200,0.639148072830205,0.06938720242387653,density,0.6847959660291066,0.5935001796313034,3,0,0,1868800,1872800,3,b178fa14d551a2d427a8593855c4477c43bbf1bcc1feb77f2b847741c3536a8a,3200,3808000,1261
MSREG_small_c826ae3e76ec60d2,MG1655,2462400,2465600,2464000.0,small,WIN_small_c826ae3e76ec60d2,0.6383091303480664,3200,0.23734216315837842,0.6383091303480664,shape,0.5776482563601139,0.6989700043360187,1,0,0,2462400,2465600,1,87b65584cb61164daf7a22cec359f3dc3fe53c8f09ec72173025dfd2cd797b39,3200,3808000,1262
MSREG_small_2edfc7ca7673f433,MG1655,4350000,4353200,4351600.0,small,WIN_small_2edfc7ca7673f433,0.63823905727192,3200,0.4764015672309372,0.63823905727192,shape,0.8897135512634939,0.4480646147060504,1,0,0,4350000,4353200,1,3762e9dd520b87a8d55ca9fa72a84a6a6a93168cfa96dff10c27d5e2bcaf675e,3200,3808000,1263
MSREG_small_1467c157a3c3c87f,MG1655,1215600,1218800,1217200.0,small,WIN_small_1467c157a3c3c87f,0.6381542622124483,3200,0.6381542622124483,0.04972562437577339,density,0.6828083447935931,0.5935001796313034,4,0,0,1214400,1218800,4,b22169ec3ba3b1f1141422c29eb12e0520f4fdb3b084cc1da3e6ecc1947bc923,3200,3809200,1264
MSREG_small_923bf486fb53d38a,MG1655,4411600,4414800,4413200.0,small,WIN_small_923bf486fb53d38a,0.6378963938472848,3200,0.20738856263206887,0.6378963938472848,shape,0.7953657550200379,0.48042703267453163,4,0,0,4410400,4414800,4,013ffe267345f5db0c84419862ae5e29ccb942fda52e8a9a39896765b73c3ef2,3200,3810800,1265
MSREG_small_cc3e10a1f7d0ec6c,MG1655,4386400,4389600,4388000.0,small,WIN_small_cc3e10a1f7d0ec6c,0.6377786130807914,3200,0.6377786130807914,0.20976474429121833,density,0.6270531125379751,0.6485041136236076,4,0,0,4385200,4389600,4,568728292e9cbeba6468a235f7f23ad075c8729812ad0d9ba0a1ecc70cd13d47,3200,3812400,1266
MSREG_medium_8113628189189acb,MG1655,1411200,1417600,1414400.0,medium,WIN_medium_8113628189189acb,0.6376661495161371,6400,0.11833800830582378,0.6376661495161371,shape,0.7604224834232121,0.5149098156090622,8,4,4,1408000,1425600,16,d06ba035901fbc4cda5b58fdbebc6aee9e06887fa5f6d0bef7594e30ebf870bb,6400,3815600,1267
MSREG_small_bd3e3392fbff748c,MG1655,4545200,4548400,4546800.0,small,WIN_small_bd3e3392fbff748c,0.6376351540928586,3200,0.10299491335204783,0.6376351540928586,shape,1.1540207399027353,0.12124956828298203,7,4,0,4540800,4549600,11,c5ad286dcd9da6a52f344d043ef79f58e4332a017c5e7af79b35099c76009b00,3200,3818400,1268
MSREG_small_16de858a4eacee30,MG1655,1227600,1230800,1229200.0,small,WIN_small_16de858a4eacee30,0.6370182581070712,3200,0.35535306797102867,0.6370182581070712,shape,0.7679799545304054,0.5060565616837371,4,0,0,1227600,1232000,4,54835aa93c115674daf0790ca237419e71e5d2871e60e95cd10aa5785576d783,3200,3820000,1269
MSREG_small_0e69657cabb85aee,MG1655,4448400,4451600,4450000.0,small,WIN_small_0e69657cabb85aee,0.6369412691890688,3200,0.30189815219520433,0.6369412691890688,shape,0.5870898125929555,0.686792725785182,5,2,0,4448000,4455200,7,3b60f9095cd7a50acfd6939a587f1247a19ec7c7c31334d202545779f8d2e591,3200,3822000,1270
MSREG_small_36ba5036d609a6e9,MG1655,1210400,1213600,1212000.0,small,WIN_small_36ba5036d609a6e9,0.6349963000136629,3200,0.6349963000136629,0.05876025266357396,density,0.7031061735226575,0.5668864265046685,3,0,0,1210400,1214400,3,6f7a6b3cbe2d86aad7c66acddbc1d6a786fdedcef81f79e44cae208e0dc7f96c,3200,3822800,1271
MSREG_small_750626d835ca58f4,MG1655,3898400,3901600,3900000.0,small,WIN_small_750626d835ca58f4,0.6332378959650423,3200,0.3027577972741961,0.6332378959650423,shape,0.6615246236161186,0.604951168313966,7,3,0,3896000,3904000,10,249658b1ac9726145604f6d871d5d52ca1b23601bdce9787082841af9cf3f9c9,3200,3826000,1272
MSREG_small_4f07383d88d3037c,MG1655,234000,237200,235600.0,small,WIN_small_4f07383d88d3037c,0.6330217932028527,3200,0.41405692639905817,0.6330217932028527,shape,0.6577644747428119,0.6082791116628935,5,0,0,232800,237600,5,ba7cab5fd8a7abf0aaf09a32c22f057ac88a28695b682648e89e870236257c82,3200,3828000,1273
MSREG_small_6348421a5c4949f6,MG1655,2620400,2623600,2622000.0,small,WIN_small_6348421a5c4949f6,0.6326728813215888,3200,0.18194754929724583,0.6326728813215888,shape,0.40941063775764225,0.8559351248855354,1,0,0,2620400,2623600,1,2493f9887e81eaa0e915de58f9d6916240888927d91d3e924ab65e98433e5a31,3200,3828000,1274
MSREG_small_f0277dcac816d27a,MG1655,1732800,1736000,1734400.0,small,WIN_small_f0277dcac816d27a,0.6324070776057582,3200,0.6324070776057582,0.4059786332865468,density,0.6412354170588431,0.6235787381526734,4,1,0,1729600,1736000,5,220feaa914f30d9262c82680db105bccb8033963601208ea4f719acdb5a86c39,3200,3829600,1275
MSREG_small_7b1fda691f3df136,MG1655,4119600,4122800,4121200.0,small,WIN_small_7b1fda691f3df136,0.6320591512621558,3200,0.45213596373635456,0.6320591512621558,shape,0.5127074494270993,0.7514108530972125,2,0,0,4119200,4122800,2,2345152d0c0cced5c740a293e3f98ca9fe1d68118f9cbb77770419b825417bc5,3200,3830000,1276
MSREG_small_c7ca9d70a94079e5,MG1655,4064400,4067600,4066000.0,small,WIN_small_c7ca9d70a94079e5,0.6317618830377151,3200,0.26814086394195635,0.6317618830377151,shape,0.7953657550200379,0.4681580110553923,7,3,0,4063200,4071200,10,852c0b5664c37640ea87387d4d2e771212c5e8e9529fd6a67f8a331a99cf6111,3200,3832800,1277
MSREG_small_041817e36aa9e01e,MG1655,3278800,3282000,3280400.0,small,WIN_small_041817e36aa9e01e,0.6317260950422238,3200,0.549775917057966,0.6317260950422238,shape,0.7703994286538183,0.5855018968133234,4,0,0,3278800,3283200,4,5e30273a2ba20ef63b4d41dade93caf5e8a6a124c619a1de1b7d00ec8eb8fba4,3200,3834000,1278
MSREG_small_71c064d29e4e4693,MG1655,4429600,4432800,4431200.0,small,WIN_small_71c064d29e4e4693,0.6310936216991739,3200,0.33636259738304475,0.6310936216991739,shape,0.3493104609996237,0.9228819145161485,5,0,0,4429200,4434000,5,eb614c308cc10c480e73e25c206be53b5a0514452bcc4be093cda1b67c02a1be,3200,3836000,1279
MSREG_small_1a04d11e655693ac,MG1655,3079600,3082800,3081200.0,small,WIN_small_1a04d11e655693ac,0.6305697439035771,3200,0.6305697439035771,0.4930470928998987,density,0.6270531125379751,0.635862633294982,4,0,0,3078400,3082800,4,ff99bb6a7fa51f3d9db058111df115220349336a746874f9a611622cf782892e,3200,3837200,1280
MSREG_small_b8643b3516229610,MG1655,3900000,3903200,3901600.0,small,WIN_small_b8643b3516229610,0.6299335265037178,3200,0.6299335265037178,0.09671439500652287,density,0.6448545586855737,0.6150124943218619,4,0,0,3900000,3904400,4,be7ea6ccb6abdbf913e005c11429aeb0d55dafa88f8be78a2b1499a5994d564a,3200,3838400,1281
MSREG_small_ba33d95de8ea455d,MG1655,2764800,2768000,2766400.0,small,WIN_small_ba33d95de8ea455d,0.6297490524437833,3200,0.19159049281960533,0.6297490524437833,shape,0.26966940074080487,0.9898287041467617,3,2,0,2763200,2770400,5,19af5bc4457fd457f7316f9c54d3800f38a6caf22b52e4c280046e79f4404d9e,3200,3839200,1282
MSREG_large_fd4eb50e9c4b9324,MG1655,65600,78400,72000.0,large,WIN_large_fd4eb50e9c4b9324,0.6290485649645715,12800,0.06817458235819751,0.6290485649645715,shape,0.5791971083684583,0.6789000215606847,1,1,1,65600,78400,3,1cf01c68c594f35087225c98455ec9c8eb05023d8306933504321baa5befdbae,12800,3839200,1283
MSREG_small_bdc3eaeb8cdb247c,MG1655,2093600,2096800,2095200.0,small,WIN_small_bdc3eaeb8cdb247c,0.6281450745117219,3200,0.2520513967225031,0.6281450745117219,shape,0.5318907657994388,0.7243993832240048,7,4,0,2089600,2098400,11,87a3c0d5a98d9dc0accf73d019190095fae58b2625b8b3517db6774ad99179ee,3200,3842400,1284
MSREG_small_a0185bf6372641aa,MG1655,4418800,4422000,4420400.0,small,WIN_small_a0185bf6372641aa,0.6272773766806301,3200,0.2461920937622235,0.6272773766806301,shape,0.613319336302417,0.6412354170588431,6,3,0,4418000,4426400,9,19e5640d32b301f42a3ef31fcfae440f919cb9a28ed48f58f44d42039b916203,3200,3844800,1285
MSREG_small_ef7629d46a16d523,MG1655,4493200,4496400,4494800.0,small,WIN_small_ef7629d46a16d523,0.6266122682198961,3200,0.4349521933675111,0.6266122682198961,shape,0.4779453431678874,0.7752791932719049,1,0,0,4493200,4496400,1,9739572e672d1656a840f321cbb1b38b25338bc76491e85c2bfb4ef9ba4bc941,3200,3844800,1286
MSREG_small_452b54c5c4182578,MG1655,378000,381200,379600.0,small,WIN_small_452b54c5c4182578,0.626109539612302,3200,0.06950593360724341,0.626109539612302,shape,0.5008082261273916,0.7514108530972125,7,8,4,371200,388800,19,3de8e7bb441fe0a31c3b0bb7c621e5fa6b26294c00af28303cd5f0a6fbf0411c,3200,3848000,1287
MSREG_small_e4f96c64eed42ce1,MG1655,2803600,2806800,2805200.0,small,WIN_small_e4f96c64eed42ce1,0.6250277405107875,3200,0.451943550914761,0.6250277405107875,shape,0.8031443715936564,0.44691110942791856,5,3,0,2799200,2807200,8,ec0a9c0d78a94c2c359b4a164f5d535acb203499c6b1bc701db5e5fd6d3aa116,3200,3850000,1288
MSREG_small_722d7ad81ac4fe14,MG1655,3785200,3788400,3786800.0,small,WIN_small_722d7ad81ac4fe14,0.6245494347955205,3200,0.6245494347955205,0.10650455439295424,density,0.6150124943218619,0.634086375269179,4,0,0,3785200,3789600,4,3c0c0e571169e83d5eb2162f0f88d2755e2b599cea52acc23c9c547db9fc2668,3200,3851600,1289
MSREG_small_e89f7007c21a03cb,MG1655,848000,851200,849600.0,small,WIN_small_e89f7007c21a03cb,0.6240756349147637,3200,0.6240756349147637,0.43711888104125857,density,0.6672266024405887,0.6032967111439537,4,0,0,848000,852400,4,e36de6caf829018eba2e36c1ccde5bd1051833162eb23d6a6e7521a2da747d84,3200,3853200,1290
MSREG_small_b323620ff11c1e8f,MG1655,2811200,2814400,2812800.0,small,WIN_small_b323620ff11c1e8f,0.6238650050958551,3200,0.25547882004537753,0.6238650050958551,shape,0.7376951506259377,0.5100348595657724,7,0,0,2810000,2815600,7,c37f7011ae4089220e550f1c7ebfb0eccbe8e0903cef5a9eedb6c1ab59339ea3,3200,3856000,1291
MSREG_medium_25ce1ab90beefc71,MG1655,3196000,3202400,3199200.0,medium,WIN_medium_25ce1ab90beefc71,0.6236517877160154,6400,0.31852743545311635,0.6236517877160154,shape,0.7323937598229685,0.5149098156090622,14,5,0,3193600,3203200,19,8dae64c7fafda3ec7e5b08b0cefd11532eeeba1fd71000a8929f412470c8eb78,6400,3861600,1292
MSREG_small_1869f3da1193e4a9,MG1655,1756800,1760000,1758400.0,small,WIN_small_1869f3da1193e4a9,0.6229076644237208,3200,0.6229076644237208,0.05839334449407643,density,0.6099526955524597,0.635862633294982,1,0,0,1756800,1760000,1,ca8730beb87d52e0e7154cfbbf2395dd1722781569f59047372dde2b40788213,3200,3861600,1293
MSREG_medium_f07f3a195f53fb34,MG1655,2235200,2241600,2238400.0,medium,WIN_medium_f07f3a195f53fb34,0.621747783304273,6400,0.37860867177400037,0.621747783304273,shape,0.911207877214123,0.35218251811136253,6,1,0,2234800,2241600,7,0b60e653e7760e6db93eeb84e607062e1451e1f9891ba06ffeae31562557f877,6400,3863600,1294
MSREG_small_0ab85ea419c3d429,MG1655,1380800,1384000,1382400.0,small,WIN_small_0ab85ea419c3d429,0.6214419749113618,3200,0.6214419749113618,0.08902311351225625,density,0.6412354170588431,0.6016485327638804,5,2,0,1376800,1384400,7,0c865c9b907d7dccddcc548f07d88782600bc696cb13e0b37d6e5cf1bb2da75f,3200,3865600,1295
MSREG_small_4f3078a28c29b029,MG1655,3380400,3383600,3382000.0,small,WIN_small_4f3078a28c29b029,0.6201353309329705,3200,0.4944574402983794,0.6201353309329705,shape,0.6184187430137734,0.6218519188521674,2,0,0,3380000,3383600,2,93848ab2f8ff973c91d1607f4a49796bc0ff7412fe0b5a76c81cf90bad2517c9,3200,3866000,1296
MSREG_medium_3ddb512a39d88a5d,MG1655,1825600,1832000,1828800.0,medium,WIN_medium_3ddb512a39d88a5d,0.6200827224287784,6400,0.028135983291706464,0.6200827224287784,shape,0.5824053033314924,0.6577601415260643,8,3,0,1824000,1832000,11,5ddd13bf2038f34b55d110675512bd255204e8aee3c556fd4dec9dc21f377fd8,6400,3869200,1297
MSREG_small_ebd9e8739ff24c3d,MG1655,1173200,1176400,1174800.0,small,WIN_small_ebd9e8739ff24c3d,0.6192820990259619,3200,0.22126911194928786,0.6192820990259619,shape,0.8385610288161127,0.40000316923581103,6,2,0,1169600,1177200,8,d24291191d9c3e97a4383cbee3a9960779984d47794d13dc98dd166a29174558,3200,3871600,1298
MSREG_small_01b88746bf4d52da,MG1655,3980000,3983200,3981600.0,small,WIN_small_01b88746bf4d52da,0.6169829426471064,3200,0.6169829426471064,0.0951609034461238,density,0.6323173525303324,0.6016485327638804,6,4,0,3977600,3986400,10,26fd2643a96b0b4fb7d006d669cb36a47929f338c9f44b8571c53d038fee65b1,3200,3874000,1299
MSREG_small_69d958bb3fb5e236,MG1655,2454400,2457600,2456000.0,small,WIN_small_69d958bb3fb5e236,0.6168291911501758,3200,0.3744181544575039,0.6168291911501758,shape,0.8961476612689038,0.37783019028461956,4,3,0,2452800,2460800,7,5ec31158788438913fd83751f3e607fa412547424ecf3e9ad3680524bf5415fb,3200,3875600,1300
MSREG_small_dc1d8300be16c497,MG1655,3152000,3155200,3153600.0,small,WIN_small_dc1d8300be16c497,0.6167156186678177,3200,0.6167156186678177,0.1278970579844283,density,0.6184187430137734,0.6150124943218619,7,7,4,3145600,3163200,18,35c2d01ad6d5c54df537161298cdaa5c6bef7242e997ee56b3b8155ddb0f1c4c,3200,3878800,1301
MSREG_small_244c8843c4f0fb1d,MG1655,3146000,3149200,3147600.0,small,WIN_small_244c8843c4f0fb1d,0.6166221329696019,3200,0.6166221329696019,0.2203543704010184,density,0.6540366022235686,0.5792076637156351,7,4,0,3144800,3153600,11,b7652640c871570d89908b28c289b45cdebd044d6fd0c798fedf14d6285cd301,3200,3881600,1302
MSREG_small_1daf3708fd52967c,MG1655,1328400,1331600,1330000.0,small,WIN_small_1daf3708fd52967c,0.6163119154247563,3200,0.5559224500671895,0.6163119154247563,shape,0.5714660241094213,0.9126627493344625,4,0,0,1328400,1332800,4,e34d6ce8a07830873978bc9526cdc7084e88e44f5ff0cdddb2c5cf97cd9f1e95,3200,3883200,1303
MSREG_small_a8095b55f4c3fcdc,MG1655,300000,303200,301600.0,small,WIN_small_a8095b55f4c3fcdc,0.6160221125796708,3200,0.036707476291788846,0.6160221125796708,shape,0.5432455166765608,0.6887987084827806,7,4,0,296000,304800,11,29646c6718aced5ecb0b0a2dc4a0386d50237aebc9a75c250ce192295662f8c4,3200,3886400,1304
MSREG_small_691002cb53148c1d,MG1655,3925200,3928400,3926800.0,small,WIN_small_691002cb53148c1d,0.6159023072023135,3200,0.6159023072023135,0.1904056913543379,density,0.6099526955524597,0.6218519188521674,5,3,0,3923200,3931200,8,2596ab8251587cdc97ea151a4aa21c51a529efa43bf34add12dd3e98a2579100,3200,3888400,1305
MSREG_small_641fb8658e08c53f,MG1655,3136000,3139200,3137600.0,small,WIN_small_641fb8658e08c53f,0.6149031795115536,3200,0.14906152703016207,0.6149031795115536,shape,0.7157564217204986,0.5140499373026086,4,2,0,3132000,3139200,6,e3e5189e04d4bfc0596d6ec855edf6639a8ee0d4916648c8bed88413d2ba8105,3200,3890000,1306
MSREG_small_dace6dda5e7291f3,MG1655,1369200,1372400,1370800.0,small,WIN_small_dace6dda5e7291f3,0.6147674407550618,3200,0.6147674407550618,0.08906103830865544,density,0.6376461860353994,0.5918886954747242,5,0,0,1368000,1372800,5,ccce9676b847d1828873edf0b4ae5c57cb04b5c7259408778356805ee7d6bef7,3200,3891600,1307
MSREG_medium_1dbc751dbc9c784f,MG1655,616000,622400,619200.0,medium,WIN_medium_1dbc751dbc9c784f,0.6144717831904785,6400,0.04553414548920438,0.6144717831904785,shape,0.42596873227228116,0.8029748341086758,8,4,1,609600,622400,13,afa3acb276d71778d0113759106097f4138fdd6d0ba97dc75682f826c6ae7630,6400,3894800,1308
MSREG_small_852515d6d1c9b0fd,MG1655,4102800,4106000,4104400.0,small,WIN_small_852515d6d1c9b0fd,0.6124825949371608,3200,0.6124825949371608,0.4318739941135119,density,0.6466755025771995,0.6150124943218619,4,1,0,4099200,4106000,5,0069399ff2cc27e2a461378edbafdc0054e857aec70c4021c532d477f2eb0d17,3200,3896400,1309
MSREG_small_d38f4619b07b36cb,MG1655,3538000,3541200,3539600.0,small,WIN_small_d38f4619b07b36cb,0.6121128321391613,3200,0.30103019076053206,0.6121128321391613,shape,0.3182445003003755,0.9059811639779471,7,4,0,3536000,3544800,11,0138b7f0c6444bd98a7a1269f9a9199889a9b1bfe49ace9a263452dd41c0f3a3,3200,3899600,1310
MSREG_small_bcc4733e965c0a88,MG1655,4542800,4546000,4544400.0,small,WIN_small_bcc4733e965c0a88,0.6102377464936979,3200,0.3156847881320064,0.6102377464936979,shape,0.40941063775764225,0.8110648552297536,6,1,0,4540000,4546800,7,b3f33e3f76987e9b7030b7b5c78f1e2d902ddf2322a0a87c9bb17d5ac7108c68,3200,3902000,1311
MSREG_small_e6b796e97211dcaf,MG1655,2190000,2193200,2191600.0,small,WIN_small_e6b796e97211dcaf,0.609839426945775,3200,0.609839426945775,0.07924475533087497,density,0.6466755025771995,0.5730033513143504,1,0,0,2190000,2193200,1,3eec42e0b87ab184319acfd734cd1c5e60f4122438102808b321ca1bb9b2cff2,3200,3902000,1312
MSREG_small_394287bf0584997e,MG1655,3795200,3798400,3796800.0,small,WIN_small_394287bf0584997e,0.6089289549999621,3200,0.6089289549999621,0.10918621213540233,density,0.6448545586855737,0.5730033513143504,2,0,0,3795200,3798800,2,1e42a9de4005dea7c16836d351646bc818cc4d955f5998e6d0faaab525e9be24,3200,3902400,1313
MSREG_small_3a7c204830247163,MG1655,4280000,4283200,4281600.0,small,WIN_small_3a7c204830247163,0.6071193841865967,3200,0.6071193841865967,0.05665058978394315,density,0.6412354170588431,0.5730033513143504,1,0,0,4280000,4283200,1,c6df3dfc25d9a6334d89dd02187de9dc58bfd4b9783117d251e49d8b4a3c539a,3200,3902400,1314
MSREG_medium_0b251e331e6f5133,MG1655,4587200,4593600,4590400.0,medium,WIN_medium_0b251e331e6f5133,0.6070313211466758,6400,0.2620032646666612,0.6070313211466758,shape,0.635483746814912,0.5785788954784394,6,1,0,4586800,4593600,7,899d2db1b71f0402a8c8b5c3ad98d18225c7e716f2676ddd678c828dc746e098,6400,3904400,1315
MSREG_small_9bd187cf6839af22,MG1655,2230000,2233200,2231600.0,small,WIN_small_9bd187cf6839af22,0.6062775046756492,3200,0.6062775046756492,0.27797546160470266,density,0.6270531125379751,0.5855018968133234,4,2,0,2225600,2233200,6,208903d6f3d9851835d619cbbe42b343c0d66d61fea4f018a14bda905c5b26dc,3200,3906000,1316
MSREG_small_1277ff4a5e626cf0,MG1655,2820000,2823200,2821600.0,small,WIN_small_1277ff4a5e626cf0,0.6062424970962228,3200,0.4250372398133917,0.6062424970962228,shape,0.7655738847645269,0.44691110942791856,5,0,0,2819600,2824400,5,ad55ef4ba36a3312c11751a2cbb953d7a7cd1efc18712eaf9df84b722f6a61e1,3200,3908000,1317
MSREG_small_61f6df66167ecdcd,MG1655,2551600,2554800,2553200.0,small,WIN_small_61f6df66167ecdcd,0.6037649821559774,3200,0.2014215210989337,0.6037649821559774,shape,0.6466755025771995,0.5608544617347554,4,1,0,2551600,2558400,5,acb6b9d879dbf659402d05ba6769f21e5734c70759f13bef9412755c0ffe32d0,3200,3909600,1318
MSREG_small_a47b5dc0a5761088,MG1655,3387200,3390400,3388800.0,small,WIN_small_a47b5dc0a5761088,0.6036108755254245,3200,0.2180916911939302,0.6036108755254245,shape,0.5870898125929555,0.6201319384578935,7,3,0,3384000,3392000,10,91afe627d99c315ee39afeb4f12dd427fc4507d367f2fd1d47b4ff4e9c25c9f4,3200,3912800,1319
MSREG_small_deacfff5df0197e0,MG1655,360800,364000,362400.0,small,WIN_small_deacfff5df0197e0,0.6033626479716034,3200,0.6033626479716034,0.4579087126426954,density,0.6503404566636048,0.556384839279602,6,2,0,357600,364800,8,aad54bffc170af8611042f03bf64032347c13886d6f1191960b2f1469a2fca94,3200,3915200,1320
MSREG_medium_2e0cd783f37eadc2,MG1655,2566400,2572800,2569600.0,medium,WIN_medium_2e0cd783f37eadc2,0.6023580658304312,6400,0.04219909292926535,0.6023580658304312,shape,0.3174204118521506,0.8872957198087117,13,4,0,2566000,2575200,17,1755d618324224ee5db401b1ae89aa722f2fd8392dd94ded49f9327dd4e48551,6400,3920400,1321
MSREG_small_1adea744132382f0,MG1655,2386800,2390000,2388400.0,small,WIN_small_1adea744132382f0,0.6023225547461809,3200,0.32084244071462953,0.6023225547461809,shape,0.7679799545304054,0.4366651549619565,3,0,0,2386000,2390000,3,dfa9363880baee33a3ed0b16aa8545eb2c3b74b5d1c9ed0feb9804d2be7cd726,3200,3921200,1322
MSREG_small_c5bd2489d7268a50,MG1655,1090800,1094000,1092400.0,small,WIN_small_c5bd2489d7268a50,0.6015363988905125,3200,0.6015363988905125,0.05104962125464703,density,0.6540366022235686,0.5490361955574563,6,1,0,1090000,1096800,7,d3d551f9816b7ca5af509c0457128c989190e0878fc64ae8a333dd7659b5b760,3200,3923200,1323
MSREG_small_4abb9070083c3e36,MG1655,2227600,2230800,2229200.0,small,WIN_small_4abb9070083c3e36,0.6012003442849547,3200,0.10238131871474902,0.6012003442849547,shape,0.5593594706478041,0.6430412179221054,6,0,0,2226400,2231600,6,cc92e34264a4fba68a4d302a142da72a2829415e4f56de534c5586e49a5e1f83,3200,3925600,1324
MSREG_small_05f92f4c12d3943c,MG1655,2056000,2059200,2057600.0,small,WIN_small_05f92f4c12d3943c,0.600771696628973,3200,0.4317571264492944,0.600771696628973,shape,0.5087047069734254,0.6928386862845206,7,1,0,2054800,2061600,8,8a4e98336c2f7e1896a435a5cf7fd44efe56bc9d41ae1df1af58a31fa23679a7,3200,3928400,1325
MSREG_small_c1f3bc96ce5426d7,MG1655,3708800,3712000,3710400.0,small,WIN_small_c1f3bc96ce5426d7,0.5996018895175004,3200,0.5996018895175004,0.39808760051899417,density,0.6323173525303324,0.5668864265046685,2,0,0,3708800,3712400,2,3c814467042c1a68eeb27af7d669baec2cfb7567b141e369ef6e7c3b237eddd6,3200,3928800,1326
MSREG_small_f15ed667257e5063,MG1655,4431600,4434800,4433200.0,small,WIN_small_f15ed667257e5063,0.5990963078200693,3200,0.2543769030211042,0.5990963078200693,shape,0.6908139997181062,0.5073786159220324,3,0,0,4431200,4435200,3,137b605f1fa84b6f03fb9b8ede2722e2717d089572e815dcb5b0004281a28e75,3200,3929600,1327
MSREG_small_6c6452da03e70440,MG1655,2708800,2712000,2710400.0,small,WIN_small_6c6452da03e70440,0.5969362306779542,3200,0.5969362306779542,0.1038184732859318,density,0.6099526955524597,0.5839197658034487,4,1,0,2708800,2715200,5,445b4e37227d23aae594d94040a2c1b4a887385629b4067b6982e714cc7c5d83,3200,3931200,1328
MSREG_small_93b81ec236b1c44a,MG1655,2526400,2529600,2528000.0,small,WIN_small_93b81ec236b1c44a,0.5967686141193023,3200,0.5967686141193023,0.37777017753538333,density,0.5918886954747242,0.6016485327638804,4,0,0,2525200,2529600,4,def125b16c5e6ee1efd2c92f105c8c2f7ce0e7f3f09ae49de6ac814e0bda76eb,3200,3932400,1329
MSREG_small_8ecee6b3cb3bb223,MG1655,1086000,1089200,1087600.0,small,WIN_small_8ecee6b3cb3bb223,0.5936082384737011,3200,0.5936082384737011,0.143955081236042,density,0.6032967111439537,0.5839197658034487,4,0,0,1085600,1090000,4,82f95318a15481d789f5f055cf591745188eed73672fec8a597d94319cfb38c5,3200,3933600,1330
MSREG_small_2b62d9d4cb8fa86a,MG1655,3633200,3636400,3634800.0,small,WIN_small_2b62d9d4cb8fa86a,0.5927362984150374,3200,0.5927362984150374,0.12643164073451896,density,0.6577644747428119,0.5277081220872629,2,0,0,3633200,3636800,2,ca5b8f879340fd168a86097d825630040bf1765285b68824408e56a322c0a042,3200,3934000,1331
MSREG_small_6ef03d8d469406e0,MG1655,4049200,4052400,4050800.0,small,WIN_small_6ef03d8d469406e0,0.5927004171821142,3200,0.5927004171821142,0.1425057963104558,density,0.5902831687593058,0.5951176656049226,3,0,0,4049200,4053200,3,3596bf196c31123296f3c8f34e1f0d1d57c88892936788bd90b69aece569ed7d,3200,3934800,1332
MSREG_small_232b48a38ce9550f,MG1655,3194400,3197600,3196000.0,small,WIN_small_232b48a38ce9550f,0.5922165999437143,3200,0.5922165999437143,0.06064645119807971,density,0.5608544617347554,0.6235787381526734,4,3,0,3191200,3199200,7,b53a4279d9e5e4626dfe978fca246ff65d384b6b3b4bdc2b2bd16bc0b0fb600d,3200,3936400,1333
MSREG_medium_4948902e08fe32b8,MG1655,2327200,2333600,2330400.0,medium,WIN_medium_4948902e08fe32b8,0.5916640126585916,6400,0.01691303314549438,0.5916640126585916,shape,0.4286578707830624,0.7546701545341208,8,4,0,2324800,2333600,12,962fd40c02cef6246c8efaf210e40a852b6b1504fe1dd7103359a2e475b72683,6400,3939600,1334
MSREG_small_50ef0cad59ae1f46,MG1655,1642400,1645600,1644000.0,small,WIN_small_50ef0cad59ae1f46,0.590271342050647,3200,0.09374398854023662,0.590271342050647,shape,0.4244619528705964,0.7560807312306976,3,0,0,1642000,1646000,3,1e1910b76601509c6c4cc31590317ea9185587e80773b89c6e8bd39d496ee15c,3200,3940400,1335
MSREG_small_84d158e9152aa307,MG1655,640800,644000,642400.0,small,WIN_small_84d158e9152aa307,0.5902092623957398,3200,0.21302826727785706,0.5902092623957398,shape,0.9858259616930879,0.21571743156485823,7,4,0,636800,645600,11,5148ef9213599c631dd014f2ee429654a1c0b42c126270aa44bbe542eba4e85c,3200,3943600,1336
MSREG_small_28aad8713489ed60,MG1655,311200,314400,312800.0,small,WIN_small_28aad8713489ed60,0.5900940186728845,3200,0.5900940186728845,0.06333308497893461,density,0.6412354170588431,0.5389526202869257,7,5,0,308000,317600,12,fe927a0207e599816c6a0e5412543c20d4197b139ccb6f16c0c7d05807db3f31,3200,3946800,1337
MSREG_small_77bc06e743d2a0f1,MG1655,3815200,3818400,3816800.0,small,WIN_small_77bc06e743d2a0f1,0.5890331085522318,3200,0.33707451095247654,0.5890331085522318,shape,0.42665536400725124,0.7514108530972125,7,2,0,3812800,3820000,9,a88dc30d7774e7e45e1a0bc5e7210f8dd73664d86c8927d26e2bf405f586a15b,3200,3950000,1338
MSREG_small_e37f8f5acefb6de8,MG1655,243600,246800,245200.0,small,WIN_small_e37f8f5acefb6de8,0.588097336246256,3200,0.588097336246256,0.3228074009971459,density,0.6016485327638804,0.5745461397286317,4,2,0,239200,246800,6,a65d86a1fc469e6a1f56ce0e121cc11e58aa969090c97f1820173ff0131c19c8,3200,3951600,1339
MSREG_medium_c48bbef2fb053dfc,MG1655,548000,554400,551200.0,medium,WIN_medium_c48bbef2fb053dfc,0.5876898733555407,6400,0.04665779096578501,0.5876898733555407,shape,0.5083789484501045,0.6670007982609769,12,6,0,545600,556000,18,c056370d8b6215ba1536499f122b8fd4e429dd3044341b54c2ce71742e2a5713,6400,3956400,1340
MSREG_small_52ff39e3dd1df91a,MG1655,3662800,3666000,3664400.0,small,WIN_small_52ff39e3dd1df91a,0.5873259420391155,3200,0.5873259420391155,0.09373016938848654,density,0.6016485327638804,0.5730033513143504,5,2,0,3660800,3668000,7,e19c721dba446be875815d1f08693993e11aee88ccbaa222762309e13e6d0191,3200,3958400,1341
MSREG_small_d410c7f8b69995c5,MG1655,3147600,3150800,3149200.0,small,WIN_small_d410c7f8b69995c5,0.5860463435163332,3200,0.5860463435163332,0.35474258333350767,density,0.6201319384578935,0.5519607485747728,4,0,0,3147600,3152000,4,7f7d6bba9021f60f38d048c4df20e246752d9065e25647214f9eb8d37059341a,3200,3960000,1342
MSREG_small_e2093827d0d5b9b0,MG1655,3192800,3196000,3194400.0,small,WIN_small_e2093827d0d5b9b0,0.5855481795951797,3200,0.5855481795951797,0.06949948499807099,density,0.5792076637156351,0.5918886954747242,4,0,0,3191600,3196000,4,4c288894990b286f86fd2f5f329c5811a6b1bd3d6d27c79bdb8692fad70213a9,3200,3961600,1343
MSREG_small_4f09891a15797f08,MG1655,372800,376000,374400.0,small,WIN_small_4f09891a15797f08,0.5854845433130584,3200,0.019363213021867023,0.5854845433130584,shape,0.48417636084093485,0.686792725785182,6,4,0,370400,379200,10,094a633fb79bb90f2ebf2eb15b133016813a60e26faeb7708f5feb2b991b4899,3200,3964000,1344
MSREG_small_1f565aa779366717,MG1655,2662800,2666000,2664400.0,small,WIN_small_1f565aa779366717,0.5840231596799675,3200,0.5840231596799675,0.19985069742251832,density,0.5935001796313034,0.5745461397286317,4,0,0,2662400,2666800,4,5874a87958b6f94b13a707b1d58b1d2af08c85946c5cfdca63614e2669cfffe0,3200,3965200,1345
MSREG_small_a8f66d5769a010c5,MG1655,186800,190000,188400.0,small,WIN_small_a8f66d5769a010c5,0.5835640076957055,3200,0.3808161098201462,0.5835640076957055,shape,0.6989700043360187,0.4681580110553923,3,0,0,186400,190400,3,684e3c13a7a8a76c93373e6d170da56cf3931364d932f41f9fd1ee62972aea94,3200,3966000,1346
MSREG_medium_b588164c3d6d6d21,MG1655,1458400,1464800,1461600.0,medium,WIN_medium_b588164c3d6d6d21,0.5834280569654279,6400,0.029680556774397262,0.5834280569654279,shape,0.3826307158350189,0.7842253980958368,14,7,3,1454400,1470400,24,69d7c17234e28c482fa646c215a97e8ab35dc086832274fd9e907d07abb2a56a,6400,3971600,1347
MSREG_small_fc5427967f20c58d,MG1655,1064000,1067200,1065600.0,small,WIN_small_fc5427967f20c58d,0.5824089512488808,3200,0.5824089512488808,0.13401186521913355,density,0.6201319384578935,0.5446859640398681,7,6,5,1057600,1076800,18,b08ff025620c5740a338294cbd1e1f53d4342f1515a2d8b637b634de31afb691,3200,3974800,1348
MSREG_small_ff99893d5593741f,MG1655,631600,634800,633200.0,small,WIN_small_ff99893d5593741f,0.5823690344765347,3200,0.5823690344765347,0.09667267378343028,density,0.5776482563601139,0.5870898125929555,4,0,0,631600,636000,4,4826ccd593f7bce07c3c5ba090b0368fc9223e4395ac44303d65bbe0e889d017,3200,3976000,1349
MSREG_small_77a83f0d395a585a,MG1655,3477200,3480400,3478800.0,small,WIN_small_77a83f0d395a585a,0.5823433775684937,3200,0.5823433775684937,0.1913709108389178,density,0.5823433775684937,0.5823433775684937,4,2,0,3477200,3484800,6,12efb73de614fa34d287afc69c1a4c5845837c8c079b6b48e32cde73a05d3690,3200,3977600,1350
MSREG_large_3e71af4a6196dec6,MG1655,2832000,2844800,2838400.0,large,WIN_large_3e71af4a6196dec6,0.5816377972671456,12800,0.056318363088120604,0.5816377972671456,shape,0.49816385745923997,0.6651117370750513,31,13,4,2830800,2849600,48,a6ef8a8495dc657c65d511c3349ef75ebfd845b2d8bbf96a4e2b950fda28ceeb,12800,3990000,1351
MSREG_small_a7903610d5c91472,MG1655,2935200,2938400,2936800.0,small,WIN_small_a7903610d5c91472,0.5815211132014906,3200,0.1840943558765088,0.5815211132014906,shape,0.7114985985779572,0.4515436278250239,7,4,0,2932000,2940800,11,0a20abf6975ee739b234ac30d28b8341d116720b917d0070ae03e793653a257f,3200,3993200,1352
MSREG_small_23229af9137c9861,MG1655,1818800,1822000,1820400.0,small,WIN_small_23229af9137c9861,0.5811749306098611,3200,0.5481284655735852,0.5811749306098611,shape,0.8559351248855354,0.5263228115604965,1,0,0,1818800,1822000,1,882015d439ea837e906070ed20fd7651eb1c24e9f584de7bc915584c3075733e,3200,3993200,1353
MSREG_small_bee2709f76483331,MG1655,4101200,4104400,4102800.0,small,WIN_small_bee2709f76483331,0.5806057815253535,3200,0.43430248803759147,0.5806057815253535,shape,0.5127074494270993,0.6485041136236076,2,0,0,4100800,4104400,2,34adfd098fb8c4585382ee8f50bd9eef1cb38cb07f2c04d72902da3696644751,3200,3993600,1354
MSREG_small_57e3101dc9cf48d0,MG1655,4202400,4205600,4204000.0,small,WIN_small_57e3101dc9cf48d0,0.579990177142449,3200,0.579990177142449,0.09087769884524888,density,0.580772690569263,0.5792076637156351,4,2,1,4202400,4216000,7,1f333956915bee9cc4c8295bce7871155aa26b6e88cb9fe1cde984b8f8a96aa3,3200,3995200,1355
MSREG_small_97ed86b2a80df308,MG1655,4328800,4332000,4330400.0,small,WIN_small_97ed86b2a80df308,0.5793875609896963,3200,0.5793875609896963,0.47458388530273377,density,0.5918886954747242,0.6989700043360187,4,2,1,4318400,4332000,7,e3aff91d12f814ce19f16333693901865045037e2e43228496ab7903aca81de9,3200,3996800,1356
MSREG_small_86049d52c8c29686,MG1655,3960800,3964000,3962400.0,small,WIN_small_86049d52c8c29686,0.5792779183511884,3200,0.5792779183511884,0.06979900997801149,density,0.5714660241094213,0.5870898125929555,4,1,0,3957600,3964000,5,5e9bdd58d2d50262b4e701a9bd5a6812d49c3a3cd154381c19a7432ea190229a,3200,3998400,1357
MSREG_medium_5a2af7c1448aa6c2,MG1655,1556000,1562400,1559200.0,medium,WIN_medium_5a2af7c1448aa6c2,0.5791812460476249,6400,0.017959527898416257,0.5791812460476249,shape,0.42596873227228116,0.7323937598229685,8,2,0,1555600,1563200,10,8671a266a01406ea9fb8056911225fe0c27f98df52874bc0f8dfc8612cfa2bac,6400,4001200,1358
MSREG_small_5865f48cfad360b0,MG1655,3648800,3652000,3650400.0,small,WIN_small_5865f48cfad360b0,0.5778268658295125,3200,0.2136582985560418,0.5778268658295125,shape,0.5653705628997192,0.5902831687593058,4,1,0,3648800,3655200,5,d4c0afa73d6625cb3079cb3258d956f7b5defa91702758aa886d01396d8fa3b7,3200,4002800,1359
MSREG_small_42888b599177760c,MG1655,512800,516000,514400.0,small,WIN_small_42888b599177760c,0.5771689700972449,3200,0.29490171227064754,0.5771689700972449,shape,0.6788601859486008,0.4754777542458889,4,0,0,512800,517200,4,97d959df839f5afc3698a6a9bf7a1bc979a24f6365814b7439a1ebf44cb1396f,3200,4004400,1360
MSREG_small_00b3573fa3d00a50,MG1655,2264000,2267200,2265600.0,small,WIN_small_00b3573fa3d00a50,0.573774745521491,3200,0.39820110710139833,0.573774745521491,shape,0.5730033513143504,0.5745461397286317,3,0,0,2264000,2268000,3,be02822c98ef1cb249fcb26a66dc4eb330a540c6e68e7fe78344a381fd043173,3200,4005200,1361
MSREG_medium_1eac20082d7d9512,MG1655,1043200,1049600,1046400.0,medium,WIN_medium_1eac20082d7d9512,0.5735579263313693,6400,0.020587810048676998,0.5735579263313693,shape,0.4893557111366741,0.6577601415260643,15,7,7,1035200,1057600,29,aac3f5fd35a77d032a0e7f9be9c9911db200725665bd0522efd61aff4a2ead1f,6400,4011600,1362
MSREG_small_e49cefa1066bf0d4,MG1655,2151600,2154800,2153200.0,small,WIN_small_e49cefa1066bf0d4,0.573276581892403,3200,0.573276581892403,0.08743826649657369,density,0.5578696081852932,0.5886835555995128,5,3,0,2151200,2159200,8,f4d59b4d20e7f3c05fcb4b555f99677f04d36fbb839960c9efe15324e3994fda,3200,4013600,1363
MSREG_small_728ecf6270678229,MG1655,1178800,1182000,1180400.0,small,WIN_small_728ecf6270678229,0.5730142739390831,3200,0.5730142739390831,0.556276101918622,density,0.6847959660291066,0.5760944282914923,2,0,0,1178800,1182400,2,b20184a0f2993a94e644253ef124eb18b84dc1c455e1578ea1930984f195470b,3200,4014000,1364
MSREG_small_4ab9a35b214bcfd4,MG1655,179200,182400,180800.0,small,WIN_small_4ab9a35b214bcfd4,0.5723027218383272,3200,0.3986434942407966,0.5723027218383272,shape,0.6788601859486008,0.4657452577280536,4,0,0,178000,182400,4,0e0cab48573c675360fbd82edd074cbee002a01d701d1e2613e1d2bddeffe607,3200,4015200,1365
MSREG_small_a71665c2cf0bc872,MG1655,3672400,3675600,3674000.0,small,WIN_small_a71665c2cf0bc872,0.5722401296576527,3200,0.5722401296576527,0.41606502230166453,density,0.5699341195866738,0.5745461397286317,4,2,0,3672400,3680000,6,dd649cbb5abab486bda4807c32d85cc5dff52ad2067a9509800d575e384ce492,3200,4016800,1366
MSREG_small_9bb428b69369c791,MG1655,3768800,3772000,3770400.0,small,WIN_small_9bb428b69369c791,0.5719274390993168,3200,0.3445928794987383,0.5719274390993168,shape,0.6558965386076925,0.4879583395909409,5,0,0,3768000,3772800,5,33f36fb26746493c2ce56b08e4852841465d06c5ef208a6d5217dcfe6b3cfa60,3200,4018400,1367
MSREG_small_c5cea0b8cd4c118b,MG1655,3149200,3152400,3150800.0,small,WIN_small_c5cea0b8cd4c118b,0.5709595974893595,3200,0.36861627673552577,0.5709595974893595,shape,0.635862633294982,0.5060565616837371,4,0,0,3149200,3153600,4,8d3f0b96f1950271c3b9ba4b5ed117baafb58a24734985b8240a1cb8870bed45,3200,4019600,1368
MSREG_small_53f86ce1f28784fd,MG1655,2711600,2714800,2713200.0,small,WIN_small_53f86ce1f28784fd,0.5707865459358852,3200,0.18662124861837281,0.5707865459358852,shape,0.6082791116628935,0.5332939802088768,6,0,0,2710400,2715600,6,cfd89f88723630ff966875523b5330726a62b45597b3df5493b01ea2c15207b5,3200,4021600,1369
MSREG_medium_6cd991d805719e38,MG1655,3856000,3862400,3859200.0,medium,WIN_medium_6cd991d805719e38,0.5693058659379338,6400,0.24454863971153298,0.5693058659379338,shape,0.6398485522173621,0.4987631796585053,13,3,0,3855600,3864000,16,117e591a0d833a0d295ae93e118327b7a40efe89644bcdaba9deed8ed9f34352,6400,4026800,1370
MSREG_small_6e1ab79f7c605e7a,MG1655,3574000,3577200,3575600.0,small,WIN_small_6e1ab79f7c605e7a,0.5686751047294987,3200,0.5686751047294987,0.17328939158193984,density,0.5839197658034487,0.5534304436555485,4,0,0,3574000,3578400,4,377a279c1df8dd3a0ad657c3d1fc0c094553e09a4ba7292102ea6471e8803793,3200,4028000,1371
MSREG_small_1eeaeafca8aa0b4f,MG1655,1333200,1336400,1334800.0,small,WIN_small_1eeaeafca8aa0b4f,0.5677269494696482,3200,0.5677269494696482,0.513173370819753,density,0.5760944282914923,0.5593594706478041,3,0,0,1333200,1337200,3,6db1d82d810b6cedae21836da55e8cad2580206ecfc4bad1cd27e33706500e6c,3200,4028800,1372
MSREG_small_b1084db8846b5010,MG1655,318000,321200,319600.0,small,WIN_small_b1084db8846b5010,0.5669395278281306,3200,0.5669395278281306,0.22038074467972424,density,0.5935001796313034,0.5403788760249577,1,0,0,318000,321200,1,e436a5a1cedd1eacb036763fdc1e4b15b1b885189a2eb02e3ee544ad0dcbd197,3200,4028800,1373
MSREG_small_d29b551d8b80f9b0,MG1655,1183200,1186400,1184800.0,small,WIN_small_d29b551d8b80f9b0,0.5667908768334583,3200,0.2223397551513141,0.5667908768334583,shape,0.69691659870496,0.4366651549619565,6,0,0,1182400,1187600,6,6731c685719c74a6f77ee760a7bc164ac04b1390504839e85e08554b97bc5e72,3200,4031200,1374
MSREG_small_6a891bf722f2b7f6,MG1655,4409200,4412400,4410800.0,small,WIN_small_6a891bf722f2b7f6,0.5664779806804525,3200,0.5664779806804525,0.10390597541858959,density,0.5839197658034487,0.5490361955574563,5,0,0,4408400,4413200,5,74149db749362307e1a5fa44f6765034c6fc2f4b4161a5a6732ab0a53bbd4822,3200,4032800,1375
MSREG_small_60b3df6129550079,MG1655,3730400,3733600,3732000.0,small,WIN_small_60b3df6129550079,0.566133785749841,3200,0.566133785749841,0.5287501517844431,density,0.5918886954747242,0.5461312049140491,4,0,0,3730000,3734400,4,7eeacca9c1076120d2db6f7203af41f6b4e584eb4fdb777bf21bbdfc641c99f4,3200,4034000,1376
MSREG_small_696d4b1a9f7e4170,MG1655,4189200,4192400,4190800.0,small,WIN_small_696d4b1a9f7e4170,0.5653731991895745,3200,0.5653731991895745,0.10128990800697174,density,0.5638599718744807,0.5668864265046685,4,2,0,4189200,4196800,6,0001744cdf186f9903cbf577085d0bfd74339811c5fa3de02d844ceadfcdfc73,3200,4035600,1377
MSREG_small_06143e03d2715272,MG1655,4043200,4046400,4044800.0,small,WIN_small_06143e03d2715272,0.5641219296365457,3200,0.5641219296365457,0.4403188254572398,density,0.5792076637156351,0.634086375269179,1,0,0,4043200,4046400,1,11824163ed400770936aedefa0505cfc2decc1ade53b83ab79cce8187e0df918,3200,4035600,1378
MSREG_small_2dc8a5097a6166b5,MG1655,1245600,1248800,1247200.0,small,WIN_small_2dc8a5097a6166b5,0.5631542603630175,3200,0.32607916119955505,0.5631542603630175,shape,0.4062521185128125,0.7200564022132226,1,0,0,1245600,1248800,1,a7c31fcb1acd283a8c5aabad097e68310d8f5830177cf871c0a239bb426040b0,3200,4035600,1379
MSREG_small_646cbcac6b30569a,MG1655,563600,566800,565200.0,small,WIN_small_646cbcac6b30569a,0.5629091054547468,3200,0.11184686164028348,0.5629091054547468,shape,0.4754777542458889,0.6503404566636048,7,4,0,562400,571200,11,8af87ffad453d4e2a3a2b4e669829b9017ab7dc00dd9e6ca6c91d24f68decd15,3200,4038400,1380
MSREG_small_474cb1a3152b9d51,MG1655,1543600,1546800,1545200.0,small,WIN_small_474cb1a3152b9d51,0.5625236769438171,3200,0.5625236769438171,0.042364233090573904,density,0.6150124943218619,0.5100348595657724,7,8,6,1534400,1555200,21,1d1934d63807dd88cb74a644fc42bf2bdb7a0ac431bed28d910d8c7d37d17092,3200,4041600,1381
MSREG_small_3c906f74ea24493e,MG1655,2058400,2061600,2060000.0,small,WIN_small_3c906f74ea24493e,0.5623156217003913,3200,0.3573162103892624,0.5623156217003913,shape,0.6672266024405887,0.45740464096019384,3,0,0,2057600,2061600,3,57dfbc36b488a77285487807b739542599a74dad6be2261d45de6621f9819687,3200,4042400,1382
MSREG_small_1c62bd1c8f3c6822,MG1655,3981600,3984800,3983200.0,small,WIN_small_1c62bd1c8f3c6822,0.5597932698702964,3200,0.5597932698702964,0.17421959411217386,density,0.5792076637156351,0.5403788760249577,4,0,0,3981600,3986000,4,24564d4bcb20f2632301ce115af0d558ae8aa0e357348e5d8980405bfcaa6f68,3200,4044000,1383
MSREG_small_4857b4731ece38b1,MG1655,3742400,3745600,3744000.0,small,WIN_small_4857b4731ece38b1,0.5586298730493588,3200,0.2596560550865419,0.5586298730493588,shape,0.5623546168771636,0.5549051292215542,4,2,0,3740000,3747200,6,b3c8239d2d5c28b6b8f8d177ba68ab3a3be6753a8d75daacfc6ee00c592c9bbf,3200,4045600,1384
MSREG_medium_e6b45bf3820f7355,MG1655,1008000,1014400,1011200.0,medium,WIN_medium_e6b45bf3820f7355,0.5581348500167181,6400,0.14482366018535844,0.5581348500167181,shape,0.5980572488742885,0.5182124511591478,13,4,0,1005600,1014800,17,ee06c6c5640c84f2f0fc3acdd0e842f8db61074c86e8123e9b84605b1707e3bd,6400,4050800,1385
MSREG_small_9c1748b8d5765753,MG1655,3556400,3559600,3558000.0,small,WIN_small_9c1748b8d5765753,0.5581244339954556,3200,0.5581244339954556,0.4218557794551444,density,0.5432455166765608,0.5730033513143504,3,0,0,3556400,3560400,3,e30438e2a89e649c765d3ca8fff976623f5986035e7804b734aaf3a868dc2bf6,3200,4051600,1386
MSREG_small_07072f6badaa3227,MG1655,3235600,3238800,3237200.0,small,WIN_small_07072f6badaa3227,0.5574625078767947,3200,0.5574625078767947,0.07663020155593403,density,0.5403788760249577,0.5745461397286317,2,0,0,3235200,3238800,2,40cc199925686f260f1591b16c83d9b206b5dd7b82027c0dc3cfbc4f3ebada15,3200,4052000,1387
MSREG_medium_6915b9f5d957edb1,MG1655,383200,389600,386400.0,medium,WIN_medium_6915b9f5d957edb1,0.5563025007672873,6400,0.05800562511324302,0.5563025007672873,shape,0.43136376415898736,0.6812412373755872,13,4,0,380800,390000,17,4dd62f3dba7a7f2ec05b839d289a725c3696ed1574a73122506b5a5decab0aac,6400,4057200,1388
MSREG_medium_62f6533fac51d8f1,MG1655,2772000,2778400,2775200.0,medium,WIN_medium_62f6533fac51d8f1,0.5554897216239185,6400,0.129149479866747,0.5554897216239185,shape,0.6398485522173621,0.471130891030475,7,4,0,2770400,2779200,11,96b9c4c96661fd5251ac5732132c40f56e1c034733b07b8028ade36306450704,6400,4059600,1389
MSREG_small_e9cf0ae7d2fd4163,MG1655,3510400,3513600,3512000.0,small,WIN_small_e9cf0ae7d2fd4163,0.5544433699367998,3200,0.5544433699367998,0.11481510518832153,density,0.5389526202869257,0.5699341195866738,1,0,0,3510400,3513600,1,4d89431ce9b1b511f7f3aa1b18ed0e8e52784322f1c0e377a442101b6c75b501,3200,4059600,1390
MSREG_small_59dfbf5c34b4f6fa,MG1655,2486000,2489200,2487600.0,small,WIN_small_59dfbf5c34b4f6fa,0.5544308358237799,3200,0.5544308358237799,0.27847570395892185,density,0.5839197658034487,0.524941905844111,2,0,0,2486000,2489600,2,b65e8d6e12dce19f221d357b614da3857f030cd7c2cedf97d09c356997dd629f,3200,4060000,1391
MSREG_small_5e4f2616e4111bd5,MG1655,3896400,3899600,3898000.0,small,WIN_small_5e4f2616e4111bd5,0.5539925970454656,3200,0.34069574381992285,0.5539925970454656,shape,0.42119246830574913,0.686792725785182,4,0,0,3895600,3900000,4,39a0e5e18ca51880f5c98b8bf09f556705c981d3e1e26a7ee6ce450a1db4d58b,3200,4061200,1392
MSREG_small_d0fa3ad488a031b7,MG1655,1945600,1948800,1947200.0,small,WIN_small_d0fa3ad488a031b7,0.5526781892236884,3200,0.5526781892236884,0.12812747535128333,density,0.5776482563601139,0.5277081220872629,4,0,0,1944400,1948800,4,ddbcbea2d254af761bc95f43919cbf60acb3ecb035fd0160cb0af1b9e3716268,3200,4062400,1393
MSREG_small_93b8554c0d226288,MG1655,2942400,2945600,2944000.0,small,WIN_small_93b8554c0d226288,0.5520004065496711,3200,0.5520004065496711,0.1697093487752254,density,0.5461312049140491,0.5578696081852932,1,0,0,2942400,2945600,1,76c5a407c559253af32cbff92284b0d0a4eb2d7165d5c536527a3a2992335fe7,3200,4062400,1394
MSREG_small_3a73932e9d67af70,MG1655,2183600,2186800,2185200.0,small,WIN_small_3a73932e9d67af70,0.5509124426930563,3200,0.1257259453135138,0.5509124426930563,shape,0.6288007788074952,0.47302410657861743,1,0,0,2183600,2186800,1,1e82fb52996191c0d867ec0b2f5c2de0e7e882457bb826a957617d14673f9a7b,3200,4062400,1395
MSREG_small_e4235a4caf668c3e,MG1655,3644000,3647200,3645600.0,small,WIN_small_e4235a4caf668c3e,0.5506659365467614,3200,0.39749418348787185,0.5506659365467614,shape,0.6082791116628935,0.4930527614306293,3,0,0,3643200,3647200,3,8c68db13cc6a1d22f71db6690e205fe4e91a054b9714bdb5f13cc63bad20085e,3200,4063200,1396
MSREG_small_f8545b6e94da62c7,MG1655,1221600,1224800,1223200.0,small,WIN_small_f8545b6e94da62c7,0.5495454023986666,3200,0.2995974557254347,0.5495454023986666,shape,0.5823433775684937,0.5167474272288394,2,0,0,1221600,1225200,2,a286903947e73bb9f41d1f3ed7a4bce0d8c6a10dd1409f7085f0ae3a82aefc54,3200,4063600,1397
MSREG_small_e3d17b742b9b6994,MG1655,1313600,1316800,1315200.0,small,WIN_small_e3d17b742b9b6994,0.5491242421051254,3200,0.5491242421051254,0.12036886057046753,density,0.5578696081852932,0.5403788760249577,1,0,0,1313600,1316800,1,85548b8711933ae03162a3d3e1996824ea47b9b472bb040e2353d18976e7a79a,3200,4063600,1398
MSREG_small_52146a728ae4ac75,MG1655,4540000,4543200,4541600.0,small,WIN_small_52146a728ae4ac75,0.5489555175717002,3200,0.5489555175717002,0.08288709685377915,density,0.6099526955524597,0.4879583395909409,4,0,0,4540000,4544400,4,f4e6dd3458a51252ebf25abd34ea6bd14e201a2ce4dc7fa20911a01bc0e57464,3200,4064800,1399
MSREG_small_e64dc8d9785e8680,MG1655,1968400,1971600,1970000.0,small,WIN_small_e64dc8d9785e8680,0.5483136076152741,3200,0.4164139086925623,0.5483136076152741,shape,0.5461312049140491,0.5504960103164991,4,0,0,1967200,1971600,4,e292e9cb41e6e805b3972acd433a94dff342a67e56cd772c4e81acef7bfa305f,3200,4066000,1400
MSREG_small_4c32c7baff8b62a9,MG1655,3388800,3392000,3390400.0,small,WIN_small_4c32c7baff8b62a9,0.5478242985430202,3200,0.5478242985430202,0.2070724113686549,density,0.5332939802088768,0.5623546168771636,1,0,0,3388800,3392000,1,5546ed680aca5cf6508c88a283872c9647ca6ea45a345f900a6d57bb5516b147,3200,4066000,1401
MSREG_small_6ce96f7a75700b6f,MG1655,1029600,1032800,1031200.0,small,WIN_small_6ce96f7a75700b6f,0.5476201373934775,3200,0.5476201373934775,0.4703713732526196,density,0.5534304436555485,0.5745461397286317,6,3,2,1028800,1043200,11,7f45850e5a6d69f6383a0d2b47e8666078291baa841edc97a011de9d0ac629f0,3200,4068400,1402
MSREG_medium_5d6af363cfb8ca1c,MG1655,2671200,2677600,2674400.0,medium,WIN_medium_5d6af363cfb8ca1c,0.5474960309401555,6400,0.029715242914121358,0.5474960309401555,shape,0.42329614241095426,0.6716959194693568,3,2,0,2671200,2678400,5,805d0e579398b7e883f850b6a142d618a8ea8ea7ef275152ae8ce62a85ae91bc,6400,4069200,1403
MSREG_small_0fe8e7e468b5fdcf,MG1655,229200,232400,230800.0,small,WIN_small_0fe8e7e468b5fdcf,0.5474283036884988,3200,0.2662643165137277,0.5474283036884988,shape,0.69691659870496,0.3979400086720376,4,2,0,224800,232400,6,372a0a2f3f5c5c4bf10bca11b6c10fc93a00c8866a466020bd5f253a45f98d8e,3200,4070800,1404
MSREG_small_dc4b9c5a0a097f13,MG1655,164800,168000,166400.0,small,WIN_small_dc4b9c5a0a097f13,0.546793306002559,3200,0.4848157776390357,0.546793306002559,shape,0.7157564217204986,0.4879583395909409,5,2,0,160800,168400,7,b4a9f30dcc8e622052f162843a36580a81c8f9b8e78aa62287992aeab7ef28ff,3200,4072800,1405
MSREG_small_9dce9038135ea123,MG1655,148400,151600,150000.0,small,WIN_small_9dce9038135ea123,0.5447458908634522,3200,0.2572066564942438,0.5447458908634522,shape,0.8529907442387541,0.23934888036097657,2,0,0,148400,152000,2,7e0fbd4514477cf92a32305c26661dfe979855a3e8caaee1be7d066e3ce64de6,3200,4073200,1406
MSREG_small_273cb9f40aded7bf,MG1655,4057200,4060400,4058800.0,small,WIN_small_273cb9f40aded7bf,0.543483736900281,3200,0.543483736900281,0.08523451767697113,density,0.5578696081852932,0.5290978656152687,4,0,0,4057200,4061600,4,cffe69fa4299e00311c5e02a5373cd22cf4ec8270296e97a2a7bef21e808ac9b,3200,4074800,1407
MSREG_small_7f4143bd4554fa99,MG1655,3998000,4001200,3999600.0,small,WIN_small_7f4143bd4554fa99,0.5429314656104733,3200,0.5298083958846866,0.5429314656104733,shape,0.6558965386076925,0.5332939802088768,1,0,0,3998000,4001200,1,f84049036b53670dc27a684c7a25f6ba6140898c534975e980ef290a31378be2,3200,4074800,1408
MSREG_medium_284a843a1547cdbb,MG1655,1036000,1042400,1039200.0,medium,WIN_medium_284a843a1547cdbb,0.5421750708880935,6400,0.01691303314549438,0.5421750708880935,shape,0.2813753076675112,0.8029748341086758,15,7,2,1032000,1046400,24,af4aec59654e03f85c39229ff36321fd11e877e29370812a63f3c3c95ff7c5d6,6400,4081200,1409
MSREG_small_f359c900b343fc8f,MG1655,2630000,2633200,2631600.0,small,WIN_small_f359c900b343fc8f,0.5418784329543912,3200,0.19235274019348358,0.5418784329543912,shape,0.6082791116628935,0.4754777542458889,6,0,0,2628800,2634000,6,99f71fd188675027a27580d958ec6f5587344ad073f1b35e56057ea4be3fe6ee,3200,4083600,1410
MSREG_small_f2742de8a17556dc,MG1655,3120800,3124000,3122400.0,small,WIN_small_f2742de8a17556dc,0.5394316775922059,3200,0.20295212080100156,0.5394316775922059,shape,0.6082791116628935,0.4705842435215183,2,0,0,3120400,3124000,2,4bddf68d285c0d7400ca3172df8ca9e19d7da5ad93633da51fc3564f89649497,3200,4084000,1411
MSREG_small_73e39a63cb3f14b6,MG1655,3536000,3539200,3537600.0,small,WIN_small_73e39a63cb3f14b6,0.538973629904914,3200,0.538973629904914,0.08624592952461102,density,0.5347017431332672,0.5432455166765608,2,0,0,3536000,3539600,2,1fbedb12eb5eb58e11ffc2132dce6aa8bebfba8eaee9774ac14631e400cb8454,3200,4084400,1412
MSREG_small_3cab9a55b2a4e046,MG1655,4107600,4110800,4109200.0,small,WIN_small_3cab9a55b2a4e046,0.5382464800907414,3200,0.5382464800907414,0.1262916442769733,density,0.536114084156525,0.5403788760249577,4,0,0,4107600,4112000,4,004f1119daf3a1a4e6077aae211f698197c9f59fb330216c857e160507b0c159,3200,4086000,1413
MSREG_small_04ad61da131f82e9,MG1655,3540400,3543600,3542000.0,small,WIN_small_04ad61da131f82e9,0.5382464800907414,3200,0.5382464800907414,0.24867539226045174,density,0.5403788760249577,0.536114084156525,6,0,0,3539600,3544800,6,ac5dbdd393c9a11a6309261e71c5982f162801061d116974aa47212557fd2d28,3200,4088000,1414
MSREG_small_aac7fae6057cdbcb,MG1655,3035200,3038400,3036800.0,small,WIN_small_aac7fae6057cdbcb,0.5382185613591429,3200,0.4181734908070905,0.5382185613591429,shape,0.6082791116628935,0.4681580110553923,4,0,0,3034000,3038400,4,0495cd8b85abe208b6cb0576bae3e653055acb916ce43d3a26674bfd7dc68840,3200,4089600,1415
MSREG_small_b41662167aa4bcd1,MG1655,3832800,3836000,3834400.0,small,WIN_small_b41662167aa4bcd1,0.537461472578467,3200,0.2096842809483393,0.537461472578467,shape,0.7200564022132226,0.3548665429437113,4,0,0,3831600,3836000,4,f0a2ac30836844a6ac7d571b7fd7a65d28784537d7f34aa45e68b74e47adc80d,3200,4091200,1416
MSREG_medium_2fe550d74165f719,MG1655,3006400,3012800,3009600.0,medium,WIN_medium_2fe550d74165f719,0.5370917779460576,6400,0.14272335778807457,0.5370917779460576,shape,0.4956046604136756,0.5785788954784394,12,2,0,3005200,3012800,14,feab6a6edc3a6df362a187bc8f986ecf681fce3a6d5c5cdbf80ef3769fa652e8,6400,4095600,1417
MSREG_small_c1dcf5d13b287720,MG1655,4222800,4226000,4224400.0,small,WIN_small_c1dcf5d13b287720,0.5365661332542206,3200,0.5365661332542206,0.2319140328679637,density,0.5167474272288394,0.556384839279602,7,4,0,4221600,4230400,11,342687df8012fef2cc4505206b399627f381e1503b22940d5bdfd0e904f35a5f,3200,4098400,1418
MSREG_medium_b765c72b3e051793,MG1655,129600,136000,132800.0,medium,WIN_medium_b765c72b3e051793,0.5356884265130655,6400,0.33668002641336214,0.5356884265130655,shape,0.6764423544938185,0.3949344985323124,10,1,0,129200,136000,11,307936a1588d25ed26be7c22abd95c106ac9e2c7ace5301af8b1413e6893d4f2,6400,4102000,1419
MSREG_small_997c0574ebe2df1b,MG1655,3298000,3301200,3299600.0,small,WIN_small_997c0574ebe2df1b,0.5353642846513206,3200,0.5353642846513206,0.06977641020368695,density,0.511369098654837,0.5593594706478041,7,5,0,3296000,3305600,12,b17c4d55affe662360469e4bf2f9d076f266b9be2cc3222d7e01ae49fdaad11f,3200,4105200,1420
MSREG_small_dbffad1a0e290992,MG1655,948000,951200,949600.0,small,WIN_small_dbffad1a0e290992,0.5351554461813306,3200,0.5351554461813306,0.4636690710512251,density,0.5668864265046685,0.5034244658579927,1,0,0,948000,951200,1,238c62128a3d7dcee0981f61eb81606e9e3384fb7623bc52fee929d5d2dbea81,3200,4105200,1421
MSREG_small_5a31f4a7e41877a7,MG1655,2724000,2727200,2725600.0,small,WIN_small_5a31f4a7e41877a7,0.5351554461813306,3200,0.5351554461813306,0.017214715828955375,density,0.5668864265046685,0.5034244658579927,4,2,0,2724000,2731200,6,d6396a988c30038cab8e5efeaa64e9fe8bce6f81d70d8ee75bfe410b048b84cf,3200,4106800,1422
MSREG_medium_59b5b0a90047b515,MG1655,622400,628800,625600.0,medium,WIN_medium_59b5b0a90047b515,0.5351132016973492,6400,0.043308409791433855,0.5351132016973492,shape,0.468166412066736,0.6020599913279624,8,2,0,622400,630000,10,9fa88d6b7728acc0053ad7d8016a453b3923f8121a936f32b103cb28473c76ae,6400,4109600,1423
MSREG_small_765ea1ec6b95f2de,MG1655,1994800,1998000,1996400.0,small,WIN_small_765ea1ec6b95f2de,0.5347383708201132,3200,0.5347383708201132,0.10393462586476528,density,0.5403788760249577,0.5290978656152687,1,0,0,1994800,1998000,1,75753cab0d600ae0c44569da3963d2ac08bcc3f6cfab1b0a5cfd6e3236b0c81a,3200,4109600,1424
MSREG_small_02da0c3c285dc264,MG1655,1346400,1349600,1348000.0,small,WIN_small_02da0c3c285dc264,0.5331371139381956,3200,0.07733882849333962,0.5331371139381956,shape,0.43218785260721226,0.634086375269179,5,2,0,1346000,1353600,7,344fe32bd172d100a2ab779636b972be160e5bce0623dd074beadba4afff52a6,3200,4111600,1425
MSREG_small_75fcebdd9a2b076d,MG1655,4001200,4004400,4002800.0,small,WIN_small_75fcebdd9a2b076d,0.5321394637963741,3200,0.5321394637963741,0.4637433514677808,density,0.5608544617347554,0.5073786159220324,1,0,0,4001200,4004400,1,9f2e9031eaf7ae2ab1af4580ec7bb38e807f4d6a96ce18ca166f758dc9dbe03a,3200,4111600,1426
MSREG_medium_797fa4b7e65b49d1,MG1655,906400,912800,909600.0,medium,WIN_medium_797fa4b7e65b49d1,0.5319494560578635,6400,0.11173728000334762,0.5319494560578635,shape,0.3778051719457276,0.6860937401699994,7,2,0,905600,912800,9,78df0446658838dc56871fa4b405d0dc605b8d69672ff262c704bae9b3e020f0,6400,4114000,1427
MSREG_small_1e13627468523ac7,MG1655,4500800,4504000,4502400.0,small,WIN_small_1e13627468523ac7,0.5319472630655184,3200,0.5319472630655184,0.11893566983471454,density,0.5389526202869257,0.524941905844111,7,3,0,4496800,4505200,10,664b900c73ec70bf96626e419fe41332ca8787409999a03a15cc778f5dae8409,3200,4116800,1428
MSREG_small_f8f0cd6e5851e0c2,MG1655,20000,23200,21600.0,small,WIN_small_f8f0cd6e5851e0c2,0.5308156043059452,3200,0.5308156043059452,0.027625241206191357,density,0.5475812713092818,0.5140499373026086,1,0,0,20000,23200,1,0a02129ea759efa8ca67cb2fa46bc759be0ec8c7eb77c33352faa8e060bdf795,3200,4116800,1429
MSREG_small_0a18f662afb0f9e4,MG1655,1101600,1104800,1103200.0,small,WIN_small_0a18f662afb0f9e4,0.530647037021643,3200,0.530647037021643,0.08125830447955568,density,0.5578696081852932,0.5034244658579927,4,0,0,1100400,1104800,4,96a4e9f6204929cdada03bd9a397d878d6f1c6333432bdb081f2350f45a2fade,3200,4118400,1430
MSREG_small_f473812fffb0e0be,MG1655,2073200,2076400,2074800.0,small,WIN_small_f473812fffb0e0be,0.5305482050837196,3200,0.35321292224347056,0.5305482050837196,shape,0.3474741179596264,0.7136222922078127,7,6,2,2064000,2079200,15,03e5cc5eb5709e19d636df64acfdf7554b7103aa3cafec79a403b0aefe3831a4,3200,4121600,1431
MSREG_small_7fe88598d854d903,MG1655,4196000,4199200,4197600.0,small,WIN_small_7fe88598d854d903,0.5298083958846866,3200,0.5298083958846866,0.17343113982112016,density,0.5263228115604965,0.5332939802088768,4,2,0,4192000,4199200,6,8970054a09800cde8f706c4789872b73a8692900b5e24c451f0f6acb845c9a08,3200,4123200,1432
MSREG_small_21a67a5f1f81340c,MG1655,2309600,2312800,2311200.0,small,WIN_small_21a67a5f1f81340c,0.5280275313473526,3200,0.5280275313473526,0.040096394360545844,density,0.5446859640398681,0.511369098654837,4,2,0,2305600,2312800,6,885ad3f04123fcf4466e8be9f7bd428c335cec7f3fb68d83d651990f4955f7c0,3200,4124800,1433
MSREG_small_bce18f51904624db,MG1655,638800,642000,640400.0,small,WIN_small_bce18f51904624db,0.5279298842170075,3200,0.5279298842170075,0.2181561500518366,density,0.5140499373026086,0.5418098311314065,5,1,0,636000,642400,6,c730503b4b0e257d4b1d1f634e100aae67192dd4a3bf006aab8be4f9f8a32437,3200,4126800,1434
MSREG_small_8fc907444c7446a1,MG1655,1417200,1420400,1418800.0,small,WIN_small_8fc907444c7446a1,0.5276926072163828,3200,0.5276926072163828,0.1598102400517437,density,0.5519607485747728,0.5034244658579927,7,6,3,1414400,1430400,16,2c981439ddcb62f20d23cb47f0f2e6b846a74e01402121386b3345780e7d73af,3200,4129600,1435
MSREG_small_6f75ad67c9081b3f,MG1655,568400,571600,570000.0,small,WIN_small_6f75ad67c9081b3f,0.5266357769353021,3200,0.5266357769353021,0.16256440791444698,density,0.5935001796313034,0.4597713742393008,7,2,0,565600,572800,9,0be975dcf0d3503574fc0ab536e5e854a37aa46272d7198e1fbe301767ed3fad,3200,4132400,1436
MSREG_small_1fd3b319637dcdf2,MG1655,2686800,2690000,2688400.0,small,WIN_small_1fd3b319637dcdf2,0.5264946662808948,3200,0.2953064602740403,0.5264946662808948,shape,0.686792725785182,0.36619660677660754,2,0,0,2686800,2690400,2,ab1e250913476e155a5d7eb8fe49d008755a09df5b9f2136077a5ed341724812,3200,4132800,1437
MSREG_small_04d16ade4ca88c8a,MG1655,3824800,3828000,3826400.0,small,WIN_small_04d16ade4ca88c8a,0.5258739873398974,3200,0.5258739873398974,0.1687736098414227,density,0.511369098654837,0.5403788760249577,3,0,0,3824400,3828400,3,5fca29e81e70baeb38c2f396ef92a185583e2825c1cbcc7da9894d7684d020bb,3200,4133600,1438
MSREG_small_65f5ea912d47439c,MG1655,3304000,3307200,3305600.0,small,WIN_small_65f5ea912d47439c,0.5251192412896154,3200,0.3505489290654854,0.5251192412896154,shape,0.3366161903714181,0.7136222922078127,5,2,0,3300000,3307600,7,426012b44fb97777cc1508c2263750e973e054e3e05ecdafcf6eae2dff5c02f4,3200,4135600,1439
MSREG_small_307e2dff0456fbfb,MG1655,1790000,1793200,1791600.0,small,WIN_small_307e2dff0456fbfb,0.5224742970063548,3200,0.46221008427827676,0.5224742970063548,shape,0.4693694329898371,0.7752791932719049,2,0,0,1790000,1793600,2,a7b32727e62ed75dda26acfdfe62397b170ff03d58499d655e0979ac1b7e780b,3200,4136000,1440
MSREG_small_5255346971a244b3,MG1655,2128000,2131200,2129600.0,small,WIN_small_5255346971a244b3,0.5219016709414752,3200,0.5219016709414752,0.08636437537735855,density,0.5403788760249577,0.5034244658579927,7,6,3,2118400,2134400,16,e0608b9aefe13c5a236b7a854515feb297535143b5af46dee3a53e255d1096f8,3200,4139200,1441
MSREG_medium_ec562e3d6beed985,MG1655,2114400,2120800,2117600.0,medium,WIN_medium_ec562e3d6beed985,0.5202081986673694,6400,0.02862129984003358,0.5202081986673694,shape,0.29702725321030726,0.7433891441244317,15,5,3,2113200,2129600,23,26ef77a64e1579c68f46129aa4f23a790fece5b818b2b6a45b63c3501ec4f3a7,6400,4145200,1442
MSREG_medium_c1854bc3acc6c187,MG1655,4319200,4325600,4322400.0,medium,WIN_medium_c1854bc3acc6c187,0.5199019260623626,6400,0.13997487599361902,0.5199019260623626,shape,0.39995529990736317,0.6398485522173621,15,7,3,4313600,4329600,25,9c766cf12bb5209e5a66f12302822eb56e7232fba7ea0c45f9211636a26d8ea5,6400,4151600,1443
MSREG_medium_62dc5ea82862b950,MG1655,992800,999200,996000.0,medium,WIN_medium_62dc5ea82862b950,0.518529020071022,6400,0.09713804398217343,0.518529020071022,shape,0.5019448384446946,0.5351132016973492,6,1,0,992400,999200,7,6a110ef21bde91b854a2db06b39de762aa31e295fb7a8fe961e451de1433af9f,6400,4153600,1444
MSREG_small_dd43a019a4f07602,MG1655,514400,517600,516000.0,small,WIN_small_dd43a019a4f07602,0.5183443619312202,3200,0.40018050468131544,0.5183443619312202,shape,0.4233693875600236,0.613319336302417,1,0,0,514400,517600,1,b466db5a01e924ab67b2882567eb4ab1ee2ed40d6cabe23fccb18ab4e0da7dd6,3200,4153600,1445
MSREG_small_0597eea25c48f791,MG1655,3295600,3298800,3297200.0,small,WIN_small_0597eea25c48f791,0.5175772136495029,3200,0.5175772136495029,0.48065535150448885,density,0.5745461397286317,0.5290978656152687,3,0,0,3295600,3299600,3,6233885a400dfafd6b2716cc098bb11385a70c3d586eccd98b8bde3a3f3264cf,3200,4154400,1446
MSREG_small_71b313fe9f0dc0be,MG1655,1230800,1234000,1232400.0,small,WIN_small_71b313fe9f0dc0be,0.516749534625843,3200,0.4126249107349562,0.516749534625843,shape,0.5153965879378806,0.5181024813138054,4,0,0,1229600,1234000,4,02428df860f46440e4774a77ad1b242e15f8f71b93b50fa04289a6ceecd7e9b3,3200,4156000,1447
MSREG_medium_6f8062d05d401a40,MG1655,2571200,2577600,2574400.0,medium,WIN_medium_6f8062d05d401a40,0.5167118777434749,6400,0.06995043434616381,0.5167118777434749,shape,0.43136376415898736,0.6020599913279624,5,3,0,2569600,2577600,8,51973669fb93f186ac03c61d196241a3be359b5a898e0167899f1ec78e78f2be,6400,4157600,1448
MSREG_small_caa2d115478badb6,MG1655,2038000,2041200,2039600.0,small,WIN_small_caa2d115478badb6,0.5158767171114,3200,0.23650103748815027,0.5158767171114,shape,0.7031061735226575,0.3286472607001427,2,0,0,2037600,2041200,2,17fba38bc5cff1ad6e8169fa7c2ec9ca2a53fb6e5dbb835951dbc6097302cb51,3200,4158000,1449
MSREG_small_5345f9724134efb9,MG1655,4029600,4032800,4031200.0,small,WIN_small_5345f9724134efb9,0.515606120772472,3200,0.515606120772472,0.07936506567827542,density,0.5021143759296752,0.5290978656152687,4,0,0,4028400,4032800,4,a882de496fa37e694db0de8f62a86bf409dcee0f29064a6bd74e6a7e90888b89,3200,4159600,1450
MSREG_small_63f1a54f220f39c6,MG1655,4384000,4387200,4385600.0,small,WIN_small_63f1a54f220f39c6,0.5151412313766097,3200,0.3913516056755559,0.5151412313766097,shape,0.3979400086720376,0.6485041136236076,3,0,0,4384000,4388000,3,19f270dc2772cc2ae9fe2e82893a201117c18b40621a5c06372132b45ad42e4a,3200,4160400,1451
MSREG_small_100748b9a785b9d9,MG1655,1977600,1980800,1979200.0,small,WIN_small_100748b9a785b9d9,0.5149864891550789,3200,0.5149864891550789,0.035669182071910596,density,0.5760944282914923,0.45387855001866556,7,1,0,1975200,1982000,8,1ee8ded2f0e197af7474b3221d298234e77aa6af1155af4429092e7389aea142,3200,4163200,1452
MSREG_small_01a7b2a40a873392,MG1655,3630000,3633200,3631600.0,small,WIN_small_01a7b2a40a873392,0.5147984376476741,3200,0.5147984376476741,0.36263971692512365,density,0.5745461397286317,0.45505073556671644,2,0,0,3629600,3633200,2,82bfb75ae9340459bf6e3e932bb9622b2ea5160ffe706d9d4b4e6a482850a534,3200,4163600,1453
MSREG_small_a7e4029fca3cc682,MG1655,751600,754800,753200.0,small,WIN_small_a7e4029fca3cc682,0.5144812088594952,3200,0.3039717926725817,0.5144812088594952,shape,0.8245953726792888,0.2973408273386633,2,0,0,751200,754800,2,e017a5d632eb5c785df37f065f998e1ef72fccfb3d286bbd86944144a3a8acfa,3200,4164000,1454
MSREG_medium_d3c379fbd011900a,MG1655,1376000,1382400,1379200.0,medium,WIN_medium_d3c379fbd011900a,0.5132709607284442,6400,0.024824888198631156,0.5132709607284442,shape,0.44796302597844906,0.5785788954784394,12,4,0,1373600,1382400,16,5e96c8c5ec5eef60074ed8a5c6418d158b769592ee8e2f508a98e0f32fbd4942,6400,4168800,1455
MSREG_small_c2f62c0c7d5cd42a,MG1655,855200,858400,856800.0,small,WIN_small_c2f62c0c7d5cd42a,0.513173370819753,3200,0.14272703421387484,0.513173370819753,shape,0.5332939802088768,0.4930527614306293,2,0,0,854800,858400,2,7db99664d62d016a4ed0a561c668500cc62c686f157fdf636518bf4d0e5745ad,3200,4169200,1456
MSREG_medium_e17cb43d5f222e82,MG1655,2123200,2129600,2126400.0,medium,WIN_medium_e17cb43d5f222e82,0.5130360799689813,6400,0.03833760603892583,0.5130360799689813,shape,0.36831201841189826,0.6577601415260643,12,4,0,2120800,2129600,16,9f4232c18d6cb555ba0ca3d18f41e6ac51059f69f79f94e329ae59b98747518d,6400,4174000,1457
MSREG_small_007d581a221ddbc5,MG1655,557600,560800,559200.0,small,WIN_small_007d581a221ddbc5,0.5099245526951899,3200,0.5099245526951899,0.07071033884430324,density,0.5318907657994388,0.4879583395909409,1,0,0,557600,560800,1,46f6358054941538bc90f08942d5909fbf5a03c9e2fe4c8928eccb2d3cea09f8,3200,4174000,1458
MSREG_small_5eaa9bb2e5d6794b,MG1655,669200,672400,670800.0,small,WIN_small_5eaa9bb2e5d6794b,0.5097979731282413,3200,0.5097979731282413,0.31184513807092396,density,0.49049808064121375,0.5290978656152687,1,0,0,669200,672400,1,2218ed485a874eb2e0e77cb2f7a5b54e5937035b1c2d2fb69fdeb451f40ceedf,3200,4174000,1459
MSREG_small_eda351615d88aff2,MG1655,1374400,1377600,1376000.0,small,WIN_small_eda351615d88aff2,0.5093005366413721,3200,0.018286625586320777,0.5093005366413721,shape,0.3216844745777841,0.69691659870496,4,1,0,1372800,1379200,5,75437d6f43ee2d9705c0b062eeb2902b14c83b460d843bac33cf28d82a636657,3200,4175600,1460
MSREG_small_0bc271e1d569d90b,MG1655,1975200,1978400,1976800.0,small,WIN_small_0bc271e1d569d90b,0.5087067377439024,3200,0.4987210147366491,0.5087067377439024,shape,0.530492070606874,0.5073786159220324,3,0,0,1975200,1979200,3,ba6568a535b6c5aace551dcb67494cebde3d3fb88c3e202361b2ef94407686e1,3200,4176400,1461
MSREG_small_73b61b0238255a25,MG1655,397600,400800,399200.0,small,WIN_small_73b61b0238255a25,0.508065957642546,3200,0.508065957642546,0.0988353460578712,density,0.5127074494270993,0.5034244658579927,4,0,0,396400,400800,4,5a1345dd14d89bd1a2f3a4dec1f54319e804fde71f96f4c4787462f5b29b0cb1,3200,4178000,1462
MSREG_small_d22611c17e95315a,MG1655,2285600,2288800,2287200.0,small,WIN_small_d22611c17e95315a,0.5063235431505773,3200,0.2534008401597987,0.5063235431505773,shape,0.4779453431678874,0.5347017431332672,5,0,0,2285200,2290000,5,c9d70222dfba303c9a6fefc1b05d709208f8c7b87e0cd0fddf15fc1a6176d274,3200,4180000,1463
MSREG_small_8fac6c6d15c06b59,MG1655,4354800,4358000,4356400.0,small,WIN_small_8fac6c6d15c06b59,0.503545400045643,3200,0.19301134988974178,0.503545400045643,shape,0.38177834912961195,0.6253124509616739,7,1,0,4353600,4360000,8,f163ebc11c97f227ba7be09b759bb43b97d38c700cdbb660c0ecdc96505735e5,3200,4183200,1464
MSREG_small_c28fb038fc598ca1,MG1655,3479200,3482400,3480800.0,small,WIN_small_c28fb038fc598ca1,0.5035374678712177,3200,0.2751814854833011,0.5035374678712177,shape,0.3567344790788306,0.6503404566636048,5,0,0,3478800,3483600,5,666c69d94f22bfef2cb9d8f7d8b496020577e60cd7e665ebc9d03d128d3e875c,3200,4185200,1465
MSREG_small_7326f79a2c701de0,MG1655,3678400,3681600,3680000.0,small,WIN_small_7326f79a2c701de0,0.5022109300427332,3200,0.5022109300427332,0.15931029563917015,density,0.511369098654837,0.4930527614306293,4,2,0,3674400,3681600,6,d9468ae133ae2b7608a86e8a0f694e217527ac80fd84d485ee190d9a536f21fe,3200,4186800,1466
MSREG_small_a6af19e9b2d9129f,MG1655,3970800,3974000,3972400.0,small,WIN_small_a6af19e9b2d9129f,0.5002235004306604,3200,0.40692336245056715,0.5002235004306604,shape,0.5347017431332672,0.4657452577280536,1,0,0,3970800,3974000,1,60c7486f4404fcda1481e457490c896750b1b6e0da08b62982565af93a06b503,3200,4186800,1467
MSREG_small_ec7c82a31fce52d8,MG1655,3927200,3930400,3928800.0,small,WIN_small_ec7c82a31fce52d8,0.499663719122889,3200,0.499663719122889,0.1803784562713065,density,0.4879583395909409,0.511369098654837,5,0,0,3926800,3931600,5,5e50561b31b607545c38556eed1a26a625c730cd6137ff8ec038b0dcd484cf30,3200,4188400,1468
MSREG_small_99e5d23d6679bb7b,MG1655,2416000,2419200,2417600.0,small,WIN_small_99e5d23d6679bb7b,0.49959555172601733,3200,0.34763751633157025,0.49959555172601733,shape,0.35955153424406333,0.7752791932719049,3,0,0,2415200,2419200,3,da7755fb8fc995572b8c1611395619095e6375db4e39b2a0a22a758cb4bebfe8,3200,4189200,1469
MSREG_medium_091ae5beefbc207a,MG1655,4315200,4321600,4318400.0,medium,WIN_medium_091ae5beefbc207a,0.4990526090204589,6400,0.1359032459369433,0.4990526090204589,shape,0.4831954024318556,0.5149098156090622,10,4,0,4313600,4322400,14,4b274616ea842148bd73d6ebb3269b1bb6e2e83786da1da76ffbd865302e151f,6400,4193200,1470
MSREG_small_0685d3a4c0c21721,MG1655,1025600,1028800,1027200.0,small,WIN_small_0685d3a4c0c21721,0.49896553027550095,3200,0.49896553027550095,0.10404138993098724,density,0.48922635357757643,0.5087047069734254,4,0,0,1024400,1028800,4,f5ef0928cfed0791bc6fad8156cc731be54a96f6ba12f607c54d4e7a47af5f03,3200,4194800,1471
MSREG_small_46ca63ad215abb34,MG1655,396000,399200,397600.0,small,WIN_small_46ca63ad215abb34,0.49886070418562956,3200,0.19202465530977536,0.49886070418562956,shape,0.3877687128187994,0.6099526955524597,1,0,0,396000,399200,1,370aed6211089ec4560bb81c32b7e9beabac3e6a617cb99e606fb7dced7a5342,3200,4194800,1472
MSREG_small_275af84ac924b188,MG1655,2153200,2156400,2154800.0,small,WIN_small_275af84ac924b188,0.4983644383139769,3200,0.4983644383139769,0.04714208251469894,density,0.4866940170621814,0.5100348595657724,4,0,0,2153200,2157600,4,3b70e3b7b857e2be792c5e42a2e0c10f3597880d1e63b2649fadefdbb12caf04,3200,4196000,1473
MSREG_small_176d090a9bda157e,MG1655,4452400,4455600,4454000.0,small,WIN_small_176d090a9bda157e,0.49835862941640285,3200,0.30185898012425527,0.49835862941640285,shape,0.38676456328034603,0.6099526955524597,4,0,0,4451200,4455600,4,3b420c7f02b3b4b0b59ec4bbd2d768525044daa11e95d114c542de63e69e04e1,3200,4197600,1474
MSREG_small_f018cc1c43cbbcb4,MG1655,4423200,4426400,4424800.0,small,WIN_small_f018cc1c43cbbcb4,0.49766847775648665,3200,0.49766847775648665,0.08358178176525455,density,0.5073786159220324,0.4879583395909409,4,0,0,4422000,4426400,4,a5ce51bad5858602f22040af306c03e3e88615f1504b95cf20757386db6c2558,3200,4199200,1475
MSREG_small_7b824f608a7a5efb,MG1655,3002000,3005200,3003600.0,small,WIN_small_7b824f608a7a5efb,0.4975835686801523,3200,0.4975835686801523,0.08473993992332181,density,0.5021143759296752,0.4930527614306293,4,2,0,2997600,3005200,6,4e74c857e74ecfc47c10b197a254b0cd8c1d3036e8cc8cc8210d9ff25172e43f,3200,4200800,1476
MSREG_large_b2bf0d5b53801714,MG1655,2838400,2851200,2844800.0,large,WIN_large_b2bf0d5b53801714,0.49708522816963807,12800,0.0596850544176048,0.49708522816963807,shape,0.39211046501131375,0.6020599913279624,16,8,3,2838400,2854400,27,3061f0ab9178c32df2cf2a8377b8929050268e37d390836d95f20d65529a9fb2,12800,4207200,1477
MSREG_small_5e7d657cf68fab71,MG1655,849600,852800,851200.0,small,WIN_small_5e7d657cf68fab71,0.49505924146008706,3200,0.49505924146008706,0.24168107286962429,density,0.4866940170621814,0.5034244658579927,1,0,0,849600,852800,1,b9a4a9fef018a6613d6cb1e369b87af8c934d54c8077dd5a206bc61e63c462ac,3200,4207200,1478
MSREG_small_6a82ea8fd676425d,MG1655,3626400,3629600,3628000.0,small,WIN_small_6a82ea8fd676425d,0.49483432307904773,3200,0.49483432307904773,0.2458746641762719,density,0.5263228115604965,0.4633458345975989,4,0,0,3625200,3629600,4,7381887e5908b823775749c29786870087b7c1c53b2bf91f4f9683ab3cd18b4e,3200,4208800,1479
MSREG_small_dfc346df1766859f,MG1655,3786800,3790000,3788400.0,small,WIN_small_dfc346df1766859f,0.4943832828591663,3200,0.4943832828591663,0.1668190623339907,density,0.4879583395909409,0.5008082261273916,1,0,0,3786800,3790000,1,f414f890ad86cc397fe17aba724d97a6701fb8ca2a3e1fa4dfd0258832f92d27,3200,4208800,1480
MSREG_small_a63c20b3569be08c,MG1655,3372800,3376000,3374400.0,small,WIN_small_a63c20b3569be08c,0.493732166206544,3200,0.493732166206544,0.2268998885530263,density,0.499505992822147,0.4879583395909409,4,2,0,3368800,3376000,6,891112dd2d068a21dced2113a26e2fa23f7abbdf9af4d2ddba39a7744a90b2df,3200,4210400,1481
MSREG_small_2b40a0cb37560e0e,MG1655,4532800,4536000,4534400.0,small,WIN_small_2b40a0cb37560e0e,0.4934783235175115,3200,0.4934783235175115,0.12070602046237495,density,0.5127074494270993,0.4742491976079236,4,1,0,4529600,4536000,5,3196fffd6fc0378e7a83406add3a262b4254a1a67dcc4099b50d9ef2c2b4fa46,3200,4212000,1482
MSREG_small_a44d684f54d24c0e,MG1655,232400,235600,234000.0,small,WIN_small_a44d684f54d24c0e,0.49336854325825286,3200,0.49336854325825286,0.3655128965483834,density,0.5221931974159599,0.4645438891005458,1,0,0,232400,235600,1,c3382d0a7fd80c296d702e471250ffa03ef7100b551b3929c3113da8a254b726,3200,4212000,1483
MSREG_small_4f2ee238b288de73,MG1655,4072000,4075200,4073600.0,small,WIN_small_4f2ee238b288de73,0.49317372535041526,3200,0.49317372535041526,0.33572441400120945,density,0.48292298484283774,0.5034244658579927,3,0,0,4071200,4075200,3,8156def4da8036f7ad9b4a675091d4d8a4f085615f4c05c7430e37749f0b547f,3200,4212800,1484
MSREG_medium_20656557aa291948,MG1655,1660000,1666400,1663200.0,medium,WIN_medium_20656557aa291948,0.4930203533197686,6400,0.04553988560752299,0.4930203533197686,shape,0.471130891030475,0.5149098156090622,8,2,0,1660000,1667600,10,f38df9b43fc52cada6d58ed1c59ceab4142738930ac789ab898f80ffe4a8f268,6400,4215600,1485
MSREG_small_005ba5c22632629a,MG1655,2429200,2432400,2430800.0,small,WIN_small_005ba5c22632629a,0.49249229348416323,3200,0.49249229348416323,0.4333861048784069,density,0.48417636084093485,0.5008082261273916,2,0,0,2428800,2432400,2,a726a0d4a28936439639813d41392aa04a046dc00f83a54abe3667732f817a61,3200,4216000,1486
MSREG_small_9a758ccfc2642568,MG1655,2208400,2211600,2210000.0,small,WIN_small_9a758ccfc2642568,0.49207430059099255,3200,0.06829000169745764,0.49207430059099255,shape,0.6082791116628935,0.3758694895190916,5,2,0,2206400,2213600,7,216baec00980afda4e3feac431be246a7cdd3f69d9e638331fa71736c18abdc0,3200,4218000,1487
MSREG_small_301b64814b7ccf4e,MG1655,1024000,1027200,1025600.0,small,WIN_small_301b64814b7ccf4e,0.4917904491766569,3200,0.4917904491766569,0.16924778073877966,density,0.4879583395909409,0.4956225587623728,2,0,0,1023600,1027200,2,0807b8fb2e3fe2c95258cacb8bbd33fd0f8ea69b0b96d15fef59f7da14e0cf67,3200,4218400,1488
MSREG_medium_b5b2978e45930f68,MG1655,612000,618400,615200.0,medium,WIN_medium_b5b2978e45930f68,0.49171724128955124,6400,0.035600674741224254,0.49171724128955124,shape,0.46522203141995466,0.5182124511591478,9,5,0,609600,619200,14,308ea9d2da589cba265f826ace5dcdd46b66525965220863357119657fb2aeae,6400,4221600,1489
MSREG_small_235df32f8a646cce,MG1655,3482000,3485200,3483600.0,small,WIN_small_235df32f8a646cce,0.4886701074591995,3200,0.4886701074591995,0.16798223566706297,density,0.48042703267453163,0.4969131822438674,4,0,0,3480800,3485200,4,b870185e5186a90cd920524ca45abec2c9429ad64b4bda92694e2db647444916,3200,4222800,1490
MSREG_medium_5580ca306f0eba1d,MG1655,1592800,1599200,1596000.0,medium,WIN_medium_5580ca306f0eba1d,0.4878321744963363,6400,0.051801445653148176,0.4878321744963363,shape,0.4831954024318556,0.492468946560817,7,2,0,1592800,1600000,9,50a2e471fddcc4fa4ec1e5c2725ef042048ce1c8cf642d4cb3dfab75316b9fb5,6400,4225200,1491
MSREG_small_00af21e0cd4d32cb,MG1655,2538400,2541600,2540000.0,small,WIN_small_00af21e0cd4d32cb,0.4866903470816857,3200,0.13699479192585443,0.4866903470816857,shape,0.3339436005100912,0.6394370936532802,4,0,0,2538400,2542800,4,e0c40d2ae7b15f57146474005989a389e29c756d90f4d022212d92f2742dffaf,3200,4226800,1492
MSREG_small_a7c53d409739a934,MG1655,3172000,3175200,3173600.0,small,WIN_small_a7c53d409739a934,0.4854406622168893,3200,0.4854406622168893,0.20542113194846542,density,0.48292298484283774,0.4879583395909409,4,0,0,3170800,3175200,4,0c7e8b684705d24cf5c95c4b2b8de833e6fa6ccb08b1710945d88b340eaae034,3200,4228400,1493
MSREG_small_47da25b96a1d9487,MG1655,4550400,4553600,4552000.0,small,WIN_small_47da25b96a1d9487,0.4850888295586143,3200,0.4850888295586143,0.27026528217095575,density,0.4693694329898371,0.5008082261273916,3,0,0,4549600,4553600,3,cd7d4231514ad32f87709692f2023cacaf66b1297b2a336e068eaa3451f58b40,3200,4229200,1494
MSREG_small_1f7c06652ab30724,MG1655,779200,782400,780800.0,small,WIN_small_1f7c06652ab30724,0.48396424366063706,3200,0.48396424366063706,0.04621518475103203,density,0.5140499373026086,0.45387855001866556,4,0,0,779200,783600,4,f8b9a092d44555d5cfaefff9817cdbddf65bf004064ee7b8a3cbe54db1efdbb1,3200,4230800,1495
MSREG_small_7c5f38428463392b,MG1655,2653600,2656800,2655200.0,small,WIN_small_7c5f38428463392b,0.48351169501955726,3200,0.40156474640250595,0.48351169501955726,shape,0.6672266024405887,0.3989703637980431,1,0,0,2653600,2656800,1,8c51f03512beefacc9041580629ee84814e50c22a37ac0518a3942c404169f4c,3200,4230800,1496
MSREG_small_986b479aef2ff766,MG1655,1608400,1611600,1610000.0,small,WIN_small_986b479aef2ff766,0.482730105263637,3200,0.18985966552237243,0.482730105263637,shape,0.33840709798929897,0.6270531125379751,2,0,0,1608000,1611600,2,d0c34494155140eb6e02aee3a57c264522f47f3fdbaba7db9bf963bed74ce0c5,3200,4231200,1497
MSREG_small_d2a47bb8f7fbc471,MG1655,3299600,3302800,3301200.0,small,WIN_small_d2a47bb8f7fbc471,0.4825788057316452,3200,0.4825788057316452,0.08457081864789215,density,0.46694995886642415,0.4982076525968662,4,0,0,3299600,3304000,4,9ad94290ca45fa8258c4ff941b3e50f6cc68820d3332162984b1a6810101ff0e,3200,4232800,1498
MSREG_medium_f0cf4684c1b6da23,MG1655,722400,728800,725600.0,medium,WIN_medium_f0cf4684c1b6da23,0.4820354480452291,6400,0.037823181806887554,0.4820354480452291,shape,0.3778051719457276,0.5862657241447305,6,1,0,722400,729200,7,1a3ba93f0318b13a2d8f5e7e26a675744c802cecc381db8ab73c3adbae58c5f1,6400,4234800,1499
MSREG_small_44b4abad8722c434,MG1655,3831200,3834400,3832800.0,small,WIN_small_44b4abad8722c434,0.48128625881439846,3200,0.48128625881439846,0.0637340826607132,density,0.4956225587623728,0.46694995886642415,1,0,0,3831200,3834400,1,18efd12ad9123cf5c0cc4d913cec1e4ca8b42984489b395c103a8b496ba826bc,3200,4234800,1500
MSREG_small_fa300a938ac28706,MG1655,2821600,2824800,2823200.0,small,WIN_small_fa300a938ac28706,0.4811037685994324,3200,0.37197877338996865,0.4811037685994324,shape,0.5549051292215542,0.4073024079773105,3,0,0,2821600,2825600,3,e57a42c4db3e8a4f1bc3931aae13dced2122c033999e4ea5e6c452952f56ddbd,3200,4235600,1501
MSREG_small_887b976dff6cf8cc,MG1655,2932400,2935600,2934000.0,small,WIN_small_887b976dff6cf8cc,0.4810608520044111,3200,0.4810608520044111,0.18477860371685048,density,0.48417636084093485,0.4779453431678874,5,0,0,2932000,2936800,5,c3d044b7b78f6d3089d6ea3d990cd884ba59f320849121296b23a650267a82e0,3200,4237200,1502
MSREG_small_108c2178e87b8bc4,MG1655,3668000,3671200,3669600.0,small,WIN_small_108c2178e87b8bc4,0.48095895907246783,3200,0.24337453362249994,0.48095895907246783,shape,0.4201080870135292,0.5418098311314065,4,0,0,3668000,3672400,4,38e0fe1d77351b17d706c8b11c3c3d72058e7ec04eb320be8665a22b13a79038,3200,4238400,1503
MSREG_small_d073ceef02d615ed,MG1655,3983200,3986400,3984800.0,small,WIN_small_d073ceef02d615ed,0.47893638871055205,3200,0.3692297040036742,0.47893638871055205,shape,0.4969131822438674,0.4609595951772367,1,0,0,3983200,3986400,1,73a1740a48fa0c89b326b87bb7864c9607c7ecdb3e939b67af6bd7c5787b917c,3200,4238400,1504
MSREG_small_a374284d0505bb21,MG1655,1444000,1447200,1445600.0,small,WIN_small_a374284d0505bb21,0.4784729844968455,3200,0.2606153548869802,0.4784729844968455,shape,0.5100348595657724,0.44691110942791856,1,0,0,1444000,1447200,1,3ac4a174ae253c14a57a305f7b725a7bfe9f5b996a62fffed7cfe73099ebf75f,3200,4238400,1505
MSREG_small_aedd3930d6e103d5,MG1655,4224400,4227600,4226000.0,small,WIN_small_aedd3930d6e103d5,0.4780317250260092,3200,0.4780317250260092,0.23581336751644214,density,0.4693694329898371,0.4866940170621814,4,0,0,4224400,4228800,4,d2ec992e134fabc290704d55400a227ef9c12db78f29dfc4ed1aeedb12023167,3200,4239600,1506
MSREG_small_ba16d360ef6a32db,MG1655,3139600,3142800,3141200.0,small,WIN_small_ba16d360ef6a32db,0.4777216153140414,3200,0.4777216153140414,0.38309077776136513,density,0.5073786159220324,0.4480646147060504,3,0,0,3139200,3143200,3,f2eb9940fb725e80f7681af39c3e6373ddb0d832c0471bd3c29954a08a16114d,3200,4240400,1507
MSREG_small_a8c7f75bbf974fe0,MG1655,3578400,3581600,3580000.0,small,WIN_small_a8c7f75bbf974fe0,0.47672556962657453,3200,0.47672556962657453,0.3639036548056661,density,0.580772690569263,0.48042703267453163,4,2,1,3578400,3592000,7,11958cbdb6bc6021d56305e67d9fbe68ad2812c88e63a7fc9c3e6f51a3b18fb0,3200,4242000,1508
MSREG_small_fb61c7890f25d9f6,MG1655,1849200,1852400,1850800.0,small,WIN_small_fb61c7890f25d9f6,0.47558931114424546,3200,0.47558931114424546,0.47228960830518474,density,0.5277081220872629,0.4657452577280536,1,0,0,1849200,1852400,1,5c4ff19220b76749d0765bd65f6529d267c2f1ba8dde8dbfcb9e5ec5765eaaa7,3200,4242000,1509
MSREG_small_155715c100593d95,MG1655,4510000,4513200,4511600.0,small,WIN_small_155715c100593d95,0.4753366471645446,3200,0.4753366471645446,0.3048373201506652,density,0.4956225587623728,0.45505073556671644,4,0,0,4508800,4513200,4,b320657021c0dd296a9fcb5ca9c0a65f20d64772c13f098ff9df9c47245e4074,3200,4243600,1510
MSREG_small_775b2b329f169fc0,MG1655,2701200,2704400,2702800.0,small,WIN_small_775b2b329f169fc0,0.4742942550150488,3200,0.3679589021885341,0.4742942550150488,shape,0.351154601697994,0.7928035382554376,4,0,0,2700000,2704400,4,652f9882c3eab345bd19f0597f2dd8c72e3df8546783f15600b4852543e36f31,3200,4245200,1511
MSREG_small_85bb788559fcdad3,MG1655,1185200,1188400,1186800.0,small,WIN_small_85bb788559fcdad3,0.47303961457270877,3200,0.47303961457270877,0.24567197020949766,density,0.4693694329898371,0.47670979615558046,2,0,0,1184800,1188400,2,5436a923675161f4580340054f608097dc3e5bb840b5b5d21bd5216b01d42cb3,3200,4245600,1512
MSREG_small_4180d9ce123a4c3c,MG1655,3000000,3003200,3001600.0,small,WIN_small_4180d9ce123a4c3c,0.4723273906646487,3200,0.13053699898112978,0.4723273906646487,shape,0.351154601697994,0.5935001796313034,5,2,0,2996000,3003600,7,08d256646f434821a69c61e7ec9549eeb67a48b16c4261325fa201064dba3b8f,3200,4247600,1513
MSREG_small_978422e1c583a58b,MG1655,636400,639600,638000.0,small,WIN_small_978422e1c583a58b,0.47197558228235803,3200,0.2972587482081832,0.47197558228235803,shape,0.3339436005100912,0.6908139997181062,4,0,0,636000,640400,4,c66fb0431772d50139f8d4c5fe8ab4ccf93465dee7323103380f6aad64d2431d,3200,4248800,1514
MSREG_medium_7fe2b94f8db65910,MG1655,338400,344800,341600.0,medium,WIN_medium_7fe2b94f8db65910,0.4714979350034068,6400,0.0394398786644426,0.4714979350034068,shape,0.4893557111366741,0.45364015887013953,13,4,0,336000,345200,17,aa368e1cfae013f92eb2230ccbff7ea7980593b68e9481bb9f3fe4e163d36249,6400,4254000,1515
MSREG_small_a6c280dec21910e9,MG1655,168400,171600,170000.0,small,WIN_small_a6c280dec21910e9,0.471203604331658,3200,0.2090462434287803,0.471203604331658,shape,0.4742491976079236,0.4681580110553923,4,0,0,168400,172800,4,c97c9ee3b18d65578cc3178a99bc2496f4b54f4b1b2ba59755a211c6ed59730e,3200,4255600,1516
MSREG_small_57242e301f57ccd3,MG1655,2998000,3001200,2999600.0,small,WIN_small_57242e301f57ccd3,0.4704769308230399,3200,0.34674756737707724,0.4704769308230399,shape,0.35955153424406333,0.6016485327638804,5,3,0,2993600,3001600,8,20aac15aaf67ab567a56e0114c219440dce79931e98210c3676ab65310107c8c,3200,4257600,1517
MSREG_small_d61c5e9ccd83e195,MG1655,1438800,1442000,1440400.0,small,WIN_small_d61c5e9ccd83e195,0.4701145039565609,3200,0.3049540973736742,0.4701145039565609,shape,0.511369098654837,0.42885990925828477,3,0,0,1438400,1442400,3,69bf2a689af19558d4af89418e04179b7baf63bd19fda03894f57d0ba051e9d8,3200,4258400,1518
MSREG_small_45bd02699a3abb26,MG1655,206800,210000,208400.0,small,WIN_small_45bd02699a3abb26,0.46963051084422425,3200,0.36242425195058,0.46963051084422425,shape,0.3567344790788306,0.6167122791997564,7,4,0,204000,212800,11,fab02495cbd2659812dfa38c39e4a8def31edde1cb6c7b7f3e6417c359cc188e,3200,4261200,1519
MSREG_small_26267e19364a14b5,MG1655,2802000,2805200,2803600.0,small,WIN_small_26267e19364a14b5,0.4670320748137555,3200,0.1742082792148427,0.4670320748137555,shape,0.4754777542458889,0.45858639538162216,4,0,0,2800800,2805200,4,b9308867561ad44217593b04eb724321f966a7fced6a8e5b9370857debdd47ae,3200,4262800,1520
MSREG_small_a676d1e719db9ceb,MG1655,4338800,4342000,4340400.0,small,WIN_small_a676d1e719db9ceb,0.466357633793718,3200,0.466357633793718,0.41442627704882024,density,0.4693694329898371,0.4633458345975989,1,0,0,4338800,4342000,1,9c74dd077dfe99f1772728732de0f2098068235cc0b802584f8e344877b21436,3200,4262800,1521
MSREG_small_63c0d444fabf79c4,MG1655,294800,298000,296400.0,small,WIN_small_63c0d444fabf79c4,0.4663559628454942,3200,0.4663559628454942,0.26028649196289844,density,0.5060565616837371,0.42665536400725124,6,2,0,294000,301600,8,3f9efae6715925c47c182464fed4f0f8c7d2f9ac303b70bc753fc95fd5102688,3200,4265200,1522
MSREG_small_974d72246ba2ceed,MG1655,1065600,1068800,1067200.0,small,WIN_small_974d72246ba2ceed,0.4659119465932765,3200,0.4659119465932765,0.17927628565792186,density,0.45387855001866556,0.4779453431678874,4,2,1,1065600,1078400,7,1c3316ef00e518474e0939244189a9d638f229b292f9490cf9caa126aad1a655,3200,4266800,1523
MSREG_small_dfbded930643581f,MG1655,2555600,2558800,2557200.0,small,WIN_small_dfbded930643581f,0.4652077251497896,3200,0.4652077251497896,0.06278402663923949,density,0.44118909672200274,0.48922635357757643,4,0,0,2554400,2558800,4,8fab1f773b2e9576bf5c15851615c2a33828707575ca1315b807804a821b0910,3200,4268400,1524
MSREG_small_c6dd5eccae4f283f,MG1655,3812800,3816000,3814400.0,small,WIN_small_c6dd5eccae4f283f,0.4646035513105151,3200,0.4646035513105151,0.148214359849794,density,0.47180246166083634,0.45740464096019384,3,0,0,3812800,3816800,3,3c946c62793e5b7f754d5c20570ebb650d0b5d1f3b2e4b67054f546bf8af7761,3200,4269200,1525
MSREG_small_79c3af0249c59e7e,MG1655,1498000,1501200,1499600.0,small,WIN_small_79c3af0249c59e7e,0.4629654940307866,3200,0.4629654940307866,0.380789066138568,density,0.47670979615558046,0.44922119190599263,4,0,0,1496800,1501200,4,b05437abcd9bd2cc90a01cf54d406468eb5f168186c1f8cd25699e2327e769ca,3200,4270800,1526
MSREG_small_5ff058ad59bdbf24,MG1655,3032400,3035600,3034000.0,small,WIN_small_5ff058ad59bdbf24,0.4607071030923944,3200,0.3507637151483671,0.4607071030923944,shape,0.48922635357757643,0.43218785260721226,4,0,0,3032400,3036800,4,1bc50f10267ee2af39f83e92b0a4a1b27e563cb4e8479de143882f371db335c7,3200,4272000,1527
MSREG_small_a368e36e83c81a38,MG1655,57200,60400,58800.0,small,WIN_small_a368e36e83c81a38,0.4606615229106098,3200,0.4606615229106098,0.11711672814881324,density,0.47670979615558046,0.44461324966563914,2,0,0,57200,60800,2,4cfc4c3ea09fef5123b04ae04fb30a53595be494b7309c54bfff22d936d4576a,3200,4272400,1528
MSREG_small_e131ba18f3dd8c58,MG1655,3714400,3717600,3716000.0,small,WIN_small_e131ba18f3dd8c58,0.46031185064863966,3200,0.20967198344632354,0.46031185064863966,shape,0.3788138701658729,0.5418098311314065,7,1,0,3712800,3719200,8,9f7428c6f4618c3d1b030e2ec985824f3ad7e1539881e8333f5a2f65ef2607d4,3200,4275600,1529
MSREG_small_ff32f90f8e06f687,MG1655,3740000,3743200,3741600.0,small,WIN_small_ff32f90f8e06f687,0.45987514521153416,3200,0.45987514521153416,0.3655696151698242,density,0.5127074494270993,0.4503808574332313,3,0,0,3740000,3744000,3,c0399ffc6b654209523c1802dec8975114c99c9b6b5556b1bd53416a3c1b9442,3200,4276400,1530
MSREG_small_3c6dbfe79d28127f,MG1655,1348800,1352000,1350400.0,small,WIN_small_3c6dbfe79d28127f,0.45972274866170737,3200,0.31623901376591435,0.45972274866170737,shape,0.40941063775764225,0.5100348595657724,3,0,0,1348000,1352000,3,4696b57c054225eaeaaa93911d9ce1de3b8bc81ea6ca5caac3eed859e502fc15,3200,4277200,1531
MSREG_small_6521c43907cafebe,MG1655,4294000,4297200,4295600.0,small,WIN_small_6521c43907cafebe,0.45910938139987123,3200,0.45910938139987123,0.0344834786987358,density,0.48042703267453163,0.4377917301252108,7,6,4,4288000,4305600,17,afb3568fa42606e83bbef2f738bd98e1e3c0644edf86ec602611257af5541c1e,3200,4280000,1532
MSREG_small_cc61f0832dcc1276,MG1655,1170800,1174000,1172400.0,small,WIN_small_cc61f0832dcc1276,0.4587815607286613,3200,0.28233343792706733,0.4587815607286613,shape,0.44576065979648616,0.47180246166083634,6,0,0,1169600,1174800,6,56074c400132ca6647c9bccdd98a84f50419d68a50655fa18795ecc9907631c7,3200,4282400,1533
MSREG_small_5cc45c30f4fe94ad,MG1655,4005600,4008800,4007200.0,small,WIN_small_5cc45c30f4fe94ad,0.4586896014806925,3200,0.4586896014806925,0.21086912602300906,density,0.4681580110553923,0.44922119190599263,4,0,0,4004400,4008800,4,a2aab56acd76e4180275b143a745b16f89fa04bb31bb2817daf31b7ef16c7bd1,3200,4283600,1534
MSREG_small_f4f4d9c9d8936061,MG1655,160400,163600,162000.0,small,WIN_small_f4f4d9c9d8936061,0.4586896014806925,3200,0.4586896014806925,0.16097035415863015,density,0.4681580110553923,0.44922119190599263,4,0,0,160400,164800,4,abb2192b809c4cceb8c1e7b03dbcab0048ab082c5e906f132a58dec17ab7f18b,3200,4285200,1535
MSREG_medium_ecda4f4d89d15bb9,MG1655,531200,537600,534400.0,medium,WIN_medium_ecda4f4d89d15bb9,0.4576622217044776,6400,0.11828985502012881,0.4576622217044776,shape,0.4893557111366741,0.42596873227228116,6,1,0,531200,538000,7,40096dcc4b5afdec8bb764c0c4a7cc7202ab3112a7536061bf091699657cbb5f,6400,4287200,1536
MSREG_small_c03d77a503b67c87,MG1655,2120400,2123600,2122000.0,small,WIN_small_c03d77a503b67c87,0.45741105490300865,3200,0.017644918768439967,0.45741105490300865,shape,0.635862633294982,0.27895947651103525,7,4,0,2117600,2126400,11,997bce76081a294122751d7905c192385bc5e91fee175a11b51fcb4870f175de,3200,4289600,1537
MSREG_medium_9144453aea65613a,MG1655,1032000,1038400,1035200.0,medium,WIN_medium_9144453aea65613a,0.4566592303556783,6400,0.03019073436233385,0.4566592303556783,shape,0.4451520486446206,0.468166412066736,9,3,0,1031200,1039200,12,775ac24dd70c15fc88bad783a020757759fd734bb6ef14d2e3bf7abe8160b81a,6400,4292800,1538
MSREG_small_0efddefe9c0252fd,MG1655,3581600,3584800,3583200.0,small,WIN_small_0efddefe9c0252fd,0.4563170151349091,3200,0.4563170151349091,0.022168132357888934,density,0.5167474272288394,0.39588660304097884,7,4,0,3580000,3588800,11,19d89ee5c0681bc424c7be9b12f419bc938e557e9159321fa3f7ef60a0e3d08e,3200,4296000,1539
MSREG_small_750f0adf3546e120,MG1655,2226000,2229200,2227600.0,small,WIN_small_750f0adf3546e120,0.45561614904410247,3200,0.11425834929977138,0.45561614904410247,shape,0.5886835555995128,0.32254874248869214,3,0,0,2225200,2229200,3,5671a8adada5092a5b1f0d4794ab3ceb6a073776d205c76a365086d313be7f58,3200,4296800,1540
MSREG_small_ad85722aed953c1b,MG1655,2044000,2047200,2045600.0,small,WIN_small_ad85722aed953c1b,0.45526656247270764,3200,0.45526656247270764,0.05438396465291566,density,0.4816732156871305,0.42885990925828477,1,0,0,2044000,2047200,1,3455e00a7ecf11721d5a5b8d2a0ebd186b5baed919f2919ddc1b4b5acd28982e,3200,4296800,1541
MSREG_small_4e3d42ba290c3eac,MG1655,4060000,4063200,4061600.0,small,WIN_small_4e3d42ba290c3eac,0.4543903062769463,3200,0.4543903062769463,0.3965834569706582,density,0.4754777542458889,0.5181024813138054,4,0,0,4058800,4063200,4,3571b1549dbe11f7c4a0cc6b79728926ba95c05028eb9045368a841515c21376,3200,4298000,1542
MSREG_small_cf6436007e7fb844,MG1655,1823600,1826800,1825200.0,small,WIN_small_cf6436007e7fb844,0.4536924688567171,3200,0.1715594763260334,0.4536924688567171,shape,0.4244619528705964,0.48292298484283774,2,0,0,1823600,1827200,2,732cd012322a593144c217a887eaa06d4fc7d2f8302bb2f5729abdf490400c33,3200,4298400,1543
MSREG_small_b96ba6bf3bd5af34,MG1655,1784400,1787600,1786000.0,small,WIN_small_b96ba6bf3bd5af34,0.4511335349318898,3200,0.4511335349318898,0.22700863472709848,density,0.4389212352661807,0.4633458345975989,6,1,0,1781600,1788400,7,6966acbbc0438d40fccc9efefe3eebe5755f1c9984b489e299bc9fe13276b526,3200,4300400,1544
MSREG_small_86c4905195899454,MG1655,2905200,2908400,2906800.0,small,WIN_small_86c4905195899454,0.450971582362358,3200,0.450971582362358,0.058854379149112165,density,0.45387855001866556,0.4480646147060504,2,0,0,2904800,2908400,2,0960190aecf5a3f806c06dd343f7cf3d0041e2280254353b021c0dc0f9bfa5cd,3200,4300800,1545
MSREG_small_3ef36155c6157a35,MG1655,2616400,2619600,2618000.0,small,WIN_small_3ef36155c6157a35,0.4506542565766205,3200,0.3817127091486292,0.4506542565766205,shape,0.3623869816298423,0.6184187430137734,3,0,0,2616400,2620400,3,30573805ca073e15d80d8920cdf0bc36f49429ae2134e65d7823e28424c48c13,3200,4301600,1546
MSREG_small_f22e3a8d356fc107,MG1655,155600,158800,157200.0,small,WIN_small_f22e3a8d356fc107,0.45061540048974014,3200,0.18505565250019096,0.45061540048974014,shape,0.4157974364190429,0.48543336456043734,4,0,0,155600,160000,4,798f71755a15005c22a7f503ea53e312ed75e461252ee94d481029810b653ac7,3200,4303200,1547
MSREG_small_cc741e3aa93ebc74,MG1655,2589200,2592400,2590800.0,small,WIN_small_cc741e3aa93ebc74,0.4499125299521948,3200,0.4499125299521948,0.24722939283851347,density,0.44005368566508873,0.4597713742393008,2,0,0,2588800,2592400,2,d1dad6e01eac4b694ac62573635036c9c20005358bb8744e8bf252fd1ff9d969,3200,4303600,1548
MSREG_small_fa237da34d2084f9,MG1655,1388800,1392000,1390400.0,small,WIN_small_fa237da34d2084f9,0.4489665551676329,3200,0.3247798574302676,0.4489665551676329,shape,0.5684075996252013,0.32952551071006453,1,0,0,1388800,1392000,1,01bd4d3274c137e903f64cf0f1f058160c56c911d7099eb67fd631819ab6806e,3200,4303600,1549
MSREG_medium_b7e6921016c93da6,MG1655,247200,253600,250400.0,medium,WIN_medium_b7e6921016c93da6,0.44870594349544574,6400,0.1569388229724076,0.44870594349544574,shape,0.42329614241095426,0.4741157445799372,8,2,0,246800,254400,10,34985a0bbe110a5e7928fdba449ac8e800bab279df82e40cf6aeb847cc3b414a,6400,4306400,1550
MSREG_small_e92d3145254f908a,MG1655,2799600,2802800,2801200.0,small,WIN_small_e92d3145254f908a,0.4485659143880189,3200,0.19558718062904104,0.4485659143880189,shape,0.38576273012120077,0.511369098654837,5,0,0,2798800,2803600,5,4e9e08c164bf526667d171520a1782dcfa48f9b94f17ae2a859bcf0039f72788,3200,4308000,1551
MSREG_medium_4a0c7fd0f8c29277,MG1655,2886400,2892800,2889600.0,medium,WIN_medium_4a0c7fd0f8c29277,0.44756052866033413,6400,0.06611141484046582,0.44756052866033413,shape,0.38021124171160603,0.5149098156090622,10,1,0,2886400,2893200,11,3a9f1ab3d141eea943369cc0ddf92178b5e4d201794bb7ae332c1fe41b15abe3,6400,4311600,1552
MSREG_small_c3079be0a98f6613,MG1655,3675200,3678400,3676800.0,small,WIN_small_c3079be0a98f6613,0.4457029171654372,3200,0.24910444070756704,0.4457029171654372,shape,0.3438245630215926,0.5475812713092818,7,0,0,3674000,3679600,7,4cda3e6283ba7b2ad303ffdc700c5e2ce00ee5922cd92286442b8a697f2d32a0,3200,4314400,1553
MSREG_small_ccecf4955c2fd4c4,MG1655,3209600,3212800,3211200.0,small,WIN_small_ccecf4955c2fd4c4,0.4439566383302847,3200,0.4439566383302847,0.34659350008925394,density,0.4645438891005458,0.4233693875600236,4,2,0,3205600,3212800,6,a236b14c8a963d728f47e125e86da7b260b764f6da1efcb56201d29d613dadb2,3200,4316000,1554
MSREG_small_53c2c224c7780fa8,MG1655,3816800,3820000,3818400.0,small,WIN_small_53c2c224c7780fa8,0.4435064610156017,3200,0.4435064610156017,0.40356517624267235,density,0.44922119190599263,0.6099526955524597,1,0,0,3816800,3820000,1,70314a2add2c854377f9b5a97ee7082bbaefe20aadef29bdb724afcf9c4df462,3200,4316000,1555
MSREG_small_ab476dbce03fbd06,MG1655,3214400,3217600,3216000.0,small,WIN_small_ab476dbce03fbd06,0.44346435169449205,3200,0.2874306101130184,0.44346435169449205,shape,0.3989703637980431,0.4879583395909409,4,1,0,3212800,3219200,5,e89bda13be7437e623f3fe4b836f756188ecba552626458f444346cebeb07c69,3200,4317600,1556
MSREG_small_04a7d3e0b6f0dd38,MG1655,2164800,2168000,2166400.0,small,WIN_small_04a7d3e0b6f0dd38,0.44294917413148926,3200,0.3021521586146748,0.44294917413148926,shape,0.3979400086720376,0.4879583395909409,4,4,0,2163200,2172000,8,2e254c37db426fd20b24556790c59eb4ff38ee86f0fe5f5211e4d18db69a55eb,3200,4319200,1557
MSREG_small_6d6b6c7bcf5cc4a3,MG1655,1527200,1530400,1528800.0,small,WIN_small_6d6b6c7bcf5cc4a3,0.44161957956209996,3200,0.060484258707921075,0.44161957956209996,shape,0.3148315594989987,0.5684075996252013,7,1,0,1526000,1532800,8,f349c8c5383a2b4911d3c466555c86ef96be7a6d8ac4899042e10aab533a9839,3200,4322000,1558
MSREG_small_50ec3413403019fc,MG1655,3191200,3194400,3192800.0,small,WIN_small_50ec3413403019fc,0.44068967508959717,3200,0.44068967508959717,0.09855227425160418,density,0.47302410657861743,0.4083552436005769,1,0,0,3191200,3194400,1,b8c0d9c6f14110a0d68aad2fea31d5a0e13c7e142e36ad6b9869a2dbd81385cd,3200,4322000,1559
MSREG_small_968e428c4c78ae60,MG1655,260000,263200,261600.0,small,WIN_small_968e428c4c78ae60,0.4406213911935457,3200,0.4406213911935457,0.27005948105426253,density,0.44118909672200274,0.44005368566508873,6,1,0,258800,265600,7,8249856a260ef64482cc9da5fd323fc460029cccba7fc5ea44c66e316b92682a,3200,4324000,1560
MSREG_small_d7c6e7f7ea5db4c2,MG1655,3950800,3954000,3952400.0,small,WIN_small_d7c6e7f7ea5db4c2,0.4402017685416543,3200,0.4402017685416543,0.1166041082134842,density,0.42885990925828477,0.4515436278250239,4,1,0,3950800,3957600,5,662b4392d507058e2c9261934aa53ba05266aa886dcb0f6785b8fe2be0ef007e,3200,4325600,1561
MSREG_medium_db87bb5e7962945e,MG1655,1040000,1046400,1043200.0,medium,WIN_medium_db87bb5e7962945e,0.43959290416047,6400,0.01691303314549438,0.43959290416047,shape,0.43682665986048946,0.4423591484604505,3,2,0,1039200,1046400,5,41fa7d17608045b639959f06b60f8c2ca759c2b66e67aad5b403dae1a0b5ffac,6400,4326400,1562
MSREG_small_362fb9c8f7522e9b,MG1655,2086000,2089200,2087600.0,small,WIN_small_362fb9c8f7522e9b,0.4378943032215685,3200,0.40109162886294825,0.4378943032215685,shape,0.40520436292161877,0.4705842435215183,1,0,0,2086000,2089200,1,5e2ad0616b299264c1de906d7947e05d0434003904fbd69ab5636a7d4ea923f8,3200,4326400,1563
MSREG_small_41f044f0e460385b,MG1655,2210400,2213600,2212000.0,small,WIN_small_41f044f0e460385b,0.4364990745296592,3200,0.4364990745296592,0.12179960793279075,density,0.417947413492602,0.45505073556671644,2,0,0,2210000,2213600,2,08f699c2615485f25911c4c12671391e587b3851b809a75d390efe97dd676dde,3200,4326800,1564
MSREG_small_1d7643e6a1322caf,MG1655,822400,825600,824000.0,small,WIN_small_1d7643e6a1322caf,0.43557774466762844,3200,0.43557774466762844,0.04645596212820984,density,0.44118909672200274,0.4299663926132542,1,0,0,822400,825600,1,db37312d9f8c6e939ed83047aa439dbb59403578502e881cca126eb8bb1d1723,3200,4326800,1565
MSREG_small_509977142f77d89c,MG1655,2095600,2098800,2097200.0,small,WIN_small_509977142f77d89c,0.43553134568434265,3200,0.43553134568434265,0.384005986604013,density,0.6032967111439537,0.41365805040849146,2,0,0,2095200,2098800,2,dc97d2b90dc888e434de25909f577139ccb186dca18e2fc9816b6dd8c861fdf9,3200,4327200,1566
MSREG_small_734e2f6aef325e9b,MG1655,3384000,3387200,3385600.0,small,WIN_small_734e2f6aef325e9b,0.433821516055274,3200,0.35003685030379994,0.433821516055274,shape,0.5886835555995128,0.33483263763100085,5,0,0,3383600,3388400,5,b5c76802425b62ae3f49ab999d6aab7cda04d8d2c1060f25b8e9740492cb5950,3200,4329200,1567
MSREG_small_89786cbbc654382b,MG1655,1683200,1686400,1684800.0,small,WIN_small_89786cbbc654382b,0.433805693767059,3200,0.39263292404241856,0.433805693767059,shape,0.6749475965855508,0.4377917301252108,1,0,0,1683200,1686400,1,4b4e791318c29982b932340feee9eef09f358ccc32a8dcabaa84beaa92cbe8b7,3200,4329200,1568
MSREG_medium_7e5410c9b6870f97,MG1655,3406400,3412800,3409600.0,medium,WIN_medium_7e5410c9b6870f97,0.43289597370591737,6400,0.24366771663338965,0.43289597370591737,shape,0.4206398987672142,0.4451520486446206,6,1,0,3406000,3412800,7,cb06b10f681a0b9844f83cba4d99e94c1470a1d7b048bce0835506cd0042adec,6400,4331200,1569
MSREG_small_d64f1daa9787a423,MG1655,2063200,2066400,2064800.0,small,WIN_small_d64f1daa9787a423,0.4327539436140272,3200,0.21004223830227992,0.4327539436140272,shape,0.5549051292215542,0.3106027580065001,4,2,0,2063200,2070400,6,59a3d18183d5eb226526f1e1f0a2ddbc11129b8a95a747777d4441aaa49f6b57,3200,4332800,1570
MSREG_small_787751f440794261,MG1655,3371200,3374400,3372800.0,small,WIN_small_787751f440794261,0.4327038508225176,3200,0.4327038508225176,0.17415867470065027,density,0.41152915162636966,0.45387855001866556,4,0,0,3370000,3374400,4,7c52ae57c4a61ea0635c3ffaf883dc1826ff169e317ba2876122b0318b2a6194,3200,4334400,1571
MSREG_small_fdb74ed694b4ebe2,MG1655,3153600,3156800,3155200.0,small,WIN_small_fdb74ed694b4ebe2,0.4322007019365424,3200,0.4322007019365424,0.05761711610045077,density,0.42885990925828477,0.4355414946148001,4,1,0,3153600,3160000,5,8aab7f1407b0ac148e818c88b5a4d4ebd0a7f966ea6e61a6846f8f24031d33c7,3200,4336000,1572
MSREG_small_97a6fea0d88c6105,MG1655,4569600,4572800,4571200.0,small,WIN_small_97a6fea0d88c6105,0.4317115366125562,3200,0.4317115366125562,0.3814322652335277,density,0.44005368566508873,0.4233693875600236,1,0,0,4569600,4572800,1,7ef1e7073ed95a8eee6232e14e2ae4d4fcd4f1f5637b07ff6caf5bc9bbdc62d7,3200,4336000,1573
MSREG_medium_66969e4f5f7c0ee3,MG1655,2323200,2329600,2326400.0,medium,WIN_medium_66969e4f5f7c0ee3,0.4309062016136218,6400,0.019008550426262108,0.4309062016136218,shape,0.3301323773682883,0.5316800258589552,8,2,0,2322800,2330400,10,a9367dccfa029943d8c8d4ffd8a7e9c2bcea7bcf63ddea97d899223c26056813,6400,4338800,1574
MSREG_small_cd0a90c1133881c2,MG1655,4151600,4154800,4153200.0,small,WIN_small_cd0a90c1133881c2,0.43085140002078803,3200,0.43085140002078803,0.07730178246558433,density,0.40311640465995396,0.45858639538162216,4,2,0,4151600,4159200,6,be2e9bb860621b341b0685d56c5c66b08fdfa076ca1da8d862f983c449acbed9,3200,4340400,1575
MSREG_small_93b5d7ff99b52a21,MG1655,3518400,3521600,3520000.0,small,WIN_small_93b5d7ff99b52a21,0.4307790481077645,3200,0.4307790481077645,0.09413519481996288,density,0.44576065979648616,0.4157974364190429,4,2,0,3518400,3525600,6,dbf7f54bca232c8b1ff9a9cd271c785b1fe815f00dd978135959a676c3a336b0,3200,4342000,1576
MSREG_small_a720b53440ac69d4,MG1655,4032800,4036000,4034400.0,small,WIN_small_a720b53440ac69d4,0.4295992892405993,3200,0.4295992892405993,0.0185013040427104,density,0.4168710945231065,0.4423274839580922,4,2,0,4032800,4040000,6,ccd4736a228f945ed0bbe7ac79499f913fb1d388482de43609d8227d56f84313,3200,4343600,1577
MSREG_small_342a15f1f43342f2,MG1655,2136000,2139200,2137600.0,small,WIN_small_342a15f1f43342f2,0.42616879828297327,3200,0.17957539057902963,0.42616879828297327,shape,0.44922119190599263,0.40311640465995396,1,0,0,2136000,2139200,1,3bbd230f8531b6ed7911bc9e8ce7486e1cb5fdfc18bae54d56245481ec080a42,3200,4343600,1578
MSREG_small_3abe469ef1e822f9,MG1655,2166400,2169600,2168000.0,small,WIN_small_3abe469ef1e822f9,0.4255918946256869,3200,0.3182098674991374,0.4255918946256869,shape,0.4201080870135292,0.4310757022378447,4,2,0,2166400,2173600,6,d435755d5474e1e629fc26c7cca963aeb72bc0ef7b42ddc9447500d01506f19e,3200,4345200,1579
MSREG_small_55751847e8b39a09,MG1655,3385600,3388800,3387200.0,small,WIN_small_55751847e8b39a09,0.4252473163377366,3200,0.16207125782165038,0.4252473163377366,shape,0.3072491159989123,0.5432455166765608,1,0,0,3385600,3388800,1,347ed6a99d24701d4bd40ba6f0194145b62d2fbe84bafef907f603a52dac1774,3200,4345200,1580
MSREG_small_d5ca7dc0729e10b4,MG1655,546000,549200,547600.0,small,WIN_small_d5ca7dc0729e10b4,0.4244812423553449,3200,0.019146189623934922,0.4244812423553449,shape,0.6908139997181062,0.15814848499258355,3,2,0,544000,551200,5,5fd44a70e53f7d4f0e5f8e548799e0b4ea7f091b1c16c00ac00ecdd9b2c7e14e,3200,4346000,1581
MSREG_small_2d8618cd772e759a,MG1655,2898400,2901600,2900000.0,small,WIN_small_2d8618cd772e759a,0.42324330648253045,3200,0.42324330648253045,0.18795885193542997,density,0.4423274839580922,0.4041591290069687,1,0,0,2898400,2901600,1,442172ae2ab2ee800cb4899163f1bfcee07293ebea2f78aeb9df48749db7b36c,3200,4346000,1582
MSREG_small_04b6c816a69f85f1,MG1655,4353200,4356400,4354800.0,small,WIN_small_04b6c816a69f85f1,0.4225866768894966,3200,0.4225866768894966,0.32660352555436484,density,0.4389212352661807,0.4062521185128125,1,0,0,4353200,4356400,1,b73145002a2b093bb6a3ad4d348a4fd0b4933809599cdbae7d9a62f147173692,3200,4346000,1583
MSREG_small_b4c368172713840d,MG1655,400800,404000,402400.0,small,WIN_small_b4c368172713840d,0.4223900745755219,3200,0.4223900745755219,0.22054390579495742,density,0.4125922965438315,0.43218785260721226,4,0,0,400800,405200,4,91c3266af1569b64cb101f10e072396d352421e88ae2763a03e96af01db186bc,3200,4347600,1584
MSREG_small_757d6f00d0a8fba0,MG1655,1753600,1756800,1755200.0,small,WIN_small_757d6f00d0a8fba0,0.422306845293426,3200,0.36720611443685347,0.422306845293426,shape,0.5194617765765304,0.3604946279521374,3,0,0,1752800,1756800,3,dfa8b29c44e665c4de10398f2aee1827056b69975aa8a80791dfc6b851c323c1,3200,4348400,1585
MSREG_small_8e2811ed09b9f028,MG1655,3870800,3874000,3872400.0,small,WIN_small_8e2811ed09b9f028,0.42228365593043604,3200,0.28487721035872904,0.42228365593043604,shape,0.3502315525048153,0.4943357593560568,7,0,0,3869600,3875200,7,fa4a602388ae6bb0e5ce0acc0aff140ce24c2fa1d0aed74c904698c892b61c55,3200,4351200,1586
MSREG_small_3e1cd2447a6354d3,MG1655,3527600,3530800,3529200.0,small,WIN_small_3e1cd2447a6354d3,0.4218857306109899,3200,0.4218857306109899,0.28342882024901805,density,0.43330285830800375,0.41046860291397597,1,0,0,3527600,3530800,1,563923cd7e59d0675f5bacbc976a0f0bf476ac0867b073650c1bf9ecbd48b5e4,3200,4351200,1587
MSREG_small_1cf9d5a472699eaa,MG1655,4531200,4534400,4532800.0,small,WIN_small_1cf9d5a472699eaa,0.4212413319323274,3200,0.4212413319323274,0.0625673938830738,density,0.4277562378081373,0.4147264260565174,1,0,0,4531200,4534400,1,a2cf420522df6ce55e1a9262fe85aba15ede36802a902bc91a129fc662f204c7,3200,4351200,1588
MSREG_small_df7f516b192da2d9,MG1655,714000,717200,715600.0,small,WIN_small_df7f516b192da2d9,0.41959418946355687,3200,0.41959418946355687,0.37157666076530815,density,0.4244619528705964,0.4147264260565174,2,0,0,714000,717600,2,25e77c851af284403b0719f53640c114f3f4d6dd88b23a6056a77e6cbd00d729,3200,4351600,1589
MSREG_small_2d32ee1ffac78492,MG1655,4332000,4335200,4333600.0,small,WIN_small_2d32ee1ffac78492,0.41956994089917554,3200,0.41956994089917554,0.12728789474737656,density,0.417947413492602,0.42119246830574913,4,0,0,4332000,4336400,4,1874c0b8d6888ed5df2aa532ceb98a5b89b96d31c42546d13b87c9fee2d3b47c,3200,4352800,1590
MSREG_small_188b4331888ae317,MG1655,968000,971200,969600.0,small,WIN_small_188b4331888ae317,0.4188947638932745,3200,0.3642886612702302,0.4188947638932745,shape,0.6558965386076925,0.36524106297659903,3,0,0,967200,971200,3,916343be8aac7b58f58d670d16f2d4ea6eaeef238ba93ad39766ab00c8d4ddb7,3200,4353600,1591
MSREG_small_539a2bd7e95b6355,MG1655,2350800,2354000,2352400.0,small,WIN_small_539a2bd7e95b6355,0.41777233192530555,3200,0.41777233192530555,0.21962791631279552,density,0.38978400405412494,0.44576065979648616,2,0,0,2350800,2354400,2,81f761e8bc480609137dd9970e38558781b6605152f6d9fc9de9edc1cf13403c,3200,4354000,1592
MSREG_small_0955a516e05d6754,MG1655,1423600,1426800,1425200.0,small,WIN_small_0955a516e05d6754,0.4173332447051278,3200,0.4173332447051278,0.3393844619696632,density,0.48417636084093485,0.38078793939159006,7,7,2,1419200,1433600,16,9675cc7d02597fb141e501706c2743e131c6c7619eedc5749d23b4dd48a823b1,3200,4357200,1593
MSREG_medium_3840f7b39701dd83,MG1655,237600,244000,240800.0,medium,WIN_medium_3840f7b39701dd83,0.41595957917578996,6400,0.13652856314154035,0.41595957917578996,shape,0.3754123588298373,0.45650679952174267,12,2,0,237600,245200,14,eb82fa1b52e39f837bd64f494614c5b5149680488fa9a9c24d47d29b4798b235,6400,4361600,1594
MSREG_small_2290daa78ab70fdc,MG1655,2901600,2904800,2903200.0,small,WIN_small_2290daa78ab70fdc,0.4159523840959729,3200,0.18126810460100296,0.4159523840959729,shape,0.3502315525048153,0.4816732156871305,1,0,0,2901600,2904800,1,0e5ff34303808b22891ddd947b587c31f5b85a6860176bf017249a4a2608a6ad,3200,4361600,1595
MSREG_small_43c03efbc9bbf4c6,MG1655,346000,349200,347600.0,small,WIN_small_43c03efbc9bbf4c6,0.4148410660456041,3200,0.09698806561948754,0.4148410660456041,shape,0.3827710226632896,0.44691110942791856,6,3,0,345200,353600,9,17fd5f3f391a9f67542622c9893c5909c9e66b53e29cc985db7b33394d2c6482,3200,4364000,1596
MSREG_small_08fab998f3be4d40,MG1655,1330000,1333200,1331600.0,small,WIN_small_08fab998f3be4d40,0.4142868752408212,3200,0.4142868752408212,0.3398580006780526,density,0.40520436292161877,0.4233693875600236,1,0,0,1330000,1333200,1,d89cc4c609a933f04779b783a3096b5dfbe82ced976e801f8362d47be11c61f6,3200,4364000,1597
MSREG_small_a0de66bfb3393f19,MG1655,203600,206800,205200.0,small,WIN_small_a0de66bfb3393f19,0.4132834597990953,3200,0.4132834597990953,0.1017438921055619,density,0.38877518947297984,0.4377917301252108,4,0,0,203600,208000,4,f8a6d3cdf25565c3c26b903baba441ed6fd8257763b5b6e06e792de312d8aaa4,3200,4365600,1598
MSREG_small_b84275a30daa2ea5,MG1655,898400,901600,900000.0,small,WIN_small_b84275a30daa2ea5,0.41304672716160884,3200,0.17599110012448027,0.41304672716160884,shape,0.5087047069734254,0.3173887473497922,3,0,0,898400,902400,3,e2f4c09ed1e7efb6783dcb89e41bd3703d87eca67e35fbcba911704112e1add1,3200,4366400,1599
MSREG_small_782d36493c4242c8,MG1655,2937600,2940800,2939200.0,small,WIN_small_782d36493c4242c8,0.4127227827093499,3200,0.4127227827093499,0.23677021489283845,density,0.4020761778586763,0.4233693875600236,3,0,0,2936800,2940800,3,2907429cc128ab3d24d4269f0428e9023200f4e5f8f186b38960968803d557cd,3200,4367200,1600
MSREG_small_7848097e1c557d8c,MG1655,1985600,1988800,1987200.0,small,WIN_small_7848097e1c557d8c,0.4115577116748411,3200,0.4115577116748411,0.31377468203551745,density,0.4705842435215183,0.38078793939159006,2,0,0,1985200,1988800,2,63b8df19246f2da561878784e3431e591354dca34bf907e6f2b51ac0b56fcd77,3200,4367600,1601
MSREG_small_a8ba9aa0b3b5fea0,MG1655,2015200,2018400,2016800.0,small,WIN_small_a8ba9aa0b3b5fea0,0.41154992219817665,3200,0.35186056728224013,0.41154992219817665,shape,0.3047507707664372,0.5534304436555485,4,0,0,2015200,2019600,4,9488507ac330b8329986458b831ef4569feafbd00f1d5b7eb42d18e4856aed01,3200,4368800,1602
MSREG_small_a05b16bf0fe8d2bb,MG1655,3861200,3864400,3862800.0,small,WIN_small_a05b16bf0fe8d2bb,0.4110014671507369,3200,0.4110014671507369,0.13980819679748957,density,0.40941063775764225,0.4125922965438315,2,0,0,3860800,3864400,2,2680725ca82632bc73da09a11d1ca11bac4c14e01b7ffeef0b8cb6b9a4952e6d,3200,4369200,1603
MSREG_medium_3c5b9c78ab239ae4,MG1655,587200,593600,590400.0,medium,WIN_medium_3c5b9c78ab239ae4,0.410798551473783,6400,0.021653494709522637,0.410798551473783,shape,0.3875104804531055,0.43408662249446056,1,1,0,587200,593600,2,41001851fdde5d856062f4586f394bd1b605fe93d14e4fa12a83e54d50b2e081,6400,4369200,1604
MSREG_small_50a61f6c50cea644,MG1655,4638400,4641600,4640000.0,small,WIN_small_50a61f6c50cea644,0.4092757026285623,3200,0.4092757026285623,0.17005403513340078,density,0.4277562378081373,0.39079516744898724,4,0,0,4637200,4641600,4,6cee1e0c19986babd710622ceee714caa95f98c85420296bb3b3fcc8299e80c5,3200,4372000,1605
MSREG_small_88e37acf66f17fad,MG1655,3776000,3779200,3777600.0,small,WIN_small_88e37acf66f17fad,0.4088983297327251,3200,0.4088983297327251,0.23271247375071602,density,0.4125922965438315,0.40520436292161877,4,0,0,3776000,3780400,4,235a7134a8464bcf615812f6e88a3561af0139dcea4a8ae702802d5882033f4d,3200,4373600,1606
MSREG_small_9febf3bc7c9bc3d0,MG1655,334400,337600,336000.0,small,WIN_small_9febf3bc7c9bc3d0,0.4082196840306881,3200,0.1688211501699051,0.4082196840306881,shape,0.42665536400725124,0.38978400405412494,4,2,0,334400,341600,6,2e64adf3b8165577fd18177ffdad1b1b7c49cfb519c5e729bb0c986c8889b5fa,3200,4375200,1607
MSREG_medium_9b625d97173863f3,MG1655,2304800,2311200,2308000.0,medium,WIN_medium_9b625d97173863f3,0.40809179575532795,6400,0.0522908942228521,0.40809179575532795,shape,0.3174204118521506,0.4987631796585053,12,4,0,2302400,2311200,16,ae1b64db4639bfb7d7f138a7407a5a14d9df4ce9558f045217f6f61a683c302c,6400,4380000,1608
MSREG_small_d91aabc915411cc0,MG1655,1582800,1586000,1584400.0,small,WIN_small_d91aabc915411cc0,0.4073316906916411,3200,0.05140629608070314,0.4073316906916411,shape,0.5221931974159599,0.2924701839673223,1,0,0,1582800,1586000,1,db1ecc52c6215737c237bf7efd127140823814079f620bb6989062765d9c8e5e,3200,4380000,1609
MSREG_small_df7d3b7401aebcb4,MG1655,2628000,2631200,2629600.0,small,WIN_small_df7d3b7401aebcb4,0.40672012073770514,3200,0.30475791573944233,0.40672012073770514,shape,0.5776482563601139,0.3022667154799724,2,0,0,2628000,2631600,2,4c4e7249c9ac2ec34db17876d4ea75963a5cea3631bc09231194e3f513f67281,3200,4380400,1610
MSREG_small_8e9279bcca41ca2e,MG1655,4012400,4015600,4014000.0,small,WIN_small_8e9279bcca41ca2e,0.40631293981170513,3200,0.40631293981170513,0.18125776501614257,density,0.38376597036512544,0.42885990925828477,4,0,0,4011200,4015600,4,665c9b0377490ad7f758bd9029811052aa09fa35180be9ff2ca67dc897daff63,3200,4381600,1611
MSREG_small_883a05cf8714f6d4,MG1655,2809600,2812800,2811200.0,small,WIN_small_883a05cf8714f6d4,0.4062673222405241,3200,0.40411396161786095,0.4062673222405241,shape,0.38376597036512544,0.4366651549619565,1,0,0,2809600,2812800,1,56b601d6d15561ea7b976c6d123d5321a5a3ea8e0d5de3484be3b6fe8979b358,3200,4381600,1612
MSREG_small_54769d44908873d8,MG1655,4326400,4329600,4328000.0,small,WIN_small_54769d44908873d8,0.4049447862018588,3200,0.31766154754258513,0.4049447862018588,shape,0.3788138701658729,0.4310757022378447,6,3,0,4322400,4330400,9,bab15e60f760c1e55bb0ca8424c3f531d6a2b0142038e60d3db9e9cebf66575a,3200,4384000,1613
MSREG_small_074add19fb31c5e3,MG1655,3212800,3216000,3214400.0,small,WIN_small_074add19fb31c5e3,0.40464149997382515,3200,0.3954112203607706,0.40464149997382515,shape,0.38978400405412494,0.5403788760249577,1,0,0,3212800,3216000,1,f9ea0da44cc6365f3dd6b5e2b3635ddd7ca3c24ded6d728342abbc899ba40d9c,3200,4384000,1614
MSREG_medium_99fccf3f3db4bf23,MG1655,1073600,1080000,1076800.0,medium,WIN_medium_99fccf3f3db4bf23,0.402198210621735,6400,0.017959527898416257,0.402198210621735,shape,0.25527250510330607,0.5491239161401639,15,7,3,1067200,1083200,25,f864ead904a10ede1f413bf1a5f9ea1d914495446631e9dfc876bf09316370d6,6400,4390400,1615
MSREG_medium_02d444b344de429e,MG1655,2848000,2854400,2851200.0,medium,WIN_medium_02d444b344de429e,0.4016353073011165,6400,0.13515393360325467,0.4016353073011165,shape,0.3826307158350189,0.4206398987672142,1,1,0,2848000,2854400,2,36d44d22be1729fd995409c1ff420b4b40f9fdbf12f47e00dbb928316c1b3ba5,6400,4390400,1616
MSREG_small_4fb72495ed69c6d1,MG1655,1169200,1172400,1170800.0,small,WIN_small_4fb72495ed69c6d1,0.4010409104341165,3200,0.19596446659049374,0.4010409104341165,shape,0.3710061186303883,0.4310757022378447,1,0,0,1169200,1172400,1,415703fbb4bb9b601b02cd68cd5a8675df0d6694adc15bf30fe424982ccb2068,3200,4390400,1617
MSREG_small_c4640387abe1813e,MG1655,4087600,4090800,4089200.0,small,WIN_small_c4640387abe1813e,0.4005689316079415,3200,0.33361964839402913,0.4005689316079415,shape,0.3438245630215926,0.4930527614306293,2,0,0,4087600,4091200,2,9813dd0b3cf0de220fa9c83674efb2b324e94e58b4db0d10896ac8caa2201b53,3200,4390800,1618
MSREG_small_c7a7aa780fefa2f6,MG1655,2213600,2216800,2215200.0,small,WIN_small_c7a7aa780fefa2f6,0.4000474895219025,3200,0.4000474895219025,0.21271627406189852,density,0.39384286053099254,0.4062521185128125,1,0,0,2213600,2216800,1,a684483178b2a2bcf074e93836f2197aeaca5bd7ce5b5bde6f77bd0dbc633c57,3200,4390800,1619
MSREG_small_844b47fc013ff4a7,MG1655,12000,15200,13600.0,small,WIN_small_844b47fc013ff4a7,0.3996218961934779,3200,0.3996218961934779,0.28962604451567875,density,0.41046860291397597,0.38877518947297984,7,4,0,9600,18400,11,daf26cbb66694bb6040b2bb38e2c7bfde03594ecfa1a99d19f5718edecd4a879,3200,4394000,1620
MSREG_medium_87e06f7ab8220a94,MG1655,283200,289600,286400.0,medium,WIN_medium_87e06f7ab8220a94,0.3993249736564912,6400,0.056408084118560735,0.3993249736564912,shape,0.30304528689930676,0.4956046604136756,12,4,0,281600,290800,16,86c52e3638d3e4889339789f7f3f95ab565a823ab9a67f55ab7be6ee6ff5f449,6400,4398400,1621
MSREG_medium_f0097f355cfbda33,MG1655,2294400,2300800,2297600.0,medium,WIN_medium_f0097f355cfbda33,0.39750295221870025,6400,0.06728202274791709,0.39750295221870025,shape,0.40503482543663816,0.3899710790007623,1,1,0,2294400,2300800,2,f50cfea689dcbc519dede55414136d4400ec0e1d65fd8b27e71176e055357ebf,6400,4398400,1622
MSREG_small_d1ec36e0405bbc9e,MG1655,3249200,3252400,3250800.0,small,WIN_small_d1ec36e0405bbc9e,0.39729227994849875,3200,0.37457577245509416,0.39729227994849875,shape,0.5021143759296752,0.38676456328034603,4,0,0,3248800,3253200,4,8ab430612167d91031dae1d8b017d67a63b9eb52c8afbd031d3dcb02854206ff,3200,4399600,1623
MSREG_small_982e53c8b5d6947b,MG1655,814400,817600,816000.0,small,WIN_small_982e53c8b5d6947b,0.3964502043570395,3200,0.3964502043570395,0.19602652920984048,density,0.38978400405412494,0.40311640465995396,4,0,0,814400,818800,4,ed0ba22974d72729962e1404a491c6deca371df765058ab23518eeb89f3a8113,3200,4401200,1624
MSREG_medium_31f14254e3bda73b,MG1655,2678400,2684800,2681600.0,medium,WIN_medium_31f14254e3bda73b,0.3961427931337944,6400,0.1584807488992641,0.3961427931337944,shape,0.34992643780713834,0.4423591484604505,6,1,0,2678400,2685200,7,5585b5ec783c362a184d88965349fae1e057e3f9d0b018ca214a40e3c85d258f,6400,4403200,1625
MSREG_small_a84e4a81d3bc6a14,MG1655,4109200,4112400,4110800.0,small,WIN_small_a84e4a81d3bc6a14,0.39494048397015,3200,0.39494048397015,0.21387916371251461,density,0.40311640465995396,0.38676456328034603,2,0,0,4109200,4112800,2,ba6b5eb0e41929d42af2205e426597d88df802141137a7968439fcb78309f813,3200,4403600,1626
MSREG_small_1e8823fe7db1fb2c,MG1655,1932000,1935200,1933600.0,small,WIN_small_1e8823fe7db1fb2c,0.3935702156857854,3200,0.2502724979982013,0.3935702156857854,shape,0.29408766994094143,0.4930527614306293,5,0,0,1930800,1935600,5,1250abda2a517d0ee20d632d70e65833f33923fa4f64031ad01e1f3c2b635a8d,3200,4405600,1627
MSREG_small_833c2b074510af14,MG1655,3716000,3719200,3717600.0,small,WIN_small_833c2b074510af14,0.39349135602561536,3200,0.39349135602561536,0.06687315320252851,density,0.40520436292161877,0.38177834912961195,1,0,0,3716000,3719200,1,1f871f732de8254d0275cbfee545f32c7fc28f06b5a497c4378c42799893cb38,3200,4405600,1628
MSREG_small_022381f52f541015,MG1655,1522000,1525200,1523600.0,small,WIN_small_022381f52f541015,0.3934650758351292,3200,0.020657911976776716,0.3934650758351292,shape,0.5403788760249577,0.24655127564530066,3,0,0,1522000,1526000,3,e8a0d02ba80a54cc771c7cd045a97a76c996b8c16986f6fd0bd8705793f7cee9,3200,4406400,1629
MSREG_small_5bbda3cdde3fa7d1,MG1655,364800,368000,366400.0,small,WIN_small_5bbda3cdde3fa7d1,0.39325494873270056,3200,0.39325494873270056,0.09468576005181839,density,0.3739176009215696,0.4125922965438315,3,0,0,364800,368800,3,736aeec53c0f02a9c15dc7325a85143091137bbfeda0b96ced7186f4da8d868c,3200,4407200,1630
MSREG_small_57ef5db10fe10984,MG1655,4194400,4197600,4196000.0,small,WIN_small_57ef5db10fe10984,0.3918667832385586,3200,0.3918667832385586,0.15559356230066268,density,0.38476320267907416,0.3989703637980431,4,1,0,4191200,4197600,5,c54e21c3a4b717bea261adfe0ddeffccf6dcbcc497106ba49fdefd89975cc6a3,3200,4408800,1631
MSREG_small_e1a55779a1c4f17f,MG1655,4156400,4159600,4158000.0,small,WIN_small_e1a55779a1c4f17f,0.3913516056755559,3200,0.3913516056755559,0.21544259159417578,density,0.3979400086720376,0.38476320267907416,4,0,0,4155200,4159600,4,3f37507015397a252f2032b36befd7a2fc4b0bf9d3c083a7fd57e637047614e5,3200,4410400,1632
MSREG_small_647f5c4a9a506218,MG1655,3469600,3472800,3471200.0,small,WIN_small_647f5c4a9a506218,0.39091318802950314,3200,0.39091318802950314,0.02851353457631469,density,0.4010384366674162,0.38078793939159006,4,2,0,3465600,3472800,6,1364734902c3ebaf74eff4fccd862cf594068ffb9f2414b28d4a7b61afbeaa9b,3200,4412000,1633
MSREG_medium_40fba4f8551a2640,MG1655,646400,652800,649600.0,medium,WIN_medium_40fba4f8551a2640,0.3902797460619064,6400,0.03833760603892583,0.3902797460619064,shape,0.3153374607038581,0.46522203141995466,11,1,0,646000,653200,12,d8014c6ca9c529fa6586fc3903707f776bba509d42bce92e1fcea5aeed661a0e,6400,4416000,1634
MSREG_small_24624282ededb8a9,MG1655,4204800,4208000,4206400.0,small,WIN_small_24624282ededb8a9,0.3893850734727836,3200,0.3893850734727836,0.07633081532451941,density,0.37979978314752405,0.3989703637980431,6,3,1,4204000,4217600,10,dbdbfc7ee58c1c5aebca9b575b4af085072e5737431859128732e8a2689abc4b,3200,4418400,1635
MSREG_small_631bb71e81bcdcee,MG1655,445200,448400,446800.0,small,WIN_small_631bb71e81bcdcee,0.3880306705808645,3200,0.3880306705808645,0.297973954924547,density,0.40520436292161877,0.372944936501775,1,0,0,445200,448400,1,aa5e5b5a5868a1913b1617c4c085fee14486dc317669f67bd825545aa67be35c,3200,4418400,1636
MSREG_small_f85cd4dd87344ee0,MG1655,2075600,2078800,2077200.0,small,WIN_small_f85cd4dd87344ee0,0.3866047923262774,3200,0.19075106080283538,0.3866047923262774,shape,0.41365805040849146,0.35955153424406333,5,0,0,2074800,2079600,5,c0f95bd141ff68fb9ed8bc798c23c978a147a6892e99f20db7f181d7db724986,3200,4420000,1637
MSREG_small_5c886993c0d12853,MG1655,1546000,1549200,1547600.0,small,WIN_small_5c886993c0d12853,0.3865573467865583,3200,0.02195346927375718,0.3865573467865583,shape,0.11907809134954798,0.6540366022235686,6,3,0,1545200,1553600,9,41be3bc8ac859d1de07b6b75113d2ccbb7861984e255e0fbd3659bf8a40d0740,3200,4422400,1638
MSREG_small_d8fd87346d033c7e,MG1655,2519600,2522800,2521200.0,small,WIN_small_d8fd87346d033c7e,0.3853711126152096,3200,0.3853711126152096,0.0633163710394169,density,0.4083552436005769,0.3623869816298423,4,0,0,2519600,2524000,4,22c8cc50c451ca41149a8135742edf26ea87cae32f650408b464e61e94e4426f,3200,4424000,1639
MSREG_small_9555961a6531c6af,MG1655,1541600,1544800,1543200.0,small,WIN_small_9555961a6531c6af,0.3844810860008528,3200,0.030539222592210622,0.3844810860008528,shape,0.35955153424406333,0.40941063775764225,5,2,0,1537600,1545200,7,37cecdcdaada432794caccd53cd9090e089c6eba28f3c90f4b8f104310644e69,3200,4426000,1640
MSREG_small_6e300383c50fc983,MG1655,9200,12400,10800.0,small,WIN_small_6e300383c50fc983,0.3842645865220998,3200,0.3842645865220998,0.13938185353360366,density,0.38476320267907416,0.38376597036512544,4,0,0,9200,13600,4,883a4e94daad4f907bbc20f7b2ce709020807d9f72e756c664c8085f6395e74c,3200,4427200,1641
MSREG_medium_62c425a5a4443975,MG1655,3355200,3361600,3358400.0,medium,WIN_medium_62c425a5a4443975,0.38330949242145324,6400,0.21967681916036264,0.38330949242145324,shape,0.40759704220123855,0.3590219426416679,9,1,0,3355200,3361600,10,fc737eb017c88e0cac1d3d474387d90b6e7a2685b9d9125e8a8dcc84f43f0060,6400,4430400,1642
MSREG_small_73a3b9ee4ad15c36,MG1655,2553200,2556400,2554800.0,small,WIN_small_73a3b9ee4ad15c36,0.3829632744496734,3200,0.12930978416324923,0.3829632744496734,shape,0.2197953439852976,0.5461312049140491,3,0,0,2553200,2557200,3,8a6a28861ea5c0f16e5a7ee3fab0300837b0b0cd22ba67a0c9dab25a51dcba6c,3200,4431200,1643
MSREG_small_9f14a39944536794,MG1655,2962400,2965600,2964000.0,small,WIN_small_9f14a39944536794,0.3821873481156387,3200,0.3821873481156387,0.10949997519468568,density,0.3633362595638613,0.4010384366674162,4,2,0,2958400,2965600,6,6e7149bbe9da6d02921d4b12cb0e070ef06efb43069b28644993cce982944021,3200,4432800,1644
MSREG_small_96cba913368e138d,MG1655,2089200,2092400,2090800.0,small,WIN_small_96cba913368e138d,0.38181910116894546,3200,0.38181910116894546,0.06591960137513427,density,0.3758694895190916,0.3877687128187994,4,0,0,2089200,2093600,4,4808df3c866d6255af8b55093e7cd7d74edcf8de8c9fac5603c8939da7df08e6,3200,4434400,1645
MSREG_small_bd55d1781ad4b9d8,MG1655,3169600,3172800,3171200.0,small,WIN_small_bd55d1781ad4b9d8,0.3790998945736306,3200,0.197179591869026,0.3790998945736306,shape,0.39486352958339993,0.3633362595638613,3,0,0,3169600,3173600,3,057e743e693c8e93630035b86bbb2557fd20691e773195c67af9d34d9f988666,3200,4435200,1646
MSREG_small_baef2c00d7ec80f2,MG1655,642800,646000,644400.0,small,WIN_small_baef2c00d7ec80f2,0.37883396894790794,3200,0.19723619638031395,0.37883396894790794,shape,0.5776482563601139,0.1901053477209263,2,0,0,642400,646000,2,b107bb8589962b658f136a6b2b5f13adf183dd4ff42c414a6e4e5d4a22cec1b0,3200,4435600,1647
MSREG_small_fddf19cfb7fe8ebb,MG1655,2856400,2859600,2858000.0,small,WIN_small_fddf19cfb7fe8ebb,0.37814719929573054,3200,0.12800009995857342,0.37814719929573054,shape,0.3047507707664372,0.4515436278250239,4,0,0,2856000,2860400,4,d76551f157891d05faaba554b2d566a3e4043f9a2f193eaf8744385f9d4e7075,3200,4436800,1648
MSREG_small_c62f90534b51b6af,MG1655,1005200,1008400,1006800.0,small,WIN_small_c62f90534b51b6af,0.3768586920345468,3200,0.3768586920345468,0.28638127848427974,density,0.37979978314752405,0.3739176009215696,7,4,0,1002400,1011200,11,8aa14ea9323c7a67a99c7010cf82a2f71a8088b2be7f1da640884c2560163d23,3200,4439200,1649
MSREG_small_ca5e19913481a279,MG1655,1078800,1082000,1080400.0,small,WIN_small_ca5e19913481a279,0.3760480074710108,3200,0.027242715139650472,0.3760480074710108,shape,0.4754777542458889,0.2766182606961327,3,2,0,1076800,1084000,5,370adeca8798846dbb1d462dee53f654e78d5af2b3b96486038d155f7a26925a,3200,4440000,1650
MSREG_medium_db9a5bb42c582313,MG1655,1068800,1075200,1072000.0,medium,WIN_medium_db9a5bb42c582313,0.37581918604033515,6400,0.01691303314549438,0.37581918604033515,shape,0.2025144559405064,0.5491239161401639,12,5,0,1067200,1076800,17,98bc202699669ef7138b3564d87d8bd3602670fbf5f8902b4e6997501d537ad6,6400,4444800,1651
MSREG_small_90118553726de01f,MG1655,2468400,2471600,2470000.0,small,WIN_small_90118553726de01f,0.3756790118854879,3200,0.3756790118854879,0.113699394457587,density,0.4244619528705964,0.32689607090037937,7,3,0,2467200,2475200,10,0e4102fa5d9c55af6ca30cde042cda3815a3fb60e403b7f736fc424b439ee873,3200,4447600,1652
MSREG_medium_7c05071d8541a0d6,MG1655,1533600,1540000,1536800.0,medium,WIN_medium_7c05071d8541a0d6,0.3754713671234586,6400,0.019534968237895307,0.3754713671234586,shape,0.3826307158350189,0.36831201841189826,13,4,0,1533200,1542400,17,3bf721d79d32ffd7e3fb42074168ccb10114dde5b5db60fc6e950505c3d4c65a,6400,4452800,1653
MSREG_small_80ad8167fbab4001,MG1655,1418800,1422000,1420400.0,small,WIN_small_80ad8167fbab4001,0.37402679366720093,3200,0.37402679366720093,0.1994553610657912,density,0.38376597036512544,0.3642876169692765,4,0,0,1418800,1423200,4,069969d9fc7718d595c6bd429f24bf968f968e11ca3ade6cc6fc12124adf3a65,3200,4454400,1654
MSREG_small_557ad42b37f2e776,MG1655,3906000,3909200,3907600.0,small,WIN_small_557ad42b37f2e776,0.3739176009215696,3200,0.3739176009215696,0.16859033743699858,density,0.3739176009215696,0.3739176009215696,4,0,0,3906000,3910400,4,fe0b829772b050d8de65e691ce8501f6fe2d1b0478759deaf766cd95ac88a0aa,3200,4456000,1655
MSREG_small_86e72c31e16dbc61,MG1655,1453600,1456800,1455200.0,small,WIN_small_86e72c31e16dbc61,0.37390559307097987,3200,0.019577037465581183,0.37390559307097987,shape,0.5776482563601139,0.1701629297818459,4,2,0,1453600,1460800,6,72eb92a104ed7c499a144c62cdea64804224b8ae07f892dfc4fd9de42a3aa6c8,3200,4457600,1656
MSREG_small_fedf152390fc90a0,MG1655,157200,160400,158800.0,small,WIN_small_fedf152390fc90a0,0.37245210076365787,3200,0.3657251421930953,0.37245210076365787,shape,0.3928245846086876,0.36811402482232936,1,0,0,157200,160400,1,c151224f9121cd5dcc62dc36b6e83899b2c8dc8525d22bfbb675d48e8429456f,3200,4457600,1657
MSREG_small_0600a2b0d4dfd3c2,MG1655,1496400,1499600,1498000.0,small,WIN_small_0600a2b0d4dfd3c2,0.3706907533704378,3200,0.3706907533704378,0.34263604165009637,density,0.3827710226632896,0.35861048407758594,1,0,0,1496400,1499600,1,5f270201231384f7b6b05ab08849b325abc7f24533224defc64b1f3e6d90449d,3200,4457600,1658
MSREG_small_3634127c021e4c85,MG1655,3702400,3705600,3704000.0,small,WIN_small_3634127c021e4c85,0.36868873089367105,3200,0.36868873089367105,0.13438684496292289,density,0.33840709798929897,0.3989703637980431,4,0,0,3701200,3705600,4,bc0ccb7cb1c7df726c896d6866eef00b0efd999e90bd1263d806cecdb64d19ce,3200,4459200,1659
MSREG_small_bdd60aac432ea07e,MG1655,3522800,3526000,3524400.0,small,WIN_small_bdd60aac432ea07e,0.3685971017396237,3200,0.3685971017396237,0.16504209271043396,density,0.3671542576208796,0.37003994585836775,4,0,0,3521600,3526000,4,941e7a2e7add504f14b448f98ce8a18ea3aea765be19e8a305b7e84bf195e68d,3200,4460800,1660
MSREG_small_00232c6a7c500047,MG1655,3580000,3583200,3581600.0,small,WIN_small_00232c6a7c500047,0.3672823346817251,3200,0.3672823346817251,0.2324198262749035,density,0.4041591290069687,0.39486352958339993,1,0,0,3580000,3583200,1,2f8c6e019b89eca9bbb529ed3ebf29cb93c2cb3704f2033fc6292036550ed2a9,3200,4460800,1661
MSREG_small_2e9f7f4f72c46d4b,MG1655,3132000,3135200,3133600.0,small,WIN_small_2e9f7f4f72c46d4b,0.3667166140673869,3200,0.04600577829458992,0.3667166140673869,shape,0.15578497177466,0.5776482563601139,4,0,0,3132000,3136400,4,3337b761f3f9658dee116fa7607f931c43a9c673b27dd0e365165234cf06c0cd,3200,4462400,1662
MSREG_small_a942add5d791addd,MG1655,892000,895200,893600.0,small,WIN_small_a942add5d791addd,0.3659649560752414,3200,0.20774783101413433,0.3659649560752414,shape,0.327770783143514,0.4041591290069687,1,0,0,892000,895200,1,0f23265157b90d37863d77a67178ab8ca3ccf241bbcfa7301d8973eaa80782a7,3200,4462400,1663
MSREG_small_196949401486cd0d,MG1655,136800,140000,138400.0,small,WIN_small_196949401486cd0d,0.3642959715175318,3200,0.20670111651367687,0.3642959715175318,shape,0.22253538135132647,0.5060565616837371,6,1,0,136000,142400,7,8b0f675367da89ab05c15a81bfc029db78cc2052d0f2558c251b15e8c9896822,3200,4464800,1664
MSREG_small_3712231694566d33,MG1655,3117200,3120400,3118800.0,small,WIN_small_3712231694566d33,0.3628107908570135,3200,0.04461646963724003,0.3628107908570135,shape,0.6167122791997564,0.10890930251427068,4,0,0,3116000,3120400,4,665a10510387b663e8508044552faa9c41ab5af1c0f1958e494826f2ef2fdda4,3200,4466000,1665
MSREG_small_87e8963dbcddff1d,MG1655,2521600,2524800,2523200.0,small,WIN_small_87e8963dbcddff1d,0.36231246017368424,3200,0.20338274862434713,0.36231246017368424,shape,0.32254874248869214,0.4020761778586763,3,0,0,2521200,2525200,3,de618d7fe2241ebbb3c8e6354ff7b8791706342134581e69ceb4c702ba23b8ca,3200,4466800,1666
MSREG_small_20058774111c98e2,MG1655,4154000,4157200,4155600.0,small,WIN_small_20058774111c98e2,0.3622441712981432,3200,0.2178558603241369,0.3622441712981432,shape,0.4147264260565174,0.309761916539769,5,0,0,4153200,4158000,5,1f2b9270fcd9bd93153c4668ba8dffcb59d8a56e7db11c51741e27293a592857,3200,4468400,1667
MSREG_small_1bbc6e39bacca4a4,MG1655,3778000,3781200,3779600.0,small,WIN_small_1bbc6e39bacca4a4,0.36147378959961307,3200,0.2970724593571139,0.36147378959961307,shape,0.30808510178525367,0.42885990925828477,4,0,0,3777600,3782000,4,9d59eb3c0a3bb17bf2f903360235d0e334ec50daa37435b4073da64410c48769,3200,4469600,1668
MSREG_small_338f2ad9a4e2fa2a,MG1655,3491200,3494400,3492800.0,small,WIN_small_338f2ad9a4e2fa2a,0.3609672010242938,3200,0.30228712235862587,0.3609672010242938,shape,0.5375310331521315,0.2828897701394676,1,0,0,3491200,3494400,1,72b0ba149caebfba5c8cc3d5b5537e413547e3cc46efe5ae9fdfbed5c342a071,3200,4469600,1669
MSREG_small_730a7fdc38c19bb1,MG1655,3059200,3062400,3060800.0,small,WIN_small_730a7fdc38c19bb1,0.3607256493308124,3200,0.3607256493308124,0.17090615097226253,density,0.3465588500088449,0.3748924486527799,4,2,0,3059200,3066400,6,f3cab2b31ffdd5d8a1986e80c564c844f0da0f2a3aaa3c877385213ff31f3d74,3200,4471200,1670
MSREG_small_78476aedacc73695,MG1655,424400,427600,426000.0,small,WIN_small_78476aedacc73695,0.36042793417508134,3200,0.3590932441867999,0.36042793417508134,shape,0.40941063775764225,0.35579950674375754,2,0,0,424000,427600,2,97139168607edeaf38d601d0440cfee714c1532512c1b4415ebdd1122a27939e,3200,4471600,1671
MSREG_small_356ce8d4b426ebb1,MG1655,577200,580400,578800.0,small,WIN_small_356ce8d4b426ebb1,0.3592339965566832,3200,0.1754197035057437,0.3592339965566832,shape,0.5638599718744807,0.16894641783263084,7,6,0,572800,583200,13,ff42d1959d01faa50fb4f024d2b22ac093b8256a2b284ca946bebc4883eba071,3200,4474800,1672
MSREG_small_1fb848eb7cf6d2db,MG1655,3959200,3962400,3960800.0,small,WIN_small_1fb848eb7cf6d2db,0.35869290506284746,3200,0.35869290506284746,0.19448551585471832,density,0.3671542576208796,0.3502315525048153,1,0,0,3959200,3962400,1,4a2016be4e487a918af3932c9fe3ef00c967b019bb6ecbe15d1a2a0843e9a5fe,3200,4474800,1673
MSREG_small_a1134f7669dfbcc2,MG1655,4028000,4031200,4029600.0,small,WIN_small_a1134f7669dfbcc2,0.35693225443998017,3200,0.35693225443998017,0.1043560033866636,density,0.3438245630215926,0.37003994585836775,1,0,0,4028000,4031200,1,eb117ed0fba23c875e139c9532f04fe81810a8a4caaa8b2c8d3e78878bd2ff71,3200,4474800,1674
MSREG_small_d6bd7068b9eb644b,MG1655,1191200,1194400,1192800.0,small,WIN_small_d6bd7068b9eb644b,0.35396047253860485,3200,0.35396047253860485,0.35388878706638793,density,0.4597713742393008,0.35861048407758594,1,0,0,1191200,1194400,1,4c566acbcb2864f60839d9f6282bb76e4a9c09a5d55410fd045bce4231e0c64d,3200,4474800,1675
MSREG_small_b56f3a82cc95ce2a,MG1655,2100400,2103600,2102000.0,small,WIN_small_b56f3a82cc95ce2a,0.3536261426173617,3200,0.3536261426173617,0.018286625586320777,density,0.4041591290069687,0.3030931562277546,4,0,0,2100400,2104800,4,e6a5dd2bde68c02ac406e44b3829bd59753005fe2b37ab3574a5d5408af92ebb,3200,4476000,1676
MSREG_small_9156cd5b1e76273d,MG1655,2372000,2375200,2373600.0,small,WIN_small_9156cd5b1e76273d,0.35062344263324696,3200,0.33210702558134797,0.35062344263324696,shape,0.36907591775575094,0.3502315525048153,4,3,0,2368800,2376800,7,44f8d42cbd0b78a31ecf4efa587443ff39479a7854c40e184c6b2eadd4a935ba,3200,4477600,1677
MSREG_small_5281ddecfd42d6bd,MG1655,682000,685200,683600.0,small,WIN_small_5281ddecfd42d6bd,0.3492987649320621,3200,0.18399463582386713,0.3492987649320621,shape,0.3148315594989987,0.38376597036512544,4,0,0,680800,685200,4,505ec28f8c852c46162803058e4a68c8207220e059ded7044901158035caa5b9,3200,4478800,1678
MSREG_small_0bdefcbe1c91578b,MG1655,1852400,1855600,1854000.0,small,WIN_small_0bdefcbe1c91578b,0.347108126627905,3200,0.347108126627905,0.33214214628227207,density,0.3827710226632896,0.3114452305925205,1,0,0,1852400,1855600,1,863a258863e61faa6b84f147f70ce68e6e8d026a577bdc8e4a11c883a2a06235,3200,4478800,1679
MSREG_small_7d0c0d3278617957,MG1655,4473600,4476800,4475200.0,small,WIN_small_7d0c0d3278617957,0.3468121155390898,3200,0.3268468465107318,0.3468121155390898,shape,0.4201080870135292,0.28845263004486454,1,0,0,4473600,4476800,1,10bd5ea322d4ee16620136faf60218b278be8ce050bec4e43c858f382ec4a65e,3200,4478800,1680
MSREG_small_0dd66d2afdf96687,MG1655,0,3200,1600.0,small,WIN_small_0dd66d2afdf96687,0.34564934049060947,3200,0.34564934049060947,0.17030692535619557,density,0.3474741179596264,0.3438245630215926,1,0,0,0,3200,1,86667737509b825e7ff13f292749ca9971c962f910adc4468ae7dd56cbb89c9c,3200,4480400,1681
MSREG_small_f228ffe28e5fe369,MG1655,3712400,3715600,3714000.0,small,WIN_small_f228ffe28e5fe369,0.34528736609427746,3200,0.2998247241894601,0.34528736609427746,shape,0.39486352958339993,0.3047507707664372,2,0,0,3712400,3716000,2,a85a50f5161a1a2d5f6a74e2b6d52a718208d9ddcbfe5bd555def865f46d93aa,3200,4480800,1682
MSREG_small_0c30eb05e5f22358,MG1655,4296400,4299600,4298000.0,small,WIN_small_0c30eb05e5f22358,0.3452433574539636,3200,0.26083314449584416,0.3452433574539636,shape,0.27584065174728817,0.5347017431332672,6,1,0,4295600,4302400,7,5abd8c5ba438ba3a74ba6a2c7c24dd6d620f038bb23008ace46a03c026fa9d37,3200,4482800,1683
MSREG_small_009e0bb26617b50b,MG1655,298400,301600,300000.0,small,WIN_small_009e0bb26617b50b,0.344966116848216,3200,0.046908534045035616,0.344966116848216,shape,0.4062521185128125,0.2836801151836195,4,0,0,297200,301600,4,3a57ebf92b0b2a571b2956cfcc22c77debf5e94b787e31fca02cb3b69bbf7741,3200,4484400,1684
MSREG_small_6180f325a35d51cd,MG1655,2690400,2693600,2692000.0,small,WIN_small_6180f325a35d51cd,0.3449212180632507,3200,0.3449212180632507,0.0879492732566057,density,0.3576714686157584,0.33217096751074304,4,0,0,2690400,2694800,4,22378f86c4990df87b5b188decd262d17f60957bd8da1ee8257cbc984a70c844,3200,4486000,1685
MSREG_small_d37547c96693edd5,MG1655,1930000,1933200,1931600.0,small,WIN_small_d37547c96693edd5,0.34446797400525775,3200,0.3090206439494506,0.34446797400525775,shape,0.4969131822438674,0.29979678759852574,3,0,0,1929600,1933600,3,6fe58d41669b634ad9be0646c4053e767b5b70b71aad73b38aa195afdbe295b8,3200,4486800,1686
MSREG_small_dbaeac86f3186c6b,MG1655,3869200,3872400,3870800.0,small,WIN_small_dbaeac86f3186c6b,0.3444012600531672,3200,0.31168197210632864,0.3444012600531672,shape,0.4244619528705964,0.2973408273386633,1,0,0,3869200,3872400,1,d019edc71ae62b67b9df16310ccfc95719047652fa09fe71a4d4e2249e6b4ae1,3200,4486800,1687
MSREG_small_0ab80368105ce234,MG1655,4575600,4578800,4577200.0,small,WIN_small_0ab80368105ce234,0.3429860457735303,3200,0.3429860457735303,0.0663640711927033,density,0.3642876169692765,0.3216844745777841,1,0,0,4575600,4578800,1,b3880a85b02283c370c19bb71fe7b377071e8ca7eaba1dedfff781fde5fbd4d5,3200,4486800,1688
MSREG_small_a31131259ea702cd,MG1655,3204800,3208000,3206400.0,small,WIN_small_a31131259ea702cd,0.3411083218264931,3200,0.3411083218264931,0.08775659147138942,density,0.34201122225812425,0.3402054213948619,4,1,0,3204800,3211200,5,28f5bf13c9cd83a6c31a5085c1683360390c3ed2cf1e365d6ac1ba973fa04ad5,3200,4488400,1689
MSREG_small_cb2a57798a60c3e8,MG1655,3651200,3654400,3652800.0,small,WIN_small_cb2a57798a60c3e8,0.3407660142183415,3200,0.3407660142183415,0.01807194712993115,density,0.417947413492602,0.26358461494408103,5,0,0,3650400,3655200,5,aec12f472b0bce71f9e6bf40ee2a081a142208be485e1640904028d60f14f5ae,3200,4490000,1690
MSREG_medium_2c1c99da60937794,MG1655,1455200,1461600,1458400.0,medium,WIN_medium_2c1c99da60937794,0.3389071971264872,6400,0.01691303314549438,0.3389071971264872,shape,0.34768201688468603,0.3301323773682883,5,1,0,1455200,1461600,6,e71a14420b38e51501a2ea7c36fe93f7ab4861ff990f4a370a62d9e7acfed59a,6400,4491600,1691
MSREG_small_df64a5fbaae87742,MG1655,2071600,2074800,2073200.0,small,WIN_small_df64a5fbaae87742,0.3364507700534072,3200,0.3364507700534072,0.10366684447001534,density,0.29408766994094143,0.3788138701658729,4,2,0,2067200,2074800,6,ed254fbc93baa86649ddb0d4a449abf9ce81d91237ad037c34516551c88fa07b,3200,4493200,1692
MSREG_small_2cc211e2b1842632,MG1655,1229200,1232400,1230800.0,small,WIN_small_2cc211e2b1842632,0.3348144017633623,3200,0.2499842123944074,0.3348144017633623,shape,0.3739176009215696,0.29571120260515504,1,0,0,1229200,1232400,1,9fc36c221ba0fd5c79f58e4d9af6bbaaff97abaa01bd052ab3fcb217dae98229,3200,4493200,1693
MSREG_small_c89efd99a166ab8e,MG1655,4356800,4360000,4358400.0,small,WIN_small_c89efd99a166ab8e,0.3342716745238931,3200,0.3342716745238931,0.08758247706240531,density,0.351154601697994,0.3173887473497922,2,0,0,4356400,4360000,2,92476321c875b800d6b72578cbad3c25faa63f70e146c2e6cd6823af8cadefe5,3200,4493600,1694
MSREG_small_6f74d4795787912c,MG1655,1266800,1270000,1268400.0,small,WIN_small_6f74d4795787912c,0.3322610585131727,3200,0.3322610585131727,0.06520454112987123,density,0.3411073832598797,0.32341473376646573,4,0,0,1266800,1271200,4,21e86d9bc89fcfda4ecfc25f5b93c1186711a65186a977130a3550968ca99294,3200,4495200,1695
MSREG_small_57eae6cf67a0c6c5,MG1655,3952400,3955600,3954000.0,small,WIN_small_57eae6cf67a0c6c5,0.33001546206894194,3200,0.33001546206894194,0.14676752711916938,density,0.32341473376646573,0.3366161903714181,2,0,0,3952400,3956000,2,726bfff8348af767559f8ee9376261c4c145c0ad8ab44f9bbcfd96ec4338d835,3200,4495600,1696
MSREG_small_2ed103ac598b7748,MG1655,1048800,1052000,1050400.0,small,WIN_small_2ed103ac598b7748,0.32920363583805584,3200,0.32920363583805584,0.0243422286953955,density,0.35861048407758594,0.29979678759852574,5,3,0,1046400,1054400,8,f480a1ecba89346984525105641e46cc2aa2e723cd6a767088d4032cc305f795,3200,4497200,1697
MSREG_small_0653df2b34498006,MG1655,3061600,3064800,3063200.0,small,WIN_small_0653df2b34498006,0.3263859097192073,3200,0.19304741786440355,0.3263859097192073,shape,0.44576065979648616,0.20701115964192843,6,0,0,3060800,3066000,6,4b639c8bee5f9c7a930957400bc7172882fd5a3988061c134f36501263a70e38,3200,4499600,1698
MSREG_small_65177f0458b6972d,MG1655,376000,379200,377600.0,small,WIN_small_65177f0458b6972d,0.3260546400272687,3200,0.11184686164028348,0.3260546400272687,shape,0.3877687128187994,0.264340567235738,5,0,0,374800,379600,5,61efa43e15c59484ffc20f54502f12ccd7ff7295b196f2f01d42795f4fe342b5,3200,4501600,1699
MSREG_small_9d0aee964cbe9d8d,MG1655,3907600,3910800,3909200.0,small,WIN_small_9d0aee964cbe9d8d,0.3243041711075964,3200,0.3243041711075964,0.14101494591650698,density,0.3199610815150501,0.3286472607001427,3,0,0,3907600,3911600,3,1b865c9c29cfe63f5cc333b90c50489c169fa96b0b73b4890124c04280dc597d,3200,4502400,1700
MSREG_small_b8dfebd278031d07,MG1655,3676800,3680000,3678400.0,small,WIN_small_b8dfebd278031d07,0.32361466965835084,3200,0.29620216535098437,0.32361466965835084,shape,0.43218785260721226,0.28765355993553154,1,0,0,3676800,3680000,1,2dda9c7d44591d2d433802b7fe5417ae2afe0354cb3c0875bcfd2a8327abb082,3200,4502400,1701
MSREG_small_36444c21bf795229,MG1655,1062400,1065600,1064000.0,small,WIN_small_36444c21bf795229,0.3184820104675776,3200,0.3184820104675776,0.2193079092867179,density,0.3493104609996237,0.28765355993553154,1,0,0,1062400,1065600,1,a125edd76f02d417ff60b2e3c161c950635919a4f2b6a472ce5b95d95cdb1ea3,3200,4502400,1702
MSREG_small_977b4b9c109cf9b1,MG1655,1539600,1542800,1541200.0,small,WIN_small_977b4b9c109cf9b1,0.316865996893667,3200,0.01785748070168109,0.316865996893667,shape,0.23579198511529642,0.3979400086720376,5,1,0,1536800,1543200,6,366ba55a19d06723548ae34665703024257e6369ee2d08980d5eead437ecc637,3200,4504000,1703
MSREG_small_5d81dadb25cc259f,MG1655,2178400,2181600,2180000.0,small,WIN_small_5d81dadb25cc259f,0.3136332156046167,3200,0.3136332156046167,0.13020626747440944,density,0.3055819566314493,0.3216844745777841,2,0,0,2178400,2182000,2,c375f9004f26aab739fde7c89f6caffc3fadc470e9305d8a597b9cb1f410fe2a,3200,4504400,1704
MSREG_small_8980f513701dd28f,MG1655,3520000,3523200,3521600.0,small,WIN_small_8980f513701dd28f,0.31332082698694663,3200,0.24913516338099195,0.31332082698694663,shape,0.32602311687399393,0.3006185370998993,4,0,0,3520000,3524400,4,01f63f10f782e473c1fee05f44f3ad752aee6def63e4df1e72886fb82bad0552,3200,4505600,1705
MSREG_small_815054c26313eec4,MG1655,2592400,2595600,2594000.0,small,WIN_small_815054c26313eec4,0.31151810964895976,3200,0.25591963570812637,0.31151810964895976,shape,0.36619660677660754,0.2689041239226926,3,0,0,2592400,2596400,3,d4ef1b201779a4b552c6ad3ba6c5bdcebcec251fa1e6d11920a20e6d83bfcaed,3200,4506400,1706
MSREG_small_de22303d3070f2f5,MG1655,4450800,4454000,4452400.0,small,WIN_small_de22303d3070f2f5,0.31149763553340637,3200,0.31149763553340637,0.09079380939710878,density,0.3047507707664372,0.3182445003003755,3,0,0,4450000,4454000,3,aae8f1b2923d89267657ca27abdf6a274790ff070839e365f4785fcc26bcb2c4,3200,4507200,1707
MSREG_small_6237db57568978fe,MG1655,1100000,1103200,1101600.0,small,WIN_small_6237db57568978fe,0.31070146296810747,3200,0.23333666216702503,0.31070146296810747,shape,0.3199610815150501,0.30144184442116484,1,0,0,1100000,1103200,1,9fcfacba60bc4bacef283659c84f60fcba4f4e35c64e9203df7cf243233ba646,3200,4507200,1708
MSREG_small_7842e7544bd6cf91,MG1655,163200,166400,164800.0,small,WIN_small_7842e7544bd6cf91,0.3106549599998885,3200,0.3106549599998885,0.21213560160155048,density,0.3039211726499848,0.3173887473497922,4,0,0,162000,166400,4,3be040ec8f5eb56f83baf7676b9ad33f344afa405cf7ee912f3d210fb4d6e6dc,3200,4508400,1709
MSREG_small_e1f4f41f72b7e2c9,MG1655,1528800,1532000,1530400.0,small,WIN_small_e1f4f41f72b7e2c9,0.3091226822610168,3200,0.3091226822610168,0.03136266287139623,density,0.3576714686157584,0.2605738959062753,4,0,0,1528800,1533200,4,ac99cc41c6f1826122ee7b44c3481828a58547a367c4c6339e17c27e5135f677,3200,4509600,1710
MSREG_small_845adf284fadff97,MG1655,1550800,1554000,1552400.0,small,WIN_small_845adf284fadff97,0.3078240638977972,3200,0.01593171665939129,0.3078240638977972,shape,0.35955153424406333,0.2560965935515311,7,2,0,1548000,1555200,9,e52e419c39503b0369666c8a76b1a8991ad2a3b1adc85080eb28fe247dc41da1,3200,4512800,1711
MSREG_small_22d19f117b9c39d5,MG1655,1811200,1814400,1812800.0,small,WIN_small_22d19f117b9c39d5,0.30641553631518076,3200,0.16969997139777263,0.30641553631518076,shape,0.46694995886642415,0.1499318578183127,3,0,0,1810400,1814400,3,efdfed76127a01867ca948cef746daadcbb7a08267f80b6a1c168f563b052574,3200,4513600,1712
MSREG_small_64577ea749f1e839,MG1655,509600,512800,511200.0,small,WIN_small_64577ea749f1e839,0.3054098906628965,3200,0.1283884410903512,0.3054098906628965,shape,0.37003994585836775,0.24077983546742524,4,1,0,506400,512800,5,e6aa9030bc3bacd3ab8ac052f6e3d5dfed89caca1b3b482274ccfe966f0043d7,3200,4515200,1713
MSREG_small_fa7ef5e34658de07,MG1655,170000,173200,171600.0,small,WIN_small_fa7ef5e34658de07,0.3044469301448773,3200,0.269598490887792,0.3044469301448773,shape,0.36811402482232936,0.2860598169289742,1,0,0,170000,173200,1,376c68fea0716c46ff276c0b0c5fba688a59429d10fd19925b0374a10376f678,3200,4515200,1714
MSREG_small_b1deafe0e7d326c3,MG1655,1421600,1424800,1423200.0,small,WIN_small_b1deafe0e7d326c3,0.30408889669039163,3200,0.042806209857797886,0.30408889669039163,shape,0.36811402482232936,0.24006376855845393,5,0,0,1420400,1425200,5,3aec33fe2dd4b24164236a37e571379e79a9d384020a37359f87bfaf17685f06,3200,4516800,1715
MSREG_small_654f5e90c3f887f6,MG1655,2613200,2616400,2614800.0,small,WIN_small_654f5e90c3f887f6,0.3039243360557109,3200,0.3039243360557109,0.16805667474285738,density,0.3022667154799724,0.3055819566314493,2,0,0,2612800,2616400,2,ac8c28057125cbb890154c25d6c3297a1cccf4e42ca23f121f2d1e95e0d2c13d,3200,4517200,1716
MSREG_small_cac688958fb9ce8c,MG1655,3063200,3066400,3064800.0,small,WIN_small_cac688958fb9ce8c,0.3033690739789208,3200,0.1248037068154532,0.3033690739789208,shape,0.16894641783263084,0.4377917301252108,2,0,0,3063200,3066800,2,494beeee060e46b5077a9329c5ecb23674633c37f53d603bf18751f886440337,3200,4517600,1717
MSREG_small_dd2525356e025538,MG1655,4346800,4350000,4348400.0,small,WIN_small_dd2525356e025538,0.3008999052986167,3200,0.3008999052986167,0.24719406631922702,density,0.3165346772969527,0.3502315525048153,4,0,0,4345600,4350000,4,7cbf5d147ab753331ddb5f4a35944e27bbef1a54242c3cc3ce46dd41b471822a,3200,4519200,1718
MSREG_small_e45ae39d638c2b0e,MG1655,301600,304800,303200.0,small,WIN_small_e45ae39d638c2b0e,0.3003943272287134,3200,0.10443898848903736,0.3003943272287134,shape,0.3131350945218952,0.28765355993553154,1,0,0,301600,304800,1,ad50517acdabe08310da4f6a2aea7952cd662c085e6af6f39283c3febe408632,3200,4519200,1719
MSREG_small_ee88c622c70bbe15,MG1655,3755200,3758400,3756800.0,small,WIN_small_ee88c622c70bbe15,0.29669577058573116,3200,0.24800864514890927,0.29669577058573116,shape,0.27428959837755,0.31910194279391235,3,2,0,3753600,3760800,5,14c2306a744be5d75266f0c8fd1a003ef6cf0635304f42d49d19efa817b325af,3200,4520000,1720
MSREG_small_0e64142614362339,MG1655,205200,208400,206800.0,small,WIN_small_0e64142614362339,0.294365994063967,3200,0.2379809896927627,0.294365994063967,shape,0.36619660677660754,0.24510120925006784,1,0,0,205200,208400,1,38cdb0231a8584ecce3ef56b0d5db511d0cd15e1310e9c4a18261a2b4d52aabb,3200,4520000,1721
MSREG_small_12ec7b3643c7c241,MG1655,2730800,2734000,2732400.0,small,WIN_small_12ec7b3643c7c241,0.291489610545716,3200,0.291489610545716,0.042794804953416504,density,0.2773972644599826,0.3055819566314493,4,2,0,2726400,2734000,6,cf48a959c55af57360f46e8dee7e1ec45fb0fddc1ed3ea4e5a0c005921336dba,3200,4521600,1722
MSREG_small_9e54df78f125fa53,MG1655,2993600,2996800,2995200.0,small,WIN_small_9e54df78f125fa53,0.29078722277225966,3200,0.29078722277225966,0.026959796313984458,density,0.3493104609996237,0.23226398454489558,4,0,0,2993600,2998000,4,3e6fa685c60b9e7c4ac214e1afb97b55c2f8f3e3d25d1b561b9b52c3a7003424,3200,4523200,1723
MSREG_small_410245d4999ffea8,MG1655,2947200,2950400,2948800.0,small,WIN_small_410245d4999ffea8,0.29054616132013644,3200,0.23368605442414428,0.29054616132013644,shape,0.3502315525048153,0.23721124939115726,1,0,0,2947200,2950400,1,f7e6f84165a22b11cc4081fbe762f4c62d84267de2a9119eb9a699f54f949c0b,3200,4523200,1724
MSREG_small_68e41505e45decdb,MG1655,538400,541600,540000.0,small,WIN_small_68e41505e45decdb,0.2898757229548793,3200,0.04189286575228101,0.2898757229548793,shape,0.3131350945218952,0.2666163513878634,4,0,0,538000,542400,4,2e361230fe6d55d8096ef55219e465d4898b78a11bf21b1c8d73ae8cb94ca561,3200,4524400,1725
MSREG_small_b8eb8860aaa521c3,MG1655,1548800,1552000,1550400.0,small,WIN_small_b8eb8860aaa521c3,0.2897141771144566,3200,0.018931085851068893,0.2897141771144566,shape,0.38676456328034603,0.19266379094856717,5,0,0,1547600,1552400,5,cca793d5d10250dedd18017c060e245b5c583a6d5cde4975143f777ebbb727c0,3200,4526000,1726
MSREG_small_438382f1c7de2b88,MG1655,3208000,3211200,3209600.0,small,WIN_small_438382f1c7de2b88,0.2884533665154281,3200,0.2884533665154281,0.0751652342062936,density,0.28925317309532456,0.28765355993553154,4,0,0,3206800,3211200,4,d7b95090e1c9362ef19498fabd2fd5a83a26c0a148dd211aaca448e542111046,3200,4527600,1727
MSREG_small_585faa0f02aa607d,MG1655,2456000,2459200,2457600.0,small,WIN_small_585faa0f02aa607d,0.28816780330194824,3200,0.28816780330194824,0.1511928443451671,density,0.29815793855224243,0.278177668051654,1,0,0,2456000,2459200,1,33e041e2679626a259a67f9fb1c29533a3e98746a70dcd9bc186d7ee26a36962,3200,4527600,1728
MSREG_small_4837c814a4ca15f8,MG1655,3369600,3372800,3371200.0,small,WIN_small_4837c814a4ca15f8,0.28583704130844645,3200,0.28583704130844645,0.11812947791543851,density,0.2735161440646504,0.29815793855224243,4,0,0,3368400,3372800,4,9fa434fb0dc0fa98db26caa030273ae26812a548ab4df004e5c0d1b19c7f10bb,3200,4528800,1729
MSREG_small_18e82d46056677c7,MG1655,3700800,3704000,3702400.0,small,WIN_small_18e82d46056677c7,0.2853398971488854,3200,0.2853398971488854,0.23385265675989564,density,0.26509783766632156,0.3055819566314493,1,0,0,3700800,3704000,1,a4842c7185efde3c29263312f38db4f5bbb352991d4da964259dd010677ebe16,3200,4528800,1730
MSREG_small_28fdcc05b01cdc14,MG1655,2129600,2132800,2131200.0,small,WIN_small_28fdcc05b01cdc14,0.2829213574900145,3200,0.06094123468574993,0.2829213574900145,shape,0.23367174746928598,0.33217096751074304,1,0,0,2129600,2132800,1,066d5e251e6d2bfb3ba3c1c7fc8c537e2c8d4a0c222b48bbb6ca15805b89a06b,3200,4528800,1731
MSREG_small_c8954001ed68bb0f,MG1655,4068000,4071200,4069600.0,small,WIN_small_c8954001ed68bb0f,0.2821037217563164,3200,0.19086380014442167,0.2821037217563164,shape,0.3928245846086876,0.18064322002314934,4,0,0,4066800,4071200,4,eecb1370e84a73cc4d1424526f279bdfd39978091d6c568a1ea8c9e9d5e74202,3200,4530400,1732
MSREG_small_d3c603f0068904ef,MG1655,2699600,2702800,2701200.0,small,WIN_small_d3c603f0068904ef,0.2802839091848327,3200,0.2802839091848327,0.1864655614221857,density,0.2689041239226926,0.2916636944469728,1,0,0,2699600,2702800,1,acfa1568f2803c8c691fe763a0cc01909586698d8ec4bf89b69866b7a6572289,3200,4530400,1733
MSREG_small_142542ac39da370b,MG1655,3155200,3158400,3156800.0,small,WIN_small_142542ac39da370b,0.2792578821929743,3200,0.13757448842518866,0.2792578821929743,shape,0.4062521185128125,0.15226364587313615,1,0,0,3155200,3158400,1,fbda36e9342b759b8747d9b89e624260d0339baabba1f8034adc4bb88b3b82a5,3200,4530400,1734
MSREG_small_eb839311daba7516,MG1655,1395600,1398800,1397200.0,small,WIN_small_eb839311daba7516,0.27784076183861445,3200,0.27784076183861445,0.017215349407871096,density,0.3047507707664372,0.2509307529107917,4,0,0,1394400,1398800,4,584a8cff267faea5c5d7bb13ba3a31c078131c8c774adeddcd7bfb1fe828a3a8,3200,4531600,1735
MSREG_medium_9da953213b7f6890,MG1655,350400,356800,353600.0,medium,WIN_medium_9da953213b7f6890,0.27644891143856193,6400,0.022732186851531465,0.27644891143856193,shape,0.14272335778807457,0.41017446508904926,10,5,0,348000,357600,15,17a93b6c953cfbe311b2cefe7e248af058a5664b77eeab22a34297091aa9f4a0,6400,4535600,1736
MSREG_small_7a76e5c9149174c7,MG1655,4190800,4194000,4192400.0,small,WIN_small_7a76e5c9149174c7,0.2731390264165349,3200,0.2731390264165349,0.13343978609602328,density,0.25461435838609703,0.2916636944469728,4,0,0,4190800,4195200,4,1d1ea820256934716fe67513dbfe91b87da1b22d20f5efff3362740a4bea918a,3200,4537200,1737
MSREG_small_a21580e1928f8e27,MG1655,4420400,4423600,4422000.0,small,WIN_small_a21580e1928f8e27,0.27276119230941265,3200,0.27276119230941265,0.12261442029954484,density,0.2766182606961327,0.2689041239226926,4,0,0,4420400,4424800,4,4689bb5ac144854afe383dd67a887dca5171a34ed71832a1fbfe6362003b12d3,3200,4538400,1738
MSREG_small_837e408ffdc0dc90,MG1655,575600,578800,577200.0,small,WIN_small_837e408ffdc0dc90,0.2724489984242968,3200,0.2724489984242968,0.06445139693945573,density,0.29979678759852574,0.24510120925006784,4,0,0,574400,578800,4,894ba9a9303cc3f3d2c07a5d4a7d9763ff8bc0f3fb71b85a8ac6de9b55cbd918,3200,4540000,1739
MSREG_small_cd27d133b3ac35c9,MG1655,4343600,4346800,4345200.0,small,WIN_small_cd27d133b3ac35c9,0.27116524201921316,3200,0.27116524201921316,0.1894979659974239,density,0.3022667154799724,0.24006376855845393,4,0,0,4343600,4348000,4,1f1da330d7ff656cbd08c90430a0b4a15051d96db39bdbabee8f195fc43d4a84,3200,4541600,1740
MSREG_small_09e98ef809f2684b,MG1655,1552400,1555600,1554000.0,small,WIN_small_09e98ef809f2684b,0.27072497662889183,3200,0.058803729936910014,0.27072497662889183,shape,0.24655127564530066,0.294898677612483,1,0,0,1552400,1555600,1,28bab22f9ffa8a8a2b1150ff3b47c56071930494df400a8b234756faf9675de9,3200,4541600,1741
MSREG_small_594f3ba49a190586,MG1655,4345200,4348400,4346800.0,small,WIN_small_594f3ba49a190586,0.27069375712758703,3200,0.18536787001041505,0.27069375712758703,shape,0.18126765504359757,0.4480646147060504,1,0,0,4345200,4348400,1,58ba9fffa9dd2179e7ebe6c6c82450bde78e717684a0ad1eea0d0695ed0bc09f,3200,4541600,1742
MSREG_small_fa5e32ba9561a6d0,MG1655,3133600,3136800,3135200.0,small,WIN_small_fa5e32ba9561a6d0,0.2702368375070825,3200,0.2702368375070825,0.16717014113230838,density,0.2828897701394676,0.25758390487469734,3,0,0,3133600,3137600,3,4c21a28d113cc36449403c6a5256bdb95bea92d153325d676c089342fe41872c,3200,4542400,1743
MSREG_small_f8a3ae72186c1d2c,MG1655,4212800,4216000,4214400.0,small,WIN_small_f8a3ae72186c1d2c,0.2692921564231616,3200,0.2692921564231616,0.04920180155141883,density,0.28765355993553154,0.2509307529107917,4,4,0,4208800,4217600,8,36885fea077466671a020dad98966c87bbd26eb0e01ba54f5b77f4f207625220,3200,4544000,1744
MSREG_small_358a1e3996454765,MG1655,2506400,2509600,2508000.0,small,WIN_small_358a1e3996454765,0.26776291579074607,3200,0.26776291579074607,0.21178918375835476,density,0.29408766994094143,0.26966940074080487,1,0,0,2506400,2509600,1,4d6f324e537709c44ce38f775dfb445e72c1daee2e55e7adfa6c9c3d840802cd,3200,4544000,1745
MSREG_small_cde862260dd29f49,MG1655,3467200,3470400,3468800.0,small,WIN_small_cde862260dd29f49,0.26668562769243354,3200,0.25463011394730733,0.26668562769243354,shape,0.25832947498382297,0.4244619528705964,3,0,0,3467200,3471200,3,aa07b45c507a3bd45031967c91e58e4a60acc0c053f301cd5d185de170f72b12,3200,4544800,1746
MSREG_small_287343aaef3c8652,MG1655,816400,819600,818000.0,small,WIN_small_287343aaef3c8652,0.2643906622168437,3200,0.2643906622168437,0.1109146202041178,density,0.2836801151836195,0.24510120925006784,2,0,0,816000,819600,2,8f4e81c6c4c436f22235d0324b7a09172697dc6bc1d1d765bc9439c44c876df1,3200,4545200,1747
MSREG_small_dc4b8bd80c20f59b,MG1655,1746400,1749600,1748000.0,small,WIN_small_dc4b8bd80c20f59b,0.26420023101056656,3200,0.1595501578539399,0.26420023101056656,shape,0.38078793939159006,0.14761252262954305,2,0,0,1746000,1749600,2,06bab013bcfc47211dca5fcd4f06e51c1f0ae02c14b0964a71e30b70176f0b97,3200,4545600,1748
MSREG_small_6467a8660fa60343,MG1655,1493200,1496400,1494800.0,small,WIN_small_6467a8660fa60343,0.2634788994162663,3200,0.19491785157839747,0.2634788994162663,shape,0.1965299394647194,0.4062521185128125,1,0,0,1493200,1496400,1,d74a0f2612b08e7b0b78ebeeb0f273012efb1a06f611abba42bbefec8e6bcb00,3200,4545600,1749
MSREG_small_311dde6757f05c09,MG1655,4313200,4316400,4314800.0,small,WIN_small_311dde6757f05c09,0.2621046943031985,3200,0.20840090591527613,0.2621046943031985,shape,0.20767471130944423,0.3165346772969527,2,0,0,4313200,4316800,2,9ad5733a1bac7b0f3432e45107d96f9da66b97b4cd4068efd72ec490c7daf79c,3200,4546000,1750
MSREG_small_22a9b809c5b342d7,MG1655,574000,577200,575600.0,small,WIN_small_22a9b809c5b342d7,0.25974831006158755,3200,0.25974831006158755,0.01807194712993115,density,0.27584065174728817,0.2436559683758869,4,0,0,572800,577200,4,794fb9427a0f31964b2d781c57dce13bbadde2856e5b52d8b273ca682217416b,3200,4547200,1751
MSREG_small_ee51b90c1add1053,MG1655,4171200,4174400,4172800.0,small,WIN_small_ee51b90c1add1053,0.25418310019684276,3200,0.25418310019684276,0.022168132357888934,density,0.28925317309532456,0.21911302729836102,4,2,0,4167200,4174400,6,10383ae7d4e26d96cdcec0c046b35d458c84ce2d890344f525130dae87b4baf7,3200,4548800,1752
MSREG_small_857d90fba8874919,MG1655,3016400,3019600,3018000.0,small,WIN_small_857d90fba8874919,0.25277505517064514,3200,0.10335793753415606,0.25277505517064514,shape,0.18126765504359757,0.3242824552976927,3,0,0,3016000,3020000,3,74559e4053eff4c594a398201610012f5ff89d709f1bea1b7d531df5add48fb8,3200,4549600,1753
MSREG_small_0bb18de06a6ba98e,MG1655,348000,351200,349600.0,small,WIN_small_0bb18de06a6ba98e,0.2523168739289861,3200,0.022398580543733535,0.2523168739289861,shape,0.3633362595638613,0.14129748829411096,4,0,0,347600,352000,4,f82949a1c2675c0172040c5b73dfb0f64eed14d6781f0b414f7e1ea0f4ef0511,3200,4550800,1754
MSREG_small_5776db24d269c83b,MG1655,139600,142800,141200.0,small,WIN_small_5776db24d269c83b,0.25174021722333056,3200,0.25174021722333056,0.09563163384159278,density,0.2598244660707742,0.2436559683758869,4,0,0,138400,142800,4,f5489d7d4fda5a610c975b92df2b708fc3124f692b120e52251e49bcc8aba88c,3200,4552000,1755
MSREG_small_d405ed9f06bc85cd,MG1655,1450400,1453600,1452000.0,small,WIN_small_d405ed9f06bc85cd,0.25147606481069085,3200,0.01828705006224996,0.25147606481069085,shape,0.18126765504359757,0.3216844745777841,1,0,0,1450400,1453600,1,c8655cd1d718ecc2e9ce82c2aeb5affd5540658d93a23abd44ede4add0a0343b,3200,4552000,1756
MSREG_small_57ac958c3b0c368a,MG1655,1731200,1734400,1732800.0,small,WIN_small_57ac958c3b0c368a,0.24951587052254562,3200,0.24951587052254562,0.06967447141141031,density,0.24293514749356016,0.2560965935515311,1,0,0,1731200,1734400,1,d2ec4e66956f2396bba3f67de92aad186e17fbe34838332cdc5aba13b0cc56a0,3200,4552000,1757
MSREG_small_0f0d0fdd7d59c4c5,MG1655,3302400,3305600,3304000.0,small,WIN_small_0f0d0fdd7d59c4c5,0.23623682576985205,3200,0.23623682576985205,0.23020647383414,density,0.26966940074080487,0.24510120925006784,4,0,0,3301200,3305600,4,592c7a64f1550089d5904e17397884d3112d303d0294da788099c21c63d9f596,3200,4553200,1758
MSREG_small_4e2062fe781a53cf,MG1655,519200,522400,520800.0,small,WIN_small_4e2062fe781a53cf,0.23597929714736954,3200,0.23597929714736954,0.21356646808170965,density,0.22322310038957718,0.2852651333002807,4,0,0,519200,523600,4,64d47f62bf8d2eced591818090496c3c5b232100a958e3a83f5293e37358903c,3200,4554400,1759
MSREG_small_b1e251d1c1eaa1bb,MG1655,402400,405600,404000.0,small,WIN_small_b1e251d1c1eaa1bb,0.23394889778253353,3200,0.22838374651563445,0.23394889778253353,shape,0.2494660146525179,0.2524004479915673,1,0,0,402400,405600,1,e9e178c9458918e38c219a975645bd76fa7b03f90e72bb51007f8bd6091f68f5,3200,4554400,1760
MSREG_small_07550b8a1b2b9fe2,MG1655,2692800,2696000,2694400.0,small,WIN_small_07550b8a1b2b9fe2,0.23192425073354284,3200,0.12885445086113195,0.23192425073354284,shape,0.23508408849254378,0.22876441297454186,3,0,0,2692000,2696000,3,276fd6d754ade46c5696e4c5dd82a984df0187035e6ccdfd5c43bcc487907183,3200,4555200,1761
MSREG_small_0ea6f751b3ec2299,MG1655,2091200,2094400,2092800.0,small,WIN_small_0ea6f751b3ec2299,0.22735743359103633,3200,0.17292136513672257,0.22735743359103633,shape,0.15637464529621262,0.3173887473497922,4,0,0,2090800,2095200,4,b1dc496dbce31638b46d8764e0e6325da36eda6acca32f50c5c592b44ea259ed,3200,4556400,1762
MSREG_small_249b440a9a96f2ac,MG1655,2540000,2543200,2541600.0,small,WIN_small_249b440a9a96f2ac,0.22549773520008556,3200,0.17086415131235894,0.22549773520008556,shape,0.16652356925082884,0.2844719011493423,1,0,0,2540000,2543200,1,ee6ea76b4bf10fbb08f7aef6a3ad70cc7f0b6ca8b313be7eb80cfbba12440761,3200,4556400,1763
MSREG_small_54c7a3bdf02e2759,MG1655,392800,396000,394400.0,small,WIN_small_54c7a3bdf02e2759,0.22359044862482425,3200,0.04326432656980749,0.22359044862482425,shape,0.2860598169289742,0.16112108032067426,4,0,0,391600,396000,4,9ae9d00bd1f321d6c63a8dbec77403c75a5542378de55b18e862c188a2b4c81e,3200,4558000,1764
MSREG_small_f3cc1b19fa710a3e,MG1655,309600,312800,311200.0,small,WIN_small_f3cc1b19fa710a3e,0.22334584455395667,3200,0.05492648423923664,0.22334584455395667,shape,0.23367174746928598,0.2130199416386274,1,0,0,309600,312800,1,e3c0907df8418e39e04cbf554a22ea7af27841e1f3f9d6e2cd5f40d96ca7c8e8,3200,4558000,1765
MSREG_small_4dc7570e899338aa,MG1655,324400,327600,326000.0,small,WIN_small_4dc7570e899338aa,0.2222517808261911,3200,0.2222517808261911,0.07199347446419208,density,0.22946207494289278,0.21504148670948942,2,0,0,324400,328000,2,14db37fa6f2f85ff4f2d76d8673c9eaa2ef8a3b98ee92349db31ad34059aa45c,3200,4558400,1766
MSREG_small_e453e32eafd4b13a,MG1655,4499200,4502400,4500800.0,small,WIN_small_e453e32eafd4b13a,0.22030163145176657,3200,0.22030163145176657,0.05360418102799347,density,0.23226398454489558,0.20833927835863758,4,0,0,4498000,4502400,4,224b404861f87895dd53268f0984ccc849c58301e4104cf2ee4215b4ca10416a,3200,4560000,1767
MSREG_small_cb2d7c57a3b327fc,MG1655,4066000,4069200,4067600.0,small,WIN_small_cb2d7c57a3b327fc,0.21885577264024605,3200,0.21885577264024605,0.11373628398545774,density,0.22737244228963624,0.21033910299085587,2,0,0,4066000,4069600,2,b18d5b4a5774156afd1cfdb6a6d22aa13e0638b6b0da9ddaef0d79ddee8a899f,3200,4560400,1768
MSREG_small_7bb03a39ff38a0d5,MG1655,1372800,1376000,1374400.0,small,WIN_small_7bb03a39ff38a0d5,0.21824407934196255,3200,0.01893193732706807,0.21824407934196255,shape,0.12672624214415612,0.309761916539769,1,0,0,1372800,1376000,1,2223b2c6bb26d2c07fc30ad737a8a9bf66d6ba88ffdafe9d69c4ef201a5317fe,3200,4560400,1769
MSREG_small_25ad9a441713bb94,MG1655,2792800,2796000,2794400.0,small,WIN_small_25ad9a441713bb94,0.21506039506585162,3200,0.037159837632136455,0.21506039506585162,shape,0.21911302729836102,0.21100776283334222,1,0,0,2792800,2796000,1,492433a12b43ec23b85cba6a32174a05a16fffd126bf60a97b3db8c6dae2abc3,3200,4560400,1770
MSREG_small_c225ce9ab5bcef9b,MG1655,4192800,4196000,4194400.0,small,WIN_small_c225ce9ab5bcef9b,0.2147145276192147,3200,0.2147145276192147,0.18197460898648637,density,0.21775160147531128,0.2560965935515311,2,0,0,4192400,4196000,2,fe918c0b387a198a59423bc5cee52c4e63a95688dd11cedca25ce980108b76f2,3200,4560800,1771
MSREG_small_88f1452262805873,MG1655,2146800,2150000,2148400.0,small,WIN_small_88f1452262805873,0.21302202301850878,3200,0.11106977033872607,0.21302202301850878,shape,0.14473066413250496,0.2813133819045126,7,0,0,2145600,2151200,7,c61cefc69afdee0cb0d006d54e55fc2645bc61fde3bb3aa19d571322acd42b97,3200,4563200,1772
MSREG_small_915cb23540ccf5b3,MG1655,508000,511200,509600.0,small,WIN_small_915cb23540ccf5b3,0.21172917346615255,3200,0.21172917346615255,0.1572430506505512,density,0.20502656601975597,0.2211632017519788,1,0,0,508000,511200,1,d2477066b9749d7ea1aba3b7d628bf983ace293474aa50bcce9a46524a288c43,3200,4563200,1773
MSREG_small_473d3885f973b937,MG1655,3664400,3667600,3666000.0,small,WIN_small_473d3885f973b937,0.2109340526914406,3200,0.2109340526914406,0.01807194712993115,density,0.225984918802995,0.1958831865798862,2,0,0,3664400,3668000,2,4c39afe10d7e6b1b0666f1551a0507d7206fa0856f37efc0f3d6ef6d1c3a696a,3200,4563600,1774
MSREG_small_fe8d455f052ea1e5,MG1655,2370400,2373600,2372000.0,small,WIN_small_fe8d455f052ea1e5,0.20342456399920228,3200,0.20342456399920228,0.08324146054099776,density,0.19717765693288503,0.2096714710655195,1,0,0,2370400,2373600,1,977cc4eeed642d023be879ff388ad075985563239bae01f57da7a9e828f28427,3200,4563600,1775
MSREG_small_ef0775dbe5094649,MG1655,3428000,3431200,3429600.0,small,WIN_small_ef0775dbe5094649,0.2001192317782811,3200,0.2001192317782811,0.01742875945491265,density,0.20370852409184279,0.1965299394647194,4,2,1,3417600,3431200,7,97f62f2d8ac6608b9bb377c11c33674496683b2db9254e545e85ba2dbf9c12e3,3200,4565200,1776
MSREG_small_0b6997742a6a95f7,MG1655,2860400,2863600,2862000.0,small,WIN_small_0b6997742a6a95f7,0.19813513522546805,3200,0.15579496646500202,0.19813513522546805,shape,0.3199610815150501,0.15874137857531964,4,0,0,2860400,2864800,4,7d5a05da93c7e71e89a512da562072730c70d9e8a40eb341f06028be07fa96ef,3200,4566800,1777
MSREG_small_185f667d7643c408,MG1655,2862000,2865200,2863600.0,small,WIN_small_185f667d7643c408,0.19791466242011102,3200,0.07288787817100088,0.19791466242011102,shape,0.22322310038957718,0.17260622445064489,1,0,0,2862000,2865200,1,343e9f926efbcbbfad96bb95297973642f662d6c0c2421ff16571e8d12704ad7,3200,4566800,1778
MSREG_small_92eb5b9cda69783c,MG1655,1268400,1271600,1270000.0,small,WIN_small_92eb5b9cda69783c,0.1975552959835884,3200,0.1975552959835884,0.03625697754658663,density,0.19074354692747517,0.2043670450397016,3,0,0,1268400,1272400,3,d7a2877b36ddbe011799925338c19298a5cf708ba28f1912345e7786ec60df9a,3200,4567600,1779
MSREG_small_963542b72ffc6c55,MG1655,2960000,2963200,2961600.0,small,WIN_small_963542b72ffc6c55,0.19497626374847438,3200,0.17831445848587757,0.19497626374847438,shape,0.2836801151836195,0.1901053477209263,3,0,0,2960000,2964000,3,66b20d12ecf7b20730326e191a7d4bcf059974aa581389dc0e33182825247721,3200,4568400,1780
MSREG_small_2cc2ad0b37168be1,MG1655,1425600,1428800,1427200.0,small,WIN_small_2cc2ad0b37168be1,0.1922014002712863,3200,0.023907058495235285,0.1922014002712863,shape,0.2130199416386274,0.1713828589039452,2,0,0,1425200,1428800,2,4bc4729c88909f37ac1cd6bcb0a44610f6221a365e726e29a040476a68bf5625,3200,4568800,1781
MSREG_small_5fde2792821304d7,MG1655,2470000,2473200,2471600.0,small,WIN_small_5fde2792821304d7,0.1895876337369804,3200,0.1895876337369804,0.11665017445334969,density,0.19977823046341042,0.1793970370105504,2,0,0,2470000,2473600,2,eec42854fe514ee168c69b81a43a20d8950ec4e208797c52bd0178ac49d5512d,3200,4569200,1782
MSREG_small_5c362b5d81d4e75e,MG1655,296400,299600,298000.0,small,WIN_small_5c362b5d81d4e75e,0.18921146432178798,3200,0.18921146432178798,0.0534010019578623,density,0.1965299394647194,0.18189298917885655,2,0,0,296400,300000,2,95ffc637ed83a4bbae576e08807d9964ed79f60593034e8fb3f66b31cce33d9e,3200,4569600,1783
MSREG_medium_b87fb92fba51c3ec,MG1655,2301600,2308000,2304800.0,medium,WIN_medium_b87fb92fba51c3ec,0.1879936013509278,6400,0.02591031280632278,0.1879936013509278,shape,0.15547680385776147,0.22051039884409412,3,2,0,2300800,2308000,5,82d21a7dc30bcd0b10a41e9b00e9e52c8f48c1ea036aae0d171e57b163f64232,6400,4570400,1784
MSREG_small_f6e0b714148dbddd,MG1655,2070000,2073200,2071600.0,small,WIN_small_f6e0b714148dbddd,0.1859743590257743,3200,0.1859743590257743,0.05524303590861142,density,0.1695542478575371,0.20239447019401152,4,2,0,2065600,2073200,6,7e8ff44e77a0e50d4cde5f8c2cc1fb12a96020e828a396135bbea46574516c81,3200,4572000,1785
MSREG_small_6213ec5812a39be8,MG1655,3584000,3587200,3585600.0,small,WIN_small_6213ec5812a39be8,0.18144755231765872,3200,0.18144755231765872,0.10802228461822794,density,0.1939486868026866,0.16894641783263084,3,0,0,3583200,3587200,3,aead27a3cb33bdf9041610a3ca10181e149f77299119dc3273b109c6f9d23a08,3200,4572800,1786
MSREG_small_488f16ba66696fda,MG1655,359200,362400,360800.0,small,WIN_small_488f16ba66696fda,0.1779958271140307,3200,0.1779958271140307,0.07828102760177849,density,0.18946808497723255,0.16652356925082884,1,0,0,359200,362400,1,c7039621afb0355a4cdac8ad948fc916d821c04d8c8183305c7156fddbe2935c,3200,4572800,1787
MSREG_small_63d19fdec9882ccf,MG1655,336000,339200,337600.0,small,WIN_small_63d19fdec9882ccf,0.17781345607063836,3200,0.06397571823674814,0.17781345607063836,shape,0.23437734385829473,0.12124956828298203,3,0,0,336000,340000,3,2f717252ffd655797dec77d038dc7e1640c29b38c655f796dcd407b6b9861101,3200,4573600,1788
MSREG_small_2024b5591ae55ddd,MG1655,3206400,3209600,3208000.0,small,WIN_small_2024b5591ae55ddd,0.17389561214721322,3200,0.17389561214721322,0.08436787419256603,density,0.18126765504359757,0.16652356925082884,1,0,0,3206400,3209600,1,a134393c541bd86829d1a8252b587015c3d83607ba20331b23357da4f18ae792,3200,4573600,1789
MSREG_small_710072b3a4edc25b,MG1655,1067200,1070400,1068800.0,small,WIN_small_710072b3a4edc25b,0.15924366910729115,3200,0.0412089547263832,0.15924366910729115,shape,0.17260622445064489,0.1458811137639374,1,0,0,1067200,1070400,1,d63d0e27cbd81ea316f6ee027570edc25904101fe467aee221d9048093b6f325,3200,4573600,1790
MSREG_small_e6989571bfdac283,MG1655,3624800,3628000,3626400.0,small,WIN_small_e6989571bfdac283,0.15797597997769947,3200,0.15797597997769947,0.027400691100236456,density,0.1683394373258559,0.14761252262954305,1,0,0,3624800,3628000,1,acfe328a6d568bc78d2895a8a552b0e00b8130d2d6aaca7d816e4e0e1024d81a,3200,4573600,1791
MSREG_small_db6e0a0a57dc3f25,MG1655,3946000,3949200,3947600.0,small,WIN_small_db6e0a0a57dc3f25,0.1562824657978841,3200,0.1562824657978841,0.02916211986664786,density,0.1695542478575371,0.14301068373823111,4,2,0,3941600,3949200,6,f6fceff9e92f230d651231f936003a74f824ba4f6726ea1871eb993a24b3e590,3200,4575200,1792
MSREG_small_3c2a0433857e3349,MG1655,780800,784000,782400.0,small,WIN_small_3c2a0433857e3349,0.1528761647201458,3200,0.1528761647201458,0.10870997864398824,density,0.1695542478575371,0.1361980815827545,1,0,0,780800,784000,1,644807a9e32d4d3f60f05d83e1f3028e883771a6ffab383709d6cbdb5771ab9c,3200,4575200,1793
MSREG_small_a7a21a2eba91175b,MG1655,1648000,1651200,1649600.0,small,WIN_small_a7a21a2eba91175b,0.13480312078167328,3200,0.13480312078167328,0.03469716510678833,density,0.13789123960219948,0.13171500196114705,4,0,0,1648000,1652400,4,a316126846964c442a54cede0b0f9c73ee5430583cf9d20768041bf6b6aee4c5,3200,4576800,1794
MSREG_small_2d4aa5c7caccdab8,MG1655,2514800,2518000,2516400.0,small,WIN_small_2d4aa5c7caccdab8,0.1323647227503631,3200,0.1323647227503631,0.018931298719755678,density,0.14129748829411096,0.1234319572066152,4,0,0,2513600,2518000,4,f5602533e43da6dfb76796f09015b6e11b58face8d053ff07c8959d5bf01d78b,3200,4578000,1795
MSREG_small_f3f935e8d80efe49,MG1655,374400,377600,376000.0,small,WIN_small_f3f935e8d80efe49,0.13050354731174565,3200,0.026084643187364247,0.13050354731174565,shape,0.15578497177466,0.10522212284883133,1,0,0,374400,377600,1,3483b0d52aaaa5ec9fc11bc6100b64c5338eb1a3aa00f2a32352c4377ac3786a,3200,4578000,1796
MSREG_small_7414dd4b61e6219e,MG1655,3027600,3030800,3029200.0,small,WIN_small_7414dd4b61e6219e,0.12262677388691959,3200,0.12262677388691959,0.09807241845054843,density,0.1217941382375991,0.1261754564242912,2,0,0,3027200,3030800,2,7a839e3b09542ac99522ebd5f2f3c7af72cb2d69407416dd00d90c2ae2e9a886,3200,4578400,1797
MSREG_small_333a36f7be7d122a,MG1655,3184000,3187200,3185600.0,small,WIN_small_333a36f7be7d122a,0.11726733542877038,3200,0.11726733542877038,0.014014556896672609,density,0.12562536834327007,0.10890930251427068,4,0,0,3184000,3188400,4,520a3d249f5e89623a9a4306c47f848631a216268da47544f47723cce118b4d4,3200,4580000,1798
MSREG_small_94d1a2dfa215c749,MG1655,3939600,3942800,3941200.0,small,WIN_small_94d1a2dfa215c749,0.11209779317746232,3200,0.11209779317746232,0.011050678292228635,density,0.11369643039253619,0.11049915596238846,4,2,0,3939600,3947200,6,e1c8cd51e62fb5c933ea73897b8ccbf1bcdd84cbcc6b2debc89b8e328ea3b726,3200,4581600,1799
MSREG_small_71e954159ca2f311,MG1655,4508400,4511600,4510000.0,small,WIN_small_71e954159ca2f311,0.11051343551708318,3200,0.11051343551708318,0.04693735061212079,density,0.13227286264402258,0.08875400839014376,4,0,0,4507200,4511600,4,2265995a93e7a73ea2c4050a1cceceb01119e2d064d6a0ddf7f67eef598e00d4,3200,4583200,1800
MSREG_small_0b4dd0c9cc37dd94,MG1655,738400,741600,740000.0,small,WIN_small_0b4dd0c9cc37dd94,0.10339122681595547,3200,0.0721775555138279,0.10339122681595547,shape,0.12949069757576806,0.0772917560561429,2,0,0,738000,741600,2,f597b9ea3dca223a3e6615d44866e0691b26fa049c4dd88826b5aa98767ea995,3200,4583600,1801
MSREG_small_ec22715c812767b1,MG1655,312800,316000,314400.0,small,WIN_small_ec22715c812767b1,0.09173147703499462,3200,0.09173147703499462,0.02195152661329333,density,0.11637892491164105,0.06708402915834819,4,0,0,312800,317200,4,cd4103575ce3a175a5d4f885fa7391ac935a3a9bf95dc3d242ff77901f770332,3200,4585200,1802
MSREG_medium_e884b9aba716d988,MG1655,380000,386400,383200.0,medium,WIN_medium_e884b9aba716d988,0.0870947631081069,6400,0.03888804293936887,0.0870947631081069,shape,0.08648048478912429,0.08770904142708952,6,1,0,379600,386400,7,818ba897040b4067e69e1caf1ce667ca5bf0cb5c7d255b661643a5f2f0c68759,6400,4587200,1803
MSREG_small_386eea3936c1857c,MG1655,579200,582400,580800.0,small,WIN_small_386eea3936c1857c,0.08199019065627124,3200,0.014439919731151312,0.08199019065627124,shape,0.08273597470114426,0.08124440661139821,5,0,0,578800,583600,5,f791a7aa335848c4cd7602ea23ea006fd2b2a2c6cd678fe04d17d5a1ccfbfbc0,3200,4588800,1804
MSREG_small_f9d0aef01ee097ea,MG1655,4040000,4043200,4041600.0,small,WIN_small_f9d0aef01ee097ea,0.07748038580792789,3200,0.07748038580792789,0.02216856448955189,density,0.09691001300805639,0.058050758607799395,4,2,0,4036000,4043200,6,e378d70c740fff160a2815ff168843d4a8286b60a872febeb9527a5dc7de0e7e,3200,4590400,1805
MSREG_small_54966543e6d0506e,MG1655,4324000,4327200,4325600.0,small,WIN_small_54966543e6d0506e,0.0743902674611597,3200,0.0743902674611597,0.0631401695002274,density,0.08025286626767093,0.0733747555968367,3,0,0,4324000,4328000,3,0d2ca6b18ba723514aa43348d8d54d51f333641fc27d93935eceac5fac6cc5a7,3200,4591200,1806
MSREG_medium_af4acda971b29af7,MG1655,3125600,3132000,3128800.0,medium,WIN_medium_af4acda971b29af7,0.07208210662140872,6400,0.017959527898416257,0.07208210662140872,shape,0.08038929823659297,0.06377491500622448,5,1,0,3125600,3132000,6,ea666f5bf92acd44517e777a81488f4d57619c617b349e05663e5227b52eeae2,6400,4592800,1807
MSREG_small_2b100ce6abb83184,MG1655,3420800,3424000,3422400.0,small,WIN_small_2b100ce6abb83184,0.06925189581052779,3200,0.06925189581052779,0.06547762200522073,density,0.0733747555968367,0.06852766865464847,4,4,1,3416000,3428800,9,ba17994ef9b6637c8d1b4c6ed076a4e9d392c7bcb86632ccfdb0bf078ecf6d7c,3200,4594400,1808
MSREG_small_54198c608f60cbe7,MG1655,3186400,3189600,3188000.0,small,WIN_small_54198c608f60cbe7,0.05275827248062308,3200,0.05275827248062308,0.012528594241938348,density,0.0613569859658611,0.04415955899538506,3,0,0,3185600,3189600,3,1f50eeeca5ba201334cda28bdf8df92e2860ad2680acc585c1c59426fe5699db,3200,4595200,1809
MSREG_small_b1a493072c823521,MG1655,1650000,1653200,1651600.0,small,WIN_small_b1a493072c823521,0.04970428417223288,3200,0.012528594241938348,0.04970428417223288,shape,0.05570448341484942,0.043704084929616346,2,0,0,1649600,1653200,2,c6467b6ed638a946f2b11a176220ec8da4ec72f0a73e6d75f987208c48683099,3200,4595600,1810
MSREG_small_c7c07076102de86b,MG1655,2168000,2171200,2169600.0,small,WIN_small_c7c07076102de86b,0.04809486460376794,3200,0.04809486460376794,0.011893969608196456,density,0.05430277865236884,0.04188695055516703,4,0,0,2168000,2172400,4,7cdc25367b7ccfe387429caa733ee1b38d4c5b0e120d7533176c869dded11e97,3200,4597200,1811
MSREG_small_e8abc4980fa4eb62,MG1655,290800,294000,292400.0,small,WIN_small_e8abc4980fa4eb62,0.03481462200917665,3200,0.03481462200917665,0.025649044400794276,density,0.045071942696297544,0.02674078747953279,1,0,0,290800,294000,1,f70da8bfa54836c206a7ef9873737288e5f46ba75b4c2ea62b22d8bc99db8ede,3200,4597200,1812
MSREG_small_17ecedcdc078a959,MG1655,314400,317600,316000.0,small,WIN_small_17ecedcdc078a959,0.02457499697994312,3200,0.02457499697994312,0.01742918225720544,density,0.028495515046083345,0.020654478913802895,2,0,0,314400,318000,2,013be584e40656342a4b21885a959b7ba05cb9a4a3189bc1d48eba87f21f9c33,3200,4597600,1813
MSREG_small_6956f6276d63d649,MG1655,2995600,2998800,2997200.0,small,WIN_small_6956f6276d63d649,0.01893300167676225,3200,0.01893300167676225,0.01529399060974863,density,0.020222989080093474,0.017643014273431026,4,0,0,2995200,2999600,4,9cde4b52fb352bb0b33f95fbc68f0fe3fdfa41be21efc6bbfeeec84276ac1a30,3200,4598800,1814
MSREG_small_8892bc5aa032a87e,MG1655,2068000,2071200,2069600.0,small,WIN_small_8892bc5aa032a87e,0.01785748070168109,3200,0.012528594241938348,0.01785748070168109,shape,0.017643014273431026,0.01807194712993115,5,1,0,2064800,2071600,6,d89c2451da78cab881bef61cc5ec40ff6dac3b5ff2b80b33b2f236f602d58c6c,3200,4600800,1815
MSREG_small_60c47f13b35e0e96,MG1655,2065600,2068800,2067200.0,small,WIN_small_60c47f13b35e0e96,0.017644918768439967,3200,0.017644918768439967,0.01721450463639428,density,0.018931085851068893,0.01721450463639428,5,0,0,2064800,2069600,5,2f7432ce59986bbddd9db2763cdc1c665196c0f035c2844e5b573fead2ddb7ba,3200,4602400,1816
MSREG_small_40d2bbea7a744450,MG1655,4497200,4500400,4498800.0,small,WIN_small_40d2bbea7a744450,0.01742875945491265,3200,0.01636211750086253,0.01742875945491265,shape,0.01807194712993115,0.017643014273431026,4,0,0,4496400,4500800,4,12808d1e68c48aad88b87928f8cbc18fbc9d0e8cc6c88ef6d8aa069101b1c3bd,3200,4603600,1817
MSREG_small_f079431d673842af,MG1655,687200,690400,688800.0,small,WIN_small_f079431d673842af,0.017000461010437,3200,0.014226925853405726,0.017000461010437,shape,0.01721450463639428,0.016786417384479724,3,0,0,687200,691200,3,f5f47f333add974935abbe4a2a42167e6d7187ea23f4e67b7abd6d94a8f8f4b1,3200,4604400,1818
MSREG_small_27d363bea58c88f9,MG1655,2169600,2172800,2171200.0,small,WIN_small_27d363bea58c88f9,0.01678726049219896,3200,0.01678726049219896,0.014654166316259097,density,0.01593150671096689,0.017643014273431026,3,0,0,2169600,2173600,3,92ca18c61c7b31b930944d0cab0be68d2ea4109c188fbfc2a0c3201ff2ed9058,3200,4605200,1819
MSREG_small_b1fac9a3d779dce1,MG1655,3364800,3368000,3366400.0,small,WIN_small_b1fac9a3d779dce1,0.016145549508725633,3200,0.009573577902163517,0.016145549508725633,shape,0.016786417384479724,0.01550468163297154,4,0,0,3364000,3368400,4,1b7ea5df237615ded28bf7d967c1426b2cd43ffabbba3351588cd12dbe48d395,3200,4606400,1820
MSREG_small_f5e6aa948335a5f7,MG1655,13600,16800,15200.0,small,WIN_small_f5e6aa948335a5f7,0.01593171665939129,3200,0.01593171665939129,0.013376825921551302,density,0.01550468163297154,0.01635875168581104,1,0,0,13600,16800,1,766200a5985999be775c59e826006d19f222f6bac21a3ea0b6262495530abb90,3200,4606400,1821
MSREG_small_123f3ce5f81bf22d,MG1655,2729200,2732400,2730800.0,small,WIN_small_123f3ce5f81bf22d,0.01529399060974863,3200,0.0083121098407749,0.01529399060974863,shape,0.013801563835017539,0.016786417384479724,4,1,0,2725600,2732400,5,d17ab62536b22a408ef23dc73b5d7b9543d19931fffbf62f24ca5b0b57d2ee7c,3200,4608000,1822
MSREG_small_86c0e3ae0b6cea9f,MG1655,524000,527200,525600.0,small,WIN_small_86c0e3ae0b6cea9f,0.014867788803681172,3200,0.011050678292228635,0.014867788803681172,shape,0.013376825921551302,0.01635875168581104,2,0,0,523600,527200,2,adee20a4ee56d66c418cd2560197ba596fafdc7892b18152973515a88e5e8f0b,3200,4608400,1823
MSREG_small_8d271f82f3a8b6f8,MG1655,390800,394000,392400.0,small,WIN_small_8d271f82f3a8b6f8,0.01465312273399454,3200,0.0083121098407749,0.01465312273399454,shape,0.013801563835017539,0.01550468163297154,4,0,0,390000,394400,4,2e31d6d38678eb2d5420b27ec7cf15f3057a29d4fbf30d6565bbcd8f00bb868b,3200,4609600,1824
MSREG_small_41f692166d0a7324,MG1655,4164800,4168000,4166400.0,small,WIN_small_41f692166d0a7324,0.01401414069090938,3200,0.01401414069090938,0.005593635771055867,density,0.013801563835017539,0.014226717546801222,4,2,0,4164800,4172000,6,331a693cd571e462e47f5013b71dc0509a2202668878e2d84bd0ea61723d52fb,3200,4611200,1825
MSREG_small_69c467e762fb7dc0,MG1655,566800,570000,568400.0,small,WIN_small_69c467e762fb7dc0,0.013803434934611716,3200,0.013803434934611716,0.009152138114090888,density,0.015078275627285084,0.012528594241938348,4,0,0,565600,570000,4,1f5c5b6323ae2e522cae034666830d992e5b24d8d7c0a5f639aba0c110670ffc,3200,4612800,1826
MSREG_small_5efa874251603d07,MG1655,2287600,2290800,2289200.0,small,WIN_small_5efa874251603d07,0.013801563835017539,3200,0.007473905172884841,0.013801563835017539,shape,0.013801563835017539,0.013801563835017539,2,0,0,2287200,2290800,2,f65ac65c59d24a49492df4aaff85ab52b0420a8fd2f7fba9d4188a68965ea6d6,3200,4613200,1827
MSREG_small_d99569e32f4dc526,MG1655,4038400,4041600,4040000.0,small,WIN_small_d99569e32f4dc526,0.013165079038477943,3200,0.004968151207180604,0.013165079038477943,shape,0.012528594241938348,0.013801563835017539,4,2,0,4034400,4041600,6,dd373806921691b62a321b38ae7496f6c030bee312185245651f0d60fce21d2c,3200,4614800,1828
MSREG_small_6ff3cfa686c38896,MG1655,4506800,4510000,4508400.0,small,WIN_small_6ff3cfa686c38896,0.012952710081744825,3200,0.009993998635529099,0.012952710081744825,shape,0.012528594241938348,0.013376825921551302,1,0,0,4506800,4510000,1,dc3c5f1e3b313fe07e7bec2ac181e55ff80fda3975a0180e9c2042d3ae9b5514,3200,4614800,1829
MSREG_small_c683d14666447594,MG1655,3621600,3624800,3623200.0,small,WIN_small_c683d14666447594,0.011893969608196456,3200,0.007683607981023673,0.011893969608196456,shape,0.012528594241938348,0.011259344974454561,3,0,0,3620800,3624800,3,8386ca8519e8d401c05d7f05de177776924bbe49fc1064b81f2e4b8aa1a62260,3200,4615600,1830
MSREG_small_080c3bd3569374fa,MG1655,565200,568400,566800.0,small,WIN_small_080c3bd3569374fa,0.011476850974554214,3200,0.0083121098407749,0.011476850974554214,shape,0.009152138114090888,0.013801563835017539,1,0,0,565200,568400,1,381d07857cb9467cc9a1380c569730800240fbcfd21a91158be6f1b406caf698,3200,4615600,1831
MSREG_small_58698fded751c0ae,MG1655,730800,734000,732400.0,small,WIN_small_58698fded751c0ae,0.011264482017821095,3200,0.0045521601969096305,0.011264482017821095,shape,0.013376825921551302,0.009152138114090888,5,0,0,729600,734400,5,8e5e803e4cac99abfc3b1c84d45175a350c5405276bb7cb738d048e0169230d4,3200,4617600,1832
MSREG_small_9bbf175f0db0153d,MG1655,4206400,4209600,4208000.0,small,WIN_small_9bbf175f0db0153d,0.0083121098407749,3200,0.0083121098407749,0.005802531641857341,density,0.0083121098407749,0.0083121098407749,4,2,0,4206400,4213600,6,3eb8bce5fa9ed743746a0e4960880dc2639b5aa246c1638772b21404d7ff6e34,3200,4619200,1833
MSREG_small_33f797c8bb280f0a,MG1655,729200,732400,730800.0,small,WIN_small_33f797c8bb280f0a,0.0083121098407749,3200,0.004136169186638657,0.0083121098407749,shape,0.0083121098407749,0.0083121098407749,1,0,0,729200,732400,1,70a2a967effb20e7d9c0a0ca7d53debd92db5d5089b788e5c859d0d5ab9814dd,3200,4619200,1834
MSREG_small_318b0231948cf430,MG1655,227600,230800,229200.0,small,WIN_small_318b0231948cf430,0.007683203734583861,3200,0.007683203734583861,0.006636912076534078,density,0.007892704224497235,0.007473703244670487,4,2,0,223200,230800,6,f5b0dadaec23b848e9623d92fb6332e5f7d50e11ba25272f8e35ed061d284921,3200,4620800,1835
MSREG_small_4af8d60dd9873652,MG1655,3422400,3425600,3424000.0,small,WIN_small_4af8d60dd9873652,0.004968350818836962,3200,0.0043440650770533865,0.004968350818836962,shape,0.004551960967468116,0.005384740670205807,4,2,0,3422400,3429600,6,0148c141e64e842e79a0fd8b082e8897346f6be5a322481a40178d737f76f166,3200,4622400,1836
MSREG_small_cc3009fd8eea174b,MG1655,4211200,4214400,4212800.0,small,WIN_small_cc3009fd8eea174b,0.004968151207180604,3200,0.004968151207180604,0.003928472144547342,density,0.004968151207180604,0.004968151207180604,4,1,0,4208000,4214400,5,ef9d54b7e5678652ae240f7fa7e8e3e0d652560e5126106187d73ffb74e60f66,3200,4624000,1837
MSREG_small_7478b474d33f266a,MG1655,3944400,3947600,3946000.0,small,WIN_small_7478b474d33f266a,0.004551960967468116,3200,0.004136169186638657,0.004551960967468116,shape,0.004551960967468116,0.004551960967468116,4,0,0,3943200,3947600,4,91cd6f5ed1d1d42422a2ddf86cd2fbc88759c220bbcee217192ee1d43411749c,3200,4625600,1838
MSREG_small_a56dffd92b0fdcaa,MG1655,4169600,4172800,4171200.0,small,WIN_small_a56dffd92b0fdcaa,0.004136169186638657,3200,0.004136169186638657,0.0037207751024560254,density,0.004136169186638657,0.004136169186638657,4,1,0,4166400,4172800,5,3ea5f6a5be83e4f95844317e42f2f38ec7b77c132675e8e9dfb7fbcb1eb332ed,3200,4627200,1839
MSREG_small_d455e92e3638453d,MG1655,4034400,4037600,4036000.0,small,WIN_small_d455e92e3638453d,0.004136169186638657,3200,0.004136169186638657,0.003928472144547342,density,0.004136169186638657,0.004136169186638657,4,0,0,4034400,4038800,4,424bda59556254e3c29c27be23453d3bdea416af2f04ca36bb579e3920f3a5c2,3200,4628800,1840
MSREG_medium_4d97b39c11e2701f,MG1655,222400,228800,225600.0,medium,WIN_medium_4d97b39c11e2701f,0.004041163210038031,6400,0.002015291235325575,0.004041163210038031,shape,0.005055871789888226,0.0030264546301878347,6,1,0,222400,229200,7,1eabff41f852400b8884b0ad405a46ff70b41f0576bedf8605da0b61ac1b0332,6400,4630800,1841
MSREG_small_f5e14892e1965ea8,MG1655,3763200,3766400,3764800.0,small,WIN_small_f5e14892e1965ea8,0.003928472144547342,3200,0.0037207751024560254,0.003928472144547342,shape,0.004136169186638657,0.0037207751024560254,3,0,0,3762400,3766400,3,1379cd4ac5632ce359f788f66fa57cd7a2139b39e19b8827324231746780add6,3200,4631600,1842
MSREG_small_7d4829418f7c715f,MG1655,2726800,2730000,2728400.0,small,WIN_small_7d4829418f7c715f,0.0037207751024560254,3200,0.002891176986003605,0.0037207751024560254,shape,0.0037207751024560254,0.0037207751024560254,6,0,0,2725600,2730800,6,8dc5128975ed5c11fd3ae1d4d10913a74eea9eacb29b4d69fc037d620225ee3e,3200,4633600,1843
MSREG_small_87ffe15cca00fd74,MG1655,3426400,3429600,3428000.0,small,WIN_small_87ffe15cca00fd74,0.003305777954869122,3200,0.003305777954869122,0.0028913746975113546,density,0.003305777954869122,0.003305777954869122,4,0,0,3425200,3429600,4,d22de14598be3e989725a74dc381a742ee4629080bb6e375ed54c145430fe20f,3200,4635200,1844
MSREG_small_1d93b574c87f8b33,MG1655,3941200,3944400,3942800.0,small,WIN_small_1d93b574c87f8b33,0.003098477470436363,3200,0.002891176986003605,0.003098477470436363,shape,0.002891176986003605,0.003305777954869122,4,0,0,3941200,3945600,4,f0e662bc0754133d03ffb6edf98568b4d397a39167815ac870302431798089aa,3200,4636800,1845
MSREG_small_ee960853f8c01147,MG1655,4167200,4170400,4168800.0,small,WIN_small_ee960853f8c01147,0.002891176986003605,3200,0.002891176986003605,0.0024769714401535873,density,0.002891176986003605,0.002891176986003605,5,0,0,4166400,4171200,5,0e05154154876652c2e73cee67998a3cb7d0cee06a1ba08b78098b05568e79cd,3200,4638400,1846
MSREG_small_bb3b2060f913b497,MG1655,4036400,4039600,4038000.0,small,WIN_small_bb3b2060f913b497,0.002891176986003605,3200,0.002891176986003605,0.002891176986003605,density,0.002891176986003605,0.002891176986003605,3,0,0,4036000,4040000,3,1ccdea4f3d6072fbc4f6fb1fb48837dfc76e8e68b81e213d672a3aa8d8df3399,3200,4639200,1847
MSREG_small_b0fb24292d8e3aff,MG1655,3942800,3946000,3944400.0,small,WIN_small_b0fb24292d8e3aff,0.0024769714401535873,3200,0.0,0.0024769714401535873,shape,0.0024769714401535873,0.0024769714401535873,1,0,0,3942800,3946000,1,30e1bab2b16402c153a28d89286b6221e2bb74f0a45a4b1a3ab20564b817d573,3200,4639200,1848
MSREG_small_f67ae06bcdb6e0fe,MG1655,4209200,4212400,4210800.0,small,WIN_small_f67ae06bcdb6e0fe,0.0008248718027346335,3200,0.0,0.0008248718027346335,shape,-0.0,0.001649743605469267,5,0,0,4208000,4212800,5,0d40def55b1c214fb3ed0753873f6ae97cce907c8512d98c49b041fcd7f55410,3200,4640800,1849
MSREG_small_a3d20314b85797d7,MG1655,3424000,3427200,3425600.0,small,WIN_small_a3d20314b85797d7,0.0,3200,0.0,0.0,density,-0.0,-0.0,3,0,0,3424000,3428000,3,88d72b650ae879b513a6f11d9064bd5cd8bb49d69396480ac8db0e45cb0c5267,3200,4641600,1850
