baseline,budget,iteration,target_coverage_bp,actual_coverage_bp,actual_coverage,matched,region_count,sample_interval_count,overall_recall,CHIN_recall,OPCID_recall,CHID_recall,overall_overlap_recall,CHIN_overlap_recall,OPCID_overlap_recall,CHID_overlap_recall
coverage,0.05,0,234000,234000,0.05041308568587218,True,79,45,0.09593023255813954,0.112,0.029411764705882353,0.11538461538461539,0.14534883720930233,0.144,0.11764705882352941,0.23076923076923078
region,0.05,0,234000,264214,0.05692240607438903,True,79,79,0.040697674418604654,0.044,0.014705882352941176,0.07692307692307693,0.07848837209302326,0.072,0.07352941176470588,0.15384615384615385
coverage,0.05,1,234000,234000,0.05041308568587218,True,79,44,0.05813953488372093,0.068,0.029411764705882353,0.038461538461538464,0.07848837209302326,0.08,0.07352941176470588,0.07692307692307693
region,0.05,1,234000,261455,0.056328005632477404,True,79,79,0.0436046511627907,0.04,0.04411764705882353,0.07692307692307693,0.09011627906976744,0.068,0.16176470588235295,0.11538461538461539
coverage,0.05,2,234000,234000,0.05041308568587218,True,79,42,0.05232558139534884,0.064,0.029411764705882353,0.0,0.0755813953488372,0.084,0.058823529411764705,0.038461538461538464
region,0.05,2,234000,268801,0.057910631818154396,True,79,79,0.055232558139534885,0.06,0.058823529411764705,0.0,0.11046511627906977,0.092,0.14705882352941177,0.19230769230769232
coverage,0.05,3,234000,234000,0.05041308568587218,True,79,47,0.04941860465116279,0.036,0.08823529411764706,0.07692307692307693,0.061046511627906974,0.044,0.11764705882352941,0.07692307692307693
region,0.05,3,234000,262748,0.05660657024697242,True,79,79,0.055232558139534885,0.044,0.08823529411764706,0.07692307692307693,0.13662790697674418,0.112,0.19117647058823528,0.23076923076923078
coverage,0.05,4,234000,234000,0.05041308568587218,True,79,45,0.05232558139534884,0.052,0.04411764705882353,0.07692307692307693,0.0872093023255814,0.08,0.10294117647058823,0.11538461538461539
region,0.05,4,234000,261552,0.05634890336457796,True,79,79,0.040697674418604654,0.04,0.058823529411764705,0.0,0.09302325581395349,0.08,0.14705882352941177,0.07692307692307693
coverage,0.05,5,234000,234000,0.05041308568587218,True,79,48,0.0436046511627907,0.052,0.014705882352941176,0.038461538461538464,0.08139534883720931,0.08,0.08823529411764706,0.07692307692307693
region,0.05,5,234000,267069,0.0575374888078641,True,79,79,0.040697674418604654,0.032,0.08823529411764706,0.0,0.07267441860465117,0.06,0.14705882352941177,0.0
coverage,0.05,6,234000,234000,0.05041308568587218,True,79,42,0.05813953488372093,0.056,0.029411764705882353,0.15384615384615385,0.12209302325581395,0.12,0.04411764705882353,0.34615384615384615
region,0.05,6,234000,268778,0.057905676685800656,True,79,79,0.061046511627906974,0.068,0.058823529411764705,0.0,0.12790697674418605,0.128,0.1323529411764706,0.11538461538461539
coverage,0.05,7,234000,234000,0.05041308568587218,True,79,50,0.05813953488372093,0.052,0.07352941176470588,0.07692307692307693,0.09011627906976744,0.068,0.14705882352941177,0.15384615384615385
region,0.05,7,234000,265934,0.057292963798233905,True,79,79,0.07848837209302326,0.1,0.014705882352941176,0.038461538461538464,0.1686046511627907,0.152,0.14705882352941177,0.38461538461538464
coverage,0.05,8,234000,234000,0.05041308568587218,True,79,39,0.0436046511627907,0.04,0.07352941176470588,0.0,0.05232558139534884,0.048,0.08823529411764706,0.0
region,0.05,8,234000,254569,0.0548444820938752,True,79,79,0.061046511627906974,0.06,0.08823529411764706,0.0,0.11918604651162791,0.092,0.20588235294117646,0.15384615384615385
coverage,0.05,9,234000,234000,0.05041308568587218,True,79,42,0.03488372093023256,0.036,0.04411764705882353,0.0,0.061046511627906974,0.056,0.07352941176470588,0.07692307692307693
region,0.05,9,234000,261358,0.05630710790037685,True,79,79,0.0755813953488372,0.084,0.058823529411764705,0.038461538461538464,0.13372093023255813,0.12,0.14705882352941177,0.23076923076923078
coverage,0.05,10,234000,234000,0.05041308568587218,True,79,41,0.04941860465116279,0.048,0.058823529411764705,0.038461538461538464,0.08139534883720931,0.068,0.11764705882352941,0.11538461538461539
region,0.05,10,234000,263556,0.05678064620096466,True,79,79,0.06976744186046512,0.072,0.04411764705882353,0.11538461538461539,0.12790697674418605,0.124,0.08823529411764706,0.2692307692307692
coverage,0.05,11,234000,234000,0.05041308568587218,True,79,48,0.05232558139534884,0.056,0.029411764705882353,0.07692307692307693,0.09302325581395349,0.096,0.07352941176470588,0.11538461538461539
region,0.05,11,234000,266248,0.0573606121268893,True,79,79,0.07848837209302326,0.072,0.11764705882352941,0.038461538461538464,0.12790697674418605,0.104,0.19117647058823528,0.19230769230769232
coverage,0.05,12,234000,234000,0.05041308568587218,True,79,40,0.04941860465116279,0.056,0.029411764705882353,0.038461538461538464,0.0755813953488372,0.072,0.07352941176470588,0.11538461538461539
region,0.05,12,234000,269202,0.05799702347353916,True,79,79,0.04941860465116279,0.048,0.029411764705882353,0.11538461538461539,0.10174418604651163,0.08,0.14705882352941177,0.19230769230769232
coverage,0.05,13,234000,234000,0.05041308568587218,True,79,44,0.055232558139534885,0.052,0.058823529411764705,0.07692307692307693,0.0872093023255814,0.08,0.10294117647058823,0.11538461538461539
region,0.05,13,234000,256792,0.05532340640789098,True,79,79,0.0377906976744186,0.048,0.014705882352941176,0.0,0.07267441860465117,0.076,0.058823529411764705,0.07692307692307693
coverage,0.05,14,234000,234000,0.05041308568587218,True,79,52,0.05232558139534884,0.056,0.029411764705882353,0.07692307692307693,0.10465116279069768,0.096,0.07352941176470588,0.2692307692307692
region,0.05,14,234000,268279,0.05779817185777822,True,79,79,0.061046511627906974,0.068,0.04411764705882353,0.038461538461538464,0.12209302325581395,0.12,0.11764705882352941,0.15384615384615385
coverage,0.05,15,234000,234000,0.05041308568587218,True,79,42,0.040697674418604654,0.036,0.07352941176470588,0.0,0.061046511627906974,0.052,0.10294117647058823,0.038461538461538464
region,0.05,15,234000,263934,0.056862082723995684,True,79,79,0.05813953488372093,0.06,0.058823529411764705,0.038461538461538464,0.10465116279069768,0.096,0.1323529411764706,0.11538461538461539
coverage,0.05,16,234000,234000,0.05041308568587218,True,79,41,0.055232558139534885,0.052,0.058823529411764705,0.07692307692307693,0.07267441860465117,0.06,0.11764705882352941,0.07692307692307693
region,0.05,16,234000,255383,0.05501985069109015,True,79,79,0.055232558139534885,0.064,0.04411764705882353,0.0,0.13953488372093023,0.132,0.11764705882352941,0.2692307692307692
coverage,0.05,17,234000,234000,0.05041308568587218,True,79,42,0.07848837209302326,0.096,0.014705882352941176,0.07692307692307693,0.11918604651162791,0.124,0.07352941176470588,0.19230769230769232
region,0.05,17,234000,267381,0.05760470625544526,True,79,79,0.06395348837209303,0.068,0.058823529411764705,0.038461538461538464,0.11627906976744186,0.1,0.17647058823529413,0.11538461538461539
coverage,0.05,18,234000,234000,0.05041308568587218,True,79,43,0.040697674418604654,0.044,0.04411764705882353,0.0,0.06686046511627906,0.06,0.10294117647058823,0.038461538461538464
region,0.05,18,234000,267875,0.0577111338807821,True,79,79,0.06395348837209303,0.08,0.014705882352941176,0.038461538461538464,0.13662790697674418,0.132,0.11764705882352941,0.23076923076923078
coverage,0.05,19,234000,234000,0.05041308568587218,True,79,42,0.03197674418604651,0.032,0.04411764705882353,0.0,0.055232558139534885,0.044,0.10294117647058823,0.038461538461538464
region,0.05,19,234000,266954,0.0575127131460954,True,79,79,0.061046511627906974,0.064,0.058823529411764705,0.038461538461538464,0.11627906976744186,0.104,0.10294117647058823,0.2692307692307692
coverage,0.05,20,234000,234000,0.05041308568587218,True,79,47,0.046511627906976744,0.056,0.029411764705882353,0.0,0.09593023255813954,0.088,0.10294117647058823,0.15384615384615385
region,0.05,20,234000,265241,0.05714366350601036,True,79,79,0.07267441860465117,0.072,0.07352941176470588,0.07692307692307693,0.10465116279069768,0.092,0.1323529411764706,0.15384615384615385
coverage,0.05,21,234000,234000,0.05041308568587218,True,79,47,0.04941860465116279,0.052,0.058823529411764705,0.0,0.07848837209302326,0.076,0.08823529411764706,0.07692307692307693
region,0.05,21,234000,257492,0.05547421478387436,True,79,79,0.06686046511627906,0.064,0.08823529411764706,0.038461538461538464,0.1308139534883721,0.112,0.16176470588235295,0.23076923076923078
coverage,0.05,22,234000,234000,0.05041308568587218,True,79,45,0.055232558139534885,0.036,0.11764705882352941,0.07692307692307693,0.07848837209302326,0.052,0.17647058823529413,0.07692307692307693
region,0.05,22,234000,269560,0.0580741511858278,True,79,79,0.05232558139534884,0.056,0.04411764705882353,0.038461538461538464,0.09302325581395349,0.08,0.1323529411764706,0.11538461538461539
coverage,0.05,23,234000,234000,0.05041308568587218,True,79,42,0.09011627906976744,0.084,0.08823529411764706,0.15384615384615385,0.13372093023255813,0.124,0.11764705882352941,0.2692307692307692
region,0.05,23,234000,269620,0.05808707761805495,True,79,79,0.055232558139534885,0.052,0.07352941176470588,0.038461538461538464,0.11627906976744186,0.096,0.17647058823529413,0.15384615384615385
coverage,0.05,24,234000,234000,0.05041308568587218,True,79,47,0.040697674418604654,0.048,0.014705882352941176,0.038461538461538464,0.05813953488372093,0.064,0.04411764705882353,0.038461538461538464
region,0.05,24,234000,259025,0.05580448512727796,True,79,79,0.09011627906976744,0.1,0.04411764705882353,0.11538461538461539,0.13662790697674418,0.144,0.07352941176470588,0.23076923076923078
coverage,0.05,25,234000,234000,0.05041308568587218,True,79,46,0.055232558139534885,0.044,0.07352941176470588,0.11538461538461539,0.0872093023255814,0.068,0.11764705882352941,0.19230769230769232
region,0.05,25,234000,267254,0.05757734530723113,True,79,79,0.07267441860465117,0.08,0.029411764705882353,0.11538461538461539,0.1511627906976744,0.144,0.1323529411764706,0.2692307692307692
coverage,0.05,26,234000,234000,0.05041308568587218,True,79,38,0.0377906976744186,0.032,0.058823529411764705,0.038461538461538464,0.05813953488372093,0.044,0.11764705882352941,0.038461538461538464
region,0.05,26,234000,262051,0.056456408192600394,True,79,79,0.0755813953488372,0.072,0.07352941176470588,0.11538461538461539,0.14244186046511628,0.12,0.17647058823529413,0.2692307692307692
coverage,0.05,27,234000,234000,0.05041308568587218,True,79,42,0.07848837209302326,0.088,0.04411764705882353,0.07692307692307693,0.12209302325581395,0.116,0.10294117647058823,0.23076923076923078
region,0.05,27,234000,269386,0.05803666453236908,True,79,79,0.023255813953488372,0.024,0.029411764705882353,0.0,0.06395348837209303,0.044,0.14705882352941177,0.038461538461538464
coverage,0.05,28,234000,234000,0.05041308568587218,True,79,43,0.046511627906976744,0.04,0.058823529411764705,0.07692307692307693,0.06976744186046512,0.056,0.10294117647058823,0.11538461538461539
region,0.05,28,234000,271775,0.05855135197554664,True,79,79,0.061046511627906974,0.064,0.07352941176470588,0.0,0.12790697674418605,0.112,0.14705882352941177,0.23076923076923078
coverage,0.05,29,234000,234000,0.05041308568587218,True,79,46,0.06395348837209303,0.068,0.04411764705882353,0.07692307692307693,0.09883720930232558,0.096,0.058823529411764705,0.23076923076923078
region,0.05,29,234000,262698,0.056595798220116456,True,79,79,0.040697674418604654,0.04,0.014705882352941176,0.11538461538461539,0.08430232558139535,0.072,0.10294117647058823,0.15384615384615385
coverage,0.05,30,234000,234000,0.05041308568587218,True,79,47,0.046511627906976744,0.052,0.029411764705882353,0.038461538461538464,0.06395348837209303,0.068,0.04411764705882353,0.07692307692307693
region,0.05,30,234000,258601,0.055713138339539454,True,79,79,0.06395348837209303,0.06,0.04411764705882353,0.15384615384615385,0.10755813953488372,0.092,0.11764705882352941,0.23076923076923078
coverage,0.05,31,234000,234000,0.05041308568587218,True,79,47,0.06395348837209303,0.084,0.0,0.038461538461538464,0.09302325581395349,0.112,0.029411764705882353,0.07692307692307693
region,0.05,31,234000,265813,0.057266895493242494,True,79,79,0.040697674418604654,0.04,0.058823529411764705,0.0,0.08430232558139535,0.068,0.1323529411764706,0.11538461538461539
coverage,0.05,32,234000,234000,0.05041308568587218,True,79,44,0.061046511627906974,0.06,0.058823529411764705,0.07692307692307693,0.09302325581395349,0.088,0.08823529411764706,0.15384615384615385
region,0.05,32,234000,271844,0.05856621737260786,True,79,79,0.05232558139534884,0.052,0.029411764705882353,0.11538461538461539,0.10465116279069768,0.08,0.14705882352941177,0.23076923076923078
coverage,0.05,33,234000,234000,0.05041308568587218,True,79,53,0.029069767441860465,0.028,0.04411764705882353,0.0,0.06976744186046512,0.044,0.16176470588235295,0.07692307692307693
region,0.05,33,234000,259246,0.055852097485981286,True,79,79,0.07267441860465117,0.068,0.08823529411764706,0.07692307692307693,0.15406976744186046,0.132,0.16176470588235295,0.34615384615384615
coverage,0.05,34,234000,234000,0.05041308568587218,True,79,45,0.06686046511627906,0.072,0.04411764705882353,0.07692307692307693,0.09011627906976744,0.08,0.08823529411764706,0.19230769230769232
region,0.05,34,234000,264870,0.05706373506673917,True,79,79,0.0436046511627907,0.044,0.058823529411764705,0.0,0.07267441860465117,0.06,0.1323529411764706,0.038461538461538464
coverage,0.05,35,234000,234000,0.05041308568587218,True,79,44,0.04941860465116279,0.04,0.08823529411764706,0.038461538461538464,0.0755813953488372,0.056,0.14705882352941177,0.07692307692307693
region,0.05,35,234000,255141,0.05496771408110733,True,79,79,0.03488372093023256,0.036,0.029411764705882353,0.038461538461538464,0.08430232558139535,0.076,0.10294117647058823,0.11538461538461539
coverage,0.05,36,234000,234000,0.05041308568587218,True,79,46,0.05813953488372093,0.06,0.04411764705882353,0.07692307692307693,0.10465116279069768,0.1,0.058823529411764705,0.2692307692307692
region,0.05,36,234000,271209,0.05842941263153722,True,79,79,0.06395348837209303,0.068,0.014705882352941176,0.15384615384615385,0.12209302325581395,0.104,0.11764705882352941,0.3076923076923077
coverage,0.05,37,234000,234000,0.05041308568587218,True,79,37,0.046511627906976744,0.056,0.029411764705882353,0.0,0.07267441860465117,0.08,0.04411764705882353,0.07692307692307693
region,0.05,37,234000,256531,0.055267176427702895,True,79,79,0.0436046511627907,0.048,0.029411764705882353,0.038461538461538464,0.08139534883720931,0.068,0.1323529411764706,0.07692307692307693
coverage,0.05,38,234000,234000,0.05041308568587218,True,79,52,0.03488372093023256,0.032,0.04411764705882353,0.038461538461538464,0.06976744186046512,0.052,0.11764705882352941,0.11538461538461539
region,0.05,38,234000,263249,0.05671450595606909,True,79,79,0.0755813953488372,0.072,0.10294117647058823,0.038461538461538464,0.14244186046511628,0.12,0.20588235294117646,0.19230769230769232
coverage,0.05,39,234000,234000,0.05041308568587218,True,79,38,0.05813953488372093,0.064,0.058823529411764705,0.0,0.07267441860465117,0.072,0.08823529411764706,0.038461538461538464
region,0.05,39,234000,267524,0.05763551425225329,True,79,79,0.05813953488372093,0.044,0.1323529411764706,0.0,0.09883720930232558,0.064,0.25,0.038461538461538464
coverage,0.05,40,234000,234000,0.05041308568587218,True,79,46,0.03197674418604651,0.036,0.029411764705882353,0.0,0.0755813953488372,0.064,0.08823529411764706,0.15384615384615385
region,0.05,40,234000,263322,0.056730233115278784,True,79,79,0.03488372093023256,0.036,0.029411764705882353,0.038461538461538464,0.09302325581395349,0.076,0.14705882352941177,0.11538461538461539
coverage,0.05,41,234000,234000,0.05041308568587218,True,79,52,0.055232558139534885,0.052,0.07352941176470588,0.038461538461538464,0.10755813953488372,0.092,0.14705882352941177,0.15384615384615385
region,0.05,41,234000,262600,0.056574685047478784,True,79,79,0.061046511627906974,0.052,0.07352941176470588,0.11538461538461539,0.10755813953488372,0.084,0.14705882352941177,0.23076923076923078
coverage,0.05,42,234000,234000,0.05041308568587218,True,79,51,0.05813953488372093,0.064,0.029411764705882353,0.07692307692307693,0.07267441860465117,0.068,0.07352941176470588,0.11538461538461539
region,0.05,42,234000,268100,0.0577596080016339,True,79,79,0.055232558139534885,0.064,0.029411764705882353,0.038461538461538464,0.12209302325581395,0.132,0.08823529411764706,0.11538461538461539
coverage,0.05,43,234000,234000,0.05041308568587218,True,79,45,0.055232558139534885,0.06,0.04411764705882353,0.038461538461538464,0.07848837209302326,0.076,0.07352941176470588,0.11538461538461539
region,0.05,43,234000,267859,0.057707686832188194,True,79,79,0.040697674418604654,0.04,0.04411764705882353,0.038461538461538464,0.07848837209302326,0.052,0.16176470588235295,0.11538461538461539
coverage,0.05,44,234000,234000,0.05041308568587218,True,79,44,0.05813953488372093,0.056,0.04411764705882353,0.11538461538461539,0.0755813953488372,0.064,0.08823529411764706,0.15384615384615385
region,0.05,44,234000,265284,0.05715292744910648,True,79,79,0.061046511627906974,0.068,0.058823529411764705,0.0,0.14244186046511628,0.112,0.20588235294117646,0.2692307692307692
coverage,0.05,45,234000,234000,0.05041308568587218,True,79,46,0.05232558139534884,0.048,0.07352941176470588,0.038461538461538464,0.08139534883720931,0.056,0.14705882352941177,0.15384615384615385
region,0.05,45,234000,266918,0.05750495728675911,True,79,79,0.029069767441860465,0.028,0.029411764705882353,0.038461538461538464,0.06976744186046512,0.052,0.11764705882352941,0.11538461538461539
coverage,0.05,46,234000,234000,0.05041308568587218,True,79,45,0.0377906976744186,0.04,0.029411764705882353,0.038461538461538464,0.06686046511627906,0.064,0.058823529411764705,0.11538461538461539
region,0.05,46,234000,263240,0.05671256699123502,True,79,79,0.06395348837209303,0.064,0.07352941176470588,0.038461538461538464,0.11046511627906977,0.084,0.19117647058823528,0.15384615384615385
coverage,0.05,47,234000,234000,0.05041308568587218,True,79,45,0.08139534883720931,0.092,0.014705882352941176,0.15384615384615385,0.11918604651162791,0.128,0.058823529411764705,0.19230769230769232
region,0.05,47,234000,268524,0.057850954789372404,True,79,79,0.04941860465116279,0.044,0.029411764705882353,0.15384615384615385,0.11918604651162791,0.088,0.17647058823529413,0.2692307692307692
coverage,0.05,48,234000,234000,0.05041308568587218,True,79,45,0.03488372093023256,0.032,0.04411764705882353,0.038461538461538464,0.055232558139534885,0.052,0.058823529411764705,0.07692307692307693
region,0.05,48,234000,265651,0.057231994126229195,True,79,79,0.03488372093023256,0.024,0.07352941176470588,0.038461538461538464,0.09302325581395349,0.076,0.1323529411764706,0.15384615384615385
coverage,0.05,49,234000,234000,0.05041308568587218,True,79,44,0.023255813953488372,0.024,0.029411764705882353,0.0,0.03488372093023256,0.028,0.07352941176470588,0.0
region,0.05,49,234000,257681,0.055514933045389875,True,79,79,0.07848837209302326,0.092,0.029411764705882353,0.07692307692307693,0.14825581395348839,0.14,0.10294117647058823,0.34615384615384615
coverage,0.05,50,234000,234000,0.05041308568587218,True,79,49,0.0377906976744186,0.036,0.04411764705882353,0.038461538461538464,0.08139534883720931,0.068,0.10294117647058823,0.15384615384615385
region,0.05,50,234000,267784,0.05769152879190426,True,79,79,0.0755813953488372,0.072,0.058823529411764705,0.15384615384615385,0.18023255813953487,0.164,0.19117647058823528,0.3076923076923077
coverage,0.05,51,234000,234000,0.05041308568587218,True,79,41,0.040697674418604654,0.032,0.07352941176470588,0.038461538461538464,0.06395348837209303,0.052,0.11764705882352941,0.038461538461538464
region,0.05,51,234000,264237,0.05692736120674277,True,79,79,0.055232558139534885,0.056,0.07352941176470588,0.0,0.13662790697674418,0.116,0.19117647058823528,0.19230769230769232
coverage,0.05,52,234000,234000,0.05041308568587218,True,79,54,0.055232558139534885,0.052,0.058823529411764705,0.07692307692307693,0.08139534883720931,0.068,0.10294117647058823,0.15384615384615385
region,0.05,52,234000,261700,0.05638078856407158,True,79,79,0.05232558139534884,0.06,0.04411764705882353,0.0,0.11627906976744186,0.096,0.17647058823529413,0.15384615384615385
coverage,0.05,53,234000,234000,0.05041308568587218,True,79,44,0.040697674418604654,0.036,0.058823529411764705,0.038461538461538464,0.09302325581395349,0.076,0.16176470588235295,0.07692307692307693
region,0.05,53,234000,265828,0.05727012710129928,True,79,79,0.04941860465116279,0.06,0.014705882352941176,0.038461538461538464,0.11627906976744186,0.104,0.11764705882352941,0.23076923076923078
coverage,0.05,54,234000,234000,0.05041308568587218,True,79,40,0.07848837209302326,0.072,0.10294117647058823,0.07692307692307693,0.10755813953488372,0.096,0.16176470588235295,0.07692307692307693
region,0.05,54,234000,259693,0.055948399406073525,True,79,79,0.055232558139534885,0.044,0.08823529411764706,0.07692307692307693,0.09011627906976744,0.076,0.14705882352941177,0.07692307692307693
coverage,0.05,55,234000,234000,0.05041308568587218,True,79,42,0.03488372093023256,0.044,0.0,0.038461538461538464,0.061046511627906974,0.068,0.029411764705882353,0.07692307692307693
region,0.05,55,234000,265221,0.05713935469526798,True,79,79,0.06395348837209303,0.072,0.014705882352941176,0.11538461538461539,0.11918604651162791,0.104,0.10294117647058823,0.3076923076923077
coverage,0.05,56,234000,234000,0.05041308568587218,True,79,38,0.046511627906976744,0.036,0.10294117647058823,0.0,0.0872093023255814,0.06,0.17647058823529413,0.11538461538461539
region,0.05,56,234000,262618,0.05657856297714693,True,79,79,0.06976744186046512,0.076,0.07352941176470588,0.0,0.11918604651162791,0.124,0.11764705882352941,0.07692307692307693
coverage,0.05,57,234000,234000,0.05041308568587218,True,79,42,0.03488372093023256,0.032,0.04411764705882353,0.038461538461538464,0.05232558139534884,0.04,0.08823529411764706,0.07692307692307693
region,0.05,57,234000,256580,0.05527773301402173,True,79,79,0.06686046511627906,0.064,0.07352941176470588,0.07692307692307693,0.11627906976744186,0.104,0.11764705882352941,0.23076923076923078
coverage,0.05,58,234000,234000,0.05041308568587218,True,79,51,0.0436046511627907,0.048,0.04411764705882353,0.0,0.06395348837209303,0.056,0.11764705882352941,0.0
region,0.05,58,234000,261602,0.05635967539143391,True,79,79,0.06976744186046512,0.068,0.08823529411764706,0.038461538461538464,0.10755813953488372,0.096,0.1323529411764706,0.15384615384615385
coverage,0.05,59,234000,234000,0.05041308568587218,True,79,48,0.040697674418604654,0.048,0.014705882352941176,0.038461538461538464,0.11627906976744186,0.096,0.11764705882352941,0.3076923076923077
region,0.05,59,234000,262092,0.056465241254622274,True,79,79,0.06976744186046512,0.08,0.014705882352941176,0.11538461538461539,0.1569767441860465,0.14,0.16176470588235295,0.3076923076923077
coverage,0.05,60,234000,234000,0.05041308568587218,True,79,54,0.055232558139534885,0.052,0.07352941176470588,0.038461538461538464,0.08430232558139535,0.06,0.17647058823529413,0.07692307692307693
region,0.05,60,234000,262812,0.05662035844134804,True,79,79,0.02616279069767442,0.024,0.029411764705882353,0.038461538461538464,0.06395348837209303,0.04,0.11764705882352941,0.15384615384615385
coverage,0.05,61,234000,234000,0.05041308568587218,True,79,39,0.03197674418604651,0.028,0.04411764705882353,0.038461538461538464,0.061046511627906974,0.052,0.08823529411764706,0.07692307692307693
region,0.05,61,234000,265796,0.057263233004111465,True,79,79,0.04941860465116279,0.044,0.058823529411764705,0.07692307692307693,0.09011627906976744,0.068,0.14705882352941177,0.15384615384615385
coverage,0.05,62,234000,234000,0.05041308568587218,True,79,48,0.023255813953488372,0.028,0.014705882352941176,0.0,0.04941860465116279,0.056,0.029411764705882353,0.038461538461538464
region,0.05,62,234000,257378,0.05544965456264278,True,79,79,0.046511627906976744,0.044,0.058823529411764705,0.038461538461538464,0.12209302325581395,0.12,0.1323529411764706,0.11538461538461539
coverage,0.05,63,234000,234000,0.05041308568587218,True,79,43,0.07267441860465117,0.072,0.07352941176470588,0.07692307692307693,0.0872093023255814,0.072,0.14705882352941177,0.07692307692307693
region,0.05,63,234000,272000,0.05859982609639844,True,79,79,0.07267441860465117,0.08,0.04411764705882353,0.07692307692307693,0.1511627906976744,0.148,0.10294117647058823,0.3076923076923077
coverage,0.05,64,234000,234000,0.05041308568587218,True,79,41,0.061046511627906974,0.064,0.04411764705882353,0.07692307692307693,0.09011627906976744,0.092,0.07352941176470588,0.11538461538461539
region,0.05,64,234000,265829,0.0572703425418364,True,79,79,0.055232558139534885,0.064,0.04411764705882353,0.0,0.12790697674418605,0.112,0.1323529411764706,0.2692307692307692
coverage,0.05,65,234000,234000,0.05041308568587218,True,79,43,0.05232558139534884,0.056,0.029411764705882353,0.07692307692307693,0.09593023255813954,0.096,0.08823529411764706,0.11538461538461539
region,0.05,65,234000,267260,0.05757863795045385,True,79,79,0.061046511627906974,0.072,0.029411764705882353,0.038461538461538464,0.12209302325581395,0.116,0.10294117647058823,0.23076923076923078
coverage,0.05,66,234000,234000,0.05041308568587218,True,79,41,0.05232558139534884,0.052,0.058823529411764705,0.038461538461538464,0.10465116279069768,0.088,0.1323529411764706,0.19230769230769232
region,0.05,66,234000,258973,0.05579328221934777,True,79,79,0.0377906976744186,0.032,0.058823529411764705,0.038461538461538464,0.09883720930232558,0.068,0.17647058823529413,0.19230769230769232
coverage,0.05,67,234000,234000,0.05041308568587218,True,79,48,0.061046511627906974,0.068,0.029411764705882353,0.07692307692307693,0.09883720930232558,0.088,0.10294117647058823,0.19230769230769232
region,0.05,67,234000,262579,0.05657016079619928,True,79,79,0.0755813953488372,0.08,0.04411764705882353,0.11538461538461539,0.11918604651162791,0.112,0.10294117647058823,0.23076923076923078
coverage,0.05,68,234000,234000,0.05041308568587218,True,79,46,0.040697674418604654,0.032,0.058823529411764705,0.07692307692307693,0.0755813953488372,0.064,0.07352941176470588,0.19230769230769232
region,0.05,68,234000,263146,0.05669231558074582,True,79,79,0.07267441860465117,0.08,0.058823529411764705,0.038461538461538464,0.13953488372093023,0.116,0.17647058823529413,0.2692307692307692
coverage,0.05,69,234000,234000,0.05041308568587218,True,79,51,0.0377906976744186,0.032,0.04411764705882353,0.07692307692307693,0.09011627906976744,0.072,0.11764705882352941,0.19230769230769232
region,0.05,69,234000,262950,0.05665008923547048,True,79,79,0.05813953488372093,0.06,0.058823529411764705,0.038461538461538464,0.0872093023255814,0.072,0.1323529411764706,0.11538461538461539
coverage,0.05,70,234000,234000,0.05041308568587218,True,79,49,0.06395348837209303,0.072,0.04411764705882353,0.038461538461538464,0.09593023255813954,0.104,0.07352941176470588,0.07692307692307693
region,0.05,70,234000,267274,0.057581654117973516,True,79,79,0.10465116279069768,0.112,0.07352941176470588,0.11538461538461539,0.18604651162790697,0.188,0.1323529411764706,0.3076923076923077
coverage,0.05,71,234000,234000,0.05041308568587218,True,79,46,0.0436046511627907,0.04,0.04411764705882353,0.07692307692307693,0.06686046511627906,0.052,0.11764705882352941,0.07692307692307693
region,0.05,71,234000,270198,0.0582116022485098,True,79,79,0.055232558139534885,0.06,0.04411764705882353,0.038461538461538464,0.10755813953488372,0.096,0.14705882352941177,0.11538461538461539
coverage,0.05,72,234000,234000,0.05041308568587218,True,79,41,0.07267441860465117,0.08,0.029411764705882353,0.11538461538461539,0.09011627906976744,0.096,0.029411764705882353,0.19230769230769232
region,0.05,72,234000,268259,0.05779386304703584,True,79,79,0.07848837209302326,0.084,0.058823529411764705,0.07692307692307693,0.1308139534883721,0.124,0.14705882352941177,0.15384615384615385
coverage,0.05,73,234000,234000,0.05041308568587218,True,79,48,0.0377906976744186,0.036,0.029411764705882353,0.07692307692307693,0.06395348837209303,0.06,0.07352941176470588,0.07692307692307693
region,0.05,73,234000,263303,0.05672613974507352,True,79,79,0.046511627906976744,0.036,0.08823529411764706,0.038461538461538464,0.125,0.1,0.20588235294117646,0.15384615384615385
coverage,0.05,74,234000,234000,0.05041308568587218,True,79,53,0.06395348837209303,0.072,0.014705882352941176,0.11538461538461539,0.10465116279069768,0.112,0.058823529411764705,0.15384615384615385
region,0.05,74,234000,271762,0.05854855124856409,True,79,79,0.0436046511627907,0.044,0.058823529411764705,0.0,0.08139534883720931,0.056,0.16176470588235295,0.11538461538461539
coverage,0.05,75,234000,234000,0.05041308568587218,True,79,50,0.04941860465116279,0.056,0.029411764705882353,0.038461538461538464,0.0872093023255814,0.08,0.07352941176470588,0.19230769230769232
region,0.05,75,234000,262753,0.05660764744965801,True,79,79,0.06395348837209303,0.056,0.07352941176470588,0.11538461538461539,0.10174418604651163,0.084,0.11764705882352941,0.23076923076923078
coverage,0.05,76,234000,234000,0.05041308568587218,True,79,45,0.08139534883720931,0.1,0.014705882352941176,0.07692307692307693,0.15406976744186046,0.164,0.07352941176470588,0.2692307692307692
region,0.05,76,234000,268451,0.05783522763016271,True,79,79,0.06395348837209303,0.072,0.04411764705882353,0.038461538461538464,0.10755813953488372,0.104,0.11764705882352941,0.11538461538461539
coverage,0.05,77,234000,234000,0.05041308568587218,True,79,47,0.0436046511627907,0.044,0.029411764705882353,0.07692307692307693,0.06395348837209303,0.064,0.04411764705882353,0.11538461538461539
region,0.05,77,234000,257557,0.0554882184187871,True,79,79,0.07848837209302326,0.088,0.04411764705882353,0.07692307692307693,0.14244186046511628,0.132,0.1323529411764706,0.2692307692307692
coverage,0.05,78,234000,234000,0.05041308568587218,True,79,47,0.04941860465116279,0.056,0.029411764705882353,0.038461538461538464,0.07848837209302326,0.068,0.10294117647058823,0.11538461538461539
region,0.05,78,234000,266464,0.05740714728290704,True,79,79,0.05813953488372093,0.052,0.08823529411764706,0.038461538461538464,0.14534883720930233,0.124,0.16176470588235295,0.3076923076923077
coverage,0.05,79,234000,234000,0.05041308568587218,True,79,50,0.0377906976744186,0.044,0.014705882352941176,0.038461538461538464,0.07848837209302326,0.072,0.08823529411764706,0.11538461538461539
region,0.05,79,234000,259877,0.055988040464903445,True,79,79,0.0436046511627907,0.036,0.07352941176470588,0.038461538461538464,0.10174418604651163,0.064,0.19117647058823528,0.23076923076923078
coverage,0.05,80,234000,234000,0.05041308568587218,True,79,39,0.061046511627906974,0.068,0.04411764705882353,0.038461538461538464,0.0755813953488372,0.08,0.058823529411764705,0.07692307692307693
region,0.05,80,234000,265283,0.05715271200856936,True,79,79,0.05813953488372093,0.06,0.04411764705882353,0.07692307692307693,0.11337209302325581,0.084,0.20588235294117646,0.15384615384615385
coverage,0.05,81,234000,234000,0.05041308568587218,True,79,39,0.03488372093023256,0.032,0.04411764705882353,0.038461538461538464,0.061046511627906974,0.06,0.058823529411764705,0.07692307692307693
region,0.05,81,234000,254406,0.05480936528632478,True,79,79,0.0872093023255814,0.084,0.08823529411764706,0.11538461538461539,0.14534883720930233,0.124,0.16176470588235295,0.3076923076923077
coverage,0.05,82,234000,234000,0.05041308568587218,True,79,38,0.0755813953488372,0.064,0.10294117647058823,0.11538461538461539,0.09302325581395349,0.084,0.11764705882352941,0.11538461538461539
region,0.05,82,234000,264945,0.057079893107023105,True,79,79,0.06395348837209303,0.056,0.08823529411764706,0.07692307692307693,0.11046511627906977,0.1,0.1323529411764706,0.15384615384615385
coverage,0.05,83,234000,234000,0.05041308568587218,True,79,45,0.05232558139534884,0.04,0.11764705882352941,0.0,0.0755813953488372,0.064,0.1323529411764706,0.038461538461538464
region,0.05,83,234000,263280,0.05672118461271978,True,79,79,0.06976744186046512,0.08,0.029411764705882353,0.07692307692307693,0.11337209302325581,0.112,0.08823529411764706,0.19230769230769232
coverage,0.05,84,234000,234000,0.05041308568587218,True,79,49,0.04941860465116279,0.052,0.04411764705882353,0.038461538461538464,0.0755813953488372,0.072,0.08823529411764706,0.07692307692307693
region,0.05,84,234000,271592,0.058511926357253836,True,79,79,0.0872093023255814,0.1,0.029411764705882353,0.11538461538461539,0.15406976744186046,0.16,0.08823529411764706,0.2692307692307692
coverage,0.05,85,234000,234000,0.05041308568587218,True,79,42,0.04941860465116279,0.048,0.058823529411764705,0.038461538461538464,0.07848837209302326,0.064,0.1323529411764706,0.07692307692307693
region,0.05,85,234000,260462,0.056114073179118124,True,79,79,0.06395348837209303,0.064,0.07352941176470588,0.038461538461538464,0.11918604651162791,0.104,0.11764705882352941,0.2692307692307692
coverage,0.05,86,234000,234000,0.05041308568587218,True,79,38,0.05232558139534884,0.06,0.04411764705882353,0.0,0.06686046511627906,0.072,0.07352941176470588,0.0
region,0.05,86,234000,261803,0.05640297893939485,True,79,79,0.06686046511627906,0.052,0.10294117647058823,0.11538461538461539,0.09593023255813954,0.068,0.19117647058823528,0.11538461538461539
coverage,0.05,87,234000,234000,0.05041308568587218,True,79,46,0.05813953488372093,0.068,0.0,0.11538461538461539,0.09302325581395349,0.092,0.058823529411764705,0.19230769230769232
region,0.05,87,234000,272000,0.05859982609639844,True,79,79,0.055232558139534885,0.036,0.14705882352941177,0.0,0.09883720930232558,0.064,0.20588235294117646,0.15384615384615385
coverage,0.05,88,234000,234000,0.05041308568587218,True,79,45,0.05813953488372093,0.06,0.04411764705882353,0.07692307692307693,0.08139534883720931,0.072,0.10294117647058823,0.11538461538461539
region,0.05,88,234000,261479,0.05633317620536826,True,79,79,0.04941860465116279,0.04,0.10294117647058823,0.0,0.09011627906976744,0.064,0.19117647058823528,0.07692307692307693
coverage,0.05,89,234000,234000,0.05041308568587218,True,79,41,0.05232558139534884,0.052,0.058823529411764705,0.038461538461538464,0.08139534883720931,0.06,0.16176470588235295,0.07692307692307693
region,0.05,89,234000,265156,0.05712535106035523,True,79,79,0.055232558139534885,0.052,0.07352941176470588,0.038461538461538464,0.10465116279069768,0.084,0.14705882352941177,0.19230769230769232
coverage,0.05,90,234000,234000,0.05041308568587218,True,79,43,0.05232558139534884,0.048,0.058823529411764705,0.07692307692307693,0.06976744186046512,0.064,0.058823529411764705,0.15384615384615385
region,0.05,90,234000,262643,0.05658394899057491,True,79,79,0.055232558139534885,0.056,0.058823529411764705,0.038461538461538464,0.08139534883720931,0.068,0.11764705882352941,0.11538461538461539
coverage,0.05,91,234000,234000,0.05041308568587218,True,79,52,0.06395348837209303,0.056,0.08823529411764706,0.07692307692307693,0.09593023255813954,0.08,0.1323529411764706,0.15384615384615385
region,0.05,91,234000,259100,0.05582064316756189,True,79,79,0.03197674418604651,0.036,0.014705882352941176,0.038461538461538464,0.09883720930232558,0.08,0.08823529411764706,0.3076923076923077
coverage,0.05,92,234000,234000,0.05041308568587218,True,79,45,0.055232558139534885,0.048,0.029411764705882353,0.19230769230769232,0.0872093023255814,0.064,0.11764705882352941,0.23076923076923078
region,0.05,92,234000,258803,0.055756657328037515,True,79,79,0.05232558139534884,0.036,0.1323529411764706,0.0,0.09883720930232558,0.068,0.22058823529411764,0.07692307692307693
coverage,0.05,93,234000,234000,0.05041308568587218,True,79,45,0.06686046511627906,0.056,0.08823529411764706,0.11538461538461539,0.09011627906976744,0.072,0.11764705882352941,0.19230769230769232
region,0.05,93,234000,269460,0.058052607132115894,True,79,79,0.06395348837209303,0.064,0.029411764705882353,0.15384615384615385,0.1308139534883721,0.124,0.10294117647058823,0.2692307692307692
coverage,0.05,94,234000,234000,0.05041308568587218,True,79,47,0.0436046511627907,0.048,0.029411764705882353,0.038461538461538464,0.0755813953488372,0.06,0.11764705882352941,0.11538461538461539
region,0.05,94,234000,260191,0.05605568879355884,True,79,79,0.06976744186046512,0.076,0.029411764705882353,0.11538461538461539,0.1308139534883721,0.12,0.11764705882352941,0.2692307692307692
coverage,0.05,95,234000,234000,0.05041308568587218,True,79,45,0.046511627906976744,0.056,0.014705882352941176,0.038461538461538464,0.06976744186046512,0.072,0.058823529411764705,0.07692307692307693
region,0.05,95,234000,269682,0.05810043493135634,True,79,79,0.055232558139534885,0.052,0.07352941176470588,0.038461538461538464,0.11337209302325581,0.088,0.17647058823529413,0.19230769230769232
coverage,0.05,96,234000,234000,0.05041308568587218,True,79,40,0.06686046511627906,0.068,0.07352941176470588,0.038461538461538464,0.09302325581395349,0.084,0.14705882352941177,0.038461538461538464
region,0.05,96,234000,261887,0.05642107594451286,True,79,79,0.05232558139534884,0.04,0.08823529411764706,0.07692307692307693,0.12790697674418605,0.092,0.17647058823529413,0.34615384615384615
coverage,0.05,97,234000,234000,0.05041308568587218,True,79,41,0.03197674418604651,0.02,0.08823529411764706,0.0,0.07267441860465117,0.048,0.14705882352941177,0.11538461538461539
region,0.05,97,234000,267815,0.05769820744855495,True,79,79,0.06976744186046512,0.064,0.11764705882352941,0.0,0.125,0.108,0.16176470588235295,0.19230769230769232
coverage,0.05,98,234000,234000,0.05041308568587218,True,79,42,0.055232558139534885,0.056,0.058823529411764705,0.038461538461538464,0.08430232558139535,0.068,0.14705882352941177,0.07692307692307693
region,0.05,98,234000,261957,0.056436156782111196,True,79,79,0.05813953488372093,0.064,0.058823529411764705,0.0,0.12209302325581395,0.112,0.14705882352941177,0.15384615384615385
coverage,0.05,99,234000,234000,0.05041308568587218,True,79,47,0.046511627906976744,0.036,0.10294117647058823,0.0,0.061046511627906974,0.044,0.1323529411764706,0.038461538461538464
region,0.05,99,234000,266218,0.05735414891077573,True,79,79,0.029069767441860465,0.032,0.029411764705882353,0.0,0.07848837209302326,0.064,0.1323529411764706,0.07692307692307693
coverage,0.1,0,468400,468400,0.10091234758659201,True,109,88,0.08139534883720931,0.084,0.08823529411764706,0.038461538461538464,0.14244186046511628,0.128,0.16176470588235295,0.23076923076923078
region,0.1,0,468400,507053,0.10923977066785705,True,109,109,0.09302325581395349,0.096,0.08823529411764706,0.07692307692307693,0.13662790697674418,0.12,0.19117647058823528,0.15384615384615385
coverage,0.1,1,468400,468400,0.10091234758659201,True,109,94,0.0755813953488372,0.068,0.11764705882352941,0.038461538461538464,0.12790697674418605,0.096,0.23529411764705882,0.15384615384615385
region,0.1,1,468400,501489,0.10804105951932631,True,109,109,0.13953488372093023,0.132,0.17647058823529413,0.11538461538461539,0.21220930232558138,0.196,0.2647058823529412,0.23076923076923078
coverage,0.1,2,468400,468400,0.10091234758659201,True,109,86,0.08430232558139535,0.088,0.08823529411764706,0.038461538461538464,0.1511627906976744,0.136,0.22058823529411764,0.11538461538461539
region,0.1,2,468400,480402,0.1034980649130956,True,109,109,0.11046511627906977,0.116,0.058823529411764705,0.19230769230769232,0.2063953488372093,0.192,0.17647058823529413,0.4230769230769231
coverage,0.1,3,468400,468400,0.10091234758659201,True,109,98,0.10465116279069768,0.1,0.1323529411764706,0.07692307692307693,0.16279069767441862,0.132,0.25,0.23076923076923078
region,0.1,3,468400,483761,0.10422172967727869,True,109,109,0.10465116279069768,0.088,0.14705882352941177,0.15384615384615385,0.14825581395348839,0.12,0.23529411764705882,0.19230769230769232
coverage,0.1,4,468400,468400,0.10091234758659201,True,109,93,0.13662790697674418,0.152,0.10294117647058823,0.07692307692307693,0.21220930232558138,0.204,0.23529411764705882,0.23076923076923078
region,0.1,4,468400,478187,0.10302086412337676,True,109,109,0.0755813953488372,0.076,0.08823529411764706,0.038461538461538464,0.15406976744186046,0.128,0.22058823529411764,0.23076923076923078
coverage,0.1,5,468400,468400,0.10091234758659201,True,109,99,0.10465116279069768,0.104,0.11764705882352941,0.07692307692307693,0.1744186046511628,0.152,0.22058823529411764,0.2692307692307692
region,0.1,5,468400,494123,0.10645412452290694,True,109,109,0.13953488372093023,0.128,0.16176470588235295,0.19230769230769232,0.2005813953488372,0.164,0.2647058823529412,0.38461538461538464
coverage,0.1,6,468400,468400,0.10091234758659201,True,109,97,0.08430232558139535,0.084,0.10294117647058823,0.038461538461538464,0.13953488372093023,0.124,0.19117647058823528,0.15384615384615385
region,0.1,6,468400,502776,0.10831833149059861,True,109,109,0.13372093023255813,0.156,0.058823529411764705,0.11538461538461539,0.20930232558139536,0.2,0.17647058823529413,0.38461538461538464
coverage,0.1,7,468400,468400,0.10091234758659201,True,109,90,0.11918604651162791,0.136,0.08823529411764706,0.038461538461538464,0.18023255813953487,0.18,0.16176470588235295,0.23076923076923078
region,0.1,7,468400,503414,0.1084557825532806,True,109,109,0.07267441860465117,0.08,0.07352941176470588,0.0,0.14825581395348839,0.12,0.23529411764705882,0.19230769230769232
coverage,0.1,8,468400,468400,0.10091234758659201,True,109,91,0.10465116279069768,0.1,0.11764705882352941,0.11538461538461539,0.1569767441860465,0.144,0.19117647058823528,0.19230769230769232
region,0.1,8,468400,499730,0.1076620996145338,True,109,109,0.11337209302325581,0.112,0.10294117647058823,0.15384615384615385,0.18604651162790697,0.168,0.17647058823529413,0.38461538461538464
coverage,0.1,9,468400,468400,0.10091234758659201,True,109,92,0.07267441860465117,0.068,0.08823529411764706,0.07692307692307693,0.11627906976744186,0.088,0.19117647058823528,0.19230769230769232
region,0.1,9,468400,502398,0.10823689496756758,True,109,109,0.125,0.14,0.058823529411764705,0.15384615384615385,0.21220930232558138,0.192,0.2647058823529412,0.2692307692307692
coverage,0.1,10,468400,468400,0.10091234758659201,True,109,95,0.09302325581395349,0.1,0.08823529411764706,0.038461538461538464,0.14534883720930233,0.14,0.17647058823529413,0.11538461538461539
region,0.1,10,468400,494915,0.10662475342830527,True,109,109,0.11627906976744186,0.108,0.1323529411764706,0.15384615384615385,0.18604651162790697,0.16,0.23529411764705882,0.3076923076923077
coverage,0.1,11,468400,468400,0.10091234758659201,True,109,85,0.09011627906976744,0.092,0.08823529411764706,0.07692307692307693,0.14825581395348839,0.14,0.16176470588235295,0.19230769230769232
region,0.1,11,468400,487619,0.10505289926948423,True,109,109,0.10465116279069768,0.104,0.07352941176470588,0.19230769230769232,0.17151162790697674,0.16,0.16176470588235295,0.3076923076923077
coverage,0.1,12,468400,468400,0.10091234758659201,True,109,96,0.06686046511627906,0.068,0.058823529411764705,0.07692307692307693,0.11627906976744186,0.104,0.14705882352941177,0.15384615384615385
region,0.1,12,468400,504140,0.10861219238322907,True,109,109,0.11046511627906977,0.112,0.11764705882352941,0.07692307692307693,0.18313953488372092,0.148,0.2647058823529412,0.3076923076923077
coverage,0.1,13,468400,468400,0.10091234758659201,True,109,91,0.07848837209302326,0.092,0.04411764705882353,0.038461538461538464,0.12209302325581395,0.116,0.08823529411764706,0.2692307692307692
region,0.1,13,468400,488277,0.1051946591429086,True,109,109,0.11627906976744186,0.116,0.10294117647058823,0.15384615384615385,0.1569767441860465,0.14,0.20588235294117646,0.19230769230769232
coverage,0.1,14,468400,468400,0.10091234758659201,True,109,91,0.07267441860465117,0.056,0.14705882352941177,0.038461538461538464,0.11918604651162791,0.088,0.23529411764705882,0.11538461538461539
region,0.1,14,468400,485081,0.10450611118627592,True,109,109,0.10465116279069768,0.1,0.058823529411764705,0.2692307692307692,0.14534883720930233,0.132,0.11764705882352941,0.34615384615384615
coverage,0.1,15,468400,468400,0.10091234758659201,True,109,85,0.10755813953488372,0.12,0.07352941176470588,0.07692307692307693,0.19767441860465115,0.192,0.22058823529411764,0.19230769230769232
region,0.1,15,468400,495517,0.10675444863165097,True,109,109,0.11627906976744186,0.112,0.10294117647058823,0.19230769230769232,0.1686046511627907,0.148,0.22058823529411764,0.23076923076923078
coverage,0.1,16,468400,468400,0.10091234758659201,True,109,90,0.11627906976744186,0.12,0.07352941176470588,0.19230769230769232,0.18023255813953487,0.16,0.20588235294117646,0.3076923076923077
region,0.1,16,468400,494501,0.10653556104593795,True,109,109,0.0755813953488372,0.076,0.08823529411764706,0.038461538461538464,0.14825581395348839,0.124,0.22058823529411764,0.19230769230769232
coverage,0.1,17,468400,468400,0.10091234758659201,True,109,82,0.10174418604651163,0.112,0.08823529411764706,0.038461538461538464,0.18023255813953487,0.164,0.23529411764705882,0.19230769230769232
region,0.1,17,468400,487346,0.10499408400285071,True,109,109,0.13662790697674418,0.12,0.14705882352941177,0.2692307692307692,0.18023255813953487,0.156,0.20588235294117646,0.34615384615384615
coverage,0.1,18,468400,468400,0.10091234758659201,True,109,94,0.09883720930232558,0.108,0.07352941176470588,0.07692307692307693,0.1511627906976744,0.144,0.1323529411764706,0.2692307692307692
region,0.1,18,468400,491261,0.10583753370567203,True,109,109,0.11918604651162791,0.104,0.14705882352941177,0.19230769230769232,0.19767441860465115,0.168,0.25,0.34615384615384615
coverage,0.1,19,468400,468400,0.10091234758659201,True,109,91,0.0755813953488372,0.08,0.058823529411764705,0.07692307692307693,0.11046511627906977,0.096,0.1323529411764706,0.19230769230769232
region,0.1,19,468400,482459,0.1039412260979496,True,109,109,0.06395348837209303,0.072,0.04411764705882353,0.038461538461538464,0.1308139534883721,0.116,0.16176470588235295,0.19230769230769232
coverage,0.1,20,468400,468400,0.10091234758659201,True,109,91,0.08430232558139535,0.088,0.07352941176470588,0.07692307692307693,0.14244186046511628,0.132,0.11764705882352941,0.3076923076923077
region,0.1,20,468400,488853,0.10531875289228922,True,109,109,0.10174418604651163,0.104,0.10294117647058823,0.07692307692307693,0.16569767441860464,0.152,0.23529411764705882,0.11538461538461539
coverage,0.1,21,468400,468400,0.10091234758659201,True,109,83,0.0872093023255814,0.072,0.11764705882352941,0.15384615384615385,0.13662790697674418,0.116,0.16176470588235295,0.2692307692307692
region,0.1,21,468400,496558,0.10697872223079197,True,109,109,0.12790697674418605,0.14,0.08823529411764706,0.11538461538461539,0.21220930232558138,0.212,0.20588235294117646,0.23076923076923078
coverage,0.1,22,468400,468400,0.10091234758659201,True,109,88,0.10174418604651163,0.112,0.07352941176470588,0.07692307692307693,0.18023255813953487,0.156,0.23529411764705882,0.2692307692307692
region,0.1,22,468400,501447,0.10803201101676731,True,109,109,0.08139534883720931,0.076,0.08823529411764706,0.11538461538461539,0.12209302325581395,0.104,0.16176470588235295,0.19230769230769232
coverage,0.1,23,468400,468400,0.10091234758659201,True,109,81,0.09302325581395349,0.08,0.1323529411764706,0.11538461538461539,0.14244186046511628,0.116,0.22058823529411764,0.19230769230769232
region,0.1,23,468400,502455,0.10824917507818337,True,109,109,0.14534883720930233,0.14,0.17647058823529413,0.11538461538461539,0.2558139534883721,0.24,0.29411764705882354,0.3076923076923077
coverage,0.1,24,468400,468400,0.10091234758659201,True,109,92,0.10465116279069768,0.092,0.14705882352941177,0.11538461538461539,0.13953488372093023,0.124,0.19117647058823528,0.15384615384615385
region,0.1,24,468400,511996,0.11030469324283682,True,109,109,0.11337209302325581,0.12,0.10294117647058823,0.07692307692307693,0.18604651162790697,0.18,0.22058823529411764,0.15384615384615385
coverage,0.1,25,468400,468400,0.10091234758659201,True,109,87,0.125,0.112,0.17647058823529413,0.11538461538461539,0.1744186046511628,0.148,0.23529411764705882,0.2692307692307692
region,0.1,25,468400,480701,0.1035624816336942,True,109,109,0.12209302325581395,0.128,0.11764705882352941,0.07692307692307693,0.19186046511627908,0.176,0.22058823529411764,0.2692307692307692
coverage,0.1,26,468400,468400,0.10091234758659201,True,109,92,0.06395348837209303,0.056,0.10294117647058823,0.038461538461538464,0.1308139534883721,0.112,0.17647058823529413,0.19230769230769232
region,0.1,26,468400,495768,0.10680852420646787,True,109,109,0.06686046511627906,0.068,0.08823529411764706,0.0,0.11627906976744186,0.092,0.19117647058823528,0.15384615384615385
coverage,0.1,27,468400,468400,0.10091234758659201,True,109,91,0.1308139534883721,0.144,0.10294117647058823,0.07692307692307693,0.18313953488372092,0.192,0.16176470588235295,0.15384615384615385
region,0.1,27,468400,515485,0.1110563652768454,True,109,109,0.0872093023255814,0.088,0.08823529411764706,0.07692307692307693,0.13953488372093023,0.124,0.20588235294117646,0.11538461538461539
coverage,0.1,28,468400,468400,0.10091234758659201,True,109,95,0.13953488372093023,0.148,0.08823529411764706,0.19230769230769232,0.19767441860465115,0.2,0.14705882352941177,0.3076923076923077
region,0.1,28,468400,497477,0.10717671208440444,True,109,109,0.11337209302325581,0.112,0.11764705882352941,0.11538461538461539,0.15406976744186046,0.144,0.17647058823529413,0.19230769230769232
coverage,0.1,29,468400,468400,0.10091234758659201,True,109,96,0.05813953488372093,0.056,0.08823529411764706,0.0,0.10465116279069768,0.072,0.20588235294117646,0.15384615384615385
region,0.1,29,468400,509488,0.10976436837574209,True,109,109,0.09302325581395349,0.1,0.058823529411764705,0.11538461538461539,0.18895348837209303,0.164,0.22058823529411764,0.34615384615384615
coverage,0.1,30,468400,468400,0.10091234758659201,True,109,92,0.08430232558139535,0.088,0.058823529411764705,0.11538461538461539,0.14244186046511628,0.144,0.11764705882352941,0.19230769230769232
region,0.1,30,468400,498195,0.10733139839005595,True,109,109,0.08139534883720931,0.076,0.10294117647058823,0.07692307692307693,0.15406976744186046,0.116,0.29411764705882354,0.15384615384615385
coverage,0.1,31,468400,468400,0.10091234758659201,True,109,85,0.08139534883720931,0.076,0.10294117647058823,0.07692307692307693,0.16569767441860464,0.152,0.19117647058823528,0.23076923076923078
region,0.1,31,468400,501784,0.10810461447777645,True,109,109,0.10174418604651163,0.104,0.08823529411764706,0.11538461538461539,0.18313953488372092,0.168,0.19117647058823528,0.3076923076923077
coverage,0.1,32,468400,468400,0.10091234758659201,True,109,83,0.09593023255813954,0.108,0.07352941176470588,0.038461538461538464,0.16569767441860464,0.148,0.22058823529411764,0.19230769230769232
region,0.1,32,468400,496289,0.10692076872630693,True,109,109,0.09011627906976744,0.088,0.08823529411764706,0.11538461538461539,0.1569767441860465,0.144,0.17647058823529413,0.23076923076923078
coverage,0.1,33,468400,468400,0.10091234758659201,True,109,84,0.10755813953488372,0.1,0.16176470588235295,0.038461538461538464,0.14534883720930233,0.124,0.19117647058823528,0.23076923076923078
region,0.1,33,468400,500250,0.10777412869383574,True,109,109,0.11046511627906977,0.108,0.1323529411764706,0.07692307692307693,0.14534883720930233,0.136,0.19117647058823528,0.11538461538461539
coverage,0.1,34,468400,468400,0.10091234758659201,True,109,90,0.0872093023255814,0.1,0.058823529411764705,0.038461538461538464,0.15988372093023256,0.144,0.22058823529411764,0.15384615384615385
region,0.1,34,468400,498358,0.10736651519760637,True,109,109,0.11918604651162791,0.136,0.04411764705882353,0.15384615384615385,0.21511627906976744,0.2,0.20588235294117646,0.38461538461538464
coverage,0.1,35,468400,468400,0.10091234758659201,True,109,88,0.11046511627906977,0.116,0.07352941176470588,0.15384615384615385,0.16279069767441862,0.156,0.1323529411764706,0.3076923076923077
region,0.1,35,468400,500080,0.10773750380252547,True,109,109,0.07848837209302326,0.08,0.10294117647058823,0.0,0.12790697674418605,0.108,0.20588235294117646,0.11538461538461539
coverage,0.1,36,468400,468400,0.10091234758659201,True,109,90,0.08139534883720931,0.088,0.04411764705882353,0.11538461538461539,0.13953488372093023,0.136,0.14705882352941177,0.15384615384615385
region,0.1,36,468400,517005,0.11138383489326645,True,109,109,0.09302325581395349,0.092,0.10294117647058823,0.07692307692307693,0.16279069767441862,0.136,0.20588235294117646,0.3076923076923077
coverage,0.1,37,468400,468400,0.10091234758659201,True,109,96,0.08430232558139535,0.072,0.11764705882352941,0.11538461538461539,0.13662790697674418,0.104,0.20588235294117646,0.2692307692307692
region,0.1,37,468400,493861,0.10639767910218172,True,109,109,0.09302325581395349,0.1,0.07352941176470588,0.07692307692307693,0.16279069767441862,0.132,0.23529411764705882,0.2692307692307692
coverage,0.1,38,468400,468400,0.10091234758659201,True,109,88,0.125,0.124,0.1323529411764706,0.11538461538461539,0.17151162790697674,0.168,0.16176470588235295,0.23076923076923078
region,0.1,38,468400,488713,0.10528859121709254,True,109,109,0.0755813953488372,0.068,0.10294117647058823,0.07692307692307693,0.12790697674418605,0.092,0.25,0.15384615384615385
coverage,0.1,39,468400,468400,0.10091234758659201,True,109,92,0.08430232558139535,0.092,0.058823529411764705,0.07692307692307693,0.14244186046511628,0.124,0.14705882352941177,0.3076923076923077
region,0.1,39,468400,499352,0.10758066309150277,True,109,109,0.12209302325581395,0.112,0.16176470588235295,0.11538461538461539,0.20348837209302326,0.192,0.23529411764705882,0.23076923076923078
coverage,0.1,40,468400,468400,0.10091234758659201,True,109,83,0.10174418604651163,0.096,0.1323529411764706,0.07692307692307693,0.1511627906976744,0.132,0.19117647058823528,0.23076923076923078
region,0.1,40,468400,498277,0.10734906451409972,True,109,109,0.06976744186046512,0.072,0.07352941176470588,0.038461538461538464,0.1511627906976744,0.124,0.19117647058823528,0.3076923076923077
coverage,0.1,41,468400,468400,0.10091234758659201,True,109,88,0.08139534883720931,0.088,0.07352941176470588,0.038461538461538464,0.1511627906976744,0.144,0.1323529411764706,0.2692307692307692
region,0.1,41,468400,491610,0.1059127224531266,True,109,109,0.11337209302325581,0.116,0.1323529411764706,0.038461538461538464,0.21220930232558138,0.18,0.29411764705882354,0.3076923076923077
coverage,0.1,42,468400,468400,0.10091234758659201,True,109,94,0.11918604651162791,0.116,0.11764705882352941,0.15384615384615385,0.18023255813953487,0.148,0.22058823529411764,0.38461538461538464
region,0.1,42,468400,485230,0.10453821182630667,True,109,109,0.12790697674418605,0.128,0.11764705882352941,0.15384615384615385,0.2441860465116279,0.22,0.2647058823529412,0.4230769230769231
coverage,0.1,43,468400,468400,0.10091234758659201,True,109,94,0.14825581395348839,0.168,0.07352941176470588,0.15384615384615385,0.19767441860465115,0.212,0.11764705882352941,0.2692307692307692
region,0.1,43,468400,491375,0.10586209392690361,True,109,109,0.08139534883720931,0.076,0.11764705882352941,0.038461538461538464,0.125,0.104,0.22058823529411764,0.07692307692307693
coverage,0.1,44,468400,468400,0.10091234758659201,True,109,94,0.10755813953488372,0.092,0.16176470588235295,0.11538461538461539,0.16279069767441862,0.124,0.2647058823529412,0.2692307692307692
region,0.1,44,468400,505555,0.10891704074325262,True,109,109,0.12209302325581395,0.116,0.10294117647058823,0.23076923076923078,0.22093023255813954,0.2,0.25,0.34615384615384615
coverage,0.1,45,468400,468400,0.10091234758659201,True,109,92,0.1308139534883721,0.136,0.1323529411764706,0.07692307692307693,0.18895348837209303,0.188,0.16176470588235295,0.2692307692307692
region,0.1,45,468400,483919,0.10425576928214352,True,109,109,0.12209302325581395,0.124,0.11764705882352941,0.11538461538461539,0.2005813953488372,0.184,0.23529411764705882,0.2692307692307692
coverage,0.1,46,468400,468400,0.10091234758659201,True,109,85,0.06976744186046512,0.08,0.04411764705882353,0.038461538461538464,0.125,0.116,0.10294117647058823,0.2692307692307692
region,0.1,46,468400,500447,0.1078165704796482,True,109,109,0.1569767441860465,0.16,0.1323529411764706,0.19230769230769232,0.2005813953488372,0.2,0.20588235294117646,0.19230769230769232
coverage,0.1,47,468400,468400,0.10091234758659201,True,109,85,0.09011627906976744,0.096,0.058823529411764705,0.11538461538461539,0.14534883720930233,0.128,0.16176470588235295,0.2692307692307692
region,0.1,47,468400,497478,0.10717692752494155,True,109,109,0.10174418604651163,0.1,0.11764705882352941,0.07692307692307693,0.2005813953488372,0.188,0.22058823529411764,0.2692307692307692
coverage,0.1,48,468400,468400,0.10091234758659201,True,109,95,0.10465116279069768,0.1,0.10294117647058823,0.15384615384615385,0.19476744186046513,0.168,0.25,0.3076923076923077
region,0.1,48,468400,505130,0.108825478514977,True,109,109,0.14825581395348839,0.16,0.11764705882352941,0.11538461538461539,0.22674418604651161,0.216,0.23529411764705882,0.3076923076923077
coverage,0.1,49,468400,468400,0.10091234758659201,True,109,81,0.07848837209302326,0.084,0.08823529411764706,0.0,0.13953488372093023,0.128,0.19117647058823528,0.11538461538461539
region,0.1,49,468400,507208,0.10927316395111052,True,109,109,0.12790697674418605,0.132,0.07352941176470588,0.23076923076923078,0.1744186046511628,0.164,0.14705882352941177,0.34615384615384615
coverage,0.1,50,468400,468400,0.10091234758659201,True,109,85,0.09011627906976744,0.08,0.1323529411764706,0.07692307692307693,0.15406976744186046,0.128,0.19117647058823528,0.3076923076923077
region,0.1,50,468400,508753,0.10960601958095954,True,109,109,0.09011627906976744,0.092,0.07352941176470588,0.11538461538461539,0.14825581395348839,0.148,0.11764705882352941,0.23076923076923078
coverage,0.1,51,468400,468400,0.10091234758659201,True,109,85,0.13953488372093023,0.144,0.07352941176470588,0.2692307692307692,0.2063953488372093,0.2,0.16176470588235295,0.38461538461538464
region,0.1,51,468400,494001,0.1064278407773784,True,109,109,0.11337209302325581,0.108,0.10294117647058823,0.19230769230769232,0.1744186046511628,0.152,0.20588235294117646,0.3076923076923077
coverage,0.1,52,468400,468400,0.10091234758659201,True,109,78,0.12209302325581395,0.112,0.14705882352941177,0.15384615384615385,0.16569767441860464,0.144,0.19117647058823528,0.3076923076923077
region,0.1,52,468400,488458,0.10523365388012716,True,109,109,0.11627906976744186,0.096,0.17647058823529413,0.15384615384615385,0.1569767441860465,0.128,0.22058823529411764,0.2692307692307692
coverage,0.1,53,468400,468400,0.10091234758659201,True,109,83,0.11046511627906977,0.1,0.1323529411764706,0.15384615384615385,0.17732558139534885,0.144,0.29411764705882354,0.19230769230769232
region,0.1,53,468400,487770,0.10508543079058921,True,109,109,0.11627906976744186,0.12,0.1323529411764706,0.038461538461538464,0.17151162790697674,0.164,0.17647058823529413,0.23076923076923078
coverage,0.1,54,468400,468400,0.10091234758659201,True,109,86,0.0872093023255814,0.092,0.08823529411764706,0.038461538461538464,0.13372093023255813,0.132,0.1323529411764706,0.15384615384615385
region,0.1,54,468400,489988,0.1055632779019194,True,109,109,0.11627906976744186,0.112,0.11764705882352941,0.15384615384615385,0.16569767441860464,0.152,0.20588235294117646,0.19230769230769232
coverage,0.1,55,468400,468400,0.10091234758659201,True,109,89,0.0872093023255814,0.08,0.08823529411764706,0.15384615384615385,0.14244186046511628,0.12,0.19117647058823528,0.23076923076923078
region,0.1,55,468400,497235,0.10712457547442161,True,109,109,0.08430232558139535,0.08,0.1323529411764706,0.0,0.15988372093023256,0.124,0.23529411764705882,0.3076923076923077
coverage,0.1,56,468400,468400,0.10091234758659201,True,109,96,0.09011627906976744,0.096,0.07352941176470588,0.07692307692307693,0.14244186046511628,0.132,0.17647058823529413,0.15384615384615385
region,0.1,56,468400,497848,0.10725664052367562,True,109,109,0.055232558139534885,0.048,0.10294117647058823,0.0,0.13372093023255813,0.1,0.25,0.15384615384615385
coverage,0.1,57,468400,468400,0.10091234758659201,True,109,84,0.12209302325581395,0.136,0.029411764705882353,0.23076923076923078,0.1686046511627907,0.16,0.14705882352941177,0.3076923076923077
region,0.1,57,468400,492672,0.1061415203035471,True,109,109,0.11918604651162791,0.112,0.16176470588235295,0.07692307692307693,0.20930232558139536,0.176,0.3088235294117647,0.2692307692307692
coverage,0.1,58,468400,468400,0.10091234758659201,True,109,85,0.13372093023255813,0.132,0.14705882352941177,0.11538461538461539,0.17732558139534885,0.144,0.25,0.3076923076923077
region,0.1,58,468400,497621,0.10720773552174959,True,109,109,0.09011627906976744,0.096,0.07352941176470588,0.07692307692307693,0.14825581395348839,0.128,0.20588235294117646,0.19230769230769232
coverage,0.1,59,468400,468400,0.10091234758659201,True,109,87,0.09302325581395349,0.096,0.10294117647058823,0.038461538461538464,0.14534883720930233,0.132,0.17647058823529413,0.19230769230769232
region,0.1,59,468400,499369,0.10758432558063379,True,109,109,0.08139534883720931,0.076,0.10294117647058823,0.07692307692307693,0.18023255813953487,0.144,0.22058823529411764,0.4230769230769231
coverage,0.1,60,468400,468400,0.10091234758659201,True,109,95,0.14534883720930233,0.148,0.1323529411764706,0.15384615384615385,0.18023255813953487,0.184,0.16176470588235295,0.19230769230769232
region,0.1,60,468400,495450,0.10674001411566399,True,109,109,0.07267441860465117,0.064,0.11764705882352941,0.038461538461538464,0.125,0.088,0.27941176470588236,0.07692307692307693
coverage,0.1,61,468400,468400,0.10091234758659201,True,109,105,0.13372093023255813,0.148,0.07352941176470588,0.15384615384615385,0.2441860465116279,0.252,0.17647058823529413,0.34615384615384615
region,0.1,61,468400,502970,0.10836012695479971,True,109,109,0.10755813953488372,0.112,0.08823529411764706,0.11538461538461539,0.17732558139534885,0.16,0.20588235294117646,0.2692307692307692
coverage,0.1,62,468400,468400,0.10091234758659201,True,109,97,0.09593023255813954,0.1,0.08823529411764706,0.07692307692307693,0.16569767441860464,0.156,0.17647058823529413,0.23076923076923078
region,0.1,62,468400,498261,0.10734561746550582,True,109,109,0.06976744186046512,0.064,0.08823529411764706,0.07692307692307693,0.13953488372093023,0.128,0.17647058823529413,0.15384615384615385
coverage,0.1,63,468400,468400,0.10091234758659201,True,109,95,0.0755813953488372,0.056,0.16176470588235295,0.038461538461538464,0.11337209302325581,0.072,0.27941176470588236,0.07692307692307693
region,0.1,63,468400,508064,0.10945758105088448,True,109,109,0.11046511627906977,0.1,0.14705882352941177,0.11538461538461539,0.15988372093023256,0.136,0.25,0.15384615384615385
coverage,0.1,64,468400,468400,0.10091234758659201,True,109,93,0.12209302325581395,0.116,0.1323529411764706,0.15384615384615385,0.18895348837209303,0.168,0.23529411764705882,0.2692307692307692
region,0.1,64,468400,502823,0.1083284571958432,True,109,109,0.0755813953488372,0.072,0.07352941176470588,0.11538461538461539,0.125,0.112,0.14705882352941177,0.19230769230769232
coverage,0.1,65,468400,468400,0.10091234758659201,True,109,97,0.08139534883720931,0.072,0.14705882352941177,0.0,0.1308139534883721,0.096,0.23529411764705882,0.19230769230769232
region,0.1,65,468400,493663,0.10635502187583214,True,109,109,0.11627906976744186,0.128,0.07352941176470588,0.11538461538461539,0.17151162790697674,0.168,0.1323529411764706,0.3076923076923077
coverage,0.1,66,468400,468400,0.10091234758659201,True,109,86,0.09593023255813954,0.088,0.1323529411764706,0.07692307692307693,0.1569767441860465,0.136,0.23529411764705882,0.15384615384615385
region,0.1,66,468400,500406,0.10780773741762631,True,109,109,0.09302325581395349,0.092,0.11764705882352941,0.038461538461538464,0.17151162790697674,0.152,0.20588235294117646,0.2692307692307692
coverage,0.1,67,468400,468400,0.10091234758659201,True,109,93,0.10755813953488372,0.108,0.10294117647058823,0.11538461538461539,0.18313953488372092,0.168,0.19117647058823528,0.3076923076923077
region,0.1,67,468400,506319,0.10908163731361162,True,109,109,0.10755813953488372,0.112,0.08823529411764706,0.11538461538461539,0.18895348837209303,0.156,0.2647058823529412,0.3076923076923077
coverage,0.1,68,468400,468400,0.10091234758659201,True,109,91,0.09011627906976744,0.084,0.10294117647058823,0.11538461538461539,0.15988372093023256,0.136,0.22058823529411764,0.23076923076923078
region,0.1,68,468400,505845,0.10897951849901716,True,109,109,0.11918604651162791,0.112,0.1323529411764706,0.15384615384615385,0.17732558139534885,0.14,0.25,0.34615384615384615
coverage,0.1,69,468400,468400,0.10091234758659201,True,109,91,0.09011627906976744,0.08,0.1323529411764706,0.07692307692307693,0.13372093023255813,0.112,0.19117647058823528,0.19230769230769232
region,0.1,69,468400,495912,0.10683954764381302,True,109,109,0.09011627906976744,0.088,0.08823529411764706,0.11538461538461539,0.14244186046511628,0.124,0.19117647058823528,0.19230769230769232
coverage,0.1,70,468400,468400,0.10091234758659201,True,109,94,0.1308139534883721,0.148,0.058823529411764705,0.15384615384615385,0.17732558139534885,0.184,0.11764705882352941,0.2692307692307692
region,0.1,70,468400,499582,0.10763021441504016,True,109,109,0.14244186046511628,0.152,0.11764705882352941,0.11538461538461539,0.20930232558139536,0.208,0.19117647058823528,0.2692307692307692
coverage,0.1,71,468400,468400,0.10091234758659201,True,109,99,0.06395348837209303,0.056,0.08823529411764706,0.07692307692307693,0.09593023255813954,0.076,0.16176470588235295,0.11538461538461539
region,0.1,71,468400,503226,0.10841527973230221,True,109,109,0.0872093023255814,0.084,0.08823529411764706,0.11538461538461539,0.13953488372093023,0.112,0.19117647058823528,0.2692307692307692
coverage,0.1,72,468400,468400,0.10091234758659201,True,109,92,0.10174418604651163,0.116,0.08823529411764706,0.0,0.1686046511627907,0.172,0.14705882352941177,0.19230769230769232
region,0.1,72,468400,503126,0.1083937356785903,True,109,109,0.0872093023255814,0.092,0.07352941176470588,0.07692307692307693,0.15406976744186046,0.156,0.16176470588235295,0.11538461538461539
coverage,0.1,73,468400,468400,0.10091234758659201,True,109,81,0.10755813953488372,0.112,0.08823529411764706,0.11538461538461539,0.17732558139534885,0.164,0.20588235294117646,0.23076923076923078
region,0.1,73,468400,492913,0.10619344147299281,True,109,109,0.10465116279069768,0.124,0.07352941176470588,0.0,0.18313953488372092,0.176,0.19117647058823528,0.23076923076923078
coverage,0.1,74,468400,468400,0.10091234758659201,True,109,95,0.10755813953488372,0.104,0.08823529411764706,0.19230769230769232,0.13953488372093023,0.128,0.16176470588235295,0.19230769230769232
region,0.1,74,468400,506378,0.10909434830530165,True,109,109,0.10465116279069768,0.1,0.11764705882352941,0.11538461538461539,0.1686046511627907,0.152,0.20588235294117646,0.23076923076923078
coverage,0.1,75,468400,468400,0.10091234758659201,True,109,89,0.08430232558139535,0.08,0.08823529411764706,0.11538461538461539,0.15988372093023256,0.12,0.27941176470588236,0.23076923076923078
region,0.1,75,468400,483639,0.10419544593175016,True,109,109,0.06976744186046512,0.072,0.07352941176470588,0.038461538461538464,0.11337209302325581,0.1,0.17647058823529413,0.07692307692307693
coverage,0.1,76,468400,468400,0.10091234758659201,True,109,94,0.09302325581395349,0.096,0.08823529411764706,0.07692307692307693,0.15988372093023256,0.152,0.1323529411764706,0.3076923076923077
region,0.1,76,468400,497670,0.10721829210806842,True,109,109,0.13662790697674418,0.132,0.14705882352941177,0.15384615384615385,0.20348837209302326,0.176,0.23529411764705882,0.38461538461538464
coverage,0.1,77,468400,468400,0.10091234758659201,True,109,89,0.06686046511627906,0.068,0.04411764705882353,0.11538461538461539,0.1511627906976744,0.132,0.14705882352941177,0.34615384615384615
region,0.1,77,468400,492219,0.10604392574023214,True,109,109,0.07848837209302326,0.072,0.1323529411764706,0.0,0.15406976744186046,0.132,0.20588235294117646,0.23076923076923078
coverage,0.1,78,468400,468400,0.10091234758659201,True,109,84,0.06976744186046512,0.072,0.058823529411764705,0.07692307692307693,0.11046511627906977,0.112,0.08823529411764706,0.15384615384615385
region,0.1,78,468400,503623,0.1085008096255385,True,109,109,0.10755813953488372,0.116,0.08823529411764706,0.07692307692307693,0.20348837209302326,0.192,0.20588235294117646,0.3076923076923077
coverage,0.1,79,468400,468400,0.10091234758659201,True,109,92,0.09593023255813954,0.1,0.07352941176470588,0.11538461538461539,0.17732558139534885,0.168,0.16176470588235295,0.3076923076923077
region,0.1,79,468400,499885,0.10769549289778725,True,109,109,0.14534883720930233,0.152,0.08823529411764706,0.23076923076923078,0.20348837209302326,0.208,0.14705882352941177,0.3076923076923077
coverage,0.1,80,468400,468400,0.10091234758659201,True,109,71,0.10755813953488372,0.092,0.17647058823529413,0.07692307692307693,0.15988372093023256,0.136,0.25,0.15384615384615385
region,0.1,80,468400,500955,0.1079260142725047,True,109,109,0.06976744186046512,0.072,0.07352941176470588,0.038461538461538464,0.13662790697674418,0.12,0.17647058823529413,0.19230769230769232
coverage,0.1,81,468400,468400,0.10091234758659201,True,109,96,0.09302325581395349,0.104,0.014705882352941176,0.19230769230769232,0.15988372093023256,0.156,0.1323529411764706,0.2692307692307692
region,0.1,81,468400,505281,0.10885801003608198,True,109,109,0.12790697674418605,0.136,0.10294117647058823,0.11538461538461539,0.20348837209302326,0.208,0.14705882352941177,0.3076923076923077
coverage,0.1,82,468400,468400,0.10091234758659201,True,109,83,0.10755813953488372,0.112,0.11764705882352941,0.038461538461538464,0.19476744186046513,0.204,0.16176470588235295,0.19230769230769232
region,0.1,82,468400,485772,0.10465498059742523,True,109,109,0.08430232558139535,0.08,0.1323529411764706,0.0,0.19186046511627908,0.148,0.3382352941176471,0.23076923076923078
coverage,0.1,83,468400,468400,0.10091234758659201,True,109,93,0.06976744186046512,0.068,0.07352941176470588,0.07692307692307693,0.11337209302325581,0.1,0.16176470588235295,0.11538461538461539
region,0.1,83,468400,490103,0.1055880535636881,True,109,109,0.09883720930232558,0.104,0.07352941176470588,0.11538461538461539,0.16279069767441862,0.148,0.16176470588235295,0.3076923076923077
coverage,0.1,84,468400,468400,0.10091234758659201,True,109,82,0.0755813953488372,0.072,0.07352941176470588,0.11538461538461539,0.11337209302325581,0.104,0.1323529411764706,0.15384615384615385
region,0.1,84,468400,502732,0.10830885210696536,True,109,109,0.10174418604651163,0.104,0.10294117647058823,0.07692307692307693,0.2063953488372093,0.18,0.2647058823529412,0.3076923076923077
coverage,0.1,85,468400,468400,0.10091234758659201,True,109,97,0.08430232558139535,0.088,0.08823529411764706,0.038461538461538464,0.16279069767441862,0.148,0.19117647058823528,0.23076923076923078
region,0.1,85,468400,507490,0.1093339181825781,True,109,109,0.125,0.108,0.20588235294117646,0.07692307692307693,0.18313953488372092,0.132,0.3382352941176471,0.2692307692307692
coverage,0.1,86,468400,468400,0.10091234758659201,True,109,90,0.0872093023255814,0.076,0.1323529411764706,0.07692307692307693,0.11337209302325581,0.092,0.17647058823529413,0.15384615384615385
region,0.1,86,468400,495893,0.10683545427360776,True,109,109,0.09883720930232558,0.12,0.04411764705882353,0.038461538461538464,0.16569767441860464,0.172,0.10294117647058823,0.2692307692307692
coverage,0.1,87,468400,468400,0.10091234758659201,True,109,102,0.08139534883720931,0.088,0.04411764705882353,0.11538461538461539,0.1308139534883721,0.12,0.14705882352941177,0.19230769230769232
region,0.1,87,468400,498189,0.10733010574683324,True,109,109,0.09883720930232558,0.1,0.10294117647058823,0.07692307692307693,0.14825581395348839,0.124,0.25,0.11538461538461539
coverage,0.1,88,468400,468400,0.10091234758659201,True,109,90,0.10755813953488372,0.112,0.07352941176470588,0.15384615384615385,0.1744186046511628,0.148,0.20588235294117646,0.34615384615384615
region,0.1,88,468400,499078,0.10752163238433213,True,109,109,0.12209302325581395,0.136,0.07352941176470588,0.11538461538461539,0.18023255813953487,0.184,0.1323529411764706,0.2692307692307692
coverage,0.1,89,468400,468400,0.10091234758659201,True,109,93,0.09593023255813954,0.092,0.10294117647058823,0.11538461538461539,0.14825581395348839,0.116,0.22058823529411764,0.2692307692307692
region,0.1,89,468400,492633,0.10613311812259946,True,109,109,0.09593023255813954,0.096,0.11764705882352941,0.038461538461538464,0.15406976744186046,0.148,0.16176470588235295,0.19230769230769232
coverage,0.1,90,468400,468400,0.10091234758659201,True,109,96,0.07267441860465117,0.064,0.11764705882352941,0.038461538461538464,0.11918604651162791,0.088,0.2647058823529412,0.038461538461538464
region,0.1,90,468400,498697,0.10743954953968975,True,109,109,0.16279069767441862,0.16,0.16176470588235295,0.19230769230769232,0.23255813953488372,0.22,0.25,0.3076923076923077
coverage,0.1,91,468400,468400,0.10091234758659201,True,109,92,0.09593023255813954,0.092,0.10294117647058823,0.11538461538461539,0.14534883720930233,0.132,0.20588235294117646,0.11538461538461539
region,0.1,91,468400,497785,0.10724306776983712,True,109,109,0.08430232558139535,0.08,0.11764705882352941,0.038461538461538464,0.18023255813953487,0.176,0.19117647058823528,0.19230769230769232
coverage,0.1,92,468400,468400,0.10091234758659201,True,109,93,0.10465116279069768,0.096,0.1323529411764706,0.11538461538461539,0.1744186046511628,0.156,0.19117647058823528,0.3076923076923077
region,0.1,92,468400,501881,0.108125512209877,True,109,109,0.1686046511627907,0.18,0.11764705882352941,0.19230769230769232,0.26744186046511625,0.244,0.25,0.5384615384615384
coverage,0.1,93,468400,468400,0.10091234758659201,True,109,86,0.11046511627906977,0.116,0.08823529411764706,0.11538461538461539,0.1744186046511628,0.176,0.14705882352941177,0.23076923076923078
region,0.1,93,468400,493848,0.10639487837519918,True,109,109,0.11627906976744186,0.124,0.07352941176470588,0.15384615384615385,0.19186046511627908,0.188,0.20588235294117646,0.19230769230769232
coverage,0.1,94,468400,468400,0.10091234758659201,True,109,91,0.07267441860465117,0.072,0.07352941176470588,0.07692307692307693,0.1511627906976744,0.12,0.23529411764705882,0.23076923076923078
region,0.1,94,468400,464210,0.10000965173606294,True,109,109,0.125,0.128,0.10294117647058823,0.15384615384615385,0.20348837209302326,0.188,0.19117647058823528,0.38461538461538464
coverage,0.1,95,468400,468400,0.10091234758659201,True,109,90,0.13372093023255813,0.14,0.10294117647058823,0.15384615384615385,0.22093023255813954,0.216,0.20588235294117646,0.3076923076923077
region,0.1,95,468400,496843,0.10704012278387091,True,109,109,0.11337209302325581,0.092,0.19117647058823528,0.11538461538461539,0.15988372093023256,0.124,0.25,0.2692307692307692
coverage,0.1,96,468400,468400,0.10091234758659201,True,109,94,0.0872093023255814,0.088,0.08823529411764706,0.07692307692307693,0.14244186046511628,0.132,0.17647058823529413,0.15384615384615385
region,0.1,96,468400,488879,0.10532435434625431,True,109,109,0.06686046511627906,0.06,0.058823529411764705,0.15384615384615385,0.13662790697674418,0.12,0.14705882352941177,0.2692307692307692
coverage,0.1,97,468400,468400,0.10091234758659201,True,109,88,0.10174418604651163,0.096,0.10294117647058823,0.15384615384615385,0.17151162790697674,0.156,0.17647058823529413,0.3076923076923077
region,0.1,97,468400,497995,0.10728831028263214,True,109,109,0.14534883720930233,0.16,0.08823529411764706,0.15384615384615385,0.2005813953488372,0.2,0.19117647058823528,0.23076923076923078
coverage,0.1,98,468400,468400,0.10091234758659201,True,109,94,0.06395348837209303,0.068,0.07352941176470588,0.0,0.11046511627906977,0.092,0.14705882352941177,0.19230769230769232
region,0.1,98,468400,502366,0.10823000087037978,True,109,109,0.11337209302325581,0.132,0.04411764705882353,0.11538461538461539,0.20930232558139536,0.2,0.23529411764705882,0.23076923076923078
coverage,0.1,99,468400,468400,0.10091234758659201,True,109,83,0.10174418604651163,0.092,0.1323529411764706,0.11538461538461539,0.13372093023255813,0.1,0.2647058823529412,0.11538461538461539
region,0.1,99,468400,497292,0.1071368555850374,True,109,109,0.10465116279069768,0.108,0.10294117647058823,0.07692307692307693,0.18895348837209303,0.164,0.20588235294117646,0.38461538461538464
coverage,0.2,0,928800,928800,0.20010117087623114,True,205,167,0.18604651162790697,0.18,0.17647058823529413,0.2692307692307692,0.27906976744186046,0.256,0.29411764705882354,0.46153846153846156
region,0.2,0,928800,909229,0.195884784124273,True,205,205,0.1686046511627907,0.156,0.22058823529411764,0.15384615384615385,0.26744186046511625,0.224,0.38235294117647056,0.38461538461538464
coverage,0.2,1,928800,928800,0.20010117087623114,True,205,179,0.16569767441860464,0.172,0.1323529411764706,0.19230769230769232,0.27325581395348836,0.256,0.29411764705882354,0.38461538461538464
region,0.2,1,928800,914485,0.19701713958737105,True,205,205,0.20348837209302326,0.196,0.22058823529411764,0.23076923076923078,0.36627906976744184,0.304,0.47058823529411764,0.6923076923076923
coverage,0.2,2,928800,928800,0.20010117087623114,True,205,181,0.1569767441860465,0.176,0.11764705882352941,0.07692307692307693,0.28488372093023256,0.276,0.27941176470588236,0.38461538461538464
region,0.2,2,928800,922006,0.1986374678670439,True,205,205,0.1744186046511628,0.18,0.16176470588235295,0.15384615384615385,0.29651162790697677,0.272,0.3235294117647059,0.46153846153846156
coverage,0.2,3,928800,928800,0.20010117087623114,True,205,180,0.25872093023255816,0.272,0.1323529411764706,0.46153846153846156,0.375,0.38,0.27941176470588236,0.5769230769230769
region,0.2,3,928800,940057,0.20252638500258097,True,205,205,0.21511627906976744,0.216,0.20588235294117646,0.23076923076923078,0.34011627906976744,0.316,0.3382352941176471,0.5769230769230769
coverage,0.2,4,928800,928800,0.20010117087623114,True,205,186,0.22674418604651161,0.252,0.14705882352941177,0.19230769230769232,0.313953488372093,0.312,0.23529411764705882,0.5384615384615384
region,0.2,4,928800,938953,0.20228853864960147,True,205,205,0.16569767441860464,0.168,0.16176470588235295,0.15384615384615385,0.29941860465116277,0.252,0.45588235294117646,0.34615384615384615
coverage,0.2,5,928800,928800,0.20010117087623114,True,205,190,0.2180232558139535,0.212,0.22058823529411764,0.2692307692307692,0.3168604651162791,0.284,0.35294117647058826,0.5384615384615384
region,0.2,5,928800,925467,0.19938310756601313,True,205,205,0.20348837209302326,0.184,0.2647058823529412,0.23076923076923078,0.3313953488372093,0.264,0.45588235294117646,0.6538461538461539
coverage,0.2,6,928800,928800,0.20010117087623114,True,205,173,0.2238372093023256,0.236,0.17647058823529413,0.23076923076923078,0.3430232558139535,0.332,0.3382352941176471,0.46153846153846156
region,0.2,6,928800,939453,0.20239625891816104,True,205,205,0.19767441860465115,0.2,0.20588235294117646,0.15384615384615385,0.29069767441860467,0.284,0.29411764705882354,0.34615384615384615
coverage,0.2,7,928800,928800,0.20010117087623114,True,205,181,0.20930232558139536,0.216,0.17647058823529413,0.23076923076923078,0.311046511627907,0.308,0.29411764705882354,0.38461538461538464
region,0.2,7,928800,909045,0.19584514306544307,True,205,205,0.20348837209302326,0.2,0.23529411764705882,0.15384615384615385,0.30523255813953487,0.26,0.45588235294117646,0.34615384615384615
coverage,0.2,8,928800,928800,0.20010117087623114,True,205,196,0.2238372093023256,0.232,0.20588235294117646,0.19230769230769232,0.29941860465116277,0.284,0.36764705882352944,0.2692307692307692
region,0.2,8,928800,963290,0.2075317150014693,True,205,205,0.24709302325581395,0.252,0.19117647058823528,0.34615384615384615,0.35755813953488375,0.312,0.47058823529411764,0.5
coverage,0.2,9,928800,928800,0.20010117087623114,True,205,187,0.2558139534883721,0.252,0.25,0.3076923076923077,0.375,0.356,0.38235294117647056,0.5384615384615384
region,0.2,9,928800,918008,0.1977761365996417,True,205,205,0.24709302325581395,0.256,0.17647058823529413,0.34615384615384615,0.36627906976744184,0.34,0.38235294117647056,0.5769230769230769
coverage,0.2,10,928800,928800,0.20010117087623114,True,205,188,0.20348837209302326,0.216,0.22058823529411764,0.038461538461538464,0.313953488372093,0.292,0.38235294117647056,0.34615384615384615
region,0.2,10,928800,947854,0.2042061748704987,True,205,205,0.2238372093023256,0.212,0.25,0.2692307692307692,0.3081395348837209,0.268,0.36764705882352944,0.5384615384615384
coverage,0.2,11,928800,928800,0.20010117087623114,True,205,187,0.2063953488372093,0.22,0.16176470588235295,0.19230769230769232,0.3081395348837209,0.296,0.3235294117647059,0.38461538461538464
region,0.2,11,928800,886709,0.1910330632283506,True,205,205,0.1511627906976744,0.148,0.17647058823529413,0.11538461538461539,0.26453488372093026,0.228,0.38235294117647056,0.3076923076923077
coverage,0.2,12,928800,928800,0.20010117087623114,True,205,180,0.16569767441860464,0.16,0.19117647058823528,0.15384615384615385,0.25,0.24,0.2647058823529412,0.3076923076923077
region,0.2,12,928800,916232,0.19739351420571813,True,205,205,0.17732558139534885,0.184,0.14705882352941177,0.19230769230769232,0.30523255813953487,0.28,0.3235294117647059,0.5
coverage,0.2,13,928800,928800,0.20010117087623114,True,205,184,0.2180232558139535,0.236,0.16176470588235295,0.19230769230769232,0.34011627906976744,0.324,0.3382352941176471,0.5
region,0.2,13,928800,927019,0.199717471279622,True,205,205,0.19767441860465115,0.192,0.23529411764705882,0.15384615384615385,0.30523255813953487,0.276,0.36764705882352944,0.4230769230769231
coverage,0.2,14,928800,928800,0.20010117087623114,True,205,186,0.24709302325581395,0.268,0.14705882352941177,0.3076923076923077,0.3372093023255814,0.32,0.35294117647058826,0.46153846153846156
region,0.2,14,928800,926857,0.1996825699126087,True,205,205,0.25290697674418605,0.248,0.27941176470588236,0.23076923076923078,0.3953488372093023,0.36,0.45588235294117646,0.5769230769230769
coverage,0.2,15,928800,928800,0.20010117087623114,True,205,183,0.18604651162790697,0.18,0.20588235294117646,0.19230769230769232,0.29651162790697677,0.264,0.35294117647058826,0.46153846153846156
region,0.2,15,928800,896213,0.19308061009313063,True,205,205,0.18604651162790697,0.2,0.17647058823529413,0.07692307692307693,0.30523255813953487,0.304,0.27941176470588236,0.38461538461538464
coverage,0.2,16,928800,928800,0.20010117087623114,True,205,182,0.1744186046511628,0.18,0.17647058823529413,0.11538461538461539,0.2558139534883721,0.224,0.35294117647058826,0.3076923076923077
region,0.2,16,928800,913390,0.1967812321992256,True,205,205,0.18313953488372092,0.18,0.20588235294117646,0.15384615384615385,0.3023255813953488,0.28,0.36764705882352944,0.34615384615384615
coverage,0.2,17,928800,928800,0.20010117087623114,True,205,183,0.25290697674418605,0.264,0.22058823529411764,0.23076923076923078,0.3691860465116279,0.36,0.3382352941176471,0.5384615384615384
region,0.2,17,928800,927482,0.19981722024830814,True,205,205,0.15406976744186046,0.172,0.11764705882352941,0.07692307692307693,0.29069767441860467,0.264,0.3382352941176471,0.4230769230769231
coverage,0.2,18,928800,928800,0.20010117087623114,True,205,171,0.22093023255813954,0.224,0.23529411764705882,0.15384615384615385,0.35174418604651164,0.332,0.38235294117647056,0.46153846153846156
region,0.2,18,928800,900178,0.1939348318228079,True,205,205,0.18895348837209303,0.184,0.17647058823529413,0.2692307692307692,0.3023255813953488,0.284,0.29411764705882354,0.5
coverage,0.2,19,928800,928800,0.20010117087623114,True,205,167,0.19476744186046513,0.208,0.14705882352941177,0.19230769230769232,0.26453488372093026,0.248,0.27941176470588236,0.38461538461538464
region,0.2,19,928800,943584,0.20328624377700008,True,205,205,0.18895348837209303,0.176,0.23529411764705882,0.19230769230769232,0.2761627906976744,0.24,0.35294117647058826,0.4230769230769231
coverage,0.2,20,928800,928800,0.20010117087623114,True,205,188,0.1686046511627907,0.16,0.23529411764705882,0.07692307692307693,0.2877906976744186,0.252,0.35294117647058826,0.46153846153846156
region,0.2,20,928800,914105,0.19693527218326579,True,205,205,0.21511627906976744,0.204,0.25,0.23076923076923078,0.32848837209302323,0.296,0.4264705882352941,0.38461538461538464
coverage,0.2,21,928800,928800,0.20010117087623114,True,205,182,0.20348837209302326,0.236,0.07352941176470588,0.23076923076923078,0.32848837209302323,0.328,0.29411764705882354,0.4230769230769231
region,0.2,21,928800,923497,0.1989586897078885,True,205,205,0.1744186046511628,0.164,0.19117647058823528,0.23076923076923078,0.29069767441860467,0.248,0.4117647058823529,0.38461538461538464
coverage,0.2,22,928800,928800,0.20010117087623114,True,205,195,0.2180232558139535,0.224,0.17647058823529413,0.2692307692307692,0.3546511627906977,0.34,0.35294117647058826,0.5
region,0.2,22,928800,942749,0.20310635092850562,True,205,205,0.26744186046511625,0.28,0.20588235294117646,0.3076923076923077,0.3546511627906977,0.34,0.36764705882352944,0.46153846153846156
coverage,0.2,23,928800,928800,0.20010117087623114,True,205,196,0.19186046511627908,0.196,0.17647058823529413,0.19230769230769232,0.2877906976744186,0.268,0.3382352941176471,0.34615384615384615
region,0.2,23,928800,913609,0.19682841367685472,True,205,205,0.14825581395348839,0.132,0.23529411764705882,0.07692307692307693,0.26453488372093026,0.216,0.39705882352941174,0.38461538461538464
coverage,0.2,24,928800,928800,0.20010117087623114,True,205,187,0.24709302325581395,0.268,0.17647058823529413,0.23076923076923078,0.375,0.372,0.3088235294117647,0.5769230769230769
region,0.2,24,928800,921550,0.19853922698211757,True,205,205,0.25,0.236,0.27941176470588236,0.3076923076923077,0.34593023255813954,0.316,0.4117647058823529,0.46153846153846156
coverage,0.2,25,928800,928800,0.20010117087623114,True,205,190,0.21220930232558138,0.204,0.22058823529411764,0.2692307692307692,0.2877906976744186,0.272,0.3235294117647059,0.34615384615384615
region,0.2,25,928800,914606,0.19704320789236246,True,205,205,0.1511627906976744,0.144,0.17647058823529413,0.15384615384615385,0.26744186046511625,0.22,0.38235294117647056,0.4230769230769231
coverage,0.2,26,928800,928800,0.20010117087623114,True,205,168,0.23546511627906977,0.244,0.22058823529411764,0.19230769230769232,0.3226744186046512,0.312,0.3382352941176471,0.38461538461538464
region,0.2,26,928800,940023,0.20251906002431894,True,205,205,0.17732558139534885,0.172,0.19117647058823528,0.19230769230769232,0.28488372093023256,0.236,0.4411764705882353,0.34615384615384615
coverage,0.2,27,928800,928800,0.20010117087623114,True,205,175,0.2180232558139535,0.22,0.25,0.11538461538461539,0.29941860465116277,0.268,0.4117647058823529,0.3076923076923077
region,0.2,27,928800,873094,0.1880998403154739,True,205,205,0.18313953488372092,0.172,0.20588235294117646,0.23076923076923078,0.25872093023255816,0.256,0.23529411764705882,0.34615384615384615
coverage,0.2,28,928800,928800,0.20010117087623114,True,205,183,0.2441860465116279,0.268,0.16176470588235295,0.23076923076923078,0.3430232558139535,0.348,0.2647058823529412,0.5
region,0.2,28,928800,898510,0.19357547700689323,True,205,205,0.2005813953488372,0.184,0.27941176470588236,0.15384615384615385,0.29651162790697677,0.252,0.4117647058823529,0.4230769230769231
coverage,0.2,29,928800,928800,0.20010117087623114,True,205,203,0.15406976744186046,0.144,0.17647058823529413,0.19230769230769232,0.2703488372093023,0.232,0.35294117647058826,0.4230769230769231
region,0.2,29,928800,910436,0.19614482085257576,True,205,205,0.20348837209302326,0.192,0.22058823529411764,0.2692307692307692,0.3168604651162791,0.288,0.39705882352941174,0.38461538461538464
coverage,0.2,30,928800,928800,0.20010117087623114,True,205,169,0.22965116279069767,0.252,0.16176470588235295,0.19230769230769232,0.30523255813953487,0.296,0.29411764705882354,0.4230769230769231
region,0.2,30,928800,913697,0.19684737244412118,True,205,205,0.17151162790697674,0.196,0.08823529411764706,0.15384615384615385,0.28488372093023256,0.284,0.23529411764705882,0.4230769230769231
coverage,0.2,31,928800,928800,0.20010117087623114,True,205,177,0.19476744186046513,0.188,0.23529411764705882,0.15384615384615385,0.2703488372093023,0.24,0.35294117647058826,0.34615384615384615
region,0.2,31,928800,937865,0.20205413934521588,True,205,205,0.2180232558139535,0.236,0.17647058823529413,0.15384615384615385,0.311046511627907,0.312,0.3088235294117647,0.3076923076923077
coverage,0.2,32,928800,928800,0.20010117087623114,True,205,192,0.19186046511627908,0.184,0.22058823529411764,0.19230769230769232,0.30523255813953487,0.264,0.39705882352941174,0.46153846153846156
region,0.2,32,928800,893167,0.19242437821706582,True,205,205,0.24709302325581395,0.264,0.16176470588235295,0.3076923076923077,0.36046511627906974,0.348,0.35294117647058826,0.5
coverage,0.2,33,928800,928800,0.20010117087623114,True,205,181,0.1744186046511628,0.18,0.20588235294117646,0.038461538461538464,0.2819767441860465,0.26,0.35294117647058826,0.3076923076923077
region,0.2,33,928800,934297,0.2012854475087749,True,205,205,0.21511627906976744,0.212,0.22058823529411764,0.23076923076923078,0.3372093023255814,0.304,0.4117647058823529,0.46153846153846156
coverage,0.2,34,928800,928800,0.20010117087623114,True,205,179,0.19767441860465115,0.204,0.17647058823529413,0.19230769230769232,0.30523255813953487,0.296,0.29411764705882354,0.4230769230769231
region,0.2,34,928800,902049,0.19433792106775777,True,205,205,0.14825581395348839,0.152,0.16176470588235295,0.07692307692307693,0.25872093023255816,0.24,0.3088235294117647,0.3076923076923077
coverage,0.2,35,928800,928800,0.20010117087623114,True,205,189,0.22674418604651161,0.224,0.25,0.19230769230769232,0.32558139534883723,0.3,0.38235294117647056,0.4230769230769231
region,0.2,35,928800,924241,0.1991189774675051,True,205,205,0.19767441860465115,0.192,0.22058823529411764,0.19230769230769232,0.29651162790697677,0.26,0.39705882352941174,0.38461538461538464
coverage,0.2,36,928800,928800,0.20010117087623114,True,205,182,0.2063953488372093,0.224,0.1323529411764706,0.23076923076923078,0.33430232558139533,0.32,0.35294117647058826,0.4230769230769231
region,0.2,36,928800,922572,0.1987594072110533,True,205,205,0.13372093023255813,0.12,0.20588235294117646,0.07692307692307693,0.25,0.216,0.3088235294117647,0.4230769230769231
coverage,0.2,37,928800,928800,0.20010117087623114,True,205,181,0.20930232558139536,0.192,0.2647058823529412,0.23076923076923078,0.313953488372093,0.272,0.4117647058823529,0.46153846153846156
region,0.2,37,928800,908653,0.19576069037489238,True,205,205,0.25290697674418605,0.268,0.19117647058823528,0.2692307692307692,0.3691860465116279,0.368,0.3382352941176471,0.46153846153846156
coverage,0.2,38,928800,928800,0.20010117087623114,True,205,194,0.2005813953488372,0.2,0.20588235294117646,0.19230769230769232,0.2936046511627907,0.26,0.36764705882352944,0.4230769230769231
region,0.2,38,928800,975841,0.21023570918285128,True,205,205,0.20348837209302326,0.224,0.10294117647058823,0.2692307692307692,0.3546511627906977,0.32,0.4117647058823529,0.5384615384615384
coverage,0.2,39,928800,928800,0.20010117087623114,True,205,182,0.18604651162790697,0.176,0.23529411764705882,0.15384615384615385,0.29941860465116277,0.26,0.39705882352941174,0.4230769230769231
region,0.2,39,928800,946094,0.20382699952516906,True,205,205,0.21220930232558138,0.2,0.25,0.23076923076923078,0.3081395348837209,0.248,0.5294117647058824,0.3076923076923077
coverage,0.2,40,928800,928800,0.20010117087623114,True,205,182,0.19476744186046513,0.2,0.20588235294117646,0.11538461538461539,0.3226744186046512,0.28,0.4264705882352941,0.46153846153846156
region,0.2,40,928800,923283,0.198912585432945,True,205,205,0.18023255813953487,0.156,0.23529411764705882,0.2692307692307692,0.2877906976744186,0.232,0.4264705882352941,0.46153846153846156
coverage,0.2,41,928800,928800,0.20010117087623114,True,205,185,0.18895348837209303,0.164,0.3088235294117647,0.11538461538461539,0.27906976744186046,0.228,0.45588235294117646,0.3076923076923077
region,0.2,41,928800,879000,0.18937223212769935,True,205,205,0.18895348837209303,0.204,0.1323529411764706,0.19230769230769232,0.2819767441860465,0.268,0.3088235294117647,0.34615384615384615
coverage,0.2,42,928800,928800,0.20010117087623114,True,205,176,0.18895348837209303,0.204,0.11764705882352941,0.23076923076923078,0.2819767441860465,0.256,0.29411764705882354,0.5
region,0.2,42,928800,925554,0.1994018508927425,True,205,205,0.18604651162790697,0.18,0.22058823529411764,0.15384615384615385,0.2703488372093023,0.236,0.35294117647058826,0.38461538461538464
coverage,0.2,43,928800,928800,0.20010117087623114,True,205,195,0.20348837209302326,0.188,0.27941176470588236,0.15384615384615385,0.3081395348837209,0.26,0.45588235294117646,0.38461538461538464
region,0.2,43,928800,920611,0.19833692831776273,True,205,205,0.17732558139534885,0.176,0.19117647058823528,0.15384615384615385,0.28488372093023256,0.272,0.3088235294117647,0.34615384615384615
coverage,0.2,44,928800,928800,0.20010117087623114,True,205,194,0.1308139534883721,0.12,0.20588235294117646,0.038461538461538464,0.2441860465116279,0.204,0.35294117647058826,0.34615384615384615
region,0.2,44,928800,898993,0.19367953478632177,True,205,205,0.19767441860465115,0.188,0.25,0.15384615384615385,0.32558139534883723,0.28,0.4411764705882353,0.46153846153846156
coverage,0.2,45,928800,928800,0.20010117087623114,True,205,176,0.17732558139534885,0.188,0.14705882352941177,0.15384615384615385,0.2819767441860465,0.26,0.29411764705882354,0.46153846153846156
region,0.2,45,928800,945140,0.20362146925275743,True,205,205,0.2180232558139535,0.224,0.19117647058823528,0.23076923076923078,0.311046511627907,0.272,0.39705882352941174,0.46153846153846156
coverage,0.2,46,928800,928800,0.20010117087623114,True,205,175,0.20348837209302326,0.204,0.22058823529411764,0.15384615384615385,0.2936046511627907,0.26,0.39705882352941174,0.34615384615384615
region,0.2,46,928800,925216,0.19932903199119623,True,205,205,0.24709302325581395,0.256,0.20588235294117646,0.2692307692307692,0.3546511627906977,0.332,0.38235294117647056,0.5
coverage,0.2,47,928800,928800,0.20010117087623114,True,205,187,0.13662790697674418,0.116,0.23529411764705882,0.07692307692307693,0.23837209302325582,0.2,0.36764705882352944,0.2692307692307692
region,0.2,47,928800,906347,0.19526388449629573,True,205,205,0.18313953488372092,0.2,0.11764705882352941,0.19230769230769232,0.29069767441860467,0.268,0.35294117647058826,0.34615384615384615
coverage,0.2,48,928800,928800,0.20010117087623114,True,205,180,0.16569767441860464,0.164,0.16176470588235295,0.19230769230769232,0.28488372093023256,0.244,0.3382352941176471,0.5384615384615384
region,0.2,48,928800,928882,0.2001188370002749,True,205,205,0.2180232558139535,0.208,0.23529411764705882,0.2692307692307692,0.32848837209302323,0.3,0.36764705882352944,0.5
coverage,0.2,49,928800,928800,0.20010117087623114,True,205,197,0.20348837209302326,0.2,0.20588235294117646,0.23076923076923078,0.34593023255813954,0.292,0.4852941176470588,0.5
region,0.2,49,928800,897758,0.19341346572297966,True,205,205,0.2005813953488372,0.2,0.23529411764705882,0.11538461538461539,0.3372093023255814,0.316,0.39705882352941174,0.38461538461538464
coverage,0.2,50,928800,928800,0.20010117087623114,True,205,196,0.2005813953488372,0.192,0.22058823529411764,0.23076923076923078,0.2761627906976744,0.248,0.38235294117647056,0.2692307692307692
region,0.2,50,928800,922354,0.19871244117396133,True,205,205,0.2238372093023256,0.208,0.2647058823529412,0.2692307692307692,0.29941860465116277,0.256,0.4264705882352941,0.38461538461538464
coverage,0.2,51,928800,928800,0.20010117087623114,True,205,184,0.2616279069767442,0.268,0.19117647058823528,0.38461538461538464,0.375,0.36,0.35294117647058826,0.5769230769230769
region,0.2,51,928800,903156,0.19457641374234863,True,205,205,0.22093023255813954,0.224,0.16176470588235295,0.34615384615384615,0.3488372093023256,0.324,0.3382352941176471,0.6153846153846154
coverage,0.2,52,928800,928800,0.20010117087623114,True,205,178,0.19476744186046513,0.196,0.17647058823529413,0.23076923076923078,0.29069767441860467,0.264,0.3235294117647059,0.46153846153846156
region,0.2,52,928800,955349,0.20582090169620643,True,205,205,0.17732558139534885,0.188,0.1323529411764706,0.19230769230769232,0.313953488372093,0.316,0.27941176470588236,0.38461538461538464
coverage,0.2,53,928800,928800,0.20010117087623114,True,205,172,0.19476744186046513,0.188,0.25,0.11538461538461539,0.29651162790697677,0.26,0.36764705882352944,0.46153846153846156
region,0.2,53,928800,908665,0.1957632756613378,True,205,205,0.18313953488372092,0.168,0.25,0.15384615384615385,0.3023255813953488,0.248,0.4411764705882353,0.46153846153846156
coverage,0.2,54,928800,928800,0.20010117087623114,True,205,186,0.18604651162790697,0.196,0.17647058823529413,0.11538461538461539,0.30523255813953487,0.276,0.38235294117647056,0.38461538461538464
region,0.2,54,928800,917402,0.1976455796341475,True,205,205,0.23255813953488372,0.224,0.23529411764705882,0.3076923076923077,0.3226744186046512,0.292,0.35294117647058826,0.5384615384615384
coverage,0.2,55,928800,928800,0.20010117087623114,True,205,176,0.21511627906976744,0.204,0.23529411764705882,0.2692307692307692,0.3226744186046512,0.284,0.4264705882352941,0.4230769230769231
region,0.2,55,928800,911866,0.19645290082065608,True,205,205,0.20348837209302326,0.196,0.23529411764705882,0.19230769230769232,0.3313953488372093,0.272,0.4852941176470588,0.5
coverage,0.2,56,928800,928800,0.20010117087623114,True,205,180,0.2180232558139535,0.244,0.16176470588235295,0.11538461538461539,0.3430232558139535,0.336,0.35294117647058826,0.38461538461538464
region,0.2,56,928800,911801,0.19643889718574334,True,205,205,0.18604651162790697,0.188,0.19117647058823528,0.15384615384615385,0.31976744186046513,0.288,0.38235294117647056,0.46153846153846156
coverage,0.2,57,928800,928800,0.20010117087623114,True,205,188,0.19476744186046513,0.192,0.20588235294117646,0.19230769230769232,0.2936046511627907,0.28,0.29411764705882354,0.4230769230769231
region,0.2,57,928800,905205,0.1950178514029057,True,205,205,0.19186046511627908,0.2,0.11764705882352941,0.3076923076923077,0.3023255813953488,0.288,0.3088235294117647,0.4230769230769231
coverage,0.2,58,928800,928800,0.20010117087623114,True,205,194,0.21220930232558138,0.212,0.20588235294117646,0.23076923076923078,0.313953488372093,0.292,0.35294117647058826,0.4230769230769231
region,0.2,58,928800,927391,0.19979761515943031,True,205,205,0.19767441860465115,0.208,0.20588235294117646,0.07692307692307693,0.32848837209302323,0.288,0.4411764705882353,0.4230769230769231
coverage,0.2,59,928800,928800,0.20010117087623114,True,205,171,0.28488372093023256,0.292,0.17647058823529413,0.5,0.39825581395348836,0.4,0.29411764705882354,0.6538461538461539
region,0.2,59,928800,941938,0.20293162865290204,True,205,205,0.2180232558139535,0.204,0.27941176470588236,0.19230769230769232,0.3313953488372093,0.288,0.4411764705882353,0.46153846153846156
coverage,0.2,60,928800,928800,0.20010117087623114,True,205,187,0.1744186046511628,0.172,0.22058823529411764,0.07692307692307693,0.29069767441860467,0.264,0.3382352941176471,0.4230769230769231
region,0.2,60,928800,918400,0.19786058929019237,True,205,205,0.21220930232558138,0.22,0.17647058823529413,0.23076923076923078,0.311046511627907,0.292,0.3235294117647059,0.46153846153846156
coverage,0.2,61,928800,928800,0.20010117087623114,True,205,176,0.22965116279069767,0.208,0.29411764705882354,0.2692307692307692,0.3023255813953488,0.26,0.4117647058823529,0.4230769230769231
region,0.2,61,928800,927290,0.19977585566518127,True,205,205,0.15988372093023256,0.156,0.19117647058823528,0.11538461538461539,0.2441860465116279,0.216,0.3235294117647059,0.3076923076923077
coverage,0.2,62,928800,928800,0.20010117087623114,True,205,180,0.2063953488372093,0.18,0.2647058823529412,0.3076923076923077,0.33430232558139533,0.288,0.4264705882352941,0.5384615384615384
region,0.2,62,928800,925970,0.19949147415618404,True,205,205,0.14825581395348839,0.152,0.14705882352941177,0.11538461538461539,0.2703488372093023,0.244,0.35294117647058826,0.3076923076923077
coverage,0.2,63,928800,928800,0.20010117087623114,True,205,184,0.16279069767441862,0.156,0.20588235294117646,0.11538461538461539,0.3226744186046512,0.292,0.39705882352941174,0.4230769230769231
region,0.2,63,928800,923587,0.19897807935622921,True,205,205,0.17732558139534885,0.168,0.20588235294117646,0.19230769230769232,0.28488372093023256,0.248,0.36764705882352944,0.4230769230769231
coverage,0.2,64,928800,928800,0.20010117087623114,True,205,185,0.1569767441860465,0.16,0.17647058823529413,0.07692307692307693,0.25290697674418605,0.232,0.3088235294117647,0.3076923076923077
region,0.2,64,928800,939208,0.20234347598656685,True,205,205,0.23837209302325582,0.244,0.17647058823529413,0.34615384615384615,0.3023255813953488,0.284,0.29411764705882354,0.5
coverage,0.2,65,928800,928800,0.20010117087623114,True,205,180,0.19476744186046513,0.176,0.23529411764705882,0.2692307692307692,0.2819767441860465,0.264,0.29411764705882354,0.4230769230769231
region,0.2,65,928800,907301,0.19546941476870736,True,205,205,0.19476744186046513,0.22,0.10294117647058823,0.19230769230769232,0.3313953488372093,0.312,0.3235294117647059,0.5384615384615384
coverage,0.2,66,928800,928800,0.20010117087623114,True,205,189,0.19767441860465115,0.192,0.16176470588235295,0.34615384615384615,0.27906976744186046,0.248,0.3235294117647059,0.46153846153846156
region,0.2,66,928800,914715,0.19706669091090845,True,205,205,0.19476744186046513,0.188,0.22058823529411764,0.19230769230769232,0.29941860465116277,0.26,0.4117647058823529,0.38461538461538464
coverage,0.2,67,928800,928800,0.20010117087623114,True,205,167,0.17732558139534885,0.184,0.17647058823529413,0.11538461538461539,0.27325581395348836,0.252,0.3382352941176471,0.3076923076923077
region,0.2,67,928800,942063,0.20295855872004193,True,205,205,0.21511627906976744,0.22,0.25,0.07692307692307693,0.3313953488372093,0.296,0.45588235294117646,0.34615384615384615
coverage,0.2,68,928800,928800,0.20010117087623114,True,205,161,0.2063953488372093,0.192,0.2647058823529412,0.19230769230769232,0.29651162790697677,0.268,0.35294117647058826,0.4230769230769231
region,0.2,68,928800,931035,0.20058268047669234,True,205,205,0.20348837209302326,0.204,0.27941176470588236,0.0,0.36627906976744184,0.324,0.4852941176470588,0.46153846153846156
coverage,0.2,69,928800,928800,0.20010117087623114,True,205,185,0.25290697674418605,0.256,0.20588235294117646,0.34615384615384615,0.375,0.352,0.35294117647058826,0.6538461538461539
region,0.2,69,928800,923361,0.1989293897948403,True,205,205,0.19186046511627908,0.18,0.23529411764705882,0.19230769230769232,0.3226744186046512,0.268,0.45588235294117646,0.5
coverage,0.2,70,928800,928800,0.20010117087623114,True,205,183,0.2180232558139535,0.224,0.20588235294117646,0.19230769230769232,0.313953488372093,0.292,0.35294117647058826,0.4230769230769231
region,0.2,70,928800,889329,0.19159751743560266,True,205,205,0.19767441860465115,0.208,0.08823529411764706,0.38461538461538464,0.29069767441860467,0.272,0.2647058823529412,0.5384615384615384
coverage,0.2,71,928800,928800,0.20010117087623114,True,205,192,0.19186046511627908,0.184,0.22058823529411764,0.19230769230769232,0.313953488372093,0.272,0.4117647058823529,0.46153846153846156
region,0.2,71,928800,965077,0.20791670724130115,True,205,205,0.1744186046511628,0.16,0.22058823529411764,0.19230769230769232,0.27325581395348836,0.232,0.36764705882352944,0.4230769230769231
coverage,0.2,72,928800,928800,0.20010117087623114,True,205,185,0.18895348837209303,0.192,0.20588235294117646,0.11538461538461539,0.26744186046511625,0.232,0.35294117647058826,0.38461538461538464
region,0.2,72,928800,910572,0.19617412076562396,True,205,205,0.16569767441860464,0.164,0.20588235294117646,0.07692307692307693,0.3081395348837209,0.272,0.4117647058823529,0.38461538461538464
coverage,0.2,73,928800,928800,0.20010117087623114,True,205,194,0.18604651162790697,0.188,0.19117647058823528,0.15384615384615385,0.2877906976744186,0.264,0.36764705882352944,0.3076923076923077
region,0.2,73,928800,911400,0.1963525055303586,True,205,205,0.18604651162790697,0.176,0.17647058823529413,0.3076923076923077,0.3023255813953488,0.252,0.39705882352941174,0.5384615384615384
coverage,0.2,74,928800,928800,0.20010117087623114,True,205,190,0.1686046511627907,0.176,0.19117647058823528,0.038461538461538464,0.2877906976744186,0.252,0.38235294117647056,0.38461538461538464
region,0.2,74,928800,857487,0.1847374598526559,True,205,205,0.1744186046511628,0.184,0.16176470588235295,0.11538461538461539,0.2819767441860465,0.256,0.3382352941176471,0.38461538461538464
coverage,0.2,75,928800,928800,0.20010117087623114,True,205,165,0.19476744186046513,0.196,0.19117647058823528,0.19230769230769232,0.29651162790697677,0.288,0.29411764705882354,0.38461538461538464
region,0.2,75,928800,929290,0.2002067367394195,True,205,205,0.18604651162790697,0.188,0.19117647058823528,0.15384615384615385,0.2936046511627907,0.272,0.3235294117647059,0.4230769230769231
coverage,0.2,76,928800,928800,0.20010117087623114,True,205,193,0.24709302325581395,0.252,0.25,0.19230769230769232,0.3488372093023256,0.328,0.38235294117647056,0.46153846153846156
region,0.2,76,928800,920088,0.19822425291684942,True,205,205,0.22093023255813954,0.224,0.23529411764705882,0.15384615384615385,0.34011627906976744,0.312,0.4117647058823529,0.4230769230769231
coverage,0.2,77,928800,928800,0.20010117087623114,True,205,189,0.2441860465116279,0.248,0.20588235294117646,0.3076923076923077,0.39244186046511625,0.38,0.35294117647058826,0.6153846153846154
region,0.2,77,928800,915852,0.19731164680161287,True,205,205,0.2180232558139535,0.204,0.2647058823529412,0.23076923076923078,0.3023255813953488,0.248,0.45588235294117646,0.4230769230769231
coverage,0.2,78,928800,928800,0.20010117087623114,True,205,196,0.18023255813953487,0.164,0.25,0.15384615384615385,0.29651162790697677,0.248,0.47058823529411764,0.3076923076923077
region,0.2,78,928800,902560,0.19444801118222563,True,205,205,0.22674418604651161,0.212,0.2647058823529412,0.2692307692307692,0.32558139534883723,0.284,0.45588235294117646,0.38461538461538464
coverage,0.2,79,928800,928800,0.20010117087623114,True,205,190,0.21511627906976744,0.216,0.22058823529411764,0.19230769230769232,0.3372093023255814,0.32,0.35294117647058826,0.46153846153846156
region,0.2,79,928800,938143,0.202114031814535,True,205,205,0.19476744186046513,0.208,0.14705882352941177,0.19230769230769232,0.32558139534883723,0.296,0.39705882352941174,0.4230769230769231
coverage,0.2,80,928800,928800,0.20010117087623114,True,205,171,0.15988372093023256,0.184,0.10294117647058823,0.07692307692307693,0.25290697674418605,0.22,0.38235294117647056,0.23076923076923078
region,0.2,80,928800,883737,0.1903927739520326,True,205,205,0.23255813953488372,0.228,0.2647058823529412,0.19230769230769232,0.313953488372093,0.292,0.39705882352941174,0.3076923076923077
coverage,0.2,81,928800,928800,0.20010117087623114,True,205,172,0.21220930232558138,0.204,0.2647058823529412,0.15384615384615385,0.311046511627907,0.276,0.4264705882352941,0.34615384615384615
region,0.2,81,928800,909933,0.19603645426240485,True,205,205,0.2180232558139535,0.232,0.17647058823529413,0.19230769230769232,0.3488372093023256,0.324,0.38235294117647056,0.5
coverage,0.2,82,928800,928800,0.20010117087623114,True,205,177,0.20348837209302326,0.224,0.14705882352941177,0.15384615384615385,0.3081395348837209,0.284,0.36764705882352944,0.38461538461538464
region,0.2,82,928800,929321,0.20021341539607018,True,205,205,0.23546511627906977,0.244,0.17647058823529413,0.3076923076923077,0.3633720930232558,0.34,0.36764705882352944,0.5769230769230769
coverage,0.2,83,928800,928800,0.20010117087623114,True,205,189,0.2005813953488372,0.2,0.16176470588235295,0.3076923076923077,0.30523255813953487,0.296,0.29411764705882354,0.4230769230769231
region,0.2,83,928800,895873,0.19300736031051013,True,205,205,0.13953488372093023,0.124,0.19117647058823528,0.15384615384615385,0.26453488372093026,0.216,0.4117647058823529,0.34615384615384615
coverage,0.2,84,928800,928800,0.20010117087623114,True,205,185,0.22093023255813954,0.232,0.19117647058823528,0.19230769230769232,0.32848837209302323,0.316,0.3382352941176471,0.4230769230769231
region,0.2,84,928800,929846,0.20032652167805773,True,205,205,0.20348837209302326,0.22,0.14705882352941177,0.19230769230769232,0.3488372093023256,0.336,0.36764705882352944,0.4230769230769231
coverage,0.2,85,928800,928800,0.20010117087623114,True,205,193,0.20348837209302326,0.208,0.14705882352941177,0.3076923076923077,0.31976744186046513,0.308,0.29411764705882354,0.5
region,0.2,85,928800,932108,0.20081384817302117,True,205,205,0.1744186046511628,0.16,0.23529411764705882,0.15384615384615385,0.24127906976744187,0.208,0.35294117647058826,0.2692307692307692
coverage,0.2,86,928800,928800,0.20010117087623114,True,205,180,0.18023255813953487,0.168,0.23529411764705882,0.15384615384615385,0.313953488372093,0.284,0.38235294117647056,0.4230769230769231
region,0.2,86,928800,927713,0.19986698701238267,True,205,205,0.20348837209302326,0.192,0.22058823529411764,0.2692307692307692,0.3430232558139535,0.296,0.45588235294117646,0.5
coverage,0.2,87,928800,928800,0.20010117087623114,True,205,187,0.19476744186046513,0.176,0.29411764705882354,0.11538461538461539,0.2877906976744186,0.26,0.4117647058823529,0.23076923076923078
region,0.2,87,928800,944304,0.20344136096372584,True,205,205,0.1569767441860465,0.136,0.2647058823529412,0.07692307692307693,0.27325581395348836,0.216,0.45588235294117646,0.34615384615384615
coverage,0.2,88,928800,928800,0.20010117087623114,True,205,182,0.16569767441860464,0.164,0.11764705882352941,0.3076923076923077,0.2819767441860465,0.252,0.3088235294117647,0.5
region,0.2,88,928800,938442,0.20217844853513361,True,205,205,0.19186046511627908,0.176,0.2647058823529412,0.15384615384615385,0.2877906976744186,0.256,0.4117647058823529,0.2692307692307692
coverage,0.2,89,928800,928800,0.20010117087623114,True,205,187,0.20348837209302326,0.208,0.14705882352941177,0.3076923076923077,0.32558139534883723,0.308,0.3235294117647059,0.5
region,0.2,89,928800,906467,0.19528973736075,True,205,205,0.18023255813953487,0.172,0.20588235294117646,0.19230769230769232,0.3313953488372093,0.288,0.4411764705882353,0.46153846153846156
coverage,0.2,90,928800,928800,0.20010117087623114,True,205,189,0.16569767441860464,0.176,0.10294117647058823,0.23076923076923078,0.2877906976744186,0.268,0.29411764705882354,0.46153846153846156
region,0.2,90,928800,926767,0.199663180264268,True,205,205,0.19186046511627908,0.18,0.22058823529411764,0.23076923076923078,0.3168604651162791,0.268,0.39705882352941174,0.5769230769230769
coverage,0.2,91,928800,928800,0.20010117087623114,True,205,188,0.19186046511627908,0.2,0.19117647058823528,0.11538461538461539,0.34011627906976744,0.332,0.3235294117647059,0.46153846153846156
region,0.2,91,928800,932623,0.2009248000496375,True,205,205,0.14825581395348839,0.132,0.22058823529411764,0.11538461538461539,0.23546511627906977,0.2,0.35294117647058826,0.2692307692307692
coverage,0.2,92,928800,928800,0.20010117087623114,True,205,173,0.19186046511627908,0.208,0.14705882352941177,0.15384615384615385,0.30523255813953487,0.292,0.3088235294117647,0.4230769230769231
region,0.2,92,928800,937220,0.20191518019877405,True,205,205,0.2180232558139535,0.196,0.2647058823529412,0.3076923076923077,0.34593023255813954,0.304,0.4264705882352941,0.5384615384615384
coverage,0.2,93,928800,928800,0.20010117087623114,True,205,190,0.23546511627906977,0.216,0.29411764705882354,0.2692307692307692,0.34593023255813954,0.312,0.4117647058823529,0.5
region,0.2,93,928800,952140,0.2051295530125912,True,205,205,0.2180232558139535,0.22,0.20588235294117646,0.23076923076923078,0.33430232558139533,0.304,0.39705882352941174,0.46153846153846156
coverage,0.2,94,928800,928800,0.20010117087623114,True,205,171,0.18895348837209303,0.172,0.23529411764705882,0.23076923076923078,0.3168604651162791,0.296,0.35294117647058826,0.4230769230769231
region,0.2,94,928800,935684,0.2015842635337591,True,205,205,0.1686046511627907,0.184,0.1323529411764706,0.11538461538461539,0.311046511627907,0.284,0.36764705882352944,0.4230769230769231
coverage,0.2,95,928800,928800,0.20010117087623114,True,205,180,0.25,0.272,0.16176470588235295,0.2692307692307692,0.34593023255813954,0.336,0.36764705882352944,0.38461538461538464
region,0.2,95,928800,931361,0.20065291409179317,True,205,205,0.17732558139534885,0.168,0.20588235294117646,0.19230769230769232,0.2877906976744186,0.256,0.36764705882352944,0.38461538461538464
coverage,0.2,96,928800,928800,0.20010117087623114,True,205,201,0.20930232558139536,0.232,0.1323529411764706,0.19230769230769232,0.32558139534883723,0.328,0.29411764705882354,0.38461538461538464
region,0.2,96,928800,903997,0.1947575992340658,True,205,205,0.18023255813953487,0.176,0.17647058823529413,0.23076923076923078,0.2761627906976744,0.252,0.3235294117647059,0.38461538461538464
coverage,0.2,97,928800,928800,0.20010117087623114,True,205,187,0.24127906976744187,0.244,0.23529411764705882,0.23076923076923078,0.3313953488372093,0.304,0.36764705882352944,0.5
region,0.2,97,928800,916050,0.19735430402796245,True,205,205,0.13953488372093023,0.132,0.14705882352941177,0.19230769230769232,0.2180232558139535,0.188,0.3382352941176471,0.19230769230769232
coverage,0.2,98,928800,928800,0.20010117087623114,True,205,184,0.19767441860465115,0.2,0.17647058823529413,0.23076923076923078,0.27906976744186046,0.252,0.29411764705882354,0.5
region,0.2,98,928800,918680,0.19792091264058573,True,205,205,0.18313953488372092,0.18,0.20588235294117646,0.15384615384615385,0.29069767441860467,0.252,0.4117647058823529,0.34615384615384615
coverage,0.2,99,928800,928800,0.20010117087623114,True,205,198,0.2238372093023256,0.244,0.16176470588235295,0.19230769230769232,0.311046511627907,0.308,0.29411764705882354,0.38461538461538464
region,0.2,99,928800,918952,0.19797951246668213,True,205,205,0.20930232558139536,0.216,0.22058823529411764,0.11538461538461539,0.33430232558139533,0.304,0.38235294117647056,0.5
coverage,0.3,0,1398000,1398000,0.3011858708925184,True,337,282,0.313953488372093,0.3,0.39705882352941174,0.23076923076923078,0.4622093023255814,0.42,0.5441176470588235,0.6538461538461539
region,0.3,0,1398000,1343191,0.28937779049355705,True,337,337,0.29651162790697677,0.292,0.2647058823529412,0.4230769230769231,0.46511627906976744,0.432,0.4852941176470588,0.7307692307692307
coverage,0.3,1,1398000,1398000,0.3011858708925184,True,337,276,0.30523255813953487,0.28,0.38235294117647056,0.34615384615384615,0.4680232558139535,0.4,0.6176470588235294,0.7307692307692307
region,0.3,1,1398000,1377077,0.29667820853437527,True,337,337,0.27325581395348836,0.24,0.39705882352941174,0.2692307692307692,0.45348837209302323,0.384,0.6176470588235294,0.6923076923076923
coverage,0.3,2,1398000,1398000,0.3011858708925184,True,337,280,0.29941860465116277,0.304,0.29411764705882354,0.2692307692307692,0.43023255813953487,0.396,0.5,0.5769230769230769
region,0.3,2,1398000,1375412,0.29631950004007196,True,337,337,0.36627906976744184,0.376,0.29411764705882354,0.46153846153846156,0.502906976744186,0.48,0.5,0.7307692307692307
coverage,0.3,3,1398000,1398000,0.3011858708925184,True,337,315,0.3546511627906977,0.356,0.3235294117647059,0.4230769230769231,0.49127906976744184,0.468,0.5147058823529411,0.6538461538461539
region,0.3,3,1398000,1377844,0.2968434514263456,True,337,337,0.23255813953488372,0.228,0.2647058823529412,0.19230769230769232,0.37790697674418605,0.368,0.39705882352941174,0.4230769230769231
coverage,0.3,4,1398000,1398000,0.3011858708925184,True,337,292,0.3168604651162791,0.324,0.25,0.4230769230769231,0.4883720930232558,0.448,0.5882352941176471,0.6153846153846154
region,0.3,4,1398000,1388693,0.29918076581355085,True,337,337,0.31976744186046513,0.328,0.3088235294117647,0.2692307692307692,0.4563953488372093,0.42,0.5735294117647058,0.5
coverage,0.3,5,1398000,1398000,0.3011858708925184,True,337,287,0.3430232558139535,0.352,0.3235294117647059,0.3076923076923077,0.45930232558139533,0.432,0.5441176470588235,0.5
region,0.3,5,1398000,1327216,0.2859361279130792,True,337,337,0.311046511627907,0.312,0.3088235294117647,0.3076923076923077,0.4622093023255814,0.436,0.45588235294117646,0.7307692307692307
coverage,0.3,6,1398000,1398000,0.3011858708925184,True,337,294,0.3081395348837209,0.304,0.27941176470588236,0.4230769230769231,0.4476744186046512,0.404,0.5441176470588235,0.6153846153846154
region,0.3,6,1398000,1371968,0.2955775228302337,True,337,337,0.2761627906976744,0.28,0.27941176470588236,0.23076923076923078,0.4331395348837209,0.404,0.4852941176470588,0.5769230769230769
coverage,0.3,7,1398000,1398000,0.3011858708925184,True,337,305,0.38953488372093026,0.4,0.36764705882352944,0.34615384615384615,0.5261627906976745,0.512,0.5294117647058824,0.6538461538461539
region,0.3,7,1398000,1370693,0.29530283614540687,True,337,337,0.2877906976744186,0.332,0.14705882352941177,0.23076923076923078,0.4186046511627907,0.388,0.45588235294117646,0.6153846153846154
coverage,0.3,8,1398000,1398000,0.3011858708925184,True,337,293,0.27906976744186046,0.276,0.29411764705882354,0.2692307692307692,0.4186046511627907,0.364,0.5588235294117647,0.5769230769230769
region,0.3,8,1398000,1320882,0.28457152755096676,True,337,337,0.311046511627907,0.3,0.36764705882352944,0.2692307692307692,0.47674418604651164,0.428,0.5882352941176471,0.6538461538461539
coverage,0.3,9,1398000,1398000,0.3011858708925184,True,337,289,0.3081395348837209,0.308,0.29411764705882354,0.34615384615384615,0.4331395348837209,0.404,0.4852941176470588,0.5769230769230769
region,0.3,9,1398000,1347970,0.29040738082044926,True,337,337,0.34593023255813954,0.324,0.4117647058823529,0.38461538461538464,0.4883720930232558,0.432,0.6323529411764706,0.6538461538461539
coverage,0.3,10,1398000,1398000,0.3011858708925184,True,337,284,0.24709302325581395,0.26,0.25,0.11538461538461539,0.4011627906976744,0.38,0.47058823529411764,0.4230769230769231
region,0.3,10,1398000,1355934,0.2921231492580659,True,337,337,0.2616279069767442,0.236,0.39705882352941174,0.15384615384615385,0.3866279069767442,0.336,0.5588235294117647,0.4230769230769231
coverage,0.3,11,1398000,1398000,0.3011858708925184,True,337,301,0.3081395348837209,0.312,0.29411764705882354,0.3076923076923077,0.4331395348837209,0.4,0.5,0.5769230769230769
region,0.3,11,1398000,1352401,0.29136199784042405,True,337,337,0.3168604651162791,0.34,0.23529411764705882,0.3076923076923077,0.4476744186046512,0.436,0.4411764705882353,0.5769230769230769
coverage,0.3,12,1398000,1398000,0.3011858708925184,True,337,318,0.29069767441860467,0.304,0.2647058823529412,0.23076923076923078,0.4680232558139535,0.444,0.5294117647058824,0.5384615384615384
region,0.3,12,1398000,1341656,0.2890470892690792,True,337,337,0.29941860465116277,0.296,0.23529411764705882,0.5,0.4331395348837209,0.404,0.4852941176470588,0.5769230769230769
coverage,0.3,13,1398000,1398000,0.3011858708925184,True,337,274,0.2761627906976744,0.264,0.3088235294117647,0.3076923076923077,0.4127906976744186,0.376,0.5,0.5384615384615384
region,0.3,13,1398000,1363131,0.29367367480371215,True,337,337,0.3023255813953488,0.312,0.2647058823529412,0.3076923076923077,0.47093023255813954,0.432,0.5294117647058824,0.6923076923076923
coverage,0.3,14,1398000,1398000,0.3011858708925184,True,337,296,0.33430232558139533,0.336,0.29411764705882354,0.4230769230769231,0.4796511627906977,0.464,0.47058823529411764,0.6538461538461539
region,0.3,14,1398000,1380199,0.2973508138912611,True,337,337,0.3430232558139535,0.332,0.3382352941176471,0.46153846153846156,0.4680232558139535,0.452,0.4852941176470588,0.5769230769230769
coverage,0.3,15,1398000,1398000,0.3011858708925184,True,337,310,0.3430232558139535,0.348,0.2647058823529412,0.5,0.4941860465116279,0.48,0.45588235294117646,0.7307692307692307
region,0.3,15,1398000,1364467,0.2939615033613033,True,337,337,0.30523255813953487,0.292,0.36764705882352944,0.2692307692307692,0.49709302325581395,0.452,0.5882352941176471,0.6923076923076923
coverage,0.3,16,1398000,1398000,0.3011858708925184,True,337,297,0.29941860465116277,0.308,0.2647058823529412,0.3076923076923077,0.4563953488372093,0.42,0.5735294117647058,0.5
region,0.3,16,1398000,1356892,0.292329541292626,True,337,337,0.2877906976744186,0.256,0.38235294117647056,0.34615384615384615,0.39244186046511625,0.312,0.6176470588235294,0.5769230769230769
coverage,0.3,17,1398000,1398000,0.3011858708925184,True,337,292,0.3313953488372093,0.324,0.4117647058823529,0.19230769230769232,0.4622093023255814,0.416,0.6323529411764706,0.46153846153846156
region,0.3,17,1398000,1323269,0.28508578411307006,True,337,337,0.2819767441860465,0.292,0.23529411764705882,0.3076923076923077,0.4563953488372093,0.408,0.5441176470588235,0.6923076923076923
coverage,0.3,18,1398000,1398000,0.3011858708925184,True,337,311,0.26453488372093026,0.256,0.29411764705882354,0.2692307692307692,0.38953488372093026,0.352,0.4852941176470588,0.5
region,0.3,18,1398000,1345280,0.28982784577559884,True,337,337,0.3430232558139535,0.352,0.27941176470588236,0.4230769230769231,0.48255813953488375,0.464,0.4852941176470588,0.6538461538461539
coverage,0.3,19,1398000,1398000,0.3011858708925184,True,337,286,0.3023255813953488,0.28,0.38235294117647056,0.3076923076923077,0.4622093023255814,0.42,0.5588235294117647,0.6153846153846154
region,0.3,19,1398000,1366442,0.2943869984221135,True,337,337,0.32848837209302323,0.352,0.2647058823529412,0.2692307692307692,0.4622093023255814,0.436,0.5294117647058824,0.5384615384615384
coverage,0.3,20,1398000,1398000,0.3011858708925184,True,337,299,0.2877906976744186,0.28,0.3088235294117647,0.3076923076923077,0.42441860465116277,0.388,0.4852941176470588,0.6153846153846154
region,0.3,20,1398000,1333690,0.28733088995038836,True,337,337,0.36627906976744184,0.404,0.20588235294117646,0.4230769230769231,0.5523255813953488,0.536,0.5882352941176471,0.6153846153846154
coverage,0.3,21,1398000,1398000,0.3011858708925184,True,337,278,0.32558139534883723,0.32,0.3382352941176471,0.34615384615384615,0.47093023255813954,0.428,0.5588235294117647,0.6538461538461539
region,0.3,21,1398000,1332442,0.2870620201600637,True,337,337,0.2441860465116279,0.248,0.23529411764705882,0.23076923076923078,0.36627906976744184,0.36,0.38235294117647056,0.38461538461538464
coverage,0.3,22,1398000,1398000,0.3011858708925184,True,337,286,0.29941860465116277,0.308,0.2647058823529412,0.3076923076923077,0.47093023255813954,0.468,0.38235294117647056,0.7307692307692307
region,0.3,22,1398000,1369330,0.2950091906933135,True,337,337,0.33430232558139533,0.332,0.3088235294117647,0.4230769230769231,0.46511627906976744,0.436,0.4852941176470588,0.6923076923076923
coverage,0.3,23,1398000,1398000,0.3011858708925184,True,337,297,0.29651162790697677,0.284,0.35294117647058826,0.2692307692307692,0.42151162790697677,0.384,0.5441176470588235,0.46153846153846156
region,0.3,23,1398000,1350175,0.2908824272047969,True,337,337,0.3023255813953488,0.3,0.3235294117647059,0.2692307692307692,0.45058139534883723,0.428,0.45588235294117646,0.6538461538461539
coverage,0.3,24,1398000,1398000,0.3011858708925184,True,337,296,0.3023255813953488,0.332,0.17647058823529413,0.34615384615384615,0.4186046511627907,0.416,0.39705882352941174,0.5
region,0.3,24,1398000,1385740,0.2985445699074381,True,337,337,0.3081395348837209,0.324,0.23529411764705882,0.34615384615384615,0.43023255813953487,0.408,0.5,0.46153846153846156
coverage,0.3,25,1398000,1398000,0.3011858708925184,True,337,286,0.3226744186046512,0.32,0.3235294117647059,0.34615384615384615,0.4563953488372093,0.424,0.5,0.6538461538461539
region,0.3,25,1398000,1371783,0.2955376663308667,True,337,337,0.2558139534883721,0.244,0.29411764705882354,0.2692307692307692,0.3866279069767442,0.34,0.5147058823529411,0.5
coverage,0.3,26,1398000,1398000,0.3011858708925184,True,337,273,0.21511627906976744,0.2,0.3088235294117647,0.11538461538461539,0.3226744186046512,0.28,0.4852941176470588,0.3076923076923077
region,0.3,26,1398000,1391423,0.299768918479886,True,337,337,0.3372093023255814,0.324,0.35294117647058826,0.4230769230769231,0.49127906976744184,0.448,0.5294117647058824,0.8076923076923077
coverage,0.3,27,1398000,1398000,0.3011858708925184,True,337,281,0.32558139534883723,0.304,0.38235294117647056,0.38461538461538464,0.47674418604651164,0.424,0.5588235294117647,0.7692307692307693
region,0.3,27,1398000,1363693,0.29379475238557307,True,337,337,0.28488372093023256,0.288,0.25,0.34615384615384615,0.45930232558139533,0.42,0.5441176470588235,0.6153846153846154
coverage,0.3,28,1398000,1398000,0.3011858708925184,True,337,291,0.24709302325581395,0.268,0.20588235294117646,0.15384615384615385,0.4127906976744186,0.404,0.39705882352941174,0.5384615384615384
region,0.3,28,1398000,1365225,0.29412480728843954,True,337,337,0.34011627906976744,0.34,0.35294117647058826,0.3076923076923077,0.502906976744186,0.472,0.5294117647058824,0.7307692307692307
coverage,0.3,29,1398000,1398000,0.3011858708925184,True,337,295,0.27906976744186046,0.3,0.2647058823529412,0.11538461538461539,0.4186046511627907,0.396,0.5147058823529411,0.38461538461538464
region,0.3,29,1398000,1371950,0.2955736449005656,True,337,337,0.2819767441860465,0.288,0.27941176470588236,0.23076923076923078,0.4680232558139535,0.432,0.5588235294117647,0.5769230769230769
coverage,0.3,30,1398000,1398000,0.3011858708925184,True,337,286,0.3226744186046512,0.324,0.3088235294117647,0.34615384615384615,0.45348837209302323,0.428,0.4852941176470588,0.6153846153846154
region,0.3,30,1398000,1349908,0.2908249045813861,True,337,337,0.2703488372093023,0.296,0.20588235294117646,0.19230769230769232,0.41569767441860467,0.38,0.5,0.5384615384615384
coverage,0.3,31,1398000,1398000,0.3011858708925184,True,337,270,0.2819767441860465,0.248,0.4411764705882353,0.19230769230769232,0.39244186046511625,0.344,0.5882352941176471,0.34615384615384615
region,0.3,31,1398000,1393468,0.30020949437829464,True,337,337,0.3081395348837209,0.312,0.29411764705882354,0.3076923076923077,0.46511627906976744,0.444,0.5,0.5769230769230769
coverage,0.3,32,1398000,1398000,0.3011858708925184,True,337,289,0.36627906976744184,0.36,0.3088235294117647,0.5769230769230769,0.4563953488372093,0.412,0.5147058823529411,0.7307692307692307
region,0.3,32,1398000,1315861,0.2834898006140917,True,337,337,0.22093023255813954,0.244,0.17647058823529413,0.11538461538461539,0.375,0.36,0.38235294117647056,0.5
coverage,0.3,33,1398000,1398000,0.3011858708925184,True,337,295,0.3081395348837209,0.3,0.3088235294117647,0.38461538461538464,0.45058139534883723,0.404,0.5588235294117647,0.6153846153846154
region,0.3,33,1398000,1299528,0.27997101032132526,True,337,337,0.2616279069767442,0.252,0.27941176470588236,0.3076923076923077,0.4127906976744186,0.364,0.5294117647058824,0.5769230769230769
coverage,0.3,34,1398000,1398000,0.3011858708925184,True,337,289,0.27325581395348836,0.268,0.29411764705882354,0.2692307692307692,0.4069767441860465,0.364,0.5294117647058824,0.5
region,0.3,34,1398000,1327249,0.28594323745080413,True,337,337,0.27906976744186046,0.3,0.22058823529411764,0.23076923076923078,0.43023255813953487,0.404,0.4852941176470588,0.5384615384615384
coverage,0.3,35,1398000,1398000,0.3011858708925184,True,337,281,0.27906976744186046,0.288,0.23529411764705882,0.3076923076923077,0.40406976744186046,0.388,0.45588235294117646,0.4230769230769231
region,0.3,35,1398000,1351517,0.29117154840561077,True,337,337,0.33430232558139533,0.348,0.2647058823529412,0.38461538461538464,0.4680232558139535,0.432,0.5294117647058824,0.6538461538461539
coverage,0.3,36,1398000,1398000,0.3011858708925184,True,337,269,0.311046511627907,0.316,0.3088235294117647,0.2692307692307692,0.4680232558139535,0.424,0.5735294117647058,0.6153846153846154
region,0.3,36,1398000,1341687,0.2890537679257299,True,337,337,0.32848837209302323,0.336,0.3235294117647059,0.2692307692307692,0.45930232558139533,0.42,0.5294117647058824,0.6538461538461539
coverage,0.3,37,1398000,1398000,0.3011858708925184,True,337,291,0.32558139534883723,0.34,0.3088235294117647,0.23076923076923078,0.45058139534883723,0.432,0.4852941176470588,0.5384615384615384
region,0.3,37,1398000,1324280,0.2853035944960975,True,337,337,0.2761627906976744,0.284,0.29411764705882354,0.15384615384615385,0.4476744186046512,0.408,0.5294117647058824,0.6153846153846154
coverage,0.3,38,1398000,1398000,0.3011858708925184,True,337,297,0.2819767441860465,0.248,0.36764705882352944,0.38461538461538464,0.375,0.304,0.5441176470588235,0.6153846153846154
region,0.3,38,1398000,1387272,0.29887462481030463,True,337,337,0.311046511627907,0.332,0.25,0.2692307692307692,0.48255813953488375,0.448,0.5735294117647058,0.5769230769230769
coverage,0.3,39,1398000,1398000,0.3011858708925184,True,337,296,0.3168604651162791,0.304,0.35294117647058826,0.34615384615384615,0.48255813953488375,0.44,0.5441176470588235,0.7307692307692307
region,0.3,39,1398000,1330262,0.28659235978914405,True,337,337,0.29651162790697677,0.288,0.2647058823529412,0.46153846153846156,0.4331395348837209,0.404,0.4411764705882353,0.6923076923076923
coverage,0.3,40,1398000,1398000,0.3011858708925184,True,337,285,0.2819767441860465,0.288,0.3088235294117647,0.15384615384615385,0.4273255813953488,0.384,0.5294117647058824,0.5769230769230769
region,0.3,40,1398000,1314181,0.2831278605117316,True,337,337,0.2936046511627907,0.3,0.29411764705882354,0.23076923076923078,0.436046511627907,0.388,0.5294117647058824,0.6538461538461539
coverage,0.3,41,1398000,1398000,0.3011858708925184,True,337,293,0.3372093023255814,0.34,0.29411764705882354,0.4230769230769231,0.45348837209302323,0.42,0.5147058823529411,0.6153846153846154
region,0.3,41,1398000,1347291,0.2902610966957454,True,337,337,0.27906976744186046,0.28,0.2647058823529412,0.3076923076923077,0.43023255813953487,0.4,0.4852941176470588,0.5769230769230769
coverage,0.3,42,1398000,1398000,0.3011858708925184,True,337,288,0.313953488372093,0.316,0.2647058823529412,0.4230769230769231,0.4622093023255814,0.428,0.4852941176470588,0.7307692307692307
region,0.3,42,1398000,1359823,0.2929609975069221,True,337,337,0.34593023255813954,0.356,0.3088235294117647,0.34615384615384615,0.45348837209302323,0.428,0.5,0.5769230769230769
coverage,0.3,43,1398000,1398000,0.3011858708925184,True,337,266,0.28488372093023256,0.28,0.2647058823529412,0.38461538461538464,0.4186046511627907,0.364,0.5441176470588235,0.6153846153846154
region,0.3,43,1398000,1354160,0.2917409577452166,True,337,337,0.2703488372093023,0.28,0.17647058823529413,0.4230769230769231,0.438953488372093,0.408,0.47058823529411764,0.6538461538461539
coverage,0.3,44,1398000,1398000,0.3011858708925184,True,337,287,0.27906976744186046,0.28,0.2647058823529412,0.3076923076923077,0.42151162790697677,0.4,0.45588235294117646,0.5384615384615384
region,0.3,44,1398000,1326089,0.285693326427746,True,337,337,0.3081395348837209,0.304,0.3088235294117647,0.34615384615384615,0.438953488372093,0.408,0.5,0.5769230769230769
coverage,0.3,45,1398000,1398000,0.3011858708925184,True,337,273,0.30523255813953487,0.292,0.36764705882352944,0.2692307692307692,0.438953488372093,0.388,0.6029411764705882,0.5
region,0.3,45,1398000,1412862,0.30438774815518266,True,337,337,0.3168604651162791,0.324,0.29411764705882354,0.3076923076923077,0.47093023255813954,0.456,0.47058823529411764,0.6153846153846154
coverage,0.3,46,1398000,1398000,0.3011858708925184,True,337,284,0.2703488372093023,0.264,0.29411764705882354,0.2692307692307692,0.42151162790697677,0.384,0.4852941176470588,0.6153846153846154
region,0.3,46,1398000,1389948,0.29945114368763537,True,337,337,0.30523255813953487,0.284,0.39705882352941174,0.2692307692307692,0.45348837209302323,0.408,0.6029411764705882,0.5
coverage,0.3,47,1398000,1398000,0.3011858708925184,True,337,268,0.3226744186046512,0.348,0.27941176470588236,0.19230769230769232,0.502906976744186,0.488,0.4852941176470588,0.6923076923076923
region,0.3,47,1398000,1374923,0.2962141496174207,True,337,337,0.2761627906976744,0.292,0.22058823529411764,0.2692307692307692,0.436046511627907,0.384,0.5441176470588235,0.6538461538461539
coverage,0.3,48,1398000,1398000,0.3011858708925184,True,337,288,0.2936046511627907,0.292,0.3088235294117647,0.2692307692307692,0.4127906976744186,0.364,0.5735294117647058,0.46153846153846156
region,0.3,48,1398000,1354283,0.2917674569312822,True,337,337,0.33430232558139533,0.348,0.2647058823529412,0.38461538461538464,0.502906976744186,0.488,0.5294117647058824,0.5769230769230769
coverage,0.3,49,1398000,1398000,0.3011858708925184,True,337,275,0.26453488372093026,0.26,0.27941176470588236,0.2692307692307692,0.3808139534883721,0.34,0.4411764705882353,0.6153846153846154
region,0.3,49,1398000,1367626,0.2946420800180625,True,337,337,0.3372093023255814,0.332,0.29411764705882354,0.5,0.4796511627906977,0.448,0.5,0.7307692307692307
coverage,0.3,50,1398000,1398000,0.3011858708925184,True,337,292,0.30523255813953487,0.304,0.3088235294117647,0.3076923076923077,0.45348837209302323,0.42,0.5,0.6538461538461539
region,0.3,50,1398000,1397730,0.3011277019474963,True,337,337,0.29941860465116277,0.284,0.3235294117647059,0.38461538461538464,0.436046511627907,0.388,0.5735294117647058,0.5384615384615384
coverage,0.3,51,1398000,1398000,0.3011858708925184,True,337,313,0.28488372093023256,0.276,0.3088235294117647,0.3076923076923077,0.42441860465116277,0.384,0.5294117647058824,0.5384615384615384
region,0.3,51,1398000,1345600,0.289896786747477,True,337,337,0.22674418604651161,0.232,0.20588235294117646,0.23076923076923078,0.35755813953488375,0.332,0.4264705882352941,0.4230769230769231
coverage,0.3,52,1398000,1398000,0.3011858708925184,True,337,286,0.313953488372093,0.32,0.27941176470588236,0.34615384615384615,0.4738372093023256,0.452,0.45588235294117646,0.7307692307692307
region,0.3,52,1398000,1313968,0.28308197167732524,True,337,337,0.2616279069767442,0.288,0.16176470588235295,0.2692307692307692,0.4127906976744186,0.408,0.36764705882352944,0.5769230769230769
coverage,0.3,53,1398000,1398000,0.3011858708925184,True,337,283,0.32558139534883723,0.344,0.23529411764705882,0.38461538461538464,0.45930232558139533,0.436,0.4852941176470588,0.6153846153846154
region,0.3,53,1398000,1370223,0.29520157909296085,True,337,337,0.34593023255813954,0.308,0.4852941176470588,0.34615384615384615,0.4796511627906977,0.416,0.6617647058823529,0.6153846153846154
coverage,0.3,54,1398000,1398000,0.3011858708925184,True,337,301,0.24127906976744187,0.224,0.3088235294117647,0.23076923076923078,0.3633720930232558,0.316,0.5,0.46153846153846156
region,0.3,54,1398000,1349946,0.29083309132179663,True,337,337,0.2441860465116279,0.22,0.3235294117647059,0.2692307692307692,0.39825581395348836,0.344,0.5588235294117647,0.5
coverage,0.3,55,1398000,1398000,0.3011858708925184,True,337,275,0.313953488372093,0.304,0.35294117647058826,0.3076923076923077,0.4186046511627907,0.364,0.5588235294117647,0.5769230769230769
region,0.3,55,1398000,1361720,0.2933696882058371,True,337,337,0.27325581395348836,0.264,0.3088235294117647,0.2692307692307692,0.41569767441860467,0.384,0.45588235294117646,0.6153846153846154
coverage,0.3,56,1398000,1398000,0.3011858708925184,True,337,265,0.26744186046511625,0.256,0.3382352941176471,0.19230769230769232,0.4011627906976744,0.364,0.4852941176470588,0.5384615384615384
region,0.3,56,1398000,1381677,0.29766923500512316,True,337,337,0.29069767441860467,0.288,0.2647058823529412,0.38461538461538464,0.39244186046511625,0.364,0.4411764705882353,0.5384615384615384
coverage,0.3,57,1398000,1398000,0.3011858708925184,True,337,261,0.33430232558139533,0.372,0.16176470588235295,0.4230769230769231,0.48255813953488375,0.496,0.35294117647058826,0.6923076923076923
region,0.3,57,1398000,1381317,0.2975916764117603,True,337,337,0.2877906976744186,0.276,0.35294117647058826,0.23076923076923078,0.45930232558139533,0.42,0.5441176470588235,0.6153846153846154
coverage,0.3,58,1398000,1398000,0.3011858708925184,True,337,287,0.2877906976744186,0.292,0.3235294117647059,0.15384615384615385,0.42441860465116277,0.392,0.5294117647058824,0.46153846153846156
region,0.3,58,1398000,1309698,0.2821620405838266,True,337,337,0.24709302325581395,0.232,0.3088235294117647,0.23076923076923078,0.37790697674418605,0.324,0.5441176470588235,0.46153846153846156
coverage,0.3,59,1398000,1398000,0.3011858708925184,True,337,279,0.3546511627906977,0.344,0.36764705882352944,0.4230769230769231,0.49127906976744184,0.452,0.6029411764705882,0.5769230769230769
region,0.3,59,1398000,1344669,0.2896962116074191,True,337,337,0.3226744186046512,0.324,0.29411764705882354,0.38461538461538464,0.46511627906976744,0.404,0.6176470588235294,0.6538461538461539
coverage,0.3,60,1398000,1398000,0.3011858708925184,True,337,290,0.29069767441860467,0.276,0.4117647058823529,0.11538461538461539,0.4273255813953488,0.392,0.5588235294117647,0.4230769230769231
region,0.3,60,1398000,1370598,0.2952823692943805,True,337,337,0.2936046511627907,0.296,0.3235294117647059,0.19230769230769232,0.4418604651162791,0.424,0.4411764705882353,0.6153846153846154
coverage,0.3,61,1398000,1398000,0.3011858708925184,True,337,291,0.311046511627907,0.308,0.3235294117647059,0.3076923076923077,0.4476744186046512,0.396,0.6176470588235294,0.5
region,0.3,61,1398000,1357003,0.2923534551922462,True,337,337,0.28488372093023256,0.304,0.19117647058823528,0.34615384615384615,0.4476744186046512,0.436,0.4264705882352941,0.6153846153846154
coverage,0.3,62,1398000,1398000,0.3011858708925184,True,337,282,0.313953488372093,0.288,0.36764705882352944,0.4230769230769231,0.4476744186046512,0.388,0.5735294117647058,0.6923076923076923
region,0.3,62,1398000,1371500,0.29547669665886195,True,337,337,0.313953488372093,0.316,0.25,0.46153846153846156,0.43023255813953487,0.412,0.4117647058823529,0.6538461538461539
coverage,0.3,63,1398000,1398000,0.3011858708925184,True,337,284,0.32848837209302323,0.336,0.2647058823529412,0.4230769230769231,0.47093023255813954,0.452,0.47058823529411764,0.6538461538461539
region,0.3,63,1398000,1350606,0.29097528207629525,True,337,337,0.313953488372093,0.336,0.22058823529411764,0.34615384615384615,0.4680232558139535,0.46,0.4117647058823529,0.6923076923076923
coverage,0.3,64,1398000,1398000,0.3011858708925184,True,337,296,0.313953488372093,0.312,0.3235294117647059,0.3076923076923077,0.44476744186046513,0.408,0.5588235294117647,0.5
region,0.3,64,1398000,1379089,0.2971116748950589,True,337,337,0.2703488372093023,0.272,0.29411764705882354,0.19230769230769232,0.44476744186046513,0.396,0.5882352941176471,0.5384615384615384
coverage,0.3,65,1398000,1398000,0.3011858708925184,True,337,293,0.2703488372093023,0.268,0.27941176470588236,0.2692307692307692,0.3866279069767442,0.36,0.47058823529411764,0.4230769230769231
region,0.3,65,1398000,1398414,0.30127506327488573,True,337,337,0.2936046511627907,0.292,0.3235294117647059,0.23076923076923078,0.438953488372093,0.404,0.5147058823529411,0.5769230769230769
coverage,0.3,66,1398000,1398000,0.3011858708925184,True,337,297,0.35755813953488375,0.388,0.27941176470588236,0.2692307692307692,0.45930232558139533,0.448,0.45588235294117646,0.5769230769230769
region,0.3,66,1398000,1373111,0.2958237713641609,True,337,337,0.2936046511627907,0.304,0.27941176470588236,0.23076923076923078,0.4941860465116279,0.452,0.6029411764705882,0.6153846153846154
coverage,0.3,67,1398000,1398000,0.3011858708925184,True,337,282,0.3168604651162791,0.332,0.27941176470588236,0.2692307692307692,0.4738372093023256,0.436,0.5882352941176471,0.5384615384615384
region,0.3,67,1398000,1322348,0.2848873633783834,True,337,337,0.29069767441860467,0.304,0.27941176470588236,0.19230769230769232,0.4738372093023256,0.44,0.5588235294117647,0.5769230769230769
coverage,0.3,68,1398000,1398000,0.3011858708925184,True,337,261,0.3372093023255814,0.348,0.25,0.46153846153846156,0.4796511627906977,0.468,0.4411764705882353,0.6923076923076923
region,0.3,68,1398000,1387268,0.2988737630481561,True,337,337,0.29069767441860467,0.296,0.2647058823529412,0.3076923076923077,0.46511627906976744,0.46,0.39705882352941174,0.6923076923076923
coverage,0.3,69,1398000,1398000,0.3011858708925184,True,337,286,0.2877906976744186,0.308,0.19117647058823528,0.34615384615384615,0.4273255813953488,0.404,0.4264705882352941,0.6538461538461539
region,0.3,69,1398000,1371653,0.2955096590610412,True,337,337,0.3372093023255814,0.34,0.3088235294117647,0.38461538461538464,0.49127906976744184,0.464,0.5147058823529411,0.6923076923076923
coverage,0.3,70,1398000,1398000,0.3011858708925184,True,337,276,0.2877906976744186,0.292,0.27941176470588236,0.2692307692307692,0.40988372093023256,0.364,0.5294117647058824,0.5384615384615384
region,0.3,70,1398000,1337453,0.2881415926915676,True,337,337,0.37209302325581395,0.412,0.20588235294117646,0.4230769230769231,0.5348837209302325,0.532,0.4852941176470588,0.6923076923076923
coverage,0.3,71,1398000,1398000,0.3011858708925184,True,337,308,0.34011627906976744,0.32,0.39705882352941174,0.38461538461538464,0.4563953488372093,0.42,0.5441176470588235,0.5769230769230769
region,0.3,71,1398000,1367642,0.2946455270666564,True,337,337,0.3081395348837209,0.296,0.3235294117647059,0.38461538461538464,0.4680232558139535,0.412,0.5441176470588235,0.8076923076923077
coverage,0.3,72,1398000,1398000,0.3011858708925184,True,337,300,0.29651162790697677,0.256,0.39705882352941174,0.4230769230769231,0.43023255813953487,0.348,0.6470588235294118,0.6538461538461539
region,0.3,72,1398000,1373174,0.2958373441179994,True,337,337,0.3081395348837209,0.324,0.23529411764705882,0.34615384615384615,0.4476744186046512,0.432,0.47058823529411764,0.5384615384615384
coverage,0.3,73,1398000,1398000,0.3011858708925184,True,337,297,0.313953488372093,0.304,0.35294117647058826,0.3076923076923077,0.4418604651162791,0.388,0.6029411764705882,0.5384615384615384
region,0.3,73,1398000,1383245,0.29800704576732595,True,337,337,0.29651162790697677,0.28,0.35294117647058826,0.3076923076923077,0.43023255813953487,0.404,0.5,0.5
coverage,0.3,74,1398000,1398000,0.3011858708925184,True,337,289,0.34011627906976744,0.344,0.3382352941176471,0.3076923076923077,0.4418604651162791,0.396,0.5588235294117647,0.5769230769230769
region,0.3,74,1398000,1365047,0.29408645887283236,True,337,337,0.313953488372093,0.28,0.4411764705882353,0.3076923076923077,0.4622093023255814,0.412,0.5882352941176471,0.6153846153846154
coverage,0.3,75,1398000,1398000,0.3011858708925184,True,337,287,0.2703488372093023,0.272,0.29411764705882354,0.19230769230769232,0.436046511627907,0.424,0.45588235294117646,0.5
region,0.3,75,1398000,1394020,0.3003284175547844,True,337,337,0.32848837209302323,0.376,0.16176470588235295,0.3076923076923077,0.5348837209302325,0.496,0.5882352941176471,0.7692307692307693
coverage,0.3,76,1398000,1398000,0.3011858708925184,True,337,293,0.31976744186046513,0.288,0.4411764705882353,0.3076923076923077,0.44476744186046513,0.376,0.6617647058823529,0.5384615384615384
region,0.3,76,1398000,1350117,0.290869931653644,True,337,337,0.32558139534883723,0.348,0.23529411764705882,0.34615384615384615,0.4622093023255814,0.448,0.4117647058823529,0.7307692307692307
coverage,0.3,77,1398000,1398000,0.3011858708925184,True,337,268,0.31976744186046513,0.32,0.35294117647058826,0.23076923076923078,0.4738372093023256,0.452,0.5,0.6153846153846154
region,0.3,77,1398000,1327029,0.28589584053263795,True,337,337,0.3226744186046512,0.348,0.23529411764705882,0.3076923076923077,0.4418604651162791,0.416,0.4852941176470588,0.5769230769230769
coverage,0.3,78,1398000,1398000,0.3011858708925184,True,337,285,0.2819767441860465,0.272,0.3088235294117647,0.3076923076923077,0.3866279069767442,0.352,0.47058823529411764,0.5
region,0.3,78,1398000,1346599,0.290112011844059,True,337,337,0.3226744186046512,0.308,0.3235294117647059,0.46153846153846156,0.47674418604651164,0.444,0.5,0.7307692307692307
coverage,0.3,79,1398000,1398000,0.3011858708925184,True,337,272,0.2616279069767442,0.268,0.23529411764705882,0.2692307692307692,0.375,0.348,0.4411764705882353,0.46153846153846156
region,0.3,79,1398000,1345274,0.28982655313237615,True,337,337,0.2819767441860465,0.308,0.22058823529411764,0.19230769230769232,0.40988372093023256,0.388,0.4411764705882353,0.5384615384615384
coverage,0.3,80,1398000,1398000,0.3011858708925184,True,337,285,0.2819767441860465,0.292,0.23529411764705882,0.3076923076923077,0.45058139534883723,0.42,0.5,0.6153846153846154
region,0.3,80,1398000,1355554,0.2920412818539606,True,337,337,0.29941860465116277,0.308,0.25,0.34615384615384615,0.4563953488372093,0.42,0.5147058823529411,0.6538461538461539
coverage,0.3,81,1398000,1398000,0.3011858708925184,True,337,278,0.2877906976744186,0.304,0.2647058823529412,0.19230769230769232,0.4186046511627907,0.4,0.4852941176470588,0.4230769230769231
region,0.3,81,1398000,1339518,0.2885864774007185,True,337,337,0.2819767441860465,0.308,0.20588235294117646,0.23076923076923078,0.438953488372093,0.424,0.4411764705882353,0.5769230769230769
coverage,0.3,82,1398000,1398000,0.3011858708925184,True,337,278,0.26453488372093026,0.24,0.36764705882352944,0.23076923076923078,0.39244186046511625,0.324,0.5882352941176471,0.5384615384615384
region,0.3,82,1398000,1353234,0.2915414598078443,True,337,337,0.22965116279069767,0.22,0.25,0.2692307692307692,0.3488372093023256,0.316,0.39705882352941174,0.5384615384615384
coverage,0.3,83,1398000,1398000,0.3011858708925184,True,337,269,0.3430232558139535,0.344,0.3235294117647059,0.38461538461538464,0.49127906976744184,0.452,0.6029411764705882,0.5769230769230769
region,0.3,83,1398000,1360993,0.2932130629353515,True,337,337,0.33430232558139533,0.364,0.22058823529411764,0.34615384615384615,0.5203488372093024,0.496,0.5294117647058824,0.7307692307692307
coverage,0.3,84,1398000,1398000,0.3011858708925184,True,337,294,0.29941860465116277,0.3,0.29411764705882354,0.3076923076923077,0.43023255813953487,0.4,0.47058823529411764,0.6153846153846154
region,0.3,84,1398000,1354476,0.2918090369549462,True,337,337,0.29069767441860467,0.292,0.3088235294117647,0.23076923076923078,0.4186046511627907,0.376,0.5294117647058824,0.5384615384615384
coverage,0.3,85,1398000,1398000,0.3011858708925184,True,337,300,0.34593023255813954,0.332,0.35294117647058826,0.46153846153846156,0.4738372093023256,0.412,0.6176470588235294,0.6923076923076923
region,0.3,85,1398000,1385189,0.2984258621714855,True,337,337,0.2877906976744186,0.28,0.3088235294117647,0.3076923076923077,0.47674418604651164,0.44,0.5441176470588235,0.6538461538461539
coverage,0.3,86,1398000,1398000,0.3011858708925184,True,337,286,0.34011627906976744,0.34,0.2647058823529412,0.5384615384615384,0.49127906976744184,0.488,0.39705882352941174,0.7692307692307693
region,0.3,86,1398000,1320031,0.2843881876538784,True,337,337,0.25872093023255816,0.264,0.22058823529411764,0.3076923076923077,0.40406976744186046,0.368,0.45588235294117646,0.6153846153846154
coverage,0.3,87,1398000,1398000,0.3011858708925184,True,337,297,0.25,0.264,0.23529411764705882,0.15384615384615385,0.4069767441860465,0.376,0.4411764705882353,0.6153846153846154
region,0.3,87,1398000,1361795,0.293385846246121,True,337,337,0.3081395348837209,0.304,0.29411764705882354,0.38461538461538464,0.45930232558139533,0.432,0.5,0.6153846153846154
coverage,0.3,88,1398000,1398000,0.3011858708925184,True,337,279,0.30523255813953487,0.284,0.4264705882352941,0.19230769230769232,0.41569767441860467,0.36,0.6029411764705882,0.46153846153846156
region,0.3,88,1398000,1397640,0.3011083122991556,True,337,337,0.29651162790697677,0.304,0.2647058823529412,0.3076923076923077,0.46511627906976744,0.448,0.47058823529411764,0.6153846153846154
coverage,0.3,89,1398000,1398000,0.3011858708925184,True,337,279,0.3023255813953488,0.308,0.3088235294117647,0.23076923076923078,0.4418604651162791,0.396,0.5588235294117647,0.5769230769230769
region,0.3,89,1398000,1394113,0.30034845352473644,True,337,337,0.29941860465116277,0.284,0.38235294117647056,0.23076923076923078,0.49127906976744184,0.428,0.6764705882352942,0.6153846153846154
coverage,0.3,90,1398000,1398000,0.3011858708925184,True,337,295,0.2616279069767442,0.244,0.3382352941176471,0.23076923076923078,0.39244186046511625,0.344,0.5441176470588235,0.46153846153846156
region,0.3,90,1398000,1369964,0.295145779993847,True,337,337,0.28488372093023256,0.272,0.3382352941176471,0.2692307692307692,0.436046511627907,0.376,0.5882352941176471,0.6153846153846154
coverage,0.3,91,1398000,1398000,0.3011858708925184,True,337,285,0.311046511627907,0.308,0.3235294117647059,0.3076923076923077,0.4563953488372093,0.416,0.5294117647058824,0.6538461538461539
region,0.3,91,1398000,1324415,0.2853326789686086,True,337,337,0.31976744186046513,0.336,0.27941176470588236,0.2692307692307692,0.42151162790697677,0.412,0.4411764705882353,0.46153846153846156
coverage,0.3,92,1398000,1398000,0.3011858708925184,True,337,306,0.3372093023255814,0.32,0.35294117647058826,0.46153846153846156,0.45930232558139533,0.424,0.5147058823529411,0.6538461538461539
region,0.3,92,1398000,1357090,0.29237219851897556,True,337,337,0.2616279069767442,0.244,0.3382352941176471,0.23076923076923078,0.40988372093023256,0.352,0.5735294117647058,0.5384615384615384
coverage,0.3,93,1398000,1398000,0.3011858708925184,True,337,289,0.3168604651162791,0.324,0.25,0.4230769230769231,0.47093023255813954,0.456,0.4117647058823529,0.7692307692307693
region,0.3,93,1398000,1401357,0.3019091047756273,True,337,337,0.313953488372093,0.328,0.25,0.34615384615384615,0.49709302325581395,0.472,0.5147058823529411,0.6923076923076923
coverage,0.3,94,1398000,1398000,0.3011858708925184,True,337,294,0.29069767441860467,0.284,0.3088235294117647,0.3076923076923077,0.41569767441860467,0.376,0.5,0.5769230769230769
region,0.3,94,1398000,1350612,0.290976574719518,True,337,337,0.23546511627906977,0.24,0.23529411764705882,0.19230769230769232,0.4127906976744186,0.404,0.39705882352941174,0.5384615384615384
coverage,0.3,95,1398000,1398000,0.3011858708925184,True,337,285,0.2819767441860465,0.28,0.29411764705882354,0.2692307692307692,0.436046511627907,0.416,0.4411764705882353,0.6153846153846154
region,0.3,95,1398000,1355298,0.2919861290764581,True,337,337,0.26744186046511625,0.264,0.27941176470588236,0.2692307692307692,0.45348837209302323,0.42,0.5,0.6538461538461539
coverage,0.3,96,1398000,1398000,0.3011858708925184,True,337,298,0.3691860465116279,0.372,0.35294117647058826,0.38461538461538464,0.5261627906976745,0.5,0.5441176470588235,0.7307692307692307
region,0.3,96,1398000,1381054,0.297535015550498,True,337,337,0.31976744186046513,0.32,0.2647058823529412,0.46153846153846156,0.4941860465116279,0.484,0.45588235294117646,0.6923076923076923
coverage,0.3,97,1398000,1398000,0.3011858708925184,True,337,272,0.27906976744186046,0.26,0.4117647058823529,0.11538461538461539,0.4069767441860465,0.36,0.5735294117647058,0.4230769230769231
region,0.3,97,1398000,1336449,0.28792529039229997,True,337,337,0.2703488372093023,0.256,0.36764705882352944,0.15384615384615385,0.3808139534883721,0.34,0.5147058823529411,0.4230769230769231
coverage,0.3,98,1398000,1398000,0.3011858708925184,True,337,285,0.3081395348837209,0.292,0.39705882352941174,0.23076923076923078,0.4563953488372093,0.404,0.6029411764705882,0.5769230769230769
region,0.3,98,1398000,1373299,0.2958642741851393,True,337,337,0.311046511627907,0.344,0.20588235294117646,0.2692307692307692,0.4738372093023256,0.476,0.4264705882352941,0.5769230769230769
coverage,0.3,99,1398000,1398000,0.3011858708925184,True,337,284,0.2703488372093023,0.284,0.20588235294117646,0.3076923076923077,0.4331395348837209,0.424,0.39705882352941174,0.6153846153846154
region,0.3,99,1398000,1342102,0.2891431757486343,True,337,337,0.23255813953488372,0.216,0.27941176470588236,0.2692307692307692,0.3633720930232558,0.308,0.5147058823529411,0.5
