region_id,chrom,start,end,center,peak_scale,peak_window_id,peak_score,peak_window_bp,density_anomaly,shape_anomaly,dominant_branch,rep1_peak_score,rep2_peak_score,support_small_count,support_medium_count,support_large_count,support_union_start,support_union_end,member_window_count,tie_key,union_length_bp,cumulative_union_bp,region_rank
MSREG_medium_c38e014896c5e281,MG1655,4242400,4248800,4245600.0,medium,WIN_medium_c38e014896c5e281,2.635483746814912,6400,2.635483746814912,0.009144593037708839,density,2.635483746814912,2.635483746814912,0,7,0,4240000,4251200,7,005356c061c70f7ec2e7aa364ea0d0f44008e12f0aba7b147736703a0cd997bb,6400,6400,1
MSREG_medium_d3b013c167289c94,MG1655,4239200,4245600,4242400.0,medium,WIN_medium_d3b013c167289c94,2.635483746814912,6400,2.635483746814912,0.01534894061402314,density,2.635483746814912,2.635483746814912,0,4,0,4236800,4245600,4,02f71f393d9250f17c62a8134c4e043fba09836aa94313a3ac96607759051c23,6400,9600,2
MSREG_medium_a7ac1e3841676800,MG1655,4245600,4252000,4248800.0,medium,WIN_medium_a7ac1e3841676800,2.635483746814912,6400,2.635483746814912,2.2859987446469026,mixed,2.635483746814912,2.635483746814912,0,4,0,4245600,4254400,4,0edeab0f114e795682225129021eff296289ae751ce8fb418aeeb7b8984e4d5e,6400,12800,3
MSREG_medium_cf749598d9f7d0f3,MG1655,2397600,2404000,2400800.0,medium,WIN_medium_cf749598d9f7d0f3,2.635483746814912,6400,2.635483746814912,0.07978863254014595,density,2.635483746814912,2.635483746814912,0,7,0,2395200,2406400,7,14b02f9f40a2ef2209a5fc74bd4f32d248640c35c34107983e236b973b3bd619,6400,19200,4
MSREG_medium_124735ae82236b54,MG1655,1299200,1305600,1302400.0,medium,WIN_medium_124735ae82236b54,2.635483746814912,6400,2.635483746814912,0.15686213314609343,density,2.635483746814912,2.635483746814912,0,7,0,1296800,1308000,7,16d9d212609e9a69e012ecabf45361346bf66ae6a82da5e0e90e2a5cdc2f1f68,6400,25600,5
MSREG_medium_3e9cb1eb586928f9,MG1655,1902400,1908800,1905600.0,medium,WIN_medium_3e9cb1eb586928f9,2.635483746814912,6400,2.635483746814912,0.019534968237895307,density,2.635483746814912,2.635483746814912,0,7,0,1900000,1911200,7,17162496400afec226925f58f3c6398654326797565e2485f73dd8bfaf0bb31a,6400,32000,6
MSREG_medium_a381af18fb5bdce3,MG1655,4463200,4469600,4466400.0,medium,WIN_medium_a381af18fb5bdce3,2.635483746814912,6400,2.635483746814912,0.01482757844051574,density,2.635483746814912,2.635483746814912,0,7,0,4460800,4472000,7,197d18f2260a3c4ae6877d770d874a66f3c328ab768f66c8e3c49af164684a34,6400,38400,7
MSREG_medium_2889d74d4101da5d,MG1655,3440800,3447200,3444000.0,medium,WIN_medium_2889d74d4101da5d,2.635483746814912,6400,2.635483746814912,0.1581213513253806,density,2.635483746814912,2.635483746814912,0,7,0,3438400,3449600,7,20e00aa4a3bd80f8c2fc290ec7241a3d5b8e71e77e267414e83389ecad84b444,6400,44800,8
MSREG_medium_bdf806666aa484bd,MG1655,3884000,3890400,3887200.0,medium,WIN_medium_bdf806666aa484bd,2.635483746814912,6400,2.635483746814912,0.018488473484973428,density,2.635483746814912,2.635483746814912,0,7,0,3881600,3892800,7,24b90217bea193412c6a1ddd862b5685bf8030ef2dc2357f2586d69b387e43f8,6400,51200,9
MSREG_medium_5b7e6592868e4910,MG1655,4176800,4183200,4180000.0,medium,WIN_medium_5b7e6592868e4910,2.635483746814912,6400,2.635483746814912,0.048395673318793665,density,2.635483746814912,2.635483746814912,0,7,0,4174400,4185600,7,277bed2fcd7497a24765cdf0ff85908dd78fe09f93e383171f04fb9c303a94b5,6400,57600,10
MSREG_medium_2ff2753397b3afdb,MG1655,4459200,4465600,4462400.0,medium,WIN_medium_2ff2753397b3afdb,2.635483746814912,6400,2.635483746814912,0.01482757844051574,density,2.635483746814912,2.635483746814912,0,5,0,4456800,4466400,5,28c23492c1c66ec651920a3a009b357d9c581f5446dad1c094b053858a5841f8,6400,61600,11
MSREG_medium_f23e3d3798995b5a,MG1655,3552000,3558400,3555200.0,medium,WIN_medium_f23e3d3798995b5a,2.635483746814912,6400,2.635483746814912,0.01955406532436242,density,2.635483746814912,2.635483746814912,0,7,0,3549600,3560800,7,2a8ee6225112dd10924a933a648a305b5417a17c5695ace352e4673800af32c6,6400,68000,12
MSREG_medium_e425b8f74a27fd9c,MG1655,3045600,3052000,3048800.0,medium,WIN_medium_e425b8f74a27fd9c,2.635483746814912,6400,2.635483746814912,0.0846480077459216,density,2.635483746814912,2.635483746814912,0,7,0,3043200,3054400,7,2bbf971b3e8ba0a6e051101632b48d12ea2a35e8032e29d82475c99b60475763,6400,74400,13
MSREG_medium_8702f0242380c1fc,MG1655,3444800,3451200,3448000.0,medium,WIN_medium_8702f0242380c1fc,2.635483746814912,6400,2.635483746814912,0.03398363078160123,density,2.635483746814912,2.635483746814912,0,5,0,3444000,3453600,5,2d5e8c858ccc821e76b8b3fb9a30fe41b4b39429964c7dcb6c54a947f1963caf,6400,78400,14
MSREG_medium_f3cbd8bf4f493f45,MG1655,2389600,2396000,2392800.0,medium,WIN_medium_f3cbd8bf4f493f45,2.635483746814912,6400,2.635483746814912,0.08648048478912429,density,2.635483746814912,2.635483746814912,0,7,0,2387200,2398400,7,30ce8827ac6a84d98df5d34fd981b671c1d2e4cf1273b769ecb320ecb9409e3d,6400,84800,15
MSREG_medium_35f1ac7685cab469,MG1655,1302400,1308800,1305600.0,medium,WIN_medium_35f1ac7685cab469,2.635483746814912,6400,2.635483746814912,0.01691303314549438,density,2.635483746814912,2.635483746814912,0,4,0,1302400,1311200,4,310127d9e7086ab104bcdda5e9d6f37b753b4241ed0c624c88b119a1bfe65929,6400,88000,16
MSREG_medium_cfc1bb2f528911f2,MG1655,3262400,3268800,3265600.0,medium,WIN_medium_cfc1bb2f528911f2,2.635483746814912,6400,2.635483746814912,0.05301600168624998,density,2.635483746814912,2.635483746814912,0,7,0,3260000,3271200,7,38258b6dc9d0ca6d2c4a17b3ee28d51a6f206f65efe7da1750102684baf76fa7,6400,94400,17
MSREG_medium_07764d7fc8c626b8,MG1655,3548800,3555200,3552000.0,medium,WIN_medium_07764d7fc8c626b8,2.635483746814912,6400,2.635483746814912,0.059156147406266936,density,2.635483746814912,2.635483746814912,0,4,0,3546400,3555200,4,3da2a1621103cd5cdb66e4379c1ff744d2d54bbd42f55cbb77a0f5fdf1c91562,6400,97600,18
MSREG_medium_a69d6ae29e08d0a4,MG1655,3889600,3896000,3892800.0,medium,WIN_medium_a69d6ae29e08d0a4,2.635483746814912,6400,2.635483746814912,0.03724090047059841,density,2.635483746814912,2.635483746814912,0,7,0,3887200,3898400,7,41bc6a952e81278e04b8d6ac354f7ef90c9e0f22c7a5d2999f744988b2c8d93c,6400,103200,19
MSREG_medium_203ea93941ed77bf,MG1655,3273600,3280000,3276800.0,medium,WIN_medium_203ea93941ed77bf,2.635483746814912,6400,2.635483746814912,0.01851508132809352,density,2.635483746814912,2.635483746814912,0,7,0,3271200,3282400,7,42a838b22b181f0dcab230c0e54978d2452102c6fb7cd204c4e2fe9058d986b6,6400,109600,20
MSREG_medium_26c87f25c6958119,MG1655,771200,777600,774400.0,medium,WIN_medium_26c87f25c6958119,2.635483746814912,6400,2.635483746814912,0.01586905401466197,density,2.635483746814912,2.635483746814912,0,7,0,768800,780000,7,468a698aaaa68a5c733863607feb2b0ebf8b0110a5cbc4ab7a3f4c0178b67b6e,6400,116000,21
MSREG_medium_192a2d17b7051209,MG1655,4367200,4373600,4370400.0,medium,WIN_medium_192a2d17b7051209,2.635483746814912,6400,2.635483746814912,0.01639041618816937,density,2.635483746814912,2.635483746814912,0,7,0,4364800,4376000,7,4b30168b20e0285e839a588e26f960a3811565d42e0f918134a4fac244fc34a0,6400,122400,22
MSREG_medium_7539ba3497aff8f5,MG1655,104000,110400,107200.0,medium,WIN_medium_7539ba3497aff8f5,2.635483746814912,6400,2.635483746814912,0.033435970362799834,density,2.635483746814912,2.635483746814912,0,7,0,101600,112800,7,4c9c783f0dc07b2a01bfc2bed2f4c4f6d3c18e8094cd54008c5f8a31bb78bdfb,6400,128800,23
MSREG_medium_785901592e13316b,MG1655,2392800,2399200,2396000.0,medium,WIN_medium_785901592e13316b,2.635483746814912,6400,2.635483746814912,0.07210643239273483,density,2.635483746814912,2.635483746814912,0,3,0,2392800,2400800,3,5c5bc963501aa699290836638935951a75c42ac8d3237f9745d626ef793747f7,6400,130400,24
MSREG_medium_21f57a74ebc6c2b3,MG1655,2402400,2408800,2405600.0,medium,WIN_medium_21f57a74ebc6c2b3,2.635483746814912,6400,2.635483746814912,0.017436910941091247,density,2.635483746814912,2.635483746814912,0,6,0,2400800,2411200,6,5d27068bfec82c3e83e789c06fe31b6fbaf2769f14aa6690ab0bc4e30b46e8a2,6400,135200,25
MSREG_medium_7d86971d008e2a5d,MG1655,3916800,3923200,3920000.0,medium,WIN_medium_7d86971d008e2a5d,2.635483746814912,6400,2.635483746814912,0.07558371363384578,density,2.635483746814912,2.635483746814912,0,7,0,3914400,3925600,7,5d42ccdcc3b4bb6c8464b35af5f8ca2956099ad8f59bac8b331e9f47787c80e9,6400,141600,26
MSREG_medium_9c52a749e1b87721,MG1655,4361600,4368000,4364800.0,medium,WIN_medium_9c52a749e1b87721,2.635483746814912,6400,2.635483746814912,0.012752090132814201,density,2.635483746814912,2.635483746814912,0,7,0,4359200,4370400,7,605207e1369bf0f4d27159f909cae1108736c2a2c5f6fa5e1edf79d29c577ac1,6400,147200,27
MSREG_medium_b0b33521d7e4b4e4,MG1655,318400,324800,321600.0,medium,WIN_medium_b0b33521d7e4b4e4,2.635483746814912,6400,2.635483746814912,0.021643210438477042,density,2.635483746814912,2.635483746814912,0,7,0,316000,327200,7,6c5e7e2caebe9839d68f548c11554eb06017579955f8ae71e8763d811abf6d45,6400,153600,28
MSREG_medium_ff5e1cf7333bf736,MG1655,123200,129600,126400.0,medium,WIN_medium_ff5e1cf7333bf736,2.635483746814912,6400,2.635483746814912,0.10658415380024064,density,2.635483746814912,2.635483746814912,0,7,0,120800,132000,7,7445eae4d8d58f7bd3e1365bbc7c64fdd678c46b9775b217d2260a2c8b87eff2,6400,160000,29
MSREG_medium_ee6857274915d307,MG1655,2528800,2535200,2532000.0,medium,WIN_medium_ee6857274915d307,2.635483746814912,6400,2.635483746814912,0.02058653078177749,density,2.635483746814912,2.635483746814912,0,7,0,2526400,2537600,7,7647e41dffc16aaa50e7d08bcf57f6efe822c3b35cc8d52119167e384bca722d,6400,166400,30
MSREG_medium_ee2a837fe1ac2ca6,MG1655,4400000,4406400,4403200.0,medium,WIN_medium_ee2a837fe1ac2ca6,2.635483746814912,6400,2.635483746814912,0.07438400206861848,density,2.635483746814912,2.635483746814912,0,7,0,4397600,4408800,7,7a1e7172276c9c01664154e723848f54e9bb16656ed1407b8b9792b523b06ad2,6400,172800,31
MSREG_medium_42c9003e12348871,MG1655,1296000,1302400,1299200.0,medium,WIN_medium_42c9003e12348871,2.635483746814912,6400,2.635483746814912,0.011720509850927499,density,2.635483746814912,2.635483746814912,0,4,0,1293600,1302400,4,7c27250f73028932c5db509f0f254b22221c2f6cb4e87048a8efe6fbc64b8618,6400,176000,32
MSREG_medium_478d0dd763f34ff2,MG1655,3268000,3274400,3271200.0,medium,WIN_medium_478d0dd763f34ff2,2.635483746814912,6400,2.635483746814912,0.013788594444246838,density,2.635483746814912,2.635483746814912,0,7,0,3265600,3276800,7,7caf31eb0a1e8403c091cd83f9f1ee21b1e890df959cc5f3fa77570e5925f3dc,6400,180800,33
MSREG_medium_ffbf8acacea368be,MG1655,3050400,3056800,3053600.0,medium,WIN_medium_ffbf8acacea368be,2.635483746814912,6400,2.635483746814912,0.03999312034192731,density,2.635483746814912,2.635483746814912,0,6,0,3048800,3059200,6,883120fed4f30747c8f0c29e925232250a113dd6c11dedf77b80a760372f960b,6400,185600,34
MSREG_medium_d55cb14dd5a8c4e3,MG1655,768000,774400,771200.0,medium,WIN_medium_d55cb14dd5a8c4e3,2.635483746814912,6400,2.635483746814912,0.012752090132814201,density,2.635483746814912,2.635483746814912,0,4,0,765600,774400,4,b6bb057e1ef0b2f778927b0e7fc581a15e0f196464e8162d7b9046f6c2896458,6400,188800,35
MSREG_medium_cdc5b3188b25ea75,MG1655,3545600,3552000,3548800.0,medium,WIN_medium_cdc5b3188b25ea75,2.635483746814912,6400,2.635483746814912,0.01639041618816937,density,2.635483746814912,2.635483746814912,0,4,0,3543200,3552000,4,bf7e6aed31cd195f4d013ebc341582bfadf3a7dae03f1a2658ac64969ae5f6e4,6400,192000,36
MSREG_medium_2fa5c517b11a5f97,MG1655,3437600,3444000,3440800.0,medium,WIN_medium_2fa5c517b11a5f97,2.635483746814912,6400,2.635483746814912,0.011202876135124933,density,2.635483746814912,2.635483746814912,0,4,0,3435200,3444000,4,c62477aec23979036841c782b00f5086238cd7d86061aab15c9d6bb6be1c05ae,6400,195200,37
MSREG_medium_d0ca04a9f7988351,MG1655,3321600,3328000,3324800.0,medium,WIN_medium_d0ca04a9f7988351,2.3969231194550806,6400,2.3969231194550806,0.06671491358862733,density,2.635483746814912,2.1583624920952498,0,7,0,3319200,3330400,7,ebf8e707e367be657bd5e4193fec931ae67798852695b36ab4523c51929b4f81,6400,201600,38
MSREG_medium_7a7e2500d2d731a8,MG1655,3345600,3352000,3348800.0,medium,WIN_medium_7a7e2500d2d731a8,2.2464081216230904,6400,2.2464081216230904,0.10082363376545933,density,2.1583624920952498,2.334453751150931,0,7,0,3343200,3354400,7,71f7d900a5840f5487f26bbd77b6f926426dde20e7dbe7679266893bef0db9d0,6400,208000,39
MSREG_medium_c3d87d213c0b59cf,MG1655,2532000,2538400,2535200.0,medium,WIN_medium_c3d87d213c0b59cf,2.1839387533189405,6400,2.1839387533189405,0.017959527898416257,density,2.334453751150931,2.03342375548695,0,4,0,2532000,2540800,4,01179736c91d19494f8317e791ae70948fde7d5aa396f067a5ec8b9ffe5db349,6400,211200,40
MSREG_medium_72462bc6e6a505eb,MG1655,732800,739200,736000.0,medium,WIN_medium_72462bc6e6a505eb,2.1839387533189405,6400,0.03411701779219049,2.1839387533189405,shape,2.03342375548695,2.334453751150931,0,7,0,730400,741600,7,f035c00d3095dd7f3d43c2abe0b1d7b95f965d42cbee5d0d3f01aa37a15d08f5,6400,217600,41
MSREG_medium_e7dd907b61d7adb4,MG1655,1899200,1905600,1902400.0,medium,WIN_medium_e7dd907b61d7adb4,2.1583624920952493,6400,2.1583624920952493,0.01639167097198698,density,2.635483746814912,1.6812412373755872,0,4,0,1896800,1905600,4,9491aa24ab9552d004a014324ba21fdbfd5011f84e42586a4d28b8bc240f4145,6400,220800,42
MSREG_medium_06c88f36f2251a5e,MG1655,2916800,2923200,2920000.0,medium,WIN_medium_06c88f36f2251a5e,2.135483746814912,6400,2.135483746814912,0.04478492892607497,density,1.6354837468149122,2.635483746814912,0,7,0,2914400,2925600,7,3a8598f024e6cea889dc00f536493c07881b0bdb68677f036fd84589a5a0c35b,6400,227200,43
MSREG_medium_2074db0063e642ec,MG1655,606400,612800,609600.0,medium,WIN_medium_2074db0063e642ec,2.0958931237911,6400,0.009657337646554,2.0958931237911,shape,2.1583624920952498,2.03342375548695,0,7,0,604000,615200,7,cc3696dabdd8e3b41596c9af1cb883ed9790d52a12f2d9228eeae452901ae3ae,6400,233600,44
MSREG_medium_9aff8ac75887e5f1,MG1655,120000,126400,123200.0,medium,WIN_medium_9aff8ac75887e5f1,2.0474381172870713,6400,2.0474381172870713,0.0646021316770181,density,2.635483746814912,1.4593924877592308,0,4,0,117600,126400,4,7ace4f3a8b3988163897f212bd417978cf5c7d9217716647dbf778f89cd91b5b,6400,236800,45
MSREG_medium_69f8ce840bdff13b,MG1655,1093600,1100000,1096800.0,medium,WIN_medium_69f8ce840bdff13b,2.03342375548695,6400,0.023245704198114545,2.03342375548695,shape,2.03342375548695,2.03342375548695,0,7,0,1091200,1102400,7,2f4e7cfa163b3c9a2df82d6fca10d1b565f726e1b7768fe63b4b428558f40c0b,6400,243200,46
MSREG_medium_841f8e0b6b388d25,MG1655,1120000,1126400,1123200.0,medium,WIN_medium_841f8e0b6b388d25,2.03342375548695,6400,0.24366771663338965,2.03342375548695,shape,2.03342375548695,2.03342375548695,0,7,0,1117600,1128800,7,60049102c47e8366aca291b5d8c506696f0faf9e9044034233a99f3c196da3a0,6400,249600,47
MSREG_medium_346387be2b099558,MG1655,3637600,3644000,3640800.0,medium,WIN_medium_346387be2b099558,2.007847494263259,6400,2.007847494263259,0.038921447637681295,density,2.1583624920952498,1.8573324964312685,0,7,0,3635200,3646400,7,3a545a566760f4c474ceb231c4660ed17f6dcec657c8a0ee73f97cfcdfeda702,6400,256000,48
MSREG_medium_4c05b52b2a077f7d,MG1655,1572000,1578400,1575200.0,medium,WIN_medium_4c05b52b2a077f7d,2.007847494263259,6400,0.01691303314549438,2.007847494263259,shape,1.8573324964312685,2.1583624920952498,0,7,0,1569600,1580800,7,bb2f95ca903ce72f7ccfe0a2470b47c39325acc42b4896fd11df0e301fc6c0df,6400,262400,49
MSREG_medium_edaf651bfe63d055,MG1655,1350400,1356800,1353600.0,medium,WIN_medium_edaf651bfe63d055,1.9849687489829217,6400,0.38202838403915307,1.9849687489829217,shape,1.9365137424788934,2.03342375548695,0,7,0,1348000,1359200,7,25beb78a40506336ba90cfc353436b867d7b8157f337e999cd0e9ce65c97e391,6400,268800,50
MSREG_medium_e7685de3517b28c9,MG1655,1146400,1152800,1149600.0,medium,WIN_medium_e7685de3517b28c9,1.9453781259591092,6400,1.9453781259591092,0.04443198911774304,density,2.03342375548695,1.8573324964312685,0,7,0,1144000,1155200,7,abf6d41c4150a2d9d3bb324ad439f3b8d53742c0c1f253a7565c56a97d19d2d5,6400,275200,51
MSREG_medium_1fadde2661eb2d73,MG1655,3565600,3572000,3568800.0,medium,WIN_medium_1fadde2661eb2d73,1.9119047311438027,6400,0.7966346560776568,1.9119047311438027,shape,2.03342375548695,1.7903857068006552,0,7,0,3563200,3574400,7,6200dec1b97868c68f06b5ee799dd04058e820361e5136bc68c773fa4c3f245b,6400,281600,52
MSREG_medium_c5adeba78ba6bb6d,MG1655,3307200,3313600,3310400.0,medium,WIN_medium_c5adeba78ba6bb6d,1.9119047311438027,6400,1.9119047311438027,0.032344775900983246,density,1.7903857068006552,2.03342375548695,0,7,0,3304800,3316000,7,fb314e0de0f13d709e4d84b0c7fbc2288f6dd99c0d9e921da17bc78af2e08224,6400,288000,53
MSREG_medium_7aca2e6a5390ce93,MG1655,2545600,2552000,2548800.0,medium,WIN_medium_7aca2e6a5390ce93,1.896923119455081,6400,0.3432785541061719,1.896923119455081,shape,1.8573324964312685,1.9365137424788934,0,7,0,2543200,2554400,7,9169e6a716c265b0bfe9b0ac3503c9c248dd568fc79e3728cb3419cf7448b65f,6400,294400,54
MSREG_medium_d58b8b3e450a97bd,MG1655,1292800,1299200,1296000.0,medium,WIN_medium_d58b8b3e450a97bd,1.8634497246397743,6400,1.8634497246397743,0.02699064956678636,density,1.9365137424788934,1.7903857068006552,0,4,0,1290400,1299200,4,71a2b51ae024c55febeb8219b2496f5a9e87eb4dad89121aac2591f768a7a6f8,6400,297600,55
MSREG_medium_cab20ce494f934ae,MG1655,1134400,1140800,1137600.0,medium,WIN_medium_cab20ce494f934ae,1.8634497246397743,6400,0.5968361398488667,1.8634497246397743,shape,1.9365137424788934,1.7903857068006552,0,7,0,1132000,1143200,7,e2ee9509856b3fa75d2e2eafd119a831484627fd85cf4c67e3cbaef6faf39d4f,6400,304000,56
MSREG_medium_df0e1cc36a1cc71d,MG1655,1616000,1622400,1619200.0,medium,WIN_medium_df0e1cc36a1cc71d,1.8344537511509311,6400,0.05870435496869755,1.8344537511509311,shape,1.9365137424788934,1.7323937598229686,0,7,0,1613600,1624800,7,63243dde4c7b17978068d10f0e48b793334c7999f403d4a11320d723c4214673,6400,310400,57
MSREG_medium_9697c241a6fe2234,MG1655,328000,334400,331200.0,medium,WIN_medium_9697c241a6fe2234,1.8344537511509311,6400,0.04553988560752299,1.8344537511509311,shape,1.9365137424788934,1.7323937598229686,0,7,0,325600,336800,7,833ace5db48a89c0b32dfc2715733f2d5f5ef970123a7aeda79731e32d56d824,6400,316800,58
MSREG_medium_bec60358e594d0c7,MG1655,1239200,1245600,1242400.0,medium,WIN_medium_bec60358e594d0c7,1.8344537511509311,6400,0.37072365611207037,1.8344537511509311,shape,1.9365137424788934,1.7323937598229686,0,7,0,1236800,1248000,7,c2ce6baa3197bca69189f5b42be1df3abea8dd65cd520d8f85250cc923984fe3,6400,323200,59
MSREG_medium_393d45e5dd045776,MG1655,447200,453600,450400.0,medium,WIN_medium_393d45e5dd045776,1.823859101615962,6400,0.503784081147911,1.823859101615962,shape,1.8573324964312685,1.7903857068006552,0,7,0,444800,456000,7,6a014ea0f625b4d121b2115e16ebec17b7bc256028285879a7a29706e411affe,6400,329600,60
MSREG_medium_844e0f6d294690c8,MG1655,1939200,1945600,1942400.0,medium,WIN_medium_844e0f6d294690c8,1.8088774899272404,6400,0.5198764228336116,1.8088774899272404,shape,1.9365137424788934,1.6812412373755872,0,7,0,1936800,1948000,7,cd374a25c8fcd441ca567a9a25a6ff9c0a8b7e269f045fe63d1621d13fede1a2,6400,336000,61
MSREG_medium_4170065a80065ce8,MG1655,3531200,3537600,3534400.0,medium,WIN_medium_4170065a80065ce8,1.7903857068006552,6400,1.7903857068006552,0.03125903743426623,density,1.7903857068006552,1.7903857068006552,0,7,0,3528800,3540000,7,b4c7d644ac0a99cafa1c78442fd11ca9034f2d83434386f18ffd2b037f61e9f1,6400,342400,62
MSREG_medium_251c6d59480c6fb2,MG1655,4016800,4023200,4020000.0,medium,WIN_medium_251c6d59480c6fb2,1.7903857068006552,6400,1.7903857068006552,0.07082413150714456,density,1.7903857068006552,1.7903857068006552,0,7,0,4014400,4025600,7,d2882de50d6192e524e71f1162f008d21f77e2d3b1ed7de96c7931cf07aba359,6400,348800,63
MSREG_medium_ba53b2068049074c,MG1655,2237600,2244000,2240800.0,medium,WIN_medium_ba53b2068049074c,1.7859987446469028,6400,0.3099659495543775,1.7859987446469028,shape,1.9365137424788934,1.6354837468149122,0,7,0,2235200,2246400,7,bfe70e775b66b759981f15964c2e5b2fe2591681d3749c22803a44d3cc0869e2,6400,355200,64
MSREG_medium_4203e6e1784331a9,MG1655,2876800,2883200,2880000.0,medium,WIN_medium_4203e6e1784331a9,1.7692868669034278,6400,0.03834593559035483,1.7692868669034278,shape,1.8573324964312685,1.6812412373755872,0,7,0,2874400,2885600,7,37529c212e23bfc9c99ed5a6111ea6b0c8b42891cfc8925442228911482da79a,6400,361600,65
MSREG_medium_aad1fc1e5f65ee1c,MG1655,999200,1005600,1002400.0,medium,WIN_medium_aad1fc1e5f65ee1c,1.7464081216230904,6400,0.051801445653148176,1.7464081216230904,shape,1.8573324964312685,1.6354837468149122,0,7,0,996800,1008000,7,a107e80e558b84c0fd5f49fd0a6d19fe362a67decd54512973a1a7c6eac51a96,6400,368000,66
MSREG_medium_ff6adfd6a59e1d90,MG1655,1796800,1803200,1800000.0,medium,WIN_medium_ff6adfd6a59e1d90,1.7257117790439778,6400,1.7257117790439778,0.028028723600243537,density,1.8573324964312685,1.594091061656687,0,7,0,1794400,1805600,7,7ab05320d47ebfe86f69651d3800e308bcedd0111c581555e18c75e2982b111e,6400,374400,67
MSREG_medium_b9fae5b00d9c1f52,MG1655,1500000,1506400,1503200.0,medium,WIN_medium_b9fae5b00d9c1f52,1.7129347268077837,6400,0.2824236919635603,1.7129347268077837,shape,1.6354837468149122,1.7903857068006552,0,7,0,1497600,1508800,7,ea6a0d8e31e6f03a700147fd7f8c8249973348f2ac32b0b1ef5e1fcb75a9cd27,6400,380800,68
MSREG_medium_382e19641d0e5691,MG1655,1258400,1264800,1261600.0,medium,WIN_medium_382e19641d0e5691,1.6922383842286712,6400,1.6922383842286712,0.033994516446379484,density,1.7903857068006552,1.594091061656687,0,7,0,1256000,1267200,7,a6252ffbb257f910163fedea4185ede28132e4945cb166a1ab30d863fbc5c24c,6400,387200,69
MSREG_medium_b1c6ba4fc68e30ab,MG1655,662400,668800,665600.0,medium,WIN_medium_b1c6ba4fc68e30ab,1.689436445469672,6400,0.23845593267531356,1.689436445469672,shape,1.8573324964312685,1.5215403945080754,0,7,0,660000,671200,7,47056c409dfb9a4d15a2a47f1865bff84945258a01cc59349f79ddf7470e9a75,6400,393600,70
MSREG_medium_4f41e5dd267bff8e,MG1655,4248800,4255200,4252000.0,medium,WIN_medium_4f41e5dd267bff8e,1.689436445469672,6400,1.689436445469672,0.07023645255317723,density,1.8573324964312685,1.5215403945080754,0,4,0,4248800,4257600,4,887d19cfcbe373abd157efc3aa7c8603de2a43f6c3e5cadcb30c9711212ae051,6400,396800,71
MSREG_medium_3cafa9f0fd701f7e,MG1655,964000,970400,967200.0,medium,WIN_medium_3cafa9f0fd701f7e,1.6839387533189405,6400,0.27382159853614024,1.6839387533189405,shape,1.7323937598229686,1.6354837468149122,0,7,0,961600,972800,7,3cd5b5f1666f909147fcbd03fe8d072c210f15b996ed4994c95412365950ac0b,6400,403200,72
MSREG_medium_3fe5e382d6771e37,MG1655,172000,178400,175200.0,medium,WIN_medium_3fe5e382d6771e37,1.6839387533189405,6400,0.3457291374597603,1.6839387533189405,shape,1.6354837468149122,1.7323937598229686,0,7,0,169600,180800,7,6315418fe393b7b12df203764779218c8d60aa9bbed01f69d4d20f76034140c9,6400,409600,73
MSREG_medium_fb8a7debccdd768d,MG1655,901600,908000,904800.0,medium,WIN_medium_fb8a7debccdd768d,1.6839387533189405,6400,0.3636669805267831,1.6839387533189405,shape,1.9365137424788934,1.4313637641589874,0,7,0,899200,910400,7,75c66d0855db48ccfb6ba282e754393d843e4b9bae8516958e63e13aed709b01,6400,416000,74
MSREG_medium_935ecc5549da3f55,MG1655,3974400,3980800,3977600.0,medium,WIN_medium_935ecc5549da3f55,1.6839387533189405,6400,0.4626498789972354,1.6839387533189405,shape,1.6354837468149122,1.7323937598229686,0,7,0,3972000,3983200,7,d54e19d49f4deb00491f1ab1dc9177261e285d1bfc80a7742c156f26d5a989c1,6400,422400,75
MSREG_medium_dccd945db0278097,MG1655,970400,976800,973600.0,medium,WIN_medium_dccd945db0278097,1.6733441037839714,6400,0.5132709607284442,1.6733441037839714,shape,1.8573324964312685,1.4893557111366742,0,7,0,968000,979200,7,bd9238cab54348acf69660a4e2290dfd9ac9838eb718d8dabc52f66aba7e357f,6400,428800,76
MSREG_medium_6de0b8c9a6adb892,MG1655,3964000,3970400,3967200.0,medium,WIN_medium_6de0b8c9a6adb892,1.6632424107398278,6400,1.6632424107398278,0.09333505578063295,density,1.7323937598229686,1.594091061656687,0,7,0,3961600,3972800,7,22bccbf2fa8aefab6697bf57913ddcdb026bfc9b5a97c1518b446cd76b5f73f5,6400,435200,77
MSREG_medium_f21a545d21ec35ac,MG1655,3348800,3355200,3352000.0,medium,WIN_medium_f21a545d21ec35ac,1.6632424107398278,6400,1.6632424107398278,0.05456475484656456,density,1.7323937598229686,1.594091061656687,0,4,0,3348800,3357600,4,f170cebfd0990db5ee1d285136e3fdbd62e93832e608717bce43327494310d95,6400,438400,78
MSREG_medium_cf8170b576964955,MG1655,1131200,1137600,1134400.0,medium,WIN_medium_cf8170b576964955,1.626967077165522,6400,0.7275289213715248,1.626967077165522,shape,2.03342375548695,1.2205103988440942,0,4,0,1128800,1137600,4,ae7abc923667036b2dbf5734301414ce0faf288e266dffc0bb6712dba9b32982,6400,441600,79
MSREG_medium_eb1b291222424c55,MG1655,100800,107200,104000.0,medium,WIN_medium_eb1b291222424c55,1.6147874042357997,6400,1.6147874042357997,0.0714134052499159,density,1.6354837468149122,1.594091061656687,0,4,0,98400,107200,4,a8ccf806fc0acaf48c6a92ec844d69c910ff7535651d1ab62654391cac4ddd4b,6400,444800,80
MSREG_medium_2c4ffdfddefdeff5,MG1655,87200,93600,90400.0,medium,WIN_medium_2c4ffdfddefdeff5,1.594091061656687,6400,1.594091061656687,0.07922313805912767,density,1.594091061656687,1.594091061656687,0,7,0,84800,96000,7,318497ce4e739aab2bb9148674e1f1e1c70060d6af6a6cd84b6c4bb76bbd04b6,6400,451200,81
MSREG_medium_0b84723b36979b73,MG1655,3068000,3074400,3071200.0,medium,WIN_medium_0b84723b36979b73,1.594091061656687,6400,1.594091061656687,0.025359076022644134,density,1.594091061656687,1.594091061656687,0,7,0,3065600,3076800,7,49fa9033d33611cf7940fee13eab641ef04100616c2fb36a38dfd34c9f063ef2,6400,457600,82
MSREG_medium_1988a166094961f6,MG1655,3735200,3741600,3738400.0,medium,WIN_medium_1988a166094961f6,1.594091061656687,6400,1.594091061656687,0.036694617815312025,density,1.594091061656687,1.594091061656687,0,7,0,3732800,3744000,7,8835311994d4d753623aa81972d28b7ac01b1f428c0512d1ec1826d49721afa2,6400,464000,83
MSREG_medium_b5efa191ac1a104c,MG1655,3913600,3920000,3916800.0,medium,WIN_medium_b5efa191ac1a104c,1.594091061656687,6400,1.594091061656687,0.1285345104494752,density,1.594091061656687,1.594091061656687,0,4,0,3911200,3920000,4,8b5c7e7a695676174502207bef946b99a458b5054e7a7667159dfd35fe433141,6400,467200,84
MSREG_medium_c7e803997122451b,MG1655,3985600,3992000,3988800.0,medium,WIN_medium_c7e803997122451b,1.594091061656687,6400,1.594091061656687,0.084040602480081,density,1.594091061656687,1.594091061656687,0,7,0,3983200,3994400,7,9bbc4de43f4d23ecaf5581c0cab0db0e5763ab12fb50873cf30a4434814d3b4c,6400,473600,85
MSREG_medium_c6af0b58ee351b0f,MG1655,3041600,3048000,3044800.0,medium,WIN_medium_c6af0b58ee351b0f,1.594091061656687,6400,1.594091061656687,0.05514745952825026,density,1.594091061656687,1.594091061656687,0,5,0,3039200,3048800,5,a52d318fb9696de8d53084fb3ccf9e625d69499966d660d81d83be9411290927,6400,477600,86
MSREG_medium_a6baeab96e16b0aa,MG1655,2272800,2279200,2276000.0,medium,WIN_medium_a6baeab96e16b0aa,1.581878761990978,6400,0.36599591067830395,1.581878761990978,shape,1.4313637641589874,1.7323937598229686,0,7,0,2270400,2281600,7,45f644a5cb75c0424441a3ccf61afef163d54b1571ef138e8d3c0d8317091eaf,6400,484000,87
MSREG_medium_b5b389e373488f5a,MG1655,321600,328000,324800.0,medium,WIN_medium_b5b389e373488f5a,1.5751967812119871,6400,1.5751967812119871,0.023761736910104376,density,1.594091061656687,1.5563025007672873,0,4,0,321600,330400,4,0bfaceffec48539654d818bee25f5b55dbc0eadc7ee1d89b15ec9a27424e3a24,6400,487200,88
MSREG_medium_d453927c66173bcd,MG1655,4020800,4027200,4024000.0,medium,WIN_medium_d453927c66173bcd,1.5751967812119871,6400,1.5751967812119871,0.07558371363384578,density,1.594091061656687,1.5563025007672873,0,5,0,4020000,4029600,5,0e4eb2585460ab0c25df0b346c818bb0db844bd4a113648493c6ae73f541eb08,6400,491200,89
MSREG_medium_8c717a1cbfea252d,MG1655,1968800,1975200,1972000.0,medium,WIN_medium_8c717a1cbfea252d,1.565544203614294,6400,0.3607246361941999,1.565544203614294,shape,1.8573324964312685,1.2737559107973193,0,7,0,1966400,1977600,7,96f19da493fc8eeaf449fb292eb52b51311d472bdcbb6e60dcb3cf50faab6064,6400,497600,90
MSREG_medium_0ff0b914a1d639fd,MG1655,837600,844000,840800.0,medium,WIN_medium_0ff0b914a1d639fd,1.565544203614294,6400,0.049477264696203865,1.565544203614294,shape,1.2737559107973193,1.8573324964312685,0,7,0,835200,846400,7,a3a605366677433d514c5d307f28353842433cf53add61aa6f4a329b6705b27c,6400,504000,91
MSREG_medium_3b5e9ff1468bb499,MG1655,1509600,1516000,1512800.0,medium,WIN_medium_3b5e9ff1468bb499,1.5624197289757933,6400,0.14483726206709746,1.5624197289757933,shape,1.9365137424788934,1.188325715472693,0,7,0,1507200,1518400,7,86e0053f6ebb07c3a641d9baf943c1b4abb910e6ec0c559532d4aab1caf21060,6400,510400,92
MSREG_medium_2bc5233a2d51cfef,MG1655,3432800,3439200,3436000.0,medium,WIN_medium_2bc5233a2d51cfef,1.562419728975793,6400,0.576715530459743,1.562419728975793,shape,1.7903857068006552,1.334453751150931,0,6,0,3430400,3440800,6,1930b49e7047d8f721b10827803ae25581b8a2c03245f31e04f27506e0f57eaf,6400,515200,93
MSREG_medium_80bc6eeca7944937,MG1655,195200,201600,198400.0,medium,WIN_medium_80bc6eeca7944937,1.5578157280823812,6400,1.5578157280823812,0.09017663034908802,density,1.594091061656687,1.5215403945080754,0,7,0,192800,204000,7,666010b244f86416f968d732ee5e7fd70bcc9f9076411b7ad835971c403f0088,6400,521600,94
MSREG_medium_8fcfed202c9af385,MG1655,1153600,1160000,1156800.0,medium,WIN_medium_8fcfed202c9af385,1.5578157280823812,6400,1.5578157280823812,0.026423525413705025,density,1.594091061656687,1.5215403945080754,0,7,0,1151200,1162400,7,6dbf443726210fcf5ffbb243216f307e739f7435a4777809e6a477f822ef7e20,6400,528000,95
MSREG_medium_71b22c4826dea7ea,MG1655,4180000,4186400,4183200.0,medium,WIN_medium_71b22c4826dea7ea,1.5578157280823812,6400,1.5578157280823812,0.06904665439862309,density,1.594091061656687,1.5215403945080754,0,4,0,4180000,4188800,4,87f819d27bbf5b8f9a2f662240730bb39771c10a3f912fc9cd110e8b0ed1eba3,6400,531200,96
MSREG_medium_ead1ecc27fc0b6a9,MG1655,982400,988800,985600.0,medium,WIN_medium_ead1ecc27fc0b6a9,1.5578157280823812,6400,1.5578157280823812,0.06319352981032822,density,1.594091061656687,1.5215403945080754,0,7,0,980000,991200,7,ddbc725f6d509237ae062fff7a66325ebb3bc5cee9ce7d341ebfe9afa9dc02b7,6400,537600,97
MSREG_medium_62333e374a11bd5e,MG1655,3800000,3806400,3803200.0,medium,WIN_medium_62333e374a11bd5e,1.5474381172870715,6400,1.5474381172870715,0.04442056745412484,density,1.6354837468149122,1.4593924877592308,0,7,0,3797600,3808800,7,04d55a17deb22e56792372968515d5e9503405dd9f7ced5052b3362ca42e5a1a,6400,544000,98
MSREG_medium_2c89231893e5ff99,MG1655,2174400,2180800,2177600.0,medium,WIN_medium_2c89231893e5ff99,1.5417233863966806,6400,1.5417233863966806,0.02006011297014429,density,1.594091061656687,1.4893557111366742,0,7,0,2172000,2183200,7,808a8fed0c402fafd62604448b40900add9271373047bc5dc935cda8bebdbee9,6400,550400,99
MSREG_medium_cd921bd5db6d9880,MG1655,4080000,4086400,4083200.0,medium,WIN_medium_cd921bd5db6d9880,1.5417233863966806,6400,1.5417233863966806,0.119951280423863,density,1.594091061656687,1.4893557111366742,0,7,0,4077600,4088800,7,a25d18f348576ad86901e99eac3c4f662b527c4cd9af94b5cf20ec9fb8e0d8aa,6400,556800,100
MSREG_medium_ceadfd80ba307ffb,MG1655,1140800,1147200,1144000.0,medium,WIN_medium_ceadfd80ba307ffb,1.5417233863966806,6400,1.5417233863966806,0.0870947631081069,density,1.594091061656687,1.4893557111366742,0,7,0,1138400,1149600,7,ab9595d85878f1a319f0feaf5f5c86f387ed3c90cb52990cc2e8970842afc799,6400,562400,101
MSREG_medium_677b470b795b63bf,MG1655,1506400,1512800,1509600.0,medium,WIN_medium_677b470b795b63bf,1.5334237554869499,6400,0.12832850633325857,1.5334237554869499,shape,1.4313637641589874,1.6354837468149122,0,4,0,1504000,1512800,4,a64e5465c9dc5fce0026b9a3b06b6edf245e2311977e62ee5f1e996ee90cf007,6400,565600,102
MSREG_medium_61fe484ccd51f97d,MG1655,3863200,3869600,3866400.0,medium,WIN_medium_61fe484ccd51f97d,1.526741774707959,6400,1.526741774707959,0.06319352981032822,density,1.594091061656687,1.4593924877592308,0,7,0,3860800,3872000,7,efb40dee2bce495f70e6f911d0fd7205b0cf34287e4065f1d15ee974c64c1e46,6400,572000,103
MSREG_medium_41567cbcd9bfe5dc,MG1655,1612800,1619200,1616000.0,medium,WIN_medium_41567cbcd9bfe5dc,1.5228291059519807,6400,0.04331267096434489,1.5228291059519807,shape,1.3132644520809929,1.7323937598229686,0,4,0,1610400,1619200,4,6f8c9d79705de9b64892050f131442060c570676d96b8a6f3d1189ff3a2157c6,6400,575200,104
MSREG_medium_7c94235a76ce4d77,MG1655,3175200,3181600,3178400.0,medium,WIN_medium_7c94235a76ce4d77,1.5228291059519807,6400,1.5228291059519807,0.07438400206861848,density,1.4893557111366742,1.5563025007672873,0,7,0,3172800,3184000,7,e944accfa911509f5267a3aebbafb8f8fde41e74e9d97e06a5d518c5fa1a44ea,6400,581600,105
MSREG_medium_a6fb3219948d26fa,MG1655,4469600,4476000,4472800.0,medium,WIN_medium_a6fb3219948d26fa,1.520259286125775,6400,0.36182411824416905,1.520259286125775,shape,1.405034825436638,1.6354837468149122,0,7,0,4467200,4478400,7,49af56369fc50e2f46514379f422baa25937a61b06dbc05c3945955415a2eb7c,6400,588000,106
MSREG_medium_66c8536f9b2a8100,MG1655,4173600,4180000,4176800.0,medium,WIN_medium_66c8536f9b2a8100,1.5127274129078372,6400,1.5127274129078372,0.01430746503987691,density,1.594091061656687,1.4313637641589874,0,4,0,4171200,4180000,4,eacc82c62f19df64e68663ec22da9205255946f1dd5c436b2c470476d3d98519,6400,591200,107
MSREG_medium_44d38e87e24ca9a2,MG1655,1748000,1754400,1751200.0,medium,WIN_medium_44d38e87e24ca9a2,1.4904664411336532,6400,0.04665346364260253,1.4904664411336532,shape,1.4593924877592308,1.5215403945080754,0,7,0,1745600,1756800,7,8ff6289ac8ce86e0d348ea9359b308f8e1bc5eea71d9ee9a994def71cd08dc75,6400,597600,108
MSREG_medium_6f357c0815357c0c,MG1655,427200,433600,430400.0,medium,WIN_medium_6f357c0815357c0c,1.4893557111366742,6400,1.4893557111366742,0.0920583447246125,density,1.4893557111366742,1.4893557111366742,0,7,0,424800,436000,7,2e27caa66cd9d924f2d49393669ed912d1bd13d5c3b51aabade7c9c7413bb3bc,6400,604000,109
MSREG_medium_a2002fab7ad0b632,MG1655,3396000,3402400,3399200.0,medium,WIN_medium_a2002fab7ad0b632,1.4871511516841465,6400,0.5980755264923248,1.4871511516841465,shape,1.6812412373755872,1.293061065992706,0,7,0,3393600,3404800,7,87c3a3b4ebb296b06d6f5ef3dc4cd9d682a87f7e1322bfa46b80413583af899f,6400,610400,110
MSREG_medium_9720ac0560f3e3b6,MG1655,2104800,2111200,2108000.0,medium,WIN_medium_9720ac0560f3e3b6,1.475410603759385,6400,1.475410603759385,0.07438400206861848,density,1.594091061656687,1.356730145862083,0,7,0,2102400,2113600,7,a8ff064e365c7bf7e511625cdb3fb7c424eb143a1db4eff30fb05144f121ce7e,6400,616800,111
MSREG_medium_5aee5f2b276f152d,MG1655,1478400,1484800,1481600.0,medium,WIN_medium_5aee5f2b276f152d,1.4743740994479526,6400,0.0410911964394854,1.4743740994479526,shape,1.4593924877592308,1.4893557111366742,0,7,0,1476000,1487200,7,88d85a935f60ab5984f33f80d060f74199e4cad5a766a351dad91f49c72b7f4e,6400,623200,112
MSREG_medium_b62d798866ddfdef,MG1655,1190400,1196800,1193600.0,medium,WIN_medium_b62d798866ddfdef,1.4743740994479526,6400,0.3184971689200753,1.4743740994479526,shape,1.4593924877592308,1.4893557111366742,0,7,0,1188000,1199200,7,cd352f88488349fef031f9f12b60c1abd77fa282e88251ab3eac665638df6a58,6400,629600,113
MSREG_medium_6d5dd8071a4bf507,MG1655,331200,337600,334400.0,medium,WIN_medium_6d5dd8071a4bf507,1.4682568712394466,6400,0.14853207346758257,1.4682568712394466,shape,1.7323937598229686,1.2041199826559248,0,4,0,331200,340000,4,543d181d1e759bcfa43590ab8e63b566f078305319b210527a84eb67b9478419,6400,632800,114
MSREG_medium_1aee286a3752ddc3,MG1655,1589600,1596000,1592800.0,medium,WIN_medium_1aee286a3752ddc3,1.4672538798906474,6400,0.020062665316428016,1.4672538798906474,shape,1.1441220529806395,1.7903857068006552,0,7,0,1587200,1598400,7,e5f3924015380746b4786b587823c3bfcde47ef4a55a1628e4a935ecdcbf099a,6400,639200,115
MSREG_medium_f8e132498bf559f7,MG1655,933600,940000,936800.0,medium,WIN_medium_f8e132498bf559f7,1.4603597376478308,6400,1.4603597376478308,0.10145949729727799,density,1.4893557111366742,1.4313637641589874,0,7,0,931200,942400,7,76ea8c0707850faa3cec5f8cf14656f7c23e8d6e90e623ff173bba245496226e,6400,645600,116
MSREG_medium_bf1129b507ae2eae,MG1655,3484800,3491200,3488000.0,medium,WIN_medium_bf1129b507ae2eae,1.4593924877592308,6400,1.4593924877592308,0.03289781087805206,density,1.4593924877592308,1.4593924877592308,0,7,0,3482400,3493600,7,555f3b6c7b7176e799c4d3d29fe02c534eab46d99361f7e6f35e03617a5cd0c5,6400,652000,117
MSREG_medium_6518576628f7c007,MG1655,503200,509600,506400.0,medium,WIN_medium_6518576628f7c007,1.4546198288061158,6400,0.2912515882605481,1.4546198288061158,shape,1.6354837468149122,1.2737559107973193,0,7,0,500800,512000,7,7a6d2416ceedc137b4dfbd1fac4a42350fd8c214d20f89be1d86f0606fd101ae,6400,658400,118
MSREG_medium_e3017abdbd1e7af6,MG1655,1156800,1163200,1160000.0,medium,WIN_medium_e3017abdbd1e7af6,1.4471952682866562,6400,1.4471952682866562,0.034544953346822525,density,1.4893557111366742,1.405034825436638,0,4,0,1156800,1165600,4,07078bfd6f0f399d8d2e1a1beb2748f7c0c4e75d10c7b495de95af0949bc3271,6400,661600,119
MSREG_medium_3a284b427c4cec79,MG1655,3324800,3331200,3328000.0,medium,WIN_medium_3a284b427c4cec79,1.4471952682866562,6400,1.4471952682866562,0.05799346672797949,density,1.4893557111366742,1.405034825436638,0,4,0,3324800,3333600,4,af2b83d40cdda6446dde4afd9b41719112f49bd41d160633139e7fa1ee7cb15e,6400,664800,120
MSREG_medium_bb5c6da48279c475,MG1655,3875200,3881600,3878400.0,medium,WIN_medium_bb5c6da48279c475,1.4453781259591092,6400,0.6716959194693568,1.4453781259591092,shape,1.4313637641589874,1.4593924877592308,0,7,0,3872800,3884000,7,2f48bd928889d6e7e12a8e2d8aad5e1df9d30a1e9984ab18fb7f3b83de59d77e,6400,671200,121
MSREG_medium_ab2e46bfcfa47baf,MG1655,1600000,1606400,1603200.0,medium,WIN_medium_ab2e46bfcfa47baf,1.4453781259591092,6400,0.0890041840965866,1.4453781259591092,shape,1.9365137424788934,0.9542425094393249,0,7,0,1597600,1608800,7,66535391df70798486bf252a56207bca15f011c12638d20b0031cab78b052b43,6400,677600,122
MSREG_medium_0e11a8d625cc99a7,MG1655,2719200,2725600,2722400.0,medium,WIN_medium_0e11a8d625cc99a7,1.43478347642414,6400,1.43478347642414,0.115663681086765,density,1.4893557111366742,1.3802112417116061,0,7,0,2716800,2728000,7,031b4f9c85022ab04a8063417ad458ad00d0ed63b4c3966eb153410f477f939b,6400,684000,123
MSREG_medium_2d9595bf075eb964,MG1655,3559200,3565600,3562400.0,medium,WIN_medium_2d9595bf075eb964,1.4246817833799965,6400,0.42596873227228116,1.4246817833799965,shape,1.255272505103306,1.594091061656687,0,7,0,3556800,3568000,7,2c0848039734099cb079614140ea7a66c9a3001b516be390bb225414bc9bc686,6400,690400,124
MSREG_medium_fbcecc7f4005c997,MG1655,785600,792000,788800.0,medium,WIN_medium_fbcecc7f4005c997,1.4198018647354185,6400,0.4315759256228132,1.4198018647354185,shape,1.2041199826559248,1.6354837468149122,0,7,0,783200,794400,7,14fae7429cfee9c55d1f0e4d068a531bcbfd2a04afb723bb07627f0a9d79710d,6400,696800,125
MSREG_medium_d251c094d6fd39a1,MG1655,3599200,3605600,3602400.0,medium,WIN_medium_d251c094d6fd39a1,1.4181992947978128,6400,1.4181992947978128,0.08342805696542785,density,1.4313637641589874,1.405034825436638,0,7,0,3596800,3608000,7,99118ef3d14fefff51d344b34dbfa736daae58fcf62fca4cae2ad47032acc52c,6400,703200,126
MSREG_medium_df526daee1ed4176,MG1655,2979200,2985600,2982400.0,medium,WIN_medium_df526daee1ed4176,1.415817399899781,6400,0.09641490355585658,1.415817399899781,shape,1.9365137424788934,0.8951210573206683,0,7,0,2976800,2988000,7,ea8417d9a53e4cfdf5507d8a38b24bcf487f55fba322c683871913f8fa0d12c0,6400,709600,127
MSREG_medium_05285cd8a7e424ae,MG1655,2171200,2177600,2174400.0,medium,WIN_medium_05285cd8a7e424ae,1.4119047311438027,6400,1.4119047311438027,0.021116792626843843,density,1.4893557111366742,1.334453751150931,0,4,0,2168800,2177600,4,a3c2e394333a8d31cdbe56404cf6a3e14e066137ec0cf37fd8ec96e4afe0aa22,6400,712800,128
MSREG_medium_de94871bb34649ea,MG1655,2257600,2264000,2260800.0,medium,WIN_medium_de94871bb34649ea,1.4080613168106568,6400,1.4080613168106568,0.07983568357378083,density,1.356730145862083,1.4593924877592308,0,7,0,2255200,2266400,7,17674916fac264ad7d6b4856b29d3d7e5fd72633cf8e4c2cfa14885650a8feb3,6400,719200,129
MSREG_medium_fc79ba71a32361f0,MG1655,1916000,1922400,1919200.0,medium,WIN_medium_fc79ba71a32361f0,1.4057875029352966,6400,0.34777435120773204,1.4057875029352966,shape,1.8573324964312685,0.9542425094393249,0,7,0,1913600,1924800,7,3b4266fc809903b386e116dc1667b4f5cb7660ce7c2ae4ea178158ed014a50c4,6400,725600,130
MSREG_medium_b4ff96d4e3cf5013,MG1655,1800000,1806400,1803200.0,medium,WIN_medium_b4ff96d4e3cf5013,1.4013100816088335,6400,1.4013100816088335,0.0253564606573621,density,1.4893557111366742,1.3132644520809929,0,4,0,1800000,1808800,4,6f6ab2114d933ec5645a1e01c93f295f3fc95c7aeb9d6bfc440380f12245cdd4,6400,728800,131
MSREG_medium_7edf7c94d54d559e,MG1655,2968800,2975200,2972000.0,medium,WIN_medium_7edf7c94d54d559e,1.3991055221563058,6400,0.3290918184550443,1.3991055221563058,shape,1.594091061656687,1.2041199826559248,0,7,0,2966400,2977600,7,7737c75d059c6ab652b11369b95efad086f08cde3c87ac6d8a1caf0517f70a4f,6400,735200,132
MSREG_medium_622a2ef3ac3d0081,MG1655,1104000,1110400,1107200.0,medium,WIN_medium_622a2ef3ac3d0081,1.3976481526526974,6400,0.22386404085168193,1.3976481526526974,shape,1.2737559107973193,1.5215403945080754,0,7,0,1101600,1112800,7,ccade96750835837743d81d1e484ad6ab1192f649c8c1f23a45eccf2a65855ec,6400,741600,133
MSREG_medium_67f5cdfb55cd06d7,MG1655,2489600,2496000,2492800.0,medium,WIN_medium_67f5cdfb55cd06d7,1.3969231194550809,6400,0.3099659495543775,1.3969231194550809,shape,1.8573324964312685,0.9365137424788933,0,7,0,2487200,2498400,7,845551328374e0d7a41f674bea9a7bf32bef62940f5a5d001ddaf6820c39a555,6400,748000,134
MSREG_medium_f9407fe31c43b65b,MG1655,3053600,3060000,3056800.0,medium,WIN_medium_f9407fe31c43b65b,1.3940469550105352,6400,1.3940469550105352,0.0725967718894694,density,1.356730145862083,1.4313637641589874,0,4,0,3053600,3062400,4,8af77ba862b69e9be0d42f6619a2a9e111a054dd70830124bc8d733a13f85827,6400,751200,135
MSREG_medium_21eea3465a0fb76a,MG1655,2219200,2225600,2222400.0,medium,WIN_medium_21eea3465a0fb76a,1.39120838856469,6400,0.22472698261252552,1.39120838856469,shape,1.293061065992706,1.4893557111366742,0,7,0,2216800,2228000,7,ba8b756b1093a3ca5c3e7a69cb53ca3b6ebdf0a768044bb7c9963a38ed721234,6400,757600,136
MSREG_medium_650cd6f16ea67706,MG1655,2920000,2926400,2923200.0,medium,WIN_medium_650cd6f16ea67706,1.386328469920112,6400,1.386328469920112,0.06623766323992417,density,1.3132644520809929,1.4593924877592308,0,4,0,2920000,2928800,4,d6d26df140e64b97b3ca838392ef37345d4890c0a3a5b0b68a125b1b66de9f09,6400,760800,137
MSREG_medium_e5bdb749ebc0e537,MG1655,3259200,3265600,3262400.0,medium,WIN_medium_e5bdb749ebc0e537,1.3829087576549592,6400,1.3829087576549592,0.05854126914419499,density,1.334453751150931,1.4313637641589874,0,4,0,3256800,3265600,4,06ad9ebfe20c26cb8538a5aa43302a59c180d6e9af5d891cf94b22f972b7a319,6400,764000,138
MSREG_medium_2096edc374721e03,MG1655,2475200,2481600,2478400.0,medium,WIN_medium_2096edc374721e03,1.3829087576549592,6400,0.14132915279646932,1.3829087576549592,shape,1.334453751150931,1.4313637641589874,0,7,0,2472800,2484000,7,aee058bc3f0779ad75a280db573d4a0c830c8c60eadff32ffba0fb173c3bd8f3,6400,770400,139
MSREG_medium_86033b3383d1016d,MG1655,3988800,3995200,3992000.0,medium,WIN_medium_86033b3383d1016d,1.3802112417116061,6400,1.3802112417116061,0.10464820717983586,density,1.3802112417116061,1.3802112417116061,0,4,0,3988800,3997600,4,6f3c0c9d44a4dd7b77d18f015890ba276e9e20156514c55d0b8812d4b3a6f270,6400,773600,140
MSREG_medium_262de9cff04d788b,MG1655,1404800,1411200,1408000.0,medium,WIN_medium_262de9cff04d788b,1.380211241711606,6400,0.13993940926846357,1.380211241711606,shape,1.5563025007672873,1.2041199826559248,0,7,0,1402400,1413600,7,29a88c6371b835a06ef626d5012b6d4447480882ac4a36c1ad1f657620c29a93,6400,780000,141
MSREG_medium_bca0c4c1d62df410,MG1655,888000,894400,891200.0,medium,WIN_medium_bca0c4c1d62df410,1.37231410811999,6400,0.35001973164749356,1.37231410811999,shape,0.8872957198087117,1.8573324964312685,0,7,0,885600,896800,7,01e07b30f4f4670a9b1fdc31beb5f588ba7b931473f13fa53f4d142c54bd97e0,6400,786400,142
MSREG_medium_c52c8d9ff0220fee,MG1655,949600,956000,952800.0,medium,WIN_medium_c52c8d9ff0220fee,1.37231410811999,6400,1.37231410811999,0.0377885608893998,density,1.4893557111366742,1.255272505103306,0,7,0,947200,958400,7,69320cc45c2ec813c1fbdc9a24774a21be34968a4285029e3a26250d6d221c20,6400,792800,143
MSREG_medium_74e59ceff979cb33,MG1655,4253600,4260000,4256800.0,medium,WIN_medium_74e59ceff979cb33,1.3684706937868447,6400,1.3684706937868447,0.11175479949138342,density,1.3802112417116061,1.356730145862083,0,6,0,4252000,4262400,6,5b59af5346103f102d42c894e2ff27ac9e8580859c17e19e2ce68e08efe80268,6400,797600,144
MSREG_medium_e11467cc68324b98,MG1655,3342400,3348800,3345600.0,medium,WIN_medium_e11467cc68324b98,1.3684706937868447,6400,1.3684706937868447,0.14450426099075447,density,1.3802112417116061,1.356730145862083,0,4,0,3340000,3348800,4,dcf9e751be7923bccfb994d4bfb4f515f459d4c58f51f4581e98ec47243f020e,6400,800800,145
MSREG_medium_46a7c5285e667ac9,MG1655,198400,204800,201600.0,medium,WIN_medium_46a7c5285e667ac9,1.356730145862083,6400,1.356730145862083,0.09144406640562988,density,1.356730145862083,1.356730145862083,0,4,0,198400,207200,4,2d1f5ecac17af5d7d931b4e33794dc5a958fb1b2ab696f506b10c339bc13c704,6400,804000,146
MSREG_medium_41a56a05757dae11,MG1655,1854400,1860800,1857600.0,medium,WIN_medium_41a56a05757dae11,1.3513828847814147,6400,0.24455222800281295,1.3513828847814147,shape,1.0672820227479172,1.6354837468149122,0,7,0,1852000,1863200,7,2b39c050f1c95740721f67f056d1ec2e596b52447a2d9ccd1bbb095d7be098e8,6400,810400,147
MSREG_medium_363e1a94f09333e9,MG1655,1704000,1710400,1707200.0,medium,WIN_medium_363e1a94f09333e9,1.3478898243510815,6400,0.3196401316272245,1.3478898243510815,shape,0.9633858888791946,1.7323937598229686,0,7,0,1701600,1712800,7,3ca172f48ef1422ea539f5604659fdf74167000f2c7efc0d3ce840f61d80fc61,6400,816800,148
MSREG_medium_e7593a04b447eb7b,MG1655,3796800,3803200,3800000.0,medium,WIN_medium_e7593a04b447eb7b,1.3467378468962994,6400,1.3467378468962994,0.06378115814352972,density,1.4893557111366742,1.2041199826559248,0,4,0,3794400,3803200,4,711a03970a3479f0d2ad3103c6911c6e1c11987d797e42bb4624d5aa828405b8,6400,820000,149
MSREG_medium_a147ff2fc18aee26,MG1655,90400,96800,93600.0,medium,WIN_medium_a147ff2fc18aee26,1.3455919485065069,6400,1.3455919485065069,0.09396906277395069,density,1.334453751150931,1.356730145862083,0,4,0,90400,99200,4,15a515e6b2dba0dc7e765c258ab7eaf7a123bf062ca5412cc861f9c73eac7fc4,6400,823200,150
MSREG_medium_77f318b1e6947e1b,MG1655,2559200,2565600,2562400.0,medium,WIN_medium_77f318b1e6947e1b,1.3455919485065069,6400,1.3455919485065069,0.05628139025616127,density,1.334453751150931,1.356730145862083,0,7,0,2556800,2568000,7,928bf76aec389c155265b1c776574ad890ba1fec491287b14f48fb311c841261,6400,829600,151
MSREG_medium_5fea8182385bd735,MG1655,3932000,3938400,3935200.0,medium,WIN_medium_5fea8182385bd735,1.3455919485065069,6400,1.3455919485065069,0.07438400206861848,density,1.334453751150931,1.356730145862083,0,7,0,3929600,3940800,7,b71cf7dffd50ba0f071e5194ec0f371e51a8fd1202bd893fa94f3ca3c9cbf2da,6400,836000,152
MSREG_medium_108fdd19222317e7,MG1655,2028800,2035200,2032000.0,medium,WIN_medium_108fdd19222317e7,1.3433181346311467,6400,0.08347590331541721,1.3433181346311467,shape,1.255272505103306,1.4313637641589874,0,7,0,2026400,2037600,7,13c57a8dd17ffc3c2a874b9f12c86796936156a901f8846d952af7641e936e87,6400,842400,153
MSREG_medium_a089db56ba1e380a,MG1655,107200,113600,110400.0,medium,WIN_medium_a089db56ba1e380a,1.334997298971538,6400,1.334997298971538,0.07558371363384578,density,1.356730145862083,1.3132644520809929,0,4,0,107200,116000,4,6f9243a63d8d85f2802c9d25d0fc2f30eab1dae25ae3fad9c9229672a2416dc9,6400,845600,154
MSREG_medium_0953f8fa3b1481fd,MG1655,1988800,1995200,1992000.0,medium,WIN_medium_0953f8fa3b1481fd,1.334997298971538,6400,1.334997298971538,0.06611141484046582,density,1.356730145862083,1.3132644520809929,0,7,0,1986400,1997600,7,96c67e955025be07def118f9ce8a3c5e23e7284219e473236dfc370c987625d5,6400,852000,155
MSREG_medium_a139f76183e62ca3,MG1655,1149600,1156000,1152800.0,medium,WIN_medium_a139f76183e62ca3,1.334997298971538,6400,1.334997298971538,0.042203332388875414,density,1.356730145862083,1.3132644520809929,0,2,0,1149600,1156800,2,9bfeb53cf6b853c1762c87f2179f4463dcd822ce8b6f6ed1a9a348a2875807cc,6400,852800,156
MSREG_medium_c458480832ceee71,MG1655,4268800,4275200,4272000.0,medium,WIN_medium_c458480832ceee71,1.334997298971538,6400,1.334997298971538,0.06087727061177558,density,1.356730145862083,1.3132644520809929,0,7,0,4266400,4277600,7,d65bfa217b19924e108841f7783047429b8c632625929f7d63f49898c7b063df,6400,859200,157
MSREG_medium_1af150760337e993,MG1655,2249600,2256000,2252800.0,medium,WIN_medium_1af150760337e993,1.3317562352075778,6400,0.10914639286082019,1.3317562352075778,shape,1.2041199826559248,1.4593924877592308,0,7,0,2247200,2258400,7,449dba441fad5555dd68870058c6565af697a726f5fb3eb09c82360a0177e0b9,6400,865600,158
MSREG_medium_62441dd56c4d1b91,MG1655,1323200,1329600,1326400.0,medium,WIN_medium_62441dd56c4d1b91,1.3317562352075778,6400,0.23408662548648407,1.3317562352075778,shape,1.4593924877592308,1.2041199826559248,0,7,0,1320800,1332000,7,7a4f701d91d4ab6b124d938c8b50f1fe71d38e9285b8c9152823c9681a4ce26f,6400,872000,159
MSREG_medium_f3bba8377013330a,MG1655,484800,491200,488000.0,medium,WIN_medium_f3bba8377013330a,1.3275087209867116,6400,0.3184669066050725,1.3275087209867116,shape,0.8646317351727679,1.7903857068006552,0,7,0,482400,493600,7,d242148fabc920a748a8b910f594abd51b68a6320151bfef96440a2ac6206805,6400,878400,160
MSREG_medium_e8ad3ce6d4c94cb4,MG1655,3920000,3926400,3923200.0,medium,WIN_medium_e8ad3ce6d4c94cb4,1.3248956059273946,6400,1.3248956059273946,0.07378662276214674,density,1.356730145862083,1.293061065992706,0,4,0,3920000,3928800,4,46a93a9d58d9968b9f44b6977940d42c1ebe7663e8577f3370c0ad0b558c9714,6400,881600,161
MSREG_medium_9e6cee90120c82dd,MG1655,3038400,3044800,3041600.0,medium,WIN_medium_9e6cee90120c82dd,1.323859101615962,6400,1.323859101615962,0.07738583070122454,density,1.334453751150931,1.3132644520809929,0,4,0,3036000,3044800,4,798677df5f5e0895c722a4674f0493a8bb277eed148c3c8b9125e17c334b7a90,6400,884800,162
MSREG_medium_d80f913cea9c699e,MG1655,219200,225600,222400.0,medium,WIN_medium_d80f913cea9c699e,1.322827521334075,6400,0.08466519078668702,1.322827521334075,shape,0.08038929823659297,2.635483746814912,0,7,0,216800,228000,7,abd92350ea885e5d07b7c6a0132351c27db3a80f03228d70b80b42a307ff2342,6400,891200,163
MSREG_medium_2d3dfad4a7c0efe2,MG1655,790400,796800,793600.0,medium,WIN_medium_2d3dfad4a7c0efe2,1.3137574085718184,6400,0.2481085102730069,1.3137574085718184,shape,1.7323937598229686,0.8951210573206683,0,6,0,788800,799200,6,018003eef014bcd28824dee793cd264f78c256db334227c653626db5dc2cb1d0,6400,896000,164
MSREG_medium_6e34cd37dfb2d393,MG1655,456800,463200,460000.0,medium,WIN_medium_6e34cd37dfb2d393,1.3137574085718184,6400,1.3137574085718184,0.09266010266648379,density,1.334453751150931,1.293061065992706,0,7,0,454400,465600,7,3f629fdd9609094c56ef630d9cfd03f27ae67b4b0dacc35152af3516aedc8ecb,6400,902400,165
MSREG_medium_787b7677541cb885,MG1655,1204000,1210400,1207200.0,medium,WIN_medium_787b7677541cb885,1.3137574085718184,6400,0.24905895592773514,1.3137574085718184,shape,0.9920310703287247,1.6354837468149122,0,7,0,1201600,1212800,7,4f4598c297ac5693b8d3228c998d5a08ffd6415e1b71d2dd963a6ee0ec3bc804,6400,908800,166
MSREG_medium_db0111045a89b81b,MG1655,4403200,4409600,4406400.0,medium,WIN_medium_db0111045a89b81b,1.3137574085718184,6400,1.3137574085718184,0.08464457130092745,density,1.334453751150931,1.293061065992706,0,4,0,4403200,4412000,4,5fe25587979aaa70e92623c4fde6ec80e59ed2362efdc0756d4870ccb9be7aca,6400,912000,167
MSREG_medium_77cfeb98c64b208d,MG1655,1832800,1839200,1836000.0,medium,WIN_medium_77cfeb98c64b208d,1.3137574085718184,6400,0.06613508082500798,1.3137574085718184,shape,0.9920310703287247,1.6354837468149122,0,7,0,1830400,1841600,7,93fcd463385c3c5fc48e771535ea8891d0ceeb1f600021d34fcc022023f4b231,6400,918400,168
MSREG_medium_b967bd34ba0de4a2,MG1655,3704800,3711200,3708000.0,medium,WIN_medium_b967bd34ba0de4a2,1.3137574085718184,6400,1.3137574085718184,0.07438400206861848,density,1.334453751150931,1.293061065992706,0,7,0,3702400,3713600,7,aad0ec4931068c48523aad41585cad25c915e9cbc000f7b2ae5fd1e50b7871f3,6400,924800,169
MSREG_medium_36f97cd6492b1a1e,MG1655,1820000,1826400,1823200.0,medium,WIN_medium_36f97cd6492b1a1e,1.3137574085718184,6400,0.2508467916568232,1.3137574085718184,shape,0.9920310703287247,1.6354837468149122,0,7,0,1817600,1828800,7,e8451fc418a9d1725966c8ad5eb30181cfc2bd01a75a8800a595769f2c40f01e,6400,931200,170
MSREG_medium_114657ff6e6522b1,MG1655,2601600,2608000,2604800.0,medium,WIN_medium_114657ff6e6522b1,1.3098447398158402,6400,0.04834333396829285,1.3098447398158402,shape,1.4313637641589874,1.188325715472693,0,7,0,2599200,2610400,7,16ea243cf60598e469cd948fc062482c1414cb2e5e44df22c77dc689658178e7,6400,937600,171
MSREG_medium_7a3f9f13ffe38e50,MG1655,2316800,2323200,2320000.0,medium,WIN_medium_7a3f9f13ffe38e50,1.3098447398158402,6400,0.43547392928233286,1.3098447398158402,shape,1.4313637641589874,1.188325715472693,0,7,0,2314400,2325600,7,5e7c689bbc2e494250bf33eb42e72ba0619bb21114fbdbd346a74e24980ae97c,6400,944000,172
MSREG_medium_c5f2793b3f89e379,MG1655,126400,132800,129600.0,medium,WIN_medium_c5f2793b3f89e379,1.3060013254826945,6400,1.3060013254826945,0.032881564840839754,density,1.356730145862083,1.255272505103306,0,4,0,126400,135200,4,134babfc701f6909f67a456c8e0a1b7517e8a54ea6ef6147f164ce9634a4fe27,6400,947200,173
MSREG_medium_f2cfef0e37798b01,MG1655,4183200,4189600,4186400.0,medium,WIN_medium_f2cfef0e37798b01,1.3041048309741252,6400,1.3041048309741252,0.9425019615145634,density,1.4313637641589874,1.334453751150931,0,4,0,4183200,4192000,4,5380bf7ba28606a4c3901dc8874903054ec7e5312cbaba68dce5ed3cd2d67c66,6400,950400,174
MSREG_medium_92edf821dbe41d04,MG1655,540800,547200,544000.0,medium,WIN_medium_92edf821dbe41d04,1.3031627590368493,6400,0.05857631464264758,1.3031627590368493,shape,0.8159398112730434,1.7903857068006552,0,7,0,538400,549600,7,a7a3bd5c00417e5473cad769a694aab313b61aee8b97e713fc232d277f82c1c4,6400,956800,175
MSREG_medium_bb46935949b1693e,MG1655,1876800,1883200,1880000.0,medium,WIN_medium_bb46935949b1693e,1.3031627590368493,6400,0.4166877306879314,1.3031627590368493,shape,1.3132644520809929,1.293061065992706,0,7,0,1874400,1885600,7,ff24906f58ec178205df11b1c34a9ac0c87147caa49b5bdbb15c1f92dd4f22c8,6400,963200,176
MSREG_medium_22d090d12b402cca,MG1655,76800,83200,80000.0,medium,WIN_medium_22d090d12b402cca,1.30036082027785,6400,0.10274617539031966,1.30036082027785,shape,1.0444191397884128,1.5563025007672873,0,7,0,74400,85600,7,07d51bf62ec5bf57bb9abcde6c37c3fb35a183149af192722913d1ab7b6c365a,6400,969600,177
MSREG_medium_197441bb3437ee3f,MG1655,418400,424800,421600.0,medium,WIN_medium_197441bb3437ee3f,1.30036082027785,6400,0.22387709017357832,1.30036082027785,shape,1.0791812460476249,1.5215403945080754,0,7,0,416000,427200,7,1180745b78af29a4b01308f1702f91fa4a5c37fc79818de1dd4f137d5cd90781,6400,976000,178
MSREG_medium_1bdb68154a3a4f8c,MG1655,2442400,2448800,2445600.0,medium,WIN_medium_1bdb68154a3a4f8c,1.2948631281271186,6400,0.27425316810741873,1.2948631281271186,shape,0.9542425094393249,1.6354837468149122,0,7,0,2440000,2451200,7,9c70baf1aaee67adff3ec8a6e847ab683f25eb1f102ce053aaa135f76e55ed6e,6400,982400,179
MSREG_medium_133cbb9040f48800,MG1655,3960800,3967200,3964000.0,medium,WIN_medium_133cbb9040f48800,1.293061065992706,6400,1.293061065992706,0.06319352981032822,density,1.293061065992706,1.293061065992706,0,4,0,3958400,3967200,4,09d81df9ca83ce81e129ffd155a4a48db2dd6891d0f4b66793616a08b0e5f6c4,6400,985600,180
MSREG_medium_1be630143d5a9cb9,MG1655,2804800,2811200,2808000.0,medium,WIN_medium_1be630143d5a9cb9,1.2903857068006552,6400,0.49588990759883833,1.2903857068006552,shape,1.6354837468149122,0.9452876667863984,0,7,0,2802400,2813600,7,5c5c22c604b3cc809c57c2b25d2a8f4e55b22d1fbe5e5e306e8914fb7d85d09f,6400,992000,181
MSREG_medium_638b2b40033a3237,MG1655,1864000,1870400,1867200.0,medium,WIN_medium_638b2b40033a3237,1.2881811473481277,6400,0.2517277147349666,1.2881811473481277,shape,0.8951210573206683,1.6812412373755872,0,7,0,1861600,1872800,7,0b5f9f575d5631c44a0cb64f4b2114530d7890b5ea7c02df107394114fd11b81,6400,998400,182
MSREG_medium_fafdf037e6c7c460,MG1655,2873600,2880000,2876800.0,medium,WIN_medium_fafdf037e6c7c460,1.2881811473481277,6400,0.05286158375225666,1.2881811473481277,shape,0.8951210573206683,1.6812412373755872,0,4,0,2871200,2880000,4,e2a49bb85cc0b10439a65818a270a5a7ae3cf9e1bb5b630ab24f8f8168798159,6400,1001600,183
MSREG_medium_202ad3a41b740c3d,MG1655,2636800,2643200,2640000.0,medium,WIN_medium_202ad3a41b740c3d,1.2834084883950125,6400,1.2834084883950125,0.09652376566319082,density,1.2737559107973193,1.293061065992706,0,7,0,2634400,2645600,7,7c6aeb08c05ce8330e80dc56d0f221a77cf68a371d0646931a8c5e434ce125cb,6400,1008000,184
MSREG_medium_bb92070440e4a6ad,MG1655,4396800,4403200,4400000.0,medium,WIN_medium_bb92070440e4a6ad,1.2834084883950125,6400,1.2834084883950125,0.08956940232242824,density,1.2737559107973193,1.293061065992706,0,4,0,4394400,4403200,4,956560fb415ffff7f07e0bf93f19d434ef08a3a08d32f533cdf47fd86f180d14,6400,1011200,185
MSREG_medium_84175cd32bf847ff,MG1655,3880800,3887200,3884000.0,medium,WIN_medium_84175cd32bf847ff,1.2741667855480059,6400,1.2741667855480059,0.22686968927763584,density,1.293061065992706,1.255272505103306,0,4,0,3878400,3887200,4,be10fe987100137283f02a382aee2df3cf61498212bcb81926014cf30d5aec1b,6400,1013600,186
MSREG_medium_f1340f8c1f80cb68,MG1655,2732000,2738400,2735200.0,medium,WIN_medium_f1340f8c1f80cb68,1.2737559107973193,6400,1.2737559107973193,0.0517364659970513,density,1.2737559107973193,1.2737559107973193,0,7,0,2729600,2740800,7,24bcbd2839a21a0299679431925663f8a37a58a18ff22df9a97b5c71bed1bf49,6400,1020000,187
MSREG_medium_59495031a81c93de,MG1655,176000,182400,179200.0,medium,WIN_medium_59495031a81c93de,1.2692868669034278,6400,0.32964333074376845,1.2692868669034278,shape,1.2041199826559248,1.334453751150931,0,5,0,175200,184800,5,74d04b9a2553ae6914c3039168785fd6586f92bfbb401c3de1aec19cfcb91ff1,6400,1024000,188
MSREG_medium_3bec98f79f5999d3,MG1655,700000,706400,703200.0,medium,WIN_medium_3bec98f79f5999d3,1.2668874254625435,6400,1.2668874254625435,0.2880495828236841,density,1.2205103988440942,1.3132644520809929,0,7,0,697600,708800,7,745c92ad515a3a941a81f4dd60ee90ef27a251612aa6142b5c77f881e47f2baf,6400,1030400,189
MSREG_medium_6a4c51bb816da701,MG1655,782400,788800,785600.0,medium,WIN_medium_6a4c51bb816da701,1.2645142079503127,6400,0.4166877306879314,1.2645142079503127,shape,1.2737559107973193,1.255272505103306,0,4,0,780000,788800,4,eff1c60dbcf0f26c043283c9ccc4338e19b8a9e0617310e1e71130e42b4bcbb8,6400,1033600,190
MSREG_medium_d4ce8903bd78c31a,MG1655,1711200,1717600,1714400.0,medium,WIN_medium_d4ce8903bd78c31a,1.263337255253574,6400,0.4911356165197842,1.263337255253574,shape,1.0672820227479172,1.4593924877592308,0,7,0,1708800,1720000,7,ee76cbe936552682967eef07fd8805558d0d967716adc2e4ebc2091ce8765b9f,6400,1040000,191
MSREG_medium_7e6537ad44cc912c,MG1655,15200,21600,18400.0,medium,WIN_medium_7e6537ad44cc912c,1.261389733311812,6400,0.17352254803153533,1.261389733311812,shape,0.19300397775046352,2.334453751150931,0,7,0,12800,24000,7,4c6fdf2702b2bbf12d48e5e4c059acf2d116c005422a7aea4ffe6cf7bcf38b1a,6400,1046400,192
MSREG_medium_c0420364962ec86e,MG1655,192000,198400,195200.0,medium,WIN_medium_c0420364962ec86e,1.2556498244700969,6400,1.2556498244700969,0.10981485586135287,density,1.2737559107973193,1.2375437381428744,0,4,0,189600,198400,4,3eda6ab88f36773b85b3d79b69aa1f73e9af714c7b5947df951cdbdf5e0c8f2a,6400,1049600,193
MSREG_medium_38aeb01bc1162e6c,MG1655,2736000,2742400,2739200.0,medium,WIN_medium_38aeb01bc1162e6c,1.2556498244700969,6400,1.2556498244700969,0.0377885608893998,density,1.2737559107973193,1.2375437381428744,0,5,0,2735200,2744800,5,64286368be46c18d0b1b21fae8070767f9847dd13634cc049f71bc97d69d07dd,6400,1053600,194
MSREG_medium_00f3be88f64a3844,MG1655,2078400,2084800,2081600.0,medium,WIN_medium_00f3be88f64a3844,1.251905813773822,6400,0.24909559473878795,1.251905813773822,shape,1.0444191397884128,1.4593924877592308,0,7,0,2076000,2087200,7,6a8c1abe862791abcc291de6c71f59caded28aaba9a122eec3b60f542c84d6c1,6400,1060000,195
MSREG_medium_ed12c4015f4517d8,MG1655,4376000,4382400,4379200.0,medium,WIN_medium_ed12c4015f4517d8,1.2485905243243154,6400,1.2485905243243154,0.10172514586307446,density,1.2041199826559248,1.293061065992706,0,7,0,4373600,4384800,7,b4987be5d3708d34ffa833caa536d4b37c908aabfb51b0af0a7ffd2fa3983552,6400,1066400,196
MSREG_medium_c4a8c3b12123055a,MG1655,1255200,1261600,1258400.0,medium,WIN_medium_c4a8c3b12123055a,1.2406933907326994,6400,1.2406933907326994,0.055713684727704285,density,1.293061065992706,1.188325715472693,0,4,0,1252800,1261600,4,26e62897fde9a880f3cb06ab865faf85784c67df66350d4125284c4c15a59a92,6400,1069600,197
MSREG_medium_84bc682dd61b891b,MG1655,2376800,2383200,2380000.0,medium,WIN_medium_84bc682dd61b891b,1.2392879020657852,6400,0.13786803673248593,1.2392879020657852,shape,0.8430920573166583,1.6354837468149122,0,7,0,2374400,2385600,7,de2c6350cef8820be01d1a2715d7ca57fff583365345103b1166de955785e965,6400,1076000,198
MSREG_medium_de0e55b4dca5895c,MG1655,3317600,3324000,3320800.0,medium,WIN_medium_de0e55b4dca5895c,1.238937946726622,6400,1.238937946726622,0.07023645255317723,density,1.2737559107973193,1.2041199826559248,0,5,0,3315200,3324800,5,78de5db2b36cc53d049ed1f8c937b8100f38829b3f7a393f566e8e42fef21006,6400,1080000,199
MSREG_medium_1ca09ee41d499af7,MG1655,3304000,3310400,3307200.0,medium,WIN_medium_1ca09ee41d499af7,1.2378914519737,6400,1.2378914519737,0.0377885608893998,density,1.2205103988440942,1.255272505103306,0,4,0,3301600,3310400,4,527254f8ea5c73959a0e0f0d5eb6096118bdca014113bab9ea508836d7120c4a,6400,1083200,200
MSREG_medium_b36bf8e98d203167,MG1655,1836800,1843200,1840000.0,medium,WIN_medium_b36bf8e98d203167,1.2310408131350061,6400,0.125651483430482,1.2310408131350061,shape,1.4893557111366742,0.9727259151333381,0,5,0,1836000,1845600,5,9f58418f7cd53a62b24b8961fbd6e407c665e37aea1ba18452a767c6e84075c9,6400,1087200,201
MSREG_medium_d2f06dab81d8c194,MG1655,2988800,2995200,2992000.0,medium,WIN_medium_d2f06dab81d8c194,1.2257117790439778,6400,1.2257117790439778,0.17228422416550287,density,1.334453751150931,1.1169698069370246,0,7,0,2986400,2997600,7,32aed1a719450d760f57819775eef409c446f20d94e7fa9a4986eda893a0d09f,6400,1093600,202
MSREG_medium_2574e5587cf2080a,MG1655,1356800,1363200,1360000.0,medium,WIN_medium_2574e5587cf2080a,1.2217991102879995,6400,0.025901135899741853,1.2217991102879995,shape,1.255272505103306,1.188325715472693,0,7,0,1354400,1365600,7,19854140fc6215d50310995a9330bfd4b273ec61e4297b7c64ea35ba01d946aa,6400,1100000,203
MSREG_medium_6ce85c5bb3e2c889,MG1655,893600,900000,896800.0,medium,WIN_medium_6ce85c5bb3e2c889,1.214179127009631,6400,0.04890955916774687,1.214179127009631,shape,1.255272505103306,1.173085748915956,0,7,0,891200,902400,7,9b86032e9f0f08e3cdc44813ef49436736763ec5daac250776c31f7e6e965ba9,6400,1105600,204
MSREG_medium_58d77664cbdd72d4,MG1655,4276000,4282400,4279200.0,medium,WIN_medium_58d77664cbdd72d4,1.2129347268077837,6400,1.2129347268077837,0.11239230144447135,density,1.2375437381428744,1.188325715472693,0,7,0,4273600,4284800,7,083acb628453d293a9a7a5abab1779276aa159592bb575cbea205d3c931935d9,6400,1112000,205
MSREG_medium_1cbbbb8e84511be2,MG1655,3172000,3178400,3175200.0,medium,WIN_medium_1cbbbb8e84511be2,1.2123151907500094,6400,1.2123151907500094,0.0725967718894694,density,1.2205103988440942,1.2041199826559248,0,4,0,3169600,3178400,4,09dd5656b43b9ed17abfef30dc09458c3b07ec9e896b03d1fd46ea96276638a4,6400,1115200,206
MSREG_medium_36b942826fffee02,MG1655,1305600,1312000,1308800.0,medium,WIN_medium_36b942826fffee02,1.2089389818889793,6400,1.2089389818889793,0.0614540232508415,density,1.2737559107973193,1.1441220529806395,0,4,0,1305600,1314400,4,a5683c428df90d8d5f7496ca1173599bf3bb6fb565eda54bbf72cd2d5ed6fc85,6400,1118400,207
MSREG_medium_aea57a78ed28d674,MG1655,1873600,1880000,1876800.0,medium,WIN_medium_aea57a78ed28d674,1.206817498599278,6400,0.2824236919635603,1.206817498599278,shape,1.4593924877592308,0.9542425094393249,0,4,0,1871200,1880000,4,bf2c1bc6153a81acf59d1273028541ed0b74f77d43667a99292bce9abbaffa06,6400,1121600,208
MSREG_medium_3837279771a36e7a,MG1655,2525600,2532000,2528800.0,medium,WIN_medium_3837279771a36e7a,1.2044180571583936,6400,1.2044180571583936,0.03833760603892583,density,1.2205103988440942,1.188325715472693,0,4,0,2523200,2532000,4,82076b8572abb94942dc876645380cf5acb3fc864f31aab1b42747b279125cba,6400,1124800,209
MSREG_medium_1a6e64e8b70a8f67,MG1655,2365600,2372000,2368800.0,medium,WIN_medium_1a6e64e8b70a8f67,1.197953115119062,6400,0.03127919398947113,1.197953115119062,shape,0.7604224834232121,1.6354837468149122,0,7,0,2363200,2374400,7,11c466fd66788feb4ce3c731971114d20c15a2b08f44e41f9949c561a7b7447c,6400,1131200,210
MSREG_medium_20433116e6c13c83,MG1655,2200000,2206400,2203200.0,medium,WIN_medium_20433116e6c13c83,1.197953115119062,6400,0.019008550426262108,1.197953115119062,shape,0.7604224834232121,1.6354837468149122,0,7,0,2197600,2208800,7,613d4881c84a1cbb0f90e0e75f601b03cabd00cc837595f5e4db02c66ac293d0,6400,1137600,211
MSREG_medium_4ee12be070b88f5c,MG1655,866400,872800,869600.0,medium,WIN_medium_4ee12be070b88f5c,1.1962228490643088,6400,0.21231519075000946,1.1962228490643088,shape,1.2041199826559248,1.188325715472693,0,7,0,864000,875200,7,3e2fc212e4d004b2b94811a49b99112f1d19d38af9b61ec9a81831fe09878f41,6400,1144000,212
MSREG_medium_59133d3ed05aec65,MG1655,2824800,2831200,2828000.0,medium,WIN_medium_59133d3ed05aec65,1.190832895561757,6400,1.190832895561757,0.08099500920381533,density,1.2375437381428744,1.1441220529806395,0,7,0,2822400,2833600,7,299396a2a06ba8f5e0a3892c6aa28746945323e71c81e5ae4fbb4eef6d639f58,6400,1150400,213
MSREG_medium_8828bbbc4c72038c,MG1655,985600,992000,988800.0,medium,WIN_medium_8828bbbc4c72038c,1.190832895561757,6400,1.190832895561757,0.05914239660911921,density,1.2375437381428744,1.1441220529806395,0,4,0,985600,994400,4,818cad76d29ee4c1aa3246929ef1d69f9c22787ff6e660f98fc7e728a4818b5b,6400,1153600,214
MSREG_medium_4cc59c05a0fdf4e7,MG1655,2059200,2065600,2062400.0,medium,WIN_medium_4cc59c05a0fdf4e7,1.190552886185818,6400,0.3817987200928882,1.190552886185818,shape,1.7323937598229686,0.6487120125486673,0,7,0,2056800,2068000,7,51cf685fca445efcf918a9a9aafc3b131b68ba8448592bb6186f316f3b5e4f89,6400,1160000,215
MSREG_medium_d28a71e2de50fe85,MG1655,746400,752800,749600.0,medium,WIN_medium_d28a71e2de50fe85,1.189436445469672,6400,0.13444393361835166,1.189436445469672,shape,1.4593924877592308,0.9194804031801129,0,7,0,744000,755200,7,add78e3b13128afb5a462deb44bd4341259f276f172b440e4eeaed46103c055c,6400,1166400,216
MSREG_medium_c904f431e4db2911,MG1655,832000,838400,835200.0,medium,WIN_medium_c904f431e4db2911,1.188325715472693,6400,0.2130960961313772,1.188325715472693,shape,1.4313637641589874,0.9452876667863984,0,7,0,829600,840800,7,6ee79a43a1645e799c082fee7b942f4fa44ad3f3af0e1853de7fdcd7c06423ec,6400,1172000,217
MSREG_medium_bf02a443a33e5f73,MG1655,967200,973600,970400.0,medium,WIN_medium_bf02a443a33e5f73,1.1839387533189403,6400,0.3189212847598818,1.1839387533189403,shape,1.6354837468149122,0.7323937598229685,0,1,0,967200,973600,1,c0df92970e688aa81ae97a6f899b2c9fae4cd1f935a2656d1d5cb5d7e5547cc0,6400,1172000,218
MSREG_medium_6ef1adaddcb7ae79,MG1655,3481600,3488000,3484800.0,medium,WIN_medium_6ef1adaddcb7ae79,1.1807057321943244,6400,1.1807057321943244,0.046093083354954614,density,1.173085748915956,1.188325715472693,0,4,0,3479200,3488000,4,59bf73dfacf124a836b6f6bb048b18705e7bf60552d674c58c571f01286fb637,6400,1175200,219
MSREG_medium_7d4151aa243c9809,MG1655,3022400,3028800,3025600.0,medium,WIN_medium_7d4151aa243c9809,1.1785768206230536,6400,0.044979505319875074,1.1785768206230536,shape,1.334453751150931,1.0226998900951765,0,7,0,3020000,3031200,7,69757aaa3a7d08899b6b8719cb09ac2102aa0e6d09b3de9efcd1ef5b063f32b2,6400,1181600,220
MSREG_medium_1e83f534312bcd2e,MG1655,2268800,2275200,2272000.0,medium,WIN_medium_1e83f534312bcd2e,1.1741210178182822,6400,1.1741210178182822,0.07082413150714456,density,1.2041199826559248,1.1441220529806395,0,5,0,2266400,2276000,5,3bc6142a13b8b4770426370f3ba3adee81d67bfd7db9631c134c4b11e9214523,6400,1185600,221
MSREG_medium_82f74ef6f07f91c3,MG1655,3757600,3764000,3760800.0,medium,WIN_medium_82f74ef6f07f91c3,1.1717985652954004,6400,0.017959527898416257,1.1717985652954004,shape,0.01743565010281939,2.334453751150931,0,7,0,3755200,3766400,7,24fefa7097d2e6a712ad453f21d9a2415206bee5d6fb6109e69486de3dff08cf,6400,1192000,222
MSREG_medium_4f1ddcd3e0704536,MG1655,703200,709600,706400.0,medium,WIN_medium_4f1ddcd3e0704536,1.1662238842266661,6400,1.1662238842266661,0.0953346883231462,density,1.1441220529806395,1.188325715472693,0,4,0,703200,712000,4,efadd07a13ee41e889a0ecbd62407024be07e754eecd77aa824e99f1fae20054,6400,1195200,223
MSREG_medium_cd79f383e0f73a00,MG1655,3071200,3077600,3074400.0,medium,WIN_medium_cd79f383e0f73a00,1.1662238842266661,6400,1.1662238842266661,0.03724090047059841,density,1.1441220529806395,1.188325715472693,0,4,0,3071200,3080000,4,fe92cfae1933fe7e3a51f1a14717bc7044fa6346b6b05cfb130667c258750305,6400,1198400,224
MSREG_medium_859bba9684564090,MG1655,97600,104000,100800.0,medium,WIN_medium_859bba9684564090,1.1657241205056028,6400,1.1657241205056028,0.2393404440447369,density,1.1583624920952496,1.173085748915956,0,4,0,95200,104000,4,30cb932aa159d390a2700ead202c982e081beb64ad0a25d5aab9fb7e8181105b,6400,1201600,225
MSREG_medium_12ff00cfb1b5e2c4,MG1655,2081600,2088000,2084800.0,medium,WIN_medium_12ff00cfb1b5e2c4,1.1657241205056028,6400,0.18678017698412194,1.1657241205056028,shape,1.173085748915956,1.1583624920952496,0,4,0,2081600,2090400,4,367cc1f5e05399a0a1651c5f6f289c6ae11bd80e2d03e85e6106bf7e87980aa9,6400,1204800,226
MSREG_medium_e8dafed54829410b,MG1655,1316000,1322400,1319200.0,medium,WIN_medium_e8dafed54829410b,1.1632424107398278,6400,0.0861376616607999,1.1632424107398278,shape,1.4313637641589874,0.8951210573206683,0,7,0,1313600,1324800,7,44c62f06ca264c851a80e4b0b67c4a48dead0ed587716154681df8b35e8def9e,6400,1211200,227
MSREG_medium_a461bb432c76c03e,MG1655,1926400,1932800,1929600.0,medium,WIN_medium_a461bb432c76c03e,1.1620121114659994,6400,0.2366768817383742,1.1620121114659994,shape,1.4593924877592308,0.8646317351727679,0,7,0,1924000,1935200,7,3a1c1940bc6b45c36b644b2f32b458913faee2a05cc52af9a7899d206320ddea,6400,1217600,228
MSREG_medium_939897865b4c2667,MG1655,73600,80000,76800.0,medium,WIN_medium_939897865b4c2667,1.1593297419838495,6400,0.10787105488800228,1.1593297419838495,shape,1.4893557111366742,0.829303772831025,0,4,0,71200,80000,4,05d3ca40edff2ae1f20c31a36e74702d7c7a91684e142cf112f11b90f39896ba,6400,1220800,229
MSREG_medium_52514416b47907ed,MG1655,4265600,4272000,4268800.0,medium,WIN_medium_52514416b47907ed,1.1586039009482978,6400,1.1586039009482978,0.10472358066536384,density,1.173085748915956,1.1441220529806395,0,4,0,4263200,4272000,4,020cacfe46baf6090bef69d573f1d12e695be4fb82d950d9f81c0ee3472b018b,6400,1224000,230
MSREG_medium_add886d19837dfcc,MG1655,2908000,2914400,2911200.0,medium,WIN_medium_add886d19837dfcc,1.1586039009482978,6400,1.1586039009482978,0.18304486333320977,density,1.1441220529806395,1.173085748915956,0,7,0,2905600,2916800,7,6b6cc2cc9083b4fd3853db5e025314ee0fc68b194494f6de6955c2fd7446e5a2,6400,1230400,231
MSREG_medium_30b23b469bb70258,MG1655,2045600,2052000,2048800.0,medium,WIN_medium_30b23b469bb70258,1.1586039009482978,6400,0.04164443811697012,1.1586039009482978,shape,1.1441220529806395,1.173085748915956,0,7,0,2043200,2054400,7,d7ff983a3ff7705822cd2acc031bac3cf73781284082aa4f7a21308099aa20a6,6400,1236800,232
MSREG_medium_55a1b23643da777a,MG1655,1684800,1691200,1688000.0,medium,WIN_medium_55a1b23643da777a,1.1559630506543654,6400,0.2180509568648931,1.1559630506543654,shape,0.6764423544938185,1.6354837468149122,0,7,0,1682400,1693600,7,9003a3dc924fff82e4d31d8b23229d5cac314a3a69f96841dfa5129a8b74ba36,6400,1243200,233
MSREG_medium_4e80305137591492,MG1655,3416800,3423200,3420000.0,medium,WIN_medium_4e80305137591492,1.1540624062142908,6400,0.11897302447345678,1.1540624062142908,shape,1.405034825436638,0.9030899869919435,0,7,0,3414400,3425600,7,e593a98dd244c16eb47cda3f78a9c4aaa17c76573d498c06b65f58f3698147c0,6400,1249600,234
MSREG_medium_57900b79898a3fe6,MG1655,2276000,2282400,2279200.0,medium,WIN_medium_57900b79898a3fe6,1.1526477612048587,6400,0.3123309066725327,1.1526477612048587,shape,1.188325715472693,1.1169698069370246,0,4,0,2276000,2284800,4,3184be2356407e53c1a897e8a0207126ca6994b6713ae1398347d7554551293d,6400,1252800,235
MSREG_medium_60e37da978536f4e,MG1655,430400,436800,433600.0,medium,WIN_medium_60e37da978536f4e,1.1512422725379445,6400,1.1512422725379445,0.12766138678872624,density,1.1583624920952496,1.1441220529806395,0,4,0,430400,439200,4,76af6faa32a218df8fa91eb9d5d577dd14d7a8b87699a871ec19839a613f4b6b,6400,1256000,236
MSREG_medium_dc1ee4f33269e8c1,MG1655,3640800,3647200,3644000.0,medium,WIN_medium_dc1ee4f33269e8c1,1.1512422725379445,6400,1.1512422725379445,0.06203231185081259,density,1.1583624920952496,1.1441220529806395,0,4,0,3640800,3649600,4,d166501557d9267315eb3e392d15bff51981153b0689d147a6b6cc1554b4beb5,6400,1259200,237
MSREG_medium_a957a21cd71d7751,MG1655,36000,42400,39200.0,medium,WIN_medium_a957a21cd71d7751,1.1498458224458594,6400,0.09956850792227492,1.1498458224458594,shape,1.2205103988440942,1.0791812460476249,0,7,0,33600,44800,7,363091ecb8969248c78fe0b4af4e2a96c8e914bd97e72d7090892d0d7564275a,6400,1265600,238
MSREG_medium_9c14f801bf4845e4,MG1655,941600,948000,944800.0,medium,WIN_medium_9c14f801bf4845e4,1.1450277779264904,6400,0.056408084118560735,1.1450277779264904,shape,1.173085748915956,1.1169698069370246,0,7,0,939200,950400,7,ab64890aec569898a12d2b64589917dd069ba9047952cd49b33789a9da88643b,6400,1272000,239
MSREG_medium_1ab0cdd3f2c9fdd9,MG1655,3448000,3454400,3451200.0,medium,WIN_medium_1ab0cdd3f2c9fdd9,1.1441220529806395,6400,1.1441220529806395,0.149123202008769,density,1.1441220529806395,1.1441220529806395,0,4,0,3448000,3456800,4,7cf0e0c87a970964d244a7b67df00c4db29ec5a985b066de022177e2215433fa,6400,1275200,240
MSREG_medium_fe064ae7e5ff5f56,MG1655,707200,713600,710400.0,medium,WIN_medium_fe064ae7e5ff5f56,1.1441220529806395,6400,1.1441220529806395,0.0945833410929333,density,1.1441220529806395,1.1441220529806395,0,5,0,706400,716000,5,81861a26ea9361bca45d084932fa24602bee485c4849feefa3d1a46367ac05e6,6400,1279200,241
MSREG_medium_95d7499025fc416d,MG1655,2923200,2929600,2926400.0,medium,WIN_medium_95d7499025fc416d,1.1441220529806395,6400,1.1441220529806395,0.09515607544523333,density,1.1441220529806395,1.1441220529806395,0,4,0,2923200,2932000,4,9ff9b703ade44ba0cda32b062834ba30402f8b6443b02c023d893abe9d0e036a,6400,1282400,242
MSREG_medium_499c6a771ff5fa0c,MG1655,3935200,3941600,3938400.0,medium,WIN_medium_499c6a771ff5fa0c,1.1441220529806395,6400,1.1441220529806395,0.13611438868700323,density,1.1441220529806395,1.1441220529806395,0,4,0,3935200,3944000,4,ac2e8fae458e0ea42f32f3decda59732e79a82da85f5471f252d48651fa58265,6400,1285600,243
MSREG_medium_e7112995bda0a615,MG1655,2744000,2750400,2747200.0,medium,WIN_medium_e7112995bda0a615,1.1441220529806395,6400,1.1441220529806395,0.2871963509166755,density,1.1441220529806395,1.1441220529806395,0,7,0,2741600,2752800,7,c2a7d6c0e6d4a15bf437ff2496b1d53eac9a97941f17a25d86f220a52de09d5b,6400,1292000,244
MSREG_medium_196a530075a87f6e,MG1655,3910400,3916800,3913600.0,medium,WIN_medium_196a530075a87f6e,1.1441220529806395,6400,1.1441220529806395,0.12096645770610648,density,1.1441220529806395,1.1441220529806395,0,4,0,3908000,3916800,4,ee207fd906847db030e38bedf067a90e051c46cef5a105e18e749109bc4f167f,6400,1295200,245
MSREG_medium_2a82930058d226ff,MG1655,2203200,2209600,2206400.0,medium,WIN_medium_2a82930058d226ff,1.1409814389656436,6400,0.0377885608893998,1.1409814389656436,shape,0.8225703901720565,1.4593924877592308,0,4,0,2203200,2212000,4,80e542b7168aca6e2aa8856e932e226cd95859f2a661a92b1e682ea6e6ece906,6400,1298400,246
MSREG_medium_7ae8f6e4c7c27b56,MG1655,1401600,1408000,1404800.0,medium,WIN_medium_7ae8f6e4c7c27b56,1.1407588379815663,6400,0.06276744280661871,1.1407588379815663,shape,1.4313637641589874,0.8501539118041451,0,4,0,1399200,1408000,4,3a4ecad62931049d6465fef33688f6c50ab6c6ee7fa5b9676ab63b9a20efaf0f,6400,1301600,247
MSREG_medium_e5802df12686a963,MG1655,2362400,2368800,2365600.0,medium,WIN_medium_e5802df12686a963,1.1389861975992412,6400,0.057998026042676495,1.1389861975992412,shape,1.255272505103306,1.0226998900951765,0,4,0,2360000,2368800,4,0a9d4b2b3605dd1330fb007c1c2662c0aed21e94449a31700509aa5ec3ff5dd1,6400,1304800,248
MSREG_medium_619ab123086a8f9e,MG1655,921600,928000,924800.0,medium,WIN_medium_619ab123086a8f9e,1.1385452893443064,6400,1.1385452893443064,0.1132354256279754,density,1.173085748915956,1.104004829772657,0,7,0,919200,930400,7,541c6e9d9f4ea222d1afc80549ddc11cdebf3a01c3b78fb6ff2aed8cbb72cd41,6400,1311200,249
MSREG_medium_3c6330cde4b860aa,MG1655,3596000,3602400,3599200.0,medium,WIN_medium_3c6330cde4b860aa,1.1372279107378227,6400,1.1372279107378227,0.06612403637791318,density,1.1441220529806395,1.130333768495006,0,4,0,3593600,3602400,4,7dbde867a69ce25ad5bb7c1e57e5e42c387ca523b6dd4d2736a857b08f422e14,6400,1314400,250
MSREG_medium_65005a7a37a1ef49,MG1655,1656800,1663200,1660000.0,medium,WIN_medium_65005a7a37a1ef49,1.132893490563022,6400,0.0394398786644426,1.132893490563022,shape,0.6716959194693568,1.594091061656687,0,7,0,1654400,1665600,7,1392f563c11ed3ffd8c37c729888f6208145f198153d0da8dfd0809dcd13072a,6400,1320800,251
MSREG_medium_e9baeef9d3ac6883,MG1655,725600,732000,728800.0,medium,WIN_medium_e9baeef9d3ac6883,1.129065134462326,6400,0.007606353493390006,1.129065134462326,shape,1.9365137424788934,0.32161652644575867,0,7,0,723200,734400,7,e70bc4ad03d39ad0780f4cbe8673859125d5eda075d6a86d6fe73637e3883247,6400,1327200,252
MSREG_medium_4ddbd3d8e410dea9,MG1655,4371200,4377600,4374400.0,medium,WIN_medium_4ddbd3d8e410dea9,1.1240634413766482,6400,1.1240634413766482,0.11763282807121317,density,1.1441220529806395,1.104004829772657,0,4,0,4370400,4379200,4,ca0ca301f957b78f03072296430ff8b19fc3eafb1aa91e18334aa941adb83ba6,6400,1329600,253
MSREG_medium_e633bee7f1035bbd,MG1655,1521600,1528000,1524800.0,medium,WIN_medium_e633bee7f1035bbd,1.1220129328353974,6400,0.04555710687294841,1.1220129328353974,shape,1.0557001501981018,1.188325715472693,0,7,0,1519200,1530400,7,635f328c50572c9874dbb6b45274bb559618be35d4f5ea690daa644c6d5bbae4,6400,1336000,254
MSREG_medium_d2685ba9403b74b0,MG1655,1445600,1452000,1448800.0,medium,WIN_medium_d2685ba9403b74b0,1.1197795146891,6400,0.0302121292331282,1.1197795146891,shape,1.0020152912353255,1.2375437381428744,0,7,0,1443200,1454400,7,3f7fd812ab3f844f5714a9f79a646b569e2eec0b739cbc720e8c8862cdaec07b,6400,1342400,255
MSREG_medium_c3fdb2132a5281a6,MG1655,1700800,1707200,1704000.0,medium,WIN_medium_c3fdb2132a5281a6,1.1185708998382569,6400,0.4847300182956939,1.1185708998382569,shape,0.9633858888791946,1.2737559107973193,0,4,0,1698400,1707200,4,f617d30f685b22023216ae0b1d59d31ade262bf44a058d3b99a08ac1963b541d,6400,1345600,256
MSREG_medium_6ba0a3593d578173,MG1655,1603200,1609600,1606400.0,medium,WIN_medium_6ba0a3593d578173,1.1171692991338316,6400,0.029187545835588646,1.1171692991338316,shape,1.4313637641589874,0.8029748341086758,0,4,0,1603200,1612000,4,7c6bd01f305fe8cff395a13b2fa5edabcef725acbea402902323a43a5891e77e,6400,1348800,257
MSREG_medium_8f52b8da2c3382d0,MG1655,3992000,3998400,3995200.0,medium,WIN_medium_8f52b8da2c3382d0,1.1116516495141322,6400,1.1116516495141322,0.2791588960013064,density,1.0791812460476249,1.1441220529806395,0,4,0,3992000,4000800,4,87a4bdd3f768ba491619b68d482bb968c11f0154d1fc87d6c3cda4714ae359b1,6400,1352000,258
MSREG_medium_7ed7607c60f4ec59,MG1655,856800,863200,860000.0,medium,WIN_medium_7ed7607c60f4ec59,1.1068409246058049,6400,0.0377885608893998,1.1068409246058049,shape,0.42329614241095426,1.7903857068006552,0,7,0,854400,865600,7,e538be2c3e5e7bed6edfdd1584eb15ce7c5aac43a14c246e332af2e175467e37,6400,1358400,259
MSREG_medium_a700bea6cff2ec43,MG1655,882400,888800,885600.0,medium,WIN_medium_a700bea6cff2ec43,1.1055128027839347,6400,0.1627297592473152,1.1055128027839347,shape,1.0226998900951765,1.188325715472693,0,7,0,880000,891200,7,a1cd3aab49cb16f4acb58cc4665a00f28f81e4a74e608699700e0d8a08519ecc,6400,1364000,260
MSREG_medium_7d2e6798862d6114,MG1655,930400,936800,933600.0,medium,WIN_medium_7d2e6798862d6114,1.1047575072713154,6400,1.1047575072713154,0.0870947631081069,density,1.130333768495006,1.0791812460476249,0,4,0,928000,936800,4,1a7ebf54f6811c7fb79caa3cbe1c94b7c818077a0d2d3b33ed8f7dc68e04ab4a,6400,1367200,261
MSREG_medium_ec11e43d54583ca5,MG1655,2646400,2652800,2649600.0,medium,WIN_medium_ec11e43d54583ca5,1.0988078956214617,6400,0.7518315880882755,1.0988078956214617,shape,1.4313637641589874,0.7662520270839359,0,7,0,2644000,2655200,7,112e1a3b63479e91d2ff3f352bce42e4c78e56862c1cf3ee10fea6c2e97d6d22,6400,1373600,262
MSREG_medium_b9cb667287cd7e70,MG1655,3220000,3226400,3223200.0,medium,WIN_medium_b9cb667287cd7e70,1.0988078956214617,6400,0.09578457730498455,1.0988078956214617,shape,1.4313637641589874,0.7662520270839359,0,7,0,3217600,3228800,7,21ad4d7a6bb0489f7082bc740274d46d434158cab274c01724a24e7fc6aa2d88,6400,1380000,263
MSREG_medium_b9d6cbdd8d017380,MG1655,915200,921600,918400.0,medium,WIN_medium_b9d6cbdd8d017380,1.0988078956214617,6400,0.2498774732165999,1.0988078956214617,shape,1.4313637641589874,0.7662520270839359,0,7,0,912800,924000,7,62d1e32e038ddadadc0768ddeb4e0b9cb06a43521c5549b0e06e3f27651393bf,6400,1386400,264
MSREG_medium_6d5c55bf77a8f518,MG1655,3512800,3519200,3516000.0,medium,WIN_medium_6d5c55bf77a8f518,1.0988078956214617,6400,1.0988078956214617,0.17163179045883442,density,1.130333768495006,1.0672820227479172,0,7,0,3510400,3521600,7,6cd9792455871f283ca0ebea73779dc181d81432888d60c06ccc5ce7f4dd15de,6400,1392800,265
MSREG_medium_c89e2a497b56687f,MG1655,3339200,3345600,3342400.0,medium,WIN_medium_c89e2a497b56687f,1.0980755264923248,6400,1.0980755264923248,0.2777369549409183,density,1.0791812460476249,1.1169698069370246,0,4,0,3336800,3345600,4,9c9653cc33f29179182170feb16ff0f0faa2312504f650c74084898f58005e73,6400,1396000,266
MSREG_medium_4df8708186361cdc,MG1655,1251200,1257600,1254400.0,medium,WIN_medium_4df8708186361cdc,1.094091061656687,6400,0.2786796812672854,1.094091061656687,shape,1.293061065992706,0.8951210573206683,0,5,0,1248800,1258400,5,a09b616b01e8a04f13abd449ee753098e5b96a4d4f217b4d0c91ee721cb7c278,6400,1400000,267
MSREG_medium_5c2b155a1efe0baa,MG1655,93600,100000,96800.0,medium,WIN_medium_5c2b155a1efe0baa,1.093016959346554,6400,1.093016959346554,0.5177195233611376,density,1.0557001501981018,1.130333768495006,0,2,0,93600,100800,2,0d288743c040bf3299fc83a6faf51b9547dfd62160afc797c455c1d8c3402f49,6400,1400800,268
MSREG_medium_ae71c04303361898,MG1655,3428800,3435200,3432000.0,medium,WIN_medium_ae71c04303361898,1.0863349785675633,6400,1.0863349785675633,0.0926654511865632,density,1.1169698069370246,1.0557001501981018,0,5,0,3426400,3436000,5,ad3971562d912e7f24edefdb0fb065edea8d43dd38b22fa63bbcfbb5bd6fd0d0,6400,1404800,269
MSREG_medium_5a3c6e36dcdf02dc,MG1655,1905600,1912000,1908800.0,medium,WIN_medium_5a3c6e36dcdf02dc,1.083410971537908,6400,1.083410971537908,0.0714134052499159,density,1.1441220529806395,1.0226998900951765,0,4,0,1905600,1914400,4,a19238f5fefd743945b94261bfd60ecca138d12cfa46da96af50c7a70ebbebe2,6400,1408000,270
MSREG_medium_028334a0ce32f4b0,MG1655,4489600,4496000,4492800.0,medium,WIN_medium_028334a0ce32f4b0,1.0801888916652875,6400,0.24017933252270346,1.0801888916652875,shape,1.0020152912353255,1.1583624920952496,0,7,0,4487200,4498400,7,0f4e0b04fdfc08f5d06e5f3724be5b9d0cf03cdc78249a7b9ac8b8a720dbbd59,6400,1414400,271
MSREG_medium_db06b5f8d89fc97a,MG1655,2576800,2583200,2580000.0,medium,WIN_medium_db06b5f8d89fc97a,1.0751967812119871,6400,0.10942161973831555,1.0751967812119871,shape,1.255272505103306,0.8951210573206683,0,7,0,2574400,2585600,7,ebd24f3231a78569194349d56a800842d7bf65f2c67c5c11dc6e4b4e33aeb317,6400,1420800,272
MSREG_medium_4bd3f533b41bc138,MG1655,1778400,1784800,1781600.0,medium,WIN_medium_4bd3f533b41bc138,1.070316862567409,6400,0.04166135318930209,1.070316862567409,shape,1.2041199826559248,0.9365137424788933,0,7,0,1776000,1787200,7,ad917d59c3c670c0b16ed8765c67a73b2492e0b6c89116c1df782b7d1aca29b1,6400,1427200,273
MSREG_medium_b30a03dc4537e550,MG1655,2562400,2568800,2565600.0,medium,WIN_medium_b30a03dc4537e550,1.0698348485161007,6400,1.0698348485161007,0.0696503597791518,density,1.0226998900951765,1.1169698069370246,0,4,0,2562400,2571200,4,173673a92c35ae519162156e06cd51772766c921423dab2494fa8ba471839028,6400,1430400,274
MSREG_medium_83b812248b9d0fc5,MG1655,2386400,2392800,2389600.0,medium,WIN_medium_83b812248b9d0fc5,1.0680765616546821,6400,1.0680765616546821,0.06611614783103811,density,1.1441220529806395,0.9920310703287247,0,4,0,2384000,2392800,4,b50c9752688e72486713aaf4136220390483e5fdf46e9ab9690354fa260276c4,6400,1433600,275
MSREG_medium_60cbc2b85b1f1712,MG1655,3228800,3235200,3232000.0,medium,WIN_medium_60cbc2b85b1f1712,1.0674406981228635,6400,0.06436725091755516,1.0674406981228635,shape,1.0557001501981018,1.0791812460476249,0,7,0,3226400,3237600,7,dee21c18a0d4ac0190b2f339aeac0660cbd3df54c4f6b31dd0657550652ee943,6400,1440000,276
MSREG_medium_d22e996a2d5f5db9,MG1655,1758400,1764800,1761600.0,medium,WIN_medium_d22e996a2d5f5db9,1.0636641291776405,6400,0.08955885684293455,1.0636641291776405,shape,0.9542425094393249,1.173085748915956,0,7,0,1756000,1767200,7,c56b3c43cc9451a9f5daaefc7b691dd7518860f51f2e8c374a638d2657acdd78,6400,1446400,277
MSREG_medium_ac3df110941a06e2,MG1655,973600,980000,976800.0,medium,WIN_medium_ac3df110941a06e2,1.0631966430101039,6400,0.555339540249268,1.0631966430101039,shape,0.6670007982609769,1.4593924877592308,0,4,0,973600,982400,4,1256327a6e5ffc1409084e8c02f9478e093687a8d4095af61649b976ac769966,6400,1449600,278
MSREG_medium_26072f505efe5456,MG1655,3732000,3738400,3735200.0,medium,WIN_medium_26072f505efe5456,1.0631966430101039,6400,1.0631966430101039,0.06087727061177558,density,1.1441220529806395,0.9822712330395684,0,4,0,3729600,3738400,4,bb1964547eabfa31d73ab757f0f37c1a9814eecbc74597dff1871bc02c63f3cb,6400,1452800,279
MSREG_medium_8be6245c8b0dcdc2,MG1655,3528000,3534400,3531200.0,medium,WIN_medium_8be6245c8b0dcdc2,1.062419728975793,6400,1.062419728975793,0.05176304623344557,density,1.0914157024646365,1.0334237554869496,0,4,0,3525600,3534400,4,600a68f701ce459d4857f8128f75deab2ae15ce42a7a4a6a9997fc97920c04e6,6400,1456000,280
MSREG_medium_349666190d736cf9,MG1655,2776000,2782400,2779200.0,medium,WIN_medium_349666190d736cf9,1.0614910864730094,6400,0.04166135318930209,1.0614910864730094,shape,1.0557001501981018,1.0672820227479172,0,7,0,2773600,2784800,7,93cdeedda881ec24f5fa77aaf3974dd512d1286b3b2a3a74ef8e402f13acc8ad,6400,1462400,281
MSREG_medium_a23892c279fccae1,MG1655,2760000,2766400,2763200.0,medium,WIN_medium_a23892c279fccae1,1.059492549086175,6400,0.096161104010065,1.059492549086175,shape,1.0020152912353255,1.1169698069370246,0,7,0,2757600,2768800,7,36c523c76a6397531ef617ac7e7d4c6fcd401ee731e8683627e00743663924ba,6400,1468800,282
MSREG_medium_c41b50f1651405de,MG1655,1236000,1242400,1239200.0,medium,WIN_medium_c41b50f1651405de,1.059492549086175,6400,0.2664622969309166,1.059492549086175,shape,1.0020152912353255,1.1169698069370246,0,4,0,1233600,1242400,4,bbf4b41f2dc2f593c6b6d8d5710fe616a550bcb13bfa46e7e6c71432c9cc44bd,6400,1472000,283
MSREG_medium_92bbd667e5f40acd,MG1655,1338400,1344800,1341600.0,medium,WIN_medium_92bbd667e5f40acd,1.0584239840569887,6400,1.0584239840569887,0.08343489151285863,density,1.1441220529806395,0.9727259151333381,0,7,0,1336000,1347200,7,f5c92c6d023fa123f5e60869e5663179b1a87a642606bc9234fafc62fca54fcf,6400,1478400,284
MSREG_medium_a8a91b5fc8233ec2,MG1655,2608000,2614400,2611200.0,medium,WIN_medium_a8a91b5fc8233ec2,1.0563025007672873,6400,0.04553988560752299,1.0563025007672873,shape,1.4593924877592308,0.6532125137753437,0,7,0,2605600,2616800,7,88428ba8a2874492db976a55a4b1e357ade154f3e2c00187ff7c01fa01fa15be,6400,1484800,285
MSREG_medium_c5d692a81980b293,MG1655,793600,800000,796800.0,medium,WIN_medium_c5d692a81980b293,1.0563025007672873,6400,0.24366771663338965,1.0563025007672873,shape,1.4313637641589874,0.6812412373755872,0,4,0,793600,802400,4,dadf653db53044f3517cd0874700d23ed95375cae00d098e644f3e6008a78847,6400,1488000,286
MSREG_medium_8c70338b102bd350,MG1655,1894400,1900800,1897600.0,medium,WIN_medium_8c70338b102bd350,1.049182281209982,6400,0.3754123588298373,1.049182281209982,shape,1.5563025007672873,0.542062061652677,0,6,0,1892000,1902400,6,0c8728029da27cfb99796f434a317d1b2b87ba913d12e2d21d8bb454ab97b1b8,6400,1492800,287
MSREG_medium_1b92779f45f61455,MG1655,753600,760000,756800.0,medium,WIN_medium_1b92779f45f61455,1.0474381172870715,6400,0.4089316475988076,1.0474381172870715,shape,1.4593924877592308,0.635483746814912,0,7,0,751200,762400,7,649655350d7c823d7b667bc187269491b8710f54a9ff10b3efb917dea698f713,6400,1499200,288
MSREG_medium_766966a107766c93,MG1655,3332800,3339200,3336000.0,medium,WIN_medium_766966a107766c93,1.0449909564215467,6400,1.0449909564215467,0.20597467487046497,density,1.0672820227479172,1.0226998900951765,0,7,0,3330400,3341600,7,840a8cb6b98f28c80cc94be6b60a089f0b1aff7e2ad86a49445163938bdd6f3e,6400,1505600,289
MSREG_medium_302105c29bdddab2,MG1655,2138400,2144800,2141600.0,medium,WIN_medium_302105c29bdddab2,1.0449909564215467,6400,1.0449909564215467,0.07922313805912767,density,1.0672820227479172,1.0226998900951765,0,7,0,2136000,2147200,7,c5bcec2beeb835691d596d91819e8f37572a0a68e956994c45b05053e37faf24,6400,1512000,290
MSREG_medium_2e2ba4e02ede0a95,MG1655,4564800,4571200,4568000.0,medium,WIN_medium_2e2ba4e02ede0a95,1.0418644368991727,6400,0.18994929538119926,1.0418644368991727,shape,1.2041199826559248,0.8796088911424207,0,7,0,4562400,4573600,7,c1027a88058ba5fb8dfd015ecb5911b05f6aecb569e82d0441df837e0dc81dd2,6400,1518400,291
MSREG_medium_168c6a8939fbfae9,MG1655,1726400,1732800,1729600.0,medium,WIN_medium_168c6a8939fbfae9,1.0417233863966806,6400,0.06378896231758407,1.0417233863966806,shape,0.7903857068006552,1.293061065992706,0,7,0,1724000,1735200,7,852e311454cc0544a35dd93e2eec0c5a430290d2b5941834ac8dc80f57364deb,6400,1524800,292
MSREG_medium_756992d581d54f2a,MG1655,4556000,4562400,4559200.0,medium,WIN_medium_756992d581d54f2a,1.0400378883538273,6400,0.12977465618584827,1.0400378883538273,shape,1.4313637641589874,0.6487120125486673,0,7,0,4553600,4564800,7,6367c1a21d423af019158318c4cbd63095889efa8a260a290bc8754bc0bf515f,6400,1531200,293
MSREG_medium_2eca853edabca66d,MG1655,464000,470400,467200.0,medium,WIN_medium_2eca853edabca66d,1.0389214476376814,6400,0.24103559663721105,1.0389214476376814,shape,0.8225703901720565,1.255272505103306,0,7,0,461600,472800,7,c4b16260b8271dfc5b2d3e1976b3efc20bd46ee857e97d7d3172c16e4f46082f,6400,1537600,294
MSREG_medium_e0c4abc95d3ac640,MG1655,1125600,1132000,1128800.0,medium,WIN_medium_e0c4abc95d3ac640,1.0389214476376814,6400,0.6464848418355422,1.0389214476376814,shape,1.255272505103306,0.8225703901720565,0,7,0,1123200,1134400,7,ef35d62a810048a3d6c1b09d594757392b51fb16471685632bff476261a0cd69,6400,1542400,295
MSREG_medium_8caeef7f5cee7a08,MG1655,1740800,1747200,1744000.0,medium,WIN_medium_8caeef7f5cee7a08,1.0360178118488077,6400,1.0360178118488077,0.11180736643794498,density,1.1441220529806395,0.9279135707169758,0,7,0,1738400,1749600,7,22798dca7708de3a374ef5a9d2d9ac46784ad112b1f27a1f532fd40f65118f30,6400,1548800,296
MSREG_medium_6eb2c0cf12fdbe0c,MG1655,3630400,3636800,3633600.0,medium,WIN_medium_6eb2c0cf12fdbe0c,1.0347851846546863,6400,1.0347851846546863,0.05011679652430231,density,1.1583624920952496,0.911207877214123,0,7,0,3628000,3639200,7,6654b0248f6842ca428dd9c0fc8f35ede5138e84f3212fc1c8ee09593f96d873,6400,1555200,297
MSREG_medium_0ee9b49adbe446f8,MG1655,590400,596800,593600.0,medium,WIN_medium_0ee9b49adbe446f8,1.0307262395435965,6400,0.033435970362799834,1.0307262395435965,shape,0.8573324964312684,1.2041199826559248,0,7,0,588000,599200,7,cd39ae7b453d0dc8dce0f55c001ae51d26df0601b237820e8828d3ad6cec505a,6400,1561600,298
MSREG_medium_e7ad18f7bcd8ef31,MG1655,1109600,1116000,1112800.0,medium,WIN_medium_e7ad18f7bcd8ef31,1.0307262395435965,6400,0.552698376498462,1.0307262395435965,shape,1.334453751150931,0.7269987279362623,0,7,0,1107200,1118400,7,f88c0d407fbead8b7d16ae4e2727a978f101f1cf362e2cfbbbdb026230dd5b12,6400,1567200,299
MSREG_medium_205d76e83702ae44,MG1655,116800,123200,120000.0,medium,WIN_medium_205d76e83702ae44,1.0301907343623338,6400,1.0301907343623338,0.09530039768964713,density,1.173085748915956,0.8872957198087117,0,4,0,114400,123200,4,9bb49cfec017bc4c218a9d64f07f86b5fb071b919616280f53a58b0385f1e6cc,6400,1570400,300
MSREG_medium_9deb5ee156a8017f,MG1655,2002400,2008800,2005600.0,medium,WIN_medium_9deb5ee156a8017f,1.0291236696059909,6400,0.2723647234135933,1.0291236696059909,shape,1.104004829772657,0.9542425094393249,0,7,0,2000000,2011200,7,20564519b4c6b92bfae0a5828c72932e7073978231eea08e402d945c0ae277b5,6400,1576800,301
MSREG_medium_bf695c73333f8022,MG1655,1697600,1704000,1700800.0,medium,WIN_medium_bf695c73333f8022,1.026741774707959,6400,0.4993308246138689,1.026741774707959,shape,0.8951210573206683,1.1583624920952496,0,4,0,1695200,1704000,4,2123349b3c7fd23e0a307f4d6198fb9ebfd5856a9e33750222913fed83669bc6,6400,1580000,302
MSREG_medium_8f127cd4c92d9ae7,MG1655,689600,696000,692800.0,medium,WIN_medium_8f127cd4c92d9ae7,1.0254297027948844,6400,0.24460605948867764,1.0254297027948844,shape,0.7164056544388382,1.334453751150931,0,7,0,687200,698400,7,dbaf04f2afef671e48dd9a7cadd289b9275957c0030d221a43a56793ab28a98f,6400,1586400,303
MSREG_medium_5704e5add70fc227,MG1655,2913600,2920000,2916800.0,medium,WIN_medium_5704e5add70fc227,1.0236060199862915,6400,1.0236060199862915,0.08859785606554715,density,0.9030899869919435,1.1441220529806395,0,4,0,2911200,2920000,4,1b6e04964dd57f7a5130118294a85bcc5b2115c349a487ee621345d2fe741da2,6400,1588800,304
MSREG_medium_29e49676c00fda35,MG1655,840800,847200,844000.0,medium,WIN_medium_29e49676c00fda35,1.023217215511869,6400,0.07978863254014595,1.023217215511869,shape,1.0020152912353255,1.0444191397884128,0,4,0,840800,849600,4,5b9626bb5db686ee509d93e9c91006897682ded079dd50350766dd5ef9717d27,6400,1592000,305
MSREG_medium_2d831cd3e18e52ce,MG1655,3555200,3561600,3558400.0,medium,WIN_medium_2d831cd3e18e52ce,1.023217215511869,6400,1.023217215511869,0.06261214461443194,density,1.0020152912353255,1.0444191397884128,0,2,0,3555200,3562400,2,63a404b7f94229081341e018adf9df2ce80816462f0cf7d3ad55e1fe41d53076,6400,1592800,306
MSREG_medium_e50a2fb4579d753e,MG1655,4113600,4120000,4116800.0,medium,WIN_medium_e50a2fb4579d753e,1.0182251050585687,6400,1.0182251050585687,0.09829863739713854,density,0.9920310703287247,1.0444191397884128,0,7,0,4111200,4122400,7,ef0b4a95e6efe5ebad4e03d3e9f0a189fd777ec61f37d8ffb2bc81026ccac8f2,6400,1599200,307
MSREG_medium_2979538364679748,MG1655,3401600,3408000,3404800.0,medium,WIN_medium_2979538364679748,1.0170891971102658,6400,0.3356076921800676,1.0170891971102658,shape,0.7604224834232121,1.2737559107973193,0,7,0,3399200,3410400,7,3fe09b60a76d76e929df498a48a0ae54ffc7e2748d8e13d9e0e7dbe0e8bf31d2,6400,1604800,308
MSREG_medium_e12dfa05e32e69db,MG1655,4430400,4436800,4433600.0,medium,WIN_medium_e12dfa05e32e69db,1.01421303266572,6400,0.27213236481676295,1.01421303266572,shape,1.0557001501981018,0.9727259151333381,0,7,0,4428000,4439200,7,56ca49a03394e12feeb3f1ea620439a1ab00b02bc44f8d4a1914d8fb7c8b7616,6400,1611200,309
MSREG_medium_c4f26dbbb56d406d,MG1655,1793600,1800000,1796800.0,medium,WIN_medium_c4f26dbbb56d406d,1.012357590665251,6400,1.012357590665251,0.09768107181355412,density,1.0226998900951765,1.0020152912353255,0,4,0,1791200,1800000,4,19c1372f642b0e6b49f817248c3c1ec67a55c214624e02dc45ce0298d2a0d937,6400,1614400,310
MSREG_medium_3604f709c8163405,MG1655,3392800,3399200,3396000.0,medium,WIN_medium_3604f709c8163405,1.012357590665251,6400,0.6377977938008309,1.012357590665251,shape,1.0020152912353255,1.0226998900951765,0,4,0,3390400,3399200,4,ab7965c3474cf01e49ec8da8a9a1e6ca16f62a120b48afdc119b4ed926eb3e52,6400,1617600,311
MSREG_medium_a85f61f033056317,MG1655,1679200,1685600,1682400.0,medium,WIN_medium_a85f61f033056317,1.0073654802119507,6400,0.3927934119594433,1.0073654802119507,shape,1.293061065992706,0.7216698944311953,0,7,0,1676800,1688000,7,2bae2e3a3bb996e20688cd6517095d1735313718e04f5cdb85fef649fcc946a7,6400,1623200,312
MSREG_medium_52d51c797a4669b1,MG1655,1668800,1675200,1672000.0,medium,WIN_medium_52d51c797a4669b1,1.0060454321288463,6400,0.26813182566439087,1.0060454321288463,shape,0.8951210573206683,1.1169698069370246,0,7,0,1666400,1677600,7,f56f37b32f116142ae0b7db973e7e0b721ffe3494dc0a3515c4aaa6b14983aca,6400,1629600,313
MSREG_medium_4b99e9935673917d,MG1655,3178400,3184800,3181600.0,medium,WIN_medium_4b99e9935673917d,1.0020152912353255,6400,1.0020152912353255,0.24517389655892402,density,1.0020152912353255,1.0020152912353255,0,4,0,3178400,3187200,4,24077574f5aec810c56e9a9bd1779eb7e819a33b3d90b1a321f59538c71a6d2c,6400,1632800,314
MSREG_medium_3f4c35c8571a5422,MG1655,3018400,3024800,3021600.0,medium,WIN_medium_3f4c35c8571a5422,0.9978280695440063,6400,0.04442056745412484,0.9978280695440063,shape,1.173085748915956,0.8225703901720565,0,5,0,3016000,3025600,5,4240de7c8db9a786ac4ec6584968683b93d5b2b27e8e0bf2a41645f8e2eb119c,6400,1636800,315
MSREG_medium_d6d03171268cb937,MG1655,51200,57600,54400.0,medium,WIN_medium_d6d03171268cb937,0.9977129026142573,6400,0.9977129026142573,0.3291765753807697,density,0.9727259151333381,1.0226998900951765,0,7,0,48800,60000,7,aaa9662b77158569747595fd6a3a22235c82239946cd82976a9a087ceb62632b,6400,1643200,316
MSREG_medium_890ef95b024b7d50,MG1655,2344800,2351200,2348000.0,medium,WIN_medium_890ef95b024b7d50,0.9951945616308739,6400,0.28148162002628463,0.9951945616308739,shape,0.911207877214123,1.0791812460476249,0,7,0,2342400,2353600,7,0ac0709b50f86eb66956ef2e418fd04c6ff1f0d13f39201001c20ede1f4f6731,6400,1649600,317
MSREG_medium_b7cb262481f3391a,MG1655,2501600,2508000,2504800.0,medium,WIN_medium_b7cb262481f3391a,0.9951945616308739,6400,0.09102961244678817,0.9951945616308739,shape,1.3802112417116061,0.6101778815501419,0,7,0,2499200,2510400,7,36009796c01cee708bcac3d24fd2b50157fb32b58dccd302b85c195ffe8f8e74,6400,1656000,318
MSREG_medium_6beee68bf65383d0,MG1655,2101600,2108000,2104800.0,medium,WIN_medium_6beee68bf65383d0,0.9936070551486489,6400,0.9936070551486489,0.014308707844885669,density,1.1441220529806395,0.8430920573166583,0,4,0,2099200,2108000,4,c06ec998fe7ced7239a481bed4f189854fedcbe7a5924aa7ddc517650a1df064,6400,1659200,319
MSREG_medium_49682a3952748a88,MG1655,4072800,4079200,4076000.0,medium,WIN_medium_49682a3952748a88,0.992143262137447,6400,0.992143262137447,0.0945833410929333,density,1.0020152912353255,0.9822712330395684,0,7,0,4070400,4081600,7,5758a735cd8d88e285a82769ecf7c343b54510997a9ba92d5f4924318beaafae,6400,1665600,320
MSREG_medium_720ed5ff3bdb58a6,MG1655,2405600,2412000,2408800.0,medium,WIN_medium_720ed5ff3bdb58a6,0.9918068604575387,6400,0.9918068604575387,0.10916178096021106,density,1.0557001501981018,0.9279135707169758,0,4,0,2405600,2414400,4,bd3c42b950327f0d1efa36dfcb55794d8270c5a81177d58ae61f806fa0ea08f4,6400,1668800,321
MSREG_medium_9ec3a0e721b78982,MG1655,2007200,2013600,2010400.0,medium,WIN_medium_9ec3a0e721b78982,0.9911356165197842,6400,0.2401652658490604,0.9911356165197842,shape,1.2041199826559248,0.7781512503836436,0,6,0,2005600,2016000,6,3cdb51c0b3e6a39a0316bc6dbe41c2946f1020755093906824720f665af55d8e,6400,1673600,322
MSREG_medium_994b96a7120c7c17,MG1655,3540000,3546400,3543200.0,medium,WIN_medium_994b96a7120c7c17,0.9908007710548963,6400,0.37069158071341657,0.9908007710548963,shape,1.1169698069370246,0.8646317351727679,0,7,0,3537600,3548800,7,8b8f866c6dfaaac1c35264a3da9d14ed8bd49babb413f8d4935fb8070fa40cbe,6400,1679200,323
MSREG_medium_e7444b60a1eb614d,MG1655,3839200,3845600,3842400.0,medium,WIN_medium_e7444b60a1eb614d,0.9902438401495757,6400,0.2635173077736466,0.9902438401495757,shape,1.4313637641589874,0.5491239161401639,0,7,0,3836800,3848000,7,300dabb08cfa9d7b32c17ef2be3355e2ee321e7be60a487ca5a6ff01d9743aa1,6400,1685600,324
MSREG_medium_52a6f3b4e083e8ee,MG1655,2604800,2611200,2608000.0,medium,WIN_medium_52a6f3b4e083e8ee,0.9878101726481032,6400,0.04055618992010494,0.9878101726481032,shape,0.4862646341595322,1.4893557111366742,0,1,0,2604800,2611200,1,4988998b1e3333d71559c8c021d51e71d10e47550da77fb7efdcb4c040c31677,6400,1685600,325
MSREG_medium_d1eebbfe4f187ffb,MG1655,1052800,1059200,1056000.0,medium,WIN_medium_d1eebbfe4f187ffb,0.9843182824727125,6400,0.0966272352403929,0.9843182824727125,shape,0.8646317351727679,1.104004829772657,0,7,0,1050400,1061600,7,ba2553ae96b3ed24ff199f48160cdfb004b7a76a03a68916d0f2129ce7cf6111,6400,1692000,326
MSREG_medium_5b482104674166f1,MG1655,1828800,1835200,1832000.0,medium,WIN_medium_5b482104674166f1,0.9823784927310314,6400,0.03614695739651064,0.9823784927310314,shape,0.6716959194693568,1.293061065992706,0,5,0,1826400,1836000,5,727e1eb8357fdabc8e3de29f2b42774c5142f2292efd5fda6ba5e372bb52e475,6400,1696000,327
MSREG_medium_bfb9ee4c5b21038b,MG1655,1175200,1181600,1178400.0,medium,WIN_medium_bfb9ee4c5b21038b,0.9819497714842629,6400,0.5221709075170098,0.9819497714842629,shape,1.2205103988440942,0.7433891441244317,0,7,0,1172800,1184000,7,4e2543e1e1538463dd66a8d4f6568d632bbdbc8d72ef3a88b4e05486c02131f1,6400,1702400,328
MSREG_medium_8803e2151eb367ca,MG1655,802400,808800,805600.0,medium,WIN_medium_8803e2151eb367ca,0.9817357278583057,6400,0.037243662964838053,0.9817357278583057,shape,0.8720557532519748,1.0914157024646365,0,7,0,800000,811200,7,49d7253f479df859039f41bd7e733f1d30506a5196701352503c1044f8620ebb,6400,1708800,329
MSREG_medium_4fb50faf5499587f,MG1655,528000,534400,531200.0,medium,WIN_medium_4fb50faf5499587f,0.9814150574958928,6400,0.11762882790098123,0.9814150574958928,shape,1.356730145862083,0.6060999691297024,0,7,0,525600,536800,7,61a48bffc02e579b9a2009d74c7750817d8651cb1cc142c338f6c08b25941558,6400,1715200,330
MSREG_medium_2536375a52d8fba9,MG1655,1785600,1792000,1788800.0,medium,WIN_medium_2536375a52d8fba9,0.9796068162870348,6400,0.26266923558140576,0.9796068162870348,shape,1.0226998900951765,0.9365137424788933,0,7,0,1783200,1794400,7,37dd320af5b0d669d82c81d8cff31fdb9273f4e3d583c3a713b0d5bab0314bb1,6400,1721600,331
MSREG_medium_f346928ac1f50f57,MG1655,2480800,2487200,2484000.0,medium,WIN_medium_f346928ac1f50f57,0.9793950685950228,6400,0.9793950685950228,0.07858892097491864,density,1.0791812460476249,0.8796088911424207,0,7,0,2478400,2489600,7,fc64828278c4cbadf89f1e7e89b981abe0d5ac53b790e63ee46ad65740ef06bf,6400,1727200,332
MSREG_medium_d11a5d112fd5d5ff,MG1655,1289600,1296000,1292800.0,medium,WIN_medium_d11a5d112fd5d5ff,0.9778135085012679,6400,0.9778135085012679,0.10148734727969641,density,1.0444191397884128,0.911207877214123,0,4,0,1287200,1296000,4,c0cadfb2eabcf163abaf661712b6a0fc92c7e3bd273a0ee177f06662ce67e021,6400,1730400,333
MSREG_medium_6e2b16393dce83bc,MG1655,2860000,2866400,2863200.0,medium,WIN_medium_6e2b16393dce83bc,0.9774985740864532,6400,0.12162551571041691,0.9774985740864532,shape,1.3802112417116061,0.5747859064613003,0,7,0,2857600,2868800,7,e8adb2aca27e9e3c91ce6698b1c82ecfb91fd07287a22b233ac3aec97c7c6e7f,6400,1736800,334
MSREG_medium_5780cca291962e37,MG1655,1764000,1770400,1767200.0,medium,WIN_medium_5780cca291962e37,0.9731367898840249,6400,0.18678017698412194,0.9731367898840249,shape,0.9542425094393249,0.9920310703287247,0,7,0,1761600,1772800,7,08ab0370ac814a869cb685f432c19d1554cbee76647e169a64d5dd798f3f9446,6400,1742400,335
MSREG_medium_4fb977ff4ab589bf,MG1655,3336000,3342400,3339200.0,medium,WIN_medium_4fb977ff4ab589bf,0.9728285609593815,6400,0.9728285609593815,0.4275715473705315,density,0.9633858888791946,0.9822712330395684,0,1,0,3336000,3342400,1,8a03dc59e27cf8c414d7ca6b894c5b3f5d9248b8b1a33c62805138182291c9b5,6400,1742400,336
MSREG_medium_63f8f98cc59b1257,MG1655,760000,766400,763200.0,medium,WIN_medium_63f8f98cc59b1257,0.9686593685575616,6400,0.9686593685575616,0.2580726813106846,density,0.6442576711224173,1.293061065992706,0,7,0,757600,768800,7,b8c09f49fa343f95f42261fbf21415b0f110181e806ce53a62650b1e68a8a1c6,6400,1748800,337
MSREG_medium_9b6944f066b1ea97,MG1655,2260800,2267200,2264000.0,medium,WIN_medium_9b6944f066b1ea97,0.9682568712394466,6400,0.9682568712394466,0.07142957226335833,density,0.8573324964312684,1.0791812460476249,0,4,0,2260800,2269600,4,39bca4b7ada7448966900b058ee35ed85ae5dfd124ee223e3490803c52bafbb8,6400,1752000,338
MSREG_medium_2b4081f0f3df2ea3,MG1655,3200000,3206400,3203200.0,medium,WIN_medium_2b4081f0f3df2ea3,0.9682568712394466,6400,0.34213384600288754,0.9682568712394466,shape,1.2041199826559248,0.7323937598229685,0,7,0,3197600,3208800,7,d8e23e993e2f800a940b39117dcfa1582d6b325b090aea445a21accf1e70ee1d,6400,1758400,339
MSREG_medium_c24b98548dff922f,MG1655,4160000,4166400,4163200.0,medium,WIN_medium_c24b98548dff922f,0.9649644309761507,6400,0.9649644309761507,0.1407276920455315,density,1.0020152912353255,0.9279135707169758,0,7,0,4157600,4168800,7,ddee2a747aca68d7ac921703afbb3aed99bb55db7c64b5ab77e1eb8ec214206a,6400,1764800,340
MSREG_medium_6a79fcb516c8ea09,MG1655,215200,221600,218400.0,medium,WIN_medium_6a79fcb516c8ea09,0.9602628185473815,6400,0.25079508377684284,0.9602628185473815,shape,1.2041199826559248,0.7164056544388382,0,5,0,212800,222400,5,3b4d51d92b1c9eebaca68f325266aeed4b4855cc32cc5c79792c2a0a402cb6d0,6400,1768800,341
MSREG_medium_aa528213b12515c6,MG1655,2749600,2756000,2752800.0,medium,WIN_medium_aa528213b12515c6,0.9599723205228503,6400,0.9599723205228503,0.115663681086765,density,0.9279135707169758,0.9920310703287247,0,7,0,2747200,2758400,7,f370bf175067e8fed999f9a53afd7eee15d6de8d3423daf3dc3ee44f306d8b73,6400,1774400,342
MSREG_medium_956dd9b0dc45ad45,MG1655,2675200,2681600,2678400.0,medium,WIN_medium_956dd9b0dc45ad45,0.9582374465201939,6400,0.04553414548920438,0.9582374465201939,shape,1.173085748915956,0.7433891441244317,0,7,0,2672800,2684000,7,e7a8ce30012a9560b1e26a052a73a4e3093eec190974ed10720bb3ce80c501c5,6400,1780800,343
MSREG_medium_8ffa432fba6021b5,MG1655,4627200,4633600,4630400.0,medium,WIN_medium_8ffa432fba6021b5,0.9567068869433714,6400,0.28920128043890925,0.9567068869433714,shape,0.8094089441140857,1.104004829772657,0,7,0,4624800,4636000,7,698c3da63e26ec14fc07e8f5854ea0d6141556fdba70ab7a8250af626cf2760a,6400,1787200,344
MSREG_medium_266652e715d63616,MG1655,716000,722400,719200.0,medium,WIN_medium_266652e715d63616,0.9527397543694622,6400,0.10979170460156745,0.9527397543694622,shape,1.173085748915956,0.7323937598229685,0,7,0,713600,724800,7,9b0f839f286ab7cc9f55ac1d045e7a1b70250b722267ddc33ff2de620c9833af,6400,1793600,345
MSREG_medium_1a9d520470f917bc,MG1655,2180800,2187200,2184000.0,medium,WIN_medium_1a9d520470f917bc,0.9527397543694622,6400,0.14838223805034084,0.9527397543694622,shape,1.173085748915956,0.7323937598229685,0,7,0,2178400,2189600,7,aed1740459ef9923384c1c2d97346b4b546bf890e776a4c07a3bdeb859296509,6400,1800000,346
MSREG_medium_6c9360920617082b,MG1655,4282400,4288800,4285600.0,medium,WIN_medium_6c9360920617082b,0.9508758181098407,6400,0.12579680602514468,0.9508758181098407,shape,0.8225703901720565,1.0791812460476249,0,7,0,4280000,4291200,7,a661b0e729063fe22d92a78f65dd84b5b3334a6819e7cca1a9d4b112cf87eb55,6400,1806400,347
MSREG_medium_2fc2677b2521db1c,MG1655,2851200,2857600,2854400.0,medium,WIN_medium_2fc2677b2521db1c,0.9475605286603341,6400,0.04553414548920438,0.9475605286603341,shape,0.9920310703287247,0.9030899869919435,0,7,0,2848800,2860000,7,96707f17d8bb7ec1b7a11e02ec4f555736943e331d0687b35a0bbc35e596a8d9,6400,1812800,348
MSREG_medium_0b98539c8763425f,MG1655,4076000,4082400,4079200.0,medium,WIN_medium_0b98539c8763425f,0.9396633950687182,6400,0.9396633950687182,0.11964219985958788,density,0.9920310703287247,0.8872957198087117,0,2,0,4076000,4083200,2,98e70c5f0b452a81610bbd3eb95e2a1f6c65ba50460144c85bfd0840896b52e6,6400,1813600,349
MSREG_medium_010232dac59c5087,MG1655,3791200,3797600,3794400.0,medium,WIN_medium_010232dac59c5087,0.9396633950687182,6400,0.9396633950687182,0.1298889030099164,density,0.9920310703287247,0.8872957198087117,0,7,0,3788800,3800000,7,f726589fac7b6d9152d28c2fea2293ca65598b886b512601d04ea551225461d5,6400,1819200,350
MSREG_medium_ee7a4d9b7da82c3e,MG1655,2701600,2708000,2704800.0,medium,WIN_medium_ee7a4d9b7da82c3e,0.9351284284282965,6400,0.38882444269886135,0.9351284284282965,shape,1.0672820227479172,0.8029748341086758,0,7,0,2699200,2710400,7,301c961eb9f78d1283b50c1761f5268bef27eb5965d61338567e3401617260eb,6400,1825600,351
MSREG_medium_d1614b03c8c7c486,MG1655,2880000,2886400,2883200.0,medium,WIN_medium_d1614b03c8c7c486,0.932725193326724,6400,0.11833800830582378,0.932725193326724,shape,0.911207877214123,0.9542425094393249,0,4,0,2880000,2888800,4,df73d7c7879501fd5c2d888868dac90a85f268ef4d6b4eca7591cf216459e68e,6400,1828800,352
MSREG_medium_e9ba1bb6900076ee,MG1655,478400,484800,481600.0,medium,WIN_medium_e9ba1bb6900076ee,0.9300951301263072,6400,0.5527577103989478,0.9300951301263072,shape,1.2375437381428744,0.6226465221097399,0,7,0,476000,487200,7,fa110df730d838e56da2c9d0108f68983a50dea23059300a16ea7681bc42b9b7,6400,1835200,353
MSREG_medium_51ab1940852bc60f,MG1655,996000,1002400,999200.0,medium,WIN_medium_51ab1940852bc60f,0.9296738938332969,6400,0.041103850338906345,0.9296738938332969,shape,1.0020152912353255,0.8573324964312684,0,4,0,993600,1002400,4,c37a0ba931a8d49588aa05325e0f1810a02a7cfc6a824cb144c730650eaf047f,6400,1838400,354
MSREG_medium_a670c0e86100c83c,MG1655,1804800,1811200,1808000.0,medium,WIN_medium_a670c0e86100c83c,0.9294215437282534,6400,0.9294215437282534,0.08648221759345376,density,1.0226998900951765,0.8361431973613304,0,6,0,1803200,1813600,6,4c215dd1ace6a935ae90374bb18f03659ed9d3ce4762141eb7c2e435ba10b674,6400,1843200,355
MSREG_medium_81df846af152f4c2,MG1655,2449600,2456000,2452800.0,medium,WIN_medium_81df846af152f4c2,0.9259190929439243,6400,0.0984597122835956,0.9259190929439243,shape,0.7604224834232121,1.0914157024646365,0,7,0,2447200,2458400,7,f7489033834618dbc465787a859999eb6d1fb8e2838599db25979abc07af17ec,6400,1849600,356
MSREG_medium_409f532042fcd7b4,MG1655,3471200,3477600,3474400.0,medium,WIN_medium_409f532042fcd7b4,0.9246817833799965,6400,0.9246817833799965,0.17112711538379685,density,0.9542425094393249,0.8951210573206683,0,7,0,3468800,3480000,7,a8b3ca0bcb3eb062fcea4f2ab3fc84fb606f58d7bd692036b932510107909248,6400,1856000,357
MSREG_medium_2e348ede9dd67439,MG1655,955200,961600,958400.0,medium,WIN_medium_2e348ede9dd67439,0.9241888268891709,6400,0.2239456119821242,0.9241888268891709,shape,0.8361431973613304,1.0122344564170116,0,7,0,952800,964000,7,5eeeb0a18e420a9a9dcd857881ab6d4acf09b436181d8ba7fcf61de833678302,6400,1861600,358
MSREG_medium_dd7097153fb59553,MG1655,1920800,1927200,1924000.0,medium,WIN_medium_dd7097153fb59553,0.9238608098465082,6400,0.9238608098465082,0.09781247710709616,density,0.9365137424788933,0.911207877214123,0,6,0,1919200,1929600,6,da9e354e340c4965a2b3e5296c9898b7888656603c8b388be78f9a4df89bf059,6400,1865600,359
MSREG_medium_ea9b37ac5d9cf44f,MG1655,2408800,2415200,2412000.0,medium,WIN_medium_ea9b37ac5d9cf44f,0.9225536742759919,6400,0.9225536742759919,0.2118023148233273,density,1.0020152912353255,0.8430920573166583,0,4,0,2408800,2417600,4,5760a87628326b7f48b3e366fb0595bbd2d52f9eda5d686e2cefde4eb8a64e29,6400,1868800,360
MSREG_medium_0ba20e53b6e5fe2e,MG1655,4466400,4472800,4469600.0,medium,WIN_medium_0ba20e53b6e5fe2e,0.9214163498005177,6400,0.9214163498005177,0.09333505578063295,density,1.0334237554869496,0.8094089441140857,0,1,0,4466400,4472800,1,56571ef72141427a5469a0e43d39a111b5c78bae5cd2207342078f8f8f460fb0,6400,1868800,361
MSREG_medium_af22c1214ca34f97,MG1655,3781600,3788000,3784800.0,medium,WIN_medium_af22c1214ca34f97,0.9202043620535334,6400,0.9202043620535334,0.12164181407913727,density,0.8951210573206683,0.9452876667863984,0,7,0,3779200,3790400,7,84c3da7db5ee609d63ac8f547f9ffe0572dc3c295eeae8725b12257a4709a2e1,6400,1875200,362
MSREG_medium_4aac78f2e6482ce8,MG1655,263200,269600,266400.0,medium,WIN_medium_4aac78f2e6482ce8,0.9158173998997807,6400,0.0477785813978079,0.9158173998997807,shape,0.9365137424788933,0.8951210573206683,0,7,0,260800,272000,7,923364ceccd29d3c221267435499c91bcb72a29983450fe033f0491b0fe27d5e,6400,1881600,363
MSREG_medium_dd66462fd37df206,MG1655,4013600,4020000,4016800.0,medium,WIN_medium_dd66462fd37df206,0.9158173998997807,6400,0.9158173998997807,0.0846480077459216,density,0.8951210573206683,0.9365137424788933,0,4,0,4011200,4020000,4,f5af7730e20bc6453a04b5e283c761ea65d37aab32a278df0b9fe9763e6fd3cc,6400,1884800,364
MSREG_medium_64c1ccfc7271d3ce,MG1655,2358400,2364800,2361600.0,medium,WIN_medium_64c1ccfc7271d3ce,0.9131491313456499,6400,0.0394398786644426,0.9131491313456499,shape,0.8720557532519748,0.9542425094393249,0,5,0,2356000,2365600,5,2935cc708de07800c5c80825374b02be0482d43c747b5ea1dcbb2fa4ed5ee319,6400,1888800,365
MSREG_medium_e30eafb05a5258f5,MG1655,774400,780800,777600.0,medium,WIN_medium_e30eafb05a5258f5,0.9119047311438024,6400,0.9119047311438024,0.12710492589044525,density,0.9365137424788933,0.8872957198087117,0,4,0,774400,783200,4,a428d4ec8f63e74732f3dc5e7622ebe28cd2255c6a22c8ecf80f6c4191b96f12,6400,1892000,366
MSREG_medium_21e8b149e712d86c,MG1655,3803200,3809600,3806400.0,medium,WIN_medium_21e8b149e712d86c,0.9106674215798749,6400,0.9106674215798749,0.05978349779710322,density,0.9920310703287247,0.829303772831025,0,4,0,3803200,3812000,4,63e28d8739d8a6cd916b6ddea640e00c67787405857a7c2c89a9e9f726098ec8,6400,1895200,367
MSREG_medium_fe8a4de82548cb5f,MG1655,3413600,3420000,3416800.0,medium,WIN_medium_fe8a4de82548cb5f,0.906467150566659,6400,0.113692588209734,0.906467150566659,shape,1.173085748915956,0.6398485522173621,0,4,0,3411200,3420000,4,49fbfc4a3c09ff1b37e3881fe6564a8fb347494c96b663fffa37be1aad400abb,6400,1898400,368
MSREG_medium_37bb3ee5ff092fd5,MG1655,2215200,2221600,2218400.0,medium,WIN_medium_37bb3ee5ff092fd5,0.9051851523661113,6400,0.13933956991636587,0.9051851523661113,shape,1.0557001501981018,0.7546701545341208,0,5,0,2212800,2222400,5,15766dfb18fdbb4501bda9131468d051d4f3629a092ae28860e724d029a2a2af,6400,1902400,369
MSREG_medium_4fad6196370501ea,MG1655,537600,544000,540800.0,medium,WIN_medium_4fad6196370501ea,0.9044345562473342,6400,0.04945972972478428,0.9044345562473342,shape,0.8361431973613304,0.9727259151333381,0,4,0,535200,544000,4,61f94150937c9c44503300ffd345cef40d3c83f427b1ac2047f4184a4e05533b,6400,1905600,370
MSREG_medium_245fb432e31aa568,MG1655,2964000,2970400,2967200.0,medium,WIN_medium_245fb432e31aa568,0.9031644672673956,6400,0.9031644672673956,0.1345606643411152,density,0.8951210573206683,0.911207877214123,0,6,0,2961600,2972000,6,93e8ec54e1c1c0a9d9ccbe9895e23be60d87b49773b4d25a625346264a4311a4,6400,1910400,371
MSREG_medium_9c260e5171a1110a,MG1655,2767200,2773600,2770400.0,medium,WIN_medium_9c260e5171a1110a,0.8986672833779915,6400,0.06672757025384733,0.8986672833779915,shape,0.6670007982609769,1.130333768495006,0,7,0,2764800,2776000,7,4c24c2c6f36d314eba3b500a4d96259f9e491aecee370c7b096d6907878b9ccf,6400,1916800,372
MSREG_medium_fb0270942882b860,MG1655,4414400,4420800,4417600.0,medium,WIN_medium_fb0270942882b860,0.8951210573206683,6400,0.8951210573206683,0.06963753160933724,density,0.8951210573206683,0.8951210573206683,0,7,0,4412000,4423200,7,81fb12e9ff033fbe612af444feb1316fd67c41c08f5d35ad765c769a8770727c,6400,1923200,373
MSREG_medium_6035de4d5777f83f,MG1655,3458400,3464800,3461600.0,medium,WIN_medium_6035de4d5777f83f,0.8926230335741221,6400,0.0781115530423491,0.8926230335741221,shape,0.9279135707169758,0.8573324964312684,0,7,0,3456000,3467200,7,1fbf57c47132f62f5b68318c1b3f4a18883c6ac0e812ac6f9027adeab801155e,6400,1929600,374
MSREG_medium_55d266043a262de3,MG1655,1408800,1415200,1412000.0,medium,WIN_medium_55d266043a262de3,0.8907154320738644,6400,0.12035799720669381,0.8907154320738644,shape,0.8361431973613304,0.9452876667863984,0,5,0,1408000,1417600,5,ad84a6a254635fe0b507ff4c0d0e055bd492643746c04d5157a6e270c7a780e7,6400,1933600,375
MSREG_medium_4608f732af7773ab,MG1655,3376000,3382400,3379200.0,medium,WIN_medium_4608f732af7773ab,0.8872957198087117,6400,0.8872957198087117,0.0852571168155806,density,0.8872957198087117,0.8872957198087117,0,7,0,3373600,3384800,7,b1590d171c8e4f0b52c25f12e201e9846e54393d3c768a8913c075b548b8a563,6400,1940000,376
MSREG_medium_c7cc395984f13c12,MG1655,4440800,4447200,4444000.0,medium,WIN_medium_c7cc395984f13c12,0.8872957198087117,6400,0.5711710443769369,0.8872957198087117,shape,0.8872957198087117,0.8872957198087117,0,7,0,4438400,4449600,7,c537bf7e215702fc908f9fa20f3187b3bb092b19aad7bb94cbde314032976923,6400,1946400,377
MSREG_medium_fb7fd71603aff744,MG1655,2436000,2442400,2439200.0,medium,WIN_medium_fb7fd71603aff744,0.8872957198087117,6400,0.8872957198087117,0.04166135318930209,density,0.8872957198087117,0.8872957198087117,0,7,0,2433600,2444800,7,fdcad599f4ff437f92e717be62be0302805fc6f39561decb0202f4472e74f43f,6400,1952800,378
MSREG_medium_84093158da014f0d,MG1655,2156000,2162400,2159200.0,medium,WIN_medium_84093158da014f0d,0.8855714988951222,6400,0.050046458314248594,0.8855714988951222,shape,1.173085748915956,0.5980572488742885,0,7,0,2153600,2164800,7,631b33de165c437074edb9a26384ab4e8c538136e117821be00ad40108b8b515,6400,1959200,379
MSREG_medium_4f8696a7c3c77441,MG1655,1621600,1628000,1624800.0,medium,WIN_medium_4f8696a7c3c77441,0.8850911603561842,6400,0.19148391124503755,0.8850911603561842,shape,0.9920310703287247,0.7781512503836436,0,7,0,1619200,1630400,7,4b5568ab9b4b72671634de82b103d02ca1a46b3af1cf7ee73ecce5a75b46207c,6400,1964800,380
MSREG_medium_a9e5b69b7ef41401,MG1655,909600,916000,912800.0,medium,WIN_medium_a9e5b69b7ef41401,0.8842701868226956,6400,0.019533695158511086,0.8842701868226956,shape,0.911207877214123,0.8573324964312684,0,7,0,907200,918400,7,17fd8695e6b3b18bb9f837b6be6f9b2473b6f37400713af0dcffd5e097f0c92a,6400,1970400,381
MSREG_medium_9d3ee5a24513c60b,MG1655,453600,460000,456800.0,medium,WIN_medium_9d3ee5a24513c60b,0.8835884052863215,6400,0.8835884052863215,0.12898082180704368,density,0.8951210573206683,0.8720557532519748,0,4,0,451200,460000,4,9f8a314a88e8a5b9516a04f5c5a3843014b6d0aa6df50920ef696b30de3f05ff,6400,1973600,382
MSREG_medium_b493a128323f2ae4,MG1655,4041600,4048000,4044800.0,medium,WIN_medium_b493a128323f2ae4,0.8831803614939352,6400,0.3840517837457461,0.8831803614939352,shape,0.9633858888791946,0.8029748341086758,0,7,0,4039200,4050400,7,2f10758871ef1360e05c553472ad325a1c28ed8bae1b85830d14ea7f62fa982e,6400,1980000,383
MSREG_medium_37ad2dee83bb4f12,MG1655,2457600,2464000,2460800.0,medium,WIN_medium_37ad2dee83bb4f12,0.883044517109804,6400,0.12638323556676645,0.883044517109804,shape,1.0226998900951765,0.7433891441244317,0,7,0,2455200,2466400,7,b9a65694aed31a43a31443dc7a2ed6e3536e62a5c1b45123417496780667f24a,6400,1986400,384
MSREG_medium_4f17110a06a237c8,MG1655,584000,590400,587200.0,medium,WIN_medium_4f17110a06a237c8,0.8820959785115905,6400,0.050631838317626326,0.8820959785115905,shape,0.9920310703287247,0.7721608866944562,0,7,0,581600,592800,7,f26ae398c825cef5ab34417261f82c622fbe11ab61ebb47696ccd250d018000a,6400,1992800,385
MSREG_medium_283126dbfc5ad7a0,MG1655,3328000,3334400,3331200.0,medium,WIN_medium_283126dbfc5ad7a0,0.8798763962467181,6400,0.8798763962467181,0.12569714576709262,density,0.8951210573206683,0.8646317351727679,0,3,0,3328000,3336000,3,1284bf438abb8f8f36fb76ef01914a41eb44f43bd0cbbd9c6e27844235b70144,6400,1994400,386
MSREG_medium_131967ebc00bceaa,MG1655,1936000,1942400,1939200.0,medium,WIN_medium_131967ebc00bceaa,0.8798763962467181,6400,0.8798763962467181,0.1236188891111571,density,0.8951210573206683,0.8646317351727679,0,4,0,1933600,1942400,4,82e8e81fe6782604d70453b440332166897788b540b9b3f08a7b7dea365c4ba4,6400,1997600,387
MSREG_medium_a67fd95e5d967134,MG1655,2595200,2601600,2598400.0,medium,WIN_medium_a67fd95e5d967134,0.8796757365303433,6400,0.8796757365303433,0.14290528617638382,density,0.8720557532519748,0.8872957198087117,0,7,0,2592800,2604000,7,7c4b458e882fa7b84d5ef267db96438c9fc14ef16de01ce2d5ddcc73bf9816c4,6400,2004000,388
MSREG_medium_7bee6ae8ed151d7d,MG1655,2439200,2445600,2442400.0,medium,WIN_medium_7bee6ae8ed151d7d,0.8796757365303433,6400,0.8796757365303433,0.06261214461443194,density,0.8720557532519748,0.8872957198087117,0,1,0,2439200,2445600,1,858c8fa9c5a005571661d7faa392f76c726969d0af99fc207685aa4eb3d3a7c8,6400,2004000,389
MSREG_medium_c991d40109c3acb1,MG1655,3568800,3575200,3572000.0,medium,WIN_medium_c991d40109c3acb1,0.8796088911424207,6400,0.8796088911424207,0.7567857324184,density,0.8796088911424207,0.9194804031801129,0,4,0,3568800,3577600,4,1530537a053405fe99ab05f47b6a449605d33d4b6785fd175033feeddfe5c57c,6400,2007200,390
MSREG_medium_54c4273ef89a2222,MG1655,3116000,3122400,3119200.0,medium,WIN_medium_54c4273ef89a2222,0.8795420663254749,6400,0.06087727061177558,0.8795420663254749,shape,0.8225703901720565,0.9365137424788933,0,7,0,3113600,3124800,7,27a2ec0e08558abcac487441b262b938a33c57f2716579ae1749c87145de5b77,6400,2013600,391
MSREG_medium_2fc5d602d28e1359,MG1655,2573600,2580000,2576800.0,medium,WIN_medium_2fc5d602d28e1359,0.8786086717740003,6400,0.11173728000334762,0.8786086717740003,shape,0.9542425094393249,0.8029748341086758,0,4,0,2571200,2580000,4,fbbe45ca5a06ff7ec2b97d381c964c0cc26af3e544d24ce8ff86af37597292f5,6400,2016800,392
MSREG_medium_04d6f2c43e1cf07e,MG1655,1116800,1123200,1120000.0,medium,WIN_medium_04d6f2c43e1cf07e,0.8784091795771933,6400,0.22897362344252495,0.8784091795771933,shape,0.6398485522173621,1.1169698069370246,0,4,0,1114400,1123200,4,acdecae1fba94aac43266b5bc3b6b07a337e9918325e7136a91bd8e4af9f4821,6400,2020000,393
MSREG_medium_992d61ba3b2d8f48,MG1655,2620800,2627200,2624000.0,medium,WIN_medium_992d61ba3b2d8f48,0.8778118002707216,6400,0.24909559473878795,0.8778118002707216,shape,1.0122344564170116,0.7433891441244317,0,7,0,2618400,2629600,7,0c41c7f947ab4a784ca2ac98330d8039c691e645034ae33953ddf4018b5058b9,6400,2026400,394
MSREG_medium_ecb8d889be168988,MG1655,2668000,2674400,2671200.0,medium,WIN_medium_ecb8d889be168988,0.8729613432964896,6400,0.0377885608893998,0.8729613432964896,shape,0.8094089441140857,0.9365137424788933,0,7,0,2665600,2676800,7,9426eaa8fc33a05371d7d1f8fb0f8034940a4bbfaff73a6d40535d18c214dea2,6400,2032800,395
MSREG_medium_326e68deb3d290f5,MG1655,1137600,1144000,1140800.0,medium,WIN_medium_326e68deb3d290f5,0.8726374845624068,6400,0.8726374845624068,0.11056281046338381,density,0.8951210573206683,0.8501539118041451,0,1,0,1137600,1144000,1,50c6a526918d656db3800c8260b8c25abfe3ddcff96b9856b9e2116244f669d3,6400,2032800,396
MSREG_medium_6a5a98039829f8a4,MG1655,460000,466400,463200.0,medium,WIN_medium_6a5a98039829f8a4,0.8726374845624068,6400,0.8726374845624068,0.09768107181355412,density,0.8951210573206683,0.8501539118041451,0,2,0,460000,467200,2,aaa0774fa07c11b3008e2bc6e8a046ecd218d0dc69b89896de77596db89c9fdf,6400,2033600,397
MSREG_medium_c414032fa0e81ea0,MG1655,4559200,4565600,4562400.0,medium,WIN_medium_c414032fa0e81ea0,0.8692339537675808,6400,0.15553633441771267,0.8692339537675808,shape,1.4313637641589874,0.30710414337617437,0,4,0,4559200,4568000,4,fcb0fb94636578c2348c8acf8068ef0f2a9c74787012be86f96728d7b96f858e,6400,2036000,398
MSREG_medium_4ea145553913d093,MG1655,1335200,1341600,1338400.0,medium,WIN_medium_4ea145553913d093,0.8691065573186633,6400,0.8691065573186633,0.06849725389014402,density,0.8951210573206683,0.8430920573166583,0,4,0,1332800,1341600,4,1297c974ca0937d05206f9fce95b9f1148b0548f49e5b968a6f9fb18dbae0468,6400,2039200,399
MSREG_medium_7adba6842c567178,MG1655,1980800,1987200,1984000.0,medium,WIN_medium_7adba6842c567178,0.8691065573186633,6400,0.1821680990485119,0.8691065573186633,shape,0.8430920573166583,0.8951210573206683,0,7,0,1978400,1989600,7,863188653e73e8945ebadfce3c710d834833dae31f45c53f63863daf67c2c7b7,6400,2045600,400
MSREG_medium_dd876e0053475303,MG1655,3244000,3250400,3247200.0,medium,WIN_medium_dd876e0053475303,0.865193888562685,6400,0.865193888562685,0.37396838593757614,density,0.8430920573166583,0.8872957198087117,0,7,0,3241600,3252800,7,9ecd9b4f3ab3aa5c94cb2a9692fe375375516a33e8d8c65a680ff5a163432883,6400,2052000,401
MSREG_medium_2555227752d123e6,MG1655,3164800,3171200,3168000.0,medium,WIN_medium_2555227752d123e6,0.8622741133973163,6400,0.1483453713377256,0.8622741133973163,shape,0.9279135707169758,0.7966346560776568,0,7,0,3162400,3173600,7,dd9fe008078cf56c2fc4b9251d377b288093bd05a262377bf3c4fc07cdfde7e2,6400,2058400,402
MSREG_medium_db6f6765992c320d,MG1655,552800,559200,556000.0,medium,WIN_medium_db6f6765992c320d,0.861719458585021,6400,0.13993940926846357,0.861719458585021,shape,1.0122344564170116,0.7112044607530305,0,7,0,550400,561600,7,8350e0474eb13cca2f9da375b78964fb24a4ea5bfd019666944cc959e9b41031,6400,2064800,403
MSREG_medium_dc003a722f98f655,MG1655,719200,725600,722400.0,medium,WIN_medium_dc003a722f98f655,0.8609821158020181,6400,0.05058776987689636,0.8609821158020181,shape,1.1583624920952496,0.5636017395087867,0,4,0,719200,728000,4,30aad55d1167dedb49a35774d40507470f66b94300322adf7916d4f3f2035604,6400,2068000,404
MSREG_medium_2555c23effa48b9b,MG1655,3644000,3650400,3647200.0,medium,WIN_medium_2555c23effa48b9b,0.8602472682616304,6400,0.35447419022440313,0.8602472682616304,shape,0.9542425094393249,0.7662520270839359,0,4,0,3644000,3652800,4,514dd89b9fdf5613aac7b3d5ce869d2a4294eff0e83e56e9ecfee42735855366,6400,2071200,405
MSREG_medium_67b1c3fc5c36471d,MG1655,3455200,3461600,3458400.0,medium,WIN_medium_67b1c3fc5c36471d,0.8602472682616304,6400,0.0744413714594774,0.8602472682616304,shape,0.7662520270839359,0.9542425094393249,0,4,0,3452800,3461600,4,5b3bed6b093c639d15cad9d4d0b7b2ecac8ea8e5b103775b4024126dad138996,6400,2074400,406
MSREG_medium_7e1d4a9638b4a4b1,MG1655,1882400,1888800,1885600.0,medium,WIN_medium_7e1d4a9638b4a4b1,0.8573324964312685,6400,0.08420515472131845,0.8573324964312685,shape,0.9822712330395684,0.7323937598229685,0,7,0,1880000,1891200,7,32d77504dce5f2f0ccd714f3d17b4127589cd74320fd41dcd3c36fd2dee230a0,6400,2080000,407
MSREG_medium_204cb9a1710bb79e,MG1655,2196000,2202400,2199200.0,medium,WIN_medium_204cb9a1710bb79e,0.8573324964312685,6400,0.03507217245944694,0.8573324964312685,shape,0.7604224834232121,0.9542425094393249,0,5,0,2193600,2203200,5,5eca0e530a0f81e6d93deded1e6a75c44ac6510a8fb34987d3a222675b907ef0,6400,2084000,408
MSREG_medium_068a589dae4db4c4,MG1655,3926400,3932800,3929600.0,medium,WIN_medium_068a589dae4db4c4,0.8573324964312685,6400,0.35105447795925043,0.8573324964312685,shape,0.7781512503836436,0.9365137424788933,0,7,0,3924000,3935200,7,8600f26dbce388d7e85d08b6146d4f968d5eb9b26ca97cf1f8c3082a09121c4a,6400,2089600,409
MSREG_medium_b286ff748ed0bdf3,MG1655,1992000,1998400,1995200.0,medium,WIN_medium_b286ff748ed0bdf3,0.8538618962447131,6400,0.8538618962447131,0.08648048478912429,density,0.8646317351727679,0.8430920573166583,0,4,0,1992000,2000800,4,39119678b9a6310483ec76aea8d265809cd624b83b4fc8e8a2a40e49ac46c3b8,6400,2092800,410
MSREG_medium_4d3d2806f3061fe2,MG1655,3372800,3379200,3376000.0,medium,WIN_medium_4d3d2806f3061fe2,0.8538618962447131,6400,0.8538618962447131,0.0870947631081069,density,0.8646317351727679,0.8430920573166583,0,4,0,3370400,3379200,4,8c114adeb1ee2c1966ca52919ee2b13050b4b1a10709fda837e4cbf0f0c68f13,6400,2096000,411
MSREG_medium_d3e016605b586e0d,MG1655,4116800,4123200,4120000.0,medium,WIN_medium_d3e016605b586e0d,0.8537432041177068,6400,0.8537432041177068,0.08099500920381533,density,0.8573324964312684,0.8501539118041451,0,4,0,4116800,4125600,4,a8701fcbbb9a7aa2dbfff69c1c4126cb95015628beaaaaa73d477bfa8197e721,6400,2099200,412
MSREG_medium_1f9640527561ec79,MG1655,1952800,1959200,1956000.0,medium,WIN_medium_1f9640527561ec79,0.852265000717377,6400,0.12494701093302713,0.852265000717377,shape,0.8094089441140857,0.8951210573206683,0,7,0,1950400,1961600,7,96b1621a1728f53c5fc884b1e8073ff842a930b5523becc1468963f5d39838d0,6400,2105600,413
MSREG_medium_25a725f8b11923c2,MG1655,3634400,3640800,3637600.0,medium,WIN_medium_25a725f8b11923c2,0.852265000717377,6400,0.852265000717377,0.07082413150714456,density,0.8951210573206683,0.8094089441140857,0,2,0,3633600,3640800,2,9e3b93edaa9eb92037266892590703a78f0d07567e8620dbd93cb77d30e3e7f5,6400,2106400,414
MSREG_medium_46dca5b979f2c9ca,MG1655,4379200,4385600,4382400.0,medium,WIN_medium_46dca5b979f2c9ca,0.8510896406572386,6400,0.8510896406572386,0.10946977216977069,density,0.8225703901720565,0.8796088911424207,0,4,0,4379200,4388000,4,da5415b89ba42a12d03180a2f1e3a730031ff7c382fe98bc016df29e4251d2f0,6400,2109600,415
MSREG_medium_5782e8ed40fbc894,MG1655,488000,494400,491200.0,medium,WIN_medium_5782e8ed40fbc894,0.8510310393234728,6400,0.2855865563440999,0.8510310393234728,shape,0.5980572488742885,1.104004829772657,0,4,0,488000,496800,4,97b3ab1b066f912ad66f6e87174d7f611f224165b7048dbf76ac9cf108fbf8b4,6400,2112800,416
MSREG_medium_e0bf103b21a39ffa,MG1655,3211200,3217600,3214400.0,medium,WIN_medium_e0bf103b21a39ffa,0.8484681129510527,6400,0.2598672968224065,0.8484681129510527,shape,0.7604224834232121,0.9365137424788933,0,7,0,3208800,3220000,7,203d0b731fdf6bf4961c5fc1be31fd3ad86132ee9886e7b65848de8ac0bdd21e,6400,2119200,417
MSREG_medium_19a9bb9d649570f6,MG1655,304800,311200,308000.0,medium,WIN_medium_19a9bb9d649570f6,0.8483523319613987,6400,0.04553414548920438,0.8483523319613987,shape,0.8094089441140857,0.8872957198087117,0,7,0,302400,313600,7,14f01a0c2eddb3f96d9eae1206d9085d5a790fe729325b07fe187f13e77d3319,6400,2125600,418
MSREG_medium_5f84558f24a2590d,MG1655,1014400,1020800,1017600.0,medium,WIN_medium_5f84558f24a2590d,0.8466229845604016,6400,0.8466229845604016,0.11304734640863012,density,0.8501539118041451,0.8430920573166583,0,7,0,1012000,1023200,7,d6ce1113037484904e0287c2127716d7a2a4ce1776a62ccdf2da696995b8c276,6400,2132000,419
MSREG_medium_9266ec9b4f2a1f7a,MG1655,2187200,2193600,2190400.0,medium,WIN_medium_9266ec9b4f2a1f7a,0.8458778566991625,6400,0.8458778566991625,0.08528296429284049,density,0.8951210573206683,0.7966346560776568,0,7,0,2184800,2196000,7,184f6d71160394ea37130576505a20351270c433d6847e9754313f6cd4f1f2c7,6400,2138400,420
MSREG_medium_c177aeb29ccf11cb,MG1655,324800,331200,328000.0,medium,WIN_medium_c177aeb29ccf11cb,0.844338405455415,6400,0.11435354347018614,0.844338405455415,shape,0.7433891441244317,0.9452876667863984,0,1,0,324800,331200,1,e55bb26fa07d278e7d09aa2e352e2f8ecc1f0b307df96cc878c612183aa87179,6400,2138400,421
MSREG_medium_fce9fcb713ddba53,MG1655,2337600,2344000,2340800.0,medium,WIN_medium_fce9fcb713ddba53,0.8436010626724122,6400,0.15766873035192902,0.8436010626724122,shape,0.8225703901720565,0.8646317351727679,0,7,0,2335200,2346400,7,424cbf0602e3ca73d186e526422d2154791a4160a8f9ff3ae17f1feba472010f,6400,2144800,422
MSREG_medium_8df9df579244b2ba,MG1655,696800,703200,700000.0,medium,WIN_medium_8df9df579244b2ba,0.8419651879431842,6400,0.8419651879431842,0.12594222593994847,density,0.7966346560776568,0.8872957198087117,0,4,0,694400,703200,4,ceeed17d03637c09ceaacd1c6f2ea2af7787b14fcd156bbcf6e2f0464aafcce5,6400,2148000,423
MSREG_medium_3112bb58cde202fb,MG1655,2655200,2661600,2658400.0,medium,WIN_medium_3112bb58cde202fb,0.8415160724967341,6400,0.26377590504898607,0.8415160724967341,shape,0.9920310703287247,0.6910010746647435,0,7,0,2652800,2664000,7,9c2e6f44eadfd0ee80385d0dda0c1107034b0216ea4d31aa843816d7e461d3a4,6400,2154400,424
MSREG_medium_97c962ae4b94849f,MG1655,4588000,4594400,4591200.0,medium,WIN_medium_97c962ae4b94849f,0.8402300158106204,6400,0.24017933252270346,0.8402300158106204,shape,0.6577601415260643,1.0226998900951765,0,7,0,4585600,4596800,7,d1e76a0289df1e78d88a813fa7e3b7485bb5befc83bf799b6c13bf0fd3266022,6400,2160800,425
MSREG_medium_d3542980f5a2c861,MG1655,2814400,2820800,2817600.0,medium,WIN_medium_d3542980f5a2c861,0.8399514433016624,6400,0.8399514433016624,0.11249775728469372,density,0.8573324964312684,0.8225703901720565,0,7,0,2812000,2823200,7,c98d0f4dc643ced1b6139309c38eb05569f2e6e2957a420eb5c0105b1447a458,6400,2167200,426
MSREG_medium_54f33ca1dc8c03d8,MG1655,4261600,4268000,4264800.0,medium,WIN_medium_54f33ca1dc8c03d8,0.8361979150738417,6400,0.8361979150738417,0.22226492507002754,density,0.8430920573166583,0.829303772831025,0,5,0,4259200,4268800,5,0703b9dc5f960028b6854e181aed46b4cd09c8b0930b1c7951b39a4893bd3904,6400,2171200,427
MSREG_medium_57f147524a03f14c,MG1655,2943200,2949600,2946400.0,medium,WIN_medium_57f147524a03f14c,0.833370720272677,6400,0.2813795591626695,0.833370720272677,shape,0.5083789484501045,1.1583624920952496,0,7,0,2940800,2952000,7,8675ad3dafc78d4e10279c008c5402701a584e37d3a4cbdbbd71a48273c93e63,6400,2177600,428
MSREG_medium_45ee58149c0be4ea,MG1655,3860000,3866400,3863200.0,medium,WIN_medium_45ee58149c0be4ea,0.833370720272677,6400,0.833370720272677,0.08039098310933127,density,0.8573324964312684,0.8094089441140857,0,4,0,3857600,3866400,4,9eef2d0ae61b23a1cfd642b7d56ab1e8e889575a642cd8fa5c810360c6e5843c,6400,2180800,429
MSREG_medium_3f58071bcd9070da,MG1655,4482400,4488800,4485600.0,medium,WIN_medium_3f58071bcd9070da,0.8328312237443574,6400,0.8328312237443574,0.37633208591826106,density,0.8225703901720565,0.8430920573166583,0,7,0,4480000,4491200,7,6e7cf53413c6e5f37285b328a5afebcf44f7b5f50c13f7d4345c5e29074ca4be,6400,2187200,430
MSREG_medium_d955bbe6a063c246,MG1655,2893600,2900000,2896800.0,medium,WIN_medium_d955bbe6a063c246,0.8314347736522723,6400,0.05456026705065263,0.8314347736522723,shape,0.9194804031801129,0.7433891441244317,0,7,0,2891200,2902400,7,2cb64df9b4d0c705cf12f4f01b96e77f41dc4ee25a1b16cedae7310262a85e79,6400,2193600,431
MSREG_medium_3c368e89fc0c11b9,MG1655,2297600,2304000,2300800.0,medium,WIN_medium_3c368e89fc0c11b9,0.8308466606126184,6400,0.04442056745412484,0.8308466606126184,shape,0.7164056544388382,0.9452876667863984,0,7,0,2295200,2306400,7,230c1eac051eef333d50e36dd71a9637db33d50e92d2364c022fa9f68e2745d7,6400,2200000,432
MSREG_medium_e022a034fe6cf2b5,MG1655,4387200,4393600,4390400.0,medium,WIN_medium_e022a034fe6cf2b5,0.8293567937666935,6400,0.8293567937666935,0.6274059908391849,density,0.8225703901720565,0.8361431973613304,0,7,0,4384800,4396000,7,8c8a6f5632d430d18e04d00a051a6acabae9cde5c5b28ef1a7cd6c29078ced82,6400,2206400,433
MSREG_medium_a8688b92e7777ed2,MG1655,2340800,2347200,2344000.0,medium,WIN_medium_a8688b92e7777ed2,0.8285628358768774,6400,0.14275928218151862,0.8285628358768774,shape,1.1583624920952496,0.4987631796585053,0,2,0,2340800,2348000,2,30cfb107f0da0ba27a144289b7b276e524841022fa562948da5d8b236c02047b,6400,2207200,434
MSREG_medium_c2063614b826417f,MG1655,2108000,2114400,2111200.0,medium,WIN_medium_c2063614b826417f,0.8269835762544626,6400,0.8269835762544626,0.12918955541363397,density,0.8573324964312684,0.7966346560776568,0,4,0,2108000,2116800,4,38d7189a1cc397f02c64745c5ac1a572d6177704b54a8c2feb44e28fc04dc1ca,6400,2210400,435
MSREG_medium_b078a905b3803822,MG1655,2265600,2272000,2268800.0,medium,WIN_medium_b078a905b3803822,0.8269835762544626,6400,0.8269835762544626,0.0726878175886311,density,0.8573324964312684,0.7966346560776568,0,3,0,2264000,2272000,3,abbf1a54111d2f133e83565159ea988fa9f160c5f58579a5aeec0fbd12775c35,6400,2212000,436
MSREG_medium_9408711da59e6243,MG1655,2352800,2359200,2356000.0,medium,WIN_medium_9408711da59e6243,0.824739814524597,6400,0.08721991401169218,0.824739814524597,shape,0.9633858888791946,0.6860937401699994,0,7,0,2350400,2361600,7,7c746804af6342be5bcf2e9952c9f29728bfca58e9d02de8594469ecc1cf9878,6400,2217600,437
MSREG_medium_e5f07da62d069c2c,MG1655,84000,90400,87200.0,medium,WIN_medium_e5f07da62d069c2c,0.823033445712667,6400,0.823033445712667,0.08648048478912429,density,0.8430920573166583,0.8029748341086758,0,4,0,81600,90400,4,26aad73067c237194478b552e23c362a8dbae9c674614efd040c31833aeec61a,6400,2220800,438
MSREG_medium_37277f374fe3871d,MG1655,676800,683200,680000.0,medium,WIN_medium_37277f374fe3871d,0.823033445712667,6400,0.15047776727194195,0.823033445712667,shape,0.8430920573166583,0.8029748341086758,0,7,0,674400,685600,7,9ecacb20011d33ea6fdecdf89e633c0afef8128349608dac11decbba34331c08,6400,2227200,439
MSREG_medium_92fd99823e90a933,MG1655,3122400,3128800,3125600.0,medium,WIN_medium_92fd99823e90a933,0.8210339646046088,6400,0.17884179593470287,0.8210339646046088,shape,1.0672820227479172,0.5747859064613003,0,7,0,3120000,3131200,7,eb025465eb4ed1d29272d4a8913a16f5a9463893b13a97766a4246b1ff680cf4,6400,2233600,440
MSREG_medium_72fe2c1d600c644d,MG1655,3701600,3708000,3704800.0,medium,WIN_medium_72fe2c1d600c644d,0.8202698093024001,6400,0.8202698093024001,0.06848289868233093,density,0.7903857068006552,0.8501539118041451,0,4,0,3699200,3708000,4,a50c28a590a8c666b357c57d5823fb876492422e28a8cdd7eeea4ad6da834765,6400,2236800,441
MSREG_medium_da46f75bacb0b91d,MG1655,512800,519200,516000.0,medium,WIN_medium_da46f75bacb0b91d,0.8201681248046622,6400,0.2654603847891651,0.8201681248046622,shape,0.9542425094393249,0.6860937401699994,0,7,0,510400,521600,7,a428ae572038f51042390c857bfa336b6deab00e59da9dbe6a7f5bad3d95a4a3,6400,2243200,442
MSREG_medium_64bacd78e3b33705,MG1655,4256800,4263200,4260000.0,medium,WIN_medium_64bacd78e3b33705,0.819559015735003,6400,0.819559015735003,0.1384616178889251,density,0.8361431973613304,0.8029748341086758,0,3,0,4256800,4264800,3,5ad1e5835be5a0e2083eab6763b84a4a14fa29bcccd47b60dfdeeb6d092a7254,6400,2244800,443
MSREG_medium_cfa8175a4d7b7bae,MG1655,2926400,2932800,2929600.0,medium,WIN_medium_cfa8175a4d7b7bae,0.8163889267194936,6400,0.8163889267194936,0.10365947226516126,density,0.7966346560776568,0.8361431973613304,0,4,0,2926400,2935200,4,9fb7ca49285dfb529f5a5b41f2ba49d3069278c1066abb6635b1936095a114cd,6400,2248000,444
MSREG_medium_3c8a30641071fe89,MG1655,2640000,2646400,2643200.0,medium,WIN_medium_3c8a30641071fe89,0.8163889267194936,6400,0.8163889267194936,0.07319251229317877,density,0.7966346560776568,0.8361431973613304,0,4,0,2640000,2648800,4,defdfcedd1fbbd7a3f039c9b0520265b206159264e653ba4031a41f01bc637fb,6400,2251200,445
MSREG_medium_9a6b602ab501e431,MG1655,20800,27200,24000.0,medium,WIN_medium_9a6b602ab501e431,0.8161393034698503,6400,0.8161393034698503,0.3428662151320244,density,0.8029748341086758,0.829303772831025,0,7,0,18400,29600,7,b996ad49f7f1a1fac3292f5a661569fcccd01025da551135f81324269e8b857b,6400,2256800,446
MSREG_medium_db8a1fa6a53af8a8,MG1655,1277600,1284000,1280800.0,medium,WIN_medium_db8a1fa6a53af8a8,0.8161393034698503,6400,0.09227179572325575,0.8161393034698503,shape,0.829303772831025,0.8029748341086758,0,7,0,1275200,1286400,7,dcc5e9bc66070578606d6af9a5a9b41af6719a9e63291fd8191cecc1b3a59017,6400,2263200,447
MSREG_medium_e2a08cee89a29fe0,MG1655,3719200,3725600,3722400.0,medium,WIN_medium_e2a08cee89a29fe0,0.8159896671430711,6400,0.8159896671430711,0.09080677214771034,density,0.8225703901720565,0.8094089441140857,0,7,0,3716800,3728000,7,0243d3c7e8aaf398d14c185121445847e818ca2102d22b394845efa3180dfe4f,6400,2269600,448
MSREG_medium_6e922f03158050ed,MG1655,3602400,3608800,3605600.0,medium,WIN_medium_6e922f03158050ed,0.8159896671430711,6400,0.8159896671430711,0.4261674031378793,density,0.8225703901720565,0.8094089441140857,0,4,0,3602400,3611200,4,d8946c6c35fc9afe844f4f9668645fbd0005f4ecccee03cb8778a173d633b4e3,6400,2272800,449
MSREG_medium_5c9917f5cb71e117,MG1655,1261600,1268000,1264800.0,medium,WIN_medium_5c9917f5cb71e117,0.8159896671430711,6400,0.8159896671430711,0.16161988333325422,density,0.8225703901720565,0.8094089441140857,0,4,0,1261600,1270400,4,dce51bb0370d11d48c9f8af20321c0eff42cb5587d50ed8e80bbef172c6a53ac,6400,2276000,450
MSREG_medium_d6c4803dd8debeaa,MG1655,927200,933600,930400.0,medium,WIN_medium_d6c4803dd8debeaa,0.8159896671430711,6400,0.8159896671430711,0.15191108759774352,density,0.8225703901720565,0.8094089441140857,0,4,0,924800,933600,4,f551cfd3d492c069de919f778f3b2b3c411a4e6600008dbf46d3641ccb0d6dd0,6400,2278400,451
MSREG_medium_7ef1720e7d0203ad,MG1655,2740800,2747200,2744000.0,medium,WIN_medium_7ef1720e7d0203ad,0.8159398112730434,6400,0.8159398112730434,0.12029724482374665,density,0.8159398112730434,0.8159398112730434,0,3,0,2739200,2747200,3,30393c654ca8619ad7141865ff62f664018fa809a19a689eeddeaa4f402c4cdf,6400,2280000,452
MSREG_medium_a1b05fb56b39591d,MG1655,3033600,3040000,3036800.0,medium,WIN_medium_a1b05fb56b39591d,0.8153424319665716,6400,0.3888802359265454,0.8153424319665716,shape,0.8872957198087117,0.7433891441244317,0,6,0,3031200,3041600,6,64cc75526c1ab0a4fb34b0c384ec4ff7548434e1c3c923b8ecbf03a9b3cc8416,6400,2284800,453
MSREG_medium_5ce63891986a3084,MG1655,601600,608000,604800.0,medium,WIN_medium_5ce63891986a3084,0.8152430283297012,6400,0.0761959798285472,0.8152430283297012,shape,0.6577601415260643,0.9727259151333381,0,6,0,599200,609600,6,8f18c7378b4db19cc3d4763de1c249002d4ac3271ff70e8ad35460dd2913096f,6400,2289600,454
MSREG_medium_17608b61e866416c,MG1655,797600,804000,800800.0,medium,WIN_medium_17608b61e866416c,0.8105730152026295,6400,0.19710356197294393,0.8105730152026295,shape,0.9633858888791946,0.6577601415260643,0,4,0,796800,805600,4,39e2a76314b808546b013824cb92d64706c4665cbb4924263a15d407402ec591,6400,2292000,455
MSREG_medium_fcdfa9129f086abb,MG1655,4186400,4192800,4189600.0,medium,WIN_medium_fcdfa9129f086abb,0.8098447398158402,6400,0.8098447398158402,0.07978527214210888,density,0.7903857068006552,0.829303772831025,0,4,0,4186400,4195200,4,cae1426646d40b2f69ec333b1f2a79562c4c2258b7389e6d160896dd2ff91b73,6400,2295200,456
MSREG_medium_abd4014b2990f3cb,MG1655,1568000,1574400,1571200.0,medium,WIN_medium_abd4014b2990f3cb,0.8098447398158402,6400,0.007094816764600562,0.8098447398158402,shape,0.43136376415898736,1.188325715472693,0,5,0,1565600,1575200,5,cba23ce843ca4394427446567522924239d066ba1802ae5bb5189207a442df26,6400,2299200,457
MSREG_medium_b9800b3a39d0d184,MG1655,2291200,2297600,2294400.0,medium,WIN_medium_b9800b3a39d0d184,0.8094573226908597,6400,0.13787681869681495,0.8094573226908597,shape,1.104004829772657,0.5149098156090622,0,7,0,2288800,2300000,7,b72a675f2a85e1a7cbe9b02733a79cdc011ca502abb2709dd56eaa5d6eee2f9a,6400,2305600,458
MSREG_medium_356b53f5bbf1b6f9,MG1655,1058400,1064800,1061600.0,medium,WIN_medium_356b53f5bbf1b6f9,0.807147223872487,6400,0.06377647577372325,0.807147223872487,shape,0.42596873227228116,1.188325715472693,0,7,0,1056000,1067200,7,90bb748541f2eba513412fab13c2c417a2116a730e4cc1ac604057e754e06aeb,6400,2311200,459
MSREG_medium_7dddba9bc9f6e416,MG1655,2684800,2691200,2688000.0,medium,WIN_medium_7dddba9bc9f6e416,0.8031627590368493,6400,0.3613320414600405,0.8031627590368493,shape,0.8951210573206683,0.7112044607530305,0,7,0,2682400,2693600,7,09fedb64f2a9ec701a1457aa327ac04acdd7ec306e89241e9984d89bf21deb7d,6400,2317600,460
MSREG_medium_594cb391a145452c,MG1655,2866400,2872800,2869600.0,medium,WIN_medium_594cb391a145452c,0.8031627590368493,6400,0.8031627590368493,0.08162783053543535,density,0.7903857068006552,0.8159398112730434,0,7,0,2864000,2875200,7,9095763d503511e62f14c201f85cfdae926cab00544cfbf7bb5fba74837c2ee1,6400,2324000,461
MSREG_medium_c96d5166514af8b1,MG1655,936800,943200,940000.0,medium,WIN_medium_c96d5166514af8b1,0.8030218000958713,6400,0.8030218000958713,0.05971914924818514,density,0.7966346560776568,0.8094089441140857,0,3,0,936800,944800,3,58a6f410ac7fb32b5de622cec0e23fa0e5790e37ed424b8839b830870f4e60c0,6400,2325600,462
MSREG_medium_24712aeb3bab4f61,MG1655,4455200,4461600,4458400.0,medium,WIN_medium_24712aeb3bab4f61,0.8019441440828038,6400,0.592481894005721,0.8019441440828038,shape,0.6311623730322695,0.9727259151333381,0,5,0,4452800,4462400,5,71b1d23fc15f1d4be069efb516b80924d83325481d079d4cb8d12124fae031df,6400,2329600,463
MSREG_medium_41e1bde8d1340af5,MG1655,3154400,3160800,3157600.0,medium,WIN_medium_41e1bde8d1340af5,0.8005929392106438,6400,0.1189488759840854,0.8005929392106438,shape,0.7060648211006193,0.8951210573206683,0,7,0,3152000,3163200,7,1023c29e74cdc111672bdf0b68b30ce75717e0212e4b889a9cdca00210763c86,6400,2336000,464
MSREG_medium_7ebe5a90274b2374,MG1655,979200,985600,982400.0,medium,WIN_medium_7ebe5a90274b2374,0.7998973254573705,6400,0.7998973254573705,0.17085093768837933,density,0.7903857068006552,0.8094089441140857,0,4,0,976800,985600,4,3b2926f9fb9bb92a9d0f6ebbee8550e8271ce789ae7f78ad23945c95ba3f1529,6400,2338400,465
MSREG_medium_73ebadf388915edc,MG1655,1844800,1851200,1848000.0,medium,WIN_medium_73ebadf388915edc,0.7998973254573705,6400,0.7998973254573705,0.6483661080933989,density,0.7903857068006552,0.8094089441140857,0,7,0,1842400,1853600,7,75d68de31993d034caeb469b5108cf854e94b983651a54b4ac6454b51e87d4ab,6400,2344800,466
MSREG_medium_fef3a7056bed2346,MG1655,4411200,4417600,4414400.0,medium,WIN_medium_fef3a7056bed2346,0.7998973254573705,6400,0.7998973254573705,0.05971914924818514,density,0.7903857068006552,0.8094089441140857,0,4,0,4408800,4417600,4,d79c9334313cabbb6a6d5997aa0a517a3ee4fc451ed97df34381f3af45b2176d,6400,2348000,467
MSREG_medium_4f47e61083487091,MG1655,3982400,3988800,3985600.0,medium,WIN_medium_4f47e61083487091,0.7998047450931662,6400,0.7998047450931662,0.08038929823659297,density,0.7966346560776568,0.8029748341086758,0,4,0,3980000,3988800,4,21b6e280893420981fe2bcfe1f1c1d1b62b8d9028caa232b0a5c6b67dd7e69b5,6400,2351200,468
MSREG_medium_be0080cccb08c6aa,MG1655,1483200,1489600,1486400.0,medium,WIN_medium_be0080cccb08c6aa,0.7994810243034363,6400,0.14066096579329285,0.7994810243034363,shape,1.0672820227479172,0.5316800258589552,0,6,0,1481600,1492000,6,5856aac5b56e458996e9caefccfcf35c14daaa913d269c731f776d3f09b721e3,6400,2356000,469
MSREG_medium_ac9d80c8e2c94cf7,MG1655,853600,860000,856800.0,medium,WIN_medium_ac9d80c8e2c94cf7,0.7990655197292136,6400,0.11109199136683012,0.7990655197292136,shape,0.9920310703287247,0.6060999691297024,0,4,0,851200,860000,4,33e417d3fb4de6d8c918502816f79d621b1e528e5bdfc36b8c273085ed40ef27,6400,2359200,470
MSREG_medium_9b1751b395397ce0,MG1655,3967200,3973600,3970400.0,medium,WIN_medium_9b1751b395397ce0,0.7966802704546655,6400,0.7966802704546655,0.10102735226898266,density,0.7903857068006552,0.8029748341086758,0,4,0,3967200,3976000,4,a7afc1bfd0c51e298a439c19e4c91a582c49294ca2a520b5e7c0a941ea936d1e,6400,2362400,471
MSREG_medium_74e68e078d153710,MG1655,188800,195200,192000.0,medium,WIN_medium_74e68e078d153710,0.7966802704546655,6400,0.7966802704546655,0.26112621448044393,density,0.7903857068006552,0.8029748341086758,0,4,0,186400,195200,4,b3dec4dc3b3a45e6cbc33f94addcaea87fa5a9926b1cc4acaeccaa1c3106674f,6400,2365600,472
MSREG_medium_9302d7dc6f30ecd1,MG1655,2976000,2982400,2979200.0,medium,WIN_medium_9302d7dc6f30ecd1,0.795542775758481,6400,0.1358510360990573,0.795542775758481,shape,0.8951210573206683,0.6959644941962936,0,4,0,2973600,2982400,4,b6e5acd34d4a2b4c1bff2bb32f267ff0ad459fb57b43406023d0c516c78849a9,6400,2368800,473
MSREG_medium_5acc2297f6b88185,MG1655,3999200,4005600,4002400.0,medium,WIN_medium_5acc2297f6b88185,0.7948631281271185,6400,0.38550281401681696,0.7948631281271185,shape,0.8573324964312684,0.7323937598229685,0,7,0,3996800,4008000,7,c94c5714609179e4cb223032d8d1c13f002240f3a69da90fcdaec49a3f34e2d3,6400,2375200,474
MSREG_medium_7e4534aa64dbd545,MG1655,2536800,2543200,2540000.0,medium,WIN_medium_7e4534aa64dbd545,0.7941405076900281,6400,0.1666245250062801,0.7941405076900281,shape,0.39995529990736317,1.188325715472693,0,6,0,2535200,2545600,6,a1691f1391c103f07e5f20d778a4b732577cc6d85f69afc93facadf05253c9d2,6400,2380000,475
MSREG_medium_eff210f6d908ed24,MG1655,3276800,3283200,3280000.0,medium,WIN_medium_eff210f6d908ed24,0.7925681095018803,6400,0.7925681095018803,0.08648048478912429,density,0.7489930216424302,0.8361431973613304,0,4,0,3276800,3285600,4,5cdd4d6d1c41d41a0de22a906cac03d063357f0f367262b48630a12cd97f2775,6400,2383200,476
MSREG_medium_ae574e19b8085ed0,MG1655,4582400,4588800,4585600.0,medium,WIN_medium_ae574e19b8085ed0,0.7921656121837655,6400,0.7788224943213983,0.7921656121837655,shape,1.2041199826559248,0.8029748341086758,0,7,0,4580000,4591200,7,4d6a562cb0b69b997d8015e56aa99793fc5dd03f09ddccf548a12acfc0d57fa4,6400,2388800,477
MSREG_medium_8c23b807257336a0,MG1655,2222400,2228800,2225600.0,medium,WIN_medium_8c23b807257336a0,0.7886202723530886,6400,0.2188942481808609,0.7886202723530886,shape,0.8225703901720565,0.7546701545341208,0,4,0,2222400,2231200,4,39df2c621931847641c2a400a1a9f5a686d548c7c9f05d07c62ffa921f90d19b,6400,2392000,478
MSREG_medium_a94ef2ffddfa961c,MG1655,2160000,2166400,2163200.0,medium,WIN_medium_a94ef2ffddfa961c,0.7876991332968193,6400,0.10915216327030247,0.7876991332968193,shape,0.552698376498462,1.0226998900951765,0,5,0,2159200,2168800,5,a1feda9a603e0d9975dafd1fb20ea10d4c6c74eebb94d6c74a92334de6a74c15,6400,2396000,479
MSREG_medium_d406cb231a0294f5,MG1655,805600,812000,808800.0,medium,WIN_medium_d406cb231a0294f5,0.7855648838812892,6400,0.032373137063558904,0.7855648838812892,shape,0.4127672756673288,1.1583624920952496,0,4,0,805600,814400,4,a5194f8e03521ae719334812c6a15c597482e2061eb08bbb2f3d594a3fb6d35d,6400,2399200,480
MSREG_medium_32a59de772e9d630,MG1655,1600,8000,4800.0,medium,WIN_medium_32a59de772e9d630,0.7853049829035821,6400,0.3445089176282532,0.7853049829035821,shape,0.8796088911424207,0.6910010746647435,0,6,0,0,10400,6,67dfc20d2a8423eeb8d36fddf97db0723a31e7c6c004463ad9fd5372c250b807,6400,2405600,481
MSREG_medium_3acd9e55890fd368,MG1655,2516000,2522400,2519200.0,medium,WIN_medium_3acd9e55890fd368,0.7853049829035821,6400,0.7853049829035821,0.08102880328396192,density,0.8159398112730434,0.7546701545341208,0,7,0,2513600,2524800,7,b3a6f4bb54e22ee3e226197edd903cf5d0b9f4ad8b35ceef45fdd34668a34171,6400,2412000,482
MSREG_medium_f3e0b663a589af87,MG1655,3312000,3318400,3315200.0,medium,WIN_medium_f3e0b663a589af87,0.7849157137686489,6400,0.7849157137686489,0.2073670934893503,density,0.7604224834232121,0.8094089441140857,0,6,0,3310400,3320800,6,99662383265133838e95d599a70a6b7a795b87503192abc4413c3fc31b87d8b5,6400,2416000,483
MSREG_medium_cb87b97b105d5858,MG1655,597600,604000,600800.0,medium,WIN_medium_cb87b97b105d5858,0.7840101237241343,6400,0.03888665118845186,0.7840101237241343,shape,0.3949344985323124,1.173085748915956,0,5,0,595200,604800,5,b0632d5073fce7df2ead1591272a0bc86faaa76a10d6614225f52dbb28e2f545,6400,2420000,484
MSREG_medium_18a07811c69afe98,MG1655,1242400,1248800,1245600.0,medium,WIN_medium_18a07811c69afe98,0.7829797671482441,6400,0.28340848839501254,0.7829797671482441,shape,0.7433891441244317,0.8225703901720565,0,4,0,1242400,1251200,4,77a5a8cc0b5f91b9fadc0c68018739ed0fb4d94bf9acf1a2c193d5ef0ee0ade3,6400,2423200,485
MSREG_medium_95697469f4e3f6a7,MG1655,3524800,3531200,3528000.0,medium,WIN_medium_95697469f4e3f6a7,0.7816986587659439,6400,0.4341209825943704,0.7816986587659439,shape,0.635483746814912,0.9279135707169758,0,4,0,3522400,3531200,4,59d9255c690141ee1236f6b1c0f417a510dc7c3c61c163fe1782e486cf5b39b1,6400,2426400,486
MSREG_medium_dd9ffd5a50babd20,MG1655,1929600,1936000,1932800.0,medium,WIN_medium_dd9ffd5a50babd20,0.7816986587659439,6400,0.26719785759683123,0.7816986587659439,shape,0.7604224834232121,0.8029748341086758,0,4,0,1929600,1938400,4,cc87588d5123e33a447561f3f1595208b805d2baa9defcfc981ee8cb281416c0,6400,2429600,487
MSREG_medium_c5d23accf5140d6a,MG1655,3771200,3777600,3774400.0,medium,WIN_medium_c5d23accf5140d6a,0.7816986587659439,6400,0.7816986587659439,0.6638601842459813,density,0.8225703901720565,0.8029748341086758,0,7,0,3768800,3780000,7,e246262c340b1d6c6536aa5c15e13c7665822ffb6e94b3af492bc8967dda6e32,6400,2436000,488
MSREG_medium_3495b63e6ec98e11,MG1655,3502400,3508800,3505600.0,medium,WIN_medium_3495b63e6ec98e11,0.7790747467109871,6400,0.12426956122216884,0.7790747467109871,shape,0.6860937401699994,0.8720557532519748,0,7,0,3500000,3511200,7,38af08133affc032edc13020e2152e0185aa4e70c6fd7fdf76300f86739483f4,6400,2442400,489
MSREG_medium_900bf03345384bb4,MG1655,433600,440000,436800.0,medium,WIN_medium_900bf03345384bb4,0.7788224943213983,6400,0.7788224943213983,0.485164269497213,density,0.7546701545341208,0.8029748341086758,0,4,0,433600,442400,4,048722c0997ca364ede86c1b79ed03ca68a2959cd79d8658f21936d328a50c5a,6400,2445600,490
MSREG_medium_72a85df595b60923,MG1655,2486400,2492800,2489600.0,medium,WIN_medium_72a85df595b60923,0.7788224943213983,6400,0.303426127463254,0.7788224943213983,shape,0.7546701545341208,0.8029748341086758,0,4,0,2484000,2492800,4,c6f35f6570c39c48154c375bfef89bd6fe2013104b991b4fd9307ceec8894729,6400,2448000,491
MSREG_medium_e0b968200f811dae,MG1655,3788000,3794400,3791200.0,medium,WIN_medium_e0b968200f811dae,0.7783188669422956,6400,0.7783188669422956,0.11789299732644688,density,0.7903857068006552,0.7662520270839359,0,4,0,3785600,3794400,4,febe8ae2f09ed23aa33015a8388fda68d24d460d3692aed101355388a93aa028,6400,2451200,492
MSREG_medium_63d5ff9e2c6b8269,MG1655,3971200,3977600,3974400.0,medium,WIN_medium_63d5ff9e2c6b8269,0.7771482590348443,6400,0.3905396470396135,0.7771482590348443,shape,0.6670007982609769,0.8872957198087117,0,2,0,3970400,3977600,2,7728e235f44bc950e0b64d94478c26bd61429989b909e2ba761358595a55d11e,6400,2452000,493
MSREG_medium_7c252d12669b3e32,MG1655,2146400,2152800,2149600.0,medium,WIN_medium_7c252d12669b3e32,0.7759839278755529,6400,0.11173728000334762,0.7759839278755529,shape,0.7489930216424302,0.8029748341086758,0,7,0,2144000,2155200,7,ee5998a0f4d532743a096eb99a126dc73308181db6b08405ad95a74f68ef8981,6400,2458400,494
MSREG_medium_417ff713f44b2074,MG1655,3011200,3017600,3014400.0,medium,WIN_medium_417ff713f44b2074,0.7754040951119336,6400,0.7754040951119336,0.07978527214210888,density,0.7903857068006552,0.7604224834232121,0,7,0,3008800,3020000,7,605dd7fe33c43e1c1eaa915fd21d8d14a32656a4b0260b2424482e18caca60c4,6400,2464800,495
MSREG_medium_cfdf4597fafe1f4e,MG1655,251200,257600,254400.0,medium,WIN_medium_cfdf4597fafe1f4e,0.7700119001010443,6400,0.3613320414600405,0.7700119001010443,shape,0.9727259151333381,0.5672978850687505,0,7,0,248800,260000,7,22b2294077dd985b6508d87a172ad987cf191e4ec6041c9697be792127166564,6400,2471200,496
MSREG_medium_f9465e3f10fb0cc9,MG1655,4339200,4345600,4342400.0,medium,WIN_medium_f9465e3f10fb0cc9,0.7685642464663374,6400,0.3708969451840506,0.7685642464663374,shape,1.0020152912353255,0.5351132016973492,0,7,0,4336800,4348000,7,480f04daaf7ecc2c2291d2cc8428de9aa1b180569c19d13683bd37f683bfbacd,6400,2477600,497
MSREG_medium_9e33a2bd4f057ecd,MG1655,1888000,1894400,1891200.0,medium,WIN_medium_9e33a2bd4f057ecd,0.7662916850588342,6400,0.16795190877308186,0.7662916850588342,shape,0.7604224834232121,0.7721608866944562,0,7,0,1885600,1896800,7,cb4b8db8731ed90d18f96e3abded1f04a00bf626cb6b01e90aacf31a65f3dd82,6400,2483200,498
MSREG_medium_f0e3fa334d799e9b,MG1655,4024000,4030400,4027200.0,medium,WIN_medium_f0e3fa334d799e9b,0.7662520270839359,6400,0.7662520270839359,0.09207256826538113,density,0.7662520270839359,0.7662520270839359,0,4,0,4024000,4032800,4,385bc5086311434da15c243105908521bb0419e29d9b55d4e423b7d16d6f1e35,6400,2486400,499
MSREG_medium_5c26753f84cfa73d,MG1655,3079200,3085600,3082400.0,medium,WIN_medium_5c26753f84cfa73d,0.764160451845544,6400,0.4729312553292084,0.764160451845544,shape,0.6487120125486673,0.8796088911424207,0,7,0,3076800,3088000,7,59cb416b4658952815b4353154241e5d703f83b89aad0cb552e8657335fc737d,6400,2492800,500
MSREG_medium_396d53026facdb1a,MG1655,4609600,4616000,4612800.0,medium,WIN_medium_396d53026facdb1a,0.7634938141939906,6400,0.1317015995036003,0.7634938141939906,shape,0.6623558932152135,0.8646317351727679,0,7,0,4607200,4618400,7,22900df00aa1c88b91e269b3ff1e4f51aa87098def18721139df2462d50e7d0a,6400,2499200,501
MSREG_medium_b6bcd0a89f6c3cc6,MG1655,1393600,1400000,1396800.0,medium,WIN_medium_b6bcd0a89f6c3cc6,0.7613897333118118,6400,0.7613897333118118,0.014308707844885669,density,0.7903857068006552,0.7323937598229685,0,7,0,1391200,1402400,7,868e28b207367164fe8870ccd6f0ba64412e7d0b13dbbbda37f19570dd2dcb79,6400,2505600,502
MSREG_medium_38e4d5846ecb23c9,MG1655,1554400,1560800,1557600.0,medium,WIN_medium_38e4d5846ecb23c9,0.7611959383494161,6400,0.03724090047059841,0.7611959383494161,shape,0.8646317351727679,0.6577601415260643,0,7,0,1552000,1563200,7,284baded06fb09228117ea1128c7cfbd681f3572ec4ea6a0bd44d919085b1231,6400,2512000,503
MSREG_medium_6936aacdd59a86a9,MG1655,4083200,4089600,4086400.0,medium,WIN_medium_6936aacdd59a86a9,0.7607701972540377,6400,0.7607701972540377,0.12256057263947726,density,0.7781512503836436,0.7433891441244317,0,4,0,4083200,4092000,4,3cd6ed6348a6531469de01836a09a249dd4e12049d3b6bea4d8a28d285f33a27,6400,2515200,504
MSREG_medium_3721aa205a20bd43,MG1655,1962400,1968800,1965600.0,medium,WIN_medium_3721aa205a20bd43,0.7601138711972366,6400,0.1687780690137353,0.7601138711972366,shape,1.0020152912353255,0.5182124511591478,0,7,0,1960000,1971200,7,1cdbe1e21238db2c198a295fdb7afbba2a3bdd82453cf8ae32cf1704b4e108db,6400,2521600,505
MSREG_medium_fafa112200fe247c,MG1655,60000,66400,63200.0,medium,WIN_medium_fafa112200fe247c,0.7600367866238493,6400,0.13515393360325467,0.7600367866238493,shape,0.9452876667863984,0.5747859064613003,0,7,0,57600,68800,7,6111efdd4853c5c455af7b1566369a88358a7af9727c2d527d3030fffd4dccb3,6400,2528000,506
MSREG_medium_b5ac624b6126dc54,MG1655,1972000,1978400,1975200.0,medium,WIN_medium_b5ac624b6126dc54,0.759690244273757,6400,0.4061195093451634,0.759690244273757,shape,0.7164056544388382,0.8029748341086758,0,4,0,1972000,1980800,4,0a6e0ab4651f6e8d3c4b17e06c91068cc41e6527729ee57d00f9b2cf9e08d8f9,6400,2531200,507
MSREG_medium_e222412b2beecded,MG1655,424000,430400,427200.0,medium,WIN_medium_e222412b2beecded,0.7575463189786664,6400,0.7575463189786664,0.07918292157292357,density,0.7604224834232121,0.7546701545341208,0,4,0,421600,430400,4,8cd566cb00f88a3750cca39358df33a6cd549d03d320c00d44617a173eb8a9d6,6400,2533600,508
MSREG_medium_65843675049a3890,MG1655,3679200,3685600,3682400.0,medium,WIN_medium_65843675049a3890,0.7560278006159253,6400,0.7560278006159253,0.3612399010755157,density,0.7903857068006552,0.7216698944311953,0,7,0,3676800,3688000,7,e319004d0acb167f8d2a14bc1a1ac73903dc63dc7e1a5e1ef9cd8ab02ffa2e24,6400,2540000,509
MSREG_medium_15dd26b3157a26f2,MG1655,2972000,2978400,2975200.0,medium,WIN_medium_15dd26b3157a26f2,0.7556498244700969,6400,0.25264202025817056,0.7556498244700969,shape,0.9727259151333381,0.5385737338068557,0,2,0,2972000,2979200,2,5c95f184c86e56b4aeb097348a0fca0366f219f5c2d5f68f37d690951146cde0,6400,2540800,510
MSREG_medium_288a11b9754144c6,MG1655,1689600,1696000,1692800.0,medium,WIN_medium_288a11b9754144c6,0.755272505103306,6400,0.1330759537176758,0.755272505103306,shape,0.9542425094393249,0.5563025007672873,0,6,0,1688000,1698400,6,0342e49bf80907ff6d540da874b16b21bc7c307f5437b520adcc1d3c8c922d79,6400,2545600,511
MSREG_medium_b227af6636755041,MG1655,1609600,1616000,1612800.0,medium,WIN_medium_b227af6636755041,0.755272505103306,6400,0.13511057439683444,0.755272505103306,shape,0.7781512503836436,0.7323937598229685,0,4,0,1607200,1616000,4,f3a8b93daf3ff151f3ac2691182347b33021c997da656f1d4638ae91da9cb1c1,6400,2548800,512
MSREG_medium_aecbf309c358465f,MG1655,4286400,4292800,4289600.0,medium,WIN_medium_aecbf309c358465f,0.7535826347776158,6400,0.1150125644341427,0.7535826347776158,shape,0.5248940365156631,0.9822712330395684,0,5,0,4285600,4295200,5,2466504eefb180881e2d9154e095e21318e8fff03a2e8bdb787338f4a109f9f6,6400,2552800,513
MSREG_medium_6d021b8c69851149,MG1655,1080800,1087200,1084000.0,medium,WIN_medium_6d021b8c69851149,0.7519058137738219,6400,0.029736590985114674,0.7519058137738219,shape,0.7604224834232121,0.7433891441244317,0,7,0,1078400,1089600,7,e53ff108f8bb66053d2c6f01c93f24a46159e7c81a029629e6f50b508db57a6d,6400,2559200,514
MSREG_medium_bcf0c3e95fbab3db,MG1655,2716000,2722400,2719200.0,medium,WIN_medium_bcf0c3e95fbab3db,0.7518315880882755,6400,0.7518315880882755,0.0846480077459216,density,0.7489930216424302,0.7546701545341208,0,4,0,2713600,2722400,4,2ba473395e2cf6c0c9b849276bb810fd747faec32d88f86bcd04d7e71a184caa,6400,2562400,515
MSREG_medium_a9d95c46d6f5d8d9,MG1655,4391200,4397600,4394400.0,medium,WIN_medium_a9d95c46d6f5d8d9,0.7518315880882755,6400,0.7518315880882755,0.2991900876419854,density,0.7546701545341208,0.7489930216424302,0,5,0,4390400,4400000,5,6dd2c678faedfebae82b09452603da43ff01001652f7f1af4960607bca054b74,6400,2565600,516
MSREG_medium_1eb99ebf1246e48c,MG1655,1851200,1857600,1854400.0,medium,WIN_medium_1eb99ebf1246e48c,0.7515719978111537,6400,0.22989739928163494,0.7515719978111537,shape,0.6670007982609769,0.8361431973613304,0,4,0,1848800,1857600,4,e66aee0b49768bab3994f3914c4d974eab1b6281011e935ebada438ed0ae0438,6400,2568800,517
MSREG_medium_2a4a73129574156c,MG1655,4198400,4204800,4201600.0,medium,WIN_medium_2a4a73129574156c,0.7491395694738414,6400,0.7491395694738414,0.6512422725379445,density,0.7378566555244707,0.7604224834232121,0,7,0,4196000,4207200,7,a07bde94e08166182cf42c3b631b5d0be0446ba682fd0e1cbdfcf36b06573ad6,6400,2575200,518
MSREG_medium_b8eeda2760a180f5,MG1655,2948000,2954400,2951200.0,medium,WIN_medium_b8eeda2760a180f5,0.748152285546001,6400,0.1189609498930832,0.748152285546001,shape,0.9542425094393249,0.542062061652677,0,6,0,2946400,2956800,6,e793039887a947325d8bba7968876b1abcbade26e05a287113109f35998dcf39,6400,2580000,519
MSREG_medium_1eef9e55d849281d,MG1655,2131200,2137600,2134400.0,medium,WIN_medium_1eef9e55d849281d,0.7477149294244336,6400,0.0394398786644426,0.7477149294244336,shape,1.0122344564170116,0.4831954024318556,0,7,0,2128800,2140000,7,0b178c2fbdbd7082e254ff12c4c709cd916643cb55ecd0e2d2367cae71f759fb,6400,2586400,520
MSREG_medium_3c682828d28739f2,MG1655,4348000,4354400,4351200.0,medium,WIN_medium_3c682828d28739f2,0.7472784524112409,6400,0.44756052866033413,0.7472784524112409,shape,0.7164056544388382,0.7781512503836436,0,7,0,4345600,4356800,7,199d5aa94d86b424a2cf6ab09f4a0614c05ab67f594beb6ccddcb662d8c7fd89,6400,2592800,521
MSREG_medium_4c7abd10258bf679,MG1655,594400,600800,597600.0,medium,WIN_medium_4c7abd10258bf679,0.7472421188980712,6400,0.03235152822276568,0.7472421188980712,shape,0.492468946560817,1.0020152912353255,0,2,0,593600,600800,2,047fec5a299a3db06d44cbc4ad08aea1f88da73c4f2a87637d61533566926592,6400,2593600,522
MSREG_medium_847b84b620945363,MG1655,2412000,2418400,2415200.0,medium,WIN_medium_847b84b620945363,0.7447855942165167,6400,0.7447855942165167,0.10875244435218445,density,0.8225703901720565,0.6670007982609769,0,4,0,2412000,2420800,4,19a6dc04ad200111c013dfa3def0f6733f19c78a468ea174d78319725adb1453,6400,2596800,523
MSREG_medium_aec1b118b7bc5cf3,MG1655,1909600,1916000,1912800.0,medium,WIN_medium_aec1b118b7bc5cf3,0.7435319571785446,6400,0.7435319571785446,0.19081608481318774,density,0.7546701545341208,0.7323937598229685,0,5,0,1908800,1918400,5,0f271ac7e81cdd3622fbc107d259f397be5909eeb69a7dd72504064c77ae937b,6400,2600800,524
MSREG_medium_a6c03b640cbf9b55,MG1655,1496800,1503200,1500000.0,medium,WIN_medium_a6c03b640cbf9b55,0.7428188293095286,6400,0.30479513349503884,0.7428188293095286,shape,0.9365137424788933,0.5491239161401639,0,4,0,1494400,1503200,4,bcb9244908ab88d8209de39e3fdd56b14e168e651a53a7bb0f59f76cea99ac04,6400,2604000,525
MSREG_medium_674e707e49c3da09,MG1655,1737600,1744000,1740800.0,medium,WIN_medium_674e707e49c3da09,0.7426053468335906,6400,0.7426053468335906,0.10342329390010119,density,0.7842253980958368,0.7009852955713444,0,4,0,1735200,1744000,4,db808532856ebf190d8b168717c9fed23a10588941c0b4b07eddafbddcb13623,6400,2607200,526
MSREG_medium_f856f9168f96ec8e,MG1655,879200,885600,882400.0,medium,WIN_medium_f856f9168f96ec8e,0.741328840761387,6400,0.1783756554131193,0.741328840761387,shape,0.7164056544388382,0.7662520270839359,0,4,0,876800,885600,4,21021f1d7f42fc2c0f53ec5427c99e058eb6423c053690e732f9c5149926cd20,6400,2610400,527
MSREG_medium_a43292bce5f76dd7,MG1655,152000,158400,155200.0,medium,WIN_medium_a43292bce5f76dd7,0.7388330700083545,6400,0.2620032646666612,0.7388330700083545,shape,0.5980572488742885,0.8796088911424207,0,7,0,149600,160800,7,e22bafa6373f3334fdcd6116f8951e477dfaa69bceea51a9e1a6eb0f5d75368d,6400,2616800,528
MSREG_medium_42d6fb0e742e81c9,MG1655,2755200,2761600,2758400.0,medium,WIN_medium_42d6fb0e742e81c9,0.7387282439184832,6400,0.7387282439184832,0.08038929823659297,density,0.7662520270839359,0.7112044607530305,0,6,0,2752800,2763200,6,be661a81ea35a74b5b0ba4e610ad0e08efd88af2c7b6431bb4e65a9ff28daa6f,6400,2620800,529
MSREG_medium_902d6ebf6a782f3c,MG1655,918400,924800,921600.0,medium,WIN_medium_902d6ebf6a782f3c,0.7387282439184832,6400,0.7387282439184832,0.08160241446965594,density,0.7662520270839359,0.7112044607530305,0,1,0,918400,924800,1,c528d0b61e90c5dbca50508fdfc8b2c867cccd5ed8caea2e769f56d2dc5e5100,6400,2620800,530
MSREG_medium_dccc79b7d68b013c,MG1655,1440000,1446400,1443200.0,medium,WIN_medium_dccc79b7d68b013c,0.7384140689310251,6400,0.38882444269886135,0.7384140689310251,shape,0.7604224834232121,0.7164056544388382,0,7,0,1437600,1448800,7,bbee7c6256d0487e6f216d48f3ea6fb00152e26ec419536f706fd6a06d26e770,6400,2626400,531
MSREG_medium_9b9655b773022a9d,MG1655,179200,185600,182400.0,medium,WIN_medium_9b9655b773022a9d,0.7367807219767211,6400,0.7367807219767211,0.10638085463646674,density,0.6442576711224173,0.829303772831025,0,4,0,179200,188000,4,dc48d99aba3dccff4f24bc4c4e7c95f44d2be00b0bfb18f0bc9b40e63aeaefd7,6400,2629600,532
MSREG_medium_ccecf6ca1dabdb7d,MG1655,2311200,2317600,2314400.0,medium,WIN_medium_ccecf6ca1dabdb7d,0.7361584240922776,6400,0.7361584240922776,0.25454988466621564,density,0.7662520270839359,0.7060648211006193,0,7,0,2308800,2320000,7,ed7760dd93bc9bffbad95f0ac17887d02fefba06e90f6e1a5b422c14b1535ad8,6400,2635200,533
MSREG_medium_820c7a97ff814e18,MG1655,392800,399200,396000.0,medium,WIN_medium_820c7a97ff814e18,0.7310745342688499,6400,0.08837749609753806,0.7310745342688499,shape,0.9633858888791946,0.4987631796585053,0,7,0,390400,401600,7,5413c4cdede3ea3017d1f3628317318dce785f92dec13cfad5ef7416aa649424,6400,2641600,534
MSREG_medium_e475881af8eb1c69,MG1655,3612800,3619200,3616000.0,medium,WIN_medium_e475881af8eb1c69,0.7265028445489151,6400,0.14693531936390153,0.7265028445489151,shape,0.9542425094393249,0.4987631796585053,0,7,0,3610400,3621600,7,0f9c3ea30f2112ecc9f4f7b979233808a43399da72516d91b1661c3ffbdcb2c8,6400,2648000,535
MSREG_medium_dc99eb43ec868ac0,MG1655,3092000,3098400,3095200.0,medium,WIN_medium_dc99eb43ec868ac0,0.7249235849265002,6400,0.23326409061111916,0.7249235849265002,shape,0.6716959194693568,0.7781512503836436,0,7,0,3089600,3100800,7,511b63b311280c8d45fd94f9377d19a4bd3b94850dada856b5a9ff774351271d,6400,2654400,536
MSREG_medium_81bd38bb8b7c1e7f,MG1655,1596000,1602400,1599200.0,medium,WIN_medium_81bd38bb8b7c1e7f,0.7245960132231803,6400,0.12243171218761376,0.7245960132231803,shape,0.8430920573166583,0.6060999691297024,0,5,0,1593600,1603200,5,0a34b18aae4129ef8fd0b8c7ef3baaab6de40f47652baff352f1eb90b15c570a,6400,2658400,537
MSREG_medium_1ecc8925622a02a2,MG1655,3534400,3540800,3537600.0,medium,WIN_medium_1ecc8925622a02a2,0.7243997071309034,6400,0.7243997071309034,0.06553476263514185,density,0.7164056544388382,0.7323937598229685,0,4,0,3534400,3543200,4,d0a1ac4aa4d038ccbaefd939874abc16e3f99b08cacc2c94d42715eb767bae68,6400,2660800,538
MSREG_medium_04dec0ab5e8017b2,MG1655,3657600,3664000,3660800.0,medium,WIN_medium_04dec0ab5e8017b2,0.722835614599432,6400,0.13316187181205616,0.722835614599432,shape,0.3899710790007623,1.0557001501981018,0,7,0,3655200,3666400,7,50094f9ff764a5f1fa15d7a6167f0b42deeaa176d8d7d87085930817763ee301,6400,2667200,539
MSREG_medium_4911fbb688e7d7fe,MG1655,4214400,4220800,4217600.0,medium,WIN_medium_4911fbb688e7d7fe,0.7226084561408982,6400,0.41408713384502754,0.7226084561408982,shape,0.6226465221097399,0.8225703901720565,0,7,0,4212000,4223200,7,8fabf9db217449b6e989f13698f425ea7a22fa935ce1ba4a46b2c559e0a5e96a,6400,2673600,540
MSREG_medium_663bf955d1fda4ab,MG1655,875200,881600,878400.0,medium,WIN_medium_663bf955d1fda4ab,0.7196768191603626,6400,0.07023002103817659,0.7196768191603626,shape,0.8720557532519748,0.5672978850687505,0,5,0,872800,882400,5,b90aa6e5100f0dc345b33a127d0393d7d3e1bdc9d322784604465be823a1a081,6400,2677600,541
MSREG_medium_4e4f46a91e32b138,MG1655,1161600,1168000,1164800.0,medium,WIN_medium_4e4f46a91e32b138,0.7195488596746613,6400,0.7195488596746613,0.22686638160216305,density,0.7903857068006552,0.6487120125486673,0,6,0,1160000,1170400,6,e1fb02c6f554faadaf5d1f44b0ee0b21a4abbcfcdc24fb79592644c35c1983a5,6400,2682400,542
MSREG_medium_c89d69c77106bdfd,MG1655,2423200,2429600,2426400.0,medium,WIN_medium_c89d69c77106bdfd,0.7185915594866726,6400,0.1490677152981179,0.7185915594866726,shape,0.9920310703287247,0.4451520486446206,0,7,0,2420800,2432000,7,a849541f8b665d86460cafa682a4b6d86066b8f2d62ad4ab424ee965b72984f5,6400,2688800,543
MSREG_medium_db34888c1f8fb6eb,MG1655,4052000,4058400,4055200.0,medium,WIN_medium_db34888c1f8fb6eb,0.7164371775921129,6400,0.7164371775921129,0.18638452444657,density,0.7112044607530305,0.7216698944311953,0,7,0,4049600,4060800,7,f1e24bea4c4804ea1bb1f224de02f9cc021592ced3194a19d055e04a5dfdbde1,6400,2695200,544
MSREG_medium_911bca094534fe11,MG1655,354400,360800,357600.0,medium,WIN_medium_911bca094534fe11,0.7160592014462844,6400,0.0410911964394854,0.7160592014462844,shape,0.6716959194693568,0.7604224834232121,0,7,0,352000,363200,7,31a55be46cb0f6373f5cd7c6788bac28fa28f82cb56df0fa35f6900651a6ffb9,6400,2701600,545
MSREG_medium_ac654962e27b77f6,MG1655,3995200,4001600,3998400.0,medium,WIN_medium_ac654962e27b77f6,0.7127176880681243,6400,0.7127176880681243,0.22419050938740956,density,0.6764423544938185,0.7489930216424302,0,2,0,3995200,4002400,2,6e1e675e68848979a95f7c423ccc047f3bf8e9208a404192443762dbf0924478,6400,2702400,546
MSREG_medium_d2f7f99c724cf6d3,MG1655,2580000,2586400,2583200.0,medium,WIN_medium_d2f7f99c724cf6d3,0.7117591155653257,6400,0.04890227183404308,0.7117591155653257,shape,0.6268835750529945,0.7966346560776568,0,4,0,2580000,2588800,4,086908a02f3961ffab57bc2e1a1d8469e2489b2ef395ff62b0b354b6b91ac55d,6400,2705600,547
MSREG_medium_c291eff359513dde,MG1655,3851200,3857600,3854400.0,medium,WIN_medium_c291eff359513dde,0.7116974172438559,6400,0.7116974172438559,0.12431080867997196,density,0.6910010746647435,0.7323937598229685,0,7,0,3848800,3860000,7,7fec279acb29c5baee9b8aac4df10ac37c73c76faaaada095408033f98e909b3,6400,2712000,548
MSREG_medium_186c3d22da2cce5c,MG1655,2704800,2711200,2708000.0,medium,WIN_medium_186c3d22da2cce5c,0.7112352377697287,6400,0.7112352377697287,0.10917524644176638,density,0.7164056544388382,0.7060648211006193,0,4,0,2704800,2713600,4,157bad08bd9fa54b290f5e49788f7ae7d4d8a05ed9c4f0c5a1d9c24f747da0a8,6400,2715200,549
MSREG_medium_746a863af8373603,MG1655,710400,716800,713600.0,medium,WIN_medium_746a863af8373603,0.7112352377697287,6400,0.7112352377697287,0.1358053627860883,density,0.7164056544388382,0.7060648211006193,0,4,0,710400,719200,4,836ed04b7876803022f5cc736d1474798e0d1791998b6df9267e9e5eb4c92806,6400,2717600,550
MSREG_medium_35e25df5678b8ac7,MG1655,2330400,2336800,2333600.0,medium,WIN_medium_35e25df5678b8ac7,0.7097017056831678,6400,0.035600674741224254,0.7097017056831678,shape,0.4741157445799372,0.9452876667863984,0,7,0,2328000,2339200,7,8088a03fd435a662b9bf610ace3ab9a28b33ed6d53ac34c3aa89e1e5382782ee,6400,2724000,551
MSREG_medium_3659ea7fd3b68eee,MG1655,655200,661600,658400.0,medium,WIN_medium_3659ea7fd3b68eee,0.7090913124746382,6400,0.7090913124746382,0.107233323912881,density,0.7604224834232121,0.6577601415260643,0,7,0,652800,664000,7,ff01a2554174a3f0888cfa0f31223c0db8f78faaab4d9102d00e036aa6f95aea,6400,2730400,552
MSREG_medium_dcae664dc5e6f274,MG1655,3240800,3247200,3244000.0,medium,WIN_medium_dcae664dc5e6f274,0.7079969099517036,6400,0.7079969099517036,0.25070647033307014,density,0.6670007982609769,0.7489930216424302,0,4,0,3238400,3247200,4,72db9c2c03abe28fea601bb894b0f4837462d6aa5b6d32f1fc4dbec5941176e0,6400,2733600,553
MSREG_medium_d06051e38b3a21fd,MG1655,3253600,3260000,3256800.0,medium,WIN_medium_d06051e38b3a21fd,0.7052548491031765,6400,0.4273632606308374,0.7052548491031765,shape,0.5455786353755142,0.9452876667863984,0,7,0,3251200,3262400,7,d1704417ecab1c938479bd8b80bc450cfeaa0563cb1ddd4fb29424b3a49ae77e,6400,2739200,554
MSREG_medium_78df11f98d7b53f7,MG1655,481600,488000,484800.0,medium,WIN_medium_78df11f98d7b53f7,0.701102767708887,6400,0.44102482423645484,0.701102767708887,shape,0.9542425094393249,0.44796302597844906,0,1,0,481600,488000,1,9e41710bfaafbdf77476ec0ceba1f1182d5423005e797ca16a66e74b27bef416,6400,2739200,555
MSREG_medium_45452ca3756ca937,MG1655,2472000,2478400,2475200.0,medium,WIN_medium_45452ca3756ca937,0.6989106711507842,6400,0.09899137450094689,0.6989106711507842,shape,0.5182124511591478,0.8796088911424207,0,4,0,2469600,2478400,4,a2425a837b22304bbb457e435ef924707ccd7f6b97f90035778deb20e892074a,6400,2742400,556
MSREG_medium_a8a66c39a5dc162d,MG1655,2012800,2019200,2016000.0,medium,WIN_medium_a8a66c39a5dc162d,0.6985329478826814,6400,0.3578760442518756,0.6985329478826814,shape,0.5019448384446946,0.8951210573206683,0,7,0,2010400,2021600,7,4b6a68b627d7eba3d37a0898799dffbf23ae816ceb654505f11ca07651100181,6400,2748000,557
MSREG_medium_7cd110ac840bb9f3,MG1655,2373600,2380000,2376800.0,medium,WIN_medium_7cd110ac840bb9f3,0.697374826519091,6400,0.14560715566895938,0.697374826519091,shape,0.6623558932152135,0.7323937598229685,0,4,0,2371200,2380000,4,517568842478030d0d0429a1c1e9e3595d3acfbdfe10389f729083bd933d1935,6400,2751200,558
MSREG_medium_d4cf7beba85bc4f9,MG1655,4616800,4623200,4620000.0,medium,WIN_medium_d4cf7beba85bc4f9,0.6969421184895868,6400,0.34433840545541505,0.6969421184895868,shape,0.4987631796585053,0.8951210573206683,0,7,0,4614400,4625600,7,c2a849a7520afd82e15d37445a6ff743ff9be62c88916cd3795cb43a94ecffe2,6400,2757600,559
MSREG_medium_4684567f559ab35c,MG1655,1720800,1727200,1724000.0,medium,WIN_medium_4684567f559ab35c,0.6960505783365495,6400,0.31852743545311635,0.6960505783365495,shape,0.6487120125486673,0.7433891441244317,0,7,0,1718400,1729600,7,899ea46fd1a71db0ffb1ddd3d5c36ae927c31a140befb73c24143619f1aed2c9,6400,2763200,560
MSREG_medium_441aab8b79481867,MG1655,1985600,1992000,1988800.0,medium,WIN_medium_441aab8b79481867,0.6955345846499073,6400,0.6955345846499073,0.11500466012280842,density,0.7378566555244707,0.6532125137753437,0,3,0,1984000,1992000,3,3dfaba5de770a264d6c1d64a49404da0e184b9d456e95ade2cf3d40eb4eabcf4,6400,2764800,561
MSREG_medium_e7b4ca085c7b2298,MG1655,659200,665600,662400.0,medium,WIN_medium_e7b4ca085c7b2298,0.695305647105294,6400,0.28668601639047187,0.695305647105294,shape,0.6184504075161318,0.7721608866944562,0,2,0,658400,665600,2,bbafb479236f7d95dcaedee8263fca3fc0eae948d512dd7e8f80959311b8e6ee,6400,2765600,562
MSREG_medium_032cde52178c33a0,MG1655,619200,625600,622400.0,medium,WIN_medium_032cde52178c33a0,0.6946773105757379,6400,0.04443198911774304,0.6946773105757379,shape,0.6623558932152135,0.7269987279362623,0,7,0,616800,628000,7,d09cafe1ca6355ad36a68061800a5070ffedd3d126d191514965c786f236c555,6400,2772000,563
MSREG_medium_5e26600cbb70155b,MG1655,946400,952800,949600.0,medium,WIN_medium_5e26600cbb70155b,0.6944207869298962,6400,0.6944207869298962,0.08586793927447114,density,0.7489930216424302,0.6398485522173621,0,3,0,944800,952800,3,bb08c632f8994f6e504930c1cfa0f7fa792aaba623f341e466fe720d49c015ba,6400,2773600,564
MSREG_medium_9bf38e3e102c86f4,MG1655,182400,188800,185600.0,medium,WIN_medium_9bf38e3e102c86f4,0.6922383842286711,6400,0.6922383842286711,0.08559337423913306,density,0.594091061656687,0.7903857068006552,0,4,0,182400,191200,4,f552e1c3c2c7a9538b59dd0f409889b0b401fe9f9d3f9a674c6bb42d72c61420,6400,2776800,565
MSREG_medium_1cc4ca63969390a6,MG1655,3572800,3579200,3576000.0,medium,WIN_medium_1cc4ca63969390a6,0.6887138250325815,6400,0.6887138250325815,0.17236913324183728,density,0.6764423544938185,0.7009852955713444,0,5,0,3572000,3581600,5,fbe05fa0ae5c664490529291c1b485bb4e74cce4d028e656470da62e2eef113e,6400,2780800,566
MSREG_medium_7288ac2c2531d1c3,MG1655,1384800,1391200,1388000.0,medium,WIN_medium_7288ac2c2531d1c3,0.687358465584093,6400,0.33032404365529333,0.687358465584093,shape,0.7604224834232121,0.614294447744974,0,7,0,1382400,1393600,7,89dca6407a5101048b50ae3ff253a43504ed33f8e35288cfb3388ed5e09243db,6400,2787200,567
MSREG_medium_21175f4882e982a1,MG1655,3724800,3731200,3728000.0,medium,WIN_medium_21175f4882e982a1,0.6871104390112093,6400,0.30289032092165624,0.6871104390112093,shape,0.6020599913279624,0.7721608866944562,0,7,0,3722400,3733600,7,22739cae1fc0cc3ba9a4b1e12e61af070008efdc0c973325e5d543e32ad7ab70,6400,2792800,568
MSREG_medium_82d06e30039d7a59,MG1655,3821600,3828000,3824800.0,medium,WIN_medium_82d06e30039d7a59,0.6865328096807981,6400,0.6865328096807981,0.13200056218845946,density,0.6670007982609769,0.7060648211006193,0,7,0,3819200,3830400,7,67ca073aa3b25b39f7ce138871a21316d85ce87272f442439ec133c10b999270,6400,2799200,569
MSREG_medium_39776b80de00f12e,MG1655,3778400,3784800,3781600.0,medium,WIN_medium_39776b80de00f12e,0.6865328096807981,6400,0.6865328096807981,0.08099500920381533,density,0.6670007982609769,0.7060648211006193,0,4,0,3776000,3784800,4,f8988d8404fe5d698ba3a1a7ad1e5b47bcd350c257868cb288948e47ff93265a,6400,2802400,570
MSREG_medium_73c97dc5b866b607,MG1655,440800,447200,444000.0,medium,WIN_medium_73c97dc5b866b607,0.6861211560201653,6400,0.24454863971153298,0.6861211560201653,shape,0.6398485522173621,0.7323937598229685,0,7,0,438400,449600,7,650e3cbe4173c361033575609e52154fe58c3ec1b1ffcbfbdffdee58d4231345,6400,2808800,571
MSREG_medium_1ff34a02399558d1,MG1655,4227200,4233600,4230400.0,medium,WIN_medium_1ff34a02399558d1,0.6854914655402166,6400,0.363648350074114,0.6854914655402166,shape,0.9633858888791946,0.40759704220123855,0,7,0,4224800,4236000,7,2d48b02cce42a7395646715cef9e4a823123abd675a96e8321c8c9071c87a751,6400,2815200,572
MSREG_medium_923a456c1d5712d7,MG1655,130400,136800,133600.0,medium,WIN_medium_923a456c1d5712d7,0.6844823011395473,6400,0.2891483972367276,0.6844823011395473,shape,0.5116321058478264,0.8573324964312684,0,5,0,129600,139200,5,12b457f36fad2dfb6ddc1589614fe88c9e0eb6acd5195d94f77207677c733156,6400,2819200,573
MSREG_medium_67c56560dd714447,MG1655,4217600,4224000,4220800.0,medium,WIN_medium_67c56560dd714447,0.6825588334937527,6400,0.6825588334937527,0.11247041196364149,density,0.7164056544388382,0.6487120125486673,0,4,0,4217600,4226400,4,84887a1720ef51b30235201e9d41786153686e72edbef352a9bc191179c61100,6400,2822400,574
MSREG_medium_fc01614a51ca7eca,MG1655,4096000,4102400,4099200.0,medium,WIN_medium_fc01614a51ca7eca,0.6824240180421313,6400,0.1930294497336085,0.6824240180421313,shape,0.7546701545341208,0.6101778815501419,0,7,0,4093600,4104800,7,6b1fb9cce1e273ff429b7f90969c5c1d71c507366ec243e37b702e7c7c41d8a4,6400,2828800,575
MSREG_medium_a20d08d0bc04be7b,MG1655,367200,373600,370400.0,medium,WIN_medium_a20d08d0bc04be7b,0.6814558097655286,6400,0.04275233460675007,0.6814558097655286,shape,0.5599367854223813,0.8029748341086758,0,7,0,364800,376000,7,0cb703656814dead8cbfcd7771491db8c5a1319fcfb5a02e69f4c7961bb0aab8,6400,2835200,576
MSREG_medium_52674b8fc87bbd9c,MG1655,3111200,3117600,3114400.0,medium,WIN_medium_52674b8fc87bbd9c,0.6814021467871382,6400,0.05971914924818514,0.6814021467871382,shape,0.4831954024318556,0.8796088911424207,0,6,0,3108800,3119200,6,3424141b62020b95496d4ca2350832d8ea32ab229c98db426e6694a66a7abb5c,6400,2840000,577
MSREG_medium_1c8acd044caa7438,MG1655,2231200,2237600,2234400.0,medium,WIN_medium_1c8acd044caa7438,0.6803316627806277,6400,0.6803316627806277,0.3776395295429623,density,0.7164056544388382,0.6442576711224173,0,7,0,2228800,2240000,7,93d4685e88b3fbf2b2bdf7d5fc0846426edc5950fb3d994009f921d16def838c,6400,2846400,578
MSREG_medium_e5c5a1bb22d9b2ee,MG1655,2817600,2824000,2820800.0,medium,WIN_medium_e5c5a1bb22d9b2ee,0.6793727185487044,6400,0.6793727185487044,0.11316487682922606,density,0.7009852955713444,0.6577601415260643,0,4,0,2817600,2826400,4,547051f14dcb2d4a899d73d0a0b4aa3bddf1b020cb39253a81077885f51f1f68,6400,2849600,579
MSREG_medium_a00110bbb9fed998,MG1655,1272800,1279200,1276000.0,medium,WIN_medium_a00110bbb9fed998,0.6755265064851963,6400,0.2824236919635603,0.6755265064851963,shape,0.8361431973613304,0.5149098156090622,0,6,0,1270400,1280800,6,560bd787b954661b9fa171a1ba081b6e7f01b05778f34b2650cc54b1d861a846,6400,2854400,580
MSREG_medium_040be2a2f0a494e6,MG1655,24000,30400,27200.0,medium,WIN_medium_040be2a2f0a494e6,0.6742248166926064,6400,0.6742248166926064,0.5348944686232494,density,0.6623558932152135,0.6860937401699994,0,4,0,24000,32800,4,190ad5a552d10c171ee078bd2432c303538dfc46f2c63153cdd016d61f13d2c5,6400,2857600,581
MSREG_medium_32c58f6a33518ea3,MG1655,4060000,4066400,4063200.0,medium,WIN_medium_32c58f6a33518ea3,0.6726214833468809,6400,0.6726214833468809,0.08894809362688036,density,0.7009852955713444,0.6442576711224173,0,7,0,4057600,4068800,7,f62a9c2b66bdf085ebde47027e2faa99e13a795e19bf3f3fec270691620ebdf6,6400,2864000,582
MSREG_medium_31d1fbf04010592e,MG1655,1518400,1524800,1521600.0,medium,WIN_medium_31d1fbf04010592e,0.6716446147459163,6400,0.06963592814139442,0.6716446147459163,shape,0.7164056544388382,0.6268835750529945,0,4,0,1516000,1524800,4,0de5a89a95e5f3c85e3897da19792a3b5b7d63a329381285bdf062eeb354bcc4,6400,2867200,583
MSREG_medium_3be617de0b0f29ec,MG1655,4132000,4138400,4135200.0,medium,WIN_medium_3be617de0b0f29ec,0.6716446147459163,6400,0.1627297592473152,0.6716446147459163,shape,0.7164056544388382,0.6268835750529945,0,7,0,4129600,4140800,7,a6d304918989a80cc54dd27401e013aafe59bc307e5202d7a06bbf54badb30df,6400,2873600,584
MSREG_medium_d76201bd9932839e,MG1655,3688800,3695200,3692000.0,medium,WIN_medium_d76201bd9932839e,0.6707231964993601,6400,0.1434272100932734,0.6707231964993601,shape,0.5980572488742885,0.7433891441244317,0,7,0,3686400,3697600,7,1d6ee5ae4596d33054eeb16c0f01b261ade2d19fa0333029a7922a39b5e3d38b,6400,2880000,585
MSREG_medium_e4b92b3616c20f5a,MG1655,4002400,4008800,4005600.0,medium,WIN_medium_e4b92b3616c20f5a,0.669526088274289,6400,0.3306652019987616,0.669526088274289,shape,0.7164056544388382,0.6226465221097399,0,4,0,4002400,4011200,4,4a2e37eade5c496c5e195791e1d4143942f51c525fd61cf0c64842aa727bae5f,6400,2883200,586
MSREG_medium_1974ed29102c69b6,MG1655,4533600,4540000,4536800.0,medium,WIN_medium_1974ed29102c69b6,0.669526088274289,6400,0.669526088274289,0.11657535225825402,density,0.7164056544388382,0.6226465221097399,0,7,0,4531200,4542400,7,b477f622b979bbd60124a6df5035fbe78676b3fbf706c81c3ca9d0890fb520d3,6400,2889600,587
MSREG_medium_59c8fa3554d23f27,MG1655,3389600,3396000,3392800.0,medium,WIN_medium_59c8fa3554d23f27,0.6690440179030125,6400,0.6490815856466232,0.6690440179030125,shape,0.8872957198087117,0.6670007982609769,0,4,0,3387200,3396000,4,1c89465114c985a82e16f1515880980e14af153224673fb34d33634d293a3c32,6400,2892800,588
MSREG_medium_501dfc94790ac7ef,MG1655,756800,763200,760000.0,medium,WIN_medium_501dfc94790ac7ef,0.6688413606405648,6400,0.6688413606405648,0.3123799407115695,density,0.5282737771670437,0.8094089441140857,0,1,0,756800,763200,1,4b58cfe446746f6c13368797ddedc9d62be56d7e3bc46224fc15129ad32e812f,6400,2892800,589
MSREG_medium_c9b2feaa2618bed9,MG1655,4135200,4141600,4138400.0,medium,WIN_medium_c9b2feaa2618bed9,0.6687401028905593,6400,0.18678842741596818,0.6687401028905593,shape,0.8225703901720565,0.5149098156090622,0,4,0,4135200,4144000,4,27f9eaabdbba33875f3971c80df57bbfed14505645a71249e0a0b1a52ba79e86,6400,2896000,590
MSREG_medium_f2c8e767b202bc1c,MG1655,1226400,1232800,1229600.0,medium,WIN_medium_f2c8e767b202bc1c,0.6686388923359647,6400,0.3086556305675199,0.6686388923359647,shape,0.5710257575879936,0.7662520270839359,0,7,0,1224000,1235200,7,a974c069365ba471acd38ecce800bdd34157a32b6c0a7304a21c80c22db2ce05,6400,2902400,591
MSREG_medium_7a092451198f5131,MG1655,2244800,2251200,2248000.0,medium,WIN_medium_7a092451198f5131,0.6679065232068279,6400,0.14412431258907601,0.6679065232068279,shape,0.6398485522173621,0.6959644941962936,0,6,0,2242400,2252800,6,dee1f438f7c948e8c7e90e825c301d1b60472267f19657ce28afab1a07b72f0c,6400,2907200,592
MSREG_medium_813d5832514f7ade,MG1655,4109600,4116000,4112800.0,medium,WIN_medium_813d5832514f7ade,0.6667749560763432,6400,0.3814614196414714,0.6667749560763432,shape,0.7662520270839359,0.5672978850687505,0,5,0,4107200,4116800,5,e98f1743f78e22b5ed5208ddac60c6ebaead9a7cd66d7196e3140a74012da1c6,6400,2911200,593
MSREG_medium_6e4995bab4a4d6c9,MG1655,1816800,1823200,1820000.0,medium,WIN_medium_6e4995bab4a4d6c9,0.6662238842266661,6400,0.3280245979259876,0.6662238842266661,shape,0.8872957198087117,0.4451520486446206,0,4,0,1814400,1823200,4,28a79dc7a2ed055f03329553ce9c643a012af8f490634c17981f4f713eaa3386,6400,2914400,594
MSREG_medium_ac8c181728d57a1a,MG1655,817600,824000,820800.0,medium,WIN_medium_ac8c181728d57a1a,0.6653500510919061,6400,0.1505429249416621,0.6653500510919061,shape,0.7164056544388382,0.614294447744974,0,7,0,815200,826400,7,446ceaa9366d9dfc89ec6e01080d13b65602aee844e3363bdba586d3f5142d43,6400,2920800,595
MSREG_medium_bb99ad343be68f23,MG1655,692800,699200,696000.0,medium,WIN_medium_bb99ad343be68f23,0.6648274341345811,6400,0.3432502867190335,0.6648274341345811,shape,0.5862657241447305,0.7433891441244317,0,2,0,692800,700000,2,8c4424656c0223c0c129980fe21febd360b65e0e6b280875bba8178daccabf60,6400,2921600,596
MSREG_medium_3127d1c79d8d02dd,MG1655,3142400,3148800,3145600.0,medium,WIN_medium_3127d1c79d8d02dd,0.6640087117763627,6400,0.6640087117763627,0.36153488803336353,density,0.7378566555244707,0.5901607680282547,0,7,0,3140000,3151200,7,250664ac330c68925baa4e8a464bf024ac72088c033b7fb0203c92e8a9a3ed13,6400,2928000,597
MSREG_medium_79fc9dd01160b007,MG1655,3954400,3960800,3957600.0,medium,WIN_medium_79fc9dd01160b007,0.6636375832619037,6400,0.33018027808218164,0.6636375832619037,shape,0.5491239161401639,0.7781512503836436,0,7,0,3952000,3963200,7,9780383adb27417058c8e0fda146ed7e46d274f7635239b751d512e43070b3b5,6400,2934400,598
MSREG_medium_578d04266a95269b,MG1655,3187200,3193600,3190400.0,medium,WIN_medium_578d04266a95269b,0.6632917679944901,6400,0.6632917679944901,0.09211168780708925,density,0.7164056544388382,0.6101778815501419,0,7,0,3184800,3196000,7,70bde9d9cc0a3c2667f42b6d5d55499f7cfef361a0bdddd8e6c45c48fd57e1c6,6400,2940800,599
MSREG_medium_109531bf11ecaaae,MG1655,2098400,2104800,2101600.0,medium,WIN_medium_109531bf11ecaaae,0.6586522149413665,6400,0.6586522149413665,0.01482757844051574,density,0.7112044607530305,0.6060999691297024,0,4,0,2096000,2104800,4,66429a95deef09e068e2d8448b337bcf6539e25d3386e926311a281047224cb8,6400,2944000,600
MSREG_medium_853356b969573979,MG1655,2788000,2794400,2791200.0,medium,WIN_medium_853356b969573979,0.6572314516565634,6400,0.04331267096434489,0.6572314516565634,shape,0.5980572488742885,0.7164056544388382,0,7,0,2785600,2796800,7,d0b78a3f34fef3bbfd6b018c8a94ecec278fde89f3e5ab206b2029f27f0dac8c,6400,2950400,601
MSREG_medium_4def2f6f806883a9,MG1655,1017600,1024000,1020800.0,medium,WIN_medium_4def2f6f806883a9,0.6556292346916971,6400,0.6556292346916971,0.09267436567945829,density,0.6670007982609769,0.6442576711224173,0,4,0,1017600,1026400,4,6188c2aac0a88f1c0852c479d64f39bab29e9b8eeb3bdf0f94ed4a2390ea296e,6400,2953600,602
MSREG_medium_ac37f129698bce15,MG1655,2382400,2388800,2385600.0,medium,WIN_medium_ac37f129698bce15,0.6555815885607431,6400,0.6555815885607431,0.10788444056550328,density,0.7009852955713444,0.6101778815501419,0,5,0,2380000,2389600,5,3d388f3f3b9b6bbbf5ed4b870b5003c95e2b83160c4bd3b2b6506351ed45bae7,6400,2956800,603
MSREG_medium_fc5b1f46fa354153,MG1655,4156800,4163200,4160000.0,medium,WIN_medium_fc5b1f46fa354153,0.655486327650704,6400,0.655486327650704,0.11112692777442729,density,0.6532125137753437,0.6577601415260643,0,4,0,4154400,4163200,4,45e49bf2602b521d18433cf366848d74d20418fa02f82c9604c5652bc2624310,6400,2960000,604
MSREG_medium_227698cc3adefa3f,MG1655,44000,50400,47200.0,medium,WIN_medium_227698cc3adefa3f,0.6540860618862955,6400,0.07680169079576957,0.6540860618862955,shape,0.8094089441140857,0.4987631796585053,0,7,0,41600,52800,7,8075857ba5f504c050bee1f0cb62f3de9abb6e7dcab318fb02d6128d80afd56f,6400,2966400,605
MSREG_medium_f9603573d3fa5678,MG1655,4358400,4364800,4361600.0,medium,WIN_medium_f9603573d3fa5678,0.6530711878732177,6400,0.6530711878732177,0.3429339431278799,density,0.6959644941962936,0.6101778815501419,0,4,0,4356000,4364800,4,14c73021849b428f964dce62ee9da22888c4a6bb0eb89187782061d9593ac601,6400,2969600,606
MSREG_medium_5a76c3f4f04718a1,MG1655,40000,46400,43200.0,medium,WIN_medium_5a76c3f4f04718a1,0.6525772702966106,6400,0.06203231185081259,0.6525772702966106,shape,0.5672978850687505,0.7378566555244707,0,3,0,39200,47200,3,413a133a24b09b07f254ab5a2975d1bc43ef57ff597ce4068cc532983712561b,6400,2971200,607
MSREG_medium_7781792b93f235d2,MG1655,4475200,4481600,4478400.0,medium,WIN_medium_7781792b93f235d2,0.6513356892917843,6400,0.6513356892917843,0.11316487682922606,density,0.7164056544388382,0.5862657241447305,0,7,0,4472800,4484000,7,f02dceac9a612cff95bcd187567b57ef8f87472aadc59555e4552431c4f51264,6400,2976800,608
MSREG_medium_7a2909da471cf721,MG1655,3695200,3701600,3698400.0,medium,WIN_medium_7a2909da471cf721,0.6495676068524495,6400,0.5947380825520627,0.6495676068524495,shape,0.7842253980958368,0.6184504075161318,0,7,0,3692800,3704000,7,609fa1260937c1d3f9e56a76e9a9138c0b3d01c4d9645f249fd70a29845b8b8a,6400,2983200,609
MSREG_medium_bdd3de6d1a679188,MG1655,1361600,1368000,1364800.0,medium,WIN_medium_bdd3de6d1a679188,0.6492897472611756,6400,0.04553414548920438,0.6492897472611756,shape,0.6716959194693568,0.6268835750529945,0,6,0,1360000,1370400,6,e2ae9790e92bc4cedb7545553e8e624061932543da5bd7cbee17550d804b6f5e,6400,2988000,610
MSREG_medium_c6d8ccf8f1d1b897,MG1655,2633600,2640000,2636800.0,medium,WIN_medium_c6d8ccf8f1d1b897,0.6487350924488805,6400,0.6487350924488805,0.13054592995883205,density,0.6442576711224173,0.6532125137753437,0,4,0,2631200,2640000,4,5ad20722025b173dbbf9f9fe7b0c0a6e6b9294235b8a92051546b3551a382d92,6400,2991200,611
MSREG_medium_f7b2b96295d3e1f2,MG1655,148800,155200,152000.0,medium,WIN_medium_f7b2b96295d3e1f2,0.6481358108600705,6400,0.6481358108600705,0.09204056660870959,density,0.6860937401699994,0.6101778815501419,0,4,0,146400,155200,4,f45334e581e17737a1e06af4defde6358dede2727a11390e381f7aec9eef66e2,6400,2994400,612
MSREG_medium_ec1b12ec08a9ddba,MG1655,1311200,1317600,1314400.0,medium,WIN_medium_ec1b12ec08a9ddba,0.6477218903347464,6400,0.3103785694847325,0.6477218903347464,shape,0.492468946560817,0.8029748341086758,0,6,0,1308800,1319200,6,bdc51f39b5919cc895b99d24da8fd131fd9d34994dd3a41ee2124359bf6a3256,6400,2998400,613
MSREG_medium_f78b9455bd45bf95,MG1655,3237600,3244000,3240800.0,medium,WIN_medium_f78b9455bd45bf95,0.6474463810049751,6400,0.6474463810049751,0.2664107024588822,density,0.6184504075161318,0.6764423544938185,0,4,0,3235200,3244000,4,7ac5323185fb50e99e0a339243c46af23614ade94d189763e2c8a3d72ec13fa6,6400,3001600,614
MSREG_medium_86ef03c01ce80c23,MG1655,1396800,1403200,1400000.0,medium,WIN_medium_86ef03c01ce80c23,0.6464848418355422,6400,0.6464848418355422,0.032339374194729806,density,0.6487120125486673,0.6442576711224173,0,3,0,1396800,1404800,3,aa25147b72f83377c96c15c9d360a2b91afb3c9b25e5244ba722d4757804dd2a,6400,3003200,615
MSREG_medium_b6b0cd4ffb310052,MG1655,2698400,2704800,2701600.0,medium,WIN_medium_b6b0cd4ffb310052,0.646165272622675,6400,0.31439992961243957,0.646165272622675,shape,0.4893557111366741,0.8029748341086758,0,4,0,2696000,2704800,4,f14fb27ed236ea43acad701feacaf0e2b599178049cb4a4de5f9f3aa12cefb94,6400,3006400,616
MSREG_medium_23b39f5743fdb404,MG1655,4102400,4108800,4105600.0,medium,WIN_medium_23b39f5743fdb404,0.6442576711224173,6400,0.6442576711224173,0.4421451048344932,density,0.6442576711224173,0.6442576711224173,0,7,0,4100000,4111200,7,d5fe9254eb4f00c9220d7c08ef3daf22d368d176597c45c71765c72414b3b9cc,6400,3012800,617
MSREG_medium_2aea5ffc75a3663c,MG1655,2542400,2548800,2545600.0,medium,WIN_medium_2aea5ffc75a3663c,0.6420531116698898,6400,0.6420531116698898,0.10658415380024064,density,0.6398485522173621,0.6442576711224173,0,4,0,2540000,2548800,4,339217bdecccaef35b636eba53f56b9c2441ef835955bb0483a10b63d3dbee58,6400,3015200,618
MSREG_medium_5e646e5a66e17ca9,MG1655,665600,672000,668800.0,medium,WIN_medium_5e646e5a66e17ca9,0.6417623443470115,6400,0.2813923141476038,0.6417623443470115,shape,0.8094089441140857,0.4741157445799372,0,4,0,665600,674400,4,5af893a56069d834c54bed4d4183de4085c5e6d5b1938ce9a93644fb4dce0db2,6400,3018400,619
MSREG_medium_570d28d283442ca7,MG1655,1371200,1377600,1374400.0,medium,WIN_medium_570d28d283442ca7,0.6408033399267883,6400,0.01639041618816937,0.6408033399267883,shape,0.25890678975840015,1.0226998900951765,0,7,0,1368800,1380000,7,44a8e86ddc96f423037cb8df9d1dd44fc8c8f5f6435f2e48f5365667a5a48553,6400,3024800,620
MSREG_medium_284390d933d3b6e8,MG1655,1214400,1220800,1217600.0,medium,WIN_medium_284390d933d3b6e8,0.6400924009133432,6400,0.6400924009133432,0.084040602480081,density,0.6860937401699994,0.594091061656687,0,7,0,1212000,1223200,7,320962c4f4fcad558a675e33e1ea52f72d4011bc88c4ef3bcb6d8d3679e82e87,6400,3031200,621
MSREG_medium_642ce9ead747955f,MG1655,3605600,3612000,3608800.0,medium,WIN_medium_642ce9ead747955f,0.6399371927904685,6400,0.6399371927904685,0.5089723300092437,density,0.6487120125486673,0.6311623730322695,0,4,0,3605600,3614400,4,029daad2aad0245bd30266027a2d48e4cfd44aa53c8e8a55d5fa9eac391215f6,6400,3034400,622
MSREG_medium_4751ff58fb2bf0e8,MG1655,1996000,2002400,1999200.0,medium,WIN_medium_4751ff58fb2bf0e8,0.6398485522173621,6400,0.31760117541700483,0.6398485522173621,shape,0.6398485522173621,0.6398485522173621,0,5,0,1995200,2004800,5,07b8c4f22c067e629ec4150405224dc034f296632f0e4d7a7616a6057fe5c538,6400,3038400,623
MSREG_medium_585af6230e57b11c,MG1655,3738400,3744800,3741600.0,medium,WIN_medium_585af6230e57b11c,0.6377977938008309,6400,0.6377977938008309,0.0964529990857512,density,0.6487120125486673,0.6268835750529945,0,4,0,3738400,3747200,4,4f94cd72595c3084929170d539183d33c72e157a0b8ac1945ff8f855ab9b349d,6400,3041600,624
MSREG_medium_1ce9d933667d4fe3,MG1655,4005600,4012000,4008800.0,medium,WIN_medium_1ce9d933667d4fe3,0.6372716948373665,6400,0.48636295756666903,0.6372716948373665,shape,0.6959644941962936,0.5785788954784394,0,4,0,4005600,4014400,4,8caa982dec3b4d15075e51e92a9508173f603ce34660b51375f152ef11f40d45,6400,3044800,625
MSREG_medium_292cae374e0f39fa,MG1655,3947200,3953600,3950400.0,medium,WIN_medium_292cae374e0f39fa,0.6358314606457378,6400,0.6358314606457378,0.119609903103233,density,0.6532125137753437,0.6184504075161318,0,7,0,3944800,3956000,7,34406d21d971326b894e60e274407df07d2601d6ab0d13363051c0bca5a8409a,6400,3051200,626
MSREG_medium_06c0ef117788e34d,MG1655,627200,633600,630400.0,medium,WIN_medium_06c0ef117788e34d,0.6355706230877058,6400,0.6355706230877058,0.0725967718894694,density,0.6268835750529945,0.6442576711224173,0,7,0,624800,636000,7,e1df2b62bb11275e4017aa8a22e01540af799ff57d2f5e405f784b63b6e7b613,6400,3057600,627
MSREG_medium_5b59d3a8ea0417ea,MG1655,2254400,2260800,2257600.0,medium,WIN_medium_5b59d3a8ea0417ea,0.6355054626248158,6400,0.6355054626248158,0.0920583447246125,density,0.6311623730322695,0.6398485522173621,0,3,0,2252800,2260800,3,a03463c55b4dd02bf6c5a7f9bcab864ba8525bf1be0e0f509cc31dec9ca93c9f,6400,3059200,628
MSREG_medium_83178c9233c61245,MG1655,450400,456800,453600.0,medium,WIN_medium_83178c9233c61245,0.6337534807601588,6400,0.6274059908391849,0.6337534807601588,shape,0.8573324964312684,0.6060999691297024,0,1,0,450400,456800,1,2a625d0326af611b0955f23abb9626dac77e22efcde2ad2ec6f58dea3c86ba87,6400,3059200,629
MSREG_medium_9c08ce7e24c7e590,MG1655,2429600,2436000,2432800.0,medium,WIN_medium_9c08ce7e24c7e590,0.6334520966160786,6400,0.6334520966160786,0.2811883242397402,density,0.6442576711224173,0.6226465221097399,0,7,0,2427200,2438400,7,65fda559e6805006692e8bee8f1e302eae302b045fdb4fef451b2c46912c8bf7,6400,3065600,630
MSREG_medium_cd91f1d9b42b8cf4,MG1655,4437600,4444000,4440800.0,medium,WIN_medium_cd91f1d9b42b8cf4,0.6316951976627427,6400,0.6316951976627427,0.17238972226130908,density,0.6532125137753437,0.6101778815501419,0,4,0,4435200,4444000,4,1440e0653c5cb9c88fd17a9e0c62c52e058dd2e5478c7b2a081c04ec5b82a06c,6400,3068800,631
MSREG_medium_20cfd0ed01475ead,MG1655,436800,443200,440000.0,medium,WIN_medium_20cfd0ed01475ead,0.6313540393192745,6400,0.6313540393192745,0.24575765511288122,density,0.6184504075161318,0.6442576711224173,0,2,0,436800,444000,2,b0737d92e693990a50f32bb606dd40d74783f3d4bbcc50cc4d38ff049d854c06,6400,3069600,632
MSREG_medium_049575620e44a4e8,MG1655,3866400,3872800,3869600.0,medium,WIN_medium_049575620e44a4e8,0.6294449470494046,6400,0.6294449470494046,0.09652376566319082,density,0.6487120125486673,0.6101778815501419,0,4,0,3866400,3875200,4,13e0243b79a618a66add6675af2c763357543b3c0e193d3804251d2a2687898e,6400,3072800,633
MSREG_medium_64946a9aa4a2d7bf,MG1655,3818400,3824800,3821600.0,medium,WIN_medium_64946a9aa4a2d7bf,0.629149479866747,6400,0.629149479866747,0.30991745753967137,density,0.6398485522173621,0.6184504075161318,0,4,0,3816000,3824800,4,cba5cb4d5951ad9403d88a628942944cc336e91df01d84006844bbd835785de1,6400,3076000,634
MSREG_medium_73a3809325f9effa,MG1655,649600,656000,652800.0,medium,WIN_medium_73a3809325f9effa,0.627510624986129,6400,0.09331717283523575,0.627510624986129,shape,0.6764423544938185,0.5785788954784394,0,7,0,647200,658400,7,442619fcfe897dfc59a47af7041d4ec8809aaa266eceeb62ad029f0b5206964b,6400,3081600,635
MSREG_medium_02c040af351cebfe,MG1655,1932800,1939200,1936000.0,medium,WIN_medium_02c040af351cebfe,0.6272177763362796,6400,0.6272177763362796,0.10790165193482645,density,0.6442576711224173,0.6101778815501419,0,1,0,1932800,1939200,1,55c3babaa725439974414982ebb4da47625bf7f9f031e92e7f93ed88c432ce8b,6400,3081600,636
MSREG_medium_0422ac2f3a53035a,MG1655,4195200,4201600,4198400.0,medium,WIN_medium_0422ac2f3a53035a,0.6248063902742007,6400,0.6248063902742007,0.15808038401256186,density,0.6311623730322695,0.6184504075161318,0,4,0,4192800,4201600,4,31d56538edf7a471a743cf70e0c4991f085d109dc3535242b350ca2a22be6218,6400,3084800,637
MSREG_medium_a9da47a270e3d578,MG1655,384800,391200,388000.0,medium,WIN_medium_a9da47a270e3d578,0.6240634413766482,6400,0.107233323912881,0.6240634413766482,shape,0.4451520486446206,0.8029748341086758,0,7,0,382400,393600,7,1863eb5e5a7a97fd3bd526bbabb588be9f6193abd07d51f8c6dae350b9ea7c52,6400,3091200,638
MSREG_medium_25ce1ab90beefc71,MG1655,3196000,3202400,3199200.0,medium,WIN_medium_25ce1ab90beefc71,0.6236517877160154,6400,0.31852743545311635,0.6236517877160154,shape,0.7323937598229685,0.5149098156090622,0,5,0,3193600,3203200,5,8dae64c7fafda3ec7e5b08b0cefd11532eeeba1fd71000a8929f412470c8eb78,6400,3095200,639
MSREG_medium_8489aa80948dae3d,MG1655,4333600,4340000,4336800.0,medium,WIN_medium_8489aa80948dae3d,0.6229742606735322,6400,0.23420634028160747,0.6229742606735322,shape,0.6398485522173621,0.6060999691297024,0,7,0,4331200,4342400,7,3eefba1ae7ab58ecf6ab88e6f547a89e6b78a89fdd357aa73e208b23d28c601b,6400,3100800,640
MSREG_medium_275de7d92d92cdbf,MG1655,1326400,1332800,1329600.0,medium,WIN_medium_275de7d92d92cdbf,0.6229742606735322,6400,0.3601739200964501,0.6229742606735322,shape,0.6060999691297024,0.6398485522173621,0,4,0,1326400,1335200,4,797458b407f7354dcb432e76ac0be17bf010c7b301f19b388ca1bbf6447fc402,6400,3104000,641
MSREG_medium_e31f73a51e769bcc,MG1655,2982400,2988800,2985600.0,medium,WIN_medium_e31f73a51e769bcc,0.6206498454772507,6400,0.1519954202633657,0.6206498454772507,shape,0.7164056544388382,0.5248940365156631,0,4,0,2982400,2991200,4,03bf65652a50735ea651e82b188d338db7d7c71598b7e22be2249ea85d84793b,6400,3107200,642
MSREG_medium_03d9c2ea08f354d0,MG1655,1790400,1796800,1793600.0,medium,WIN_medium_03d9c2ea08f354d0,0.6205484648129358,6400,0.6205484648129358,0.2572265480811488,density,0.6226465221097399,0.6184504075161318,0,3,0,1788800,1796800,3,c8e92d3b7dcb0c2b0fdd506c58d8a8e807b5ffe9e66bd6d82607c1d39e458b36,6400,3108800,643
MSREG_medium_b7e1dde0a9224129,MG1655,3516000,3522400,3519200.0,medium,WIN_medium_b7e1dde0a9224129,0.6205484648129358,6400,0.6205484648129358,0.08709823854829954,density,0.6226465221097399,0.6184504075161318,0,4,0,3516000,3524800,4,ec27b8012cb0d3cc441bc0da7f434dc1e8857a0c2bda5f1fd392c3d93eb818b3,6400,3112000,644
MSREG_medium_3ddb512a39d88a5d,MG1655,1825600,1832000,1828800.0,medium,WIN_medium_3ddb512a39d88a5d,0.6200827224287784,6400,0.028135983291706464,0.6200827224287784,shape,0.5824053033314924,0.6577601415260643,0,4,0,1823200,1832000,4,5ddd13bf2038f34b55d110675512bd255204e8aee3c556fd4dec9dc21f377fd8,6400,3114400,645
MSREG_medium_b62608f744205038,MG1655,2508000,2514400,2511200.0,medium,WIN_medium_b62608f744205038,0.6177688777226379,6400,0.29226393154375535,0.6177688777226379,shape,0.7903857068006552,0.4451520486446206,0,7,0,2505600,2516800,7,9103658802a41907c2ab28fd34dd9e852f7bc537046407973d8143c713d54efe,6400,3120800,646
MSREG_medium_440ff7b535fbceea,MG1655,3026400,3032800,3029600.0,medium,WIN_medium_440ff7b535fbceea,0.6176688329196927,6400,0.115663681086765,0.6176688329196927,shape,0.8225703901720565,0.4127672756673288,0,5,0,3025600,3035200,5,d6db39a511d7c74153405a7464b80ab735deed69f62a9c66af39edc25bbafa47,6400,3124800,647
MSREG_medium_96726f2b7bd509f1,MG1655,142400,148800,145600.0,medium,WIN_medium_96726f2b7bd509f1,0.6166111821801159,6400,0.6166111821801159,0.33668002641336214,density,0.6311623730322695,0.6020599913279624,0,7,0,140000,151200,7,305add6ed3642ec9bc6091f20e83e32dcf37bf65d55dc6e9f78b85c8480724df,6400,3131200,648
MSREG_medium_9a0bf28b7e4e2d8f,MG1655,1999200,2005600,2002400.0,medium,WIN_medium_9a0bf28b7e4e2d8f,0.6163724276305529,6400,0.3352368917186964,0.6163724276305529,shape,0.6184504075161318,0.614294447744974,0,1,0,1999200,2005600,1,2d5c33eebcf2cf0b11dbcdf99664c1cea1fd8a2817ea816f72caa3648699f181,6400,3131200,649
MSREG_medium_b417aade2ec84484,MG1655,300800,307200,304000.0,medium,WIN_medium_b417aade2ec84484,0.6150046601228084,6400,0.04442056745412484,0.6150046601228084,shape,0.6398485522173621,0.5901607680282547,0,5,0,298400,308000,5,460a7acdd1462a0ff2c7cc2b95d87b53d0690d5a6118d1ca5d30790078e6f33c,6400,3135200,650
MSREG_medium_1dbc751dbc9c784f,MG1655,616000,622400,619200.0,medium,WIN_medium_1dbc751dbc9c784f,0.6144717831904785,6400,0.04553414548920438,0.6144717831904785,shape,0.42596873227228116,0.8029748341086758,0,4,0,613600,622400,4,afa3acb276d71778d0113759106097f4138fdd6d0ba97dc75682f826c6ae7630,6400,3138400,651
MSREG_medium_08cbe4e3bfd12cd6,MG1655,2649600,2656000,2652800.0,medium,WIN_medium_08cbe4e3bfd12cd6,0.6143141445331368,6400,0.6143141445331368,0.3903920975019767,density,0.6184504075161318,0.6101778815501419,0,4,0,2649600,2658400,4,f203c7067c35e96bc128e26ad71cf7ef9812a9e69958bbb09efef875f40e5b52,6400,3140800,652
MSREG_medium_882e29079ef83732,MG1655,2624000,2630400,2627200.0,medium,WIN_medium_882e29079ef83732,0.6106809405174255,6400,0.26447880639477117,0.6106809405174255,shape,0.8646317351727679,0.3567301458620831,0,4,0,2624000,2632800,4,671538e5cd49ea18577aecd3e359b44c3128e971eb6a79f93a1506573882fdb3,6400,3144000,653
MSREG_medium_e42047d8fe3d10ac,MG1655,669600,676000,672800.0,medium,WIN_medium_e42047d8fe3d10ac,0.6101778815501419,6400,0.6101778815501419,0.5492552596146185,density,0.6101778815501419,0.6101778815501419,0,5,0,668800,678400,5,bc076efc667f3856112b2680899cae5fe93ebcea7941a2f585a65b810bbd54c4,6400,3148000,654
MSREG_medium_428cb06d33b087ae,MG1655,3119200,3125600,3122400.0,medium,WIN_medium_428cb06d33b087ae,0.6070313211466758,6400,0.14838223805034084,0.6070313211466758,shape,0.7604224834232121,0.45364015887013953,0,1,0,3119200,3125600,1,3b0079283e39776b344ff4d196c73ebc804f73800add384a08fa7b60c0a2f8ff,6400,3148000,655
MSREG_medium_33d3c9c9cbaadd13,MG1655,1220800,1227200,1224000.0,medium,WIN_medium_33d3c9c9cbaadd13,0.6065746495988625,6400,0.6065746495988625,0.08648048478912429,density,0.6268835750529945,0.5862657241447305,0,7,0,1218400,1229600,7,1b64aa60ad44af8c0f51beb0f455c11b267c944cf42ffb34487e0a7395b4f41f,6400,3153600,656
MSREG_medium_6533e8ac85a02427,MG1655,1708000,1714400,1711200.0,medium,WIN_medium_6533e8ac85a02427,0.6052292590122632,6400,0.3410231160059085,0.6052292590122632,shape,0.552698376498462,0.6577601415260643,0,2,0,1707200,1714400,2,bb4869556d8715414685e7237be1edfc1069abd6c0a48729ab58372249c52fab,6400,3154400,657
MSREG_medium_de662ffada5ad2fb,MG1655,641600,648000,644800.0,medium,WIN_medium_de662ffada5ad2fb,0.6051348266381062,6400,0.12093802492510303,0.6051348266381062,shape,0.6716959194693568,0.5385737338068557,0,7,0,639200,650400,7,4482b1a3fa76037d3a86a7843a07223f1a5d1aa240b9d1e9560d97286a43f15e,6400,3160800,658
MSREG_medium_589691db24dc2c58,MG1655,164000,170400,167200.0,medium,WIN_medium_589691db24dc2c58,0.6043055877721932,6400,0.26173123308202806,0.6043055877721932,shape,0.7662520270839359,0.4423591484604505,0,7,0,161600,172800,7,01e7a54faa1e412369ee086444860fb21135f1994befb7ffbe66a10b0196b36e,6400,3167200,659
MSREG_medium_7e21799e97b487e0,MG1655,4048000,4054400,4051200.0,medium,WIN_medium_7e21799e97b487e0,0.6041927547008306,6400,0.6041927547008306,0.19323333323599617,density,0.614294447744974,0.594091061656687,0,5,0,4045600,4055200,5,5c00566df02bfb30416ba0c611e9b42e16ea9b1c29e7f876070188faa2cb780e,6400,3171200,660
MSREG_medium_2e0cd783f37eadc2,MG1655,2566400,2572800,2569600.0,medium,WIN_medium_2e0cd783f37eadc2,0.6023580658304312,6400,0.04219909292926535,0.6023580658304312,shape,0.3174204118521506,0.8872957198087117,0,5,0,2565600,2575200,5,1755d618324224ee5db401b1ae89aa722f2fd8392dd94ded49f9327dd4e48551,6400,3175200,661
MSREG_medium_c03e2238b2836f12,MG1655,4485600,4492000,4488800.0,medium,WIN_medium_c03e2238b2836f12,0.6023580658304312,6400,0.6023580658304312,0.08832855756910615,density,0.6184504075161318,0.5862657241447305,0,2,0,4485600,4492800,2,3a93b3741ee319a16a77f1068bb829a2412ce8c8412293ea44ab2a84fad004f2,6400,3176000,662
MSREG_medium_8017e9ccc73f2880,MG1655,3248800,3255200,3252000.0,medium,WIN_medium_8017e9ccc73f2880,0.6011682149577537,6400,0.33018027808218164,0.6011682149577537,shape,0.6532125137753437,0.5491239161401639,0,5,0,3247200,3256800,5,212289a51d8475f1bf2957e2812af382aee70475484b38b44c7b011fed92945b,6400,3179200,663
MSREG_medium_9f737d7b1d529887,MG1655,1772800,1779200,1776000.0,medium,WIN_medium_9f737d7b1d529887,0.6010940653101315,6400,0.18839496989552568,0.6010940653101315,shape,0.6311623730322695,0.5710257575879936,0,7,0,1770400,1781600,7,49b56ef5386ddaa0ccd688424789505dc2878e08fc081ff8a926a9d37820d49f,6400,3184800,664
MSREG_medium_c5fb4559bcf387ad,MG1655,1672800,1679200,1676000.0,medium,WIN_medium_c5fb4559bcf387ad,0.6008347407571475,6400,0.6008347407571475,0.35404005616797246,density,0.6268835750529945,0.5747859064613003,0,5,0,1672000,1681600,5,6a061942b9899268daa16f5420e55cc7c679694a0e5d594c6176aa95d1999683,6400,3188800,665
MSREG_medium_f704d7e7dc5f4231,MG1655,3148000,3154400,3151200.0,medium,WIN_medium_f704d7e7dc5f4231,0.6006127087940897,6400,0.6006127087940897,0.1311666304456538,density,0.6226465221097399,0.5785788954784394,0,7,0,3145600,3156800,7,94511510964bfe9bd34c0bb60ae4e501e3e23933098cc277879b6de87b3aba6c,6400,3194400,666
MSREG_medium_fc4bee860b3e5e1d,MG1655,1195200,1201600,1198400.0,medium,WIN_medium_fc4bee860b3e5e1d,0.5984780238104397,6400,0.5984780238104397,0.10917524644176638,density,0.6442576711224173,0.552698376498462,0,6,0,1193600,1204000,6,39108d8196c1f832ecce0d81486242ba86ce0b2d21612dc5638b88fac021b866,6400,3199200,667
MSREG_medium_02a926b60ce7e55b,MG1655,4536800,4543200,4540000.0,medium,WIN_medium_02a926b60ce7e55b,0.5984780238104397,6400,0.5984780238104397,0.13450229113594186,density,0.6442576711224173,0.552698376498462,0,4,0,4536800,4545600,4,c04d4adcff802484ca6366749dcf741918bdc401e0dda72b69e8de9dce20f3dc,6400,3202400,668
MSREG_medium_5a39562c40f1c9e0,MG1655,3653600,3660000,3656800.0,medium,WIN_medium_5a39562c40f1c9e0,0.5984780238104397,6400,0.5984780238104397,0.10023577470279424,density,0.6442576711224173,0.552698376498462,0,5,0,3651200,3660800,5,c535789b5eb43dc52a01ba5864bc414bf9fa0854b0a726583735ca156b4b63c5,6400,3206400,669
MSREG_medium_eb478b562e3f8f79,MG1655,1948800,1955200,1952000.0,medium,WIN_medium_eb478b562e3f8f79,0.5980755264923248,6400,0.28042506425900393,0.5980755264923248,shape,0.38021124171160603,0.8159398112730434,0,5,0,1946400,1956000,5,487ed916c11534e9db0ba35c8a37acc517e0c8dee61f7844428efb8f8b45532a,6400,3210400,670
MSREG_medium_774a3b46cad099d1,MG1655,2416000,2422400,2419200.0,medium,WIN_medium_774a3b46cad099d1,0.5980755264923248,6400,0.27289559610534353,0.5980755264923248,shape,0.6812412373755872,0.5149098156090622,0,5,0,2415200,2424800,5,90fc4a7c5be29d861cc76c070b77e6283959b075eb63c6604cb69c6dc6f4a664,6400,3214400,671
MSREG_medium_28735885f1109505,MG1655,4500800,4507200,4504000.0,medium,WIN_medium_28735885f1109505,0.5962734643579121,6400,0.5962734643579121,0.09335651725929753,density,0.6398485522173621,0.552698376498462,0,7,0,4498400,4509600,7,6259eda8ff9d92d47fe26240ec42412b181c40aa088587e3beaca784b8e35a5a,6400,3220800,672
MSREG_medium_82a673c577a7b5d7,MG1655,4444000,4450400,4447200.0,medium,WIN_medium_82a673c577a7b5d7,0.5961103796781085,6400,0.5961103796781085,0.2970455308283435,density,0.5901607680282547,0.6020599913279624,0,4,0,4444000,4452800,4,15305f7bb0e0aa51199a810869c12d48fb74a9c9f57fbcb724c267c3c79e52d5,6400,3224000,673
MSREG_medium_d4a913efe03d6ac8,MG1655,212000,218400,215200.0,medium,WIN_medium_d4a913efe03d6ac8,0.5956760850514404,6400,0.23416870851943195,0.5956760850514404,shape,0.44796302597844906,0.7433891441244317,0,4,0,209600,218400,4,a387ef0ba8cabcaf636c1020bdca2160e86657aa15c8e29bcc60512cb90aa560,6400,3227200,674
MSREG_medium_14ae854fd7c3cef4,MG1655,808800,815200,812000.0,medium,WIN_medium_14ae854fd7c3cef4,0.5953870371006722,6400,0.05342187199279108,0.5953870371006722,shape,0.6487120125486673,0.542062061652677,0,4,0,808800,817600,4,0b22ed8598ad96e556e2c3f9d7ac03d0794815724264ea9af2beb304d6eb1629,6400,3230400,675
MSREG_medium_d86fd4b2a3aebfd1,MG1655,412000,418400,415200.0,medium,WIN_medium_d86fd4b2a3aebfd1,0.5952426572808907,6400,0.14205311166988974,0.5952426572808907,shape,0.6268835750529945,0.5636017395087867,0,7,0,409600,420800,7,777ea0ba0d07d22ae7aeb3498e2341e365dd79682e74822d558d81edb3f0f88c,6400,3236800,676
MSREG_medium_8a43649faaa701a4,MG1655,4142400,4148800,4145600.0,medium,WIN_medium_8a43649faaa701a4,0.5933028675392096,6400,0.16937373987635257,0.5933028675392096,shape,0.6716959194693568,0.5149098156090622,0,7,0,4140000,4151200,7,226af32c1d4c74193be931750d3171711bcd5f9d2f8fff6a7eebab2ba1c49f2d,6400,3243200,677
MSREG_medium_dda6b26cf1f44661,MG1655,3831200,3837600,3834400.0,medium,WIN_medium_dda6b26cf1f44661,0.5928741462924411,6400,0.26918233969009475,0.5928741462924411,shape,0.7433891441244317,0.4423591484604505,0,7,0,3828800,3840000,7,56cae96b7cba1dc2219100fe25d58c7f69480629a38fde663385aff2f74a7573,6400,3249600,678
MSREG_medium_14ee55dfede7640a,MG1655,3139200,3145600,3142400.0,medium,WIN_medium_14ee55dfede7640a,0.5927135937964382,6400,0.5927135937964382,0.24523148193160924,density,0.6398485522173621,0.5455786353755142,0,4,0,3136800,3145600,4,65ef4448695b75cc7cceaefeafc84207e1767d18bc2c680c2b4bc7776c526bd0,6400,3252800,679
MSREG_medium_b8fd179f81252078,MG1655,1860800,1867200,1864000.0,medium,WIN_medium_b8fd179f81252078,0.592481894005721,6400,0.592481894005721,0.11632470820591259,density,0.6101778815501419,0.5747859064613003,0,4,0,1858400,1867200,4,c85133791fbfb0ff9e9887b5b0fca9db5014d1a7edb842259de806e189db43ff,6400,3256000,680
MSREG_medium_52c5b1f8915a9bab,MG1655,3474400,3480800,3477600.0,medium,WIN_medium_52c5b1f8915a9bab,0.5922326473297275,6400,0.5922326473297275,0.20488387194042157,density,0.6020599913279624,0.5824053033314924,0,4,0,3474400,3483200,4,a6ae33d2651f893a702b3b11d8ee3d3edff8a535d5e4fb85925ad74de6ef2b96,6400,3259200,681
MSREG_medium_4948902e08fe32b8,MG1655,2327200,2333600,2330400.0,medium,WIN_medium_4948902e08fe32b8,0.5916640126585916,6400,0.01691303314549438,0.5916640126585916,shape,0.4286578707830624,0.7546701545341208,0,4,0,2324800,2333600,4,962fd40c02cef6246c8efaf210e40a852b6b1504fe1dd7103359a2e475b72683,6400,3262400,682
MSREG_medium_9b0ad6c51b3aba10,MG1655,3765600,3772000,3768800.0,medium,WIN_medium_9b0ad6c51b3aba10,0.5914157024646365,6400,0.5914157024646365,0.086487416089409,density,0.6442576711224173,0.5385737338068557,0,7,0,3763200,3774400,7,20a48a449a3db3a71c7208b3625793a41fec6904da0e960e0ba59ad4403f97ca,6400,3268000,683
MSREG_medium_ecea041df030d550,MG1655,1170400,1176800,1173600.0,medium,WIN_medium_ecea041df030d550,0.5902312761028905,6400,0.23941051979877842,0.5902312761028905,shape,0.5824053033314924,0.5980572488742885,0,6,0,1168000,1178400,6,41744171951fe0f1c5b9adbe9f6979fefdbe25682e0bd724b8058aad35164d76,6400,3272800,684
MSREG_medium_45e3dfbadd7bc32e,MG1655,644800,651200,648000.0,medium,WIN_medium_45e3dfbadd7bc32e,0.5901431445862168,6400,0.04109682030374858,0.5901431445862168,shape,0.3301323773682883,0.8501539118041451,0,3,0,644800,652800,3,1dd7939783a7d0337dcb434ce489f7098ed553e22b089e84c27aa9a99ea18f26,6400,3274400,685
MSREG_medium_8405ec17a97bda05,MG1655,4591200,4597600,4594400.0,medium,WIN_medium_8405ec17a97bda05,0.5893164520544016,6400,0.2690858976702475,0.5893164520544016,shape,0.6670007982609769,0.5116321058478264,0,4,0,4591200,4600000,4,5c2505e658fa157f62225d1ab4fd752aa15e926811ea7ec5030e18f131fe02d9,6400,3277600,686
MSREG_medium_9593a7982c370e5b,MG1655,3562400,3568800,3565600.0,medium,WIN_medium_9593a7982c370e5b,0.5891935964692565,6400,0.5891935964692565,0.45499780495194414,density,0.6184504075161318,0.5599367854223813,0,1,0,3562400,3568800,1,5ba66d195ed4469e2db1020d6ab645a8ed09f597a649c700889a23fac46137a5,6400,3277600,687
MSREG_medium_60e2f96f45aeac70,MG1655,1912800,1919200,1916000.0,medium,WIN_medium_60e2f96f45aeac70,0.5884229488946313,6400,0.5884229488946313,0.2570896474308531,density,0.6020599913279624,0.5747859064613003,0,1,0,1912800,1919200,1,abdd64053a3fee52185397c94541660869ec7bdb71a51f8c3bbe302acfb7b105,6400,3277600,688
MSREG_medium_c48bbef2fb053dfc,MG1655,548000,554400,551200.0,medium,WIN_medium_c48bbef2fb053dfc,0.5876898733555407,6400,0.04665779096578501,0.5876898733555407,shape,0.5083789484501045,0.6670007982609769,0,6,0,545600,556000,6,c056370d8b6215ba1536499f122b8fd4e429dd3044341b54c2ce71742e2a5713,6400,3282400,689
MSREG_medium_f4f5005395291f64,MG1655,3590400,3596800,3593600.0,medium,WIN_medium_f4f5005395291f64,0.5862311052142544,6400,0.15476370721361352,0.5862311052142544,shape,0.6268835750529945,0.5455786353755142,0,7,0,3588000,3599200,7,d84eea621f269ac3ca1893d40ed8bf8469b1383c25d49736883a8c5811e7693e,6400,3288000,690
MSREG_medium_13a6206a43d6a1dc,MG1655,2039200,2045600,2042400.0,medium,WIN_medium_13a6206a43d6a1dc,0.5855743920072969,6400,0.5855743920072969,0.08771078406295268,density,0.6184504075161318,0.552698376498462,0,7,0,2036800,2048000,7,b54169c71e398a5146801abf42e98a6f0b7daa89224e027822d7eb02ba458f31,6400,3294400,691
MSREG_medium_dea38cfb94ec3711,MG1655,4382400,4388800,4385600.0,medium,WIN_medium_dea38cfb94ec3711,0.5850229066544889,6400,0.4153835391341673,0.5850229066544889,shape,0.7164056544388382,0.45364015887013953,0,3,0,4382400,4390400,3,201620516d9e34a84106fec1927de2f82d16cf91acc705c3daabc51d7c197c80,6400,3296000,692
MSREG_medium_d8b61890ea945447,MG1655,2661600,2668000,2664800.0,medium,WIN_medium_d8b61890ea945447,0.584369831753347,6400,0.584369831753347,0.1257262086178508,density,0.5785788954784394,0.5901607680282547,0,7,0,2659200,2670400,7,6e705be9f2d9ea086e118ae0c3d5fadd09703bf0a1d9219be622dd865aecf211,6400,3302400,693
MSREG_medium_b588164c3d6d6d21,MG1655,1458400,1464800,1461600.0,medium,WIN_medium_b588164c3d6d6d21,0.5834280569654279,6400,0.029680556774397262,0.5834280569654279,shape,0.3826307158350189,0.7842253980958368,0,7,0,1456000,1467200,7,69d7c17234e28c482fa646c215a97e8ab35dc086832274fd9e907d07abb2a56a,6400,3308800,694
MSREG_medium_5310516cba0b9228,MG1655,2711200,2717600,2714400.0,medium,WIN_medium_5310516cba0b9228,0.5821843402086436,6400,0.1844823011395474,0.5821843402086436,shape,0.7164056544388382,0.44796302597844906,0,6,0,2708800,2719200,6,074cae9229d9eb9b6644cc28c7bfe491948a589f938074a6a2037c82ea8ed747,6400,3313600,695
MSREG_medium_297581c0e82b7d86,MG1655,1808000,1814400,1811200.0,medium,WIN_medium_297581c0e82b7d86,0.582014521445823,6400,0.582014521445823,0.08099500920381533,density,0.6184504075161318,0.5455786353755142,0,4,0,1808000,1816800,4,993fcb6b229132e03feddb005b589558be49e7c490ae3f558add0571f24bdc28,6400,3316800,696
MSREG_medium_286f280f230aaef9,MG1655,1207200,1213600,1210400.0,medium,WIN_medium_286f280f230aaef9,0.5814211994456124,6400,0.5814211994456124,0.1813243590167864,density,0.6311623730322695,0.5316800258589552,0,4,0,1207200,1216000,4,2e598f7a37c1c4ff1beda3df4949e213f1f233ca594545feb042b758c093ec6e,6400,3320000,697
MSREG_medium_f70e023fa87c1385,MG1655,2782400,2788800,2785600.0,medium,WIN_medium_f70e023fa87c1385,0.5812350611407826,6400,0.5812350611407826,0.20012381996751527,density,0.6442576711224173,0.5182124511591478,0,7,0,2780000,2791200,7,ee7078862b045198e39b82b4b47cffaba2f6303aa47d37494a66ed366330adf6,6400,3325600,698
MSREG_medium_7e8c3f19f98ddd8d,MG1655,4230400,4236800,4233600.0,medium,WIN_medium_7e8c3f19f98ddd8d,0.5809983883751719,6400,0.3624840189148227,0.5809983883751719,shape,0.6268835750529945,0.5351132016973492,0,4,0,4230400,4239200,4,388ccac843269d1494b2310e5c9694faf80f9ce08ad5fe70be4a5973710d3e13,6400,3328800,699
MSREG_medium_af24ca60c53c0613,MG1655,2548800,2555200,2552000.0,medium,WIN_medium_af24ca60c53c0613,0.5805932628081241,6400,0.2297967982879655,0.5805932628081241,shape,0.5901607680282547,0.5710257575879936,0,4,0,2548800,2557600,4,f278266f9a5b5fcc8128e7579497fc8a3409b2699202065ee2219768902e7654,6400,3332000,700
MSREG_medium_14624bbb86d9171a,MG1655,3284000,3290400,3287200.0,medium,WIN_medium_14624bbb86d9171a,0.5802562345844045,6400,0.2663670551708993,0.5802562345844045,shape,0.6184504075161318,0.542062061652677,0,7,0,3281600,3292800,7,68ee42a7e0129883ad444bd1663e5134458df30ac56bfb4cda121a471922628e,6400,3338400,701
MSREG_medium_3e6059f8b0293a02,MG1655,1606400,1612800,1609600.0,medium,WIN_medium_3e6059f8b0293a02,0.5791812460476249,6400,0.1263332649668562,0.5791812460476249,shape,0.7781512503836436,0.38021124171160603,0,1,0,1606400,1612800,1,0a64eab4e505f6a57cdfa3c087f251cffe78957fc0b815966718adff66552c51,6400,3338400,702
MSREG_medium_7fab5cfeb0c34374,MG1655,1624800,1631200,1628000.0,medium,WIN_medium_7fab5cfeb0c34374,0.579030501688255,6400,0.21967681916036264,0.579030501688255,shape,0.6398485522173621,0.5182124511591478,0,4,0,1624800,1633600,4,34663eb46bcd7821363937e6b35687c7a50cf9980f1c06b9df44e0aaff8deb14,6400,3341600,703
MSREG_medium_5b822b12d7c42639,MG1655,1186400,1192800,1189600.0,medium,WIN_medium_5b822b12d7c42639,0.5785956048963964,6400,0.5785956048963964,0.3560694844064063,density,0.5747859064613003,0.5824053033314924,0,5,0,1184000,1193600,5,e26a16ace0c6e917c031919bf602fd66bd3b03b83ef6e47ab6bb0349f5bcc2f3,6400,3345600,704
MSREG_medium_e3ad9af66429dbe5,MG1655,1331200,1337600,1334400.0,medium,WIN_medium_e3ad9af66429dbe5,0.5768812537685206,6400,0.3510896406572386,0.5768812537685206,shape,0.5901607680282547,0.5636017395087867,0,4,0,1329600,1338400,4,72d42dfbdba841e95c5267d897c96b2af783f4ba888b2869f9382eb2641c6aba,6400,3348000,705
MSREG_medium_5cebc0f2b20499b6,MG1655,4028800,4035200,4032000.0,medium,WIN_medium_5cebc0f2b20499b6,0.5767818046067406,6400,0.5767818046067406,0.14558213097392775,density,0.5672978850687505,0.5862657241447305,0,6,0,4027200,4037600,6,7092e1a25e02c5abbc66cfbf00ba00548180fe8fd11e33ab5e4e011b79f602e5,6400,3352800,706
MSREG_medium_3cde95b34bbbe2e2,MG1655,3225600,3232000,3228800.0,medium,WIN_medium_3cde95b34bbbe2e2,0.5764340907759149,6400,0.13515393360325467,0.5764340907759149,shape,0.614294447744974,0.5385737338068557,0,4,0,3223200,3232000,4,098bef35bd6f777f31df35a0415c637978011ca979b27ec3c5b50f4f56a17d8c,6400,3355200,707
MSREG_medium_9cdd39f5ec7fa83f,MG1655,1714400,1720800,1717600.0,medium,WIN_medium_9cdd39f5ec7fa83f,0.5750487767253181,6400,0.5750487767253181,0.33714122426662857,density,0.5901607680282547,0.5599367854223813,0,4,0,1714400,1723200,4,4c73b7f1fb0e0a2797844e265e654880adc0755c273a7a11fa1a1774b0d51c1f,6400,3358400,708
MSREG_medium_f53aa27bf66768f8,MG1655,3745600,3752000,3748800.0,medium,WIN_medium_f53aa27bf66768f8,0.5746874120957086,6400,0.1783756554131193,0.5746874120957086,shape,0.5182124511591478,0.6311623730322695,0,7,0,3743200,3754400,7,58492bcbe1cb06502c76c85aae032ddab1bb7cc7c0a14ab14b0d73f9fb24729f,6400,3364800,709
MSREG_medium_81e4ba78bfe4ee1d,MG1655,863200,869600,866400.0,medium,WIN_medium_81e4ba78bfe4ee1d,0.5742119847805349,6400,0.23411398305006637,0.5742119847805349,shape,0.40503482543663816,0.7433891441244317,0,4,0,860800,869600,4,66c6941c0520bde875f0ba82d4fc2c7f6f53aab096b9e7387faf26d471feaaa5,6400,3368000,710
MSREG_medium_1eac20082d7d9512,MG1655,1043200,1049600,1046400.0,medium,WIN_medium_1eac20082d7d9512,0.5735579263313693,6400,0.020587810048676998,0.5735579263313693,shape,0.4893557111366741,0.6577601415260643,0,7,0,1040800,1052000,7,aac3f5fd35a77d032a0e7f9be9c9911db200725665bd0522efd61aff4a2ead1f,6400,3374400,711
MSREG_medium_55013b68b5dcce3b,MG1655,2904800,2911200,2908000.0,medium,WIN_medium_55013b68b5dcce3b,0.5711710443769369,6400,0.5711710443769369,0.1355662784484774,density,0.5599367854223813,0.5824053033314924,0,4,0,2902400,2911200,4,ffff0dacc1009a8d02c6f8199ea56d0462233cfe417d8a0512e2d3b9ec3df148,6400,3377600,712
MSREG_medium_6cd991d805719e38,MG1655,3856000,3862400,3859200.0,medium,WIN_medium_6cd991d805719e38,0.5693058659379338,6400,0.24454863971153298,0.5693058659379338,shape,0.6398485522173621,0.4987631796585053,0,4,0,3854400,3863200,4,117e591a0d833a0d295ae93e118327b7a40efe89644bcdaba9deed8ed9f34352,6400,3380000,713
MSREG_medium_0e59828ab35ab718,MG1655,406400,412800,409600.0,medium,WIN_medium_0e59828ab35ab718,0.5687142926298033,6400,0.22810032683929582,0.5687142926298033,shape,0.40503482543663816,0.7323937598229685,0,7,0,404000,415200,7,f8822cfde7222e94143641bbb5d2f499d9c639ad21ac9ddf20ddf7504f472ac5,6400,3385600,714
MSREG_medium_4a32608a407c403f,MG1655,1164800,1171200,1168000.0,medium,WIN_medium_4a32608a407c403f,0.5683314293376398,6400,0.5683314293376398,0.10168239723314143,density,0.6184504075161318,0.5182124511591478,0,4,0,1164800,1173600,4,ac80068766808cce6606683adb1811768da781ad5c83afdbae0a4b6243f542df,6400,3388000,715
MSREG_medium_6d324e381c318209,MG1655,4105600,4112000,4108800.0,medium,WIN_medium_6d324e381c318209,0.5656386359884507,6400,0.5656386359884507,0.18379494090441387,density,0.5785788954784394,0.552698376498462,0,2,0,4105600,4112800,2,661b06889d40f7f7d2111781674d81ba71d961e8f428845b4e2b18be22452e24,6400,3388800,716
MSREG_medium_cfec489a93184878,MG1655,3352000,3358400,3355200.0,medium,WIN_medium_cfec489a93184878,0.5654498122887686,6400,0.5654498122887686,0.11109975452722465,density,0.5636017395087867,0.5672978850687505,0,4,0,3352000,3360800,4,2ce9490646e265cc4c197b0fc48af2a73563814c6a2844150c7bc441c6b589d5,6400,3392000,717
MSREG_medium_d49d4986b6acd7fd,MG1655,3216000,3222400,3219200.0,medium,WIN_medium_d49d4986b6acd7fd,0.565166884247503,6400,0.13375348076015886,0.565166884247503,shape,0.5282737771670437,0.6020599913279624,0,4,0,3214400,3223200,4,54f5c6ee78bde927cf7b54c8d4f8d6c27efb44646f92a0f1e8d6776617fc971d,6400,3394400,718
MSREG_medium_370fc5dd20d8065d,MG1655,2856000,2862400,2859200.0,medium,WIN_medium_370fc5dd20d8065d,0.565041256681979,6400,0.1330759537176758,0.565041256681979,shape,0.6764423544938185,0.45364015887013953,0,4,0,2854400,2863200,4,51505734ecd8697f3b7b87ac72a29ef312fe4f2ce3deb6b830e7b5aeb1ad7117,6400,3396800,719
MSREG_medium_f0876112f449e32a,MG1655,2821600,2828000,2824800.0,medium,WIN_medium_f0876112f449e32a,0.5637421414798811,6400,0.5637421414798811,0.1893529433571445,density,0.5747859064613003,0.552698376498462,0,2,0,2820800,2828000,2,887278e2a3399fb8b5e31584cfc48d8df6f17844f1ad356c24d02a519ec7ae98,6400,3397600,720
MSREG_medium_ee1566b38947f9d9,MG1655,1733600,1740000,1736800.0,medium,WIN_medium_ee1566b38947f9d9,0.5637421414798811,6400,0.5637421414798811,0.2789191564390204,density,0.5747859064613003,0.552698376498462,0,5,0,1731200,1740800,5,a852583b8fb9848382aae803bb6dc0b37596c74a03feb31dffe1d5a4856a672e,6400,3401600,721
MSREG_medium_b07b4b394a1602c4,MG1655,1281600,1288000,1284800.0,medium,WIN_medium_b07b4b394a1602c4,0.5600748368640787,6400,0.10785575798116268,0.5600748368640787,shape,0.5710257575879936,0.5491239161401639,0,5,0,1280800,1290400,5,64d66996c5926567eaa75a0653c9e7ab8f532fdbc8fb756ea1885fa60c4af641,6400,3405600,722
MSREG_medium_de46ff1ec1f69612,MG1655,2023200,2029600,2026400.0,medium,WIN_medium_de46ff1ec1f69612,0.5599981307836062,6400,0.22558021451953408,0.5599981307836062,shape,0.552698376498462,0.5672978850687505,0,7,0,2020800,2032000,7,ef687eb222ac9b38bb31a8daf98833439ce708a5d9266bf099747fafc6880cf4,6400,3411200,723
MSREG_medium_207fcefb344bcaed,MG1655,64800,71200,68000.0,medium,WIN_medium_207fcefb344bcaed,0.5594925490861751,6400,0.08599238490046753,0.5594925490861751,shape,0.41799980260100583,0.7009852955713444,0,6,0,63200,73600,6,b883f6f606bdc20f23dd1fe0691d75b5f8152fbc4c00639a95f0b35bb7670f9b,6400,3416000,724
MSREG_medium_ed4415fc5a315056,MG1655,960800,967200,964000.0,medium,WIN_medium_ed4415fc5a315056,0.5584239840569887,6400,0.5584239840569887,0.1379295179425418,density,0.5747859064613003,0.542062061652677,0,4,0,958400,967200,4,c84a05fe0c3ef0547a9f2009f339a38484c10345b0c815574f66bd39dc3f9500,6400,3418400,725
MSREG_medium_255d9e1c1341ab0d,MG1655,2808000,2814400,2811200.0,medium,WIN_medium_255d9e1c1341ab0d,0.5581804771731007,6400,0.29706838001455405,0.5581804771731007,shape,0.7164056544388382,0.39995529990736317,0,4,0,2808000,2816800,4,eb117430a3b0f71ee26cdfd674358f29be8814854863c58091b3ed6f590df8ee,6400,3421600,726
MSREG_medium_e6b45bf3820f7355,MG1655,1008000,1014400,1011200.0,medium,WIN_medium_e6b45bf3820f7355,0.5581348500167181,6400,0.14482366018535844,0.5581348500167181,shape,0.5980572488742885,0.5182124511591478,0,7,0,1005600,1016800,7,ee06c6c5640c84f2f0fc3acdd0e842f8db61074c86e8123e9b84605b1707e3bd,6400,3428000,727
MSREG_medium_cde8a425b165d08c,MG1655,3280800,3287200,3284000.0,medium,WIN_medium_cde8a425b165d08c,0.5575122378289937,6400,0.22500227571951636,0.5575122378289937,shape,0.3826307158350189,0.7323937598229685,0,2,0,3280000,3287200,2,5dbf959f8f943b59b4ac6c27c9e82b32eb071c9853e028c02c8ccf2a438a3742,6400,3428800,728
MSREG_medium_53b5be24c6716df4,MG1655,2938400,2944800,2941600.0,medium,WIN_medium_53b5be24c6716df4,0.5563175809604217,6400,0.5563175809604217,0.3041142723637633,density,0.5599367854223813,0.552698376498462,0,6,0,2936000,2946400,6,0b961f839f4acd8766dbb2a5523edb71229b052f84c4cbae96bf961d798ac8e1,6400,3433600,729
MSREG_medium_62f6533fac51d8f1,MG1655,2772000,2778400,2775200.0,medium,WIN_medium_62f6533fac51d8f1,0.5554897216239185,6400,0.129149479866747,0.5554897216239185,shape,0.6398485522173621,0.471130891030475,0,4,0,2770400,2779200,4,96b9c4c96661fd5251ac5732132c40f56e1c034733b07b8028ade36306450704,6400,3436000,730
MSREG_medium_b86d2c6a0a7c918b,MG1655,1811200,1817600,1814400.0,medium,WIN_medium_b86d2c6a0a7c918b,0.555099465884348,6400,0.15272532764288715,0.555099465884348,shape,0.3778051719457276,0.7323937598229685,0,4,0,1811200,1820000,4,56adea44209041bcf48de0ac90d3004ae021616019de1cade4d6e7973980c554,6400,3438400,731
MSREG_medium_796f8e5abef23a57,MG1655,1113600,1120000,1116800.0,medium,WIN_medium_796f8e5abef23a57,0.5545901874421504,6400,0.23929840944456016,0.5545901874421504,shape,0.5455786353755142,0.5636017395087867,0,2,0,1112800,1120000,2,f8d0efbba39167560fd688e7dd7494bd1041fd3975043ec6bf25b7ac7da13480,6400,3439200,732
MSREG_medium_c3e5c45e18483725,MG1655,4304800,4311200,4308000.0,medium,WIN_medium_c3e5c45e18483725,0.5530100605039913,6400,0.17118341689265,0.5530100605039913,shape,0.39995529990736317,0.7060648211006193,0,7,0,4302400,4313600,7,96a31a3e4865316263f882d904fd1094838c8416d4a3f71d1ec16449fc0a55e0,6400,3445600,733
MSREG_medium_6863151347e53a53,MG1655,3716000,3722400,3719200.0,medium,WIN_medium_6863151347e53a53,0.5528319005807318,6400,0.5528319005807318,0.11109975452722465,density,0.5636017395087867,0.542062061652677,0,4,0,3713600,3722400,4,aeffcbab6e628472fbfca6664dc834490c4e3364894f339baaa267020b031965,6400,3448800,734
MSREG_medium_085d52b932e7d3f7,MG1655,2042400,2048800,2045600.0,medium,WIN_medium_085d52b932e7d3f7,0.5527577103989478,6400,0.5527577103989478,0.06263698486280192,density,0.5599367854223813,0.5455786353755142,0,1,0,2042400,2048800,1,5279792253888647ccfedfcba47bd970dc3ffa4e564493f05dca4168de560846,6400,3448800,735
MSREG_medium_d20ff06a4315efba,MG1655,3826400,3832800,3829600.0,medium,WIN_medium_d20ff06a4315efba,0.552698376498462,6400,0.552698376498462,0.33143477365227236,density,0.552698376498462,0.552698376498462,0,5,0,3824800,3834400,5,2c5cabbcdc3f8d0cbe48d0cd0e294fd05996db43b54ff02e326c7dac9f753cee,6400,3452000,736
MSREG_medium_4c203f1cf087a1ce,MG1655,2863200,2869600,2866400.0,medium,WIN_medium_4c203f1cf087a1ce,0.552698376498462,6400,0.552698376498462,0.07438400206861848,density,0.552698376498462,0.552698376498462,0,1,0,2863200,2869600,1,e20e4ee93694cf787619e1780f225e63dde6b32d62b1e31dc2c0228cbb65735d,6400,3452000,737
MSREG_medium_7562611a87465fbc,MG1655,4606400,4612800,4609600.0,medium,WIN_medium_7562611a87465fbc,0.5522686898932707,6400,0.15480642703819125,0.5522686898932707,shape,0.42329614241095426,0.6812412373755872,0,4,0,4604000,4612800,4,1c406bcab00687e4389e547ea0f23aaae33f512f605527591c399160e7bad838,6400,3455200,738
MSREG_medium_fc670a81389f905a,MG1655,673600,680000,676800.0,medium,WIN_medium_fc670a81389f905a,0.5519137290607332,6400,0.2931328620723652,0.5519137290607332,shape,0.6670007982609769,0.43682665986048946,0,2,0,672800,680000,2,6451b37e76362a2bd785bf6aa9670a10614ff0520dbb54168bbef2060626eccc,6400,3456000,739
MSREG_medium_ba4ccb123f896e7e,MG1655,3295200,3301600,3298400.0,medium,WIN_medium_ba4ccb123f896e7e,0.5510877366578212,6400,0.5510877366578212,0.15677109914151482,density,0.5385737338068557,0.5636017395087867,0,7,0,3292800,3304000,7,03f281e8cefbfd6159267b35077b840dd0677d6e9476c405a3425f8001eb52c1,6400,3462400,740
MSREG_medium_cc06e3c8cfdc6399,MG1655,824000,830400,827200.0,medium,WIN_medium_cc06e3c8cfdc6399,0.5509111463193129,6400,0.5509111463193129,0.3242472111758504,density,0.5491239161401639,0.552698376498462,0,7,0,821600,832800,7,df835b7b1a48efa3e7340aa8b4efbc909f83e8bd1c33652cb5bd68602e0acde1,6400,3468800,741
MSREG_medium_041e876b25f2aa45,MG1655,2885600,2892000,2888800.0,medium,WIN_medium_041e876b25f2aa45,0.5503528891174334,6400,0.04945972972478428,0.5503528891174334,shape,0.46522203141995466,0.635483746814912,0,7,0,2883200,2894400,7,0fb09d398bbafd85909e2dd94083500e65da4c2bfb85327b52f59c7f13d837c1,6400,3474400,742
MSREG_medium_ce5a1b987d8c5a96,MG1655,3030400,3036800,3033600.0,medium,WIN_medium_ce5a1b987d8c5a96,0.5492552596146185,6400,0.2562927759275745,0.5492552596146185,shape,0.5599367854223813,0.5385737338068557,0,2,0,3029600,3036800,2,526821c8cfb4f730bd2779df1754107e27b76852549c213b6f76f0a64b18bb88,6400,3475200,743
MSREG_medium_03357aa0a40d4fb3,MG1655,201600,208000,204800.0,medium,WIN_medium_03357aa0a40d4fb3,0.5492552596146185,6400,0.5492552596146185,0.08894283588808877,density,0.5385737338068557,0.5599367854223813,0,4,0,201600,210400,4,b8089a6916293ef3ffa43b5d01709d6239ba001c2813c5346177f32b8ec3a248,6400,3478400,744
MSREG_medium_5d6af363cfb8ca1c,MG1655,2671200,2677600,2674400.0,medium,WIN_medium_5d6af363cfb8ca1c,0.5474960309401555,6400,0.029715242914121358,0.5474960309401555,shape,0.42329614241095426,0.6716959194693568,0,2,0,2671200,2678400,2,805d0e579398b7e883f850b6a142d618a8ea8ea7ef275152ae8ce62a85ae91bc,6400,3479200,745
MSREG_medium_4d4558d228ce9331,MG1655,1664800,1671200,1668000.0,medium,WIN_medium_4d4558d228ce9331,0.5473802190755694,6400,0.5473802190755694,0.10145949729727799,density,0.542062061652677,0.552698376498462,0,5,0,1662400,1672000,5,4ff92f200440e1b2ec4b3d4c3f04f343d339682a2187527719d5c4c9fe719c86,6400,3483200,746
MSREG_medium_f084de4add9a5b02,MG1655,3685600,3692000,3688800.0,medium,WIN_medium_f084de4add9a5b02,0.5467443555437508,6400,0.15119324482516636,0.5467443555437508,shape,0.45364015887013953,0.6398485522173621,0,4,0,3683200,3692000,4,b96de0574dd59dda9e47d39a55137b7101eb8e4df13ff7c1152b93157c0669b2,6400,3486400,747
MSREG_medium_0e569da4001c4a3b,MG1655,167200,173600,170400.0,medium,WIN_medium_0e569da4001c4a3b,0.546499178810224,6400,0.23237679585741544,0.546499178810224,shape,0.5182124511591478,0.5747859064613003,0,3,0,167200,175200,3,0110133edc880bda04f41869281c5915f9fefc2efd8240b4b34e7e013b977347,6400,3488000,748
MSREG_medium_f2d8f4fd0d86bba1,MG1655,2836800,2843200,2840000.0,medium,WIN_medium_f2d8f4fd0d86bba1,0.5461103485504332,6400,0.11435354347018614,0.5461103485504332,shape,0.44796302597844906,0.6442576711224173,0,7,0,2834400,2845600,7,213c83b8f1dfc3334cff58e039708be47e89c8a21b7093f7fb9171ceeb4b3b1e,6400,3494400,749
MSREG_medium_8d4abc9791b977a2,MG1655,4630400,4636800,4633600.0,medium,WIN_medium_8d4abc9791b977a2,0.5456360551526589,6400,0.5456360551526589,0.18204697945387688,density,0.5385737338068557,0.552698376498462,0,4,0,4630400,4639200,4,5fa1e3a19b7d072286fb62cee1050fb06eb643e8f11a90aeaf0390e306b82965,6400,3497600,750
MSREG_medium_2e6aafbe8e589143,MG1655,3784800,3791200,3788000.0,medium,WIN_medium_2e6aafbe8e589143,0.5456360551526589,6400,0.5456360551526589,0.2971277991532343,density,0.5385737338068557,0.552698376498462,0,1,0,3784800,3791200,1,e4cd2dd3fb63e9926f0552c877fc41105fcfb3baa5610b83b9fd41279e5a3d59,6400,3497600,751
MSREG_medium_4b7b2db357c3a7bb,MG1655,3379200,3385600,3382400.0,medium,WIN_medium_4b7b2db357c3a7bb,0.5455929888964204,6400,0.5455929888964204,0.41864682349638144,density,0.5491239161401639,0.542062061652677,0,4,0,3379200,3388000,4,b60f836b724ba2e5f0dd42c49e0a06caa645c190df5f9020b0f7de4af1a6edbc,6400,3500800,752
MSREG_medium_e0bc057c3c5d69b6,MG1655,3923200,3929600,3926400.0,medium,WIN_medium_e0bc057c3c5d69b6,0.5455786353755142,6400,0.5455786353755142,0.24580095898000084,density,0.5455786353755142,0.5455786353755142,0,1,0,3923200,3929600,1,9b69fa6cab349b1487be84db22005b41a88be0f3074178c62c9d65105f370981,6400,3500800,753
MSREG_medium_7fd54eb4338a729c,MG1655,2093600,2100000,2096800.0,medium,WIN_medium_7fd54eb4338a729c,0.5445619528425258,6400,0.27014104871295563,0.5445619528425258,shape,0.635483746814912,0.45364015887013953,0,6,0,2091200,2101600,6,a46630f58a98d856f6d83a19f55d0d433af3c57a7d952c6e1fdcd5d74e6c2c24,6400,3505600,754
MSREG_medium_2440701f05e67c11,MG1655,4434400,4440800,4437600.0,medium,WIN_medium_2440701f05e67c11,0.5441052812947125,6400,0.5441052812947125,0.17460930452618142,density,0.5599367854223813,0.5282737771670437,0,2,0,4433600,4440800,2,b0ebf8876796fc8a266762847bbf4861c718f28ef2e2b31c3081ee3756124b7f,6400,3506400,755
MSREG_medium_8a89218d40c199f8,MG1655,2135200,2141600,2138400.0,medium,WIN_medium_8a89218d40c199f8,0.5438488249735098,6400,0.5438488249735098,0.07558371363384578,density,0.5491239161401639,0.5385737338068557,0,2,0,2134400,2141600,2,87989c0b799289b06e859099662db3cc817fa37feeb9a7fdfc01c440fc2501f0,6400,3507200,756
MSREG_medium_284a843a1547cdbb,MG1655,1036000,1042400,1039200.0,medium,WIN_medium_284a843a1547cdbb,0.5421750708880935,6400,0.01691303314549438,0.5421750708880935,shape,0.2813753076675112,0.8029748341086758,0,7,0,1033600,1044800,7,af4aec59654e03f85c39229ff36321fd11e877e29370812a63f3c3c95ff7c5d6,6400,3513600,757
MSREG_medium_9a5d27cdbc69dc9a,MG1655,828800,835200,832000.0,medium,WIN_medium_9a5d27cdbc69dc9a,0.5421185589187565,6400,0.23931592287245046,0.5421185589187565,shape,0.5351132016973492,0.5491239161401639,0,3,0,827200,835200,3,07aa78f55e58faf3cb66fcc17b585b24cbeddfed69ed9d7f4d88c4c9ee7b54a7,6400,3515200,758
MSREG_medium_ea74c08e7b0ae67f,MG1655,3808000,3814400,3811200.0,medium,WIN_medium_ea74c08e7b0ae67f,0.5403178977297663,6400,0.5403178977297663,0.1783756554131193,density,0.5385737338068557,0.542062061652677,0,6,0,3806400,3816800,6,e2a592cde7e8900a5b2ac5f801e0f402c373996c3ae821919f6d67366944fbdf,6400,3520000,759
MSREG_medium_31311cb263784fe2,MG1655,230400,236800,233600.0,medium,WIN_medium_31311cb263784fe2,0.539702353019049,6400,0.41422818434751973,0.539702353019049,shape,0.5710257575879936,0.5083789484501045,0,7,0,228000,239200,7,9dcd4250a0b79c332b863979b90dabc6f7be8a840d1ebb2cbb5ee4b6a17f0069,6400,3526400,760
MSREG_medium_cb2d4f7d3cf1a0cc,MG1655,54400,60800,57600.0,medium,WIN_medium_cb2d4f7d3cf1a0cc,0.5386988466536038,6400,0.5386988466536038,0.23113524550916298,density,0.5491239161401639,0.5282737771670437,0,4,0,54400,63200,4,dcd8b65bbd519288232cf45a5b113089ce7f82cb8a699e02fcc1835343f58bab,6400,3528800,761
MSREG_medium_4fe63fa513aba66c,MG1655,3728800,3735200,3732000.0,medium,WIN_medium_4fe63fa513aba66c,0.5383653724529975,6400,0.2912515882605481,0.5383653724529975,shape,0.40503482543663816,0.6716959194693568,0,2,0,3728000,3735200,2,035a9a531865d239b304d27911957912c894c445b72909576a4bb79d7f431121,6400,3529600,762
MSREG_medium_8594e6b33493c421,MG1655,1492000,1498400,1495200.0,medium,WIN_medium_8594e6b33493c421,0.5382127010938934,6400,0.21305884641159262,0.5382127010938934,shape,0.4862646341595322,0.5901607680282547,0,6,0,1489600,1500000,6,0697cf72868ec5b38be38319f88da37b4b82f1643fe70571399cb444d779bc16,6400,3534400,763
MSREG_medium_2fe550d74165f719,MG1655,3006400,3012800,3009600.0,medium,WIN_medium_2fe550d74165f719,0.5370917779460576,6400,0.14272335778807457,0.5370917779460576,shape,0.4956046604136756,0.5785788954784394,0,6,0,3004000,3014400,6,feab6a6edc3a6df362a187bc8f986ecf681fce3a6d5c5cdbf80ef3769fa652e8,6400,3539200,764
MSREG_medium_99fdb2fc39a6a65b,MG1655,3842400,3848800,3845600.0,medium,WIN_medium_99fdb2fc39a6a65b,0.5369399990899676,6400,0.21228735314456762,0.5369399990899676,shape,0.6764423544938185,0.39743764368611667,0,4,0,3842400,3851200,4,21a5ae08e6a9ee1f392be896093eff6a058123e77b0f9f89ee140f397ff4f565,6400,3542400,765
MSREG_medium_727eeba11438cc1c,MG1655,2333600,2340000,2336800.0,medium,WIN_medium_727eeba11438cc1c,0.5369399990899676,6400,0.14693531936390153,0.5369399990899676,shape,0.6764423544938185,0.39743764368611667,0,2,0,2333600,2340800,2,6f798ce4370997ededb21e1cd40f04570e941f4219fb2a5aa094893236c5bc68,6400,3543200,766
MSREG_medium_ce296a122e681b7d,MG1655,2584000,2590400,2587200.0,medium,WIN_medium_ce296a122e681b7d,0.5368710437558162,6400,0.1483453713377256,0.5368710437558162,shape,0.542062061652677,0.5316800258589552,0,5,0,2583200,2592800,5,2128c6b089551966917f18263288aa043f889722e1cab34bdec7f73b6d029454,6400,3547200,767
MSREG_medium_64faa73b137eea0b,MG1655,2889600,2896000,2892800.0,medium,WIN_medium_64faa73b137eea0b,0.5360864967271128,6400,0.06559141466806206,0.5360864967271128,shape,0.4741157445799372,0.5980572488742885,0,3,0,2888800,2896800,3,59b76d7926769ba6de68def99edca245b7b96fcc1eeebcfd85156e1576924d18,6400,3548800,768
MSREG_medium_201b9e2313096e15,MG1655,112000,118400,115200.0,medium,WIN_medium_201b9e2313096e15,0.5360452831931357,6400,0.3329390158741219,0.5360452831931357,shape,0.6184504075161318,0.45364015887013953,0,5,0,110400,120000,5,f2480c7a1aa37e3bcf2ad5dc985883c754837fe7e11d1f4c207d1f889da1e93a,6400,3552000,769
MSREG_medium_1ba75235defeab75,MG1655,1231200,1237600,1234400.0,medium,WIN_medium_1ba75235defeab75,0.5356061581881748,6400,0.47138571684063746,0.5356061581881748,shape,0.5563025007672873,0.5149098156090622,0,5,0,1229600,1239200,5,0778758a862409eb841d5ec548f7959220d45d51b3718d73394d2713f8a1d7f9,6400,3555200,770
MSREG_medium_3448883eb6bad5a1,MG1655,4800,11200,8000.0,medium,WIN_medium_3448883eb6bad5a1,0.5351268798329054,6400,0.5351268798329054,0.13050560332650618,density,0.5316800258589552,0.5385737338068557,0,4,0,4800,13600,4,2670513ade14496db2965a93238a11a37ba30e905d4d98a942a09759219594bd,6400,3558400,771
MSREG_medium_59b5b0a90047b515,MG1655,622400,628800,625600.0,medium,WIN_medium_59b5b0a90047b515,0.5351132016973492,6400,0.043308409791433855,0.5351132016973492,shape,0.468166412066736,0.6020599913279624,0,3,0,622400,630400,3,9fa88d6b7728acc0053ad7d8016a453b3923f8121a936f32b103cb28473c76ae,6400,3560000,772
MSREG_medium_ab5bfa9d5b3c03ec,MG1655,1577600,1584000,1580800.0,medium,WIN_medium_ab5bfa9d5b3c03ec,0.5335595149417948,6400,0.5335595149417948,0.21508579739136524,density,0.5455786353755142,0.5215403945080753,0,7,0,1575200,1586400,7,b12e7b196fc3d46fd464c6d76fbbea8a472234647cd053a6a091e4782540051b,6400,3565600,773
MSREG_medium_cc721d0ea05bc79f,MG1655,3488800,3495200,3492000.0,medium,WIN_medium_cc721d0ea05bc79f,0.5329357230256702,6400,0.312438796177698,0.5329357230256702,shape,0.7546701545341208,0.3258535793890133,0,5,0,3488000,3497600,5,b2d45810ea2cb068affb3380a054324543aff4c97f59635160c5f3833b291f17,6400,3569600,774
MSREG_medium_98b25f4116f575f9,MG1655,48000,54400,51200.0,medium,WIN_medium_98b25f4116f575f9,0.5321652411731441,6400,0.5321652411731441,0.09521920462475195,density,0.5116321058478264,0.552698376498462,0,2,0,47200,54400,2,ec2c4ace1b672829e6c5a380c2df723bf34dd72465d80eb05b1d5b9e4974bb63,6400,3570400,775
MSREG_medium_797fa4b7e65b49d1,MG1655,906400,912800,909600.0,medium,WIN_medium_797fa4b7e65b49d1,0.5319494560578635,6400,0.11173728000334762,0.5319494560578635,shape,0.3778051719457276,0.6860937401699994,0,3,0,904800,912800,3,78df0446658838dc56871fa4b405d0dc605b8d69672ff262c704bae9b3e020f0,6400,3572000,776
MSREG_medium_6a2a55f4e2fc3a65,MG1655,2763200,2769600,2766400.0,medium,WIN_medium_6a2a55f4e2fc3a65,0.531935976605303,6400,0.10470096587249278,0.531935976605303,shape,0.3826307158350189,0.6812412373755872,0,2,0,2763200,2770400,2,073f0927d4f3a5de509d95a6e69c65eab02d0b90103645865c9b79701a1a3a4c,6400,3572800,777
MSREG_medium_0b8db60ff9b7ae73,MG1655,3708000,3714400,3711200.0,medium,WIN_medium_0b8db60ff9b7ae73,0.531895543267331,6400,0.531895543267331,0.14558213097392775,density,0.5455786353755142,0.5182124511591478,0,4,0,3708000,3716800,4,575803356b85aadc541d589cd0cc9676d59b6c217ff43a39975b5fc45ab2ecce,6400,3576000,778
MSREG_medium_7edd1d989a015a21,MG1655,4479200,4485600,4482400.0,medium,WIN_medium_7edd1d989a015a21,0.5318012280803761,6400,0.5318012280803761,0.20988515872783176,density,0.542062061652677,0.5215403945080753,0,2,0,4478400,4485600,2,e1712149ca9b2c3bc9fb7bba7d069350e86a0cda4774c20a85c86537e94f60ab,6400,3576800,779
MSREG_medium_556f9386f4525f34,MG1655,3900800,3907200,3904000.0,medium,WIN_medium_556f9386f4525f34,0.5300570641574656,6400,0.5300570641574656,0.24523148193160924,density,0.5385737338068557,0.5215403945080753,0,7,0,3898400,3909600,7,efb0f04784e32a3f459151ffcfc0d9dd35c7149955d6b778285efd1bd1e21847,6400,3583200,780
MSREG_medium_94e57ceb36b13925,MG1655,297600,304000,300800.0,medium,WIN_medium_94e57ceb36b13925,0.5284859386308696,6400,0.05116577646764674,0.5284859386308696,shape,0.542062061652677,0.5149098156090622,0,4,0,295200,304000,4,4ce5a1eaa089d8dea35265e2af711bdb43221c715f778e308ad552f2c3ec8179,6400,3586400,781
MSREG_medium_218f190a67b9b41b,MG1655,2280000,2286400,2283200.0,medium,WIN_medium_218f190a67b9b41b,0.526741774707959,6400,0.526741774707959,0.16786366776926903,density,0.5385737338068557,0.5149098156090622,0,5,0,2279200,2288800,5,d56e105b6d8a2d7cd84fc5983ede27423f3985de5cea5a178e9df1a8ca72d1c0,6400,3590400,782
MSREG_medium_e849a52db1a2000a,MG1655,4224000,4230400,4227200.0,medium,WIN_medium_e849a52db1a2000a,0.5259535805904815,6400,0.3841336591596307,0.5259535805904815,shape,0.5563025007672873,0.4956046604136756,0,4,0,4221600,4230400,4,57d886a33e61e44e21534a12a39275146e949e3e0c2b4cb8301a89b80a140227,6400,3593600,783
MSREG_medium_9c3f8df0fa1816fa,MG1655,1286400,1292800,1289600.0,medium,WIN_medium_9c3f8df0fa1816fa,0.5253643068477101,6400,0.5253643068477101,0.23465843084908422,density,0.5455786353755142,0.5051499783199059,0,3,0,1284800,1292800,3,02ceed33f7f6815674373a27840c93796e5b118697649dd817a66a5cd145b0cd,6400,3595200,784
MSREG_medium_709ba59ebc7d1aeb,MG1655,3751200,3757600,3754400.0,medium,WIN_medium_709ba59ebc7d1aeb,0.5250898587319743,6400,0.2463321333859231,0.5250898587319743,shape,0.42329614241095426,0.6268835750529945,0,7,0,3748800,3760000,7,11b37fed0427a325311d4aa6796e1e80240abeb766821d4fff346a180e355797,6400,3600800,785
MSREG_medium_1c87ff063e96cc4a,MG1655,1025600,1032000,1028800.0,medium,WIN_medium_1c87ff063e96cc4a,0.5249462385090515,6400,0.5249462385090515,0.12103552424917688,density,0.5316800258589552,0.5182124511591478,0,7,0,1023200,1034400,7,a80226245f0cff3db64b5d0bd44d241c47d9955ce96809207f224840dfb6b26b,6400,3607200,786
MSREG_medium_8e02e2bfa3e3d530,MG1655,3625600,3632000,3628800.0,medium,WIN_medium_8e02e2bfa3e3d530,0.5239435478993346,6400,0.5239435478993346,0.3264858623532225,density,0.5491239161401639,0.4987631796585053,0,6,0,3623200,3633600,6,758e10fa777bc182087355015c5f99a79ea08cdf05a7fb1e45d73e4703c728fa,6400,3612000,787
MSREG_medium_3e87b31f830a3e4d,MG1655,8000,14400,11200.0,medium,WIN_medium_3e87b31f830a3e4d,0.5215532438374055,6400,0.5215532438374055,0.09265831985573221,density,0.5248940365156631,0.5182124511591478,0,4,0,8000,16800,4,a92675ebc6dd22f3dd5523b34b838fb83ac4cb87f88881697c09167f5434df75,6400,3615200,788
MSREG_medium_ee8382d97abf32db,MG1655,2052800,2059200,2056000.0,medium,WIN_medium_ee8382d97abf32db,0.5212065785454071,6400,0.39214101952281366,0.5212065785454071,shape,0.6670007982609769,0.3754123588298373,0,7,0,2050400,2061600,7,29f299fcc50a20ad207993e81d7b4e516357755dbf8b3061bd15701e0117ac1e,6400,3621600,789
MSREG_medium_ec562e3d6beed985,MG1655,2114400,2120800,2117600.0,medium,WIN_medium_ec562e3d6beed985,0.5202081986673694,6400,0.02862129984003358,0.5202081986673694,shape,0.29702725321030726,0.7433891441244317,0,7,0,2112000,2123200,7,26ef77a64e1579c68f46129aa4f23a790fece5b818b2b6a45b63c3501ec4f3a7,6400,3628000,790
MSREG_medium_c1854bc3acc6c187,MG1655,4319200,4325600,4322400.0,medium,WIN_medium_c1854bc3acc6c187,0.5199019260623626,6400,0.13997487599361902,0.5199019260623626,shape,0.39995529990736317,0.6398485522173621,0,7,0,4316800,4328000,7,9c766cf12bb5209e5a66f12302822eb56e7232fba7ea0c45f9211636a26d8ea5,6400,3634400,791
MSREG_medium_a6d0b0712c6ecef0,MG1655,1753600,1760000,1756800.0,medium,WIN_medium_a6d0b0712c6ecef0,0.5198764228336116,6400,0.5198764228336116,0.1358053627860883,density,0.5182124511591478,0.5215403945080753,0,6,0,1751200,1761600,6,2a8d810209db3104a45c065b2cf65eb31be4a8f206ced838f3c4e4a001181782,6400,3638400,792
MSREG_medium_62dc5ea82862b950,MG1655,992800,999200,996000.0,medium,WIN_medium_62dc5ea82862b950,0.518529020071022,6400,0.09713804398217343,0.518529020071022,shape,0.5019448384446946,0.5351132016973492,0,4,0,990400,999200,4,6a110ef21bde91b854a2db06b39de762aa31e295fb7a8fe961e451de1433af9f,6400,3641600,793
MSREG_medium_a525d03b95e2d702,MG1655,3509600,3516000,3512800.0,medium,WIN_medium_a525d03b95e2d702,0.5183263628085741,6400,0.5183263628085741,0.14483726206709746,density,0.5083789484501045,0.5282737771670437,0,4,0,3507200,3516000,4,e2a620babe5e1742fb681f897bdbaa40cca3b09e24d48f0f6231d121d508d17a,6400,3644800,794
MSREG_medium_dc7e8be288f15027,MG1655,1944800,1951200,1948000.0,medium,WIN_medium_dc7e8be288f15027,0.5182251050585688,6400,0.5182251050585688,0.22257602432231033,density,0.5149098156090622,0.5215403945080753,0,5,0,1942400,1952000,5,914330b7263ba2f2e9cbf6d9d936913b25a5e19187035a58bc61ef958fab0751,6400,3648000,795
MSREG_medium_eab4083cbcb4e674,MG1655,4055200,4061600,4058400.0,medium,WIN_medium_eab4083cbcb4e674,0.5182124511591478,6400,0.5182124511591478,0.1824240180421313,density,0.5182124511591478,0.5182124511591478,0,3,0,4055200,4063200,3,5b67024ba4786bc4735e563756aed697ea83140c136bc834f871a1435e42f79e,6400,3649600,796
MSREG_medium_6d92e78c232b58f7,MG1655,1558400,1564800,1561600.0,medium,WIN_medium_6d92e78c232b58f7,0.517782656735896,6400,0.01639041618816937,0.517782656735896,shape,0.3778051719457276,0.6577601415260643,0,5,0,1557600,1567200,5,0692685a764884bdc7c90e88e44c4ab925be938e1cdc3c8563d9294220a80e80,6400,3653600,797
MSREG_medium_4497420303f2ce69,MG1655,474400,480800,477600.0,medium,WIN_medium_4497420303f2ce69,0.517265504106747,6400,0.3754713671234586,0.517265504106747,shape,0.542062061652677,0.492468946560817,0,5,0,472000,481600,5,95d4877bffa9892a1460f35fb13ef664e66720439f263d11734f4854a43923cd,6400,3657600,798
MSREG_medium_718ac24114dacb30,MG1655,1841600,1848000,1844800.0,medium,WIN_medium_718ac24114dacb30,0.5165862501779508,6400,0.5165862501779508,0.12360038583603775,density,0.5116321058478264,0.5215403945080753,0,3,0,1840000,1848000,3,d292b8e3ed2443b3e4a94cb3423039bee1cdec1935175af6a5ca0b61db0cf697,6400,3659200,799
MSREG_medium_af41c934888acde1,MG1655,2708000,2714400,2711200.0,medium,WIN_medium_af41c934888acde1,0.516561133384105,6400,0.516561133384105,0.0920583447246125,density,0.5182124511591478,0.5149098156090622,0,1,0,2708000,2714400,1,5e4528f0eda6cf2406a84a8ddee7cc32f0ab2a1103027eba81caf5e8eb9827d7,6400,3659200,800
MSREG_medium_f8890ddebc745df5,MG1655,3587200,3593600,3590400.0,medium,WIN_medium_f8890ddebc745df5,0.5164104935993946,6400,0.15419254431241186,0.5164104935993946,shape,0.6226465221097399,0.41017446508904926,0,4,0,3584800,3593600,4,f62e1100801497e416a7c016962b93d969840768b02d5c05fa18ffe4497bc975,6400,3662400,801
MSREG_medium_026a4fa56994dc4a,MG1655,4449600,4456000,4452800.0,medium,WIN_medium_026a4fa56994dc4a,0.5159216347675232,6400,0.23236322563909417,0.5159216347675232,shape,0.4862646341595322,0.5455786353755142,0,7,0,4447200,4458400,7,37a444b26505117f57e2a77a33d5c03b7714ce58542a564731e6463947a2b10d,6400,3667200,802
MSREG_medium_0cfe6ef8e14374ad,MG1655,2570400,2576800,2573600.0,medium,WIN_medium_0cfe6ef8e14374ad,0.5156713641918431,6400,0.052379734253119266,0.5156713641918431,shape,0.3826307158350189,0.6487120125486673,0,2,0,2569600,2576800,2,fdb8e67ff4e86b697f452e16a149f2e90a38e66683bde689213ce0129a4dab7c,6400,3668000,803
MSREG_medium_ba07e7636baa1735,MG1655,1180800,1187200,1184000.0,medium,WIN_medium_ba07e7636baa1735,0.5153589310555124,6400,0.24721305646406644,0.5153589310555124,shape,0.4956046604136756,0.5351132016973492,0,7,0,1178400,1189600,7,e1ecc33ef9ffcf1aa4c1d3842970eba35c5bf3ba9dec04c7c4a43430d2f85495,6400,3672800,804
MSREG_medium_f803c6ca7d6eda6a,MG1655,3977600,3984000,3980800.0,medium,WIN_medium_f803c6ca7d6eda6a,0.514922278503487,6400,0.514922278503487,0.42270033483228286,density,0.5182124511591478,0.5116321058478264,0,3,0,3977600,3985600,3,1b9613e2745a09663e41628305954bf8576523188f85425bfdd0aaa7b1cd5f28,6400,3674400,805
MSREG_medium_96ac73870c6d0220,MG1655,1247200,1253600,1250400.0,medium,WIN_medium_96ac73870c6d0220,0.514922278503487,6400,0.514922278503487,0.28829962361238437,density,0.5182124511591478,0.5116321058478264,0,4,0,1245600,1254400,4,2c7991b70fc41521f24defe33d45a4edda1d8d4c4e7101cd988bf302abd277d8,6400,3676800,806
MSREG_medium_99dcb79f7fd3b975,MG1655,4406400,4412800,4409600.0,medium,WIN_medium_99dcb79f7fd3b975,0.514922278503487,6400,0.514922278503487,0.14209340246524632,density,0.5182124511591478,0.5116321058478264,0,3,0,4406400,4414400,3,b27596f328468184d267db95b354346f04317475f06ce4834944deb866841ebf,6400,3678400,807
MSREG_medium_d3c379fbd011900a,MG1655,1376000,1382400,1379200.0,medium,WIN_medium_d3c379fbd011900a,0.5132709607284442,6400,0.024824888198631156,0.5132709607284442,shape,0.44796302597844906,0.5785788954784394,0,6,0,1374400,1384800,6,5e96c8c5ec5eef60074ed8a5c6418d158b769592ee8e2f508a98e0f32fbd4942,6400,3683200,808
MSREG_medium_e17cb43d5f222e82,MG1655,2123200,2129600,2126400.0,medium,WIN_medium_e17cb43d5f222e82,0.5130360799689813,6400,0.03833760603892583,0.5130360799689813,shape,0.36831201841189826,0.6577601415260643,0,7,0,2120800,2132000,7,9f4232c18d6cb555ba0ca3d18f41e6ac51059f69f79f94e329ae59b98747518d,6400,3689600,809
MSREG_medium_5495bf88775766a7,MG1655,3811200,3817600,3814400.0,medium,WIN_medium_5495bf88775766a7,0.5116812147395269,6400,0.5116812147395269,0.14558213097392775,density,0.5051499783199059,0.5182124511591478,0,4,0,3811200,3820000,4,fb5e292110cf78c56ee76247ed07f61d670c3cb4f00f21186378fbc67782b00f,6400,3692800,810
MSREG_medium_d6e41fb59fc40ce7,MG1655,2832000,2838400,2835200.0,medium,WIN_medium_d6e41fb59fc40ce7,0.5106766956426214,6400,0.04945972972478428,0.5106766956426214,shape,0.42329614241095426,0.5980572488742885,0,6,0,2829600,2840000,6,c9a2223e1f01e9cb551a011b6baf4fab1204811e3cd1d92177dbdab9056f8d08,6400,3697600,811
MSREG_medium_653231197cf41e94,MG1655,3814400,3820800,3817600.0,medium,WIN_medium_653231197cf41e94,0.5105178684978147,6400,0.3132841488691556,0.5105178684978147,shape,0.4893557111366741,0.5316800258589552,0,2,0,3814400,3821600,2,f8404bb55133103c6348adc00faa4b704d98fed5e8f2c000d5d73462b25afefd,6400,3698400,812
MSREG_medium_6653b6ccf0bb405e,MG1655,3292000,3298400,3295200.0,medium,WIN_medium_6653b6ccf0bb405e,0.5089723300092437,6400,0.5089723300092437,0.21248848274879334,density,0.4862646341595322,0.5316800258589552,0,4,0,3289600,3298400,4,c7dfe0a9c922b5e85b33e597fdc4fa67c83a7b315c7be6d666007b53315e8213,6400,3701600,813
MSREG_medium_eea3ca1af5a9c1fe,MG1655,1488800,1495200,1492000.0,medium,WIN_medium_eea3ca1af5a9c1fe,0.5084878154088266,6400,0.5084878154088266,0.17911771368586904,density,0.5182124511591478,0.4987631796585053,0,4,0,1486400,1495200,4,0aab9ccb3b192cfbbeec3d122d02469057b9b5c9115962afe314c31a4722b56c,6400,3704000,814
MSREG_medium_36b00d4421dd6040,MG1655,1011200,1017600,1014400.0,medium,WIN_medium_36b00d4421dd6040,0.5084878154088266,6400,0.32212883556120864,0.5084878154088266,shape,0.5182124511591478,0.4987631796585053,0,1,0,1011200,1017600,1,23485f25f3833cb8bc693212712c990bc96ee465c9346bf63e721258bd38d63a,6400,3704000,815
MSREG_medium_bba2521d0d4d4ebf,MG1655,4138400,4144800,4141600.0,medium,WIN_medium_bba2521d0d4d4ebf,0.5083910420838661,6400,0.1806495806857708,0.5083910420838661,shape,0.6577601415260643,0.3590219426416679,0,2,0,4138400,4145600,2,85d17a515e1538fedb0e7872270476be23659b602f2b53194e278c2ef285b097,6400,3704800,816
MSREG_medium_9d4a7263e46ff250,MG1655,4068800,4075200,4072000.0,medium,WIN_medium_9d4a7263e46ff250,0.5076304555235998,6400,0.3556022303765152,0.5076304555235998,shape,0.6398485522173621,0.3754123588298373,0,5,0,4066400,4076000,5,b78933a420211ef768779adcc80d18d06b11bc50494899dbc0bc84861647c3ce,6400,3708800,817
MSREG_medium_f25709f3d890aac0,MG1655,4044800,4051200,4048000.0,medium,WIN_medium_f25709f3d890aac0,0.5069085557864117,6400,0.5069085557864117,0.34571198409992365,density,0.5182124511591478,0.4956046604136756,0,1,0,4044800,4051200,1,1f3d5c2074c5480fe0a8f638f7b6ba0585e883d193639b02e3d44d5b280d66af,6400,3708800,818
MSREG_medium_3b51018d7353f121,MG1655,3869600,3876000,3872800.0,medium,WIN_medium_3b51018d7353f121,0.5068485056654705,6400,0.30229964780945096,0.5068485056654705,shape,0.40759704220123855,0.6060999691297024,0,4,0,3869600,3878400,4,b3df9cc5425e6e19cccdea6d7ba4ad62230af5535f63ebad5294bae01a365abe,6400,3711200,819
MSREG_medium_e6bf20126b80040a,MG1655,2016000,2022400,2019200.0,medium,WIN_medium_e6bf20126b80040a,0.5062249668566855,6400,0.40208699564314426,0.5062249668566855,shape,0.5672978850687505,0.4451520486446206,0,4,0,2016000,2024800,4,9d12bf154fb45c39c97316cd1ed633557ca95c045bf05c5ed5feaf6fd4e15e79,6400,3714400,820
MSREG_medium_3f354f7dcb80a5a9,MG1655,3083200,3089600,3086400.0,medium,WIN_medium_3f354f7dcb80a5a9,0.5062249668566855,6400,0.25982109528160413,0.5062249668566855,shape,0.6670007982609769,0.3454491354523941,0,5,0,3082400,3092000,5,cd474908d079626d3c7d957d28f1a73967c1d8d7298fd4b10bf226bae3f8f064,6400,3718400,821
MSREG_medium_70dc8c85b0ffd9c7,MG1655,3367200,3373600,3370400.0,medium,WIN_medium_70dc8c85b0ffd9c7,0.5061172282085058,6400,0.22555062348361754,0.5061172282085058,shape,0.5351132016973492,0.47712125471966244,0,7,0,3364800,3376000,7,0ef51f09507a48f9ca8bc2276ea89e8266c53c7af1aa56fc7d40a29e8ddcef2c,6400,3724000,822
MSREG_medium_01f59f076d716329,MG1655,3064800,3071200,3068000.0,medium,WIN_medium_01f59f076d716329,0.5008440519289628,6400,0.5008440519289628,0.1257262086178508,density,0.48014770934985024,0.5215403945080753,0,4,0,3062400,3071200,4,699cd3c310e9b90d9a84fc4c15135119f8f2081fe7cd25948cd20be0a8f070c1,6400,3727200,823
MSREG_medium_9a986e4660ec4dd4,MG1655,3132000,3138400,3135200.0,medium,WIN_medium_9a986e4660ec4dd4,0.5005872248842972,6400,0.15122125930557306,0.5005872248842972,shape,0.4862646341595322,0.5149098156090622,0,7,0,3129600,3140800,7,28986d045625daaded6cec08fd072d75502fd67b63d8c5069fe4c5b7cdb80492,6400,3733600,824
MSREG_medium_12a128b524a06267,MG1655,3711200,3717600,3714400.0,medium,WIN_medium_12a128b524a06267,0.5003540090516,6400,0.20735197613142048,0.5003540090516,shape,0.5019448384446946,0.4987631796585053,0,3,0,3711200,3719200,3,b682fc4e62face083f104f3f0e1c74fe065f5ce3993bbd2eb5ebe4a8d0c9bad0,6400,3735200,825
MSREG_medium_58fec36f0cc32977,MG1655,4233600,4240000,4236800.0,medium,WIN_medium_58fec36f0cc32977,0.5003540090516,6400,0.24632128009385784,0.5003540090516,shape,0.5019448384446946,0.4987631796585053,0,4,0,4233600,4242400,4,fe33e1a61fc1223e7344cf44062d1bd481221dc8b6c25f6969d6e3b39c357c5b,6400,3737600,826
MSREG_medium_091ae5beefbc207a,MG1655,4315200,4321600,4318400.0,medium,WIN_medium_091ae5beefbc207a,0.4990526090204589,6400,0.1359032459369433,0.4990526090204589,shape,0.4831954024318556,0.5149098156090622,0,5,0,4312800,4322400,5,4b274616ea842148bd73d6ebb3269b1bb6e2e83786da1da76ffbd865302e151f,6400,3741600,827
MSREG_medium_6d64f322b03a4593,MG1655,4220800,4227200,4224000.0,medium,WIN_medium_6d64f322b03a4593,0.49570730623971904,6400,0.49570730623971904,0.24619108288343097,density,0.5051499783199059,0.4862646341595322,0,1,0,4220800,4227200,1,88c8e6a83e8efc78e7287fa6ebc3632c82e2759876ab871792ad01b9e5338754,6400,3741600,828
MSREG_medium_aa700db81007a6ac,MG1655,4201600,4208000,4204800.0,medium,WIN_medium_aa700db81007a6ac,0.4946716710948114,6400,0.4946716710948114,0.13186597804193623,density,0.471130891030475,0.5182124511591478,0,4,0,4201600,4210400,4,8af9864be5d4f6b1a5cca041e3ff47cb4d492f380af7267f4da3352581dcc9de,6400,3744800,829
MSREG_medium_69f5ed37848926ec,MG1655,2556000,2562400,2559200.0,medium,WIN_medium_69f5ed37848926ec,0.4945127800944997,6400,0.4945127800944997,0.2241382414268848,density,0.4741157445799372,0.5149098156090622,0,4,0,2553600,2562400,4,a4924022a97580780d3e9fb8fc1f27a74346453d08272f96f2fb930ebca78c89,6400,3748000,830
MSREG_medium_1c44d7b130ed5b7a,MG1655,4272800,4279200,4276000.0,medium,WIN_medium_1c44d7b130ed5b7a,0.4941047363021134,6400,0.4941047363021134,0.3305638646621789,density,0.5019448384446946,0.4862646341595322,0,2,0,4272000,4279200,2,54d3e65f090a94105baa39f300c7c7312dbdb106751d48787f52dacad48b547e,6400,3748800,831
MSREG_medium_20656557aa291948,MG1655,1660000,1666400,1663200.0,medium,WIN_medium_20656557aa291948,0.4930203533197686,6400,0.04553988560752299,0.4930203533197686,shape,0.471130891030475,0.5149098156090622,0,3,0,1660000,1668000,3,f38df9b43fc52cada6d58ed1c59ceab4142738930ac789ab898f80ffe4a8f268,6400,3750400,832
MSREG_medium_7a5d24639b97436d,MG1655,2192000,2198400,2195200.0,medium,WIN_medium_7a5d24639b97436d,0.4918628912257381,6400,0.22218721984788803,0.4918628912257381,shape,0.5385737338068557,0.4451520486446206,0,4,0,2190400,2199200,4,8ae6fb702d55c0524709b843e62adb051fa353d88cbf09908588e88b83f46c28,6400,3752800,833
MSREG_medium_b5b2978e45930f68,MG1655,612000,618400,615200.0,medium,WIN_medium_b5b2978e45930f68,0.49171724128955124,6400,0.035600674741224254,0.49171724128955124,shape,0.46522203141995466,0.5182124511591478,0,5,0,609600,619200,5,308ea9d2da589cba265f826ace5dcdd46b66525965220863357119657fb2aeae,6400,3756000,834
MSREG_medium_cdcbc6dd44c94060,MG1655,2998400,3004800,3001600.0,medium,WIN_medium_cdcbc6dd44c94060,0.4909346472866039,6400,0.4909346472866039,0.11434566311087581,density,0.4862646341595322,0.4956046604136756,0,7,0,2996000,3007200,7,7cf6c22a0245521091dc9dae36a6c7bdd933813f471555fe0d686bedf3485940,6400,3762400,835
MSREG_medium_3695d7b0194bd6b6,MG1655,494400,500800,497600.0,medium,WIN_medium_3695d7b0194bd6b6,0.4903439823546537,6400,0.21142615269770892,0.4903439823546537,shape,0.3826307158350189,0.5980572488742885,0,7,0,492000,503200,7,cf62c33c868a3b24e16c968a0d7387838c467278d2e6df76ecf1818c26f3de2d,6400,3768800,836
MSREG_medium_fbb67c4f0bd9d3d9,MG1655,1389600,1396000,1392800.0,medium,WIN_medium_fbb67c4f0bd9d3d9,0.48880246945918937,6400,0.48880246945918937,0.1455457365649007,density,0.5182124511591478,0.45939248775923086,0,4,0,1388000,1396800,4,95a6d63f5af2b44645b688916dd0ea8165e8b5ecdfbd694d96582e6b463a179c,6400,3771200,837
MSREG_medium_5580ca306f0eba1d,MG1655,1592800,1599200,1596000.0,medium,WIN_medium_5580ca306f0eba1d,0.4878321744963363,6400,0.051801445653148176,0.4878321744963363,shape,0.4831954024318556,0.492468946560817,0,1,0,1592800,1599200,1,50a2e471fddcc4fa4ec1e5c2725ef042048ce1c8cf642d4cb3dfab75316b9fb5,6400,3771200,838
MSREG_medium_b6b4cddbee0e14e6,MG1655,4594400,4600800,4597600.0,medium,WIN_medium_b6b4cddbee0e14e6,0.4878101726481031,6400,0.3719266909950096,0.4878101726481031,shape,0.4862646341595322,0.4893557111366741,0,4,0,4594400,4603200,4,c2a74cb99b1a810efc280e2b870c1058731a0879d65eee44b9cc5776e012f8d6,6400,3774400,839
MSREG_medium_4e3b5751f81a4893,MG1655,4576800,4583200,4580000.0,medium,WIN_medium_4e3b5751f81a4893,0.48735962534044525,6400,0.48735962534044525,0.15788047804394123,density,0.5182124511591478,0.45650679952174267,0,7,0,4574400,4585600,7,6d495ce67be5546831729cffbf6043fd968c9859c816f29c3f5d708205eb3cb7,6400,3780000,840
MSREG_medium_ab4aed31a2b3e9cc,MG1655,4327200,4333600,4330400.0,medium,WIN_medium_ab4aed31a2b3e9cc,0.4862646341595322,6400,0.4862646341595322,0.19485991193485708,density,0.4862646341595322,0.4862646341595322,0,7,0,4324800,4336000,7,5b84bdac9fa0eba3d5dd102d3b3ee4646332df194f4e836f130ebc781b3e9e4e,6400,3786400,841
MSREG_medium_a858605fb9a829cd,MG1655,1676000,1682400,1679200.0,medium,WIN_medium_a858605fb9a829cd,0.48505562525571533,6400,0.42866624821563426,0.48505562525571533,shape,0.5599367854223813,0.42596873227228116,0,1,0,1676000,1682400,1,921cfdb6cf2f69d0a3a1713a76cd9482f6f0c62c8c7768a20c15d4251f361459,6400,3786400,842
MSREG_medium_09bbfe5e353792f1,MG1655,777600,784000,780800.0,medium,WIN_medium_09bbfe5e353792f1,0.48358343493232464,6400,0.48358343493232464,0.09521920462475195,density,0.5019448384446946,0.46522203141995466,0,3,0,777600,785600,3,8bc6115dedd333a13d671f2a8e2a11a2dbe0dea4f393428ee84b72eab8571bda,6400,3788000,843
MSREG_medium_f0cf4684c1b6da23,MG1655,722400,728800,725600.0,medium,WIN_medium_f0cf4684c1b6da23,0.4820354480452291,6400,0.037823181806887554,0.4820354480452291,shape,0.3778051719457276,0.5862657241447305,0,1,0,722400,728800,1,1a3ba93f0318b13a2d8f5e7e26a675744c802cecc381db8ab73c3adbae58c5f1,6400,3788000,844
MSREG_medium_60d401061e70bcd0,MG1655,3468000,3474400,3471200.0,medium,WIN_medium_60d401061e70bcd0,0.48173572785830565,6400,0.48173572785830565,0.017959527898416257,density,0.4893557111366741,0.4741157445799372,0,4,0,3465600,3474400,4,231727749c4b3a780ece4aed36a859ab006b5e6dfd2e245eceb196efef6fa0cf,6400,3791200,845
MSREG_medium_b5c8b8fe635af38d,MG1655,3076000,3082400,3079200.0,medium,WIN_medium_b5c8b8fe635af38d,0.48173572785830565,6400,0.48173572785830565,0.18766751703772194,density,0.4741157445799372,0.4893557111366741,0,3,0,3074400,3082400,3,536c18836903d981a66e634c7b53baed5b816d326ea8d083cc1d63bb674c08cd,6400,3792800,846
MSREG_medium_0fb8e5d8ec865f35,MG1655,1717600,1724000,1720800.0,medium,WIN_medium_0fb8e5d8ec865f35,0.4816929444395973,6400,0.4816929444395973,0.32951062773112455,density,0.47712125471966244,0.4862646341595322,0,1,0,1717600,1724000,1,10ed1021eb4a104bbf9f755bd7d11fe462becc52abafc11da233caa0fc916c6d,6400,3792800,847
MSREG_medium_7f48b4e71c227037,MG1655,4526400,4532800,4529600.0,medium,WIN_medium_7f48b4e71c227037,0.48111619180053145,6400,0.18911930812300726,0.48111619180053145,shape,0.3949344985323124,0.5672978850687505,0,7,0,4524000,4535200,7,78133e6afa3ddc7de77374ab1645dd2ed0251dfbd9a062909c23d6e394529367,6400,3799200,848
MSREG_medium_828486855da7f334,MG1655,3682400,3688800,3685600.0,medium,WIN_medium_828486855da7f334,0.4801901893697347,6400,0.4801901893697347,0.10659746038106235,density,0.4741157445799372,0.4862646341595322,0,1,0,3682400,3688800,1,f8060cfab6705a019f6553f6f81ae4dfcfc1141cb4df483b64abcb75c086b932,6400,3799200,849
MSREG_medium_a9f319bd19d7ad9a,MG1655,516000,522400,519200.0,medium,WIN_medium_a9f319bd19d7ad9a,0.48003093212684145,6400,0.25452734148000783,0.48003093212684145,shape,0.4451520486446206,0.5149098156090622,0,4,0,516000,524800,4,1951535ed7cef313b12d9100e0a24792bfbc41c62f9e1dfea65a9691fabd3a8c,6400,3802400,850
MSREG_medium_c28622d778425fa7,MG1655,1959200,1965600,1962400.0,medium,WIN_medium_c28622d778425fa7,0.4799460426648723,6400,0.13246476931625353,0.4799460426648723,shape,0.5599367854223813,0.39995529990736317,0,4,0,1956800,1965600,4,c17c39926f1fc22741cea531d80781370b8f49c9388e5492c7785d165527374b,6400,3805600,851
MSREG_medium_50f970d5d411ba5f,MG1655,2791200,2797600,2794400.0,medium,WIN_medium_50f970d5d411ba5f,0.4788243790656182,6400,0.04946849703349711,0.4788243790656182,shape,0.5316800258589552,0.42596873227228116,0,4,0,2791200,2800000,4,05097d10089d963e0879339710a4b24a764f4cf1f696f178d2bab812731f730d,6400,3808800,852
MSREG_medium_00f5f00ba029a54b,MG1655,4120000,4126400,4123200.0,medium,WIN_medium_00f5f00ba029a54b,0.47839207724622346,6400,0.3648189579815653,0.47839207724622346,shape,0.5116321058478264,0.4451520486446206,0,4,0,4120000,4128800,4,a6a2ae2080834013ac5bff329b483b47d1c1615ce1a215984ab738ab417fc1f6,6400,3812000,853
MSREG_medium_334fbed187868266,MG1655,2463200,2469600,2466400.0,medium,WIN_medium_334fbed187868266,0.47614953682680417,6400,0.47614953682680417,0.25347044296889343,density,0.5182124511591478,0.43408662249446056,0,7,0,2460800,2472000,7,94d6766f4f726b4eb506688dfd61d99c2b1f78334e26fdf204dc8378e86a9f7f,6400,3817600,854
MSREG_medium_581d4e2c2a70a432,MG1655,2234400,2240800,2237600.0,medium,WIN_medium_581d4e2c2a70a432,0.47614953682680417,6400,0.47614953682680417,0.2629854097956321,density,0.5182124511591478,0.43408662249446056,0,1,0,2234400,2240800,1,99f0ff53d53f408f584ff62c3f771dccc44da64becd547ed750bad7e7b30e034,6400,3817600,855
MSREG_medium_8220584a8a546668,MG1655,2035200,2041600,2038400.0,medium,WIN_medium_8220584a8a546668,0.47611826337086316,6400,0.3270307873082309,0.47611826337086316,shape,0.542062061652677,0.41017446508904926,0,5,0,2032800,2042400,5,2fe30332d18479a5c6a233cd0743f5b9eaabfee3177625b113394549d55d1f21,6400,3821600,856
MSREG_medium_d685390ecf44b188,MG1655,3095200,3101600,3098400.0,medium,WIN_medium_d685390ecf44b188,0.47611826337086316,6400,0.23065339601002555,0.47611826337086316,shape,0.542062061652677,0.41017446508904926,0,4,0,3095200,3104000,4,631c75ba449e2b7dc3b4d0848045e2047eafd4d3872959d60b28be70ae7e90ae,6400,3824800,857
MSREG_medium_a0fd943ba1e70a55,MG1655,3499200,3505600,3502400.0,medium,WIN_medium_a0fd943ba1e70a55,0.4755977011017305,6400,0.17609387706964197,0.4755977011017305,shape,0.6101778815501419,0.34101752065331914,0,4,0,3496800,3505600,4,2520dcf3ff5512295dc0d875e1e75391475af2c39174700c3574a5ce0599b09e,6400,3828000,858
MSREG_medium_41d740fb38513acb,MG1655,1562400,1568800,1565600.0,medium,WIN_medium_41d740fb38513acb,0.4746638222940692,6400,0.01743565010281939,0.4746638222940692,shape,0.343227675458436,0.6060999691297024,0,5,0,1561600,1571200,5,b619eb1519dca0e6313d112b46931157b1cc67885de67cc0a4dadb3482fc0ef9,6400,3831200,859
MSREG_medium_b5f71740a252e0ca,MG1655,533600,540000,536800.0,medium,WIN_medium_b5f71740a252e0ca,0.4743740994479525,6400,0.1420307311245515,0.4743740994479525,shape,0.41017446508904926,0.5385737338068557,0,5,0,531200,540800,5,a26fccf28ea97b1f48b34af753e1f18e3110ca07687fc1e2307119bf4f912f19,6400,3834400,860
MSREG_medium_a6f3f426d952fd75,MG1655,3892800,3899200,3896000.0,medium,WIN_medium_a6f3f426d952fd75,0.47305455271547825,6400,0.47305455271547825,0.39750295221870025,density,0.45364015887013953,0.492468946560817,0,4,0,3892800,3901600,4,1b3391c0877173b40c05f9c42c08e7c639fc36d19010d7e60a8866ee59ef63f1,6400,3837600,861
MSREG_medium_85f8c7b453df3a90,MG1655,4424800,4431200,4428000.0,medium,WIN_medium_85f8c7b453df3a90,0.47236703636279215,6400,0.47236703636279215,0.22950866681030202,density,0.5051499783199059,0.43958409440567836,0,7,0,4422400,4433600,7,e79973aead3ac767e6096112f95d4ab88cbbf2a569208692911bb0ff3519c49d,6400,3843200,862
MSREG_medium_7fe2b94f8db65910,MG1655,338400,344800,341600.0,medium,WIN_medium_7fe2b94f8db65910,0.4714979350034068,6400,0.0394398786644426,0.4714979350034068,shape,0.4893557111366741,0.45364015887013953,0,7,0,336000,347200,7,aa368e1cfae013f92eb2230ccbff7ea7980593b68e9481bb9f3fe4e163d36249,6400,3849600,863
MSREG_medium_b5b077b957708e57,MG1655,2322400,2328800,2325600.0,medium,WIN_medium_b5b077b957708e57,0.4710086807800201,6400,0.036694617815312025,0.4710086807800201,shape,0.542062061652677,0.39995529990736317,0,6,0,2320000,2330400,6,c6089a4c59ca6ba42bf80ebe5c0b063112c3a7fbc5beb5ce5483b79501340998,6400,3853600,864
MSREG_medium_bbffb86bb0d07383,MG1655,246400,252800,249600.0,medium,WIN_medium_bbffb86bb0d07383,0.47075429678505104,6400,0.16943466640978833,0.47075429678505104,shape,0.42329614241095426,0.5182124511591478,0,6,0,244000,254400,6,91be224b69a36a083b5dc36094e58e5c62392f58b667f4d54127fafba1c48e88,6400,3858400,865
MSREG_medium_e49003560e24e8bc,MG1655,2985600,2992000,2988800.0,medium,WIN_medium_e49003560e24e8bc,0.47025656695391327,6400,0.47025656695391327,0.22491375058212448,density,0.5455786353755142,0.3949344985323124,0,1,0,2985600,2992000,1,56853940c1c0a03beedcfc288d55e0fd01d80a3ea769dd528fa3f27fcb598ad3,6400,3858400,866
MSREG_medium_be3b0ef93449dcee,MG1655,2870400,2876800,2873600.0,medium,WIN_medium_be3b0ef93449dcee,0.4686593685575616,6400,0.14133138352826907,0.4686593685575616,shape,0.44796302597844906,0.4893557111366741,0,2,0,2869600,2876800,2,77b38770cfb7af830c263afcb3c00313e4ed5ff190d9eca5e03e910a8452f46d,6400,3859200,867
MSREG_medium_f74f2d657b929b46,MG1655,2512800,2519200,2516000.0,medium,WIN_medium_f74f2d657b929b46,0.4677949197594974,6400,0.4677949197594974,0.013270960728444272,density,0.4987631796585053,0.43682665986048946,0,3,0,2511200,2519200,3,7bda28cacffaab1cb5f4e47e5d2cb16a4d238549baffae4c069469e3d419f559,6400,3860800,868
MSREG_medium_b042734a30bd42c9,MG1655,763200,769600,766400.0,medium,WIN_medium_b042734a30bd42c9,0.4669039245514841,6400,0.4669039245514841,0.1461059758008142,density,0.3590219426416679,0.5747859064613003,0,3,0,763200,771200,3,8f6c0e1d1f03cd4323a3af1c81247dc3be29a194ce9284c388865387c2e7f77d,6400,3862400,869
MSREG_medium_6dfa61b965096496,MG1655,847200,853600,850400.0,medium,WIN_medium_6dfa61b965096496,0.46675411616958407,6400,0.46675411616958407,0.23375518899070516,density,0.45939248775923086,0.4741157445799372,0,7,0,844800,856000,7,cd553fbef940a63cfc07ef5b4e119ba6f04eb14638e424c2ff2be5c7ee133f1e,6400,3868800,870
MSREG_medium_276dd0e458cc1689,MG1655,3461600,3468000,3464800.0,medium,WIN_medium_276dd0e458cc1689,0.466454809105034,6400,0.15048707431353747,0.466454809105034,shape,0.5149098156090622,0.41799980260100583,0,4,0,3461600,3470400,4,1cb2897b6e648ae965cffd730173a68e5611eab1d483283185c423427a5ec51a,6400,3872000,871
MSREG_medium_e77c5e6ac87a4908,MG1655,3107200,3113600,3110400.0,medium,WIN_medium_e77c5e6ac87a4908,0.4657083414020764,6400,0.14344973503971137,0.4657083414020764,shape,0.4862646341595322,0.4451520486446206,0,5,0,3104800,3114400,5,3478ad2535f3fee14df2e8cdc34d0ad13a10032b782b4649493ab59d1398d66a,6400,3876000,872
MSREG_medium_bfbe355fa3520641,MG1655,1473600,1480000,1476800.0,medium,WIN_medium_bfbe355fa3520641,0.4652616893948529,6400,0.4652616893948529,0.11828985502012881,density,0.471130891030475,0.45939248775923086,0,6,0,1471200,1481600,6,42ac8efad06b0d3efa9967b44abd371a1ca80635fcbcb41f52373e7ebc2ef623,6400,3880800,873
MSREG_medium_7b0f94f1956052bd,MG1655,3234400,3240800,3237600.0,medium,WIN_medium_7b0f94f1956052bd,0.4650634719087463,6400,0.4650634719087463,0.11134443625297233,density,0.43136376415898736,0.4987631796585053,0,4,0,3232000,3240800,4,51594ec2046a4fca91370caaddd9b184bd68389e1eb4426aa12ca5196b47f2f1,6400,3883200,874
MSREG_medium_5df010caea63b117,MG1655,4128800,4135200,4132000.0,medium,WIN_medium_5df010caea63b117,0.4650238501148307,6400,0.2065402097993137,0.4650238501148307,shape,0.5710257575879936,0.3590219426416679,0,4,0,4126400,4135200,4,8b926385b256e4c9488f78d69c831742474aee453f03637983d23b6a0951b42a,6400,3886400,875
MSREG_medium_0efe61cf6608302a,MG1655,4568800,4575200,4572000.0,medium,WIN_medium_0efe61cf6608302a,0.4648753327429571,6400,0.3340849142639143,0.4648753327429571,shape,0.6226465221097399,0.30914788588616066,0,5,0,4568000,4577600,5,b3bed2a34279b5ef797019467e55fcd8e017fec4e7040026edfc20e49f8c497a,6400,3890400,876
MSREG_medium_c3f6f8431b7f6c1a,MG1655,2811200,2817600,2814400.0,medium,WIN_medium_c3f6f8431b7f6c1a,0.4638779517250384,6400,0.34777435120773204,0.4638779517250384,shape,0.4741157445799372,0.45364015887013953,0,1,0,2811200,2817600,1,3f49948620d1b79bc430978c5f51fe5260f5574ffd033020364eccef20620afe,6400,3890400,877
MSREG_medium_bb69e08fc9bd5ab9,MG1655,4518400,4524800,4521600.0,medium,WIN_medium_bb69e08fc9bd5ab9,0.4637991467011462,6400,0.231547180813246,0.4637991467011462,shape,0.6101778815501419,0.3174204118521506,0,7,0,4516000,4527200,7,e1768fde1e84ffa45245f7ef8b8da9fcbee902147f0142cd0a47d48cca87ffb7,6400,3896800,878
MSREG_medium_0b72feb07929d49c,MG1655,1513600,1520000,1516800.0,medium,WIN_medium_0b72feb07929d49c,0.46339571921673006,6400,0.2188942481808609,0.46339571921673006,shape,0.33663067040520545,0.5901607680282547,0,4,0,1512800,1521600,4,bf5ebb299d01925fbb0e39833168517a58f442c5fd926eba1b7dff0f507c27a2,6400,3899200,879
MSREG_medium_4b1e45c35d4d134d,MG1655,632800,639200,636000.0,medium,WIN_medium_4b1e45c35d4d134d,0.4612923686059544,6400,0.1829637827768063,0.4612923686059544,shape,0.5019448384446946,0.4206398987672142,0,7,0,630400,641600,7,320e39db1838a5494eb2f38251ba306b4b4b426598643cc745a6f86580552ef6,6400,3904800,880
MSREG_medium_159ae0cdb3c39bae,MG1655,4540000,4546400,4543200.0,medium,WIN_medium_159ae0cdb3c39bae,0.4612534289051504,6400,0.4612534289051504,0.14367060325264483,density,0.5149098156090622,0.40759704220123855,0,4,0,4540000,4548800,4,04b3ae8cbd7740c2cef19450617bf1d1f12659e224a8a9fe6ca400f7881f1575,6400,3908000,881
MSREG_medium_c0b06db247fb549d,MG1655,2828000,2834400,2831200.0,medium,WIN_medium_c0b06db247fb549d,0.45963389661227894,6400,0.45963389661227894,0.07438400206861848,density,0.4741157445799372,0.4451520486446206,0,2,0,2828000,2835200,2,3efd65cd089b32ba3c7bb3b764e6d03e8ff4e03e2e95566bb481877da9a625f5,6400,3908800,882
MSREG_medium_d527917d71362276,MG1655,508000,514400,511200.0,medium,WIN_medium_d527917d71362276,0.459489019097096,6400,0.17089694291844662,0.459489019097096,shape,0.5215403945080753,0.39743764368611667,0,5,0,506400,516000,5,6a09208f234615f0827200adabf9efcf97f820ac259fafa8650bc659d79a270d,6400,3912000,883
MSREG_medium_b774d26ee83a5dbc,MG1655,3845600,3852000,3848800.0,medium,WIN_medium_b774d26ee83a5dbc,0.4594793640320246,6400,0.22136653948939208,0.4594793640320246,shape,0.5599367854223813,0.3590219426416679,0,4,0,3845600,3854400,4,779413a5a30fbc0f0f09c4cb79f598963d94ba4032c7c2ef7aae8e55e4f194d4,6400,3914400,884
MSREG_medium_bb52773e5f37e831,MG1655,3056800,3063200,3060000.0,medium,WIN_medium_bb52773e5f37e831,0.4588141991592598,6400,0.4588141991592598,0.11439492004909976,density,0.43136376415898736,0.4862646341595322,0,4,0,3056800,3065600,4,983dde67e3e309758d3687cb33b17b83044fbeca96be72d344de2a273165b16f,6400,3917600,885
MSREG_medium_8c9a7d9e73623e6a,MG1655,2658400,2664800,2661600.0,medium,WIN_medium_8c9a7d9e73623e6a,0.4586410124631581,6400,0.4586410124631581,0.16562430563785974,density,0.43408662249446056,0.4831954024318556,0,1,0,2658400,2664800,1,cea278edfb2c61ee2c5f3408ae299d691e731089f4d6e91c1033134239bad271,6400,3917600,886
MSREG_medium_02b6bd7d4f1fd864,MG1655,988800,995200,992000.0,medium,WIN_medium_02b6bd7d4f1fd864,0.45794964364048674,6400,0.45794964364048674,0.13994827540669308,density,0.45650679952174267,0.45939248775923086,0,2,0,988800,996000,2,8b09a7356d7b406c951b9ebac61566b70768f1199beecf03b88b226c9511233b,6400,3918400,887
MSREG_medium_2d94a712e5d68598,MG1655,2960800,2967200,2964000.0,medium,WIN_medium_2d94a712e5d68598,0.4572795832954215,6400,0.4572795832954215,0.09328141136203169,density,0.43136376415898736,0.4831954024318556,0,4,0,2958400,2967200,4,63c269d3fe248f6394da751f0e1bce605ec31d4f4eaddcbc78a60da7a7d03b54,6400,3921600,888
MSREG_medium_9144453aea65613a,MG1655,1032000,1038400,1035200.0,medium,WIN_medium_9144453aea65613a,0.4566592303556783,6400,0.03019073436233385,0.4566592303556783,shape,0.4451520486446206,0.468166412066736,0,5,0,1029600,1039200,5,775ac24dd70c15fc88bad783a020757759fd734bb6ef14d2e3bf7abe8160b81a,6400,3925600,889
MSREG_medium_1781fc1cb1b6169b,MG1655,500000,506400,503200.0,medium,WIN_medium_1781fc1cb1b6169b,0.45650679952174267,6400,0.45650679952174267,0.3494896564368729,density,0.45650679952174267,0.45650679952174267,0,4,0,497600,506400,4,9291e37d7394dbe2b0d81defe6ce6ce79ce97db433bb3523e68a3602b7e939b1,6400,3928000,890
MSREG_medium_f7f58db10b8e6b1a,MG1655,4545600,4552000,4548800.0,medium,WIN_medium_f7f58db10b8e6b1a,0.453762376175341,6400,0.1791601937057535,0.453762376175341,shape,0.5248940365156631,0.3826307158350189,0,7,0,4543200,4554400,7,3243e818b272067db0fa09fd676d08d974ff0f59bd43f4ac2a1ca45301779d69,6400,3933600,891
MSREG_medium_3263f07bb7d951d4,MG1655,3896800,3903200,3900000.0,medium,WIN_medium_3263f07bb7d951d4,0.4526929604373877,6400,0.3556261676791853,0.4526929604373877,shape,0.5599367854223813,0.34992643780713834,0,3,0,3896000,3904000,3,fc471c3e9e0dd578cb33181e0c7ecb0c954f07832f03c6b90c1927f0554baf09,6400,3935200,892
MSREG_medium_829ef6b931d6f338,MG1655,4009600,4016000,4012800.0,medium,WIN_medium_829ef6b931d6f338,0.4525526391136345,6400,0.38999912151916527,0.4525526391136345,shape,0.39995529990736317,0.5051499783199059,0,3,0,4008800,4016800,3,65348d4d328666e3c47421377cce44ff8ed8093f4275cdb1282ef9b998d2220d,6400,3936800,893
MSREG_medium_19d52d6363c98de3,MG1655,2929600,2936000,2932800.0,medium,WIN_medium_19d52d6363c98de3,0.4524030629128165,6400,0.3937756904643882,0.4524030629128165,shape,0.43958409440567836,0.46522203141995466,0,4,0,2929600,2938400,4,ab275adee533ab454ac9252a7354eb9b69b124a8161a21509462bc6cf107b374,6400,3940000,894
MSREG_medium_641242c935877858,MG1655,1097600,1104000,1100800.0,medium,WIN_medium_641242c935877858,0.45054200214717244,6400,0.24991057240741954,0.45054200214717244,shape,0.542062061652677,0.3590219426416679,0,5,0,1096800,1106400,5,a149a45da5cdfb4172840141d28e1c88454d3b33d02869a472433136e5581204,6400,3944000,895
MSREG_medium_95305596cca45252,MG1655,2032000,2038400,2035200.0,medium,WIN_medium_95305596cca45252,0.4495159549134305,6400,0.20514109518673349,0.4495159549134305,shape,0.4862646341595322,0.4127672756673288,0,1,0,2032000,2038400,1,f1f362e7b4a8e000043cd8acb9f153f8a47b495c072a1cebd01361ffa0b0f8b9,6400,3944000,896
MSREG_medium_44d5d3d4b9d91eba,MG1655,468000,474400,471200.0,medium,WIN_medium_44d5d3d4b9d91eba,0.44939610375738004,6400,0.18293135902924815,0.44939610375738004,shape,0.45364015887013953,0.4451520486446206,0,5,0,467200,476800,5,7090038ccd5f68ef99dd952c2956f1aa9b40141fd7ef7c876ef5914922c737ea,6400,3948000,897
MSREG_medium_e248f31544ea6a46,MG1655,2206400,2212800,2209600.0,medium,WIN_medium_e248f31544ea6a46,0.448292897789471,6400,0.11437718626415051,0.448292897789471,shape,0.43136376415898736,0.46522203141995466,0,4,0,2206400,2215200,4,ab5dd91b3596316a36aebedbbbc08c52a7bb9436943f24e6641689f683cc1c2b,6400,3951200,898
MSREG_medium_ba3ce63348397eee,MG1655,1381600,1388000,1384800.0,medium,WIN_medium_ba3ce63348397eee,0.44810041167231096,6400,0.24103559663721105,0.44810041167231096,shape,0.4987631796585053,0.39743764368611667,0,4,0,1379200,1388000,4,de20ea6789c99466ee937559dee1f95bd97e9c55e0a4d59818e05073b3b3324a,6400,3953600,899
MSREG_medium_b381701ee5352943,MG1655,4634400,4640800,4637600.0,medium,WIN_medium_b381701ee5352943,0.4479721823209669,6400,0.4479721823209669,0.14446578358462,density,0.4507923159973133,0.4451520486446206,0,3,0,4633600,4641600,3,aca4b18ed7021eb4ef0620cfb7d560280dab52aba2e146c20f824756d7897893,6400,3957600,900
MSREG_medium_6adcd92bf00d108e,MG1655,4065600,4072000,4068800.0,medium,WIN_medium_6adcd92bf00d108e,0.44660302746378067,6400,0.18524556112028365,0.44660302746378067,shape,0.5248940365156631,0.36831201841189826,0,4,0,4063200,4072000,4,fcd6265f5f0d856fb888e20c31b0e961395b2ff7261e45d017d3b257d3f2fd91,6400,3960000,901
MSREG_medium_5d19c64a3921220c,MG1655,3505600,3512000,3508800.0,medium,WIN_medium_5d19c64a3921220c,0.44564972979808515,6400,0.16795190877308186,0.44564972979808515,shape,0.4862646341595322,0.40503482543663816,0,2,0,3505600,3512800,2,d80c8b365ef79c47e89572ac33d4206c13d28c4b1b023473d8778bf7017832cf,6400,3960800,902
MSREG_medium_c80752b6d02b0eae,MG1655,2954400,2960800,2957600.0,medium,WIN_medium_c80752b6d02b0eae,0.4453962223165471,6400,0.23420634028160747,0.4453962223165471,shape,0.40759704220123855,0.4831954024318556,0,7,0,2952000,2963200,7,cb584a0018c243fda13657eff431cce08fdff985a4ed4778a3cb96efd22f11d9,6400,3967200,903
MSREG_medium_2ddd378f86ce7fd3,MG1655,3410400,3416800,3413600.0,medium,WIN_medium_2ddd378f86ce7fd3,0.4451520486446206,6400,0.1681537372483901,0.4451520486446206,shape,0.4451520486446206,0.4451520486446206,0,4,0,3408000,3416800,4,3753b68a6242944e283eecb369b08b6356cff9d9befd1ed1e4bd05e937ed09d4,6400,3970400,904
MSREG_medium_569f12e02a152c41,MG1655,3836000,3842400,3839200.0,medium,WIN_medium_569f12e02a152c41,0.443935281840365,6400,0.443935281840365,0.20573446772102405,density,0.45650679952174267,0.43136376415898736,0,3,0,3834400,3842400,3,0fe8d8d1593ff82c74d8e9b4fa277ededa80bb35e1ef28740876f914916aa565,6400,3972000,905
MSREG_medium_ee4ac5c6101a9082,MG1655,2445600,2452000,2448800.0,medium,WIN_medium_ee4ac5c6101a9082,0.4414331460296538,6400,0.21224096506446305,0.4414331460296538,shape,0.5215403945080753,0.36132589755123223,0,2,0,2445600,2452800,2,36bcc5ae61b270cb6c2dea109b34ea21dd311902acc2e8225e0c863ce0edf13c,6400,3972800,906
MSREG_medium_f3377770f3086186,MG1655,2590400,2596800,2593600.0,medium,WIN_medium_f3377770f3086186,0.44014864050182195,6400,0.44014864050182195,0.22662505727797194,density,0.41799980260100583,0.4622974784026381,0,6,0,2588000,2598400,6,d9a823fcea7061fc1920cc1bc9fad90fc576839bf6b23331e9d325599f54f3e4,6400,3977600,907
MSREG_medium_db87bb5e7962945e,MG1655,1040000,1046400,1043200.0,medium,WIN_medium_db87bb5e7962945e,0.43959290416047,6400,0.01691303314549438,0.43959290416047,shape,0.43682665986048946,0.4423591484604505,0,2,0,1039200,1046400,2,41fa7d17608045b639959f06b60f8c2ca759c2b66e67aad5b403dae1a0b5ffac,6400,3978400,908
MSREG_medium_37b24a7fe8aadbd5,MG1655,871200,877600,874400.0,medium,WIN_medium_37b24a7fe8aadbd5,0.4382228854774555,6400,0.4382228854774555,0.09893264439045629,density,0.4423591484604505,0.43408662249446056,0,4,0,869600,878400,4,02029c565bde5a73029e0ecc4d748061f86ac5fceaf0b6524d365f7e61030a21,6400,3980800,909
MSREG_medium_da4c54a711057692,MG1655,4297600,4304000,4300800.0,medium,WIN_medium_da4c54a711057692,0.4372794492028895,6400,0.1540411183126071,0.4372794492028895,shape,0.47712125471966244,0.39743764368611667,0,7,0,4295200,4306400,7,02cee1053c3a3ebba6b85de73ac5a78c206e3834dd0f886acd8030b977478136,6400,3987200,910
MSREG_medium_344b8996d1325c50,MG1655,4549600,4556000,4552800.0,medium,WIN_medium_344b8996d1325c50,0.4372533010613743,6400,0.4372533010613743,0.3062872336753501,density,0.41799980260100583,0.45650679952174267,0,5,0,4548800,4558400,5,53e8433c57dfaf59748c7a188a40e57be1efd326988461930b1803045ad47e84,6400,3991200,911
MSREG_medium_cd897d614b4965fb,MG1655,3190400,3196800,3193600.0,medium,WIN_medium_cd897d614b4965fb,0.4359412291482998,6400,0.4359412291482998,0.11565575303919334,density,0.45650679952174267,0.415375658774857,0,4,0,3190400,3199200,4,ee214de4032fe17840922857490c20f722280446fbd6cc15b7ff122d8888a5ec,6400,3993600,912
MSREG_medium_114152263676043d,MG1655,399200,405600,402400.0,medium,WIN_medium_114152263676043d,0.43556039045845085,6400,0.43556039045845085,0.1396226823957809,density,0.42596873227228116,0.4451520486446206,0,7,0,396800,408000,7,90d639c06ec02c85a1ec778160659e2fb439ece41b5dc359299bc204dc0d2e2f,6400,4000000,913
MSREG_medium_7ae6d094d73cb233,MG1655,2210400,2216800,2213600.0,medium,WIN_medium_7ae6d094d73cb233,0.43450790882249823,6400,0.43450790882249823,0.13583146064573773,density,0.415375658774857,0.45364015887013953,0,4,0,2209600,2218400,4,1f1943caafe0ee392c5d74356d1e25e9382ad05f1fee69f137228a1d54506271,6400,4002400,914
MSREG_medium_ad476d0310e11118,MG1655,4352000,4358400,4355200.0,medium,WIN_medium_ad476d0310e11118,0.433340632305396,6400,0.433340632305396,0.17460930452618142,density,0.45650679952174267,0.41017446508904926,0,5,0,4351200,4360800,5,3066f46db4e445707d39647791b604e60b2bcff20764e7237a82aa7e6594d7e6,6400,4006400,915
MSREG_medium_7e5410c9b6870f97,MG1655,3406400,3412800,3409600.0,medium,WIN_medium_7e5410c9b6870f97,0.43289597370591737,6400,0.24366771663338965,0.43289597370591737,shape,0.4206398987672142,0.4451520486446206,0,4,0,3404800,3413600,4,cb06b10f681a0b9844f83cba4d99e94c1470a1d7b048bce0835506cd0042adec,6400,4008800,916
MSREG_medium_3e1c66f8d95152b4,MG1655,3086400,3092800,3089600.0,medium,WIN_medium_3e1c66f8d95152b4,0.4324181267081003,6400,0.23236661811417103,0.4324181267081003,shape,0.34992643780713834,0.5149098156090622,0,4,0,3086400,3095200,4,12c9fba9131865f3d651ce72eb37442f1c89dd54c9d371463dfe4dd731339b86,6400,4011200,917
MSREG_medium_d7d4e13a11cfb6ac,MG1655,4510400,4516800,4513600.0,medium,WIN_medium_d7d4e13a11cfb6ac,0.431669342376653,6400,0.431669342376653,0.28917043033917167,density,0.44796302597844906,0.415375658774857,0,7,0,4508000,4519200,7,f4f03a8d038220677379dd3f786e38ac3b799569cc9a5f189865bc1bc884ed05,6400,4017600,918
MSREG_medium_a10c6e28e42b533b,MG1655,2432800,2439200,2436000.0,medium,WIN_medium_a10c6e28e42b533b,0.43149952361383237,6400,0.43149952361383237,0.15626870354684955,density,0.4206398987672142,0.4423591484604505,0,1,0,2432800,2439200,1,ebebfd90cacd471b7e639b18935c71c973dd001c2be9a3ca928ede6c7dfd5897,6400,4017600,919
MSREG_medium_2a5616adce4a8976,MG1655,360800,367200,364000.0,medium,WIN_medium_2a5616adce4a8976,0.4304833905431813,6400,0.4304833905431813,0.4179998026010058,density,0.552698376498462,0.41017446508904926,0,7,0,358400,369600,7,8bcbdcc565d71964cbdff52166de5cdea797e3b252979d46353efbe220d11c32,6400,4024000,920
MSREG_medium_58451941107330de,MG1655,4603200,4609600,4606400.0,medium,WIN_medium_58451941107330de,0.42920307726766604,6400,0.22148266791146964,0.42920307726766604,shape,0.5282737771670437,0.3301323773682883,0,4,0,4600800,4609600,4,4a4f2e48022f3bad43bd364af73d2d32b371b38e6054337321a804bf2d1b6d02,6400,4027200,921
MSREG_medium_461d47fc234db94d,MG1655,2598400,2604800,2601600.0,medium,WIN_medium_461d47fc234db94d,0.4289596621559747,6400,0.4289596621559747,0.08099500920381533,density,0.4127672756673288,0.4451520486446206,0,1,0,2598400,2604800,1,45899a8bbeaa11f8de9f63b2ae97c996075011708dfc58e70a161e387ce9d0ab,6400,4027200,922
MSREG_medium_af6d47e6f7afcc55,MG1655,3907200,3913600,3910400.0,medium,WIN_medium_af6d47e6f7afcc55,0.4273632606308374,6400,0.4273632606308374,0.1223969534169135,density,0.4206398987672142,0.43408662249446056,0,4,0,3904800,3913600,4,d338a3014c7738788da12350c90f05d75dda68674be7467983732d95f3077145,6400,4030400,923
MSREG_medium_a1292be5a2802c68,MG1655,2643200,2649600,2646400.0,medium,WIN_medium_a1292be5a2802c68,0.4260432125477332,6400,0.4260432125477332,0.27188804513195863,density,0.41799980260100583,0.43408662249446056,0,1,0,2643200,2649600,1,23f5840f0998856cecbfb0e4a019c795794b0264334fdb6acb6f6f43a9d07939,6400,4030400,924
MSREG_medium_c82bff73320e9331,MG1655,3957600,3964000,3960800.0,medium,WIN_medium_c82bff73320e9331,0.4260432125477332,6400,0.4260432125477332,0.22618607244175204,density,0.41799980260100583,0.43408662249446056,0,1,0,3957600,3964000,1,c5ed9828f5eda571e070451c40285f72a155da6637b5c275675b80c0ea249610,6400,4030400,925
MSREG_medium_e2437f4eb90404a1,MG1655,1342400,1348800,1345600.0,medium,WIN_medium_e2437f4eb90404a1,0.4255389012781281,6400,0.21635522691016043,0.4255389012781281,shape,0.45364015887013953,0.39743764368611667,0,5,0,1341600,1351200,5,4eb1df5999442378050bd17d96c454dc46e73a163bfe1b1600c8375126c39ed0,6400,4034400,926
MSREG_medium_d9e7052b47c25966,MG1655,1532800,1539200,1536000.0,medium,WIN_medium_d9e7052b47c25966,0.42488751266203756,6400,0.02803401913174735,0.42488751266203756,shape,0.5385737338068557,0.3112012915172194,0,7,0,1530400,1541600,7,8d6623e0d5babf04d26352944b9421d0d25c3ff15f3767980a455e61b0f13c4e,6400,4040800,927
MSREG_medium_a6d19f3c6a77d90a,MG1655,4418400,4424800,4421600.0,medium,WIN_medium_a6d19f3c6a77d90a,0.4246324373416177,6400,0.22218721984788803,0.4246324373416177,shape,0.42329614241095426,0.42596873227228116,0,5,0,4417600,4427200,5,f3693a633a02a0ead53eff129a1fd9d3d3e0967996db8a6fa99b38744a1db6f5,6400,4044800,928
MSREG_medium_3b5e2cbad50dad0a,MG1655,2228000,2234400,2231200.0,medium,WIN_medium_3b5e2cbad50dad0a,0.42350056247476936,6400,0.42350056247476936,0.11247041196364149,density,0.43682665986048946,0.41017446508904926,0,4,0,2225600,2234400,4,a660113e989e6f160ed36764ebd1f87c3fd4414f6a13e9e8f59c66f21260eda5,6400,4047200,929
MSREG_medium_3e2ec965fe8a074a,MG1655,2090400,2096800,2093600.0,medium,WIN_medium_3e2ec965fe8a074a,0.4232225982715957,6400,0.20666675423990805,0.4232225982715957,shape,0.34768201688468603,0.4987631796585053,0,4,0,2088000,2096800,4,0435cb5c208855213eeee280068b3e32ee685a11e5ec14b954b5228bf125d21b,6400,4050400,930
MSREG_medium_70c0c886c489c6f8,MG1655,1582400,1588800,1585600.0,medium,WIN_medium_70c0c886c489c6f8,0.42230945992115826,6400,0.16833554340520923,0.42230945992115826,shape,0.40503482543663816,0.43958409440567836,0,6,0,1580800,1591200,6,7ec083c0d082b35dbd5ed618e43674ea797a9b7659757a5445d3f36d8e70db29,6400,4055200,931
MSREG_medium_e5561bef59964dd2,MG1655,2070400,2076800,2073600.0,medium,WIN_medium_e5561bef59964dd2,0.42121388149591776,6400,0.25879947705992173,0.42121388149591776,shape,0.36831201841189826,0.4741157445799372,0,7,0,2068000,2079200,7,a3f2ba65592a42d852304cd475213ff5d45b099c8f15f7f804a37fd4c6501835,6400,4061600,932
MSREG_medium_7ce1e1a46f933133,MG1655,396000,402400,399200.0,medium,WIN_medium_7ce1e1a46f933133,0.419368003969805,6400,0.419368003969805,0.14500962635572395,density,0.42596873227228116,0.4127672756673288,0,1,0,396000,402400,1,8f428307f82bd7b6ed51a9350d6ecc156348638a5d761f55dadd172983774f0e,6400,4061600,933
MSREG_medium_fd38cd795486e1d7,MG1655,2348000,2354400,2351200.0,medium,WIN_medium_fd38cd795486e1d7,0.4183909798839263,6400,0.37426163006175217,0.4183909798839263,shape,0.39995529990736317,0.43682665986048946,0,3,0,2348000,2356000,3,91866c30e1692556fef7b02102e2390a24b98dce702c31f0c98e894ca2f364ad,6400,4063200,934
MSREG_medium_3a8d4c138b675dab,MG1655,3950400,3956800,3953600.0,medium,WIN_medium_3a8d4c138b675dab,0.4183909798839263,6400,0.4183909798839263,0.1808341330501116,density,0.39995529990736317,0.43682665986048946,0,2,0,3950400,3957600,2,adf7812cdacb1083e78e39ec3b7164f6191bf4f75d51f54e5ff5059d3dc58784,6400,4064000,935
MSREG_medium_b3d86a27012861e8,MG1655,3576000,3582400,3579200.0,medium,WIN_medium_b3d86a27012861e8,0.41807159868066524,6400,0.41807159868066524,0.37820987048476906,density,0.45939248775923086,0.41017446508904926,0,4,0,3576000,3584800,4,0fb2b882dc40353ba60937c9d2f705549a9c92e7057cba1391ccd3b68ec903e4,6400,4067200,936
MSREG_medium_466e2861c0df85f9,MG1655,1268000,1274400,1271200.0,medium,WIN_medium_466e2861c0df85f9,0.41800777877103557,6400,0.41800777877103557,0.0846480077459216,density,0.4206398987672142,0.415375658774857,0,6,0,1265600,1276000,6,7b6ef9f6bec2ff7c83e6f5c9f425add7c1f2df8f32043b1a7c52bf141a429180,6400,4072000,937
MSREG_medium_93133f8c6df7b7fe,MG1655,1551200,1557600,1554400.0,medium,WIN_medium_93133f8c6df7b7fe,0.4167353037500018,6400,0.0394398786644426,0.4167353037500018,shape,0.42329614241095426,0.41017446508904926,0,4,0,1548800,1557600,4,d4277406bac59cad9a3eb97141b98b3a900e315be430e32c5bc0ad21b163877b,6400,4075200,938
MSREG_medium_3840f7b39701dd83,MG1655,237600,244000,240800.0,medium,WIN_medium_3840f7b39701dd83,0.41595957917578996,6400,0.13652856314154035,0.41595957917578996,shape,0.3754123588298373,0.45650679952174267,0,7,0,235200,246400,7,eb82fa1b52e39f837bd64f494614c5b5149680488fa9a9c24d47d29b4798b235,6400,4081600,939
MSREG_medium_3e6120757cae5a73,MG1655,1868800,1875200,1872000.0,medium,WIN_medium_3e6120757cae5a73,0.41529687090673395,6400,0.41529687090673395,0.28192017674586933,density,0.44796302597844906,0.3826307158350189,0,5,0,1867200,1876800,5,0e72f38e3961c930393cbcc861a744f90405036385e8dd0b2e0ce394ab536180,6400,4084800,940
MSREG_medium_429933a045f50fb0,MG1655,3671200,3677600,3674400.0,medium,WIN_medium_429933a045f50fb0,0.41432226894212487,6400,0.3388240955292623,0.41432226894212487,shape,0.4831954024318556,0.3454491354523941,0,7,0,3668800,3680000,7,1579048aa6e04ce87882930b6fe2bfcb83780578706fa4bcc68f1a5fe10b720b,6400,4091200,941
MSREG_medium_71465b61ce042f95,MG1655,3668000,3674400,3671200.0,medium,WIN_medium_71465b61ce042f95,0.41168769240414316,6400,0.25081724278915374,0.41168769240414316,shape,0.44796302597844906,0.3754123588298373,0,4,0,3665600,3674400,4,7c6af8e8dcb1388a8b24b1ad739355cf934642a86c5f818785bc80e7b72d1a3a,6400,4094400,942
MSREG_medium_5652c98bd638f0f7,MG1655,1210400,1216800,1213600.0,medium,WIN_medium_5652c98bd638f0f7,0.41151731401882197,6400,0.41151731401882197,0.16510600664353903,density,0.45939248775923086,0.36364214027841313,0,2,0,1210400,1217600,2,79cc3e706eb042ae42d275473a5cf483ff1f3c20f875ee6f59495fb6238ebf7f,6400,4095200,943
MSREG_medium_306d651b98d0f7fa,MG1655,2084800,2091200,2088000.0,medium,WIN_medium_306d651b98d0f7fa,0.411470870378189,6400,0.411470870378189,0.18606084571816628,density,0.4127672756673288,0.41017446508904926,0,4,0,2084800,2093600,4,17c53369d8d26db33ffa27ad7ab6d83e964ac7f63938fba5763049129fba9f17,6400,4097600,944
MSREG_medium_7c3882f37113249c,MG1655,3774400,3780800,3777600.0,medium,WIN_medium_7c3882f37113249c,0.411470870378189,6400,0.411470870378189,0.1586546309232194,density,0.41017446508904926,0.4127672756673288,0,2,0,3774400,3781600,2,82427d71eec60044a5697b85f6db8cb51c3abc484b62d89f635e6549c942c855,6400,4098400,945
MSREG_medium_e5225ad645d90af8,MG1655,4343200,4349600,4346400.0,medium,WIN_medium_e5225ad645d90af8,0.41138574949437834,6400,0.2316485961996702,0.41138574949437834,shape,0.2910914731298014,0.5316800258589552,0,4,0,4342400,4351200,4,f9d8a704f86855c68862f974bb7cb619c3603ac877639ca34ca571f98eb569cf,6400,4100800,946
MSREG_medium_3c5b9c78ab239ae4,MG1655,587200,593600,590400.0,medium,WIN_medium_3c5b9c78ab239ae4,0.410798551473783,6400,0.021653494709522637,0.410798551473783,shape,0.3875104804531055,0.43408662249446056,0,1,0,587200,593600,1,41001851fdde5d856062f4586f394bd1b605fe93d14e4fa12a83e54d50b2e081,6400,4100800,947
MSREG_medium_9b625d97173863f3,MG1655,2304800,2311200,2308000.0,medium,WIN_medium_9b625d97173863f3,0.40809179575532795,6400,0.0522908942228521,0.40809179575532795,shape,0.3174204118521506,0.4987631796585053,0,7,0,2302400,2313600,7,ae1b64db4639bfb7d7f138a7407a5a14d9df4ce9558f045217f6f61a683c302c,6400,4107200,948
MSREG_medium_4be8403bcec5327e,MG1655,444000,450400,447200.0,medium,WIN_medium_4be8403bcec5327e,0.40787092026978594,6400,0.30479513349503884,0.40787092026978594,shape,0.42329614241095426,0.3924456981286176,0,1,0,444000,450400,1,68e13e51aa483ca6470592d45844ae8bc6a29fbaceb1e6568332a2ebd0b9dd1e,6400,4107200,949
MSREG_medium_b46f42b3dc8c2c05,MG1655,1641600,1648000,1644800.0,medium,WIN_medium_b46f42b3dc8c2c05,0.4069972399970031,6400,0.23416870851943195,0.4069972399970031,shape,0.3826307158350189,0.43136376415898736,0,7,0,1639200,1650400,7,d10ba18e95872f86e7b5781ee12fede3fc9a91e3b7bff8f62d1c0da875f0f50c,6400,4113600,950
MSREG_medium_a1f66b16f532816c,MG1655,1848000,1854400,1851200.0,medium,WIN_medium_a1f66b16f532816c,0.4064671505666591,6400,0.4064671505666591,0.2769898760424264,density,0.41799980260100583,0.3949344985323124,0,1,0,1848000,1854400,1,bc992bbc7cf52467547e1f2a94ca7b635d5f2dd92dad5a7af94c99bddfcb6fb5,6400,4113600,951
MSREG_medium_44feac6913e822e5,MG1655,1452800,1459200,1456000.0,medium,WIN_medium_44feac6913e822e5,0.40503482543663816,6400,0.01639041618816937,0.40503482543663816,shape,0.40503482543663816,0.40503482543663816,0,7,0,1450400,1461600,7,9b6a341f8a30fd547da86d44f6a93a37c75a135e19982f04cbeeb1478c1e031d,6400,4119200,952
MSREG_medium_02da0ec405a8ed62,MG1655,415200,421600,418400.0,medium,WIN_medium_02da0ec405a8ed62,0.40429972405365,6400,0.18910262950700368,0.40429972405365,shape,0.3826307158350189,0.42596873227228116,0,1,0,415200,421600,1,31d1d3a135db5a7ea8125233cb7a24fc45526bd1360c40d69df68891b1c3fc78,6400,4119200,953
MSREG_medium_866eb35259c6393e,MG1655,2141600,2148000,2144800.0,medium,WIN_medium_866eb35259c6393e,0.40429972405365,6400,0.40429972405365,0.3623666937615204,density,0.3826307158350189,0.42596873227228116,0,3,0,2141600,2149600,3,3ebe8db3b03841796c6f3b12a37a2c484ab17fb49e658a8ac219b626232704eb,6400,4120800,954
MSREG_medium_f935b17a4feab732,MG1655,750400,756800,753600.0,medium,WIN_medium_f935b17a4feab732,0.40377617105430086,6400,0.23757500959717026,0.40377617105430086,shape,0.40759704220123855,0.39995529990736317,0,2,0,749600,756800,2,191fd4388990814077a52fc995d5afb605c282c26360eced6e65fdbf833e17d4,6400,4121600,955
MSREG_medium_99fccf3f3db4bf23,MG1655,1073600,1080000,1076800.0,medium,WIN_medium_99fccf3f3db4bf23,0.402198210621735,6400,0.017959527898416257,0.402198210621735,shape,0.25527250510330607,0.5491239161401639,0,7,0,1071200,1082400,7,f864ead904a10ede1f413bf1a5f9ea1d914495446631e9dfc876bf09316370d6,6400,4128000,956
MSREG_medium_02d444b344de429e,MG1655,2848000,2854400,2851200.0,medium,WIN_medium_02d444b344de429e,0.4016353073011165,6400,0.13515393360325467,0.4016353073011165,shape,0.3826307158350189,0.4206398987672142,0,4,0,2845600,2854400,4,36d44d22be1729fd995409c1ff420b4b40f9fdbf12f47e00dbb928316c1b3ba5,6400,4131200,957
MSREG_medium_59a73d1c5faebf71,MG1655,2627200,2633600,2630400.0,medium,WIN_medium_59a73d1c5faebf71,0.40031525921801236,6400,0.20412296137650526,0.40031525921801236,shape,0.41799980260100583,0.3826307158350189,0,4,0,2627200,2636000,4,37aef26a6f547cac78d5a26f4c0e5c6a33df6813c9d01761dd9663d22501153d,6400,4134400,958
MSREG_medium_7a2bfc4fd5798893,MG1655,3288000,3294400,3291200.0,medium,WIN_medium_7a2bfc4fd5798893,0.40013887806021714,6400,0.22303051116385583,0.40013887806021714,shape,0.3875104804531055,0.4127672756673288,0,3,0,3287200,3295200,3,b2a1f9048d162f8f7480eca16922c80d76e2da9c60908b7d1e7983f42d826f4e,6400,4136000,959
MSREG_medium_3fc0f47d7a5e59b3,MG1655,160000,166400,163200.0,medium,WIN_medium_3fc0f47d7a5e59b3,0.3999626400544375,6400,0.3999626400544375,0.14905384583552883,density,0.39743764368611667,0.40248763642275825,0,5,0,157600,167200,5,e2c6dd4092c2d2af89cd69d2cf2a426d79c72fa8030887f9f258b2f45adabeaa,6400,4140000,960
MSREG_medium_daf9a52b757557a5,MG1655,2056000,2062400,2059200.0,medium,WIN_medium_daf9a52b757557a5,0.3994860458275009,6400,0.35212362114038875,0.3994860458275009,shape,0.5019448384446946,0.32161652644575867,0,1,0,2056000,2062400,1,ec03ace01d94903e88f6a07c862732d65ffbbe7b73aa4261a64ea737c531441d,6400,4140000,961
MSREG_medium_f87315c5e7c8afb9,MG1655,2241600,2248000,2244800.0,medium,WIN_medium_f87315c5e7c8afb9,0.39935425062039576,6400,0.1791203684436608,0.39935425062039576,shape,0.42329614241095426,0.3754123588298373,0,2,0,2240800,2248000,2,4ac27ca696424e9d9c22b8141026995e998f268ed1eef0a17d6eeb38e3a5b405,6400,4140800,962
MSREG_medium_87e06f7ab8220a94,MG1655,283200,289600,286400.0,medium,WIN_medium_87e06f7ab8220a94,0.3993249736564912,6400,0.056408084118560735,0.3993249736564912,shape,0.30304528689930676,0.4956046604136756,0,7,0,280800,292000,7,86c52e3638d3e4889339789f7f3f95ab565a823ab9a67f55ab7be6ee6ff5f449,6400,4147200,963
MSREG_medium_1073bf052611a746,MG1655,185600,192000,188800.0,medium,WIN_medium_1073bf052611a746,0.39869647179673995,6400,0.39869647179673995,0.3873649742315445,density,0.39743764368611667,0.41799980260100583,0,1,0,185600,192000,1,f8c87650ee37c9ccee452261daa5720a93ee50505c19012c6b33d015882e0da1,6400,4147200,964
MSREG_medium_f0097f355cfbda33,MG1655,2294400,2300800,2297600.0,medium,WIN_medium_f0097f355cfbda33,0.39750295221870025,6400,0.06728202274791709,0.39750295221870025,shape,0.40503482543663816,0.3899710790007623,0,1,0,2294400,2300800,1,f50cfea689dcbc519dede55414136d4400ec0e1d65fd8b27e71176e055357ebf,6400,4147200,965
MSREG_medium_fd382d70cda6080f,MG1655,4620000,4626400,4623200.0,medium,WIN_medium_fd382d70cda6080f,0.39700999572787465,6400,0.23757500959717026,0.39700999572787465,shape,0.343227675458436,0.4507923159973133,0,4,0,4620000,4628800,4,d05e5822cc5343197ae8fcd32c498cddc3e3671b7e121c65f9768bd53b775e4c,6400,4150400,966
MSREG_medium_a951714b8ea3e204,MG1655,4599200,4605600,4602400.0,medium,WIN_medium_a951714b8ea3e204,0.39670608071542157,6400,0.21151242739230025,0.39670608071542157,shape,0.41799980260100583,0.3754123588298373,0,4,0,4597600,4606400,4,3965f57dfb1d4e7d8dd5cdb76c0826b9cd3b926ff61fd183ece517c33a0381c4,6400,4152800,967
MSREG_medium_cb6bcf84548ad1a4,MG1655,292000,298400,295200.0,medium,WIN_medium_cb6bcf84548ad1a4,0.3963448308551098,6400,0.3963448308551098,0.11176842673714099,density,0.43136376415898736,0.36132589755123223,0,7,0,289600,300800,7,71b8665ec3913912ff0b53ebc954b457295b8bf6b7d4189de05a67d2fb19ccd4,6400,4158400,968
MSREG_medium_a8d6e49ce9059d05,MG1655,2128000,2134400,2131200.0,medium,WIN_medium_a8d6e49ce9059d05,0.3961427931337944,6400,0.15553633441771267,0.3961427931337944,shape,0.34992643780713834,0.4423591484604505,0,3,0,2126400,2134400,3,1e3a765ddf04a09ebd53c977795f5fa88833c44cd0c24782a4b6b51cfc549310,6400,4160000,969
MSREG_medium_31f14254e3bda73b,MG1655,2678400,2684800,2681600.0,medium,WIN_medium_31f14254e3bda73b,0.3961427931337944,6400,0.1584807488992641,0.3961427931337944,shape,0.34992643780713834,0.4423591484604505,0,4,0,2678400,2687200,4,5585b5ec783c362a184d88965349fae1e057e3f9d0b018ca214a40e3c85d258f,6400,4163200,970
MSREG_medium_3006d5e5f8852d95,MG1655,233600,240000,236800.0,medium,WIN_medium_3006d5e5f8852d95,0.3949918841671473,6400,0.3949918841671473,0.14348577981472127,density,0.4286578707830624,0.36132589755123223,0,2,0,233600,240800,2,728e4700cc25a68e91e59fa37d954534985be95e33816fe20259e6b06690e516,6400,4164000,971
MSREG_medium_28516c71ba39772d,MG1655,3492000,3498400,3495200.0,medium,WIN_medium_28516c71ba39772d,0.3947624325637596,6400,0.21552799832515424,0.3947624325637596,shape,0.3301323773682883,0.45939248775923086,0,4,0,3492000,3500800,4,50c0b5864ed5b53210307d59f45d75da132bdc9bfea22e59cfdb2d9d8dbd5851,6400,4167200,972
MSREG_medium_2d8bce9ee3b4b23f,MG1655,2495200,2501600,2498400.0,medium,WIN_medium_2d8bce9ee3b4b23f,0.39373289018023433,6400,0.39373289018023433,0.2949174217243389,density,0.3875104804531055,0.39995529990736317,0,7,0,2492800,2504000,7,02f22907057e85cf06b432316042ce3c9b56f393ac5abc98d7d6a7cf40494b8b,6400,4172800,973
MSREG_medium_3f3a3947f3c68a7c,MG1655,3650400,3656800,3653600.0,medium,WIN_medium_3f3a3947f3c68a7c,0.3919853025990008,6400,0.3919853025990008,0.018488473484973428,density,0.4451520486446206,0.338818556553381,0,4,0,3648000,3656800,4,a5718bed9d316d4604bba34fde2f4242ad55809448a2d8bc66300a54b5ecae5e,6400,4176000,974
MSREG_medium_e88cd0e2216a645e,MG1655,402400,408800,405600.0,medium,WIN_medium_e88cd0e2216a645e,0.39160356108676597,6400,0.39160356108676597,0.35396877465700793,density,0.3778051719457276,0.41017446508904926,0,2,0,402400,409600,2,d3e631153cb7da985e832e0ab9b81eccd862a96ddabc88a6dfd41364bf2ac495,6400,4176800,975
MSREG_medium_982ce62de0826100,MG1655,3161600,3168000,3164800.0,medium,WIN_medium_982ce62de0826100,0.3913494390671821,6400,0.2913094366400898,0.3913494390671821,shape,0.42596873227228116,0.3567301458620831,0,4,0,3159200,3168000,4,f6492d1bca22c3e37724eaf2eb3bee384429f573922b1ec253bcf36a5c868c09,6400,4180000,976
MSREG_medium_fc6be38050c4c1c5,MG1655,1652000,1658400,1655200.0,medium,WIN_medium_fc6be38050c4c1c5,0.3905396470396135,6400,0.17689910332855785,0.3905396470396135,shape,0.36831201841189826,0.4127672756673288,0,6,0,1649600,1660000,6,0a0ea54f3fcd21137251d97ef591af662e61f1653a5210edacfff365deca9c80,6400,4184800,977
MSREG_medium_afcb987b8de0e0b6,MG1655,208800,215200,212000.0,medium,WIN_medium_afcb987b8de0e0b6,0.3891314830033071,6400,0.21967681916036264,0.3891314830033071,shape,0.40759704220123855,0.3706659238053756,0,4,0,206400,215200,4,1b6085f0204d94121d2801bfa78c840ae42f2441cbbbfe24b63f9a77617c88f5,6400,4188000,978
MSREG_medium_628f1e5ed3018205,MG1655,2957600,2964000,2960800.0,medium,WIN_medium_628f1e5ed3018205,0.38904770167336866,6400,0.16449212907206373,0.38904770167336866,shape,0.44796302597844906,0.3301323773682883,0,1,0,2957600,2964000,1,0c59ba66ff6164f677dfe8605210ae69ac1ff3b32c8f536967b6b982d11b42bf,6400,4188000,979
MSREG_medium_7407e180087f95f2,MG1655,1965600,1972000,1968800.0,medium,WIN_medium_7407e180087f95f2,0.38882444269886135,6400,0.24017933252270346,0.38882444269886135,shape,0.38021124171160603,0.39743764368611667,0,1,0,1965600,1972000,1,5a706d42bdade062a5287541cac1aa9ca06e62954c5d2dec7695fcdc84639ca0,6400,4188000,980
MSREG_medium_aeea66f052e5f780,MG1655,28800,35200,32000.0,medium,WIN_medium_aeea66f052e5f780,0.3886571489764483,6400,0.20015306578109926,0.3886571489764483,shape,0.43408662249446056,0.343227675458436,0,6,0,27200,37600,6,ee812c713cabe3fd100853d245fa476506e0263d1095c55bf4bad5efccce3d15,6400,4192800,981
MSREG_medium_7472246bca82dec3,MG1655,4515200,4521600,4518400.0,medium,WIN_medium_7472246bca82dec3,0.3879753674400741,6400,0.26075086520497515,0.3879753674400741,shape,0.44796302597844906,0.3279877089016992,0,3,0,4513600,4521600,3,a995711c505711533d87ffd7133af20027e2c669637a9d02c68e8378a4b9e0cd,6400,4194400,982
MSREG_medium_8a3f95e44455dea9,MG1655,3060800,3067200,3064000.0,medium,WIN_medium_8a3f95e44455dea9,0.3867839223991172,6400,0.16943466640978833,0.3867839223991172,shape,0.40759704220123855,0.36597080259699577,0,3,0,3060000,3068000,3,01750e7384935e3a43befee97a2f23cc3c84e4c243683f25f11c1b63e056a4e4,6400,4196000,983
MSREG_medium_bf5936938c052699,MG1655,1448800,1455200,1452000.0,medium,WIN_medium_bf5936938c052699,0.38657678011406693,6400,0.01534769184115457,0.38657678011406693,shape,0.19457466474969443,0.5785788954784394,0,2,0,1448800,1456000,2,6a3716616ab90e9dc658422d6a8f59d3e457f386ece4af0c694006b697dcae3c,6400,4196800,984
MSREG_medium_676537e694b7522a,MG1655,1857600,1864000,1860800.0,medium,WIN_medium_676537e694b7522a,0.38657678011406693,6400,0.38657678011406693,0.27499913144410076,density,0.40248763642275825,0.3706659238053756,0,1,0,1857600,1864000,1,e6d2059a2d1fba3ece98b50d8ce7d206b15b1961f5a1d7287ec2e72ae60f1c21,6400,4196800,985
MSREG_medium_7ee3807c2f0b2d93,MG1655,2612800,2619200,2616000.0,medium,WIN_medium_7ee3807c2f0b2d93,0.38523515038529965,6400,0.31558118651613476,0.38523515038529965,shape,0.39743764368611667,0.37303265708448263,0,6,0,2611200,2621600,6,ec2f667e4a413d7fb5a0efed5dc52cf8d03f07853d12d19fefb66f78605bef72,6400,4201600,986
MSREG_medium_f8a10ca3b74067f4,MG1655,4355200,4361600,4358400.0,medium,WIN_medium_f8a10ca3b74067f4,0.3850911603561842,6400,0.3850911603561842,0.11725713379462824,density,0.41799980260100583,0.35218251811136253,0,1,0,4355200,4361600,1,ea354e12a79aa22e811b2f3a9edbfbe5e2821efea6736e1aa872f7716cf88481,6400,4201600,987
MSREG_medium_4c2ae19822164e3f,MG1655,3001600,3008000,3004800.0,medium,WIN_medium_4c2ae19822164e3f,0.3840517837457461,6400,0.3840517837457461,0.09704706482023637,density,0.39743764368611667,0.3706659238053756,0,3,0,3001600,3009600,3,0b13cab69a8fee00512e17cfac455b5a8de1f66d00c1f96ec562c7470997b922,6400,4203200,988
MSREG_medium_9b99d597c2824984,MG1655,3519200,3525600,3522400.0,medium,WIN_medium_9b99d597c2824984,0.3840517837457461,6400,0.2481085102730069,0.3840517837457461,shape,0.3706659238053756,0.39743764368611667,0,4,0,3519200,3528000,4,20e3ebdfcc300dff671f5e27566f0f4f625c5206402b3f9a3d19d9331172c915,6400,4205600,989
MSREG_medium_46dbe7bd868822b9,MG1655,4148800,4155200,4152000.0,medium,WIN_medium_46dbe7bd868822b9,0.3838881254732449,6400,0.3838881254732449,0.18529471973171882,density,0.3778051719457276,0.3899710790007623,0,7,0,4146400,4157600,7,9728fc2b3420c8b463dd1e8b030b83d7eee2d3eedb342bb479f3c2741e79aa18,6400,4212000,990
MSREG_medium_62c425a5a4443975,MG1655,3355200,3361600,3358400.0,medium,WIN_medium_62c425a5a4443975,0.38330949242145324,6400,0.21967681916036264,0.38330949242145324,shape,0.40759704220123855,0.3590219426416679,0,4,0,3355200,3364000,4,fc737eb017c88e0cac1d3d474387d90b6e7a2685b9d9125e8a8dcc84f43f0060,6400,4215200,991
MSREG_medium_1d4a14143b1ca40e,MG1655,139200,145600,142400.0,medium,WIN_medium_1d4a14143b1ca40e,0.38287483104900744,6400,0.38287483104900744,0.1092387378185397,density,0.39743764368611667,0.36831201841189826,0,4,0,136800,145600,4,ac8d5d2c73e08620b6803011b8070a1366e106e2d7ecd088a889f4eec2dc702a,6400,4218400,992
MSREG_medium_ee1496e60aa7cfd6,MG1655,2691200,2697600,2694400.0,medium,WIN_medium_ee1496e60aa7cfd6,0.3826307158350189,6400,0.19382340762342448,0.3826307158350189,shape,0.3826307158350189,0.3826307158350189,0,7,0,2688800,2700000,7,1a10abfa09f29572beb58608ac3e815ff05e3943ca72be7dbb099fc6f47a47ed,6400,4224800,993
MSREG_medium_ea3bde622c9ff907,MG1655,1769600,1776000,1772800.0,medium,WIN_medium_ea3bde622c9ff907,0.3817987200928882,6400,0.3817987200928882,0.16926462257027047,density,0.39995529990736317,0.36364214027841313,0,4,0,1767200,1776000,4,1ab884717ebd2947a6c38d8423702182abd4b22c7298ce1b686688c10668303d,6400,4227200,994
MSREG_medium_2a3f339b53967d20,MG1655,2695200,2701600,2698400.0,medium,WIN_medium_2a3f339b53967d20,0.3811784916002059,6400,0.25256754253726227,0.3811784916002059,shape,0.35218251811136253,0.41017446508904926,0,2,0,2694400,2701600,2,d6207b5c5e153ab14aca424c03ec25e9cbf28454c46d35daddfa8f44027f987e,6400,4228000,995
MSREG_medium_f1e65070fa36a791,MG1655,256800,263200,260000.0,medium,WIN_medium_f1e65070fa36a791,0.3805398919822649,6400,0.3805398919822649,0.06669592997389165,density,0.39743764368611667,0.36364214027841313,0,7,0,254400,265600,7,d82d8df87c9478080b415e272ccf9e84fde4d8231e261c96fec583026e557f67,6400,4233600,996
MSREG_medium_2def998ef45d9dec,MG1655,3135200,3141600,3138400.0,medium,WIN_medium_2def998ef45d9dec,0.3802179438903732,6400,0.1883257154726929,0.3802179438903732,shape,0.3826307158350189,0.3778051719457276,0,2,0,3135200,3142400,2,e1f8cff7fe0cac99999b257c026e1cfa2fd7fe40c46bf23e60a19461b5ce993e,6400,4234400,997
MSREG_medium_bd69831bec86a22e,MG1655,2048800,2055200,2052000.0,medium,WIN_medium_bd69831bec86a22e,0.3797760432105247,6400,0.14423280145488387,0.3797760432105247,shape,0.30304528689930676,0.45650679952174267,0,2,0,2048800,2056000,2,288685d554559a6bb5280d80a77d0d6f412c0e3da591f38a6557e15871412ee9,6400,4235200,998
MSREG_medium_542640ea83f87fad,MG1655,2896800,2903200,2900000.0,medium,WIN_medium_542640ea83f87fad,0.3790215373324281,6400,0.157654300525632,0.3790215373324281,shape,0.3826307158350189,0.3754123588298373,0,4,0,2896800,2905600,4,e2a746d2ba9a1a062ad6eb593910310c199bd814fbdff8928a52ebbebbc70a28,6400,4238400,999
MSREG_medium_e5c3e6fa9ce6b08c,MG1655,2842400,2848800,2845600.0,medium,WIN_medium_e5c3e6fa9ce6b08c,0.3789282409868676,6400,0.04331267096434489,0.3789282409868676,shape,0.34768201688468603,0.41017446508904926,0,7,0,2840000,2851200,7,02b68fdc134da37525b7495b7e677b055ce72ac96d75a16b120f773f9a4d19aa,6400,4243200,1000
MSREG_medium_963ee24364749442,MG1655,2075200,2081600,2078400.0,medium,WIN_medium_963ee24364749442,0.3789282409868676,6400,0.22643681224159415,0.3789282409868676,shape,0.34768201688468603,0.41017446508904926,0,3,0,2073600,2081600,3,672e321571e8421d649988c2a9df68e7fc93d03c7b7b7802f039c5479a7ac93a,6400,4244800,1001
MSREG_medium_36869fb98f632bf7,MG1655,1198400,1204800,1201600.0,medium,WIN_medium_36869fb98f632bf7,0.37779191590268874,6400,0.22312152279208758,0.37779191590268874,shape,0.42329614241095426,0.3322876893944232,0,4,0,1198400,1207200,4,4b3893415a83b82b1ef8772792bda732b37d13724633eb83187e6607b905a65b,6400,4247200,1002
MSREG_medium_db9a5bb42c582313,MG1655,1068800,1075200,1072000.0,medium,WIN_medium_db9a5bb42c582313,0.37581918604033515,6400,0.01691303314549438,0.37581918604033515,shape,0.2025144559405064,0.5491239161401639,0,6,0,1066400,1076800,6,98bc202699669ef7138b3564d87d8bd3602670fbf5f8902b4e6997501d537ad6,6400,4252000,1003
MSREG_medium_9b1ad1fc6273b533,MG1655,1020800,1027200,1024000.0,medium,WIN_medium_9b1ad1fc6273b533,0.37543858275849085,6400,0.37543858275849085,0.21658224306774024,density,0.38021124171160603,0.3706659238053756,0,3,0,1020800,1028800,3,16bf58f81b1c5d19a760e66403cf2d239c03f28c88fe7c058bf82d92671510aa,6400,4253600,1004
MSREG_medium_67ea33c605bc8107,MG1655,1077600,1084000,1080800.0,medium,WIN_medium_67ea33c605bc8107,0.3752419804445161,6400,0.01691303314549438,0.3752419804445161,shape,0.40503482543663816,0.3454491354523941,0,2,0,1076800,1084000,2,ed8d5eb11f8c6d0487f39b1a857995496bf8a9dc374de32cba16149b5d4bd262,6400,4254400,1005
MSREG_medium_83e593656cd9b989,MG1655,374400,380800,377600.0,medium,WIN_medium_83e593656cd9b989,0.3738186583960246,6400,0.04442056745412484,0.3738186583960246,shape,0.34768201688468603,0.39995529990736317,0,7,0,372000,383200,7,106dc62400fde8c2b1055c705416efd20171bd9eae436783d6c1e653e90bf1ae,6400,4260800,1006
MSREG_medium_a184e35bbbaef658,MG1655,2900000,2906400,2903200.0,medium,WIN_medium_a184e35bbbaef658,0.3719266909950096,6400,0.3719266909950096,0.1263332649668562,density,0.38021124171160603,0.36364214027841313,0,3,0,2900000,2908000,3,3ce4e0148b13c2a4c7c8af333d1bf08a5e7ec9e546c4b2903a40948460f6d58e,6400,4262400,1007
MSREG_medium_2a237e2a81f03490,MG1655,741600,748000,744800.0,medium,WIN_medium_2a237e2a81f03490,0.37033265957227635,6400,0.2813072950631022,0.37033265957227635,shape,0.343227675458436,0.39743764368611667,0,6,0,739200,749600,6,b8fa88d5b3330fdf76c0ce433569f25c734671698423d77cd99f366e325c28af,6400,4267200,1008
MSREG_medium_d8a5d5667e371fd5,MG1655,2722400,2728800,2725600.0,medium,WIN_medium_d8a5d5667e371fd5,0.3700638575066518,6400,0.3700638575066518,0.00863063483102461,density,0.3924456981286176,0.34768201688468603,0,4,0,2722400,2731200,4,07a17914b643e818c44191f30367bc5d02f8f3cee5c355adfcb8f43adc600c82,6400,4270400,1009
MSREG_medium_abc2afd5f22a2024,MG1655,3477600,3484000,3480800.0,medium,WIN_medium_abc2afd5f22a2024,0.3695655347484799,6400,0.3695655347484799,0.2364866368414562,density,0.36132589755123223,0.3778051719457276,0,2,0,3477600,3484800,2,5200dd89369d6eb4e368d92c559622f25472ff046913242373c609bf0109a347,6400,4271200,1010
MSREG_medium_2cf12c88fdad3adf,MG1655,4623200,4629600,4626400.0,medium,WIN_medium_2cf12c88fdad3adf,0.36841355729369774,6400,0.20737616440930534,0.36841355729369774,shape,0.3778051719457276,0.3590219426416679,0,2,0,4623200,4630400,2,18ff805f0c8eafc516ad2565fde3328e755951be3a8530ce28a9b9acb31f40fe,6400,4272000,1011
MSREG_medium_527162098b737e0f,MG1655,4123200,4129600,4126400.0,medium,WIN_medium_527162098b737e0f,0.36715403204189434,6400,0.36715403204189434,0.35952708506593767,density,0.3706659238053756,0.39743764368611667,0,4,0,4123200,4132000,4,207a4469c7db33cc41761c75912fc43301a023b5b224cbabf4797bffff2285af,6400,4274400,1012
MSREG_medium_79a46d897ad73f1f,MG1655,559200,565600,562400.0,medium,WIN_medium_79a46d897ad73f1f,0.36672531079512594,6400,0.231547180813246,0.36672531079512594,shape,0.40759704220123855,0.3258535793890133,0,7,0,556800,568000,7,62cc8d45cbfc2070cf0a8b8fd22773f263ac252b23d7105629653fffb30b8ee6,6400,4280800,1013
MSREG_medium_0f7aee4b9b6f7aaf,MG1655,2795200,2801600,2798400.0,medium,WIN_medium_0f7aee4b9b6f7aaf,0.3663100068955233,6400,0.3663100068955233,0.19074325327101524,density,0.40248763642275825,0.3301323773682883,0,5,0,2794400,2804000,5,54a3ff46bbc9bfa982f22c8b2b6d58fad3f08cd1660672fb3fe0aff483d800c6,6400,4284800,1014
MSREG_medium_a72acd5b4164544b,MG1655,2617600,2624000,2620800.0,medium,WIN_medium_a72acd5b4164544b,0.36504383863782575,6400,0.2164182631510094,0.36504383863782575,shape,0.39995529990736317,0.3301323773682883,0,3,0,2616000,2624000,3,910ed074438a1add5fa9ea363f8a7fd1f1eb834ed13112b19213ea9f35aef886,6400,4286400,1015
MSREG_medium_f95699be47507582,MG1655,4330400,4336800,4333600.0,medium,WIN_medium_f95699be47507582,0.36499384502854504,6400,0.36499384502854504,0.20994634420046865,density,0.3778051719457276,0.35218251811136253,0,1,0,4330400,4336800,1,1fe70d95d1438e57261c73490774f540998343f8cffa10669a829f58a24e07fa,6400,4286400,1016
MSREG_medium_5b48cab00d143d70,MG1655,2426400,2432800,2429600.0,medium,WIN_medium_5b48cab00d143d70,0.3648439332235218,6400,0.2862160005339115,0.3648439332235218,shape,0.31951340135799433,0.41017446508904926,0,1,0,2426400,2432800,1,bc5653d3df150cb926dc058e7a5111ea7be9666df7836893ddc05e1fa9bbbea2,6400,4286400,1017
MSREG_medium_f7339419c5aac6cc,MG1655,2630400,2636800,2633600.0,medium,WIN_medium_f7339419c5aac6cc,0.36378501052720247,6400,0.2645574843575339,0.36378501052720247,shape,0.3301323773682883,0.39743764368611667,0,1,0,2630400,2636800,1,f4e21e627011e595a07df8ebce17247a3ec7748faf4029e69bfabf6e367d9051,6400,4286400,1018
MSREG_medium_e896eb82ec8b3a66,MG1655,4612800,4619200,4616000.0,medium,WIN_medium_e896eb82ec8b3a66,0.3626693983184878,6400,0.2163741358610992,0.3626693983184878,shape,0.3754123588298373,0.34992643780713834,0,2,0,4612800,4620000,2,61cbabccf328e5ffce1f597ecfbb8a1a376bdf28daf3f0d2af03e9da9d6b9519,6400,4287200,1019
MSREG_medium_4ec63a8732dfe572,MG1655,4099200,4105600,4102400.0,medium,WIN_medium_4ec63a8732dfe572,0.35673616110442624,6400,0.35673616110442624,0.3377576824264296,density,0.3590219426416679,0.35445037956718456,0,1,0,4099200,4105600,1,d8ac1d403b43852fb88f6cbfd8628db76f812cce6ac125f3b247ac7306f17436,6400,4287200,1020
MSREG_medium_d3708353662e13da,MG1655,3099200,3105600,3102400.0,medium,WIN_medium_d3708353662e13da,0.3563815466016536,6400,0.22555062348361754,0.3563815466016536,shape,0.3826307158350189,0.3301323773682883,0,5,0,3098400,3108000,5,04d59282f4f0bc2d31a8affd3d9b75e03b413ec643aff3c292b97fbfe37aa594,6400,4291200,1021
MSREG_medium_848e49ad28259c83,MG1655,4170400,4176800,4173600.0,medium,WIN_medium_848e49ad28259c83,0.35535104788355476,6400,0.35535104788355476,0.010171295853238229,density,0.39743764368611667,0.31326445208099285,0,4,0,4168000,4176800,4,74b5770f5d215398d5ef9572625864a8c8948e72f5fecb896f805860b750806b,6400,4294400,1022
MSREG_medium_9c0d59fa4ffe3354,MG1655,3014400,3020800,3017600.0,medium,WIN_medium_9c0d59fa4ffe3354,0.35450395721795913,6400,0.35450395721795913,0.0870947631081069,density,0.36132589755123223,0.34768201688468603,0,2,0,3014400,3021600,2,b5993aff5560b4a9cd92b2755bae6803ace144e424bae8954d6aa1617c356087,6400,4295200,1023
MSREG_medium_9a52877432ba79a7,MG1655,1891200,1897600,1894400.0,medium,WIN_medium_9a52877432ba79a7,0.35396877465700793,6400,0.25528758529644047,0.35396877465700793,shape,0.3301323773682883,0.3778051719457276,0,1,0,1891200,1897600,1,5162fbde72c3a63db9e4734b896f3c6d7dd892603d9a7bf86766fa48aa0a24c3,6400,4295200,1024
MSREG_medium_83821ec44f3e947a,MG1655,2308000,2314400,2311200.0,medium,WIN_medium_83821ec44f3e947a,0.3522767865048341,6400,0.3522767865048341,0.11748087338191632,density,0.36132589755123223,0.343227675458436,0,1,0,2308000,2314400,1,d472caacd781f5a58be51814a007e141e08afc89197187311481f601d7a833bd,6400,4295200,1025
MSREG_medium_56a3b959a2c86bf8,MG1655,205600,212000,208800.0,medium,WIN_medium_56a3b959a2c86bf8,0.35158251722638545,6400,0.21969601958841808,0.35158251722638545,shape,0.37303265708448263,0.3301323773682883,0,2,0,204800,212000,2,b978c6eb2f4a82f9d2bc154376ab47005828d27cde01b3a02c348744254272ba,6400,4296000,1026
MSREG_medium_0bc33205bfea843f,MG1655,1087200,1093600,1090400.0,medium,WIN_medium_0bc33205bfea843f,0.3506329691094253,6400,0.3506329691094253,0.2289435663809569,density,0.3754123588298373,0.3258535793890133,0,7,0,1084800,1096000,7,8e336f228a511ba7978f749aa15577221701c81a3ac8ef04e9fa1b6e0cdc6046,6400,4302400,1027
MSREG_medium_55cf7c8142f3967e,MG1655,680000,686400,683200.0,medium,WIN_medium_55cf7c8142f3967e,0.34865928665186097,6400,0.13787681869681495,0.34865928665186097,shape,0.3778051719457276,0.31951340135799433,0,4,0,680000,688800,4,ec15a183bbb219522025f0589c87b0f64f160e2979583a8fa7ca8fc790a27c7f,6400,4305600,1028
MSREG_medium_04d40c73c61bcc17,MG1655,4523200,4529600,4526400.0,medium,WIN_medium_04d40c73c61bcc17,0.34825975159719447,6400,0.2009882316004002,0.34825975159719447,shape,0.3258535793890133,0.3706659238053756,0,3,0,4521600,4529600,3,517c2e03ea1a8d666260bc866ed403e5825ae669c35b6281ba08949e6f9e4d7e,6400,4307200,1029
MSREG_medium_ce5da6c5addf619f,MG1655,3676000,3682400,3679200.0,medium,WIN_medium_ce5da6c5addf619f,0.3467378468962994,6400,0.3467378468962994,0.2243931666498573,density,0.3590219426416679,0.3344537511509309,0,3,0,3674400,3682400,3,577494ee57cf8cb4767c9023ed038c8b3844d946a376e457b1694d5367e6f4ca,6400,4308800,1030
MSREG_medium_b3667eb751c7d84c,MG1655,898400,904800,901600.0,medium,WIN_medium_b3667eb751c7d84c,0.3461412251255671,6400,0.2810779096662479,0.3461412251255671,shape,0.3706659238053756,0.32161652644575867,0,3,0,896800,904800,3,e7ba63efa6c62d6fa6de5b618193d0229e95ab560ca54ba218914c1b6b5a921a,6400,4310400,1031
MSREG_medium_438c63747bcf995f,MG1655,1694400,1700800,1697600.0,medium,WIN_medium_438c63747bcf995f,0.34550053733237174,6400,0.34550053733237174,0.3212381943313507,density,0.3454491354523941,0.35218251811136253,0,3,0,1692800,1700800,3,b1ee36d630f2db975d43a082fe43d3d09d31023938895630c80b9252e8fadd91,6400,4312000,1032
MSREG_medium_2ff8773acd31cd09,MG1655,80800,87200,84000.0,medium,WIN_medium_2ff8773acd31cd09,0.3433068251735284,6400,0.24017933252270346,0.3433068251735284,shape,0.3112012915172194,0.3754123588298373,0,2,0,80000,87200,2,828fcae00b556eb89a71663d4ee2c87b27608c04eeb0fd20a47055603701484a,6400,4312800,1033
MSREG_medium_32b7b5f0d1d58e8c,MG1655,3451200,3457600,3454400.0,medium,WIN_medium_32b7b5f0d1d58e8c,0.3424377610153406,6400,0.3424377610153406,0.1243850738540182,density,0.3590219426416679,0.3258535793890133,0,2,0,3451200,3458400,2,3d874fa0ec364abff6cc999f85e3dbdebf2ed640662088d5f6d796650c0f3791,6400,4313600,1034
MSREG_medium_7a8df07e9a946b51,MG1655,1320000,1326400,1323200.0,medium,WIN_medium_7a8df07e9a946b51,0.3411070636007808,6400,0.12965624145252308,0.3411070636007808,shape,0.3322876893944232,0.34992643780713834,0,2,0,1319200,1326400,2,3db49caafa763fe33a0c41fbca8ddce2f8701f2e626f355a095028eb946e6df4,6400,4314400,1035
MSREG_medium_e8f09562dee0d3ee,MG1655,3384000,3390400,3387200.0,medium,WIN_medium_e8f09562dee0d3ee,0.3403694361948331,6400,0.2507729270255403,0.3403694361948331,shape,0.39743764368611667,0.28330122870354957,0,6,0,3382400,3392800,6,515a5f21512e1bbf062b340f6c753cb9abb5a08150bb02655f631efa78e922e1,6400,4318400,1036
MSREG_medium_f99a087fd2c13e75,MG1655,812000,818400,815200.0,medium,WIN_medium_f99a087fd2c13e75,0.3398289845226631,6400,0.21967681916036264,0.3398289845226631,shape,0.3826307158350189,0.29702725321030726,0,4,0,812000,820800,4,436ab1d249a12450fbd50150a2f5270758caedc989f8595ad28fc86acd035bb1,6400,4320800,1037
MSREG_medium_88fa501319bdb4a8,MG1655,135200,141600,138400.0,medium,WIN_medium_88fa501319bdb4a8,0.3389071971264872,6400,0.1799102712769576,0.3389071971264872,shape,0.34768201688468603,0.3301323773682883,0,4,0,133600,142400,4,604360bff09e817c54a83c009a8042f71194c9aac53b8e509c2a03456fb4cbfe,6400,4323200,1038
MSREG_medium_8c336eb37e851e64,MG1655,1585600,1592000,1588800.0,medium,WIN_medium_8c336eb37e851e64,0.33614319736133036,6400,0.33614319736133036,0.12360038583603775,density,0.3590219426416679,0.31326445208099285,0,2,0,1585600,1592800,2,84576cd6496fc2156a8c2f9bc4b85a401cd62dba0432876599fad7d78d80482b,6400,4324000,1039
MSREG_medium_33445e0dba41265f,MG1655,638400,644800,641600.0,medium,WIN_medium_33445e0dba41265f,0.3345406274237247,6400,0.3345406274237247,0.2728301878467213,density,0.3301323773682883,0.343227675458436,0,4,0,636000,644800,4,f910d8eefe3bdad3b3b5587fc471e0bd69125d3e061b7f69d27dd8143054c980,6400,4326400,1040
MSREG_medium_adc911ea7d032f23,MG1655,3692000,3698400,3695200.0,medium,WIN_medium_adc911ea7d032f23,0.3335328309490764,6400,0.3335328309490764,0.12494701093302713,density,0.32161652644575867,0.3454491354523941,0,1,0,3692000,3698400,1,39ab284755a237e47cdab0403a0febc292c513d8b9b7132f169976a60fecc423,6400,4326400,1041
MSREG_medium_ffcf44e710d8be0a,MG1655,156800,163200,160000.0,medium,WIN_medium_ffcf44e710d8be0a,0.3334031327275401,6400,0.3334031327275401,0.18530291391569165,density,0.338818556553381,0.3279877089016992,0,3,0,155200,163200,3,9553d588b3b7673bcd196428d5437754945d656652592b85169da8f8ed6763dd,6400,4328000,1042
MSREG_medium_eb440a4c40650c17,MG1655,2020000,2026400,2023200.0,medium,WIN_medium_eb440a4c40650c17,0.33252969013378186,6400,0.24112034942784705,0.33252969013378186,shape,0.2775488998144583,0.3875104804531055,0,2,0,2019200,2026400,2,5f0f22ec33b6c27a556f7a5e841c878f17edbeb8e90592148e6cb46ca101e943,6400,4328800,1043
MSREG_medium_4db5c7f4f0212c66,MG1655,3151200,3157600,3154400.0,medium,WIN_medium_4db5c7f4f0212c66,0.3323360679711972,6400,0.3323360679711972,0.15983441980686747,density,0.338818556553381,0.3258535793890133,0,1,0,3151200,3157600,1,4981c4934305e7fc406a48e923b783877e5284d914916d334b65a83f826343fe,6400,4328800,1044
MSREG_medium_862db78ee6b2fe1f,MG1655,2779200,2785600,2782400.0,medium,WIN_medium_862db78ee6b2fe1f,0.3321855922252695,6400,0.3321855922252695,0.1494749474779044,density,0.36132589755123223,0.30304528689930676,0,1,0,2779200,2785600,1,eafa630bc86613f6d3fe62f22658d90bff2adcbc040b43b37a6d717f5e8d34e1,6400,4328800,1045
MSREG_medium_f5130a60220e8722,MG1655,145600,152000,148800.0,medium,WIN_medium_f5130a60220e8722,0.33204595805369463,6400,0.33204595805369463,0.3049372486690407,density,0.3826307158350189,0.3050699734657213,0,1,0,145600,152000,1,820f3ccb234d91cd815231c75f48dfd7cad6e0e293ea2a236c53b53807081f40,6400,4328800,1046
MSREG_medium_7c15f8f331c84ee9,MG1655,1470400,1476800,1473600.0,medium,WIN_medium_7c15f8f331c84ee9,0.33077726147167946,6400,0.1930294497336085,0.33077726147167946,shape,0.35445037956718456,0.30710414337617437,0,4,0,1468000,1476800,4,27ec96d51d69eb18ca00d11e94275f5f7c72bb5c03704d6cc99b25a0d2cb2bb8,6400,4332000,1047
MSREG_medium_53c1ab284133c81f,MG1655,3300800,3307200,3304000.0,medium,WIN_medium_53c1ab284133c81f,0.33032404365529333,6400,0.2565960013089493,0.33032404365529333,shape,0.2852357284807493,0.3754123588298373,0,4,0,3298400,3307200,4,a54030f1cfc46cb86147be7979659b8333fac111e258b093423fb28eae9d8b80,6400,4334400,1048
MSREG_medium_38ceb6f5276ca889,MG1655,1217600,1224000,1220800.0,medium,WIN_medium_38ceb6f5276ca889,0.3297017457708498,6400,0.3019441440828038,0.3297017457708498,shape,0.3301323773682883,0.36831201841189826,0,1,0,1217600,1224000,1,489ef100877ce35a353c4e0551b7164d48831746427621fc12a1ee34038bc55a,6400,4334400,1049
MSREG_medium_4a9f3abb1ae01f8a,MG1655,3184000,3190400,3187200.0,medium,WIN_medium_4a9f3abb1ae01f8a,0.3291765753807697,6400,0.3291765753807697,0.01534894061402314,density,0.36132589755123223,0.29702725321030726,0,4,0,3181600,3190400,4,b90ff60ec31c82083179ca3089940ae7729b2d1006f5add13a8193d910cba574,6400,4336800,1050
MSREG_medium_e2881b1c2bad53fc,MG1655,1730400,1736800,1733600.0,medium,WIN_medium_e2881b1c2bad53fc,0.327025541128678,6400,0.327025541128678,0.09893264439045629,density,0.33663067040520545,0.3174204118521506,0,2,0,1729600,1736800,2,7366791f3dfd8a66d4bef26bef7f74a9e4b347f91b053b7af25a547f8740ffe3,6400,4337600,1051
MSREG_medium_ce1ecf25877925f6,MG1655,4421600,4428000,4424800.0,medium,WIN_medium_ce1ecf25877925f6,0.3257388163887459,6400,0.3257388163887459,0.15364884856332983,density,0.35445037956718456,0.29702725321030726,0,1,0,4421600,4428000,1,7c4a698c6c0759f69fb0bef14bff32a7e9cff3be92433654e0b903355dc7c7ff,6400,4337600,1052
MSREG_medium_0a359a8dbfe21fff,MG1655,3168000,3174400,3171200.0,medium,WIN_medium_0a359a8dbfe21fff,0.32516590941730517,6400,0.24104618892720373,0.32516590941730517,shape,0.343227675458436,0.30710414337617437,0,2,0,3168000,3175200,2,8c6fbe2af66f714e92117ff3e6a0c0250a2ffb5c8adca18ae05f1b9b953dfa6c,6400,4338400,1053
MSREG_medium_39cb6a794c3dbdf1,MG1655,335200,341600,338400.0,medium,WIN_medium_39cb6a794c3dbdf1,0.32455301226029876,6400,0.04275233460675007,0.32455301226029876,shape,0.2516683808344808,0.39743764368611667,0,2,0,334400,341600,2,83bc4381a3f67fa3628646376220fc2af76454b9ba39010f93dabbebef5b0a38,6400,4339200,1054
MSREG_medium_2f3ed60678d666aa,MG1655,3580800,3587200,3584000.0,medium,WIN_medium_2f3ed60678d666aa,0.3242523906589918,6400,0.3242523906589918,0.06552846887707078,density,0.36132589755123223,0.2871788837667514,0,6,0,3579200,3589600,6,8bad7952220b38f09ea9a589d4401142cf5f346148ec56ae4ed0d4ad0066f948,6400,4344000,1055
MSREG_medium_acc9009709bd8f45,MG1655,1061600,1068000,1064800.0,medium,WIN_medium_acc9009709bd8f45,0.32194426500955114,6400,0.32194426500955114,0.15396780928796294,density,0.338818556553381,0.3050699734657213,0,4,0,1061600,1070400,4,d7dc192ec8a30847c2b359047f09f098fd549f6929a13341c82520743974a777,6400,4347200,1056
MSREG_medium_68e68007ae644027,MG1655,3698400,3704800,3701600.0,medium,WIN_medium_68e68007ae644027,0.3196959163852988,6400,0.30804428001349743,0.3196959163852988,shape,0.3322876893944232,0.33663067040520545,0,1,0,3698400,3704800,1,e870a76ef7a76635677274659305a8b90f6d72033a868f6b4df748859af0fe6e,6400,4347200,1057
MSREG_medium_60bdb068479e8ba7,MG1655,3904000,3910400,3907200.0,medium,WIN_medium_60bdb068479e8ba7,0.3196401316272245,6400,0.3196401316272245,0.3112061689835768,density,0.3301323773682883,0.41017446508904926,0,1,0,3904000,3910400,1,ae65e63b21a9683ad2d422b6150bcf7f7d21faf702b3cb53e52faafe2848e351,6400,4347200,1058
MSREG_medium_8e2fa967d045d18b,MG1655,2934400,2940800,2937600.0,medium,WIN_medium_8e2fa967d045d18b,0.3195590157350031,6400,0.3195590157350031,0.22233617929247215,density,0.31326445208099285,0.3258535793890133,0,4,0,2932800,2941600,4,47df80f31b22d332774723d67a0f106614d9aa40128c1454d9ebb053d9658bef,6400,4349600,1059
MSREG_medium_52c37a89b8881e53,MG1655,2798400,2804800,2801600.0,medium,WIN_medium_52c37a89b8881e53,0.31923991613172864,6400,0.31923991613172864,0.13823498620218808,density,0.3590219426416679,0.2794578896217894,0,4,0,2798400,2807200,4,6b58fcbcc31593b27af9d1c22623b717c5c846016263ebc4bc01fcde738e9772,6400,4352800,1060
MSREG_medium_7fe7417bc1ffbec3,MG1655,2681600,2688000,2684800.0,medium,WIN_medium_7fe7417bc1ffbec3,0.3184971689200753,6400,0.3184971689200753,0.13038678943067467,density,0.31326445208099285,0.3237298857591578,0,1,0,2681600,2688000,1,f1c362d4ee0ab59dc4523e22b035a78bb327d798f7d30e018a3275a42c039809,6400,4352800,1061
MSREG_medium_3f1e6be43dc1985b,MG1655,4572000,4578400,4575200.0,medium,WIN_medium_3f1e6be43dc1985b,0.31733510355834604,6400,0.31733510355834604,0.1758479216192057,density,0.3590219426416679,0.2756482644750241,0,3,0,4572000,4580000,3,297c71ec9fd28eb3a14f14bbae80b9e81a42a039f714ae0f5b452b9114bbe2ad,6400,4354400,1062
MSREG_medium_ade58edfdf87dbf2,MG1655,850400,856800,853600.0,medium,WIN_medium_ade58edfdf87dbf2,0.31338758632923225,6400,0.31338758632923225,0.2840273378222804,density,0.3237298857591578,0.30304528689930676,0,1,0,850400,856800,1,fb2ac0e3f214f4cfed99ead1d69c231e9722b5ad8eea5b93af6225e8f626fa81,6400,4354400,1063
MSREG_medium_40d211c913cbaed7,MG1655,1503200,1509600,1506400.0,medium,WIN_medium_40d211c913cbaed7,0.3111671523199282,6400,0.2358134720881212,0.3111671523199282,shape,0.2516683808344808,0.3706659238053756,0,1,0,1503200,1509600,1,4fab95ea53b4c0e6f18cc6c9e8585a6bd6e23cf35607e096875860e22bbb4d5d,6400,4354400,1064
MSREG_medium_5251a769b551668b,MG1655,32800,39200,36000.0,medium,WIN_medium_5251a769b551668b,0.3104466056819035,6400,0.1584807488992641,0.3104466056819035,shape,0.29503963197479377,0.3258535793890133,0,2,0,32000,39200,2,6256c85e59975ba1ff72f454c29d2f8730508d7b30867d2a37b65b7009ccc037,6400,4355200,1065
MSREG_medium_553a67f9d565e819,MG1655,1264800,1271200,1268000.0,medium,WIN_medium_553a67f9d565e819,0.3103785694847325,6400,0.3103785694847325,0.10148734727969641,density,0.3237298857591578,0.29702725321030726,0,1,0,1264800,1271200,1,eae263535385191bde287157670abf2582ce2515121d08a03eded1313b412579,6400,4355200,1066
MSREG_medium_d73c5d2548f80eb5,MG1655,738400,744800,741600.0,medium,WIN_medium_d73c5d2548f80eb5,0.30957347526969303,6400,0.15707069692544007,0.30957347526969303,shape,0.41017446508904926,0.20897248545033686,0,4,0,736000,744800,4,41a7d60f9907d40dbb5fb0fd7898f90c12623f8e1b91af5562d81bd3be84b0ca,6400,4357600,1067
MSREG_medium_d767b8b47ce429bd,MG1655,4092000,4098400,4095200.0,medium,WIN_medium_d767b8b47ce429bd,0.3091527174466969,6400,0.12297426067353232,0.3091527174466969,shape,0.3112012915172194,0.30710414337617437,0,5,0,4089600,4099200,5,47639cf9c82535239d46361ee4fdff0d29197a62f87bf8064b503d14f4bc298c,6400,4361600,1068
MSREG_medium_202c8b823ac938d9,MG1655,1353600,1360000,1356800.0,medium,WIN_medium_202c8b823ac938d9,0.3074921758766434,6400,0.14838223805034084,0.3074921758766434,shape,0.3258535793890133,0.2891307723642735,0,1,0,1353600,1360000,1,0c4558d290477f1b4acfcbf035751a6afa4dc7248d49ce7b69f86a6b5ef970c3,6400,4361600,1069
MSREG_medium_a7c9d56d4bf2f958,MG1655,2177600,2184000,2180800.0,medium,WIN_medium_a7c9d56d4bf2f958,0.30710892967594094,6400,0.30710892967594094,0.17645808847097358,density,0.30914788588616066,0.3050699734657213,0,1,0,2177600,2184000,1,5454b42918f2b6754dc9acd709ec80605c099219a6b27266a6a00ae278c0ee1f,6400,4361600,1070
MSREG_medium_5eafeee626ce08f5,MG1655,1412000,1418400,1415200.0,medium,WIN_medium_5eafeee626ce08f5,0.306716803035919,6400,0.15913594702145373,0.306716803035919,shape,0.3301323773682883,0.28330122870354957,0,4,0,1412000,1420800,4,4f5e3bc8ffd57d3042ebfeba68dcc902b443d44f8f7d67dca84bc4de4e90bd26,6400,4364800,1071
MSREG_medium_13d5973bd179150b,MG1655,1436800,1443200,1440000.0,medium,WIN_medium_13d5973bd179150b,0.30635399978778,6400,0.26361130751868145,0.30635399978778,shape,0.2910914731298014,0.32161652644575867,0,4,0,1434400,1443200,4,7c103f960d24051f1e67e0faba5c10edd74e13fb07d8cd614b1f6a465273589c,6400,4368000,1072
MSREG_medium_7ae67255ea9c050a,MG1655,242400,248800,245600.0,medium,WIN_medium_7ae67255ea9c050a,0.30608705842094786,6400,0.30608705842094786,0.19840525176553386,density,0.30710414337617437,0.3050699734657213,0,4,0,240800,249600,4,8bd2efddfb37994986bd243a934143908603c609a0e13c4280c8a2c2556d879e,6400,4370400,1073
MSREG_medium_e29a52bf5a6a7542,MG1655,820800,827200,824000.0,medium,WIN_medium_e29a52bf5a6a7542,0.3054543847629546,6400,0.3054543847629546,0.11175479949138342,density,0.3237298857591578,0.2871788837667514,0,1,0,820800,827200,1,b84a1fbd8040eced1236a446fd54761669bfab6a9221f1ec0ee7c3c6dbb008ed,6400,4370400,1074
MSREG_medium_444d99e1062fd2b7,MG1655,1100800,1107200,1104000.0,medium,WIN_medium_444d99e1062fd2b7,0.30530243724389783,6400,0.24993631971101038,0.30530243724389783,shape,0.2910914731298014,0.31951340135799433,0,1,0,1100800,1107200,1,dde809bad28e6d0494ac27c77021988dae381c01357b958b0960315b40bfd702,6400,4370400,1075
MSREG_medium_8c2a48be5833401f,MG1655,371200,377600,374400.0,medium,WIN_medium_8c2a48be5833401f,0.3052787050456041,6400,0.02487054971222757,0.3052787050456041,shape,0.1569172512210687,0.45364015887013953,0,2,0,370400,377600,2,04b45085022efeb3ea3c98ced908c13472674d06665d80d6c74113bc09db8270,6400,4371200,1076
MSREG_medium_dd4d3e9c1bc923b4,MG1655,844000,850400,847200.0,medium,WIN_medium_dd4d3e9c1bc923b4,0.30408594942627165,6400,0.23409688416892427,0.30408594942627165,shape,0.30914788588616066,0.29902401296638265,0,1,0,844000,850400,1,7721b0b65c58b1942d6168d99f42ee134959b0ea19d783daf8dc660bcd470031,6400,4371200,1077
MSREG_medium_25c77022c77dc37c,MG1655,1418400,1424800,1421600.0,medium,WIN_medium_25c77022c77dc37c,0.30289032092165624,6400,0.30289032092165624,0.10474996756745711,density,0.3301323773682883,0.2756482644750241,0,7,0,1416000,1427200,7,05c456f61f9a2b44391e4d0078bac471d48546e0de3e6e024a8445459063bfee,6400,4377600,1078
MSREG_medium_ac14c7e86e3d43b1,MG1655,3608800,3615200,3612000.0,medium,WIN_medium_ac14c7e86e3d43b1,0.3011976122226332,6400,0.3011976122226332,0.16596386355060322,density,0.31326445208099285,0.2891307723642735,0,2,0,3608800,3616000,2,b571d7b70ade81b5862f0f0012201fe74a1033352ca68efb060d007338de7190,6400,4378400,1079
MSREG_medium_d3c73fab55f927a5,MG1655,568000,574400,571200.0,medium,WIN_medium_d3c73fab55f927a5,0.2997769786790946,6400,0.2997769786790946,0.21165423884705822,density,0.338818556553381,0.29702725321030726,0,7,0,565600,576800,7,3eb21a6411600c40ea2209bd244a17beb20a1d370e4685b1dfdd3f77e17b678e,6400,4384800,1080
MSREG_medium_a69c594d3f414146,MG1655,491200,497600,494400.0,medium,WIN_medium_a69c594d3f414146,0.2992916402840501,6400,0.27188804513195863,0.2992916402840501,shape,0.37303265708448263,0.2756482644750241,0,1,0,491200,497600,1,64a9da970d66ef2b7c7f6bffc8961c18a5e7b37ba556754cf1f62c2e880146e2,6400,4384800,1081
MSREG_medium_e6cd1cc850dbd155,MG1655,544000,550400,547200.0,medium,WIN_medium_e6cd1cc850dbd155,0.29886267315589055,6400,0.02323275433193753,0.29886267315589055,shape,0.3258535793890133,0.2718717669227678,0,2,0,544000,551200,2,d0e5f23837af3a061414488474ef468f1576399a1b1f6febaff849d8d3b1e332,6400,4385600,1082
MSREG_medium_451dda23f1b799b9,MG1655,2519200,2525600,2522400.0,medium,WIN_medium_451dda23f1b799b9,0.29768621862153893,6400,0.29768621862153893,0.11046990082551164,density,0.32161652644575867,0.2737559107973192,0,4,0,2519200,2528000,4,5840965c8321993345ba455cd82a6ec0d825fcc9ab22f70529001e968360d134,6400,4388800,1083
MSREG_medium_48425d432e51adab,MG1655,1975200,1981600,1978400.0,medium,WIN_medium_48425d432e51adab,0.2972741309557321,6400,0.2972741309557321,0.0690498526553699,density,0.3301323773682883,0.2644158845431758,0,4,0,1975200,1984000,4,a3e02db9fcbd9d1be3f5c03ccd4c04d5459757dcc702dd0e63138e613d42a6fa,6400,4391200,1084
MSREG_medium_e06607123091741e,MG1655,68000,74400,71200.0,medium,WIN_medium_e06607123091741e,0.2970455308283435,6400,0.16130661013025813,0.2970455308283435,shape,0.338818556553381,0.25527250510330607,0,4,0,68000,76800,4,8cfeb157f56688f3de5b7db580065d8c4ee2319d7bea7619d99f9ecc65f78cc8,6400,4393600,1085
MSREG_medium_c380699b1c33dad6,MG1655,3358400,3364800,3361600.0,medium,WIN_medium_c380699b1c33dad6,0.2962245572948551,6400,0.2962245572948551,0.2017323254035141,density,0.30914788588616066,0.28330122870354957,0,4,0,3358400,3367200,4,1e9828e766c956eecf98fe56dee3f8dcd64aad6bdc489f780d87ae777ea215f9,6400,4396800,1086
MSREG_medium_8fed14595c8a5940,MG1655,1366400,1372800,1369600.0,medium,WIN_medium_8fed14595c8a5940,0.2953295905695044,6400,0.2953295905695044,0.1495398048882669,density,0.3112012915172194,0.2794578896217894,0,5,0,1364800,1374400,5,aaddbce74ccb86562619197ea9a9c9f1cb0dfaf5d84f919c19fda78729f8457e,6400,4400000,1087
MSREG_medium_0ee5da8b10f8587e,MG1655,2552000,2558400,2555200.0,medium,WIN_medium_0ee5da8b10f8587e,0.2951528509732353,6400,0.2951528509732353,0.14482819405127123,density,0.2852357284807493,0.3050699734657213,0,2,0,2552000,2559200,2,32e84be79f018237014535ab816dfda4568907933648628c8ae81cb877bdc50e,6400,4400800,1088
MSREG_medium_833623bafc302c70,MG1655,2452800,2459200,2456000.0,medium,WIN_medium_833623bafc302c70,0.29334839285030945,6400,0.1844823011395474,0.29334839285030945,shape,0.30914788588616066,0.2775488998144583,0,3,0,2452800,2460800,3,f09255edbcccae1d72fff84d36e779412cee2edcaa98ddb85d49cdc67b8c1d97,6400,4402400,1089
MSREG_medium_21da56a32708c566,MG1655,2587200,2593600,2590400.0,medium,WIN_medium_21da56a32708c566,0.2930655525522976,6400,0.2930655525522976,0.1883506445205427,density,0.2910914731298014,0.29503963197479377,0,1,0,2587200,2593600,1,94da14a1d456e7c0827f6a6e2edcb9dc18554d0e06a7d9b93a5a7f8e2a5e2337,6400,4402400,1090
MSREG_medium_7a95d4776f72121d,MG1655,4153600,4160000,4156800.0,medium,WIN_medium_7a95d4776f72121d,0.29277411882052184,6400,0.2663670551708993,0.29277411882052184,shape,0.3174204118521506,0.2756482644750241,0,3,0,4152000,4160000,3,09008682f313990488f079ad6e2ba41a97af890de80596a15838ca41d1aa6f7f,6400,4404000,1091
MSREG_medium_c477b8e237181ac2,MG1655,4311200,4317600,4314400.0,medium,WIN_medium_c477b8e237181ac2,0.2911403846728503,6400,0.1906648466115782,0.2911403846728503,shape,0.3567301458620831,0.22555062348361754,0,5,0,4308800,4318400,5,81a8546f5a0afab9e081edb443e18074e13803a41d6a1acd41a4afd773b2cce4,6400,4408000,1092
MSREG_medium_8b1755b20e6e6555,MG1655,4086400,4092800,4089600.0,medium,WIN_medium_8b1755b20e6e6555,0.28934677568716544,6400,0.28934677568716544,0.2516683808344808,density,0.30304528689930676,0.2756482644750241,0,4,0,4086400,4095200,4,03ed4b8c39b97b64eb985a8b4e19744f2fba98d65e05d47e0826f5555796703d,6400,4410400,1093
MSREG_medium_cc95dab93ae0c052,MG1655,4529600,4536000,4532800.0,medium,WIN_medium_cc95dab93ae0c052,0.28652052441165954,6400,0.28652052441165954,0.2363933048517406,density,0.30304528689930676,0.2718717669227678,0,2,0,4529600,4536800,2,b95b7d8a5cf55b0621eb4ad582429d49fd8e64fe93369732c7f51e9b24511d54,6400,4411200,1094
MSREG_medium_54c9e8863a884fc8,MG1655,274400,280800,277600.0,medium,WIN_medium_54c9e8863a884fc8,0.28562990775988606,6400,0.013788594444246838,0.28562990775988606,shape,0.21223787287810425,0.3590219426416679,0,7,0,272000,283200,7,2a24f66eed5c405f831ef0e2b499203da8ce6c967fee7f021e3489ed93de60f9,6400,4417600,1095
MSREG_medium_a350c2789d6b4b82,MG1655,4190400,4196800,4193600.0,medium,WIN_medium_a350c2789d6b4b82,0.2852400562351505,6400,0.2852400562351505,0.16856301536555146,density,0.28330122870354957,0.2871788837667514,0,4,0,4189600,4198400,4,1f80d78e4a6a58a85c2aa003479c476650e9f34b5997eb11e4e06c617b85435d,6400,4420000,1096
MSREG_medium_8d450fe914c18d41,MG1655,3754400,3760800,3757600.0,medium,WIN_medium_8d450fe914c18d41,0.28432018647212987,6400,0.18913598802015816,0.28432018647212987,shape,0.2910914731298014,0.2775488998144583,0,1,0,3754400,3760800,1,9e727359014d92f87260c5a020a53e75d686097590ada2608013b32ba6ba8d28,6400,4420000,1097
MSREG_medium_17c7f83acae43303,MG1655,4504000,4510400,4507200.0,medium,WIN_medium_17c7f83acae43303,0.2830825830786458,6400,0.2830825830786458,0.028661128023955443,density,0.32161652644575867,0.24454863971153298,0,4,0,4504000,4512800,4,3b3f8ae8121fd88f22f8b0a23f6c7036d801b3ea74e8bc76b395f3d9e50b7d84,6400,4423200,1098
MSREG_medium_f9da66ffe164eaa4,MG1655,4279200,4285600,4282400.0,medium,WIN_medium_f9da66ffe164eaa4,0.282645951185576,6400,0.282645951185576,0.1098997649376873,density,0.29902401296638265,0.2662678894047693,0,1,0,4279200,4285600,1,617271cfb28c8f0bcaa1e5edd19e840fcb9ebb6c94fc389eb399b0b7c4613f31,6400,4423200,1099
MSREG_medium_5b281402c4334ce8,MG1655,280000,286400,283200.0,medium,WIN_medium_5b281402c4334ce8,0.2810906469444115,6400,0.050617147843653156,0.2810906469444115,shape,0.22555062348361754,0.33663067040520545,0,4,0,277600,286400,4,c98be3afaed6d69d2a13be8db972b5b4cfebb3b37f322d2c129f5a25d8b862b8,6400,4425600,1100
MSREG_medium_7c782601d605341a,MG1655,1537600,1544000,1540800.0,medium,WIN_medium_7c782601d605341a,0.2765071044553785,6400,0.01639041618816937,0.2765071044553785,shape,0.17760185008091975,0.3754123588298373,0,6,0,1536000,1546400,6,843663a90f8423ccd12e8a7d7d8ec4797f15db98aeec415a63da7945212ae4c8,6400,4430400,1101
MSREG_medium_9da953213b7f6890,MG1655,350400,356800,353600.0,medium,WIN_medium_9da953213b7f6890,0.27644891143856193,6400,0.022732186851531465,0.27644891143856193,shape,0.14272335778807457,0.41017446508904926,0,5,0,348000,357600,5,17a93b6c953cfbe311b2cefe7e248af058a5664b77eeab22a34297091aa9f4a0,6400,4434400,1102
MSREG_medium_9f3e0ed713385ed6,MG1655,2522400,2528800,2525600.0,medium,WIN_medium_9f3e0ed713385ed6,0.27627442590008433,6400,0.25617917548504027,0.27627442590008433,shape,0.31326445208099285,0.25708584586677447,0,1,0,2522400,2528800,1,0b94c75d9ea7a7b1da82f077d3ed3f312eb68b8b23b6d99a3d290def8efdff9b,6400,4434400,1103
MSREG_medium_06e9b8685c7c44df,MG1655,1002400,1008800,1005600.0,medium,WIN_medium_06e9b8685c7c44df,0.27614987915680667,6400,0.1930294497336085,0.27614987915680667,shape,0.25527250510330607,0.29702725321030726,0,4,0,1002400,1011200,4,11a0997247ea188aa842e9a0679b4e90310ac3dc3f1cb17be52bd0d253f37e46,6400,4436800,1104
MSREG_medium_e7689f02129b1af7,MG1655,4145600,4152000,4148800.0,medium,WIN_medium_e7689f02129b1af7,0.27478455905415944,6400,0.27478455905415944,0.22778453910669486,density,0.2718717669227678,0.28330122870354957,0,1,0,4145600,4152000,1,7a0f32dea3c926dc69886589a94ecefa064bcbadeb4c48a604305b2e7900aa1c,6400,4436800,1105
MSREG_medium_173fe1dffbf82fe4,MG1655,1637600,1644000,1640800.0,medium,WIN_medium_173fe1dffbf82fe4,0.27319427154767506,6400,0.19967393113152052,0.27319427154767506,shape,0.23928439971917578,0.30710414337617437,0,5,0,1635200,1644800,5,e5daa095a0498dc462bdd4bad09f6fb4d00383087ab53adb8191e925db4b5e01,6400,4440800,1106
MSREG_medium_e24ece25dc67016c,MG1655,3208000,3214400,3211200.0,medium,WIN_medium_e24ece25dc67016c,0.2728383628016757,6400,0.2728383628016757,0.2386025193713341,density,0.2775488998144583,0.30710414337617437,0,4,0,3205600,3214400,4,3d5d508edd4d00000a146b21eda1071904a9be7f8b9bd7b8e03f7b6e853f221b,6400,4444000,1107
MSREG_medium_341aefc9ba997509,MG1655,1956000,1962400,1959200.0,medium,WIN_medium_341aefc9ba997509,0.27118512512319626,6400,0.24720579146328114,0.27118512512319626,shape,0.3301323773682883,0.2480939204761827,0,1,0,1956000,1962400,1,e974ddd46fb64ec6ac1181d9f85a85b46a240ec5125626ba403d7b571d05879e,6400,4444000,1108
MSREG_medium_d94331e63306ed03,MG1655,3496000,3502400,3499200.0,medium,WIN_medium_d94331e63306ed03,0.27014104871295563,6400,0.20020571817358634,0.27014104871295563,shape,0.25890678975840015,0.2813753076675112,0,2,0,3495200,3502400,2,c60a86c1393dd9fdc8a4b52abfed6e5a4a3e35b1301beb23c1f9bb5594dd0cb9,6400,4444800,1109
MSREG_medium_038920f978f5a722,MG1655,1644800,1651200,1648000.0,medium,WIN_medium_038920f978f5a722,0.26719785759683123,6400,0.26719785759683123,0.0870947631081069,density,0.2681278257888931,0.2662678894047693,0,4,0,1644800,1653600,4,3b3914a3061cbb1e7ed845381a7b9010da4d15edbe6dbd95f3c521f8908a70b9,6400,4448000,1110
MSREG_medium_ceee02a54ca5e00b,MG1655,2283200,2289600,2286400.0,medium,WIN_medium_ceee02a54ca5e00b,0.265507802027251,6400,0.265507802027251,0.06377491500622448,density,0.2775488998144583,0.25346670424004375,0,4,0,2283200,2292000,4,7801cc4da0f2871400628c8712780a1a0320e21123931d0a733288d87f881e8c,6400,4451200,1111
MSREG_medium_a975a9a39ef8fc59,MG1655,2152000,2158400,2155200.0,medium,WIN_medium_a975a9a39ef8fc59,0.262762868845812,6400,0.262762868845812,0.11444221722393384,density,0.2498774732165999,0.2756482644750241,0,5,0,2149600,2159200,5,48dfb0eaef067162c4f4595fbc3d4c0d4faf206ecfe6829956a8d68d21aa4bec,6400,4454400,1112
MSREG_medium_27243dc980be7132,MG1655,1545600,1552000,1548800.0,medium,WIN_medium_27243dc980be7132,0.2625327594025989,6400,0.01691303314549438,0.2625327594025989,shape,0.1276278751190812,0.39743764368611667,0,7,0,1543200,1554400,7,6d70e68504c28fa1abd87f338440bb7cf475f432d02488121360c4d8b6db674a,6400,4460000,1113
MSREG_medium_ea7cca54faf2e613,MG1655,4301600,4308000,4304800.0,medium,WIN_medium_ea7cca54faf2e613,0.2621355173566849,6400,0.24103559663721105,0.2621355173566849,shape,0.24278679355524632,0.29702725321030726,0,2,0,4300800,4308000,2,4b1e7f2bbcb4045a0bf7974dd7a8c0348f16cd90f2a7c3e22fb53e146044ac76,6400,4460800,1114
MSREG_medium_64f6a311098cb933,MG1655,342400,348800,345600.0,medium,WIN_medium_64f6a311098cb933,0.2620032646666612,6400,0.2620032646666612,0.10915216327030247,density,0.2794578896217894,0.24454863971153298,0,5,0,341600,351200,5,07480c0a25c201afa86e831bd7197c55ff6ebaa128a26f46d930b3f601935cec,6400,4464800,1115
MSREG_medium_61c8298af807fa66,MG1655,3102400,3108800,3105600.0,medium,WIN_medium_61c8298af807fa66,0.26185554809383993,6400,0.24201580323678748,0.26185554809383993,shape,0.23236322563909417,0.2930610659927058,0,3,0,3102400,3110400,3,9d2595b58dce07d6ba8d33e7bfe9cc267c15d9be083d450634f7cb4bac2d8f03,6400,4466400,1116
MSREG_medium_5f8b28f1329d27ec,MG1655,3584000,3590400,3587200.0,medium,WIN_medium_5f8b28f1329d27ec,0.2608707516623877,6400,0.16126748273865688,0.2608707516623877,shape,0.2910914731298014,0.23065003019497407,0,1,0,3584000,3590400,1,98ddf5d3139512601bb2a413a2572b3d7c0d7b0d1b5324cadbbaeea31e36ad5f,6400,4466400,1117
MSREG_medium_4ceb7a1bcaad3939,MG1655,4308000,4314400,4311200.0,medium,WIN_medium_4ceb7a1bcaad3939,0.25747775699074166,6400,0.24815228554600094,0.25747775699074166,shape,0.2910914731298014,0.24103206598869584,0,1,0,4308000,4314400,1,cef2cec65b417cb8ecdf032cde6e6c946729a2234a76501236e0f55a0841c5de,6400,4466400,1118
MSREG_medium_c8321cec3fdd87cf,MG1655,315200,321600,318400.0,medium,WIN_medium_c8321cec3fdd87cf,0.25739398839300753,6400,0.25739398839300753,0.01639167097198698,density,0.2737559107973192,0.24103206598869584,0,4,0,312800,321600,4,920c40af0def0e4c2df11ebcf4ce14e51f8f31f038752fda80dba79883323b8f,6400,4469600,1119
MSREG_medium_b994e01e56fb9c12,MG1655,2498400,2504800,2501600.0,medium,WIN_medium_b994e01e56fb9c12,0.2555780833209718,6400,0.24284374927523694,0.2555780833209718,shape,0.23928439971917578,0.2718717669227678,0,1,0,2498400,2504800,1,e2d0de1f1f9b3f099aad06e53714094de70fdda8cb6dc57f8ea56843d0065521,6400,4469600,1120
MSREG_medium_eac0276960ce8e0b,MG1655,3204800,3211200,3208000.0,medium,WIN_medium_eac0276960ce8e0b,0.2543696046716749,6400,0.2543696046716749,0.1686186558846243,density,0.25346670424004375,0.25527250510330607,0,3,0,3203200,3211200,3,75ae32a60a9f91571e9b8dbfd2b07ead6e91c0300cfcc895ef62ccb0524c51fd,6400,4471200,1121
MSREG_medium_9f5926a8060579a1,MG1655,3741600,3748000,3744800.0,medium,WIN_medium_9f5926a8060579a1,0.25370611275403443,6400,0.23409688416892427,0.25370611275403443,shape,0.23928439971917578,0.2681278257888931,0,2,0,3741600,3748800,2,5113118331821a0ae8449009f93f45e64275e3a1ac14365a6cf5bbfa5799a58e,6400,4472000,1122
MSREG_medium_4f2ed3177bc2b597,MG1655,2801600,2808000,2804800.0,medium,WIN_medium_4f2ed3177bc2b597,0.25256754253726227,6400,0.25256754253726227,0.12561413047755948,density,0.25346670424004375,0.2516683808344808,0,1,0,2801600,2808000,1,10bea0ef9fce28807f1a0f48d657fc4dae1b27bae0f03817b4ed3bd1f478b523,6400,4472000,1123
MSREG_medium_d9737846f96be31f,MG1655,2419200,2425600,2422400.0,medium,WIN_medium_d9737846f96be31f,0.25256754253726227,6400,0.25256754253726227,0.18837003575878442,density,0.25346670424004375,0.2516683808344808,0,2,0,2419200,2426400,2,c61a83ed40d8264270b9fbdcc93f283d4df9ebbf5d90307885debe9e1c382a92,6400,4472800,1124
MSREG_medium_f50056adb45272d9,MG1655,2468800,2475200,2472000.0,medium,WIN_medium_f50056adb45272d9,0.2518019049167507,6400,0.2518019049167507,0.15918922339706737,density,0.2625717438448055,0.24103206598869584,0,4,0,2466400,2475200,4,1c401abdc2ac951d86b93696e7a8b192d84164502d15df4ce2bfaf49fa709ebf,6400,4475200,1125
MSREG_medium_a26df09bb1ae5208,MG1655,1782400,1788800,1785600.0,medium,WIN_medium_a26df09bb1ae5208,0.2502455257139936,6400,0.2033528347224305,0.2502455257139936,shape,0.23236322563909417,0.2681278257888931,0,2,0,1781600,1788800,2,4b3ef20e0de62b0622ada47d7d3726a6b78213a8ece8ebcf75ecf82ac9a5d336,6400,4476000,1126
MSREG_medium_5a3b2fbbe14c43a5,MG1655,2664800,2671200,2668000.0,medium,WIN_medium_5a3b2fbbe14c43a5,0.2491395694738413,6400,0.2491395694738413,0.11565773502395023,density,0.23754373814287447,0.26073540080480817,0,1,0,2664800,2671200,1,f96a9d1836fc6c3ab77e4c4e41ccd10ae9f213f74b04faf448f7f95b41853534,6400,4476000,1127
MSREG_medium_f062edecbc3c3052,MG1655,4293600,4300000,4296800.0,medium,WIN_medium_f062edecbc3c3052,0.24900767197578838,6400,0.24900767197578838,0.0971671653663489,density,0.25346670424004375,0.24454863971153298,0,5,0,4291200,4300800,5,d3867bff43b6186a512b5a4809eb0e8ae64533e3ab7ae5f9d9b733aadf45cf91,6400,4480000,1128
MSREG_medium_e2ac8bdec16a9b8a,MG1655,2117600,2124000,2120800.0,medium,WIN_medium_e2ac8bdec16a9b8a,0.24619108288343097,6400,0.01586905401466197,0.24619108288343097,shape,0.11696980693702465,0.3754123588298373,0,4,0,2117600,2126400,4,a04c89cd8b96318c3e7383a48122e832208d98f1577f3a63b6a49937998d30bc,6400,4482400,1129
MSREG_medium_efcdff25cb8413c3,MG1655,1425600,1432000,1428800.0,medium,WIN_medium_efcdff25cb8413c3,0.24545476960264784,6400,0.033970024467977034,0.24545476960264784,shape,0.1898795435413145,0.3010299956639812,0,7,0,1423200,1434400,7,0b9b0d35b1126fab017d007e0bf10e13be209c6ea4544c886f27d05947207b05,6400,4488800,1130
MSREG_medium_2ee345c2a5a80b4e,MG1655,1744000,1750400,1747200.0,medium,WIN_medium_2ee345c2a5a80b4e,0.24284374927523694,6400,0.24284374927523694,0.13124753716355106,density,0.2498774732165999,0.23581002533387396,0,2,0,1744000,1751200,2,6b8400325a480a75e045376f6c08b53908b0442c45da2bbeafe80361f7e52e10,6400,4489600,1131
MSREG_medium_5d6df5fad15fb287,MG1655,2688000,2694400,2691200.0,medium,WIN_medium_5d6df5fad15fb287,0.24191651971535438,6400,0.24191651971535438,0.16596386355060322,density,0.23928439971917578,0.24454863971153298,0,1,0,2688000,2694400,1,c1c268cc6212e0b3671fb166f5fa1029384b6f4bb7f0e546b7a81b02109e21da,6400,4489600,1132
MSREG_medium_cb7c3eb5d74cad98,MG1655,471200,477600,474400.0,medium,WIN_medium_cb7c3eb5d74cad98,0.2417889361388571,6400,0.22219693148012434,0.2417889361388571,shape,0.21884323947663115,0.2794578896217894,0,1,0,471200,477600,1,351865e408c6f801525b08eaf6d1434f90eefa7a436283f8e1fdfaf52af43fd2,6400,4489600,1133
MSREG_medium_264f3b1ab3d7285d,MG1655,2951200,2957600,2954400.0,medium,WIN_medium_264f3b1ab3d7285d,0.24069339073269935,6400,0.16950068945082578,0.24069339073269935,shape,0.2852357284807493,0.19615105298464944,0,1,0,2951200,2957600,1,f7f0b94dd9a97d862fe73d87f333126da6d10de98c38e9b6d69e341fad5eb7f2,6400,4489600,1134
MSREG_medium_dcbc73232a80740b,MG1655,308800,315200,312000.0,medium,WIN_medium_dcbc73232a80740b,0.24035524287155313,6400,0.24035524287155313,0.09396906277395069,density,0.25346670424004375,0.22724378150306254,0,5,0,308000,317600,5,c51f626e8a873ffd2fc364d30d6ddc5d6c73f0e0c5e5d60ea3c5b82f12e4486d,6400,4493600,1135
MSREG_medium_0a82da92f59ccc30,MG1655,1347200,1353600,1350400.0,medium,WIN_medium_0a82da92f59ccc30,0.23845593267531356,6400,0.23845593267531356,0.22811363324538805,density,0.23236322563909417,0.24454863971153298,0,3,0,1345600,1353600,3,192abcb4f0dd34a45030f5efd58c81facd2ae3375ce96d8765d364d091b10844,6400,4495200,1136
MSREG_medium_4c7209334b5c6417,MG1655,364000,370400,367200.0,medium,WIN_medium_4c7209334b5c6417,0.23757500959717026,6400,0.23757500959717026,0.12493873660829995,density,0.23236322563909417,0.24278679355524632,0,1,0,364000,370400,1,3d5b9744e03e1ac99a5421410a76127f7e349effe12982cb0e2d709a0e78eb0a,6400,4495200,1137
MSREG_medium_ba23c0314e9c08ec,MG1655,2111200,2117600,2114400.0,medium,WIN_medium_ba23c0314e9c08ec,0.2367184118751102,6400,0.2367184118751102,0.1189488759840854,density,0.24278679355524632,0.23065003019497407,0,1,0,2111200,2117600,1,899ebbfa7531c261b1aa6b0094284d2c88757749260885c081ea7d691919346c,6400,4495200,1138
MSREG_medium_2a2a09510fad4498,MG1655,4552800,4559200,4556000.0,medium,WIN_medium_2a2a09510fad4498,0.2366768817383742,6400,0.2366768817383742,0.18301242747760002,density,0.23754373814287447,0.23581002533387396,0,1,0,4552800,4559200,1,e969dbe7c8c8650afb22ec966fc242ad7c8b587871cccb6ededec3f1ba7fb2db,6400,4495200,1139
MSREG_medium_1a455e7404296e0c,MG1655,1090400,1096800,1093600.0,medium,WIN_medium_1a455e7404296e0c,0.23608938983928746,6400,0.23608938983928746,0.023792893699160114,density,0.2516683808344808,0.22051039884409412,0,1,0,1090400,1096800,1,a6c9dc71cd5d29876480ed51ec6c889acc70de5576c61440e1e9171b183d2823,6400,4495200,1140
MSREG_medium_179b6d3eef7e1743,MG1655,2163200,2169600,2166400.0,medium,WIN_medium_179b6d3eef7e1743,0.23496721495707493,6400,0.19542008570659963,0.23496721495707493,shape,0.23065003019497407,0.23928439971917578,0,4,0,2163200,2172000,4,868fd526e6baa0f7560249d36d3ba62cf524802b4a9c29424f57d51ce737cafe,6400,4498400,1141
MSREG_medium_ac141dfe351bec78,MG1655,579200,585600,582400.0,medium,WIN_medium_ac141dfe351bec78,0.2343603563466155,6400,0.2343603563466155,0.10233942418205708,density,0.2498774732165999,0.21884323947663115,0,6,0,576800,587200,6,aae33226d31fd4d45f74738bee0d9bc9a0413ab06c09d8f1d016e070b8138de3,6400,4503200,1142
MSREG_medium_07d6fe9415d9ec75,MG1655,3158400,3164800,3161600.0,medium,WIN_medium_07d6fe9415d9ec75,0.2316485961996702,6400,0.2316485961996702,0.20746689445559113,density,0.24631766245037962,0.24278679355524632,0,2,0,3157600,3164800,2,525e93f77f143643b79afc2ae9097bd51ef065f54f8b40490dc24d605d0a9a7b,6400,4504000,1143
MSREG_medium_dafefabee19c9582,MG1655,556000,562400,559200.0,medium,WIN_medium_dafefabee19c9582,0.231547180813246,6400,0.231547180813246,0.19695941026558844,density,0.23754373814287447,0.22555062348361754,0,1,0,556000,562400,1,0af56a69193d6399265617c75eb6370dc66e39368ab6b03f2ee216f48ae356e7,6400,4504000,1144
MSREG_medium_092a56e365b5089c,MG1655,4492800,4499200,4496000.0,medium,WIN_medium_092a56e365b5089c,0.2290270684934843,6400,0.2290270684934843,0.03951523776322134,density,0.23754373814287447,0.22051039884409412,0,4,0,4492800,4501600,4,0551288e6f635dc448d5b2942ce8d23bbb3965bcc27a3be8370bece6ae61a842,6400,4507200,1145
MSREG_medium_20e8418818f87fbc,MG1655,1415200,1421600,1418400.0,medium,WIN_medium_20e8418818f87fbc,0.2239456119821242,6400,0.2239456119821242,0.11830590492892444,density,0.23236322563909417,0.21552799832515424,0,1,0,1415200,1421600,1,171cfeaed37cd1608efada20b7b55e839b9776e7b572fc15a667b81fafa76dad,6400,4507200,1146
MSREG_medium_e5e5b7803407a3eb,MG1655,1064800,1071200,1068000.0,medium,WIN_medium_e5e5b7803407a3eb,0.22051039884409412,6400,0.22051039884409412,0.11180736643794498,density,0.22051039884409412,0.22051039884409412,0,2,0,1064800,1072000,2,b17a2cffd92fae634932bb6983a108e7e421726daf45ee598d0076fce476355c,6400,4508000,1147
MSREG_medium_2a51398ec160e45f,MG1655,1028800,1035200,1032000.0,medium,WIN_medium_2a51398ec160e45f,0.21884642716963038,6400,0.21884642716963038,0.12501321688375203,density,0.21718245549516663,0.22051039884409412,0,1,0,1028800,1035200,1,624b077387fcc9793b857afc6288609b6d02042b3cedff1bdd17fb8c3599ffdc,6400,4508000,1148
MSREG_medium_acabd9bd0420c86b,MG1655,860000,866400,863200.0,medium,WIN_medium_acabd9bd0420c86b,0.21639304645875268,6400,0.14624283906070332,0.21639304645875268,shape,0.21060211018384514,0.22218398273366022,0,1,0,860000,866400,1,6106ad89efaa75bb60977eeac5d499320f1f73441a8b789a6365fcb30f39d428,6400,4508000,1149
MSREG_medium_a36ef0f4d6e09b73,MG1655,4497600,4504000,4500800.0,medium,WIN_medium_a36ef0f4d6e09b73,0.21471016418663544,6400,0.21471016418663544,0.019534968237895307,density,0.21718245549516663,0.21223787287810425,0,3,0,4496000,4504000,3,aa09c2e56e2635b88b0ff90e111f5b8d138b88efe6ea13e7527c374eff8f4219,6400,4509600,1150
MSREG_medium_65c237fa0d54cd9b,MG1655,3663200,3669600,3666400.0,medium,WIN_medium_65c237fa0d54cd9b,0.21231519075000946,6400,0.21231519075000946,0.024294613842434323,density,0.22051039884409412,0.2041199826559248,0,6,0,3660800,3671200,6,da5f8c6df1e784f622a00f6526919b4f11523d77aa2a0d257d4d926c03ff5b01,6400,4513600,1151
MSREG_medium_042a86cd543a22c7,MG1655,267200,273600,270400.0,medium,WIN_medium_042a86cd543a22c7,0.21173134915125397,6400,0.013269723848616768,0.21173134915125397,shape,0.16272729749769974,0.26073540080480817,0,5,0,266400,276000,5,3b666942a75b870ce730e73ef613ed54d232ccbd8abcc84af5d76b09df13420a,6400,4517600,1152
MSREG_medium_bed3ad1cf18b53fe,MG1655,519200,525600,522400.0,medium,WIN_medium_bed3ad1cf18b53fe,0.20995858336409218,6400,0.06969366044808918,0.20995858336409218,shape,0.1977331839945241,0.22218398273366022,0,4,0,519200,528000,4,daa875cf07a97bde8e9fbe0e2f637812b048616106f9d283874ad90b86419307,6400,4520800,1153
MSREG_medium_3ee9a565b4196378,MG1655,312000,318400,315200.0,medium,WIN_medium_3ee9a565b4196378,0.20941155496113573,6400,0.20941155496113573,0.021114227860310197,density,0.22894356638095692,0.1898795435413145,0,1,0,312000,318400,1,bb7bc2620a9b5ee00563758b13bada88c89bf48bb1c8fe895cf2dc1c75dcd9b9,6400,4520800,1154
MSREG_medium_e99ecc29d56a198c,MG1655,1461600,1468000,1464800.0,medium,WIN_medium_e99ecc29d56a198c,0.20898466984530417,6400,0.01691303314549438,0.20898466984530417,shape,0.21223787287810425,0.2057314668125041,0,4,0,1461600,1470400,4,d382bcfb55bc3162e29c8953163106f73ebaab8732c8ee5dd6af57e37f0284ba,6400,4524000,1155
MSREG_medium_6e37a70aa27a6c01,MG1655,260000,266400,263200.0,medium,WIN_medium_6e37a70aa27a6c01,0.2081667884981746,6400,0.2081667884981746,0.16428127638685874,density,0.2057314668125041,0.21060211018384514,0,1,0,260000,266400,1,6a8eeb8fc25ce54a7f2cdcea7784a4c1605549612de4a783db52be3dd6107896,6400,4524000,1156
MSREG_medium_bb7bedeec412973d,MG1655,573600,580000,576800.0,medium,WIN_medium_bb7bedeec412973d,0.20745781974484537,6400,0.20745781974484537,0.021114227860310197,density,0.21718245549516663,0.1977331839945241,0,7,0,571200,582400,7,956411e48bcbde1639b9858f97d465244db74d2b98b5cd016d49f2416d3e1a6d,6400,4528800,1157
MSREG_medium_7ec8d62d1dbe99c6,MG1655,2369600,2376000,2372800.0,medium,WIN_medium_7ec8d62d1dbe99c6,0.20745781974484537,6400,0.15345769677202403,0.20745781974484537,shape,0.1977331839945241,0.21718245549516663,0,3,0,2368800,2376800,3,a134e8f9fa53a9c1bd307b789080f6d827558388d84deace62572511fd568137,6400,4530400,1158
MSREG_medium_50b5f61c127a9ff2,MG1655,1084000,1090400,1087200.0,medium,WIN_medium_50b5f61c127a9ff2,0.20597467487046497,6400,0.19146423994724082,0.20597467487046497,shape,0.19615105298464944,0.22051039884409412,0,1,0,1084000,1090400,1,7ffb5dc4f55c15842b1008dea1945e89b3b8fbed1850228ee9b9bd82668593e4,6400,4530400,1159
MSREG_medium_9f5717b58fa4daf4,MG1655,1528000,1534400,1531200.0,medium,WIN_medium_9f5717b58fa4daf4,0.20503637453609236,6400,0.037318263596755746,0.20503637453609236,shape,0.2756482644750241,0.1344244845971606,0,6,0,1525600,1536000,6,9865edabf4bb82689e1575a6dc6f5f21f415e4ca678897b6c5cbdee3c1c6dcad,6400,4535200,1160
MSREG_medium_f46e7db7eca9bd60,MG1655,2184000,2190400,2187200.0,medium,WIN_medium_f46e7db7eca9bd60,0.20494366411552511,6400,0.20494366411552511,0.19859682411227914,density,0.20897248545033686,0.2516683808344808,0,1,0,2184000,2190400,1,bcc3868e2c36e1224c99ba0640e82a5666028a072a27d2eb13dfa8cdbaa8fd2e,6400,4535200,1161
MSREG_medium_57a5fcc8b7d4d7f5,MG1655,2504800,2511200,2508000.0,medium,WIN_medium_57a5fcc8b7d4d7f5,0.20493170436331484,6400,0.18066294877561612,0.20493170436331484,shape,0.2025144559405064,0.20734895278612328,0,1,0,2504800,2511200,1,a1b8a3e2f45a4e7ea1254f512f10691084b903763382c849cd733e45b10bc24c,6400,4535200,1162
MSREG_medium_d48b781a4dba02eb,MG1655,2992800,2999200,2996000.0,medium,WIN_medium_d48b781a4dba02eb,0.2041259401379469,6400,0.2041259401379469,0.018488473484973428,density,0.23065003019497407,0.17760185008091975,0,5,0,2992000,3001600,5,9fc30de2c199c481c6b572631e6581a7e3d880c0c37e44070930224500181a06,6400,4538400,1163
MSREG_medium_fb3baa2c6e538ab2,MG1655,4289600,4296000,4292800.0,medium,WIN_medium_fb3baa2c6e538ab2,0.2025144559405064,6400,0.2025144559405064,0.18842544884019657,density,0.2025144559405064,0.2025144559405064,0,2,0,4289600,4296800,2,8cc3ec440112cc28a7ca4b43cf7e373cb691d4531169a6cb556e1aac756a67a1,6400,4539200,1164
MSREG_medium_b83a821c0d9fd44a,MG1655,357600,364000,360800.0,medium,WIN_medium_b83a821c0d9fd44a,0.2009882316004002,6400,0.2009882316004002,0.11637242763055289,density,0.20897248545033686,0.19300397775046352,0,1,0,357600,364000,1,2fd2eef4145c4c701a31a2c57403704ce0ae5765a7f51030ec41fe33b3f58673,6400,4539200,1165
MSREG_medium_1b29d00ae2bb8d5d,MG1655,1048000,1054400,1051200.0,medium,WIN_medium_1b29d00ae2bb8d5d,0.19671457176749768,6400,0.19671457176749768,0.07858892097491864,density,0.21884323947663115,0.17458590405836422,0,5,0,1046400,1056000,5,c997824c3e1ff59e14e4e72812c47c883de2c54b23d8517684be0c4e676e179c,6400,4542400,1166
MSREG_medium_90e07863d9543443,MG1655,2166400,2172800,2169600.0,medium,WIN_medium_90e07863d9543443,0.19542008570659963,6400,0.19542008570659963,0.02217348479467388,density,0.2025144559405064,0.1883257154726929,0,3,0,2166400,2174400,3,fd1ae784fdc9257aeecf002a567c4572f1892901a7443946ef7ffadb73883791,6400,4544000,1167
MSREG_medium_9d81a51a2b70f0e0,MG1655,345600,352000,348800.0,medium,WIN_medium_9d81a51a2b70f0e0,0.1900637369245416,6400,0.03833760603892583,0.1900637369245416,shape,0.15118390746812627,0.22894356638095692,0,3,0,345600,353600,3,beb6bedae229f174314ffd13ae535f3310085f3e507b1642369eacf86b8f253e,6400,4545600,1168
MSREG_medium_b87fb92fba51c3ec,MG1655,2301600,2308000,2304800.0,medium,WIN_medium_b87fb92fba51c3ec,0.1879936013509278,6400,0.02591031280632278,0.1879936013509278,shape,0.15547680385776147,0.22051039884409412,0,2,0,2300800,2308000,2,82d21a7dc30bcd0b10a41e9b00e9e52c8f48c1ea036aae0d171e57b163f64232,6400,4546400,1169
MSREG_medium_451972165840bae5,MG1655,4324000,4330400,4327200.0,medium,WIN_medium_451972165840bae5,0.1868214322784327,6400,0.1868214322784327,0.12766138678872624,density,0.19300397775046352,0.1806388868064019,0,3,0,4322400,4330400,3,df1f06f9b28a2f7b03beba45fa1274c1927a396393bf2654be32a8f51636589a,6400,4548000,1170
MSREG_medium_e40f7dda9bb4c6b8,MG1655,2062400,2068800,2065600.0,medium,WIN_medium_e40f7dda9bb4c6b8,0.17914160767449305,6400,0.17914160767449305,0.04834333396829285,density,0.1836973112906219,0.17458590405836422,0,4,0,2062400,2071200,4,a26f6b9da95dac8af9529eaa3cb598c6632af8caa64b6bf5a99205d9eb2fab9c,6400,4551200,1171
MSREG_medium_18e7ee18d9e4bf9a,MG1655,1541600,1548000,1544800.0,medium,WIN_medium_18e7ee18d9e4bf9a,0.17454171005374408,6400,0.1646112893403497,0.17454171005374408,shape,0.1836973112906219,0.19932109977415607,0,3,0,1540800,1548800,3,470c9b5ee1dba1d3e3e4f690dd001cac3e7629f8b20c25913c9230e5d7d4980e,6400,4552800,1172
MSREG_medium_79115dcee8681261,MG1655,686400,692800,689600.0,medium,WIN_medium_79115dcee8681261,0.16719923127442332,6400,0.16719923127442332,0.032373137063558904,density,0.15981255849048243,0.17458590405836422,0,4,0,684000,692800,4,75bf3d0946636407664f3654b0a6dd9cb9efa087a4f9061c1efe9b12aa2cc9a4,6400,4556000,1173
MSREG_medium_cef26d0bef3548d8,MG1655,288800,295200,292000.0,medium,WIN_medium_cef26d0bef3548d8,0.16308207709823969,6400,0.16308207709823969,0.050617147843653156,density,0.1806388868064019,0.14552526739007746,0,4,0,286400,295200,4,db11f4b7628f3660aef259d397abbfdd15b57a6cdc5a067fedcc8ff2143ba174,6400,4558400,1174
MSREG_medium_7ee1cc74d2185d77,MG1655,12000,18400,15200.0,medium,WIN_medium_7ee1cc74d2185d77,0.15691964797650557,6400,0.15691964797650557,0.023230164451373436,density,0.15836249209524966,0.15547680385776147,0,2,0,11200,18400,2,8f4d97bf5ee17250af8d0b766af45c4e9b9c70e0569624e1cfb570a786b89522,6400,4559200,1175
MSREG_medium_efb9b55257541fc9,MG1655,1421600,1428000,1424800.0,medium,WIN_medium_efb9b55257541fc9,0.15553633441771267,6400,0.12308088230025412,0.15553633441771267,shape,0.16272729749769974,0.1483453713377256,0,2,0,1421600,1428800,2,7873313bc833b7547e3f49fa3343705db7ab07a26267e28318ab3f92ace0eea3,6400,4560000,1176
MSREG_medium_354d459642cfe4b6,MG1655,683200,689600,686400.0,medium,WIN_medium_354d459642cfe4b6,0.14766676049711647,6400,0.14766676049711647,0.03560615818817475,density,0.14272335778807457,0.15261016320615833,0,1,0,683200,689600,1,bab4b4da905a9c0aa3cecac5abc307b7036634e162b412b2780d21472f86a5f5,6400,4560000,1177
MSREG_medium_fe563a9be1b8f06e,MG1655,4507200,4513600,4510400.0,medium,WIN_medium_fe563a9be1b8f06e,0.14483726206709746,6400,0.14483726206709746,0.022170907517009755,density,0.1483453713377256,0.14132915279646932,0,1,0,4507200,4513600,1,217687a284041b3c47d2e30fe007a9b1cb00a9673c8d8d7c30aa5e17f6fab151,6400,4560000,1178
MSREG_medium_dc3b4d6170bcb2db,MG1655,3647200,3653600,3650400.0,medium,WIN_medium_dc3b4d6170bcb2db,0.14087901417078533,6400,0.14087901417078533,0.024292011266301212,density,0.15547680385776147,0.12628122448380918,0,1,0,3647200,3653600,1,e70d2865b5b792089e8d53e0e0b9fbda76249d6447d2b354b9235b7b0064ff6b,6400,4560000,1179
MSREG_medium_ec2e86f03c77c85b,MG1655,3464800,3471200,3468000.0,medium,WIN_medium_ec2e86f03c77c85b,0.1303528545404849,6400,0.1303528545404849,0.0643766412715514,density,0.1344244845971606,0.12628122448380918,0,1,0,3464800,3471200,1,0a88266a10c7f5493fbb2e08ec38bb0fa3b3c774479f8ceef8c1f109a06ace02,6400,4560000,1180
MSREG_medium_330786d42b9a32cd,MG1655,1432800,1439200,1436000.0,medium,WIN_medium_330786d42b9a32cd,0.12908200092246508,6400,0.030758411888414584,0.12908200092246508,shape,0.13855409874169716,0.119609903103233,0,5,0,1430400,1440000,5,f295b3e4b7b6c547ebd7a69530f74ff0b51fac8c4006fe7da7c50cfb9a75efe7,6400,4564000,1181
MSREG_medium_e3a6413f201b8378,MG1655,3622400,3628800,3625600.0,medium,WIN_medium_e3a6413f201b8378,0.10895989887341054,6400,0.10895989887341054,0.04231217352050958,density,0.12897871441004,0.0889410833367811,0,4,0,3620000,3628800,4,7861ac6c3682bb0069a3bb0cb7475ab019a92b9e517144a4397ce22e23955aff,6400,4567200,1182
MSREG_medium_bf70ba0c2483f51a,MG1655,522400,528800,525600.0,medium,WIN_medium_bf70ba0c2483f51a,0.10498759408703129,6400,0.023772122009747744,0.10498759408703129,shape,0.12226614674697307,0.08770904142708952,0,4,0,522400,531200,4,3fa35cebaeb935c70e28d28f73a079e4e8c85dedc9856b804d00d111e0a7dae6,6400,4569600,1183
MSREG_medium_ae2a08f643bf9bbc,MG1655,3128800,3135200,3132000.0,medium,WIN_medium_ae2a08f643bf9bbc,0.10273683769198577,6400,0.014308707844885669,0.10273683769198577,shape,0.10528404861182994,0.10018962677214159,0,4,0,3126400,3135200,4,9f0e29b142c0e4af7c641511e052eada326e423eaed614bbb29f0e3f95252984,6400,4572800,1184
MSREG_medium_2b47b5bece4c57b0,MG1655,1648800,1655200,1652000.0,medium,WIN_medium_2b47b5bece4c57b0,0.09769384383907329,6400,0.033445471296853456,0.09769384383907329,shape,0.10272936782241437,0.09265831985573221,0,2,0,1648000,1655200,2,988454593ecfa1a733488b98ef0854c3700c03cb54b08673d011f3af634d5284,6400,4573600,1185
MSREG_medium_ec3593282bd3ba3c,MG1655,2728800,2735200,2732000.0,medium,WIN_medium_ec3593282bd3ba3c,0.09641490355585658,6400,0.09641490355585658,0.010686473416240995,density,0.09390450286833116,0.09892530424338199,0,4,0,2726400,2735200,4,0835fd7036caef74f05d025d435a70dc7adda50b36fd74c6709200b34602e17b,6400,4576800,1186
MSREG_medium_8b349c026723bc5c,MG1655,380800,387200,384000.0,medium,WIN_medium_8b349c026723bc5c,0.09204056660870959,6400,0.017959527898416257,0.09204056660870959,shape,0.09390450286833116,0.09017663034908802,0,5,0,378400,388000,5,199df44e5a4d5f3955f37e7aa0d8a672ab14240082d7ca3ef4b3be5ade1ab273,6400,4580800,1187
MSREG_medium_da1c99adcab2a689,MG1655,2067200,2073600,2070400.0,medium,WIN_medium_da1c99adcab2a689,0.09147952654270945,6400,0.09147952654270945,0.05919740502307779,density,0.08403374884203692,0.09892530424338199,0,3,0,2065600,2073600,3,314d573870dab73d59489388a228a0b516fe197f5ea8ebaa83331de1ded2cee2,6400,4582400,1188
MSREG_medium_222bc05128a614a6,MG1655,564000,570400,567200.0,medium,WIN_medium_222bc05128a614a6,0.09029827998610396,6400,0.09029827998610396,0.0632402324941171,density,0.11565575303919334,0.06963592814139442,0,4,0,562400,571200,4,bfb922793abebfe2898b13d488380c6a1b80cdf81c48553aa165df62b3ab28ca,6400,4584800,1189
MSREG_medium_8b69b0f825c85285,MG1655,227200,233600,230400.0,medium,WIN_medium_8b69b0f825c85285,0.08859785606554715,6400,0.05229829617062954,0.08859785606554715,shape,0.10400482977265695,0.07319088235843738,0,4,0,224800,233600,4,ef234b76ab4ee8e7db10d5947da8a9b1ab3a48e9e6c8d732992a54c524a41f59,6400,4588000,1190
MSREG_medium_7ce95d7a0b7c327c,MG1655,377600,384000,380800.0,medium,WIN_medium_7ce95d7a0b7c327c,0.08771078406295268,6400,0.01586905401466197,0.08771078406295268,shape,0.08648048478912429,0.0889410833367811,0,1,0,377600,384000,1,55898f6fc8322648b45cf91c8f4d5d84ccf55f4b19fede620d27f6c1de726741,6400,4588000,1191
MSREG_medium_99f179274a967809,MG1655,3944000,3950400,3947200.0,medium,WIN_medium_99f179274a967809,0.08569694290584809,6400,0.08569694290584809,0.009143379439869771,density,0.10528404861182994,0.06610983719986623,0,4,0,3941600,3950400,4,ee5c81df38ac69a300cbfd109a451eaa05423b7b55d504035065a0276ad01a62,6400,4591200,1192
MSREG_medium_9ff6a59272179e7a,MG1655,2287200,2293600,2290400.0,medium,WIN_medium_9ff6a59272179e7a,0.084040602480081,6400,0.01691303314549438,0.084040602480081,shape,0.08648048478912429,0.08160072017103771,0,3,0,2286400,2294400,3,0913ef1c8044af36a051cab2f56612cc791ce7dcd92d1bf9c9a9842a7f0f2cdd,6400,4592800,1193
MSREG_medium_a81e01cb36435118,MG1655,3361600,3368000,3364800.0,medium,WIN_medium_a81e01cb36435118,0.08306954498808442,6400,0.08306954498808442,0.03897574123490166,density,0.11043893977806689,0.05570015019810193,0,4,0,3361600,3370400,4,1d6c1b0022bdc3ceae45e93669f40073bfc018ecaffdbe666ac4eece40b9e544,6400,4595200,1194
MSREG_medium_b33dc457699de282,MG1655,1634400,1640800,1637600.0,medium,WIN_medium_b33dc457699de282,0.07739580126473755,6400,0.029235465341675534,0.07739580126473755,shape,0.07319088235843738,0.08160072017103771,0,4,0,1632000,1640800,4,7a3df5a7aa9247dc7b57b8b1e90f53a9f52476f9400eb7e0d514907aa4880fab,6400,4598400,1195
MSREG_medium_f8c0b4d4ad03dac4,MG1655,388000,394400,391200.0,medium,WIN_medium_f8c0b4d4ad03dac4,0.07498960316487781,6400,0.019534968237895307,0.07498960316487781,shape,0.07797654490925418,0.07200266142050143,0,3,0,388000,396000,3,b3dd0b4bf784ffd75632d44e1d8768e4800dcbda4bb63d217112e4705029cd4e,6400,4600000,1196
MSREG_medium_74f71a428176098f,MG1655,1628000,1634400,1631200.0,medium,WIN_medium_74f71a428176098f,0.0725967718894694,6400,0.01901109044229844,0.0725967718894694,shape,0.07200266142050143,0.07319088235843738,0,4,0,1628000,1636800,4,5f1d3cc92ecaedfa82034d00be21dd06c24786c17dc5538e437ee6ea6c839b00,6400,4603200,1197
MSREG_medium_af4acda971b29af7,MG1655,3125600,3132000,3128800.0,medium,WIN_medium_af4acda971b29af7,0.07208210662140872,6400,0.017959527898416257,0.07208210662140872,shape,0.08038929823659297,0.06377491500622448,0,1,0,3125600,3132000,1,ea666f5bf92acd44517e777a81488f4d57619c617b349e05663e5227b52eeae2,6400,4603200,1198
MSREG_medium_c51359b14d7080b7,MG1655,3425600,3432000,3428800.0,medium,WIN_medium_c51359b14d7080b7,0.06494080693301456,6400,0.06494080693301456,0.007094816764600562,density,0.06494080693301456,0.06494080693301456,0,4,0,3423200,3432000,4,335fd1f06592378084f571748b87ad27744254cc85c8332bd94f8668f1deee08,6400,4606400,1199
MSREG_medium_6541108316ff4f6a,MG1655,1524800,1531200,1528000.0,medium,WIN_medium_6541108316ff4f6a,0.0643766412715514,6400,0.06163940265450663,0.0643766412715514,shape,0.07438236316585611,0.06845738065585175,0,1,0,1524800,1531200,1,825ccec563ef82048c03cd4d765af2bc20a592140c18c913c51fab826daccdf2,6400,4606400,1200
MSREG_medium_3acfe67fff70b130,MG1655,4211200,4217600,4214400.0,medium,WIN_medium_3acfe67fff70b130,0.055724212167316184,6400,0.055724212167316184,0.009657337646554,density,0.060295901887251056,0.05115252244738131,0,4,0,4208800,4217600,4,b74015cdc716d07825a18fbc96f7a7ca73791af0e7409b737461b11ee19be87f,6400,4609600,1201
MSREG_medium_a8c8156f19f25e60,MG1655,4032000,4038400,4035200.0,medium,WIN_medium_a8c8156f19f25e60,0.0477785813978079,6400,0.0477785813978079,0.007094816764600562,density,0.04553414548920438,0.050023017306411406,0,4,0,4032000,4040800,4,674e0c665b6a07f9e17d77d784f2200ee62a9caa2ad0d3c43631abc2d84b0cf0,6400,4612800,1202
MSREG_medium_c42524a3f36b4ddc,MG1655,4163200,4169600,4166400.0,medium,WIN_medium_c42524a3f36b4ddc,0.033994516446379484,6400,0.033994516446379484,0.00863063483102461,density,0.03888665118845186,0.029102381704307106,0,4,0,4163200,4172000,4,fae19188fe2299f50d7d02aeff3124156f40b480472702efa10fbf9da02979f2,6400,4616000,1203
MSREG_medium_cc754413b8d501e9,MG1655,4038400,4044800,4041600.0,medium,WIN_medium_cc754413b8d501e9,0.02704204021761869,6400,0.02704204021761869,0.009657337646554,density,0.035600674741224254,0.018483405694013126,0,4,0,4036000,4044800,4,3ce510c6b7c2d32cc820e1b0b9507930149188e0a774de63f90bbc370d00c3e4,6400,4619200,1204
MSREG_medium_d278912a42b25f2b,MG1655,3938400,3944800,3941600.0,medium,WIN_medium_d278912a42b25f2b,0.025890648481375074,6400,0.025890648481375074,0.007606353493390006,density,0.026957713237718,0.024823583725032152,0,4,0,3938400,3947200,4,2e4d4e4548d15efb816c56563c15fad8f8115d55cd7763a403a56362f3064a42,6400,4621600,1205
MSREG_medium_e1b46a3fbff71265,MG1655,3762400,3768800,3765600.0,medium,WIN_medium_e1b46a3fbff71265,0.01587155757134815,6400,0.01587155757134815,0.007094816764600562,density,0.01743565010281939,0.01430746503987691,0,3,0,3760800,3768800,3,1ca0f7b1a14c888eae8eadbf9b3e6d47fbdf1ca590edc17a469e6d16e66430d9,6400,4623200,1206
MSREG_medium_4f509927b23548c9,MG1655,271200,277600,274400.0,medium,WIN_medium_4f509927b23548c9,0.011202876135124933,6400,0.011202876135124933,0.009657337646554,density,0.010171295853238229,0.012234456417011635,0,2,0,270400,277600,2,aeec189e044b6746d415b3f007dd79fd41a8ea938bb5bf89d6164ae71bba4469,6400,4624000,1207
MSREG_medium_443f8cd89fcd391e,MG1655,1631200,1637600,1634400.0,medium,WIN_medium_443f8cd89fcd391e,0.009143379439869771,6400,0.005565009751040689,0.009143379439869771,shape,0.009143379439869771,0.009143379439869771,0,1,0,1631200,1637600,1,7bb605a8a902b5e6609266909cbb3bcf8be1bfd9c2fc589246b80aafce1f88ab,6400,4624000,1208
MSREG_medium_167d107217b99a03,MG1655,1429600,1436000,1432800.0,medium,WIN_medium_167d107217b99a03,0.009143379439869771,6400,0.007094816764600562,0.009143379439869771,shape,0.009143379439869771,0.009143379439869771,0,2,0,1428800,1436000,2,9571759269f4763c22d6eb6764aca755f3679368170b9a48a08e6e5c77a7fb47,6400,4624800,1209
MSREG_medium_284f2013d4508caf,MG1655,1465600,1472000,1468800.0,medium,WIN_medium_284f2013d4508caf,0.009143379439869771,6400,0.005565009751040689,0.009143379439869771,shape,0.009143379439869771,0.009143379439869771,0,4,0,1464800,1473600,4,bf4f42f471aebad68c28b4c2a711791d65155dd5d3abfbe1a76839a680afb075,6400,4627200,1210
MSREG_medium_236fbeac590f76a1,MG1655,729600,736000,732800.0,medium,WIN_medium_236fbeac590f76a1,0.00811789022217945,6400,0.007094816764600562,0.00811789022217945,shape,0.00811789022217945,0.00811789022217945,0,2,0,728800,736000,2,2b9d4f4d31f1846a7a5189b036a0a941560c12db962fdf8b57b708b0d9509a25,6400,4628000,1211
MSREG_medium_276067819950c61f,MG1655,3617600,3624000,3620800.0,medium,WIN_medium_276067819950c61f,0.007606353493390006,6400,0.005055871789888226,0.007606353493390006,shape,0.00811789022217945,0.007094816764600562,0,5,0,3616000,3625600,5,d2c15f98f597976d0837c459a8e308e058ddf12ed85af3dbf81c05130a93f642,6400,4631200,1212
MSREG_medium_317a3e541e0ba943,MG1655,4204800,4211200,4208000.0,medium,WIN_medium_317a3e541e0ba943,0.007094816764600562,6400,0.007094816764600562,0.006074147712193153,density,0.007094816764600562,0.007094816764600562,0,4,0,4204800,4213600,4,08ece8501892a636651e524a7ea23c21146b5087b64a7142524eef14267f78a8,6400,4634400,1213
MSREG_medium_edfc38018a8cfff0,MG1655,2725600,2732000,2728800.0,medium,WIN_medium_edfc38018a8cfff0,0.007094816764600562,6400,0.00403997780174008,0.007094816764600562,shape,0.007094816764600562,0.007094816764600562,0,1,0,2725600,2732000,1,58fe46c51e0b98351a0a989733e9dd00a97635f3c813b4e79901c01e7c83656a,6400,4634400,1214
MSREG_medium_5b7eef0ec7ebab1b,MG1655,3420000,3426400,3423200.0,medium,WIN_medium_5b7eef0ec7ebab1b,0.006074147712193153,6400,0.006074147712193153,0.006074147712193153,density,0.006074147712193153,0.006074147712193153,0,4,0,3420000,3428800,4,742740a8e46f7f991e384d6f0be20bbbfd422aab28b67b43ac7aea724bb5d6e7,6400,4636800,1215
MSREG_medium_42c0a39af14f9433,MG1655,223200,229600,226400.0,medium,WIN_medium_42c0a39af14f9433,0.006074147712193153,6400,0.002015291235325575,0.006074147712193153,shape,0.006074147712193153,0.006074147712193153,0,3,0,222400,230400,3,d63330d31343a4047ce43edeb397da3556e337819518e184137ecf81f9ad7378,6400,4638400,1216
MSREG_medium_267a5b1daa0c6adf,MG1655,4167200,4173600,4170400.0,medium,WIN_medium_267a5b1daa0c6adf,0.005055871789888226,6400,0.00403997780174008,0.005055871789888226,shape,0.005055871789888226,0.005055871789888226,0,2,0,4166400,4173600,2,0fbc03ec1cb07853e9fe33a3963d74556b80291da55044d509d4da09d84cdd05,6400,4639200,1217
MSREG_medium_64dd5c6d9f5ace1d,MG1655,4035200,4041600,4038400.0,medium,WIN_medium_64dd5c6d9f5ace1d,0.0030264546301878347,6400,0.0015108839447530238,0.0030264546301878347,shape,0.0030264546301878347,0.0030264546301878347,0,1,0,4035200,4041600,1,775b00fa1a3ce05e427274e823090e2201803c207e3a8a338e18701cec30b2c5,6400,4639200,1218
MSREG_medium_c6c59ecae8b885e2,MG1655,4208000,4214400,4211200.0,medium,WIN_medium_c6c59ecae8b885e2,0.0015108839447530238,6400,0.0015108839447530238,0.0015108839447530238,density,0.002015291235325575,0.0010064766541804722,0,1,0,4208000,4214400,1,cadc3808b7f57b9e1b7eee4dc0315ed3fc320729a184b2272c56f22952663273,6400,4639200,1219
